# base.dae material 黑色金属_007-effect; written by tools/champ_mesh_assets.py
# rgba 0.01341 0.01341 0.01341 1
v 0.281279 0.037309 -0.042683
v 0.287021 0.037777 -0.041144
v 0.281484 0.036815 -0.043146
v 0.275679 0.035917 -0.044184
v 0.275957 0.035442 -0.044627
v 0.270357 0.033635 -0.045610
v 0.270706 0.033190 -0.046034
v 0.265446 0.030519 -0.046925
v 0.265860 0.030115 -0.047332
v 0.261067 0.026647 -0.048099
v 0.261538 0.026293 -0.048490
v 0.257326 0.022112 -0.049101
v 0.257846 0.021818 -0.049480
v 0.254317 0.017028 -0.049908
v 0.254876 0.016801 -0.050275
v 0.252113 0.011519 -0.050498
v 0.252701 0.011364 -0.050858
v 0.250768 0.005721 -0.050859
v 0.251375 0.005642 -0.051214
v 0.250316 -0.000223 -0.050980
v 0.250929 -0.000223 -0.051333
v 0.250316 -0.000223 -0.050980
v 0.250438 -0.003313 -0.050947
v 0.248578 -0.000223 -0.051445
v 0.250929 -0.000223 -0.051333
v 0.252352 -0.000223 -0.056646
v 0.251049 -0.003273 -0.051301
v 0.251423 -0.006395 -0.051201
v 0.252472 -0.003273 -0.056614
v 0.252846 -0.006395 -0.056513
v 0.253452 -0.009395 -0.056351
v 0.254315 -0.012399 -0.056120
v 0.252029 -0.009395 -0.051038
v 0.251431 -0.009517 -0.050681
v 0.252891 -0.012399 -0.050807
v 0.252305 -0.012561 -0.050447
v 0.253970 -0.015264 -0.050518
v 0.255294 -0.018071 -0.050163
v 0.253398 -0.015465 -0.050154
v 0.255394 -0.015265 -0.055831
v 0.255414 -0.015311 -0.055825
v 0.257003 -0.015311 -0.055400
v 0.250714 -0.015311 -0.057085
v 0.256718 -0.018071 -0.055476
v 0.257396 -0.019311 -0.055294
v 0.259092 -0.019311 -0.054840
v 0.252438 -0.019311 -0.056623
v 0.258243 -0.020723 -0.055067
v 0.259990 -0.023256 -0.054599
v 0.256820 -0.020722 -0.049755
v 0.258567 -0.023256 -0.049287
v 0.256286 -0.020996 -0.049380
v 0.258056 -0.023563 -0.048906
v 0.254740 -0.018309 -0.049794
v 0.260015 -0.025958 -0.048381
v 0.262162 -0.028180 -0.047806
v 0.260500 -0.025619 -0.048769
v 0.261923 -0.025619 -0.054081
v 0.262618 -0.027813 -0.048201
v 0.264042 -0.027813 -0.053513
v 0.264909 -0.029821 -0.047587
v 0.266333 -0.029821 -0.052900
v 0.267339 -0.031617 -0.046936
v 0.264483 -0.030215 -0.047184
v 0.266946 -0.032035 -0.046524
v 0.269568 -0.033652 -0.045821
v 0.269927 -0.033212 -0.046243
v 0.272277 -0.035022 -0.045095
v 0.272600 -0.034564 -0.045526
v 0.275131 -0.036174 -0.044331
v 0.278011 -0.037060 -0.043559
v 0.275417 -0.035701 -0.044772
v 0.275417 -0.035701 -0.044771
v 0.272601 -0.034565 -0.045526
v 0.274024 -0.034565 -0.050839
v 0.273120 -0.034138 -0.051081
v 0.276841 -0.035701 -0.050084
v 0.279683 -0.036576 -0.049322
v 0.282652 -0.037218 -0.048527
v 0.278259 -0.036576 -0.044010
v 0.278259 -0.036575 -0.044010
v 0.281228 -0.037218 -0.043214
v 0.281019 -0.037712 -0.042753
v 0.281228 -0.037218 -0.043214
v 0.284159 -0.037595 -0.042429
v 0.283990 -0.038093 -0.041957
v 0.284160 -0.037595 -0.042429
v 0.285584 -0.037595 -0.047741
v 0.287151 -0.037723 -0.041627
v 0.287151 -0.037723 -0.041627
v 0.287021 -0.038223 -0.041144
v 0.290053 -0.038093 -0.040332
v 0.290142 -0.037595 -0.040826
v 0.293023 -0.037712 -0.039536
v 0.296032 -0.037060 -0.038730
v 0.293074 -0.037218 -0.040040
v 0.293074 -0.037218 -0.040040
v 0.290143 -0.037595 -0.040826
v 0.291566 -0.037595 -0.046138
v 0.294498 -0.037218 -0.045353
v 0.290506 -0.037670 -0.046422
v 0.290506 -0.042175 -0.046422
v 0.290506 -0.036167 -0.046422
v 0.288575 -0.037723 -0.046940
v 0.286643 -0.037670 -0.047458
v 0.286643 -0.042175 -0.047458
v 0.286643 -0.036167 -0.047458
v 0.287704 -0.036167 -0.051418
v 0.285704 -0.036100 -0.047709
v 0.282889 -0.035739 -0.048463
v 0.284519 -0.036349 -0.043368
v 0.281685 -0.035985 -0.044127
v 0.287410 -0.036473 -0.042593
v 0.283334 -0.036598 -0.039027
v 0.286246 -0.036723 -0.038246
v 0.280481 -0.036232 -0.039791
v 0.277591 -0.035606 -0.040566
v 0.278815 -0.035364 -0.044896
v 0.274824 -0.034755 -0.041307
v 0.276067 -0.034518 -0.045633
v 0.272083 -0.033649 -0.042041
v 0.269481 -0.032333 -0.042739
v 0.273345 -0.033420 -0.046362
v 0.274607 -0.033191 -0.050683
v 0.270760 -0.032113 -0.047055
v 0.268259 -0.030571 -0.047725
v 0.272040 -0.031893 -0.051370
v 0.269556 -0.030361 -0.052036
v 0.273120 -0.032472 -0.051081
v 0.274181 -0.032472 -0.055041
v 0.278514 -0.034332 -0.053880
v 0.274181 -0.039056 -0.055041
v 0.273120 -0.039056 -0.051081
v 0.278563 -0.040629 -0.053867
v 0.283091 -0.041673 -0.052654
v 0.277502 -0.040629 -0.049907
v 0.282030 -0.041673 -0.048694
v 0.287704 -0.042175 -0.051418
v 0.283049 -0.035571 -0.052665
v 0.277452 -0.034332 -0.049920
v 0.277310 -0.034282 -0.049958
v 0.280039 -0.035122 -0.049227
v 0.281988 -0.035571 -0.048705
v 0.269256 -0.030156 -0.052116
v 0.270317 -0.030156 -0.056077
v 0.267222 -0.028637 -0.052661
v 0.269256 -0.031944 -0.052116
v 0.269256 -0.037155 -0.052116
v 0.268763 -0.031617 -0.052248
v 0.271351 -0.033212 -0.051555
v 0.269927 -0.033212 -0.046242
v 0.270317 -0.037155 -0.056077
v 0.265107 -0.034483 -0.053228
v 0.261298 -0.031313 -0.054249
v 0.266168 -0.034483 -0.057188
v 0.263790 -0.032596 -0.057826
v 0.262359 -0.031313 -0.058209
v 0.267902 -0.032596 -0.056724
v 0.265213 -0.032596 -0.063138
v 0.266132 -0.032596 -0.066567
v 0.263047 -0.030604 -0.063719
v 0.261624 -0.030604 -0.058406
v 0.263966 -0.030604 -0.067148
v 0.264885 -0.030604 -0.070577
v 0.265566 -0.031261 -0.070394
v 0.264987 -0.030583 -0.070957
v 0.265087 -0.030519 -0.071332
v 0.265188 -0.030412 -0.071707
v 0.265808 -0.031216 -0.071139
v 0.266125 -0.031081 -0.071844
v 0.267347 -0.032596 -0.070727
v 0.267176 -0.032596 -0.070371
v 0.267566 -0.032596 -0.071072
v 0.267823 -0.032596 -0.071389
v 0.268133 -0.032596 -0.071694
v 0.268473 -0.032596 -0.071965
v 0.268868 -0.032596 -0.072222
v 0.266508 -0.030859 -0.072492
v 0.266948 -0.030556 -0.073067
v 0.265472 -0.029846 -0.072769
v 0.265381 -0.030073 -0.072429
v 0.265562 -0.029573 -0.073105
v 0.265646 -0.029270 -0.073416
v 0.265800 -0.028545 -0.073992
v 0.267434 -0.030179 -0.073554
v 0.265932 -0.027684 -0.074484
v 0.266038 -0.026702 -0.074880
v 0.267954 -0.029738 -0.073942
v 0.271350 -0.032596 -0.073032
v 0.268495 -0.029244 -0.074221
v 0.269045 -0.028708 -0.074385
v 0.272424 -0.032485 -0.073169
v 0.273005 -0.031964 -0.073324
v 0.272295 -0.032596 -0.073118
v 0.273582 -0.031416 -0.073359
v 0.273804 -0.031196 -0.073340
v 0.269589 -0.028144 -0.074429
v 0.266163 -0.024441 -0.075347
v 0.270113 -0.027566 -0.074352
v 0.273810 -0.030617 -0.073362
v 0.266637 -0.023787 -0.075284
v 0.270243 -0.020054 -0.074317
v 0.266167 -0.024261 -0.075363
v 0.261624 -0.024261 -0.058406
v 0.262768 -0.023077 -0.058100
v 0.264191 -0.023077 -0.063412
v 0.263036 -0.023410 -0.058028
v 0.260153 -0.019311 -0.058800
v 0.253499 -0.019311 -0.060583
v 0.255978 -0.023672 -0.059919
v 0.254917 -0.023672 -0.055959
v 0.258946 -0.027691 -0.059124
v 0.257885 -0.027691 -0.055163
v 0.261975 -0.023410 -0.054067
v 0.265815 -0.026450 -0.057283
v 0.266446 -0.027049 -0.057114
v 0.267239 -0.026450 -0.062596
v 0.268481 -0.026450 -0.067232
v 0.270678 -0.029391 -0.061674
v 0.271920 -0.029391 -0.066310
v 0.269255 -0.029391 -0.056361
v 0.269255 -0.031196 -0.056361
v 0.273163 -0.029391 -0.070947
v 0.269723 -0.026450 -0.071868
v 0.273173 -0.029389 -0.070985
v 0.273183 -0.029384 -0.071022
v 0.269730 -0.026428 -0.071948
v 0.273193 -0.029374 -0.071060
v 0.273203 -0.029361 -0.071096
v 0.273212 -0.029344 -0.071132
v 0.269762 -0.026415 -0.072018
v 0.269801 -0.026393 -0.072083
v 0.266733 -0.023059 -0.072830
v 0.266772 -0.023038 -0.072894
v 0.266700 -0.023072 -0.072759
v 0.266676 -0.023077 -0.072685
v 0.265434 -0.023077 -0.068049
v 0.269706 -0.026433 -0.071873
v 0.266818 -0.023009 -0.072951
v 0.266868 -0.022973 -0.073000
v 0.269845 -0.026363 -0.072140
v 0.273239 -0.029273 -0.071231
v 0.269894 -0.026326 -0.072189
v 0.269947 -0.026283 -0.072227
v 0.273254 -0.029210 -0.071288
v 0.273267 -0.029137 -0.071338
v 0.273278 -0.029054 -0.071377
v 0.273286 -0.028964 -0.071406
v 0.270002 -0.026234 -0.072255
v 0.270058 -0.026181 -0.072271
v 0.266979 -0.022883 -0.073065
v 0.267036 -0.022831 -0.073080
v 0.266922 -0.022930 -0.073038
v 0.267093 -0.022777 -0.073084
v 0.270113 -0.026126 -0.072275
v 0.267148 -0.022721 -0.073076
v 0.270166 -0.026069 -0.072267
v 0.269725 -0.020054 -0.072386
v 0.271929 -0.020054 -0.071795
v 0.273292 -0.021549 -0.071430
v 0.272447 -0.020054 -0.073727
v 0.273810 -0.021549 -0.073362
v 0.273292 -0.028772 -0.071430
v 0.273291 -0.028869 -0.071424
v 0.273230 -0.029300 -0.071199
v 0.273222 -0.029324 -0.071166
v 0.265385 -0.027049 -0.053153
v 0.265023 -0.026709 -0.053250
v 0.263695 -0.026893 -0.048948
v 0.262989 -0.024604 -0.053795
v 0.261647 -0.024773 -0.049496
v 0.259778 -0.022489 -0.049997
v 0.260305 -0.024942 -0.045197
v 0.258423 -0.022642 -0.045702
v 0.262367 -0.027077 -0.044645
v 0.264596 -0.029032 -0.044047
v 0.266962 -0.030780 -0.043414
v 0.265909 -0.028834 -0.048354
v 0.256723 -0.020176 -0.046157
v 0.258090 -0.020039 -0.050450
v 0.255238 -0.017595 -0.046555
v 0.253949 -0.014864 -0.046900
v 0.256615 -0.017476 -0.050845
v 0.257992 -0.017357 -0.055134
v 0.255335 -0.014763 -0.051188
v 0.256721 -0.014663 -0.055475
v 0.254292 -0.011994 -0.051467
v 0.255685 -0.011912 -0.055753
v 0.252899 -0.012075 -0.047182
v 0.253458 -0.009089 -0.051691
v 0.254857 -0.009028 -0.055974
v 0.252060 -0.009150 -0.047407
v 0.252872 -0.006190 -0.051848
v 0.251470 -0.006231 -0.047565
v 0.254275 -0.006149 -0.056130
v 0.252511 -0.003171 -0.051944
v 0.251106 -0.003192 -0.047662
v 0.252395 -0.000223 -0.051976
v 0.253916 -0.003151 -0.056227
v 0.253801 -0.000223 -0.056257
v 0.254162 -0.005395 -0.056161
v 0.255223 -0.005395 -0.060121
v 0.254862 -0.000223 -0.060218
v 0.256298 -0.010459 -0.059833
v 0.255236 -0.010459 -0.055873
v 0.258064 -0.015311 -0.059360
v 0.251775 -0.015311 -0.061045
v 0.250278 -0.010409 -0.061446
v 0.249371 -0.005355 -0.061689
v 0.249217 -0.010409 -0.057486
v 0.248309 -0.005355 -0.057729
v 0.248006 -0.000223 -0.057810
v 0.248006 -0.000223 -0.057810
v 0.249067 -0.000223 -0.061771
v 0.249067 -0.000223 -0.061771
v 0.249371 0.004909 -0.061689
v 0.248309 0.004909 -0.057729
v 0.250278 0.009963 -0.061446
v 0.251775 0.014865 -0.061045
v 0.249217 0.009963 -0.057486
v 0.250714 0.014865 -0.057085
v 0.255414 0.014865 -0.055825
v 0.255394 0.014818 -0.055831
v 0.256718 0.017625 -0.055476
v 0.257003 0.014865 -0.055400
v 0.257591 0.016120 -0.055242
v 0.255503 0.010900 -0.055802
v 0.258064 0.014865 -0.059360
v 0.256297 0.010013 -0.059833
v 0.255236 0.010013 -0.055873
v 0.255223 0.004948 -0.060121
v 0.254862 -0.000223 -0.060218
v 0.254162 0.004948 -0.056161
v 0.253801 -0.000223 -0.056257
v 0.254229 0.005407 -0.056143
v 0.252826 0.005446 -0.051860
v 0.254108 0.010978 -0.051516
v 0.251423 0.005486 -0.047577
v 0.252714 0.011055 -0.047231
v 0.250989 -0.000223 -0.047694
v 0.247801 -0.000223 -0.048548
v 0.247801 -0.000223 -0.048548
v 0.247928 0.003013 -0.048514
v 0.248578 -0.000223 -0.051445
v 0.248705 0.003013 -0.051411
v 0.249102 0.006327 -0.051305
v 0.249745 0.009510 -0.051133
v 0.248325 0.006327 -0.048407
v 0.248968 0.009510 -0.048235
v 0.249884 0.012699 -0.047990
v 0.250660 0.012699 -0.050887
v 0.251029 0.015740 -0.047683
v 0.252434 0.018719 -0.047306
v 0.251805 0.015740 -0.050581
v 0.253211 0.018719 -0.050204
v 0.254830 0.021533 -0.049770
v 0.256683 0.024222 -0.049273
v 0.254053 0.021533 -0.046872
v 0.255907 0.024222 -0.046376
v 0.257959 0.026730 -0.045826
v 0.260207 0.029058 -0.045223
v 0.258735 0.026730 -0.048724
v 0.260984 0.029058 -0.048121
v 0.263415 0.031189 -0.047470
v 0.262638 0.031189 -0.044572
v 0.265994 0.033096 -0.046779
v 0.268740 0.034789 -0.046043
v 0.265218 0.033096 -0.043881
v 0.267964 0.034789 -0.043145
v 0.270802 0.036224 -0.042385
v 0.271578 0.036224 -0.045282
v 0.273790 0.037430 -0.041584
v 0.274567 0.037430 -0.044482
v 0.276807 0.038359 -0.040776
v 0.277583 0.038359 -0.043673
v 0.279958 0.039041 -0.039931
v 0.280735 0.039041 -0.042829
v 0.283070 0.039441 -0.039098
v 0.283846 0.039441 -0.041995
v 0.286245 0.039577 -0.038247
v 0.287021 0.039577 -0.041145
v 0.289419 0.039441 -0.037396
v 0.290196 0.039441 -0.040294
v 0.292531 0.039041 -0.036562
v 0.295682 0.038359 -0.035718
v 0.293307 0.039041 -0.039460
v 0.296459 0.038359 -0.038616
v 0.299475 0.037431 -0.037808
v 0.302464 0.036225 -0.037007
v 0.298699 0.037431 -0.034910
v 0.301687 0.036225 -0.034109
v 0.304525 0.034790 -0.033349
v 0.307272 0.033096 -0.032613
v 0.305302 0.034790 -0.036246
v 0.308048 0.033096 -0.035510
v 0.310628 0.031190 -0.034819
v 0.309851 0.031190 -0.031921
v 0.313059 0.029059 -0.034168
v 0.315307 0.026731 -0.033565
v 0.312282 0.029059 -0.031270
v 0.314531 0.026731 -0.030668
v 0.316582 0.024223 -0.030118
v 0.317359 0.024223 -0.033016
v 0.318436 0.021534 -0.029621
v 0.319213 0.021534 -0.032519
v 0.320055 0.018720 -0.029187
v 0.320832 0.018720 -0.032085
v 0.321461 0.015741 -0.028811
v 0.322237 0.015741 -0.031708
v 0.322606 0.012700 -0.028504
v 0.323382 0.012700 -0.031402
v 0.323521 0.009511 -0.028259
v 0.324298 0.009511 -0.031156
v 0.324165 0.006328 -0.028086
v 0.324941 0.006328 -0.030984
v 0.324562 0.003014 -0.027980
v 0.324689 -0.000223 -0.027946
v 0.325338 0.003014 -0.030878
v 0.325465 -0.000223 -0.030843
v 0.323727 -0.000223 -0.031309
v 0.325338 -0.003459 -0.030878
v 0.324562 -0.003459 -0.027980
v 0.324941 -0.006773 -0.030984
v 0.324298 -0.009956 -0.031156
v 0.324165 -0.006773 -0.028086
v 0.323522 -0.009956 -0.028258
v 0.322606 -0.013145 -0.028504
v 0.321461 -0.016186 -0.028811
v 0.323383 -0.013145 -0.031402
v 0.322238 -0.016186 -0.031708
v 0.320832 -0.019165 -0.032085
v 0.319213 -0.021979 -0.032519
v 0.320056 -0.019165 -0.029187
v 0.318437 -0.021979 -0.029621
v 0.316583 -0.024668 -0.030118
v 0.314532 -0.027176 -0.030667
v 0.317360 -0.024668 -0.033015
v 0.315308 -0.027176 -0.033565
v 0.313059 -0.029504 -0.034168
v 0.310628 -0.031635 -0.034819
v 0.312283 -0.029504 -0.031270
v 0.309852 -0.031635 -0.031921
v 0.307272 -0.033542 -0.032612
v 0.304526 -0.035235 -0.033348
v 0.308049 -0.033542 -0.035510
v 0.305303 -0.035235 -0.036246
v 0.302465 -0.036670 -0.037006
v 0.299476 -0.037877 -0.037807
v 0.301688 -0.036670 -0.034109
v 0.298700 -0.037877 -0.034909
v 0.295683 -0.038805 -0.035718
v 0.292532 -0.039487 -0.036562
v 0.296460 -0.038805 -0.038615
v 0.293308 -0.039487 -0.039460
v 0.290197 -0.039887 -0.040294
v 0.287022 -0.040023 -0.041144
v 0.289420 -0.039887 -0.037396
v 0.286246 -0.040023 -0.038247
v 0.283071 -0.039887 -0.039097
v 0.279959 -0.039487 -0.039931
v 0.283847 -0.039887 -0.041995
v 0.280736 -0.039487 -0.042829
v 0.277584 -0.038805 -0.043673
v 0.274568 -0.037877 -0.044481
v 0.276808 -0.038805 -0.040775
v 0.273791 -0.037877 -0.041584
v 0.270803 -0.036671 -0.042384
v 0.267965 -0.035236 -0.043145
v 0.271579 -0.036671 -0.045282
v 0.268741 -0.035236 -0.046043
v 0.265995 -0.033542 -0.046778
v 0.263415 -0.031636 -0.047470
v 0.265219 -0.033542 -0.043881
v 0.262639 -0.031636 -0.044572
v 0.260208 -0.029505 -0.045223
v 0.257959 -0.027177 -0.045826
v 0.260984 -0.029505 -0.048121
v 0.258736 -0.027177 -0.048724
v 0.256684 -0.024669 -0.049273
v 0.254830 -0.021980 -0.049770
v 0.255908 -0.024669 -0.046376
v 0.254054 -0.021980 -0.046872
v 0.252435 -0.019166 -0.047306
v 0.251029 -0.016187 -0.047683
v 0.253211 -0.019166 -0.050204
v 0.251806 -0.016187 -0.050580
v 0.250661 -0.013146 -0.050887
v 0.249745 -0.009957 -0.051133
v 0.249884 -0.013146 -0.047989
v 0.248969 -0.009957 -0.048235
v 0.248326 -0.006774 -0.048407
v 0.247929 -0.003460 -0.048514
v 0.249102 -0.006774 -0.051305
v 0.248705 -0.003460 -0.051411
v 0.323373 -0.000223 -0.031922
v 0.323275 0.005722 -0.031430
v 0.323605 -0.003314 -0.031342
v 0.323253 -0.003273 -0.031954
v 0.323226 -0.006478 -0.031443
v 0.322612 -0.009517 -0.031608
v 0.322879 -0.006395 -0.032054
v 0.322273 -0.009394 -0.032216
v 0.322879 -0.006395 -0.032054
v 0.324303 -0.006394 -0.037367
v 0.324677 -0.003272 -0.037266
v 0.323697 -0.009394 -0.037529
v 0.322834 -0.012398 -0.037760
v 0.321755 -0.015264 -0.038049
v 0.321411 -0.012398 -0.032447
v 0.321411 -0.012399 -0.032448
v 0.322273 -0.009395 -0.032216
v 0.320332 -0.015264 -0.032737
v 0.321738 -0.012562 -0.031842
v 0.320645 -0.015465 -0.032135
v 0.320332 -0.015264 -0.032737
v 0.319303 -0.018309 -0.032495
v 0.319007 -0.018071 -0.033091
v 0.317757 -0.020996 -0.032909
v 0.315987 -0.023563 -0.033383
v 0.317482 -0.020722 -0.033500
v 0.315736 -0.023255 -0.033968
v 0.317482 -0.020722 -0.033500
v 0.318906 -0.020722 -0.038813
v 0.319753 -0.019311 -0.038586
v 0.317159 -0.023255 -0.039281
v 0.315226 -0.025619 -0.039799
v 0.313803 -0.025619 -0.034486
v 0.313108 -0.027812 -0.040366
v 0.310817 -0.029820 -0.040980
v 0.311684 -0.027812 -0.035054
v 0.311684 -0.027813 -0.035054
v 0.313802 -0.025619 -0.034486
v 0.314028 -0.025958 -0.033908
v 0.311881 -0.028181 -0.034483
v 0.309560 -0.030215 -0.035105
v 0.307097 -0.032035 -0.035765
v 0.309393 -0.029821 -0.035668
v 0.309394 -0.029820 -0.035667
v 0.306963 -0.031616 -0.036319
v 0.308387 -0.031616 -0.041631
v 0.306963 -0.031617 -0.036319
v 0.304376 -0.033212 -0.037012
v 0.304375 -0.033212 -0.037012
v 0.305799 -0.033212 -0.042325
v 0.307893 -0.031944 -0.041764
v 0.304029 -0.034138 -0.042799
v 0.304029 -0.032472 -0.042799
v 0.304029 -0.039056 -0.042799
v 0.303125 -0.034564 -0.043041
v 0.301702 -0.034564 -0.037728
v 0.300309 -0.035701 -0.043796
v 0.298886 -0.035701 -0.038483
v 0.297467 -0.036575 -0.044557
v 0.296044 -0.036575 -0.039245
v 0.298885 -0.035701 -0.038483
v 0.296043 -0.036575 -0.039245
v 0.298912 -0.036174 -0.037958
v 0.301766 -0.035022 -0.037194
v 0.301701 -0.034565 -0.037729
v 0.304475 -0.033652 -0.036468
v 0.299647 -0.040629 -0.043973
v 0.305090 -0.039056 -0.046759
v 0.300708 -0.040629 -0.047934
v 0.305090 -0.032472 -0.046759
v 0.300758 -0.034332 -0.047920
v 0.296222 -0.035571 -0.049135
v 0.299696 -0.034332 -0.043960
v 0.299840 -0.034281 -0.043921
v 0.297112 -0.035121 -0.044652
v 0.296006 -0.035364 -0.040290
v 0.295161 -0.035571 -0.045175
v 0.294261 -0.035738 -0.045416
v 0.293136 -0.035985 -0.041059
v 0.291447 -0.036100 -0.046170
v 0.290302 -0.036349 -0.041818
v 0.289157 -0.036598 -0.037466
v 0.292011 -0.036232 -0.036702
v 0.294901 -0.035606 -0.035927
v 0.297667 -0.034754 -0.035186
v 0.298754 -0.034518 -0.039554
v 0.300408 -0.033648 -0.034452
v 0.301476 -0.033419 -0.038824
v 0.303011 -0.032332 -0.033754
v 0.304060 -0.032112 -0.038132
v 0.305529 -0.030779 -0.033079
v 0.306562 -0.030570 -0.037462
v 0.307895 -0.029031 -0.032446
v 0.310124 -0.027076 -0.031848
v 0.308911 -0.028833 -0.036832
v 0.311125 -0.026892 -0.036239
v 0.309928 -0.028636 -0.041218
v 0.307893 -0.030156 -0.041764
v 0.311764 -0.027049 -0.040726
v 0.312127 -0.026708 -0.040629
v 0.312825 -0.027049 -0.044687
v 0.310017 -0.029391 -0.045439
v 0.313456 -0.026450 -0.044518
v 0.316235 -0.023410 -0.043773
v 0.314880 -0.026450 -0.049830
v 0.317927 -0.023077 -0.049014
v 0.311440 -0.029391 -0.050752
v 0.316122 -0.026450 -0.054467
v 0.317364 -0.026450 -0.059103
v 0.319169 -0.023077 -0.053650
v 0.312683 -0.029391 -0.055388
v 0.313925 -0.029391 -0.060025
v 0.313935 -0.029389 -0.060063
v 0.313945 -0.029384 -0.060100
v 0.317398 -0.026428 -0.059175
v 0.313955 -0.029374 -0.060138
v 0.313965 -0.029361 -0.060174
v 0.317406 -0.026415 -0.059252
v 0.313974 -0.029344 -0.060210
v 0.313984 -0.029324 -0.060244
v 0.317404 -0.026393 -0.059327
v 0.313993 -0.029300 -0.060277
v 0.314001 -0.029273 -0.060309
v 0.314016 -0.029210 -0.060366
v 0.317395 -0.026363 -0.059399
v 0.317376 -0.026326 -0.059466
v 0.320422 -0.023009 -0.058588
v 0.320433 -0.023038 -0.058516
v 0.320403 -0.022972 -0.058655
v 0.320375 -0.022930 -0.058715
v 0.320339 -0.022882 -0.058767
v 0.317350 -0.026283 -0.059526
v 0.317316 -0.026234 -0.059577
v 0.314030 -0.029137 -0.060415
v 0.314040 -0.029054 -0.060455
v 0.314048 -0.028964 -0.060484
v 0.317276 -0.026181 -0.059619
v 0.314053 -0.028869 -0.060502
v 0.317230 -0.026126 -0.059650
v 0.314054 -0.028772 -0.060508
v 0.317180 -0.026069 -0.059670
v 0.314054 -0.021549 -0.060508
v 0.315417 -0.020054 -0.060142
v 0.314572 -0.021549 -0.062439
v 0.314572 -0.030617 -0.062439
v 0.315935 -0.020054 -0.062074
v 0.318139 -0.020054 -0.061484
v 0.317621 -0.020054 -0.059552
v 0.321745 -0.023787 -0.060517
v 0.322191 -0.024261 -0.060352
v 0.318268 -0.027566 -0.061449
v 0.318761 -0.028144 -0.061253
v 0.319210 -0.028708 -0.060943
v 0.322187 -0.024440 -0.060335
v 0.314768 -0.031415 -0.062323
v 0.314566 -0.031196 -0.062417
v 0.315251 -0.031964 -0.062004
v 0.315676 -0.032485 -0.061579
v 0.315762 -0.032596 -0.061472
v 0.319604 -0.029244 -0.060527
v 0.319934 -0.029738 -0.060014
v 0.322062 -0.026702 -0.059868
v 0.322139 -0.025614 -0.060158
v 0.321956 -0.027684 -0.059472
v 0.321824 -0.028545 -0.058980
v 0.321669 -0.029269 -0.058404
v 0.320190 -0.030179 -0.059418
v 0.320367 -0.030556 -0.058753
v 0.317376 -0.032596 -0.060172
v 0.318030 -0.032596 -0.059379
v 0.316537 -0.032596 -0.060924
v 0.318282 -0.032596 -0.058981
v 0.318496 -0.032596 -0.058562
v 0.320461 -0.030859 -0.058035
v 0.318655 -0.032596 -0.058157
v 0.318770 -0.032596 -0.057738
v 0.320468 -0.031081 -0.057283
v 0.318834 -0.032596 -0.057334
v 0.318852 -0.032596 -0.056926
v 0.320390 -0.031216 -0.056514
v 0.318821 -0.032596 -0.056532
v 0.318743 -0.032596 -0.056145
v 0.317824 -0.032596 -0.052716
v 0.320228 -0.031261 -0.055748
v 0.320909 -0.030604 -0.055565
v 0.321010 -0.030583 -0.055945
v 0.319990 -0.030604 -0.052136
v 0.319071 -0.030604 -0.048707
v 0.317647 -0.030604 -0.043395
v 0.316905 -0.032596 -0.049287
v 0.315482 -0.032596 -0.043975
v 0.313104 -0.034483 -0.044612
v 0.311369 -0.032596 -0.045077
v 0.316912 -0.031312 -0.043591
v 0.315851 -0.031312 -0.039631
v 0.312042 -0.034483 -0.040652
v 0.319264 -0.027691 -0.038717
v 0.320326 -0.027691 -0.042677
v 0.322232 -0.023671 -0.037921
v 0.323293 -0.023671 -0.041882
v 0.324711 -0.019311 -0.037257
v 0.325772 -0.019311 -0.041217
v 0.319118 -0.019311 -0.043000
v 0.318057 -0.019311 -0.039040
v 0.316504 -0.023077 -0.043701
v 0.317647 -0.024261 -0.043395
v 0.319157 -0.017356 -0.038745
v 0.317693 -0.019901 -0.039138
v 0.316016 -0.022334 -0.039587
v 0.316730 -0.020038 -0.034737
v 0.315042 -0.022487 -0.035189
v 0.318205 -0.017475 -0.034342
v 0.315768 -0.020175 -0.030336
v 0.314068 -0.022641 -0.030792
v 0.317253 -0.017594 -0.029938
v 0.318541 -0.014862 -0.029593
v 0.319485 -0.014762 -0.033999
v 0.319591 -0.012073 -0.029312
v 0.320431 -0.009149 -0.029087
v 0.320528 -0.011992 -0.033719
v 0.321464 -0.011911 -0.038127
v 0.321362 -0.009087 -0.033496
v 0.321947 -0.006188 -0.033339
v 0.322292 -0.009026 -0.037905
v 0.321913 -0.010459 -0.038007
v 0.322874 -0.006147 -0.037750
v 0.322987 -0.005394 -0.037719
v 0.323233 -0.003149 -0.037653
v 0.324048 -0.005394 -0.041679
v 0.324409 -0.000223 -0.041583
v 0.322974 -0.010459 -0.041967
v 0.321207 -0.015311 -0.042441
v 0.320146 -0.015311 -0.038480
v 0.327496 -0.015311 -0.040756
v 0.326435 -0.015311 -0.036795
v 0.328993 -0.010409 -0.040354
v 0.329901 -0.005355 -0.040111
v 0.327932 -0.010409 -0.036394
v 0.328839 -0.005355 -0.036151
v 0.329143 -0.000223 -0.036070
v 0.330204 -0.000223 -0.040030
v 0.328839 0.004909 -0.036151
v 0.329901 0.004909 -0.040111
v 0.327932 0.009963 -0.036394
v 0.326435 0.014865 -0.036795
v 0.328993 0.009963 -0.040354
v 0.327496 0.014865 -0.040756
v 0.321207 0.014865 -0.042441
v 0.322974 0.010013 -0.041967
v 0.320146 0.014865 -0.038480
v 0.321735 0.014865 -0.038055
v 0.319558 0.016121 -0.038638
v 0.321646 0.010902 -0.038079
v 0.320711 0.010979 -0.033670
v 0.321912 0.010013 -0.038007
v 0.322920 0.005409 -0.037737
v 0.321993 0.005448 -0.033327
v 0.322987 0.004949 -0.037719
v 0.324048 0.004949 -0.041679
v 0.323348 -0.000223 -0.037623
v 0.322425 -0.000223 -0.033211
v 0.321501 -0.000223 -0.028800
v 0.322309 -0.003170 -0.033242
v 0.321385 -0.003190 -0.028831
v 0.321021 -0.006229 -0.028929
v 0.321067 0.005487 -0.028916
v 0.319776 0.011056 -0.029262
v 0.317658 0.016348 -0.029829
v 0.318608 0.016234 -0.034234
v 0.314768 0.021232 -0.030604
v 0.311175 0.025587 -0.031567
v 0.315737 0.021085 -0.035003
v 0.316706 0.020938 -0.039402
v 0.312169 0.025410 -0.035959
v 0.307990 0.029104 -0.037079
v 0.313163 0.025233 -0.040352
v 0.315174 0.022964 -0.039813
v 0.311764 0.026603 -0.040726
v 0.309013 0.028902 -0.041463
v 0.312825 0.026603 -0.044687
v 0.310017 0.028945 -0.045439
v 0.313456 0.026004 -0.044518
v 0.314880 0.026004 -0.049830
v 0.316235 0.022964 -0.043773
v 0.316503 0.022631 -0.043701
v 0.319118 0.018865 -0.043000
v 0.317647 0.023815 -0.043395
v 0.317927 0.022631 -0.049014
v 0.319169 0.022631 -0.053650
v 0.316122 0.026004 -0.054467
v 0.320412 0.022631 -0.058287
v 0.320428 0.022626 -0.058363
v 0.317382 0.025987 -0.059098
v 0.317364 0.026004 -0.059103
v 0.317398 0.025982 -0.059175
v 0.317405 0.025969 -0.059252
v 0.313945 0.028938 -0.060100
v 0.313955 0.028928 -0.060138
v 0.313935 0.028943 -0.060063
v 0.313925 0.028945 -0.060025
v 0.312682 0.028945 -0.055388
v 0.311440 0.028945 -0.050752
v 0.313965 0.028915 -0.060174
v 0.313974 0.028898 -0.060210
v 0.313984 0.028878 -0.060244
v 0.317404 0.025947 -0.059327
v 0.313992 0.028854 -0.060277
v 0.314001 0.028827 -0.060309
v 0.314016 0.028764 -0.060366
v 0.317395 0.025917 -0.059399
v 0.317376 0.025880 -0.059466
v 0.320422 0.022563 -0.058588
v 0.320403 0.022527 -0.058655
v 0.320433 0.022592 -0.058516
v 0.320435 0.022613 -0.058440
v 0.320375 0.022484 -0.058715
v 0.317350 0.025837 -0.059526
v 0.320339 0.022437 -0.058767
v 0.320297 0.022385 -0.058809
v 0.317316 0.025788 -0.059577
v 0.317276 0.025735 -0.059619
v 0.314040 0.028608 -0.060455
v 0.314029 0.028691 -0.060415
v 0.314048 0.028518 -0.060484
v 0.314053 0.028423 -0.060502
v 0.314054 0.028326 -0.060508
v 0.317230 0.025680 -0.059650
v 0.320250 0.022331 -0.058841
v 0.317180 0.025623 -0.059670
v 0.320198 0.022275 -0.058861
v 0.317621 0.019608 -0.059552
v 0.315417 0.019608 -0.060142
v 0.318139 0.019608 -0.061484
v 0.315935 0.019608 -0.062074
v 0.321745 0.023341 -0.060517
v 0.322191 0.023815 -0.060352
v 0.318268 0.027120 -0.061449
v 0.314572 0.030171 -0.062440
v 0.318761 0.027698 -0.061253
v 0.319210 0.028262 -0.060943
v 0.314768 0.030969 -0.062323
v 0.322187 0.023995 -0.060335
v 0.322139 0.025168 -0.060159
v 0.322062 0.026256 -0.059868
v 0.321955 0.027238 -0.059472
v 0.319604 0.028798 -0.060527
v 0.315676 0.032039 -0.061579
v 0.319933 0.029292 -0.060014
v 0.320190 0.029733 -0.059418
v 0.316537 0.032150 -0.060925
v 0.317375 0.032150 -0.060172
v 0.315762 0.032150 -0.061472
v 0.311369 0.032150 -0.045077
v 0.310017 0.030750 -0.045439
v 0.315482 0.032150 -0.043975
v 0.316912 0.030866 -0.043591
v 0.313103 0.034037 -0.044612
v 0.316905 0.032150 -0.049287
v 0.317824 0.032150 -0.052716
v 0.319071 0.030158 -0.048707
v 0.319990 0.030158 -0.052136
v 0.317647 0.030158 -0.043395
v 0.320325 0.027245 -0.042677
v 0.319264 0.027245 -0.038717
v 0.323293 0.023226 -0.041882
v 0.325772 0.018865 -0.041217
v 0.322232 0.023226 -0.037921
v 0.324711 0.018865 -0.037257
v 0.319753 0.018865 -0.038586
v 0.320431 0.017625 -0.038404
v 0.318905 0.020276 -0.038813
v 0.318057 0.018865 -0.039040
v 0.317482 0.020276 -0.033500
v 0.317159 0.022810 -0.039281
v 0.315735 0.022810 -0.033968
v 0.315226 0.025173 -0.039799
v 0.313802 0.025173 -0.034486
v 0.313107 0.027367 -0.040366
v 0.311684 0.027367 -0.035054
v 0.310817 0.029375 -0.040980
v 0.308386 0.031171 -0.041631
v 0.309393 0.029375 -0.035668
v 0.308442 0.030115 -0.035923
v 0.306963 0.031171 -0.036319
v 0.308596 0.030520 -0.035364
v 0.312976 0.026647 -0.034190
v 0.303685 0.033635 -0.036679
v 0.303596 0.033190 -0.037221
v 0.298364 0.035917 -0.038105
v 0.298344 0.035442 -0.038628
v 0.292764 0.037309 -0.039606
v 0.292817 0.036815 -0.040109
v 0.290142 0.037149 -0.040826
v 0.293074 0.036772 -0.040040
v 0.294497 0.036772 -0.045353
v 0.296043 0.036129 -0.039245
v 0.297466 0.036130 -0.044557
v 0.300309 0.035255 -0.043796
v 0.303125 0.034118 -0.043041
v 0.298885 0.035255 -0.038483
v 0.301701 0.034118 -0.037729
v 0.304029 0.033692 -0.042799
v 0.304029 0.038610 -0.042799
v 0.305798 0.032766 -0.042325
v 0.304029 0.032026 -0.042799
v 0.305090 0.032026 -0.046759
v 0.304361 0.031854 -0.042710
v 0.299696 0.033886 -0.043960
v 0.299319 0.034015 -0.044061
v 0.300758 0.033886 -0.047920
v 0.296222 0.035125 -0.049135
v 0.295161 0.035125 -0.045175
v 0.291567 0.035721 -0.050383
v 0.291567 0.041729 -0.050383
v 0.290506 0.035721 -0.046422
v 0.288574 0.035777 -0.046940
v 0.294013 0.035334 -0.045483
v 0.290506 0.037224 -0.046422
v 0.291566 0.037149 -0.046138
v 0.288574 0.037277 -0.046940
v 0.290506 0.041729 -0.046422
v 0.295119 0.041227 -0.045186
v 0.296180 0.041227 -0.049147
v 0.299647 0.040183 -0.043973
v 0.300708 0.040183 -0.047934
v 0.305090 0.038610 -0.046759
v 0.287151 0.037277 -0.041627
v 0.286643 0.037224 -0.047458
v 0.286643 0.035721 -0.047458
v 0.286643 0.041729 -0.047458
v 0.285583 0.037149 -0.047741
v 0.282652 0.036772 -0.048527
v 0.284160 0.037149 -0.042429
v 0.281228 0.036772 -0.043214
v 0.279682 0.036130 -0.049323
v 0.278259 0.036129 -0.044010
v 0.276840 0.035255 -0.050084
v 0.275417 0.035255 -0.044772
v 0.274024 0.034118 -0.050839
v 0.272601 0.034118 -0.045526
v 0.273120 0.033692 -0.051081
v 0.271350 0.032766 -0.051555
v 0.273120 0.038610 -0.051081
v 0.273120 0.032026 -0.051081
v 0.274181 0.032026 -0.055041
v 0.272787 0.031853 -0.051170
v 0.277452 0.033886 -0.049920
v 0.278514 0.033886 -0.053880
v 0.277829 0.034015 -0.049819
v 0.281988 0.035125 -0.048705
v 0.276589 0.034253 -0.045493
v 0.281932 0.035581 -0.044061
v 0.271513 0.032076 -0.046853
v 0.275350 0.034490 -0.041166
v 0.270239 0.032298 -0.042536
v 0.280730 0.035828 -0.039725
v 0.286245 0.036277 -0.038247
v 0.287410 0.036027 -0.042593
v 0.291760 0.035828 -0.036769
v 0.292886 0.035581 -0.041126
v 0.297139 0.034491 -0.035328
v 0.302251 0.032299 -0.033958
v 0.298229 0.034253 -0.039694
v 0.303306 0.032076 -0.038334
v 0.306968 0.029306 -0.032694
v 0.265521 0.029306 -0.043800
v 0.261315 0.025586 -0.044927
v 0.266828 0.029103 -0.048108
v 0.262650 0.025409 -0.049228
v 0.268135 0.028901 -0.052417
v 0.269256 0.029710 -0.052116
v 0.265385 0.026603 -0.053153
v 0.263985 0.025232 -0.053529
v 0.266446 0.026603 -0.057114
v 0.269255 0.028945 -0.056361
v 0.265815 0.026004 -0.057283
v 0.267239 0.026004 -0.062596
v 0.263036 0.022964 -0.058028
v 0.261975 0.022964 -0.054067
v 0.262768 0.022631 -0.058100
v 0.260153 0.018865 -0.058800
v 0.264191 0.022631 -0.063412
v 0.261624 0.023815 -0.058406
v 0.266167 0.023815 -0.075363
v 0.261624 0.030158 -0.058406
v 0.262359 0.030866 -0.058209
v 0.258946 0.027245 -0.059124
v 0.263047 0.030158 -0.063719
v 0.265213 0.032150 -0.063138
v 0.263966 0.030158 -0.067148
v 0.264885 0.030158 -0.070577
v 0.266132 0.032150 -0.066567
v 0.267051 0.032150 -0.069996
v 0.265566 0.030815 -0.070394
v 0.267176 0.032150 -0.070371
v 0.267346 0.032150 -0.070727
v 0.267566 0.032150 -0.071072
v 0.265808 0.030770 -0.071139
v 0.266125 0.030634 -0.071844
v 0.265087 0.030073 -0.071332
v 0.265188 0.029966 -0.071707
v 0.264987 0.030137 -0.070957
v 0.265285 0.029819 -0.072069
v 0.265381 0.029627 -0.072429
v 0.265472 0.029400 -0.072769
v 0.266508 0.030413 -0.072492
v 0.265562 0.029127 -0.073105
v 0.265645 0.028823 -0.073416
v 0.266948 0.030110 -0.073067
v 0.265800 0.028099 -0.073992
v 0.267434 0.029733 -0.073554
v 0.265932 0.027238 -0.074484
v 0.267954 0.029292 -0.073942
v 0.266038 0.026256 -0.074880
v 0.268495 0.028798 -0.074222
v 0.266116 0.025168 -0.075170
v 0.266163 0.023994 -0.075347
v 0.269045 0.028262 -0.074385
v 0.269589 0.027698 -0.074429
v 0.273004 0.031518 -0.073324
v 0.272423 0.032039 -0.073169
v 0.273582 0.030969 -0.073359
v 0.273804 0.030750 -0.073340
v 0.273810 0.030171 -0.073362
v 0.269255 0.030750 -0.056361
v 0.267902 0.032150 -0.056724
v 0.272295 0.032150 -0.073118
v 0.263789 0.032150 -0.057826
v 0.266168 0.034037 -0.057188
v 0.265106 0.034037 -0.053228
v 0.270317 0.036709 -0.056077
v 0.269256 0.036709 -0.052116
v 0.270317 0.029710 -0.056077
v 0.269256 0.031498 -0.052116
v 0.268763 0.031171 -0.052249
v 0.266332 0.029375 -0.052900
v 0.267339 0.031171 -0.046936
v 0.269927 0.032766 -0.046243
v 0.264042 0.027367 -0.053513
v 0.264909 0.029375 -0.047587
v 0.262618 0.027367 -0.048201
v 0.261923 0.025173 -0.054081
v 0.259990 0.022810 -0.054599
v 0.260500 0.025173 -0.048769
v 0.258567 0.022810 -0.049287
v 0.258243 0.020276 -0.055067
v 0.256820 0.020276 -0.049755
v 0.257396 0.018865 -0.055294
v 0.259092 0.018865 -0.054840
v 0.252438 0.018865 -0.056623
v 0.254917 0.023225 -0.055959
v 0.253499 0.018865 -0.060583
v 0.255978 0.023225 -0.059919
v 0.257885 0.027245 -0.055163
v 0.261298 0.030866 -0.054249
v 0.260442 0.020937 -0.054478
v 0.259082 0.021083 -0.050184
v 0.256211 0.016233 -0.050953
v 0.257722 0.021230 -0.045889
v 0.254831 0.016347 -0.046664
v 0.255294 0.017625 -0.050163
v 0.271350 0.032150 -0.073032
v 0.270248 0.032150 -0.072800
v 0.269285 0.032150 -0.072440
v 0.268868 0.032150 -0.072222
v 0.268473 0.032150 -0.071965
v 0.268133 0.032150 -0.071694
v 0.267823 0.032150 -0.071389
v 0.273810 0.021103 -0.073362
v 0.270113 0.027120 -0.074352
v 0.266637 0.023341 -0.075284
v 0.270243 0.019608 -0.074317
v 0.272447 0.019608 -0.073727
v 0.269725 0.019608 -0.072386
v 0.271929 0.019608 -0.071795
v 0.267148 0.022275 -0.073076
v 0.270166 0.025623 -0.072267
v 0.267093 0.022331 -0.073084
v 0.267036 0.022385 -0.073080
v 0.270113 0.025680 -0.072275
v 0.270058 0.025735 -0.072271
v 0.273291 0.028423 -0.071424
v 0.273292 0.028326 -0.071430
v 0.273286 0.028518 -0.071406
v 0.273278 0.028608 -0.071377
v 0.270002 0.025788 -0.072255
v 0.273267 0.028691 -0.071338
v 0.273254 0.028764 -0.071288
v 0.269947 0.025837 -0.072227
v 0.269894 0.025880 -0.072189
v 0.266922 0.022484 -0.073038
v 0.266979 0.022436 -0.073065
v 0.266868 0.022526 -0.073000
v 0.266817 0.022563 -0.072951
v 0.269845 0.025917 -0.072140
v 0.266772 0.022592 -0.072894
v 0.269801 0.025947 -0.072083
v 0.266733 0.022613 -0.072830
v 0.266700 0.022626 -0.072759
v 0.269762 0.025969 -0.072018
v 0.273203 0.028915 -0.071096
v 0.269730 0.025982 -0.071948
v 0.269706 0.025987 -0.071873
v 0.273183 0.028938 -0.071022
v 0.273193 0.028928 -0.071060
v 0.273173 0.028943 -0.070985
v 0.273163 0.028945 -0.070947
v 0.271920 0.028945 -0.066310
v 0.269723 0.026004 -0.071868
v 0.268481 0.026004 -0.067232
v 0.265433 0.022631 -0.068049
v 0.266676 0.022631 -0.072685
v 0.270678 0.028945 -0.061674
v 0.273212 0.028898 -0.071132
v 0.273221 0.028878 -0.071166
v 0.273230 0.028854 -0.071199
v 0.273239 0.028827 -0.071231
v 0.273292 0.021103 -0.071430
v 0.283135 0.035334 -0.048398
v 0.283049 0.035125 -0.052665
v 0.287704 0.035721 -0.051418
v 0.287704 0.041729 -0.051418
v 0.283091 0.041227 -0.052654
v 0.278563 0.040183 -0.053867
v 0.282030 0.041227 -0.048694
v 0.277502 0.040183 -0.049907
v 0.274181 0.038610 -0.055041
v 0.307893 0.029710 -0.041764
v 0.307893 0.031498 -0.041764
v 0.308954 0.029710 -0.045724
v 0.308954 0.036709 -0.045724
v 0.307893 0.036709 -0.041764
v 0.312042 0.034037 -0.040652
v 0.315851 0.030866 -0.039631
v 0.304375 0.032766 -0.037012
v 0.316717 0.022113 -0.033188
v 0.312764 0.026294 -0.034764
v 0.319726 0.017029 -0.032381
v 0.316455 0.021819 -0.033775
v 0.319425 0.016802 -0.032980
v 0.321930 0.011520 -0.031791
v 0.321600 0.011365 -0.032397
v 0.322273 0.008949 -0.032216
v 0.321411 0.011953 -0.032448
v 0.320332 0.014818 -0.032737
v 0.322834 0.011953 -0.037760
v 0.323697 0.008948 -0.037529
v 0.321755 0.014818 -0.038049
v 0.324303 0.005949 -0.037367
v 0.322879 0.005949 -0.032054
v 0.324677 0.002827 -0.037266
v 0.324797 -0.000223 -0.037234
v 0.323253 0.002827 -0.031954
v 0.322927 0.005643 -0.032041
v 0.319007 0.017625 -0.033091
v 0.320909 0.030158 -0.055565
v 0.320228 0.030815 -0.055748
v 0.321010 0.030136 -0.055945
v 0.321111 0.030073 -0.056321
v 0.321211 0.029966 -0.056696
v 0.320390 0.030770 -0.056514
v 0.320468 0.030635 -0.057283
v 0.318852 0.032150 -0.056926
v 0.318821 0.032150 -0.056532
v 0.318834 0.032150 -0.057334
v 0.318770 0.032150 -0.057738
v 0.318654 0.032150 -0.058157
v 0.318496 0.032150 -0.058562
v 0.320461 0.030413 -0.058035
v 0.318282 0.032150 -0.058981
v 0.318030 0.032150 -0.059379
v 0.320367 0.030110 -0.058753
v 0.321669 0.028824 -0.058404
v 0.321824 0.028099 -0.058980
v 0.321586 0.029127 -0.058093
v 0.321496 0.029400 -0.057758
v 0.321405 0.029627 -0.057418
v 0.321308 0.029819 -0.057058
v 0.318743 0.032150 -0.056146
v 0.314566 0.030750 -0.062417
v 0.315250 0.031518 -0.062004
v 0.314572 0.021103 -0.062440
v 0.314054 0.021103 -0.060508
v 0.321735 -0.015311 -0.038055
v 0.320431 -0.018070 -0.038404
v 0.319008 -0.018070 -0.033091
v 0.320428 -0.014662 -0.038405
v 0.312186 -0.024941 -0.031296
v 0.313173 -0.024772 -0.035690
v 0.314160 -0.024602 -0.040084
v 0.315174 -0.023410 -0.039813
v 0.307893 -0.037155 -0.041764
v 0.308954 -0.037155 -0.045724
v 0.308954 -0.030156 -0.045724
v 0.310017 -0.031196 -0.045439
v 0.321111 -0.030519 -0.056321
v 0.321211 -0.030412 -0.056696
v 0.321308 -0.030265 -0.057058
v 0.321405 -0.030073 -0.057418
v 0.321496 -0.029846 -0.057758
v 0.321586 -0.029573 -0.058093
v 0.320198 -0.022721 -0.058861
v 0.320250 -0.022777 -0.058841
v 0.320298 -0.022831 -0.058809
v 0.320435 -0.023059 -0.058440
v 0.320428 -0.023072 -0.058363
v 0.320412 -0.023077 -0.058287
v 0.317382 -0.026433 -0.059098
v 0.307594 -0.030360 -0.041844
v 0.305110 -0.031892 -0.042509
v 0.302544 -0.033190 -0.043197
v 0.291567 -0.036167 -0.050383
v 0.291567 -0.042175 -0.050383
v 0.296180 -0.041673 -0.049147
v 0.295119 -0.041673 -0.045186
v 0.315735 -0.023256 -0.033968
v 0.323253 -0.003272 -0.031954
v 0.253970 0.014818 -0.050518
v 0.254315 0.011953 -0.056120
v 0.252891 0.011953 -0.050807
v 0.253452 0.008948 -0.056351
v 0.252029 0.008949 -0.051038
v 0.252846 0.005949 -0.056513
v 0.252472 0.002827 -0.056614
v 0.251423 0.005949 -0.051201
v 0.251049 0.002827 -0.051301
v 0.252352 -0.000223 -0.056646
v 0.259457 -0.019903 -0.054742
v 0.261134 -0.022335 -0.054293
v 0.266116 -0.025614 -0.075170
v 0.270248 -0.032596 -0.072800
v 0.269285 -0.032596 -0.072440
v 0.265285 -0.030265 -0.072069
v 0.267051 -0.032596 -0.069996
v 0.250817 -0.006478 -0.050845
v 0.298118 -0.019311 -0.090284
v 0.301982 -0.019311 -0.089249
v 0.298908 -0.019311 -0.093234
v 0.298064 -0.023036 -0.090085
v 0.297981 -0.025004 -0.089773
v 0.301928 -0.023036 -0.089050
v 0.301845 -0.025004 -0.088738
v 0.301730 -0.026684 -0.088309
v 0.297866 -0.026684 -0.089345
v 0.301536 -0.028537 -0.087585
v 0.301303 -0.030016 -0.086717
v 0.297672 -0.028537 -0.088620
v 0.297439 -0.030015 -0.087752
v 0.297290 -0.030728 -0.087195
v 0.297125 -0.031378 -0.086580
v 0.301154 -0.030728 -0.086160
v 0.300989 -0.031378 -0.085544
v 0.300805 -0.031979 -0.084858
v 0.300599 -0.032539 -0.084088
v 0.296941 -0.031979 -0.085893
v 0.296735 -0.032539 -0.085123
v 0.296338 -0.033384 -0.083641
v 0.295863 -0.034128 -0.081869
v 0.300202 -0.033384 -0.082606
v 0.299727 -0.034128 -0.080834
v 0.298794 -0.035085 -0.077351
v 0.297839 -0.035651 -0.073788
v 0.294930 -0.035085 -0.078387
v 0.293975 -0.035651 -0.074824
v 0.293013 -0.035968 -0.071231
v 0.292047 -0.036120 -0.067628
v 0.296876 -0.035968 -0.070196
v 0.295911 -0.036120 -0.066593
v 0.294945 -0.036161 -0.062988
v 0.291081 -0.036161 -0.064023
v 0.294945 -0.042161 -0.062988
v 0.290506 -0.036161 -0.046422
v 0.290506 -0.042161 -0.046422
v 0.286643 -0.036161 -0.047458
v 0.286643 -0.042161 -0.047458
v 0.291081 -0.042161 -0.064023
v 0.292181 -0.042109 -0.068128
v 0.293280 -0.041915 -0.072229
v 0.296045 -0.042109 -0.067093
v 0.297144 -0.041915 -0.071194
v 0.298239 -0.041508 -0.075280
v 0.294375 -0.041508 -0.076315
v 0.299322 -0.040785 -0.079325
v 0.295459 -0.040785 -0.080360
v 0.300378 -0.039599 -0.083264
v 0.300893 -0.038757 -0.085188
v 0.296514 -0.039599 -0.084299
v 0.297030 -0.038757 -0.086223
v 0.297504 -0.037758 -0.087993
v 0.297956 -0.036529 -0.089679
v 0.301368 -0.037758 -0.086957
v 0.301819 -0.036529 -0.088644
v 0.302222 -0.035101 -0.090147
v 0.298359 -0.035101 -0.091183
v 0.302569 -0.033493 -0.091440
v 0.298705 -0.033493 -0.092475
v 0.302865 -0.031666 -0.092545
v 0.299001 -0.031666 -0.093580
v 0.303090 -0.029797 -0.093384
v 0.299226 -0.029797 -0.094420
v 0.303270 -0.027724 -0.094058
v 0.303476 -0.023553 -0.094826
v 0.299406 -0.027724 -0.095093
v 0.299612 -0.023553 -0.095861
v 0.299671 -0.019311 -0.096080
v 0.299671 -0.015311 -0.096080
v 0.303535 -0.019311 -0.095045
v 0.303535 -0.015311 -0.095045
v 0.302772 -0.019311 -0.092198
v 0.302772 -0.015311 -0.092198
v 0.298908 -0.015311 -0.093234
v 0.302772 0.018865 -0.092198
v 0.301982 0.018865 -0.089249
v 0.298908 0.018865 -0.093234
v 0.303535 0.018865 -0.095045
v 0.302772 0.014865 -0.092198
v 0.303535 0.014865 -0.095045
v 0.298908 0.014865 -0.093234
v 0.299671 0.014865 -0.096080
v 0.299671 0.018865 -0.096080
v 0.299612 0.023107 -0.095861
v 0.299406 0.027278 -0.095093
v 0.303476 0.023107 -0.094826
v 0.303270 0.027278 -0.094058
v 0.303090 0.029351 -0.093384
v 0.302865 0.031220 -0.092545
v 0.299226 0.029351 -0.094420
v 0.299001 0.031220 -0.093580
v 0.298705 0.033047 -0.092475
v 0.298359 0.034655 -0.091183
v 0.302569 0.033047 -0.091440
v 0.302222 0.034655 -0.090147
v 0.301819 0.036083 -0.088644
v 0.301368 0.037313 -0.086957
v 0.297956 0.036083 -0.089679
v 0.297504 0.037312 -0.087993
v 0.297030 0.038311 -0.086223
v 0.296514 0.039153 -0.084299
v 0.300893 0.038311 -0.085188
v 0.300378 0.039153 -0.083264
v 0.299322 0.040339 -0.079325
v 0.298239 0.041062 -0.075280
v 0.295459 0.040339 -0.080360
v 0.294375 0.041062 -0.076315
v 0.293280 0.041469 -0.072229
v 0.292181 0.041663 -0.068128
v 0.297144 0.041469 -0.071194
v 0.296045 0.041663 -0.067093
v 0.294945 0.041715 -0.062988
v 0.291081 0.041715 -0.064023
v 0.294945 0.035715 -0.062988
v 0.290506 0.041715 -0.046422
v 0.290506 0.035715 -0.046422
v 0.286643 0.041715 -0.047458
v 0.286643 0.035715 -0.047458
v 0.291081 0.035715 -0.064023
v 0.292047 0.035674 -0.067628
v 0.293013 0.035522 -0.071231
v 0.295911 0.035674 -0.066593
v 0.296876 0.035522 -0.070196
v 0.297839 0.035205 -0.073788
v 0.298794 0.034639 -0.077351
v 0.293975 0.035205 -0.074824
v 0.294930 0.034639 -0.078387
v 0.295863 0.033682 -0.081869
v 0.296338 0.032938 -0.083641
v 0.299727 0.033682 -0.080834
v 0.300202 0.032938 -0.082606
v 0.300599 0.032093 -0.084088
v 0.300805 0.031533 -0.084858
v 0.296735 0.032093 -0.085123
v 0.296941 0.031533 -0.085893
v 0.297125 0.030932 -0.086580
v 0.297290 0.030283 -0.087195
v 0.300989 0.030932 -0.085544
v 0.301154 0.030283 -0.086160
v 0.301303 0.029570 -0.086717
v 0.301536 0.028091 -0.087585
v 0.297439 0.029570 -0.087752
v 0.297672 0.028091 -0.088620
v 0.297866 0.026238 -0.089345
v 0.297981 0.024558 -0.089773
v 0.301730 0.026238 -0.088309
v 0.301845 0.024558 -0.088738
v 0.301928 0.022590 -0.089050
v 0.298064 0.022590 -0.090085
v 0.298118 0.018865 -0.090284
v 0.274484 0.014865 -0.085641
v 0.278893 0.014865 -0.088081
v 0.274484 0.018865 -0.085641
v 0.270520 0.014865 -0.082529
v 0.270520 0.018865 -0.082529
v 0.267103 0.014865 -0.078825
v 0.267103 0.018865 -0.078825
v 0.264319 0.014865 -0.074624
v 0.264319 0.018865 -0.074624
v 0.262241 0.014865 -0.070033
v 0.262241 0.018865 -0.070033
v 0.261990 0.014865 -0.069474
v 0.261990 0.018865 -0.069474
v 0.261658 0.014865 -0.068961
v 0.261658 0.018865 -0.068961
v 0.261250 0.014865 -0.068504
v 0.260948 0.014865 -0.068169
v 0.261250 0.018865 -0.068504
v 0.260948 0.018865 -0.068169
v 0.260673 0.018865 -0.067778
v 0.260191 0.018865 -0.066844
v 0.260673 0.014865 -0.067778
v 0.260191 0.014865 -0.066844
v 0.259540 0.014865 -0.064973
v 0.259540 0.018865 -0.064973
v 0.259018 0.014865 -0.063064
v 0.259018 0.018865 -0.063064
v 0.258505 0.014865 -0.061150
v 0.258505 0.018865 -0.061150
v 0.257993 0.014865 -0.059236
v 0.257993 0.018865 -0.059236
v 0.257480 0.014865 -0.057323
v 0.257480 0.018865 -0.057323
v 0.256967 0.014865 -0.055409
v 0.256967 0.018865 -0.055409
v 0.252331 0.014865 -0.056651
v 0.253836 0.014865 -0.062271
v 0.252331 0.018865 -0.056651
v 0.253836 0.018865 -0.062271
v 0.255341 0.018865 -0.067885
v 0.255341 0.014865 -0.067885
v 0.257115 0.018865 -0.073425
v 0.257115 0.014865 -0.073425
v 0.259702 0.018865 -0.078629
v 0.259702 0.014865 -0.078629
v 0.263062 0.018865 -0.083371
v 0.263062 0.014865 -0.083371
v 0.267114 0.018865 -0.087536
v 0.267114 0.014865 -0.087536
v 0.271761 0.018865 -0.091027
v 0.271761 0.014865 -0.091027
v 0.276891 0.018865 -0.093757
v 0.276891 0.014865 -0.093757
v 0.282381 0.018865 -0.095663
v 0.282381 0.014865 -0.095663
v 0.288099 0.018865 -0.096699
v 0.288099 0.014865 -0.096699
v 0.293909 0.018865 -0.096839
v 0.293909 0.014865 -0.096839
v 0.299671 0.018865 -0.096080
v 0.299671 0.014865 -0.096080
v 0.298908 0.018865 -0.093234
v 0.298908 0.014865 -0.093234
v 0.302772 0.018865 -0.092198
v 0.303535 0.018865 -0.095045
v 0.302772 0.014865 -0.092198
v 0.303535 0.014865 -0.095045
v 0.308904 0.014865 -0.092821
v 0.308904 0.018865 -0.092821
v 0.313865 0.014865 -0.089795
v 0.313865 0.018865 -0.089795
v 0.318300 0.014865 -0.086039
v 0.318300 0.018865 -0.086039
v 0.322101 0.014865 -0.081643
v 0.322101 0.018865 -0.081643
v 0.325179 0.014865 -0.076713
v 0.325179 0.018865 -0.076713
v 0.327458 0.014865 -0.071368
v 0.327458 0.018865 -0.071368
v 0.328884 0.014865 -0.065734
v 0.328884 0.018865 -0.065734
v 0.329423 0.014865 -0.059947
v 0.329423 0.018865 -0.059947
v 0.329062 0.014865 -0.054147
v 0.329062 0.018865 -0.054147
v 0.327828 0.014865 -0.048462
v 0.327828 0.018865 -0.048462
v 0.326324 0.014865 -0.042848
v 0.326324 0.018865 -0.042848
v 0.324818 0.014865 -0.037229
v 0.324818 0.018865 -0.037229
v 0.320182 0.014865 -0.038471
v 0.320182 0.018865 -0.038471
v 0.320694 0.014865 -0.040384
v 0.320694 0.018865 -0.040384
v 0.321207 0.014865 -0.042298
v 0.321207 0.018865 -0.042298
v 0.321720 0.014865 -0.044212
v 0.321720 0.018865 -0.044212
v 0.322233 0.014865 -0.046125
v 0.322233 0.018865 -0.046125
v 0.322736 0.014865 -0.048040
v 0.322736 0.018865 -0.048040
v 0.323107 0.014865 -0.049986
v 0.323156 0.014865 -0.051035
v 0.323107 0.018865 -0.049986
v 0.323156 0.018865 -0.051035
v 0.323114 0.018865 -0.051512
v 0.323020 0.018865 -0.051953
v 0.323114 0.014865 -0.051512
v 0.323020 0.014865 -0.051953
v 0.322895 0.014865 -0.052552
v 0.322895 0.018865 -0.052552
v 0.322864 0.014865 -0.053163
v 0.322864 0.018865 -0.053163
v 0.322926 0.014865 -0.053772
v 0.323422 0.014865 -0.058787
v 0.322926 0.018865 -0.053772
v 0.323422 0.018865 -0.058787
v 0.323112 0.018865 -0.063817
v 0.323112 0.014865 -0.063817
v 0.322004 0.018865 -0.068733
v 0.320128 0.018865 -0.073410
v 0.322004 0.014865 -0.068733
v 0.320128 0.014865 -0.073410
v 0.317530 0.014865 -0.077728
v 0.318606 0.014865 -0.081744
v 0.317530 0.018865 -0.077728
v 0.318606 0.018865 -0.081744
v 0.314742 0.018865 -0.082779
v 0.314742 0.014865 -0.082779
v 0.314389 0.018865 -0.081463
v 0.314389 0.014865 -0.081463
v 0.310782 0.018865 -0.084615
v 0.306739 0.018865 -0.087184
v 0.310782 0.014865 -0.084615
v 0.306739 0.014865 -0.087184
v 0.302353 0.014865 -0.089110
v 0.297726 0.014865 -0.090350
v 0.302353 0.018865 -0.089110
v 0.297726 0.018865 -0.090350
v 0.292965 0.018865 -0.090874
v 0.288179 0.018865 -0.090671
v 0.292965 0.014865 -0.090874
v 0.288179 0.014865 -0.090671
v 0.283480 0.014865 -0.089745
v 0.283480 0.018865 -0.089745
v 0.283832 0.014865 -0.091061
v 0.283832 0.018865 -0.091061
v 0.279969 0.014865 -0.092097
v 0.279969 0.018865 -0.092097
v 0.278893 0.018865 -0.088081
v 0.274484 -0.019311 -0.085641
v 0.278893 -0.019311 -0.088081
v 0.274484 -0.015311 -0.085641
v 0.270520 -0.019311 -0.082529
v 0.270520 -0.015311 -0.082529
v 0.267103 -0.019311 -0.078825
v 0.267103 -0.015311 -0.078825
v 0.264319 -0.019311 -0.074624
v 0.264319 -0.015311 -0.074624
v 0.262241 -0.019311 -0.070033
v 0.262241 -0.015311 -0.070033
v 0.261990 -0.019311 -0.069474
v 0.261990 -0.015311 -0.069474
v 0.261658 -0.019311 -0.068961
v 0.261658 -0.015311 -0.068961
v 0.261250 -0.019311 -0.068504
v 0.260948 -0.019311 -0.068169
v 0.261250 -0.015311 -0.068504
v 0.260948 -0.015311 -0.068169
v 0.260673 -0.015311 -0.067778
v 0.260191 -0.015311 -0.066844
v 0.260673 -0.019311 -0.067778
v 0.260191 -0.019311 -0.066844
v 0.259540 -0.019311 -0.064973
v 0.259018 -0.019311 -0.063064
v 0.259540 -0.015311 -0.064973
v 0.259018 -0.015311 -0.063064
v 0.258505 -0.015311 -0.061150
v 0.258505 -0.019311 -0.061150
v 0.257993 -0.015311 -0.059236
v 0.257993 -0.019311 -0.059236
v 0.257480 -0.015311 -0.057323
v 0.257480 -0.019311 -0.057323
v 0.256967 -0.015311 -0.055409
v 0.256967 -0.019311 -0.055409
v 0.252331 -0.015311 -0.056651
v 0.253836 -0.015311 -0.062271
v 0.252331 -0.019311 -0.056651
v 0.253836 -0.019311 -0.062271
v 0.255341 -0.019311 -0.067885
v 0.255341 -0.015311 -0.067885
v 0.257115 -0.019311 -0.073425
v 0.257115 -0.015311 -0.073425
v 0.259702 -0.019311 -0.078629
v 0.259702 -0.015311 -0.078629
v 0.263062 -0.019311 -0.083370
v 0.263062 -0.015311 -0.083370
v 0.267114 -0.019311 -0.087536
v 0.267114 -0.015311 -0.087536
v 0.271761 -0.019311 -0.091027
v 0.271761 -0.015311 -0.091027
v 0.276891 -0.019311 -0.093757
v 0.276891 -0.015311 -0.093757
v 0.282381 -0.019311 -0.095663
v 0.282381 -0.015311 -0.095663
v 0.288099 -0.019311 -0.096699
v 0.288099 -0.015311 -0.096699
v 0.293909 -0.019311 -0.096839
v 0.293909 -0.015311 -0.096839
v 0.299671 -0.019311 -0.096080
v 0.299671 -0.015311 -0.096080
v 0.298908 -0.019311 -0.093234
v 0.298908 -0.015311 -0.093234
v 0.302772 -0.019311 -0.092198
v 0.302772 -0.015311 -0.092198
v 0.303535 -0.019311 -0.095045
v 0.308904 -0.019311 -0.092821
v 0.303535 -0.015311 -0.095045
v 0.308904 -0.015311 -0.092821
v 0.313865 -0.015311 -0.089795
v 0.313865 -0.019311 -0.089795
v 0.318300 -0.015311 -0.086039
v 0.318300 -0.019311 -0.086039
v 0.322101 -0.015311 -0.081643
v 0.322101 -0.019311 -0.081643
v 0.325179 -0.015311 -0.076713
v 0.325179 -0.019311 -0.076713
v 0.327458 -0.015311 -0.071367
v 0.327458 -0.019311 -0.071367
v 0.328884 -0.015311 -0.065734
v 0.328884 -0.019311 -0.065734
v 0.329423 -0.015311 -0.059947
v 0.329423 -0.019311 -0.059947
v 0.329062 -0.015311 -0.054147
v 0.329062 -0.019311 -0.054147
v 0.327828 -0.015311 -0.048462
v 0.327828 -0.019311 -0.048462
v 0.326324 -0.015311 -0.042848
v 0.326324 -0.019311 -0.042848
v 0.324818 -0.015311 -0.037229
v 0.324818 -0.019311 -0.037229
v 0.320182 -0.015311 -0.038471
v 0.320182 -0.019311 -0.038471
v 0.320695 -0.015311 -0.040384
v 0.320695 -0.019311 -0.040384
v 0.321207 -0.015311 -0.042298
v 0.321207 -0.019311 -0.042298
v 0.321720 -0.015311 -0.044212
v 0.321720 -0.019311 -0.044212
v 0.322233 -0.015311 -0.046125
v 0.322233 -0.019311 -0.046125
v 0.322736 -0.015311 -0.048040
v 0.322736 -0.019311 -0.048040
v 0.323107 -0.015311 -0.049986
v 0.323107 -0.019311 -0.049986
v 0.323156 -0.015311 -0.051035
v 0.323156 -0.019311 -0.051035
v 0.323114 -0.015311 -0.051512
v 0.323020 -0.015311 -0.051953
v 0.323114 -0.019311 -0.051512
v 0.323020 -0.019311 -0.051953
v 0.322895 -0.019311 -0.052552
v 0.322895 -0.015311 -0.052552
v 0.322864 -0.019311 -0.053163
v 0.322864 -0.015311 -0.053163
v 0.322926 -0.019311 -0.053772
v 0.323422 -0.019311 -0.058787
v 0.322926 -0.015311 -0.053772
v 0.323422 -0.015311 -0.058787
v 0.323112 -0.015311 -0.063817
v 0.323112 -0.019311 -0.063817
v 0.322005 -0.015311 -0.068733
v 0.320128 -0.015311 -0.073410
v 0.322005 -0.019311 -0.068733
v 0.320128 -0.019311 -0.073410
v 0.317530 -0.019311 -0.077728
v 0.318606 -0.019311 -0.081744
v 0.317530 -0.015311 -0.077728
v 0.318606 -0.015311 -0.081744
v 0.314742 -0.015311 -0.082779
v 0.314389 -0.015311 -0.081463
v 0.314742 -0.019311 -0.082779
v 0.314389 -0.019311 -0.081463
v 0.310782 -0.019311 -0.084615
v 0.306739 -0.019311 -0.087184
v 0.310782 -0.015311 -0.084615
v 0.306739 -0.015311 -0.087184
v 0.302353 -0.015311 -0.089110
v 0.297726 -0.015311 -0.090350
v 0.302353 -0.019311 -0.089110
v 0.297726 -0.019311 -0.090350
v 0.292965 -0.019311 -0.090874
v 0.292965 -0.015311 -0.090874
v 0.288179 -0.019311 -0.090671
v 0.283480 -0.019311 -0.089745
v 0.288179 -0.015311 -0.090671
v 0.283480 -0.015311 -0.089745
v 0.283832 -0.015311 -0.091061
v 0.283832 -0.019311 -0.091061
v 0.279969 -0.015311 -0.092097
v 0.278893 -0.015311 -0.088081
v 0.279969 -0.019311 -0.092097
v 0.269256 0.032715 -0.052116
v 0.269256 0.036715 -0.052116
v 0.273120 0.032715 -0.051081
v 0.269385 0.032715 -0.052599
v 0.273824 0.032715 -0.069165
v 0.277688 0.032715 -0.068129
v 0.274670 0.032705 -0.072323
v 0.278534 0.032705 -0.071288
v 0.275516 0.032629 -0.075481
v 0.276360 0.032398 -0.078631
v 0.279380 0.032629 -0.074446
v 0.280224 0.032398 -0.077596
v 0.281058 0.031865 -0.080710
v 0.277195 0.031865 -0.081745
v 0.281499 0.031355 -0.082354
v 0.277635 0.031355 -0.083390
v 0.281850 0.030736 -0.083664
v 0.277986 0.030736 -0.084699
v 0.282042 0.030257 -0.084382
v 0.278179 0.030257 -0.085417
v 0.282201 0.029735 -0.084973
v 0.278337 0.029735 -0.086008
v 0.282334 0.029155 -0.085468
v 0.278470 0.029155 -0.086504
v 0.282448 0.028483 -0.085895
v 0.278584 0.028483 -0.086931
v 0.282528 0.027861 -0.086194
v 0.282599 0.027143 -0.086458
v 0.278664 0.027861 -0.087229
v 0.278735 0.027143 -0.087493
v 0.278845 0.025388 -0.087904
v 0.278923 0.022135 -0.088195
v 0.282709 0.025388 -0.086869
v 0.282787 0.022135 -0.087160
v 0.282797 0.018865 -0.087198
v 0.278933 0.018865 -0.088233
v 0.282797 0.014865 -0.087198
v 0.278933 0.014865 -0.088233
v 0.283832 0.014865 -0.091061
v 0.283832 0.018865 -0.091061
v 0.279969 0.014865 -0.092097
v 0.279969 0.018865 -0.092097
v 0.279956 0.022436 -0.092051
v 0.279869 0.025989 -0.091725
v 0.283820 0.022436 -0.091015
v 0.283733 0.025989 -0.090689
v 0.283630 0.027782 -0.090308
v 0.279767 0.027782 -0.091343
v 0.283482 0.029417 -0.089753
v 0.279618 0.029417 -0.090789
v 0.283261 0.031011 -0.088930
v 0.283127 0.031727 -0.088430
v 0.279397 0.031011 -0.089965
v 0.279264 0.031727 -0.089466
v 0.279114 0.032388 -0.088908
v 0.278950 0.032989 -0.088297
v 0.282978 0.032388 -0.087872
v 0.282814 0.032989 -0.087261
v 0.282635 0.033537 -0.086594
v 0.278771 0.033537 -0.087629
v 0.282234 0.034477 -0.085095
v 0.278370 0.034477 -0.086130
v 0.281821 0.035160 -0.083554
v 0.277957 0.035160 -0.084589
v 0.281366 0.035692 -0.081858
v 0.277502 0.035692 -0.082893
v 0.280457 0.036321 -0.078464
v 0.276593 0.036321 -0.079500
v 0.279536 0.036606 -0.075027
v 0.275672 0.036606 -0.076062
v 0.278612 0.036702 -0.071579
v 0.274748 0.036702 -0.072614
v 0.277688 0.036715 -0.068129
v 0.273249 0.036715 -0.051564
v 0.273824 0.036715 -0.069165
v 0.269385 0.036715 -0.052599
v 0.273120 0.036715 -0.051081
v 0.273249 0.032715 -0.051564
v 0.307893 0.032715 -0.041764
v 0.307893 0.036715 -0.041764
v 0.304029 0.032715 -0.042799
v 0.308022 0.032715 -0.042247
v 0.312461 0.032715 -0.058812
v 0.308597 0.032715 -0.059847
v 0.313307 0.032705 -0.061970
v 0.314153 0.032629 -0.065128
v 0.309444 0.032705 -0.063006
v 0.310290 0.032629 -0.066163
v 0.311134 0.032398 -0.069313
v 0.314997 0.032398 -0.068278
v 0.311968 0.031865 -0.072427
v 0.315832 0.031865 -0.071392
v 0.312409 0.031355 -0.074072
v 0.316272 0.031355 -0.073037
v 0.312760 0.030736 -0.075381
v 0.316623 0.030736 -0.074346
v 0.312952 0.030257 -0.076099
v 0.316816 0.030257 -0.075064
v 0.313110 0.029735 -0.076691
v 0.316974 0.029735 -0.075655
v 0.313243 0.029155 -0.077186
v 0.317107 0.029155 -0.076151
v 0.313358 0.028483 -0.077613
v 0.317221 0.028483 -0.076578
v 0.313438 0.027861 -0.077912
v 0.317301 0.027861 -0.076876
v 0.313508 0.027143 -0.078176
v 0.317372 0.027143 -0.077140
v 0.313618 0.025388 -0.078587
v 0.317482 0.025388 -0.077551
v 0.313696 0.022135 -0.078878
v 0.317560 0.022135 -0.077842
v 0.313707 0.018865 -0.078916
v 0.317570 0.018865 -0.077880
v 0.313707 0.014865 -0.078916
v 0.317570 0.014865 -0.077880
v 0.314742 0.014865 -0.082779
v 0.314742 0.018865 -0.082779
v 0.318606 0.014865 -0.081744
v 0.318606 0.018865 -0.081744
v 0.318593 0.022436 -0.081698
v 0.318506 0.025989 -0.081372
v 0.314730 0.022436 -0.082733
v 0.314642 0.025989 -0.082407
v 0.314540 0.027782 -0.082026
v 0.314391 0.029417 -0.081471
v 0.318404 0.027782 -0.080991
v 0.318255 0.029417 -0.080436
v 0.318034 0.031011 -0.079612
v 0.317901 0.031727 -0.079113
v 0.314171 0.031011 -0.080648
v 0.314037 0.031727 -0.080148
v 0.313887 0.032388 -0.079590
v 0.317751 0.032388 -0.078555
v 0.313724 0.032989 -0.078979
v 0.317587 0.032989 -0.077944
v 0.313545 0.033537 -0.078312
v 0.317409 0.033537 -0.077277
v 0.313143 0.034477 -0.076813
v 0.317007 0.034477 -0.075778
v 0.312730 0.035160 -0.075272
v 0.316594 0.035160 -0.074237
v 0.312276 0.035692 -0.073576
v 0.316140 0.035692 -0.072541
v 0.311366 0.036321 -0.070182
v 0.315230 0.036321 -0.069147
v 0.310445 0.036606 -0.066745
v 0.314309 0.036606 -0.065709
v 0.309522 0.036702 -0.063297
v 0.313385 0.036702 -0.062261
v 0.308597 0.036715 -0.059847
v 0.304159 0.036715 -0.043282
v 0.312461 0.036715 -0.058812
v 0.308022 0.036715 -0.042247
v 0.304029 0.036715 -0.042799
v 0.304159 0.032715 -0.043282
v 0.307893 -0.033161 -0.041764
v 0.307893 -0.037161 -0.041764
v 0.304029 -0.033161 -0.042799
v 0.308022 -0.033161 -0.042247
v 0.312461 -0.033161 -0.058812
v 0.308597 -0.033161 -0.059847
v 0.313307 -0.033151 -0.061970
v 0.309444 -0.033151 -0.063006
v 0.314153 -0.033075 -0.065128
v 0.314997 -0.032843 -0.068278
v 0.310290 -0.033075 -0.066163
v 0.311134 -0.032843 -0.069313
v 0.311968 -0.032311 -0.072427
v 0.315832 -0.032311 -0.071392
v 0.312409 -0.031801 -0.074072
v 0.316272 -0.031801 -0.073037
v 0.312760 -0.031182 -0.075381
v 0.316623 -0.031182 -0.074346
v 0.312952 -0.030703 -0.076099
v 0.316816 -0.030703 -0.075064
v 0.313110 -0.030181 -0.076691
v 0.316974 -0.030181 -0.075655
v 0.313243 -0.029601 -0.077186
v 0.317107 -0.029601 -0.076151
v 0.313358 -0.028929 -0.077613
v 0.317221 -0.028929 -0.076578
v 0.313438 -0.028307 -0.077912
v 0.313508 -0.027589 -0.078176
v 0.317301 -0.028307 -0.076876
v 0.317372 -0.027589 -0.077140
v 0.317482 -0.025834 -0.077551
v 0.317560 -0.022581 -0.077842
v 0.313618 -0.025834 -0.078587
v 0.313696 -0.022581 -0.078878
v 0.313707 -0.019311 -0.078916
v 0.317570 -0.019311 -0.077880
v 0.313707 -0.015311 -0.078916
v 0.317570 -0.015311 -0.077880
v 0.314742 -0.015311 -0.082779
v 0.314742 -0.019311 -0.082779
v 0.318606 -0.015311 -0.081744
v 0.318606 -0.019311 -0.081744
v 0.318593 -0.022882 -0.081698
v 0.318506 -0.026435 -0.081372
v 0.314730 -0.022882 -0.082733
v 0.314642 -0.026435 -0.082407
v 0.314540 -0.028228 -0.082026
v 0.318404 -0.028228 -0.080991
v 0.314391 -0.029863 -0.081471
v 0.318255 -0.029863 -0.080436
v 0.314171 -0.031457 -0.080648
v 0.314037 -0.032173 -0.080148
v 0.318034 -0.031457 -0.079612
v 0.317901 -0.032173 -0.079113
v 0.317751 -0.032834 -0.078555
v 0.317587 -0.033435 -0.077944
v 0.313887 -0.032834 -0.079590
v 0.313724 -0.033435 -0.078979
v 0.313545 -0.033983 -0.078312
v 0.317409 -0.033983 -0.077277
v 0.313143 -0.034923 -0.076813
v 0.317007 -0.034923 -0.075778
v 0.312730 -0.035606 -0.075272
v 0.316594 -0.035606 -0.074237
v 0.312276 -0.036138 -0.073576
v 0.316140 -0.036138 -0.072541
v 0.311366 -0.036767 -0.070182
v 0.315230 -0.036767 -0.069147
v 0.310445 -0.037052 -0.066745
v 0.314309 -0.037052 -0.065709
v 0.309522 -0.037148 -0.063297
v 0.313385 -0.037148 -0.062261
v 0.308597 -0.037161 -0.059847
v 0.304159 -0.037161 -0.043282
v 0.312461 -0.037161 -0.058812
v 0.308022 -0.037161 -0.042247
v 0.304029 -0.037161 -0.042799
v 0.304159 -0.033161 -0.043282
v 0.269256 -0.033161 -0.052116
v 0.269256 -0.037161 -0.052116
v 0.273120 -0.033161 -0.051081
v 0.269385 -0.033161 -0.052599
v 0.273824 -0.033161 -0.069165
v 0.277688 -0.033161 -0.068129
v 0.274670 -0.033151 -0.072323
v 0.275516 -0.033075 -0.075481
v 0.278534 -0.033151 -0.071288
v 0.279380 -0.033075 -0.074446
v 0.280224 -0.032843 -0.077596
v 0.276360 -0.032843 -0.078631
v 0.281058 -0.032311 -0.080710
v 0.277195 -0.032311 -0.081745
v 0.281499 -0.031801 -0.082354
v 0.277635 -0.031801 -0.083390
v 0.281850 -0.031182 -0.083664
v 0.277986 -0.031182 -0.084699
v 0.282042 -0.030703 -0.084382
v 0.278179 -0.030703 -0.085417
v 0.282201 -0.030181 -0.084973
v 0.278337 -0.030181 -0.086008
v 0.282334 -0.029601 -0.085468
v 0.278470 -0.029601 -0.086504
v 0.282448 -0.028929 -0.085895
v 0.278584 -0.028929 -0.086931
v 0.282528 -0.028307 -0.086194
v 0.278664 -0.028307 -0.087229
v 0.282599 -0.027589 -0.086458
v 0.278735 -0.027589 -0.087493
v 0.282709 -0.025834 -0.086869
v 0.278845 -0.025834 -0.087904
v 0.282787 -0.022581 -0.087160
v 0.278923 -0.022581 -0.088195
v 0.282797 -0.019311 -0.087198
v 0.278933 -0.019311 -0.088233
v 0.282797 -0.015311 -0.087198
v 0.278933 -0.015311 -0.088233
v 0.283832 -0.015311 -0.091061
v 0.283832 -0.019311 -0.091061
v 0.279969 -0.015311 -0.092097
v 0.279969 -0.019311 -0.092097
v 0.279956 -0.022882 -0.092051
v 0.279869 -0.026435 -0.091725
v 0.283820 -0.022882 -0.091015
v 0.283733 -0.026435 -0.090689
v 0.283630 -0.028228 -0.090308
v 0.283482 -0.029863 -0.089753
v 0.279767 -0.028228 -0.091343
v 0.279618 -0.029863 -0.090789
v 0.279397 -0.031457 -0.089965
v 0.279264 -0.032173 -0.089466
v 0.283261 -0.031457 -0.088930
v 0.283127 -0.032173 -0.088430
v 0.282978 -0.032834 -0.087872
v 0.279114 -0.032834 -0.088908
v 0.282814 -0.033435 -0.087261
v 0.278950 -0.033435 -0.088297
v 0.282635 -0.033983 -0.086594
v 0.278772 -0.033983 -0.087629
v 0.282234 -0.034923 -0.085095
v 0.278370 -0.034923 -0.086130
v 0.281821 -0.035606 -0.083554
v 0.277957 -0.035606 -0.084589
v 0.281366 -0.036138 -0.081858
v 0.277503 -0.036138 -0.082893
v 0.280457 -0.036767 -0.078464
v 0.276593 -0.036767 -0.079500
v 0.279536 -0.037052 -0.075027
v 0.275672 -0.037052 -0.076062
v 0.278612 -0.037148 -0.071579
v 0.274748 -0.037148 -0.072614
v 0.277688 -0.037161 -0.068129
v 0.273249 -0.037161 -0.051564
v 0.273824 -0.037161 -0.069165
v 0.269385 -0.037161 -0.052599
v 0.273120 -0.037161 -0.051081
v 0.273249 -0.033161 -0.051564
vn 0.0000 -1.0000 -0.0000
vn 0.0000 1.0000 0.0000
vn 0.2588 -0.0000 -0.9659
vn 0.2588 0.0001 -0.9659
vn 0.2588 0.0002 -0.9659
vn 0.1830 0.7071 -0.6830
vn 0.1830 0.7072 -0.6829
vn 0.1266 0.7047 -0.6981
vn 0.0762 0.6984 -0.7117
vn 0.0713 0.6975 -0.7130
vn 0.0154 0.6854 -0.7280
vn -0.0281 0.6725 -0.7396
vn -0.0383 0.6690 -0.7423
vn -0.0914 0.6476 -0.7565
vn -0.1271 0.6300 -0.7661
vn -0.1418 0.6220 -0.7700
vn -0.1906 0.5920 -0.7831
vn -0.2185 0.5720 -0.7906
vn -0.2364 0.5581 -0.7954
vn -0.2796 0.5202 -0.8070
vn -0.2999 0.5000 -0.8124
vn -0.3000 0.5000 -0.8124
vn -0.3195 0.4789 -0.8177
vn -0.3696 0.4156 -0.8311
vn -0.3696 0.4156 -0.8311
vn -0.3889 0.3865 -0.8363
vn -0.4256 0.3210 -0.8461
vn -0.4255 0.3210 -0.8461
vn -0.4426 0.2836 -0.8507
vn -0.4666 0.2185 -0.8571
vn -0.4666 0.2185 -0.8571
vn -0.4793 0.1729 -0.8605
vn -0.4977 0.0575 -0.8654
vn -0.5000 0.0000 -0.8660
vn -0.4916 0.1106 -0.8638
vn -0.5000 -0.0000 -0.8660
vn -0.3445 -0.7235 -0.5982
vn 0.2589 -0.0001 -0.9659
vn 0.2589 -0.0002 -0.9659
vn 0.2588 0.0001 -0.9659
vn -0.4976 -0.0580 -0.8655
vn -0.4977 -0.0580 -0.8654
vn -0.6689 -0.7215 -0.1791
vn -0.6967 -0.6927 -0.1866
vn -0.9660 -0.0000 -0.2586
vn -0.9627 -0.0819 -0.2578
vn -0.9627 -0.0820 -0.2579
vn -0.9527 -0.1646 -0.2553
vn -0.4908 -0.1160 -0.8635
vn -0.4911 -0.1159 -0.8633
vn -0.2190 -0.5323 0.8177
vn -0.0593 0.0000 0.9982
vn -0.2588 -0.0002 0.9659
vn -0.9529 -0.1641 -0.2552
vn -0.9365 -0.2450 -0.2508
vn -0.9365 -0.2450 -0.2509
vn -0.9137 -0.3243 -0.2448
vn -0.4793 -0.1733 -0.8604
vn -0.4792 -0.1733 -0.8604
vn -0.4631 -0.2293 -0.8561
vn -0.4630 -0.2293 -0.8562
vn -0.4426 -0.2838 -0.8506
vn -0.4426 -0.2838 -0.8506
vn -0.9137 -0.3244 -0.2449
vn -0.8848 -0.4013 -0.2370
vn -0.8843 -0.4022 -0.2370
vn -0.8496 -0.4759 -0.2275
vn -0.4177 -0.3363 -0.8441
vn -0.4177 -0.3363 -0.8440
vn 0.2587 0.0000 -0.9660
vn 0.2589 0.0001 -0.9659
vn 0.2591 -0.0001 -0.9658
vn -0.0000 -1.0000 -0.0000
vn -0.0000 -1.0000 -0.0000
vn 0.0000 -1.0000 -0.0000
vn -0.8314 -0.5091 -0.2228
vn -0.8088 -0.5467 -0.2166
vn 0.0000 1.0000 0.0000
vn 0.0000 1.0000 0.0000
vn 0.0000 1.0000 0.0000
vn -0.2589 -0.0000 0.9659
vn -0.2589 -0.0000 0.9659
vn -0.2589 -0.0000 0.9659
vn -0.8088 -0.5467 -0.2166
vn -0.7623 -0.6142 -0.2042
vn -0.3561 -0.4343 -0.8274
vn -0.3889 -0.3866 -0.8363
vn -0.3560 -0.4343 -0.8274
vn -0.3889 -0.3866 -0.8363
vn -0.3194 -0.4789 -0.8177
vn -0.3195 -0.4789 -0.8177
vn -0.2799 -0.5205 -0.8067
vn -0.2796 -0.5203 -0.8069
vn -0.7623 -0.6142 -0.2042
vn -0.7108 -0.6772 -0.1904
vn -0.7107 -0.6772 -0.1904
vn -0.6542 -0.7357 -0.1753
vn -0.6541 -0.7358 -0.1753
vn -0.5932 -0.7892 -0.1590
vn -0.2364 -0.5581 -0.7954
vn -0.2364 -0.5581 -0.7954
vn -0.5932 -0.7892 -0.1590
vn -0.5283 -0.8372 -0.1416
vn -0.1907 -0.5923 -0.7829
vn -0.1907 -0.5923 -0.7828
vn -0.1416 -0.6221 -0.7700
vn -0.1413 -0.6211 -0.7709
vn -0.1420 -0.6217 -0.7703
vn -0.0912 -0.6477 -0.7565
vn -0.0950 -0.6393 -0.7631
vn -0.0954 -0.6397 -0.7626
vn -0.0386 -0.6689 -0.7423
vn -0.0357 -0.6720 -0.7397
vn -0.0352 -0.6716 -0.7401
vn -0.3129 -0.9461 -0.0839
vn -0.3105 -0.9469 -0.0837
vn -0.3106 -0.9468 -0.0846
vn -0.3836 -0.9175 -0.1048
vn -0.4569 -0.8813 -0.1211
vn -0.4121 -0.9044 -0.1104
vn -0.2588 -0.0001 0.9659
vn -0.2589 -0.0000 0.9659
vn -0.2588 -0.0001 0.9659
vn -0.2372 -0.9694 -0.0636
vn -0.2401 -0.9686 -0.0639
vn -0.2407 -0.9685 -0.0639
vn -0.1576 -0.9866 -0.0422
vn -0.0597 -0.9981 -0.0160
vn -0.1518 -0.9876 -0.0407
vn 0.0157 -0.6857 -0.7278
vn 0.0163 -0.6756 -0.7371
vn 0.0162 -0.6755 -0.7372
vn 0.0713 -0.6976 -0.7130
vn 0.0240 -0.9181 -0.3956
vn 0.0724 -0.7097 -0.7008
vn -0.0798 -0.9966 -0.0214
vn -0.0760 -0.9969 -0.0207
vn -0.0763 -0.9969 -0.0205
vn 0.1267 -0.7047 -0.6981
vn 0.1218 -0.6902 -0.7133
vn 0.1221 -0.6896 -0.7138
vn 0.0001 -1.0000 -0.0004
vn -0.0515 -0.9986 -0.0138
vn 0.1830 -0.7072 -0.6829
vn 0.0845 -0.9224 -0.3769
vn 0.1816 -0.7051 -0.6855
vn 0.2397 -0.7047 -0.6678
vn 0.2362 -0.7096 -0.6639
vn 0.2364 -0.7095 -0.6639
vn 0.2946 -0.6976 -0.6531
vn 0.1462 -0.9209 -0.3612
vn 0.2975 -0.6838 -0.6663
vn 0.1585 -0.9864 0.0425
vn 0.0994 -0.9947 0.0266
vn 0.1542 -0.9872 0.0413
vn 0.0829 -0.9963 0.0207
vn 0.0135 -0.9999 0.0056
vn 0.0515 -0.9986 0.0138
vn -0.2588 0.0000 0.9659
vn -0.2588 0.0000 0.9659
vn -0.2588 0.0001 0.9659
vn -0.9659 0.0000 -0.2587
vn -0.9659 0.0000 -0.2587
vn -0.9659 0.0000 -0.2587
vn 0.2591 0.0000 -0.9659
vn 0.2591 0.0000 -0.9659
vn 0.2590 0.0000 -0.9659
vn 0.9659 -0.0000 0.2588
vn 0.9659 -0.0000 0.2588
vn 0.9659 -0.0000 0.2588
vn 0.1830 0.9819 0.0490
vn 0.0797 0.9966 0.0214
vn 0.0537 0.9985 0.0144
vn -0.0145 0.9984 0.0539
vn -0.0679 0.9969 0.0392
vn 0.0392 0.9969 0.0679
vn 0.1433 0.9850 0.0956
vn 0.0653 0.9951 0.0748
vn 0.1433 0.9850 0.0958
vn 0.0650 0.9951 0.0749
vn 0.0654 0.9951 0.0748
vn -0.0144 0.9985 0.0536
vn -0.2588 -0.0001 0.9659
vn -0.2587 -0.0001 0.9660
vn -0.2590 -0.0003 0.9659
vn 0.2225 0.9679 0.1169
vn 0.1438 0.9849 0.0960
vn 0.2987 0.9444 0.1371
vn 0.2223 0.9679 0.1170
vn 0.3730 0.9144 0.1573
vn 0.2983 0.9445 0.1374
vn 0.4442 0.8784 0.1764
vn 0.3727 0.9145 0.1573
vn 0.2984 0.9445 0.1373
vn 0.3731 0.9144 0.1574
vn 0.4142 0.8945 0.1684
vn 0.5131 0.8360 0.1946
vn 0.4444 0.8783 0.1765
vn 0.4441 0.8784 0.1765
vn 0.5131 0.8359 0.1950
vn 0.2587 -0.0000 -0.9660
vn 0.2588 0.0002 -0.9659
vn 0.2587 -0.0001 -0.9660
vn 0.3880 0.9158 0.1040
vn 0.3129 0.9461 0.0839
vn 0.3089 0.9475 0.0828
vn -0.9659 0.0000 -0.2588
vn -0.9659 0.0000 -0.2588
vn -0.9659 0.0000 -0.2588
vn 0.2588 0.0000 -0.9659
vn 0.2588 0.0000 -0.9659
vn 0.2588 0.0000 -0.9659
vn -0.2636 -0.9620 -0.0706
vn -0.3680 -0.9246 -0.0986
vn -0.2636 -0.9620 -0.0706
vn -0.1557 -0.9869 -0.0417
vn -0.1557 -0.9869 -0.0417
vn -0.0460 -0.9989 -0.0123
vn 0.3090 0.9475 0.0828
vn 0.2371 0.9694 0.0635
vn 0.2224 0.9679 0.1170
vn 0.2941 0.9460 0.1362
vn 0.1683 0.9804 0.1025
vn 0.5215 0.8302 0.1972
vn 0.9659 -0.0000 0.2587
vn 0.9660 -0.0000 0.2587
vn 0.9659 -0.0000 0.2587
vn 0.5661 0.8102 0.1517
vn 0.6441 0.7452 0.1726
vn 0.5932 0.7892 0.1590
vn -0.4542 -0.8827 -0.1202
vn -0.5151 -0.8459 -0.1380
vn -0.4600 -0.8793 -0.1232
vn -0.5588 -0.8157 -0.1497
vn -0.5588 -0.8157 -0.1497
vn -0.6154 -0.7708 -0.1649
vn -0.6495 -0.7402 -0.1740
vn 0.2588 -0.0000 -0.9659
vn 0.2585 0.0000 -0.9660
vn 0.2587 -0.0000 -0.9660
vn -0.6154 -0.7708 -0.1649
vn -0.6494 -0.7403 -0.1740
vn -0.0001 -1.0000 -0.0000
vn 0.0001 -1.0000 -0.0000
vn 0.0000 -1.0000 -0.0000
vn -0.6669 -0.7234 -0.1787
vn -0.6154 -0.7708 -0.1649
vn -0.9659 -0.0005 -0.2589
vn -0.9659 0.0001 -0.2588
vn -0.9659 -0.0000 -0.2588
vn -0.6507 -0.7390 -0.1744
vn -0.6154 -0.7708 -0.1649
vn -0.6448 -0.7208 -0.2542
vn -0.6192 -0.7135 -0.3279
vn -0.6023 -0.7299 -0.3233
vn -0.5900 -0.7011 -0.4004
vn -0.5389 -0.7029 -0.4643
vn -0.5660 -0.7624 -0.3136
vn -0.5927 -0.7687 -0.2404
vn -0.5002 -0.7374 -0.4540
vn -0.4623 -0.6585 -0.5939
vn -0.4201 -0.6958 -0.5826
vn -0.3743 -0.5979 -0.7088
vn -0.5223 -0.6624 -0.5370
vn -0.4846 -0.6367 -0.5999
vn -0.4429 -0.6061 -0.6606
vn -0.4000 -0.5725 -0.7157
vn -0.2771 -0.5226 -0.8063
vn -0.3056 -0.4940 -0.8140
vn -0.1731 -0.4344 -0.8839
vn -0.2028 -0.4041 -0.8919
vn -0.0648 -0.3355 -0.9398
vn -0.2280 -0.5648 -0.7931
vn -0.1231 -0.4764 -0.8706
vn -0.0194 -0.3730 -0.9276
vn 0.0451 -0.2284 -0.9725
vn 0.0768 -0.2545 -0.9640
vn -0.0932 -0.3061 -0.9474
vn 0.6829 -0.7072 0.1828
vn 0.6830 -0.7071 0.1831
vn 0.6831 -0.7070 0.1830
vn 0.1538 -0.1157 -0.9813
vn 0.1704 -0.1291 -0.9769
vn 0.2588 -0.0000 -0.9659
vn 0.0216 -0.2036 -0.9788
vn 0.2588 -0.0000 -0.9659
vn 0.1396 -0.1003 -0.9851
vn 0.2585 0.0004 -0.9660
vn 0.2587 0.0000 -0.9659
vn 0.2586 0.0000 -0.9660
vn -0.6827 0.7074 -0.1830
vn -0.6830 0.7071 -0.1829
vn -0.6829 0.7072 -0.1829
vn 0.2588 0.0001 -0.9659
vn 0.2588 0.0000 -0.9659
vn 0.2588 0.0000 -0.9659
vn 0.7463 0.6348 0.2000
vn 0.7463 0.6349 0.2000
vn 0.7389 0.6441 0.1980
vn 0.7623 0.6142 0.2043
vn 0.7388 0.6442 0.1979
vn -0.8014 -0.5583 -0.2147
vn -0.8604 -0.4545 -0.2305
vn -0.8014 -0.5583 -0.2147
vn -0.7307 -0.6540 -0.1957
vn -0.6670 -0.7233 -0.1787
vn -0.7307 -0.6540 -0.1958
vn 0.6617 0.7285 0.1773
vn 0.7107 0.6772 0.1904
vn 0.5661 0.8102 0.1517
vn 0.6617 0.7285 0.1774
vn 0.6617 0.7286 0.1772
vn 0.5661 0.8102 0.1517
vn 0.9660 0.0004 0.2587
vn 0.9659 -0.0000 0.2590
vn 0.9659 -0.0000 0.2589
vn 0.6617 0.7285 0.1773
vn 0.5658 0.8105 0.1516
vn 0.5152 0.8285 0.2194
vn 0.5185 0.8004 0.3009
vn 0.4979 0.7818 0.3753
vn 0.4588 0.7703 0.4429
vn 0.4215 0.7502 0.5095
vn 0.3877 0.7214 0.5738
vn 0.4725 0.6487 0.5966
vn 0.6298 0.6036 0.4888
vn 0.5498 0.6925 0.4671
vn 0.6967 0.6269 0.3487
vn 0.6134 0.7191 0.3265
vn 0.7463 0.6348 0.2000
vn 0.6622 0.7280 0.1774
vn 0.7463 0.6348 0.2000
vn 0.3835 0.5891 0.7113
vn 0.5476 0.5655 0.6167
vn 0.2852 0.5149 0.8084
vn 0.4518 0.5134 0.7296
vn 0.3465 0.6911 0.6342
vn 0.3071 0.6546 0.6908
vn 0.2189 0.5717 0.7908
vn 0.1800 0.4279 0.8857
vn 0.3449 0.4487 0.8245
vn 0.1254 0.4748 0.8711
vn 0.0285 0.3663 0.9301
vn 0.0700 0.3306 0.9412
vn -0.0694 0.2491 0.9660
vn -0.0415 0.2250 0.9735
vn 0.1085 0.2879 0.9515
vn 0.2294 0.3729 0.8991
vn -0.1521 0.1139 0.9818
vn -0.0152 0.1959 0.9805
vn -0.2588 -0.0000 0.9659
vn -0.1388 0.0992 0.9853
vn -0.2588 0.0001 0.9659
vn -0.2589 -0.0000 0.9659
vn 0.0000 1.0000 0.0000
vn 0.0000 1.0000 0.0000
vn 0.0000 1.0000 0.0000
vn 0.7248 0.6610 0.1942
vn 0.6794 0.7109 0.1820
vn 0.6793 0.7109 0.1821
vn -0.2588 0.0000 0.9659
vn -0.1659 0.1260 0.9781
vn 0.5779 0.7881 0.2120
vn 0.5777 0.7881 0.2123
vn 0.6288 0.7440 0.2259
vn 0.6952 0.6762 0.2437
vn 0.6389 0.7345 0.2286
vn 0.6952 0.6762 0.2437
vn 0.7234 0.6431 0.2512
vn 0.7468 0.6132 0.2574
vn 0.6952 0.6761 0.2439
vn 0.6389 0.7345 0.2286
vn 0.6392 0.7344 0.2280
vn 0.5779 0.7880 0.2124
vn 0.5130 0.8360 0.1949
vn 0.7468 0.6132 0.2575
vn 0.7932 0.5459 0.2699
vn 0.7932 0.5459 0.2699
vn 0.8339 0.4751 0.2809
vn 0.8340 0.4752 0.2804
vn 0.8690 0.4008 0.2903
vn 0.7932 0.5458 0.2700
vn 0.8033 0.5294 0.2727
vn 0.8339 0.4750 0.2809
vn 0.8613 0.4185 0.2882
vn 0.8978 0.3242 0.2980
vn 0.8691 0.4006 0.2903
vn 0.8978 0.3242 0.2981
vn 0.8692 0.4006 0.2899
vn 0.8978 0.3243 0.2980
vn 0.9103 0.2839 0.3011
vn 0.9207 0.2446 0.3040
vn 0.9208 0.2442 0.3042
vn 0.9369 0.1644 0.3085
vn 0.9370 0.1643 0.3083
vn 0.9370 0.1642 0.3084
vn 0.9469 0.0818 0.3110
vn 0.9401 0.1435 0.3093
vn 0.9470 0.0811 0.3110
vn 0.9501 -0.0000 0.3120
vn 0.6859 -0.6920 0.2252
vn 0.9501 -0.0000 0.3120
vn 0.7005 -0.6857 0.1979
vn 0.9659 0.0000 0.2590
vn 0.9627 0.0813 0.2580
vn 0.9559 0.1437 0.2561
vn 0.9366 0.2446 0.2510
vn 0.9261 0.2843 0.2481
vn 0.2588 -0.0003 -0.9659
vn 0.2160 -0.5513 -0.8059
vn 0.2267 -0.0001 -0.9740
vn 0.8770 0.4191 0.2350
vn 0.9136 0.3247 0.2448
vn -0.9371 -0.2426 -0.2511
vn -0.9014 -0.3593 -0.2415
vn -0.9371 -0.2426 -0.2511
vn -0.9587 -0.1223 -0.2568
vn -0.9587 -0.1221 -0.2570
vn -0.6617 -0.7285 -0.1773
vn -0.7035 -0.6853 -0.1885
vn -0.9659 0.0000 -0.2588
vn -0.9586 0.1222 -0.2570
vn -0.9586 0.1222 -0.2570
vn -0.9371 0.2425 -0.2511
vn -0.9014 0.3593 -0.2415
vn -0.9371 0.2425 -0.2511
vn 0.0000 1.0000 0.0000
vn 0.0000 1.0000 0.0000
vn -0.0000 1.0000 0.0000
vn -0.8848 0.4012 -0.2372
vn -0.8607 0.4540 -0.2306
vn -0.8843 0.4023 -0.2369
vn 0.2587 0.0000 -0.9660
vn 0.2586 0.0002 -0.9660
vn 0.2587 0.0000 -0.9659
vn 0.9029 -0.3085 0.2993
vn 0.9028 -0.3086 0.2994
vn 0.8613 -0.4185 0.2882
vn 0.8770 -0.4191 0.2350
vn 0.8770 -0.4191 0.2350
vn 0.9186 -0.3090 0.2462
vn 0.9261 -0.2843 0.2481
vn 0.9260 -0.2844 0.2481
vn 0.9540 -0.1564 0.2556
vn 0.6579 -0.7322 0.1762
vn 0.9559 -0.1436 0.2562
vn 0.9559 -0.1436 0.2561
vn 0.9513 0.0000 0.3081
vn 0.9401 -0.1434 0.3093
vn 0.9383 -0.1562 0.3087
vn 0.9383 -0.1562 0.3087
vn 0.9103 -0.2839 0.3013
vn 0.9382 -0.1562 0.3088
vn -0.2588 -0.0000 0.9659
vn -0.2588 -0.0001 0.9659
vn -0.2589 -0.0000 0.9659
vn -0.6688 -0.7215 -0.1793
vn -0.6966 -0.6927 -0.1868
vn -0.9659 -0.0000 -0.2590
vn -0.9627 0.0813 -0.2580
vn -0.9659 -0.0000 -0.2591
vn -0.9626 0.0819 -0.2582
vn -0.9529 0.1640 -0.2552
vn -0.9365 0.2450 -0.2510
vn -0.9528 0.1640 -0.2555
vn -0.9137 0.3243 -0.2448
vn -0.9364 0.2450 -0.2511
vn -0.8848 0.4013 -0.2369
vn -0.9138 0.3243 -0.2447
vn -0.8496 0.4757 -0.2277
vn -0.8847 0.4014 -0.2370
vn -0.8087 0.5468 -0.2168
vn -0.8496 0.4758 -0.2278
vn -0.7623 0.6141 -0.2042
vn -0.8087 0.5468 -0.2168
vn -0.7107 0.6773 -0.1903
vn -0.7624 0.6141 -0.2042
vn -0.6542 0.7358 -0.1753
vn -0.7107 0.6773 -0.1903
vn -0.5932 0.7892 -0.1591
vn -0.6541 0.7358 -0.1754
vn -0.5282 0.8372 -0.1415
vn -0.5933 0.7892 -0.1590
vn -0.4595 0.8796 -0.1230
vn -0.5283 0.8372 -0.1415
vn -0.4595 0.8796 -0.1230
vn -0.3877 0.9159 -0.1038
vn -0.3881 0.9157 -0.1040
vn -0.3134 0.9459 -0.0840
vn -0.2367 0.9695 -0.0634
vn -0.3134 0.9459 -0.0840
vn -0.1585 0.9865 -0.0425
vn -0.2367 0.9695 -0.0634
vn -0.0795 0.9966 -0.0213
vn -0.1584 0.9865 -0.0425
vn 0.0000 1.0000 0.0000
vn -0.0796 0.9966 -0.0213
vn 0.0795 0.9966 0.0213
vn -0.0000 1.0000 0.0000
vn 0.1582 0.9865 0.0424
vn 0.0795 0.9966 0.0213
vn 0.2366 0.9695 0.0634
vn 0.1582 0.9865 0.0424
vn 0.3132 0.9460 0.0839
vn 0.2369 0.9695 0.0635
vn 0.3877 0.9159 0.1039
vn 0.3133 0.9460 0.0839
vn 0.4595 0.8796 0.1232
vn 0.3876 0.9159 0.1039
vn 0.4595 0.8796 0.1232
vn 0.5287 0.8369 0.1416
vn 0.5282 0.8373 0.1415
vn 0.5932 0.7892 0.1590
vn 0.6541 0.7358 0.1754
vn 0.5932 0.7892 0.1590
vn 0.7107 0.6772 0.1905
vn 0.6542 0.7358 0.1753
vn 0.7623 0.6141 0.2043
vn 0.7107 0.6772 0.1904
vn 0.8087 0.5468 0.2168
vn 0.7623 0.6141 0.2044
vn 0.8496 0.4758 0.2278
vn 0.8087 0.5468 0.2168
vn 0.8847 0.4014 0.2370
vn 0.8496 0.4757 0.2277
vn 0.9136 0.3248 0.2448
vn 0.8848 0.4013 0.2370
vn 0.9364 0.2452 0.2511
vn 0.9135 0.3250 0.2448
vn 0.9529 0.1641 0.2552
vn 0.9365 0.2449 0.2508
vn 0.9627 0.0819 0.2578
vn 0.9529 0.1640 0.2552
vn 0.9660 -0.0000 0.2587
vn 0.9627 0.0819 0.2578
vn 0.9627 -0.0819 0.2578
vn 0.9659 -0.0000 0.2587
vn 0.9627 -0.0815 0.2581
vn 0.9529 -0.1640 0.2552
vn 0.9529 -0.1640 0.2552
vn 0.9366 -0.2447 0.2509
vn 0.9137 -0.3243 0.2449
vn 0.9366 -0.2443 0.2510
vn 0.8847 -0.4014 0.2372
vn 0.9137 -0.3243 0.2450
vn 0.8496 -0.4757 0.2276
vn 0.8846 -0.4014 0.2373
vn 0.8497 -0.4756 0.2275
vn 0.8088 -0.5468 0.2166
vn 0.7623 -0.6141 0.2043
vn 0.8088 -0.5468 0.2166
vn 0.7107 -0.6773 0.1904
vn 0.7623 -0.6141 0.2045
vn 0.6542 -0.7358 0.1752
vn 0.7107 -0.6772 0.1903
vn 0.5933 -0.7891 0.1589
vn 0.6542 -0.7358 0.1752
vn 0.5282 -0.8372 0.1416
vn 0.5933 -0.7891 0.1589
vn 0.4594 -0.8796 0.1232
vn 0.5282 -0.8372 0.1416
vn 0.3878 -0.9159 0.1040
vn 0.4594 -0.8796 0.1232
vn 0.3134 -0.9459 0.0840
vn 0.3876 -0.9160 0.1037
vn 0.3134 -0.9459 0.0840
vn 0.2366 -0.9695 0.0634
vn 0.2371 -0.9694 0.0635
vn 0.1585 -0.9865 0.0425
vn 0.1585 -0.9864 0.0424
vn 0.0795 -0.9966 0.0213
vn 0.0795 -0.9966 0.0213
vn 0.0000 -1.0000 0.0000
vn 0.0000 -1.0000 0.0000
vn -0.0796 -0.9966 -0.0213
vn -0.0795 -0.9966 -0.0213
vn -0.1585 -0.9865 -0.0425
vn -0.2366 -0.9695 -0.0634
vn -0.1585 -0.9864 -0.0425
vn -0.3132 -0.9460 -0.0839
vn -0.2372 -0.9694 -0.0635
vn -0.3877 -0.9159 -0.1039
vn -0.3132 -0.9460 -0.0840
vn -0.4596 -0.8796 -0.1231
vn -0.3877 -0.9159 -0.1038
vn -0.5282 -0.8372 -0.1415
vn -0.4596 -0.8796 -0.1231
vn -0.5932 -0.7893 -0.1588
vn -0.5282 -0.8372 -0.1415
vn -0.6542 -0.7358 -0.1752
vn -0.5932 -0.7893 -0.1588
vn -0.7106 -0.6773 -0.1905
vn -0.6542 -0.7357 -0.1752
vn -0.7106 -0.6773 -0.1905
vn -0.7623 -0.6141 -0.2042
vn -0.7624 -0.6141 -0.2042
vn -0.8088 -0.5468 -0.2166
vn -0.8088 -0.5468 -0.2166
vn -0.8494 -0.4761 -0.2276
vn -0.8496 -0.4757 -0.2276
vn -0.8847 -0.4014 -0.2372
vn -0.8846 -0.4014 -0.2372
vn -0.9138 -0.3243 -0.2445
vn -0.9365 -0.2450 -0.2508
vn -0.9137 -0.3242 -0.2450
vn -0.9529 -0.1640 -0.2552
vn -0.9365 -0.2448 -0.2512
vn -0.9529 -0.1640 -0.2552
vn -0.9627 -0.0820 -0.2579
vn -0.9627 -0.0821 -0.2579
vn 0.8635 -0.0598 -0.5008
vn 0.8660 0.0000 -0.5000
vn 0.8638 -0.0574 -0.5006
vn 0.8660 -0.0000 -0.5001
vn 0.8638 0.0575 -0.5006
vn 0.8568 -0.1161 -0.5024
vn 0.5678 -0.7516 -0.3356
vn 0.8575 -0.1079 -0.5030
vn 0.8453 -0.1729 -0.5056
vn 0.8445 -0.1773 -0.5054
vn 0.8444 -0.1771 -0.5056
vn 0.9503 -0.1792 0.2546
vn 0.9365 -0.2451 0.2510
vn 0.9528 -0.1640 0.2554
vn 0.9626 -0.0841 0.2576
vn 0.9626 -0.0820 0.2581
vn -0.2587 -0.0000 0.9659
vn -0.2588 0.0001 0.9659
vn -0.2587 0.0000 0.9660
vn 0.9339 -0.2555 0.2502
vn 0.9137 -0.3243 0.2448
vn 0.9218 -0.2985 0.2473
vn 0.8850 -0.4008 0.2371
vn 0.8291 -0.2293 -0.5099
vn 0.8347 -0.1999 -0.5132
vn 0.8346 -0.1998 -0.5133
vn 0.8085 -0.2836 -0.5156
vn 0.4967 -0.8056 -0.3228
vn 0.8097 -0.2783 -0.5167
vn 0.7838 -0.3364 -0.5220
vn 0.7888 -0.3191 -0.5253
vn 0.7892 -0.3192 -0.5246
vn 0.7549 -0.3867 -0.5297
vn 0.4439 -0.8367 -0.3209
vn 0.7584 -0.3777 -0.5312
vn 0.7220 -0.4343 -0.5386
vn 0.7168 -0.4468 -0.5354
vn 0.7169 -0.4466 -0.5354
vn 0.8088 -0.5467 0.2168
vn 0.4751 -0.8703 0.1301
vn 0.8077 -0.5486 0.2161
vn 0.8572 -0.4609 0.2298
vn 0.8314 -0.5090 0.2228
vn -0.2588 0.0001 0.9659
vn -0.2588 0.0000 0.9659
vn -0.2588 0.0000 0.9659
vn 0.7623 -0.6141 0.2042
vn 0.7769 -0.5941 0.2084
vn 0.7768 -0.5942 0.2085
vn 0.7108 -0.6772 0.1904
vn 0.7086 -0.6797 0.1895
vn 0.7085 -0.6797 0.1898
vn 0.6542 -0.7357 0.1753
vn 0.6598 -0.7302 0.1772
vn 0.6597 -0.7303 0.1774
vn 0.6456 -0.5203 -0.5591
vn 0.6484 -0.5137 -0.5619
vn 0.6485 -0.5134 -0.5620
vn 0.6854 -0.4791 -0.5484
vn 0.6868 -0.4760 -0.5494
vn 0.6866 -0.4751 -0.5504
vn 0.6025 -0.5582 -0.5704
vn 0.5956 -0.5724 -0.5636
vn 0.5957 -0.5721 -0.5637
vn 0.5565 -0.5921 -0.5828
vn 0.5585 -0.5856 -0.5875
vn 0.5585 -0.5858 -0.5872
vn 0.5932 -0.7892 0.1589
vn 0.5921 -0.7902 0.1580
vn 0.5920 -0.7904 0.1576
vn 0.5236 -0.8401 0.1417
vn 0.4619 -0.8782 0.1240
vn 0.5151 -0.8459 0.1380
vn 0.5078 -0.6220 -0.5960
vn 0.4946 -0.6427 -0.5851
vn 0.4948 -0.6426 -0.5850
vn 0.4633 -0.8774 0.1247
vn 0.3790 -0.9199 0.1009
vn 0.4122 -0.9044 0.1104
vn 0.2587 0.0003 -0.9660
vn 0.2588 0.0002 -0.9659
vn 0.2588 0.0000 -0.9659
vn 0.9659 -0.0000 0.2588
vn 0.9659 -0.0000 0.2588
vn 0.9659 -0.0000 0.2588
vn 0.3880 -0.9158 0.1039
vn 0.3788 -0.9199 0.1012
vn 0.3133 -0.9460 0.0839
vn 0.3239 -0.9423 0.0852
vn 0.3235 -0.9424 0.0846
vn 0.2373 -0.9694 0.0635
vn 0.2386 -0.9690 0.0644
vn 0.2391 -0.9689 0.0644
vn 0.3502 -0.6858 -0.6380
vn 0.3501 -0.6901 -0.6334
vn 0.3508 -0.6899 -0.6333
vn 0.4045 -0.6689 -0.6236
vn 0.4098 -0.6538 -0.6360
vn 0.4096 -0.6538 -0.6362
vn 0.4571 -0.6476 -0.6097
vn 0.4660 -0.6297 -0.6215
vn 0.4665 -0.6296 -0.6213
vn 0.3680 -0.9246 0.0986
vn 0.2636 -0.9620 0.0706
vn 0.2636 -0.9620 0.0706
vn 0.2588 0.0001 -0.9659
vn 0.2589 0.0001 -0.9659
vn 0.2588 0.0001 -0.9659
vn -0.3089 0.9475 -0.0828
vn -0.3880 0.9158 -0.1040
vn -0.4293 0.8958 -0.1150
vn -0.1830 0.9819 -0.0490
vn -0.1830 0.9819 -0.0490
vn -0.2372 0.9694 -0.0635
vn -0.3268 0.9446 -0.0301
vn -0.3268 0.9446 -0.0302
vn -0.3228 0.9460 -0.0292
vn -0.2511 0.9679 -0.0101
vn -0.2511 0.9679 -0.0099
vn -0.1971 0.9804 0.0046
vn -0.0537 0.9985 -0.0144
vn -0.0537 0.9985 -0.0144
vn -0.0798 0.9966 -0.0214
vn -0.1720 0.9850 0.0111
vn -0.0940 0.9951 0.0322
vn -0.0940 0.9951 0.0321
vn -0.0937 0.9951 0.0323
vn -0.1725 0.9849 0.0113
vn -0.2508 0.9680 -0.0099
vn -0.3271 0.9445 -0.0299
vn -0.4019 0.9143 -0.0501
vn -0.4014 0.9145 -0.0501
vn -0.4730 0.8783 -0.0696
vn -0.4731 0.8783 -0.0693
vn -0.5418 0.8359 -0.0880
vn -0.5418 0.8359 -0.0877
vn -0.6065 0.7880 -0.1058
vn -0.6067 0.7880 -0.1050
vn -0.6676 0.7346 -0.1215
vn -0.6676 0.7345 -0.1214
vn -0.6064 0.7882 -0.1052
vn -0.5502 0.8302 -0.0900
vn -0.6675 0.7346 -0.1215
vn -0.6575 0.7440 -0.1188
vn -0.5366 0.8315 -0.1438
vn -0.5932 0.7892 -0.1589
vn -0.5661 0.8103 -0.1517
vn -0.6617 0.7285 -0.1773
vn -0.6441 0.7452 -0.1726
vn -0.6542 0.7357 -0.1753
vn -0.5661 0.8102 -0.1517
vn -0.7388 0.6441 -0.1980
vn -0.7463 0.6348 -0.2000
vn -0.6617 0.7285 -0.1772
vn -0.6616 0.7286 -0.1773
vn -0.7463 0.6348 -0.2000
vn -0.5661 0.8102 -0.1517
vn -0.6616 0.7286 -0.1773
vn -0.7463 0.6348 -0.1999
vn -0.6621 0.7281 -0.1774
vn -0.9659 0.0002 -0.2589
vn -0.9659 0.0005 -0.2588
vn -0.9659 -0.0003 -0.2588
vn -0.5660 0.8103 -0.1517
vn -0.5997 0.8002 0.0012
vn -0.6189 0.7702 0.1542
vn -0.6154 0.7845 0.0771
vn -0.6226 0.7215 0.3031
vn -0.6256 0.7457 0.2292
vn -0.6112 0.6548 0.4445
vn -0.6015 0.7026 0.3802
vn -0.6879 0.5890 0.4242
vn -0.5850 0.5717 0.5753
vn -0.6513 0.5148 0.5575
vn -0.7560 0.5135 0.4059
vn -0.7109 0.4487 0.5416
vn -0.7825 0.5656 0.2603
vn 0.6832 0.7069 0.1833
vn 0.6829 0.7072 0.1829
vn 0.6831 0.7070 0.1831
vn -0.5986 0.4279 0.6772
vn -0.6483 0.3729 0.6638
vn -0.5312 0.3305 0.7801
vn -0.5697 0.2880 0.7698
vn -0.4896 0.3664 0.7912
vn -0.5440 0.4748 0.6918
vn -0.4228 0.2493 0.8713
vn -0.4508 0.2249 0.8638
vn -0.3452 0.1261 0.9300
vn -0.3592 0.1138 0.9263
vn -0.2588 -0.0000 0.9659
vn -0.2588 -0.0001 0.9659
vn -0.2588 0.0000 0.9659
vn -0.6794 0.7109 -0.1820
vn -0.7248 0.6610 -0.1942
vn -0.7248 0.6610 -0.1943
vn 0.2588 -0.0000 -0.9659
vn 0.2587 -0.0000 -0.9660
vn 0.2587 -0.0000 -0.9659
vn 0.0000 1.0000 0.0000
vn 0.0000 1.0000 0.0000
vn 0.2588 0.0000 -0.9659
vn 0.3558 -0.0852 -0.9307
vn 0.3716 -0.1003 -0.9230
vn 0.2588 0.0000 -0.9659
vn 0.3575 -0.1159 -0.9267
vn 0.4155 -0.2545 -0.8733
vn 0.4472 -0.2283 -0.8648
vn 0.4707 -0.2036 -0.8585
vn -0.6833 -0.7068 -0.1831
vn -0.6829 -0.7072 -0.1834
vn -0.6829 -0.7071 -0.1832
vn 0.4806 -0.3729 -0.7937
vn 0.5260 -0.3355 -0.7815
vn 0.5419 -0.4764 -0.6924
vn 0.6216 -0.4041 -0.6710
vn 0.5544 -0.3061 -0.7739
vn 0.9659 -0.0004 0.2589
vn 0.9659 -0.0004 0.2589
vn 0.9659 0.0009 0.2589
vn 0.6716 -0.4940 -0.5521
vn 0.5919 -0.4344 -0.6790
vn 0.7043 -0.5725 -0.4198
vn 0.6431 -0.5225 -0.5597
vn 0.5941 -0.5647 -0.5729
vn 0.6325 -0.6381 -0.4391
vn 0.6786 -0.5979 -0.4267
vn -0.0000 -1.0000 -0.0000
vn -0.0000 -1.0000 -0.0000
vn -0.0000 -1.0000 -0.0000
vn 0.6457 -0.6683 -0.3694
vn 0.6599 -0.7182 -0.2208
vn 0.6551 -0.6958 -0.2945
vn 0.6973 -0.6585 -0.2832
vn 0.6560 -0.7518 -0.0669
vn 0.6602 -0.7373 -0.1430
vn 0.6988 -0.7029 -0.1327
vn 0.6336 -0.7686 0.0882
vn 0.6470 -0.7624 0.0114
vn 0.6832 -0.7299 0.0211
vn 0.6508 -0.7390 0.1744
vn 0.6670 -0.7233 0.1787
vn 0.6670 -0.7233 0.1787
vn 0.6855 -0.7209 0.1022
vn 0.6154 -0.7708 0.1649
vn 0.6154 -0.7708 0.1649
vn 0.6669 -0.7234 0.1787
vn 0.6669 -0.7234 0.1787
vn 0.6495 -0.7402 0.1740
vn 0.2588 -0.0000 -0.9659
vn 0.2588 -0.0001 -0.9659
vn 0.2588 -0.0001 -0.9659
vn 0.6154 -0.7708 0.1649
vn 0.6495 -0.7402 0.1740
vn 0.5588 -0.8157 0.1497
vn 0.7307 -0.6540 0.1958
vn 0.7307 -0.6540 0.1958
vn 0.8014 -0.5583 0.2147
vn 0.8604 -0.4545 0.2305
vn 0.8014 -0.5582 0.2147
vn 0.2588 0.0001 -0.9659
vn 0.2588 0.0001 -0.9659
vn 0.2588 -0.0002 -0.9659
vn -0.8190 0.5302 -0.2194
vn -0.7463 0.6348 -0.2000
vn -0.7623 0.6142 -0.2043
vn 0.2584 0.0001 -0.9660
vn 0.2588 -0.0000 -0.9659
vn 0.2586 0.0002 -0.9660
vn -0.8625 0.4752 -0.1739
vn -0.8627 0.4750 -0.1737
vn -0.8321 0.5294 -0.1655
vn -0.7755 0.6132 -0.1504
vn -0.8219 0.5458 -0.1629
vn -0.7755 0.6132 -0.1504
vn -0.8219 0.5459 -0.1627
vn -0.8216 0.5462 -0.1634
vn -0.8628 0.4749 -0.1736
vn -0.8977 0.4007 -0.1832
vn -0.8977 0.4005 -0.1834
vn -0.9266 0.3239 -0.1910
vn -0.9265 0.3242 -0.1908
vn -0.9495 0.2443 -0.1968
vn -0.9495 0.2442 -0.1972
vn -0.9495 0.2441 -0.1970
vn -0.9390 0.2839 -0.1943
vn -0.8977 0.4005 -0.1834
vn -0.9657 0.1638 -0.2013
vn -0.9655 0.1643 -0.2018
vn -0.9656 0.1643 -0.2014
vn -0.9559 0.1436 -0.2561
vn -0.9261 0.2843 -0.2482
vn -0.9366 0.2445 -0.2510
vn -0.9755 0.0811 -0.2043
vn -0.9756 0.0812 -0.2040
vn -0.9688 0.1434 -0.2022
vn -0.9627 0.0813 -0.2580
vn -0.9659 -0.0000 -0.2588
vn 0.2588 -0.0001 -0.9659
vn 0.2588 -0.0001 -0.9659
vn 0.2588 0.0000 -0.9659
vn -0.8849 0.4010 -0.2371
vn -0.9136 0.3247 -0.2448
vn -0.8770 0.4191 -0.2350
vn 0.0000 -1.0000 -0.0000
vn -0.0000 -1.0000 -0.0000
vn 0.0000 -1.0000 -0.0000
vn 0.9371 -0.2425 0.2511
vn 0.9014 -0.3593 0.2415
vn 0.9371 -0.2426 0.2511
vn 0.9586 -0.1222 0.2570
vn 0.9586 -0.1222 0.2570
vn 0.9659 -0.0000 0.2589
vn 0.9586 0.1222 0.2570
vn 0.9659 -0.0000 0.2588
vn 0.9371 0.2426 0.2511
vn 0.9586 0.1222 0.2570
vn 0.9014 0.3593 0.2415
vn 0.9371 0.2425 0.2511
vn 0.0000 1.0000 0.0000
vn 0.0000 1.0000 0.0000
vn 0.0000 1.0000 0.0000
vn -0.9187 -0.3090 -0.2461
vn -0.8770 -0.4191 -0.2350
vn -0.9261 -0.2843 -0.2481
vn 0.2587 -0.0001 -0.9660
vn 0.2587 -0.0001 -0.9660
vn 0.2590 -0.0000 -0.9659
vn -0.8737 -0.4533 -0.1767
vn -0.8737 -0.4533 -0.1767
vn -0.8900 -0.4185 -0.1810
vn -0.9316 -0.3085 -0.1922
vn -0.9316 -0.3085 -0.1922
vn -0.9390 -0.2839 -0.1942
vn -0.9540 -0.1565 -0.2556
vn -0.9559 -0.1436 -0.2562
vn -0.9688 -0.1434 -0.2022
vn -0.9788 0.0000 -0.2048
vn -0.9788 -0.0000 -0.2048
vn -0.9659 -0.0000 -0.2588
vn -0.9559 -0.1437 -0.2562
vn -0.9669 -0.1562 -0.2017
vn -0.9788 0.0000 -0.2050
vn -0.9669 -0.1561 -0.2016
vn -0.9756 0.0813 -0.2040
vn -0.9316 -0.3086 -0.1922
vn -0.8737 -0.4533 -0.1767
vn -0.7946 -0.5869 -0.1555
vn -0.7946 -0.5868 -0.1554
vn -0.6963 -0.7060 -0.1291
vn -0.6963 -0.7061 -0.1291
vn -0.6963 -0.7060 -0.1291
vn -0.7521 -0.6431 -0.1441
vn -0.7945 -0.5871 -0.1554
vn -0.8321 -0.5294 -0.1655
vn -0.5812 -0.8078 -0.0983
vn -0.5812 -0.8078 -0.0984
vn -0.6575 -0.7440 -0.1187
vn -0.5812 -0.8078 -0.0983
vn -0.6617 -0.7285 -0.1773
vn -0.7389 -0.6441 -0.1980
vn -0.6830 -0.7071 -0.1830
vn -0.5662 -0.8102 -0.1517
vn -0.6441 -0.7452 -0.1726
vn -0.5677 -0.8090 -0.1521
vn -0.5661 -0.8102 -0.1517
vn -0.6617 -0.7285 -0.1772
vn -0.7463 -0.6348 -0.2000
vn -0.7463 -0.6348 -0.2000
vn -0.7815 -0.5878 -0.2092
vn -0.7389 -0.6441 -0.1980
vn 0.2588 -0.0001 -0.9659
vn 0.2588 -0.0002 -0.9659
vn 0.2588 -0.0001 -0.9659
vn 0.6831 -0.7069 0.1833
vn 0.6829 -0.7072 0.1830
vn 0.6830 -0.7072 0.1827
vn -0.7463 -0.6348 -0.2000
vn -0.6616 -0.7286 -0.1773
vn -0.6619 -0.7283 -0.1774
vn -0.7463 -0.6348 -0.2000
vn -0.6945 -0.7191 -0.0242
vn -0.5662 -0.8102 -0.1517
vn -0.5952 -0.7997 -0.0783
vn -0.5997 -0.8002 0.0013
vn -0.7097 -0.6924 0.1297
vn -0.7777 -0.6270 -0.0465
vn -0.5973 -0.7978 0.0816
vn -0.6186 -0.7705 0.1541
vn -0.9659 0.0005 -0.2589
vn -0.9659 -0.0000 -0.2590
vn -0.9659 0.0002 -0.2588
vn -0.6615 -0.7287 -0.1772
vn -0.5661 -0.8103 -0.1517
vn -0.6167 -0.7524 0.2316
vn -0.6226 -0.7215 0.3031
vn -0.6171 -0.6910 0.3763
vn -0.6113 -0.6546 0.4447
vn -0.6879 -0.5890 0.4241
vn -0.5849 -0.5717 0.5754
vn -0.6513 -0.5148 0.5575
vn -0.7560 -0.5135 0.4059
vn -0.7826 -0.5655 0.2603
vn -0.7075 -0.6487 0.2804
vn -0.7898 -0.6037 0.1083
vn -0.5986 -0.4279 0.6771
vn -0.7109 -0.4486 0.5416
vn -0.5313 -0.3303 0.7801
vn -0.6483 -0.3729 0.6638
vn -0.4507 -0.2250 0.8638
vn -0.5697 -0.2879 0.7698
vn -0.4228 -0.2491 0.8713
vn -0.4896 -0.3663 0.7913
vn -0.3452 -0.1260 0.9300
vn -0.3592 -0.1139 0.9263
vn -0.2589 0.0000 0.9659
vn -0.2590 0.0002 0.9659
vn -0.4769 -0.1959 0.8568
vn -0.3725 -0.0991 0.9227
vn -0.2589 0.0001 0.9659
vn -0.2588 0.0001 0.9659
vn 0.0000 -1.0000 -0.0000
vn 0.0000 -1.0000 -0.0000
vn 0.2589 -0.0001 -0.9659
vn 0.2589 -0.0001 -0.9659
vn 0.2588 -0.0000 -0.9659
vn 0.3716 0.1002 -0.9230
vn 0.2588 -0.0000 -0.9659
vn 0.2588 -0.0000 -0.9659
vn 0.3409 0.1292 -0.9312
vn 0.3574 0.1157 -0.9267
vn 0.4707 0.2036 -0.8585
vn 0.4472 0.2284 -0.8648
vn 0.4155 0.2545 -0.8733
vn 0.9659 0.0008 0.2588
vn 0.9659 -0.0002 0.2588
vn 0.9659 0.0000 0.2588
vn 0.5545 0.3061 -0.7739
vn 0.5260 0.3355 -0.7815
vn 0.6216 0.4041 -0.6710
vn 0.5918 0.4343 -0.6790
vn 0.4806 0.3730 -0.7937
vn 0.5419 0.4764 -0.6924
vn 0.5941 0.5647 -0.5729
vn 0.6716 0.4940 -0.5521
vn 0.6431 0.5226 -0.5598
vn -0.0000 1.0000 0.0000
vn -0.0001 1.0000 0.0000
vn 0.0000 1.0000 0.0000
vn -0.6825 0.7076 -0.1831
vn -0.6829 0.7072 -0.1831
vn -0.6833 0.7068 -0.1830
vn 0.2589 0.0000 -0.9659
vn 0.2588 0.0000 -0.9659
vn 0.2589 -0.0000 -0.9659
vn 0.6154 0.7708 0.1649
vn 0.5588 0.8157 0.1497
vn 0.6495 0.7402 0.1740
vn 0.6154 0.7708 0.1649
vn 0.6494 0.7402 0.1740
vn 0.6669 0.7234 0.1787
vn 0.6154 0.7708 0.1649
vn 0.6670 0.7233 0.1787
vn 0.7307 0.6540 0.1958
vn 0.7307 0.6540 0.1959
vn 0.8014 0.5583 0.2147
vn 0.8014 0.5583 0.2147
vn 0.8604 0.4545 0.2305
vn -0.2588 0.0001 0.9659
vn -0.2587 -0.0000 0.9659
vn -0.2588 -0.0000 0.9659
vn 0.0000 -1.0000 -0.0000
vn 0.8314 0.5091 0.2228
vn 0.8087 0.5468 0.2167
vn 0.8495 0.4760 0.2275
vn 0.7623 0.6142 0.2041
vn 0.7623 0.6142 0.2043
vn 0.7815 0.5878 0.2094
vn 0.7107 0.6772 0.1903
vn 0.6543 0.7357 0.1751
vn 0.6542 0.7357 0.1753
vn 0.6830 0.7071 0.1831
vn 0.5932 0.7893 0.1587
vn 0.5283 0.8372 0.1411
vn 0.5283 0.8373 0.1411
vn 0.5677 0.8091 0.1521
vn 0.6660 0.5000 -0.5536
vn 0.6662 0.4999 -0.5535
vn 0.6456 0.5202 -0.5591
vn 0.5845 0.5721 -0.5754
vn 0.5845 0.5720 -0.5755
vn 0.5566 0.5920 -0.5829
vn 0.4931 0.6301 -0.5999
vn 0.4931 0.6301 -0.5999
vn 0.4574 0.6476 -0.6095
vn 0.3941 0.6725 -0.6264
vn 0.3941 0.6725 -0.6264
vn 0.3507 0.6855 -0.6381
vn 0.2394 0.7047 -0.6679
vn 0.2899 0.6984 -0.6544
vn 0.0798 0.9966 0.0214
vn 0.0797 0.9966 0.0214
vn 0.1511 0.9877 0.0405
vn 0.2371 0.9694 0.0635
vn 0.1579 0.9866 0.0423
vn 0.2371 0.9694 0.0635
vn 0.2985 0.9511 0.0800
vn -0.2588 -0.0000 0.9659
vn -0.2588 -0.0001 0.9659
vn -0.2587 -0.0000 0.9659
vn 0.3877 0.9159 0.1040
vn 0.3131 0.9460 0.0836
vn 0.3877 0.9159 0.1040
vn 0.4121 0.9044 0.1106
vn 0.4384 0.8910 0.1176
vn 0.9659 -0.0000 0.2588
vn 0.9659 -0.0000 0.2588
vn 0.9659 -0.0000 0.2588
vn 0.2587 0.0000 -0.9660
vn 0.2587 0.0000 -0.9660
vn 0.2588 0.0000 -0.9659
vn -0.3089 -0.9475 -0.0828
vn -0.4293 -0.8958 -0.1151
vn -0.3090 -0.9475 -0.0827
vn -0.3124 -0.9496 -0.0264
vn -0.3124 -0.9496 -0.0262
vn -0.3229 -0.9460 -0.0291
vn -0.2985 -0.9511 -0.0800
vn -0.1830 -0.9819 -0.0490
vn 0.2588 -0.0001 -0.9659
vn 0.2589 -0.0001 -0.9659
vn 0.2588 -0.0001 -0.9659
vn -0.1511 -0.9877 -0.0405
vn -0.0537 -0.9985 -0.0144
vn -0.9659 0.0000 -0.2587
vn -0.9659 0.0000 -0.2587
vn -0.9659 0.0000 -0.2587
vn 0.2590 0.0000 -0.9659
vn 0.2591 0.0000 -0.9659
vn 0.2590 0.0000 -0.9659
vn -0.0144 -0.9985 0.0536
vn -0.0144 -0.9985 0.0536
vn -0.0679 -0.9969 0.0392
vn 0.0515 0.9986 0.0138
vn -0.0000 1.0000 0.0000
vn 0.1557 0.9869 0.0417
vn 0.0460 0.9989 0.0123
vn 0.1557 0.9869 0.0417
vn 0.2636 0.9620 0.0706
vn 0.2636 0.9620 0.0706
vn 0.3680 0.9246 0.0986
vn -0.0515 0.9986 -0.0138
vn -0.0798 0.9966 -0.0211
vn 0.9659 -0.0000 0.2588
vn 0.9659 -0.0000 0.2588
vn -0.2588 0.0000 0.9659
vn -0.2588 0.0000 0.9659
vn -0.2588 0.0000 0.9659
vn -0.1580 0.9865 -0.0425
vn -0.1581 0.9865 -0.0423
vn -0.1511 0.9877 -0.0405
vn -0.2370 0.9694 -0.0637
vn -0.3129 0.9461 -0.0840
vn -0.3130 0.9460 -0.0838
vn -0.2985 0.9511 -0.0800
vn -0.3877 0.9159 -0.1039
vn -0.4385 0.8910 -0.1175
vn -0.3878 0.9159 -0.1038
vn -0.4121 0.9044 -0.1104
vn 0.2586 -0.0001 -0.9660
vn 0.2582 0.0000 -0.9661
vn 0.2586 -0.0000 -0.9660
vn -0.9659 0.0000 -0.2588
vn -0.9659 0.0000 -0.2588
vn -0.9659 0.0000 -0.2588
vn 0.3089 -0.9475 0.0828
vn 0.4293 -0.8958 0.1151
vn 0.3089 -0.9475 0.0829
vn 0.4235 -0.8896 0.1709
vn 0.4143 -0.8944 0.1684
vn 0.2941 -0.9460 0.1362
vn 0.2985 -0.9510 0.0800
vn 0.1830 -0.9819 0.0490
vn 0.2837 -0.9496 0.1333
vn 0.2837 -0.9496 0.1334
vn 0.1683 -0.9804 0.1025
vn 0.1365 -0.9862 0.0940
vn 0.2838 -0.9496 0.1333
vn 0.4235 -0.8896 0.1708
vn 0.1365 -0.9862 0.0940
vn -0.0144 -0.9985 0.0536
vn -0.1652 -0.9862 0.0132
vn -0.1652 -0.9862 0.0132
vn -0.4522 -0.8896 -0.0638
vn -0.3124 -0.9496 -0.0262
vn -0.1652 -0.9862 0.0132
vn -0.1970 -0.9804 0.0046
vn -0.4522 -0.8896 -0.0637
vn -0.4521 -0.8896 -0.0640
vn -0.5502 -0.8302 -0.0900
vn 0.0392 -0.9969 0.0679
vn 0.5525 -0.8078 0.2055
vn 0.5524 -0.8078 0.2056
vn 0.6676 -0.7060 0.2363
vn 0.6677 -0.7059 0.2363
vn 0.5525 -0.8078 0.2055
vn 0.5214 -0.8302 0.1971
vn 0.6676 -0.7060 0.2363
vn 0.6288 -0.7440 0.2259
vn 0.5365 -0.8315 0.1441
vn 0.5677 -0.8090 0.1522
vn 0.5662 -0.8102 0.1517
vn 0.6441 -0.7452 0.1726
vn 0.6830 -0.7071 0.1830
vn 0.6617 -0.7285 0.1773
vn 0.5661 -0.8102 0.1517
vn 0.6441 -0.7452 0.1726
vn 0.7389 -0.6441 0.1980
vn 0.7463 -0.6348 0.2000
vn 0.6617 -0.7285 0.1774
vn 0.7815 -0.5878 0.2094
vn 0.8190 -0.5302 0.2194
vn 0.7463 -0.6348 0.2000
vn 0.2588 -0.0001 -0.9659
vn 0.2588 -0.0000 -0.9659
vn 0.2588 -0.0000 -0.9659
vn -0.6828 -0.7073 -0.1832
vn -0.6828 -0.7074 -0.1829
vn -0.6829 -0.7072 -0.1830
vn -0.9659 -0.0001 -0.2588
vn -0.9659 0.0001 -0.2589
vn -0.9659 0.0004 -0.2589
vn -0.6494 0.7402 -0.1740
vn -0.6495 0.7402 -0.1740
vn -0.6670 0.7233 -0.1787
vn -0.6669 0.7234 -0.1787
vn -0.6669 0.7234 -0.1787
vn -0.6154 0.7708 -0.1649
vn -0.6154 0.7708 -0.1649
vn -0.6507 0.7390 -0.1744
vn -0.6669 0.7234 -0.1787
vn 0.0000 1.0000 0.0000
vn -0.0000 1.0000 0.0000
vn 0.0000 1.0000 0.0000
vn -0.5928 0.7686 -0.2404
vn -0.5660 0.7624 -0.3136
vn -0.6022 0.7299 -0.3233
vn -0.5346 0.7518 -0.3859
vn -0.5002 0.7374 -0.4539
vn -0.5389 0.7028 -0.4643
vn -0.5900 0.7011 -0.4004
vn -0.6447 0.7209 -0.2542
vn -0.5580 0.6843 -0.4694
vn -0.4623 0.6585 -0.5939
vn -0.4846 0.6367 -0.5999
vn -0.3743 0.5979 -0.7088
vn -0.4000 0.5725 -0.7157
vn -0.2771 0.5226 -0.8063
vn -0.3056 0.4940 -0.8140
vn -0.1730 0.4343 -0.8840
vn -0.2029 0.4041 -0.8919
vn -0.0648 0.3355 -0.9398
vn -0.0932 0.3061 -0.9474
vn 0.0451 0.2283 -0.9725
vn 0.0216 0.2036 -0.9788
vn 0.1538 0.1158 -0.9813
vn 0.1396 0.1003 -0.9851
vn 0.0768 0.2545 -0.9640
vn -0.0194 0.3730 -0.9276
vn 0.6830 0.7071 0.1831
vn 0.6830 0.7072 0.1828
vn 0.6830 0.7073 0.1826
vn 0.2588 -0.0000 -0.9659
vn 0.2588 0.0000 -0.9659
vn 0.9659 0.0000 0.2589
vn 0.9659 -0.0003 0.2588
vn 0.9659 0.0006 0.2590
vn 0.2585 -0.0000 -0.9660
vn 0.2588 0.0000 -0.9659
vn 0.2587 0.0000 -0.9660
vn -0.5588 0.8157 -0.1497
vn -0.5587 0.8157 -0.1498
vn -0.6154 0.7708 -0.1649
vn -0.4600 0.8793 -0.1232
vn 0.9659 -0.0000 0.2587
vn 0.9659 -0.0000 0.2587
vn -0.2588 0.0000 0.9659
vn -0.2588 -0.0001 0.9659
vn -0.2588 -0.0001 0.9659
vn -0.5151 0.8459 -0.1380
vn -0.5284 0.8371 -0.1414
vn -0.4593 0.8797 -0.1232
vn -0.5931 0.7893 -0.1590
vn -0.5931 0.7893 -0.1589
vn -0.5678 0.8090 -0.1521
vn -0.6542 0.7357 -0.1753
vn -0.7107 0.6772 -0.1903
vn -0.7107 0.6772 -0.1904
vn -0.6830 0.7071 -0.1832
vn -0.7622 0.6142 -0.2043
vn -0.8087 0.5468 -0.2167
vn -0.8087 0.5468 -0.2167
vn -0.7814 0.5878 -0.2094
vn -0.8314 0.5090 -0.2228
vn -0.8494 0.4760 -0.2277
vn 0.0000 -1.0000 -0.0000
vn 0.0000 -1.0000 -0.0000
vn 0.0000 -1.0000 -0.0000
vn -0.8604 0.4545 -0.2305
vn -0.8014 0.5583 -0.2147
vn -0.8014 0.5583 -0.2147
vn -0.7307 0.6540 -0.1958
vn 0.8450 -0.4533 0.2838
vn 0.8450 -0.4532 0.2838
vn 0.8034 -0.5294 0.2727
vn 0.7659 -0.5869 0.2626
vn 0.7656 -0.5873 0.2625
vn 0.7234 -0.6431 0.2513
vn 0.7659 -0.5869 0.2626
vn 0.8449 -0.4533 0.2839
vn 0.9029 -0.3085 0.2993
vn -0.1231 0.4764 -0.8706
vn -0.2280 0.5647 -0.7932
vn -0.3282 0.6380 -0.6966
vn -0.3744 0.6683 -0.6428
vn -0.4611 0.7182 -0.5211
vn -0.4201 0.6958 -0.5826
vn 0.2586 -0.0000 -0.9660
vn 0.2587 -0.0000 -0.9659
vn 0.2588 -0.0000 -0.9659
vn 0.1572 0.0852 -0.9839
vn -0.0000 -1.0000 -0.0000
vn -0.0000 -1.0000 -0.0000
vn -0.2588 -0.0000 0.9659
vn -0.2589 -0.0000 0.9659
vn -0.2588 0.0000 0.9659
vn -0.1388 -0.0991 0.9854
vn -0.1519 -0.1140 0.9818
vn -0.0153 -0.1959 0.9805
vn -0.0414 -0.2250 0.9735
vn -0.1660 -0.1260 0.9780
vn -0.0695 -0.2492 0.9660
vn 0.0700 -0.3305 0.9412
vn 0.0284 -0.3663 0.9301
vn 0.1800 -0.4280 0.8857
vn 0.1254 -0.4748 0.8711
vn 0.2852 -0.5149 0.8084
vn 0.2190 -0.5717 0.7907
vn 0.3448 -0.4487 0.8245
vn 0.2295 -0.3729 0.8991
vn 0.1084 -0.2879 0.9515
vn 0.4517 -0.5134 0.7296
vn 0.3835 -0.5891 0.7112
vn 0.5477 -0.5655 0.6167
vn 0.4724 -0.6488 0.5966
vn 0.6299 -0.6037 0.4887
vn 0.5496 -0.6927 0.4671
vn 0.6966 -0.6270 0.3486
vn 0.3876 -0.7215 0.5738
vn 0.4084 -0.7594 0.5065
vn 0.4588 -0.7704 0.4427
vn 0.4890 -0.7886 0.3728
vn 0.5189 -0.8001 0.3010
vn 0.6135 -0.7191 0.3264
vn 0.7463 -0.6348 0.1999
vn 0.5662 -0.8102 0.1518
vn 0.6616 -0.7286 0.1774
vn 0.5661 -0.8102 0.1517
vn 0.6616 -0.7286 0.1772
vn 0.7463 -0.6348 0.2000
vn 0.6620 -0.7282 0.1774
vn 0.3071 -0.6546 0.6908
vn 0.3498 -0.6881 0.6357
vn 0.6793 -0.7109 0.1822
vn 0.7248 -0.6610 0.1943
vn 0.6793 -0.7109 0.1820
vn 0.0536 -0.9985 0.0144
vn 0.0536 -0.9985 0.0144
vn 0.1511 -0.9877 0.0405
vn 0.2588 -0.0000 -0.9659
vn 0.2588 -0.0000 -0.9659
vn 0.2588 -0.0000 -0.9659
vn -0.0460 0.9989 -0.0123
vn -0.1557 0.9869 -0.0417
vn -0.1557 0.9869 -0.0417
vn -0.2636 0.9620 -0.0706
vn -0.3680 0.9246 -0.0986
vn -0.2636 0.9620 -0.0706
vn -0.9659 0.0000 -0.2588
vn -0.9659 0.0000 -0.2588
vn -0.9659 0.0000 -0.2588
vn 0.5587 0.8157 0.1497
vn 0.4600 0.8793 0.1232
vn 0.5152 0.8459 0.1380
vn 0.4593 0.8797 0.1233
vn 0.7356 0.4156 -0.5350
vn 0.7220 0.4343 -0.5386
vn 0.6855 0.4789 -0.5484
vn 0.7916 0.3210 -0.5200
vn 0.7837 0.3365 -0.5221
vn 0.7549 0.3866 -0.5298
vn 0.8326 0.2185 -0.5089
vn 0.8290 0.2296 -0.5099
vn 0.8087 0.2836 -0.5153
vn 0.8576 0.1106 -0.5023
vn 0.8567 0.1165 -0.5025
vn 0.8453 0.1729 -0.5056
vn 0.9136 0.3247 0.2447
vn 0.9136 0.3247 0.2448
vn 0.9186 0.3091 0.2461
vn 0.8850 0.4008 0.2371
vn 0.8606 0.4540 0.2306
vn 0.8848 0.4011 0.2372
vn 0.8844 0.4021 0.2370
vn 0.9367 0.2445 0.2508
vn 0.9527 0.1646 0.2554
vn 0.9528 0.1646 0.2552
vn 0.9540 0.1565 0.2556
vn 0.9659 -0.0000 0.2589
vn 0.9627 0.0813 0.2580
vn 0.9627 0.0814 0.2579
vn 0.9625 -0.0840 0.2580
vn 0.6507 0.7390 0.1743
vn 0.6154 0.7708 0.1649
vn 0.6855 0.7208 0.1022
vn 0.7002 0.7135 0.0257
vn 0.6832 0.7299 0.0211
vn 0.7112 0.7011 -0.0518
vn 0.6989 0.7028 -0.1326
vn 0.6470 0.7624 0.0114
vn 0.6335 0.7687 0.0882
vn 0.6602 0.7374 -0.1430
vn 0.6973 0.6584 -0.2832
vn 0.6551 0.6958 -0.2945
vn 0.6786 0.5979 -0.4267
vn 0.6325 0.6380 -0.4391
vn 0.7043 0.5725 -0.4198
vn 0.7140 0.6061 -0.3506
vn 0.7209 0.6624 -0.2039
vn 0.7196 0.6367 -0.2772
vn -0.6794 -0.7109 -0.1820
vn -0.7248 -0.6610 -0.1942
vn -0.7248 -0.6610 -0.1943
vn -0.5441 -0.4749 0.6917
vn 0.8849 -0.4012 0.2368
vn 0.8572 -0.4611 0.2294
vn 0.8843 -0.4021 0.2372
vn -0.8900 0.4185 -0.1810
vn -0.7239 0.6762 -0.1368
vn -0.7755 0.6132 -0.1503
vn -0.7239 0.6763 -0.1366
vn -0.7520 0.6432 -0.1441
vn 0.4600 -0.8793 0.1233
vn 0.5587 -0.8157 0.1498
vn -0.9659 0.0000 -0.2588
vn -0.9659 0.0000 -0.2588
vn -0.9659 0.0000 -0.2588
vn 0.7111 -0.7012 -0.0517
vn 0.7180 -0.6843 -0.1275
vn 0.7195 -0.6367 -0.2772
vn -0.3725 0.0993 0.9227
vn -0.4769 0.1961 0.8568
vn -0.7074 0.6488 0.2805
vn -0.7898 0.6037 0.1084
vn -0.7097 0.6924 0.1301
vn -0.7776 0.6270 -0.0463
vn -0.6945 0.7191 -0.0241
vn -0.4730 0.8783 -0.0693
vn -0.4430 0.8944 -0.0613
vn -0.4018 0.9143 -0.0502
vn 0.0460 -0.9989 0.0123
vn 0.1557 -0.9869 0.0417
vn 0.1557 -0.9869 0.0417
vn -0.9136 0.3247 -0.2449
vn -0.8848 0.4011 -0.2372
vn -0.9136 0.3247 -0.2448
vn -0.9186 0.3090 -0.2462
vn -0.9366 0.2446 -0.2511
vn -0.9527 0.1647 -0.2553
vn -0.9527 0.1646 -0.2555
vn -0.9540 0.1564 -0.2556
vn -0.9626 0.0815 -0.2583
vn -0.9659 0.0000 -0.2588
vn -0.9628 0.0812 -0.2579
vn -0.3283 -0.6381 -0.6965
vn -0.2569 0.1190 0.9591
vn -0.2587 0.0000 0.9659
vn -0.2570 0.1190 0.9591
vn 0.0000 1.0000 0.0000
vn 0.0000 1.0000 0.0000
vn -0.9659 -0.0000 -0.2589
vn -0.9659 -0.0000 -0.2589
vn -0.9660 -0.0001 -0.2587
vn -0.2531 0.2082 0.9448
vn 0.9660 0.0000 0.2587
vn 0.9660 -0.0000 0.2587
vn 0.9660 0.0001 0.2587
vn -0.2532 0.2080 0.9448
vn -0.2464 0.3065 0.9194
vn -0.2464 0.3064 0.9195
vn -0.2313 0.4487 0.8633
vn -0.2312 0.4489 0.8632
vn -0.2087 0.5907 0.7794
vn -0.2088 0.5907 0.7794
vn -0.1933 0.6652 0.7212
vn -0.1761 0.7326 0.6575
vn -0.1932 0.6650 0.7214
vn -0.1580 0.7921 0.5896
vn -0.1760 0.7332 0.6568
vn -0.1397 0.8417 0.5215
vn -0.1580 0.7918 0.5900
vn -0.1108 0.9037 0.4135
vn -0.1397 0.8417 0.5215
vn -0.0847 0.9449 0.3161
vn -0.1108 0.9038 0.4134
vn -0.0508 0.9806 0.1895
vn -0.0847 0.9449 0.3161
vn -0.0294 0.9935 0.1098
vn -0.0508 0.9806 0.1894
vn -0.0155 0.9982 0.0577
vn -0.0294 0.9935 0.1098
vn -0.0062 0.9997 0.0230
vn -0.0155 0.9982 0.0577
vn 0.0000 1.0000 -0.0000
vn -0.0062 0.9997 0.0231
vn 0.0000 1.0000 0.0000
vn 0.0000 1.0000 -0.0000
vn 0.9659 -0.0000 0.2588
vn 0.9659 0.0000 0.2588
vn 0.9659 -0.0000 0.2588
vn -0.2590 -0.0000 0.9659
vn -0.2590 -0.0000 0.9659
vn -0.2590 -0.0000 0.9659
vn -0.9659 -0.0000 -0.2588
vn -0.9659 0.0000 -0.2588
vn -0.9659 0.0000 -0.2588
vn 0.0000 -1.0000 -0.0000
vn 0.0000 -1.0000 -0.0000
vn 0.0000 -1.0000 -0.0000
vn 0.0069 -0.9996 -0.0259
vn 0.0069 -0.9996 -0.0258
vn 0.0174 -0.9977 -0.0650
vn 0.0332 -0.9917 -0.1238
vn 0.0175 -0.9977 -0.0651
vn 0.0563 -0.9760 -0.2103
vn 0.0331 -0.9918 -0.1237
vn 0.0901 -0.9375 -0.3362
vn 0.0563 -0.9760 -0.2103
vn 0.1121 -0.9013 -0.4184
vn 0.0901 -0.9375 -0.3362
vn 0.1359 -0.8510 -0.5073
vn 0.1120 -0.9015 -0.4181
vn 0.1620 -0.7799 -0.6046
vn 0.1359 -0.8510 -0.5073
vn 0.1875 -0.6898 -0.6993
vn 0.1621 -0.7797 -0.6048
vn 0.2096 -0.5865 -0.7824
vn 0.1875 -0.6898 -0.6993
vn 0.2279 -0.4741 -0.8505
vn 0.2097 -0.5862 -0.7826
vn 0.2404 -0.3704 -0.8972
vn 0.2279 -0.4742 -0.8504
vn 0.2492 -0.2697 -0.9301
vn 0.2404 -0.3701 -0.8974
vn 0.2571 -0.1127 -0.9598
vn 0.2492 -0.2697 -0.9302
vn 0.2588 0.0000 -0.9659
vn 0.2572 -0.1127 -0.9598
vn -0.9659 0.0001 -0.2589
vn -0.9659 0.0000 -0.2589
vn -0.9659 0.0000 -0.2589
vn 0.2587 0.0000 -0.9659
vn 0.2587 0.0000 -0.9659
vn 0.2587 0.0000 -0.9659
vn 0.9659 -0.0000 0.2589
vn 0.9659 -0.0000 0.2589
vn 0.9659 -0.0000 0.2589
vn -0.2590 -0.0000 0.9659
vn -0.2590 -0.0000 0.9659
vn -0.2590 -0.0000 0.9659
vn 0.0000 1.0000 0.0000
vn 0.0000 1.0000 0.0000
vn 0.9660 -0.0000 0.2587
vn 0.9660 0.0000 0.2587
vn 0.9659 0.0001 0.2588
vn -0.0000 -1.0000 -0.0000
vn -0.0000 -1.0000 -0.0000
vn -0.0000 -1.0000 -0.0000
vn -0.2590 -0.0000 0.9659
vn -0.2590 -0.0000 0.9659
vn 0.9659 0.0000 0.2589
vn 0.9659 -0.0000 0.2589
vn 0.9659 -0.0000 0.2589
vn -0.9659 0.0000 -0.2590
vn -0.9659 -0.0001 -0.2589
vn -0.9659 -0.0000 -0.2590
vn 0.2588 -0.0000 -0.9659
vn 0.2587 0.0000 -0.9659
vn -0.9659 0.0001 -0.2589
vn -0.9659 0.0001 -0.2589
vn -0.9659 0.0000 -0.2589
vn 0.2571 0.1127 -0.9598
vn 0.2572 0.1127 -0.9598
vn 0.2492 0.2697 -0.9302
vn 0.2404 0.3703 -0.8973
vn 0.2492 0.2696 -0.9302
vn 0.2279 0.4741 -0.8505
vn 0.2404 0.3701 -0.8974
vn 0.2095 0.5866 -0.7823
vn 0.2279 0.4741 -0.8505
vn 0.2096 0.5865 -0.7824
vn 0.1874 0.6898 -0.6993
vn 0.1620 0.7798 -0.6047
vn 0.1875 0.6898 -0.6993
vn 0.1359 0.8510 -0.5073
vn 0.1621 0.7796 -0.6049
vn 0.1120 0.9015 -0.4181
vn 0.1359 0.8510 -0.5073
vn 0.1120 0.9014 -0.4182
vn 0.0901 0.9375 -0.3362
vn 0.0563 0.9760 -0.2103
vn 0.0901 0.9375 -0.3362
vn 0.0332 0.9917 -0.1238
vn 0.0563 0.9760 -0.2103
vn 0.0331 0.9918 -0.1237
vn 0.0174 0.9977 -0.0651
vn 0.0069 0.9996 -0.0259
vn 0.0174 0.9977 -0.0651
vn 0.0000 1.0000 -0.0000
vn 0.0069 0.9996 -0.0257
vn 0.0000 1.0000 0.0000
vn 0.0000 1.0000 -0.0000
vn 0.0000 1.0000 0.0000
vn 0.9659 -0.0000 0.2588
vn 0.9659 -0.0000 0.2588
vn 0.9659 -0.0000 0.2588
vn -0.2587 -0.0000 0.9660
vn -0.2590 -0.0000 0.9659
vn -0.2590 -0.0000 0.9659
vn -0.9659 0.0000 -0.2588
vn -0.9659 0.0000 -0.2588
vn -0.9659 0.0000 -0.2588
vn -0.0000 -1.0000 -0.0000
vn -0.0000 -1.0000 0.0000
vn 0.0000 -1.0000 -0.0000
vn -0.0062 -0.9997 0.0232
vn -0.0062 -0.9997 0.0233
vn -0.0155 -0.9982 0.0579
vn -0.0155 -0.9982 0.0578
vn -0.0294 -0.9935 0.1098
vn -0.0508 -0.9806 0.1894
vn -0.0294 -0.9935 0.1098
vn -0.0847 -0.9449 0.3161
vn -0.0507 -0.9806 0.1894
vn -0.1108 -0.9038 0.4134
vn -0.0847 -0.9449 0.3161
vn -0.1108 -0.9037 0.4135
vn -0.1397 -0.8417 0.5215
vn -0.1580 -0.7918 0.5900
vn -0.1397 -0.8417 0.5215
vn -0.1760 -0.7332 0.6569
vn -0.1582 -0.7916 0.5902
vn -0.1932 -0.6656 0.7209
vn -0.1762 -0.7329 0.6571
vn -0.2088 -0.5907 0.7794
vn -0.1932 -0.6653 0.7211
vn -0.2313 -0.4488 0.8632
vn -0.2088 -0.5907 0.7794
vn -0.2464 -0.3064 0.9195
vn -0.2312 -0.4486 0.8633
vn -0.2464 -0.3065 0.9194
vn -0.2532 -0.2081 0.9448
vn -0.2569 -0.1190 0.9591
vn -0.2532 -0.2080 0.9448
vn -0.2588 -0.0000 0.9659
vn -0.2570 -0.1190 0.9591
vn 0.0000 -1.0000 -0.0000
vn -0.0000 -1.0000 -0.0000
vn 0.0000 -1.0000 -0.0000
vn 0.4128 -0.0000 0.9108
vn 0.5526 -0.0000 0.8334
vn 0.5526 -0.0000 0.8334
vn 0.6784 -0.0000 0.7347
vn 0.7868 -0.0000 0.6172
vn 0.8751 -0.0000 0.4839
vn 0.7868 -0.0000 0.6172
vn 0.9410 -0.0000 0.3383
vn 0.8751 -0.0000 0.4839
vn 0.9411 -0.0000 0.3382
vn 0.8784 -0.0000 0.4779
vn 0.8784 -0.0000 0.4779
vn 0.7951 -0.0000 0.6065
vn 0.7951 -0.0000 0.6065
vn 0.6934 -0.0000 0.7206
vn 0.6934 -0.0000 0.7205
vn 0.7841 0.0000 0.6207
vn 0.7841 -0.0000 0.6206
vn 0.0000 1.0000 0.0000
vn 0.0000 1.0000 0.0000
vn 0.0000 1.0000 0.0000
vn 0.8468 -0.0000 0.5319
vn 0.8468 -0.0000 0.5319
vn 0.9177 -0.0000 0.3973
vn 0.9177 -0.0000 0.3973
vn 0.9598 0.0000 0.2808
vn 0.9598 -0.0000 0.2808
vn 0.9659 -0.0000 0.2590
vn 0.9659 -0.0000 0.2589
vn 0.9660 -0.0000 0.2587
vn 0.9660 -0.0000 0.2587
vn 0.9660 -0.0000 0.2587
vn 0.9660 -0.0000 0.2587
vn 0.9659 -0.0000 0.2589
vn 0.9659 -0.0000 0.2590
vn 0.9659 -0.0000 0.2589
vn -0.2588 -0.0000 0.9659
vn -0.2588 -0.0000 0.9659
vn -0.2588 -0.0000 0.9659
vn -0.9660 0.0000 -0.2587
vn -0.9659 0.0000 -0.2588
vn -0.9659 0.0000 -0.2588
vn -0.9659 0.0000 -0.2588
vn -0.9272 0.0000 -0.3746
vn -0.9659 0.0000 -0.2588
vn -0.8583 0.0000 -0.5132
vn -0.9271 0.0000 -0.3748
vn -0.8583 0.0000 -0.5132
vn -0.7687 0.0000 -0.6397
vn -0.7687 0.0000 -0.6397
vn -0.6607 0.0000 -0.7507
vn -0.6607 0.0000 -0.7507
vn -0.5368 0.0000 -0.8437
vn -0.5368 0.0000 -0.8437
vn -0.4001 0.0000 -0.9165
vn -0.4001 0.0000 -0.9165
vn -0.2539 0.0000 -0.9672
vn -0.1015 0.0000 -0.9948
vn -0.2539 0.0000 -0.9672
vn 0.0534 0.0000 -0.9986
vn -0.1015 0.0000 -0.9948
vn 0.0534 0.0000 -0.9986
vn 0.2070 0.0000 -0.9783
vn 0.9659 -0.0000 0.2590
vn 0.9659 -0.0000 0.2590
vn 0.9659 -0.0000 0.2589
vn 0.2590 0.0000 -0.9659
vn 0.2590 0.0000 -0.9659
vn -0.9659 0.0000 -0.2589
vn -0.9659 0.0000 -0.2589
vn -0.9659 0.0000 -0.2589
vn 0.4531 0.0000 -0.8915
vn 0.3099 -0.0000 -0.9508
vn 0.4531 0.0000 -0.8915
vn 0.5853 0.0000 -0.8108
vn 0.5853 0.0000 -0.8108
vn 0.7035 0.0000 -0.7107
vn 0.7035 0.0000 -0.7107
vn 0.8048 0.0000 -0.5936
vn 0.8048 0.0000 -0.5936
vn 0.8867 0.0000 -0.4623
vn 0.8867 0.0000 -0.4623
vn 0.9475 0.0000 -0.3198
vn 0.9475 0.0000 -0.3198
vn 0.9855 0.0000 -0.1696
vn 0.9855 0.0000 -0.1696
vn 0.9999 0.0000 -0.0154
vn 0.9999 0.0000 -0.0154
vn 0.9903 -0.0000 0.1390
vn 0.9903 -0.0000 0.1391
vn 0.9659 -0.0000 0.2588
vn 0.9659 -0.0000 0.2588
vn 0.9659 -0.0000 0.2588
vn 0.9659 -0.0000 0.2589
vn -0.2588 -0.0000 0.9659
vn -0.9660 0.0000 -0.2585
vn -0.9660 0.0000 -0.2587
vn -0.9660 0.0000 -0.2587
vn -0.9659 0.0000 -0.2589
vn -0.9659 0.0000 -0.2589
vn -0.9659 0.0000 -0.2589
vn -0.9659 0.0000 -0.2590
vn -0.9660 0.0000 -0.2587
vn -0.9716 0.0000 -0.2367
vn -0.9660 0.0000 -0.2587
vn -0.9934 0.0000 -0.1148
vn -0.9716 0.0000 -0.2367
vn -0.9993 -0.0000 0.0372
vn -0.9934 0.0000 -0.1147
vn -0.9894 -0.0000 0.1454
vn -0.9993 -0.0000 0.0373
vn -0.9608 -0.0000 0.2774
vn -0.9894 0.0000 0.1454
vn -0.9918 -0.0000 0.1275
vn -0.9918 -0.0000 0.1279
vn -0.9997 0.0000 -0.0254
vn -0.9841 0.0000 -0.1776
vn -0.9997 0.0000 -0.0254
vn -0.9998 0.0000 -0.0185
vn -0.9998 0.0000 -0.0185
vn -0.9900 -0.0000 0.1411
vn -0.9549 -0.0000 0.2970
vn -0.9900 -0.0000 0.1411
vn -0.8954 -0.0000 0.4453
vn -0.9549 -0.0000 0.2970
vn -0.8129 -0.0000 0.5824
vn -0.8954 -0.0000 0.4453
vn -0.9659 0.0000 -0.2588
vn -0.9659 0.0000 -0.2588
vn -0.9659 0.0000 -0.2588
vn -0.2587 -0.0000 0.9659
vn -0.2587 -0.0000 0.9659
vn 0.9658 -0.0000 0.2591
vn 0.9659 -0.0000 0.2591
vn 0.9659 -0.0000 0.2591
vn -0.5989 -0.0000 0.8008
vn -0.7133 -0.0000 0.7009
vn -0.5989 -0.0000 0.8008
vn -0.4706 -0.0000 0.8824
vn -0.4706 -0.0000 0.8824
vn -0.3314 -0.0000 0.9435
vn -0.3314 -0.0000 0.9435
vn -0.1847 -0.0000 0.9828
vn -0.1847 -0.0000 0.9828
vn -0.0336 -0.0000 0.9994
vn -0.0336 -0.0000 0.9994
vn 0.1182 -0.0000 0.9930
vn 0.1182 -0.0000 0.9930
vn 0.2673 -0.0000 0.9636
vn -0.9660 0.0000 -0.2584
vn -0.9660 0.0000 -0.2587
vn -0.9659 0.0000 -0.2588
vn -0.2590 -0.0000 0.9659
vn -0.2587 -0.0000 0.9660
vn 0.9659 -0.0000 0.2588
vn 0.9659 -0.0000 0.2588
vn 0.9659 -0.0000 0.2588
vn 0.0000 -1.0000 -0.0000
vn 0.0000 -1.0000 -0.0000
vn -0.0000 -1.0000 -0.0000
vn 0.4128 -0.0000 0.9108
vn 0.5526 -0.0000 0.8334
vn 0.5526 -0.0000 0.8334
vn 0.6784 -0.0000 0.7347
vn 0.7868 -0.0000 0.6172
vn 0.6784 -0.0000 0.7347
vn 0.8751 -0.0000 0.4839
vn 0.7868 -0.0000 0.6172
vn 0.9410 -0.0000 0.3383
vn 0.8751 -0.0000 0.4839
vn 0.9410 -0.0000 0.3383
vn 0.8784 -0.0000 0.4779
vn 0.8784 -0.0000 0.4779
vn 0.7954 -0.0000 0.6061
vn 0.6933 -0.0000 0.7206
vn 0.7841 -0.0000 0.6206
vn 0.6934 -0.0000 0.7206
vn 0.7841 -0.0000 0.6206
vn -0.0000 1.0000 0.0000
vn 0.0000 1.0000 0.0000
vn -0.0000 1.0000 0.0000
vn 0.8468 -0.0000 0.5319
vn 0.9177 -0.0000 0.3973
vn 0.8468 -0.0000 0.5319
vn 0.9598 -0.0000 0.2808
vn 0.9177 0.0000 0.3973
vn 0.9659 -0.0000 0.2589
vn 0.9598 0.0000 0.2808
vn 0.9660 -0.0000 0.2587
vn 0.9659 -0.0000 0.2590
vn 0.9660 -0.0000 0.2587
vn 0.9660 -0.0000 0.2587
vn 0.9659 -0.0000 0.2590
vn 0.9660 -0.0000 0.2587
vn 0.9659 -0.0000 0.2589
vn 0.9659 -0.0000 0.2589
vn -0.2588 -0.0000 0.9659
vn -0.2588 -0.0000 0.9659
vn -0.2588 -0.0000 0.9659
vn -0.9660 0.0000 -0.2587
vn -0.9659 0.0000 -0.2588
vn -0.9659 0.0000 -0.2589
vn -0.9659 0.0000 -0.2588
vn -0.9271 0.0000 -0.3747
vn -0.9271 0.0000 -0.3748
vn -0.8583 0.0000 -0.5132
vn -0.8583 0.0000 -0.5132
vn -0.7687 0.0000 -0.6396
vn -0.7687 0.0000 -0.6396
vn -0.6607 0.0000 -0.7506
vn -0.6607 0.0000 -0.7506
vn -0.5368 0.0000 -0.8437
vn -0.5368 0.0000 -0.8437
vn -0.4001 0.0000 -0.9165
vn -0.4001 0.0000 -0.9165
vn -0.2539 0.0000 -0.9672
vn -0.2539 0.0000 -0.9672
vn -0.1015 0.0000 -0.9948
vn -0.1015 0.0000 -0.9948
vn 0.0534 0.0000 -0.9986
vn 0.0534 0.0000 -0.9986
vn 0.2070 -0.0000 -0.9783
vn 0.9659 -0.0000 0.2589
vn 0.9659 -0.0000 0.2589
vn 0.2590 0.0000 -0.9659
vn 0.2590 0.0000 -0.9659
vn 0.2590 0.0000 -0.9659
vn -0.9659 0.0000 -0.2589
vn -0.9659 0.0000 -0.2589
vn -0.9659 0.0000 -0.2589
vn 0.4531 0.0000 -0.8915
vn 0.3099 -0.0000 -0.9508
vn 0.4531 0.0000 -0.8915
vn 0.5853 0.0000 -0.8108
vn 0.7035 0.0000 -0.7107
vn 0.5853 0.0000 -0.8108
vn 0.8048 0.0000 -0.5936
vn 0.7035 0.0000 -0.7107
vn 0.8867 0.0000 -0.4623
vn 0.8048 0.0000 -0.5936
vn 0.8867 0.0000 -0.4623
vn 0.9475 0.0000 -0.3197
vn 0.9475 0.0000 -0.3197
vn 0.9855 0.0000 -0.1696
vn 0.9855 0.0000 -0.1696
vn 0.9999 0.0000 -0.0154
vn 0.9903 -0.0000 0.1392
vn 0.9999 0.0000 -0.0154
vn 0.9659 -0.0000 0.2588
vn 0.9903 -0.0000 0.1390
vn 0.9659 -0.0000 0.2588
vn 0.9659 -0.0000 0.2588
vn 0.9659 -0.0000 0.2589
vn 0.9659 -0.0000 0.2588
vn -0.2588 -0.0000 0.9659
vn -0.2588 -0.0000 0.9659
vn -0.2588 -0.0000 0.9659
vn -0.9660 0.0000 -0.2587
vn -0.9659 0.0000 -0.2590
vn -0.9660 0.0000 -0.2587
vn -0.9660 0.0000 -0.2586
vn -0.9660 0.0000 -0.2587
vn -0.9659 0.0000 -0.2590
vn -0.9659 0.0000 -0.2590
vn -0.9660 0.0000 -0.2586
vn -0.9660 0.0000 -0.2586
vn -0.9716 0.0000 -0.2367
vn -0.9716 0.0000 -0.2367
vn -0.9934 0.0000 -0.1148
vn -0.9934 0.0000 -0.1147
vn -0.9993 -0.0000 0.0372
vn -0.9993 0.0000 0.0372
vn -0.9894 -0.0000 0.1455
vn -0.9894 -0.0000 0.1454
vn -0.9608 -0.0000 0.2774
vn -0.9918 -0.0000 0.1275
vn -0.9919 -0.0000 0.1274
vn -0.9997 0.0000 -0.0254
vn -0.9997 0.0000 -0.0254
vn -0.9841 0.0000 -0.1776
vn -0.9841 0.0000 -0.1776
vn -0.9998 0.0000 -0.0185
vn -0.9998 0.0000 -0.0185
vn -0.9900 -0.0000 0.1410
vn -0.9549 -0.0000 0.2970
vn -0.9900 -0.0000 0.1410
vn -0.8953 -0.0000 0.4454
vn -0.9549 -0.0000 0.2970
vn -0.8129 -0.0000 0.5824
vn -0.8953 -0.0000 0.4454
vn -0.9659 0.0000 -0.2588
vn -0.9659 0.0000 -0.2588
vn -0.9659 0.0000 -0.2588
vn -0.2587 -0.0000 0.9659
vn -0.2587 -0.0000 0.9659
vn -0.2587 -0.0000 0.9659
vn 0.9659 -0.0000 0.2591
vn 0.9659 -0.0000 0.2591
vn 0.9659 -0.0000 0.2591
vn -0.7133 -0.0000 0.7009
vn -0.5989 -0.0000 0.8008
vn -0.5989 -0.0000 0.8008
vn -0.4706 -0.0000 0.8824
vn -0.4706 -0.0000 0.8824
vn -0.3314 -0.0000 0.9435
vn -0.3314 -0.0000 0.9435
vn -0.1847 -0.0000 0.9828
vn -0.0336 -0.0000 0.9994
vn -0.0336 -0.0000 0.9994
vn 0.1182 -0.0000 0.9930
vn 0.1182 -0.0000 0.9930
vn 0.2673 -0.0000 0.9636
vn -0.9660 0.0000 -0.2587
vn -0.9659 0.0000 -0.2589
vn -0.9659 0.0000 -0.2587
vn -0.2587 -0.0000 0.9660
vn 0.9659 -0.0000 0.2588
vn 0.9659 -0.0000 0.2588
vn -0.2587 -0.0000 0.9659
vn -0.2587 -0.0000 0.9659
vn -0.9659 -0.0002 -0.2589
vn -0.9659 -0.0001 -0.2590
vn -0.9660 0.0000 -0.2587
vn -0.0000 -1.0000 -0.0000
vn -0.0000 -1.0000 -0.0000
vn -0.0000 -1.0000 -0.0000
vn -0.0025 -1.0000 0.0091
vn 0.0000 -1.0000 -0.0001
vn -0.0025 -1.0000 0.0092
vn -0.0107 -0.9991 0.0401
vn -0.0107 -0.9991 0.0401
vn -0.0277 -0.9943 0.1034
vn -0.0277 -0.9943 0.1034
vn 0.9659 -0.0001 0.2588
vn 0.9660 -0.0002 0.2587
vn 0.9659 0.0001 0.2589
vn -0.0602 -0.9726 0.2247
vn -0.0602 -0.9726 0.2247
vn -0.0902 -0.9373 0.3366
vn -0.0902 -0.9373 0.3366
vn -0.1267 -0.8719 0.4729
vn -0.1267 -0.8720 0.4729
vn -0.1542 -0.8032 0.5754
vn -0.1541 -0.8033 0.5753
vn -0.1814 -0.7135 0.6768
vn -0.1813 -0.7136 0.6767
vn -0.2056 -0.6074 0.7673
vn -0.2057 -0.6077 0.7670
vn -0.2254 -0.4916 0.8411
vn -0.2255 -0.4916 0.8411
vn -0.2371 -0.4007 0.8850
vn -0.2371 -0.4006 0.8851
vn -0.2456 -0.3141 0.9171
vn -0.2457 -0.3141 0.9170
vn -0.2551 -0.1686 0.9521
vn -0.2551 -0.1686 0.9521
vn -0.2586 -0.0366 0.9653
vn -0.2586 -0.0366 0.9653
vn -0.2587 -0.0000 0.9659
vn -0.2587 -0.0000 0.9659
vn 0.0000 -1.0000 -0.0000
vn 0.0000 -1.0000 -0.0000
vn -0.0000 -1.0000 -0.0000
vn 0.2590 0.0000 -0.9659
vn 0.2588 -0.0000 -0.9659
vn 0.2590 0.0000 -0.9659
vn 0.2586 0.0399 -0.9652
vn 0.2588 0.0399 -0.9651
vn 0.2554 0.1649 -0.9527
vn 0.2492 0.2699 -0.9301
vn 0.2553 0.1649 -0.9527
vn 0.2376 0.3964 -0.8868
vn 0.2492 0.2699 -0.9301
vn 0.2166 0.5477 -0.8082
vn 0.2377 0.3964 -0.8868
vn 0.2027 0.6223 -0.7561
vn 0.2166 0.5477 -0.8081
vn 0.1866 0.6926 -0.6968
vn 0.2027 0.6226 -0.7558
vn 0.1698 0.7549 -0.6334
vn 0.1869 0.6922 -0.6970
vn 0.1519 0.8097 -0.5668
vn 0.1698 0.7551 -0.6332
vn 0.1167 0.8927 -0.4354
vn 0.1518 0.8097 -0.5668
vn 0.0878 0.9408 -0.3275
vn 0.1166 0.8926 -0.4354
vn 0.0633 0.9697 -0.2361
vn 0.0877 0.9408 -0.3274
vn 0.0308 0.9929 -0.1150
vn 0.0633 0.9697 -0.2361
vn 0.0123 0.9989 -0.0460
vn 0.0308 0.9929 -0.1151
vn 0.0123 0.9989 -0.0460
vn 0.0029 0.9999 -0.0107
vn 0.0029 0.9999 -0.0107
vn -0.0000 1.0000 0.0000
vn -0.0000 1.0000 0.0000
vn -0.0000 1.0000 0.0000
vn 0.0000 1.0000 0.0000
vn -0.2587 -0.0000 0.9659
vn -0.2587 -0.0000 0.9659
vn 0.9660 -0.0000 0.2587
vn 0.9660 -0.0001 0.2586
vn 0.9659 0.0001 0.2589
vn -0.0000 -1.0000 -0.0001
vn -0.0000 -1.0000 -0.0001
vn 0.0000 -1.0000 -0.0000
vn -0.0025 -1.0000 0.0091
vn -0.0024 -1.0000 0.0091
vn -0.0107 -0.9991 0.0401
vn -0.0107 -0.9991 0.0401
vn -0.9659 0.0001 -0.2588
vn -0.9659 -0.0001 -0.2589
vn -0.9659 0.0002 -0.2588
vn -0.0277 -0.9943 0.1034
vn -0.0277 -0.9943 0.1034
vn -0.0602 -0.9726 0.2247
vn -0.0602 -0.9726 0.2247
vn -0.0902 -0.9373 0.3367
vn -0.0902 -0.9373 0.3367
vn -0.1267 -0.8720 0.4729
vn -0.1267 -0.8719 0.4729
vn -0.1542 -0.8032 0.5755
vn -0.1542 -0.8030 0.5757
vn -0.1814 -0.7134 0.6768
vn -0.1814 -0.7135 0.6768
vn -0.2056 -0.6076 0.7672
vn -0.2056 -0.6074 0.7673
vn -0.2254 -0.4916 0.8411
vn -0.2254 -0.4916 0.8411
vn -0.2372 -0.4003 0.8851
vn -0.2372 -0.4007 0.8850
vn -0.2459 -0.3141 0.9170
vn -0.2457 -0.3141 0.9170
vn -0.2551 -0.1685 0.9521
vn -0.2551 -0.1686 0.9521
vn -0.2587 -0.0366 0.9653
vn -0.2588 -0.0366 0.9652
vn -0.2588 -0.0000 0.9659
vn -0.2590 -0.0000 0.9659
vn -0.2588 -0.0000 0.9659
vn -0.2590 -0.0000 0.9659
vn 0.0000 -1.0000 -0.0000
vn 0.0000 -1.0000 -0.0000
vn 0.2587 0.0000 -0.9659
vn 0.2587 0.0000 -0.9659
vn 0.2588 -0.0000 -0.9659
vn 0.2586 0.0399 -0.9652
vn 0.2586 0.0399 -0.9652
vn 0.2552 0.1649 -0.9527
vn 0.2492 0.2700 -0.9301
vn 0.2553 0.1649 -0.9527
vn 0.2376 0.3964 -0.8868
vn 0.2492 0.2699 -0.9301
vn 0.2166 0.5477 -0.8082
vn 0.2375 0.3964 -0.8868
vn 0.2166 0.5477 -0.8081
vn 0.2026 0.6223 -0.7561
vn 0.1867 0.6925 -0.6969
vn 0.2025 0.6227 -0.7558
vn 0.1697 0.7549 -0.6335
vn 0.1869 0.6920 -0.6973
vn 0.1519 0.8097 -0.5668
vn 0.1697 0.7548 -0.6336
vn 0.1167 0.8926 -0.4354
vn 0.1518 0.8097 -0.5668
vn 0.0878 0.9408 -0.3275
vn 0.1166 0.8926 -0.4354
vn 0.0633 0.9697 -0.2361
vn 0.0877 0.9408 -0.3275
vn 0.0308 0.9929 -0.1150
vn 0.0632 0.9697 -0.2361
vn 0.0123 0.9989 -0.0460
vn 0.0308 0.9929 -0.1150
vn 0.0029 0.9999 -0.0107
vn 0.0123 0.9989 -0.0460
vn 0.0029 0.9999 -0.0107
vn -0.0000 1.0000 0.0000
vn 0.0000 1.0000 0.0000
vn -0.0000 1.0000 0.0000
vn -0.2587 -0.0000 0.9659
vn 0.9659 -0.0000 0.2589
vn 0.9659 0.0001 0.2588
vn 0.9659 0.0000 0.2590
vn 0.0000 1.0000 0.0000
vn -0.0000 1.0000 -0.0001
vn -0.0025 1.0000 0.0091
vn -0.0025 1.0000 0.0091
vn -0.0107 0.9991 0.0401
vn -0.0107 0.9991 0.0401
vn -0.0277 0.9943 0.1034
vn -0.0277 0.9943 0.1034
vn -0.9659 0.0002 -0.2589
vn -0.9659 0.0000 -0.2587
vn -0.9659 0.0001 -0.2589
vn -0.0602 0.9726 0.2247
vn -0.0602 0.9726 0.2247
vn -0.0902 0.9373 0.3367
vn -0.0902 0.9373 0.3367
vn -0.1267 0.8719 0.4729
vn -0.1267 0.8719 0.4729
vn -0.1542 0.8032 0.5754
vn -0.1542 0.8031 0.5756
vn -0.1813 0.7135 0.6768
vn -0.1813 0.7137 0.6766
vn -0.2056 0.6075 0.7672
vn -0.2056 0.6073 0.7674
vn -0.2254 0.4916 0.8411
vn -0.2255 0.4916 0.8411
vn -0.2372 0.4006 0.8850
vn -0.2372 0.4006 0.8850
vn -0.2459 0.3141 0.9170
vn -0.2457 0.3141 0.9170
vn -0.2551 0.1686 0.9521
vn -0.2551 0.1685 0.9521
vn -0.2586 0.0366 0.9653
vn -0.2588 0.0366 0.9652
vn -0.2588 0.0000 0.9659
vn -0.2588 -0.0000 0.9659
vn 0.0000 1.0000 0.0000
vn 0.0000 1.0000 0.0000
vn 0.2587 0.0000 -0.9659
vn 0.2588 -0.0000 -0.9659
vn 0.2587 0.0000 -0.9659
vn 0.2586 -0.0399 -0.9652
vn 0.2586 -0.0399 -0.9652
vn 0.2553 -0.1649 -0.9527
vn 0.2492 -0.2700 -0.9301
vn 0.2552 -0.1649 -0.9527
vn 0.2376 -0.3964 -0.8868
vn 0.2492 -0.2699 -0.9301
vn 0.2165 -0.5477 -0.8082
vn 0.2376 -0.3964 -0.8868
vn 0.2026 -0.6226 -0.7559
vn 0.2166 -0.5477 -0.8082
vn 0.2025 -0.6222 -0.7562
vn 0.1867 -0.6922 -0.6971
vn 0.1697 -0.7549 -0.6335
vn 0.1867 -0.6923 -0.6970
vn 0.1519 -0.8097 -0.5668
vn 0.1697 -0.7548 -0.6336
vn 0.1166 -0.8927 -0.4354
vn 0.1519 -0.8097 -0.5668
vn 0.0878 -0.9408 -0.3275
vn 0.1167 -0.8926 -0.4354
vn 0.0877 -0.9408 -0.3275
vn 0.0633 -0.9696 -0.2362
vn 0.0633 -0.9697 -0.2361
vn 0.0308 -0.9929 -0.1150
vn 0.0308 -0.9929 -0.1150
vn 0.0123 -0.9989 -0.0460
vn 0.0029 -0.9999 -0.0108
vn 0.0123 -0.9989 -0.0460
vn 0.0000 -1.0000 -0.0000
vn 0.0029 -0.9999 -0.0107
vn -0.0000 -1.0000 -0.0000
vn -0.2587 -0.0000 0.9659
vn -0.9660 -0.0000 -0.2587
vn -0.9660 -0.0002 -0.2585
vn -0.9659 0.0000 -0.2589
vn -0.0000 1.0000 0.0000
vn 0.0000 1.0000 -0.0001
vn -0.0025 1.0000 0.0091
vn -0.0025 1.0000 0.0092
vn -0.0107 0.9991 0.0401
vn -0.0108 0.9991 0.0402
vn 0.9658 -0.0002 0.2591
vn 0.9659 -0.0002 0.2590
vn 0.9659 -0.0001 0.2589
vn -0.0277 0.9943 0.1034
vn -0.0277 0.9943 0.1034
vn -0.0602 0.9726 0.2247
vn -0.0602 0.9726 0.2247
vn -0.0902 0.9373 0.3366
vn -0.0902 0.9373 0.3367
vn -0.1267 0.8719 0.4729
vn -0.1267 0.8720 0.4729
vn -0.1542 0.8032 0.5754
vn -0.1542 0.8031 0.5755
vn -0.1814 0.7135 0.6768
vn -0.1813 0.7136 0.6767
vn -0.2056 0.6074 0.7673
vn -0.2056 0.6073 0.7674
vn -0.2254 0.4916 0.8411
vn -0.2254 0.4916 0.8411
vn -0.2371 0.4008 0.8850
vn -0.2371 0.4006 0.8851
vn -0.2456 0.3141 0.9171
vn -0.2457 0.3141 0.9170
vn -0.2551 0.1686 0.9521
vn -0.2551 0.1686 0.9521
vn -0.2586 0.0366 0.9653
vn -0.2586 0.0366 0.9653
vn -0.2588 0.0000 0.9659
vn 0.0000 1.0000 0.0000
vn 0.0000 1.0000 0.0000
vn -0.0000 1.0000 0.0000
vn 0.2588 -0.0000 -0.9659
vn 0.2587 0.0000 -0.9660
vn 0.2588 0.0000 -0.9659
vn 0.2588 -0.0399 -0.9651
vn 0.2586 -0.0399 -0.9652
vn 0.2554 -0.1649 -0.9527
vn 0.2492 -0.2699 -0.9301
vn 0.2553 -0.1649 -0.9527
vn 0.2376 -0.3964 -0.8868
vn 0.2492 -0.2700 -0.9301
vn 0.2165 -0.5477 -0.8082
vn 0.2376 -0.3964 -0.8868
vn 0.2166 -0.5477 -0.8082
vn 0.2026 -0.6223 -0.7561
vn 0.1869 -0.6922 -0.6970
vn 0.2027 -0.6226 -0.7558
vn 0.1697 -0.7552 -0.6331
vn 0.1869 -0.6923 -0.6970
vn 0.1519 -0.8097 -0.5668
vn 0.1698 -0.7550 -0.6333
vn 0.1166 -0.8927 -0.4353
vn 0.1518 -0.8097 -0.5668
vn 0.0877 -0.9408 -0.3275
vn 0.1167 -0.8926 -0.4354
vn 0.0633 -0.9697 -0.2361
vn 0.0877 -0.9408 -0.3274
vn 0.0308 -0.9929 -0.1150
vn 0.0633 -0.9697 -0.2361
vn 0.0123 -0.9989 -0.0460
vn 0.0308 -0.9929 -0.1150
vn 0.0029 -0.9999 -0.0107
vn 0.0123 -0.9989 -0.0460
vn 0.0000 -1.0000 -0.0000
vn 0.0029 -0.9999 -0.0107
vn 0.0000 -1.0000 -0.0000
vn 0.0000 -1.0000 -0.0000
vn 0.2586 0.0001 -0.9660
vn 0.2589 -0.0001 -0.9659
vn 0.2586 -0.0000 -0.9660
vn 0.2586 0.0000 -0.9660
vn 0.2589 -0.0000 -0.9659
vn 0.2589 -0.0001 -0.9659
vn 0.2586 0.0001 -0.9660
vn 0.2587 0.0001 -0.9659
vn 0.2587 -0.0001 -0.9659
vn 0.2589 0.0001 -0.9659
vn 0.2588 -0.0001 -0.9659
vn 0.2586 0.0000 -0.9660
vn 0.2588 -0.0001 -0.9659
vn 0.2588 0.0000 -0.9659
vn 0.2589 -0.0000 -0.9659
vn 0.2589 0.0001 -0.9659
vn 0.2589 -0.0000 -0.9659
vn 0.2589 0.0003 -0.9659
vn 0.2589 0.0003 -0.9659
vn 0.2589 0.0003 -0.9659
vn 0.2588 -0.0000 -0.9659
vn 0.2588 -0.0002 -0.9659
vn 0.2588 -0.0002 -0.9659
vn 0.2588 -0.0001 -0.9659
vn 0.2587 -0.0004 -0.9660
vn 0.2588 0.0000 -0.9659
vn 0.2588 -0.0001 -0.9659
vn 0.2588 0.0003 -0.9659
vn 0.2588 0.0001 -0.9659
vn 0.2589 -0.0001 -0.9659
vn 0.2588 0.0000 -0.9659
vn 0.2588 -0.0001 -0.9659
vn 0.2588 -0.0001 -0.9659
vn 0.2588 -0.0000 -0.9659
vn 0.2588 -0.0001 -0.9659
vn 0.2588 0.0001 -0.9659
vn 0.2588 0.0002 -0.9659
vn 0.2588 0.0002 -0.9659
vn 0.2589 0.0000 -0.9659
vn 0.2588 -0.0000 -0.9659
vn 0.2588 -0.0000 -0.9659
vn 0.2586 0.0001 -0.9660
vn 0.2588 -0.0000 -0.9659
vn 0.2588 0.0001 -0.9659
vn 0.2589 0.0000 -0.9659
vn 0.2587 0.0001 -0.9660
vn 0.2588 0.0001 -0.9659
vn 0.2588 0.0001 -0.9659
vn 0.2586 0.0000 -0.9660
vn 0.2588 -0.0001 -0.9659
vn 0.2588 0.0001 -0.9659
vn 0.2586 -0.0001 -0.9660
vn 0.2589 0.0001 -0.9659
vn 0.2586 -0.0000 -0.9660
vn 0.2588 -0.0000 -0.9659
vn 0.2585 -0.0000 -0.9660
vn 0.1872 -0.6896 -0.6995
vn 0.2589 -0.0000 -0.9659
vn 0.1804 -0.7163 -0.6740
vn 0.0762 0.6983 -0.7117
vn -0.0281 0.6725 -0.7396
vn -0.1270 0.6300 -0.7661
vn -0.2184 0.5721 -0.7906
vn -0.3560 0.4343 -0.8274
vn -0.4177 0.3366 -0.8440
vn -0.4630 0.2296 -0.8561
vn -0.4916 0.1106 -0.8638
vn -0.4907 0.1164 -0.8635
vn -0.3611 -0.6901 -0.6271
vn 0.2586 -0.0001 -0.9660
vn 0.2587 -0.0000 -0.9660
vn 0.2590 0.0001 -0.9659
vn 0.2590 0.0002 -0.9659
vn 0.2586 -0.0001 -0.9660
vn 0.2589 -0.0000 -0.9659
vn 0.2589 0.0000 -0.9659
vn 0.2589 0.0000 -0.9659
vn 0.2585 -0.0001 -0.9660
vn 0.2589 0.0000 -0.9659
vn 0.2586 -0.0001 -0.9660
vn 0.2588 0.0000 -0.9659
vn 0.2588 -0.0001 -0.9659
vn 0.2588 -0.0001 -0.9659
vn 0.2587 -0.0002 -0.9660
vn 0.2589 0.0000 -0.9659
vn 0.2589 0.0000 -0.9659
vn 0.2585 -0.0001 -0.9660
vn 0.2586 -0.0003 -0.9660
vn 0.2588 -0.0001 -0.9659
vn 0.2587 -0.0002 -0.9659
vn 0.2588 -0.0000 -0.9659
vn 0.2589 0.0001 -0.9659
vn 0.2590 0.0001 -0.9659
vn 0.2586 -0.0002 -0.9660
vn 0.2588 0.0001 -0.9659
vn 0.2588 0.0000 -0.9659
vn 0.2588 -0.0000 -0.9659
vn 0.2589 0.0000 -0.9659
vn 0.2589 0.0000 -0.9659
vn 0.2588 -0.0002 -0.9659
vn 0.2587 0.0003 -0.9659
vn 0.2588 0.0002 -0.9659
vn 0.2587 0.0003 -0.9659
vn 0.2589 -0.0001 -0.9659
vn 0.2589 0.0002 -0.9659
vn 0.2589 0.0002 -0.9659
vn 0.2590 -0.0003 -0.9659
vn 0.2587 -0.0000 -0.9659
vn 0.2588 0.0000 -0.9659
vn 0.2587 -0.0000 -0.9660
vn 0.2588 0.0001 -0.9659
vn 0.2588 -0.0001 -0.9659
vn 0.2589 -0.0001 -0.9659
vn 0.2586 0.0002 -0.9660
vn 0.2587 0.0001 -0.9659
vn 0.2586 0.0002 -0.9660
vn 0.2588 0.0001 -0.9659
vn 0.2588 -0.0000 -0.9659
vn 0.2589 0.0001 -0.9659
vn 0.2588 0.0001 -0.9659
vn 0.2590 0.0000 -0.9659
vn 0.2587 -0.0001 -0.9659
vn 0.2586 -0.0000 -0.9660
vn 0.2587 -0.0001 -0.9660
vn 0.2589 -0.0000 -0.9659
vn 0.2589 -0.0001 -0.9659
vn 0.2588 -0.0000 -0.9659
vn 0.2588 0.0000 -0.9659
vn 0.2589 0.0001 -0.9659
vn 0.2586 -0.0000 -0.9660
vn 0.2589 0.0001 -0.9659
vn 0.2586 0.0001 -0.9660
vn 0.2587 0.0000 -0.9660
vn 0.2584 0.0001 -0.9660
vn 0.2590 0.0001 -0.9659
vn 0.2588 -0.0001 -0.9659
vn 0.2588 0.0000 -0.9659
vn 0.2589 0.0001 -0.9659
vn 0.2587 0.0000 -0.9659
vn 0.2589 -0.0002 -0.9659
vn -0.2588 0.0000 0.9659
vn -0.2588 -0.0000 0.9659
vn -0.2588 -0.0000 0.9659
vn -0.2589 0.0001 0.9659
vn -0.2588 0.0000 0.9659
vn -0.2589 -0.0000 0.9659
vn -0.2588 0.0001 0.9659
vn -0.2646 0.0000 0.9644
vn -0.2588 0.0000 0.9659
vn -0.2588 0.0001 0.9659
vn -0.2589 -0.0001 0.9659
vn -0.2589 0.0000 0.9659
vn -0.2588 0.0000 0.9659
vn -0.2588 -0.0000 0.9659
vn -0.2588 -0.0001 0.9659
vn -0.2588 0.0000 0.9659
vn -0.2588 -0.0001 0.9659
vn -0.2587 -0.0001 0.9659
vn -0.8848 -0.4012 -0.2371
vn -0.8495 -0.4759 -0.2277
vn 0.2584 -0.0001 -0.9660
vn 0.2587 -0.0001 -0.9660
vn 0.2586 0.0002 -0.9660
vn 0.0000 -1.0000 -0.0000
vn -0.0000 -1.0000 -0.0000
vn -0.2589 -0.0001 0.9659
vn -0.2589 -0.0001 0.9659
vn -0.2589 -0.0000 0.9659
vn -0.2588 -0.0001 0.9659
vn -0.2589 -0.0002 0.9659
vn -0.2589 0.0001 0.9659
vn -0.2589 0.0000 0.9659
vn -0.2589 -0.0000 0.9659
vn -0.2588 -0.0001 0.9659
vn -0.2589 -0.0001 0.9659
vn -0.2590 -0.0001 0.9659
vn -0.5283 -0.8372 -0.1416
vn -0.3841 -0.9174 -0.1041
vn -0.3880 -0.9158 -0.1039
vn -0.4593 -0.8797 -0.1229
vn -0.2587 -0.0001 0.9660
vn -0.2586 -0.0000 0.9660
vn -0.2586 -0.0001 0.9660
vn -0.2588 -0.0001 0.9659
vn -0.2588 -0.0001 0.9659
vn -0.2586 -0.0000 0.9660
vn -0.2588 0.0000 0.9659
vn -0.2587 0.0000 0.9660
vn 0.0000 -1.0000 0.0000
vn 0.0830 -0.9963 0.0207
vn 0.0798 -0.9966 0.0214
vn -0.2588 0.0000 0.9659
vn -0.2586 -0.0000 0.9660
vn -0.2587 -0.0000 0.9659
vn -0.2588 0.0000 0.9659
vn -0.2588 0.0001 0.9659
vn -0.2588 0.0000 0.9659
vn -0.2588 -0.0000 0.9659
vn -0.2588 0.0001 0.9659
vn -0.9660 0.0000 -0.2587
vn -0.9659 0.0000 -0.2587
vn 0.2590 0.0000 -0.9659
vn 0.2590 0.0000 -0.9659
vn 0.9659 -0.0000 0.2588
vn 0.9659 -0.0000 0.2588
vn 0.1830 0.9819 0.0490
vn 0.1579 0.9865 0.0423
vn 0.0537 0.9985 0.0144
vn -0.2588 0.0000 0.9659
vn -0.2587 -0.0000 0.9659
vn -0.2588 -0.0001 0.9659
vn -0.2588 -0.0000 0.9659
vn -0.2589 0.0000 0.9659
vn -0.2590 0.0001 0.9659
vn -0.2588 -0.0001 0.9659
vn -0.2590 0.0000 0.9659
vn -0.2589 0.0000 0.9659
vn -0.2590 0.0001 0.9659
vn -0.2588 -0.0000 0.9659
vn -0.2587 -0.0000 0.9660
vn -0.2587 0.0000 0.9659
vn -0.2588 0.0000 0.9659
vn -0.2588 -0.0001 0.9659
vn -0.2588 -0.0001 0.9659
vn -0.2588 -0.0000 0.9659
vn -0.2589 0.0001 0.9659
vn -0.2588 0.0001 0.9659
vn -0.2589 0.0000 0.9659
vn -0.2588 0.0000 0.9659
vn -0.2588 0.0002 0.9659
vn -0.2588 0.0001 0.9659
vn -0.2588 0.0002 0.9659
vn -0.2588 0.0000 0.9659
vn -0.2589 -0.0000 0.9659
vn -0.2589 -0.0001 0.9659
vn -0.2588 -0.0001 0.9659
vn -0.2588 0.0001 0.9659
vn -0.2588 0.0000 0.9659
vn -0.2589 0.0000 0.9659
vn -0.2589 0.0000 0.9659
vn -0.2588 -0.0001 0.9659
vn -0.2587 0.0001 0.9660
vn -0.2589 -0.0002 0.9659
vn -0.2587 0.0000 0.9659
vn -0.2588 0.0001 0.9659
vn -0.2588 -0.0000 0.9659
vn -0.2588 0.0001 0.9659
vn -0.2588 -0.0000 0.9659
vn -0.2588 -0.0001 0.9659
vn -0.2587 0.0000 0.9659
vn -0.2588 -0.0001 0.9659
vn -0.2589 0.0001 0.9659
vn -0.2589 0.0001 0.9659
vn -0.2588 0.0000 0.9659
vn -0.2587 0.0000 0.9660
vn -0.2589 -0.0001 0.9659
vn -0.2587 0.0000 0.9659
vn -0.2587 0.0001 0.9660
vn -0.2588 -0.0000 0.9659
vn -0.2590 0.0000 0.9659
vn -0.2589 0.0000 0.9659
vn -0.2588 0.0001 0.9659
vn -0.2587 -0.0000 0.9659
vn -0.2588 -0.0001 0.9659
vn -0.2587 0.0001 0.9659
vn -0.2589 -0.0002 0.9659
vn -0.2588 -0.0001 0.9659
vn -0.2589 -0.0000 0.9659
vn -0.2588 -0.0000 0.9659
vn -0.2588 0.0001 0.9659
vn -0.2587 -0.0001 0.9660
vn -0.2587 0.0001 0.9660
vn -0.2588 0.0000 0.9659
vn -0.2590 0.0000 0.9659
vn -0.2589 0.0000 0.9659
vn -0.2588 -0.0000 0.9659
vn -0.1806 -0.7163 0.6740
vn -0.2588 0.0000 0.9659
vn -0.2588 0.0002 0.9659
vn -0.2589 0.0000 0.9659
vn -0.2586 0.0002 0.9660
vn -0.2588 -0.0000 0.9659
vn -0.2587 -0.0001 0.9659
vn -0.2587 -0.0001 0.9660
vn 0.2588 0.0001 -0.9659
vn 0.2588 0.0002 -0.9659
vn 0.2588 0.0000 -0.9659
vn 0.2588 0.0000 -0.9659
vn 0.4293 0.8958 0.1150
vn 0.4293 0.8958 0.1150
vn -0.9659 0.0000 -0.2588
vn -0.9659 0.0000 -0.2588
vn 0.2588 0.0000 -0.9659
vn 0.2588 0.0000 -0.9659
vn 0.2588 0.0000 -0.9659
vn 0.2588 0.0000 -0.9659
vn 0.2588 0.0000 -0.9659
vn -0.3680 -0.9246 -0.0986
vn -0.0460 -0.9989 -0.0123
vn 0.9659 -0.0000 0.2587
vn 0.9659 -0.0000 0.2587
vn 0.6441 0.7452 0.1725
vn 0.5366 0.8315 0.1438
vn 0.5366 0.8315 0.1437
vn -0.4600 -0.8793 -0.1233
vn 0.2588 0.0000 -0.9659
vn 0.2589 0.0000 -0.9659
vn 0.2587 -0.0002 -0.9659
vn 0.2589 -0.0004 -0.9659
vn -0.6669 -0.7234 -0.1787
vn 0.0000 -1.0000 -0.0000
vn -0.0000 -1.0000 -0.0000
vn 0.0000 -1.0000 -0.0000
vn -0.0000 -1.0000 -0.0000
vn 0.0000 -1.0000 -0.0000
vn 0.0000 -1.0000 -0.0000
vn 0.0000 -1.0000 -0.0000
vn -0.9659 0.0001 -0.2588
vn -0.9660 0.0000 -0.2587
vn -0.9659 0.0000 -0.2588
vn -0.9660 0.0001 -0.2587
vn -0.9659 0.0000 -0.2588
vn -0.9659 -0.0003 -0.2590
vn -0.9659 -0.0002 -0.2590
vn -0.9660 0.0003 -0.2586
vn -0.9659 -0.0001 -0.2589
vn -0.9659 -0.0001 -0.2590
vn -0.9660 0.0002 -0.2587
vn -0.9659 -0.0003 -0.2590
vn -0.9659 0.0000 -0.2588
vn -0.9660 0.0001 -0.2587
vn -0.9660 -0.0014 -0.2587
vn -0.9659 0.0003 -0.2588
vn -0.6670 -0.7234 -0.1787
vn -0.5581 -0.6842 -0.4694
vn -0.5347 -0.7518 -0.3859
vn -0.4610 -0.7183 -0.5211
vn -0.3745 -0.6683 -0.6428
vn -0.0409 -0.3982 -0.9164
vn 0.6828 -0.7073 0.1830
vn 0.6830 -0.7071 0.1832
vn 0.6828 -0.7073 0.1830
vn 0.6830 -0.7071 0.1831
vn 0.2058 -0.0788 -0.9754
vn 0.1572 -0.0851 -0.9839
vn 0.2586 -0.0001 -0.9660
vn -0.6831 0.7070 -0.1830
vn -0.6829 0.7072 -0.1832
vn -0.6829 0.7072 -0.1832
vn -0.6829 0.7072 -0.1830
vn -0.6830 0.7072 -0.1829
vn -0.6830 0.7072 -0.1830
vn -0.6828 0.7073 -0.1829
vn -0.6830 0.7072 -0.1830
vn -0.6832 0.7069 -0.1831
vn -0.6829 0.7073 -0.1830
vn -0.6829 0.7072 -0.1830
vn -0.6830 0.7071 -0.1830
vn -0.6829 0.7073 -0.1830
vn -0.6833 0.7068 -0.1831
vn -0.6830 0.7071 -0.1830
vn -0.6829 0.7072 -0.1830
vn 0.2588 0.0001 -0.9659
vn 0.2585 -0.0001 -0.9660
vn 0.2590 0.0000 -0.9659
vn 0.2589 0.0000 -0.9659
vn 0.8190 0.5302 0.2194
vn 0.8190 0.5302 0.2194
vn 0.8088 0.5467 0.2167
vn -0.8604 -0.4545 -0.2305
vn 0.6542 0.7358 0.1753
vn 0.9659 -0.0001 0.2590
vn 0.9659 -0.0000 0.2590
vn 0.9659 0.0000 0.2588
vn 0.9659 -0.0002 0.2588
vn 0.9659 -0.0000 0.2590
vn 0.9660 -0.0000 0.2587
vn 0.9659 0.0000 0.2587
vn 0.9659 0.0002 0.2588
vn 0.9659 0.0002 0.2588
vn 0.9659 0.0003 0.2588
vn 0.9659 -0.0002 0.2589
vn 0.9660 0.0003 0.2587
vn 0.9659 0.0008 0.2588
vn 0.9659 -0.0001 0.2589
vn 0.9659 -0.0004 0.2589
vn 0.9659 -0.0009 0.2588
vn 0.9659 0.0004 0.2588
vn 0.9659 0.0000 0.2588
vn 0.9659 0.0009 0.2589
vn 0.9659 0.0000 0.2588
vn -0.2588 0.0000 0.9659
vn -0.2590 -0.0003 0.9659
vn 0.7248 0.6610 0.1943
vn 0.7466 0.6133 0.2576
vn 0.9208 0.2442 0.3042
vn 0.9469 0.0812 0.3111
vn 0.9559 0.1436 0.2561
vn 0.9527 0.1646 0.2553
vn 0.9259 0.2846 0.2483
vn 0.2588 0.0000 -0.9659
vn 0.2588 0.0000 -0.9659
vn 0.2588 0.0000 -0.9659
vn 0.2588 0.0000 -0.9659
vn 0.2588 -0.0000 -0.9659
vn 0.2426 -0.0000 -0.9701
vn 0.2588 0.0000 -0.9659
vn 0.2588 -0.0000 -0.9659
vn 0.2588 0.0000 -0.9659
vn 0.2588 -0.0001 -0.9659
vn 0.2588 -0.0000 -0.9659
vn 0.2588 -0.0001 -0.9659
vn 0.8848 0.4011 0.2371
vn 0.8770 0.4191 0.2350
vn -0.9014 -0.3593 -0.2415
vn -0.9659 0.0000 -0.2588
vn -0.9014 0.3593 -0.2415
vn -0.0000 1.0000 0.0000
vn -0.0000 1.0000 0.0000
vn -0.8495 0.4759 -0.2277
vn 0.2588 0.0001 -0.9659
vn 0.2587 0.0001 -0.9660
vn 0.2587 0.0001 -0.9660
vn 0.9659 -0.0000 0.2588
vn -0.2588 -0.0001 0.9659
vn -0.2588 -0.0001 0.9659
vn -0.2589 0.0001 0.9659
vn -0.2589 0.0001 0.9659
vn -0.2588 -0.0000 0.9659
vn -0.2590 0.0001 0.9659
vn -0.2588 -0.0001 0.9659
vn -0.2589 -0.0000 0.9659
vn -0.2588 -0.0001 0.9659
vn -0.2589 0.0002 0.9659
vn -0.2588 0.0000 0.9659
vn -0.2588 0.0001 0.9659
vn -0.2587 -0.0002 0.9660
vn -0.2588 -0.0000 0.9659
vn -0.2587 -0.0001 0.9659
vn -0.2587 -0.0001 0.9659
vn -0.2587 -0.0000 0.9660
vn -0.2587 -0.0001 0.9660
vn -0.2588 -0.0000 0.9659
vn -0.2587 -0.0001 0.9660
vn -0.2588 -0.0001 0.9659
vn -0.2588 -0.0000 0.9659
vn -0.2588 -0.0000 0.9659
vn -0.2588 0.0000 0.9659
vn -0.2588 -0.0002 0.9659
vn -0.2589 -0.0001 0.9659
vn -0.2589 -0.0000 0.9659
vn -0.2588 -0.0001 0.9659
vn -0.2588 -0.0001 0.9659
vn -0.2588 -0.0001 0.9659
vn -0.2588 -0.0000 0.9659
vn -0.2588 0.0000 0.9659
vn -0.2588 -0.0000 0.9659
vn -0.2589 0.0001 0.9659
vn -0.2587 0.0000 0.9659
vn -0.2588 0.0000 0.9659
vn -0.2588 -0.0001 0.9659
vn -0.2589 -0.0001 0.9659
vn -0.2589 0.0000 0.9659
vn -0.2589 0.0001 0.9659
vn -0.2588 0.0000 0.9659
vn -0.2589 0.0001 0.9659
vn -0.2588 -0.0000 0.9659
vn -0.2587 -0.0000 0.9660
vn -0.2588 0.0001 0.9659
vn -0.2587 0.0000 0.9660
vn -0.2588 0.0000 0.9659
vn -0.2586 -0.0000 0.9660
vn -0.2587 0.0000 0.9660
vn -0.2588 0.0000 0.9659
vn -0.2587 0.0000 0.9659
vn -0.2587 0.0000 0.9659
vn -0.2587 -0.0000 0.9659
vn 0.8636 -0.0598 -0.5007
vn 0.8576 0.1107 -0.5023
vn 0.6395 -0.7494 0.1714
vn 0.9339 -0.2553 0.2503
vn -0.2588 -0.0000 0.9659
vn -0.2588 -0.0000 0.9659
vn -0.2588 0.0000 0.9659
vn -0.2589 0.0001 0.9659
vn -0.2588 0.0000 0.9659
vn -0.2589 -0.0000 0.9659
vn -0.2589 -0.0000 0.9659
vn -0.2588 -0.0001 0.9659
vn -0.2588 0.0000 0.9659
vn -0.2589 -0.0001 0.9659
vn -0.2589 0.0000 0.9659
vn -0.2588 -0.0001 0.9659
vn -0.2588 0.0000 0.9659
vn -0.2588 -0.0000 0.9659
vn -0.2588 0.0001 0.9659
vn -0.2588 0.0001 0.9659
vn -0.2588 0.0001 0.9659
vn 0.9218 -0.2986 0.2473
vn 0.5450 -0.8256 0.1460
vn 0.8495 -0.4759 0.2277
vn -0.2589 -0.0002 0.9659
vn -0.2590 -0.0002 0.9659
vn -0.2589 -0.0001 0.9659
vn -0.2589 -0.0000 0.9659
vn -0.2588 -0.0000 0.9659
vn -0.2589 0.0000 0.9659
vn -0.2589 0.0000 0.9659
vn -0.2589 0.0000 0.9659
vn -0.2589 0.0001 0.9659
vn -0.2589 0.0001 0.9659
vn -0.2590 0.0001 0.9659
vn 0.5240 -0.8402 0.1399
vn 0.5283 -0.8372 0.1415
vn 0.4593 -0.8797 0.1232
vn 0.2585 0.0000 -0.9660
vn 0.2586 0.0001 -0.9660
vn 0.2585 0.0000 -0.9660
vn 0.2587 0.0000 -0.9660
vn 0.9659 -0.0000 0.2588
vn 0.9659 -0.0000 0.2588
vn 0.3680 -0.9246 0.0986
vn 0.2588 0.0000 -0.9659
vn 0.2589 0.0001 -0.9659
vn 0.2588 0.0001 -0.9659
vn 0.2588 0.0001 -0.9659
vn 0.2589 0.0000 -0.9659
vn -0.3089 0.9475 -0.0828
vn -0.3130 0.9461 -0.0839
vn -0.4293 0.8958 -0.1150
vn -0.1721 0.9850 0.0114
vn -0.1580 0.9865 -0.0423
vn -0.5419 0.8359 -0.0876
vn -0.6441 0.7452 -0.1726
vn -0.5366 0.8315 -0.1438
vn -0.7107 0.6772 -0.1904
vn -0.7389 0.6441 -0.1979
vn -0.9659 -0.0000 -0.2588
vn -0.9659 0.0000 -0.2591
vn -0.9659 0.0000 -0.2591
vn -0.9659 0.0001 -0.2588
vn -0.9659 -0.0001 -0.2588
vn -0.9659 -0.0002 -0.2588
vn -0.9659 -0.0001 -0.2587
vn -0.9659 0.0001 -0.2588
vn -0.9660 0.0000 -0.2587
vn -0.9659 -0.0002 -0.2588
vn -0.9659 -0.0003 -0.2588
vn -0.9659 0.0001 -0.2589
vn -0.9659 -0.0002 -0.2589
vn -0.9659 0.0002 -0.2588
vn -0.9659 -0.0003 -0.2588
vn -0.9659 -0.0009 -0.2589
vn -0.9659 0.0010 -0.2588
vn -0.9659 0.0002 -0.2588
vn -0.9660 -0.0005 -0.2584
vn -0.9659 -0.0005 -0.2590
vn -0.5714 0.8175 -0.0718
vn 0.6831 0.7070 0.1830
vn 0.6832 0.7069 0.1830
vn 0.6832 0.7069 0.1830
vn 0.6832 0.7069 0.1833
vn 0.6830 0.7072 0.1830
vn 0.6830 0.7072 0.1829
vn 0.6829 0.7072 0.1830
vn 0.6830 0.7072 0.1830
vn 0.6828 0.7072 0.1831
vn 0.6830 0.7071 0.1830
vn 0.6831 0.7070 0.1830
vn 0.6830 0.7071 0.1831
vn 0.6829 0.7072 0.1830
vn 0.6831 0.7070 0.1831
vn 0.6832 0.7069 0.1831
vn 0.6831 0.7070 0.1830
vn -0.2588 0.0001 0.9659
vn -0.2589 -0.0001 0.9659
vn -0.2588 -0.0001 0.9659
vn -0.6793 0.7109 -0.1822
vn 0.2586 0.0001 -0.9660
vn 0.0000 1.0000 0.0000
vn 0.3409 -0.1291 -0.9312
vn 0.3095 -0.0788 -0.9476
vn -0.6831 -0.7070 -0.1830
vn -0.6831 -0.7070 -0.1830
vn -0.6831 -0.7071 -0.1828
vn -0.6827 -0.7074 -0.1830
vn 0.4936 -0.3980 -0.7733
vn 0.9659 0.0000 0.2589
vn 0.9659 -0.0000 0.2589
vn 0.9659 0.0000 0.2589
vn 0.9659 0.0001 0.2588
vn 0.9659 -0.0001 0.2588
vn 0.9660 -0.0003 0.2587
vn 0.9659 0.0001 0.2589
vn 0.9659 0.0001 0.2589
vn 0.9660 -0.0002 0.2587
vn 0.9659 -0.0002 0.2588
vn 0.9659 0.0000 0.2588
vn 0.9659 -0.0001 0.2588
vn 0.9659 -0.0005 0.2588
vn 0.9659 -0.0000 0.2588
vn 0.9659 0.0009 0.2589
vn 0.9659 -0.0009 0.2588
vn 0.0000 -1.0000 -0.0000
vn 0.0000 -1.0000 -0.0000
vn 0.0000 -1.0000 -0.0000
vn -0.0000 -1.0000 -0.0000
vn -0.0000 -1.0000 -0.0000
vn 0.0000 -1.0000 -0.0000
vn -0.0000 -1.0000 -0.0000
vn 0.0000 -1.0000 -0.0000
vn -0.0000 -1.0000 -0.0000
vn -0.0001 -1.0000 -0.0000
vn 0.6154 -0.7708 0.1649
vn 0.7002 -0.7135 0.0257
vn 0.2588 -0.0000 -0.9659
vn 0.2590 0.0000 -0.9659
vn 0.2589 0.0000 -0.9659
vn 0.2590 0.0000 -0.9659
vn 0.8604 -0.4545 0.2305
vn 0.2588 0.0002 -0.9659
vn 0.2589 -0.0000 -0.9659
vn 0.2589 0.0000 -0.9659
vn 0.2588 0.0002 -0.9659
vn -0.8089 0.5466 -0.2168
vn -0.8190 0.5302 -0.2194
vn 0.2588 -0.0000 -0.9659
vn 0.2586 0.0002 -0.9660
vn 0.2586 0.0003 -0.9660
vn -0.9266 0.3241 -0.1908
vn -0.9260 0.2846 -0.2481
vn -0.9528 0.1646 -0.2553
vn -0.9559 0.1436 -0.2561
vn 0.2588 0.0001 -0.9659
vn 0.2588 0.0001 -0.9659
vn 0.2588 0.0001 -0.9659
vn 0.2588 0.0001 -0.9659
vn 0.2588 0.0001 -0.9659
vn 0.2589 0.0000 -0.9659
vn 0.2588 -0.0001 -0.9659
vn 0.2588 -0.0001 -0.9659
vn 0.2588 -0.0001 -0.9659
vn 0.2588 0.0001 -0.9659
vn 0.2588 -0.0001 -0.9659
vn -0.8771 0.4190 -0.2349
vn 0.9014 -0.3593 0.2415
vn 0.9014 0.3593 0.2415
vn 0.0000 1.0000 0.0000
vn 0.0000 1.0000 0.0000
vn -0.9261 -0.2843 -0.2481
vn -0.8770 -0.4191 -0.2350
vn 0.2586 -0.0002 -0.9660
vn 0.2587 -0.0001 -0.9660
vn 0.2586 -0.0001 -0.9660
vn -0.9669 -0.1562 -0.2016
vn -0.6442 -0.7452 -0.1726
vn -0.5366 -0.8315 -0.1438
vn -0.5367 -0.8315 -0.1435
vn -0.8190 -0.5302 -0.2194
vn -0.8190 -0.5302 -0.2194
vn 0.2588 -0.0002 -0.9659
vn 0.2586 -0.0002 -0.9660
vn 0.2589 0.0000 -0.9659
vn 0.6830 -0.7072 0.1830
vn 0.6828 -0.7072 0.1831
vn 0.6829 -0.7072 0.1830
vn 0.6832 -0.7069 0.1834
vn 0.6829 -0.7073 0.1829
vn 0.6829 -0.7072 0.1830
vn 0.6830 -0.7072 0.1830
vn 0.6829 -0.7072 0.1830
vn 0.6831 -0.7070 0.1830
vn 0.6830 -0.7071 0.1829
vn 0.6832 -0.7069 0.1831
vn 0.6831 -0.7070 0.1831
vn 0.6832 -0.7069 0.1830
vn 0.6832 -0.7069 0.1831
vn 0.6828 -0.7073 0.1829
vn 0.6829 -0.7072 0.1830
vn -0.9659 0.0001 -0.2589
vn -0.9659 0.0000 -0.2590
vn -0.9659 0.0002 -0.2588
vn -0.9659 0.0002 -0.2588
vn -0.9659 0.0000 -0.2590
vn -0.9660 0.0001 -0.2587
vn -0.9659 0.0002 -0.2588
vn -0.9659 -0.0000 -0.2588
vn -0.9659 -0.0002 -0.2589
vn -0.9659 -0.0000 -0.2588
vn -0.9659 -0.0003 -0.2588
vn -0.9660 -0.0005 -0.2587
vn -0.9659 -0.0001 -0.2588
vn -0.9659 -0.0001 -0.2588
vn -0.9659 0.0020 -0.2588
vn -0.9659 -0.0000 -0.2588
vn -0.9659 0.0006 -0.2588
vn -0.9660 0.0003 -0.2587
vn -0.9659 0.0007 -0.2589
vn -0.2588 0.0001 0.9659
vn -0.2588 0.0002 0.9659
vn 0.0000 -1.0000 -0.0000
vn 0.2588 -0.0000 -0.9659
vn 0.3558 0.0851 -0.9307
vn 0.3095 0.0789 -0.9476
vn 0.9659 -0.0000 0.2589
vn 0.9659 -0.0000 0.2589
vn 0.9659 -0.0000 0.2589
vn 0.9660 0.0004 0.2587
vn 0.9659 -0.0001 0.2588
vn 0.9660 0.0005 0.2587
vn 0.9660 0.0004 0.2586
vn 0.9659 -0.0001 0.2589
vn 0.9659 -0.0000 0.2588
vn 0.9659 -0.0001 0.2588
vn 0.9659 -0.0000 0.2588
vn 0.9659 0.0002 0.2588
vn 0.9659 -0.0000 0.2588
vn 0.9659 -0.0003 0.2588
vn 0.9659 0.0005 0.2589
vn 0.9659 -0.0005 0.2588
vn 0.4936 0.3981 -0.7732
vn 0.0000 1.0000 0.0000
vn 0.0000 1.0000 0.0000
vn 0.0000 1.0000 0.0000
vn 0.0000 1.0000 0.0000
vn 0.0000 1.0000 0.0000
vn 0.0000 1.0000 0.0000
vn 0.0000 1.0000 0.0000
vn 0.0001 1.0000 0.0000
vn -0.6831 0.7070 -0.1830
vn -0.6829 0.7072 -0.1834
vn -0.6831 0.7070 -0.1830
vn -0.6831 0.7070 -0.1831
vn 0.2590 0.0000 -0.9659
vn 0.2589 0.0002 -0.9659
vn 0.2588 0.0002 -0.9659
vn 0.6669 0.7234 0.1787
vn 0.8604 0.4545 0.2305
vn -0.2589 0.0001 0.9659
vn -0.2589 -0.0000 0.9659
vn -0.2588 -0.0000 0.9659
vn -0.2588 0.0000 0.9659
vn -0.2589 -0.0000 0.9659
vn -0.2587 -0.0001 0.9659
vn -0.2589 -0.0001 0.9659
vn -0.2589 -0.0000 0.9659
vn -0.2587 0.0002 0.9659
vn -0.2589 0.0000 0.9659
vn -0.2589 -0.0001 0.9659
vn 0.0000 -1.0000 -0.0000
vn -0.0000 -1.0000 -0.0000
vn 0.8495 0.4759 0.2277
vn 0.8087 0.5468 0.2167
vn 0.7107 0.6772 0.1903
vn 0.5932 0.7892 0.1588
vn 0.6024 0.5581 -0.5706
vn 0.5078 0.6221 -0.5960
vn 0.4043 0.6690 -0.6237
vn 0.2898 0.6984 -0.6544
vn 0.2947 0.6976 -0.6531
vn 0.1581 0.9865 0.0423
vn 0.3130 0.9460 0.0837
vn -0.2587 0.0000 0.9659
vn -0.2586 -0.0000 0.9660
vn -0.2588 -0.0000 0.9659
vn -0.2587 -0.0000 0.9659
vn -0.2588 -0.0000 0.9659
vn -0.2588 -0.0000 0.9659
vn -0.2588 -0.0000 0.9659
vn -0.2588 -0.0000 0.9659
vn 0.4593 0.8797 0.1230
vn 0.9659 -0.0000 0.2588
vn 0.2589 0.0000 -0.9659
vn 0.2588 -0.0000 -0.9659
vn 0.2588 0.0001 -0.9659
vn -0.4293 -0.8958 -0.1150
vn -0.4430 -0.8944 -0.0613
vn -0.1830 -0.9819 -0.0490
vn 0.2588 0.0000 -0.9659
vn 0.2588 -0.0001 -0.9659
vn 0.2589 -0.0001 -0.9659
vn 0.2588 -0.0001 -0.9659
vn 0.2589 0.0000 -0.9659
vn -0.0536 -0.9985 -0.0144
vn -0.9660 0.0000 -0.2587
vn -0.9659 0.0000 -0.2587
vn 0.2590 0.0000 -0.9659
vn 0.2590 0.0000 -0.9659
vn 0.2591 0.0000 -0.9659
vn -0.0000 1.0000 -0.0000
vn 0.0460 0.9989 0.0123
vn 0.3680 0.9246 0.0986
vn -0.0798 0.9966 -0.0214
vn -0.2588 -0.0000 0.9659
vn -0.2587 0.0002 0.9660
vn -0.2588 -0.0000 0.9659
vn -0.2589 0.0001 0.9659
vn -0.2588 0.0000 0.9659
vn -0.2586 -0.0000 0.9660
vn -0.2587 -0.0000 0.9659
vn -0.2590 0.0001 0.9659
vn -0.2372 0.9694 -0.0635
vn -0.4593 0.8797 -0.1230
vn 0.2588 0.0000 -0.9659
vn 0.2588 -0.0000 -0.9659
vn 0.2588 -0.0000 -0.9659
vn -0.9659 0.0000 -0.2588
vn 0.4293 -0.8958 0.1150
vn 0.4235 -0.8896 0.1709
vn 0.1830 -0.9819 0.0490
vn 0.1365 -0.9862 0.0940
vn 0.5366 -0.8315 0.1438
vn 0.7389 -0.6441 0.1980
vn 0.8190 -0.5302 0.2194
vn 0.2588 -0.0001 -0.9659
vn 0.2589 -0.0000 -0.9659
vn 0.2585 0.0001 -0.9660
vn -0.6829 -0.7072 -0.1829
vn -0.6830 -0.7072 -0.1830
vn -0.6830 -0.7072 -0.1830
vn -0.6828 -0.7073 -0.1831
vn -0.6830 -0.7071 -0.1830
vn -0.6831 -0.7070 -0.1832
vn -0.6830 -0.7071 -0.1830
vn -0.6829 -0.7072 -0.1830
vn -0.6829 -0.7072 -0.1832
vn -0.6831 -0.7070 -0.1830
vn -0.6833 -0.7069 -0.1830
vn -0.6827 -0.7074 -0.1831
vn -0.6828 -0.7073 -0.1829
vn -0.6830 -0.7071 -0.1830
vn -0.6831 -0.7070 -0.1831
vn -0.6833 -0.7068 -0.1831
vn -0.9659 -0.0000 -0.2588
vn -0.9659 -0.0001 -0.2588
vn -0.9659 -0.0000 -0.2588
vn -0.9659 0.0001 -0.2588
vn -0.9659 0.0002 -0.2590
vn -0.9660 -0.0003 -0.2586
vn -0.9659 0.0001 -0.2590
vn -0.9660 -0.0002 -0.2587
vn -0.9660 -0.0002 -0.2587
vn -0.9660 -0.0002 -0.2587
vn -0.9659 -0.0001 -0.2588
vn -0.9659 -0.0000 -0.2588
vn -0.9660 -0.0001 -0.2587
vn -0.9660 -0.0014 -0.2587
vn -0.9659 -0.0026 -0.2589
vn -0.7307 0.6540 -0.1958
vn -0.6154 0.7708 -0.1649
vn -0.0000 1.0000 0.0000
vn 0.0000 1.0000 0.0000
vn 0.0000 1.0000 0.0000
vn 0.0000 1.0000 0.0000
vn 0.0000 1.0000 0.0000
vn 0.0000 1.0000 0.0000
vn 0.0001 1.0000 0.0000
vn -0.6192 0.7135 -0.3279
vn -0.5223 0.6624 -0.5370
vn -0.4430 0.6061 -0.6606
vn 0.1704 0.1291 -0.9769
vn 0.6828 0.7073 0.1830
vn 0.6828 0.7073 0.1830
vn 0.6829 0.7073 0.1828
vn 0.6831 0.7070 0.1831
vn 0.2058 0.0789 -0.9754
vn 0.9659 -0.0000 0.2588
vn 0.9659 -0.0000 0.2590
vn 0.9659 -0.0000 0.2590
vn 0.9659 0.0001 0.2590
vn 0.9659 -0.0000 0.2588
vn 0.9659 -0.0000 0.2587
vn 0.9659 -0.0002 0.2588
vn 0.9659 -0.0002 0.2588
vn 0.9659 -0.0001 0.2588
vn 0.9659 -0.0000 0.2590
vn 0.9659 0.0000 0.2588
vn 0.9660 -0.0004 0.2587
vn 0.9659 -0.0001 0.2589
vn 0.9659 -0.0002 0.2589
vn 0.9659 -0.0014 0.2589
vn 0.9659 0.0008 0.2589
vn 0.9660 -0.0007 0.2586
vn 0.9659 0.0006 0.2588
vn 0.9660 -0.0004 0.2587
vn 0.2588 0.0003 -0.9659
vn 0.2587 0.0002 -0.9660
vn 0.2587 0.0000 -0.9660
vn 0.2584 0.0000 -0.9661
vn -0.4600 0.8793 -0.1233
vn 0.9659 -0.0000 0.2587
vn 0.9659 -0.0000 0.2587
vn -0.2589 0.0001 0.9659
vn -0.2589 0.0001 0.9659
vn -0.2589 0.0000 0.9659
vn -0.2590 0.0001 0.9659
vn -0.2589 0.0000 0.9659
vn -0.2589 0.0000 0.9659
vn -0.2588 0.0001 0.9659
vn -0.2589 0.0000 0.9659
vn -0.2589 0.0002 0.9659
vn -0.2589 -0.0001 0.9659
vn -0.2588 -0.0000 0.9659
vn -0.5280 0.8373 -0.1420
vn -0.6542 0.7357 -0.1753
vn -0.7622 0.6142 -0.2042
vn 0.0000 -1.0000 -0.0000
vn 0.0000 -1.0000 -0.0000
vn -0.8604 0.4545 -0.2306
vn -0.0409 0.3981 -0.9164
vn 0.2586 0.0001 -0.9660
vn -0.0000 -1.0000 -0.0000
vn -0.2589 0.0001 0.9659
vn -0.2588 -0.0001 0.9659
vn -0.2590 0.0003 0.9659
vn 0.5520 -0.8016 0.2294
vn 0.7248 -0.6610 0.1942
vn 0.2588 -0.0000 -0.9659
vn 0.2588 0.0000 -0.9659
vn 0.2588 -0.0000 -0.9659
vn 0.2588 -0.0000 -0.9659
vn -0.0460 0.9989 -0.0123
vn -0.3680 0.9246 -0.0986
vn -0.9659 0.0000 -0.2588
vn -0.9659 0.0000 -0.2588
vn 0.4600 0.8793 0.1233
vn 0.7356 0.4156 -0.5350
vn 0.7916 0.3210 -0.5200
vn 0.8326 0.2185 -0.5090
vn 0.9366 0.2446 0.2509
vn 0.9659 -0.0000 0.2589
vn 0.6669 0.7234 0.1787
vn 0.7180 0.6842 -0.1275
vn 0.6560 0.7518 -0.0669
vn 0.6599 0.7182 -0.2207
vn 0.6457 0.6683 -0.3694
vn -0.6793 -0.7109 -0.1821
vn -0.7240 0.6762 -0.1365
vn 0.4600 -0.8793 0.1232
vn -0.9659 0.0000 -0.2588
vn -0.9659 0.0000 -0.2588
vn 0.7208 -0.6624 -0.2039
vn 0.7139 -0.6061 -0.3506
vn 0.0460 -0.9989 0.0123
vn -0.9366 0.2446 -0.2509
vn -0.2588 -0.0000 0.9659
vn 0.0000 1.0000 0.0000
vn -0.9660 0.0002 -0.2587
vn -0.9659 -0.0001 -0.2588
vn -0.9659 0.0000 -0.2588
vn -0.9659 -0.0000 -0.2588
vn -0.9659 -0.0000 -0.2588
vn -0.9659 -0.0001 -0.2588
vn -0.9659 0.0000 -0.2588
vn -0.9659 -0.0000 -0.2588
vn -0.9659 0.0000 -0.2588
vn -0.9659 -0.0001 -0.2588
vn -0.9659 -0.0001 -0.2588
vn -0.9659 -0.0001 -0.2589
vn -0.9659 -0.0001 -0.2589
vn -0.9659 -0.0000 -0.2588
vn -0.9659 -0.0000 -0.2589
vn -0.9659 0.0000 -0.2588
vn -0.9659 0.0000 -0.2589
vn -0.9660 -0.0001 -0.2587
vn -0.9659 -0.0000 -0.2588
vn -0.9659 0.0000 -0.2588
vn -0.9659 -0.0001 -0.2589
vn -0.9659 -0.0001 -0.2589
vn -0.9659 0.0000 -0.2588
vn -0.9659 -0.0000 -0.2588
vn -0.9659 0.0000 -0.2589
vn -0.9659 0.0000 -0.2588
vn -0.9659 0.0000 -0.2589
vn 0.9659 0.0000 0.2588
vn 0.9659 0.0000 0.2588
vn 0.9659 0.0001 0.2589
vn 0.9659 0.0001 0.2589
vn 0.9659 -0.0000 0.2588
vn 0.9660 -0.0001 0.2586
vn 0.9659 -0.0001 0.2587
vn 0.9659 -0.0001 0.2588
vn 0.9659 -0.0000 0.2588
vn 0.9659 -0.0001 0.2588
vn 0.9659 0.0001 0.2588
vn 0.9659 -0.0000 0.2588
vn 0.9659 -0.0000 0.2588
vn 0.9659 -0.0002 0.2589
vn 0.9659 -0.0001 0.2588
vn 0.9659 -0.0000 0.2589
vn 0.9659 0.0001 0.2588
vn 0.9659 0.0001 0.2588
vn 0.9659 -0.0000 0.2589
vn 0.9659 0.0001 0.2588
vn 0.9659 -0.0001 0.2589
vn 0.9659 0.0001 0.2587
vn 0.9659 0.0000 0.2588
vn 0.9659 -0.0000 0.2588
vn 0.9659 0.0001 0.2588
vn 0.9659 -0.0001 0.2589
vn 0.9659 -0.0002 0.2588
vn 0.9659 0.0001 0.2588
vn 0.9659 -0.0000 0.2588
vn -0.2590 -0.0000 0.9659
vn -0.9659 0.0000 -0.2588
vn -0.9659 0.0000 -0.2589
vn 0.0000 1.0000 0.0000
vn 0.9659 0.0001 0.2589
vn 0.9659 0.0000 0.2588
vn 0.9659 -0.0001 0.2587
vn 0.9659 -0.0001 0.2588
vn 0.9659 -0.0001 0.2588
vn 0.9659 -0.0000 0.2588
vn 0.9659 0.0000 0.2589
vn 0.9659 0.0001 0.2589
vn 0.9659 0.0000 0.2589
vn 0.9659 -0.0001 0.2588
vn 0.9659 0.0002 0.2589
vn 0.9659 -0.0001 0.2588
vn 0.9659 0.0000 0.2588
vn 0.9660 -0.0001 0.2587
vn 0.9659 0.0002 0.2589
vn 0.9659 0.0000 0.2588
vn 0.9659 0.0000 0.2588
vn 0.9659 0.0001 0.2587
vn 0.9659 0.0001 0.2588
vn 0.9659 0.0000 0.2588
vn 0.9659 0.0001 0.2588
vn 0.9659 -0.0001 0.2589
vn 0.9659 -0.0000 0.2589
vn 0.9659 -0.0000 0.2588
vn 0.9659 -0.0001 0.2589
vn 0.9659 -0.0000 0.2588
vn 0.9659 -0.0001 0.2588
vn 0.9659 0.0002 0.2588
vn -0.2590 -0.0000 0.9659
vn -0.9659 0.0000 -0.2589
vn 0.2587 -0.0000 -0.9659
vn -0.9659 0.0000 -0.2588
vn -0.9659 -0.0000 -0.2589
vn -0.9659 -0.0000 -0.2589
vn -0.9659 -0.0000 -0.2588
vn -0.9659 -0.0000 -0.2588
vn -0.9659 0.0001 -0.2589
vn -0.9659 0.0000 -0.2588
vn -0.9659 0.0000 -0.2588
vn -0.9659 0.0001 -0.2589
vn -0.9659 -0.0000 -0.2589
vn -0.9659 -0.0000 -0.2588
vn -0.9659 0.0000 -0.2589
vn -0.9659 -0.0000 -0.2588
vn -0.9659 0.0000 -0.2588
vn -0.9659 0.0000 -0.2589
vn -0.9659 0.0001 -0.2587
vn -0.9660 0.0002 -0.2587
vn -0.9659 0.0001 -0.2588
vn -0.9659 0.0000 -0.2588
vn -0.9659 0.0001 -0.2588
vn -0.9659 -0.0000 -0.2589
vn -0.9659 0.0001 -0.2588
vn -0.9659 0.0000 -0.2588
vn -0.9659 -0.0000 -0.2588
vn -0.9659 -0.0000 -0.2588
vn -0.9659 0.0000 -0.2588
vn -0.9660 -0.0002 -0.2587
vn -0.9659 0.0001 -0.2588
vn -0.0000 -1.0000 -0.0000
vn -0.2587 0.0000 0.9659
vn 0.0000 -1.0000 -0.0000
vn -0.0000 -1.0000 -0.0000
vn 0.0000 -1.0000 -0.0000
vn 0.0000 -1.0000 -0.0000
vn 0.0000 -1.0000 -0.0000
vn 0.0000 -1.0000 -0.0000
vn 0.0000 -1.0000 -0.0000
vn 0.0000 -1.0000 -0.0000
vn 0.0000 -1.0000 -0.0000
vn 0.0000 -1.0000 -0.0000
vn -0.0000 -1.0000 -0.0000
vn -0.0000 -1.0000 -0.0000
vn 0.0000 -1.0000 -0.0000
vn -0.0000 -1.0000 -0.0000
vn -0.0000 -1.0000 -0.0000
vn -0.0000 -1.0000 -0.0000
vn 0.0000 -1.0000 -0.0000
vn -0.0000 -1.0000 -0.0000
vn 0.0000 -1.0000 -0.0000
vn -0.0000 -1.0000 -0.0000
vn 0.0000 -1.0000 -0.0000
vn -0.0000 -1.0000 -0.0000
vn 0.0000 -1.0000 -0.0000
vn 0.0000 -1.0000 -0.0000
vn 0.0000 -1.0000 -0.0000
vn 0.0000 -1.0000 -0.0000
vn 0.0000 -1.0000 -0.0000
vn -0.0000 -1.0000 -0.0000
vn 0.0000 -1.0000 -0.0000
vn 0.0000 -1.0000 -0.0000
vn 0.0000 -1.0000 -0.0000
vn 0.0000 -1.0000 -0.0000
vn 0.0000 -1.0000 -0.0000
vn 0.0000 -1.0000 -0.0000
vn 0.0000 -1.0000 -0.0000
vn 0.0000 -1.0000 -0.0000
vn 0.0000 -1.0000 -0.0000
vn 0.0000 -1.0000 -0.0000
vn 0.4128 -0.0000 0.9108
vn 0.0000 1.0000 0.0000
vn 0.0000 1.0000 0.0000
vn 0.0000 1.0000 0.0000
vn 0.0000 1.0000 0.0000
vn 0.0000 1.0000 0.0000
vn 0.0000 1.0000 0.0000
vn 0.0000 1.0000 0.0000
vn 0.0000 1.0000 0.0000
vn 0.0000 1.0000 0.0000
vn -0.0000 1.0000 0.0000
vn -0.0000 1.0000 0.0000
vn -0.0000 1.0000 0.0000
vn -0.0000 1.0000 0.0000
vn -0.0000 1.0000 0.0000
vn -0.0000 1.0000 0.0000
vn 0.0000 1.0000 0.0000
vn -0.0000 1.0000 0.0000
vn 0.0000 1.0000 0.0000
vn 0.0000 1.0000 0.0000
vn 0.0000 1.0000 0.0000
vn 0.0000 1.0000 0.0000
vn 0.0000 1.0000 0.0000
vn -0.0000 1.0000 0.0000
vn -0.0000 1.0000 0.0000
vn 0.0000 1.0000 0.0000
vn -0.0000 1.0000 0.0000
vn -0.0000 1.0000 0.0000
vn 0.0000 1.0000 0.0000
vn 0.0000 1.0000 0.0000
vn 0.0000 1.0000 0.0000
vn 0.0000 1.0000 0.0000
vn 0.0000 1.0000 0.0000
vn 0.0000 1.0000 0.0000
vn 0.0000 1.0000 0.0000
vn 0.0000 1.0000 0.0000
vn 0.0000 1.0000 0.0000
vn 0.0000 1.0000 0.0000
vn 0.0000 1.0000 0.0000
vn 0.0000 1.0000 0.0000
vn 0.0000 1.0000 0.0000
vn 0.0000 1.0000 0.0000
vn 0.0000 1.0000 0.0000
vn -0.0000 1.0000 0.0000
vn 0.0000 1.0000 0.0000
vn 0.0000 1.0000 0.0000
vn -0.0000 1.0000 0.0000
vn 0.0000 1.0000 0.0000
vn 0.0000 1.0000 0.0000
vn 0.0000 1.0000 0.0000
vn -0.0000 1.0000 0.0000
vn -0.0000 1.0000 0.0000
vn -0.0000 1.0000 0.0000
vn 0.0000 1.0000 0.0000
vn 0.9659 -0.0000 0.2589
vn -0.9660 0.0000 -0.2587
vn 0.2070 -0.0000 -0.9783
vn 0.9659 -0.0000 0.2590
vn 0.2590 0.0000 -0.9659
vn -0.9659 0.0000 -0.2589
vn 0.3099 0.0000 -0.9508
vn 0.9659 -0.0000 0.2589
vn -0.9660 0.0000 -0.2586
vn -0.9608 -0.0000 0.2773
vn -0.9841 0.0000 -0.1776
vn -0.8129 -0.0000 0.5824
vn -0.9659 0.0000 -0.2588
vn -0.2587 -0.0000 0.9659
vn 0.9658 -0.0000 0.2591
vn -0.7133 -0.0000 0.7009
vn 0.2673 -0.0000 0.9636
vn -0.9659 0.0000 -0.2587
vn 0.9659 -0.0000 0.2588
vn 0.0000 -1.0000 -0.0000
vn 0.0000 -1.0000 -0.0000
vn -0.0000 -1.0000 -0.0000
vn 0.0000 -1.0000 -0.0000
vn 0.0000 -1.0000 -0.0000
vn 0.0000 -1.0000 -0.0000
vn 0.0000 -1.0000 -0.0000
vn 0.0000 -1.0000 -0.0000
vn 0.0000 -1.0000 -0.0000
vn 0.0000 -1.0000 -0.0000
vn 0.0000 -1.0000 -0.0000
vn 0.0000 -1.0000 -0.0000
vn -0.0000 -1.0000 -0.0000
vn 0.0000 -1.0000 -0.0000
vn 0.0000 -1.0000 -0.0000
vn 0.0000 -1.0000 -0.0000
vn 0.0000 -1.0000 -0.0000
vn 0.0000 -1.0000 -0.0000
vn 0.0000 -1.0000 -0.0000
vn 0.0000 -1.0000 -0.0000
vn -0.0000 -1.0000 -0.0000
vn 0.0000 -1.0000 -0.0000
vn 0.0000 -1.0000 -0.0000
vn 0.0000 -1.0000 -0.0000
vn 0.0000 -1.0000 -0.0000
vn -0.0000 -1.0000 -0.0000
vn 0.0000 -1.0000 -0.0000
vn 0.0000 -1.0000 -0.0000
vn 0.0000 -1.0000 -0.0000
vn 0.0000 -1.0000 -0.0000
vn 0.0000 -1.0000 -0.0000
vn 0.0000 -1.0000 -0.0000
vn 0.0000 -1.0000 -0.0000
vn -0.0000 -1.0000 -0.0000
vn 0.0000 -1.0000 -0.0000
vn 0.0000 -1.0000 -0.0000
vn -0.0000 -1.0000 -0.0000
vn 0.0000 -1.0000 -0.0000
vn 0.0000 -1.0000 -0.0000
vn 0.0000 -1.0000 -0.0000
vn 0.0000 -1.0000 -0.0000
vn 0.0000 -1.0000 -0.0000
vn -0.0000 -1.0000 -0.0000
vn 0.0000 -1.0000 -0.0000
vn 0.0000 -1.0000 -0.0000
vn 0.0000 -1.0000 -0.0000
vn 0.0000 -1.0000 -0.0000
vn 0.0000 -1.0000 -0.0000
vn -0.0000 -1.0000 -0.0000
vn -0.0000 -1.0000 -0.0000
vn -0.0000 -1.0000 -0.0000
vn -0.0000 -1.0000 -0.0000
vn 0.0000 -1.0000 -0.0000
vn 0.0000 -1.0000 -0.0000
vn -0.0000 -1.0000 -0.0000
vn 0.0000 -1.0000 -0.0000
vn -0.0000 -1.0000 -0.0000
vn 0.0000 -1.0000 -0.0000
vn 0.0000 -1.0000 -0.0000
vn 0.0000 -1.0000 -0.0000
vn -0.0000 -1.0000 -0.0000
vn -0.0000 -1.0000 -0.0000
vn 0.4128 -0.0000 0.9108
vn 0.0000 1.0000 0.0000
vn 0.0000 1.0000 0.0000
vn 0.0000 1.0000 0.0000
vn 0.0000 1.0000 0.0000
vn 0.0000 1.0000 0.0000
vn 0.0000 1.0000 0.0000
vn -0.0000 1.0000 0.0000
vn -0.0000 1.0000 0.0000
vn -0.0000 1.0000 0.0000
vn 0.0000 1.0000 0.0000
vn 0.0000 1.0000 0.0000
vn -0.0000 1.0000 0.0000
vn 0.0000 1.0000 0.0000
vn 0.0000 1.0000 0.0000
vn -0.0000 1.0000 0.0000
vn -0.0000 1.0000 0.0000
vn -0.0000 1.0000 0.0000
vn 0.0000 1.0000 0.0000
vn -0.0000 1.0000 0.0000
vn 0.0000 1.0000 0.0000
vn -0.0000 1.0000 0.0000
vn 0.0000 1.0000 0.0000
vn 0.0000 1.0000 0.0000
vn -0.0000 1.0000 0.0000
vn 0.0000 1.0000 0.0000
vn -0.0000 1.0000 0.0000
vn 0.0000 1.0000 0.0000
vn 0.0000 1.0000 0.0000
vn 0.0000 1.0000 0.0000
vn -0.0000 1.0000 0.0000
vn 0.0000 1.0000 0.0000
vn 0.0000 1.0000 0.0000
vn -0.0000 1.0000 0.0000
vn 0.0000 1.0000 0.0000
vn -0.0000 1.0000 0.0000
vn -0.0000 1.0000 0.0000
vn 0.0000 1.0000 0.0000
vn -0.0000 1.0000 0.0000
vn 0.0000 1.0000 0.0000
vn 0.0000 1.0000 0.0000
vn 0.0000 1.0000 0.0000
vn -0.0000 1.0000 0.0000
vn -0.0000 1.0000 0.0000
vn 0.0000 1.0000 0.0000
vn 0.0000 1.0000 0.0000
vn 0.0000 1.0000 0.0000
vn 0.0000 1.0000 0.0000
vn 0.0000 1.0000 0.0000
vn -0.0000 1.0000 0.0000
vn 0.0000 1.0000 0.0000
vn 0.0000 1.0000 0.0000
vn 0.0000 1.0000 0.0000
vn 0.0000 1.0000 0.0000
vn 0.0000 1.0000 0.0000
vn 0.0000 1.0000 0.0000
vn 0.0000 1.0000 0.0000
vn 0.0000 1.0000 0.0000
vn 0.0000 1.0000 0.0000
vn -0.0000 1.0000 0.0000
vn 0.0000 1.0000 0.0000
vn -0.2588 -0.0000 0.9659
vn 0.2070 0.0000 -0.9783
vn -0.9659 0.0000 -0.2589
vn 0.9659 -0.0000 0.2589
vn -0.9659 0.0000 -0.2590
vn -0.9608 -0.0000 0.2774
vn -0.8129 -0.0000 0.5824
vn -0.7133 -0.0000 0.7009
vn 0.2673 -0.0000 0.9636
vn -0.9659 0.0000 -0.2588
vn 0.9659 -0.0000 0.2588
vn -0.9659 -0.0000 -0.2589
vn -0.9659 0.0000 -0.2590
vn -0.9659 0.0000 -0.2590
vn -0.9659 0.0000 -0.2590
vn -0.9659 0.0001 -0.2588
vn -0.9659 -0.0001 -0.2588
vn -0.9659 0.0001 -0.2588
vn -0.9659 -0.0000 -0.2588
vn -0.9659 -0.0002 -0.2589
vn -0.9659 -0.0000 -0.2589
vn -0.9659 -0.0001 -0.2589
vn -0.9659 0.0001 -0.2588
vn -0.9660 0.0003 -0.2586
vn -0.9659 0.0002 -0.2587
vn -0.9659 0.0001 -0.2587
vn -0.9659 -0.0002 -0.2589
vn -0.9659 -0.0002 -0.2589
vn -0.9659 -0.0003 -0.2591
vn -0.9660 0.0000 -0.2587
vn -0.9659 0.0002 -0.2588
vn -0.9659 -0.0000 -0.2588
vn -0.9659 0.0001 -0.2590
vn -0.9659 0.0000 -0.2588
vn -0.9660 -0.0000 -0.2587
vn -0.9659 0.0001 -0.2588
vn -0.9659 -0.0000 -0.2588
vn -0.9659 0.0000 -0.2589
vn -0.9659 0.0000 -0.2588
vn -0.9659 0.0000 -0.2588
vn -0.9659 0.0000 -0.2588
vn -0.9659 0.0001 -0.2588
vn -0.9659 0.0000 -0.2588
vn -0.9660 0.0000 -0.2585
vn -0.9659 0.0000 -0.2589
vn -0.9659 0.0000 -0.2588
vn -0.9659 0.0000 -0.2588
vn 0.0000 -1.0000 -0.0000
vn -0.0000 -1.0000 -0.0000
vn 0.9659 -0.0000 0.2588
vn 0.9659 -0.0000 0.2588
vn 0.9659 -0.0000 0.2588
vn 0.9659 -0.0000 0.2588
vn 0.9659 -0.0001 0.2589
vn 0.9659 -0.0000 0.2588
vn 0.9659 0.0002 0.2590
vn 0.9659 0.0000 0.2588
vn 0.9659 0.0000 0.2588
vn 0.9659 -0.0000 0.2588
vn 0.9659 0.0001 0.2588
vn 0.9659 0.0001 0.2588
vn 0.9660 -0.0002 0.2587
vn 0.9659 0.0000 0.2589
vn 0.9659 0.0000 0.2588
vn 0.9659 -0.0000 0.2588
vn 0.9659 -0.0000 0.2588
vn 0.9658 0.0002 0.2591
vn 0.9659 0.0000 0.2588
vn 0.9659 -0.0002 0.2587
vn 0.9659 -0.0001 0.2590
vn 0.9659 -0.0001 0.2590
vn 0.9659 -0.0001 0.2589
vn 0.9659 -0.0001 0.2588
vn 0.9659 -0.0001 0.2589
vn 0.9659 -0.0001 0.2588
vn 0.9659 -0.0001 0.2588
vn 0.9659 -0.0000 0.2588
vn 0.9659 -0.0001 0.2588
vn 0.9659 -0.0000 0.2588
vn 0.9659 -0.0000 0.2587
vn 0.9660 -0.0000 0.2584
vn 0.9659 -0.0000 0.2588
vn 0.9659 -0.0000 0.2588
vn 0.9659 -0.0000 0.2588
vn 0.9660 -0.0000 0.2585
vn -0.2588 -0.0000 0.9659
vn 0.0000 -1.0000 -0.0000
vn 0.2588 0.0000 -0.9659
vn -0.0000 1.0000 0.0000
vn 0.0000 1.0000 0.0000
vn 0.9659 -0.0000 0.2590
vn 0.9659 0.0000 0.2589
vn 0.9659 -0.0000 0.2590
vn 0.9659 0.0001 0.2588
vn 0.9659 0.0000 0.2588
vn 0.9659 -0.0000 0.2590
vn 0.9659 -0.0001 0.2588
vn 0.9659 -0.0001 0.2588
vn 0.9659 0.0000 0.2589
vn 0.9659 0.0001 0.2589
vn 0.9659 0.0001 0.2589
vn 0.9660 -0.0003 0.2586
vn 0.9659 -0.0001 0.2587
vn 0.9659 0.0002 0.2590
vn 0.9659 -0.0001 0.2588
vn 0.9659 -0.0002 0.2587
vn 0.9659 0.0003 0.2591
vn 0.9660 -0.0002 0.2586
vn 0.9659 -0.0000 0.2590
vn 0.9658 0.0001 0.2591
vn 0.9659 -0.0001 0.2588
vn 0.9659 -0.0001 0.2587
vn 0.9659 -0.0001 0.2588
vn 0.9659 -0.0000 0.2589
vn 0.9660 -0.0001 0.2587
vn 0.9659 -0.0001 0.2588
vn 0.9659 -0.0000 0.2589
vn 0.9659 -0.0000 0.2588
vn 0.9659 -0.0001 0.2588
vn 0.9659 -0.0000 0.2588
vn 0.9659 -0.0000 0.2588
vn 0.9659 -0.0000 0.2589
vn 0.9659 -0.0000 0.2588
vn 0.9659 -0.0000 0.2588
vn 0.9659 0.0000 0.2588
vn 0.9660 -0.0000 0.2584
vn 0.0000 -1.0000 -0.0000
vn -0.9659 0.0000 -0.2589
vn -0.9659 0.0000 -0.2590
vn -0.9659 -0.0000 -0.2589
vn -0.9659 0.0000 -0.2588
vn -0.9659 0.0000 -0.2591
vn -0.9659 -0.0000 -0.2589
vn -0.9659 -0.0000 -0.2588
vn -0.9659 -0.0001 -0.2588
vn -0.9660 -0.0002 -0.2587
vn -0.9659 -0.0002 -0.2588
vn -0.9659 -0.0001 -0.2588
vn -0.9659 -0.0002 -0.2587
vn -0.9659 -0.0000 -0.2588
vn -0.9659 -0.0001 -0.2589
vn -0.9660 -0.0001 -0.2587
vn -0.9659 -0.0001 -0.2589
vn -0.9659 -0.0002 -0.2589
vn -0.9659 -0.0002 -0.2590
vn -0.9659 -0.0000 -0.2587
vn -0.9660 0.0003 -0.2587
vn -0.9660 0.0001 -0.2587
vn -0.9659 -0.0002 -0.2590
vn -0.9659 0.0001 -0.2588
vn -0.9659 -0.0002 -0.2589
vn -0.9660 0.0001 -0.2587
vn -0.9659 -0.0000 -0.2589
vn -0.9660 0.0004 -0.2587
vn -0.9659 -0.0000 -0.2589
vn -0.9659 0.0000 -0.2590
vn -0.9659 0.0000 -0.2590
vn -0.9659 -0.0000 -0.2589
vn -0.9659 -0.0000 -0.2590
vn -0.9659 0.0000 -0.2588
vn -0.9659 -0.0001 -0.2588
vn -0.9659 0.0000 -0.2588
vn -0.9659 0.0001 -0.2588
vn 0.0000 -1.0000 -0.0000
vn 0.0000 1.0000 0.0000
vn 0.0000 1.0000 0.0000
vn 0.9659 -0.0000 0.2589
vn 0.9659 -0.0000 0.2590
vn 0.9659 0.0000 0.2590
vn 0.9659 -0.0000 0.2590
vn 0.9659 0.0001 0.2588
vn 0.9659 -0.0001 0.2588
vn 0.9659 0.0001 0.2588
vn 0.9659 -0.0000 0.2588
vn 0.9659 -0.0001 0.2589
vn 0.9659 -0.0000 0.2589
vn 0.9659 -0.0001 0.2589
vn 0.9659 0.0001 0.2588
vn 0.9660 0.0003 0.2586
vn 0.9659 0.0002 0.2587
vn 0.9659 0.0001 0.2587
vn 0.9659 -0.0002 0.2590
vn 0.9660 0.0001 0.2586
vn 0.9659 -0.0003 0.2590
vn 0.9659 0.0000 0.2587
vn 0.9660 0.0002 0.2586
vn 0.9659 -0.0001 0.2589
vn 0.9659 0.0001 0.2588
vn 0.9659 0.0001 0.2588
vn 0.9659 0.0001 0.2587
vn 0.9659 0.0001 0.2588
vn 0.9659 0.0000 0.2589
vn 0.9659 0.0000 0.2589
vn 0.9659 0.0000 0.2588
vn 0.9659 0.0000 0.2588
vn 0.9659 0.0000 0.2588
vn 0.9659 0.0001 0.2588
vn 0.9659 -0.0000 0.2588
vn 0.9659 -0.0000 0.2588
vn 0.9660 0.0000 0.2587
vn 0.9659 0.0000 0.2588
vn -0.0000 1.0000 -0.0001
vn 0.0000 1.0000 0.0000
vn -0.9659 0.0001 -0.2588
vn -0.9659 0.0000 -0.2588
vn -0.9659 0.0000 -0.2588
vn -0.9659 0.0000 -0.2589
vn -0.9659 -0.0000 -0.2590
vn -0.9659 0.0000 -0.2590
vn -0.9659 0.0000 -0.2589
vn -0.9659 -0.0000 -0.2590
vn -0.9659 0.0000 -0.2589
vn -0.9660 -0.0001 -0.2587
vn -0.9660 -0.0004 -0.2587
vn -0.9659 -0.0001 -0.2588
vn -0.9659 0.0002 -0.2589
vn -0.9659 -0.0001 -0.2588
vn -0.9659 0.0002 -0.2590
vn -0.9659 0.0001 -0.2589
vn -0.9659 -0.0001 -0.2588
vn -0.9660 -0.0003 -0.2587
vn -0.9659 -0.0002 -0.2588
vn -0.9659 0.0002 -0.2588
vn -0.9660 0.0001 -0.2587
vn -0.9659 0.0001 -0.2589
vn -0.9659 0.0000 -0.2588
vn -0.9659 0.0001 -0.2588
vn -0.9659 0.0001 -0.2589
vn -0.9660 0.0002 -0.2587
vn -0.9659 0.0002 -0.2587
vn -0.9659 0.0001 -0.2588
vn -0.9659 0.0002 -0.2588
vn -0.9659 0.0000 -0.2589
vn -0.9659 0.0000 -0.2589
vn -0.9659 0.0000 -0.2589
vn -0.9659 0.0000 -0.2589
vn -0.9659 0.0000 -0.2589
vn -0.2587 -0.0000 0.9660
vn -0.0000 1.0000 0.0000
vn 0.2588 -0.0000 -0.9659
vn 0.0000 -1.0000 -0.0000
vn -0.0000 -1.0000 -0.0000
vn -0.9659 0.0000 -0.2590
vn -0.9659 0.0000 -0.2589
vn -0.9659 0.0000 -0.2590
vn -0.9659 0.0001 -0.2588
vn -0.9659 0.0000 -0.2588
vn -0.9659 -0.0000 -0.2590
vn -0.9659 0.0002 -0.2588
vn -0.9659 -0.0001 -0.2588
vn -0.9659 0.0000 -0.2589
vn -0.9659 -0.0001 -0.2588
vn -0.9659 0.0001 -0.2589
vn -0.9660 -0.0003 -0.2586
vn -0.9659 -0.0001 -0.2587
vn -0.9659 0.0002 -0.2589
vn -0.9659 -0.0001 -0.2588
vn -0.9659 -0.0002 -0.2587
vn -0.9659 0.0003 -0.2591
vn -0.9660 -0.0003 -0.2586
vn -0.9659 -0.0001 -0.2590
vn -0.9658 0.0001 -0.2592
vn -0.9659 -0.0002 -0.2588
vn -0.9659 -0.0002 -0.2587
vn -0.9659 -0.0001 -0.2588
vn -0.9659 -0.0000 -0.2589
vn -0.9659 -0.0001 -0.2587
vn -0.9659 -0.0001 -0.2588
vn -0.9659 -0.0000 -0.2589
vn -0.9659 -0.0000 -0.2588
vn -0.9659 -0.0001 -0.2588
vn -0.9659 -0.0000 -0.2588
vn -0.9659 -0.0000 -0.2588
vn -0.9659 0.0000 -0.2587
vn -0.9659 0.0000 -0.2588
vn -0.9660 0.0000 -0.2587
vn -0.9660 0.0000 -0.2585
vn 0.9659 -0.0000 0.2588
vn 0.9660 -0.0000 0.2587
vn 0.9660 -0.0000 0.2585
vn 0.9659 0.0000 0.2588
vn 0.9659 0.0000 0.2588
vn 0.9659 0.0000 0.2587
vn 0.9659 0.0001 0.2588
vn 0.9659 0.0001 0.2588
vn 0.9659 0.0001 0.2588
vn 0.9659 0.0001 0.2588
vn 0.9659 0.0001 0.2589
vn 0.9659 0.0001 0.2589
vn 0.9659 0.0001 0.2590
vn 0.9659 0.0001 0.2590
vn 0.9659 0.0002 0.2587
vn 0.9659 0.0001 0.2588
vn 0.9660 0.0002 0.2587
vn 0.9659 0.0000 0.2588
vn 0.9660 0.0001 0.2585
vn 0.9659 0.0000 0.2588
vn 0.9659 -0.0001 0.2588
vn 0.9659 0.0000 0.2588
vn 0.9660 0.0002 0.2587
vn 0.9659 -0.0000 0.2589
vn 0.9659 -0.0000 0.2588
vn 0.9659 -0.0000 0.2588
vn 0.9659 -0.0002 0.2589
vn 0.9659 -0.0000 0.2588
vn 0.9659 0.0001 0.2589
vn 0.9659 0.0000 0.2588
vn 0.9659 0.0000 0.2588
vn 0.9659 -0.0000 0.2588
vn 0.9659 0.0000 0.2588
vn 0.9659 -0.0000 0.2588
vn -0.2587 0.0000 0.9659
vn 0.0000 1.0000 0.0000
vn 0.2590 0.0000 -0.9659
vn -0.0000 -1.0000 0.0000
f 1//3 4//4 375//5
f 2//6 921//7 927//8
f 1//9 928//10 930//11
f 4//12 932//13 934//14
f 6//15 1032//16 1031//17
f 8//18 1034//19 1035//20
f 10//21 11//22 1038//23
f 12//24 13//25 1041//26
f 14//27 15//28 1212//29
f 16//30 17//31 1216//32
f 1220//33 20//34 18//35
f 20//34 25//36 22//37
f 461//38 86//39 91//40
f 23//41 25//36 27//42
f 25//43 1221//44 26//45
f 27//46 26//45 29//47
f 29//47 28//48 27//46
f 1229//49 27//42 28//50
f 26//51 1221//52 317//53
f 30//54 33//55 28//48
f 31//56 35//57 33//55
f 34//58 28//50 33//59
f 36//60 33//59 35//61
f 39//62 35//61 37//63
f 32//64 37//65 35//57
f 41//66 38//67 37//65
f 54//68 37//63 38//69
f 284//70 45//71 44//72
f 41//73 43//74 307//75
f 45//76 50//77 38//67
f 209//78 47//79 45//80
f 58//81 49//82 213//83
f 48//84 51//85 50//77
f 53//86 50//87 51//88
f 52//89 38//69 50//87
f 55//90 51//88 57//91
f 56//92 57//91 59//93
f 49//94 57//95 51//85
f 58//96 59//97 57//95
f 60//98 61//99 59//97
f 64//100 59//93 61//101
f 62//102 63//103 61//99
f 65//104 61//101 63//105
f 66//106 63//105 67//107
f 66//106 67//107 151//108
f 68//109 69//110 74//111
f 70//112 72//113 73//114
f 77//115 73//116 72//117
f 69//118 151//119 76//120
f 78//121 77//122 136//123
f 78//124 80//125 81//126
f 79//127 84//128 82//129
f 71//130 81//131 80//132
f 83//133 82//134 84//135
f 88//136 87//137 85//138
f 86//139 85//140 87//141
f 89//142 87//137 105//143
f 91//144 89//145 90//146
f 92//147 93//148 98//149
f 94//150 96//151 97//152
f 100//153 97//154 96//155
f 93//156 90//157 101//158
f 561//159 551//160 553//161
f 1207//162 102//163 101//164
f 103//165 101//166 104//167
f 108//168 107//169 105//170
f 139//171 109//172 108//173
f 113//174 103//175 107//176
f 112//177 109//178 110//179
f 112//177 114//180 111//181
f 111//181 115//182 113//174
f 457//183 576//184 115//185
f 118//186 116//187 112//177
f 120//188 117//189 118//186
f 123//190 119//191 120//188
f 125//192 121//193 123//190
f 123//190 141//194 124//195
f 123//190 124//195 129//196
f 126//197 122//198 125//192
f 126//197 127//199 128//200
f 128//201 127//202 147//203
f 124//204 141//205 131//206
f 132//207 133//208 76//209
f 134//210 131//211 139//212
f 136//213 132//214 134//215
f 136//213 135//216 137//217
f 138//218 137//217 135//216
f 131//206 140//219 142//220
f 118//186 142//221 140//222
f 112//177 110//179 143//223
f 126//197 128//200 144//224
f 147//225 148//226 152//227
f 221//228 216//229 146//230
f 67//231 63//103 147//232
f 152//233 153//234 155//235
f 156//236 153//234 154//237
f 158//238 222//239 152//240
f 159//241 156//236 157//242
f 172//243 171//244 174//245
f 159//241 163//246 160//247
f 181//248 168//249 166//250
f 165//251 1228//252 160//247
f 166//253 167//254 169//255
f 168//256 170//257 169//255
f 171//258 169//255 170//257
f 172//259 165//251 169//255
f 174//260 170//257 178//261
f 176//262 178//261 179//263
f 181//264 180//265 178//261
f 182//266 183//267 179//263
f 183//267 185//268 179//263
f 184//269 188//270 185//268
f 186//271 190//272 188//270
f 1225//273 188//270 189//274
f 189//274 188//270 190//272
f 192//275 191//276 193//277
f 187//278 191//276 190//272
f 195//279 196//280 192//281
f 193//277 197//282 195//283
f 200//284 195//283 197//282
f 1224//285 197//282 191//276
f 199//286 198//287 201//288
f 202//289 262//290 199//286
f 203//291 234//292 239//293
f 210//294 208//295 204//296
f 206//297 205//298 207//299
f 1223//300 214//301 205//298
f 211//302 209//303 210//304
f 212//305 211//302 210//304
f 162//306 154//237 213//307
f 215//308 207//299 270//309
f 216//229 219//310 217//311
f 218//312 206//297 217//311
f 217//311 220//313 218//312
f 265//314 266//315 196//316
f 220//313 224//317 218//312
f 223//318 225//319 226//320
f 226//320 228//321 229//322
f 229//322 230//323 266//324
f 232//325 233//326 231//327
f 231//327 235//328 227//329
f 227//329 236//330 238//331
f 238//331 236//330 237//332
f 241//333 234//334 232//325
f 243//335 239//336 241//333
f 266//324 265//337 242//338
f 241//333 245//339 243//335
f 244//340 240//341 243//335
f 243//335 246//342 244//340
f 244//340 247//343 249//344
f 249//344 248//345 250//346
f 250//346 251//347 249//344
f 249//344 253//348 244//340
f 255//349 252//350 250//346
f 257//351 254//352 255//349
f 258//353 256//354 257//351
f 258//355 261//356 202//357
f 261//358 260//359 262//360
f 255//349 263//361 257//351
f 250//346 264//362 255//349
f 278//363 146//364 267//365
f 271//366 268//367 270//368
f 271//366 270//368 214//369
f 271//366 274//370 273//371
f 271//366 275//372 269//373
f 269//373 276//374 278//363
f 278//363 277//375 126//197
f 272//376 279//377 274//370
f 280//378 281//379 279//377
f 283//380 282//381 281//379
f 280//378 1222//382 46//383
f 283//380 284//384 42//385
f 287//386 286//387 288//388
f 285//389 289//390 282//381
f 287//386 288//388 305//391
f 287//386 292//392 289//390
f 290//393 295//394 293//395
f 290//393 294//396 292//392
f 293//395 297//397 294//396
f 293//395 295//394 301//398
f 296//399 340//400 297//397
f 296//399 300//401 298//402
f 303//403 300//404 299//405
f 302//406 291//407 304//408
f 309//409 332//410 303//411
f 306//412 304//408 288//413
f 308//414 43//415 310//416
f 308//414 311//417 309//418
f 312//419 309//418 311//417
f 312//419 315//420 314//421
f 315//420 317//422 316//423
f 320//424 316//423 317//422
f 321//425 318//426 320//424
f 319//427 321//428 322//429
f 1212//430 15//431 322//432
f 326//433 322//434 324//435
f 337//436 327//437 325//438
f 328//439 325//440 327//441
f 329//442 330//443 335//444
f 334//445 331//446 333//447
f 298//402 334//448 333//449
f 336//450 335//451 330//452
f 337//436 338//453 336//450
f 336//450 340//400 298//402
f 378//454 950//455 951//456
f 342//457 344//458 24//459
f 345//460 341//461 343//462
f 348//463 345//460 343//462
f 348//463 347//464 346//465
f 350//466 347//464 349//467
f 352//468 351//469 350//466
f 353//470 354//471 352//468
f 353//470 356//472 355//473
f 359//474 356//472 358//475
f 360//476 357//477 359//474
f 361//478 362//479 360//476
f 365//480 363//481 361//478
f 368//482 364//483 365//480
f 368//482 367//484 366//485
f 369//486 371//487 367//484
f 370//488 373//489 371//487
f 374//490 373//489 372//491
f 376//492 375//493 374//490
f 378//494 377//495 376//492
f 380//496 379//497 378//494
f 382//498 381//499 380//496
f 384//500 383//501 382//498
f 385//502 386//503 384//500
f 385//502 388//504 387//505
f 391//506 388//504 390//507
f 391//506 394//508 389//509
f 392//510 395//511 394//508
f 393//512 396//513 395//511
f 400//514 396//513 397//515
f 401//516 398//517 400//514
f 401//516 403//518 399//519
f 404//520 403//518 402//521
f 406//522 405//523 404//520
f 408//524 407//525 406//522
f 408//524 411//526 409//527
f 412//528 411//526 410//529
f 414//530 413//531 412//528
f 416//532 415//533 414//530
f 416//532 419//534 418//535
f 421//536 417//537 422//538
f 422//538 423//539 421//536
f 425//540 424//541 423//539
f 427//542 424//541 426//543
f 428//544 429//545 427//542
f 428//544 431//546 430//547
f 433//548 432//549 431//546
f 435//550 432//549 434//551
f 435//550 438//552 437//553
f 441//554 438//552 436//555
f 442//556 439//557 441//554
f 442//556 445//558 440//559
f 444//560 445//558 443//561
f 449//562 446//563 444//560
f 449//562 448//564 447//565
f 450//566 453//567 448//564
f 451//568 454//569 453//567
f 452//570 455//571 454//569
f 457//572 456//573 455//571
f 458//574 461//575 456//573
f 459//576 462//577 461//575
f 465//578 462//577 460//579
f 466//580 463//581 465//578
f 466//580 469//582 464//583
f 468//584 469//582 467//585
f 473//586 470//587 468//584
f 474//588 471//589 473//586
f 475//590 472//591 474//588
f 475//590 478//592 477//593
f 476//594 479//595 478//592
f 481//596 480//597 479//595
f 482//598 485//599 480//597
f 483//600 486//601 485//599
f 484//602 487//603 486//601
f 490//604 487//603 489//605
f 490//604 493//606 488//607
f 491//608 494//609 493//606
f 342//457 494//609 492//610
f 1211//611 420//612 497//613
f 420//612 495//614 1147//615
f 499//616 501//617 503//618
f 500//619 511//620 502//621
f 501//622 506//623 504//624
f 498//625 504//624 505//626
f 734//627 1145//628 1146//629
f 511//630 507//631 506//623
f 510//632 508//633 507//631
f 513//634 510//635 509//636
f 514//637 515//638 512//639
f 516//640 517//641 1180//642
f 518//643 520//644 522//645
f 519//646 1210//647 521//648
f 523//649 522//650 520//651
f 517//652 522//650 524//653
f 526//654 528//655 689//656
f 525//657 521//658 1210//659
f 526//660 527//661 532//662
f 528//663 530//664 531//665
f 534//666 531//667 530//668
f 533//669 532//670 527//671
f 535//672 537//673 538//674
f 536//675 541//676 539//677
f 529//678 538//679 537//680
f 541//681 542//682 545//683
f 560//684 543//685 542//686
f 543//687 550//688 546//689
f 544//690 547//691 1204//692
f 546//693 562//694 564//695
f 549//696 550//688 559//697
f 551//698 552//699 555//700
f 553//701 554//702 556//703
f 95//704 556//705 554//706
f 557//707 555//708 552//709
f 558//710 559//711 550//712
f 562//713 561//714 563//715
f 565//716 562//717 563//718
f 565//719 1205//720 564//721
f 566//722 571//723 569//724
f 580//725 568//726 567//727
f 570//728 569//729 571//730
f 1206//731 103//732 574//733
f 573//734 574//735 575//736
f 575//736 115//182 576//737
f 573//734 576//737 577//738
f 570//728 577//738 578//739
f 580//725 578//739 579//740
f 582//741 579//740 581//742
f 584//743 581//742 583//744
f 586//745 583//744 585//746
f 589//747 585//746 587//748
f 590//749 587//748 588//750
f 589//747 591//751 592//752
f 590//749 594//753 593//754
f 592//755 591//756 596//757
f 597//758 595//759 594//760
f 601//761 596//757 595//759
f 598//762 600//763 599//764
f 602//765 600//763 604//766
f 605//767 599//764 602//765
f 603//768 605//767 602//765
f 604//766 1201//769 1202//770
f 650//771 613//772 614//773
f 606//774 603//768 608//775
f 611//776 610//777 608//775
f 614//778 613//779 611//776
f 617//780 616//781 614//778
f 619//782 618//783 617//780
f 620//784 621//785 623//786
f 619//782 622//787 621//785
f 643//788 623//789 621//790
f 626//791 623//786 624//792
f 627//793 624//792 625//794
f 626//791 629//795 628//796
f 620//784 628//796 618//783
f 627//793 630//797 629//795
f 631//798 632//799 630//797
f 633//800 634//801 632//799
f 636//802 634//801 635//803
f 638//804 637//805 640//806
f 645//807 638//808 641//809
f 641//810 637//811 642//2
f 643//812 644//813 648//814
f 639//815 645//807 646//816
f 651//817 646//816 647//818
f 657//819 646//816 648//814
f 652//820 653//821 650//822
f 652//823 647//818 654//824
f 654//824 665//825 652//823
f 658//826 654//824 656//827
f 656//827 647//818 657//819
f 1191//828 1193//829 680//830
f 659//831 655//832 658//826
f 660//833 661//834 659//831
f 663//835 655//832 661//834
f 664//836 661//834 662//837
f 670//838 673//839 676//840
f 666//841 664//836 662//837
f 669//842 667//843 668//844
f 672//845 670//846 671//847
f 675//848 673//849 674//850
f 678//851 679//852 681//853
f 680//854 678//851 674//850
f 681//853 684//855 677//856
f 682//857 683//858 688//859
f 687//860 685//861 686//862
f 685//863 689//864 690//865
f 683//858 691//866 689//864
f 692//867 693//868 691//866
f 696//869 693//868 694//870
f 697//2 698//2 524//2
f 694//871 700//872 697//873
f 697//874 699//875 703//876
f 727//877 1178//878 1179//879
f 706//880 701//881 698//882
f 705//883 702//884 703//885
f 705//883 707//886 704//887
f 704//887 709//888 706//880
f 706//880 710//889 711//890
f 711//890 712//891 714//892
f 714//892 713//893 716//894
f 716//894 718//895 719//896
f 714//892 1181//897 711//890
f 716//894 759//898 717//899
f 716//894 720//900 718//895
f 723//901 725//902 718//903
f 757//904 722//905 721//906
f 722//907 724//908 723//901
f 731//909 723//910 724//911
f 1181//912 715//913 726//914
f 728//915 729//916 1178//917
f 732//918 728//919 730//920
f 730//920 733//921 732//918
f 731//922 734//923 733//921
f 737//924 734//923 735//925
f 740//926 736//927 737//924
f 741//928 738//929 740//926
f 742//930 744//931 745//932
f 747//933 742//934 743//935
f 746//936 863//937 864//938
f 763//939 746//940 744//941
f 748//942 747//943 749//944
f 750//945 743//935 753//946
f 752//947 754//948 755//949
f 753//946 754//950 752//951
f 757//904 754//948 722//905
f 751//952 756//953 760//954
f 757//904 756//953 755//949
f 717//899 758//955 757//904
f 748//942 760//954 761//956
f 763//939 761//956 762//957
f 766//958 762//957 764//959
f 768//960 764//959 765//961
f 768//960 770//962 771//963
f 766//958 767//964 866//965
f 769//966 773//967 772//968
f 769//966 765//961 959//969
f 776//970 778//971 770//972
f 775//973 774//974 773//975
f 774//974 796//976 777//977
f 782//978 779//979 778//971
f 767//980 771//981 779//979
f 859//982 780//983 781//984
f 830//985 808//986 806//987
f 783//988 777//977 784//989
f 787//990 785//991 783//988
f 789//992 785//991 787//990
f 794//993 793//994 791//995
f 790//996 786//997 789//992
f 791//995 792//998 797//999
f 801//1000 799//1001 1174//1002
f 784//989 794//993 788//1003
f 784//989 796//976 795//1004
f 797//999 798//1005 799//1006
f 799//1006 801//1007 802//1008
f 804//1009 803//1010 805//1011
f 805//1011 806//1012 804//1009
f 804//1009 808//1013 800//1014
f 800//1014 809//1015 790//996
f 811//1016 807//1017 805//1011
f 814//1018 810//1019 811//1016
f 815//1020 812//1021 814//1018
f 814//1018 818//1022 815//1020
f 811//1016 816//1023 814//1018
f 815//1020 819//1024 821//1025
f 821//1025 820//1026 823//1027
f 821//1025 813//1028 815//1020
f 823//1027 822//1029 821//1025
f 825//1030 824//1031 823//1027
f 826//1032 827//1033 825//1
f 827//1034 1176//1035 831//1036
f 831//1036 836//1037 829//1038
f 832//1039 835//1040 833//1041
f 837//1042 833//1041 834//1043
f 1175//1044 833//1041 835//1040
f 1171//1045 1154//1046 1152//1047
f 838//1048 834//1043 840//1049
f 839//1050 840//1049 842//1051
f 841//1052 834//1043 1175//1044
f 844//1053 842//1051 840//1049
f 845//1054 842//1051 844//1053
f 1168//1055 842//1051 843//1056
f 1158//1057 1157//1058 1160//1059
f 835//1060 1174//1061 841//1062
f 1125//1063 847//1064 848//1065
f 849//1066 1127//1067 1128//1068
f 852//1069 849//1066 850//1070
f 852//1069 855//1071 853//1072
f 856//1073 1128//1068 858//1074
f 857//1075 861//1076 859//1077
f 862//1078 859//1077 861//1076
f 874//1079 872//1080 1128//1081
f 863//1082 866//1 780//1
f 863//1083 867//1084 1149//1085
f 868//1086 869//1087 1133//1088
f 870//1089 869//1087 868//1086
f 872//1090 873//1091 1131//1092
f 874//1093 873//1091 872//1090
f 875//1094 878//1095 877//1096
f 880//1097 1131//1098 873//1099
f 879//1100 877//1101 878//1102
f 881//1103 882//1104 895//1105
f 883//1106 884//1107 890//1108
f 887//1109 2//6 885//1110
f 913//1111 887//1112 886//1113
f 891//1114 888//1115 890//1116
f 891//1114 890//1116 884//1117
f 916//1118 889//1119 891//1120
f 893//1121 894//1122 895//1123
f 896//1124 895//1123 882//1125
f 920//1126 897//1127 896//1128
f 1123//1129 1122//1130 901//1131
f 904//1132 899//1133 902//1134
f 957//1135 903//1136 902//1137
f 903//1138 905//1139 904//1132
f 905//1140 907//1141 917//1142
f 911//1143 907//1144 905//1139
f 907//1145 909//1146 912//1147
f 910//1148 922//1149 914//1150
f 952//1151 910//1152 909//1153
f 912//1154 921//1155 887//1112
f 917//1156 915//1157 916//1158
f 919//1159 916//1158 918//1160
f 918//1160 920//1161 919//1159
f 922//1162 927//1163 921//1155
f 1116//1164 922//170 1115//1165
f 931//1166 929//1167 1120//1168
f 926//1169 928//1170 3//1171
f 929//1172 928//1170 926//1169
f 931//1173 932//1174 5//1175
f 933//1176 932//1174 931//1173
f 7//1177 934//1178 935//1179
f 935//1180 938//1181 940//1182
f 939//1183 935//1184 1121//1185
f 941//1186 939//1187 942//1188
f 947//1189 938//1190 941//1191
f 943//1192 942//1188 1114//1193
f 945//1194 943//1195 944//1196
f 945//1194 950//1197 948//1198
f 947//1189 948//1198 949//1199
f 946//1200 951//1201 950//1197
f 954//1202 951//1201 952//1151
f 957//1135 953//1203 954//1202
f 958//1204 955//1205 957//1135
f 954//1202 911//1206 906//1207
f 769//966 956//1208 958//1204
f 958//1204 901//1209 1122//1210
f 923//1211 910//1152 952//1151
f 962//1212 949//1199 960//1213
f 963//1214 960//1213 961//1215
f 962//1212 964//1216 965//1217
f 963//1214 967//1218 966//1219
f 965//1220 964//1221 969//1222
f 966//1223 967//1224 970//1225
f 1107//1226 969//1222 968//1227
f 972//1228 976//1229 971//1230
f 1050//1231 975//1232 974//1233
f 1047//1234 977//1235 975//1236
f 1065//1237 1087//1238 1088//1239
f 995//1240 998//1241 996//1242
f 1049//1243 980//1244 979//1245
f 982//1246 979//1245 980//1244
f 984//1247 983//1248 986//1249
f 988//1250 985//1251 984//1247
f 990//1252 987//1253 1062//1254
f 989//1255 990//1256 992//1257
f 991//1258 1062//1259 993//1260
f 995//1261 992//1257 993//1260
f 996//1262 988//1250 992//1257
f 997//1263 993//1260 1000//1264
f 999//1265 1000//1264 1003//1266
f 1002//1267 1005//1268 1004//1269
f 1004//1269 1007//1270 1006//1271
f 1006//1271 1009//1272 1008//1273
f 1008//1273 1012//1274 1010//1275
f 1010//1275 1013//1276 1011//1277
f 1014//1278 1013//1276 1012//1274
f 1015//1279 1012//1274 1009//1272
f 1015//1280 1021//1281 1017//1282
f 1018//1283 1064//1284 1013//1276
f 1017//1285 1109//1286 1110//1287
f 1019//1288 1020//1289 1025//1290
f 1024//1291 1023//1292 1022//1293
f 1024//1291 1025//1294 1023//1292
f 1025//1295 1026//226 1028//1296
f 1030//1297 1029//1298 1024//1299
f 1028//1300 1031//1301 1032//1302
f 1030//1303 1034//1304 9//1305
f 1033//1306 1034//1304 1030//1303
f 1036//1307 1038//1308 11//1309
f 1036//1307 1039//1310 1038//1308
f 1040//1311 1041//1312 13//1313
f 1042//1314 1055//1315 1041//1312
f 975//1316 1043//1317 1042//1318
f 1046//1319 1045//1320 1047//1321
f 1048//1322 1047//1321 1045//1320
f 1052//1323 326//1324 1043//1325
f 1051//1326 1050//1327 973//1328
f 963//1214 1053//1329 1051//1326
f 1051//1326 1054//1330 1052//1323
f 1052//1323 339//1331 337//436
f 1009//1272 1056//1332 1015//1279
f 1057//1333 1007//1270 1005//1268
f 1058//1334 1005//1268 1003//1266
f 1059//1335 1058//1334 1003//1266
f 1061//1336 1060//1337 1000//1264
f 1064//1284 1063//1338 1066//1339
f 1065//1340 978//1341 1011//1277
f 1067//1342 1068//1343 1066//1
f 1112//1344 1077//1345 1071//1346
f 1072//1347 1071//1346 1074//1348
f 1074//1348 1073//1349 1072//1347
f 1075//1350 1076//1351 1078//1352
f 1074//1348 1077//1345 1076//1351
f 1080//1353 1078//1352 1079//1354
f 1083//1355 1079//1354 1081//1356
f 1084//1357 1081//1356 1082//1358
f 1083//1355 1087//1359 1085//1360
f 1080//1353 1085//1360 1086//1361
f 1084//1357 1088//1362 1087//1359
f 1089//1363 1090//1364 1088//1362
f 1091//1365 1092//1366 1090//1364
f 1094//1367 1093//1368 1092//1366
f 1109//1369 1108//1370 1095//1371
f 1095//1371 1099//1372 1098//1373
f 1096//1374 1106//1375 1093//1368
f 1101//1376 1103//1377 1098//1373
f 1103//1377 1102//1378 1104//1379
f 1105//1380 1106//1375 1097//1381
f 1104//1379 976//1229 1105//1380
f 1102//1378 971//1230 1104//1379
f 1111//1382 1110//1383 1109//1369
f 1089//1363 1082//1358 1111//1382
f 1075//1350 1086//1361 1073//1349
f 1112//1384 1067//1385 1063//1386
f 1115//1387 923//1388 1113//1389
f 1117//1390 1115//1391 1114//1392
f 924//1393 1117//1394 1119//1395
f 1117//1394 1120//1396 1119//1395
f 1121//1397 1120//1396 1118//1398
f 1124//1399 1123//1400 1125//1401
f 851//1402 1126//1403 1127//1067
f 1123//1404 1129//1405 878//1095
f 1130//1406 869//1407 871//1408
f 1132//1409 1149//1410 867//1411
f 1135//1412 1138//1413 1139//1414
f 496//1415 1144//1416 1137//1417
f 1140//1418 1138//1419 1136//1420
f 1142//1421 1138//1419 1140//1418
f 1134//1422 1139//1423 745//1424
f 1141//1425 1144//1426 1143//1427
f 1143//1427 1144//1426 1148//1428
f 495//1429 1145//1430 1147//1431
f 505//626 495//1429 1211//1432
f 1151//1433 1173//1434 853//1072
f 1152//1435 1153//1436 1155//1437
f 1154//1438 1156//1439 1155//1437
f 1157//1440 1155//1437 1156//1439
f 1158//1441 1151//1433 1155//1437
f 1160//1442 1156//1439 1163//1443
f 1162//1444 1163//1443 1166//1445
f 1165//1446 843//1056 845//1054
f 1167//1447 843//1056 1166//1445
f 1169//1448 1167//1447 1166//1445
f 1171//1449 1170//1450 1163//1443
f 1177//1451 828//1452 826//1453
f 805//1011 817//1454 811//1016
f 515//1455 1180//1456 1178//1457
f 711//890 1181//897 727//1458
f 1183//1459 708//1460 705//883
f 590//749 1182//1461 1183//1459
f 1183//1459 594//753 590//749
f 705//883 703//885 1185//1462
f 690//865 1187//1463 686//1464
f 1187//1465 1186//1466 545//1467
f 1191//1468 674//850 671//847
f 1192//1469 671//847 668//844
f 1194//1470 668//844 662//837
f 1197//1471 635//803 633//800
f 633//800 1198//1472 1197//1471
f 631//798 625//794 1198//1472
f 615//1473 1199//1474 622//787
f 612//1475 1200//1476 1199//1474
f 609//1477 1201//769 1200//1476
f 586//745 1204//1478 584//743
f 584//743 1204//1478 547//1479
f 580//725 1205//1480 568//726
f 102//1481 1208//1482 1209//1483
f 1209//1483 563//715 561//714
f 303//403 334//445 300//404
f 1214//1484 323//1485 1213//1486
f 17//1487 1213//1486 1215//1488
f 1219//1489 1215//1488 1217//1490
f 19//1491 1217//1490 1218//1492
f 1218//1492 21//1493 1220//1494
f 272//376 1222//382 280//378
f 1226//1495 185//268 1225//273
f 1235//1496 1230//1497 1233//1498
f 1231//1499 1232//1500 1230//2
f 1244//1501 1284//1502 1249//1503
f 1233//1498 1236//1504 1235//1496
f 1286//1505 1247//1506 1248//1507
f 1234//1508 1237//1509 1236//1504
f 1238//1510 1239//1511 1237//1509
f 1241//1512 1240//1513 1239//1511
f 1242//1514 1245//1515 1240//1513
f 1244//1516 1245//1515 1243//1517
f 1244//1516 1247//1518 1246//1519
f 1250//1520 1247//1518 1249//1521
f 1250//1520 1253//1522 1248//1523
f 1252//1524 1253//1522 1251//1525
f 1252//1524 1255//1526 1254//1527
f 1258//1528 1255//1526 1257//1529
f 1258//1528 1261//1530 1256//1531
f 1260//1532 1261//1530 1259//1533
f 1260//1532 1263//1534 1262//1535
f 1266//1536 1264//1537 1268//2
f 1266//1538 1265//1539 1263//1540
f 1268//1541 1267//1542 1266//1543
f 1270//1544 1268//1545 1264//1546
f 1267//1547 1270//1548 1265//1549
f 1265//1549 1271//1550 1273//1551
f 1271//1550 1274//1552 1273//1551
f 1276//1553 1274//1552 1272//1554
f 1278//1555 1275//1556 1276//1553
f 1278//1555 1279//1557 1277//1558
f 1282//1559 1279//1557 1281//1560
f 1283//1561 1280//1562 1282//1559
f 1284//1563 1285//1564 1283//1561
f 1288//1565 1286//1566 1284//1563
f 1290//1567 1287//1568 1288//1565
f 1290//1567 1291//1569 1289//1570
f 1294//1571 1291//1569 1292//1572
f 1297//1573 1293//1574 1294//1571
f 1298//1575 1295//1576 1297//1573
f 1298//1575 1301//1577 1296//1578
f 1232//1579 1300//1580 1299//1581
f 1302//1582 1299//1583 1300//1584
f 1304//1585 1301//1586 1302//1587
f 1305//1588 1303//1589 1304//1590
f 1305//1591 1302//1592 1300//2
f 1327//1593 1364//1594 1369//1595
f 1307//1596 1308//1597 1306//1598
f 1306//1599 1312//1599 1310//1600
f 1309//1601 1310//1602 1311//1603
f 1311//1 1312//1 1313//1
f 1313//1604 1308//1605 1314//1606
f 1314//1607 1311//1608 1313//1584
f 1324//1609 1368//1610 1367//1611
f 1317//1612 1314//1607 1315//1613
f 1316//1614 1317//1612 1315//1613
f 1321//1615 1318//1616 1316//1614
f 1322//1617 1319//1618 1321//1615
f 1322//1617 1325//1619 1320//1620
f 1323//1621 1326//1622 1325//1619
f 1329//1623 1326//1622 1324//1624
f 1330//1625 1327//1626 1329//1623
f 1330//1625 1333//1627 1328//1628
f 1331//1629 1334//1630 1333//1627
f 1337//1631 1334//1630 1332//1632
f 1337//1631 1336//1633 1335//1634
f 1338//1635 1341//1636 1336//1633
f 1340//1637 1341//1636 1339//1638
f 1340//1637 1343//1639 1342//1640
f 1346//1641 1344//1642 1348//1643
f 1346//1644 1345//1645 1343//1646
f 1346//1647 1349//1648 1347//1649
f 1344//1650 1349//1651 1348//1652
f 1347//1653 1350//1654 1345//1655
f 1345//1655 1351//1656 1353//1657
f 1351//1656 1354//1658 1353//1657
f 1352//1659 1355//1660 1354//1658
f 1358//1661 1355//1660 1357//1662
f 1359//1663 1356//1664 1358//1661
f 1359//1663 1362//1665 1361//1666
f 1360//1667 1363//1668 1362//1665
f 1366//1669 1363//1668 1365//1670
f 1367//1671 1364//1672 1366//1669
f 1367//1671 1370//1673 1369//1674
f 1373//1675 1370//1673 1368//1676
f 1374//1677 1371//1678 1373//1675
f 1374//1677 1377//1679 1372//1680
f 1375//1681 1378//1682 1377//1679
f 1380//1683 1378//1682 1376//1684
f 1381//1685 1379//1686 1380//1683
f 1444//1687 1520//1688 1525//1689
f 1383//1690 1384//1691 1382//1692
f 1384//1691 1385//1693 1382//1692
f 1388//1694 1385//1693 1386//1693
f 1390//1695 1387//1696 1388//1694
f 1392//1697 1389//1698 1390//1695
f 1391//1699 1394//1700 1393//1701
f 1393//1701 1396//1702 1395//1703
f 1399//1704 1395//1703 1396//1702
f 1397//1705 1400//1706 1398//1707
f 1427//1708 1388//1709 1386//1710
f 1398//1707 1401//1711 1403//1712
f 1403//1712 1402//1713 1404//1714
f 1404//1714 1406//1715 1405//1716
f 1405//1716 1408//1717 1407//1718
f 1407//1718 1410//1719 1409//1720
f 1409//1720 1412//1721 1411//1722
f 1413//1723 1412//1721 1414//1724
f 1416//1725 1413//1723 1414//1724
f 1415//1726 1419//1727 1417//1728
f 1417//1729 1420//1730 1418//1731
f 1421//1732 1418//1731 1420//1730
f 1423//1733 1422//1734 1421//1732
f 1423//1733 1426//1735 1424//1736
f 1425//1737 1428//1738 1426//1735
f 1427//1739 1430//1740 1428//1738
f 1429//1741 1432//1742 1430//1740
f 1431//1743 1434//1744 1432//1742
f 1433//1745 1436//1746 1434//1744
f 1437//1747 1436//1746 1435//1748
f 1437//1747 1440//1749 1438//1750
f 1439//1751 1442//1752 1440//1749
f 1442//1753 1443//1754 1444//1755
f 1444//1756 1445//1756 1447//1757
f 1446//1758 1447//1759 1445//1760
f 1449//1761 1446//1762 1450//1763
f 1451//1764 1450//1763 1452//1765
f 1453//1766 1452//1765 1454//1767
f 1455//1768 1454//1767 1456//1769
f 1455//1768 1458//1770 1457//1771
f 1459//1772 1458//1770 1460//1773
f 1459//1772 1462//1774 1461//1775
f 1461//1775 1464//1776 1463//1777
f 1465//1778 1464//1776 1466//1779
f 1467//1780 1466//1779 1468//1781
f 1467//1780 1470//1782 1469//1538
f 1472//1783 1469//1538 1470//1782
f 1472//1784 1473//1784 1471//1784
f 1473//1785 1476//1786 1475//1787
f 1478//1788 1475//1787 1476//1786
f 1478//1788 1479//1789 1477//1790
f 1480//1791 1481//1792 1479//1789
f 1484//1793 1481//1792 1482//1794
f 1484//1793 1485//1795 1483//1796
f 1488//1797 1485//1795 1487//1798
f 1489//1799 1486//1800 1488//1797
f 1490//1801 1491//1802 1489//1799
f 1493//1803 1490//1801 1494//1804
f 1496//1805 1493//1803 1494//1804
f 1496//1805 1497//1806 1495//1807
f 1497//1806 1500//1808 1498//1809
f 1501//1810 1498//1809 1500//1808
f 1501//1810 1505//1811 1502//1812
f 1504//1813 1505//1811 1503//1814
f 1509//1815 1506//1816 1504//1813
f 1507//1817 1510//1818 1508//1819
f 1511//1820 1508//1820 1510//1821
f 1514//1822 1511//1823 1513//1824
f 1517//1825 1513//1826 1515//1827
f 1518//1828 1515//1827 1516//1829
f 1519//1830 1516//1829 1521//1831
f 1519//1830 1522//1832 1520//1833
f 1525//1834 1522//1832 1523//1835
f 1526//1836 1523//1835 1524//1837
f 1524//1837 1527//1838 1526//1836
f 1529//1839 1528//1840 1530//1841
f 1532//1842 1529//1842 1530//1843
f 1533//1844 1531//1845 1532//1846
f 1539//1847 1579//1848 1537//1849
f 1535//1850 1536//1851 1534//1852
f 1538//1853 1534//1852 1536//1851
f 1540//1854 1537//1855 1538//1853
f 1542//1856 1539//1857 1540//1854
f 1544//1858 1541//1859 1542//1856
f 1543//1860 1546//1861 1545//1862
f 1548//1863 1545//1862 1546//1861
f 1548//1863 1549//1864 1547//1702
f 1550//1865 1551//1866 1552//1867
f 1672//1868 1596//1869 1676//1870
f 1553//1871 1550//1865 1552//1867
f 1554//1872 1555//1873 1553//1871
f 1554//1872 1557//1874 1556//1875
f 1560//1876 1557//1874 1559//1877
f 1561//1878 1558//1879 1560//1876
f 1563//1880 1562//1881 1561//1878
f 1565//1882 1564//1883 1563//1880
f 1567//1884 1566//1885 1565//1882
f 1567//1886 1571//1887 1568//1888
f 1571//1889 1570//1730 1572//1890
f 1572//1890 1574//1891 1573//1892
f 1575//1893 1574//1891 1576//1894
f 1575//1893 1578//1895 1577//1896
f 1579//1897 1578//1895 1580//1898
f 1581//1899 1580//1898 1582//1900
f 1583//1901 1582//1900 1584//1902
f 1583//1901 1586//1903 1585//1904
f 1585//1904 1588//1905 1587//1906
f 1587//1906 1590//1907 1589//1908
f 1591//1909 1590//1907 1592//1910
f 1594//1911 1591//1909 1592//1910
f 1595//1912 1594//1723 1596//1913
f 1597//1914 1596//1915 1598//1916
f 1601//1917 1597//1918 1598//1919
f 1600//1920 1601//1921 1602//1922
f 1603//1923 1600//1920 1602//1922
f 1605//1924 1604//1925 1603//1923
f 1607//1926 1606//1927 1605//1924
f 1607//1926 1610//1928 1608//1929
f 1609//1930 1612//1931 1610//1928
f 1611//1932 1614//1933 1612//1931
f 1613//1934 1616//1935 1614//1933
f 1617//1936 1616//1935 1615//1937
f 1619//1938 1618//1939 1617//1936
f 1621//1940 1620//1941 1619//1938
f 1623//1942 1622//1943 1621//1940
f 1625//1944 1624//1945 1623//1946
f 1628//1947 1625//1948 1627//1949
f 1630//1950 1627//1949 1629//1951
f 1630//1950 1631//1952 1632//1953
f 1632//1953 1633//1954 1634//1955
f 1634//1955 1635//1956 1636//1957
f 1636//1957 1637//1958 1638//1959
f 1640//1960 1637//1958 1639//1961
f 1643//1962 1639//1961 1641//1963
f 1641//1963 1644//1964 1643//1962
f 1644//1964 1646//1965 1645//1966
f 1645//1966 1648//1967 1647//1968
f 1651//1969 1647//1968 1648//1967
f 1649//1970 1652//1971 1650//1972
f 1653//1973 1650//1972 1652//1971
f 1655//1974 1654//1975 1653//1973
f 1655//1974 1658//1976 1657//1977
f 1661//1978 1658//1976 1656//1979
f 1659//1980 1662//1981 1660//1982
f 1660//1983 1663//1984 1665//1985
f 1663//1986 1666//1987 1665//1988
f 1666//1989 1669//1990 1667//1991
f 1668//1992 1669//1990 1670//1993
f 1673//1994 1670//1993 1671//1995
f 1673//1994 1672//1996 1674//1833
f 1675//1997 1672//1996 1676//1998
f 1677//1999 1676//1998 1679//2000
f 1680//2001 1677//1999 1679//2000
f 1682//2002 1680//2003 1681//2004
f 1682//1842 1683//1842 1685//2005
f 1684//2006 1685//2007 1683//1846
f 1762//2008 1686//2008 1688//2009
f 1705//2010 1703//2011 1745//2012
f 1688//2013 1686//2014 1689//2015
f 1693//2016 1690//2017 1692//2018
f 1696//2019 1692//2018 1694//2020
f 1696//2019 1695//2021 1697//2022
f 1744//2023 1702//2024 1704//2025
f 1697//2022 1699//2026 1698//2027
f 1700//2028 1699//2026 1701//2029
f 1702//2030 1701//2029 1703//2031
f 1702//2030 1705//2032 1704//2033
f 1704//2033 1707//2034 1706//2035
f 1708//2036 1707//2034 1709//2037
f 1708//2036 1711//2038 1710//2039
f 1712//2040 1711//2038 1714//2041
f 1712//2040 1715//2042 1713//2043
f 1713//2043 1716//2044 1718//2045
f 1718//2045 1717//2046 1719//2047
f 1717//2046 1720//2048 1719//2047
f 1720//2048 1723//1984 1722//2049
f 1726//2050 1722//2051 1723//2052
f 1726//2053 1725//2054 1724//2055
f 1725//2054 1728//2056 1730//2057
f 1729//2058 1730//2057 1728//2056
f 1733//2059 1731//2060 1729//2058
f 1735//2061 1732//2062 1733//2059
f 1738//2063 1734//2064 1735//2061
f 1739//2065 1736//2066 1738//2063
f 1740//2067 1737//2068 1739//2065
f 1740//2067 1743//2069 1742//2070
f 1745//2071 1743//2069 1741//2072
f 1745//2071 1746//2073 1744//2074
f 1749//2075 1746//2073 1747//2076
f 1749//2075 1750//2077 1748//2078
f 1753//2079 1750//2077 1751//2080
f 1753//2079 1754//2081 1752//2082
f 1755//2083 1756//2084 1754//2081
f 1757//2085 1758//2086 1756//2084
f 1761//2087 1687//2088 1762//2089
f 1765//2090 1766//2090 1764//2091
f 1785//2092 1821//2093 1783//2094
f 1769//2095 1768//2096 1767//2097
f 1770//2098 1769//2095 1772//2099
f 1770//2098 1773//2100 1771//2101
f 1818//2102 1786//2103 1784//2104
f 1775//2105 1773//2100 1774//2106
f 1775//2105 1776//2107 1777//2108
f 1777//2108 1778//2109 1779//2110
f 1779//2110 1780//2111 1781//2112
f 1781//2112 1782//2113 1783//2114
f 1783//2114 1784//2115 1785//2116
f 1785//2116 1786//2117 1787//2118
f 1787//2118 1788//2119 1789//2120
f 1791//2121 1788//2119 1790//2122
f 1791//2121 1792//2123 1793//2124
f 1793//2124 1794//2125 1795//2126
f 1795//2126 1796//2127 1797//2128
f 1796//2127 1799//2129 1797//2128
f 1801//2130 1798//2131 1800//2132
f 1802//2133 1801//2134 1800//1
f 1805//2135 1802//2136 1803//2137
f 1806//2138 1803//2137 1808//2139
f 1809//2140 1806//2138 1808//2139
f 1809//2140 1812//2141 1807//2142
f 1811//2143 1812//2141 1810//2144
f 1811//2143 1814//2145 1813//2146
f 1816//2147 1815//2148 1814//2145
f 1818//2149 1815//2148 1817//2150
f 1818//2149 1821//2151 1819//2152
f 1822//2153 1821//2151 1820//2154
f 1822//2153 1825//2155 1823//2156
f 1826//2157 1825//2155 1824//2158
f 1828//2159 1827//2160 1826//2157
f 1828//2159 1831//2161 1829//2162
f 1832//2163 1831//2161 1830//2164
f 1832//2163 1835//2165 1833//2166
f 1834//2167 1838//2168 1835//2165
f 1839//2169 1836//2170 1837//2
f 1918//2090 1842//2090 1844//2171
f 1859//2172 1857//2173 1903//2174
f 1844//2 1842//2 1845//2175
f 1847//2176 1848//2177 1849//2178
f 1852//2179 1848//2177 1850//2180
f 1852//2179 1851//2181 1853//2182
f 1900//2183 1858//2184 1860//2185
f 1854//2186 1851//2181 1855//2187
f 1854//2186 1857//2188 1856//2189
f 1856//2189 1859//2190 1858//2191
f 1860//2192 1859//2190 1861//2193
f 1860//2192 1863//2194 1862//2195
f 1864//2196 1863//2194 1865//2197
f 1864//2196 1867//2198 1866//2199
f 1866//2199 1870//2200 1868//2201
f 1868//2201 1871//2202 1869//2203
f 1869//2203 1872//2204 1874//2205
f 1874//2205 1873//2206 1875//2207
f 1873//2206 1876//2208 1875//2207
f 1877//2209 1878//1842 1876//2208
f 1879//2210 1880//2211 1878//2
f 1882//2212 1881//2213 1880//2214
f 1881//2213 1884//2215 1886//2216
f 1884//2215 1887//2217 1886//2216
f 1889//2218 1887//2217 1885//2219
f 1889//2218 1890//2220 1888//2221
f 1894//2222 1890//2220 1891//2223
f 1894//2222 1893//2224 1892//2225
f 1895//2226 1898//2227 1893//2224
f 1897//2228 1898//2227 1896//2229
f 1897//2228 1900//2230 1899//2231
f 1903//2232 1900//2230 1901//2233
f 1903//2232 1904//2234 1902//2235
f 1905//2236 1906//2237 1904//2234
f 1907//2238 1908//2239 1906//2237
f 1909//2240 1910//2241 1908//2239
f 1913//2242 1910//2241 1911//2243
f 1916//2244 1912//2245 1913//2242
f 1917//2246 1843//1 1918//1
f 1921//2247 1922//2247 1920//1821
f 1941//2248 1977//2249 1939//2250
f 1925//2251 1924//2252 1923//2
f 1924//2252 1928//2253 1926//2254
f 1926//2254 1929//2255 1927//2256
f 1976//2257 1940//2258 1938//2259
f 1927//2256 1930//2260 1931//2261
f 1931//2261 1932//2262 1933//2263
f 1935//2264 1932//2262 1934//2265
f 1935//2264 1936//2266 1937//2267
f 1939//2268 1936//2266 1938//2269
f 1941//2270 1938//2269 1940//2271
f 1941//2270 1942//2272 1943//2273
f 1945//2274 1942//2272 1944//2275
f 1945//2274 1946//2276 1947//2277
f 1947//2277 1948//2278 1949//2279
f 1951//2280 1948//2278 1950//2281
f 1951//2280 1952//2282 1953//2283
f 1954//2284 1953//2283 1952//2282
f 1957//1984 1954//2284 1956//2049
f 1956//2285 1960//2286 1957//2287
f 1961//2288 1958//2289 1959//2290
f 1962//2291 1959//2290 1964//2292
f 1965//2293 1962//2291 1964//2292
f 1966//2294 1963//2295 1965//2293
f 1967//2296 1968//2297 1966//2294
f 1967//2296 1970//2298 1969//2299
f 1972//2300 1971//2301 1970//2298
f 1974//2302 1971//2301 1973//2303
f 1976//2304 1975//2305 1974//2302
f 1978//2306 1977//2307 1976//2304
f 1980//2308 1979//2309 1978//2306
f 1980//2308 1983//2310 1981//2311
f 1984//2312 1983//2310 1982//2313
f 1986//2314 1985//2315 1984//2312
f 1988//2316 1987//2317 1986//2314
f 1990//2318 1989//2319 1988//2316
f 1992//2320 1991//2321 1990//2318
f 1995//2322 1992//2320 1993//2323
f 419//2324 420//2325 418//2326
f 420//2325 496//2327 418//2326
f 496//2327 1135//2328 413//2329
f 415//2330 496//2327 413//2329
f 415//2330 418//2326 496//2327
f 411//2331 413//2329 1135//2328
f 407//2332 409//2333 1132//2334
f 409//2333 411//2331 1135//2328
f 1132//2334 409//2333 1135//2328
f 403//2335 405//2336 1130//2337
f 405//2336 407//2332 1132//2334
f 1130//2337 405//2336 1132//2334
f 398//2338 399//2339 880//2340
f 399//2339 403//2335 1130//2337
f 880//2340 399//2339 1130//2337
f 395//2341 396//2342 879//2343
f 396//2342 398//2338 879//2343
f 389//2344 394//2345 881//2346
f 394//2345 395//2341 881//2346
f 387//2347 388//2348 883//2349
f 388//2348 389//2344 883//2349
f 383//2350 386//2351 885//2352
f 386//2351 387//2347 885//2352
f 379//2353 381//2354 2//2355
f 381//2354 383//2350 2//2355
f 375//5 377//2356 1//3
f 377//2356 379//2353 1//3
f 371//2357 373//2358 4//4
f 373//2358 375//5 4//4
f 366//2359 367//2360 6//2361
f 367//2360 371//2357 6//2361
f 363//2362 364//2363 8//2364
f 364//2363 366//2359 8//2364
f 357//2365 362//2366 12//2367
f 362//2366 363//2362 10//2368
f 355//2369 356//2370 14//2371
f 356//2370 357//2365 12//2367
f 14//2371 356//2370 12//2367
f 351//2372 354//2373 16//2374
f 354//2373 355//2369 14//2371
f 346//2375 347//2376 18//2377
f 347//2376 351//2372 16//2374
f 18//2377 347//2376 16//2374
f 344//2378 345//2379 20//2380
f 345//2379 346//2375 18//2377
f 22//2381 24//2382 344//2378
f 20//2380 22//2381 344//2378
f 345//2379 18//2377 20//2380
f 354//2373 14//2371 16//2374
f 362//2366 10//2368 12//2367
f 10//2368 363//2362 8//2364
f 6//2361 371//2357 4//4
f 1//3 379//2353 2//2355
f 395//2341 879//2343 881//2346
f 398//2338 880//2340 879//2343
f 389//2344 881//2346 883//2349
f 6//2361 8//2364 366//2359
f 387//2347 883//2349 885//2352
f 383//2350 885//2352 2//2355
f 3//2383 1//9 927//8
f 1//9 2//6 927//8
f 5//2384 4//12 930//11
f 4//12 1//9 930//11
f 1//9 3//2383 928//10
f 7//2385 6//15 934//14
f 6//15 4//12 934//14
f 4//12 5//2384 932//13
f 9//2386 8//18 1031//17
f 8//18 6//15 1031//17
f 6//15 7//2385 1032//16
f 11//22 10//21 1035//20
f 10//21 8//18 1035//20
f 8//18 9//2386 1034//19
f 13//25 12//24 1039//2387
f 12//24 10//21 1038//23
f 1039//2387 12//24 1038//23
f 15//28 14//27 1055//2388
f 14//27 12//24 1041//26
f 1055//2388 14//27 1041//26
f 17//31 16//30 1214//2389
f 16//30 14//27 1212//29
f 1214//2389 16//30 1212//29
f 19//2390 18//35 1219//2391
f 18//35 16//30 1216//32
f 1219//2391 18//35 1216//32
f 18//35 19//2390 1220//33
f 1220//33 21//2392 20//34
f 20//34 21//2392 25//36
f 24//2382 22//2381 23//2393
f 24//2382 23//2393 494//2394
f 23//2393 1229//2395 494//2394
f 493//2396 494//2394 1229//2395
f 487//2397 488//2398 34//2399
f 488//2398 493//2396 34//2399
f 485//2400 486//2401 39//2402
f 486//2401 487//2397 36//2403
f 479//2404 480//2405 52//2406
f 480//2405 485//2400 52//2406
f 477//2407 478//2408 55//2409
f 478//2408 479//2404 53//2410
f 471//2411 472//2412 64//2413
f 472//2412 477//2407 64//2413
f 469//2414 470//2415 66//2416
f 470//2415 471//2411 65//2417
f 463//2418 464//2419 70//2420
f 464//2419 469//2414 70//2420
f 461//38 462//2421 83//2422
f 462//2421 463//2418 71//2423
f 455//2424 456//2425 92//2426
f 456//2425 461//38 91//40
f 92//2426 456//2425 91//40
f 453//2427 454//2428 94//2429
f 454//2428 455//2424 94//2429
f 447//2430 448//2431 558//2432
f 448//2431 453//2427 557//2433
f 558//2432 448//2431 557//2433
f 445//2434 446//2435 560//2436
f 446//2435 447//2430 560//2436
f 439//2437 440//2438 534//2439
f 440//2438 445//2434 535//2440
f 534//2439 440//2438 535//2440
f 437//2441 438//2442 533//2443
f 438//2442 439//2437 533//2443
f 431//2444 432//2445 516//2446
f 432//2445 437//2441 518//2447
f 516//2446 432//2445 518//2447
f 429//2448 430//2449 514//2450
f 430//2449 431//2444 514//2450
f 423//2451 424//2452 499//2453
f 424//2452 429//2448 500//2454
f 499//2453 424//2452 500//2454
f 419//2324 421//2455 497//2456
f 421//2455 423//2451 499//2453
f 497//2456 420//2325 419//2324
f 499//2453 497//2456 421//2455
f 514//2450 431//2444 516//2446
f 533//2443 439//2437 534//2439
f 560//2436 447//2430 558//2432
f 94//2429 455//2424 92//2426
f 462//2421 71//2423 83//2422
f 470//2415 65//2417 66//2416
f 478//2408 53//2410 55//2409
f 486//2401 36//2403 39//2402
f 493//2396 1229//2395 34//2399
f 487//2397 34//2399 36//2403
f 513//2457 500//2454 429//2448
f 514//2450 513//2457 429//2448
f 485//2400 39//2402 54//2458
f 479//2404 52//2406 53//2410
f 485//2400 54//2458 52//2406
f 519//2459 518//2447 437//2441
f 519//2459 437//2441 533//2443
f 477//2407 55//2409 56//2460
f 477//2407 56//2460 64//2413
f 471//2411 64//2413 65//2417
f 536//2461 535//2440 445//2434
f 560//2436 536//2461 445//2434
f 469//2414 66//2416 68//2462
f 463//2418 70//2420 71//2423
f 469//2414 68//2462 70//2420
f 95//2463 557//2433 453//2427
f 95//2463 453//2427 94//2429
f 461//38 83//2422 86//39
f 23//41 22//37 25//36
f 25//43 21//1493 1221//44
f 27//46 25//43 26//45
f 29//47 30//54 28//48
f 1229//49 23//41 27//42
f 323//2464 322//2465 321//2466
f 321//2466 320//2467 1213//2468
f 320//2467 317//53 1217//2469
f 1213//2468 320//2467 1215//2470
f 317//53 313//1 312//2471
f 312//2471 311//2472 29//2473
f 311//2472 310//2474 30//2475
f 310//2474 43//2476 32//2477
f 43//2476 41//2478 40//2479
f 43//2476 40//2479 32//2477
f 317//53 312//2471 26//51
f 311//2472 30//2475 29//2473
f 323//2464 321//2466 1213//2468
f 1215//2470 320//2467 1217//2469
f 310//2474 32//2477 31//2480
f 310//2474 31//2480 30//2475
f 1218//2481 1217//2469 317//53
f 1221//52 1218//2481 317//53
f 312//2471 29//2473 26//51
f 30//54 31//56 33//55
f 31//56 32//64 35//57
f 34//58 1229//49 28//50
f 36//60 34//58 33//59
f 39//62 36//60 35//61
f 32//64 40//2482 37//65
f 37//65 40//2482 41//66
f 41//66 44//2483 38//67
f 54//68 39//62 37//63
f 44//72 41//2484 42//2485
f 284//70 46//2486 45//71
f 44//72 42//2485 284//70
f 307//75 306//2487 41//73
f 306//2487 42//2488 41//73
f 38//67 44//2483 45//76
f 45//76 48//84 50//77
f 46//2 208//2 45//80
f 208//2 209//78 45//80
f 45//2489 47//2490 211//2491
f 211//2491 213//83 49//82
f 213//83 154//2492 58//81
f 58//81 154//2492 60//2493
f 154//2492 153//2494 62//2495
f 153//2494 148//2496 147//2497
f 62//2495 153//2494 149//2498
f 147//2497 149//2498 153//2494
f 48//2499 45//2489 211//2491
f 49//82 48//2499 211//2491
f 154//2492 62//2495 60//2493
f 48//84 49//94 51//85
f 53//86 52//89 50//87
f 52//89 54//68 38//69
f 55//90 53//86 51//88
f 56//92 55//90 57//91
f 49//94 58//96 57//95
f 58//96 60//98 59//97
f 60//98 62//102 61//99
f 64//100 56//92 59//93
f 62//102 149//2500 63//103
f 65//104 64//100 61//101
f 66//106 65//104 63//105
f 69//110 68//109 151//108
f 68//109 66//106 151//108
f 72//113 70//112 74//111
f 70//112 68//109 74//111
f 81//131 71//130 73//114
f 71//130 70//112 73//114
f 74//2501 75//2502 72//117
f 75//2502 77//115 72//117
f 151//119 150//2503 76//120
f 76//120 75//2502 69//118
f 75//2502 74//2501 69//118
f 106//2504 105//2505 88//2506
f 106//2504 88//2506 137//2507
f 88//2506 79//2508 137//2507
f 136//123 137//2507 78//121
f 76//2509 133//2510 75//2511
f 133//2510 136//123 77//122
f 75//2511 133//2510 77//122
f 137//2507 79//2508 78//121
f 73//116 77//115 81//126
f 77//115 78//124 81//126
f 80//125 78//124 82//129
f 78//124 79//127 82//129
f 82//134 83//133 80//132
f 83//133 71//130 80//132
f 85//140 86//139 84//135
f 86//139 83//133 84//135
f 84//128 79//127 85//138
f 79//127 88//136 85//138
f 89//145 91//144 87//141
f 91//144 86//139 87//141
f 87//137 88//136 105//143
f 105//143 104//2512 90//157
f 90//157 89//142 105//143
f 93//148 92//147 90//146
f 92//147 91//144 90//146
f 96//151 94//150 98//149
f 94//150 92//147 98//149
f 556//705 95//704 97//152
f 95//704 94//150 97//152
f 98//2513 99//2514 96//155
f 99//2514 100//153 96//155
f 90//157 104//2512 101//158
f 101//158 99//2514 93//156
f 99//2514 98//2513 93//156
f 561//159 548//2515 551//160
f 548//2515 546//2516 549//2517
f 548//2515 549//2517 551//160
f 102//2518 1209//2519 99//2520
f 1209//2519 561//159 553//161
f 99//2520 101//2521 102//2518
f 100//2522 99//2520 1209//2519
f 1209//2519 553//161 100//2522
f 103//2523 1206//2524 101//164
f 1206//2524 1207//162 101//164
f 104//167 105//2525 107//2526
f 107//2526 103//165 104//167
f 106//2527 138//2528 105//170
f 138//2528 108//168 105//170
f 139//171 143//2529 110//2530
f 110//2530 109//172 139//171
f 109//172 107//2531 108//173
f 109//178 111//181 107//176
f 111//181 113//174 107//176
f 113//174 575//736 103//175
f 575//736 574//735 103//175
f 112//177 111//181 109//178
f 112//177 116//187 114//180
f 111//181 114//180 115//182
f 417//2532 756//2533 758//2534
f 417//2532 758//2534 422//2535
f 758//2534 759//2536 422//2535
f 425//2537 422//2535 759//2536
f 427//2538 426//2539 712//2540
f 426//2539 425//2537 713//2541
f 712//2540 426//2539 713//2541
f 433//2542 428//2543 710//2544
f 428//2543 427//2538 710//2544
f 435//2545 434//2546 707//2547
f 434//2546 433//2542 707//2547
f 441//2548 436//2549 1182//2550
f 436//2549 435//2545 708//2551
f 443//2552 442//2553 585//2554
f 442//2553 441//2548 587//2555
f 585//2554 442//2553 587//2555
f 449//2556 444//2557 583//2558
f 444//2557 443//2552 583//2558
f 451//2559 450//2560 579//2561
f 450//2560 449//2556 579//2561
f 457//183 452//2562 577//2563
f 452//2562 451//2559 578//2564
f 459//2565 458//2566 114//2567
f 458//2566 457//183 115//185
f 114//2567 458//2566 115//185
f 465//2568 460//2569 116//2570
f 460//2569 459//2565 116//2570
f 467//2571 466//2572 119//2573
f 466//2572 465//2568 119//2573
f 473//2574 468//2575 122//2576
f 468//2575 467//2571 121//2577
f 475//2578 474//2579 275//2580
f 474//2579 473//2574 276//2581
f 275//2580 474//2579 276//2581
f 481//2582 476//2583 273//2584
f 476//2583 475//2578 273//2584
f 483//2585 482//2586 279//2587
f 482//2586 481//2582 279//2587
f 489//2588 484//2589 282//2590
f 484//2589 483//2585 281//2591
f 491//2592 490//2593 294//2594
f 490//2593 489//2588 292//2595
f 294//2594 490//2593 292//2595
f 342//2596 492//2597 297//2598
f 492//2597 491//2592 297//2598
f 340//2599 341//2600 342//2596
f 297//2598 340//2599 342//2596
f 297//2598 491//2592 294//2594
f 484//2589 281//2591 282//2590
f 273//2584 475//2578 275//2580
f 468//2575 121//2577 122//2576
f 116//2570 459//2565 114//2567
f 452//2562 578//2564 577//2563
f 583//2558 443//2552 585//2554
f 436//2549 708//2551 1182//2550
f 710//2544 427//2538 712//2540
f 425//2537 759//2536 713//2541
f 435//2545 707//2547 708//2551
f 451//2559 579//2561 578//2564
f 581//2601 449//2556 583//2558
f 467//2571 119//2573 121//2577
f 119//2573 465//2568 117//2602
f 483//2585 279//2587 281//2591
f 274//2603 481//2582 273//2584
f 289//2604 292//2595 489//2588
f 433//2542 710//2544 709//2605
f 433//2542 709//2605 707//2547
f 282//2590 289//2604 489//2588
f 274//2603 279//2587 481//2582
f 441//2548 1182//2550 588//2606
f 441//2548 588//2606 587//2555
f 277//2607 276//2581 473//2574
f 122//2576 277//2607 473//2574
f 449//2556 581//2601 579//2561
f 117//2602 465//2568 116//2570
f 457//183 577//2563 576//184
f 118//186 117//189 116//187
f 120//188 119//191 117//189
f 123//190 121//193 119//191
f 125//192 122//198 121//193
f 123//190 120//188 141//194
f 127//199 125//192 129//196
f 125//192 123//190 129//196
f 126//197 277//375 122//198
f 126//197 125//192 127//199
f 127//202 129//2608 150//2609
f 129//2608 76//2610 150//2609
f 150//2609 147//203 127//202
f 147//203 144//2611 128//201
f 140//219 131//206 141//205
f 131//206 130//2612 124//204
f 130//2612 129//2613 124//204
f 76//209 129//2614 130//2615
f 130//2615 132//207 76//209
f 134//210 132//2616 131//211
f 132//2616 130//2617 131//211
f 138//2618 135//2619 108//2620
f 135//2619 134//210 139//212
f 139//212 108//2620 135//2619
f 136//213 133//2621 132//214
f 136//213 134//215 135//216
f 138//218 106//2622 137//217
f 143//2529 139//171 142//220
f 139//171 131//206 142//220
f 141//194 120//188 140//222
f 120//188 118//186 140//222
f 142//221 118//186 143//223
f 118//186 112//177 143//223
f 146//364 278//363 144//224
f 278//363 126//197 144//224
f 152//227 145//2623 147//225
f 145//2623 144//2624 147//225
f 216//229 267//2625 146//230
f 146//230 144//2626 221//228
f 144//2626 145//2627 221//228
f 63//103 149//2500 147//232
f 147//232 150//2503 151//119
f 151//119 67//231 147//232
f 152//233 148//2628 153//234
f 154//237 157//242 156//236
f 156//236 155//235 153//234
f 222//239 221//2629 145//2630
f 145//2630 152//240 222//239
f 152//240 155//2631 158//238
f 155//2631 156//2632 158//238
f 157//242 162//306 161//2633
f 161//2633 159//241 157//242
f 158//2634 156//1 159//2635
f 160//2636 1228//2637 194//2638
f 1228//2637 172//243 174//245
f 189//1 1228//2637 1225//1
f 158//2634 159//2635 160//2636
f 189//1 194//2638 1228//2637
f 194//2638 158//2634 160//2636
f 1226//1 1225//1 1228//2637
f 1228//2637 176//2639 177//2640
f 177//2640 1226//1 1228//2637
f 174//245 175//1 1228//2637
f 175//1 176//2639 1228//2637
f 171//244 173//1 174//245
f 159//241 161//2633 163//246
f 161//2641 162//2642 204//2643
f 204//2643 203//2644 163//2645
f 203//2644 198//2646 163//2645
f 198//2646 1224//2647 163//2645
f 1224//2647 187//2648 164//2649
f 163//2645 1224//2647 164//2649
f 187//2648 186//2650 164//2649
f 186//2650 184//2651 164//2649
f 164//2649 184//2651 183//2652
f 183//2652 182//2653 164//2649
f 182//2653 180//2654 164//2649
f 180//2654 181//248 164//2649
f 181//248 1227//2655 168//249
f 168//249 167//2656 166//250
f 166//250 164//2649 181//248
f 163//2645 161//2641 204//2643
f 160//247 163//246 165//251
f 163//246 164//2657 165//251
f 169//255 165//251 166//253
f 165//251 164//2657 166//253
f 169//255 167//254 168//256
f 168//256 1227//2658 170//257
f 170//257 174//260 173//2659
f 173//2659 171//258 170//257
f 169//255 171//258 172//259
f 172//259 1228//252 165//251
f 178//261 176//262 175//2660
f 175//2660 174//260 178//261
f 179//263 1226//1495 177//2661
f 177//2661 176//262 179//263
f 170//257 1227//2658 178//261
f 1227//2658 181//264 178//261
f 178//261 180//265 179//263
f 180//265 182//266 179//263
f 183//267 184//269 185//268
f 184//269 186//271 188//270
f 186//271 187//278 190//272
f 1225//273 185//268 188//270
f 190//272 192//275 189//274
f 192//275 194//2662 189//274
f 192//275 190//272 191//276
f 187//278 1224//285 191//276
f 196//280 222//2663 194//2664
f 222//2663 158//2665 194//2664
f 196//280 194//2664 192//281
f 192//281 193//2666 195//279
f 193//277 191//276 197//282
f 197//282 199//286 200//284
f 200//284 196//2667 195//283
f 1224//285 198//287 197//282
f 197//282 198//287 199//286
f 198//287 203//2668 201//288
f 199//286 201//288 202//289
f 202//289 261//2669 262//290
f 262//290 200//284 199//286
f 256//2670 258//2671 202//2672
f 202//2672 201//2673 256//2670
f 201//2673 203//291 239//293
f 256//2670 201//2673 254//2674
f 203//291 204//2675 237//2676
f 204//2675 205//2677 206//2678
f 237//2676 204//2675 206//2678
f 254//2674 201//2673 252//2679
f 252//2679 201//2673 251//2680
f 203//291 237//2676 236//2681
f 203//291 236//2681 235//2682
f 251//2680 201//2673 253//2683
f 253//2683 201//2673 240//2684
f 203//291 235//2682 233//2685
f 203//291 233//2685 234//292
f 240//2684 201//2673 239//293
f 210//294 209//2686 208//295
f 208//295 205//2687 204//296
f 204//296 162//2688 212//2689
f 212//2689 210//294 204//296
f 215//308 217//311 207//299
f 217//311 206//297 207//299
f 214//301 207//299 205//298
f 205//298 208//2690 1223//300
f 208//2690 46//2691 1222//2692
f 1223//300 208//2690 1222//2692
f 211//302 47//2693 209//303
f 212//305 213//307 211//302
f 213//307 212//305 162//306
f 162//306 157//242 154//237
f 207//299 214//301 270//309
f 270//309 268//2694 215//308
f 268//2694 267//2625 216//229
f 215//308 268//2694 216//229
f 217//311 215//308 216//229
f 216//229 221//228 219//310
f 218//312 237//332 206//297
f 217//311 219//310 220//313
f 196//316 200//2695 265//314
f 200//2695 262//2696 263//2697
f 264//2698 200//2695 263//2697
f 262//2696 260//2699 263//2697
f 221//2700 222//2701 219//2702
f 222//2701 196//316 220//2703
f 219//2702 222//2701 220//2703
f 223//2704 220//2703 196//316
f 200//2695 264//2698 248//2705
f 200//2695 248//2705 247//2706
f 225//2707 223//2704 196//316
f 200//2695 247//2706 246//2708
f 200//2695 246//2708 245//2709
f 226//2710 225//2707 196//316
f 228//2711 226//2710 196//316
f 200//2695 245//2709 242//2712
f 200//2695 242//2712 265//314
f 229//2713 228//2711 196//316
f 230//2714 229//2713 196//316
f 266//315 230//2714 196//316
f 220//313 223//318 224//317
f 226//320 227//329 224//317
f 227//329 238//331 224//317
f 224//317 223//318 226//320
f 229//322 231//327 227//329
f 227//329 226//320 229//322
f 266//324 232//325 231//327
f 231//327 229//322 266//324
f 232//325 234//334 233//326
f 231//327 233//326 235//328
f 227//329 235//328 236//330
f 237//332 218//312 238//331
f 218//312 224//317 238//331
f 241//333 239//336 234//334
f 243//335 240//341 239//336
f 242//338 241//333 232//325
f 232//325 266//324 242//338
f 241//333 242//338 245//339
f 244//340 253//348 240//341
f 243//335 245//339 246//342
f 244//340 246//342 247//343
f 249//344 247//343 248//345
f 250//346 252//350 251//347
f 249//344 251//347 253//348
f 255//349 254//352 252//350
f 257//351 256//354 254//352
f 263//361 260//2715 257//351
f 260//2715 259//2716 258//353
f 257//351 260//2715 258//353
f 258//355 259//2 261//356
f 261//358 259//2717 260//359
f 255//349 264//362 263//361
f 250//346 248//345 264//362
f 268//367 269//373 267//365
f 269//373 278//363 267//365
f 271//366 269//373 268//367
f 1223//2718 272//376 214//369
f 272//376 271//366 214//369
f 271//366 272//376 274//370
f 271//366 273//371 275//372
f 269//373 275//372 276//374
f 278//363 276//374 277//375
f 272//376 280//378 279//377
f 280//378 283//380 281//379
f 283//380 285//389 282//381
f 284//384 283//380 46//383
f 283//380 280//378 46//383
f 286//387 285//389 42//385
f 285//389 283//380 42//385
f 287//386 285//389 286//387
f 285//389 287//386 289//390
f 291//2719 290//393 305//391
f 290//393 287//386 305//391
f 287//386 290//393 292//392
f 290//393 291//2719 295//394
f 290//393 293//395 294//396
f 293//395 296//399 297//397
f 299//2720 296//399 301//398
f 296//399 293//395 301//398
f 296//399 298//402 340//400
f 296//399 299//2720 300//401
f 301//2721 302//406 299//405
f 302//406 303//403 299//405
f 302//406 301//2721 295//2722
f 295//2722 291//407 302//406
f 291//407 305//2723 304//408
f 304//2724 306//2725 307//2726
f 307//2726 308//2727 304//2724
f 308//2727 309//409 302//2728
f 304//2724 308//2727 302//2728
f 309//409 314//2 315//2729
f 315//2729 316//2730 332//410
f 316//2730 318//2731 331//2732
f 318//2731 319//2733 329//2734
f 319//2733 328//2735 329//2734
f 309//409 315//2729 332//410
f 316//2730 331//2732 332//410
f 318//2731 329//2734 331//2732
f 303//411 302//2728 309//409
f 304//408 305//2723 288//413
f 288//413 286//2736 306//412
f 286//2736 42//2737 306//412
f 308//414 307//2738 43//415
f 308//414 310//416 311//417
f 312//419 314//421 309//418
f 312//419 313//2739 315//420
f 315//420 313//2739 317//422
f 320//424 318//426 316//423
f 321//425 319//2740 318//426
f 322//429 325//2741 328//2742
f 328//2742 319//427 322//429
f 1055//1315 324//2743 15//431
f 324//2743 322//432 15//431
f 322//432 323//1485 1212//430
f 324//435 1042//2744 1043//2745
f 326//433 325//2746 322//434
f 324//435 1043//2745 326//433
f 326//1324 1052//1323 325//438
f 1052//1323 337//436 325//438
f 330//443 329//442 327//441
f 329//442 328//439 327//441
f 333//447 331//446 335//444
f 331//446 329//442 335//444
f 334//445 332//2747 331//446
f 335//451 336//450 333//449
f 336//450 298//402 333//449
f 298//402 300//401 334//448
f 327//437 337//436 330//452
f 337//436 336//450 330//452
f 337//436 339//1331 338//453
f 336//450 338//453 340//400
f 341//2600 340//2599 343//2748
f 340//2599 338//2749 343//2748
f 338//2749 339//2750 349//2751
f 348//2752 338//2749 349//2751
f 348//2752 343//2748 338//2749
f 350//2753 349//2751 339//2750
f 353//2754 352//2755 1054//2756
f 352//2755 350//2753 339//2750
f 1054//2756 352//2755 339//2750
f 359//2757 358//2758 1053//2759
f 358//2758 353//2754 1054//2756
f 1053//2759 358//2758 1054//2756
f 361//2760 360//2761 961//2762
f 360//2761 359//2757 1053//2759
f 961//2762 360//2761 1053//2759
f 368//2763 365//2764 960//2765
f 365//2764 361//2760 960//2765
f 370//2766 369//2767 949//2768
f 369//2767 368//2763 949//2768
f 374//2769 372//2770 948//2771
f 372//2770 370//2766 948//2771
f 378//454 376//2772 950//455
f 376//2772 374//2769 950//455
f 382//2773 380//2774 951//456
f 380//2774 378//454 951//456
f 385//2775 384//2776 953//2777
f 384//2776 382//2773 953//2777
f 391//2778 390//2779 955//2780
f 390//2779 385//2775 955//2780
f 393//2781 392//2782 956//2783
f 392//2782 391//2778 956//2783
f 400//2784 397//2785 959//2786
f 397//2785 393//2781 959//2786
f 402//2787 401//2788 764//2789
f 401//2788 400//2784 765//2790
f 406//2791 404//2792 762//2793
f 404//2792 402//2787 764//2789
f 410//2794 408//2795 761//2796
f 408//2795 406//2791 762//2793
f 414//2797 412//2798 760//2799
f 412//2798 410//2794 761//2796
f 417//2532 416//2800 756//2533
f 416//2800 414//2797 760//2799
f 760//2799 756//2533 416//2800
f 761//2796 760//2799 412//2798
f 408//2795 762//2793 761//2796
f 404//2792 764//2789 762//2793
f 401//2788 765//2790 764//2789
f 765//2790 400//2784 959//2786
f 953//2777 382//2773 951//456
f 949//2768 368//2763 960//2765
f 374//2769 948//2771 950//455
f 948//2771 370//2766 949//2768
f 391//2778 955//2780 956//2783
f 955//2780 385//2775 953//2777
f 361//2760 961//2762 960//2765
f 956//2783 959//2786 393//2781
f 342//457 341//461 344//458
f 345//460 344//458 341//461
f 348//463 346//465 345//460
f 348//463 349//467 347//464
f 350//466 351//469 347//464
f 352//468 354//471 351//469
f 353//470 355//473 354//471
f 353//470 358//475 356//472
f 359//474 357//477 356//472
f 360//476 362//479 357//477
f 361//478 363//481 362//479
f 365//480 364//483 363//481
f 368//482 366//485 364//483
f 368//482 369//486 367//484
f 369//486 370//488 371//487
f 370//488 372//491 373//489
f 374//490 375//493 373//489
f 376//492 377//495 375//493
f 378//494 379//497 377//495
f 380//496 381//499 379//497
f 382//498 383//501 381//499
f 384//500 386//503 383//501
f 385//502 387//505 386//503
f 385//502 390//507 388//504
f 391//506 389//509 388//504
f 391//506 392//510 394//508
f 392//510 393//512 395//511
f 393//512 397//515 396//513
f 400//514 398//517 396//513
f 401//516 399//519 398//517
f 401//516 402//521 403//518
f 404//520 405//523 403//518
f 406//522 407//525 405//523
f 408//524 409//527 407//525
f 408//524 410//529 411//526
f 412//528 413//531 411//526
f 414//530 415//533 413//531
f 416//532 418//535 415//533
f 416//532 417//537 419//534
f 421//536 419//534 417//537
f 422//538 425//540 423//539
f 425//540 426//543 424//541
f 427//542 429//545 424//541
f 428//544 430//547 429//545
f 428//544 433//548 431//546
f 433//548 434//551 432//549
f 435//550 437//553 432//549
f 435//550 436//555 438//552
f 441//554 439//557 438//552
f 442//556 440//559 439//557
f 442//556 443//561 445//558
f 444//560 446//563 445//558
f 449//562 447//565 446//563
f 449//562 450//566 448//564
f 450//566 451//568 453//567
f 451//568 452//570 454//569
f 452//570 457//572 455//571
f 457//572 458//574 456//573
f 458//574 459//576 461//575
f 459//576 460//579 462//577
f 465//578 463//581 462//577
f 466//580 464//583 463//581
f 466//580 467//585 469//582
f 468//584 470//587 469//582
f 473//586 471//589 470//587
f 474//588 472//591 471//589
f 475//590 477//593 472//591
f 475//590 476//594 478//592
f 476//594 481//596 479//595
f 481//596 482//598 480//597
f 482//598 483//600 485//599
f 483//600 484//602 486//601
f 484//602 489//605 487//603
f 490//604 488//607 487//603
f 490//604 491//608 493//606
f 491//608 492//610 494//609
f 342//457 24//459 494//609
f 497//613 498//2801 1211//611
f 1211//611 495//614 420//612
f 1148//2802 496//1415 1147//615
f 496//1415 420//612 1147//615
f 498//2801 497//613 503//618
f 497//613 499//616 503//618
f 501//617 499//616 502//621
f 499//616 500//619 502//621
f 504//624 503//2803 501//622
f 501//622 502//2804 506//623
f 505//626 1211//1432 498//625
f 498//625 503//2803 504//624
f 1178//2805 729//2806 508//2807
f 729//2806 732//2808 507//2809
f 508//2807 729//2806 507//2809
f 732//2808 733//2810 504//2811
f 733//2810 734//627 505//2812
f 505//2812 734//627 1146//629
f 734//627 736//2813 1145//628
f 736//2813 738//2814 1143//2815
f 1143//2815 738//2814 1141//2816
f 738//2814 739//2817 1140//2818
f 739//2817 745//2819 1142//2820
f 739//2817 1142//2820 1140//2818
f 738//2814 1140//2818 1141//2816
f 506//2821 507//2809 732//2808
f 504//2811 506//2821 732//2808
f 736//2813 1143//2815 1145//628
f 505//2812 504//2811 733//2810
f 506//623 502//2804 511//630
f 511//630 509//2822 507//631
f 507//631 509//2822 510//632
f 510//632 512//2823 508//633
f 511//620 500//619 509//636
f 500//619 513//634 509//636
f 510//635 513//634 512//639
f 513//634 514//637 512//639
f 515//638 514//637 1180//642
f 514//637 516//640 1180//642
f 517//641 516//640 522//645
f 516//640 518//643 522//645
f 520//644 518//643 521//648
f 518//643 519//646 521//648
f 521//658 525//657 520//651
f 525//657 523//649 520//651
f 522//650 523//649 524//653
f 524//653 1179//2824 517//652
f 1179//2824 1180//1456 517//652
f 540//2825 545//2826 690//2827
f 545//2826 1186//2828 690//2827
f 690//2827 689//656 529//2829
f 529//2829 689//656 528//655
f 689//656 691//2830 526//654
f 691//2830 693//2831 525//2832
f 693//2831 695//2833 524//2834
f 693//2831 524//2834 523//2835
f 691//2830 525//2832 526//654
f 529//2829 540//2825 690//2827
f 693//2831 523//2835 525//2832
f 527//661 526//660 1210//659
f 526//660 525//657 1210//659
f 530//664 528//663 532//662
f 528//663 526//660 532//662
f 538//679 529//678 531//665
f 529//678 528//663 531//665
f 532//670 533//669 530//668
f 533//669 534//666 530//668
f 1210//647 519//646 527//671
f 519//646 533//669 527//671
f 531//667 534//666 538//674
f 534//666 535//672 538//674
f 537//673 535//672 539//677
f 535//672 536//675 539//677
f 539//2836 540//2837 537//680
f 540//2837 529//678 537//680
f 542//682 544//2838 545//683
f 545//683 540//2837 541//681
f 540//2837 539//2836 541//681
f 541//676 536//675 542//686
f 536//675 560//684 542//686
f 550//688 549//696 546//689
f 546//689 544//2838 542//682
f 542//682 543//687 546//689
f 592//2839 545//2840 1203//2841
f 545//2840 544//690 1204//692
f 1203//2841 545//2840 1204//692
f 544//690 546//2842 547//691
f 564//695 547//2843 546//693
f 546//693 548//2844 562//694
f 552//699 551//698 559//697
f 551//698 549//696 559//697
f 554//702 553//701 555//700
f 553//701 551//698 555//700
f 97//154 100//153 556//703
f 100//153 553//701 556//703
f 555//708 557//707 554//706
f 557//707 95//704 554//706
f 559//711 558//710 552//709
f 558//710 557//707 552//709
f 543//685 560//684 550//712
f 560//684 558//710 550//712
f 562//713 548//2845 561//714
f 1207//2846 1206//2847 1208//2848
f 1206//2847 566//2849 1208//2848
f 565//716 564//2850 562//717
f 566//2849 565//716 563//718
f 563//718 1208//2848 566//2849
f 565//719 567//2851 568//2852
f 568//2852 1205//720 565//719
f 1205//720 547//2853 564//721
f 567//2851 565//719 569//724
f 565//719 566//722 569//724
f 569//729 570//728 567//727
f 570//728 580//725 567//727
f 572//2854 573//734 571//730
f 573//734 570//728 571//730
f 571//723 566//722 572//2855
f 566//722 1206//731 574//733
f 572//2855 566//722 574//733
f 573//734 572//2854 574//735
f 575//736 113//174 115//182
f 573//734 575//736 576//737
f 570//728 573//734 577//738
f 580//725 570//728 578//739
f 582//741 580//725 579//740
f 584//743 582//741 581//742
f 586//745 584//743 583//744
f 589//747 586//745 585//746
f 590//749 589//747 587//748
f 1203//2856 586//745 592//752
f 586//745 589//747 592//752
f 591//751 589//747 593//754
f 589//747 590//749 593//754
f 593//2857 595//759 591//756
f 595//759 596//757 591//756
f 596//757 1188//2858 592//755
f 595//759 593//2857 594//760
f 594//760 1184//2859 597//758
f 1184//2859 1185//2860 598//762
f 597//758 1184//2859 598//762
f 597//758 599//764 595//759
f 599//764 601//761 595//759
f 599//764 597//758 598//762
f 598//762 699//875 600//763
f 602//765 599//764 600//763
f 605//767 601//761 599//764
f 603//768 606//774 605//767
f 603//768 602//765 1202//770
f 602//765 604//766 1202//770
f 634//2861 636//2862 638//2863
f 638//2863 639//2864 634//2861
f 639//2864 650//771 616//2865
f 634//2861 639//2864 632//2866
f 650//771 1189//2867 605//2868
f 1189//2867 596//2869 601//2870
f 1189//2867 601//2870 605//2868
f 632//2866 639//2864 630//2871
f 630//2871 639//2864 629//2872
f 650//771 605//2868 606//2873
f 629//2872 639//2864 628//2874
f 628//2874 639//2864 618//2875
f 650//771 606//2873 607//2876
f 650//771 607//2876 608//2877
f 618//2875 639//2864 617//2878
f 617//2878 639//2864 616//2865
f 650//771 608//2877 610//2879
f 650//771 610//2879 611//2880
f 650//771 611//2880 613//772
f 614//773 616//2865 650//771
f 1202//770 609//1477 603//768
f 609//1477 608//775 603//768
f 608//775 607//2881 606//774
f 608//775 609//1477 612//1475
f 612//1475 611//776 608//775
f 611//776 612//1475 615//1473
f 615//1473 614//778 611//776
f 614//778 615//1473 619//782
f 619//782 617//780 614//778
f 619//782 620//784 618//783
f 620//784 619//782 621//785
f 619//782 615//1473 622//787
f 600//2882 699//2883 700//2884
f 700//2884 644//2885 604//2886
f 644//2885 643//788 622//2887
f 700//2884 604//2886 600//2882
f 643//788 641//2888 1196//2889
f 641//2888 642//2890 1196//2889
f 604//2886 644//2885 1201//2891
f 1201//2891 644//2885 1200//2892
f 643//788 1196//2889 1197//2893
f 643//788 1197//2893 1198//2894
f 1200//2892 644//2885 1199//2895
f 1199//2895 644//2885 622//2887
f 643//788 1198//2894 625//2896
f 643//788 625//2896 624//2897
f 643//788 624//2897 623//789
f 621//790 622//2887 643//788
f 626//791 620//784 623//786
f 627//793 626//791 624//792
f 626//791 627//793 629//795
f 620//784 626//791 628//796
f 627//793 631//798 630//797
f 631//798 633//800 632//799
f 633//800 635//803 634//801
f 1196//2898 642//2899 635//803
f 642//2899 637//2900 636//802
f 635//803 642//2899 636//802
f 638//804 636//2901 637//805
f 641//809 643//812 645//807
f 645//807 639//815 638//808
f 638//808 640//2902 641//809
f 641//810 640//2903 637//811
f 646//816 645//807 648//814
f 645//807 643//812 648//814
f 646//816 649//2904 639//815
f 649//2904 650//2905 639//815
f 651//817 649//2904 646//816
f 657//819 647//818 646//816
f 653//821 687//2906 1189//2907
f 1189//2907 650//822 653//821
f 650//822 649//2908 652//820
f 649//2908 651//2909 652//820
f 652//823 651//817 647//818
f 655//832 665//825 654//824
f 665//825 653//2910 652//823
f 658//826 655//832 654//824
f 656//827 654//824 647//818
f 700//2911 683//2912 682//2913
f 681//2914 679//2915 657//2916
f 679//2915 680//830 1193//829
f 656//2917 679//2915 658//2918
f 700//2911 682//2913 681//2914
f 648//2919 644//2920 681//2914
f 644//2920 700//2911 681//2914
f 656//2917 657//2916 679//2915
f 657//2916 648//2919 681//2914
f 659//2921 658//2918 679//2915
f 659//2921 679//2915 660//2922
f 1195//2923 660//2922 679//2915
f 1193//829 1194//2924 679//2915
f 1194//2924 1195//2923 679//2915
f 1191//828 1192//2925 1193//829
f 680//830 1190//2926 1191//828
f 659//831 661//834 655//832
f 660//833 662//837 661//834
f 663//835 665//825 655//832
f 664//836 663//835 661//834
f 684//1 685//1 687//2927
f 687//2927 653//2928 677//2929
f 653//2928 665//2930 676//840
f 677//2929 653//2928 676//840
f 665//2930 663//2931 676//840
f 663//2931 664//2932 676//840
f 664//2932 666//2933 676//840
f 666//2933 667//2934 676//840
f 667//2934 669//2935 676//840
f 669//2935 670//838 676//840
f 670//838 672//1 673//839
f 673//839 675//2936 676//840
f 677//2929 684//1 687//2927
f 668//844 667//843 662//837
f 667//843 666//841 662//837
f 671//847 670//846 668//844
f 670//846 669//842 668//844
f 674//850 673//849 671//847
f 673//849 672//845 671//847
f 674//850 678//851 675//848
f 678//851 676//2937 675//848
f 681//853 677//856 678//851
f 677//856 676//2937 678//851
f 674//850 1190//2938 680//854
f 680//854 679//852 678//851
f 681//853 682//857 684//855
f 688//859 685//863 684//855
f 684//855 682//857 688//859
f 686//862 1187//2939 687//860
f 1187//2939 1188//2940 1189//2941
f 687//860 1187//2939 1189//2941
f 1188//2940 596//2942 1189//2941
f 690//865 686//1464 685//863
f 685//863 688//859 689//864
f 689//864 688//859 683//858
f 683//858 692//867 691//866
f 692//867 694//870 693//868
f 696//869 695//2943 693//868
f 524//2 695//2 696//2
f 696//2 697//2 524//2
f 697//873 696//2944 694//871
f 694//871 692//2945 700//872
f 692//2945 683//2946 700//872
f 700//872 699//2947 697//873
f 598//762 1185//2860 699//875
f 1185//2860 703//876 699//875
f 703//876 702//2948 697//874
f 702//2948 698//2949 697//874
f 1179//879 524//2950 701//2951
f 524//2950 698//2952 701//2951
f 701//2951 727//877 1179//879
f 702//884 704//887 698//882
f 704//887 706//880 698//882
f 705//883 704//887 702//884
f 705//883 708//1460 707//886
f 704//887 707//886 709//888
f 706//880 709//888 710//889
f 711//890 710//889 712//891
f 714//892 712//891 713//893
f 715//2953 714//892 719//896
f 714//892 716//894 719//896
f 714//892 715//2953 1181//897
f 716//894 713//893 759//898
f 716//894 717//899 720//900
f 725//902 719//2954 718//903
f 718//903 720//2955 723//901
f 720//2955 721//2956 723//901
f 720//900 717//899 721//906
f 717//899 757//904 721//906
f 723//901 721//2956 722//907
f 722//907 754//950 724//908
f 728//2957 726//2958 725//2959
f 728//2957 725//2959 730//2960
f 725//2959 723//910 730//2960
f 731//909 730//2960 723//910
f 737//2961 735//2962 724//911
f 735//2962 731//909 724//911
f 741//2963 740//2964 743//2965
f 740//2964 737//2961 753//2966
f 743//2965 742//2967 741//2963
f 753//2966 743//2965 740//2964
f 724//911 753//2966 737//2961
f 719//2954 725//902 715//913
f 725//902 726//914 715//913
f 726//914 727//2968 1181//912
f 727//1 726//1 1178//917
f 726//1 728//915 1178//917
f 732//918 729//2969 728//919
f 730//920 731//922 733//921
f 731//922 735//925 734//923
f 737//924 736//927 734//923
f 740//926 738//929 736//927
f 741//928 739//2970 738//929
f 745//932 739//2971 741//2972
f 741//2972 742//930 745//932
f 743//935 749//2973 747//933
f 747//933 744//2974 742//934
f 864//938 745//2975 746//936
f 745//2975 744//2976 746//936
f 746//936 866//2977 863//937
f 747//943 748//942 744//941
f 748//942 763//939 744//941
f 750//2978 751//952 749//944
f 751//952 748//942 749//944
f 753//946 752//951 750//945
f 750//945 749//2973 743//935
f 755//949 751//952 752//947
f 751//952 750//2978 752//947
f 753//946 724//908 754//950
f 757//904 755//949 754//948
f 751//952 755//949 756//953
f 757//904 758//955 756//953
f 717//899 759//898 758//955
f 748//942 751//952 760//954
f 763//939 748//942 761//956
f 766//958 763//939 762//957
f 768//960 766//958 764//959
f 767//964 766//958 771//963
f 766//958 768//960 771//963
f 746//940 763//939 866//965
f 763//939 766//958 866//965
f 770//962 768//960 772//968
f 768//960 769//966 772//968
f 769//966 768//960 765//961
f 778//971 771//981 770//972
f 770//972 772//2979 776//970
f 772//2979 774//974 776//970
f 774//974 772//2979 773//975
f 773//975 1122//2980 775//973
f 1122//2980 1124//2981 775//973
f 777//977 776//970 774//974
f 774//974 775//973 796//976
f 776//970 777//977 778//971
f 777//977 782//978 778//971
f 771//981 778//971 779//979
f 779//979 780//2982 767//980
f 780//2982 866//2983 767//980
f 859//982 860//2984 780//983
f 780//983 779//2985 781//984
f 781//984 856//2688 857//2986
f 857//2986 859//982 781//984
f 824//2987 825//2988 827//2989
f 827//2989 829//2990 824//2987
f 829//2990 830//985 806//987
f 824//2987 829//2990 822//2991
f 830//985 781//2992 783//2993
f 781//2992 779//2994 782//2995
f 783//2993 781//2992 782//2995
f 822//2991 829//2990 813//2996
f 813//2996 829//2990 812//2997
f 830//985 783//2993 785//2998
f 830//985 785//2998 786//2999
f 812//2997 829//2990 810//3000
f 810//3000 829//2990 807//3001
f 830//985 786//2999 809//3002
f 830//985 809//3002 808//986
f 807//3001 829//2990 806//987
f 783//988 782//978 777//977
f 783//988 784//989 787//990
f 784//989 788//1003 787//990
f 789//992 786//997 785//991
f 791//995 789//992 788//1003
f 789//992 787//990 788//1003
f 788//1003 794//993 791//995
f 790//996 809//1015 786//997
f 797//999 790//996 789//992
f 789//992 791//995 797//999
f 1174//1002 832//3003 801//1000
f 832//3003 1176//3004 820//3005
f 819//3006 832//3003 820//3005
f 1176//3004 1177//3007 820//3005
f 775//2869 848//3008 796//3009
f 848//3008 1174//1002 795//3010
f 795//3010 796//3009 848//3008
f 832//3003 819//3006 818//3011
f 832//3003 818//3011 816//3012
f 794//3013 795//3010 1174//1002
f 793//3014 794//3013 1174//1002
f 832//3003 816//3012 817//3015
f 832//3003 817//3015 803//3016
f 791//3017 793//3014 1174//1002
f 792//3018 791//3017 1174//1002
f 832//3003 803//3016 802//3019
f 832//3003 802//3019 801//1000
f 797//3020 792//3018 1174//1002
f 798//3021 797//3020 1174//1002
f 799//1001 798//3021 1174//1002
f 784//989 795//1004 794//993
f 784//989 777//977 796//976
f 799//1006 800//1014 790//996
f 790//996 797//999 799//1006
f 802//1008 804//1009 800//1014
f 800//1014 799//1006 802//1008
f 804//1009 802//1008 803//1010
f 805//1011 807//1017 806//1012
f 804//1009 806//1012 808//1013
f 800//1014 808//1013 809//1015
f 811//1016 810//1019 807//1017
f 814//1018 812//1021 810//1019
f 815//1020 813//1028 812//1021
f 814//1018 816//1023 818//1022
f 811//1016 817//1454 816//1023
f 815//1020 818//1022 819//1024
f 821//1025 819//1024 820//1026
f 821//1025 822//1029 813//1028
f 823//1027 824//1031 822//1029
f 820//1026 1177//3022 823//1027
f 1177//3022 826//3023 825//1030
f 823//1027 1177//3022 825//1030
f 826//1032 828//3024 827//1033
f 831//1036 829//1038 827//1034
f 827//1034 828//3025 1176//1035
f 1176//1035 832//1039 831//1036
f 833//1041 836//1037 831//1036
f 836//1037 830//3026 829//1038
f 833//1041 831//1036 832//1039
f 832//1039 1174//3027 835//1040
f 837//1042 836//1037 833//1041
f 1175//1044 834//1043 833//1041
f 854//3028 856//3029 781//3030
f 781//3030 830//3031 855//3032
f 830//3031 836//3033 855//3032
f 836//3033 837//3034 855//3032
f 837//3034 838//3035 1150//3036
f 855//3032 837//3034 1150//3036
f 838//3035 839//3037 1150//3036
f 839//3037 1168//3038 1150//3036
f 1150//3036 1168//3038 1167//3039
f 1167//3039 1169//3040 1150//3036
f 1169//3040 1170//3041 1150//3036
f 1170//3041 1171//1045 1150//3036
f 1171//1045 1172//3042 1154//1046
f 1154//1046 1153//3043 1152//1047
f 1152//1047 1150//3036 1171//1045
f 855//3032 854//3028 781//3030
f 838//1048 837//1042 834//1043
f 839//1050 838//1048 840//1049
f 841//1052 840//1049 834//1043
f 840//1049 841//1052 844//1053
f 841//1052 846//3044 844//1053
f 845//1054 843//1056 842//1051
f 1168//1055 839//1050 842//1051
f 847//3045 849//2 852//3046
f 853//3047 1173//3048 846//3049
f 1173//3048 1158//1057 1160//1059
f 844//2 1173//3048 845//2
f 847//3045 852//3046 853//3047
f 844//2 846//3049 1173//3048
f 846//3049 847//3045 853//3047
f 1165//2 845//2 1173//3048
f 1173//3048 1162//3050 1164//3051
f 1164//3051 1165//2 1173//3048
f 1160//1059 1161//2 1173//3048
f 1161//2 1162//3050 1173//3048
f 1157//1058 1159//3052 1160//1059
f 1174//1061 848//3053 846//3054
f 848//3053 847//3055 846//3054
f 1174//1061 846//3054 841//1062
f 841//1062 1175//3056 835//1060
f 775//2942 1124//3057 848//1065
f 1124//3057 1125//1063 848//1065
f 1125//1063 851//3058 847//1064
f 851//3058 849//3059 847//1064
f 1128//1068 850//1070 849//1066
f 849//1066 851//1402 1127//1067
f 850//1070 856//1073 854//3060
f 854//3060 852//1069 850//1070
f 852//1069 854//3060 855//1071
f 858//1074 857//1075 856//1073
f 856//1073 850//1070 1128//1068
f 857//1075 858//1074 861//1076
f 862//1078 860//3061 859//1077
f 1127//3062 1126//3063 1123//3064
f 1127//3062 1123//3064 875//3065
f 858//3066 1128//1081 870//3067
f 1128//1081 1127//3062 874//1079
f 870//3067 1128//1081 872//1080
f 862//3068 861//3069 863//3070
f 861//3069 858//3066 868//3071
f 865//3072 863//3070 861//3069
f 868//3071 865//3072 861//3069
f 868//3071 858//3066 870//3067
f 1127//3062 875//3065 874//1079
f 780//1 860//3073 863//1082
f 860//3073 862//3074 863//1082
f 1149//1085 864//3075 863//1083
f 863//1083 865//3076 867//1084
f 867//1084 865//3076 1133//1088
f 865//3076 868//1086 1133//1088
f 870//1089 871//3077 869//1087
f 871//3077 870//1089 1131//1092
f 870//1089 872//1090 1131//1092
f 874//1093 876//3078 873//1091
f 876//3078 874//1093 877//1096
f 874//1093 875//1094 877//1096
f 877//1101 879//1100 876//3079
f 879//1100 880//1097 873//1099
f 876//3079 879//1100 873//1099
f 882//1104 881//1103 1129//3080
f 881//1103 879//1100 878//1102
f 1129//3080 881//1103 878//1102
f 884//1107 883//1106 894//3081
f 883//1106 881//1103 895//1105
f 894//3081 883//1106 895//1105
f 886//3082 885//1110 888//3083
f 885//1110 883//1106 890//1108
f 888//3083 885//1110 890//1108
f 885//1110 886//3082 887//1109
f 887//1109 921//7 2//6
f 888//1115 889//3084 886//1113
f 889//3084 913//1111 886//1113
f 891//1114 889//3084 888//1115
f 894//1122 892//3085 884//1117
f 892//3085 891//1114 884//1117
f 893//3086 896//3087 897//3088
f 897//3088 918//3089 892//3090
f 918//3089 916//1118 891//1120
f 892//3090 918//3089 891//1120
f 916//1118 915//3091 913//3092
f 915//3091 912//3093 913//3092
f 893//3086 897//3088 892//3090
f 916//1118 913//3092 889//1119
f 893//1121 892//3085 894//1122
f 1129//1405 898//3094 882//1125
f 898//3094 896//1124 882//1125
f 896//1124 893//1121 895//1123
f 896//1128 899//2843 900//3095
f 900//3095 920//1126 896//1128
f 899//3096 896//3097 901//1131
f 896//3097 898//3098 901//1131
f 898//3098 1123//1129 901//1131
f 904//1132 900//3099 899//1133
f 901//1209 958//1204 899//3100
f 958//1204 957//1135 902//1137
f 899//3100 958//1204 902//1137
f 904//1132 902//1134 903//1138
f 903//1138 906//3101 905//1139
f 907//1141 908//3102 917//1142
f 917//1142 919//3103 905//1140
f 919//3103 920//3104 904//3105
f 905//1140 919//3103 904//3105
f 920//3104 900//3106 904//3105
f 905//1139 906//3101 911//1143
f 911//1143 909//3107 907//1144
f 912//1147 915//3108 908//3109
f 908//3109 907//1145 912//1147
f 914//1150 912//3110 910//1148
f 912//3110 909//3111 910//1148
f 910//1148 923//3112 922//1149
f 911//1206 954//1202 909//1153
f 954//1202 952//1151 909//1153
f 887//1112 913//1111 912//1154
f 912//1154 914//3113 921//1155
f 917//1156 908//3114 915//1157
f 919//1159 917//1156 916//1158
f 918//1160 897//3115 920//1161
f 921//1155 914//3113 922//1162
f 922//1162 925//3116 927//1163
f 924//2527 922//170 1116//1164
f 922//170 923//169 1115//1165
f 922//3117 924//3118 925//3119
f 924//3118 1119//3120 925//3119
f 1119//3120 1120//1168 929//1167
f 1120//1168 937//3121 931//1166
f 937//3121 935//3122 933//3123
f 937//3121 933//3123 931//1166
f 925//3119 1119//3120 926//3124
f 926//3124 1119//3120 929//1167
f 927//1163 925//3116 3//1171
f 925//3116 926//1169 3//1171
f 929//1172 930//3125 928//1170
f 930//3125 929//1172 5//1175
f 929//1172 931//1173 5//1175
f 933//1176 934//1178 932//1174
f 934//1178 933//1176 935//1179
f 935//1179 936//3126 7//1177
f 936//3126 1032//1302 7//1177
f 940//1182 965//3127 1028//3128
f 1028//3128 936//3129 940//1182
f 936//3129 935//1180 940//1182
f 938//2614 935//1184 939//1183
f 935//1184 937//3130 1121//1185
f 941//1186 938//3131 939//1187
f 943//1195 945//1194 941//1191
f 945//1194 947//1189 941//1191
f 947//1189 940//3132 938//1190
f 1114//1193 944//3133 943//1192
f 943//1192 941//1186 942//1188
f 1113//3134 946//1200 944//1196
f 946//1200 945//1194 944//1196
f 945//1194 946//1200 950//1197
f 947//1189 945//1194 948//1198
f 946//1200 952//1151 951//1201
f 954//1202 953//1203 951//1201
f 957//1135 955//1205 953//1203
f 958//1204 956//1208 955//1205
f 903//1136 957//1135 906//1207
f 957//1135 954//1202 906//1207
f 769//966 959//969 956//1208
f 773//967 769//966 1122//1210
f 769//966 958//1204 1122//1210
f 952//1151 946//1200 923//1211
f 946//1200 1113//3134 923//1211
f 962//1212 947//1189 949//1199
f 963//1214 962//1212 960//1213
f 940//3132 947//1189 965//1217
f 947//1189 962//1212 965//1217
f 964//1216 962//1212 966//1219
f 962//1212 963//1214 966//1219
f 966//1223 968//1227 964//1221
f 968//1227 969//1222 964//1221
f 969//1222 1027//3135 965//1220
f 973//3136 972//1228 967//1224
f 972//1228 970//1225 967//1224
f 970//1225 968//1227 966//1223
f 970//1225 971//1230 968//1227
f 971//1230 1107//1226 968//1227
f 971//1230 970//1225 972//1228
f 972//1228 974//1233 976//1229
f 972//1228 973//3136 974//1233
f 973//3136 1050//1231 974//1233
f 1050//1231 1043//3137 975//1232
f 975//1236 1046//3138 1047//1234
f 1047//1234 981//3139 977//1235
f 981//3139 979//2688 977//1235
f 977//1235 974//3140 975//1236
f 976//3141 974//3142 977//3143
f 977//3143 978//3144 1105//3145
f 978//3144 1065//1237 1090//3146
f 977//3143 1105//3145 976//3141
f 1065//1237 1066//3147 1070//3148
f 1066//3147 1068//3149 1070//3148
f 1105//3145 978//3144 1106//3150
f 1106//3150 978//3144 1093//3151
f 1093//3151 978//3144 1092//3152
f 1065//1237 1070//3148 1072//3153
f 1065//1237 1072//3153 1073//3154
f 1092//3152 978//3144 1090//3146
f 1065//1237 1073//3154 1086//3155
f 1065//1237 1086//3155 1085//3156
f 1088//1239 1090//3146 1065//1237
f 1065//1237 1085//3156 1087//1238
f 977//3157 979//2642 982//3158
f 984//3159 985//3160 1010//3161
f 985//3160 996//1242 998//1241
f 1008//3162 985//3160 1006//3163
f 977//3157 982//3158 984//3159
f 1011//3164 978//3165 984//3159
f 978//3165 977//3157 984//3159
f 1008//3162 1010//3161 985//3160
f 1010//3161 1011//3164 984//3159
f 1004//3166 1006//3163 985//3160
f 1004//3166 985//3160 1002//3167
f 1001//3168 1002//3167 985//3160
f 998//1241 999//3169 985//3160
f 999//3169 1001//3168 985//3160
f 995//1240 997//3170 998//1241
f 996//1242 994//3171 995//1240
f 981//3172 1048//1322 979//1245
f 1048//1322 1049//1243 979//1245
f 980//1244 1022//1293 983//1248
f 983//1248 982//1246 980//1244
f 984//1247 982//1246 983//1248
f 984//1247 986//1249 988//1250
f 986//1249 987//3173 988//1250
f 983//3174 1022//2 1020//3175
f 1020//3175 1021//3176 986//3177
f 1021//3176 1056//3178 987//1253
f 986//3177 1021//3176 987//1253
f 1056//3178 1057//3179 987//1253
f 1057//3179 1058//2 987//1253
f 1058//2 1059//2 987//1253
f 1059//2 1060//2 987//1253
f 1060//2 1061//2 987//1253
f 1061//2 1062//1254 987//1253
f 1062//1254 991//3180 990//1252
f 990//1252 989//2 987//1253
f 986//3177 983//3174 1020//3175
f 992//1257 988//1250 989//1255
f 988//1250 987//3173 989//1255
f 992//1257 990//1256 993//1260
f 990//1256 991//1258 993//1260
f 993//1260 997//1263 995//1261
f 995//1261 994//3181 992//1257
f 992//1257 994//3181 996//1262
f 996//1262 985//1251 988//1250
f 1000//1264 999//1265 998//3182
f 998//3182 997//1263 1000//1264
f 1003//1266 1002//1267 1001//3183
f 1001//3183 999//1265 1003//1266
f 1002//1267 1003//1266 1005//1268
f 1004//1269 1005//1268 1007//1270
f 1006//1271 1007//1270 1009//1272
f 1008//1273 1009//1272 1012//1274
f 1010//1275 1012//1274 1013//1276
f 1014//1278 1016//3184 1013//1276
f 1015//1279 1014//1278 1012//1274
f 1021//1281 1020//3185 1019//3186
f 1019//3186 1017//1282 1021//1281
f 1017//1282 1016//3187 1015//1280
f 1016//3187 1014//3188 1015//1280
f 1013//1276 1016//3184 1018//1283
f 1016//3184 1017//3189 1018//1283
f 1077//3190 1112//3191 1063//3192
f 1063//3192 1018//3193 1077//3190
f 1018//3193 1017//1285 1110//1287
f 1077//3190 1018//3193 1076//3194
f 1017//1285 1019//3195 1102//3196
f 1019//3195 969//2700 1107//3197
f 1107//3197 1102//3196 1019//3195
f 1102//3196 1101//3198 1017//1285
f 1076//3194 1018//3193 1078//3199
f 1078//3199 1018//3193 1079//3200
f 1017//1285 1101//3198 1100//3201
f 1079//3200 1018//3193 1081//3202
f 1081//3202 1018//3193 1082//3203
f 1017//1285 1100//3201 1098//3204
f 1017//1285 1098//3204 1099//3205
f 1082//3203 1018//3193 1111//3206
f 1111//3206 1018//3193 1110//1287
f 1017//1285 1099//3205 1095//3207
f 1017//1285 1095//3207 1108//3208
f 1017//1285 1108//3208 1109//1286
f 1020//1289 1022//3209 1023//3210
f 1023//3210 1025//1290 1020//1289
f 1025//1290 1027//3211 1019//1288
f 1027//3211 969//3212 1019//1288
f 980//1244 1049//1243 1022//1293
f 1049//1243 1024//1291 1022//1293
f 1024//1291 1026//3213 1025//1294
f 1028//1296 965//3214 1027//3215
f 1027//3215 1025//1295 1028//1296
f 1044//3216 1042//3217 1045//3218
f 1042//3217 1040//3219 1045//3218
f 1040//3219 1037//3220 1045//3218
f 1048//3221 1045//3218 1037//3220
f 1024//1299 1049//3222 1030//1297
f 1049//3222 1048//3221 1036//3223
f 1030//1297 1049//3222 1033//3224
f 1028//3225 1026//3226 1024//1299
f 1029//1298 1028//3225 1024//1299
f 1037//3220 1036//3223 1048//3221
f 1036//3223 1033//3224 1049//3222
f 1032//1302 936//3126 1028//1300
f 1028//1300 1029//3227 1031//1301
f 1031//1301 1029//3227 9//1305
f 1029//3227 1030//1303 9//1305
f 1033//1306 1035//3228 1034//1304
f 1035//3228 1033//1306 11//1309
f 1033//1306 1036//1307 11//1309
f 1036//1307 1037//3229 1039//1310
f 1039//1310 1037//3229 13//1313
f 1037//3229 1040//1311 13//1313
f 1041//1312 1040//1311 1042//1314
f 1042//1314 324//2743 1055//1315
f 1042//1318 1044//3230 1046//3231
f 1046//3231 975//1316 1042//1318
f 1046//1319 1044//3232 1045//1320
f 1048//1322 981//3172 1047//1321
f 1050//1327 1051//1326 1043//1325
f 1051//1326 1052//1323 1043//1325
f 967//1218 963//1214 973//1328
f 963//1214 1051//1326 973//1328
f 963//1214 961//1215 1053//1329
f 1051//1326 1053//1329 1054//1330
f 1052//1323 1054//1330 339//1331
f 1007//1270 1056//1332 1009//1272
f 1056//1332 1021//3233 1015//1279
f 1057//1333 1056//1332 1007//1270
f 1058//1334 1057//1333 1005//1268
f 1000//1264 1060//1337 1003//1266
f 1060//1337 1059//1335 1003//1266
f 993//1260 1062//1259 1000//1264
f 1062//1259 1061//1336 1000//1264
f 1066//1339 1065//1340 1064//1284
f 1064//1284 1018//1283 1063//1338
f 1063//1338 1067//3234 1066//1339
f 1013//1276 1064//1284 1011//1277
f 1064//1284 1065//1340 1011//1277
f 1067//1342 1069//3235 1068//1343
f 1070//3236 1068//3237 1071//1346
f 1068//3237 1069//3238 1112//1344
f 1071//1346 1068//3237 1112//1344
f 1072//1347 1070//3236 1071//1346
f 1074//1348 1075//1350 1073//1349
f 1075//1350 1074//1348 1076//1351
f 1074//1348 1071//1346 1077//1345
f 1080//1353 1075//1350 1078//1352
f 1083//1355 1080//1353 1079//1354
f 1084//1357 1083//1355 1081//1356
f 1083//1355 1084//1357 1087//1359
f 1080//1353 1083//1355 1085//1360
f 1084//1357 1089//1363 1088//1362
f 1089//1363 1091//1365 1090//1364
f 1091//1365 1094//1367 1092//1366
f 1094//1367 1096//1374 1093//1368
f 1095//1371 1094//1367 1091//1365
f 1091//1365 1109//1369 1095//1371
f 1098//1373 1096//1374 1094//1367
f 1094//1367 1095//1371 1098//1373
f 1096//1374 1097//1381 1106//1375
f 1097//1381 1096//1374 1103//1377
f 1096//1374 1098//1373 1103//1377
f 1098//1373 1100//3239 1101//1376
f 1103//1377 1101//1376 1102//1378
f 1103//1377 1104//1379 1097//1381
f 1104//1379 1105//1380 1097//1381
f 1104//1379 971//1230 976//1229
f 1102//1378 1107//1226 971//1230
f 1109//1369 1091//1365 1089//1363
f 1089//1363 1111//1382 1109//1369
f 1089//1363 1084//1357 1082//1358
f 1075//1350 1080//1353 1086//1361
f 1112//1384 1069//3240 1067//1385
f 944//3133 1114//1193 1113//1389
f 1114//1193 1115//1387 1113//1389
f 942//3241 939//3242 1121//3243
f 1121//3243 1118//3244 942//3241
f 1118//3244 1117//1390 1114//1392
f 1117//1390 1116//2846 1115//1391
f 1114//1392 942//3241 1118//3244
f 924//1393 1116//3245 1117//1394
f 1117//1394 1118//1398 1120//1396
f 1121//1397 937//3246 1120//1396
f 1122//3247 1123//1400 1124//1399
f 1123//1400 1126//3248 1125//1401
f 851//1402 1125//3249 1126//1403
f 878//1095 875//1094 1123//1404
f 1123//1404 898//3094 1129//1405
f 1131//1098 880//1097 871//1408
f 880//1097 1130//1406 871//1408
f 1130//1406 1133//3250 869//1407
f 1133//3250 1130//1406 867//1411
f 1130//1406 1132//1409 867//1411
f 1132//1409 1134//3251 1149//1410
f 1134//3251 1132//1409 1139//1414
f 1132//1409 1135//1412 1139//1414
f 1135//1412 1136//3252 1138//1413
f 1136//3252 1135//1412 1137//1417
f 1135//1412 496//1415 1137//1417
f 496//1415 1148//2802 1144//1416
f 1137//3253 1141//1425 1136//1420
f 1141//1425 1140//1418 1136//1420
f 1142//1421 1139//1423 1138//1419
f 1139//1423 1142//1421 745//1424
f 745//1424 864//3075 1134//1422
f 864//3075 1149//1085 1134//1422
f 1141//1425 1137//3253 1144//1426
f 1147//1431 1145//1430 1148//1428
f 1145//1430 1143//1427 1148//1428
f 495//1429 1146//3254 1145//1430
f 505//626 1146//3254 495//1429
f 853//1072 855//1071 1151//1433
f 855//1071 1150//3255 1151//1433
f 1155//1437 1151//1433 1152//1435
f 1151//1433 1150//3255 1152//1435
f 1155//1437 1153//1436 1154//1438
f 1154//1438 1172//3256 1156//1439
f 1156//1439 1160//1442 1159//3257
f 1159//3257 1157//1440 1156//1439
f 1155//1437 1157//1440 1158//1441
f 1158//1441 1173//1434 1151//1433
f 1163//1443 1162//1444 1161//3258
f 1161//3258 1160//1442 1163//1443
f 1166//1445 1165//1446 1164//3259
f 1164//3259 1162//1444 1166//1445
f 1165//1446 1166//1445 843//1056
f 1167//1447 1168//1055 843//1056
f 1163//1443 1170//1450 1166//1445
f 1170//1450 1169//1448 1166//1445
f 1156//1439 1172//3256 1163//1443
f 1172//3256 1171//1449 1163//1443
f 1177//1451 1176//3260 828//1452
f 805//1011 803//1010 817//1454
f 1180//1456 1179//2824 1178//1457
f 1178//1457 508//633 515//1455
f 508//633 512//2823 515//1455
f 701//881 706//880 727//1458
f 706//880 711//890 727//1458
f 1183//1459 1182//1461 708//1460
f 590//749 588//750 1182//1461
f 1183//1459 1184//3261 594//753
f 1184//3261 1183//1459 1185//1462
f 1183//1459 705//883 1185//1462
f 690//865 1186//3262 1187//1463
f 545//1467 592//3263 1188//3264
f 1188//3264 1187//1465 545//1467
f 671//847 1192//1469 1191//1468
f 1191//1468 1190//2938 674//850
f 668//844 1194//1470 1193//3265
f 1193//3265 1192//1469 668//844
f 662//837 660//833 1195//3266
f 1195//3266 1194//1470 662//837
f 1197//1471 1196//2898 635//803
f 633//800 631//798 1198//1472
f 631//798 627//793 625//794
f 615//1473 612//1475 1199//1474
f 612//1475 609//1477 1200//1476
f 609//1477 1202//770 1201//769
f 586//745 1203//2856 1204//1478
f 1205//1480 582//741 547//1479
f 582//741 584//743 547//1479
f 580//725 582//741 1205//1480
f 102//1481 1207//3267 1208//1482
f 1209//1483 1208//1482 563//715
f 303//403 332//2747 334//445
f 1214//1484 1212//430 323//1485
f 1215//1488 1216//3268 17//1487
f 17//1487 1214//1484 1213//1486
f 1219//1489 1216//3268 1215//1488
f 1218//1492 1220//1494 19//1491
f 19//1491 1219//1489 1217//1490
f 1218//1492 1221//44 21//1493
f 272//376 1223//2718 1222//382
f 1226//1495 179//263 185//268
f 1235//1496 1231//3269 1230//1497
f 1231//1499 1303//3270 1232//1500
f 1230//3271 1232//1579 1233//3272
f 1232//1579 1299//1581 1298//3273
f 1298//3273 1297//3274 1234//3275
f 1297//3274 1294//3276 1238//3277
f 1294//3276 1292//3278 1241//3279
f 1238//3277 1294//3276 1241//3279
f 1292//3278 1290//3280 1242//3281
f 1290//3280 1288//3282 1243//3283
f 1292//3278 1242//3281 1241//3279
f 1288//3282 1284//1502 1244//1501
f 1284//1502 1283//3284 1249//1503
f 1283//3284 1282//3285 1251//3286
f 1282//3285 1281//3287 1251//3286
f 1283//3284 1250//3288 1249//1503
f 1281//3287 1278//3289 1252//3290
f 1278//3289 1276//3291 1257//3292
f 1276//3291 1272//3293 1258//3294
f 1272//3293 1271//3295 1259//3296
f 1271//3295 1270//1544 1260//3297
f 1270//1544 1264//1546 1260//3297
f 1278//3289 1257//3292 1252//3290
f 1272//3293 1259//3296 1258//3294
f 1243//3283 1288//3282 1244//1501
f 1250//3288 1283//3284 1251//3286
f 1232//1579 1298//3273 1233//3272
f 1233//3272 1298//3273 1234//3275
f 1271//3295 1260//3297 1259//3296
f 1238//3277 1234//3275 1297//3274
f 1276//3291 1258//3294 1257//3292
f 1242//3281 1290//3280 1243//3283
f 1281//3287 1252//3290 1251//3286
f 1233//1498 1234//1508 1236//1504
f 1262//3298 1263//1540 1265//1539
f 1265//1539 1273//3299 1262//3298
f 1273//3299 1274//3300 1261//3301
f 1274//3300 1275//3302 1256//3303
f 1275//3302 1277//3304 1255//3305
f 1256//3303 1275//3302 1255//3305
f 1277//3304 1279//3306 1254//3307
f 1279//3306 1280//3308 1253//3309
f 1254//3307 1279//3306 1253//3309
f 1280//3308 1285//3310 1253//3309
f 1285//3310 1286//1505 1248//1507
f 1253//3309 1285//3310 1248//1507
f 1286//1505 1287//3311 1246//3312
f 1287//3311 1289//3313 1245//3314
f 1245//3314 1289//3313 1240//3315
f 1289//3313 1291//3316 1240//3315
f 1291//3316 1293//3317 1239//3318
f 1293//3317 1295//3319 1237//3320
f 1295//3319 1296//3321 1236//3322
f 1237//3320 1295//3319 1236//3322
f 1296//3321 1301//1586 1303//3323
f 1303//3323 1231//3324 1235//3325
f 1303//3323 1235//3325 1296//3321
f 1235//3325 1236//3322 1296//3321
f 1291//3316 1239//3318 1240//3315
f 1273//3299 1261//3301 1262//3298
f 1256//3303 1261//3301 1274//3300
f 1239//3318 1293//3317 1237//3320
f 1255//3305 1277//3304 1254//3307
f 1287//3311 1245//3314 1246//3312
f 1286//1505 1246//3312 1247//1506
f 1234//1508 1238//1510 1237//1509
f 1238//1510 1241//1512 1239//1511
f 1241//1512 1242//1514 1240//1513
f 1242//1514 1243//1517 1245//1515
f 1244//1516 1246//1519 1245//1515
f 1244//1516 1249//1521 1247//1518
f 1250//1520 1248//1523 1247//1518
f 1250//1520 1251//1525 1253//1522
f 1252//1524 1254//1527 1253//1522
f 1252//1524 1257//1529 1255//1526
f 1258//1528 1256//1531 1255//1526
f 1258//1528 1259//1533 1261//1530
f 1260//1532 1262//1535 1261//1530
f 1260//1532 1264//1537 1263//1534
f 1266//1536 1263//1534 1264//1537
f 1266//1538 1267//3326 1265//1539
f 1268//1541 1269//3327 1267//1542
f 1270//1544 1269//3328 1268//1545
f 1267//1547 1269//1 1270//1548
f 1265//1549 1270//1548 1271//1550
f 1271//1550 1272//1554 1274//1552
f 1276//1553 1275//1556 1274//1552
f 1278//1555 1277//1558 1275//1556
f 1278//1555 1281//1560 1279//1557
f 1282//1559 1280//1562 1279//1557
f 1283//1561 1285//1564 1280//1562
f 1284//1563 1286//1566 1285//1564
f 1288//1565 1287//1568 1286//1566
f 1290//1567 1289//1570 1287//1568
f 1290//1567 1292//1572 1291//1569
f 1294//1571 1293//1574 1291//1569
f 1297//1573 1295//1576 1293//1574
f 1298//1575 1296//1578 1295//1576
f 1298//1575 1299//1583 1301//1577
f 1232//1579 1305//3329 1300//1580
f 1302//1582 1301//1577 1299//1583
f 1304//1585 1303//3323 1301//1586
f 1305//1588 1232//1600 1303//1589
f 1305//1591 1304//3330 1302//1592
f 1306//3331 1309//1601 1317//3332
f 1317//3332 1318//3333 1378//3334
f 1318//3333 1319//3335 1377//3336
f 1378//3334 1318//3333 1377//3336
f 1319//3335 1320//3337 1372//3338
f 1320//3337 1325//3339 1371//3340
f 1372//3338 1320//3337 1371//3340
f 1325//3339 1326//3341 1370//3342
f 1326//3341 1327//1593 1369//1595
f 1325//3339 1370//3342 1371//3340
f 1327//1593 1328//3343 1363//3344
f 1328//3343 1333//3345 1362//3346
f 1333//3345 1334//3347 1362//3346
f 1334//3347 1335//3348 1361//3349
f 1335//3348 1336//3350 1356//3351
f 1336//3350 1341//3352 1355//3353
f 1356//3351 1336//3350 1355//3353
f 1341//3352 1342//3354 1354//3355
f 1342//3354 1343//1646 1353//3356
f 1354//3355 1342//3354 1353//3356
f 1343//1646 1345//1645 1353//3356
f 1328//3343 1362//3346 1363//3344
f 1334//3347 1361//3349 1362//3346
f 1319//3335 1372//3338 1377//3336
f 1306//3331 1317//3332 1379//3357
f 1379//3357 1307//3358 1306//3331
f 1378//3334 1379//3357 1317//3332
f 1354//3355 1355//3353 1341//3352
f 1335//3348 1356//3351 1361//3349
f 1370//3342 1326//3341 1369//1595
f 1327//1593 1363//3344 1364//1594
f 1307//1596 1381//1 1308//1597
f 1306//1599 1308//3359 1312//1599
f 1309//1601 1306//3331 1310//1602
f 1311//1 1310//1 1312//1
f 1313//1604 1312//3360 1308//1605
f 1314//1607 1309//3361 1311//1608
f 1350//3362 1344//1650 1351//3363
f 1344//1650 1340//3364 1351//3363
f 1340//3364 1339//3365 1352//3366
f 1339//3365 1338//3367 1357//3368
f 1352//3366 1339//3365 1357//3368
f 1338//3367 1337//3369 1358//3370
f 1337//3369 1332//3371 1359//3372
f 1358//3370 1337//3369 1359//3372
f 1332//3371 1331//3373 1360//3374
f 1331//3373 1330//3375 1360//3374
f 1332//3371 1360//3374 1359//3372
f 1330//3375 1329//3376 1365//3377
f 1329//3376 1324//1609 1367//1611
f 1365//3377 1329//3376 1366//3378
f 1324//1609 1323//3379 1368//1610
f 1323//3379 1322//3380 1373//3381
f 1373//3381 1322//3380 1374//3382
f 1322//3380 1321//3383 1374//3382
f 1321//3383 1316//3384 1375//3385
f 1316//3384 1315//3386 1376//3387
f 1315//3386 1314//1606 1308//1605
f 1308//1605 1381//3388 1380//3389
f 1315//3386 1308//1605 1380//3389
f 1376//3387 1315//3386 1380//3389
f 1321//3383 1375//3385 1374//3382
f 1352//3366 1351//3363 1340//3364
f 1375//3385 1316//3384 1376//3387
f 1357//3368 1338//3367 1358//3370
f 1360//3374 1330//3375 1365//3377
f 1323//3379 1373//3381 1368//1610
f 1366//3378 1329//3376 1367//1611
f 1317//1612 1309//3361 1314//1607
f 1316//1614 1318//1616 1317//1612
f 1321//1615 1319//1618 1318//1616
f 1322//1617 1320//1620 1319//1618
f 1322//1617 1323//1621 1325//1619
f 1323//1621 1324//1624 1326//1622
f 1329//1623 1327//1626 1326//1622
f 1330//1625 1328//1628 1327//1626
f 1330//1625 1331//1629 1333//1627
f 1331//1629 1332//1632 1334//1630
f 1337//1631 1335//1634 1334//1630
f 1337//1631 1338//1635 1336//1633
f 1338//1635 1339//1638 1341//1636
f 1340//1637 1342//1640 1341//1636
f 1340//1637 1344//1642 1343//1639
f 1346//1641 1343//1639 1344//1642
f 1346//1644 1347//1644 1345//1645
f 1346//1647 1348//3327 1349//1648
f 1344//1650 1350//3362 1349//1651
f 1347//1653 1349//3390 1350//1654
f 1345//1655 1350//1654 1351//1656
f 1351//1656 1352//1659 1354//1658
f 1352//1659 1357//1662 1355//1660
f 1358//1661 1356//1664 1355//1660
f 1359//1663 1361//1666 1356//1664
f 1359//1663 1360//1667 1362//1665
f 1360//1667 1365//1670 1363//1668
f 1366//1669 1364//1672 1363//1668
f 1367//1671 1369//1674 1364//1672
f 1367//1671 1368//1676 1370//1673
f 1373//1675 1371//1678 1370//1673
f 1374//1677 1372//1680 1371//1678
f 1374//1677 1375//1681 1377//1679
f 1375//1681 1376//1684 1378//1682
f 1380//1683 1379//1686 1378//1682
f 1381//1685 1307//3391 1379//1686
f 1512//1 1514//1 1517//1
f 1512//1 1517//1 1451//1
f 1517//1 1518//3392 1451//1
f 1506//3393 1507//3394 1457//3395
f 1507//3394 1508//3396 1455//3397
f 1457//3395 1507//3394 1455//3397
f 1508//3396 1512//1 1453//3398
f 1453//3398 1512//1 1451//1
f 1505//3399 1506//3393 1459//3400
f 1526//3401 1527//3402 1529//3403
f 1531//3404 1383//1 1434//1
f 1383//1 1382//3405 1432//1
f 1434//1 1383//1 1432//1
f 1526//3401 1529//3403 1438//1
f 1529//3403 1531//3404 1436//3406
f 1438//1 1529//3403 1436//3406
f 1525//1689 1526//3401 1438//1
f 1382//3405 1385//3407 1430//3408
f 1493//1 1495//3409 1465//3410
f 1495//3409 1497//3411 1465//3410
f 1491//1 1492//1 1465//3410
f 1492//1 1493//1 1465//3410
f 1497//3411 1498//1 1465//3410
f 1486//1 1491//1 1467//3412
f 1477//3413 1479//1 1469//3414
f 1479//1 1481//3415 1469//3414
f 1473//1 1475//3416 1471//1
f 1475//3416 1477//3413 1469//3414
f 1471//1 1475//3416 1469//3414
f 1465//3410 1467//3412 1491//1
f 1467//3412 1469//3414 1481//3415
f 1461//1 1463//1 1502//1
f 1463//1 1465//3410 1498//1
f 1457//3395 1459//3400 1506//3393
f 1459//3400 1461//1 1505//3399
f 1453//3398 1455//3397 1508//3396
f 1449//1 1451//1 1518//3392
f 1447//3417 1448//1 1449//1
f 1440//1 1442//1 1444//1687
f 1447//3417 1449//1 1518//3392
f 1438//1 1440//1 1525//1689
f 1440//1 1444//1687 1525//1689
f 1444//1687 1447//3417 1519//3418
f 1467//3412 1481//3415 1483//3419
f 1447//3417 1518//3392 1519//3418
f 1434//1 1436//3406 1531//3404
f 1430//3408 1432//1 1382//3405
f 1426//3420 1428//3421 1387//3422
f 1428//3421 1430//3408 1385//3407
f 1387//3422 1428//3421 1385//3407
f 1422//3423 1424//3424 1398//1
f 1424//3424 1426//3420 1389//3425
f 1417//1 1418//1 1413//1
f 1418//1 1422//3423 1407//1
f 1403//3426 1422//3423 1398//1
f 1413//1 1415//1 1417//1
f 1411//1 1413//1 1418//1
f 1422//3423 1403//3426 1404//3427
f 1424//3424 1389//3425 1391//3428
f 1467//3412 1483//3419 1485//1
f 1467//3412 1485//1 1486//1
f 1424//3424 1391//3428 1393//3429
f 1389//3425 1426//3420 1387//3422
f 1409//1 1411//1 1418//1
f 1407//1 1409//1 1418//1
f 1405//1 1407//1 1422//3423
f 1404//3427 1405//1 1422//3423
f 1463//1 1498//1 1502//1
f 1395//1 1397//1 1424//3424
f 1397//1 1398//1 1424//3424
f 1461//1 1502//1 1505//3399
f 1393//3429 1395//1 1424//3424
f 1444//1687 1519//3418 1520//1688
f 1383//1690 1533//3430 1384//1691
f 1384//1691 1386//1693 1385//1693
f 1388//1694 1387//1696 1385//1693
f 1390//1695 1389//1698 1387//1696
f 1392//1697 1391//1699 1389//1698
f 1391//1699 1392//1697 1394//1700
f 1393//1701 1394//1700 1396//1702
f 1399//1704 1397//1705 1395//1703
f 1397//1705 1399//1704 1400//1706
f 1510//3431 1509//3432 1456//3433
f 1509//3432 1504//3434 1458//3435
f 1456//3433 1509//3432 1458//3435
f 1504//3434 1503//3436 1460//3437
f 1515//2 1513//2 1511//2
f 1515//2 1511//2 1452//2
f 1511//2 1510//3431 1454//3438
f 1452//2 1511//2 1454//3438
f 1516//3439 1515//2 1452//2
f 1530//3440 1528//3441 1524//3442
f 1384//2 1533//3443 1431//2
f 1533//3443 1532//3444 1433//3445
f 1431//2 1533//3443 1433//3445
f 1532//3444 1530//3440 1435//3446
f 1530//3440 1524//3442 1437//3447
f 1435//3446 1530//3440 1437//3447
f 1524//3442 1523//2 1437//3447
f 1386//1710 1384//2 1429//3448
f 1499//3449 1496//3450 1466//3451
f 1496//3450 1494//3452 1466//3451
f 1494//3452 1490//3453 1466//3451
f 1490//3453 1489//3454 1466//3451
f 1500//3455 1499//3449 1466//3451
f 1489//3454 1488//2 1468//2
f 1466//3451 1489//3454 1468//2
f 1482//3456 1480//3457 1470//3458
f 1480//3457 1478//3459 1470//3458
f 1476//2 1474//2 1472//2
f 1478//3459 1476//2 1470//3458
f 1476//2 1472//2 1470//3458
f 1470//3458 1468//2 1482//3456
f 1466//3451 1464//3460 1500//3455
f 1468//2 1487//2 1484//2
f 1464//3460 1462//3461 1501//3462
f 1462//3461 1460//3437 1503//3436
f 1501//3462 1462//3461 1503//3436
f 1460//3437 1458//3435 1504//3434
f 1456//3433 1454//3438 1510//3431
f 1452//2 1450//3463 1516//3439
f 1450//3463 1446//2 1445//3464
f 1450//3463 1445//3464 1516//3439
f 1487//2 1468//2 1488//2
f 1484//2 1482//3456 1468//2
f 1443//3465 1441//3466 1439//3467
f 1439//3467 1437//3447 1523//2
f 1435//3446 1433//3445 1532//3444
f 1431//2 1429//3448 1384//2
f 1429//3448 1427//1708 1386//1710
f 1427//1708 1425//3468 1388//1709
f 1425//3468 1423//3469 1390//3470
f 1400//3471 1421//3472 1401//3473
f 1423//3469 1421//3472 1400//3471
f 1421//3472 1420//3474 1408//3475
f 1420//3474 1419//3476 1414//3477
f 1419//3476 1416//2 1414//3477
f 1414//3477 1412//3478 1420//3474
f 1412//3478 1410//2 1420//3474
f 1421//3472 1408//3475 1406//2
f 1443//3465 1439//3467 1523//2
f 1445//3464 1443//3465 1522//3479
f 1522//3479 1443//3465 1523//2
f 1421//3472 1406//2 1402//2
f 1408//3475 1420//3474 1410//2
f 1521//3480 1445//3464 1522//3479
f 1421//3472 1402//2 1401//3473
f 1500//3455 1464//3460 1501//3462
f 1423//3469 1400//3471 1399//3481
f 1396//3482 1423//3469 1399//3481
f 1423//3469 1396//3482 1394//3483
f 1392//2 1423//3469 1394//3483
f 1423//3469 1392//2 1390//3470
f 1425//3468 1390//3470 1388//1709
f 1521//3480 1516//3439 1445//3464
f 1398//1707 1400//1706 1401//1711
f 1403//1712 1401//1711 1402//1713
f 1404//1714 1402//1713 1406//1715
f 1405//1716 1406//1715 1408//1717
f 1407//1718 1408//1717 1410//1719
f 1409//1720 1410//1719 1412//1721
f 1413//1723 1411//1722 1412//1721
f 1416//1725 1415//3484 1413//1723
f 1415//1726 1416//1888 1419//1727
f 1417//1729 1419//3485 1420//1730
f 1421//1732 1422//1734 1418//1731
f 1423//1733 1424//1736 1422//1734
f 1423//1733 1425//1737 1426//1735
f 1425//1737 1427//1739 1428//1738
f 1427//1739 1429//1741 1430//1740
f 1429//1741 1431//1743 1432//1742
f 1431//1743 1433//1745 1434//1744
f 1433//1745 1435//1748 1436//1746
f 1437//1747 1438//1750 1436//1746
f 1437//1747 1439//1751 1440//1749
f 1439//1751 1441//3486 1442//1752
f 1442//1753 1441//3487 1443//1754
f 1444//1756 1443//3488 1445//1756
f 1446//1758 1448//3489 1447//1759
f 1449//1761 1448//3490 1446//1762
f 1451//1764 1449//1761 1450//1763
f 1453//1766 1451//1764 1452//1765
f 1455//1768 1453//1766 1454//1767
f 1455//1768 1456//1769 1458//1770
f 1459//1772 1457//1771 1458//1770
f 1459//1772 1460//1773 1462//1774
f 1461//1775 1462//1774 1464//1776
f 1465//1778 1463//1777 1464//1776
f 1467//1780 1465//1778 1466//1779
f 1467//1780 1468//1781 1470//1782
f 1472//1783 1471//3491 1469//1538
f 1472//1784 1474//1784 1473//1784
f 1473//1785 1474//3492 1476//1786
f 1478//1788 1477//1790 1475//1787
f 1478//1788 1480//1791 1479//1789
f 1480//1791 1482//1794 1481//1792
f 1484//1793 1483//1796 1481//1792
f 1484//1793 1487//1798 1485//1795
f 1488//1797 1486//1800 1485//1795
f 1489//1799 1491//1802 1486//1800
f 1490//1801 1492//3493 1491//1802
f 1493//1803 1492//3493 1490//1801
f 1496//1805 1495//1807 1493//1803
f 1496//1805 1499//3494 1497//1806
f 1497//1806 1499//3494 1500//1808
f 1501//1810 1502//1812 1498//1809
f 1501//1810 1503//1814 1505//1811
f 1504//1813 1506//1816 1505//1811
f 1509//1815 1507//3495 1506//1816
f 1507//1817 1509//3496 1510//1818
f 1511//1820 1512//3497 1508//1820
f 1514//1822 1512//3498 1511//1823
f 1517//1825 1514//3499 1513//1826
f 1518//1828 1517//1825 1515//1827
f 1519//1830 1518//1828 1516//1829
f 1519//1830 1521//1831 1522//1832
f 1525//1834 1520//1833 1522//1832
f 1526//1836 1525//1834 1523//1835
f 1524//1837 1528//3500 1527//1838
f 1529//1839 1527//3501 1528//1840
f 1532//1842 1531//2005 1529//1842
f 1533//1844 1383//3502 1531//1845
f 1665//3503 1666//1 1667//3504
f 1665//3503 1667//3504 1604//3505
f 1667//3504 1668//3506 1604//3505
f 1658//3507 1659//3508 1610//3509
f 1659//3508 1660//3510 1608//3511
f 1660//3510 1665//3503 1606//3512
f 1657//3513 1658//3507 1612//3514
f 1659//3508 1608//3511 1610//3509
f 1612//3514 1658//3507 1610//3509
f 1677//3515 1678//1 1682//3516
f 1685//1 1535//1 1585//1
f 1535//1 1534//3517 1583//3518
f 1677//3515 1682//3516 1589//3519
f 1682//3516 1685//1 1587//3520
f 1675//3521 1677//3515 1589//3519
f 1682//3516 1587//3520 1589//3519
f 1535//1 1583//3518 1585//1
f 1534//3517 1537//1849 1581//3522
f 1583//3518 1534//3517 1581//3522
f 1645//3523 1647//3524 1618//3525
f 1647//3524 1649//3526 1618//3525
f 1643//3527 1644//3528 1618//3525
f 1644//3528 1645//3523 1618//3525
f 1649//3526 1650//3529 1618//3525
f 1640//3530 1643//3527 1620//3531
f 1630//1 1632//1 1622//3532
f 1632//1 1634//3533 1622//3532
f 1624//3534 1626//1 1628//3535
f 1628//3535 1630//1 1622//3532
f 1624//3534 1628//3535 1622//3532
f 1618//3525 1620//3531 1643//3527
f 1620//3531 1622//3532 1634//3533
f 1640//3530 1620//3531 1638//3536
f 1634//3533 1636//3537 1620//3531
f 1616//3538 1618//3525 1650//3529
f 1612//3514 1614//3539 1657//3513
f 1614//3539 1616//3538 1654//3540
f 1604//3505 1606//3512 1665//3503
f 1606//3512 1608//3511 1660//3510
f 1599//3541 1600//3542 1597//3543
f 1600//3542 1604//3505 1668//3506
f 1597//3543 1600//3542 1668//3506
f 1614//3539 1654//3540 1657//3513
f 1636//3537 1638//3536 1620//3531
f 1591//3544 1593//1 1595//3545
f 1589//3519 1591//3544 1675//3521
f 1585//1 1587//3520 1685//1
f 1579//1848 1581//3522 1537//1849
f 1575//3546 1577//3547 1541//3548
f 1577//3547 1579//1848 1539//1847
f 1550//3549 1573//3550 1575//3546
f 1572//3551 1573//3550 1558//3552
f 1572//3551 1558//3552 1562//3553
f 1568//3554 1571//3555 1566//3556
f 1571//3555 1572//3551 1566//3556
f 1562//3553 1564//3557 1572//3551
f 1564//3557 1566//3556 1572//3551
f 1573//3550 1550//3549 1555//3558
f 1591//3544 1595//3545 1675//3521
f 1595//3545 1597//3543 1674//3559
f 1558//3552 1573//3550 1557//1
f 1595//3545 1674//3559 1675//3521
f 1673//3560 1597//3543 1668//3506
f 1616//3538 1650//3529 1654//3540
f 1557//1 1573//3550 1556//3561
f 1556//3561 1573//3550 1555//3558
f 1550//3549 1575//3546 1549//3562
f 1575//3546 1547//1 1549//3562
f 1547//1 1575//3546 1545//3563
f 1575//3546 1543//3564 1545//3563
f 1541//3548 1543//3564 1575//3546
f 1541//3548 1577//3547 1539//1847
f 1597//3543 1673//3560 1674//3559
f 1535//1850 1684//3565 1536//1851
f 1538//1853 1537//1855 1534//1852
f 1540//1854 1539//1857 1537//1855
f 1542//1856 1541//1859 1539//1857
f 1544//1858 1543//1860 1541//1859
f 1543//1860 1544//1858 1546//1861
f 1548//1863 1547//1702 1545//1862
f 1548//1863 1551//1866 1549//1864
f 1550//1865 1549//1864 1551//1866
f 1662//2 1661//3566 1607//3567
f 1661//3566 1656//3568 1609//3569
f 1607//3567 1661//3566 1609//3569
f 1656//3568 1655//3570 1611//3571
f 1669//3572 1664//3573 1663//3574
f 1669//3572 1663//3574 1603//3575
f 1663//3574 1662//2 1605//3576
f 1603//3575 1663//3574 1605//3576
f 1670//3577 1669//3572 1603//3575
f 1681//3578 1680//3579 1679//3580
f 1536//3581 1684//3582 1584//3583
f 1684//3582 1683//2 1586//3584
f 1584//3583 1684//3582 1586//3584
f 1683//2 1681//3578 1588//2
f 1681//3578 1679//3580 1590//3585
f 1588//2 1681//3578 1590//3585
f 1679//3580 1676//1870 1590//3585
f 1590//3585 1676//1870 1592//2
f 1538//3586 1536//3581 1582//3587
f 1651//3588 1648//3589 1617//3590
f 1648//3589 1646//3591 1617//3590
f 1646//3591 1642//3592 1617//3590
f 1642//3592 1641//3593 1617//3590
f 1652//3594 1651//3588 1617//3590
f 1641//3593 1639//3595 1619//3596
f 1617//3590 1641//3593 1619//3596
f 1633//2 1631//3597 1621//3598
f 1631//3597 1629//3599 1621//3598
f 1627//3600 1625//2 1623//3601
f 1629//3599 1627//3600 1621//3598
f 1627//3600 1623//3601 1621//3598
f 1621//3598 1619//3596 1633//2
f 1635//3602 1633//2 1619//3596
f 1619//3596 1639//3595 1637//3603
f 1617//3590 1615//3604 1652//3594
f 1615//3604 1613//3605 1653//3606
f 1613//3605 1611//3571 1655//3570
f 1653//3606 1613//3605 1655//3570
f 1611//3571 1609//3569 1656//3568
f 1607//3567 1605//3576 1662//2
f 1603//3575 1602//3607 1670//3577
f 1602//3607 1601//3608 1598//3609
f 1602//3607 1598//3609 1670//3577
f 1637//3603 1635//3602 1619//3596
f 1596//1869 1594//2 1592//2
f 1588//2 1586//3584 1683//2
f 1584//3583 1582//3587 1536//3581
f 1582//3587 1580//3610 1538//3586
f 1542//2 1578//3611 1576//3612
f 1580//3610 1578//3611 1540//3613
f 1552//3614 1574//3615 1553//3616
f 1576//3612 1574//3615 1552//3614
f 1574//3615 1570//3617 1560//3618
f 1560//3618 1570//3617 1561//3619
f 1570//3617 1569//3620 1565//3621
f 1569//3620 1567//2 1565//3621
f 1570//3617 1565//3621 1563//2
f 1563//2 1561//3619 1570//3617
f 1578//3611 1542//2 1540//3613
f 1574//3615 1560//3618 1559//3622
f 1652//3594 1615//3604 1653//3606
f 1574//3615 1559//3622 1554//3623
f 1574//3615 1554//3623 1553//3616
f 1576//3612 1552//3614 1551//3624
f 1544//2 1576//3612 1546//2
f 1576//3612 1544//2 1542//2
f 1670//3577 1598//3609 1671//3625
f 1598//3609 1596//1869 1671//3625
f 1551//3624 1548//2 1576//3612
f 1548//2 1546//2 1576//3612
f 1580//3610 1540//3613 1538//3586
f 1671//3625 1596//1869 1672//1868
f 1596//1869 1592//2 1676//1870
f 1553//1871 1555//1873 1550//1865
f 1554//1872 1556//1875 1555//1873
f 1554//1872 1559//1877 1557//1874
f 1560//1876 1558//1879 1557//1874
f 1561//1878 1562//1881 1558//1879
f 1563//1880 1564//1883 1562//1881
f 1565//1882 1566//1885 1564//1883
f 1567//1884 1568//3484 1566//1885
f 1567//1886 1569//3626 1571//1887
f 1571//1889 1569//3485 1570//1730
f 1572//1890 1570//1730 1574//1891
f 1575//1893 1573//1892 1574//1891
f 1575//1893 1576//1894 1578//1895
f 1579//1897 1577//1896 1578//1895
f 1581//1899 1579//1897 1580//1898
f 1583//1901 1581//1899 1582//1900
f 1583//1901 1584//1902 1586//1903
f 1585//1904 1586//1903 1588//1905
f 1587//1906 1588//1905 1590//1907
f 1591//1909 1589//1908 1590//1907
f 1594//1911 1593//3627 1591//1909
f 1595//1912 1593//1755 1594//1723
f 1597//1914 1595//1757 1596//1915
f 1601//1917 1599//3628 1597//1918
f 1600//1920 1599//3490 1601//1921
f 1603//1923 1604//1925 1600//1920
f 1605//1924 1606//1927 1604//1925
f 1607//1926 1608//1929 1606//1927
f 1607//1926 1609//1930 1610//1928
f 1609//1930 1611//1932 1612//1931
f 1611//1932 1613//1934 1614//1933
f 1613//1934 1615//1937 1616//1935
f 1617//1936 1618//1939 1616//1935
f 1619//1938 1620//1941 1618//1939
f 1621//1940 1622//1943 1620//1941
f 1623//1942 1624//3629 1622//1943
f 1625//1944 1626//1784 1624//1945
f 1628//1947 1626//3630 1625//1948
f 1630//1950 1628//1947 1627//1949
f 1630//1950 1629//1951 1631//1952
f 1632//1953 1631//1952 1633//1954
f 1634//1955 1633//1954 1635//1956
f 1636//1957 1635//1956 1637//1958
f 1640//1960 1638//1959 1637//1958
f 1643//1962 1640//1960 1639//1961
f 1641//1963 1642//3631 1644//1964
f 1644//1964 1642//3631 1646//1965
f 1645//1966 1646//1965 1648//1967
f 1651//1969 1649//1970 1647//1968
f 1649//1970 1651//1969 1652//1971
f 1653//1973 1654//1975 1650//1972
f 1655//1974 1657//1977 1654//1975
f 1655//1974 1656//1979 1658//1976
f 1661//1978 1659//3632 1658//1976
f 1659//1980 1661//3496 1662//1981
f 1660//1983 1662//1821 1663//1984
f 1663//1986 1664//1824 1666//1987
f 1666//1989 1664//3633 1669//1990
f 1668//1992 1667//1991 1669//1990
f 1673//1994 1668//1992 1670//1993
f 1673//1994 1671//1995 1672//1996
f 1675//1997 1674//1833 1672//1996
f 1677//1999 1675//1997 1676//1998
f 1680//2001 1678//3634 1677//1999
f 1682//2002 1678//3635 1680//2003
f 1682//1842 1681//1843 1683//1842
f 1684//2006 1535//3636 1685//2007
f 1762//2008 1687//1821 1686//2008
f 1727//3637 1726//3638 1723//3639
f 1727//3637 1723//3639 1721//3640
f 1729//3641 1728//3642 1716//3643
f 1728//3642 1727//3637 1717//3644
f 1717//3644 1727//3637 1721//3640
f 1735//3645 1733//3646 1715//3647
f 1733//3646 1729//3641 1716//3643
f 1715//3647 1733//3646 1716//3643
f 1739//3648 1738//3649 1709//3650
f 1738//3649 1735//3645 1711//3651
f 1711//3651 1735//3645 1714//3652
f 1741//3653 1740//3654 1707//3655
f 1740//3654 1739//3648 1709//3650
f 1747//3656 1745//2012 1703//2011
f 1745//2012 1741//3653 1705//2010
f 1705//2010 1741//3653 1707//3655
f 1751//3657 1749//3658 1701//3659
f 1749//3658 1747//3656 1701//3659
f 1751//3657 1701//3659 1699//3660
f 1755//3661 1753//3662 1695//3663
f 1753//3662 1751//3657 1699//3660
f 1695//3663 1753//3662 1699//3660
f 1760//3664 1757//3665 1692//3666
f 1757//3665 1755//3661 1694//3667
f 1687//3668 1761//3669 1689//3670
f 1761//3669 1760//3664 1690//3671
f 1689//3670 1686//3672 1687//3668
f 1690//3671 1689//3670 1761//3669
f 1757//3665 1694//3667 1692//3666
f 1740//3654 1709//3650 1707//3655
f 1709//3650 1738//3649 1711//3651
f 1728//3642 1717//3644 1716//3643
f 1735//3645 1715//3647 1714//3652
f 1694//3667 1755//3661 1695//3663
f 1692//3666 1690//3671 1760//3664
f 1703//2011 1701//3659 1747//3656
f 1689//2015 1690//2017 1691//3673
f 1691//3673 1763//3674 1689//2015
f 1763//3674 1688//2013 1689//2015
f 1693//2016 1691//3673 1690//2017
f 1696//2019 1693//2016 1692//2018
f 1696//2019 1694//2020 1695//2021
f 1720//3675 1722//3676 1724//3677
f 1724//3677 1725//3678 1720//3675
f 1725//3678 1730//3679 1719//3680
f 1720//3675 1725//3678 1719//3680
f 1730//3679 1731//3681 1718//3682
f 1731//3681 1732//3683 1718//3682
f 1732//3683 1734//3684 1713//3685
f 1734//3684 1736//3686 1710//3687
f 1713//3685 1734//3684 1712//3688
f 1736//3686 1737//3689 1708//3690
f 1737//3689 1742//3691 1708//3690
f 1736//3686 1708//3690 1710//3687
f 1742//3691 1743//3692 1706//3693
f 1743//3692 1744//2023 1704//2025
f 1742//3691 1706//3693 1708//3690
f 1744//2023 1746//3694 1702//2024
f 1746//3694 1748//3695 1700//3696
f 1748//3695 1750//3697 1700//3696
f 1750//3697 1752//3698 1698//3699
f 1752//3698 1754//3700 1697//3701
f 1754//3700 1756//3702 1696//3703
f 1756//3702 1758//3704 1693//3705
f 1758//3704 1759//3706 1691//3707
f 1693//3705 1758//3704 1691//3707
f 1759//3706 1762//3708 1688//3709
f 1688//3709 1763//3710 1759//3706
f 1763//3710 1691//3707 1759//3706
f 1754//3700 1696//3703 1697//3701
f 1696//3703 1756//3702 1693//3705
f 1746//3694 1700//3696 1702//2024
f 1750//3697 1698//3699 1700//3696
f 1718//3682 1732//3683 1713//3685
f 1719//3680 1730//3679 1718//3682
f 1752//3698 1697//3701 1698//3699
f 1712//3688 1734//3684 1710//3687
f 1706//3693 1743//3692 1704//2025
f 1697//2022 1695//2021 1699//2026
f 1700//2028 1698//2027 1699//2026
f 1702//2030 1700//2028 1701//2029
f 1702//2030 1703//2031 1705//2032
f 1704//2033 1705//2032 1707//2034
f 1708//2036 1706//2035 1707//2034
f 1708//2036 1709//2037 1711//2038
f 1712//2040 1710//2039 1711//2038
f 1712//2040 1714//2041 1715//2042
f 1713//2043 1715//2042 1716//2044
f 1718//2045 1716//2044 1717//2046
f 1717//2046 1721//3711 1720//2048
f 1720//2048 1721//3711 1723//1984
f 1726//2050 1724//3712 1722//2051
f 1726//2053 1727//3713 1725//2054
f 1725//2054 1727//3713 1728//2056
f 1729//2058 1731//2060 1730//2057
f 1733//2059 1732//2062 1731//2060
f 1735//2061 1734//2064 1732//2062
f 1738//2063 1736//2066 1734//2064
f 1739//2065 1737//2068 1736//2066
f 1740//2067 1742//2070 1737//2068
f 1740//2067 1741//2072 1743//2069
f 1745//2071 1744//2074 1743//2069
f 1745//2071 1747//2076 1746//2073
f 1749//2075 1748//2078 1746//2073
f 1749//2075 1751//2080 1750//2077
f 1753//2079 1752//2082 1750//2077
f 1753//2079 1755//2083 1754//2081
f 1755//2083 1757//2085 1756//2084
f 1757//2085 1760//3714 1758//2086
f 1762//2089 1759//3715 1761//2087
f 1759//3715 1758//2086 1761//2087
f 1758//2086 1760//3714 1761//2087
f 1765//2090 1840//2171 1766//2090
f 1804//3716 1805//3717 1801//3718
f 1805//3717 1806//3719 1797//3720
f 1801//3718 1805//3717 1799//3721
f 1806//3719 1807//3722 1795//3723
f 1807//3722 1812//3724 1795//3723
f 1812//3724 1813//3725 1793//3726
f 1813//3725 1814//3727 1789//3728
f 1793//3726 1813//3725 1791//3729
f 1814//3727 1815//3730 1787//3731
f 1815//3730 1819//3732 1787//3731
f 1814//3727 1787//3731 1789//3728
f 1819//3732 1821//2093 1785//2092
f 1821//2093 1823//3733 1783//2094
f 1819//3732 1785//2092 1787//3731
f 1823//3733 1825//3734 1781//3735
f 1825//3734 1827//3736 1779//3737
f 1827//3736 1829//3738 1779//3737
f 1829//3738 1831//3739 1777//3740
f 1831//3739 1833//3741 1775//3742
f 1833//3741 1835//3743 1771//3744
f 1835//3743 1838//3745 1770//3746
f 1838//3745 1839//3747 1768//3748
f 1770//3746 1838//3745 1768//3748
f 1839//3747 1765//3749 1764//3750
f 1764//3750 1767//3751 1839//3747
f 1767//3751 1768//3748 1839//3747
f 1833//3741 1771//3744 1775//3742
f 1771//3744 1835//3743 1770//3746
f 1825//3734 1779//3737 1781//3735
f 1829//3738 1777//3740 1779//3737
f 1795//3723 1812//3724 1793//3726
f 1799//3721 1805//3717 1797//3720
f 1795//3723 1797//3720 1806//3719
f 1831//3739 1775//3742 1777//3740
f 1791//3729 1813//3725 1789//3728
f 1823//3733 1781//3735 1783//2094
f 1767//2097 1764//1 1766//1
f 1766//1 1841//3752 1767//2097
f 1841//3752 1769//2095 1767//2097
f 1770//2098 1768//2096 1769//2095
f 1770//2098 1772//2099 1773//2100
f 1769//3753 1841//3754 1836//3755
f 1841//3754 1766//3756 1837//3757
f 1769//3753 1836//3755 1772//3758
f 1766//3756 1840//3759 1837//3757
f 1837//3757 1836//3755 1841//3754
f 1836//3755 1834//3760 1772//3758
f 1834//3760 1832//3761 1773//3762
f 1832//3761 1830//3763 1774//3764
f 1773//3762 1832//3761 1774//3764
f 1830//3763 1828//3765 1776//3766
f 1828//3765 1826//3767 1778//3768
f 1776//3766 1828//3765 1778//3768
f 1826//3767 1824//3769 1778//3768
f 1824//3769 1822//3770 1780//3771
f 1778//3768 1824//3769 1780//3771
f 1822//3770 1820//3772 1782//3773
f 1820//3772 1818//2102 1784//2104
f 1782//3773 1820//3772 1784//2104
f 1818//2102 1817//3774 1786//2103
f 1817//3774 1816//3775 1786//2103
f 1786//2103 1816//3775 1788//3776
f 1816//3775 1811//3777 1788//3776
f 1811//3777 1810//3778 1792//3779
f 1810//3778 1809//3780 1794//3781
f 1809//3780 1808//3782 1794//3781
f 1810//3778 1794//3781 1792//3779
f 1808//3782 1803//3783 1796//3784
f 1803//3783 1802//3785 1798//3786
f 1796//3784 1803//3783 1798//3786
f 1802//3785 1800//3787 1798//3786
f 1811//3777 1792//3779 1790//3788
f 1811//3777 1790//3788 1788//3776
f 1796//3784 1794//3781 1808//3782
f 1773//3762 1772//3758 1834//3760
f 1774//3764 1830//3763 1776//3766
f 1780//3771 1822//3770 1782//3773
f 1775//2105 1771//2101 1773//2100
f 1775//2105 1774//2106 1776//2107
f 1777//2108 1776//2107 1778//2109
f 1779//2110 1778//2109 1780//2111
f 1781//2112 1780//2111 1782//2113
f 1783//2114 1782//2113 1784//2115
f 1785//2116 1784//2115 1786//2117
f 1787//2118 1786//2117 1788//2119
f 1791//2121 1789//2120 1788//2119
f 1791//2121 1790//2122 1792//2123
f 1793//2124 1792//2123 1794//2125
f 1795//2126 1794//2125 1796//2127
f 1796//2127 1798//2131 1799//2129
f 1801//2130 1799//2129 1798//2131
f 1802//2133 1804//3789 1801//2134
f 1805//2135 1804//2214 1802//2136
f 1806//2138 1805//2135 1803//2137
f 1809//2140 1807//2142 1806//2138
f 1809//2140 1810//2144 1812//2141
f 1811//2143 1813//2146 1812//2141
f 1811//2143 1816//2147 1814//2145
f 1816//2147 1817//2150 1815//2148
f 1818//2149 1819//2152 1815//2148
f 1818//2149 1820//2154 1821//2151
f 1822//2153 1823//2156 1821//2151
f 1822//2153 1824//2158 1825//2155
f 1826//2157 1827//2160 1825//2155
f 1828//2159 1829//2162 1827//2160
f 1828//2159 1830//2164 1831//2161
f 1832//2163 1833//2166 1831//2161
f 1832//2163 1834//2167 1835//2165
f 1834//2167 1836//2170 1838//2168
f 1837//2 1840//3790 1839//2169
f 1840//3790 1765//3791 1839//2169
f 1839//2169 1838//2168 1836//2170
f 1918//2090 1843//2091 1842//2090
f 1883//3792 1882//3793 1877//3794
f 1882//3793 1879//3795 1877//3794
f 1885//3796 1884//3797 1872//3798
f 1884//3797 1883//3792 1873//3799
f 1873//3799 1883//3792 1877//3794
f 1891//3800 1889//3801 1871//3802
f 1889//3801 1885//3796 1872//3798
f 1871//3802 1889//3801 1872//3798
f 1895//3803 1894//3804 1865//3805
f 1894//3804 1891//3800 1867//3806
f 1867//3806 1891//3800 1870//3807
f 1897//3808 1896//3809 1863//3810
f 1896//3809 1895//3803 1865//3805
f 1903//2174 1901//3811 1859//2172
f 1901//3811 1897//3808 1861//3812
f 1861//3812 1897//3808 1863//3810
f 1907//3813 1905//3814 1857//2173
f 1905//3814 1903//2174 1857//2173
f 1907//3813 1857//2173 1855//3815
f 1911//3816 1909//3817 1851//3818
f 1909//3817 1907//3813 1855//3815
f 1851//3818 1909//3817 1855//3815
f 1916//3819 1913//3820 1848//3821
f 1913//3820 1911//3816 1850//3822
f 1916//3819 1848//3821 1846//3823
f 1842//3824 1843//3825 1917//3826
f 1917//3826 1916//3819 1846//3823
f 1896//3809 1865//3805 1863//3810
f 1865//3805 1894//3804 1867//3806
f 1884//3797 1873//3799 1872//3798
f 1891//3800 1871//3802 1870//3807
f 1845//3751 1842//3824 1917//3826
f 1846//3823 1845//3751 1917//3826
f 1848//3821 1913//3820 1850//3822
f 1850//3822 1911//3816 1851//3818
f 1901//3811 1861//3812 1859//2172
f 1845//2175 1846//3827 1847//2176
f 1847//2176 1919//3828 1845//2175
f 1919//3828 1844//2 1845//2175
f 1847//2176 1846//3827 1848//2177
f 1852//2179 1849//2178 1848//2177
f 1852//2179 1850//2180 1851//2181
f 1876//3829 1878//3830 1880//3831
f 1880//3831 1881//3832 1876//3829
f 1881//3832 1886//3833 1875//3834
f 1876//3829 1881//3832 1875//3834
f 1886//3833 1887//3835 1874//3836
f 1887//3835 1888//3837 1874//3836
f 1888//3837 1890//3838 1869//3839
f 1890//3838 1892//3840 1866//3841
f 1869//3839 1890//3838 1868//3842
f 1892//3840 1893//3843 1864//3844
f 1893//3843 1898//3845 1864//3844
f 1892//3840 1864//3844 1866//3841
f 1898//3845 1899//3846 1862//3847
f 1899//3846 1900//2183 1860//2185
f 1898//3845 1862//3847 1864//3844
f 1900//2183 1902//3848 1858//2184
f 1902//3848 1904//3849 1856//3850
f 1904//3849 1906//3851 1856//3850
f 1906//3851 1908//3852 1854//3853
f 1908//3852 1910//3854 1853//3855
f 1910//3854 1912//3856 1852//3857
f 1852//3857 1912//3856 1849//3858
f 1912//3856 1914//3859 1849//3858
f 1914//3859 1915//3860 1847//3861
f 1849//3858 1914//3859 1847//3861
f 1915//3860 1918//3862 1919//3757
f 1918//3862 1844//3759 1919//3757
f 1902//3848 1856//3850 1858//2184
f 1906//3851 1854//3853 1856//3850
f 1874//3836 1888//3837 1869//3839
f 1915//3860 1919//3757 1847//3861
f 1875//3834 1886//3833 1874//3836
f 1910//3854 1852//3857 1853//3855
f 1868//3842 1890//3838 1866//3841
f 1908//3852 1853//3855 1854//3853
f 1862//3847 1899//3846 1860//2185
f 1854//2186 1853//2182 1851//2181
f 1854//2186 1855//2187 1857//2188
f 1856//2189 1857//2188 1859//2190
f 1860//2192 1858//2191 1859//2190
f 1860//2192 1861//2193 1863//2194
f 1864//2196 1862//2195 1863//2194
f 1864//2196 1865//2197 1867//2198
f 1866//2199 1867//2198 1870//2200
f 1868//2201 1870//2200 1871//2202
f 1869//2203 1871//2202 1872//2204
f 1874//2205 1872//2204 1873//2206
f 1873//2206 1877//2209 1876//2208
f 1877//2209 1879//3863 1878//1842
f 1879//2210 1882//3864 1880//2211
f 1882//2212 1883//3865 1881//2213
f 1881//2213 1883//3865 1884//2215
f 1884//2215 1885//2219 1887//2217
f 1889//2218 1888//2221 1887//2217
f 1889//2218 1891//2223 1890//2220
f 1894//2222 1892//2225 1890//2220
f 1894//2222 1895//2226 1893//2224
f 1895//2226 1896//2229 1898//2227
f 1897//2228 1899//2231 1898//2227
f 1897//2228 1901//2233 1900//2230
f 1903//2232 1902//2235 1900//2230
f 1903//2232 1905//2236 1904//2234
f 1905//2236 1907//2238 1906//2237
f 1907//2238 1909//2240 1908//2239
f 1909//2240 1911//2243 1910//2241
f 1913//2242 1912//2245 1910//2241
f 1916//2244 1914//3866 1912//2245
f 1918//1 1915//3867 1917//2246
f 1915//3867 1914//3866 1917//2246
f 1914//3866 1916//2244 1917//2246
f 1921//2247 1996//1821 1922//2247
f 1960//3868 1961//3869 1957//3870
f 1961//3869 1962//3871 1953//3872
f 1957//3870 1961//3869 1955//3873
f 1962//3871 1963//3874 1951//3875
f 1963//3874 1968//3876 1951//3875
f 1968//3876 1969//3877 1949//3878
f 1969//3877 1970//3879 1945//3880
f 1949//3878 1969//3877 1947//3881
f 1970//3879 1971//3882 1943//3883
f 1971//3882 1975//3884 1943//3883
f 1970//3879 1943//3883 1945//3880
f 1975//3884 1977//2249 1941//2248
f 1977//2249 1979//3885 1939//2250
f 1975//3884 1941//2248 1943//3883
f 1979//3885 1981//3886 1937//3887
f 1981//3886 1983//3888 1935//3889
f 1983//3888 1985//3890 1935//3889
f 1985//3890 1987//3891 1933//3892
f 1987//3891 1989//3893 1931//3894
f 1989//3893 1991//3895 1927//3896
f 1991//3895 1994//3897 1926//3898
f 1994//3897 1995//3899 1924//3900
f 1926//3898 1994//3897 1924//3900
f 1995//3899 1921//3672 1920//3901
f 1920//3901 1923//3902 1995//3899
f 1923//3902 1924//3900 1995//3899
f 1989//3893 1927//3896 1931//3894
f 1927//3896 1991//3895 1926//3898
f 1981//3886 1935//3889 1937//3887
f 1985//3890 1933//3892 1935//3889
f 1951//3875 1968//3876 1949//3878
f 1955//3873 1961//3869 1953//3872
f 1951//3875 1953//3872 1962//3871
f 1987//3891 1931//3894 1933//3892
f 1947//3881 1969//3877 1945//3880
f 1979//3885 1937//3887 1939//2250
f 1923//2 1920//2 1922//2
f 1922//2 1997//2 1923//2
f 1997//2 1925//2251 1923//2
f 1924//2252 1925//2251 1928//2253
f 1926//2254 1928//2253 1929//2255
f 1997//3903 1922//3708 1996//3904
f 1996//3904 1993//3905 1997//3903
f 1993//3905 1992//3906 1997//3903
f 1992//3906 1990//3907 1928//3908
f 1990//3907 1988//3909 1929//3910
f 1928//3908 1990//3907 1929//3910
f 1988//3909 1986//3911 1930//3912
f 1986//3911 1984//3913 1932//3914
f 1930//3912 1986//3911 1932//3914
f 1984//3913 1982//3915 1934//3916
f 1982//3915 1980//3917 1934//3916
f 1984//3913 1934//3916 1932//3914
f 1980//3917 1978//3918 1936//3919
f 1978//3918 1976//2257 1938//2259
f 1936//3919 1978//3918 1938//2259
f 1976//2257 1974//3920 1940//2258
f 1974//3920 1973//3921 1942//3922
f 1973//3921 1972//3923 1942//3922
f 1972//3923 1967//3924 1944//3925
f 1944//3925 1967//3924 1946//3926
f 1967//3924 1966//3927 1948//3928
f 1966//3927 1965//3929 1950//3930
f 1965//3929 1964//3931 1950//3930
f 1964//3931 1959//3932 1952//3933
f 1950//3930 1964//3931 1952//3933
f 1959//3932 1958//3677 1956//3934
f 1959//3932 1956//3934 1954//3935
f 1966//3927 1950//3930 1948//3928
f 1974//3920 1942//3922 1940//2258
f 1946//3926 1967//3924 1948//3928
f 1925//3936 1997//3903 1992//3906
f 1959//3932 1954//3935 1952//3933
f 1925//3936 1992//3906 1928//3908
f 1929//3910 1988//3909 1930//3912
f 1972//3923 1944//3925 1942//3922
f 1934//3916 1980//3917 1936//3919
f 1927//2256 1929//2255 1930//2260
f 1931//2261 1930//2260 1932//2262
f 1935//2264 1933//2263 1932//2262
f 1935//2264 1934//2265 1936//2266
f 1939//2268 1937//2267 1936//2266
f 1941//2270 1939//2268 1938//2269
f 1941//2270 1940//2271 1942//2272
f 1945//2274 1943//2273 1942//2272
f 1945//2274 1944//2275 1946//2276
f 1947//2277 1946//2276 1948//2278
f 1951//2280 1949//2279 1948//2278
f 1951//2280 1950//2281 1952//2282
f 1954//2284 1955//3937 1953//2283
f 1957//1984 1955//3937 1954//2284
f 1956//2285 1958//3938 1960//2286
f 1961//2288 1960//3939 1958//2289
f 1962//2291 1961//2288 1959//2290
f 1965//2293 1963//2295 1962//2291
f 1966//2294 1968//2297 1963//2295
f 1967//2296 1969//2299 1968//2297
f 1967//2296 1972//2300 1970//2298
f 1972//2300 1973//2303 1971//2301
f 1974//2302 1975//2305 1971//2301
f 1976//2304 1977//2307 1975//2305
f 1978//2306 1979//2309 1977//2307
f 1980//2308 1981//2311 1979//2309
f 1980//2308 1982//2313 1983//2310
f 1984//2312 1985//2315 1983//2310
f 1986//2314 1987//2317 1985//2315
f 1988//2316 1989//2319 1987//2317
f 1990//2318 1991//2321 1989//2319
f 1992//2320 1994//3940 1991//2321
f 1993//2323 1996//1 1995//2322
f 1996//1 1921//1 1995//2322
f 1995//2322 1994//3940 1992//2320
