# base.dae material 黑色贴纸_007-effect; written by tools/champ_mesh_assets.py
# rgba 0.009018 0.009018 0.009018 1
v 0.328064 0.012777 -0.022383
v 0.328064 -0.013223 -0.022383
v 0.328064 0.012777 0.025000
v 0.328064 0.012777 0.043000
v 0.328064 0.008777 0.025000
v 0.328064 0.008777 0.022500
v 0.328064 0.008777 0.027500
v 0.327064 0.008777 0.027500
v 0.328064 0.008777 0.043000
v 0.327064 0.008777 0.043000
v 0.328064 0.008654 0.044481
v 0.328064 0.008289 0.045922
v 0.327064 0.008654 0.044481
v 0.327064 0.008289 0.045922
v 0.327064 0.007692 0.047284
v 0.328064 0.007692 0.047284
v 0.327064 0.006879 0.048528
v 0.328064 0.006879 0.048528
v 0.327064 0.005873 0.049622
v 0.328064 0.005873 0.049622
v 0.327064 0.004700 0.050534
v 0.328064 0.004700 0.050534
v 0.327064 0.003392 0.051242
v 0.327064 0.001986 0.051725
v 0.328064 0.003392 0.051242
v 0.328064 0.001986 0.051725
v 0.328064 0.000520 0.051969
v 0.328064 -0.000966 0.051969
v 0.327064 0.000520 0.051969
v 0.327064 -0.000966 0.051969
v 0.327064 -0.002432 0.051725
v 0.327064 -0.003838 0.051242
v 0.328064 -0.002432 0.051725
v 0.328064 -0.003838 0.051242
v 0.328064 -0.005145 0.050534
v 0.327064 -0.005145 0.050534
v 0.328064 -0.006318 0.049622
v 0.327064 -0.006318 0.049622
v 0.328064 -0.007325 0.048528
v 0.327064 -0.007325 0.048528
v 0.328064 -0.008138 0.047284
v 0.328064 -0.008735 0.045922
v 0.327064 -0.008138 0.047284
v 0.327064 -0.008735 0.045922
v 0.327064 -0.009100 0.044481
v 0.327064 -0.009223 0.043000
v 0.328064 -0.009100 0.044481
v 0.328064 -0.009223 0.043000
v 0.328064 -0.009223 0.027500
v 0.327064 -0.009223 0.027500
v 0.328064 -0.009223 0.025000
v 0.328064 -0.009223 0.022500
v 0.328064 -0.013223 0.025000
v 0.328064 -0.013223 0.043000
v 0.328064 -0.013046 0.045140
v 0.328064 -0.012519 0.047221
v 0.328064 -0.011656 0.049187
v 0.328064 -0.010482 0.050985
v 0.328064 -0.009028 0.052564
v 0.328064 -0.007333 0.053883
v 0.328064 -0.005445 0.054905
v 0.328064 -0.003414 0.055602
v 0.328064 -0.001296 0.055956
v 0.328064 0.000851 0.055956
v 0.328064 0.002969 0.055602
v 0.328064 0.004999 0.054905
v 0.328064 0.010036 0.050985
v 0.328064 0.008582 0.052564
v 0.328064 0.006887 0.053883
v 0.328064 0.011210 0.049187
v 0.328064 0.012073 0.047221
v 0.328064 0.012600 0.045140
v 0.328064 -0.009223 0.007000
v 0.327064 -0.009223 0.022500
v 0.327064 -0.006850 0.022500
v 0.327064 -0.009223 0.007000
v 0.327064 -0.008237 0.007000
v 0.327064 -0.009112 0.005592
v 0.327064 -0.008782 0.004219
v 0.328064 -0.009112 0.005592
v 0.328064 -0.008782 0.004219
v 0.328064 -0.008242 0.002914
v 0.327064 -0.008242 0.002914
v 0.328064 -0.007504 0.001710
v 0.327064 -0.007504 0.001710
v 0.328064 -0.006587 0.000636
v 0.327064 -0.006587 0.000636
v 0.328064 -0.005513 -0.000281
v 0.327064 -0.005513 -0.000281
v 0.328064 -0.004309 -0.001019
v 0.328064 -0.003004 -0.001560
v 0.327064 -0.004309 -0.001019
v 0.327064 -0.003004 -0.001560
v 0.327064 -0.001631 -0.001889
v 0.328064 -0.001631 -0.001889
v 0.327064 -0.000223 -0.002000
v 0.327064 0.001185 -0.001889
v 0.328064 -0.000223 -0.002000
v 0.328064 0.001185 -0.001889
v 0.328064 0.002558 -0.001559
v 0.327064 0.002558 -0.001559
v 0.328064 0.003863 -0.001019
v 0.327064 0.003863 -0.001019
v 0.328064 0.005067 -0.000281
v 0.327064 0.005067 -0.000281
v 0.328064 0.006141 0.000636
v 0.328064 0.007058 0.001710
v 0.327064 0.006141 0.000636
v 0.327064 0.007058 0.001710
v 0.327064 0.007796 0.002914
v 0.327064 0.008337 0.004219
v 0.328064 0.007796 0.002914
v 0.328064 0.008337 0.004219
v 0.328064 0.008666 0.005592
v 0.328064 0.008777 0.007000
v 0.327064 0.008666 0.005592
v 0.327064 0.008777 0.007000
v 0.327064 0.007791 0.007000
v 0.327064 0.008777 0.022500
v 0.327064 0.006617 0.022500
v 0.327064 0.006617 0.023231
v 0.327064 0.003904 0.022500
v 0.327064 0.001718 0.022500
v 0.327064 0.003904 0.023231
v 0.327064 0.003919 0.023230
v 0.327064 0.003729 0.023250
v 0.327064 0.003545 0.023297
v 0.327064 0.004109 0.023234
v 0.327064 0.004297 0.023268
v 0.327064 0.004476 0.023332
v 0.327064 0.004561 0.023375
v 0.327064 0.004642 0.023426
v 0.327064 0.004718 0.023484
v 0.327064 0.004787 0.023549
v 0.327064 0.004850 0.023620
v 0.327064 0.004905 0.023698
v 0.327064 0.004951 0.023781
v 0.327064 0.004988 0.023869
v 0.327064 0.005015 0.023959
v 0.327064 0.005034 0.024054
v 0.327064 0.004516 0.024054
v 0.327064 0.004472 0.023962
v 0.327064 0.004414 0.023878
v 0.327064 0.004380 0.023840
v 0.327064 0.004342 0.023806
v 0.327064 0.004301 0.023777
v 0.327064 0.004256 0.023752
v 0.327064 0.004210 0.023733
v 0.327064 0.004160 0.023718
v 0.327064 0.004059 0.023702
v 0.327064 0.003957 0.023700
v 0.327064 0.003904 0.023703
v 0.327064 0.003904 0.024382
v 0.327064 0.003856 0.023710
v 0.327064 0.003757 0.023735
v 0.327064 0.003709 0.023754
v 0.327064 0.003664 0.023777
v 0.327064 0.003621 0.023804
v 0.327064 0.003581 0.023836
v 0.327064 0.003544 0.023870
v 0.327064 0.003509 0.023908
v 0.327064 0.003451 0.023992
v 0.327064 0.003407 0.024084
v 0.327064 0.003376 0.024181
v 0.327064 0.003355 0.024281
v 0.327064 0.003342 0.024382
v 0.327064 0.005057 0.024382
v 0.327064 0.005063 0.024542
v 0.327064 0.005054 0.024732
v 0.327064 0.005027 0.024921
v 0.327064 0.004977 0.025105
v 0.327064 0.004901 0.025280
v 0.327064 0.004800 0.025441
v 0.327064 0.004739 0.025515
v 0.327064 0.004673 0.025583
v 0.327064 0.004600 0.025644
v 0.327064 0.004521 0.025698
v 0.327064 0.004438 0.025745
v 0.327064 0.004351 0.025783
v 0.327064 0.004168 0.025836
v 0.327064 0.003979 0.025858
v 0.327064 0.003788 0.025853
v 0.327064 0.003904 0.025859
v 0.327064 0.003601 0.025818
v 0.327064 0.003510 0.025789
v 0.327064 0.003423 0.025751
v 0.327064 0.003259 0.025654
v 0.327064 0.003114 0.025530
v 0.327064 0.002992 0.025383
v 0.327064 0.002894 0.025220
v 0.327064 0.002821 0.025044
v 0.327064 0.002773 0.024860
v 0.327064 0.002749 0.024671
v 0.327064 0.002745 0.024480
v 0.327064 0.002762 0.024290
v 0.327064 0.002801 0.024104
v 0.327064 0.002865 0.023924
v 0.327064 0.002954 0.023756
v 0.327064 0.003070 0.023605
v 0.327064 0.003137 0.023537
v 0.327064 0.003209 0.023475
v 0.327064 0.003369 0.023372
v 0.327064 0.003479 0.025158
v 0.327064 0.003433 0.025077
v 0.327064 0.003538 0.025231
v 0.327064 0.003572 0.025264
v 0.327064 0.003608 0.025293
v 0.327064 0.003647 0.025319
v 0.327064 0.003688 0.025341
v 0.327064 0.003731 0.025359
v 0.327064 0.003776 0.025373
v 0.327064 0.003821 0.025382
v 0.327064 0.003868 0.025387
v 0.327064 0.003961 0.025387
v 0.327064 0.004054 0.025374
v 0.327064 0.004099 0.025361
v 0.327064 0.004143 0.025345
v 0.327064 0.004184 0.025324
v 0.327064 0.004224 0.025299
v 0.327064 0.004260 0.025270
v 0.327064 0.004293 0.025237
v 0.327064 0.004323 0.025201
v 0.327064 0.004350 0.025162
v 0.327064 0.004393 0.025079
v 0.327064 0.004425 0.024991
v 0.327064 0.004447 0.024900
v 0.327064 0.004461 0.024808
v 0.327064 0.003356 0.024808
v 0.327064 0.003373 0.024900
v 0.327064 0.003398 0.024990
v 0.327064 0.003904 0.027500
v 0.327064 0.001718 0.027500
v 0.327064 0.006617 0.027500
v 0.327064 0.006617 0.025859
v 0.327064 0.006692 0.025858
v 0.327064 0.006501 0.025853
v 0.327064 0.006314 0.025818
v 0.327064 0.006224 0.025789
v 0.327064 0.006136 0.025751
v 0.327064 0.005973 0.025654
v 0.327064 0.005828 0.025530
v 0.327064 0.005706 0.025383
v 0.327064 0.005608 0.025220
v 0.327064 0.005534 0.025044
v 0.327064 0.005486 0.024860
v 0.327064 0.005462 0.024671
v 0.327064 0.005459 0.024480
v 0.327064 0.005475 0.024290
v 0.327064 0.005514 0.024104
v 0.327064 0.005578 0.023924
v 0.327064 0.005668 0.023756
v 0.327064 0.005783 0.023605
v 0.327064 0.005850 0.023537
v 0.327064 0.005923 0.023475
v 0.327064 0.006083 0.023372
v 0.327064 0.006258 0.023297
v 0.327064 0.006443 0.023250
v 0.327064 0.006632 0.023230
v 0.327064 0.006823 0.023234
v 0.327064 0.007010 0.023268
v 0.327064 0.007190 0.023332
v 0.327064 0.007275 0.023375
v 0.327064 0.007355 0.023426
v 0.327064 0.007431 0.023484
v 0.327064 0.007500 0.023549
v 0.327064 0.007563 0.023620
v 0.327064 0.007618 0.023698
v 0.327064 0.007664 0.023781
v 0.327064 0.007702 0.023869
v 0.327064 0.007729 0.023959
v 0.327064 0.007747 0.024054
v 0.327064 0.007230 0.024054
v 0.327064 0.007185 0.023962
v 0.327064 0.007128 0.023878
v 0.327064 0.007093 0.023840
v 0.327064 0.007056 0.023806
v 0.327064 0.007015 0.023777
v 0.327064 0.006970 0.023752
v 0.327064 0.006924 0.023733
v 0.327064 0.006873 0.023718
v 0.327064 0.006773 0.023702
v 0.327064 0.006671 0.023700
v 0.327064 0.006569 0.023710
v 0.327064 0.006617 0.023703
v 0.327064 0.006470 0.023735
v 0.327064 0.006423 0.023754
v 0.327064 0.006378 0.023777
v 0.327064 0.006335 0.023804
v 0.327064 0.006294 0.023836
v 0.327064 0.006257 0.023870
v 0.327064 0.006223 0.023908
v 0.327064 0.006165 0.023992
v 0.327064 0.006121 0.024084
v 0.327064 0.006089 0.024181
v 0.327064 0.006068 0.024281
v 0.327064 0.006056 0.024382
v 0.327064 0.006617 0.024382
v 0.327064 0.007770 0.024382
v 0.327064 0.007776 0.024542
v 0.327064 0.007768 0.024732
v 0.327064 0.007740 0.024921
v 0.327064 0.007690 0.025105
v 0.327064 0.007615 0.025280
v 0.327064 0.007514 0.025441
v 0.327064 0.007453 0.025515
v 0.327064 0.007386 0.025583
v 0.327064 0.007313 0.025644
v 0.327064 0.007235 0.025698
v 0.327064 0.007152 0.025745
v 0.327064 0.007064 0.025783
v 0.327064 0.006881 0.025836
v 0.327064 0.007105 0.025079
v 0.327064 0.007137 0.024991
v 0.327064 0.007159 0.024900
v 0.327064 0.007173 0.024808
v 0.327064 0.006068 0.024808
v 0.327064 0.006085 0.024900
v 0.327064 0.006110 0.024990
v 0.327064 0.006146 0.025076
v 0.327064 0.006192 0.025157
v 0.327064 0.006250 0.025231
v 0.327064 0.006284 0.025264
v 0.327064 0.006320 0.025293
v 0.327064 0.006359 0.025319
v 0.327064 0.006400 0.025341
v 0.327064 0.006443 0.025359
v 0.327064 0.006488 0.025373
v 0.327064 0.006580 0.025387
v 0.327064 0.006673 0.025387
v 0.327064 0.006766 0.025374
v 0.327064 0.006812 0.025361
v 0.327064 0.006855 0.025345
v 0.327064 0.006897 0.025324
v 0.327064 0.006936 0.025299
v 0.327064 0.006972 0.025270
v 0.327064 0.007006 0.025237
v 0.327064 0.007035 0.025201
v 0.327064 0.007062 0.025162
v 0.327064 -0.001709 0.027500
v 0.327064 0.001718 0.025644
v 0.327064 0.001674 0.025596
v 0.327064 0.001756 0.025679
v 0.327064 0.001850 0.025749
v 0.327064 0.001603 0.025502
v 0.327064 0.001545 0.025401
v 0.327064 0.001545 0.025802
v 0.327064 0.001025 0.025802
v 0.327064 0.001025 0.023286
v 0.327064 0.001025 0.024813
v 0.327064 0.001618 0.023286
v 0.327064 0.001618 0.024656
v 0.327064 0.001624 0.024766
v 0.327064 0.001630 0.024813
v 0.327064 0.001718 0.024813
v 0.327064 0.001641 0.024873
v 0.327064 0.001675 0.024977
v 0.327064 0.001698 0.025027
v 0.327064 0.001718 0.025061
v 0.327064 0.001726 0.025074
v 0.327064 0.001759 0.025118
v 0.327064 0.001796 0.025158
v 0.327064 0.001838 0.025194
v 0.327064 0.001882 0.025226
v 0.327064 0.001929 0.025253
v 0.327064 0.001979 0.025275
v 0.327064 0.002030 0.025293
v 0.327064 0.002084 0.025305
v 0.327064 0.002193 0.025318
v 0.327064 0.002302 0.025316
v 0.327064 0.002411 0.025302
v 0.327064 0.002411 0.025830
v 0.327064 0.002401 0.025836
v 0.327064 0.002390 0.025841
v 0.327064 0.002364 0.025849
v 0.327064 0.002334 0.025854
v 0.327064 0.002298 0.025858
v 0.327064 0.002181 0.025857
v 0.327064 0.002065 0.025839
v 0.327064 0.001954 0.025803
v 0.327064 -0.000012 0.024813
v 0.327064 -0.000012 0.025332
v 0.327064 -0.000012 0.024055
v 0.327064 -0.000008 0.023985
v 0.327064 0.000007 0.023916
v 0.327064 0.000019 0.023882
v 0.327064 0.000035 0.023852
v 0.327064 0.000055 0.023822
v 0.327064 0.000079 0.023797
v 0.327064 0.000107 0.023776
v 0.327064 0.000138 0.023758
v 0.327064 0.000170 0.023745
v 0.327064 0.000205 0.023735
v 0.327064 0.000274 0.023726
v 0.327064 0.000345 0.023725
v 0.327064 0.000415 0.023730
v 0.327064 0.000485 0.023740
v 0.327064 0.000553 0.023758
v 0.327064 0.000553 0.023295
v 0.327064 0.000421 0.023256
v 0.327064 0.000286 0.023235
v 0.327064 0.000148 0.023230
v 0.327064 0.000011 0.023242
v 0.327064 -0.000122 0.023274
v 0.327064 -0.000187 0.023298
v 0.327064 -0.000248 0.023329
v 0.327064 -0.000306 0.023366
v 0.327064 -0.000360 0.023408
v 0.327064 -0.000409 0.023456
v 0.327064 -0.000453 0.023509
v 0.327064 -0.000491 0.023566
v 0.327064 -0.000524 0.023626
v 0.327064 -0.000550 0.023689
v 0.327064 -0.000571 0.023755
v 0.327064 -0.000597 0.023890
v 0.327064 -0.000605 0.024027
v 0.327064 -0.000605 0.025333
v 0.327064 -0.000948 0.025333
v 0.327064 -0.000948 0.025802
v 0.327064 -0.000605 0.025802
v 0.327064 -0.000605 0.026395
v 0.327064 -0.000012 0.026395
v 0.327064 -0.000012 0.025802
v 0.327064 0.000553 0.025802
v 0.327064 0.000553 0.025332
v 0.327064 -0.000605 0.024813
v 0.327064 -0.001414 0.024813
v 0.327064 -0.001414 0.025802
v 0.327064 -0.001414 0.023286
v 0.327064 -0.001709 0.023286
v 0.327064 -0.001709 0.022500
v 0.327064 -0.002007 0.023286
v 0.327064 -0.002007 0.025802
v 0.327064 -0.001709 0.025802
v 0.327064 -0.001709 0.026070
v 0.327064 -0.001682 0.026070
v 0.327064 -0.001737 0.026070
v 0.327064 -0.001791 0.026077
v 0.327064 -0.001844 0.026090
v 0.327064 -0.001894 0.026112
v 0.327064 -0.001917 0.026126
v 0.327064 -0.001939 0.026142
v 0.327064 -0.001979 0.026180
v 0.327064 -0.001996 0.026202
v 0.327064 -0.002011 0.026224
v 0.327064 -0.002035 0.026273
v 0.327064 -0.002051 0.026326
v 0.327064 -0.002059 0.026380
v 0.327064 -0.002060 0.026434
v 0.327064 -0.002056 0.026489
v 0.327064 -0.002044 0.026542
v 0.327064 -0.002024 0.026593
v 0.327064 -0.002011 0.026617
v 0.327064 -0.001996 0.026640
v 0.327064 -0.001960 0.026681
v 0.327064 -0.001939 0.026699
v 0.327064 -0.001917 0.026715
v 0.327064 -0.001894 0.026729
v 0.327064 -0.001869 0.026741
v 0.327064 -0.001818 0.026759
v 0.327064 -0.001764 0.026768
v 0.327064 -0.001709 0.026772
v 0.327064 -0.001655 0.026768
v 0.327064 -0.001601 0.026759
v 0.327064 -0.001550 0.026741
v 0.327064 -0.001525 0.026729
v 0.327064 -0.001502 0.026715
v 0.327064 -0.001480 0.026699
v 0.327064 -0.001459 0.026681
v 0.327064 -0.001423 0.026640
v 0.327064 -0.001408 0.026617
v 0.327064 -0.001395 0.026593
v 0.327064 -0.001375 0.026542
v 0.327064 -0.001363 0.026489
v 0.327064 -0.001359 0.026434
v 0.327064 -0.001360 0.026380
v 0.327064 -0.001368 0.026326
v 0.327064 -0.001384 0.026273
v 0.327064 -0.001408 0.026224
v 0.327064 -0.001423 0.026202
v 0.327064 -0.001440 0.026180
v 0.327064 -0.001480 0.026142
v 0.327064 -0.001502 0.026126
v 0.327064 -0.001525 0.026112
v 0.327064 -0.001575 0.026090
v 0.327064 -0.001628 0.026077
v 0.327064 -0.003747 0.022500
v 0.327064 -0.003747 0.025359
v 0.327064 -0.003704 0.025361
v 0.327064 -0.003795 0.025354
v 0.327064 -0.003885 0.025336
v 0.327064 -0.003970 0.025303
v 0.327064 -0.004010 0.025281
v 0.327064 -0.004048 0.025256
v 0.327064 -0.004084 0.025227
v 0.327064 -0.004117 0.025195
v 0.327064 -0.004174 0.025124
v 0.327064 -0.004218 0.025044
v 0.327064 -0.004251 0.024958
v 0.327064 -0.004272 0.024869
v 0.327064 -0.004284 0.024778
v 0.327064 -0.004287 0.024687
v 0.327064 -0.004287 0.023288
v 0.327064 -0.004880 0.023288
v 0.327064 -0.004880 0.025802
v 0.327064 -0.004346 0.025802
v 0.327064 -0.004344 0.025426
v 0.327064 -0.004252 0.025548
v 0.327064 -0.004141 0.025653
v 0.327064 -0.004079 0.025698
v 0.327064 -0.004014 0.025737
v 0.327064 -0.003873 0.025798
v 0.327064 -0.003747 0.025833
v 0.327064 -0.003725 0.025837
v 0.327064 -0.003747 0.027500
v 0.327064 -0.006850 0.027500
v 0.327064 -0.006850 0.023752
v 0.327064 -0.006810 0.023754
v 0.327064 -0.006930 0.023754
v 0.327064 -0.007050 0.023766
v 0.327064 -0.007166 0.023795
v 0.327064 -0.007223 0.023816
v 0.327064 -0.007277 0.023842
v 0.327064 -0.007328 0.023873
v 0.327064 -0.007376 0.023909
v 0.327064 -0.007420 0.023950
v 0.327064 -0.007459 0.023995
v 0.327064 -0.007494 0.024044
v 0.327064 -0.007524 0.024096
v 0.327064 -0.007571 0.024207
v 0.327064 -0.007601 0.024323
v 0.327064 -0.007617 0.024442
v 0.327064 -0.007622 0.024562
v 0.327064 -0.007622 0.026677
v 0.327064 -0.008222 0.026677
v 0.327064 -0.008222 0.024513
v 0.327064 -0.008209 0.024301
v 0.327064 -0.008166 0.024093
v 0.327064 -0.008131 0.023992
v 0.327064 -0.008088 0.023896
v 0.327064 -0.008036 0.023803
v 0.327064 -0.007977 0.023716
v 0.327064 -0.007908 0.023634
v 0.327064 -0.007833 0.023560
v 0.327064 -0.007751 0.023494
v 0.327064 -0.007662 0.023434
v 0.327064 -0.007472 0.023341
v 0.327064 -0.007269 0.023278
v 0.327064 -0.007060 0.023243
v 0.327064 -0.006848 0.023232
v 0.327064 -0.006636 0.023243
v 0.327064 -0.006427 0.023278
v 0.327064 -0.006225 0.023342
v 0.327064 -0.006035 0.023436
v 0.327064 -0.005947 0.023495
v 0.327064 -0.005865 0.023561
v 0.327064 -0.005789 0.023635
v 0.327064 -0.005721 0.023717
v 0.327064 -0.005662 0.023804
v 0.327064 -0.005610 0.023897
v 0.327064 -0.005567 0.023993
v 0.327064 -0.005533 0.024094
v 0.327064 -0.005490 0.024301
v 0.327064 -0.005477 0.024513
v 0.327064 -0.005477 0.026677
v 0.327064 -0.006119 0.026677
v 0.327064 -0.006119 0.024562
v 0.327064 -0.006124 0.024442
v 0.327064 -0.006140 0.024323
v 0.327064 -0.006170 0.024207
v 0.327064 -0.006216 0.024096
v 0.327064 -0.006246 0.024043
v 0.327064 -0.006281 0.023995
v 0.327064 -0.006320 0.023950
v 0.327064 -0.006364 0.023909
v 0.327064 -0.006412 0.023873
v 0.327064 -0.006464 0.023842
v 0.327064 -0.006517 0.023816
v 0.327064 -0.006574 0.023795
v 0.327064 -0.006691 0.023766
v 0.327064 -0.006850 0.023232
v 0.327064 -0.003574 0.025856
v 0.327064 -0.003421 0.025858
v 0.327064 -0.003269 0.025842
v 0.327064 -0.003193 0.025824
v 0.327064 -0.003121 0.025801
v 0.327064 -0.003051 0.025770
v 0.327064 -0.002984 0.025733
v 0.327064 -0.002922 0.025689
v 0.327064 -0.002864 0.025639
v 0.327064 -0.002812 0.025583
v 0.327064 -0.002766 0.025522
v 0.327064 -0.002727 0.025457
v 0.327064 -0.002693 0.025387
v 0.327064 -0.002646 0.025242
v 0.327064 -0.002621 0.025091
v 0.327064 -0.002613 0.024938
v 0.327064 -0.002613 0.023286
v 0.327064 -0.003206 0.023286
v 0.327064 -0.003206 0.024845
v 0.327064 -0.003211 0.024937
v 0.327064 -0.003225 0.025027
v 0.327064 -0.003253 0.025114
v 0.327064 -0.003273 0.025156
v 0.327064 -0.003297 0.025194
v 0.327064 -0.003326 0.025230
v 0.327064 -0.003359 0.025261
v 0.327064 -0.003396 0.025288
v 0.327064 -0.003436 0.025310
v 0.327064 -0.003477 0.025328
v 0.327064 -0.003522 0.025341
v 0.327064 -0.003612 0.025357
v 0.327064 0.007693 0.005748
v 0.327064 0.007692 0.008255
v 0.327064 0.007398 0.009479
v 0.327064 0.006915 0.010642
v 0.327064 0.006257 0.011715
v 0.327064 0.005438 0.012672
v 0.327064 0.004480 0.013489
v 0.327064 0.003406 0.014145
v 0.327064 0.002242 0.014625
v 0.327064 0.001017 0.014917
v 0.327064 -0.000238 0.015014
v 0.327064 -0.001557 0.014902
v 0.327064 -0.002840 0.014575
v 0.327064 -0.004051 0.014041
v 0.327064 -0.005157 0.013315
v 0.327064 -0.006129 0.012416
v 0.327064 -0.006940 0.011370
v 0.327064 -0.007568 0.010205
v 0.327064 -0.007995 0.008952
v 0.327064 -0.008211 0.007647
v 0.327064 -0.008208 0.006323
v 0.327064 -0.007988 0.005018
v 0.327064 -0.007556 0.003767
v 0.327064 -0.006924 0.002604
v 0.327064 -0.006109 0.001561
v 0.327064 -0.005133 0.000666
v 0.327064 -0.004024 -0.000055
v 0.327064 -0.002811 -0.000585
v 0.327064 -0.001527 -0.000907
v 0.327064 -0.000208 -0.001014
v 0.327064 0.001044 -0.000913
v 0.327064 0.002265 -0.000618
v 0.327064 0.003425 -0.000136
v 0.327064 0.004495 0.000522
v 0.327064 0.005449 0.001339
v 0.327064 0.006264 0.002295
v 0.327064 0.006920 0.003366
v 0.327064 0.007400 0.004526
v 0.327064 -0.008237 0.043000
v 0.327064 -0.008208 0.042323
v 0.327064 -0.008211 0.043647
v 0.327064 -0.007995 0.044952
v 0.324564 -0.008211 0.043647
v 0.324564 -0.008208 0.042323
v 0.324564 -0.007995 0.044952
v 0.324564 -0.007568 0.046205
v 0.327064 -0.007568 0.046205
v 0.324564 -0.006940 0.047370
v 0.327064 -0.006940 0.047370
v 0.324564 -0.006129 0.048416
v 0.327064 -0.006129 0.048416
v 0.324564 -0.005157 0.049315
v 0.324564 -0.004051 0.050041
v 0.327064 -0.005157 0.049315
v 0.327064 -0.004051 0.050041
v 0.327064 -0.002840 0.050575
v 0.327064 -0.001557 0.050902
v 0.324564 -0.002840 0.050575
v 0.324564 -0.001557 0.050902
v 0.324564 -0.000238 0.051014
v 0.324564 0.001017 0.050917
v 0.327064 -0.000238 0.051014
v 0.327064 0.001017 0.050917
v 0.327064 0.002242 0.050625
v 0.324564 0.002242 0.050625
v 0.327064 0.003406 0.050145
v 0.327064 0.004480 0.049489
v 0.324564 0.003406 0.050145
v 0.324564 0.004480 0.049489
v 0.324564 0.005438 0.048672
v 0.327064 0.005438 0.048672
v 0.324564 0.006257 0.047715
v 0.324564 0.006915 0.046642
v 0.327064 0.006257 0.047715
v 0.327064 0.006915 0.046642
v 0.327064 0.007398 0.045479
v 0.327064 0.007692 0.044255
v 0.324564 0.007398 0.045479
v 0.324564 0.007692 0.044255
v 0.324564 0.007791 0.043000
v 0.324564 0.007693 0.041748
v 0.327064 0.007791 0.043000
v 0.327064 0.007693 0.041748
v 0.327064 0.007400 0.040526
v 0.324564 0.007400 0.040526
v 0.327064 0.006920 0.039366
v 0.324564 0.006920 0.039366
v 0.327064 0.006264 0.038295
v 0.324564 0.006264 0.038295
v 0.327064 0.005449 0.037339
v 0.324564 0.005449 0.037339
v 0.327064 0.004495 0.036522
v 0.324564 0.004495 0.036522
v 0.327064 0.003425 0.035864
v 0.324564 0.003425 0.035864
v 0.327064 0.002265 0.035382
v 0.324564 0.002265 0.035382
v 0.327064 0.001044 0.035087
v 0.324564 0.001044 0.035087
v 0.327064 -0.000208 0.034986
v 0.324564 -0.000208 0.034986
v 0.327064 -0.001527 0.035093
v 0.324564 -0.001527 0.035093
v 0.327064 -0.002811 0.035415
v 0.324564 -0.002811 0.035415
v 0.327064 -0.004024 0.035945
v 0.324564 -0.004024 0.035945
v 0.327064 -0.005133 0.036666
v 0.324564 -0.005133 0.036666
v 0.327064 -0.006109 0.037561
v 0.327064 -0.006924 0.038604
v 0.324564 -0.006109 0.037561
v 0.324564 -0.006924 0.038604
v 0.324564 -0.007556 0.039767
v 0.324564 -0.007988 0.041018
v 0.327064 -0.007556 0.039767
v 0.327064 -0.007988 0.041018
v 0.326564 -0.004588 0.043000
v 0.326564 -0.004529 0.042284
v 0.326564 -0.004529 0.043716
v 0.326564 -0.004353 0.041588
v 0.326564 -0.004064 0.040930
v 0.326564 -0.003671 0.040328
v 0.326564 -0.003184 0.039800
v 0.326564 -0.002618 0.039358
v 0.326564 -0.001986 0.039016
v 0.326564 -0.001306 0.038783
v 0.326564 -0.000598 0.038665
v 0.326564 0.000121 0.038665
v 0.326564 0.000830 0.038783
v 0.326564 0.001509 0.039016
v 0.326564 0.002141 0.039358
v 0.326564 0.002708 0.039800
v 0.326564 0.003194 0.040328
v 0.326564 0.003587 0.040930
v 0.326564 0.003876 0.041588
v 0.326564 0.004052 0.042284
v 0.326564 0.004112 0.043000
v 0.326564 0.004052 0.043716
v 0.326564 0.003876 0.044412
v 0.326564 0.003587 0.045070
v 0.326564 0.003194 0.045672
v 0.326564 0.002708 0.046200
v 0.326564 0.002141 0.046642
v 0.326564 0.001509 0.046984
v 0.326564 0.000830 0.047217
v 0.326564 0.000121 0.047335
v 0.326564 -0.000598 0.047335
v 0.326564 -0.001306 0.047217
v 0.326564 -0.001986 0.046984
v 0.326564 -0.002618 0.046642
v 0.326564 -0.003184 0.046200
v 0.326564 -0.003671 0.045672
v 0.326564 -0.004064 0.045070
v 0.326564 -0.004353 0.044412
v 0.326564 -0.004988 0.043000
v 0.326564 -0.004924 0.043782
v 0.326564 -0.004924 0.042218
v 0.327056 -0.006170 0.043000
v 0.327056 -0.006089 0.042024
v 0.327061 -0.006182 0.043000
v 0.327056 -0.006089 0.043976
v 0.327056 -0.005848 0.044926
v 0.327061 -0.006101 0.043978
v 0.327061 -0.005860 0.044930
v 0.327063 -0.006114 0.043980
v 0.327063 -0.006195 0.043000
v 0.327064 -0.006127 0.043983
v 0.327063 -0.005872 0.044934
v 0.327064 -0.005885 0.044938
v 0.327063 -0.005477 0.045835
v 0.327061 -0.005466 0.045829
v 0.327064 -0.005489 0.045841
v 0.327063 -0.004939 0.046659
v 0.327064 -0.004949 0.046667
v 0.327061 -0.004929 0.046651
v 0.327063 -0.004273 0.047383
v 0.327064 -0.004282 0.047392
v 0.327063 -0.003496 0.047987
v 0.327061 -0.004264 0.047373
v 0.327056 -0.004256 0.047364
v 0.327061 -0.003489 0.047976
v 0.327056 -0.003483 0.047966
v 0.327061 -0.002626 0.048443
v 0.327056 -0.002621 0.048432
v 0.327061 -0.001697 0.048762
v 0.327063 -0.002631 0.048455
v 0.327064 -0.002636 0.048467
v 0.327063 -0.001701 0.048775
v 0.327063 -0.000730 0.048937
v 0.327064 -0.001704 0.048787
v 0.327064 -0.000731 0.048950
v 0.327064 0.000255 0.048950
v 0.327063 0.000254 0.048937
v 0.327064 0.001227 0.048787
v 0.327064 0.002160 0.048467
v 0.327063 0.001224 0.048775
v 0.327061 0.001221 0.048762
v 0.327063 0.002155 0.048455
v 0.327061 0.002149 0.048443
v 0.327063 0.003020 0.047987
v 0.327064 0.003027 0.047998
v 0.327063 0.003796 0.047383
v 0.327061 0.003013 0.047976
v 0.327061 0.003787 0.047373
v 0.327056 0.003006 0.047966
v 0.326564 0.002360 0.046977
v 0.327056 0.002144 0.048432
v 0.327056 0.003779 0.047364
v 0.327056 0.004443 0.046643
v 0.326564 0.002979 0.046495
v 0.326564 0.003510 0.045918
v 0.326564 0.001670 0.047350
v 0.326564 0.000928 0.047605
v 0.326564 0.000154 0.047734
v 0.327056 0.001218 0.048750
v 0.327056 0.000252 0.048911
v 0.327061 0.000253 0.048924
v 0.327056 -0.000728 0.048911
v 0.326564 -0.000631 0.047734
v 0.327056 -0.001694 0.048750
v 0.327061 -0.000729 0.048924
v 0.326564 -0.001404 0.047605
v 0.326564 -0.002146 0.047350
v 0.326564 -0.002836 0.046977
v 0.326564 -0.003455 0.046495
v 0.326564 -0.003987 0.045918
v 0.326564 -0.004416 0.045261
v 0.327056 -0.004919 0.046643
v 0.327056 -0.005455 0.045823
v 0.326564 -0.004731 0.044542
v 0.326564 0.003939 0.045261
v 0.326564 0.004254 0.044542
v 0.327056 0.004978 0.045823
v 0.327061 0.004989 0.045829
v 0.327056 0.005372 0.044926
v 0.327056 0.005612 0.043976
v 0.327061 0.005384 0.044930
v 0.327063 0.005396 0.044934
v 0.327061 0.005625 0.043978
v 0.327063 0.005637 0.043980
v 0.327061 0.005706 0.043000
v 0.327056 0.005693 0.043000
v 0.327061 0.005625 0.042022
v 0.327063 0.005719 0.043000
v 0.327064 0.005732 0.043000
v 0.327063 0.005637 0.042020
v 0.327063 0.005396 0.041066
v 0.327064 0.005650 0.042017
v 0.327064 0.005408 0.041062
v 0.327064 0.005012 0.040159
v 0.327064 0.004473 0.039333
v 0.327063 0.005001 0.040165
v 0.327061 0.004989 0.040171
v 0.327063 0.004463 0.039341
v 0.327061 0.004452 0.039349
v 0.327063 0.003796 0.038617
v 0.327064 0.003805 0.038608
v 0.327061 0.003787 0.038627
v 0.327063 0.003020 0.038013
v 0.327064 0.003027 0.038002
v 0.327063 0.002155 0.037545
v 0.327061 0.003013 0.038024
v 0.327061 0.002149 0.037557
v 0.327056 0.003006 0.038034
v 0.327056 0.003779 0.038636
v 0.327056 0.002144 0.037568
v 0.326564 0.002360 0.039023
v 0.326564 0.001670 0.038650
v 0.326564 0.002979 0.039505
v 0.326564 0.003510 0.040082
v 0.326564 0.003939 0.040739
v 0.327056 0.004443 0.039357
v 0.327056 0.004978 0.040177
v 0.327056 0.005372 0.041074
v 0.327061 0.005384 0.041070
v 0.327056 0.005612 0.042024
v 0.326564 0.004254 0.041458
v 0.326564 0.004447 0.042218
v 0.326564 0.004512 0.043000
v 0.326564 0.004447 0.043782
v 0.326564 0.000928 0.038395
v 0.327056 0.001218 0.037250
v 0.326564 0.000154 0.038266
v 0.327056 0.000252 0.037089
v 0.326564 -0.000631 0.038266
v 0.327056 -0.000728 0.037089
v 0.326564 -0.001404 0.038395
v 0.326564 -0.002146 0.038650
v 0.326564 -0.002836 0.039023
v 0.327056 -0.002621 0.037568
v 0.327061 -0.002626 0.037557
v 0.327056 -0.001694 0.037250
v 0.327056 -0.003483 0.038034
v 0.327056 -0.004256 0.038636
v 0.327061 -0.003489 0.038024
v 0.327061 -0.004264 0.038627
v 0.327063 -0.003496 0.038013
v 0.327063 -0.004273 0.038617
v 0.327063 -0.002631 0.037545
v 0.327064 -0.003504 0.038002
v 0.327064 -0.002636 0.037533
v 0.327064 -0.004282 0.038608
v 0.327064 -0.004949 0.039333
v 0.327064 -0.005489 0.040159
v 0.327063 -0.004939 0.039341
v 0.327061 -0.004929 0.039349
v 0.327063 -0.005477 0.040165
v 0.327061 -0.005466 0.040171
v 0.327063 -0.005872 0.041066
v 0.327061 -0.005860 0.041070
v 0.327063 -0.006114 0.042020
v 0.327064 -0.005885 0.041062
v 0.327064 -0.006127 0.042017
v 0.327064 -0.006208 0.043000
v 0.327064 -0.007138 0.043000
v 0.327064 -0.007044 0.044136
v 0.327064 -0.007044 0.041864
v 0.327063 -0.007154 0.043000
v 0.327063 -0.007060 0.041862
v 0.327059 -0.007169 0.043000
v 0.327063 -0.007060 0.044138
v 0.327059 -0.007075 0.044141
v 0.327063 -0.006779 0.045245
v 0.327063 -0.006320 0.046291
v 0.327064 -0.006764 0.045240
v 0.327059 -0.006794 0.045250
v 0.327059 -0.006334 0.046299
v 0.327053 -0.006807 0.045255
v 0.327053 -0.007089 0.044143
v 0.327045 -0.006820 0.045260
v 0.327053 -0.006347 0.046306
v 0.327045 -0.006358 0.046312
v 0.327053 -0.005719 0.047266
v 0.327059 -0.005708 0.047257
v 0.327045 -0.005730 0.047274
v 0.327053 -0.004942 0.048110
v 0.327053 -0.004037 0.048814
v 0.327045 -0.004951 0.048120
v 0.327059 -0.004932 0.048099
v 0.327059 -0.004029 0.048802
v 0.327063 -0.004922 0.048088
v 0.327064 -0.004912 0.048076
v 0.327063 -0.005696 0.047248
v 0.327063 -0.004021 0.048790
v 0.327063 -0.003016 0.049333
v 0.327064 -0.004012 0.048776
v 0.327064 -0.003010 0.049319
v 0.327064 -0.001932 0.049689
v 0.327064 -0.000808 0.049876
v 0.327063 -0.001936 0.049704
v 0.327059 -0.001940 0.049719
v 0.327063 -0.000809 0.049892
v 0.327063 0.000333 0.049892
v 0.327059 -0.000811 0.049907
v 0.327053 -0.000812 0.049922
v 0.327059 0.000334 0.049907
v 0.327053 0.000335 0.049922
v 0.327059 0.001463 0.049719
v 0.327059 0.002546 0.049347
v 0.327063 0.001459 0.049704
v 0.327053 0.001467 0.049733
v 0.327045 0.001470 0.049746
v 0.327053 0.002552 0.049360
v 0.327045 0.002557 0.049373
v 0.327053 0.003560 0.048814
v 0.327053 0.004466 0.048110
v 0.327045 0.003568 0.048826
v 0.327059 0.003553 0.048802
v 0.327059 0.004456 0.048099
v 0.327063 0.003544 0.048790
v 0.327063 0.004446 0.048088
v 0.327063 0.002540 0.049333
v 0.327064 0.003536 0.048776
v 0.327064 0.004435 0.048076
v 0.327064 0.002533 0.049319
v 0.327064 0.001456 0.049689
v 0.327064 0.000332 0.049876
v 0.327064 0.005207 0.047238
v 0.327064 0.005830 0.046284
v 0.327063 0.005219 0.047248
v 0.327063 0.005844 0.046291
v 0.327059 0.005231 0.047257
v 0.327059 0.005857 0.046299
v 0.327053 0.005243 0.047266
v 0.327045 0.005253 0.047274
v 0.327053 0.005870 0.046306
v 0.327045 0.005882 0.046312
v 0.327053 0.006331 0.045255
v 0.327053 0.006612 0.044143
v 0.327045 0.006343 0.045260
v 0.327059 0.006317 0.045250
v 0.327059 0.006598 0.044141
v 0.327063 0.006303 0.045245
v 0.327063 0.006583 0.044138
v 0.327064 0.006288 0.045240
v 0.327064 0.006568 0.044136
v 0.327064 0.006662 0.043000
v 0.327064 0.006568 0.041864
v 0.327063 0.006677 0.043000
v 0.327059 0.006693 0.043000
v 0.327063 0.006583 0.041862
v 0.327063 0.006303 0.040755
v 0.327059 0.006598 0.041859
v 0.327053 0.006612 0.041857
v 0.327059 0.006317 0.040750
v 0.327059 0.005857 0.039701
v 0.327053 0.006331 0.040745
v 0.327053 0.005870 0.039694
v 0.327045 0.006343 0.040740
v 0.327045 0.006626 0.041855
v 0.327045 0.005882 0.039688
v 0.327035 0.006355 0.040737
v 0.327035 0.005892 0.039682
v 0.327023 0.006364 0.040733
v 0.327035 0.006637 0.041853
v 0.327023 0.006647 0.041851
v 0.327035 0.006732 0.043000
v 0.327045 0.006720 0.043000
v 0.327035 0.006637 0.044147
v 0.327023 0.006743 0.043000
v 0.327023 0.006647 0.044149
v 0.327010 0.006751 0.043000
v 0.327010 0.006655 0.044150
v 0.326995 0.006757 0.043000
v 0.327010 0.006655 0.041850
v 0.326995 0.006661 0.041849
v 0.327010 0.006372 0.040731
v 0.327010 0.005908 0.039674
v 0.326995 0.006378 0.040729
v 0.326980 0.006381 0.040728
v 0.326995 0.005914 0.039671
v 0.326980 0.005917 0.039669
v 0.326995 0.005282 0.038704
v 0.326980 0.005285 0.038701
v 0.327010 0.005277 0.038707
v 0.326995 0.004499 0.037854
v 0.326995 0.003588 0.037144
v 0.326980 0.004502 0.037851
v 0.327010 0.004495 0.037858
v 0.327010 0.003584 0.037149
v 0.327023 0.004490 0.037864
v 0.327023 0.003580 0.037156
v 0.327023 0.005271 0.038712
v 0.327035 0.004483 0.037871
v 0.327035 0.003574 0.037164
v 0.327035 0.005263 0.038719
v 0.327045 0.004475 0.037880
v 0.327045 0.003568 0.037174
v 0.327045 0.005253 0.038726
v 0.327053 0.004466 0.037890
v 0.327053 0.003560 0.037186
v 0.327059 0.004456 0.037901
v 0.327053 0.005243 0.038734
v 0.327059 0.005231 0.038743
v 0.327063 0.005219 0.038752
v 0.327063 0.005844 0.039709
v 0.327063 0.004446 0.037912
v 0.327064 0.005207 0.038762
v 0.327064 0.004435 0.037924
v 0.327064 0.005830 0.039716
v 0.327064 0.006288 0.040760
v 0.327064 0.003536 0.037224
v 0.327063 0.003544 0.037210
v 0.327064 0.002533 0.036681
v 0.327064 0.001456 0.036311
v 0.327063 0.002540 0.036667
v 0.327059 0.002546 0.036653
v 0.327063 0.001459 0.036296
v 0.327063 0.000333 0.036108
v 0.327059 0.001463 0.036281
v 0.327059 0.000334 0.036093
v 0.327053 0.001467 0.036267
v 0.327053 0.000335 0.036078
v 0.327045 0.001470 0.036254
v 0.327053 0.002552 0.036640
v 0.327045 0.002557 0.036627
v 0.327035 0.002562 0.036616
v 0.327023 0.002566 0.036607
v 0.327035 0.001473 0.036243
v 0.327035 0.000337 0.036053
v 0.327023 0.001475 0.036233
v 0.327023 0.000338 0.036043
v 0.327010 0.001477 0.036225
v 0.327010 0.000339 0.036035
v 0.326995 0.001479 0.036219
v 0.327010 0.002569 0.036600
v 0.326995 0.002572 0.036594
v 0.326980 0.002573 0.036591
v 0.326980 0.003590 0.037141
v 0.326980 0.001480 0.036215
v 0.326964 0.002574 0.036590
v 0.322564 0.002574 0.036590
v 0.326964 0.003590 0.037140
v 0.326964 0.001480 0.036214
v 0.322564 0.001480 0.036214
v 0.326964 0.000340 0.036024
v 0.322564 0.000340 0.036024
v 0.326980 0.000340 0.036025
v 0.326964 -0.000816 0.036024
v 0.322564 -0.000816 0.036024
v 0.326964 -0.001957 0.036214
v 0.326980 -0.000816 0.036025
v 0.326995 -0.000816 0.036029
v 0.326980 -0.001956 0.036215
v 0.326995 -0.001955 0.036219
v 0.326980 -0.003050 0.036591
v 0.326995 -0.003048 0.036594
v 0.326980 -0.004066 0.037141
v 0.326964 -0.003050 0.036590
v 0.322564 -0.003050 0.036590
v 0.326964 -0.004067 0.037140
v 0.322564 -0.004067 0.037140
v 0.326964 -0.004979 0.037850
v 0.322564 -0.004979 0.037850
v 0.326964 -0.005762 0.038701
v 0.326980 -0.004978 0.037851
v 0.326995 -0.004976 0.037854
v 0.326980 -0.005761 0.038701
v 0.326995 -0.005758 0.038704
v 0.326980 -0.006394 0.039669
v 0.326995 -0.006390 0.039671
v 0.326980 -0.006858 0.040728
v 0.326964 -0.006395 0.039668
v 0.326964 -0.006859 0.040727
v 0.322564 -0.006395 0.039668
v 0.322564 -0.005762 0.038701
v 0.322564 -0.006859 0.040727
v 0.322564 -0.007143 0.041848
v 0.322564 -0.007238 0.043000
v 0.326964 -0.007143 0.041848
v 0.326964 -0.007238 0.043000
v 0.326980 -0.007142 0.041848
v 0.326995 -0.007138 0.041849
v 0.326980 -0.007237 0.043000
v 0.326995 -0.007233 0.043000
v 0.326980 -0.007142 0.044152
v 0.326964 -0.007143 0.044152
v 0.326980 -0.006858 0.045272
v 0.326995 -0.007138 0.044151
v 0.326995 -0.006854 0.045271
v 0.327010 -0.007132 0.044150
v 0.327010 -0.006849 0.045269
v 0.327023 -0.007124 0.044149
v 0.327010 -0.007227 0.043000
v 0.327023 -0.007219 0.043000
v 0.327010 -0.007132 0.041850
v 0.327010 -0.006849 0.040731
v 0.327023 -0.007124 0.041851
v 0.327035 -0.007114 0.041853
v 0.327023 -0.006841 0.040733
v 0.327023 -0.006378 0.039677
v 0.327035 -0.006831 0.040737
v 0.327035 -0.006369 0.039682
v 0.327045 -0.006820 0.040740
v 0.327045 -0.007102 0.041855
v 0.327045 -0.006358 0.039688
v 0.327053 -0.006807 0.040745
v 0.327053 -0.007089 0.041857
v 0.327059 -0.006794 0.040750
v 0.327053 -0.006347 0.039694
v 0.327053 -0.005719 0.038734
v 0.327059 -0.006334 0.039701
v 0.327063 -0.006320 0.039709
v 0.327059 -0.005708 0.038743
v 0.327063 -0.005696 0.038752
v 0.327059 -0.004932 0.037901
v 0.327053 -0.004942 0.037890
v 0.327063 -0.004922 0.037912
v 0.327059 -0.004029 0.037198
v 0.327053 -0.004037 0.037186
v 0.327063 -0.004021 0.037210
v 0.327059 -0.003022 0.036653
v 0.327053 -0.003028 0.036640
v 0.327059 -0.001940 0.036281
v 0.327063 -0.003016 0.036667
v 0.327064 -0.003010 0.036681
v 0.327063 -0.001936 0.036296
v 0.327064 -0.001932 0.036311
v 0.327063 -0.000809 0.036108
v 0.327064 -0.000808 0.036124
v 0.327059 -0.000811 0.036093
v 0.327053 -0.000812 0.036078
v 0.327053 -0.001943 0.036267
v 0.327045 -0.000813 0.036065
v 0.327045 -0.001947 0.036254
v 0.327035 -0.000814 0.036053
v 0.327045 0.000336 0.036065
v 0.327035 -0.001950 0.036243
v 0.327023 -0.000815 0.036043
v 0.327023 -0.001952 0.036233
v 0.327010 -0.000815 0.036035
v 0.327010 -0.001954 0.036225
v 0.327010 -0.003046 0.036600
v 0.327010 -0.004061 0.037149
v 0.327023 -0.003042 0.036607
v 0.327023 -0.004056 0.037156
v 0.327035 -0.003038 0.036616
v 0.327035 -0.004051 0.037164
v 0.327045 -0.003034 0.036627
v 0.327045 -0.004044 0.037174
v 0.327045 -0.004951 0.037880
v 0.327045 -0.005730 0.038726
v 0.327035 -0.004959 0.037871
v 0.327035 -0.005739 0.038719
v 0.327023 -0.004966 0.037864
v 0.327023 -0.005747 0.038712
v 0.327010 -0.004972 0.037858
v 0.327010 -0.005754 0.038707
v 0.327010 -0.006385 0.039674
v 0.326995 -0.004064 0.037144
v 0.327064 0.000332 0.036124
v 0.327064 -0.004012 0.037224
v 0.327064 -0.004912 0.037924
v 0.327064 -0.005683 0.038762
v 0.327064 -0.006307 0.039716
v 0.327064 -0.006764 0.040760
v 0.327063 -0.006779 0.040755
v 0.327059 -0.007075 0.041859
v 0.327053 -0.007184 0.043000
v 0.327045 -0.007197 0.043000
v 0.327045 -0.007102 0.044145
v 0.327035 -0.007209 0.043000
v 0.327035 -0.007114 0.044147
v 0.327035 -0.006831 0.045263
v 0.327035 -0.006369 0.046318
v 0.327023 -0.006841 0.045267
v 0.327023 -0.006378 0.046323
v 0.327010 -0.006385 0.046326
v 0.327023 -0.005747 0.047288
v 0.327023 -0.004966 0.048136
v 0.327010 -0.005754 0.047293
v 0.327035 -0.005739 0.047281
v 0.327035 -0.004959 0.048129
v 0.327035 -0.004051 0.048836
v 0.327035 -0.003038 0.049384
v 0.327023 -0.004056 0.048844
v 0.327045 -0.004044 0.048826
v 0.327045 -0.003034 0.049373
v 0.327045 -0.001947 0.049746
v 0.327053 -0.003028 0.049360
v 0.327053 -0.001943 0.049733
v 0.327059 -0.003022 0.049347
v 0.327045 -0.000813 0.049935
v 0.327035 -0.001950 0.049757
v 0.327035 -0.000814 0.049947
v 0.327023 -0.001952 0.049767
v 0.327023 -0.000815 0.049957
v 0.327010 -0.001954 0.049775
v 0.327023 -0.003042 0.049393
v 0.327010 -0.003046 0.049400
v 0.326995 -0.003048 0.049406
v 0.327010 -0.004061 0.048851
v 0.327010 -0.004972 0.048142
v 0.326995 -0.004064 0.048856
v 0.326980 -0.004066 0.048859
v 0.326995 -0.004976 0.048146
v 0.326980 -0.004978 0.048149
v 0.326995 -0.005758 0.047296
v 0.326980 -0.005761 0.047299
v 0.326995 -0.006390 0.046329
v 0.326980 -0.006394 0.046331
v 0.326964 -0.006395 0.046332
v 0.326964 -0.006859 0.045273
v 0.322564 -0.006395 0.046332
v 0.326964 -0.005762 0.047299
v 0.322564 -0.005762 0.047299
v 0.326964 -0.004979 0.048150
v 0.326964 -0.004067 0.048860
v 0.322564 -0.004979 0.048150
v 0.322564 -0.004067 0.048860
v 0.322564 -0.003050 0.049410
v 0.326964 -0.003050 0.049410
v 0.322564 -0.001957 0.049786
v 0.322564 -0.000816 0.049976
v 0.326964 -0.001957 0.049786
v 0.326964 -0.000816 0.049976
v 0.326980 -0.001956 0.049785
v 0.326980 -0.000816 0.049975
v 0.326980 -0.003050 0.049409
v 0.326995 -0.001955 0.049781
v 0.326995 -0.000816 0.049971
v 0.327010 -0.000815 0.049965
v 0.326995 0.000339 0.049971
v 0.326980 0.000340 0.049975
v 0.326995 0.001479 0.049781
v 0.327010 0.000339 0.049965
v 0.327023 0.000338 0.049957
v 0.327010 0.001477 0.049775
v 0.327023 0.001475 0.049767
v 0.327010 0.002569 0.049400
v 0.326995 0.002572 0.049406
v 0.327023 0.002566 0.049393
v 0.327010 0.003584 0.048851
v 0.327010 0.004495 0.048142
v 0.326995 0.003588 0.048856
v 0.327023 0.003580 0.048844
v 0.327023 0.004490 0.048136
v 0.327035 0.003574 0.048836
v 0.327035 0.004483 0.048129
v 0.327035 0.002562 0.049384
v 0.327035 0.001473 0.049757
v 0.327035 0.000337 0.049947
v 0.327045 0.000336 0.049935
v 0.327035 0.005263 0.047281
v 0.327045 0.004475 0.048120
v 0.327023 0.005271 0.047288
v 0.327035 0.005892 0.046318
v 0.327023 0.005901 0.046323
v 0.327035 0.006355 0.045263
v 0.327023 0.006364 0.045267
v 0.327010 0.006372 0.045269
v 0.326995 0.006378 0.045271
v 0.327010 0.005908 0.046326
v 0.326995 0.005914 0.046329
v 0.327010 0.005277 0.047293
v 0.326995 0.005282 0.047296
v 0.326980 0.005285 0.047299
v 0.326995 0.004499 0.048146
v 0.326980 0.004502 0.048149
v 0.326964 0.004503 0.048150
v 0.326980 0.003590 0.048859
v 0.326964 0.003590 0.048860
v 0.326980 0.002573 0.049409
v 0.326964 0.002574 0.049410
v 0.326980 0.001480 0.049785
v 0.326964 0.001480 0.049786
v 0.322564 0.001480 0.049786
v 0.326964 0.000340 0.049976
v 0.322564 0.000340 0.049976
v 0.322564 0.002574 0.049410
v 0.322564 0.003590 0.048860
v 0.322564 0.004503 0.048150
v 0.322564 0.005286 0.047299
v 0.326964 0.005286 0.047299
v 0.322564 0.005918 0.046332
v 0.322564 0.006382 0.045273
v 0.326964 0.005918 0.046332
v 0.326964 0.006382 0.045273
v 0.326980 0.005917 0.046331
v 0.326980 0.006381 0.045272
v 0.326980 0.006665 0.044152
v 0.326964 0.006666 0.044152
v 0.326995 0.006661 0.044151
v 0.326980 0.006760 0.043000
v 0.326964 0.006762 0.043000
v 0.326980 0.006665 0.041848
v 0.326964 0.006666 0.041848
v 0.322564 0.006666 0.041848
v 0.326964 0.006382 0.040727
v 0.326964 0.005918 0.039668
v 0.322564 0.006382 0.040727
v 0.322564 0.005918 0.039668
v 0.322564 0.005286 0.038701
v 0.326964 0.005286 0.038701
v 0.322564 0.004503 0.037850
v 0.322564 0.003590 0.037140
v 0.326964 0.004503 0.037850
v 0.322564 0.006762 0.043000
v 0.322564 0.006666 0.044152
v 0.322564 -0.006859 0.045273
v 0.322564 -0.007143 0.044152
v 0.326995 -0.006854 0.040729
v 0.322564 -0.001957 0.036214
v 0.326995 0.000339 0.036029
v 0.327059 0.003553 0.037198
v 0.327023 0.005901 0.039677
v 0.327045 0.006626 0.044145
v 0.327053 0.006707 0.043000
v 0.327064 -0.005683 0.047238
v 0.327064 -0.006307 0.046284
v 0.327061 -0.006101 0.042022
v 0.327056 -0.005848 0.041074
v 0.326564 -0.004731 0.041458
v 0.327056 -0.005455 0.040177
v 0.327056 -0.004919 0.039357
v 0.326564 -0.004416 0.040739
v 0.326564 -0.003987 0.040082
v 0.326564 -0.003455 0.039505
v 0.327064 -0.001704 0.037213
v 0.327064 -0.000731 0.037050
v 0.327063 -0.001701 0.037225
v 0.327061 -0.001697 0.037238
v 0.327063 -0.000730 0.037063
v 0.327063 0.000254 0.037063
v 0.327061 -0.000729 0.037076
v 0.327061 0.000253 0.037076
v 0.327061 0.001221 0.037238
v 0.327063 0.001224 0.037225
v 0.327064 0.001227 0.037213
v 0.327064 0.002160 0.037533
v 0.327064 0.000255 0.037050
v 0.327064 0.005650 0.043983
v 0.327064 0.005408 0.044938
v 0.327064 0.005012 0.045841
v 0.327063 0.005001 0.045835
v 0.327064 0.004473 0.046667
v 0.327064 0.003805 0.047392
v 0.327063 0.004463 0.046659
v 0.327061 0.004452 0.046651
v 0.327064 -0.003504 0.047998
vn 1.0000 0.0000 0.0000
vn 1.0000 0.0000 -0.0001
vn 1.0000 -0.0000 0.0000
vn 1.0000 -0.0000 0.0000
vn 1.0000 -0.0000 0.0000
vn 1.0000 -0.0000 0.0000
vn 1.0000 -0.0000 0.0000
vn 1.0000 -0.0000 0.0000
vn 1.0000 0.0000 -0.0000
vn 1.0000 0.0000 -0.0000
vn 1.0000 0.0000 -0.0000
vn 1.0000 0.0000 -0.0000
vn 1.0000 0.0000 -0.0000
vn 1.0000 -0.0000 0.0000
vn 1.0000 -0.0000 0.0000
vn 1.0000 0.0000 -0.0000
vn 1.0000 -0.0000 0.0000
vn 1.0000 -0.0000 0.0000
vn 1.0000 0.0000 -0.0000
vn 1.0000 -0.0000 0.0001
vn 1.0000 0.0000 -0.0001
vn 1.0000 -0.0000 0.0000
vn 1.0000 -0.0000 0.0002
vn 1.0000 0.0000 -0.0000
vn 1.0000 -0.0000 0.0001
vn 1.0000 -0.0000 0.0000
vn 1.0000 0.0000 -0.0001
vn 1.0000 0.0000 -0.0002
vn 1.0000 0.0000 -0.0000
vn 1.0000 0.0000 -0.0000
vn 1.0000 -0.0000 0.0001
vn 1.0000 0.0000 -0.0000
vn 1.0000 -0.0000 0.0000
vn 1.0000 -0.0000 0.0000
vn 1.0000 0.0000 -0.0001
vn 1.0000 0.0000 -0.0000
vn 1.0000 -0.0000 0.0002
vn 1.0000 -0.0000 0.0000
vn 1.0000 -0.0000 0.0000
vn 1.0000 -0.0000 0.0000
vn 1.0000 0.0000 -0.0000
vn 1.0000 -0.0000 0.0002
vn 1.0000 -0.0000 0.0002
vn 1.0000 0.0005 0.0000
vn 1.0000 0.0004 0.0000
vn 1.0000 -0.0000 0.0000
vn 1.0000 0.0000 -0.0000
vn 1.0000 0.0002 0.0002
vn 1.0000 0.0003 -0.0000
vn 1.0000 -0.0000 0.0000
vn 1.0000 0.0000 -0.0002
vn 1.0000 0.0000 -0.0000
vn 1.0000 0.0000 -0.0000
vn 1.0000 0.0000 -0.0000
vn 1.0000 -0.0000 0.0000
vn 1.0000 0.0000 -0.0000
vn 1.0000 -0.0000 0.0000
vn 0.9230 0.3795 -0.0634
vn 0.9231 0.3844 0.0000
vn 0.9231 0.3793 -0.0632
vn 0.9230 0.3796 0.0634
vn 0.9231 0.3793 0.0632
vn 0.9231 0.3847 0.0000
vn 0.9660 0.2550 0.0430
vn 0.9656 0.2566 -0.0430
vn 0.9649 0.2625 -0.0000
vn 0.9653 0.2470 -0.0847
vn 0.9231 0.3637 -0.1249
vn 0.9915 0.1233 -0.0424
vn 0.9915 0.1283 -0.0215
vn 0.9911 0.1333 -0.0000
vn 1.0000 -0.0001 -0.0000
vn 1.0000 -0.0009 0.0002
vn 1.0000 -0.0006 0.0004
vn 0.9916 0.1136 -0.0621
vn 1.0000 -0.0005 0.0005
vn 0.9653 0.2061 -0.1604
vn 0.9656 0.2284 -0.1243
vn 0.9914 0.1035 -0.0801
vn 1.0000 -0.0006 0.0007
vn 1.0000 -0.0008 0.0008
vn 0.9915 0.0882 -0.0961
vn 0.9652 0.1772 -0.1921
vn 0.9914 0.0719 -0.1092
vn 1.0000 -0.0005 0.0009
vn 0.9653 0.1433 -0.2185
vn 0.9230 0.3037 -0.2365
vn 0.9229 0.2107 -0.3223
vn 0.9227 0.2615 -0.2832
vn 0.9229 0.1546 -0.3526
vn 0.9654 0.1039 -0.2391
vn 0.9229 0.0948 -0.3732
vn 0.9653 0.0646 -0.2530
vn 0.9915 0.0518 -0.1194
vn 1.0000 -0.0005 0.0011
vn 1.0000 -0.0004 0.0011
vn 0.9914 0.0322 -0.1265
vn 1.0000 0.0000 0.0011
vn 0.9914 0.0108 -0.1301
vn 1.0000 -0.0000 0.0011
vn 1.0000 0.0004 0.0011
vn 1.0000 -0.0000 -0.0003
vn 0.9914 -0.0108 -0.1301
vn 0.9915 -0.0317 -0.1265
vn 0.9915 -0.0520 -0.1195
vn 1.0000 0.0005 0.0011
vn 0.9654 -0.1048 -0.2390
vn 0.9653 -0.0641 -0.2531
vn 0.9654 -0.0213 -0.2601
vn 0.9914 -0.0720 -0.1093
vn 1.0000 0.0005 0.0010
vn 0.9915 -0.0881 -0.0960
vn 1.0000 0.0008 0.0008
vn 0.9652 -0.1433 -0.2186
vn 0.9229 -0.1546 -0.3526
vn 0.9229 -0.2107 -0.3223
vn 0.9654 -0.1766 -0.1921
vn 0.9231 -0.2605 -0.2829
vn 0.9231 -0.2102 -0.3219
vn 0.9231 -0.1544 -0.3521
vn 0.9229 -0.2608 -0.2832
vn 0.9651 -0.2068 -0.1604
vn 0.9232 -0.3034 -0.2361
vn 0.9231 -0.0944 -0.3727
vn 0.9229 -0.0948 -0.3733
vn 0.9231 -0.0317 -0.3832
vn 0.9229 -0.0316 -0.3837
vn 0.9229 0.0316 -0.3837
vn 0.9231 0.0317 -0.3832
vn 0.9653 0.0213 -0.2601
vn 0.9230 0.0943 -0.3730
vn 0.9230 0.1546 -0.3523
vn 0.9232 0.2102 -0.3218
vn 0.9232 0.2603 -0.2828
vn 0.9231 0.3034 -0.2363
vn 0.9227 0.3391 -0.1832
vn 0.9231 0.3382 -0.1829
vn 0.9225 0.3651 -0.1250
vn 0.9232 -0.3636 -0.1248
vn 0.9227 -0.3391 -0.1833
vn 0.9232 -0.3382 -0.1828
vn 0.9227 -0.3046 -0.2364
vn 0.9225 -0.3652 -0.1250
vn 0.9657 -0.2281 -0.1242
vn 0.9230 -0.3796 -0.0634
vn 0.9653 -0.2470 -0.0847
vn 0.9916 -0.1136 -0.0622
vn 0.9653 -0.2575 -0.0430
vn 0.9915 -0.1233 -0.0424
vn 0.9230 -0.3847 0.0000
vn 0.9912 -0.1323 -0.0000
vn 0.9652 -0.2615 -0.0000
vn 0.9656 -0.2565 0.0430
vn 0.9915 -0.1282 0.0215
vn 1.0000 0.0001 -0.0000
vn 0.9914 -0.1293 -0.0215
vn 1.0000 0.0009 -0.0002
vn 0.9916 -0.1224 0.0424
vn 1.0000 0.0006 -0.0004
vn 1.0000 -0.0000 -0.0011
vn 1.0000 -0.0004 -0.0011
vn 1.0000 0.0000 0.0003
vn 0.9915 -0.1143 0.0621
vn 1.0000 0.0005 -0.0005
vn 0.9914 -0.1035 0.0801
vn 1.0000 0.0006 -0.0007
vn 0.9655 -0.2289 0.1243
vn 0.9655 -0.2462 0.0848
vn 0.9652 -0.2068 0.1603
vn 0.9655 -0.1760 0.1921
vn 0.9915 -0.0881 0.0960
vn 1.0000 0.0008 -0.0008
vn 1.0000 0.0006 -0.0009
vn 0.9914 -0.0716 0.1092
vn 0.9652 -0.1438 0.2185
vn 1.0000 0.0005 -0.0010
vn 0.9915 -0.0522 0.1194
vn 0.9229 -0.1546 0.3526
vn 0.9227 -0.2115 0.3223
vn 0.9231 -0.2602 0.2833
vn 0.9231 -0.2103 0.3219
vn 0.9231 -0.2605 0.2828
vn 0.9232 -0.3034 0.2361
vn 0.9227 -0.3046 0.2364
vn 0.9232 -0.3382 0.1828
vn 0.9227 -0.3391 0.1833
vn 0.9225 -0.3652 0.1250
vn 0.9232 -0.3636 0.1248
vn 0.9230 -0.3796 0.0634
vn 0.9231 -0.3793 0.0635
vn 0.9231 -0.3793 -0.0635
vn 0.9231 -0.0317 0.3832
vn 0.9229 -0.0948 0.3733
vn 0.9231 -0.0944 0.3727
vn 0.9231 -0.1544 0.3521
vn 0.9231 0.0317 0.3832
vn 0.9229 -0.0316 0.3837
vn 0.9229 0.0948 0.3733
vn 0.9229 0.0316 0.3838
vn 0.9230 0.2105 0.3221
vn 0.9229 0.1546 0.3526
vn 0.9232 0.1543 0.3521
vn 0.9230 0.0943 0.3730
vn 0.9654 0.1039 0.2391
vn 0.9653 0.0647 0.2531
vn 0.9654 0.1424 0.2186
vn 0.9228 0.2111 0.3223
vn 0.9651 0.1777 0.1921
vn 0.9229 0.2608 0.2832
vn 0.9915 0.0707 0.1092
vn 0.9915 0.0516 0.1196
vn 1.0000 -0.0006 -0.0009
vn 0.9914 0.0894 0.0960
vn 1.0000 -0.0006 -0.0008
vn 1.0000 -0.0005 -0.0010
vn 0.9914 0.1035 0.0801
vn 1.0000 -0.0006 -0.0007
vn 1.0000 -0.0005 -0.0005
vn 0.9915 0.1143 0.0621
vn 0.9651 0.2069 0.1603
vn 0.9655 0.2290 0.1239
vn 0.9915 0.1234 0.0424
vn 1.0000 -0.0006 -0.0004
vn 0.9653 0.2472 0.0847
vn 0.9917 0.1269 0.0215
vn 1.0000 -0.0008 -0.0002
vn 1.0000 0.0001 -0.0000
vn 0.9878 -0.1533 0.0257
vn 0.9876 -0.1568 0.0001
vn 0.9874 -0.1562 -0.0257
vn 1.0000 0.0001 -0.0000
vn 0.9508 -0.3097 -0.0000
vn 0.9517 -0.3029 0.0508
vn 0.9874 -0.1498 0.0507
vn 0.9507 -0.2934 0.1002
vn 1.0000 0.0001 0.0000
vn 1.0000 -0.0000 -0.0001
vn 0.9878 -0.1366 0.0744
vn 0.9514 -0.2706 0.1470
vn 0.8913 -0.4288 0.1476
vn 0.8909 -0.3994 0.2163
vn 0.8911 -0.4477 0.0747
vn 0.8084 -0.5806 0.0968
vn 0.8091 -0.5558 0.1912
vn 0.8086 -0.5175 0.2800
vn 0.8083 -0.4650 0.3611
vn 0.8905 -0.3595 0.2789
vn 0.9513 -0.2432 0.1896
vn 0.8913 -0.3063 0.3343
vn 0.9514 -0.2081 0.2272
vn 0.8085 -0.3988 0.4328
vn 0.9510 -0.1695 0.2584
vn 0.8907 -0.2489 0.3804
vn 0.8086 -0.3218 0.4926
vn 0.9877 -0.0860 0.1308
vn 0.9878 -0.1055 0.1149
vn 1.0000 -0.0003 -0.0002
vn 1.0000 0.0009 -0.0002
vn 1.0000 0.0001 -0.0002
vn 0.9878 -0.1226 0.0960
vn 0.9877 -0.0633 0.1431
vn 0.9512 -0.1242 0.2826
vn 1.0000 -0.0002 -0.0003
vn 1.0000 0.0001 -0.0003
vn 1.0000 0.0000 -0.0003
vn 0.9877 -0.0382 0.1514
vn 0.9511 -0.0758 0.2993
vn 0.9877 -0.0131 0.1557
vn 0.9511 -0.0255 0.3077
vn 0.9877 0.0129 0.1557
vn 0.9512 0.0253 0.3076
vn 0.8909 -0.0374 0.4527
vn 0.8908 0.0375 0.4528
vn 0.9877 0.0386 0.1514
vn 0.9511 0.0762 0.2993
vn 0.8908 0.1116 0.4405
vn 0.8909 0.1825 0.4160
vn 0.9512 0.1239 0.2827
vn 0.9877 0.0629 0.1431
vn 0.8086 0.1446 0.5703
vn 0.8086 0.2364 0.5388
vn 0.8911 0.2478 0.3803
vn 0.8086 0.3218 0.4925
vn 0.9512 0.1685 0.2584
vn 0.9509 0.2102 0.2270
vn 0.8907 0.3080 0.3343
vn 0.8085 0.3986 0.4329
vn 0.9877 0.0860 0.1308
vn 0.9877 0.1055 0.1150
vn 1.0000 0.0004 -0.0002
vn 1.0000 0.0002 -0.0002
vn 1.0000 0.0000 -0.0003
vn 1.0000 -0.0002 -0.0002
vn 1.0000 -0.0008 -0.0002
vn 1.0000 -0.0002 -0.0001
vn 0.9878 0.1226 0.0960
vn 0.9513 0.2708 0.1470
vn 0.9878 0.1366 0.0744
vn 0.9514 0.2427 0.1897
vn 0.8910 0.3580 0.2791
vn 0.8906 0.4002 0.2162
vn 0.8085 0.4644 0.3614
vn 0.8083 0.5179 0.2801
vn 0.8916 0.4281 0.1476
vn 0.8085 0.5566 0.1911
vn 0.9512 0.2918 0.1002
vn 0.9513 0.3039 0.0508
vn 0.8909 0.4480 0.0748
vn 0.8088 0.5800 0.0969
vn 0.9874 0.1497 0.0507
vn 0.9878 0.1533 0.0257
vn 1.0000 -0.0001 -0.0001
vn 1.0000 -0.0000 -0.0001
vn 1.0000 -0.0001 -0.0000
vn 0.9878 0.1534 -0.0257
vn 0.9874 0.1583 0.0000
vn 0.9517 0.3029 -0.0508
vn 0.9504 0.3111 0.0000
vn 0.9875 0.1490 -0.0507
vn 0.9510 0.2926 -0.1002
vn 1.0000 -0.0001 -0.0000
vn 0.8911 0.4477 -0.0747
vn 0.8903 0.4553 0.0000
vn 0.8912 0.4289 -0.1476
vn 0.9512 0.2712 -0.1470
vn 0.8906 0.4002 -0.2162
vn 0.9878 0.1370 -0.0744
vn 0.8084 0.5806 -0.0968
vn 0.8090 0.5559 -0.1911
vn 0.8085 0.5177 -0.2799
vn 0.7071 0.6975 -0.1163
vn 0.7070 0.6690 -0.2294
vn 0.7076 0.6212 -0.3367
vn 0.5873 0.7657 -0.2623
vn 0.5879 0.7116 -0.3848
vn 0.5879 0.7979 -0.1332
vn 0.7074 0.7068 0.0000
vn 0.5885 0.8085 -0.0001
vn 0.8083 0.5888 0.0000
vn 0.7071 0.6975 0.1163
vn 0.5883 0.7976 0.1332
vn 0.4535 0.8791 -0.1466
vn 0.4547 0.8906 -0.0001
vn 0.3083 0.9384 0.1562
vn 0.4541 0.8788 0.1466
vn 0.3084 0.9383 -0.1563
vn 0.3096 0.9509 0.0000
vn 0.4538 0.8428 -0.2894
vn 0.3091 0.8994 -0.3091
vn 0.4532 0.7844 -0.4234
vn 0.3089 0.8365 -0.4526
vn 0.1564 0.8683 -0.4707
vn 0.1559 0.9743 -0.1625
vn 0.1563 0.9342 -0.3206
vn 0.3091 0.7507 -0.5839
vn 0.1564 0.7795 -0.6066
vn 0.4541 0.7031 -0.5472
vn 0.1566 0.6692 -0.7264
vn 0.3093 0.6439 -0.6998
vn 0.4541 0.6035 -0.6555
vn 0.3093 0.5204 -0.7960
vn 0.1557 0.5408 -0.8266
vn 0.4542 0.4870 -0.7460
vn 0.5883 0.4416 -0.6774
vn 0.5882 0.6376 -0.4974
vn 0.5878 0.5486 -0.5946
vn 0.7069 0.4797 -0.5198
vn 0.7073 0.3866 -0.5918
vn 0.8086 0.3218 -0.4926
vn 0.8085 0.4646 -0.3613
vn 0.8084 0.3988 -0.4329
vn 0.8910 0.2478 -0.3804
vn 0.8906 0.3084 -0.3343
vn 0.9511 0.2092 -0.2271
vn 0.9512 0.1685 -0.2585
vn 0.8909 0.3583 -0.2790
vn 0.9511 0.2438 -0.1896
vn 0.9877 0.1238 -0.0959
vn 0.9879 0.1044 -0.1150
vn 1.0000 -0.0002 0.0001
vn 1.0000 -0.0001 0.0001
vn 1.0000 0.0000 0.0001
vn 1.0000 0.0003 0.0002
vn 1.0000 -0.0009 0.0002
vn 1.0000 0.0002 0.0002
vn 0.9877 0.0859 -0.1308
vn 1.0000 -0.0000 0.0003
vn 0.9877 0.0633 -0.1431
vn 0.9511 0.1242 -0.2827
vn 0.9511 0.0759 -0.2993
vn 0.9877 0.0383 -0.1515
vn 1.0000 0.0000 0.0003
vn 0.9511 0.0253 -0.3077
vn 0.9877 0.0129 -0.1557
vn 0.8910 0.0374 -0.4526
vn 0.8909 0.1823 -0.4160
vn 0.8909 0.1116 -0.4403
vn 0.8086 0.1443 -0.5704
vn 0.8086 0.0487 -0.5863
vn 0.8085 0.2363 -0.5389
vn 0.7073 0.2839 -0.6474
vn 0.7072 0.1736 -0.6854
vn 0.5880 0.3249 -0.7407
vn 0.5878 0.1985 -0.7843
vn 0.7071 0.0584 -0.7047
vn 0.5881 0.0669 -0.8060
vn 0.4542 0.0738 -0.8878
vn 0.4541 0.2186 -0.8637
vn 0.3088 0.2334 -0.9220
vn 0.3092 0.0786 -0.9477
vn 0.3092 0.3820 -0.8709
vn 0.4542 0.3581 -0.8158
vn 0.1564 0.2420 -0.9576
vn 0.1560 0.3966 -0.9046
vn -0.0001 0.4016 -0.9158
vn -0.0000 0.2453 -0.9694
vn 0.0000 0.5468 -0.8372
vn -0.0001 0.5474 -0.8369
vn 0.0000 0.4019 -0.9157
vn 0.0000 0.0823 -0.9966
vn 0.0000 0.2456 -0.9694
vn 0.1562 0.0811 -0.9844
vn 0.0000 -0.0824 -0.9966
vn 0.0000 0.0825 -0.9966
vn 0.1566 -0.0812 -0.9843
vn 0.0001 -0.0823 -0.9966
vn -0.0001 -0.2454 -0.9694
vn 0.1564 -0.2419 -0.9576
vn 0.3091 -0.0784 -0.9478
vn 0.3086 -0.2335 -0.9221
vn 0.1564 -0.3966 -0.9046
vn -0.0001 -0.4016 -0.9158
vn 0.3094 -0.3819 -0.8709
vn 0.3093 -0.5204 -0.7959
vn 0.1557 -0.5404 -0.8269
vn -0.0002 -0.5470 -0.8371
vn 0.0000 -0.4019 -0.9157
vn 0.0000 -0.2453 -0.9694
vn -0.0000 -0.6777 -0.7353
vn 0.0000 -0.5469 -0.8372
vn 0.1563 -0.6695 -0.7262
vn -0.0000 -0.7891 -0.6143
vn 0.0000 -0.6774 -0.7356
vn 0.1566 -0.7792 -0.6069
vn 0.3090 -0.6442 -0.6996
vn 0.3096 -0.7500 -0.5846
vn 0.1567 -0.8682 -0.4708
vn 0.3090 -0.8364 -0.4527
vn -0.0001 -0.8793 -0.4763
vn 0.1557 -0.9343 -0.3206
vn 0.3093 -0.8993 -0.3091
vn -0.0000 -0.9459 -0.3245
vn 0.0000 -0.8794 -0.4762
vn 0.0000 -0.7889 -0.6145
vn 0.0000 -0.9863 -0.1647
vn 0.0000 -0.9459 -0.3246
vn -0.0000 -1.0000 0.0001
vn 0.0000 -0.9864 -0.1645
vn 0.1563 -0.9742 -0.1627
vn 0.1563 -0.9877 0.0001
vn 0.3086 -0.9383 -0.1564
vn 0.3096 -0.9509 -0.0000
vn 0.1563 -0.9742 0.1627
vn 0.0001 -0.9863 0.1648
vn 0.3083 -0.9384 0.1562
vn 0.1564 -0.9342 0.3205
vn -0.0001 -0.9459 0.3244
vn 0.3092 -0.8994 0.3089
vn 0.4541 -0.8427 0.2893
vn 0.4548 -0.8906 0.0001
vn 0.4527 -0.8796 0.1462
vn 0.5885 -0.7646 0.2628
vn 0.5888 -0.8083 0.0001
vn 0.4536 -0.8791 -0.1465
vn 0.5880 -0.7978 -0.1331
vn 0.4545 -0.8424 -0.2896
vn 0.5884 -0.7646 -0.2628
vn 0.7072 -0.7070 0.0000
vn 0.7071 -0.6975 -0.1163
vn 0.7074 -0.6685 -0.2296
vn 0.5876 -0.7119 -0.3847
vn 0.8087 -0.5172 -0.2801
vn 0.8088 -0.5562 -0.1910
vn 0.8085 -0.5805 -0.0967
vn 0.8907 -0.4299 -0.1475
vn 0.8911 -0.4477 -0.0747
vn 0.9507 -0.2934 -0.1002
vn 0.9509 -0.3053 -0.0508
vn 0.8913 -0.3985 -0.2163
vn 0.8083 -0.4649 -0.3613
vn 0.9510 -0.2443 -0.1896
vn 0.9517 -0.2696 -0.1470
vn 0.9876 -0.1483 -0.0507
vn 0.9877 -0.1238 -0.0959
vn 0.9878 -0.1366 -0.0744
vn 0.9512 -0.2088 -0.2271
vn 0.8909 -0.3075 -0.3343
vn 0.8907 -0.3590 -0.2790
vn 0.8910 -0.2478 -0.3805
vn 0.9513 -0.1679 -0.2586
vn 0.9878 -0.1049 -0.1150
vn 0.9512 -0.1238 -0.2826
vn 0.9877 -0.0629 -0.1430
vn 0.9877 -0.0852 -0.1308
vn 0.8909 -0.1824 -0.4160
vn 0.9511 -0.0761 -0.2993
vn 0.9877 -0.0385 -0.1516
vn 1.0000 -0.0002 0.0002
vn 1.0000 -0.0000 0.0003
vn 0.9877 -0.0131 -0.1556
vn 0.9512 -0.0255 -0.3076
vn 0.8909 -0.0374 -0.4527
vn 0.8908 -0.1116 -0.4404
vn 0.8086 -0.1443 -0.5704
vn 0.8086 -0.0487 -0.5863
vn 0.7071 -0.0585 -0.7047
vn 0.7072 -0.1737 -0.6853
vn 0.5881 -0.1986 -0.7840
vn 0.5877 -0.0667 -0.8063
vn 0.4540 -0.2189 -0.8637
vn 0.4540 -0.0734 -0.8880
vn 0.4542 -0.3579 -0.8158
vn 0.5880 -0.3248 -0.7408
vn 0.5878 -0.4426 -0.6772
vn 0.4542 -0.4874 -0.7458
vn 0.7072 -0.2838 -0.6475
vn 0.7070 -0.3873 -0.5917
vn 0.8086 -0.2364 -0.5387
vn 0.8086 -0.3216 -0.4927
vn 0.7074 -0.4785 -0.5202
vn 0.8085 -0.3986 -0.4330
vn 0.7072 -0.5580 -0.4341
vn 0.5882 -0.5473 -0.5954
vn 0.5881 -0.6380 -0.4970
vn 0.4541 -0.6033 -0.6556
vn 0.4544 -0.7026 -0.5476
vn 0.4533 -0.7844 -0.4234
vn 0.7074 -0.6215 -0.3365
vn 1.0000 -0.0003 0.0002
vn 1.0000 0.0001 0.0002
vn 1.0000 0.0008 0.0002
vn 1.0000 0.0002 0.0001
vn 1.0000 -0.0000 0.0001
vn 0.8081 -0.5890 -0.0000
vn 0.8903 -0.4553 -0.0000
vn 0.7069 -0.6977 0.1163
vn 0.5870 -0.7986 0.1330
vn 0.7077 -0.6681 0.2297
vn 0.5877 -0.7116 0.3849
vn 0.7069 -0.6222 0.3363
vn 0.4542 -0.7834 0.4243
vn 0.7073 -0.5577 0.4344
vn 0.5878 -0.6386 0.4966
vn 0.4539 -0.7033 0.5471
vn 0.5884 -0.5472 0.5953
vn 0.4541 -0.6034 0.6555
vn 0.7072 -0.4788 0.5202
vn 0.7072 -0.3871 0.5917
vn 0.5879 -0.4426 0.6771
vn 0.7072 -0.2838 0.6476
vn 0.8086 -0.2364 0.5388
vn 0.5878 -0.3249 0.7409
vn 0.8909 -0.1824 0.4160
vn 0.8908 -0.1116 0.4404
vn 0.8085 -0.1444 0.5704
vn 0.7071 -0.1737 0.6855
vn 0.8086 -0.0487 0.5864
vn 0.7072 -0.0585 0.7046
vn 0.5879 -0.1985 0.7842
vn 0.5879 -0.0667 0.8062
vn 0.4541 -0.2188 0.8637
vn 0.4539 -0.0735 0.8880
vn 0.4539 -0.3581 0.8159
vn 0.3089 -0.3823 0.8709
vn 0.3089 -0.2336 0.9220
vn 0.4540 -0.4873 0.7459
vn 0.3091 -0.6443 0.6995
vn 0.3089 -0.5202 0.7962
vn 0.1565 -0.6694 0.7262
vn 0.1565 -0.5403 0.8268
vn 0.1561 -0.3969 0.9045
vn 0.3094 -0.7502 0.5844
vn 0.1563 -0.7790 0.6072
vn 0.3091 -0.8363 0.4528
vn 0.1562 -0.8687 0.4700
vn 0.0001 -0.8795 0.4758
vn -0.0001 -0.7888 0.6146
vn 0.0000 -0.9459 0.3246
vn 0.0000 -0.8794 0.4762
vn -0.0000 -0.6777 0.7353
vn 0.0000 -0.7892 0.6142
vn 0.0002 -0.5470 0.8371
vn 0.0000 -0.6774 0.7356
vn 0.0000 -0.4016 0.9158
vn 0.0000 -0.5469 0.8372
vn -0.0001 -0.2454 0.9694
vn 0.0000 -0.4019 0.9157
vn -0.0002 -0.0823 0.9966
vn 0.0000 -0.2456 0.9694
vn 0.1561 -0.2422 0.9576
vn 0.1558 -0.0811 0.9844
vn 0.3092 -0.0785 0.9478
vn 0.4543 0.0738 0.8878
vn 0.3091 0.0786 0.9478
vn 0.1554 0.0811 0.9845
vn 0.3089 0.2330 0.9221
vn 0.1565 0.2420 0.9576
vn 0.4541 0.2181 0.8638
vn 0.5881 0.0668 0.8060
vn 0.5882 0.1983 0.7841
vn 0.4540 0.3585 0.8157
vn 0.3088 0.3827 0.8707
vn 0.5879 0.3252 0.7407
vn 0.4541 0.4869 0.7461
vn 0.3092 0.5201 0.7962
vn 0.5880 0.4420 0.6774
vn 0.4537 0.6040 0.6552
vn 0.5880 0.5478 0.5951
vn 0.3090 0.6445 0.6994
vn 0.7071 0.3870 0.5918
vn 0.7072 0.4788 0.5202
vn 0.7072 0.2841 0.6474
vn 0.7072 0.1738 0.6853
vn 0.7071 0.0585 0.7047
vn 0.8086 0.0487 0.5864
vn 0.7071 0.5580 0.4343
vn 0.5882 0.6380 0.4970
vn 0.7074 0.6216 0.3365
vn 0.5875 0.7119 0.3847
vn 0.7075 0.6684 0.2296
vn 0.5879 0.7651 0.2626
vn 0.4540 0.8427 0.2893
vn 0.3095 0.8993 0.3091
vn 0.4534 0.7843 0.4234
vn 0.3092 0.7498 0.5850
vn 0.3088 0.8367 0.4522
vn 0.4543 0.7026 0.5476
vn 0.1566 0.7787 0.6076
vn 0.1558 0.8688 0.4699
vn 0.1562 0.6695 0.7262
vn -0.0001 0.7888 0.6146
vn 0.0000 0.6776 0.7355
vn 0.1567 0.5405 0.8266
vn 0.0000 0.4016 0.9158
vn 0.0002 0.5473 0.8369
vn -0.0002 0.2454 0.9694
vn 0.1566 0.3969 0.9044
vn -0.0003 0.0823 0.9966
vn 0.0000 0.2456 0.9694
vn 0.0000 0.0825 0.9966
vn 0.0000 -0.0824 0.9966
vn 0.0000 0.4019 0.9157
vn 0.0000 0.5468 0.8372
vn 0.0000 0.6772 0.7358
vn 0.0001 0.8795 0.4759
vn 0.0000 0.7892 0.6142
vn -0.0002 0.9459 0.3244
vn 0.0000 0.8795 0.4758
vn 0.1562 0.9343 0.3204
vn 0.0000 0.9863 0.1648
vn 0.1562 0.9742 0.1627
vn 0.0000 1.0000 0.0001
vn 0.1563 0.9877 0.0001
vn 0.0000 0.9863 -0.1647
vn -0.0000 0.9459 -0.3245
vn 0.0000 1.0000 0.0000
vn 0.0000 0.9863 -0.1649
vn -0.0001 0.8793 -0.4763
vn 0.0000 0.9459 -0.3246
vn -0.0000 0.7891 -0.6143
vn 0.0000 0.8795 -0.4758
vn 0.0001 0.6776 -0.7355
vn 0.0000 0.7892 -0.6142
vn 0.0000 0.6772 -0.7358
vn 0.0000 0.9863 0.1649
vn 0.0000 0.9459 0.3246
vn 0.0000 -0.9864 0.1645
vn 0.0000 -1.0000 -0.0000
vn 0.7073 0.5577 -0.4344
vn 1.0000 0.0002 -0.0001
vn 0.9225 0.3652 0.1250
vn 0.9227 0.3391 0.1832
vn 0.9231 0.3637 0.1249
vn 0.9231 0.3382 0.1829
vn 0.9227 0.3045 0.2364
vn 0.9231 0.3034 0.2363
vn 0.9232 0.2603 0.2828
vn 0.9914 0.0322 0.1265
vn 0.9915 0.0109 0.1300
vn 0.9653 0.0213 0.2601
vn 1.0000 0.0000 -0.0011
vn 0.9914 -0.0109 0.1301
vn 0.9653 -0.0214 0.2602
vn 0.9915 -0.0316 0.1266
vn 0.9653 -0.0640 0.2531
vn 0.9653 -0.1046 0.2392
vn 1.0000 0.0004 -0.0011
vn 1.0000 0.0008 0.0002
vn 1.0000 0.0006 0.0004
vn 1.0000 0.0005 0.0005
vn 0.9914 -0.1035 -0.0802
vn 1.0000 0.0006 0.0007
vn 1.0000 -0.0000 0.0000
vn 1.0000 -0.0000 0.0000
vn 1.0000 -0.0000 0.0000
vn 1.0000 -0.0000 0.0000
vn 1.0000 -0.0000 0.0000
vn 1.0000 0.0000 -0.0000
vn 1.0000 -0.0000 0.0000
vn 1.0000 -0.0000 0.0000
vn 1.0000 0.0000 -0.0000
vn 1.0000 0.0000 -0.0000
vn 1.0000 -0.0000 0.0000
vn 1.0000 0.0000 -0.0000
vn 1.0000 -0.0000 0.0000
vn 1.0000 0.0000 -0.0000
vn 1.0000 0.0000 -0.0000
vn 1.0000 -0.0000 0.0000
vn 1.0000 0.0000 -0.0000
vn 1.0000 0.0000 -0.0000
vn 1.0000 0.0000 -0.0000
vn 1.0000 -0.0000 0.0000
vn 1.0000 -0.0000 0.0000
vn 1.0000 0.0000 -0.0000
vn 1.0000 0.0000 -0.0000
vn 1.0000 0.0000 -0.0000
vn 1.0000 -0.0000 0.0000
vn 1.0000 -0.0000 0.0000
vn 1.0000 -0.0000 0.0000
vn 1.0000 0.0000 -0.0000
vn 1.0000 0.0000 -0.0000
vn 1.0000 -0.0000 0.0000
vn 1.0000 -0.0000 0.0000
vn 1.0000 0.0000 -0.0000
vn 1.0000 0.0000 -0.0000
vn 1.0000 0.0000 -0.0000
vn 1.0000 0.0000 -0.0000
vn 1.0000 0.0000 -0.0000
vn 1.0000 -0.0000 0.0000
vn 1.0000 -0.0000 0.0000
vn 1.0000 -0.0000 0.0000
vn 1.0000 0.0000 -0.0000
vn 1.0000 -0.0000 0.0000
vn 1.0000 -0.0000 0.0000
vn 1.0000 -0.0000 0.0000
vn 1.0000 -0.0000 0.0000
vn 1.0000 0.0000 -0.0000
vn 1.0000 -0.0000 0.0000
vn 1.0000 0.0000 -0.0000
vn 1.0000 0.0000 -0.0000
vn 1.0000 0.0000 -0.0000
vn 1.0000 -0.0000 0.0000
vn 1.0000 0.0000 -0.0000
vn 1.0000 0.0000 -0.0000
vn 1.0000 0.0000 -0.0000
vn 1.0000 -0.0000 0.0000
vn 1.0000 -0.0000 0.0000
vn 1.0000 -0.0000 0.0000
vn 1.0000 0.0000 -0.0000
vn 1.0000 -0.0000 0.0000
vn 1.0000 0.0000 -0.0000
vn 1.0000 -0.0000 0.0000
vn 1.0000 -0.0000 0.0000
vn 1.0000 -0.0000 0.0000
vn 1.0000 -0.0000 0.0000
vn 1.0000 -0.0000 0.0000
vn 1.0000 -0.0000 0.0000
vn 1.0000 -0.0000 0.0000
vn 1.0000 -0.0000 0.0000
vn 1.0000 -0.0000 0.0000
vn 1.0000 -0.0000 0.0000
vn 1.0000 -0.0000 0.0000
vn 1.0000 -0.0000 0.0000
vn 1.0000 0.0000 -0.0000
vn 1.0000 -0.0000 0.0000
vn 1.0000 0.0000 -0.0000
vn 1.0000 0.0000 -0.0000
vn 1.0000 0.0000 -0.0000
vn 1.0000 -0.0000 0.0000
vn 1.0000 0.0000 -0.0000
vn 1.0000 0.0000 -0.0000
vn 1.0000 0.0000 -0.0000
vn 1.0000 0.0000 -0.0000
vn 1.0000 -0.0000 0.0000
vn 1.0000 0.0000 -0.0000
vn 1.0000 -0.0000 0.0000
vn 1.0000 0.0000 -0.0000
vn 1.0000 0.0000 -0.0000
vn 1.0000 -0.0000 0.0000
vn 1.0000 -0.0000 0.0000
vn 1.0000 -0.0000 0.0000
vn 1.0000 -0.0000 0.0000
vn 1.0000 -0.0000 0.0000
vn 1.0000 0.0000 -0.0000
vn 1.0000 -0.0000 0.0000
vn 1.0000 -0.0000 0.0000
vn 1.0000 -0.0000 0.0000
vn 1.0000 -0.0000 0.0000
vn 1.0000 0.0000 -0.0000
vn 1.0000 0.0000 -0.0000
vn 1.0000 -0.0000 0.0001
vn 1.0000 -0.0000 0.0001
vn 1.0000 0.0000 -0.0000
vn 1.0000 0.0003 -0.0002
vn 1.0000 -0.0002 0.0001
vn 1.0000 0.0000 -0.0003
vn 1.0000 -0.0001 -0.0000
vn 1.0000 -0.0056 -0.0000
vn 1.0000 -0.0032 -0.0000
vn 1.0000 0.0050 -0.0000
vn 1.0000 0.0007 0.0000
vn 1.0000 -0.0001 0.0001
vn 1.0000 -0.0000 0.0000
vn 1.0000 -0.0000 -0.0000
vn 1.0000 0.0000 -0.0000
vn 1.0000 0.0000 -0.0001
vn 1.0000 -0.0000 0.0001
vn 1.0000 -0.0000 0.0000
vn 1.0000 0.0000 -0.0001
vn 1.0000 0.0000 -0.0000
vn 1.0000 -0.0000 0.0000
vn 1.0000 0.0000 -0.0002
vn 1.0000 0.0000 -0.0000
vn 1.0000 -0.0000 0.0001
vn 1.0000 0.0000 -0.0000
vn 1.0000 0.0000 -0.0001
vn 1.0000 0.0000 -0.0000
vn 1.0000 -0.0000 0.0000
vn 1.0000 0.0000 -0.0000
vn 1.0000 -0.0000 0.0000
vn 1.0000 0.0000 -0.0000
vn 1.0000 -0.0000 0.0000
vn 1.0000 0.0000 -0.0000
vn 1.0000 -0.0000 0.0000
vn 1.0000 0.0000 -0.0000
vn 1.0000 -0.0000 0.0000
vn 1.0000 0.0000 -0.0000
vn 1.0000 -0.0000 0.0000
vn 1.0000 -0.0000 0.0000
vn 1.0000 -0.0000 0.0000
vn 1.0000 0.0000 -0.0000
vn 1.0000 0.0000 -0.0000
vn 1.0000 -0.0000 0.0000
vn 1.0000 -0.0000 0.0000
vn 1.0000 -0.0000 0.0000
vn 1.0000 0.0000 -0.0000
vn 1.0000 -0.0000 0.0000
vn 1.0000 0.0000 -0.0000
vn 1.0000 0.0000 -0.0000
vn 1.0000 0.0000 -0.0000
vn 1.0000 0.0000 -0.0000
vn 1.0000 0.0000 -0.0000
vn 1.0000 0.0000 -0.0000
vn 1.0000 0.0000 -0.0000
vn 1.0000 0.0000 -0.0000
vn 1.0000 -0.0000 0.0000
vn 1.0000 -0.0000 0.0000
vn 1.0000 0.0000 -0.0000
vn 1.0000 0.0000 -0.0001
vn 1.0000 -0.0034 0.0000
vn 1.0000 0.0000 -0.0001
vn 1.0000 -0.0057 -0.0000
vn 1.0000 -0.0000 0.0000
vn 1.0000 0.0070 -0.0000
vn 1.0000 0.0000 -0.0001
vn 1.0000 0.0000 -0.0001
vn 1.0000 -0.0000 0.0000
vn 1.0000 0.0000 -0.0001
vn 1.0000 0.0012 0.0000
vn 1.0000 0.0013 0.0000
vn 1.0000 -0.0000 0.0000
vn 1.0000 -0.0000 0.0000
vn 1.0000 0.0000 -0.0001
vn 1.0000 -0.0000 0.0000
vn 1.0000 -0.0002 -0.0001
vn 1.0000 -0.0000 0.0001
vn 1.0000 0.0000 -0.0001
vn 1.0000 0.0000 -0.0000
vn 1.0000 -0.0000 0.0001
vn 1.0000 -0.0000 0.0000
vn 1.0000 0.0000 -0.0002
vn 1.0000 0.0000 -0.0000
vn 1.0000 -0.0000 0.0000
vn 1.0000 -0.0000 0.0000
vn 1.0000 0.0000 -0.0000
vn 1.0000 -0.0000 0.0001
vn 1.0000 -0.0000 0.0000
vn 1.0000 0.0000 -0.0000
vn 1.0000 0.0000 -0.0001
vn 1.0000 -0.0000 0.0002
vn 1.0000 -0.0000 0.0000
vn 1.0000 0.0000 -0.0001
vn 1.0000 0.0000 -0.0002
vn 1.0000 -0.0003 -0.0000
vn 1.0000 -0.0000 0.0002
vn 1.0000 -0.0034 0.0000
vn 1.0000 -0.0002 -0.0000
vn 1.0000 0.0070 0.0000
vn 1.0000 0.0000 -0.0002
vn 1.0000 0.0000 -0.0001
vn 1.0000 -0.0000 0.0000
vn 1.0000 -0.0000 0.0000
vn 1.0000 -0.0000 0.0000
vn 1.0000 -0.0000 0.0001
vn 1.0000 -0.0000 0.0000
vn 1.0000 -0.0000 0.0001
vn 1.0000 -0.0000 0.0001
vn 1.0000 -0.0000 0.0001
vn 1.0000 0.0000 -0.0000
vn 1.0000 -0.0000 0.0003
vn 1.0000 0.0000 -0.0002
vn 1.0000 0.0000 -0.0000
vn 1.0000 0.0000 -0.0001
vn 1.0000 -0.0001 0.0001
vn 1.0000 0.0000 -0.0001
vn 1.0000 0.0000 -0.0000
vn 1.0000 0.0000 -0.0000
vn 1.0000 -0.0000 0.0002
vn 1.0000 -0.0000 0.0001
vn 1.0000 0.0002 -0.0001
vn 1.0000 0.0000 -0.0002
vn 1.0000 -0.0000 0.0002
vn 1.0000 0.0000 -0.0001
vn 1.0000 -0.0000 0.0001
vn 1.0000 0.0000 -0.0000
vn 1.0000 0.0000 -0.0000
vn 1.0000 -0.0000 0.0000
vn 1.0000 -0.0000 0.0002
vn 1.0000 0.0000 -0.0000
vn 1.0000 0.0000 -0.0000
vn 1.0000 0.0000 -0.0001
vn 1.0000 0.0000 -0.0002
vn 1.0000 0.0000 -0.0001
vn 1.0000 0.0000 -0.0000
vn 1.0000 0.0000 -0.0000
vn 1.0000 0.0000 -0.0001
vn 1.0000 -0.0000 0.0000
vn 1.0000 0.0000 -0.0000
vn 1.0000 -0.0000 0.0000
vn 1.0000 -0.0000 0.0000
vn 1.0000 -0.0005 -0.0000
vn 1.0000 -0.0000 0.0000
vn 1.0000 0.0000 -0.0002
vn 1.0000 -0.0000 0.0001
vn 1.0000 0.0000 -0.0001
vn 1.0000 -0.0000 0.0000
vn 1.0000 0.0000 -0.0000
vn 1.0000 0.0000 -0.0001
vn 1.0000 0.0000 -0.0000
vn 1.0000 0.0003 -0.0000
vn 1.0000 -0.0005 -0.0000
vn 1.0000 -0.0000 0.0003
vn 1.0000 0.0000 -0.0001
vn 1.0000 0.0015 0.0000
vn 1.0000 0.0004 -0.0001
vn 1.0000 0.0000 -0.0002
vn 1.0000 0.0000 -0.0002
vn 1.0000 0.0000 -0.0001
vn 1.0000 0.0000 -0.0000
vn 1.0000 -0.0000 0.0001
vn 1.0000 -0.0000 0.0001
vn 1.0000 -0.0000 0.0001
vn 1.0000 0.0000 -0.0001
vn 1.0000 0.0061 0.0000
vn 1.0000 -0.0000 0.0000
vn 1.0000 -0.0062 -0.0000
vn 1.0000 -0.0007 -0.0000
vn 1.0000 -0.0012 0.0000
vn 1.0000 -0.0058 -0.0000
vn 1.0000 0.0000 -0.0001
vn 1.0000 -0.0000 0.0000
vn 1.0000 -0.0000 0.0000
vn 1.0000 -0.0000 0.0000
vn 1.0000 -0.0000 0.0000
vn 1.0000 0.0000 -0.0001
vn 1.0000 -0.0001 0.0001
vn 1.0000 0.0000 -0.0000
vn 1.0000 -0.0005 -0.0000
vn 1.0000 -0.0000 0.0002
vn 1.0000 -0.0000 0.0002
vn 1.0000 0.0000 -0.0001
vn 1.0000 0.0000 -0.0001
vn 1.0000 0.0000 -0.0003
vn 1.0000 0.0000 -0.0002
vn 1.0000 0.0005 0.0000
vn 1.0000 -0.0038 -0.0000
vn 1.0000 -0.0000 0.0000
vn 1.0000 -0.0000 0.0001
vn 1.0000 -0.0000 0.0000
vn 1.0000 0.0000 -0.0002
vn 1.0000 -0.0002 -0.0001
vn 1.0000 -0.0000 0.0000
vn 1.0000 -0.0000 0.0000
vn 1.0000 0.0000 -0.0001
vn 1.0000 0.0000 0.0000
vn 1.0000 -0.0000 0.0001
vn 1.0000 -0.0000 0.0001
vn 1.0000 -0.0000 0.0000
vn 1.0000 -0.0013 0.0000
vn 1.0000 0.0027 0.0000
vn 1.0000 -0.0042 -0.0000
vn 1.0000 0.0090 -0.0000
vn 1.0000 0.0007 -0.0000
vn 1.0000 -0.0067 -0.0000
vn 1.0000 -0.0031 -0.0000
vn 1.0000 -0.0000 0.0000
vn 1.0000 -0.0000 0.0000
vn 1.0000 -0.0000 0.0000
vn 1.0000 0.0000 -0.0000
vn 1.0000 0.0000 -0.0000
vn 1.0000 0.0000 -0.0000
vn 1.0000 0.0000 -0.0000
vn 1.0000 0.0000 -0.0000
vn 1.0000 -0.0000 0.0000
vn 1.0000 0.0000 -0.0000
vn 1.0000 0.0000 -0.0000
vn 1.0000 0.0000 -0.0000
vn 1.0000 0.0000 -0.0000
vn 1.0000 -0.0000 0.0000
vn 1.0000 0.0000 -0.0000
vn 1.0000 0.0000 -0.0001
vn 1.0000 -0.0000 0.0000
vn 1.0000 -0.0000 0.0000
vn 1.0000 0.0000 -0.0002
vn 1.0000 -0.0000 0.0001
vn 1.0000 0.0000 -0.0002
vn 1.0000 0.0005 0.0000
vn 1.0000 0.0003 0.0001
vn 1.0000 -0.0000 0.0000
vn 1.0000 -0.0038 -0.0000
vn 1.0000 0.0000 -0.0002
vn 1.0000 -0.0000 0.0000
vn 1.0000 -0.0068 -0.0000
vn 1.0000 0.0080 0.0000
vn 1.0000 -0.0042 -0.0000
vn 1.0000 0.0015 0.0000
vn 1.0000 0.0000 -0.0001
vn 1.0000 0.0000 -0.0000
vn 1.0000 0.0012 0.0000
vn 1.0000 -0.0085 -0.0000
vn 1.0000 0.0000 -0.0001
vn 1.0000 -0.0000 0.0000
vn 1.0000 -0.0000 0.0001
vn 1.0000 -0.0000 0.0000
vn 1.0000 0.0006 0.0000
vn 1.0000 0.0005 0.0000
vn 1.0000 -0.0009 -0.0000
vn 1.0000 0.0005 0.0000
vn 1.0000 0.0009 -0.0000
vn 1.0000 0.0002 -0.0000
vn 1.0000 0.0000 -0.0001
vn 1.0000 -0.0000 0.0001
vn 1.0000 -0.0001 -0.0001
vn 1.0000 -0.0000 0.0002
vn 1.0000 -0.0000 0.0000
vn 1.0000 0.0000 -0.0003
vn 1.0000 0.0000 -0.0000
vn 1.0000 0.0000 -0.0000
vn 1.0000 0.0007 0.0000
vn 1.0000 0.0008 -0.0000
vn 1.0000 -0.0005 -0.0000
vn 1.0000 0.0000 -0.0000
vn 1.0000 -0.0003 -0.0000
vn 1.0000 0.0008 -0.0000
vn 1.0000 -0.0005 -0.0000
vn 1.0000 0.0000 -0.0000
vn 1.0000 0.0000 -0.0000
vn 1.0000 0.0000 -0.0000
vn 1.0000 0.0000 -0.0000
vn 1.0000 -0.0000 0.0001
vn 1.0000 -0.0000 0.0000
vn 1.0000 -0.0000 0.0002
vn 1.0000 0.0000 -0.0001
vn 1.0000 0.0000 -0.0001
vn 1.0000 -0.0000 0.0000
vn 1.0000 -0.0000 0.0002
vn 1.0000 -0.0000 0.0001
vn 1.0000 0.0000 -0.0000
vn 1.0000 -0.0000 0.0001
vn 1.0000 -0.0000 0.0000
vn 1.0000 0.0000 -0.0001
vn 1.0000 -0.0038 0.0000
vn 1.0000 0.0000 -0.0001
vn 1.0000 -0.0063 0.0000
vn 1.0000 0.0050 0.0000
vn 1.0000 0.0000 -0.0000
vn 1.0000 -0.0000 0.0001
vn 1.0000 -0.0000 0.0001
vn 1.0000 -0.0001 0.0000
vn 1.0000 0.0000 -0.0003
vn 1.0000 0.0000 -0.0000
vn 1.0000 -0.0000 0.0000
vn 1.0000 -0.0000 0.0000
vn 1.0000 -0.0000 0.0000
vn 1.0000 -0.0000 0.0002
vn 1.0000 -0.0003 -0.0000
vn 1.0000 -0.0003 -0.0001
vn 1.0000 -0.0001 -0.0001
vn 1.0000 0.0000 -0.0003
vn 1.0000 -0.0013 -0.0000
vn 1.0000 0.0002 -0.0001
vn 1.0000 -0.0006 0.0000
vn 1.0000 0.0000 -0.0001
vn 1.0000 0.0005 0.0000
vn 1.0000 -0.0002 0.0001
vn 1.0000 -0.0000 0.0001
vn 1.0000 -0.0002 0.0000
vn 1.0000 -0.0005 -0.0000
vn 1.0000 -0.0003 -0.0000
vn 1.0000 0.0000 -0.0000
vn 1.0000 0.0000 -0.0000
vn 1.0000 -0.0000 0.0000
vn 1.0000 -0.0009 -0.0000
vn 1.0000 0.0000 -0.0000
vn 1.0000 0.0004 -0.0002
vn 1.0000 -0.0030 0.0000
vn 1.0000 -0.0003 -0.0000
vn 1.0000 0.0003 0.0000
vn 1.0000 0.0000 -0.0000
vn 1.0000 -0.0003 -0.0000
vn 1.0000 0.0003 0.0000
vn 1.0000 -0.0008 -0.0000
vn 1.0000 -0.0000 0.0000
vn 1.0000 0.0000 -0.0000
vn 1.0000 0.0000 -0.0001
vn 1.0000 -0.0000 0.0000
vn 1.0000 -0.0000 0.0002
vn 1.0000 0.0056 -0.0000
vn 1.0000 -0.0004 0.0001
vn 1.0000 0.0000 -0.0000
vn 1.0000 0.0003 -0.0000
vn 1.0000 -0.0000 0.0000
vn 1.0000 0.0000 -0.0000
vn 0.9999 0.0108 0.0000
vn 1.0000 0.0007 0.0000
vn 1.0000 -0.0035 0.0000
vn 1.0000 -0.0000 0.0000
vn 1.0000 0.0000 -0.0000
vn 1.0000 0.0000 -0.0000
vn 1.0000 0.0000 -0.0001
vn 1.0000 0.0000 -0.0001
vn 1.0000 0.0001 -0.0000
vn 1.0000 -0.0000 0.0001
vn 1.0000 -0.0000 0.0000
vn 1.0000 -0.0000 0.0000
vn 1.0000 -0.0000 0.0001
vn 1.0000 -0.0000 0.0001
vn 1.0000 -0.0000 0.0000
vn 1.0000 0.0000 -0.0000
vn 1.0000 0.0000 -0.0000
vn 1.0000 -0.0000 0.0000
vn 1.0000 0.0001 0.0000
vn 1.0000 -0.0000 0.0000
vn 1.0000 0.0018 0.0000
vn 1.0000 -0.0000 0.0000
vn 1.0000 -0.0038 -0.0000
vn 1.0000 0.0000 -0.0002
vn 1.0000 -0.0000 0.0001
vn 1.0000 0.0000 -0.0000
vn 1.0000 0.0000 -0.0001
vn 1.0000 -0.0013 0.0000
vn 1.0000 0.0000 -0.0001
vn 1.0000 -0.0000 0.0002
vn 1.0000 0.0000 -0.0002
vn 1.0000 -0.0000 0.0000
vn 1.0000 -0.0000 0.0000
vn 1.0000 -0.0000 0.0000
vn 1.0000 -0.0000 0.0001
vn 1.0000 0.0000 -0.0000
vn 1.0000 -0.0000 0.0000
vn 1.0000 -0.0000 0.0000
vn 1.0000 -0.0000 0.0000
vn 1.0000 -0.0000 0.0002
vn 1.0000 0.0000 -0.0001
vn 1.0000 0.0002 -0.0002
vn 1.0000 -0.0000 0.0001
vn 1.0000 0.0000 -0.0003
vn 1.0000 -0.0000 0.0000
vn 1.0000 -0.0003 -0.0000
vn 1.0000 0.0000 -0.0000
vn 1.0000 -0.0000 0.0000
vn 1.0000 0.0000 -0.0000
vn 1.0000 -0.0000 0.0002
vn 1.0000 -0.0000 0.0000
vn 1.0000 0.0000 -0.0001
vn 1.0000 0.0000 -0.0000
vn 1.0000 -0.0000 0.0002
vn 1.0000 0.0000 -0.0000
vn 1.0000 0.0000 -0.0000
vn 1.0000 0.0000 -0.0002
vn 1.0000 0.0000 -0.0001
vn 1.0000 0.0000 -0.0001
vn 1.0000 0.0000 -0.0000
vn 1.0000 0.0000 -0.0000
vn 1.0000 -0.0002 -0.0001
vn 1.0000 0.0000 -0.0001
vn 1.0000 0.0000 0.0000
vn 1.0000 0.0000 -0.0001
vn 1.0000 0.0000 -0.0002
vn 1.0000 -0.0000 0.0000
vn 1.0000 -0.0002 0.0001
vn 1.0000 -0.0000 0.0000
vn 1.0000 0.0000 -0.0000
vn 1.0000 -0.0000 0.0001
vn 1.0000 0.0000 -0.0000
vn 1.0000 -0.0000 0.0002
vn 0.9231 -0.3845 -0.0000
f 98//3 95//4 2//5
f 28//6 27//1 63//7
f 673//8 674//9 29//10
f 619//11 122//12 620//13
f 538//14 537//1 74//15
f 640//16 639//17 93//18
f 119//19 299//20 298//21
f 231//22 179//23 178//24
f 200//25 199//1 123//26
f 158//27 156//28 153//29
f 203//1 224//30 212//31
f 717//1 514//32 715//33
f 288//34 286//35 297//36
f 337//1 329//1 321//37
f 347//38 232//39 421//40
f 430//41 403//42 404//43
f 355//44 353//45 354//46
f 432//47 440//48 441//49
f 486//50 487//51 502//1
f 664//52 726//53 712//54
f 761//55 765//56 741//57
f 773//58 767//59 768//60
f 767//59 771//61 769//62
f 770//63 1383//64 771//61
f 770//63 775//65 772//66
f 773//58 776//67 775//65
f 842//68 773//58 768//60
f 775//65 780//69 777//70
f 772//66 777//70 778//71
f 926//72 777//70 779//73
f 779//73 780//69 781//74
f 781//74 782//75 784//76
f 776//67 782//75 780//69
f 787//77 782//75 783//78
f 784//76 785//79 786//80
f 789//81 785//79 788//82
f 791//83 785//79 787//77
f 789//81 790//84 1412//85
f 793//86 788//82 791//83
f 840//87 791//83 787//77
f 794//88 791//83 792//89
f 796//90 793//86 794//88
f 795//91 790//84 793//86
f 832//92 795//91 796//90
f 797//93 798//94 795//91
f 799//95 790//84 798//94
f 802//96 798//94 800//97
f 803//98 800//97 801//99
f 797//93 801//99 800//97
f 804//100 806//101 989//102
f 803//98 805//103 804//100
f 804//100 808//104 806//101
f 806//101 810//105 807//106
f 811//107 808//104 809//108
f 809//108 805//103 829//109
f 811//107 812//110 810//105
f 807//106 812//110 813//111
f 813//111 814//112 1409//113
f 815//114 814//112 812//110
f 819//115 815//114 811//107
f 817//116 816//117 815//114
f 822//118 817//116 818//119
f 818//119 819//115 824//120
f 820//121 1411//122 816//117
f 823//123 820//121 822//118
f 825//124 819//115 827//125
f 826//126 827//125 828//127
f 827//125 811//107 809//108
f 828//127 809//108 829//109
f 826//126 830//128 831//129
f 830//128 829//109 833//130
f 831//129 832//92 834//131
f 830//128 797//93 832//92
f 833//130 805//103 801//99
f 835//132 832//92 796//90
f 835//132 794//88 836//133
f 836//133 792//89 837//134
f 837//134 840//87 838//135
f 838//135 841//136 839//137
f 841//136 787//77 783//78
f 774//138 783//78 776//67
f 839//137 774//138 842//68
f 844//139 845//140 843//141
f 843//141 821//142 823//123
f 845//140 1411//122 821//142
f 847//143 846//144 845//140
f 848//145 849//146 847//143
f 844//139 848//145 847//143
f 849//146 1407//147 846//144
f 851//148 850//149 849//146
f 854//150 851//148 848//145
f 856//151 851//148 853//152
f 854//150 855//153 853//152
f 853//152 858//154 856//151
f 857//155 852//156 856//151
f 857//155 858//154 860//157
f 855//153 859//158 858//154
f 860//157 859//158 861//159
f 1392//160 1391//161 1192//162
f 861//159 864//163 862//164
f 862//164 866//165 863//166
f 865//167 859//158 887//168
f 867//169 864//163 865//167
f 870//170 866//165 867//169
f 863//166 868//171 869//172
f 872//173 868//171 871//174
f 874//175 868//171 870//170
f 1402//176 871//174 873//177
f 874//175 873//177 871//174
f 878//178 874//175 876//179
f 877//180 874//175 870//170
f 879//181 877//180 881//182
f 879//181 878//178 876//179
f 882//183 877//180 884//184
f 883//185 884//184 885//186
f 877//180 867//169 884//184
f 885//186 867//169 865//167
f 886//187 865//167 887//168
f 889//188 885//186 886//187
f 888//189 887//168 855//153
f 889//188 888//189 890//190
f 854//150 890//190 888//189
f 892//191 854//150 848//145
f 895//192 894//193 893//194
f 893//194 878//178 880//195
f 897//196 896//197 895//192
f 897//196 904//198 898//199
f 901//200 902//201 900//202
f 900//202 904//198 899//203
f 904//198 903//204 1394//205
f 902//201 907//206 903//204
f 905//207 908//208 907//206
f 901//200 906//209 905//207
f 903//204 909//210 911//211
f 908//208 909//210 907//206
f 912//212 910//213 914//214
f 913//215 909//210 912//212
f 914//214 917//216 915//217
f 916//218 917//216 919//219
f 908//208 917//216 910//213
f 918//220 919//219 917//216
f 920//221 921//222 919//219
f 924//223 919//219 921//222
f 922//224 923//225 921//222
f 925//226 921//222 923//225
f 926//72 923//225 778//71
f 927//227 933//228 930//229
f 927//227 931//230 929//231
f 932//232 931//230 930//229
f 930//229 934//233 932//232
f 934//233 935//234 938//235
f 928//236 935//234 933//228
f 937//237 936//238 935//234
f 939//239 935//234 936//238
f 940//240 939//239 943//241
f 941//242 938//235 940//240
f 1233//243 940//240 942//244
f 944//245 940//240 943//241
f 947//246 943//241 945//247
f 943//241 946//248 945//247
f 948//249 946//248 951//250
f 947//246 948//249 950//251
f 948//249 952//252 949//253
f 950//251 949//253 1249//254
f 951//250 956//255 952//252
f 946//248 953//256 951//250
f 958//257 953//256 954//258
f 1381//259 953//256 955//260
f 952//252 957//261 1254//262
f 959//263 956//255 958//257
f 960//264 957//261 959//263
f 961//265 962//266 960//264
f 963//267 957//261 962//266
f 963//267 964//268 966//269
f 961//265 965//270 964//268
f 966//269 965//270 968//271
f 967//272 963//267 966//269
f 967//272 968//271 969//273
f 968//271 972//274 970//275
f 969//273 970//275 973//276
f 975//277 970//275 971//278
f 971//278 972//274 984//279
f 974//280 969//273 973//276
f 976//281 973//276 975//277
f 976//281 977//282 979//283
f 977//282 971//278 980//284
f 977//282 981//285 978//286
f 979//283 978//286 1317//287
f 981//285 982//288 983//289
f 980//284 984//279 982//288
f 985//290 983//289 982//288
f 987//291 982//288 984//279
f 988//292 984//279 972//274
f 989//102 972//274 965//270
f 990//293 983//289 986//294
f 991//295 992//296 990//293
f 995//297 992//296 993//298
f 994//299 983//289 992//296
f 996//300 995//297 998//301
f 996//300 981//285 994//299
f 1317//287 996//300 997//302
f 999//303 996//300 998//301
f 999//303 1000//304 1002//305
f 1000//304 995//297 1003//306
f 1000//304 1004//307 1001//308
f 1002//305 1001//308 1379//309
f 1004//307 1005//310 1006//311
f 995//297 1005//310 1003//306
f 1008//312 1005//310 1007//313
f 1007//313 993//298 991//295
f 1009//314 1006//311 1008//312
f 1009//314 1013//315 1011//316
f 1011//316 1004//307 1006//311
f 1011//316 1015//317 1012//318
f 1015//317 1014//319 1017//320
f 1010//321 1014//319 1013//315
f 1012//318 1016//322 1380//323
f 1016//322 1017//320 1019//324
f 1019//324 1018//325 1020//326
f 1017//320 1068//327 1018//325
f 1022//328 1019//324 1021//329
f 1023//330 1019//324 1020//326
f 1027//331 1021//329 1024//332
f 1025//333 1021//329 1023//330
f 1026//334 1025//333 1378//335
f 1028//336 1024//332 1026//334
f 1029//337 1028//336 1032//338
f 1030//339 1027//331 1029//337
f 1030//339 1031//340 1379//309
f 1029//337 1033//341 1031//340
f 1032//338 1037//342 1034//343
f 1034//343 1033//341 1032//338
f 1034//343 1355//344 1035//345
f 1034//343 1038//346 1036//347
f 1038//346 1039//348 1041//349
f 1039//348 1028//336 1026//334
f 1039//348 1378//335 1040//350
f 1041//349 1040//350 1043//351
f 1044//352 1041//349 1043//351
f 1358//353 1041//349 1042//354
f 1044//352 1045//355 1046//356
f 1045//355 1040//350 1047//357
f 1050//358 1045//355 1048//359
f 1048//359 1047//357 1051//360
f 1050//358 1049//361 1101//362
f 1049//361 1051//360 1052//363
f 1051//360 1054//364 1052//363
f 1051//360 1055//365 1053//366
f 1054//364 1056//367 1057//368
f 1055//365 1056//367 1053//366
f 1056//367 1060//369 1057//368
f 1056//367 1061//370 1059//371
f 1059//371 1063//372 1060//369
f 1061//370 1062//373 1059//371
f 1063//372 1064//374 1377//375
f 1065//376 1064//374 1062//373
f 1023//330 1065//376 1061//370
f 1065//376 1018//325 1066//377
f 1064//374 1067//378 1069//379
f 1018//325 1067//378 1066//377
f 1072//380 1067//378 1068//327
f 1070//381 1069//379 1067//378
f 1073//382 1068//327 1014//319
f 1074//383 1069//379 1071//384
f 1076//385 1075//386 1074//383
f 1077//387 1078//388 1076//385
f 1377//375 1078//388 1079//389
f 1082//390 1078//388 1080//391
f 1223//392 1080//391 1077//387
f 1083//393 1080//391 1081//394
f 1085//395 1082//390 1083//393
f 1087//396 1082//390 1084//397
f 1086//398 1085//395 1199//399
f 1086//398 1087//396 1084//397
f 1088//400 1063//372 1087//396
f 1063//372 1079//389 1087//396
f 1057//368 1088//400 1089//401
f 1089//401 1086//398 1091//402
f 1090//403 1057//368 1089//401
f 1090//403 1091//402 1093//404
f 1093//404 1092//405 1094//406
f 1092//405 1086//398 1199//399
f 1096//407 1093//404 1094//406
f 1095//408 1090//403 1093//404
f 1097//409 1096//407 1376//410
f 1099//411 1095//408 1097//409
f 1099//411 1052//363 1098//412
f 1098//412 1054//364 1090//403
f 1102//413 1099//411 1097//409
f 1100//414 1049//361 1099//411
f 1103//415 1101//362 1100//414
f 1106//416 1100//414 1102//413
f 1103//415 1368//417 1105//418
f 1106//416 1104//419 1103//415
f 1108//420 1107//421 1106//416
f 1108//420 1102//413 1110//422
f 1108//420 1112//423 1109//424
f 1108//420 1114//425 1111//426
f 1113//427 1112//423 1111//426
f 1111//426 1116//428 1113//427
f 1110//422 1115//429 1114//425
f 1114//425 1117//430 1116//428
f 1113//427 1118//431 1121//432
f 1116//428 1119//433 1118//431
f 1118//431 1222//434 1120//435
f 1121//432 1120//435 1123//436
f 1123//436 1122//437 1121//432
f 1121//432 1375//438 1113//427
f 1125//439 1124//440 1123//436
f 1123//436 1128//441 1125//439
f 1127//442 1126//443 1125//439
f 1127//442 1128//441 1130//444
f 1130//444 1129//445 1131//446
f 1120//435 1129//445 1128//441
f 1132//447 1131//446 1133//448
f 1135//449 1130//444 1132//447
f 1134//450 1133//448 1374//451
f 1136//452 1132//447 1134//450
f 1136//452 1137//453 1135//449
f 1135//449 1138//454 1127//442
f 1142//455 1139//456 1136//452
f 1143//457 1140//458 1142//455
f 1143//457 1144//459 1146//460
f 1142//455 1134//450 1144//459
f 1134//450 1145//461 1144//459
f 1147//462 1144//459 1145//461
f 1143//457 1148//463 1149//464
f 1146//460 1151//465 1148//463
f 1149//464 1150//466 1275//467
f 1148//463 1152//468 1150//466
f 1151//465 1154//469 1152//468
f 1156//470 1151//465 1147//462
f 1153//471 1238//472 1154//469
f 1157//473 1153//471 1156//470
f 1156//470 1145//461 1158//474
f 1156//470 1160//475 1157//473
f 1145//461 1159//476 1158//474
f 1158//474 1162//477 1160//475
f 1234//478 1160//475 1161//479
f 1160//475 1164//480 1161//479
f 1159//476 1163//481 1162//477
f 1163//481 1164//480 1162//477
f 1164//480 1168//482 1166//483
f 1161//479 1166//483 1167//484
f 1167//484 1169//485 1170//486
f 1168//482 1169//485 1166//483
f 1170//486 1171//487 1230//488
f 1172//489 1171//487 1169//485
f 1214//490 1172//489 1168//482
f 1172//489 1176//491 1174//492
f 1174//492 1229//493 1171//487
f 1174//492 1177//494 1175//495
f 1178//496 1177//494 1176//491
f 1179//497 1176//491 1173//498
f 1182//499 1178//496 1179//497
f 1181//500 1180//501 1178//496
f 1182//499 1184//502 1181//500
f 1181//500 1187//503 1183//504
f 1185//505 1186//506 1184//502
f 1184//502 1189//507 1187//503
f 1188//508 1183//504 1187//503
f 1190//509 1187//503 1189//507
f 1192//162 1189//507 1191//510
f 1186//506 1191//510 1189//507
f 1192//162 1081//394 1223//392
f 1083//393 1191//510 1193//511
f 1085//395 1193//511 1194//512
f 1194//512 1186//506 1195//513
f 1197//514 1194//512 1195//513
f 1199//399 1194//512 1196//515
f 1198//516 1197//514 1200//517
f 1092//405 1196//515 1198//516
f 1202//518 1198//516 1200//517
f 1094//406 1198//516 1201//519
f 1204//520 1201//519 1202//518
f 1096//407 1201//519 1203//521
f 1115//429 1204//520 1117//430
f 1376//410 1203//521 1115//429
f 1119//433 1204//520 1205//522
f 1205//522 1202//518 1207//523
f 1205//522 1208//524 1206//525
f 1222//434 1205//522 1206//525
f 1208//524 1209//526 1210//527
f 1207//523 1200//517 1209//526
f 1210//527 1211//528 1212//529
f 1200//517 1211//528 1209//526
f 1211//528 1182//499 1212//529
f 1211//528 1195//513 1185//505
f 1215//530 1212//529 1213//531
f 1213//531 1182//499 1179//497
f 1216//532 1213//531 1214//490
f 1213//531 1173//498 1214//490
f 1217//533 1216//532 1218//534
f 1217//533 1210//527 1215//530
f 1219//535 1218//534 1220//536
f 1206//525 1217//533 1219//535
f 1131//446 1219//535 1220//536
f 1222//434 1219//535 1129//445
f 1131//446 1221//537 1133//448
f 1221//537 1218//534 1163//481
f 1374//451 1221//537 1159//476
f 1218//534 1165//538 1163//481
f 1216//532 1168//482 1165//538
f 1224//539 1180//501 1183//504
f 1226//540 1180//501 1225//541
f 1227//542 1177//494 1226//540
f 1228//543 1175//495 1227//542
f 929//231 1229//493 1228//543
f 1171//487 931//230 1230//488
f 932//232 1170//486 1230//488
f 1232//544 1170//486 1231//545
f 932//232 941//242 1231//545
f 1232//544 941//242 1233//243
f 1234//478 1167//484 1232//544
f 1232//544 1235//546 1234//478
f 1234//478 1155//547 1157//473
f 1155//547 1236//548 1238//472
f 1235//546 942//244 1236//548
f 1239//549 1236//548 1237//550
f 1236//548 944//245 1237//550
f 1154//469 1239//549 1240//551
f 1239//549 1244//552 1241//553
f 1243//554 1239//549 1241//553
f 1243//554 1242//555 1265//556
f 1242//555 1244//552 1245//557
f 1237//550 947//246 1244//552
f 1245//557 947//246 950//251
f 1242//555 1246//558 1248//559
f 1245//557 1249//254 1246//558
f 1247//560 1249//254 1250//561
f 1248//559 1247//560 1261//562
f 1249//254 1252//563 1250//561
f 1250//561 1253//564 1251//565
f 1247//560 1251//565 1256//566
f 949//253 1254//262 1252//563
f 1252//563 963//267 1253//564
f 1251//565 967//272 1255//567
f 1257//568 1251//565 1255//567
f 1258//569 1257//568 1259//570
f 1261//562 1256//566 1258//569
f 1260//571 1259//570 1294//572
f 1260//571 1261//562 1258//569
f 1262//573 1248//559 1261//562
f 1263//574 1260//571 1292//575
f 1263//574 1264//576 1262//573
f 1268//577 1264//576 1266//578
f 1264//576 1242//555 1248//559
f 1269//579 1266//578 1267//580
f 1267//580 1263//574 1291//581
f 1269//579 1270//582 1268//577
f 1270//582 1265//556 1268//577
f 1271//583 1272//584 1270//582
f 1272//584 1243//554 1270//582
f 1150//466 1272//584 1273//585
f 1272//584 1154//469 1240//551
f 1274//586 1271//583 1277//587
f 1275//467 1273//585 1274//586
f 1274//586 1372//588 1275//467
f 1277//587 1276//589 1274//586
f 1279//590 1278//591 1277//587
f 1277//587 1269//579 1279//590
f 1280//592 1281//593 1279//590
f 1280//592 1269//579 1267//580
f 1284//594 1282//595 1280//592
f 1287//596 1283//597 1284//594
f 1288//598 1285//599 1287//596
f 1288//598 1289//600 1290//601
f 1287//596 1291//581 1289//600
f 1290//601 1292//575 1293//602
f 1291//581 1292//575 1289//600
f 1292//575 1294//572 1293//602
f 1293//602 1298//603 1295//604
f 1290//601 1295//604 1296//605
f 1296//605 1297//606 1337//607
f 1297//606 1298//603 1300//608
f 1294//572 1299//609 1298//603
f 1298//603 1301//610 1300//608
f 1297//606 1302//611 1303//612
f 1302//611 1301//610 1304//613
f 1303//612 1305//614 1307//615
f 1302//611 1308//616 1305//614
f 1306//617 1308//616 1309//618
f 1330//619 1305//614 1306//617
f 1309//618 1310//620 1311//621
f 1304//613 1310//620 1308//616
f 1311//621 979//283 1317//287
f 1310//620 976//281 979//283
f 1301//610 1312//622 1304//613
f 1313//623 976//281 1312//622
f 1299//609 1313//623 1301//610
f 1314//624 974//280 1313//623
f 1259//570 1314//624 1299//609
f 1257//568 1315//625 1314//624
f 1255//567 969//273 1315//625
f 1311//621 997//302 1316//626
f 1309//618 1316//626 1318//627
f 1318//627 1319//628 1320//629
f 1316//626 999//303 1319//628
f 1320//629 1321//630 1322//631
f 1321//630 999//303 1002//305
f 1321//630 1379//309 1031//340
f 1033//341 1321//630 1031//340
f 1323//632 1320//629 1322//631
f 1323//632 1033//341 1035//345
f 1355//344 1323//632 1035//345
f 1324//633 1325//634 1323//632
f 1328//635 1325//634 1326//636
f 1325//634 1318//627 1320//629
f 1328//635 1306//617 1327//637
f 1306//617 1318//627 1327//637
f 1329//638 1326//636 1351//639
f 1329//638 1330//619 1328//635
f 1331//640 1307//615 1330//619
f 1346//641 1331//640 1329//638
f 1332//642 1333//643 1331//640
f 1336//644 1333//643 1334//645
f 1333//643 1303//612 1307//615
f 1338//646 1335//647 1336//644
f 1337//607 1303//612 1335//647
f 1340//648 1337//607 1338//646
f 1336//644 1339//649 1338//646
f 1338//646 1341//650 1340//648
f 1340//648 1286//651 1288//598
f 1288//598 1296//605 1340//648
f 1334//645 1342//652 1336//644
f 1332//642 1343//653 1334//645
f 1346//641 1344//654 1332//642
f 1349//655 1345//656 1346//641
f 1350//657 1347//658 1349//655
f 1350//657 1351//639 1352//659
f 1349//655 1329//638 1351//639
f 1351//639 1324//633 1352//659
f 1354//660 1352//659 1353//661
f 1353//661 1324//633 1355//344
f 1357//662 1353//661 1356//663
f 1356//663 1355//344 1036//347
f 1357//662 1358//353 1359//664
f 1356//663 1038//346 1358//353
f 1359//664 1042//354 1361//665
f 1370//666 1359//664 1360//667
f 1361//665 1360//667 1359//664
f 1361//665 1044//352 1362//668
f 1362//668 1363//669 1361//665
f 1366//670 1364//671 1362//668
f 1369//672 1365//673 1366//670
f 1105//418 1367//674 1369//672
f 1366//670 1050//358 1369//672
f 1369//672 1101//362 1105//418
f 1362//668 1046//356 1366//670
f 1357//662 1371//675 1354//660
f 1354//660 1348//676 1350//657
f 1284//594 1267//580 1291//581
f 1275//467 1373//677 1149//464
f 1141//678 1149//464 1373//677
f 1110//422 1097//409 1376//410
f 1064//374 1075//386 1377//375
f 1058//679 1023//330 1061//370
f 1055//365 1025//333 1058//679
f 1040//350 1055//365 1047//357
f 1030//339 1001//308 1380//323
f 1030//339 1016//322 1022//328
f 1012//318 1001//308 1004//307
f 1382//680 955//260 936//238
f 939//239 955//260 946//248
f 772//66 923//225 1383//64
f 771//61 922//224 1384//681
f 1384//681 920//221 1386//682
f 769//62 1384//681 1385//683
f 1388//684 1384//681 1386//682
f 1386//682 918//220 1387//685
f 1389//686 1386//682 1387//685
f 1390//687 1387//685 906//209
f 906//209 918//220 908//208
f 1391//161 911//211 913//215
f 1392//160 1393//688 1391//161
f 1394//205 1395//689 1397//690
f 1394//205 911//211 1393//688
f 1403//691 1395//689 1392//160
f 1397//690 1396//692 1398//693
f 898//199 1394//205 1397//690
f 898//199 1398//693 896//197
f 1398//693 1400//694 1399//695
f 896//197 1399//695 894//193
f 875//696 1400//694 873//177
f 894//193 875//696 878//178
f 1401//697 873//177 1400//694
f 1403//691 1400//694 1396//692
f 1404//698 850//149 852//156
f 1405//699 1407//147 850//149
f 1406//700 1410//701 1407//147
f 1408//702 814//112 1410//701
f 1411//122 1407//147 1410//701
f 816//117 1410//701 814//112
f 3//1 5//1 6//1
f 3//1 6//1 115//703
f 51//1 53//1 52//1
f 53//1 2//5 73//704
f 52//1 53//1 73//704
f 1//705 3//1 115//703
f 1//705 115//703 114//706
f 80//707 73//704 2//5
f 1//705 114//706 113//708
f 1//705 113//708 112//709
f 81//1 80//707 2//5
f 82//1 81//1 2//5
f 1//705 112//709 107//710
f 1//705 107//710 106//711
f 84//1 82//1 2//5
f 86//1 84//1 2//5
f 2//5 1//705 98//3
f 1//705 106//711 104//712
f 1//705 104//712 102//713
f 88//714 86//1 2//5
f 90//715 88//714 2//5
f 1//705 102//713 100//716
f 1//705 100//716 99//717
f 91//718 90//715 2//5
f 95//4 91//718 2//5
f 1//705 99//717 98//3
f 53//1 51//1 49//1
f 53//1 49//1 54//719
f 49//1 48//720 54//719
f 55//721 54//719 48//720
f 57//722 56//723 41//724
f 56//723 55//721 42//725
f 41//724 56//723 42//725
f 59//1 58//726 37//727
f 58//726 57//722 39//728
f 37//727 58//726 39//728
f 61//729 60//730 35//731
f 60//730 59//1 37//727
f 63//7 62//732 33//733
f 62//732 61//729 34//734
f 65//735 64//736 26//737
f 64//736 63//7 27//1
f 26//737 64//736 27//1
f 69//738 66//739 22//740
f 66//739 65//735 25//741
f 22//740 66//739 25//741
f 67//742 68//743 20//744
f 68//743 69//738 20//744
f 71//745 70//746 16//747
f 70//746 67//742 18//748
f 4//749 72//750 9//751
f 72//750 71//745 11//1
f 9//751 72//750 11//1
f 5//1 3//1 7//1
f 3//1 4//749 7//1
f 9//751 7//1 4//749
f 70//746 18//748 16//747
f 62//732 34//734 33//733
f 60//730 37//727 35//731
f 55//721 48//720 47//752
f 67//742 20//744 18//748
f 20//744 69//738 22//740
f 55//721 47//752 42//725
f 12//753 11//1 71//745
f 16//747 12//753 71//745
f 41//724 39//728 57//722
f 61//729 35//731 34//734
f 25//741 65//735 26//737
f 63//7 33//733 28//6
f 46//754 650//755 652//756
f 46//754 652//756 45//757
f 652//756 653//758 45//757
f 44//1 45//757 653//758
f 40//1 43//1 660//1
f 43//1 44//1 658//1
f 660//1 43//1 658//1
f 36//759 38//760 665//761
f 38//760 40//1 662//762
f 31//1 32//763 667//764
f 32//763 36//759 666//765
f 667//764 32//763 666//765
f 29//10 30//766 673//8
f 30//766 31//1 668//767
f 23//768 24//769 675//770
f 24//769 29//10 674//9
f 675//770 24//769 674//9
f 19//771 21//772 678//773
f 21//772 23//768 677//774
f 678//773 21//772 677//774
f 15//775 17//776 685//777
f 17//776 19//771 682//778
f 685//777 17//776 682//778
f 13//1 14//1 687//1
f 14//1 15//775 686//779
f 693//780 10//781 688//1
f 10//781 13//1 688//1
f 14//1 686//779 687//1
f 686//779 15//775 685//777
f 30//766 668//767 673//8
f 38//760 662//762 665//761
f 662//762 40//1 660//1
f 44//1 653//758 658//1
f 687//1 688//1 13//1
f 678//773 682//778 19//771
f 36//759 665//761 666//765
f 677//774 23//768 675//770
f 31//1 667//764 668//767
f 76//782 77//783 631//784
f 76//782 631//784 630//785
f 75//786 74//15 626//787
f 74//15 76//782 629//788
f 123//26 430//41 622//1
f 430//41 486//50 623//789
f 625//790 75//786 626//787
f 486//50 75//786 625//790
f 74//15 629//788 628//791
f 76//782 630//785 629//788
f 74//15 628//791 627//792
f 120//793 122//12 619//11
f 122//12 123//26 620//13
f 616//794 119//19 617//1
f 74//15 627//792 626//787
f 119//19 120//793 618//795
f 119//19 616//794 615//796
f 119//19 615//796 614//797
f 486//50 625//790 624//798
f 117//799 119//19 614//797
f 617//1 119//19 618//795
f 613//1 118//800 117//799
f 614//797 613//1 117//799
f 486//50 624//798 623//789
f 430//41 623//789 622//1
f 618//795 120//793 619//11
f 123//26 622//1 621//1
f 123//26 621//1 620//13
f 75//786 580//1 548//1
f 75//786 548//1 547//801
f 518//802 516//1 532//1
f 516//1 515//803 533//1
f 520//804 519//805 530//806
f 519//805 518//802 530//806
f 522//807 521//808 520//804
f 524//809 523//810 522//807
f 526//811 525//812 522//807
f 525//812 524//809 522//807
f 528//813 527//814 526//811
f 530//806 529//815 528//813
f 532//1 531//816 518//802
f 531//816 530//806 518//802
f 533//1 532//1 516//1
f 530//806 528//813 522//807
f 528//813 526//811 522//807
f 522//807 520//804 530//806
f 74//15 75//786 546//817
f 75//786 547//801 546//817
f 74//15 546//817 545//818
f 74//15 545//818 544//819
f 534//820 533//1 515//803
f 74//15 544//819 543//821
f 74//15 543//821 542//822
f 534//820 515//803 50//823
f 535//1 534//820 50//823
f 74//15 542//822 541//824
f 74//15 541//824 540//825
f 535//1 50//823 74//15
f 536//1 535//1 74//15
f 74//15 540//825 539//826
f 74//15 539//826 538//14
f 537//1 536//1 74//15
f 117//799 118//800 612//827
f 117//799 612//827 116//828
f 612//827 649//829 116//828
f 111//830 116//828 649//829
f 109//831 110//832 647//833
f 110//832 111//830 648//834
f 105//835 108//836 645//837
f 108//836 109//831 646//838
f 101//839 103//840 643//841
f 103//840 105//835 644//842
f 644//842 105//835 645//837
f 96//843 97//844 641//845
f 97//844 101//839 642//846
f 641//845 97//844 642//846
f 93//18 94//847 640//16
f 94//847 96//843 641//845
f 640//16 94//847 641//845
f 89//848 92//849 638//850
f 92//849 93//18 639//17
f 638//850 92//849 639//17
f 85//851 87//852 636//853
f 87//852 89//848 637//854
f 636//853 87//852 637//854
f 79//855 83//856 634//857
f 83//856 85//851 635//858
f 634//857 83//856 635//858
f 76//782 78//1 632//1
f 78//1 79//855 633//1
f 632//1 77//783 76//782
f 633//1 632//1 78//1
f 633//1 79//855 634//857
f 108//836 646//838 645//837
f 110//832 648//834 647//833
f 648//834 111//830 649//829
f 109//831 647//833 646//838
f 636//853 635//858 85//851
f 637//854 89//848 638//850
f 103//840 644//842 643//841
f 101//839 643//841 642//846
f 297//36 284//1 282//1
f 282//1 281//1 297//36
f 281//1 280//859 297//36
f 280//859 279//860 278//861
f 278//861 277//862 276//863
f 276//863 275//864 274//865
f 274//865 273//866 297//36
f 273//866 272//867 297//36
f 276//863 274//865 297//36
f 280//859 278//861 297//36
f 278//861 276//863 297//36
f 298//21 297//36 272//867
f 298//21 272//867 271//868
f 258//869 121//870 120//793
f 8//871 233//872 309//873
f 233//872 234//1 235//1
f 233//872 235//1 311//874
f 258//869 120//793 259//875
f 120//793 119//19 261//1
f 259//875 120//793 260//876
f 260//876 120//793 261//1
f 233//872 311//874 310//877
f 233//872 310//877 309//873
f 8//871 309//873 308//878
f 262//1 261//1 119//19
f 263//1 262//1 119//19
f 8//871 308//878 307//879
f 8//871 307//879 306//880
f 264//881 263//1 119//19
f 265//882 264//881 119//19
f 8//871 306//880 305//883
f 8//871 305//883 304//884
f 266//885 265//882 119//19
f 267//886 266//885 119//19
f 8//871 304//884 303//887
f 8//871 303//887 302//888
f 268//889 267//886 119//19
f 269//890 268//889 119//19
f 119//19 8//871 300//891
f 8//871 302//888 301//892
f 8//871 301//892 300//891
f 270//893 269//890 119//19
f 271//868 270//893 119//19
f 119//19 300//891 299//20
f 298//21 271//868 119//19
f 153//29 152//1 151//1
f 151//1 150//894 153//29
f 150//894 149//895 153//29
f 149//895 148//896 147//897
f 147//897 146//862 145//1
f 145//1 144//898 143//1
f 143//1 142//899 153//29
f 142//899 141//900 153//29
f 145//1 143//1 153//29
f 149//895 147//897 153//29
f 147//897 145//1 153//29
f 167//901 153//29 141//900
f 167//901 141//900 140//1
f 125//902 124//1 122//12
f 122//12 120//793 131//903
f 120//793 121//870 257//1
f 120//793 257//1 256//904
f 128//905 125//902 122//12
f 129//906 128//905 122//12
f 120//793 256//904 255//907
f 120//793 255//907 132//908
f 130//909 129//906 122//12
f 131//903 130//909 122//12
f 120//793 132//908 131//903
f 255//907 254//910 132//908
f 254//910 253//1 132//908
f 133//911 132//908 253//1
f 253//1 252//912 133//911
f 252//912 251//913 135//1
f 134//914 133//911 252//912
f 135//1 134//914 252//912
f 251//913 250//915 137//916
f 135//1 251//913 136//1
f 250//915 249//1 139//917
f 136//1 251//913 137//916
f 249//1 248//1 140//1
f 137//916 250//915 138//918
f 138//918 250//915 139//917
f 248//1 247//1 167//901
f 139//917 249//1 140//1
f 247//1 246//919 168//920
f 140//1 248//1 167//901
f 246//919 245//921 169//922
f 167//901 247//1 168//920
f 245//921 244//923 170//924
f 168//920 246//919 169//922
f 244//923 243//925 171//926
f 169//922 245//921 170//924
f 243//925 242//927 172//928
f 170//924 244//923 171//926
f 171//926 243//925 172//928
f 242//927 241//929 173//930
f 172//928 242//927 173//930
f 241//929 240//931 174//932
f 173//930 241//929 174//932
f 240//931 239//933 176//934
f 174//932 240//931 175//1
f 239//933 238//935 176//934
f 175//1 240//931 176//934
f 238//935 237//936 233//872
f 176//934 238//935 177//937
f 236//938 234//1 233//872
f 237//936 236//938 233//872
f 238//935 233//872 177//937
f 233//872 231//22 177//937
f 231//22 183//1 181//939
f 231//22 181//939 180//940
f 231//22 180//940 179//23
f 178//24 177//937 231//22
f 232//39 340//941 342//1
f 232//39 342//1 343//942
f 183//1 231//22 182//1
f 231//22 232//39 371//943
f 182//1 231//22 184//944
f 184//944 231//22 185//945
f 232//39 343//942 379//946
f 232//39 379//946 378//947
f 185//945 231//22 186//948
f 186//948 231//22 371//943
f 232//39 378//947 377//949
f 232//39 377//949 376//950
f 187//1 186//948 371//943
f 232//39 376//950 375//951
f 232//39 375//951 374//952
f 188//1 187//1 371//943
f 189//953 188//1 371//943
f 232//39 374//952 373//954
f 232//39 373//954 372//955
f 190//956 189//953 370//957
f 191//1 190//956 370//957
f 189//953 371//943 370//957
f 232//39 372//955 371//943
f 370//957 369//958 193//959
f 369//958 368//960 193//959
f 368//960 367//961 354//46
f 192//1 191//1 370//957
f 368//960 354//46 193//959
f 367//961 366//962 354//46
f 366//962 365//1 364//963
f 364//963 363//964 362//965
f 362//965 361//966 360//967
f 360//967 359//968 354//46
f 359//968 358//969 354//46
f 354//46 123//26 196//970
f 123//26 122//12 202//971
f 198//972 123//26 199//1
f 364//963 362//965 354//46
f 362//965 360//967 354//46
f 366//962 364//963 354//46
f 193//959 192//1 370//957
f 194//1 193//959 354//46
f 123//26 198//972 197//973
f 122//12 124//1 126//974
f 122//12 126//974 127//975
f 195//976 194//1 354//46
f 122//12 127//975 202//971
f 202//971 201//977 123//26
f 196//970 195//976 354//46
f 197//973 196//970 123//26
f 201//977 200//25 123//26
f 152//1 153//29 154//978
f 153//29 166//979 165//980
f 154//978 153//29 155//981
f 165//980 164//982 153//29
f 164//982 163//983 153//29
f 163//983 162//984 153//29
f 162//984 161//985 153//29
f 161//985 160//1 153//29
f 160//1 159//1 158//27
f 158//27 157//986 156//28
f 156//28 155//981 153//29
f 160//1 158//27 153//29
f 228//987 227//988 226//989
f 226//989 225//1 228//987
f 225//1 224//30 228//987
f 224//30 223//990 220//991
f 223//990 222//992 220//991
f 222//992 221//1 220//991
f 220//991 219//993 218//994
f 218//994 217//995 220//991
f 217//995 216//996 220//991
f 216//996 215//1 214//997
f 214//997 213//998 212//31
f 212//31 211//1 208//999
f 211//1 210//1000 208//999
f 210//1000 209//1001 208//999
f 208//999 207//1002 206//1003
f 206//1003 205//1004 203//1
f 203//1 204//1005 230//1
f 230//1 229//1 224//30
f 229//1 228//987 224//30
f 216//996 214//997 220//991
f 214//997 212//31 224//30
f 220//991 214//997 224//30
f 208//999 206//1003 212//31
f 206//1003 203//1 212//31
f 203//1 230//1 224//30
f 10//781 693//780 694//1006
f 10//781 694//1006 695//1007
f 233//872 8//871 703//1008
f 8//871 10//781 695//1007
f 697//1009 8//871 695//1007
f 339//1010 232//39 711//1011
f 232//39 231//22 707//1012
f 705//1013 233//872 703//1008
f 231//22 233//872 705//1013
f 8//871 697//1009 699//1014
f 8//871 699//1014 701//1015
f 515//803 514//32 717//1
f 514//32 339//1010 713//1016
f 722//1017 50//823 721//1018
f 8//871 701//1015 703//1008
f 50//823 515//803 719//1019
f 50//823 722//1017 727//1020
f 50//823 727//1020 46//754
f 231//22 705//1013 707//1012
f 721//1018 50//823 719//1019
f 651//1 650//755 46//754
f 728//1021 651//1 46//754
f 232//39 707//1012 709//1
f 727//1020 728//1021 46//754
f 232//39 709//1 711//1011
f 719//1019 515//803 717//1
f 339//1010 711//1011 713//1016
f 713//1016 715//33 514//32
f 284//1 297//36 283//1
f 297//36 296//1022 295//1023
f 283//1 297//36 285//1024
f 295//1023 294//1025 297//36
f 294//1025 293//1026 297//36
f 293//1026 292//1 297//36
f 292//1 291//1027 297//36
f 291//1027 290//1028 297//36
f 290//1028 289//1029 288//34
f 288//34 287//1030 286//35
f 286//35 285//1024 297//36
f 290//1028 288//34 297//36
f 316//1 315//1 317//1031
f 315//1 314//1 317//1031
f 314//1 313//1 317//1031
f 313//1 312//1032 317//1031
f 312//1032 338//1033 337//1
f 337//1 336//1 333//1
f 336//1 335//1 333//1
f 335//1 334//1034 333//1
f 333//1 332//1035 331//1
f 331//1 330//1036 329//1
f 329//1 328//1 327//1037
f 327//1037 326//1038 325//1039
f 325//1039 324//1040 323//1041
f 323//1041 322//1042 325//1039
f 322//1042 321//37 325//1039
f 321//37 320//1 319//1
f 319//1 318//1043 312//1032
f 318//1043 317//1031 312//1032
f 312//1032 337//1 319//1
f 333//1 331//1 337//1
f 331//1 329//1 337//1
f 329//1 327//1037 321//37
f 327//1037 325//1039 321//37
f 321//37 319//1 337//1
f 339//1010 461//1 462//1
f 339//1010 462//1 463//1
f 341//1 340//941 346//1044
f 340//941 232//39 346//1044
f 346//1044 345//1045 344//1046
f 344//1046 341//1 346//1044
f 232//39 339//1010 421//40
f 339//1010 463//1 464//1047
f 339//1010 464//1047 465//1048
f 347//38 346//1044 232//39
f 339//1010 465//1048 466//1049
f 339//1010 466//1049 467//1050
f 339//1010 467//1050 468//1051
f 339//1010 468//1051 420//1052
f 420//1052 468//1051 469//1053
f 339//1010 420//1052 421//40
f 469//1053 470//1 420//1052
f 470//1 471//1 420//1052
f 471//1 472//1 420//1052
f 472//1 473//1 420//1052
f 473//1 474//1 420//1052
f 474//1 475//1054 420//1052
f 475//1054 476//1055 420//1052
f 476//1055 477//1056 418//1057
f 420//1052 476//1055 418//1057
f 477//1056 478//1058 418//1057
f 478//1058 479//1059 418//1057
f 479//1059 480//1060 418//1057
f 480//1060 481//1061 427//1062
f 481//1061 482//1063 427//1062
f 418//1057 480//1060 427//1062
f 482//1063 483//1064 427//1062
f 483//1064 484//1065 427//1062
f 435//1 434//1 433//1066
f 427//1062 426//1 417//1
f 426//1 425//1 417//1
f 435//1 433//1066 485//1
f 433//1066 427//1062 485//1
f 425//1 416//1 417//1
f 418//1057 419//1 420//1052
f 427//1062 417//1 418//1057
f 484//1065 485//1 427//1062
f 381//1 380//1067 424//1068
f 380//1067 349//1069 424//1068
f 424//1068 349//1069 347//38
f 421//40 422//1 423//1070
f 423//1070 424//1068 347//38
f 423//1070 347//38 421//40
f 425//1 426//1 415//1
f 426//1 428//1071 415//1
f 428//1071 429//1 430//41
f 123//26 354//46 350//1
f 354//46 353//45 352//1072
f 350//1 354//46 351//1
f 352//1072 351//1 354//46
f 428//1071 430//41 405//1073
f 430//41 123//26 401//1074
f 414//1 415//1 428//1071
f 348//1075 349//1069 397//1076
f 349//1069 380//1067 382//1077
f 397//1076 349//1069 382//1077
f 123//26 350//1 348//1075
f 413//1 414//1 428//1071
f 412//1 413//1 428//1071
f 382//1077 383//1078 395//1
f 397//1076 382//1077 396//1079
f 383//1078 384//1080 385//1081
f 385//1081 386//1082 389//1083
f 386//1082 387//1084 389//1083
f 387//1084 388//1085 389//1083
f 389//1083 390//1 391//1
f 391//1 392//1 389//1083
f 392//1 393//1 389//1083
f 393//1 394//1 383//1078
f 394//1 395//1 383//1078
f 395//1 396//1079 382//1077
f 383//1078 385//1081 393//1
f 385//1081 389//1083 393//1
f 348//1075 397//1076 398//1086
f 411//1 412//1 428//1071
f 410//1 411//1 428//1071
f 123//26 348//1075 398//1086
f 123//26 398//1086 399//1087
f 409//1 410//1 428//1071
f 408//1 409//1 428//1071
f 123//26 399//1087 400//1088
f 123//26 400//1088 401//1074
f 407//1089 408//1 428//1071
f 406//1090 407//1089 428//1071
f 430//41 401//1074 402//1091
f 430//41 402//1091 403//42
f 405//1073 406//1090 428//1071
f 404//43 405//1073 430//41
f 354//46 358//969 357//1
f 357//1 356//1 354//46
f 356//1 355//44 354//46
f 514//32 512//1 513//1
f 514//32 513//1 581//1
f 461//1 339//1010 460//1
f 339//1010 514//32 454//1092
f 460//1 339//1010 459//1
f 459//1 339//1010 458//1
f 514//32 581//1 582//1093
f 514//32 582//1093 583//1094
f 458//1 339//1010 457//1
f 457//1 339//1010 456//1
f 514//32 583//1094 584//1095
f 514//32 584//1095 450//1096
f 584//1095 585//1097 450//1096
f 456//1 339//1010 455//1
f 455//1 339//1010 454//1092
f 585//1097 586//1098 450//1096
f 586//1098 587//1 450//1096
f 587//1 588//1099 449//1100
f 450//1096 587//1 449//1100
f 588//1099 589//1101 448//1102
f 453//1103 454//1092 514//32
f 452//1104 453//1103 514//32
f 589//1101 590//1 446//1105
f 449//1100 588//1099 448//1102
f 590//1 591//1106 432//47
f 451//1 452//1104 514//32
f 450//1096 451//1 514//32
f 591//1106 592//1107 432//47
f 448//1102 589//1101 447//1108
f 447//1108 589//1101 446//1105
f 592//1107 593//1 432//47
f 446//1105 590//1 445//1109
f 445//1109 590//1 432//47
f 593//1 594//1 432//47
f 594//1 595//1 432//47
f 595//1 596//1 432//47
f 596//1 597//1110 431//1111
f 445//1109 432//47 444//1112
f 444//1112 432//47 443//1113
f 598//1 599//1114 487//51
f 599//1114 600//1 488//1115
f 432//47 596//1 431//1111
f 599//1114 488//1115 487//51
f 600//1 601//1 488//1115
f 442//1116 443//1113 432//47
f 601//1 602//1 488//1115
f 441//49 442//1116 432//47
f 602//1 603//1 488//1115
f 603//1 604//1117 488//1115
f 604//1117 605//1 606//1118
f 606//1118 607//1 608//1
f 608//1 609//1 606//1118
f 609//1 610//1 606//1118
f 610//1 611//1 604//1117
f 611//1 488//1115 604//1117
f 487//51 486//50 598//1
f 486//50 430//41 597//1110
f 430//41 429//1 431//1111
f 430//41 431//1111 597//1110
f 604//1117 606//1118 610//1
f 432//47 433//1066 437//1119
f 433//1066 434//1 436//1120
f 433//1066 436//1120 437//1119
f 597//1110 598//1 486//50
f 432//47 437//1119 438//1121
f 432//47 438//1121 439//1122
f 432//47 439//1122 440//48
f 515//803 516//1 565//1123
f 516//1 517//1124 566//1125
f 565//1123 516//1 566//1125
f 517//1124 579//1 568//1126
f 579//1 578//1127 568//1126
f 578//1127 577//1128 576//1129
f 576//1129 575//1130 572//1131
f 575//1130 574//1132 572//1131
f 574//1132 573//1133 572//1131
f 572//1131 571//1134 570//1135
f 570//1135 569//1136 568//1126
f 568//1126 567//1137 517//1124
f 567//1137 566//1125 517//1124
f 572//1131 570//1135 576//1129
f 570//1135 568//1126 576//1129
f 578//1127 576//1129 568//1126
f 512//1 514//32 511//1
f 514//32 515//803 564//1138
f 511//1 514//32 505//1139
f 505//1139 506//1 507//1140
f 505//1139 507//1140 508//1141
f 505//1139 508//1141 509//1142
f 505//1139 509//1142 510//1143
f 515//803 565//1123 564//1138
f 505//1139 510//1143 511//1
f 514//32 564//1138 505//1139
f 504//1 505//1139 564//1138
f 504//1 564//1138 563//1144
f 503//1145 504//1 563//1144
f 503//1145 563//1144 562//1146
f 500//1147 501//1148 495//1149
f 501//1148 502//1 487//51
f 495//1149 501//1148 494//1150
f 503//1145 562//1146 561//1151
f 499//1152 500//1147 495//1149
f 503//1145 561//1151 560//1153
f 498//1154 499//1152 495//1149
f 503//1145 560//1153 559//1155
f 497//1156 498//1154 495//1149
f 503//1145 559//1155 558//1157
f 496//1 497//1156 495//1149
f 503//1145 558//1157 557//1158
f 494//1150 501//1148 493//1159
f 503//1145 557//1158 556//1160
f 493//1159 501//1148 492//1161
f 503//1145 556//1160 555//1162
f 492//1161 501//1148 491//1163
f 503//1145 555//1162 554//1164
f 491//1163 501//1148 490//1
f 503//1145 554//1164 553//1165
f 490//1 501//1148 489//1
f 503//1145 553//1165 552//1166
f 489//1 501//1148 487//51
f 503//1145 552//1166 75//786
f 552//1166 551//1167 75//786
f 502//1 503//1145 486//50
f 486//50 503//1145 75//786
f 551//1167 550//1168 75//786
f 580//1 75//786 549//1
f 549//1 75//786 550//1168
f 692//1169 691//1 690//1170
f 690//1170 689//2 684//1171
f 684//1171 683//1 681//1172
f 681//1172 680//1173 679//1174
f 679//1174 676//1175 672//1176
f 672//1176 671//1177 670//1178
f 670//1178 669//1 664//52
f 664//52 663//1179 661//1180
f 661//1180 659//1 657//1181
f 657//1181 656//1 654//1
f 654//1 655//1 726//53
f 726//53 725//1 724//1
f 724//1 723//1 720//1182
f 720//1182 718//1183 716//1184
f 716//1184 714//1 712//54
f 712//54 710//1185 704//1186
f 710//1185 708//1187 704//1186
f 708//1187 706//1 704//1186
f 704//1186 702//1 700//1
f 700//1 698//1 704//1186
f 698//1 696//1188 704//1186
f 696//1188 692//1169 690//1170
f 690//1170 684//1171 681//1172
f 681//1172 679//1174 672//1176
f 672//1176 670//1178 681//1172
f 670//1178 664//52 681//1172
f 664//52 661//1180 657//1181
f 657//1181 654//1 726//53
f 726//53 724//1 720//1182
f 720//1182 716//1184 726//53
f 716//1184 712//54 726//53
f 696//1188 690//1170 664//52
f 690//1170 681//1172 664//52
f 664//52 657//1181 726//53
f 712//54 704//1186 664//52
f 704//1186 696//1188 664//52
f 731//1 729//1 733//1
f 729//1 730//1 733//1
f 730//1 732//1 733//1
f 733//1 734//1 737//1189
f 734//1 735//1 737//1189
f 735//1 736//1 737//1189
f 737//1189 738//1190 741//57
f 738//1190 739//1191 741//57
f 739//1191 740//1192 741//57
f 741//57 742//1 745//1193
f 742//1 743//1194 745//1193
f 743//1194 744//1195 745//1193
f 745//1193 746//1196 749//1197
f 746//1196 747//1198 749//1197
f 747//1198 748//1 749//1197
f 749//1197 750//1 751//1
f 751//1 752//1199 749//1197
f 752//1199 753//1200 749//1197
f 753//1200 754//1201 755//1202
f 755//1202 756//1 753//1200
f 756//1 757//1203 753//1200
f 757//1203 758//1204 759//1205
f 759//1205 760//1206 757//1203
f 760//1206 761//55 757//1203
f 761//55 762//1 763//1
f 763//1 764//1 761//55
f 764//1 765//56 761//55
f 765//56 766//1 731//1
f 765//56 731//1 733//1
f 733//1 737//1189 765//56
f 737//1189 741//57 765//56
f 741//57 745//1193 757//1203
f 745//1193 749//1197 757//1203
f 749//1197 753//1200 757//1203
f 757//1203 761//55 741//57
f 773//58 770//63 767//59
f 767//59 770//63 771//61
f 770//63 772//66 1383//64
f 770//63 773//58 775//65
f 773//58 774//138 776//67
f 842//68 774//138 773//58
f 775//65 776//67 780//69
f 772//66 775//65 777//70
f 926//72 778//71 777//70
f 779//73 777//70 780//69
f 781//74 780//69 782//75
f 776//67 783//78 782//75
f 787//77 785//79 782//75
f 784//76 782//75 785//79
f 789//81 786//80 785//79
f 791//83 788//82 785//79
f 789//81 788//82 790//84
f 793//86 790//84 788//82
f 840//87 792//89 791//83
f 794//88 793//86 791//83
f 796//90 795//91 793//86
f 795//91 798//94 790//84
f 832//92 797//93 795//91
f 797//93 800//97 798//94
f 799//95 1412//85 790//84
f 802//96 799//95 798//94
f 803//98 802//96 800//97
f 797//93 833//130 801//99
f 927//227 926//72 779//73
f 927//227 779//73 928//236
f 779//73 781//74 928//236
f 937//237 928//236 781//74
f 1381//259 1382//680 784//76
f 1382//680 937//237 784//76
f 958//257 954//258 789//81
f 954//258 1381//259 786//80
f 960//264 959//263 802//96
f 959//263 958//257 799//95
f 802//96 959//263 799//95
f 989//102 961//265 803//98
f 961//265 960//264 802//96
f 987//291 988//292 807//106
f 988//292 989//102 806//101
f 807//106 988//292 806//101
f 986//294 985//290 813//111
f 985//290 987//291 813//111
f 991//295 990//293 1406//700
f 990//293 986//294 1408//702
f 1406//700 990//293 1408//702
f 1008//312 1007//313 1405//699
f 1007//313 991//295 1406//700
f 857//155 1009//314 1008//312
f 1404//698 857//155 1008//312
f 1007//313 1406//700 1405//699
f 813//111 987//291 807//106
f 961//265 802//96 803//98
f 954//258 786//80 789//81
f 937//237 781//74 784//76
f 1405//699 1404//698 1008//312
f 1381//259 784//76 786//80
f 958//257 789//81 1412//85
f 1409//113 1408//702 986//294
f 813//111 1409//113 986//294
f 958//257 1412//85 799//95
f 989//102 803//98 804//100
f 803//98 801//99 805//103
f 804//100 805//103 808//104
f 806//101 808//104 810//105
f 811//107 810//105 808//104
f 809//108 808//104 805//103
f 811//107 815//114 812//110
f 807//106 810//105 812//110
f 813//111 812//110 814//112
f 815//114 816//117 814//112
f 819//115 817//116 815//114
f 817//116 820//121 816//117
f 822//118 820//121 817//116
f 818//119 817//116 819//115
f 820//121 821//142 1411//122
f 823//123 821//142 820//121
f 825//124 824//120 819//115
f 826//126 825//124 827//125
f 827//125 819//115 811//107
f 828//127 827//125 809//108
f 826//126 828//127 830//128
f 830//128 828//127 829//109
f 831//129 830//128 832//92
f 830//128 833//130 797//93
f 833//130 829//109 805//103
f 835//132 834//131 832//92
f 835//132 796//90 794//88
f 836//133 794//88 792//89
f 837//134 792//89 840//87
f 838//135 840//87 841//136
f 841//136 840//87 787//77
f 774//138 841//136 783//78
f 839//137 841//136 774//138
f 844//139 847//143 845//140
f 843//141 845//140 821//142
f 845//140 846//144 1411//122
f 847//143 849//146 846//144
f 848//145 851//148 849//146
f 844//139 892//191 848//145
f 849//146 850//149 1407//147
f 851//148 852//156 850//149
f 854//150 853//152 851//148
f 856//151 852//156 851//148
f 854//150 888//189 855//153
f 853//152 855//153 858//154
f 857//155 1404//698 852//156
f 857//155 856//151 858//154
f 855//153 887//168 859//158
f 860//157 858//154 859//158
f 1009//314 857//155 860//157
f 1009//314 860//157 1010//321
f 860//157 861//159 1010//321
f 1073//382 1010//321 861//159
f 1070//381 1072//380 862//164
f 1072//380 1073//382 862//164
f 1074//383 1071//384 869//172
f 1071//384 1070//381 863//166
f 1077//387 1076//385 1401//697
f 1076//385 1074//383 1402//176
f 1401//697 1076//385 1402//176
f 1192//162 1223//392 1403//691
f 1223//392 1077//387 1401//697
f 1188//508 1190//509 913//215
f 1190//509 1192//162 1391//161
f 913//215 1190//509 1391//161
f 1225//541 1224//539 912//212
f 1224//539 1188//508 912//212
f 1227//542 1226//540 916//218
f 1226//540 1225//541 915//217
f 916//218 1226//540 915//217
f 929//231 1228//543 924//223
f 1228//543 1227//542 916//218
f 926//72 927//227 929//231
f 925//226 926//72 929//231
f 1228//543 916//218 924//223
f 912//212 1188//508 913//215
f 1223//392 1401//697 1403//691
f 1071//384 863//166 869//172
f 1073//382 861//159 862//164
f 924//223 925//226 929//231
f 1070//381 862//164 863//166
f 1074//383 869//172 872//173
f 914//214 915//217 1225//541
f 912//212 914//214 1225//541
f 1074//383 872//173 1402//176
f 1192//162 1403//691 1392//160
f 861//159 859//158 864//163
f 862//164 864//163 866//165
f 865//167 864//163 859//158
f 867//169 866//165 864//163
f 870//170 868//171 866//165
f 863//166 866//165 868//171
f 872//173 869//172 868//171
f 874//175 871//174 868//171
f 1402//176 872//173 871//174
f 874//175 875//696 873//177
f 878//178 875//696 874//175
f 877//180 876//179 874//175
f 879//181 876//179 877//180
f 879//181 880//195 878//178
f 882//183 881//182 877//180
f 883//185 882//183 884//184
f 877//180 870//170 867//169
f 885//186 884//184 867//169
f 886//187 885//186 865//167
f 889//188 883//185 885//186
f 888//189 886//187 887//168
f 889//188 886//187 888//189
f 854//150 891//1207 890//190
f 892//191 891//1207 854//150
f 895//192 896//197 894//193
f 893//194 894//193 878//178
f 897//196 898//199 896//197
f 897//196 899//203 904//198
f 901//200 905//207 902//201
f 900//202 902//201 904//198
f 904//198 902//201 903//204
f 902//201 905//207 907//206
f 905//207 906//209 908//208
f 901//200 1390//687 906//209
f 903//204 907//206 909//210
f 908//208 910//213 909//210
f 912//212 909//210 910//213
f 913//215 911//211 909//210
f 914//214 910//213 917//216
f 916//218 915//217 917//216
f 908//208 918//220 917//216
f 918//220 920//221 919//219
f 920//221 922//224 921//222
f 924//223 916//218 919//219
f 922//224 1383//64 923//225
f 925//226 924//223 921//222
f 926//72 925//226 923//225
f 927//227 928//236 933//228
f 927//227 930//229 931//230
f 932//232 1230//488 931//230
f 930//229 933//228 934//233
f 934//233 933//228 935//234
f 928//236 937//237 935//234
f 937//237 1382//680 936//238
f 939//239 938//235 935//234
f 940//240 938//235 939//239
f 941//242 934//233 938//235
f 1233//243 941//242 940//240
f 944//245 942//244 940//240
f 947//246 944//245 943//241
f 943//241 939//239 946//248
f 948//249 945//247 946//248
f 947//246 945//247 948//249
f 948//249 951//250 952//252
f 950//251 948//249 949//253
f 951//250 953//256 956//255
f 946//248 955//260 953//256
f 958//257 956//255 953//256
f 1381//259 954//258 953//256
f 952//252 956//255 957//261
f 959//263 957//261 956//255
f 960//264 962//266 957//261
f 961//265 964//268 962//266
f 963//267 1254//262 957//261
f 963//267 962//266 964//268
f 961//265 989//102 965//270
f 966//269 964//268 965//270
f 967//272 1253//564 963//267
f 967//272 966//269 968//271
f 968//271 965//270 972//274
f 969//273 968//271 970//275
f 975//277 973//276 970//275
f 971//278 970//275 972//274
f 974//280 1315//625 969//273
f 976//281 974//280 973//276
f 976//281 975//277 977//282
f 977//282 975//277 971//278
f 977//282 980//284 981//285
f 979//283 977//282 978//286
f 981//285 980//284 982//288
f 980//284 971//278 984//279
f 985//290 986//294 983//289
f 987//291 985//290 982//288
f 988//292 987//291 984//279
f 989//102 988//292 972//274
f 990//293 992//296 983//289
f 991//295 993//298 992//296
f 995//297 994//299 992//296
f 994//299 981//285 983//289
f 996//300 994//299 995//297
f 996//300 978//286 981//285
f 1317//287 978//286 996//300
f 999//303 997//302 996//300
f 999//303 998//301 1000//304
f 1000//304 998//301 995//297
f 1000//304 1003//306 1004//307
f 1002//305 1000//304 1001//308
f 1004//307 1003//306 1005//310
f 995//297 993//298 1005//310
f 1008//312 1006//311 1005//310
f 1007//313 1005//310 993//298
f 1009//314 1011//316 1006//311
f 1009//314 1010//321 1013//315
f 1011//316 1012//318 1004//307
f 1011//316 1013//315 1015//317
f 1015//317 1013//315 1014//319
f 1010//321 1073//382 1014//319
f 1012//318 1015//317 1016//322
f 1016//322 1015//317 1017//320
f 1019//324 1017//320 1018//325
f 1017//320 1014//319 1068//327
f 1022//328 1016//322 1019//324
f 1023//330 1021//329 1019//324
f 1027//331 1022//328 1021//329
f 1025//333 1024//332 1021//329
f 1026//334 1024//332 1025//333
f 1028//336 1027//331 1024//332
f 1029//337 1027//331 1028//336
f 1030//339 1022//328 1027//331
f 1030//339 1029//337 1031//340
f 1029//337 1032//338 1033//341
f 1032//338 1028//336 1037//342
f 1034//343 1035//345 1033//341
f 1034//343 1036//347 1355//344
f 1034//343 1037//342 1038//346
f 1038//346 1037//342 1039//348
f 1039//348 1037//342 1028//336
f 1039//348 1026//334 1378//335
f 1041//349 1039//348 1040//350
f 1044//352 1042//354 1041//349
f 1358//353 1038//346 1041//349
f 1044//352 1043//351 1045//355
f 1045//355 1043//351 1040//350
f 1050//358 1046//356 1045//355
f 1048//359 1045//355 1047//357
f 1050//358 1048//359 1049//361
f 1049//361 1048//359 1051//360
f 1051//360 1053//366 1054//364
f 1051//360 1047//357 1055//365
f 1054//364 1053//366 1056//367
f 1055//365 1058//679 1056//367
f 1056//367 1059//371 1060//369
f 1056//367 1058//679 1061//370
f 1059//371 1062//373 1063//372
f 1061//370 1065//376 1062//373
f 1063//372 1062//373 1064//374
f 1065//376 1066//377 1064//374
f 1023//330 1020//326 1065//376
f 1065//376 1020//326 1018//325
f 1064//374 1066//377 1067//378
f 1018//325 1068//327 1067//378
f 1072//380 1070//381 1067//378
f 1070//381 1071//384 1069//379
f 1073//382 1072//380 1068//327
f 1074//383 1075//386 1069//379
f 1076//385 1078//388 1075//386
f 1077//387 1080//391 1078//388
f 1377//375 1075//386 1078//388
f 1082//390 1079//389 1078//388
f 1223//392 1081//394 1080//391
f 1083//393 1082//390 1080//391
f 1085//395 1084//397 1082//390
f 1087//396 1079//389 1082//390
f 1086//398 1084//397 1085//395
f 1086//398 1088//400 1087//396
f 1088//400 1060//369 1063//372
f 1063//372 1377//375 1079//389
f 1057//368 1060//369 1088//400
f 1089//401 1088//400 1086//398
f 1090//403 1054//364 1057//368
f 1090//403 1089//401 1091//402
f 1093//404 1091//402 1092//405
f 1092//405 1091//402 1086//398
f 1096//407 1095//408 1093//404
f 1095//408 1098//412 1090//403
f 1097//409 1095//408 1096//407
f 1099//411 1098//412 1095//408
f 1099//411 1049//361 1052//363
f 1098//412 1052//363 1054//364
f 1102//413 1100//414 1099//411
f 1100//414 1101//362 1049//361
f 1103//415 1105//418 1101//362
f 1106//416 1103//415 1100//414
f 1103//415 1104//419 1368//417
f 1106//416 1107//421 1104//419
f 1108//420 1109//424 1107//421
f 1108//420 1106//416 1102//413
f 1108//420 1111//426 1112//423
f 1108//420 1110//422 1114//425
f 1113//427 1375//438 1112//423
f 1111//426 1114//425 1116//428
f 1110//422 1376//410 1115//429
f 1114//425 1115//429 1117//430
f 1113//427 1116//428 1118//431
f 1116//428 1117//430 1119//433
f 1118//431 1119//433 1222//434
f 1121//432 1118//431 1120//435
f 1123//436 1124//440 1122//437
f 1121//432 1122//437 1375//438
f 1125//439 1126//443 1124//440
f 1123//436 1120//435 1128//441
f 1127//442 1138//454 1126//443
f 1127//442 1125//439 1128//441
f 1130//444 1128//441 1129//445
f 1120//435 1222//434 1129//445
f 1132//447 1130//444 1131//446
f 1135//449 1127//442 1130//444
f 1134//450 1132//447 1133//448
f 1136//452 1135//449 1132//447
f 1136//452 1139//456 1137//453
f 1135//449 1137//453 1138//454
f 1142//455 1140//458 1139//456
f 1143//457 1141//678 1140//458
f 1143//457 1142//455 1144//459
f 1142//455 1136//452 1134//450
f 1134//450 1374//451 1145//461
f 1147//462 1146//460 1144//459
f 1143//457 1146//460 1148//463
f 1146//460 1147//462 1151//465
f 1149//464 1148//463 1150//466
f 1148//463 1151//465 1152//468
f 1151//465 1153//471 1154//469
f 1156//470 1153//471 1151//465
f 1153//471 1155//547 1238//472
f 1157//473 1155//547 1153//471
f 1156//470 1147//462 1145//461
f 1156//470 1158//474 1160//475
f 1145//461 1374//451 1159//476
f 1158//474 1159//476 1162//477
f 1234//478 1157//473 1160//475
f 1160//475 1162//477 1164//480
f 1159//476 1221//537 1163//481
f 1163//481 1165//538 1164//480
f 1164//480 1165//538 1168//482
f 1161//479 1164//480 1166//483
f 1167//484 1166//483 1169//485
f 1168//482 1172//489 1169//485
f 1170//486 1169//485 1171//487
f 1172//489 1174//492 1171//487
f 1214//490 1173//498 1172//489
f 1172//489 1173//498 1176//491
f 1174//492 1175//495 1229//493
f 1174//492 1176//491 1177//494
f 1178//496 1180//501 1177//494
f 1179//497 1178//496 1176//491
f 1182//499 1181//500 1178//496
f 1181//500 1183//504 1180//501
f 1182//499 1185//505 1184//502
f 1181//500 1184//502 1187//503
f 1185//505 1195//513 1186//506
f 1184//502 1186//506 1189//507
f 1188//508 1224//539 1183//504
f 1190//509 1188//508 1187//503
f 1192//162 1190//509 1189//507
f 1186//506 1193//511 1191//510
f 1192//162 1191//510 1081//394
f 1083//393 1081//394 1191//510
f 1085//395 1083//393 1193//511
f 1194//512 1193//511 1186//506
f 1197//514 1196//515 1194//512
f 1199//399 1085//395 1194//512
f 1198//516 1196//515 1197//514
f 1092//405 1199//399 1196//515
f 1202//518 1201//519 1198//516
f 1094//406 1092//405 1198//516
f 1204//520 1203//521 1201//519
f 1096//407 1094//406 1201//519
f 1115//429 1203//521 1204//520
f 1376//410 1096//407 1203//521
f 1119//433 1117//430 1204//520
f 1205//522 1204//520 1202//518
f 1205//522 1207//523 1208//524
f 1222//434 1119//433 1205//522
f 1208//524 1207//523 1209//526
f 1207//523 1202//518 1200//517
f 1210//527 1209//526 1211//528
f 1200//517 1197//514 1211//528
f 1211//528 1185//505 1182//499
f 1211//528 1197//514 1195//513
f 1215//530 1210//527 1212//529
f 1213//531 1212//529 1182//499
f 1216//532 1215//530 1213//531
f 1213//531 1179//497 1173//498
f 1217//533 1215//530 1216//532
f 1217//533 1208//524 1210//527
f 1219//535 1217//533 1218//534
f 1206//525 1208//524 1217//533
f 1131//446 1129//445 1219//535
f 1222//434 1206//525 1219//535
f 1131//446 1220//536 1221//537
f 1221//537 1220//536 1218//534
f 1374//451 1133//448 1221//537
f 1218//534 1216//532 1165//538
f 1216//532 1214//490 1168//482
f 1224//539 1225//541 1180//501
f 1226//540 1177//494 1180//501
f 1227//542 1175//495 1177//494
f 1228//543 1229//493 1175//495
f 929//231 931//230 1229//493
f 1171//487 1229//493 931//230
f 932//232 1231//545 1170//486
f 1232//544 1167//484 1170//486
f 932//232 934//233 941//242
f 1232//544 1231//545 941//242
f 1234//478 1161//479 1167//484
f 1232//544 1233//243 1235//546
f 1234//478 1235//546 1155//547
f 1155//547 1235//546 1236//548
f 1235//546 1233//243 942//244
f 1239//549 1238//472 1236//548
f 1236//548 942//244 944//245
f 1154//469 1238//472 1239//549
f 1239//549 1237//550 1244//552
f 1243//554 1240//551 1239//549
f 1243//554 1241//553 1242//555
f 1242//555 1241//553 1244//552
f 1237//550 944//245 947//246
f 1245//557 1244//552 947//246
f 1242//555 1245//557 1246//558
f 1245//557 950//251 1249//254
f 1247//560 1246//558 1249//254
f 1248//559 1246//558 1247//560
f 1249//254 949//253 1252//563
f 1250//561 1252//563 1253//564
f 1247//560 1250//561 1251//565
f 949//253 952//252 1254//262
f 1252//563 1254//262 963//267
f 1251//565 1253//564 967//272
f 1257//568 1256//566 1251//565
f 1258//569 1256//566 1257//568
f 1261//562 1247//560 1256//566
f 1260//571 1258//569 1259//570
f 1260//571 1262//573 1261//562
f 1262//573 1264//576 1248//559
f 1263//574 1262//573 1260//571
f 1263//574 1266//578 1264//576
f 1268//577 1265//556 1264//576
f 1264//576 1265//556 1242//555
f 1269//579 1268//577 1266//578
f 1267//580 1266//578 1263//574
f 1269//579 1271//583 1270//582
f 1270//582 1243//554 1265//556
f 1271//583 1273//585 1272//584
f 1272//584 1240//551 1243//554
f 1150//466 1152//468 1272//584
f 1272//584 1152//468 1154//469
f 1274//586 1273//585 1271//583
f 1275//467 1150//466 1273//585
f 1274//586 1276//589 1372//588
f 1277//587 1278//591 1276//589
f 1279//590 1281//593 1278//591
f 1277//587 1271//583 1269//579
f 1280//592 1282//595 1281//593
f 1280//592 1279//590 1269//579
f 1284//594 1283//597 1282//595
f 1287//596 1285//599 1283//597
f 1288//598 1286//651 1285//599
f 1288//598 1287//596 1289//600
f 1287//596 1284//594 1291//581
f 1290//601 1289//600 1292//575
f 1291//581 1263//574 1292//575
f 1292//575 1260//571 1294//572
f 1293//602 1294//572 1298//603
f 1290//601 1293//602 1295//604
f 1296//605 1295//604 1297//606
f 1297//606 1295//604 1298//603
f 1294//572 1259//570 1299//609
f 1298//603 1299//609 1301//610
f 1297//606 1300//608 1302//611
f 1302//611 1300//608 1301//610
f 1303//612 1302//611 1305//614
f 1302//611 1304//613 1308//616
f 1306//617 1305//614 1308//616
f 1330//619 1307//615 1305//614
f 1309//618 1308//616 1310//620
f 1304//613 1312//622 1310//620
f 1311//621 1310//620 979//283
f 1310//620 1312//622 976//281
f 1301//610 1313//623 1312//622
f 1313//623 974//280 976//281
f 1299//609 1314//624 1313//623
f 1314//624 1315//625 974//280
f 1259//570 1257//568 1314//624
f 1257//568 1255//567 1315//625
f 1255//567 967//272 969//273
f 1311//621 1317//287 997//302
f 1309//618 1311//621 1316//626
f 1318//627 1316//626 1319//628
f 1316//626 997//302 999//303
f 1320//629 1319//628 1321//630
f 1321//630 1319//628 999//303
f 1321//630 1002//305 1379//309
f 1033//341 1322//631 1321//630
f 1323//632 1325//634 1320//629
f 1323//632 1322//631 1033//341
f 1355//344 1324//633 1323//632
f 1324//633 1326//636 1325//634
f 1328//635 1327//637 1325//634
f 1325//634 1327//637 1318//627
f 1328//635 1330//619 1306//617
f 1306//617 1309//618 1318//627
f 1329//638 1328//635 1326//636
f 1329//638 1331//640 1330//619
f 1331//640 1333//643 1307//615
f 1346//641 1332//642 1331//640
f 1332//642 1334//645 1333//643
f 1336//644 1335//647 1333//643
f 1333//643 1335//647 1303//612
f 1338//646 1337//607 1335//647
f 1337//607 1297//606 1303//612
f 1340//648 1296//605 1337//607
f 1336//644 1342//652 1339//649
f 1338//646 1339//649 1341//650
f 1340//648 1341//650 1286//651
f 1288//598 1290//601 1296//605
f 1334//645 1343//653 1342//652
f 1332//642 1344//654 1343//653
f 1346//641 1345//656 1344//654
f 1349//655 1347//658 1345//656
f 1350//657 1348//676 1347//658
f 1350//657 1349//655 1351//639
f 1349//655 1346//641 1329//638
f 1351//639 1326//636 1324//633
f 1354//660 1350//657 1352//659
f 1353//661 1352//659 1324//633
f 1357//662 1354//660 1353//661
f 1356//663 1353//661 1355//344
f 1357//662 1356//663 1358//353
f 1356//663 1036//347 1038//346
f 1359//664 1358//353 1042//354
f 1370//666 1357//662 1359//664
f 1361//665 1363//669 1360//667
f 1361//665 1042//354 1044//352
f 1362//668 1364//671 1363//669
f 1366//670 1365//673 1364//671
f 1369//672 1367//674 1365//673
f 1105//418 1368//417 1367//674
f 1366//670 1046//356 1050//358
f 1369//672 1050//358 1101//362
f 1362//668 1044//352 1046//356
f 1357//662 1370//666 1371//675
f 1354//660 1371//675 1348//676
f 1284//594 1280//592 1267//580
f 1275//467 1372//588 1373//677
f 1141//678 1143//457 1149//464
f 1110//422 1102//413 1097//409
f 1064//374 1069//379 1075//386
f 1058//679 1025//333 1023//330
f 1055//365 1378//335 1025//333
f 1040//350 1378//335 1055//365
f 1030//339 1379//309 1001//308
f 1030//339 1380//323 1016//322
f 1012//318 1380//323 1001//308
f 1382//680 1381//259 955//260
f 939//239 936//238 955//260
f 772//66 778//71 923//225
f 771//61 1383//64 922//224
f 1384//681 922//224 920//221
f 769//62 771//61 1384//681
f 1388//684 1385//683 1384//681
f 1386//682 920//221 918//220
f 1389//686 1388//684 1386//682
f 1390//687 1389//686 1387//685
f 906//209 1387//685 918//220
f 1391//161 1393//688 911//211
f 1392//160 1395//689 1393//688
f 1394//205 1393//688 1395//689
f 1394//205 903//204 911//211
f 1403//691 1396//692 1395//689
f 1397//690 1395//689 1396//692
f 898//199 904//198 1394//205
f 898//199 1397//690 1398//693
f 1398//693 1396//692 1400//694
f 896//197 1398//693 1399//695
f 875//696 1399//695 1400//694
f 894//193 1399//695 875//696
f 1401//697 1402//176 873//177
f 1403//691 1401//697 1400//694
f 1404//698 1405//699 850//149
f 1405//699 1406//700 1407//147
f 1406//700 1408//702 1410//701
f 1408//702 1409//113 814//112
f 1411//122 846//144 1407//147
f 816//117 1411//122 1410//701
