# FR_thigh.dae material 灰色硅胶_009-effect
# rgba 0.650005 0.68 0.650005 1
v 0.030793 0.014332 0.056229
v 0.033444 0.002125 0.060652
v 0.033167 0.014337 0.054871
v 0.018180 0.014304 0.061441
v 0.012876 0.014294 0.062754
v 0.017668 0.013491 0.059688
v 0.012515 0.013482 0.060962
v 0.029923 0.013513 0.054625
v 0.032504 0.001735 0.058929
v 0.032229 0.013518 0.053306
v 0.044701 0.013545 0.043447
v 0.054497 0.013578 0.030350
v 0.047855 0.004182 0.046298
v 0.046003 0.014371 0.044721
v 0.049159 0.005005 0.047572
v 0.056085 0.014405 0.031241
v 0.059867 0.005041 0.033202
v 0.062314 0.014436 0.015604
v 0.066474 0.005073 0.016543
v 0.064264 0.014461 -0.001115
v 0.060550 0.013608 0.015157
v 0.064707 0.004245 0.016097
v 0.062444 0.013632 -0.001088
v 0.063883 0.010471 -0.001133
v 0.061148 0.013704 -0.012602
v 0.062963 0.014454 -0.012983
v 0.061144 0.013704 -0.012624
v 0.063087 0.008875 -0.012802
v 0.057629 0.013797 -0.023630
v 0.059284 0.012861 -0.020307
v 0.059371 0.014433 -0.024378
v 0.055590 0.013925 -0.027852
v 0.054118 0.013832 -0.030680
v 0.055759 0.012312 -0.027884
v 0.057327 0.014392 -0.028728
v 0.055780 0.014424 -0.031621
v 0.057546 0.012181 -0.028773
v 0.053946 0.010570 -0.035889
v 0.060417 0.011515 -0.023020
v 0.057828 -0.015792 -0.029052
v 0.057817 -0.016241 -0.029079
v 0.060432 -0.015855 -0.023929
v 0.055757 -0.015296 -0.033166
v 0.055709 -0.015739 -0.033273
v 0.053722 -0.014395 -0.037230
v 0.051744 -0.012998 -0.041181
v 0.053639 -0.014825 -0.037420
v 0.051624 -0.013393 -0.041458
v 0.053479 -0.015178 -0.037669
v 0.051423 -0.013673 -0.041815
v 0.053283 -0.015490 -0.037922
v 0.055599 -0.016133 -0.033400
v 0.057764 -0.016654 -0.029083
v 0.055455 -0.016495 -0.033523
v 0.055284 -0.016847 -0.033630
v 0.057682 -0.017038 -0.029070
v 0.057572 -0.017412 -0.029042
v 0.057569 -0.017420 -0.029042
v 0.057424 -0.017791 -0.028995
v 0.060452 -0.017462 -0.023402
v 0.060213 -0.018211 -0.023058
v 0.060490 -0.016703 -0.023741
v 0.063399 -0.016545 -0.017886
v 0.063270 -0.015893 -0.018484
v 0.063299 -0.017238 -0.017328
v 0.066253 -0.014229 -0.012781
v 0.065983 -0.013790 -0.013553
v 0.066313 -0.014770 -0.012044
v 0.068512 -0.010023 -0.008768
v 0.068183 -0.009861 -0.009583
v 0.069430 -0.004181 -0.006895
v 0.068695 -0.010297 -0.007936
v 0.069309 -0.007804 -0.006807
v 0.069845 -0.007859 -0.001411
v 0.069636 -0.004156 -0.006061
v 0.069432 -0.000517 -0.006195
v 0.068952 0.002269 -0.006869
v 0.069844 -0.000547 -0.001404
v 0.069442 0.002263 -0.001279
v 0.069365 0.002646 -0.001277
v 0.067391 0.002237 0.016649
v 0.067566 -0.009420 0.016674
v 0.067363 0.002237 0.016761
v 0.060696 0.002204 0.033592
v 0.060855 -0.009453 0.033655
v 0.060668 0.002204 0.033642
v 0.049817 0.002167 0.048204
v 0.049951 -0.009489 0.048301
v 0.049951 -0.009490 0.048301
v 0.033514 -0.009533 0.060792
v 0.046594 -0.020085 0.045003
v 0.031490 -0.020127 0.056530
v 0.045561 -0.021429 0.043995
v 0.056513 -0.020055 0.031781
v 0.055257 -0.021398 0.031066
v 0.056756 -0.020054 0.031349
v 0.062761 -0.020030 0.016479
v 0.061363 -0.021376 0.016106
v 0.063008 -0.020029 0.015518
v 0.064937 -0.020003 0.000094
v 0.063221 -0.019993 -0.011544
v 0.067995 -0.014849 -0.000843
v 0.063488 -0.021350 0.000540
v 0.061793 -0.021341 -0.011318
v 0.048999 -0.029367 0.005007
v 0.045728 -0.030312 -0.007947
v 0.045876 -0.030637 0.005971
v 0.035116 -0.033867 0.009286
v 0.045283 -0.030643 0.009396
v 0.042044 -0.031813 0.009613
v 0.045526 -0.030543 0.009445
v 0.044792 -0.028690 0.009293
v 0.048568 -0.029113 0.011048
v 0.050170 -0.028105 0.013374
v 0.047755 -0.027296 0.010862
v 0.049314 -0.026312 0.013144
v 0.060218 -0.019708 0.016110
v 0.049536 -0.026120 0.013794
v 0.050399 -0.027908 0.014035
v 0.049514 -0.025581 0.017375
v 0.050383 -0.027357 0.017681
v 0.045055 -0.026524 0.023025
v 0.045835 -0.028321 0.023424
v 0.043565 -0.026806 0.024560
v 0.054222 -0.019731 0.030652
v 0.039962 -0.027301 0.028270
v 0.040643 -0.029118 0.028753
v 0.034839 -0.027565 0.033541
v 0.044766 -0.019762 0.043226
v 0.029715 -0.027329 0.038805
v 0.035429 -0.029390 0.034110
v 0.030221 -0.029147 0.039467
v 0.025085 -0.028389 0.044757
v 0.025040 -0.028380 0.044803
v 0.030866 -0.021465 0.055225
v 0.034893 -0.021457 0.052792
v 0.030794 -0.021465 0.055264
v 0.013540 -0.021510 0.061713
v 0.009181 -0.032056 0.041406
v 0.013387 -0.021511 0.061746
v 0.013687 -0.020172 0.063167
v -0.004920 -0.021537 0.062937
v -0.005150 -0.021537 0.062917
v -0.003238 -0.032015 0.042405
v -0.006499 -0.030636 0.045765
v -0.003072 -0.032077 0.042234
v -0.002867 -0.032154 0.042023
v -0.002824 -0.030261 0.041384
v 0.004584 -0.034285 0.034344
v 0.004523 -0.032337 0.033889
v 0.007103 -0.034757 0.031749
v 0.012128 -0.035397 0.026575
v 0.011984 -0.033423 0.026261
v 0.013978 -0.035542 0.024670
v 0.018457 -0.033531 0.032767
v 0.019702 -0.035723 0.018783
v 0.026042 -0.033933 0.024959
v 0.019478 -0.033747 0.018570
v 0.024612 -0.035564 0.013736
v 0.026298 -0.035441 0.012005
v 0.032556 -0.033603 0.018269
v 0.036451 -0.033093 0.014277
v 0.031251 -0.033720 0.019609
v 0.030819 -0.031785 0.019338
v 0.025688 -0.031994 0.024620
v 0.032103 -0.031671 0.018015
v 0.024327 -0.033590 0.013577
v 0.035927 -0.031173 0.014072
v 0.039496 -0.030470 0.010478
v 0.034638 -0.031929 0.009159
v 0.041398 -0.029927 0.009466
v 0.044574 -0.028780 0.009248
v 0.045158 -0.028773 0.005869
v 0.048066 -0.027593 0.004960
v 0.044895 -0.028510 -0.007655
v 0.062385 -0.019683 0.000530
v 0.060659 -0.019689 -0.011187
v 0.062385 -0.019683 0.000530
v 0.060295 -0.019708 0.015825
v 0.061216 -0.018827 0.016071
v 0.055358 -0.018850 0.030576
v 0.061457 -0.018826 0.015138
v 0.065673 -0.008958 0.016207
v 0.063337 -0.018804 0.000090
v 0.063337 -0.018804 0.000090
v 0.061636 -0.018781 -0.011302
v 0.066167 -0.014038 -0.000797
v 0.066434 -0.013402 -0.000893
v 0.064506 -0.014010 -0.011639
v 0.064483 -0.014038 -0.011681
v 0.066748 -0.009946 -0.007633
v 0.066699 -0.009891 -0.007877
v 0.067360 -0.007491 -0.006474
v 0.067868 -0.007548 -0.001353
v 0.067655 -0.004169 -0.005787
v 0.067608 -0.004183 -0.006011
v 0.067461 -0.000715 -0.005919
v 0.067004 0.001931 -0.006569
v 0.067855 -0.000759 -0.001355
v 0.067474 0.001906 -0.001247
v 0.067406 0.002235 -0.001263
v 0.065480 0.001882 0.016177
v 0.065474 0.001882 0.016200
v 0.064727 0.004245 0.016017
v 0.058975 0.001850 0.032635
v 0.059151 -0.008990 0.032710
v 0.058970 0.001850 0.032646
v 0.058296 0.004213 0.032276
v 0.048407 0.001814 0.046831
v 0.048554 -0.009025 0.046942
v 0.048554 -0.009026 0.046942
v 0.045447 -0.018883 0.043890
v 0.032577 -0.009068 0.059083
v 0.032476 0.001735 0.058945
v 0.013738 -0.009107 0.065990
v 0.030501 -0.018924 0.055247
v 0.013352 -0.018964 0.061606
v 0.030714 -0.018924 0.055130
v 0.030257 -0.019801 0.054299
v 0.030328 -0.019801 0.054259
v 0.023161 -0.019818 0.057648
v 0.013305 -0.019842 0.060639
v 0.013155 -0.019843 0.060671
v 0.009037 -0.030172 0.040756
v 0.011152 -0.030168 0.040242
v 0.007013 -0.032798 0.031346
v -0.003009 -0.030193 0.041573
v -0.003188 -0.030126 0.041756
v -0.006394 -0.028782 0.045026
v -0.004833 -0.019869 0.061838
v -0.005059 -0.019869 0.061819
v -0.005140 -0.018991 0.062769
v -0.022540 -0.019897 0.057729
v -0.022818 -0.019897 0.057619
v -0.017377 -0.027766 0.044608
v -0.017205 -0.027643 0.044971
v -0.017849 -0.028508 0.042552
v -0.017456 -0.029446 0.040132
v -0.018145 -0.030354 0.043256
v -0.017671 -0.029594 0.045363
v -0.017736 -0.031317 0.040775
v -0.016567 -0.032095 0.038910
v -0.024842 -0.032103 0.034195
v -0.016313 -0.032211 0.038647
v -0.016065 -0.030317 0.038061
v -0.014158 -0.033113 0.036429
v -0.012620 -0.033681 0.034845
v -0.008823 -0.036129 0.022855
v -0.015945 -0.035320 0.025042
v -0.002855 -0.036523 0.020995
v -0.005116 -0.037064 0.013900
v -0.001460 -0.036582 0.020572
v 0.002401 -0.036688 0.019379
v -0.001707 -0.036234 0.023607
v -0.005148 -0.035668 0.027149
v -0.005088 -0.033690 0.026837
v -0.012445 -0.031749 0.034360
v -0.001690 -0.034246 0.023359
v -0.001447 -0.034592 0.020368
v 0.002376 -0.034697 0.019192
v 0.011242 -0.035032 0.010092
v 0.011344 -0.037028 0.010180
v 0.012475 -0.035017 0.008826
v 0.009517 -0.035217 -0.001184
v 0.020092 -0.034544 0.000997
v 0.027022 -0.033410 -0.006142
v 0.020292 -0.036533 0.000980
v 0.012653 -0.037011 0.008834
v 0.027497 -0.035346 -0.006424
v 0.024458 -0.034884 -0.016507
v 0.029199 -0.034933 -0.008172
v 0.037933 -0.031803 -0.017134
v 0.028844 -0.032971 -0.008023
v 0.037356 -0.029912 -0.016833
v 0.039575 -0.028870 -0.018715
v 0.041434 -0.028089 -0.019308
v 0.040218 -0.030734 -0.019053
v 0.042254 -0.029879 -0.019682
v 0.043123 -0.029535 -0.019729
v 0.041148 -0.029574 -0.023192
v 0.049159 -0.025398 -0.025446
v 0.026908 -0.034155 -0.019021
v 0.031532 -0.025026 -0.050395
v 0.036865 -0.021356 -0.052027
v 0.029923 -0.025885 -0.049905
v 0.017822 -0.030577 -0.046203
v 0.014455 -0.022823 -0.076509
v 0.019695 -0.018700 -0.077659
v 0.008376 -0.025773 -0.075122
v 0.004004 -0.019903 -0.105551
v -0.001004 -0.022516 -0.104674
v -0.001743 -0.017390 -0.135948
v 0.008130 -0.016153 -0.106229
v 0.001975 -0.013923 -0.136433
v 0.010666 -0.010925 -0.106513
v 0.004349 -0.009300 -0.136669
v 0.010959 -0.005357 -0.106257
v 0.015865 -0.011826 -0.091950
v 0.023144 -0.012761 -0.078294
v 0.016227 -0.005820 -0.091683
v 0.023849 -0.006299 -0.078168
v 0.014887 0.000349 -0.090933
v 0.016121 0.000348 -0.088372
v 0.009715 0.000359 -0.105596
v 0.008980 0.000362 -0.108446
v 0.007132 -0.000248 -0.107988
v 0.008691 0.000921 -0.108864
v 0.009291 -0.000463 -0.108231
v 0.009507 -0.001331 -0.108381
v 0.007431 -0.001029 -0.107762
v 0.007637 -0.001858 -0.107906
v 0.007697 -0.002560 -0.108423
v 0.009576 -0.002069 -0.108899
v 0.007603 -0.002975 -0.109217
v 0.009490 -0.002508 -0.109688
v 0.006778 -0.003030 -0.112734
v 0.006005 -0.003010 -0.116268
v 0.008679 -0.002586 -0.113167
v 0.007920 -0.002589 -0.116665
v 0.007227 -0.002591 -0.120177
v 0.006597 -0.002595 -0.123703
v 0.005301 -0.002988 -0.119815
v 0.004659 -0.002964 -0.123373
v 0.004077 -0.002939 -0.126940
v 0.003539 -0.002827 -0.130505
v 0.006025 -0.002599 -0.127239
v 0.005496 -0.002514 -0.130774
v 0.005320 -0.002070 -0.131540
v 0.005132 -0.001343 -0.132036
v 0.003363 -0.002394 -0.131281
v 0.003177 -0.001685 -0.131789
v 0.003004 -0.000840 -0.131939
v 0.004955 -0.000469 -0.132175
v 0.002872 -0.000022 -0.131701
v 0.004817 0.000385 -0.131928
v 0.002385 0.000034 -0.136125
v 0.002805 0.000567 -0.131198
v 0.002809 0.000922 -0.130493
v 0.004747 0.000988 -0.131422
v 0.004749 0.001350 -0.130719
v 0.004911 0.001428 -0.129220
v 0.002976 0.000984 -0.128983
v 0.005308 0.001433 -0.126155
v 0.005751 0.001438 -0.123097
v 0.003384 0.000956 -0.125891
v 0.003839 0.000930 -0.122805
v 0.004342 0.000905 -0.119725
v 0.006241 0.001442 -0.120047
v 0.004895 0.000883 -0.116654
v 0.006782 0.001445 -0.117007
v 0.005503 0.000862 -0.113592
v 0.005616 0.000859 -0.113051
v 0.007376 0.001448 -0.113977
v 0.007427 0.001449 -0.113727
v 0.007184 0.002302 -0.113604
v 0.008025 0.001451 -0.110960
v 0.008422 0.001301 -0.109457
v 0.006166 0.000844 -0.110540
v 0.006571 0.000684 -0.109019
v 0.006844 0.000299 -0.108416
v 0.003709 0.002330 -0.139859
v 0.007377 0.002301 -0.112674
v 0.006089 0.006645 -0.112291
v 0.015521 0.002282 -0.088049
v 0.016067 0.002283 -0.086997
v 0.014850 0.006620 -0.086328
v 0.031180 0.002281 -0.066182
v 0.029735 0.001815 -0.064880
v 0.030861 0.001800 -0.066712
v 0.032123 0.003128 -0.064866
v 0.031282 0.007522 -0.064448
v 0.030684 0.002712 -0.063540
v 0.039192 0.009318 -0.055526
v 0.041078 0.010889 -0.052913
v 0.038107 0.013982 -0.054921
v 0.037771 0.008859 -0.054196
v 0.039646 0.010381 -0.051612
v 0.036682 0.013440 -0.053626
v 0.038763 0.013839 -0.051141
v 0.033513 0.010081 -0.058294
v 0.034931 0.010529 -0.059631
v 0.029856 0.007117 -0.063105
v 0.022611 0.006131 -0.071489
v 0.015966 0.006075 -0.080558
v 0.024104 0.006590 -0.072737
v 0.017599 0.006613 -0.081578
v 0.013148 0.006062 -0.085438
v 0.010665 0.006047 -0.090467
v 0.014389 0.001617 -0.086134
v 0.013908 0.001614 -0.087063
v 0.005509 0.001707 -0.112281
v 0.014502 -0.000303 -0.087390
v 0.021109 -0.000235 -0.076433
v 0.013145 -0.000308 -0.090206
v 0.007861 -0.000266 -0.105182
v 0.014411 -0.006269 -0.090943
v 0.022173 -0.006674 -0.077118
v 0.009045 -0.005783 -0.105810
v 0.008699 -0.010790 -0.106021
v 0.002358 -0.009008 -0.136445
v 0.021377 -0.012596 -0.077278
v 0.006194 -0.015424 -0.105731
v 0.000036 -0.013153 -0.136160
v 0.002039 -0.018820 -0.105060
v 0.017838 -0.017955 -0.076776
v 0.012409 -0.021780 -0.075706
v 0.035041 -0.020548 -0.050896
v 0.035899 -0.019850 -0.051134
v 0.030675 -0.023368 -0.049661
v 0.040306 -0.027782 -0.022861
v 0.027720 -0.024865 -0.048803
v 0.017440 -0.028668 -0.045747
v 0.018192 -0.029060 -0.043441
v 0.015195 -0.028575 -0.048010
v 0.012147 -0.028933 -0.048796
v 0.015557 -0.030492 -0.048450
v 0.012457 -0.030866 -0.049205
v 0.012097 -0.030927 -0.049184
v 0.009417 -0.031482 -0.048297
v 0.001869 -0.027693 -0.073595
v -0.011391 -0.029484 -0.070364
v -0.006464 -0.024099 -0.103673
v -0.017646 -0.025625 -0.101498
v -0.011386 -0.021052 -0.134611
v -0.013411 -0.019211 -0.165879
v -0.021572 -0.022385 -0.133105
v -0.031695 -0.022462 -0.131526
v -0.023080 -0.020507 -0.164994
v -0.028327 -0.020698 -0.164514
v -0.028130 -0.020389 -0.181740
v -0.032589 -0.020590 -0.164123
v -0.041807 -0.019546 -0.163278
v -0.041608 -0.021401 -0.129903
v -0.046797 -0.018510 -0.162820
v -0.046791 -0.018114 -0.181728
v -0.050548 -0.017098 -0.162474
v -0.053271 -0.015318 -0.162223
v -0.051063 -0.018752 -0.128284
v -0.058513 -0.012589 -0.126857
v -0.050858 -0.021468 -0.094253
v -0.040081 -0.024539 -0.096727
v -0.055728 -0.018695 -0.093057
v -0.050388 -0.024670 -0.060123
v -0.037786 -0.028261 -0.063550
v -0.056208 -0.021662 -0.058472
v -0.048831 -0.028047 -0.025762
v -0.039570 -0.031026 -0.028607
v -0.054160 -0.025657 -0.024116
v -0.055144 -0.025141 -0.023812
v -0.046537 -0.029816 0.003859
v -0.054459 -0.025708 0.006478
v -0.045387 -0.030128 0.007675
v -0.039412 -0.032428 0.001554
v -0.038801 -0.032613 0.000928
v -0.038231 -0.030696 0.000928
v -0.031037 -0.034340 -0.007029
v -0.033997 -0.033156 -0.017177
v -0.025027 -0.035016 -0.013192
v -0.024747 -0.033040 -0.013058
v -0.016270 -0.035215 -0.022176
v -0.019331 -0.033952 -0.032208
v -0.011189 -0.034985 -0.027392
v -0.011097 -0.032999 -0.027172
v -0.001599 -0.033955 -0.037236
v -0.002490 -0.033584 -0.039976
v 0.002592 -0.033213 -0.041536
v -0.002145 -0.033565 -0.040082
v 0.002502 -0.031238 -0.041229
v 0.004838 -0.032717 -0.043838
v 0.007077 -0.032141 -0.046134
v 0.004704 -0.030748 -0.043512
v 0.006892 -0.030180 -0.045784
v 0.009173 -0.029533 -0.047920
v 0.010257 -0.029287 -0.048446
v 0.000270 -0.026019 -0.072982
v 0.006562 -0.024348 -0.074435
v -0.012196 -0.027539 -0.069959
v -0.007891 -0.022372 -0.103263
v -0.012715 -0.019279 -0.134346
v -0.002649 -0.021000 -0.104238
v -0.018358 -0.023669 -0.101212
v -0.022241 -0.020423 -0.132918
v -0.028882 -0.023720 -0.099020
v -0.024652 -0.027611 -0.066793
v -0.039324 -0.022641 -0.096714
v -0.031666 -0.020461 -0.131433
v -0.040914 -0.019489 -0.129897
v -0.032560 -0.018587 -0.164079
v -0.041150 -0.017632 -0.163264
v -0.028328 -0.018696 -0.164479
v -0.028133 -0.018390 -0.181702
v -0.023748 -0.018546 -0.164909
v -0.014705 -0.017426 -0.165753
v -0.010331 -0.016480 -0.166164
v -0.009581 -0.015722 -0.198411
v -0.006073 -0.014664 -0.166605
v -0.004645 -0.013642 -0.166751
v -0.003656 -0.016259 -0.135650
v -0.002611 -0.011642 -0.166957
v -0.004237 -0.012982 -0.198772
v -0.009567 -0.015708 -0.198986
v -0.000533 -0.008279 -0.198622
v -0.003908 -0.012450 -0.224598
v -0.003670 -0.012285 -0.220650
v -0.003959 -0.012480 -0.225803
v -0.004039 -0.012520 -0.228257
v -0.002688 -0.014024 -0.225819
v -0.002784 -0.014077 -0.228273
v -0.002634 -0.013990 -0.224720
v -0.002975 -0.014534 -0.198788
v -0.002350 -0.013787 -0.220664
v -0.001716 -0.013242 -0.215555
v -0.003122 -0.011821 -0.215543
v -0.000726 -0.012200 -0.210566
v -0.002264 -0.010924 -0.210557
v 0.000588 -0.010375 -0.205850
v 0.001285 -0.009101 -0.203798
v -0.001122 -0.009341 -0.205846
v -0.000508 -0.008214 -0.203776
v 0.000142 -0.006640 -0.201819
v 0.002033 -0.007292 -0.201819
v 0.000914 -0.002462 -0.199521
v 0.002913 -0.002527 -0.199518
v 0.001093 0.003036 -0.198902
v 0.000913 -0.002463 -0.198558
v 0.000906 -0.002468 -0.194708
v 0.000915 -0.002206 -0.195254
v 0.000884 -0.002565 -0.184128
v 0.000869 -0.002495 -0.173548
v 0.000858 -0.002498 -0.167342
v 0.000876 -0.002234 -0.173001
v 0.000893 -0.001712 -0.172477
v 0.000918 -0.000917 -0.172154
v 0.000948 -0.000005 -0.172210
v 0.000975 0.000784 -0.172662
v 0.000991 0.001249 -0.173315
v 0.000999 0.001421 -0.174705
v 0.001004 0.001425 -0.177844
v 0.001010 0.001429 -0.180984
v 0.001015 0.001433 -0.184123
v 0.001021 0.001437 -0.187262
v 0.001026 0.001441 -0.190402
v 0.001032 0.001445 -0.193541
v 0.001029 0.001276 -0.194932
v 0.001015 0.000812 -0.195586
v 0.000990 0.000025 -0.196040
v 0.000960 -0.000887 -0.196098
v 0.000934 -0.001682 -0.195777
v -0.000244 -0.007689 -0.167204
v 0.000956 0.000492 -0.167358
v 0.002011 0.000089 -0.140150
v 0.001019 0.002429 -0.167378
v 0.001155 0.006599 -0.167364
v 0.001717 0.002021 -0.140016
v 0.001744 0.002016 -0.139649
v 0.005371 0.001712 -0.112934
v 0.001117 0.006328 -0.139624
v 0.001117 0.006328 -0.139602
v 0.004211 0.006059 -0.111926
v 0.003099 0.006588 -0.139679
v 0.003095 0.006587 -0.139771
v 0.003154 0.006533 -0.167358
v 0.003018 0.002364 -0.167359
v 0.003164 0.006539 -0.172897
v 0.003174 0.006544 -0.178436
v 0.001165 0.006604 -0.172901
v 0.001175 0.006609 -0.178440
v 0.001185 0.006615 -0.183979
v 0.001194 0.006620 -0.189519
v 0.003183 0.006549 -0.183976
v 0.003193 0.006555 -0.189515
v 0.003198 0.006419 -0.195046
v 0.003160 0.005098 -0.197784
v 0.001199 0.006484 -0.195049
v 0.001161 0.005163 -0.197787
v 0.001128 0.004125 -0.198592
v 0.003127 0.004060 -0.198588
v 0.003092 0.002970 -0.198899
v 0.002982 0.002355 -0.159918
v 0.002955 0.000427 -0.167356
v 0.002857 -0.002568 -0.167350
v 0.003964 0.000395 -0.140501
v 0.004351 0.000390 -0.136240
v 0.003675 0.002330 -0.140342
v 0.003069 0.002344 -0.153684
v 0.003007 0.002350 -0.157095
v 0.002994 0.002352 -0.158286
v 0.002992 0.002352 -0.158530
v 0.002991 0.002353 -0.158587
v 0.002991 0.002353 -0.158616
v 0.002991 0.002353 -0.158630
v 0.002991 0.002353 -0.158637
v 0.002991 0.002353 -0.158640
v 0.002991 0.002353 -0.158641
v 0.002991 0.002353 -0.158643
v 0.002989 0.002353 -0.158900
v 0.002868 -0.002560 -0.173544
v 0.001723 -0.008161 -0.167252
v 0.001105 -0.009570 -0.167197
v -0.000664 -0.012407 -0.167039
v 0.001259 -0.009167 -0.198624
v 0.002911 -0.002528 -0.198555
v 0.002905 -0.002533 -0.194705
v 0.002883 -0.002635 -0.184125
v 0.002915 -0.002271 -0.195250
v 0.002933 -0.001748 -0.195774
v 0.002959 -0.000953 -0.196094
v 0.002989 -0.000041 -0.196037
v 0.003014 0.000747 -0.195582
v 0.003028 0.001211 -0.194928
v 0.003031 0.001379 -0.193537
v 0.003025 0.001375 -0.190398
v 0.003020 0.001371 -0.187259
v 0.003014 0.001367 -0.184120
v 0.003009 0.001363 -0.180980
v 0.003003 0.001359 -0.177841
v 0.002998 0.001355 -0.174702
v 0.002990 0.001183 -0.173312
v 0.002973 0.000718 -0.172659
v 0.002947 -0.000071 -0.172206
v 0.002917 -0.000983 -0.172151
v 0.002892 -0.001777 -0.172473
v 0.002875 -0.002299 -0.172998
v -0.003396 -0.015205 -0.166791
v -0.004162 -0.015789 -0.166722
v -0.009850 -0.018420 -0.166204
v -0.009076 -0.017657 -0.198446
v -0.027926 -0.020076 -0.199542
v -0.009062 -0.017643 -0.199020
v -0.008274 -0.016864 -0.231836
v -0.027519 -0.019448 -0.235145
v -0.004017 -0.014944 -0.231167
v -0.008364 -0.017120 -0.233684
v -0.008525 -0.017884 -0.235575
v -0.008526 -0.017889 -0.235583
v -0.004339 -0.016160 -0.234738
v -0.004784 -0.018522 -0.237706
v -0.003182 -0.015388 -0.234533
v -0.004115 -0.015266 -0.232950
v -0.002821 -0.014347 -0.232746
v -0.002883 -0.014619 -0.233386
v -0.002853 -0.014109 -0.230984
v -0.002860 -0.014110 -0.230968
v -0.004098 -0.012543 -0.230969
v -0.004102 -0.012543 -0.230952
v -0.005197 -0.013328 -0.231165
v -0.003988 -0.013076 -0.234016
v -0.004071 -0.013445 -0.234705
v -0.004141 -0.013790 -0.235272
v -0.005207 -0.014243 -0.234957
v -0.005313 -0.016375 -0.238151
v -0.008763 -0.015769 -0.235738
v -0.008807 -0.014937 -0.231804
v -0.008765 -0.016166 -0.236575
v -0.027457 -0.018480 -0.241075
v -0.008784 -0.017734 -0.239090
v -0.008807 -0.019132 -0.240896
v -0.008822 -0.020103 -0.242051
v -0.027276 -0.020890 -0.246620
v -0.027029 -0.025482 -0.255536
v -0.027344 -0.020890 -0.246641
v -0.045843 -0.019153 -0.252492
v -0.045612 -0.021487 -0.256828
v -0.046047 -0.017047 -0.247992
v -0.046129 -0.016193 -0.245687
v -0.050886 -0.014759 -0.249269
v -0.050469 -0.019610 -0.258449
v -0.051136 -0.012480 -0.239268
v -0.054256 -0.010810 -0.250232
v -0.054492 -0.008390 -0.239855
v -0.054040 -0.015696 -0.259714
v -0.055772 -0.005130 -0.250663
v -0.056072 -0.002504 -0.240123
v -0.055390 -0.010486 -0.260306
v -0.055011 -0.015794 -0.269874
v -0.054692 -0.018163 -0.269649
v -0.054718 -0.018400 -0.280235
v -0.055516 0.003467 -0.280222
v -0.054191 -0.021268 -0.280016
v -0.054646 -0.018395 -0.283942
v -0.055041 -0.007604 -0.283936
v -0.053185 -0.023243 -0.283920
v -0.051811 -0.018363 -0.305674
v -0.050392 -0.023212 -0.305335
v -0.051056 -0.018358 -0.308567
v -0.051143 -0.015901 -0.308586
v -0.044279 -0.018324 -0.326256
v -0.042970 -0.023174 -0.325616
v -0.041461 -0.018313 -0.331521
v -0.043194 -0.018384 -0.332517
v -0.041530 -0.017592 -0.331453
v -0.041394 -0.019043 -0.331531
v -0.043117 -0.019261 -0.332523
v -0.041146 -0.019699 -0.331772
v -0.040759 -0.020159 -0.332251
v -0.042850 -0.020048 -0.332760
v -0.042441 -0.020600 -0.333240
v -0.042264 -0.020744 -0.333474
v -0.042018 -0.020847 -0.333837
v -0.040590 -0.020279 -0.332483
v -0.040353 -0.020365 -0.332841
v -0.039397 -0.020381 -0.334398
v -0.038416 -0.020377 -0.335940
v -0.041043 -0.020867 -0.335424
v -0.040044 -0.020864 -0.336997
v -0.039015 -0.020860 -0.338551
v -0.037408 -0.020374 -0.337464
v -0.037958 -0.020856 -0.340086
v -0.036371 -0.020370 -0.338970
v -0.036873 -0.020852 -0.341601
v -0.035760 -0.020847 -0.343096
v -0.035307 -0.020366 -0.340456
v -0.034215 -0.020361 -0.341922
v -0.033706 -0.020178 -0.342658
v -0.035247 -0.020628 -0.343851
v -0.033322 -0.019724 -0.343302
v -0.034869 -0.020083 -0.344518
v -0.033138 -0.019269 -0.343652
v -0.034692 -0.019536 -0.344883
v -0.033063 -0.018718 -0.343842
v -0.032397 -0.018715 -0.344670
v -0.034624 -0.018875 -0.345083
v -0.033944 -0.018873 -0.345928
v -0.032606 -0.024173 -0.344854
v -0.018054 -0.018822 -0.365480
v -0.016507 -0.018665 -0.364222
v -0.016572 -0.024416 -0.364290
v -0.013271 -0.018809 -0.369963
v -0.012163 -0.024404 -0.368423
v -0.009104 -0.018799 -0.372343
v -0.006984 -0.018794 -0.373173
v -0.008291 -0.018643 -0.370523
v -0.012117 -0.018652 -0.368338
v -0.006346 -0.018639 -0.371285
v -0.005831 -0.023302 -0.369792
v -0.000219 -0.018627 -0.372439
v -0.000138 -0.023292 -0.370865
v 0.001885 -0.018624 -0.372437
v 0.006016 -0.018618 -0.371847
v 0.001981 -0.018778 -0.374428
v -0.000310 -0.018782 -0.374430
v 0.006482 -0.018771 -0.373785
v 0.012814 -0.018764 -0.371286
v 0.006048 -0.024369 -0.371947
v 0.005042 -0.028387 -0.367733
v -0.000213 -0.024379 -0.372542
v 0.012093 -0.024362 -0.369522
v 0.016855 -0.024359 -0.365809
v 0.013039 -0.018764 -0.371156
v 0.009917 -0.028381 -0.365778
v 0.013757 -0.028379 -0.362784
v 0.009661 -0.029845 -0.358786
v 0.016666 -0.028379 -0.358858
v 0.018494 -0.028382 -0.353952
v 0.020462 -0.024359 -0.360941
v 0.022729 -0.024363 -0.354857
v 0.022116 -0.018761 -0.361847
v 0.024575 -0.018765 -0.355248
v 0.021061 -0.018760 -0.363591
v 0.019400 -0.018608 -0.362489
v 0.018204 -0.018760 -0.367128
v 0.020368 -0.018608 -0.360888
v 0.016777 -0.018608 -0.365736
v 0.015652 -0.023274 -0.364637
v 0.012036 -0.018611 -0.369434
v 0.011247 -0.023276 -0.368072
v 0.011829 -0.018611 -0.369552
v 0.005654 -0.023283 -0.370314
v 0.004816 -0.026631 -0.366803
v 0.003705 -0.027851 -0.362164
v -0.004666 -0.026647 -0.366372
v 0.013070 -0.026623 -0.362116
v 0.009658 -0.027845 -0.358784
v 0.017557 -0.026627 -0.353751
v 0.012894 -0.027848 -0.352751
v 0.016897 -0.026640 -0.344281
v 0.021087 -0.023278 -0.354505
v 0.021496 -0.023284 -0.348679
v 0.018989 -0.023274 -0.360133
v 0.022626 -0.018612 -0.354831
v 0.022968 -0.018614 -0.352769
v 0.024948 -0.018767 -0.353003
v 0.023066 -0.018619 -0.348561
v 0.021765 -0.018629 -0.342485
v 0.023638 -0.018784 -0.341800
v 0.020287 -0.023293 -0.343035
v 0.019156 -0.018643 -0.335351
v 0.017677 -0.023306 -0.335901
v 0.010213 -0.020317 -0.307658
v 0.021029 -0.018797 -0.334667
v 0.019255 -0.024394 -0.335326
v 0.012092 -0.020796 -0.307166
v 0.012091 -0.020796 -0.307164
v 0.010567 -0.024443 -0.307572
v 0.006377 -0.028460 -0.308676
v 0.004535 -0.024490 -0.279121
v 0.000259 -0.028506 -0.279825
v 0.001254 -0.024531 -0.250845
v 0.005985 -0.021245 -0.278880
v 0.002962 -0.020034 -0.250105
v 0.005992 -0.021247 -0.278929
v 0.008454 -0.021843 -0.293111
v 0.004093 -0.020701 -0.279238
v 0.004086 -0.020699 -0.279189
v 0.006603 -0.021193 -0.293502
v 0.010212 -0.020317 -0.307656
v 0.002877 -0.023403 -0.279391
v 0.000995 -0.019697 -0.250238
v -0.000105 -0.022904 -0.250794
v 0.000855 -0.019564 -0.248433
v -0.000303 -0.022770 -0.248998
v 0.000671 -0.019256 -0.246759
v -0.000431 -0.022053 -0.247273
v 0.000392 -0.018759 -0.245127
v 0.000116 -0.018356 -0.244081
v 0.002173 -0.019418 -0.244500
v 0.002053 -0.019337 -0.244097
v 0.002670 -0.019814 -0.247014
v 0.001264 -0.023298 -0.247236
v -0.001517 -0.026494 -0.248071
v 0.001705 -0.023752 -0.250645
v 0.000983 -0.021358 -0.244156
v -0.001878 -0.024473 -0.244810
v 0.000927 -0.018698 -0.241568
v 0.000888 -0.018678 -0.241503
v -0.000523 -0.018000 -0.239538
v -0.001890 -0.021768 -0.242029
v -0.001661 -0.018833 -0.239487
v -0.005359 -0.023911 -0.243137
v -0.005135 -0.021192 -0.240421
v -0.005393 -0.026478 -0.246077
v -0.009202 -0.024920 -0.244603
v -0.009241 -0.026640 -0.246799
v -0.009051 -0.022425 -0.241694
v -0.008893 -0.020677 -0.239629
v -0.008820 -0.019993 -0.238769
v -0.027555 -0.022659 -0.245729
v -0.027360 -0.027439 -0.255080
v -0.027620 -0.022659 -0.245750
v -0.046423 -0.020866 -0.251638
v -0.027604 -0.020336 -0.240332
v -0.027557 -0.019448 -0.235151
v -0.046724 -0.017968 -0.244966
v -0.046622 -0.019004 -0.247726
v -0.046772 -0.016922 -0.238451
v -0.046778 -0.017320 -0.219544
v -0.052462 -0.013974 -0.239319
v -0.052509 -0.013935 -0.239326
v -0.052196 -0.016352 -0.249174
v -0.051708 -0.021303 -0.258287
v -0.056037 -0.011848 -0.250386
v -0.056289 -0.009265 -0.239899
v -0.057753 -0.005431 -0.251210
v -0.055810 -0.016825 -0.259881
v -0.057363 -0.010897 -0.260980
v -0.055402 -0.021841 -0.269300
v -0.056611 -0.018852 -0.270002
v -0.051088 -0.026189 -0.267464
v -0.054526 -0.024980 -0.279389
v -0.050635 -0.028509 -0.277674
v -0.054977 -0.024292 -0.279583
v -0.056082 -0.021919 -0.280051
v -0.054893 -0.024287 -0.283955
v -0.056645 -0.018468 -0.283981
v -0.050515 -0.028501 -0.283876
v -0.052050 -0.024254 -0.305743
v -0.047797 -0.028470 -0.304708
v -0.044498 -0.024216 -0.326378
v -0.053752 -0.018435 -0.306150
v -0.052982 -0.018430 -0.309101
v -0.053068 -0.015999 -0.309120
v -0.046069 -0.018396 -0.327146
v -0.054497 -0.016008 -0.303303
v -0.050891 -0.015986 -0.316011
v -0.050887 -0.015986 -0.316021
v -0.052755 -0.014537 -0.310575
v -0.049010 -0.015852 -0.315342
v -0.049005 -0.015882 -0.315352
v -0.050836 -0.014406 -0.310028
v -0.052187 -0.011542 -0.305180
v -0.052542 -0.015944 -0.302884
v -0.054142 -0.011603 -0.305599
v -0.052711 -0.008966 -0.302785
v -0.054680 -0.008990 -0.303135
v -0.053004 -0.005838 -0.301090
v -0.053033 -0.005308 -0.300886
v -0.054981 -0.005834 -0.301389
v -0.055007 -0.005381 -0.301208
v -0.055808 -0.015320 -0.296027
v -0.055115 -0.002397 -0.300276
v -0.055172 0.001107 -0.299394
v -0.053132 -0.002420 -0.300014
v -0.053186 0.001070 -0.299159
v -0.053279 0.004281 -0.297710
v -0.054638 -0.012596 -0.288912
v -0.053281 0.004313 -0.297683
v -0.053398 0.005375 -0.296316
v -0.055269 0.004361 -0.297897
v -0.055387 0.005427 -0.296523
v -0.055262 0.004259 -0.297983
v -0.056624 -0.012656 -0.289166
v -0.057047 -0.007454 -0.283974
v -0.055923 0.006514 -0.291256
v -0.057523 0.003635 -0.280260
v -0.056716 -0.018473 -0.280273
v -0.057628 0.005601 -0.278474
v -0.057284 0.006608 -0.281809
v -0.055299 0.006573 -0.281569
v -0.057546 0.006620 -0.279006
v -0.057700 0.006626 -0.276200
v -0.055705 0.006509 -0.276115
v -0.057712 0.006578 -0.275985
v -0.057720 0.006578 -0.275572
v -0.055711 0.006558 -0.275913
v -0.055722 0.006651 -0.275534
v -0.056400 0.006608 -0.240167
v -0.058398 0.006536 -0.240205
v -0.057909 0.006506 -0.161570
v -0.059908 0.006434 -0.161598
v -0.058647 0.006358 -0.133130
v -0.057759 0.002326 -0.161585
v -0.057582 -0.002596 -0.161579
v -0.058758 0.002215 -0.133132
v -0.058952 -0.003190 -0.133209
v -0.058760 0.002215 -0.133106
v -0.060551 0.002021 -0.104705
v -0.060798 -0.003902 -0.104855
v -0.060552 0.002021 -0.104678
v -0.059873 0.006082 -0.104695
v -0.062660 0.001834 -0.076303
v -0.062662 0.001834 -0.076281
v -0.062845 -0.004702 -0.076510
v -0.061802 -0.004290 -0.090696
v -0.064468 -0.005359 -0.055215
v -0.062988 -0.011549 -0.055792
v -0.065003 -0.005581 -0.048162
v -0.063928 -0.010759 -0.048581
v -0.064831 0.001733 -0.047895
v -0.065947 -0.006112 -0.033875
v -0.066087 -0.006198 -0.031469
v -0.066135 -0.006227 -0.030606
v -0.066155 -0.006239 -0.030259
v -0.066163 -0.006244 -0.030107
v -0.066167 -0.006246 -0.030036
v -0.066169 -0.006247 -0.030002
v -0.066170 -0.006248 -0.029986
v -0.066170 -0.006248 -0.029977
v -0.066170 -0.006248 -0.029973
v -0.066170 -0.006248 -0.029972
v -0.066171 -0.006248 -0.029969
v -0.066370 -0.006361 -0.026198
v -0.066659 -0.006463 -0.019604
v -0.066552 0.001910 -0.019546
v -0.066510 -0.006656 -0.005090
v -0.064896 -0.013081 -0.020182
v -0.064856 -0.013165 -0.020196
v -0.064866 -0.013233 -0.005599
v -0.060781 -0.018744 -0.021570
v -0.060241 -0.016623 -0.049843
v -0.060167 -0.019311 -0.021773
v -0.061106 -0.018796 -0.009795
v -0.061092 -0.018814 -0.006777
v -0.059806 -0.020010 -0.010249
v -0.059620 -0.019997 0.001547
v -0.059560 -0.019996 -0.018403
v -0.053386 -0.024031 0.006231
v -0.059375 -0.019984 -0.022034
v -0.056638 -0.021952 -0.022927
v -0.055181 -0.022834 -0.023397
v -0.054436 -0.023252 -0.023636
v -0.054389 -0.023278 -0.023651
v -0.054365 -0.023291 -0.023659
v -0.054354 -0.023297 -0.023662
v -0.054349 -0.023300 -0.023664
v -0.054349 -0.023300 -0.023664
v -0.054349 -0.023300 -0.023664
v -0.054349 -0.023300 -0.023664
v -0.054349 -0.023300 -0.023664
v -0.054349 -0.023300 -0.023664
v -0.054349 -0.023300 -0.023664
v -0.054349 -0.023300 -0.023664
v -0.054349 -0.023300 -0.023664
v -0.054349 -0.023300 -0.023664
v -0.054349 -0.023300 -0.023664
v -0.054333 -0.023308 -0.023669
v -0.054281 -0.023337 -0.023686
v -0.054087 -0.023442 -0.023748
v -0.053059 -0.023976 -0.024077
v -0.054530 -0.020348 -0.058547
v -0.048872 -0.023137 -0.060219
v -0.059448 -0.016604 -0.056993
v -0.054077 -0.017404 -0.093128
v -0.049425 -0.019914 -0.094336
v -0.058006 -0.014015 -0.092005
v -0.060746 -0.009583 -0.091132
v -0.056614 -0.011797 -0.126874
v -0.055143 -0.010313 -0.161825
v -0.049689 -0.017186 -0.128340
v -0.058679 -0.007876 -0.126353
v -0.059385 -0.003359 -0.126112
v -0.056885 -0.006628 -0.161642
v -0.056013 -0.008789 -0.161732
v -0.055577 -0.008511 -0.187788
v -0.055143 -0.008235 -0.213841
v -0.057075 -0.002655 -0.187771
v -0.051766 -0.013298 -0.187818
v -0.046299 -0.016046 -0.187851
v -0.051505 -0.012842 -0.213554
v -0.052026 -0.013753 -0.162163
v -0.049192 -0.015541 -0.162467
v -0.046317 -0.016569 -0.162775
v -0.046304 -0.016175 -0.181684
v -0.051245 -0.012389 -0.239287
v -0.046278 -0.015518 -0.213133
v -0.046273 -0.015385 -0.219501
v -0.046289 -0.015780 -0.200592
v -0.027932 -0.018076 -0.199504
v -0.027730 -0.017762 -0.217307
v -0.027528 -0.017456 -0.235110
v -0.027572 -0.017456 -0.235118
v -0.046256 -0.014990 -0.238410
v -0.056944 -0.002563 -0.194784
v -0.057350 -0.002590 -0.173624
v -0.057372 -0.002297 -0.173031
v -0.057403 -0.001737 -0.172507
v -0.057437 -0.000948 -0.172221
v -0.057466 -0.000101 -0.172286
v -0.057484 0.000622 -0.172680
v -0.057490 0.001073 -0.173231
v -0.057469 0.001325 -0.174782
v -0.057409 0.001329 -0.177921
v -0.057349 0.001333 -0.181060
v -0.057288 0.001337 -0.184200
v -0.057228 0.001341 -0.187339
v -0.057168 0.001345 -0.190478
v -0.057107 0.001350 -0.193617
v -0.057074 0.001181 -0.195007
v -0.057045 0.000718 -0.195661
v -0.057008 -0.000070 -0.196116
v -0.056974 -0.000982 -0.196174
v -0.056951 -0.001777 -0.195853
v -0.056943 -0.002301 -0.195330
v -0.056575 -0.002538 -0.213949
v -0.054710 -0.007960 -0.239893
v -0.036950 -0.026380 -0.063530
v -0.047227 -0.026528 -0.025923
v -0.039055 -0.029098 -0.028469
v -0.043906 -0.027924 -0.023389
v -0.035300 -0.029691 -0.032388
v -0.033637 -0.029878 -0.034121
v -0.035715 -0.031640 -0.032551
v -0.034493 -0.031784 -0.033802
v -0.031851 -0.032021 -0.036506
v -0.027985 -0.032203 -0.040466
v -0.031523 -0.030057 -0.036322
v -0.027732 -0.030229 -0.040265
v -0.023933 -0.030234 -0.044209
v -0.021114 -0.030140 -0.047135
v -0.024121 -0.032214 -0.044426
v -0.021141 -0.032116 -0.047480
v -0.024667 -0.029604 -0.066999
v -0.020169 -0.032089 -0.048282
v -0.017591 -0.032120 -0.049237
v -0.020042 -0.030106 -0.048051
v -0.017496 -0.030137 -0.048997
v -0.014807 -0.030285 -0.048694
v -0.014875 -0.032269 -0.048940
v -0.012530 -0.030536 -0.047240
v -0.012580 -0.032519 -0.047492
v -0.011128 -0.030865 -0.044913
v -0.010883 -0.031212 -0.042219
v -0.011171 -0.032848 -0.045166
v -0.010933 -0.033196 -0.042469
v -0.011921 -0.033483 -0.039935
v -0.015706 -0.033789 -0.035926
v -0.011854 -0.031499 -0.039691
v -0.015594 -0.031805 -0.035700
v -0.003077 -0.031633 -0.039528
v -0.019071 -0.031967 -0.032102
v -0.016017 -0.033227 -0.022090
v -0.020563 -0.032001 -0.030557
v -0.025525 -0.031947 -0.025412
v -0.020743 -0.033982 -0.030760
v -0.025786 -0.033922 -0.025589
v -0.030829 -0.033562 -0.020421
v -0.030473 -0.031599 -0.020275
v -0.033377 -0.031235 -0.017254
v -0.030449 -0.032410 -0.007148
v -0.035393 -0.030906 -0.015155
v -0.035860 -0.032847 -0.015270
v -0.040548 -0.029728 -0.010455
v -0.041141 -0.031637 -0.010536
v -0.043852 -0.028640 -0.010079
v -0.044526 -0.030522 -0.010149
v -0.046812 -0.027457 -0.011567
v -0.047560 -0.029311 -0.011639
v -0.048534 -0.026614 -0.014517
v -0.048696 -0.026457 -0.016294
v -0.049324 -0.028449 -0.014602
v -0.049488 -0.028291 -0.016388
v -0.049114 -0.028359 -0.018138
v -0.044568 -0.029809 -0.023501
v -0.048335 -0.026519 -0.018037
v -0.002590 -0.031608 -0.039676
v -0.001682 -0.031983 -0.036899
v -0.028908 -0.025718 -0.099168
v -0.045618 -0.028039 0.003638
v -0.044483 -0.028347 0.007422
v -0.038669 -0.030564 0.001383
v -0.044758 -0.028219 0.007708
v -0.047457 -0.026762 0.011407
v -0.045520 -0.030066 0.007811
v -0.048308 -0.028565 0.011568
v -0.048563 -0.028202 0.014014
v -0.047697 -0.026409 0.013819
v -0.047797 -0.028291 0.016379
v -0.046945 -0.026494 0.016150
v -0.046180 -0.028794 0.018197
v -0.044747 -0.029309 0.018984
v -0.045366 -0.026984 0.017942
v -0.043282 -0.027743 0.018938
v -0.041023 -0.028623 0.019058
v -0.044043 -0.029574 0.019204
v -0.041726 -0.030478 0.019320
v -0.041669 -0.030500 0.019312
v -0.037220 -0.029525 0.031613
v -0.039537 -0.031371 0.018552
v -0.038891 -0.029493 0.018311
v -0.032692 -0.033966 0.011836
v -0.032225 -0.032024 0.011724
v -0.027059 -0.035323 0.006056
v -0.023858 -0.035401 0.015981
v -0.018923 -0.036342 -0.002298
v -0.018714 -0.034354 -0.002231
v -0.015172 -0.036526 -0.006151
v -0.011698 -0.036715 -0.007239
v -0.012277 -0.036567 -0.009124
v -0.011872 -0.036566 -0.009540
v -0.011749 -0.034573 -0.009412
v -0.010900 -0.036557 -0.010539
v -0.010787 -0.034565 -0.010402
v -0.010777 -0.036555 -0.010665
v -0.010665 -0.034563 -0.010528
v -0.010762 -0.036555 -0.010681
v -0.010754 -0.036555 -0.010689
v -0.010650 -0.034563 -0.010543
v -0.010643 -0.034563 -0.010551
v -0.010640 -0.034563 -0.010554
v -0.010752 -0.036555 -0.010691
v -0.010639 -0.034563 -0.010555
v -0.010750 -0.036555 -0.010693
v -0.010625 -0.034563 -0.010569
v -0.010737 -0.036555 -0.010707
v -0.010598 -0.034562 -0.010598
v -0.010483 -0.034560 -0.010716
v -0.010709 -0.036554 -0.010735
v -0.010593 -0.036553 -0.010854
v -0.010340 -0.036548 -0.011114
v -0.009045 -0.036517 -0.012446
v -0.010233 -0.034556 -0.010974
v -0.008950 -0.034524 -0.012295
v -0.005038 -0.034338 -0.016325
v -0.005094 -0.036329 -0.016505
v 0.002448 -0.033599 -0.024042
v 0.005560 -0.034583 -0.014127
v 0.008569 -0.032565 -0.030366
v 0.008683 -0.034541 -0.030653
v 0.015210 -0.030825 -0.037245
v 0.016581 -0.030358 -0.038668
v 0.015465 -0.032775 -0.037609
v 0.017024 -0.032245 -0.039212
v 0.020321 -0.033578 -0.029415
v 0.018334 -0.031552 -0.041497
v 0.017990 -0.029627 -0.041079
v 0.018565 -0.030974 -0.043883
v 0.010752 -0.035865 -0.019594
v 0.026981 -0.030908 -0.036246
v 0.029250 -0.029904 -0.037879
v 0.026517 -0.029015 -0.035797
v 0.019885 -0.031676 -0.028923
v 0.028723 -0.028037 -0.037391
v 0.031419 -0.027109 -0.037807
v 0.034091 -0.026456 -0.036902
v 0.032013 -0.028946 -0.038327
v 0.034746 -0.028269 -0.037436
v 0.036780 -0.028137 -0.035313
v 0.036095 -0.026333 -0.034789
v 0.037551 -0.028634 -0.032515
v 0.036958 -0.029557 -0.029775
v 0.036875 -0.026818 -0.032022
v 0.036321 -0.027716 -0.029321
v 0.032790 -0.029720 -0.025207
v 0.026710 -0.032155 -0.018905
v 0.033309 -0.031614 -0.025585
v 0.024011 -0.032961 -0.016113
v 0.016897 -0.034445 -0.008773
v 0.017060 -0.036434 -0.008909
v 0.009656 -0.037211 -0.001297
v 0.000540 -0.037371 0.008081
v 0.000539 -0.035372 0.008030
v -0.004967 -0.035076 0.013680
v -0.015754 -0.033352 0.024741
v -0.002707 -0.034540 0.020748
v -0.008728 -0.034147 0.022608
v -0.013952 -0.031196 0.035901
v -0.018090 -0.032697 0.027138
v -0.020406 -0.031923 0.029513
v -0.018326 -0.034653 0.027492
v -0.020691 -0.033859 0.029924
v -0.023033 -0.032929 0.032334
v -0.022697 -0.031017 0.031862
v -0.024450 -0.030219 0.033660
v -0.016301 -0.030211 0.038302
v -0.024956 -0.029970 0.034179
v -0.025347 -0.031855 0.034714
v -0.027256 -0.028787 0.036380
v -0.029303 -0.027968 0.037271
v -0.027704 -0.030641 0.036977
v -0.029797 -0.029800 0.037898
v -0.038986 -0.021581 0.049547
v -0.030772 -0.029483 0.038038
v -0.034041 -0.028761 0.037294
v -0.030259 -0.027659 0.037403
v -0.033464 -0.026954 0.036662
v -0.034811 -0.026869 0.035634
v -0.035412 -0.028675 0.036249
v -0.035814 -0.026990 0.034259
v -0.036482 -0.027748 0.031049
v -0.036431 -0.028798 0.034849
v -0.037100 -0.029576 0.031575
v -0.036239 -0.030567 0.028920
v -0.034416 -0.031600 0.026831
v -0.035647 -0.028711 0.028465
v -0.036470 -0.027791 0.030912
v -0.033871 -0.029718 0.026431
v -0.029998 -0.031449 0.022450
v -0.023366 -0.033475 0.015623
v -0.030443 -0.033376 0.022747
v -0.026521 -0.033388 0.005828
v -0.022001 -0.033772 0.014219
v -0.008989 -0.035167 0.000833
v -0.022271 -0.035749 0.014349
v -0.009187 -0.037161 0.000901
v -0.005754 -0.037205 -0.002628
v -0.005690 -0.035207 -0.002559
v 0.003227 -0.036806 -0.011863
v 0.003255 -0.036804 -0.011892
v 0.003772 -0.036758 -0.012422
v 0.003240 -0.034810 -0.011739
v 0.003367 -0.034799 -0.011870
v 0.003752 -0.034764 -0.012265
v -0.011484 -0.034719 -0.007268
v -0.012047 -0.034574 -0.009104
v -0.014855 -0.034539 -0.006211
v 0.003812 -0.034759 -0.012328
v 0.003833 -0.036752 -0.012486
v 0.003819 -0.034758 -0.012335
v 0.003820 -0.034758 -0.012335
v 0.003844 -0.036751 -0.012497
v 0.003845 -0.036751 -0.012498
v 0.003845 -0.036751 -0.012498
v 0.003845 -0.036751 -0.012498
v 0.003824 -0.034758 -0.012340
v 0.003824 -0.034758 -0.012340
v 0.003833 -0.034757 -0.012349
v 0.003851 -0.034755 -0.012368
v 0.003854 -0.036750 -0.012507
v 0.003873 -0.036749 -0.012526
v 0.003910 -0.036745 -0.012564
v 0.004059 -0.036731 -0.012717
v 0.003888 -0.034752 -0.012406
v 0.004036 -0.034738 -0.012558
v 0.004618 -0.034682 -0.013157
v 0.004647 -0.036675 -0.013322
v 0.005663 -0.036568 -0.014366
v 0.002535 -0.035577 -0.024342
v 0.006877 -0.036427 -0.015613
v 0.006823 -0.034436 -0.015428
v 0.010648 -0.033881 -0.019371
v -0.040783 -0.028719 0.019019
v -0.050786 -0.019909 0.035467
v -0.045067 -0.019911 0.042491
v -0.055872 -0.019931 0.024811
v -0.050791 -0.019908 0.035466
v -0.055879 -0.019926 0.024813
v -0.050797 -0.019906 0.035465
v -0.055885 -0.019921 0.024814
v -0.050809 -0.019899 0.035464
v -0.055899 -0.019911 0.024817
v -0.050837 -0.019883 0.035463
v -0.055927 -0.019890 0.024824
v -0.050903 -0.019841 0.035470
v -0.055989 -0.019843 0.024840
v -0.051055 -0.019729 0.035499
v -0.051359 -0.019477 0.035568
v -0.056129 -0.019726 0.024881
v -0.056414 -0.019465 0.024968
v -0.056673 -0.019199 0.025052
v -0.056776 -0.019082 0.025088
v -0.051635 -0.019220 0.035629
v -0.051752 -0.019102 0.035649
v -0.051796 -0.019060 0.035650
v -0.051812 -0.019044 0.035648
v -0.056812 -0.019039 0.025100
v -0.056824 -0.019023 0.025105
v -0.056833 -0.019011 0.025107
v -0.055190 -0.019028 0.029464
v -0.057559 -0.018997 0.022728
v -0.060723 -0.013665 0.023227
v -0.059524 -0.018938 0.013679
v -0.058484 -0.019969 0.013295
v -0.060257 -0.018907 0.008164
v -0.063675 -0.013433 0.008946
v -0.060779 -0.018869 0.001978
v -0.065225 -0.007122 0.009386
v -0.062246 -0.007620 0.023501
v -0.065236 -0.007119 0.009302
v -0.064928 0.001740 0.009725
v -0.066510 -0.006656 -0.005073
v -0.066281 0.001855 -0.004942
v -0.066286 0.001855 -0.005033
v -0.064961 0.001742 0.009475
v -0.064688 0.003061 0.009350
v -0.065991 0.003045 -0.005091
v -0.064225 0.004412 0.009196
v -0.063068 0.007443 0.008765
v -0.065485 0.004396 -0.005157
v -0.064222 0.007426 -0.005391
v -0.065676 0.004373 -0.019529
v -0.065615 0.004507 -0.019533
v -0.066171 0.003181 -0.019538
v -0.066227 0.003019 -0.019540
v -0.066075 0.003185 -0.022356
v -0.067959 0.003851 -0.022428
v -0.066120 0.003003 -0.022777
v -0.066238 0.002986 -0.019540
v -0.066163 0.002817 -0.023174
v -0.066202 0.002633 -0.023582
v -0.066298 0.002802 -0.019542
v -0.066356 0.002615 -0.019544
v -0.066411 0.002427 -0.019545
v -0.066434 0.002344 -0.019546
v -0.066236 0.002448 -0.024005
v -0.066253 0.002334 -0.024273
v -0.066234 0.002455 -0.023987
v -0.068162 0.002981 -0.024075
v -0.068189 0.002828 -0.024363
v -0.068196 0.002784 -0.024446
v -0.066258 0.002299 -0.024355
v -0.068200 0.002763 -0.024488
v -0.066263 0.002273 -0.024396
v -0.068234 0.002553 -0.024905
v -0.068285 0.002067 -0.025703
v -0.066298 0.002058 -0.024809
v -0.066309 0.001928 -0.025206
v -0.066295 0.002081 -0.024758
v -0.066514 0.002046 -0.019548
v -0.066265 0.002262 -0.024414
v -0.066462 0.002237 -0.019546
v -0.066536 0.001961 -0.019548
v -0.066258 0.002015 -0.005047
v -0.066552 0.001898 -0.019548
v -0.066555 0.001886 -0.019548
v -0.066280 0.001905 -0.005040
v -0.066555 0.001885 -0.019548
v -0.066308 0.001909 -0.025309
v -0.066555 0.001884 -0.019548
v -0.066282 0.001896 -0.005040
v -0.066556 0.001883 -0.019548
v -0.066556 0.001883 -0.019548
v -0.066282 0.001892 -0.005039
v -0.066283 0.001887 -0.005039
v -0.066284 0.001883 -0.005038
v -0.066284 0.001880 -0.005038
v -0.066556 0.001883 -0.019547
v -0.066556 0.001884 -0.019547
v -0.066556 0.001885 -0.019547
v -0.066556 0.001887 -0.019547
v -0.066285 0.001876 -0.005037
v -0.066285 0.001873 -0.005037
v -0.066285 0.001870 -0.005036
v -0.066286 0.001868 -0.005036
v -0.066555 0.001888 -0.019547
v -0.066555 0.001890 -0.019547
v -0.066555 0.001891 -0.019547
v -0.066307 0.001902 -0.025359
v -0.066555 0.001891 -0.019547
v -0.066286 0.001867 -0.005036
v -0.066286 0.001866 -0.005036
v -0.066286 0.001865 -0.005035
v -0.066555 0.001892 -0.019547
v -0.066555 0.001892 -0.019547
v -0.066555 0.001892 -0.019547
v -0.066555 0.001892 -0.019547
v -0.066304 0.001896 -0.025433
v -0.066303 0.001895 -0.025456
v -0.066305 0.001898 -0.025408
v -0.066306 0.001900 -0.025384
v -0.066299 0.001894 -0.025529
v -0.066555 0.001893 -0.019547
v -0.066298 0.001895 -0.025552
v -0.066295 0.001898 -0.025599
v -0.066554 0.001899 -0.019547
v -0.066554 0.001897 -0.019547
v -0.066553 0.001904 -0.019546
v -0.066286 0.001858 -0.005034
v -0.066552 0.001908 -0.019546
v -0.066286 0.001857 -0.005033
v -0.066286 0.001862 -0.005035
v -0.066555 0.001894 -0.019547
v -0.066277 0.001029 -0.027318
v -0.068268 0.001191 -0.027425
v -0.066250 0.000169 -0.029039
v -0.068242 0.000311 -0.029148
v -0.066208 -0.000683 -0.030759
v -0.068202 -0.000572 -0.030873
v -0.066146 -0.001530 -0.032480
v -0.066063 -0.002368 -0.034202
v -0.068142 -0.001458 -0.032599
v -0.068059 -0.002339 -0.034327
v -0.068001 -0.002488 -0.035272
v -0.066005 -0.002508 -0.035145
v -0.067940 -0.002177 -0.036175
v -0.067880 -0.001470 -0.036837
v -0.065944 -0.002211 -0.036047
v -0.065885 -0.001535 -0.036709
v -0.065830 -0.000643 -0.036969
v -0.067823 -0.000535 -0.037096
v -0.065783 0.000263 -0.036767
v -0.067773 0.000418 -0.036893
v -0.065760 0.000969 -0.036145
v -0.067746 0.001169 -0.036272
v -0.065773 0.001827 -0.034430
v -0.067753 0.002079 -0.034560
v -0.065775 0.002099 -0.033613
v -0.065756 0.002294 -0.033197
v -0.067721 0.002543 -0.033740
v -0.067696 0.002761 -0.033323
v -0.067696 0.002762 -0.033321
v -0.065756 0.002295 -0.033195
v -0.067696 0.002762 -0.033321
v -0.065756 0.002295 -0.033195
v -0.067696 0.002763 -0.033318
v -0.065755 0.002296 -0.033192
v -0.067696 0.002766 -0.033313
v -0.065755 0.002299 -0.033187
v -0.067695 0.002772 -0.033301
v -0.065755 0.002305 -0.033175
v -0.067693 0.002788 -0.033271
v -0.067688 0.002834 -0.033184
v -0.065752 0.002322 -0.033145
v -0.065749 0.002359 -0.033058
v -0.065737 0.002478 -0.032782
v -0.067669 0.002981 -0.032907
v -0.065629 0.003197 -0.031133
v -0.064422 0.003220 -0.047868
v -0.063610 0.008949 -0.019628
v -0.067511 0.003863 -0.031249
v -0.066303 0.003886 -0.048009
v -0.065432 0.009770 -0.019682
v -0.063490 0.014074 -0.019776
v -0.065195 0.010367 -0.018506
v -0.065044 0.010766 -0.017255
v -0.063372 0.009546 -0.018460
v -0.063219 0.009947 -0.017218
v -0.063278 0.009844 -0.016566
v -0.063423 0.009540 -0.015997
v -0.065103 0.010661 -0.016598
v -0.065249 0.010356 -0.016023
v -0.065711 0.009341 -0.015319
v -0.066211 0.008219 -0.015310
v -0.063884 0.008526 -0.015301
v -0.064386 0.007401 -0.015297
v -0.064421 0.007321 -0.015322
v -0.066248 0.008136 -0.015335
v -0.064665 0.006770 -0.015604
v -0.066491 0.007585 -0.015618
v -0.064862 0.006320 -0.016053
v -0.065125 0.005704 -0.017205
v -0.066688 0.007137 -0.016070
v -0.066949 0.006524 -0.017231
v -0.067196 0.005928 -0.018408
v -0.067436 0.005333 -0.019585
v -0.065373 0.005108 -0.018369
v -0.068056 0.003847 -0.019593
v -0.068546 0.002059 -0.019604
v -0.068647 -0.006671 -0.019673
v -0.068266 0.002039 -0.004761
v -0.068262 0.002039 -0.004691
v -0.066057 0.008202 -0.005163
v -0.064875 0.008183 0.009272
v -0.063545 0.014242 -0.005665
v -0.062596 0.014218 0.008241
v -0.063547 0.014243 -0.005781
v -0.061702 0.013471 -0.005818
v -0.061703 0.013471 -0.005854
v -0.060764 0.013481 0.007909
v -0.060752 0.013481 0.008005
v -0.057884 0.013454 0.021397
v -0.060079 0.007413 0.022632
v -0.057861 0.013454 0.021470
v -0.052092 0.013399 0.033871
v -0.059623 0.014210 0.022036
v -0.062575 0.014218 0.008402
v -0.059585 0.014210 0.022156
v -0.053621 0.014220 0.034865
v -0.061773 0.008173 0.023403
v -0.055774 0.008170 0.036547
v -0.063703 0.002011 0.024466
v -0.066852 0.002022 0.010275
v -0.063594 0.002011 0.024793
v -0.064076 -0.007864 0.024304
v -0.057718 0.002004 0.037976
v -0.044098 0.002007 0.053195
v -0.058086 -0.008142 0.038082
v -0.064041 -0.007867 0.024419
v -0.057858 -0.009654 0.038012
v -0.056434 -0.014581 0.037572
v -0.044181 -0.009651 0.053302
v -0.026512 -0.009636 0.063981
v -0.041153 -0.020238 0.049661
v -0.053141 -0.020235 0.036547
v -0.040189 -0.020237 0.050446
v -0.039283 -0.021582 0.049311
v -0.024683 -0.020227 0.059615
v -0.023762 -0.020227 0.059989
v -0.023223 -0.021569 0.058639
v -0.006016 -0.020198 0.064293
v -0.006485 -0.009609 0.068994
v -0.005274 -0.020196 0.064360
v 0.013201 -0.020173 0.063268
v 0.014131 -0.009574 0.067899
v 0.014079 0.002084 0.067757
v 0.014142 0.002084 0.067744
v -0.006390 0.002049 0.068860
v -0.006167 0.014261 0.063721
v -0.006489 0.002049 0.068850
v -0.026349 0.002022 0.063898
v -0.026470 0.002022 0.063848
v -0.024653 0.014236 0.059046
v -0.014266 0.014249 0.062393
v -0.029613 0.014231 0.056712
v -0.040950 0.014222 0.049139
v -0.028764 0.013419 0.055093
v -0.023945 0.013425 0.057360
v -0.039779 0.013407 0.047737
v -0.042731 0.001615 0.051779
v -0.041792 0.013405 0.045982
v -0.043022 0.014221 0.047333
v -0.025717 0.001608 0.062041
v -0.042844 0.001615 0.051685
v -0.042937 -0.009182 0.051803
v -0.050007 0.001628 0.044780
v -0.056073 0.001651 0.036895
v -0.061795 0.001680 0.023952
v -0.056418 -0.007898 0.037006
v -0.054250 0.007347 0.035547
v -0.062217 -0.007623 0.023596
v -0.056227 -0.009185 0.036947
v -0.054894 -0.013810 0.036557
v -0.058281 -0.013756 0.030054
v -0.051827 -0.019031 0.035643
v -0.040136 -0.019030 0.048435
v -0.039196 -0.019029 0.049201
v -0.038598 -0.019909 0.048452
v -0.024072 -0.019019 0.058143
v -0.023174 -0.019018 0.058509
v -0.025764 -0.009167 0.062182
v -0.006299 -0.009142 0.067055
v -0.006301 0.001624 0.066903
v -0.005865 -0.018992 0.062703
v -0.025601 0.001608 0.062089
v -0.006204 0.001624 0.066912
v -0.005985 0.013451 0.061902
v 0.013687 0.001668 0.065839
v 0.013749 0.001668 0.065826
v -0.013855 0.013440 0.060611
v 0.001966 0.013464 0.062177
v 0.002018 0.014274 0.064004
v -0.038306 -0.019908 0.048683
v -0.061894 0.001682 0.023649
v -0.043980 0.002007 0.053292
v 0.033417 0.002125 0.060666
v -0.022940 -0.021569 0.058751
v -0.045867 -0.021585 0.043244
v -0.051688 -0.021578 0.036097
v -0.056888 -0.021575 0.025368
v -0.057569 -0.021574 0.023174
v -0.058275 -0.020231 0.025798
v -0.056605 -0.020234 0.030213
v -0.059007 -0.020229 0.023396
v -0.061002 -0.020220 0.014166
v -0.062419 -0.014441 0.023992
v -0.059934 -0.014522 0.030889
v -0.065461 -0.014232 0.009439
v -0.061733 -0.020215 0.008593
v -0.066683 -0.014056 -0.005390
v -0.067161 -0.007352 0.009908
v -0.067170 -0.007349 0.009836
v -0.068491 -0.006856 -0.004843
v -0.068491 -0.006856 -0.004850
v -0.066664 -0.014018 -0.020272
v -0.062537 -0.020196 -0.006617
v -0.062251 -0.020207 0.002272
v -0.062539 -0.020193 -0.009687
v -0.061100 -0.021537 -0.010148
v -0.062175 -0.020177 -0.021643
v -0.062244 -0.019884 -0.025442
v -0.062082 -0.020266 -0.021672
v -0.060652 -0.021521 -0.022112
v -0.061348 -0.017515 -0.056961
v -0.064957 -0.012032 -0.055854
v -0.059894 -0.014885 -0.091966
v -0.062719 -0.010025 -0.091161
v -0.060659 -0.008257 -0.126378
v -0.063802 -0.004369 -0.090753
v -0.064839 -0.004808 -0.076627
v -0.062796 -0.003950 -0.104939
v -0.061387 -0.003377 -0.126147
v -0.062543 0.002177 -0.104788
v -0.060759 0.002216 -0.133176
v -0.062544 0.002177 -0.104784
v -0.061832 0.006482 -0.104753
v -0.064634 0.002138 -0.076417
v -0.064634 0.002138 -0.076411
v -0.063300 0.006521 -0.076354
v -0.066792 0.002098 -0.048042
v -0.066992 -0.005726 -0.048316
v -0.066462 -0.005496 -0.055312
v -0.065784 -0.011487 -0.048748
v -0.067935 -0.006296 -0.033999
v -0.068074 -0.006388 -0.031589
v -0.068122 -0.006420 -0.030723
v -0.068142 -0.006432 -0.030376
v -0.068150 -0.006437 -0.030223
v -0.068154 -0.006440 -0.030152
v -0.068156 -0.006441 -0.030118
v -0.068157 -0.006442 -0.030101
v -0.068157 -0.006442 -0.030093
v -0.068157 -0.006442 -0.030089
v -0.068158 -0.006442 -0.030088
v -0.068158 -0.006442 -0.030085
v -0.068357 -0.006563 -0.026303
v -0.066685 -0.013974 -0.020265
v -0.065402 -0.012442 -0.048870
v -0.061709 -0.017971 -0.050005
v -0.061985 -0.018557 -0.042459
v -0.062016 -0.018631 -0.041516
v -0.062020 -0.018640 -0.041399
v -0.062021 -0.018641 -0.041384
v -0.062021 -0.018641 -0.041380
v -0.062021 -0.018641 -0.041380
v -0.062021 -0.018641 -0.041379
v -0.062021 -0.018642 -0.041373
v -0.062021 -0.018643 -0.041360
v -0.062023 -0.018648 -0.041298
v -0.062029 -0.018662 -0.041119
v -0.062073 -0.018772 -0.039702
v -0.062183 -0.019110 -0.035387
v -0.062262 -0.019662 -0.028289
v -0.062261 -0.019706 -0.027718
v -0.062261 -0.019711 -0.027653
v -0.062261 -0.019712 -0.027645
v -0.062261 -0.019712 -0.027643
v -0.062261 -0.019712 -0.027643
v -0.062261 -0.019712 -0.027643
v -0.062261 -0.019713 -0.027640
v -0.062261 -0.019713 -0.027633
v -0.062261 -0.019717 -0.027586
v -0.062260 -0.019731 -0.027400
v -0.063300 0.006521 -0.076353
v -0.065168 0.006513 -0.047976
v -0.061429 0.005821 -0.076245
v -0.063349 0.005691 -0.047840
v -0.061428 0.005821 -0.076265
v -0.059874 0.006081 -0.104666
v -0.061832 0.006482 -0.104758
v -0.060645 0.006435 -0.133167
v -0.060644 0.006435 -0.133177
v -0.058648 0.006358 -0.133104
v -0.064091 0.005687 -0.037830
v -0.063179 0.009044 -0.028600
v -0.065909 0.006509 -0.037962
v -0.064999 0.009866 -0.028702
v -0.061667 0.013252 -0.019721
v -0.060758 0.002216 -0.133179
v -0.059757 0.002254 -0.161609
v -0.060952 -0.003204 -0.133269
v -0.059580 -0.002678 -0.161631
v -0.057800 -0.009689 -0.161802
v -0.059349 -0.002662 -0.173662
v -0.059371 -0.002369 -0.173069
v -0.059209 -0.002742 -0.180731
v -0.059073 -0.002732 -0.187809
v -0.058942 -0.002635 -0.194822
v -0.057364 -0.009408 -0.187827
v -0.053017 -0.014857 -0.187858
v -0.056932 -0.009128 -0.213880
v -0.056500 -0.008848 -0.239931
v -0.058573 -0.002610 -0.213987
v -0.052763 -0.014396 -0.213594
v -0.046780 -0.017454 -0.213174
v -0.046785 -0.017717 -0.200636
v -0.046789 -0.017985 -0.187892
v -0.058069 -0.002576 -0.240161
v -0.058941 -0.002373 -0.195368
v -0.058950 -0.001849 -0.195892
v -0.058972 -0.001054 -0.196212
v -0.059006 -0.000142 -0.196154
v -0.059043 0.000646 -0.195700
v -0.059073 0.001109 -0.195046
v -0.059105 0.001277 -0.193655
v -0.059166 0.001273 -0.190516
v -0.059226 0.001269 -0.187377
v -0.059286 0.001265 -0.184238
v -0.059347 0.001261 -0.181099
v -0.059407 0.001257 -0.177960
v -0.059467 0.001253 -0.174821
v -0.059488 0.001001 -0.173269
v -0.059482 0.000550 -0.172718
v -0.059464 -0.000173 -0.172325
v -0.059435 -0.001020 -0.172259
v -0.059401 -0.001809 -0.172545
v -0.057060 -0.011022 -0.161871
v -0.060860 -0.021527 -0.018161
v -0.055800 -0.024780 -0.023609
v -0.055545 -0.024922 -0.023688
v -0.055418 -0.024992 -0.023727
v -0.055354 -0.025027 -0.023747
v -0.055338 -0.025036 -0.023752
v -0.055330 -0.025040 -0.023754
v -0.055328 -0.025041 -0.023755
v -0.055328 -0.025042 -0.023755
v -0.055328 -0.025042 -0.023755
v -0.055328 -0.025042 -0.023755
v -0.055328 -0.025042 -0.023755
v -0.055328 -0.025042 -0.023755
v -0.055328 -0.025042 -0.023755
v -0.055328 -0.025042 -0.023755
v -0.055328 -0.025042 -0.023755
v -0.055328 -0.025042 -0.023755
v -0.055327 -0.025042 -0.023755
v -0.055327 -0.025042 -0.023755
v -0.055326 -0.025043 -0.023756
v -0.055323 -0.025044 -0.023756
v -0.060865 -0.021551 0.001823
v -0.060327 -0.021560 0.008496
v -0.059636 -0.021565 0.013730
v -0.066888 0.002022 0.010010
v -0.066176 0.002372 -0.005062
v -0.059114 -0.019983 0.008259
v -0.063437 -0.011956 -0.048754
v -0.055626 0.005562 -0.278433
v -0.055548 0.006534 -0.278940
v -0.055528 0.003732 -0.280088
v -0.053937 0.006476 -0.291023
v -0.055052 -0.007375 -0.283803
v -0.053561 0.006005 -0.294585
v -0.055549 0.006058 -0.294791
v -0.056992 -0.016047 -0.270432
v -0.053835 -0.015278 -0.295689
v -0.052575 -0.015945 -0.302729
v -0.049000 -0.015905 -0.315365
v -0.048996 -0.015911 -0.315373
v -0.050882 -0.015986 -0.316035
v -0.050879 -0.015986 -0.316043
v -0.050876 -0.015985 -0.316051
v -0.048993 -0.015913 -0.315381
v -0.050870 -0.015984 -0.316069
v -0.050864 -0.015982 -0.316086
v -0.048987 -0.015912 -0.315398
v -0.048981 -0.015910 -0.315415
v -0.048975 -0.015907 -0.315432
v -0.050858 -0.015979 -0.316104
v -0.048972 -0.015904 -0.315442
v -0.050854 -0.015975 -0.316114
v -0.048971 -0.015901 -0.315445
v -0.050854 -0.015973 -0.316117
v -0.048971 -0.015898 -0.315446
v -0.050853 -0.015970 -0.316118
v -0.048026 -0.016154 -0.317957
v -0.047016 -0.016217 -0.320455
v -0.049890 -0.016226 -0.318680
v -0.048860 -0.016289 -0.321228
v -0.047763 -0.016280 -0.323749
v -0.045941 -0.016208 -0.322927
v -0.046598 -0.016273 -0.326240
v -0.044799 -0.016201 -0.325369
v -0.045365 -0.016326 -0.328696
v -0.043590 -0.016254 -0.327776
v -0.044065 -0.016577 -0.331104
v -0.043461 -0.017100 -0.332142
v -0.042315 -0.016505 -0.330137
v -0.041723 -0.017029 -0.331154
v -0.043264 -0.017663 -0.332447
v -0.040577 -0.028433 -0.324437
v -0.029207 -0.028392 -0.342103
v -0.035311 -0.029966 -0.321822
v -0.042086 -0.030001 -0.303311
v -0.024642 -0.029927 -0.338397
v -0.008752 -0.029877 -0.357949
v -0.029088 -0.028476 -0.342007
v -0.013199 -0.028425 -0.361559
v -0.009643 -0.028415 -0.364891
v -0.004969 -0.028404 -0.367278
v -0.000007 -0.028395 -0.368213
v -0.006367 -0.024390 -0.371382
v -0.003131 -0.029862 -0.361856
v -0.008022 -0.029874 -0.358770
v 0.003708 -0.029851 -0.362167
v -0.006699 -0.029874 -0.357484
v -0.002978 -0.029865 -0.359950
v -0.007665 -0.029877 -0.356339
v -0.007668 -0.027877 -0.356336
v -0.009655 -0.029887 -0.350767
v -0.009659 -0.027887 -0.350765
v -0.008318 -0.029892 -0.345004
v -0.004076 -0.029891 -0.340879
v -0.008321 -0.027892 -0.345001
v -0.004080 -0.027891 -0.340876
v 0.001718 -0.027883 -0.339699
v 0.001722 -0.029883 -0.339701
v 0.007232 -0.027871 -0.341843
v 0.008351 -0.027868 -0.342840
v 0.007236 -0.029871 -0.341846
v 0.008354 -0.029868 -0.342842
v 0.010523 -0.029867 -0.340733
v 0.010715 -0.029859 -0.346631
v 0.011056 -0.029851 -0.352537
v 0.010712 -0.027859 -0.346628
v 0.011052 -0.027851 -0.352534
v 0.008145 -0.027849 -0.357688
v 0.008148 -0.029849 -0.357690
v 0.002914 -0.027854 -0.360451
v 0.002917 -0.029854 -0.360453
v -0.002981 -0.027865 -0.359947
v -0.006703 -0.027874 -0.357482
v -0.008025 -0.027874 -0.358768
v -0.003134 -0.027862 -0.361853
v -0.008756 -0.027877 -0.357946
v -0.024645 -0.027927 -0.338394
v -0.012461 -0.026666 -0.360954
v -0.028350 -0.026717 -0.341402
v -0.015271 -0.023326 -0.363230
v -0.011193 -0.023315 -0.367054
v -0.031161 -0.023377 -0.343678
v -0.028449 -0.026647 -0.341482
v -0.031281 -0.023131 -0.343775
v -0.039703 -0.026688 -0.323999
v -0.035314 -0.027966 -0.321819
v -0.046848 -0.026725 -0.304473
v -0.049538 -0.026754 -0.283855
v -0.042089 -0.028001 -0.303308
v -0.044639 -0.028030 -0.283763
v -0.044806 -0.028041 -0.275041
v -0.049218 -0.026998 -0.277420
v -0.044984 -0.027151 -0.269107
v -0.026628 -0.028024 -0.265152
v -0.026848 -0.027291 -0.260299
v -0.008499 -0.028006 -0.255289
v -0.008739 -0.027117 -0.251390
v -0.005231 -0.027409 -0.253520
v -0.005393 -0.027969 -0.280746
v 0.000836 -0.027922 -0.310125
v -0.000685 -0.026750 -0.279977
v -0.003907 -0.026790 -0.252807
v 0.005451 -0.026703 -0.308916
v 0.008942 -0.023357 -0.307996
v 0.014288 -0.026652 -0.337147
v 0.009809 -0.027870 -0.338787
v 0.010519 -0.027867 -0.340731
v 0.012418 -0.027857 -0.345922
v -0.002275 -0.025630 -0.251935
v -0.002507 -0.025447 -0.250076
v -0.000421 -0.023444 -0.250958
v -0.002651 -0.024723 -0.248283
v -0.005526 -0.026430 -0.249671
v -0.002733 -0.022411 -0.245228
v -0.002664 -0.019633 -0.242569
v -0.005592 -0.024220 -0.246446
v -0.000519 -0.019678 -0.244341
v -0.000503 -0.017689 -0.242547
v -0.000843 -0.017400 -0.241923
v -0.001559 -0.016874 -0.240826
v -0.001570 -0.016866 -0.240809
v -0.001576 -0.016862 -0.240801
v -0.000537 -0.017993 -0.239521
v -0.000544 -0.017990 -0.239513
v -0.000547 -0.017989 -0.239509
v -0.000561 -0.017982 -0.239492
v -0.001578 -0.016860 -0.240798
v -0.001590 -0.016852 -0.240781
v -0.001620 -0.016831 -0.240739
v -0.001705 -0.016773 -0.240622
v -0.000597 -0.017965 -0.239448
v -0.000699 -0.017917 -0.239326
v -0.000720 -0.017907 -0.239301
v -0.000951 -0.017796 -0.239027
v -0.001367 -0.017588 -0.238538
v -0.001918 -0.016627 -0.240330
v -0.002218 -0.016421 -0.239926
v -0.002280 -0.016378 -0.239843
v -0.002525 -0.016747 -0.240022
v -0.005437 -0.018938 -0.240951
v -0.002496 -0.016226 -0.239551
v -0.002991 -0.015857 -0.238855
v -0.002146 -0.017151 -0.237586
v -0.003661 -0.015219 -0.237704
v -0.004072 -0.014509 -0.236475
v -0.003192 -0.015977 -0.235441
v -0.002441 -0.016948 -0.237177
v -0.001505 -0.017517 -0.238376
v -0.005541 -0.021618 -0.243636
v -0.008847 -0.022584 -0.244898
v -0.008837 -0.024862 -0.247688
v -0.008835 -0.025001 -0.247874
v -0.008744 -0.027065 -0.251273
v -0.045141 -0.025911 -0.265602
v -0.049915 -0.024490 -0.267565
v -0.045257 -0.024890 -0.263310
v -0.053651 -0.020758 -0.269127
v -0.052861 -0.023872 -0.279339
v -0.049658 -0.026763 -0.277655
v -0.053270 -0.023249 -0.279550
v 0.009812 -0.029870 -0.338790
v 0.012421 -0.029857 -0.345924
v 0.017796 -0.028396 -0.343955
v 0.012897 -0.029848 -0.352753
v 0.015188 -0.028410 -0.336821
v 0.021864 -0.024380 -0.342460
v 0.018850 -0.028388 -0.348874
v 0.023170 -0.024371 -0.348560
v 0.025055 -0.018773 -0.348418
v 0.000839 -0.029922 -0.310127
v -0.005390 -0.029969 -0.280748
v -0.008495 -0.030006 -0.255292
v -0.009042 -0.029197 -0.251259
v -0.004449 -0.029250 -0.253427
v -0.026622 -0.030024 -0.265153
v -0.027089 -0.029256 -0.259954
v -0.044803 -0.030041 -0.275043
v -0.050179 -0.028753 -0.277470
v -0.045259 -0.029121 -0.268798
v -0.044635 -0.030030 -0.283765
v -0.045510 -0.027918 -0.265329
v -0.045682 -0.026864 -0.262926
v -0.046124 -0.023487 -0.256470
v -0.009086 -0.028992 -0.250764
v -0.009233 -0.027286 -0.247719
v -0.005109 -0.028513 -0.249487
v -0.002952 -0.028546 -0.252742
v -0.000854 -0.027039 -0.251789
v -0.032462 -0.024467 -0.344738
v -0.027722 -0.019762 -0.217343
v -0.003162 -0.015311 -0.234419
v -0.004102 -0.012543 -0.230930
v -0.002860 -0.014110 -0.230946
v -0.004101 -0.012543 -0.230884
v -0.002859 -0.014110 -0.230901
v -0.004100 -0.012542 -0.230794
v -0.004096 -0.012541 -0.230614
v -0.002857 -0.014109 -0.230810
v -0.002852 -0.014107 -0.230630
v -0.002843 -0.014103 -0.230275
v -0.002824 -0.014095 -0.229583
v -0.004088 -0.012539 -0.230259
v -0.004073 -0.012534 -0.229567
v 0.006821 0.006025 -0.101035
v 0.008647 0.006645 -0.101563
v 0.012408 0.006629 -0.091256
v -0.000686 -0.008674 -0.167157
v 0.048163 -0.023708 -0.025038
v 0.040146 -0.019815 -0.046315
v 0.054031 -0.019735 -0.026559
v 0.056318 -0.019721 -0.022211
v 0.050445 -0.019755 -0.032496
v 0.043556 -0.019793 -0.042122
v 0.051536 -0.018680 -0.032735
v 0.051565 -0.018680 -0.032689
v 0.044743 -0.018651 -0.042396
v 0.044722 -0.018651 -0.042423
v 0.037198 -0.018639 -0.051478
v 0.047827 -0.014073 -0.043235
v 0.049019 -0.014067 -0.041643
v 0.040372 -0.014098 -0.052309
v 0.040260 -0.014330 -0.052281
v 0.042043 -0.007397 -0.052740
v 0.042062 -0.007123 -0.052744
v 0.045108 -0.007127 -0.049234
v 0.041660 0.000049 -0.052586
v 0.033499 -0.000053 -0.061367
v 0.041361 0.001981 -0.052477
v 0.044991 0.000054 -0.048855
v 0.033499 -0.000053 -0.061367
v 0.034945 0.000346 -0.062687
v 0.034945 0.000345 -0.062686
v 0.033497 -0.000054 -0.061369
v 0.034945 0.000346 -0.062686
v 0.034944 0.000345 -0.062687
v 0.034944 0.000345 -0.062686
v 0.033496 -0.000054 -0.061370
v 0.034940 0.000341 -0.062692
v 0.034941 0.000342 -0.062691
v 0.034942 0.000343 -0.062690
v 0.034943 0.000344 -0.062688
v 0.034938 0.000340 -0.062694
v 0.034939 0.000340 -0.062693
v 0.033495 -0.000055 -0.061371
v 0.034940 0.000341 -0.062693
v 0.033486 -0.000062 -0.061383
v 0.034936 0.000338 -0.062697
v 0.034927 0.000330 -0.062709
v 0.034910 0.000314 -0.062733
v 0.034874 0.000282 -0.062781
v 0.033468 -0.000078 -0.061407
v 0.033432 -0.000109 -0.061456
v 0.033360 -0.000171 -0.061553
v 0.034803 0.000219 -0.062877
v 0.033216 -0.000295 -0.061746
v 0.032927 -0.000544 -0.062135
v 0.034661 0.000091 -0.063070
v 0.034377 -0.000163 -0.063455
v 0.033812 -0.000671 -0.064223
v 0.033250 -0.001180 -0.064992
v 0.032352 -0.001039 -0.062909
v 0.031779 -0.001533 -0.063685
v 0.031150 -0.001877 -0.064491
v 0.030429 -0.001703 -0.065268
v 0.032630 -0.001531 -0.065788
v 0.031914 -0.001340 -0.066557
v 0.031270 -0.000658 -0.067097
v 0.029790 -0.001058 -0.065813
v 0.030849 0.000346 -0.067256
v 0.029383 -0.000114 -0.065976
v 0.030748 0.001120 -0.067090
v 0.022699 0.000345 -0.077493
v 0.029290 0.000644 -0.065806
v 0.029410 0.001328 -0.065419
v 0.034945 0.000347 -0.062691
v 0.043109 0.000349 -0.053934
v 0.037155 0.002283 -0.059758
v 0.040534 0.002285 -0.056214
v 0.035731 0.001904 -0.058405
v 0.040089 0.004797 -0.055996
v 0.038671 0.004410 -0.054640
v 0.042031 0.006497 -0.053441
v 0.040603 0.006067 -0.052109
v 0.042312 0.005053 -0.053591
v 0.042032 0.006496 -0.053441
v 0.042032 0.006496 -0.053440
v 0.042034 0.006497 -0.053439
v 0.040603 0.006067 -0.052109
v 0.040608 0.006072 -0.052102
v 0.042035 0.006498 -0.053437
v 0.042036 0.006499 -0.053436
v 0.040608 0.006072 -0.052102
v 0.042037 0.006500 -0.053434
v 0.042038 0.006501 -0.053433
v 0.042040 0.006503 -0.053431
v 0.042048 0.006510 -0.053419
v 0.042063 0.006524 -0.053398
v 0.040613 0.006077 -0.052095
v 0.040629 0.006090 -0.052074
v 0.040660 0.006118 -0.052030
v 0.040721 0.006173 -0.051946
v 0.042095 0.006553 -0.053354
v 0.042157 0.006609 -0.053268
v 0.042285 0.006725 -0.053091
v 0.042558 0.006974 -0.052709
v 0.040847 0.006286 -0.051772
v 0.041117 0.006528 -0.051395
v 0.041562 0.007089 -0.050710
v 0.041692 0.007954 -0.050254
v 0.043009 0.007547 -0.052012
v 0.043142 0.008428 -0.051547
v 0.042924 0.009402 -0.051428
v 0.041474 0.008912 -0.050141
v 0.042427 0.010244 -0.051662
v 0.040982 0.009740 -0.050375
v 0.041766 0.010781 -0.052191
v 0.040326 0.010271 -0.050901
v 0.042799 0.002285 -0.053833
v 0.047797 0.005055 -0.047332
v 0.048114 0.005779 -0.046688
v 0.047437 0.004131 -0.048074
v 0.048673 0.002570 -0.046333
v 0.047127 0.003210 -0.048727
v 0.047073 0.003021 -0.048847
v 0.047044 0.002906 -0.048914
v 0.047036 0.002873 -0.048932
v 0.047032 0.002856 -0.048942
v 0.047032 0.002855 -0.048943
v 0.047032 0.002854 -0.048943
v 0.047032 0.002854 -0.048943
v 0.047032 0.002854 -0.048943
v 0.047032 0.002854 -0.048943
v 0.047032 0.002854 -0.048943
v 0.047032 0.002855 -0.048943
v 0.047032 0.002855 -0.048943
v 0.047032 0.002855 -0.048943
v 0.047032 0.002855 -0.048943
v 0.047032 0.002855 -0.048943
v 0.047032 0.002855 -0.048943
v 0.047032 0.002854 -0.048943
v 0.047032 0.002853 -0.048943
v 0.047025 0.002823 -0.048960
v 0.047009 0.002753 -0.048998
v 0.046998 0.002703 -0.049025
v 0.046992 0.002674 -0.049041
v 0.046989 0.002661 -0.049048
v 0.046987 0.002655 -0.049051
v 0.046962 0.002542 -0.049112
v 0.046904 0.002283 -0.049247
v 0.047164 0.002066 -0.048958
v 0.046493 0.000328 -0.050146
v 0.046214 -0.002697 -0.050967
v 0.046663 -0.007394 -0.050470
v 0.046491 -0.002786 -0.050629
v 0.046739 -0.002912 -0.050292
v 0.046622 -0.005359 -0.050611
v 0.047078 -0.007788 -0.049899
v 0.046885 -0.005437 -0.050241
v 0.047361 -0.007800 -0.049496
v 0.047126 -0.005539 -0.049873
v 0.047356 -0.005635 -0.049497
v 0.046965 -0.003047 -0.049960
v 0.047623 -0.007848 -0.049087
v 0.049229 -0.011478 -0.046089
v 0.047870 -0.007890 -0.048670
v 0.048101 -0.007879 -0.048243
v 0.049487 -0.011373 -0.045654
v 0.049716 -0.011209 -0.045225
v 0.049873 -0.010894 -0.044865
v 0.048293 -0.007725 -0.047830
v 0.047778 -0.005657 -0.048685
v 0.047590 -0.003379 -0.048857
v 0.047578 -0.005697 -0.049099
v 0.047392 -0.003302 -0.049252
v 0.047988 0.001154 -0.047756
v 0.047181 -0.003181 -0.049618
v 0.047799 0.001392 -0.048075
v 0.047603 0.001619 -0.048374
v 0.047395 0.001842 -0.048665
v 0.048160 0.000913 -0.047417
v 0.051187 -0.013903 -0.042181
v 0.048950 -0.011578 -0.046514
v 0.048651 -0.011722 -0.046909
v 0.050925 -0.014125 -0.042532
v 0.050640 -0.014382 -0.042843
v 0.053060 -0.015794 -0.038159
v 0.052809 -0.016118 -0.038355
v 0.052538 -0.016491 -0.038444
v 0.055080 -0.017209 -0.033705
v 0.054839 -0.017589 -0.033708
v 0.054720 -0.017546 -0.033951
v 0.057217 -0.018174 -0.028920
v 0.060100 -0.018226 -0.023272
v 0.058897 -0.019986 -0.022755
v 0.063164 -0.019992 -0.011745
v 0.058811 -0.019986 -0.022932
v 0.057479 -0.021334 -0.022530
v 0.052957 -0.019982 -0.033330
v 0.052912 -0.019982 -0.033401
v 0.051581 -0.021330 -0.033009
v 0.045990 -0.019980 -0.043227
v 0.044632 -0.021327 -0.042826
v 0.045978 -0.019980 -0.043242
v 0.049355 -0.014881 -0.044247
v 0.038305 -0.019979 -0.052467
v 0.036898 -0.021328 -0.052037
v 0.041750 -0.014891 -0.053522
v 0.041850 -0.014665 -0.053552
v 0.043542 -0.007373 -0.054070
v 0.043549 -0.007268 -0.054073
v 0.041267 -0.021327 -0.047013
v 0.050491 -0.014878 -0.042727
v 0.050347 -0.014731 -0.043031
v 0.048346 -0.011996 -0.047208
v 0.046779 -0.007895 -0.050270
v 0.055137 -0.021332 -0.027047
v 0.061174 -0.021339 -0.013378
v 0.047104 -0.029593 -0.009359
v 0.048118 -0.028997 -0.010615
v 0.048999 -0.028155 -0.013565
v 0.047317 -0.027180 -0.010371
v 0.048167 -0.026361 -0.013267
v 0.046406 -0.027720 -0.009217
v 0.060075 -0.019694 -0.013080
v 0.047422 -0.026160 -0.016310
v 0.048250 -0.027947 -0.016655
v 0.045266 -0.026685 -0.018543
v 0.046052 -0.028487 -0.018911
v 0.042405 -0.027704 -0.019365
v 0.049281 0.004081 -0.045093
v 0.050687 0.006704 -0.042288
v 0.049675 0.008665 -0.043590
v 0.053276 0.012946 -0.036546
v 0.040882 0.004649 -0.052253
v 0.041136 0.003294 -0.052375
v 0.046290 0.004624 -0.046089
v 0.046612 0.005356 -0.045437
v 0.045938 0.003739 -0.046809
v 0.046858 0.002617 -0.045494
v 0.045773 0.003277 -0.047152
v 0.045639 0.002874 -0.047433
v 0.046584 0.001788 -0.046065
v 0.045559 0.002604 -0.047607
v 0.045545 0.002549 -0.047639
v 0.041254 0.002621 -0.052432
v 0.041309 0.002288 -0.052457
v 0.045478 0.002270 -0.047795
v 0.041336 0.002123 -0.052469
v 0.045442 0.002101 -0.047885
v 0.041349 0.002046 -0.052474
v 0.041354 0.002012 -0.052477
v 0.045420 0.002033 -0.047929
v 0.045419 0.002031 -0.047930
v 0.045421 0.002036 -0.047926
v 0.045525 0.001988 -0.047808
v 0.045426 0.002047 -0.047919
v 0.045527 0.001994 -0.047805
v 0.045433 0.002069 -0.047904
v 0.045657 0.001901 -0.047644
v 0.045941 0.001604 -0.047259
v 0.045654 0.001891 -0.047649
v 0.045938 0.001590 -0.047265
v 0.045653 0.001887 -0.047651
v 0.045653 0.001886 -0.047652
v 0.045937 0.001584 -0.047268
v 0.045936 0.001582 -0.047269
v 0.046357 0.000988 -0.046550
v 0.046361 0.001002 -0.046543
v 0.046355 0.000981 -0.046554
v 0.046353 0.000974 -0.046558
v 0.045936 0.001579 -0.047269
v 0.046346 0.000946 -0.046574
v 0.045935 0.001571 -0.047271
v 0.046343 0.000932 -0.046582
v 0.046339 0.000919 -0.046590
v 0.045936 0.001568 -0.047271
v 0.045935 0.001570 -0.047271
v 0.045921 0.001528 -0.047295
v 0.045839 0.001628 -0.047411
v 0.045813 0.001659 -0.047447
v 0.045811 0.001661 -0.047449
v 0.045154 -0.002983 -0.049065
v 0.045773 0.001703 -0.047500
v 0.045685 0.001796 -0.047616
v 0.045016 -0.002897 -0.049260
v 0.045643 0.001837 -0.047671
v 0.045652 0.001883 -0.047654
v 0.045640 0.001839 -0.047674
v 0.045625 0.001853 -0.047693
v 0.045518 0.001977 -0.047819
v 0.045610 0.001866 -0.047711
v 0.045518 0.001977 -0.047820
v 0.045596 0.001879 -0.047729
v 0.045582 0.001891 -0.047747
v 0.045517 0.001976 -0.047821
v 0.045517 0.001976 -0.047821
v 0.045516 0.001975 -0.047823
v 0.045455 0.001998 -0.047895
v 0.045459 0.002002 -0.047890
v 0.045427 0.002002 -0.047929
v 0.045451 0.001981 -0.047902
v 0.045511 0.001944 -0.047832
v 0.045421 0.001994 -0.047936
v 0.045402 0.002001 -0.047957
v 0.045401 0.002001 -0.047959
v 0.045398 0.002004 -0.047961
v 0.045396 0.002003 -0.047965
v 0.045401 0.002006 -0.047957
v 0.045403 0.002008 -0.047954
v 0.041359 0.001989 -0.052477
v 0.041357 0.001996 -0.052477
v 0.045405 0.002009 -0.047953
v 0.045431 0.002008 -0.047922
v 0.045409 0.002014 -0.047947
v 0.045411 0.002017 -0.047943
v 0.045436 0.002015 -0.047915
v 0.045414 0.002022 -0.047939
v 0.045416 0.002026 -0.047935
v 0.045464 0.002010 -0.047882
v 0.045463 0.002007 -0.047884
v 0.045522 0.001982 -0.047814
v 0.045466 0.002013 -0.047879
v 0.045467 0.002017 -0.047876
v 0.045523 0.001984 -0.047812
v 0.045524 0.001986 -0.047810
v 0.045653 0.001885 -0.047652
v 0.045652 0.001884 -0.047653
v 0.045652 0.001883 -0.047653
v 0.045936 0.001577 -0.047270
v 0.045936 0.001576 -0.047270
v 0.045935 0.001575 -0.047270
v 0.045935 0.001574 -0.047271
v 0.045652 0.001883 -0.047653
v 0.045521 0.001980 -0.047815
v 0.045652 0.001883 -0.047653
v 0.045652 0.001883 -0.047653
v 0.045935 0.001573 -0.047271
v 0.045519 0.001978 -0.047818
v 0.045547 0.001918 -0.047789
v 0.045552 0.001914 -0.047783
v 0.044866 -0.002815 -0.049458
v 0.044983 -0.005319 -0.049463
v 0.044705 -0.002758 -0.049653
v 0.044806 -0.005305 -0.049684
v 0.045438 -0.007658 -0.048762
v 0.045144 -0.005381 -0.049240
v 0.045293 -0.005457 -0.049022
v 0.045613 -0.007691 -0.048514
v 0.047221 -0.011332 -0.045528
v 0.045775 -0.007746 -0.048270
v 0.045928 -0.007807 -0.048026
v 0.047389 -0.011323 -0.045273
v 0.047548 -0.011324 -0.045014
v 0.049372 -0.013670 -0.041339
v 0.049515 -0.013614 -0.041117
v 0.051492 -0.015197 -0.037056
v 0.049223 -0.013732 -0.041552
v 0.051371 -0.015298 -0.037203
v 0.049064 -0.013816 -0.041748
v 0.048975 -0.013883 -0.041835
v 0.051245 -0.015404 -0.037332
v 0.047041 -0.011372 -0.045773
v 0.046938 -0.011424 -0.045894
v 0.046850 -0.011504 -0.045974
v 0.048902 -0.013963 -0.041879
v 0.045247 -0.007701 -0.048998
v 0.053506 -0.016412 -0.032761
v 0.051177 -0.015468 -0.037385
v 0.051126 -0.015527 -0.037405
v 0.053205 -0.016432 -0.033239
v 0.053431 -0.016506 -0.032788
v 0.055779 -0.017040 -0.028115
v 0.058492 -0.017114 -0.022783
v 0.055824 -0.016957 -0.028131
v 0.055839 -0.016925 -0.028136
v 0.058716 -0.016969 -0.022501
v 0.055878 -0.016832 -0.028148
v 0.053595 -0.016293 -0.032703
v 0.055897 -0.016778 -0.028153
v 0.058726 -0.016826 -0.022612
v 0.055925 -0.016693 -0.028161
v 0.053682 -0.016167 -0.032635
v 0.055947 -0.016620 -0.028166
v 0.058723 -0.016677 -0.022724
v 0.055966 -0.016547 -0.028170
v 0.053764 -0.016035 -0.032559
v 0.055988 -0.016455 -0.028174
v 0.058710 -0.016522 -0.022832
v 0.056000 -0.016395 -0.028175
v 0.053837 -0.015898 -0.032479
v 0.056019 -0.016284 -0.028177
v 0.058688 -0.016360 -0.022932
v 0.056025 -0.016239 -0.028176
v 0.053903 -0.015755 -0.032396
v 0.056039 -0.016110 -0.028173
v 0.058661 -0.016191 -0.023019
v 0.056041 -0.016082 -0.028172
v 0.056043 -0.015947 -0.028163
v 0.053956 -0.015603 -0.032317
v 0.053979 -0.015455 -0.032264
v 0.051901 -0.014737 -0.036427
v 0.051933 -0.014651 -0.036362
v 0.051816 -0.014876 -0.036579
v 0.049893 -0.013366 -0.040448
v 0.049939 -0.013278 -0.040350
v 0.049779 -0.013480 -0.040666
v 0.047980 -0.011236 -0.044226
v 0.048038 -0.011164 -0.044099
v 0.047846 -0.011301 -0.044488
v 0.046354 -0.007920 -0.047268
v 0.046419 -0.007893 -0.047131
v 0.045833 -0.005730 -0.048119
v 0.046217 -0.007911 -0.047528
v 0.045703 -0.005683 -0.048359
v 0.046075 -0.007866 -0.047780
v 0.047700 -0.011321 -0.044752
v 0.045570 -0.005614 -0.048586
v 0.045412 -0.003159 -0.048673
v 0.045435 -0.005537 -0.048805
v 0.045286 -0.003072 -0.048871
v 0.045928 0.001519 -0.047284
v 0.046039 0.001371 -0.047118
v 0.046146 0.001218 -0.046948
v 0.045536 -0.003245 -0.048467
v 0.046249 0.001061 -0.046768
v 0.045658 -0.003323 -0.048249
v 0.045768 -0.003372 -0.048029
v 0.045949 -0.005716 -0.047877
v 0.046469 -0.007836 -0.047017
v 0.048076 -0.011061 -0.044004
v 0.049963 -0.013172 -0.040285
v 0.051947 -0.014562 -0.036323
v 0.049651 -0.013555 -0.040892
v 0.051716 -0.014992 -0.036740
v 0.051607 -0.015097 -0.036900
v 0.058635 -0.016019 -0.023064
v 0.061286 -0.015297 -0.018012
v 0.063901 -0.013391 -0.013209
v 0.061347 -0.015483 -0.017910
v 0.064001 -0.013561 -0.013049
v 0.061420 -0.015630 -0.017748
v 0.064109 -0.013660 -0.012837
v 0.061491 -0.015756 -0.017568
v 0.064212 -0.013731 -0.012611
v 0.061553 -0.015872 -0.017380
v 0.064307 -0.013790 -0.012378
v 0.061605 -0.015986 -0.017189
v 0.064392 -0.013848 -0.012142
v 0.061640 -0.016104 -0.017001
v 0.064460 -0.013919 -0.011903
v 0.061645 -0.016178 -0.016901
v 0.064484 -0.013974 -0.011770
v 0.058702 -0.017045 -0.022445
v 0.061630 -0.016242 -0.016841
v 0.064069 -0.014483 -0.012416
v 0.058682 -0.017094 -0.022414
v 0.066623 -0.009878 -0.008122
v 0.066534 -0.009875 -0.008361
v 0.067541 -0.004217 -0.006237
v 0.067463 -0.004255 -0.006458
v 0.066913 0.001783 -0.006981
v 0.066846 0.001699 -0.007186
v 0.066967 0.001863 -0.006772
v 0.066808 0.001654 -0.007292
v 0.066770 0.001613 -0.007388
v 0.066089 0.003686 -0.008398
v 0.066098 0.003693 -0.008372
v 0.065937 0.003577 -0.008780
v 0.062686 0.008356 -0.014335
v 0.065868 0.003524 -0.008924
v 0.062648 0.008259 -0.014438
v 0.065854 0.003513 -0.008950
v 0.065841 0.003501 -0.008972
v 0.062641 0.008243 -0.014455
v 0.062635 0.008231 -0.014467
v 0.062632 0.008226 -0.014471
v 0.059255 0.011331 -0.020898
v 0.059249 0.011298 -0.020907
v 0.059268 0.011409 -0.020874
v 0.059293 0.011604 -0.020809
v 0.059326 0.012083 -0.020631
v 0.062770 0.008652 -0.014007
v 0.062811 0.008983 -0.013636
v 0.066221 0.003798 -0.007937
v 0.062789 0.009263 -0.013371
v 0.060849 0.011464 -0.017208
v 0.059867 0.012388 -0.019150
v 0.059643 0.012578 -0.019593
v 0.059531 0.012669 -0.019816
v 0.059503 0.012691 -0.019871
v 0.059489 0.012702 -0.019899
v 0.059483 0.012707 -0.019911
v 0.059483 0.012707 -0.019911
v 0.059483 0.012707 -0.019911
v 0.059483 0.012707 -0.019911
v 0.059483 0.012707 -0.019911
v 0.059483 0.012707 -0.019911
v 0.059483 0.012707 -0.019911
v 0.059483 0.012707 -0.019911
v 0.059483 0.012707 -0.019911
v 0.059483 0.012707 -0.019911
v 0.059482 0.012707 -0.019911
v 0.059482 0.012708 -0.019912
v 0.059474 0.012714 -0.019928
v 0.066269 0.003873 -0.007641
v 0.066028 0.004310 -0.007975
v 0.064478 0.006889 -0.010290
v 0.066582 0.004268 -0.003796
v 0.065596 0.006349 -0.004340
v 0.066891 0.003610 -0.003373
v 0.067121 0.003062 -0.002775
v 0.065810 0.006402 -0.002760
v 0.065742 0.006387 -0.001191
v 0.064205 0.009656 -0.002720
v 0.064812 0.008160 -0.003919
v 0.066703 0.004276 -0.001189
v 0.064533 0.009043 -0.001158
v 0.066981 0.003612 -0.001275
v 0.067222 0.002928 -0.001365
v 0.063743 0.007975 -0.011581
v 0.063702 0.008034 -0.011656
v 0.063681 0.008064 -0.011695
v 0.063670 0.008078 -0.011714
v 0.063669 0.008081 -0.011717
v 0.063667 0.008083 -0.011720
v 0.063643 0.008117 -0.011765
v 0.063588 0.008194 -0.011866
v 0.063453 0.008381 -0.012115
v 0.059246 0.011283 -0.020911
v 0.062630 0.008222 -0.014474
v 0.062631 0.008224 -0.014473
v 0.062629 0.008221 -0.014475
v 0.065830 0.003491 -0.008990
v 0.065833 0.003493 -0.008986
v 0.065828 0.003488 -0.008993
v 0.065827 0.003487 -0.008995
v 0.062629 0.008220 -0.014476
v 0.065826 0.003486 -0.008996
v 0.062629 0.008220 -0.014476
v 0.065824 0.003485 -0.008998
v 0.062628 0.008219 -0.014476
v 0.065823 0.003484 -0.008999
v 0.065822 0.003482 -0.009001
v 0.062628 0.008219 -0.014477
v 0.062627 0.008219 -0.014477
v 0.062627 0.008218 -0.014477
v 0.065821 0.003481 -0.009002
v 0.059243 0.011269 -0.020914
v 0.066481 0.001351 -0.007959
v 0.067044 -0.004362 -0.007302
v 0.066587 0.001435 -0.007782
v 0.067166 -0.004357 -0.007104
v 0.066684 0.001525 -0.007587
v 0.067276 -0.004329 -0.006890
v 0.067375 -0.004293 -0.006675
v 0.066326 -0.009860 -0.008826
v 0.066435 -0.009872 -0.008596
v 0.066207 -0.009826 -0.009051
v 0.066082 -0.009732 -0.009250
v 0.065835 0.003496 -0.008982
v 0.057390 -0.018726 -0.022303
v 0.061586 -0.018780 -0.011479
v 0.057319 -0.018725 -0.022449
v 0.061585 -0.018780 -0.011478
v 0.061585 -0.018781 -0.011478
v 0.063337 -0.018805 0.000092
v 0.063338 -0.018804 0.000090
v 0.063338 -0.018804 0.000090
v 0.063336 -0.018806 0.000092
v 0.063335 -0.018807 0.000093
v 0.061585 -0.018782 -0.011478
v 0.063335 -0.018808 0.000094
v 0.063333 -0.018811 0.000097
v 0.061583 -0.018783 -0.011478
v 0.061581 -0.018787 -0.011477
v 0.061575 -0.018795 -0.011475
v 0.061560 -0.018813 -0.011471
v 0.063327 -0.018819 0.000102
v 0.063312 -0.018837 0.000113
v 0.063272 -0.018884 0.000136
v 0.063164 -0.019004 0.000184
v 0.061521 -0.018861 -0.011461
v 0.061413 -0.018985 -0.011432
v 0.061167 -0.019242 -0.011360
v 0.062916 -0.019251 0.000286
v 0.062386 -0.019684 0.000530
v 0.062386 -0.019684 0.000530
v 0.062386 -0.019684 0.000530
v 0.062386 -0.019684 0.000530
v 0.062385 -0.019684 0.000530
v 0.062385 -0.019683 0.000530
v 0.062385 -0.019683 0.000530
v 0.062385 -0.019683 0.000530
v 0.062385 -0.019683 0.000530
v 0.063338 -0.018804 0.000090
v 0.063338 -0.018804 0.000090
v 0.063337 -0.018804 0.000090
v 0.063337 -0.018804 0.000090
v 0.063337 -0.018804 0.000090
v 0.063337 -0.018804 0.000090
v 0.063337 -0.018804 0.000090
v 0.046368 0.001030 -0.046527
v 0.046397 0.001140 -0.046463
v 0.046458 0.001359 -0.046334
v 0.045962 0.001688 -0.047212
v 0.045458 0.002177 -0.047845
v 0.045514 0.002419 -0.047712
v 0.045531 0.002494 -0.047671
v 0.045493 0.002331 -0.047761
v 0.045490 0.002318 -0.047769
v 0.045488 0.002312 -0.047772
v 0.045488 0.002310 -0.047773
v 0.045488 0.002309 -0.047774
v 0.045485 0.002297 -0.047781
v 0.045531 0.002494 -0.047670
v 0.045531 0.002494 -0.047670
v 0.045531 0.002494 -0.047670
v 0.045531 0.002494 -0.047670
v 0.045531 0.002494 -0.047670
v 0.045531 0.002494 -0.047670
v 0.045531 0.002494 -0.047671
v 0.045531 0.002494 -0.047671
v 0.045531 0.002494 -0.047671
v 0.045531 0.002494 -0.047671
v 0.045531 0.002494 -0.047671
v 0.045531 0.002494 -0.047671
v 0.045531 0.002494 -0.047671
v 0.045531 0.002495 -0.047670
v 0.045532 0.002497 -0.047669
v 0.045534 0.002504 -0.047665
v 0.045538 0.002520 -0.047656
v 0.047473 0.004160 -0.044241
v 0.048897 0.006829 -0.041404
v 0.052151 0.010697 -0.035015
v 0.048162 0.008206 -0.042364
v 0.051680 0.012387 -0.035479
v 0.054118 0.013831 -0.030680
v 0.054118 0.013831 -0.030680
v 0.054118 0.013832 -0.030680
v 0.039110 0.001952 -0.054850
v 0.040194 0.014414 -0.052414
v -0.017498 -0.029467 0.045735
v -0.015807 -0.028855 0.047755
v -0.013364 -0.028685 0.048870
v -0.015540 -0.027045 0.046947
v -0.013137 -0.026878 0.048041
v -0.010493 -0.027204 0.047980
v -0.010673 -0.029018 0.048803
v 0.012878 -0.018965 0.061705
v 0.010978 -0.030018 0.040740
v 0.015433 -0.031235 0.035142
v 0.018198 -0.031602 0.032308
v 0.015658 -0.033154 0.035654
v 0.011316 -0.032052 0.040887
v 0.011149 -0.031905 0.041375
v 0.011077 -0.030644 0.044864
v 0.012754 -0.029221 0.047862
v 0.010899 -0.028791 0.044141
v 0.012541 -0.027402 0.047059
v 0.015518 -0.026220 0.048766
v 0.019087 -0.025672 0.048645
v 0.015788 -0.028011 0.049617
v 0.019422 -0.027450 0.049501
v 0.024614 -0.026581 0.044039
v 0.024659 -0.026590 0.043994
v 0.013815 -0.033566 0.024385
v 0.020554 -0.031816 0.029892
v 0.020842 -0.033751 0.030310
v 0.034285 -0.019793 0.051870
v 0.035988 -0.019789 0.050712
v 0.036086 -0.019789 0.050643
v 0.036097 -0.019789 0.050636
v 0.036100 -0.019789 0.050633
v 0.036107 -0.019789 0.050628
v 0.036122 -0.019788 0.050618
v 0.036186 -0.019788 0.050572
v 0.036341 -0.019788 0.050462
v 0.036756 -0.019787 0.050163
v 0.045134 -0.019342 0.043585
v 0.055122 -0.018851 0.030995
v 0.054741 -0.019311 0.030778
v 0.054295 -0.019731 0.030524
v 0.058276 0.004213 0.032312
v 0.067672 -0.008933 -0.001290
v 0.067074 -0.011537 -0.001100
v 0.043305 -0.029266 -0.006011
v 0.043991 -0.031138 -0.006164
v 0.034756 -0.032135 0.002820
v 0.035225 -0.034079 0.002837
v 0.030650 -0.032923 0.007056
v 0.025988 -0.033470 0.011865
v 0.031433 -0.032594 0.010163
v 0.031195 -0.034859 0.006975
v 0.032029 -0.034512 0.010238
v 0.040095 -0.032371 0.010637
v 0.031272 -0.020128 0.056649
v 0.036627 -0.021453 0.051613
v 0.036726 -0.021453 0.051543
v 0.036737 -0.021453 0.051535
v 0.036740 -0.021453 0.051533
v 0.036747 -0.021453 0.051528
v 0.036762 -0.021452 0.051517
v 0.036828 -0.021452 0.051471
v 0.036985 -0.021452 0.051359
v 0.037408 -0.021451 0.051055
v 0.044314 -0.028610 0.024985
v 0.055182 -0.021398 0.031197
v 0.061285 -0.021376 0.016397
v 0.069621 -0.009394 -0.001343
v 0.066275 -0.014817 -0.012111
v 0.065913 -0.015226 -0.012732
v 0.068526 0.005099 -0.001260
v 0.069035 0.003641 -0.002850
v 0.068639 0.004592 -0.003631
v 0.067510 0.006977 -0.002803
v 0.066023 0.010491 -0.002757
v 0.067652 0.007018 -0.001231
v 0.067500 0.006983 -0.003595
v 0.066361 0.009650 -0.003559
v 0.067502 0.006995 -0.004383
v 0.066893 0.008376 -0.004194
v 0.068397 0.005100 -0.003912
v 0.067839 0.005099 -0.008291
v 0.066278 0.007668 -0.010680
v 0.066250 0.006945 -0.011720
v 0.065554 0.008724 -0.011983
v 0.065513 0.008780 -0.012059
v 0.065492 0.008809 -0.012098
v 0.065482 0.008824 -0.012118
v 0.065478 0.008830 -0.012126
v 0.065476 0.008832 -0.012128
v 0.065452 0.008865 -0.012173
v 0.065398 0.008940 -0.012275
v 0.065266 0.009120 -0.012525
v 0.064907 0.009597 -0.013214
v 0.062963 0.014454 -0.012980
v 0.063412 0.011368 -0.016198
v 0.063418 0.010342 -0.016957
v 0.061653 0.013058 -0.019752
v 0.061268 0.013366 -0.020526
v 0.061262 0.013371 -0.020538
v 0.061261 0.013372 -0.020541
v 0.061261 0.013372 -0.020541
v 0.061261 0.013372 -0.020541
v 0.061261 0.013372 -0.020541
v 0.061261 0.013372 -0.020541
v 0.061261 0.013372 -0.020541
v 0.061261 0.013372 -0.020541
v 0.061261 0.013372 -0.020541
v 0.061261 0.013372 -0.020541
v 0.061261 0.013372 -0.020541
v 0.061261 0.013372 -0.020541
v 0.061261 0.013372 -0.020541
v 0.061259 0.013373 -0.020544
v 0.061256 0.013375 -0.020551
v 0.061247 0.013382 -0.020568
v 0.061223 0.013400 -0.020617
v 0.061144 0.013460 -0.020777
v 0.060413 0.013945 -0.022259
v 0.060513 0.012746 -0.022685
v 0.063198 0.009271 -0.017611
v 0.065965 0.006158 -0.012644
v 0.068139 0.001340 -0.009078
v 0.068519 0.001662 -0.008377
v 0.068691 -0.004273 -0.008432
v 0.067771 -0.009530 -0.010305
v 0.069116 -0.004261 -0.007677
v 0.065659 -0.013170 -0.014145
v 0.063079 -0.015108 -0.018885
v 0.068665 0.001816 -0.008018
v 0.068790 0.001969 -0.007649
v 0.065703 0.011299 -0.001164
v 0.057766 -0.016643 -0.029083
vn 0.1908 0.2201 0.9566
vn 0.4684 0.2141 0.8572
vn 0.4688 0.2140 0.8570
vn 0.4355 0.4089 0.8020
vn 0.2563 0.4066 0.8769
vn 0.1808 0.4059 0.8958
vn 0.7051 0.1768 0.6867
vn 0.6522 0.4082 0.6388
vn 0.6508 0.4132 0.6370
vn 0.4692 0.4094 0.7824
vn -0.2123 0.9122 -0.3504
vn -0.1969 0.9125 -0.3586
vn -0.1159 0.9135 -0.3900
vn -0.1161 0.9136 -0.3898
vn -0.1972 0.9125 -0.3584
vn -0.2126 0.9122 -0.3502
vn -0.0822 0.9138 -0.3977
vn -0.0134 0.9143 -0.4049
vn -0.0134 0.9143 -0.4049
vn -0.0824 0.9138 -0.3977
vn -0.1808 -0.4059 -0.8958
vn -0.2563 -0.4066 -0.8769
vn -0.4355 -0.4089 -0.8020
vn -0.4684 -0.2174 -0.8564
vn -0.4680 -0.2174 -0.8566
vn -0.1952 -0.2441 -0.9499
vn -0.4692 -0.4094 -0.7824
vn -0.6508 -0.4131 -0.6370
vn -0.6522 -0.4080 -0.6389
vn -0.7051 -0.1768 -0.6867
vn -0.2968 0.9107 -0.2873
vn -0.2966 0.9107 -0.2874
vn -0.3617 0.9105 -0.2006
vn 0.2964 -0.9109 0.2871
vn -0.2967 0.9107 -0.2873
vn -0.3617 0.9105 -0.2006
vn -0.7945 -0.4136 -0.4447
vn -0.7937 -0.4137 -0.4460
vn 0.7937 0.4136 0.4461
vn 0.7943 0.4137 0.4449
vn 0.8827 0.4141 0.2221
vn 0.8822 0.4145 0.2237
vn -0.4018 0.9102 -0.1000
vn -0.4018 0.9102 -0.1000
vn 0.9100 0.4144 -0.0146
vn 0.8931 0.4132 -0.1777
vn 0.9100 0.4144 -0.0141
vn 0.9100 0.4144 -0.0138
vn -0.4144 0.9101 0.0076
vn -0.0714 0.1238 -0.9897
vn -0.8824 -0.4141 -0.2233
vn -0.8827 -0.4141 -0.2221
vn -0.7947 -0.4137 -0.4442
vn -0.9100 -0.4144 0.0137
vn -0.9100 -0.4144 0.0141
vn -0.9115 -0.4113 -0.0062
vn -0.9100 -0.4144 0.0144
vn -0.9100 -0.4144 0.0141
vn -0.8830 -0.4141 -0.2210
vn -0.3650 0.9270 0.0864
vn -0.4144 0.9101 0.0075
vn -0.4144 0.9101 0.0076
vn -0.3674 0.9270 0.0753
vn -0.3674 0.9270 0.0753
vn -0.9024 -0.3730 0.2156
vn -0.9033 -0.3750 0.2082
vn -0.9036 -0.3759 0.2055
vn -0.9037 -0.3763 0.2044
vn -0.9037 -0.3764 0.2039
vn -0.9038 -0.3764 0.2038
vn -0.9037 -0.3765 0.2038
vn -0.9038 -0.3765 0.2036
vn -0.9038 -0.3767 0.2032
vn -0.9039 -0.3770 0.2023
vn -0.9046 -0.3833 0.1867
vn -0.9036 -0.4035 0.1439
vn -0.9087 -0.4110 0.0728
vn -0.9087 -0.4099 0.0791
vn -0.9000 -0.4300 0.0711
vn -0.8909 -0.4501 0.0609
vn -0.9072 -0.3750 0.1907
vn -0.9072 -0.3749 0.1910
vn -0.2926 0.9482 0.1238
vn -0.2897 0.9482 0.1307
vn -0.3649 0.9270 0.0866
vn -0.8663 -0.3387 0.3671
vn -0.8819 -0.3567 0.3082
vn -0.8832 -0.3592 0.3016
vn -0.8832 -0.3593 0.3014
vn -0.8830 -0.3606 0.3006
vn -0.8965 -0.3249 0.3012
vn -0.8965 -0.3249 0.3012
vn -0.8716 -0.4235 0.2469
vn -0.8965 -0.3249 0.3012
vn -0.8716 -0.4235 0.2469
vn -0.8965 -0.3249 0.3012
vn -0.8833 -0.3593 0.3011
vn -0.8834 -0.3595 0.3007
vn -0.8835 -0.3599 0.2997
vn -0.8842 -0.3613 0.2959
vn -0.8855 -0.3643 0.2883
vn -0.8904 -0.3744 0.2589
vn -0.9015 -0.3720 0.2214
vn -0.8693 -0.2288 0.4382
vn -0.8918 0.0809 0.4451
vn -0.8771 0.0833 0.4731
vn -0.8812 0.0650 0.4683
vn -0.8843 0.0507 0.4642
vn -0.8883 0.0269 0.4585
vn -0.8936 -0.0080 0.4489
vn -0.8989 -0.0541 0.4347
vn -0.9036 -0.1332 0.4071
vn -0.2554 0.9443 0.2074
vn -0.2926 0.9482 0.1239
vn -0.2074 0.9724 0.1068
vn -0.2103 0.9724 0.1012
vn -0.8259 -0.3105 0.4705
vn -0.8811 -0.1014 0.4620
vn -0.8335 -0.2837 0.4740
vn -0.8259 -0.3105 0.4705
vn -0.2924 0.9527 0.0828
vn -0.2447 0.9549 0.1684
vn 0.8310 0.2966 -0.4706
vn 0.8683 0.2333 -0.4378
vn 0.8927 -0.0653 -0.4459
vn 0.8996 -0.0616 -0.4323
vn 0.8006 0.2816 -0.5289
vn 0.9014 0.1297 -0.4130
vn 0.8844 -0.0641 -0.4623
vn 0.8715 0.3177 -0.3735
vn 0.8824 0.3252 -0.3399
vn 0.8931 0.0775 -0.4432
vn 0.8963 0.0772 -0.4367
vn 0.9002 0.0766 -0.4287
vn 0.9039 0.0750 -0.4211
vn 0.9073 0.0718 -0.4144
vn 0.9099 0.0622 -0.4101
vn 0.9108 0.0517 -0.4096
vn 0.9112 0.0361 -0.4104
vn 0.9103 -0.0028 -0.4139
vn 0.9094 -0.0178 -0.4155
vn 0.9083 -0.0296 -0.4172
vn 0.9057 -0.0460 -0.4214
vn 0.8691 -0.0560 -0.4915
vn 0.8485 -0.0395 -0.5277
vn 0.8290 -0.0055 -0.5592
vn 0.8237 0.0374 -0.5658
vn 0.8326 0.0679 -0.5496
vn 0.8512 0.0801 -0.5187
vn 0.8699 0.0820 -0.4864
vn 0.8842 0.0802 -0.4603
vn 0.8818 -0.1480 -0.4477
vn 0.8784 -0.1533 -0.4527
vn 0.8903 -0.0565 -0.4518
vn 0.8897 -0.0504 -0.4538
vn 0.8911 -0.0315 -0.4527
vn 0.8926 -0.0083 -0.4507
vn 0.8754 -0.1454 -0.4611
vn 0.8758 -0.1196 -0.4676
vn 0.8761 -0.0841 -0.4747
vn 0.8547 -0.2004 -0.4788
vn 0.8548 -0.1550 -0.4954
vn 0.8558 -0.2279 -0.4643
vn 0.8780 -0.1559 -0.4526
vn 0.8600 -0.2413 -0.4497
vn 0.8290 -0.3118 -0.4643
vn 0.8346 -0.3276 -0.4429
vn 0.8267 -0.2814 -0.4873
vn 0.8468 -0.3277 -0.4189
vn 0.8339 -0.3294 -0.4428
vn 0.7874 -0.4104 -0.4600
vn 0.7945 -0.4291 -0.4297
vn 0.7491 -0.5606 -0.3530
vn 0.7476 -0.5614 -0.3549
vn 0.7191 -0.5667 -0.4022
vn 0.8701 -0.2992 -0.3916
vn 0.8052 -0.5125 -0.2982
vn 0.8864 -0.1248 -0.4458
vn 0.9049 -0.2270 -0.3601
vn 0.8923 -0.0854 -0.4434
vn 0.8853 -0.4012 -0.2349
vn 0.8841 -0.4035 -0.2358
vn 0.8734 -0.4215 -0.2440
vn 0.9371 -0.1080 -0.3320
vn 0.8997 -0.0320 -0.4354
vn 0.9618 -0.2118 -0.1736
vn 0.9481 0.0127 -0.3176
vn 0.9040 0.0218 -0.4270
vn 0.9905 -0.0007 -0.1378
vn 0.9809 -0.1196 -0.1535
vn 0.9930 -0.1169 -0.0183
vn 0.9848 -0.1730 -0.0173
vn 0.9136 -0.4056 -0.0295
vn 0.9855 0.0989 -0.1380
vn 0.9940 0.1059 -0.0276
vn 0.9420 0.0936 -0.3224
vn 0.9742 0.1687 -0.1500
vn 0.9839 0.1782 -0.0162
vn 0.9556 -0.1734 0.2381
vn 0.9547 0.1779 0.2384
vn 0.9765 0.2149 -0.0162
vn 0.9054 0.3942 -0.1576
vn 0.9086 0.4113 -0.0721
vn 0.9237 0.3771 -0.0682
vn 0.9503 0.3067 -0.0536
vn 0.9543 0.1779 0.2400
vn 0.8605 -0.1739 0.4789
vn 0.8596 0.1774 0.4791
vn 0.8592 0.1774 0.4799
vn 0.7059 -0.1744 0.6865
vn 0.4729 -0.1750 0.8636
vn 0.7059 -0.1744 0.6865
vn 0.5736 -0.6011 0.5565
vn 0.6949 -0.6023 0.3929
vn 0.6980 -0.6022 0.3876
vn 0.3845 -0.6016 0.7002
vn 0.3872 -0.6016 0.6987
vn 0.2694 -0.8322 0.4846
vn 0.2701 -0.8322 0.4843
vn 0.3049 -0.8327 0.4622
vn 0.3200 -0.8327 0.4518
vn 0.3209 -0.8327 0.4512
vn 0.3211 -0.8326 0.4513
vn 0.3214 -0.8330 0.4504
vn 0.3210 -0.8328 0.4511
vn 0.3211 -0.8327 0.4512
vn 0.3218 -0.8328 0.4505
vn 0.3232 -0.8327 0.4496
vn 0.3269 -0.8327 0.4470
vn 0.3983 -0.8324 0.3853
vn 0.4801 -0.8339 0.2721
vn 0.4807 -0.8339 0.2710
vn 0.5319 -0.8347 0.1429
vn 0.5325 -0.8347 0.1403
vn 0.7715 -0.6026 0.2042
vn 0.7744 -0.6027 0.1923
vn 0.5511 -0.8344 0.0059
vn 0.8005 -0.5993 0.0013
vn 0.7648 -0.6059 -0.2190
vn 0.7659 -0.6055 -0.2161
vn 0.5422 -0.8264 -0.1520
vn 0.4282 -0.8964 0.1145
vn 0.4067 -0.9088 0.0928
vn 0.3669 -0.9271 0.0763
vn 0.3638 -0.9284 0.0756
vn 0.3685 -0.9284 0.0481
vn 0.4079 -0.9121 0.0419
vn 0.3669 -0.9254 -0.0948
vn 0.3860 -0.9160 -0.1093
vn 0.5411 -0.8228 -0.1741
vn 0.1945 -0.9801 0.0396
vn 0.2344 -0.9721 0.0082
vn 0.3430 -0.9362 -0.0766
vn 0.2392 -0.9689 0.0632
vn 0.2071 -0.9761 0.0660
vn 0.3229 -0.9435 0.0739
vn 0.2998 -0.9507 0.0796
vn -0.2174 -0.0057 0.9761
vn -0.1886 0.0078 0.9820
vn 0.2637 0.1647 0.9504
vn 0.2595 0.1633 0.9518
vn -0.1858 0.0073 0.9826
vn -0.2173 -0.0057 0.9761
vn -0.6122 -0.1957 0.7661
vn -0.6098 -0.1944 0.7683
vn -0.8627 -0.3698 0.3450
vn -0.8298 -0.3398 0.4427
vn -0.8286 -0.3388 0.4457
vn -0.8619 -0.3689 0.3480
vn -0.5153 0.8458 -0.1383
vn -0.5148 0.8465 -0.1356
vn -0.5511 0.8344 -0.0059
vn -0.4064 0.9127 -0.0422
vn -0.3688 0.9283 -0.0481
vn -0.3640 0.9283 -0.0757
vn -0.3669 0.9271 -0.0763
vn -0.4070 0.9087 -0.0928
vn -0.4285 0.8963 -0.1145
vn -0.4790 0.8348 -0.2715
vn -0.4796 0.8348 -0.2704
vn -0.4318 0.8939 -0.1206
vn -0.4349 0.8874 -0.1530
vn -0.3902 0.8988 -0.1998
vn -0.3753 0.9023 -0.2120
vn -0.8550 -0.4599 -0.2396
vn -0.8551 -0.4599 -0.2393
vn -0.6105 -0.4145 -0.6749
vn -0.6089 -0.4142 -0.6765
vn -0.6332 -0.4112 -0.6557
vn -0.6175 -0.4135 -0.6691
vn -0.6160 -0.4133 -0.6706
vn -0.6323 -0.4112 -0.6566
vn -0.3407 0.9086 -0.2415
vn -0.2955 0.9119 -0.2849
vn -0.3918 0.8384 -0.3789
vn -0.6532 -0.4101 -0.6365
vn -0.6532 -0.4100 -0.6366
vn -0.2658 0.8380 -0.4766
vn -0.2991 0.8396 -0.4534
vn -0.3138 0.8399 -0.4429
vn -0.3146 0.8399 -0.4423
vn -0.3140 0.8396 -0.4433
vn -0.3148 0.8402 -0.4416
vn -0.3147 0.8397 -0.4425
vn -0.3149 0.8399 -0.4421
vn -0.3155 0.8399 -0.4417
vn -0.3169 0.8398 -0.4407
vn -0.3205 0.8398 -0.4381
vn -0.2534 0.9087 -0.3316
vn -0.2135 0.8993 -0.3817
vn -0.6719 -0.4114 -0.6158
vn -0.6728 -0.4115 -0.6148
vn 0.2132 -0.8996 0.3812
vn 0.2532 -0.9090 0.3312
vn 0.2951 -0.9121 0.2846
vn 0.3405 -0.9087 0.2413
vn 0.3750 -0.9025 0.2118
vn -0.6902 -0.4149 -0.5928
vn -0.6900 -0.4149 -0.5931
vn -0.6916 -0.4145 -0.5915
vn -0.6918 -0.4146 -0.5912
vn 0.1173 -0.8356 0.5367
vn 0.0700 -0.9462 0.3160
vn 0.0862 -0.9462 0.3120
vn 0.0855 -0.9443 0.3179
vn 0.0891 -0.9279 0.3620
vn 0.1066 -0.9097 0.4013
vn 0.1349 -0.8949 0.4253
vn 0.1673 -0.8884 0.4275
vn 0.2129 -0.8994 0.3817
vn 0.1675 -0.6023 0.7805
vn 0.1159 -0.8356 0.5370
vn -0.0249 -0.9456 0.3245
vn -0.0235 -0.9463 0.3223
vn -0.0434 -0.8343 0.5496
vn 0.1614 -0.6023 0.7818
vn -0.0665 -0.6025 0.7953
vn -0.0454 -0.8344 0.5493
vn -0.1472 -0.9142 0.3775
vn -0.1462 -0.9126 0.3817
vn -0.1339 -0.9050 0.4038
vn -0.1136 -0.9029 0.4145
vn -0.0902 -0.9070 0.4113
vn -0.0527 -0.9277 0.3697
vn -0.1992 -0.8373 0.5092
vn -0.7444 -0.2104 -0.6338
vn -0.7356 -0.2027 -0.6464
vn -0.7351 -0.2022 -0.6471
vn -0.7347 -0.2017 -0.6477
vn -0.7382 -0.2004 -0.6442
vn -0.7386 -0.2009 -0.6435
vn -0.7390 -0.2014 -0.6429
vn -0.7474 -0.2090 -0.6307
vn -0.0219 -0.9473 0.3195
vn 0.0305 -0.9733 0.2277
vn 0.0454 -0.9784 0.2016
vn -0.7208 -0.1791 -0.6696
vn -0.7240 -0.1785 -0.6663
vn -0.7177 -0.1719 -0.6749
vn -0.7133 -0.1605 -0.6823
vn -0.7151 -0.1603 -0.6804
vn -0.7205 -0.1714 -0.6719
vn 0.0722 -0.9849 0.1574
vn 0.0817 -0.9863 0.1434
vn 0.1294 -0.9647 0.2295
vn 0.1125 -0.9601 0.2562
vn -0.7120 -0.1575 -0.6843
vn -0.7080 -0.1546 -0.6891
vn -0.7080 -0.1547 -0.6891
vn -0.7134 -0.1574 -0.6829
vn 0.1123 -0.9880 0.1064
vn 0.1771 -0.9695 0.1695
vn 0.1438 -0.9673 0.2090
vn 0.2264 -0.9657 0.1269
vn 0.2156 -0.9671 0.1352
vn 0.1427 -0.9866 0.0792
vn -0.7024 -0.1597 -0.6936
vn -0.7008 -0.1597 -0.6953
vn -0.7029 -0.1573 -0.6937
vn -0.7039 -0.1575 -0.6926
vn 0.2619 -0.9596 0.1026
vn 0.1547 -0.9855 0.0702
vn 0.6733 0.2578 0.6930
vn 0.6827 0.2503 0.6865
vn 0.6853 0.2486 0.6845
vn 0.6840 0.2484 0.6859
vn 0.6809 0.2501 0.6883
vn 0.6706 0.2574 0.6957
vn 0.6947 0.2453 0.6762
vn 0.6946 0.2451 0.6763
vn -0.1434 0.9865 -0.0796
vn -0.1122 0.9880 -0.1064
vn -0.1767 0.9696 -0.1691
vn -0.2153 0.9672 -0.1350
vn -0.2261 0.9658 -0.1268
vn -0.2393 0.9689 -0.0632
vn -0.2053 0.9765 -0.0662
vn -0.1547 0.9855 -0.0702
vn -0.2615 0.9598 -0.1024
vn -0.2995 0.9508 -0.0795
vn 0.5556 0.2418 0.7955
vn 0.5517 0.2409 0.7985
vn -0.3226 0.9437 -0.0739
vn -0.3655 0.9261 0.0937
vn -0.3430 0.9362 0.0766
vn -0.2345 0.9721 -0.0082
vn -0.1931 0.9803 -0.0408
vn -0.5422 0.8260 0.1540
vn -0.5410 0.8227 0.1746
vn -0.3870 0.9155 0.1101
vn -0.6458 0.7635 0.0014
vn -0.6458 0.7635 0.0014
vn -0.6458 0.7635 0.0014
vn -0.6458 0.7635 0.0014
vn -0.5682 0.8191 0.0787
vn -0.5506 0.8347 -0.0050
vn -0.5491 0.8358 -0.0052
vn -0.6824 0.7310 -0.0032
vn -0.6588 0.7278 0.1905
vn -0.7854 0.5830 -0.2079
vn -0.7882 0.5834 -0.1959
vn -0.6845 0.7284 -0.0303
vn -0.3628 0.9307 -0.0457
vn -0.3628 0.9307 -0.0457
vn -0.3628 0.9307 -0.0457
vn -0.7436 0.6232 0.2421
vn -0.3628 0.9307 -0.0457
vn -0.3628 0.9307 -0.0457
vn -0.8189 0.5739 -0.0064
vn -0.8058 0.5921 -0.0057
vn -0.8086 0.5884 -0.0015
vn -0.8184 0.5746 0.0007
vn -0.8063 0.5916 -0.0006
vn -0.7964 0.6048 -0.0019
vn -0.7886 0.6149 -0.0019
vn -0.7770 0.6295 -0.0020
vn -0.7605 0.6494 -0.0022
vn -0.7307 0.6827 -0.0023
vn -0.6644 0.7419 -0.0898
vn -0.7089 0.5803 -0.4009
vn -0.7122 0.5799 -0.3956
vn -0.5917 0.7336 -0.3342
vn -0.8613 0.1685 -0.4794
vn -0.9565 0.1681 -0.2384
vn -0.9857 0.1677 0.0170
vn -0.9596 0.2809 0.0141
vn -0.9281 0.3722 0.0110
vn -0.9136 0.4056 0.0297
vn -0.0146 0.9999 0.0043
vn -0.7644 0.6064 0.2190
vn -0.7617 0.6092 0.2207
vn -0.7678 0.5959 0.2354
vn -0.8841 0.4035 0.2358
vn -0.8833 0.4048 0.2363
vn -0.8703 0.4265 0.2463
vn -0.9813 0.1168 0.1530
vn -0.9610 0.2148 0.1743
vn -0.9934 0.1136 0.0180
vn -0.9496 0.1475 0.2765
vn -0.9012 0.2983 0.3145
vn -0.8948 0.3494 0.2778
vn -0.9905 0.0011 0.1378
vn -0.9659 -0.0081 0.2588
vn -0.9940 -0.1059 0.0278
vn -0.9855 -0.0989 0.1380
vn -0.9742 -0.1688 0.1500
vn -0.9553 -0.1237 0.2684
vn -0.9839 -0.1782 0.0162
vn -0.9545 -0.1791 -0.2385
vn -0.9158 -0.3794 0.1320
vn -0.9760 -0.2173 0.0166
vn -0.9494 -0.3094 0.0543
vn -0.9334 -0.3525 0.0667
vn -0.9347 -0.3552 0.0157
vn -0.9539 -0.2997 0.0173
vn -0.9544 -0.1791 -0.2388
vn -0.8594 -0.1785 -0.4791
vn -0.8594 -0.1785 -0.4792
vn -0.7056 0.1668 -0.6887
vn -0.7058 0.1732 -0.6869
vn -0.4733 0.1697 -0.8644
vn -0.5733 0.6015 -0.5563
vn -0.3870 0.6019 -0.6985
vn -0.3844 0.6019 -0.7000
vn -0.1975 -0.1752 -0.9645
vn -0.1984 -0.1752 -0.9643
vn -0.1983 0.1703 -0.9652
vn -0.1675 0.6023 -0.7805
vn -0.1615 0.6023 -0.7818
vn -0.2652 0.8380 -0.4769
vn -0.2014 0.8407 -0.5026
vn -0.1171 0.8359 -0.5362
vn -0.1158 0.8360 -0.5363
vn -0.4887 0.7327 -0.4736
vn -0.2131 0.8992 -0.3821
vn -0.1675 0.8881 -0.4280
vn -0.1351 0.8947 -0.4258
vn -0.1067 0.9095 -0.4018
vn -0.0892 0.9278 -0.3622
vn -0.0855 0.9443 -0.3178
vn -0.0863 0.9463 -0.3116
vn -0.0699 0.9463 -0.3156
vn 0.0423 0.8434 -0.5357
vn 0.0234 0.9465 -0.3219
vn 0.0249 0.9456 -0.3244
vn -0.1123 0.9602 -0.2558
vn -0.1292 0.9648 -0.2291
vn -0.0817 0.9863 -0.1433
vn -0.0721 0.9849 -0.1571
vn -0.0453 0.9785 -0.2011
vn -0.0305 0.9734 -0.2272
vn 0.0219 0.9474 -0.3193
vn 0.1977 0.8400 -0.5053
vn 0.0442 0.8436 -0.5352
vn 0.0527 0.9276 -0.3699
vn 0.0903 0.9068 -0.4118
vn 0.1137 0.9027 -0.4151
vn 0.1340 0.9047 -0.4043
vn 0.1464 0.9124 -0.3822
vn 0.1474 0.9140 -0.3779
vn 0.0665 0.6028 -0.7951
vn 0.2001 0.8400 -0.5043
vn 0.2946 0.6030 -0.7414
vn 0.0756 0.6028 -0.7943
vn 0.3356 0.8401 -0.4261
vn 0.1482 0.9238 -0.3529
vn 0.1401 0.9364 -0.3218
vn 0.1263 0.9466 -0.2966
vn 0.1894 0.9467 -0.2607
vn 0.1957 0.9434 -0.2679
vn 0.2242 0.9275 -0.2991
vn 0.2471 0.9166 -0.3142
vn 0.9880 -0.1539 0.0119
vn 0.9143 -0.2714 -0.3006
vn 0.8862 -0.2924 -0.3595
vn 0.8881 -0.2911 -0.3557
vn 0.9159 -0.2701 -0.2968
vn 0.9882 -0.1526 0.0153
vn 0.9302 -0.0131 0.3669
vn 0.9300 -0.0129 0.3673
vn -0.2469 -0.9168 0.3139
vn -0.2240 -0.9276 0.2989
vn -0.1957 -0.9433 0.2680
vn -0.1896 -0.9465 0.2610
vn -0.1265 -0.9465 0.2969
vn -0.1400 -0.9364 0.3217
vn -0.1481 -0.9240 0.3527
vn -0.2017 -0.8372 0.5084
vn -0.3385 -0.8370 0.4298
vn 0.7343 0.1113 0.6696
vn 0.7448 0.1095 0.6583
vn 0.7488 0.1053 0.6543
vn 0.7366 0.1103 0.6673
vn -0.1023 -0.9593 0.2632
vn -0.1239 -0.9480 0.2933
vn -0.1683 -0.9570 0.2363
vn -0.1422 -0.9682 0.2057
vn -0.1178 -0.9772 0.1769
vn -0.0956 -0.9840 0.1504
vn -0.0472 -0.9913 0.1230
vn 0.7285 0.1038 0.6772
vn 0.7307 0.1072 0.6742
vn 0.7331 0.1062 0.6717
vn 0.7309 0.1029 0.6747
vn -0.0086 -0.9922 0.1247
vn -0.0293 -0.9873 0.1560
vn -0.0878 -0.9662 0.2425
vn -0.0139 -0.9943 0.1053
vn -0.0067 -0.9948 0.1019
vn -0.0242 -0.9980 0.0586
vn 0.0001 -0.9997 0.0253
vn 0.0376 -0.9990 -0.0241
vn 0.0574 -0.9977 0.0366
vn 0.0515 -0.9977 0.0437
vn 0.0122 -0.9955 0.0938
vn 0.7227 0.0864 0.6857
vn 0.7202 0.0798 0.6892
vn 0.7181 0.0740 0.6920
vn 0.7172 0.0742 0.6929
vn 0.7185 0.0800 0.6909
vn 0.7206 0.0868 0.6879
vn 0.0067 0.9948 -0.1020
vn 0.0132 0.9944 -0.1050
vn 0.0472 0.9913 -0.1230
vn 0.1021 0.9594 -0.2628
vn 0.0876 0.9663 -0.2420
vn 0.0293 0.9873 -0.1559
vn 0.0086 0.9921 -0.1252
vn -0.0122 0.9955 -0.0938
vn 0.7146 0.0673 0.6963
vn 0.7151 0.0674 0.6957
vn -0.0514 0.9977 -0.0437
vn -0.0571 0.9977 -0.0370
vn -0.0373 0.9990 0.0237
vn -0.0001 0.9997 -0.0253
vn 0.0237 0.9980 -0.0580
vn 0.7122 0.0655 0.6989
vn 0.7144 0.0668 0.6965
vn 0.7148 0.0667 0.6961
vn 0.7120 0.0655 0.6992
vn -0.1001 0.9949 0.0088
vn -0.1585 0.9855 0.0599
vn -0.1454 0.9824 0.1171
vn -0.0812 0.9944 0.0680
vn 0.7070 0.0744 0.7033
vn 0.7085 0.0711 0.7021
vn 0.7068 0.0712 0.7038
vn 0.7051 0.0739 0.7053
vn 0.0813 -0.9944 -0.0680
vn 0.1471 -0.9820 -0.1182
vn 0.1600 -0.9852 -0.0611
vn 0.1001 -0.9949 -0.0088
vn 0.1746 -0.9751 -0.1365
vn 0.3458 -0.9169 -0.1994
vn 0.3483 -0.9201 -0.1789
vn 0.3215 -0.9317 -0.1690
vn 0.2889 -0.9455 -0.1505
vn 0.1777 -0.9812 -0.0748
vn 0.6938 0.0984 0.7135
vn 0.6902 0.0967 0.7172
vn -0.1777 0.9812 0.0748
vn -0.2888 0.9455 0.1505
vn -0.3214 0.9317 0.1690
vn -0.3467 0.9208 0.1785
vn -0.3441 0.9175 0.1993
vn -0.1764 0.9746 0.1377
vn 0.4612 -0.0018 0.8873
vn 0.4601 -0.0023 0.8879
vn 0.0461 -0.1771 0.9831
vn 0.1867 -0.1187 0.9752
vn 0.1725 -0.1247 0.9771
vn 0.0515 -0.1750 0.9832
vn 0.4003 -0.9082 -0.1219
vn 0.4161 -0.8971 -0.1488
vn 0.4138 -0.8938 -0.1726
vn 0.3930 -0.9009 -0.1843
vn 0.3592 -0.9154 -0.1818
vn 0.4534 -0.8565 -0.2466
vn 0.5268 -0.7984 -0.2916
vn 0.5324 -0.8065 -0.2572
vn 0.3732 -0.8587 -0.3512
vn 0.5038 -0.7352 -0.4534
vn 0.5048 -0.7340 -0.4543
vn 0.5023 -0.7568 -0.4184
vn 0.2595 -0.9470 -0.1891
vn 0.3185 -0.9204 -0.2268
vn 0.3383 -0.9081 -0.2469
vn 0.3423 -0.9022 -0.2623
vn 0.3272 -0.9065 -0.2669
vn 0.2973 -0.9187 -0.2599
vn 0.2634 -0.9333 -0.2442
vn 0.2320 -0.9464 -0.2245
vn 0.1425 -0.9754 -0.1679
vn 0.1485 -0.9697 -0.1938
vn 0.1721 -0.9626 -0.2091
vn 0.1868 -0.9572 -0.2210
vn 0.1904 -0.9550 -0.2275
vn 0.3476 -0.8773 -0.3311
vn 0.4396 -0.8446 -0.3055
vn 0.6258 -0.6611 -0.4140
vn 0.1757 -0.9667 -0.1863
vn 0.2996 -0.9246 -0.2351
vn 0.1809 -0.9586 -0.2199
vn 0.1547 -0.9665 -0.2047
vn 0.1512 -0.9675 -0.2028
vn 0.5243 -0.8256 -0.2085
vn 0.7443 -0.6169 -0.2556
vn 0.3286 -0.9291 -0.1697
vn 0.1913 -0.9705 -0.1467
vn 0.1867 -0.9770 -0.1034
vn 0.5518 -0.8235 -0.1319
vn 0.7735 -0.6159 -0.1493
vn 0.9330 -0.2216 -0.2837
vn 0.8861 -0.2250 -0.4053
vn 0.8079 -0.2655 -0.5262
vn 0.9486 -0.2798 -0.1476
vn 0.9549 0.1253 -0.2693
vn 0.9785 0.1821 -0.0968
vn 0.9715 0.2081 -0.1137
vn 0.9756 0.1851 -0.1180
vn 0.9775 0.1710 -0.1236
vn 0.9783 0.1619 -0.1295
vn 0.9785 0.1563 -0.1348
vn 0.9740 0.1699 -0.1497
vn 0.9688 0.1848 -0.1650
vn 0.9632 0.1984 -0.1812
vn 0.9572 0.2108 -0.1982
vn 0.9508 0.2218 -0.2164
vn 0.9435 0.2334 -0.2354
vn 0.9397 0.2455 -0.2381
vn 0.9348 0.2636 -0.2379
vn 0.9300 0.2829 -0.2348
vn 0.9221 0.3123 -0.2286
vn 0.9149 0.3202 -0.2459
vn 0.9035 0.1280 -0.4090
vn 0.8279 0.0821 -0.5549
vn 0.8551 0.3376 -0.3936
vn 0.8414 0.3347 -0.4243
vn 0.7789 0.2998 -0.5509
vn 0.9237 0.3107 -0.2240
vn 0.9256 0.3086 -0.2191
vn 0.9294 0.3037 -0.2097
vn 0.9359 0.2939 -0.1940
vn 0.9366 0.2937 -0.1910
vn 0.9345 0.2968 -0.1963
vn 0.8400 0.3347 -0.4271
vn 0.0694 -0.7110 -0.6997
vn -0.0702 -0.4538 -0.8883
vn -0.0468 -0.5050 -0.8619
vn 0.0716 -0.7146 -0.6958
vn -0.2079 -0.1220 -0.9705
vn -0.0269 -0.5466 -0.8370
vn -0.0702 -0.4538 -0.8883
vn -0.2115 -0.1106 -0.9711
vn -0.3179 0.3229 -0.8914
vn -0.3156 0.3102 -0.8968
vn -0.9151 -0.3200 0.2454
vn -0.9221 -0.3123 0.2285
vn -0.9300 -0.2829 0.2347
vn -0.9348 -0.2636 0.2379
vn -0.9397 -0.2455 0.2381
vn -0.9435 -0.2333 0.2354
vn -0.9508 -0.2218 0.2164
vn -0.9572 -0.2107 0.1982
vn -0.9632 -0.1984 0.1811
vn -0.9688 -0.1848 0.1650
vn -0.9740 -0.1699 0.1497
vn -0.9785 -0.1563 0.1348
vn -0.9783 -0.1620 0.1295
vn -0.9775 -0.1710 0.1236
vn -0.9756 -0.1851 0.1180
vn -0.9715 -0.2080 0.1137
vn -0.9787 -0.1815 0.0964
vn -0.9414 0.3030 0.1483
vn -0.9263 0.2487 0.2830
vn -0.9561 -0.1147 0.2697
vn -0.3413 0.7195 -0.6048
vn -0.3418 0.6999 -0.6272
vn -0.2814 0.9392 -0.1969
vn -0.2850 0.9337 -0.2166
vn -0.2153 0.9750 0.0544
vn -0.2164 0.9751 0.0486
vn -0.2052 0.9775 0.0484
vn -0.2065 0.9775 0.0420
vn -0.1938 0.9801 0.0430
vn -0.1951 0.9801 0.0358
vn -0.1810 0.9828 0.0379
vn -0.1823 0.9828 0.0301
vn -0.1668 0.9854 0.0333
vn -0.1681 0.9855 0.0247
vn -0.1093 0.9464 0.3039
vn -0.1077 0.9438 0.3126
vn -0.0335 0.7398 0.6720
vn -0.0296 0.7272 0.6858
vn 0.0462 0.3981 0.9162
vn 0.0508 0.3780 0.9244
vn 0.1252 -0.0286 0.9917
vn 0.1268 -0.0370 0.9912
vn 0.1953 -0.4431 0.8750
vn 0.1978 -0.4603 0.8654
vn 0.2344 -0.7563 0.6108
vn 0.2341 -0.7530 0.6149
vn -0.9360 -0.2946 0.1927
vn -0.9851 -0.1568 0.0706
vn -0.9856 -0.1542 0.0692
vn -0.9844 -0.1559 0.0815
vn -0.9712 -0.2103 0.1121
vn -0.9703 -0.2140 0.1129
vn -0.9677 -0.2223 0.1188
vn -0.9621 -0.2387 0.1322
vn -0.9561 -0.2540 0.1463
vn -0.9498 -0.2682 0.1610
vn -0.9433 -0.2812 0.1764
vn -0.9365 -0.2930 0.1926
vn -0.9353 -0.2950 0.1956
vn 0.2358 -0.9408 0.2435
vn 0.2364 -0.9377 0.2546
vn 0.9365 0.2930 -0.1926
vn 0.9433 0.2812 -0.1764
vn 0.9498 0.2682 -0.1610
vn 0.9561 0.2540 -0.1463
vn 0.9621 0.2387 -0.1322
vn 0.9677 0.2223 -0.1188
vn 0.9703 0.2140 -0.1129
vn 0.9712 0.2104 -0.1121
vn 0.9847 0.1546 -0.0809
vn 0.9859 0.1530 -0.0685
vn 0.9852 0.1563 -0.0703
vn 0.2195 -0.9749 -0.0364
vn 0.2208 -0.9750 -0.0254
vn 0.2352 -0.9711 -0.0413
vn 0.2367 -0.9711 -0.0309
vn 0.2498 -0.9672 -0.0467
vn 0.2513 -0.9672 -0.0371
vn 0.2631 -0.9633 -0.0524
vn 0.2646 -0.9634 -0.0436
vn 0.2750 -0.9596 -0.0587
vn 0.2766 -0.9597 -0.0506
vn 0.2857 -0.9561 -0.0655
vn 0.2872 -0.9561 -0.0581
vn 0.2949 -0.9528 -0.0726
vn 0.2874 -0.9555 -0.0667
vn 0.2880 -0.9558 -0.0587
vn 0.2964 -0.9528 -0.0661
vn 0.1904 -0.8800 -0.4351
vn 0.1906 -0.8802 -0.4347
vn -0.8392 -0.3345 0.4287
vn -0.9345 -0.2969 0.1963
vn -0.9294 -0.3036 0.2097
vn -0.9256 -0.3086 0.2191
vn -0.9237 -0.3107 0.2241
vn -0.8554 -0.3376 0.3929
vn -0.8407 -0.3345 0.4259
vn 0.9909 0.1292 -0.0380
vn 0.9908 0.1299 -0.0384
vn 0.9387 0.2929 -0.1820
vn 0.8339 0.3329 -0.4403
vn 0.9133 0.3100 -0.2640
vn 0.8718 0.2906 -0.3944
vn 0.8462 0.2792 -0.4539
vn 0.7225 0.2326 -0.6511
vn 0.7255 0.2359 -0.6465
vn 0.7287 0.2380 -0.6421
vn 0.7315 0.2387 -0.6387
vn 0.8169 0.2690 -0.5102
vn 0.7468 0.2296 -0.6241
vn 0.7129 0.2027 -0.6713
vn 0.7193 0.2077 -0.6629
vn 0.4618 -0.8635 0.2028
vn 0.4759 -0.8507 0.2234
vn 0.4573 -0.8602 0.2259
vn 0.4649 -0.8532 0.2364
vn 0.6280 -0.6110 0.4819
vn 0.6263 -0.6157 0.4782
vn 0.7087 0.2243 -0.6689
vn 0.7125 0.2710 -0.6473
vn 0.7106 0.2301 -0.6649
vn 0.4764 -0.8527 0.2143
vn 0.4722 -0.8565 0.2085
vn 0.2773 -0.9583 -0.0689
vn 0.2726 -0.9592 -0.0743
vn 0.7153 0.2878 -0.6368
vn 0.7139 0.2537 -0.6527
vn -0.7193 -0.2077 0.6630
vn -0.7106 -0.2300 0.6649
vn -0.7125 -0.2710 0.6473
vn -0.7087 -0.2243 0.6689
vn -0.7129 -0.2028 0.6713
vn -0.7139 -0.2536 0.6527
vn -0.7153 -0.2878 0.6368
vn -0.2110 0.9576 0.1960
vn -0.2165 0.9577 0.1897
vn -0.4121 0.9082 -0.0732
vn -0.4059 0.9116 -0.0651
vn -0.5221 0.8043 -0.2836
vn -0.5261 0.7997 -0.2894
vn -0.3487 0.9330 -0.0887
vn -0.3470 0.9339 -0.0866
vn -0.1797 0.9733 0.1431
vn -0.1748 0.9733 0.1489
vn -0.8339 -0.3330 0.4401
vn -0.7225 -0.2326 0.6511
vn -0.7469 -0.2296 0.6241
vn -0.8169 -0.2690 0.5102
vn -0.8463 -0.2793 0.4537
vn -0.2296 0.9632 0.1401
vn -0.2272 0.9632 0.1439
vn -0.2659 0.9569 0.1172
vn -0.2472 0.9602 0.1300
vn -0.2454 0.9602 0.1332
vn -0.2641 0.9568 0.1213
vn -0.8718 -0.2906 0.3944
vn -0.9133 -0.3100 0.2640
vn -0.9387 -0.2929 0.1820
vn -0.7791 -0.3001 0.5505
vn -0.7314 -0.2387 0.6388
vn -0.7287 -0.2380 0.6422
vn -0.7255 -0.2359 0.6465
vn -0.9050 -0.1177 0.4088
vn -0.8292 -0.0723 0.5543
vn -0.8016 0.2929 0.5212
vn -0.7437 0.6521 0.1473
vn -0.7121 0.6565 0.2488
vn -0.5963 0.6981 0.3963
vn -0.5057 0.8532 0.1276
vn -0.4844 0.8517 0.1998
vn -0.4103 0.8649 0.2890
vn -0.4765 0.7657 0.4320
vn -0.5053 0.7335 0.4546
vn -0.5543 0.6706 0.4931
vn -0.6864 0.4106 0.6002
vn -0.3264 0.8913 0.3147
vn -0.3712 0.8602 0.3496
vn -0.5022 0.7563 0.4193
vn -0.4526 0.8568 0.2469
vn -0.1904 0.9550 0.2275
vn -0.1868 0.9572 0.2210
vn -0.1721 0.9627 0.2090
vn -0.1464 0.9703 0.1925
vn -0.1407 0.9759 0.1669
vn -0.2320 0.9465 0.2245
vn -0.2634 0.9333 0.2442
vn -0.2973 0.9187 0.2599
vn -0.3272 0.9065 0.2668
vn -0.3423 0.9022 0.2623
vn -0.3382 0.9081 0.2469
vn -0.3185 0.9204 0.2268
vn -0.2595 0.9470 0.1891
vn -0.1348 0.9716 0.1944
vn -0.1547 0.9665 0.2047
vn -0.1809 0.9586 0.2199
vn -0.2686 0.9373 0.2223
vn -0.1579 0.9710 0.1796
vn -0.4594 -0.2801 0.8429
vn -0.8499 -0.2770 0.4482
vn -0.8514 -0.2767 0.4456
vn -0.4708 -0.2807 0.8364
vn -0.9758 -0.2068 0.0715
vn -0.9768 -0.2049 0.0626
vn 0.0535 -0.1987 0.9786
vn 0.0634 -0.1971 0.9783
vn 0.3610 -0.1346 0.9228
vn 0.5439 -0.0929 0.8340
vn 0.5419 -0.0934 0.8352
vn 0.1198 -0.1857 0.9753
vn 0.0261 -0.9903 -0.1364
vn 0.1223 -0.9745 -0.1883
vn 0.0929 -0.9802 -0.1748
vn 0.0671 -0.9843 -0.1631
vn 0.0447 -0.9872 -0.1530
vn 0.0137 -0.9902 -0.1392
vn 0.0381 -0.9920 -0.1204
vn 0.0496 -0.9946 -0.0907
vn 0.0679 -0.9975 -0.0173
vn 0.1928 -0.9811 -0.0171
vn 0.2395 -0.9707 -0.0173
vn 0.5812 -0.8132 -0.0315
vn -0.0662 -0.9923 -0.1049
vn -0.0601 -0.9949 -0.0809
vn -0.0539 -0.9984 -0.0181
vn 0.0007 -0.9998 -0.0176
vn 0.0016 -0.9998 -0.0176
vn 0.0026 -0.9998 -0.0176
vn 0.2530 -0.9673 -0.0169
vn -0.1727 -0.9848 -0.0195
vn -0.2378 -0.9711 -0.0205
vn -0.2429 -0.9698 -0.0205
vn -0.1807 -0.9808 -0.0736
vn -0.4449 -0.8934 -0.0622
vn -0.4652 -0.8850 -0.0203
vn -0.6289 -0.7772 -0.0202
vn -0.2445 -0.9694 -0.0205
vn -0.6258 -0.7798 -0.0202
vn -0.8203 -0.5681 -0.0663
vn -0.8533 -0.5211 -0.0198
vn -0.5890 -0.8048 -0.0730
vn -0.7765 -0.6256 -0.0750
vn -0.4273 -0.9010 -0.0745
vn -0.1917 -0.9772 -0.0917
vn -0.4101 -0.9084 -0.0814
vn -0.1972 -0.9754 -0.0981
vn -0.5473 -0.8330 -0.0810
vn -0.1932 -0.9775 -0.0851
vn -0.2075 -0.9748 -0.0816
vn -0.2576 -0.9638 -0.0691
vn -0.3820 -0.9227 -0.0516
vn -0.4652 -0.8840 -0.0467
vn -0.4852 -0.8732 -0.0458
vn -0.4892 -0.8710 -0.0455
vn -0.4891 -0.8710 -0.0456
vn -0.4766 -0.8783 -0.0387
vn -0.4887 -0.8712 -0.0458
vn -0.4766 -0.8783 -0.0387
vn -0.4766 -0.8783 -0.0387
vn -0.4565 -0.8868 -0.0718
vn -0.4892 -0.8710 -0.0456
vn -0.4892 -0.8710 -0.0456
vn -0.4892 -0.8710 -0.0456
vn -0.4894 -0.8709 -0.0456
vn -0.4897 -0.8707 -0.0456
vn -0.4911 -0.8699 -0.0455
vn -0.4939 -0.8683 -0.0454
vn -0.4996 -0.8651 -0.0451
vn -0.3869 -0.9216 0.0305
vn -0.3308 -0.9420 -0.0559
vn -0.3896 -0.9196 -0.0501
vn -0.3958 -0.9171 -0.0467
vn -0.3950 -0.9177 -0.0426
vn -0.3741 -0.9267 -0.0358
vn -0.3370 -0.9408 -0.0352
vn -0.2965 -0.9542 -0.0406
vn -0.2339 -0.9706 -0.0574
vn -0.2125 -0.9751 -0.0632
vn -0.1960 -0.9797 -0.0425
vn -0.2852 -0.9585 -0.0000
vn -0.2932 -0.9560 0.0041
vn -0.5102 -0.8581 0.0580
vn -0.6436 -0.7648 -0.0304
vn -0.6390 -0.7682 -0.0393
vn -0.4960 -0.8683 -0.0055
vn -0.5530 -0.8177 0.1598
vn -0.5949 -0.7983 0.0935
vn -0.6116 -0.7885 0.0649
vn -0.3787 -0.9242 0.0500
vn -0.3807 -0.9233 0.0511
vn -0.4251 -0.9016 0.0801
vn -0.4322 -0.8965 0.0973
vn -0.4250 -0.8980 0.1139
vn -0.4063 -0.9049 0.1265
vn -0.3890 -0.9118 0.1314
vn 0.6761 -0.2012 0.7088
vn 0.6745 -0.2030 0.7098
vn 0.6498 -0.2262 0.7256
vn 0.6485 -0.2272 0.7265
vn 0.6437 -0.2250 0.7314
vn 0.6444 -0.2245 0.7310
vn 0.6695 -0.2022 0.7148
vn 0.6716 -0.1998 0.7134
vn 0.7065 -0.1467 0.6923
vn 0.6971 -0.1688 0.6968
vn 0.6926 -0.1690 0.7013
vn 0.7030 -0.1464 0.6959
vn -0.1782 -0.9813 -0.0734
vn -0.1302 -0.9875 -0.0886
vn -0.0900 -0.9907 -0.1016
vn -0.0799 -0.9913 -0.1050
vn -0.0758 -0.9925 -0.0955
vn -0.1398 -0.9879 -0.0666
vn 0.7176 -0.1094 0.6878
vn 0.7148 -0.1206 0.6889
vn 0.7123 -0.1209 0.6914
vn 0.7155 -0.1095 0.6900
vn 0.0109 -0.9906 -0.1362
vn -0.0460 -0.9929 -0.1098
vn -0.0557 -0.9920 -0.1134
vn 0.0117 -0.9903 -0.1383
vn 0.7199 -0.0868 0.6887
vn 0.7213 -0.0739 0.6886
vn 0.7248 -0.0733 0.6851
vn 0.7226 -0.0866 0.6858
vn 0.7261 -0.0639 0.6846
vn 0.7220 -0.0649 0.6888
vn 0.7266 -0.0533 0.6850
vn 0.7220 -0.0546 0.6897
vn -0.0084 0.9905 0.1369
vn -0.0112 0.9903 0.1382
vn -0.0447 0.9872 0.1530
vn -0.0671 0.9843 0.1631
vn -0.0929 0.9802 0.1748
vn -0.1222 0.9745 0.1883
vn -0.0200 0.9907 0.1347
vn -0.2873 0.9440 0.1623
vn -0.1736 0.9743 0.1436
vn -0.0316 0.9924 0.1192
vn -0.1721 0.9798 0.1022
vn -0.0430 0.9950 0.0899
vn 0.0671 0.9922 0.1048
vn 0.0706 0.9909 0.1145
vn 0.0611 0.9949 0.0807
vn 0.1865 0.9781 0.0922
vn 0.1917 0.9765 0.0987
vn 0.1760 0.9816 0.0738
vn 0.0550 0.9983 0.0181
vn 0.1686 0.9855 0.0194
vn -0.0609 0.9980 0.0173
vn -0.0007 0.9998 0.0176
vn 0.2430 0.9698 0.0205
vn 0.2378 0.9711 0.0205
vn -0.0016 0.9998 0.0176
vn -0.1807 0.9834 0.0171
vn -0.2395 0.9707 0.0173
vn -0.2530 0.9673 0.0169
vn -0.0026 0.9998 0.0177
vn -0.5303 0.8473 0.0297
vn -0.2533 0.9672 0.0166
vn -0.6274 0.7780 0.0333
vn -0.6339 0.7734 0.0079
vn -0.7652 0.6426 0.0390
vn -0.8954 0.4434 0.0401
vn -0.8999 0.4360 0.0011
vn -0.6397 0.7686 0.0077
vn -0.6352 0.7723 0.0078
vn -0.6276 0.7785 0.0080
vn -0.6242 0.7812 0.0081
vn -0.6225 0.7826 0.0081
vn -0.6217 0.7832 0.0081
vn -0.6213 0.7835 0.0081
vn -0.6211 0.7837 0.0080
vn -0.6209 0.7838 0.0082
vn -0.6212 0.7836 0.0081
vn -0.6214 0.7835 0.0077
vn -0.5406 0.8412 0.0101
vn -0.2663 0.9637 0.0165
vn -0.9002 0.4355 0.0011
vn -0.8562 0.5166 0.0022
vn -0.7695 0.6386 0.0045
vn -0.7029 0.7112 0.0062
vn -0.6597 0.7515 0.0072
vn 0.7711 0.6353 -0.0434
vn 0.7669 0.6396 -0.0527
vn 0.7471 0.6576 -0.0971
vn 0.7456 0.6566 -0.1138
vn 0.7668 0.6389 -0.0620
vn 0.7707 0.6350 -0.0525
vn 0.7778 0.6279 -0.0292
vn 0.7775 0.6279 -0.0360
vn 0.6339 -0.7734 -0.0079
vn 0.2532 -0.9673 -0.0169
vn 0.2662 -0.9638 -0.0165
vn 0.5469 -0.8371 -0.0099
vn 0.6218 -0.7832 -0.0079
vn 0.6213 -0.7835 -0.0078
vn 0.6214 -0.7835 -0.0081
vn 0.6215 -0.7834 -0.0082
vn 0.6217 -0.7832 -0.0081
vn 0.6221 -0.7829 -0.0081
vn 0.6229 -0.7823 -0.0081
vn 0.6245 -0.7810 -0.0080
vn 0.6279 -0.7782 -0.0080
vn 0.6356 -0.7720 -0.0078
vn 0.6397 -0.7686 -0.0077
vn 0.8992 -0.4375 -0.0011
vn 0.6602 -0.7510 -0.0072
vn 0.7035 -0.7107 -0.0061
vn 0.7697 -0.6384 -0.0045
vn 0.8558 -0.5173 -0.0022
vn 0.8995 -0.4369 -0.0011
vn 0.6975 0.6921 -0.1857
vn 0.6933 0.6881 -0.2141
vn 0.6072 0.7342 -0.3037
vn 0.5979 0.7232 -0.3457
vn 0.4547 0.7543 -0.4736
vn 0.4394 0.7293 -0.5244
vn 0.3533 0.7307 -0.5842
vn 0.2222 0.6444 -0.7317
vn 0.2065 0.5990 -0.7736
vn 0.3375 0.6965 -0.6333
vn -0.9995 0.0326 -0.0017
vn -0.9995 0.0326 -0.0017
vn -0.9454 0.3259 -0.0002
vn 0.0079 0.1914 -0.9815
vn 0.0079 0.1915 -0.9815
vn 0.0040 0.0727 -0.9973
vn 0.0041 0.0727 -0.9973
vn -0.9995 0.0326 -0.0017
vn -0.9994 0.0321 -0.0134
vn -0.9995 0.0326 -0.0052
vn -0.9995 0.0327 -0.0017
vn -0.9995 0.0327 -0.0017
vn -0.9995 0.0327 -0.0017
vn -0.9995 0.0327 -0.0017
vn -0.9995 0.0327 -0.0017
vn -0.9995 0.0327 -0.0017
vn -0.9995 0.0327 -0.0017
vn -0.9995 0.0327 -0.0017
vn -0.9995 0.0327 -0.0017
vn -0.9995 0.0327 -0.0017
vn -0.9995 0.0327 -0.0017
vn -0.9995 0.0327 -0.0017
vn -0.9995 0.0327 -0.0017
vn -0.9252 0.3776 0.0377
vn -0.9993 0.0369 -0.0017
vn -0.9908 -0.1298 0.0383
vn -0.9908 -0.1299 0.0383
vn -0.1300 0.9915 0.0018
vn -0.1292 0.9916 0.0018
vn 0.0326 0.9995 0.0028
vn 0.0326 0.9995 -0.0040
vn -0.1292 0.9915 0.0182
vn -0.1294 0.9914 0.0183
vn -0.2862 0.9561 0.0623
vn -0.2877 0.9562 0.0547
vn 0.9978 0.0622 -0.0230
vn 0.9992 0.0378 -0.0129
vn 0.9995 0.0291 -0.0095
vn 0.9996 0.0273 -0.0088
vn 0.9996 0.0269 -0.0086
vn 0.9996 0.0267 -0.0086
vn 0.9996 0.0263 -0.0084
vn 0.9996 0.0269 -0.0086
vn 0.9996 0.0262 -0.0083
vn 0.9996 0.0265 -0.0085
vn 0.9996 0.0265 -0.0085
vn 0.9997 0.0245 -0.0077
vn 0.9998 0.0170 -0.0049
vn 0.9994 -0.0322 0.0134
vn 0.9995 -0.0326 0.0052
vn 0.9995 -0.0327 0.0017
vn 0.9995 -0.0326 0.0017
vn 0.9995 -0.0327 0.0017
vn 0.9995 -0.0327 0.0017
vn 0.9995 -0.0327 0.0017
vn 0.9995 -0.0327 0.0017
vn 0.9995 -0.0327 0.0017
vn 0.9995 -0.0327 0.0017
vn 0.9995 -0.0327 0.0017
vn 0.9995 -0.0327 0.0017
vn 0.9995 -0.0327 0.0017
vn 0.9995 -0.0327 0.0017
vn 0.9995 -0.0327 0.0017
vn 0.9995 -0.0326 0.0017
vn 0.0326 0.9995 0.0010
vn 0.0326 0.9995 0.0010
vn 0.0326 0.9995 0.0010
vn 0.0326 0.9995 0.0010
vn 0.0328 0.9995 0.0010
vn 0.0328 0.9995 0.0010
vn 0.0326 0.9995 0.0010
vn 0.0327 0.9995 0.0010
vn 0.0321 0.9795 -0.1991
vn 0.0323 0.9794 -0.1991
vn 0.0252 0.7360 -0.6765
vn 0.0250 0.7361 -0.6764
vn 0.0164 0.4547 -0.8905
vn 0.0164 0.4546 -0.8905
vn 0.9319 -0.3609 -0.0373
vn 0.9993 -0.0377 0.0017
vn 0.8951 -0.4440 -0.0401
vn 0.7901 -0.6116 -0.0398
vn 0.6269 -0.7784 -0.0333
vn 0.9454 -0.3258 0.0001
vn 0.0036 -0.9998 -0.0179
vn 0.0045 -0.9998 -0.0176
vn -0.0756 -0.9480 0.3092
vn 0.1191 -0.8863 0.4475
vn 0.1203 -0.8861 0.4476
vn 0.2025 -0.9467 0.2506
vn 0.0040 -0.9998 -0.0176
vn 0.3993 -0.7994 0.4489
vn 0.4907 -0.8359 0.2458
vn 0.2407 -0.7304 0.6392
vn -0.0123 -0.7899 0.6131
vn 0.4160 -0.6652 0.6200
vn 0.4399 -0.7344 0.5169
vn 0.4829 -0.7586 0.4375
vn 0.4895 -0.7607 0.4264
vn 0.5526 -0.7716 0.3151
vn 0.5810 -0.7791 0.2355
vn 0.8320 0.4886 -0.2628
vn 0.7827 0.6223 0.0023
vn 0.7822 0.6223 -0.0297
vn 0.8131 0.5434 -0.2085
vn 0.8202 0.4364 -0.3699
vn 0.7747 0.6129 0.1555
vn 0.6414 0.5049 0.5777
vn 0.7518 0.5950 0.2842
vn 0.7792 0.6169 0.1103
vn -0.5524 0.7715 -0.3155
vn -0.5189 0.7665 -0.3784
vn -0.4238 0.8168 -0.3915
vn 0.8700 0.3928 -0.2980
vn 0.8418 0.3816 -0.3817
vn 0.8566 0.3280 -0.3983
vn -0.4894 0.7607 -0.4264
vn -0.4399 0.7344 -0.5169
vn -0.4156 0.6932 -0.5889
vn -0.2731 0.7483 -0.6046
vn -0.1472 0.9080 -0.3922
vn -0.0202 0.8112 -0.5845
vn -0.1154 0.8833 -0.4544
vn -0.0039 0.9998 0.0176
vn -0.0045 0.9998 0.0176
vn 0.0773 0.9463 -0.3138
vn 0.0433 0.7724 -0.6337
vn 0.1412 0.8844 -0.4449
vn 0.1417 0.8845 -0.4446
vn 0.0805 0.7560 -0.6496
vn -0.1539 0.7082 -0.6891
vn 0.1570 0.7470 -0.6461
vn 0.2018 0.7849 -0.5858
vn 0.1743 0.8970 -0.4061
vn 0.2276 0.8842 -0.4078
vn 0.2740 0.8489 -0.4519
vn 0.2902 0.8565 -0.4268
vn 0.2968 0.8879 -0.3516
vn 0.2954 0.9102 -0.2902
vn 0.6000 0.7056 -0.3769
vn 0.6308 0.7210 -0.2869
vn 0.6277 0.7782 0.0201
vn 0.2575 0.9661 0.0204
vn 0.8766 0.4287 -0.2186
vn 0.8784 0.4467 -0.1702
vn 0.8835 0.4680 0.0197
vn 0.6358 0.7716 0.0201
vn 0.9992 0.0364 0.0192
vn 0.9992 0.0359 0.0192
vn 0.8994 0.4366 0.0196
vn 0.9992 0.0364 0.0192
vn 0.9992 0.0364 0.0192
vn 0.9992 0.0362 0.0192
vn 0.9993 -0.0020 0.0368
vn 0.9992 0.0364 0.0192
vn 0.9992 0.0364 0.0192
vn 0.8722 0.4604 -0.1653
vn 0.9709 0.2305 -0.0655
vn 0.9463 0.3229 0.0179
vn 0.9991 0.0365 0.0193
vn 0.9991 0.0365 0.0192
vn 0.9991 0.0365 0.0192
vn 0.8531 0.5214 0.0171
vn 0.8528 0.5220 0.0169
vn 0.9630 0.0361 0.2670
vn 0.9771 0.0362 0.2097
vn 0.9774 0.0362 0.2081
vn 0.9899 0.0364 0.1373
vn 0.9969 0.0365 0.0692
vn 0.9706 0.0362 0.2379
vn 0.9630 0.0361 0.2670
vn 0.8288 0.5210 0.2039
vn 0.8949 0.0358 0.4449
vn 0.7640 0.5208 0.3809
vn 0.8665 0.0357 0.4979
vn 0.8670 0.0357 0.4971
vn 0.8687 0.0357 0.4940
vn 0.8745 0.0357 0.4837
vn 0.8872 0.0358 0.4599
vn 0.8994 0.0358 0.4357
vn 0.9108 0.0359 0.4112
vn 0.9217 0.0359 0.3863
vn 0.9318 0.0360 0.3612
vn 0.9411 0.0360 0.3362
vn 0.9412 0.0353 0.3360
vn 0.9410 0.0367 0.3363
vn 0.9413 0.0358 0.3356
vn 0.9413 0.0362 0.3357
vn 0.9414 0.0361 0.3355
vn 0.9415 0.0360 0.3352
vn 0.9415 0.0359 0.3351
vn 0.9415 0.0362 0.3352
vn 0.9416 0.0361 0.3349
vn 0.9414 0.0610 0.3318
vn 0.6620 0.5204 0.5394
vn 0.7735 0.0788 0.6288
vn 0.7802 0.0788 0.6205
vn 0.7768 0.1339 0.6154
vn 0.7734 0.1794 0.6080
vn 0.7705 0.2246 0.5965
vn 0.7724 0.2428 0.5869
vn 0.7830 0.2430 0.5725
vn 0.7935 0.2430 0.5580
vn 0.8036 0.2430 0.5432
vn 0.8135 0.2431 0.5283
vn 0.8231 0.2431 0.5132
vn 0.8329 0.2412 0.4982
vn 0.8368 0.2325 0.4956
vn 0.8407 0.2205 0.4946
vn 0.8518 0.1744 0.4940
vn 0.8616 0.1087 0.4958
vn 0.4625 0.3137 -0.8293
vn 0.4988 -0.0217 -0.8665
vn 0.4988 -0.0221 -0.8665
vn 0.4616 0.3186 -0.8279
vn 0.4701 0.1976 -0.8602
vn 0.4636 0.2293 -0.8559
vn 0.2864 0.6345 -0.7179
vn 0.3199 0.5735 -0.7541
vn 0.0406 0.8851 -0.4636
vn 0.0756 0.8566 -0.5104
vn -0.7640 -0.5208 -0.3809
vn -0.8948 -0.0358 -0.4449
vn -0.8665 -0.0357 -0.4979
vn -0.8616 -0.1087 -0.4958
vn -0.8518 -0.1744 -0.4940
vn -0.8407 -0.2205 -0.4946
vn -0.8368 -0.2325 -0.4956
vn -0.8329 -0.2412 -0.4982
vn -0.8231 -0.2431 -0.5132
vn -0.8135 -0.2431 -0.5283
vn -0.8036 -0.2430 -0.5432
vn -0.7935 -0.2430 -0.5580
vn -0.7831 -0.2430 -0.5725
vn -0.7724 -0.2428 -0.5869
vn -0.7705 -0.2246 -0.5965
vn -0.7734 -0.1794 -0.6080
vn -0.7768 -0.1338 -0.6154
vn -0.7802 -0.0788 -0.6205
vn -0.7735 -0.0788 -0.6288
vn -0.6620 -0.5204 -0.5394
vn -0.0376 0.9276 -0.3717
vn -0.0106 0.9121 -0.4099
vn 0.1113 0.8235 -0.5563
vn 0.0736 0.8584 -0.5077
vn -0.1443 0.9636 -0.2252
vn -0.1331 0.9609 -0.2427
vn -0.2074 0.9700 -0.1269
vn -0.2074 0.9700 -0.1269
vn -0.2050 0.9700 -0.1308
vn -0.2050 0.9700 -0.1308
vn -0.2026 0.9700 -0.1344
vn -0.2026 0.9700 -0.1344
vn -0.1999 0.9700 -0.1382
vn -0.2001 0.9700 -0.1379
vn -0.1976 0.9700 -0.1414
vn -0.1976 0.9700 -0.1414
vn -0.2152 0.9694 -0.1179
vn -0.2183 0.9692 -0.1137
vn -0.3910 0.9057 0.1638
vn -0.4193 0.8836 0.2086
vn -0.5307 0.7078 0.4663
vn -0.5570 0.6501 0.5168
vn -0.6034 0.4380 0.6664
vn -0.5384 0.6922 0.4807
vn -0.5094 0.7468 0.4276
vn -0.5895 0.4981 0.6359
vn -0.6250 0.1374 0.7684
vn -0.6269 0.1168 0.7703
vn -0.0626 0.9969 -0.0478
vn -0.0623 0.9969 -0.0482
vn -0.0628 0.9969 -0.0475
vn -0.6500 -0.5450 -0.5296
vn -0.7735 -0.0788 -0.6288
vn -0.6500 -0.5450 -0.5297
vn -0.0624 0.9969 -0.0481
vn -0.0624 0.9969 -0.0481
vn -0.0336 0.9970 -0.0703
vn -0.0471 0.9969 -0.0626
vn -0.0471 0.9969 -0.0626
vn -0.0336 0.9970 -0.0701
vn -0.4850 -0.5445 -0.6844
vn -0.5774 -0.0782 -0.8127
vn -0.2680 -0.5440 -0.7951
vn -0.4064 -0.0778 -0.9104
vn -0.3195 -0.0777 -0.9444
vn -0.0268 0.9970 -0.0729
vn -0.0052 0.9970 -0.0770
vn 0.0021 0.9970 -0.0769
vn 0.0021 0.9970 -0.0770
vn -0.0052 0.9970 -0.0770
vn -0.0268 0.9970 -0.0729
vn 0.3195 0.0776 0.9444
vn 0.4064 0.0778 0.9104
vn 0.5774 0.0782 0.8127
vn 0.4850 0.5445 0.6844
vn 0.2680 0.5440 0.7951
vn 0.0458 0.0771 0.9960
vn 0.0377 0.5436 0.8385
vn -0.2328 0.0767 0.9695
vn -0.0482 0.0769 0.9959
vn -0.1966 0.5432 0.8163
vn 0.0166 0.9971 -0.0749
vn 0.0371 0.9971 -0.0669
vn 0.0371 0.9971 -0.0669
vn 0.0166 0.9971 -0.0749
vn 0.1966 -0.5432 -0.8162
vn -0.0377 -0.5436 -0.8385
vn -0.0458 -0.0771 -0.9960
vn 0.0482 -0.0770 -0.9959
vn 0.2328 -0.0767 -0.9695
vn 0.4229 -0.5429 -0.7255
vn 0.4925 -0.0764 -0.8670
vn 0.5017 -0.0764 -0.8616
vn 0.1128 -0.8780 -0.4652
vn -0.0205 -0.8782 -0.4778
vn 0.2416 -0.8779 -0.4135
vn 0.6011 -0.5428 -0.5866
vn 0.3429 -0.8778 -0.3344
vn 0.7135 -0.0763 -0.6965
vn 0.0016 -1.0000 -0.0013
vn 0.0016 -1.0000 -0.0013
vn 0.4198 -0.8778 -0.2308
vn 0.4680 -0.8779 -0.1012
vn 0.0016 -1.0000 -0.0013
vn 0.7361 -0.5428 -0.4043
vn 0.8209 -0.5430 -0.1766
vn 0.8307 -0.0762 -0.5514
vn 0.8740 -0.0763 -0.4799
vn 0.9749 -0.0764 -0.2092
vn 0.0636 0.9971 -0.0420
vn 0.0670 0.9971 -0.0364
vn 0.0750 0.9971 -0.0152
vn 0.0762 0.9971 -0.0080
vn 0.0761 0.9971 -0.0080
vn 0.0750 0.9971 -0.0152
vn 0.0670 0.9971 -0.0364
vn 0.0636 0.9971 -0.0420
vn 0.0378 0.9971 -0.0664
vn 0.0544 0.9971 -0.0535
vn 0.0544 0.9971 -0.0535
vn 0.0378 0.9971 -0.0664
vn -0.8740 0.0763 0.4799
vn -0.8307 0.0763 0.5514
vn -0.7135 0.0763 0.6965
vn -0.6010 0.5428 0.5866
vn -0.7361 0.5428 0.4043
vn -0.5017 0.0764 0.8617
vn -0.4229 0.5430 0.7255
vn -0.4925 0.0764 0.8670
vn -0.1128 0.8780 0.4651
vn -0.3429 0.8778 0.3344
vn 0.1516 0.8785 0.4531
vn -0.0016 1.0000 0.0013
vn -0.0016 1.0000 0.0013
vn -0.0016 1.0000 0.0013
vn -0.0016 1.0000 0.0013
vn -0.4680 0.8779 0.1012
vn -0.8210 0.5430 0.1767
vn -0.0017 1.0000 0.0013
vn -0.4496 0.8783 -0.1628
vn -0.7886 0.5436 -0.2874
vn -0.8375 0.5433 -0.0590
vn -0.9945 0.0768 -0.0709
vn -0.9902 0.0765 0.1172
vn -0.9749 0.0764 0.2093
vn 0.0765 0.9970 0.0070
vn 0.0719 0.9970 0.0282
vn 0.0719 0.9970 0.0281
vn 0.0765 0.9970 0.0070
vn -0.9364 0.0772 -0.3423
vn 0.0719 0.9970 0.0282
vn 0.0719 0.9970 0.0281
vn -0.7886 0.5436 -0.2874
vn -0.9364 0.0772 -0.3423
vn -0.9393 0.2395 -0.2456
vn -0.8122 0.5435 -0.2118
vn 0.1883 0.9583 0.2149
vn 0.1882 0.9583 0.2148
vn 0.1959 0.9622 0.1892
vn 0.1959 0.9622 0.1892
vn 0.7886 -0.5436 0.2874
vn 0.9364 -0.0772 0.3423
vn 0.9364 -0.0772 0.3423
vn 0.7886 -0.5436 0.2874
vn 0.8122 -0.5435 0.2118
vn 0.9393 -0.2396 0.2456
vn 0.8287 -0.5434 0.1343
vn 0.9393 -0.2396 0.2456
vn 0.9254 -0.3248 0.1956
vn 0.9495 -0.2732 0.1546
vn 0.9495 -0.2730 0.1545
vn 0.4724 -0.8781 0.0757
vn 0.4631 -0.8782 0.1198
vn 0.4496 -0.8783 0.1628
vn 0.8376 -0.5434 0.0561
vn 0.6579 -0.7518 0.0437
vn 0.4784 -0.8776 0.0314
vn 0.9834 -0.1685 0.0675
vn 0.8760 -0.4787 0.0589
vn 0.2752 0.9614 0.0088
vn 0.2750 0.9614 0.0088
vn 0.1704 0.9851 -0.0251
vn 0.1708 0.9848 -0.0303
vn 0.2761 0.9611 0.0012
vn 0.2763 0.9611 0.0013
vn 0.3249 0.9452 0.0321
vn 0.3264 0.9449 0.0245
vn -0.9495 0.2730 -0.1545
vn -0.9494 0.2732 -0.1546
vn -0.9254 0.3248 -0.1956
vn -0.9393 0.2396 -0.2456
vn -0.8287 0.5434 -0.1343
vn -0.8375 0.5435 -0.0563
vn -0.8699 0.4897 -0.0587
vn -0.9834 0.1685 -0.0676
vn 0.3696 0.9260 -0.0772
vn 0.2308 0.9694 -0.0841
vn 0.1965 0.9748 -0.1056
vn 0.2741 0.9418 -0.1944
vn 0.4070 0.8848 -0.2268
vn -0.9764 0.1846 -0.1123
vn -0.8252 0.5251 -0.2081
vn -0.9531 0.2390 -0.1858
vn -0.7685 0.5346 -0.3516
vn -0.8175 0.3959 -0.4182
vn -0.8907 0.3293 -0.3133
vn -0.6868 0.5079 -0.5199
vn 0.5046 0.8425 -0.1887
vn 0.6109 0.7899 -0.0527
vn 0.6359 0.7717 0.0124
vn 0.6667 0.7374 0.1089
vn 0.6024 0.7745 0.1931
vn 0.5382 0.8401 0.0681
vn 0.5355 0.8421 0.0639
vn 0.3956 0.9161 -0.0660
vn 0.7151 -0.5091 0.4790
vn 0.7979 -0.5230 0.2996
vn 0.9639 -0.2160 0.1554
vn 0.8907 -0.3294 0.3134
vn 0.8701 -0.3508 0.3463
vn 0.4945 -0.7779 0.3877
vn 0.3736 -0.7041 0.6039
vn 0.3520 -0.6400 0.6830
vn 0.6856 -0.4776 0.5494
vn 0.6800 -0.4806 0.5537
vn 0.4060 -0.6136 0.6773
vn 0.5179 -0.5632 0.6439
vn 0.5166 -0.5639 0.6443
vn 0.5158 -0.5643 0.6446
vn 0.5158 -0.5645 0.6445
vn 0.5146 -0.5651 0.6449
vn 0.5115 -0.5669 0.6457
vn 0.5031 -0.5720 0.6479
vn 0.5013 -0.5731 0.6483
vn 0.0632 -0.7209 0.6902
vn 0.1290 -0.7023 0.7001
vn 0.0574 -0.7928 0.6068
vn -0.1087 -0.7479 0.6549
vn -0.1767 -0.7547 0.6318
vn -0.2039 -0.7910 0.5769
vn -0.2074 -0.8134 0.5435
vn -0.1730 -0.9004 0.3993
vn -0.0433 -0.7724 0.6336
vn -0.1412 -0.8844 0.4449
vn -0.1417 -0.8844 0.4446
vn -0.2902 -0.8566 0.4267
vn -0.2713 -0.8497 0.4522
vn -0.2232 -0.8885 0.4010
vn -0.2950 -0.9119 0.2852
vn -0.2966 -0.8837 0.3621
vn -0.2574 -0.9661 -0.0204
vn -0.6335 -0.7154 0.2947
vn -0.6327 -0.7741 -0.0201
vn -0.2527 -0.9673 -0.0204
vn -0.6323 -0.7745 -0.0201
vn -0.6358 -0.7716 -0.0201
vn -0.2511 -0.9677 -0.0204
vn -0.8804 -0.4412 0.1739
vn -0.8852 -0.4648 -0.0197
vn -0.6025 -0.7042 0.3757
vn -0.8792 -0.4249 0.2156
vn -0.8987 -0.4381 -0.0196
vn -0.9992 -0.0359 -0.0192
vn -0.9992 -0.0364 -0.0192
vn -0.9992 -0.0364 -0.0192
vn -0.9704 -0.2331 0.0634
vn -0.8740 -0.4594 0.1581
vn -0.9992 -0.0364 -0.0192
vn -0.5685 -0.7686 0.2933
vn -0.9461 -0.3233 -0.0178
vn -0.8529 -0.5218 -0.0165
vn -0.8153 -0.5789 -0.0157
vn -0.4887 -0.8724 -0.0089
vn -0.4507 -0.8927 -0.0081
vn -0.8531 -0.5214 -0.0171
vn -0.4884 -0.8726 -0.0105
vn -0.9991 -0.0365 -0.0192
vn -0.9991 -0.0365 -0.0193
vn -0.8288 -0.5211 -0.2039
vn -0.9706 -0.0362 -0.2379
vn -0.4744 -0.8724 -0.1177
vn -0.4372 -0.8722 -0.2192
vn -0.9630 -0.0361 -0.2670
vn -0.9991 -0.0365 -0.0193
vn -0.9957 0.0129 -0.0917
vn -0.9898 -0.0363 -0.1379
vn -0.9771 -0.0362 -0.2096
vn -0.9630 -0.0361 -0.2670
vn -0.9416 -0.0360 -0.3349
vn -0.9415 -0.0360 -0.3350
vn -0.9415 -0.0360 -0.3351
vn -0.9414 -0.0362 -0.3352
vn -0.9415 -0.0357 -0.3351
vn -0.9413 -0.0362 -0.3355
vn -0.9414 -0.0358 -0.3355
vn -0.9412 -0.0361 -0.3358
vn -0.9412 -0.0366 -0.3358
vn -0.9412 -0.0355 -0.3359
vn -0.9411 -0.0358 -0.3361
vn -0.9318 -0.0360 -0.3612
vn -0.9217 -0.0359 -0.3863
vn -0.9108 -0.0359 -0.4112
vn -0.8994 -0.0358 -0.4357
vn -0.8872 -0.0358 -0.4599
vn -0.8745 -0.0357 -0.4837
vn -0.8687 -0.0357 -0.4940
vn -0.8669 -0.0357 -0.4971
vn -0.9773 -0.0306 -0.2097
vn -0.9597 -0.0653 -0.2735
vn -0.9376 -0.0984 -0.3336
vn -0.0545 0.9985 -0.0015
vn -0.0666 0.9977 -0.0132
vn 0.3010 0.2834 -0.9105
vn 0.2876 0.3982 -0.8710
vn 0.0394 0.9319 -0.3607
vn 0.0227 0.9659 -0.2580
vn -0.0159 0.9880 -0.1539
vn 0.0402 0.9308 -0.3633
vn 0.9597 0.0653 0.2735
vn 0.9773 0.0307 0.2097
vn 0.1091 0.7754 -0.6219
vn 0.1101 0.7723 -0.6257
vn 0.9845 0.0120 0.1750
vn 0.9888 -0.0018 0.1492
vn 0.9893 -0.0036 0.1459
vn 0.1343 0.5906 -0.7957
vn 0.1333 0.5974 -0.7908
vn 0.1389 0.3770 -0.9157
vn 0.1384 0.3851 -0.9124
vn 0.1299 0.2456 -0.9606
vn 0.1380 0.3493 -0.9268
vn 0.1377 0.3612 -0.9223
vn 0.1298 0.2525 -0.9589
vn -0.9892 0.0033 -0.1464
vn -0.9888 0.0018 -0.1492
vn -0.9845 -0.0120 -0.1750
vn -0.9939 0.0241 -0.1072
vn -0.9929 0.0186 -0.1178
vn -0.9913 0.0115 -0.1311
vn 0.1185 0.2630 -0.9575
vn 0.1184 0.2683 -0.9560
vn 0.9913 -0.0115 0.1311
vn 0.9929 -0.0186 0.1178
vn 0.9940 -0.0243 0.1070
vn 0.9940 -0.0243 0.1069
vn 0.0966 0.6556 -0.7489
vn 0.0967 0.6481 -0.7554
vn 0.0981 0.6333 -0.7677
vn 0.0964 0.6573 -0.7474
vn 0.9940 -0.0244 0.1068
vn 0.9943 -0.0261 0.1035
vn 0.9943 -0.0263 0.1032
vn 0.9930 -0.0193 0.1164
vn 0.9930 -0.0193 0.1163
vn 0.9932 -0.0201 0.1148
vn 0.0709 0.8862 -0.4579
vn 0.0711 0.8861 -0.4579
vn -0.9930 0.0193 -0.1164
vn -0.9930 0.0193 -0.1164
vn -0.9943 0.0263 -0.1032
vn -0.9943 0.0262 -0.1034
vn -0.9940 0.0243 -0.1068
vn -0.9992 -0.0364 -0.0192
vn -0.9926 0.0173 -0.1202
vn -0.9926 0.0173 -0.1202
vn -0.9992 -0.0364 -0.0192
vn -0.9992 -0.0362 -0.0192
vn -0.9966 0.0437 -0.0702
vn -0.9966 0.0437 -0.0702
vn 0.0261 0.9980 -0.0572
vn 0.0253 0.9984 -0.0509
vn 0.0177 0.9998 -0.0027
vn 0.0154 0.9997 0.0166
vn 0.0438 0.9990 0.0000
vn 0.0583 0.9983 0.0015
vn 0.0580 0.9983 0.0089
vn 0.0421 0.9990 0.0148
vn -0.9974 0.0590 -0.0409
vn -0.9974 0.0584 -0.0422
vn 0.0477 0.9748 0.2180
vn 0.0145 0.9762 0.2165
vn 0.0326 0.9713 -0.2356
vn 0.0666 0.9699 -0.2343
vn -0.0364 0.9993 0.0004
vn -0.0308 0.9709 -0.2373
vn 0.0326 0.9713 -0.2356
vn 0.0239 0.9997 0.0015
vn -0.0363 0.9993 0.0005
vn -0.0361 0.9993 0.0006
vn -0.0362 0.9993 0.0009
vn -0.0359 0.9994 -0.0004
vn -0.0359 0.9994 -0.0011
vn 0.9992 0.0359 0.0192
vn 0.9992 0.0360 0.0192
vn 0.9992 0.0360 0.0192
vn 0.9992 0.0360 0.0192
vn 0.9992 0.0360 0.0192
vn 0.9992 0.0360 0.0192
vn 0.9992 0.0360 0.0192
vn 0.9992 0.0359 0.0192
vn 0.9992 0.0359 0.0192
vn 0.9992 0.0359 0.0192
vn 0.9992 0.0359 0.0192
vn 0.9992 0.0359 0.0192
vn 0.0382 0.9992 0.0099
vn 0.0381 0.9992 0.0098
vn 0.0386 0.9993 0.0004
vn 0.9986 -0.0005 0.0532
vn 0.9986 -0.0004 0.0532
vn 0.9986 -0.0385 0.0364
vn 0.9982 0.0060 0.0593
vn 0.9945 -0.0781 0.0696
vn 0.9973 0.0233 0.0700
vn 0.9980 0.0074 0.0626
vn 0.9986 -0.0386 0.0364
vn 0.9786 -0.2004 0.0459
vn 0.9945 -0.0782 0.0696
vn 0.9856 -0.1518 0.0746
vn 0.9957 0.0524 0.0763
vn 0.9966 0.0381 0.0730
vn 0.9786 -0.2006 0.0459
vn 0.9352 -0.3499 0.0541
vn 0.9856 -0.1519 0.0746
vn 0.9802 -0.1840 0.0736
vn 0.9944 0.0726 0.0769
vn 0.9946 0.0677 0.0781
vn 0.9145 0.3963 0.0820
vn 0.9316 0.3557 0.0750
vn 0.9396 0.3329 0.0797
vn 0.9113 0.4038 0.0804
vn 0.9938 0.0919 0.0621
vn 0.9937 0.0952 0.0596
vn 0.9936 0.0964 0.0587
vn 0.9936 0.0968 0.0583
vn 0.9936 0.0970 0.0581
vn 0.9936 0.0971 0.0580
vn 0.9936 0.0971 0.0580
vn 0.9936 0.0972 0.0580
vn 0.9936 0.0971 0.0580
vn 0.9936 0.0969 0.0580
vn 0.9936 0.0974 0.0580
vn 0.9936 0.0971 0.0579
vn 0.9935 0.1011 0.0527
vn 0.9941 0.1031 0.0343
vn 0.9081 0.4171 0.0375
vn 0.9968 -0.0750 0.0291
vn 0.9912 -0.1152 0.0650
vn 0.9930 -0.0994 0.0636
vn 0.9950 -0.0774 0.0633
vn 0.9965 -0.0540 0.0635
vn 0.9974 -0.0324 0.0638
vn 0.9978 -0.0170 0.0638
vn 0.9980 -0.0100 0.0632
vn 0.9980 -0.0144 0.0621
vn 0.9976 -0.0359 0.0595
vn 0.9968 -0.0552 0.0570
vn 0.9960 -0.0707 0.0548
vn 0.9952 -0.0817 0.0531
vn 0.9950 -0.0852 0.0520
vn 0.9937 0.1017 -0.0466
vn 0.9937 0.1017 -0.0465
vn 0.9941 -0.0930 -0.0559
vn 0.9941 -0.0932 -0.0563
vn 0.9059 0.4218 0.0375
vn 0.9132 0.4064 -0.0313
vn 0.6970 0.7161 0.0368
vn 0.7339 0.6744 0.0814
vn 0.7229 0.6910 -0.0044
vn 0.7160 0.6981 0.0060
vn 0.6707 0.7408 0.0379
vn 0.7169 0.6923 0.0828
vn 0.6458 0.7635 0.0093
vn 0.6432 0.7651 0.0311
vn 0.6390 0.7682 0.0393
vn 0.7420 0.6690 -0.0421
vn 0.6286 0.7770 -0.0332
vn 0.6119 0.7883 -0.0643
vn 0.5092 0.8587 -0.0573
vn 0.4619 0.8857 0.0468
vn 0.4833 0.8742 0.0458
vn 0.4876 0.8719 0.0457
vn 0.4889 0.8712 0.0456
vn 0.5460 0.8369 0.0387
vn 0.5460 0.8369 0.0387
vn 0.4933 0.8699 0.0047
vn 0.5460 0.8369 0.0387
vn 0.4933 0.8699 0.0047
vn 0.5460 0.8369 0.0387
vn 0.4910 0.8701 0.0424
vn 0.4893 0.8709 0.0456
vn 0.4895 0.8708 0.0456
vn 0.4901 0.8705 0.0455
vn 0.4911 0.8699 0.0455
vn 0.5088 0.8597 0.0447
vn 0.5476 0.8356 0.0431
vn 0.3846 0.9226 -0.0293
vn 0.5959 0.7998 0.0725
vn 0.5959 0.7998 0.0725
vn 0.5299 0.8442 0.0809
vn 0.3709 0.9272 0.0526
vn 0.3957 0.9147 0.0819
vn 0.4087 0.9096 0.0751
vn 0.5700 0.8184 0.0729
vn 0.7574 0.6486 0.0748
vn 0.4208 0.9050 0.0625
vn 0.8034 0.5918 0.0659
vn 0.9491 0.3077 0.0667
vn 0.8396 0.5429 0.0198
vn 0.8970 0.4416 0.0197
vn 0.9532 0.3018 0.0195
vn 0.4370 0.8992 0.0204
vn 0.6258 0.7797 0.0202
vn 0.9990 0.0402 0.0201
vn 0.8978 0.4400 0.0196
vn 0.6289 0.7772 0.0202
vn 0.8986 0.4384 0.0196
vn 0.6322 0.7745 0.0201
vn 0.2446 0.9694 0.0205
vn 0.2479 0.9686 0.0204
vn 0.2512 0.9677 0.0204
vn 0.2528 0.9673 0.0204
vn -0.0036 0.9998 0.0177
vn 0.2576 0.9638 0.0691
vn 0.2075 0.9748 0.0816
vn 0.1877 0.9784 0.0864
vn 0.2911 0.9567 -0.0030
vn 0.2852 0.9585 -0.0000
vn 0.1939 0.9801 0.0434
vn 0.2103 0.9755 0.0639
vn 0.2339 0.9706 0.0574
vn 0.2965 0.9542 0.0406
vn 0.3370 0.9409 0.0352
vn 0.3741 0.9267 0.0358
vn 0.3950 0.9177 0.0426
vn 0.3958 0.9172 0.0467
vn 0.3896 0.9196 0.0501
vn 0.3308 0.9420 0.0559
vn 0.6488 -0.2701 0.7114
vn 0.6732 -0.2304 0.7026
vn 0.6810 -0.2319 0.6946
vn 0.6573 -0.2726 0.7026
vn 0.6940 -0.2055 0.6900
vn 0.6874 -0.2047 0.6968
vn 0.7030 -0.1819 0.6876
vn 0.6980 -0.1947 0.6891
vn 0.6906 -0.1970 0.6958
vn 0.6972 -0.1815 0.6935
vn -0.0697 -0.9910 -0.1146
vn -0.0703 -0.9910 -0.1141
vn -0.0936 -0.9897 -0.1085
vn -0.1269 -0.9868 -0.1007
vn -0.1642 -0.9821 -0.0920
vn 0.7093 -0.1613 0.6862
vn 0.7044 -0.1612 0.6913
vn 0.1642 0.9821 0.0920
vn 0.1269 0.9868 0.1007
vn 0.0937 0.9897 0.1085
vn 0.0712 0.9909 0.1139
vn 0.7142 -0.1428 0.6852
vn 0.7097 -0.1428 0.6898
vn 0.5496 -0.1315 0.8250
vn 0.7167 -0.1303 0.6851
vn 0.7141 -0.1299 0.6879
vn 0.5462 -0.1316 0.8272
vn -0.0331 -0.9920 -0.1218
vn -0.0247 -0.9918 -0.1252
vn -0.0216 -0.9917 -0.1267
vn -0.0250 -0.9917 -0.1258
vn -0.0343 -0.9918 -0.1231
vn -0.0479 -0.9917 -0.1195
vn -0.0634 -0.9913 -0.1157
vn 0.1194 -0.1246 0.9850
vn 0.1210 -0.1246 0.9848
vn 0.0634 0.9913 0.1157
vn 0.0478 0.9917 0.1195
vn 0.0344 0.9918 0.1231
vn 0.0249 0.9917 0.1258
vn 0.0216 0.9917 0.1266
vn 0.0248 0.9918 0.1251
vn 0.0331 0.9920 0.1218
vn 0.0557 0.9920 0.1134
vn -0.3421 -0.1041 0.9339
vn -0.3373 -0.1052 0.9355
vn -0.7202 -0.0694 0.6903
vn -0.7172 -0.0699 0.6933
vn -0.9504 -0.0188 0.3104
vn -0.9504 -0.0188 0.3103
vn -0.9899 0.0419 -0.1354
vn -0.9893 0.0423 -0.1396
vn -0.8290 0.0953 -0.5511
vn -0.8264 0.0957 -0.5549
vn -0.7146 0.1190 -0.6894
vn -0.7174 0.1188 -0.6865
vn -0.7138 0.1354 -0.6872
vn -0.7150 0.1301 -0.6869
vn -0.7116 0.1305 -0.6904
vn -0.7103 0.1354 -0.6908
vn 0.0792 0.9913 0.1052
vn 0.0751 0.9926 0.0958
vn 0.0460 0.9929 0.1099
vn -0.0104 0.9907 0.1360
vn 0.1398 0.9879 0.0666
vn 0.0900 0.9907 0.1016
vn 0.1302 0.9875 0.0886
vn 0.1782 0.9813 0.0734
vn -0.7084 0.1552 -0.6885
vn -0.7042 0.1550 -0.6928
vn -0.7000 0.1788 -0.6914
vn -0.6948 0.1783 -0.6967
vn -0.6878 0.2069 -0.6958
vn -0.6934 0.1949 -0.6937
vn -0.6871 0.1951 -0.6999
vn -0.6817 0.2058 -0.7021
vn -0.3526 0.1489 -0.9239
vn -0.3487 0.1478 -0.9255
vn 0.1677 -0.0232 -0.9856
vn 0.1627 -0.0214 -0.9864
vn 0.6140 -0.2185 -0.7585
vn 0.6068 -0.2154 -0.7652
vn 0.8889 -0.3702 -0.2698
vn 0.8881 -0.3696 -0.2734
vn 0.9168 -0.3976 0.0378
vn 0.9166 -0.3977 0.0409
vn 0.8533 -0.3809 0.3561
vn 0.8500 -0.3800 0.3649
vn 0.3481 0.9285 -0.1295
vn 0.3512 0.9272 -0.1303
vn 0.3804 0.9153 -0.1325
vn 0.4064 0.9049 -0.1265
vn 0.4251 0.8980 -0.1139
vn 0.4322 0.8965 -0.0973
vn 0.4251 0.9016 -0.0801
vn 0.3807 0.9233 -0.0511
vn 0.3764 0.9252 -0.0487
vn 0.5958 0.7978 -0.0920
vn 0.5429 0.8206 -0.1785
vn 0.4524 0.8341 -0.3156
vn 0.3091 0.9139 -0.2630
vn 0.3087 0.9146 -0.2612
vn 0.8565 -0.3721 0.3576
vn 0.8544 -0.3705 0.3643
vn 0.8957 -0.4393 -0.0687
vn 0.8959 -0.4392 -0.0672
vn 0.7585 -0.4220 -0.4965
vn 0.7566 -0.4215 -0.4998
vn 0.4914 -0.3332 -0.8047
vn 0.4874 -0.3318 -0.8077
vn 0.1648 -0.2080 -0.9641
vn 0.1611 -0.2066 -0.9651
vn 0.2644 -0.2472 -0.9322
vn -0.1698 -0.0737 -0.9827
vn -0.1714 -0.0731 -0.9825
vn -0.3104 -0.9133 0.2637
vn -0.4515 -0.8348 0.3149
vn -0.5400 -0.8224 0.1789
vn -0.3804 -0.9153 0.1325
vn -0.3512 -0.9272 0.1303
vn -0.3505 -0.9275 0.1301
vn -0.2055 -0.0593 -0.9769
vn -0.4890 0.0567 -0.8704
vn -0.4878 0.0562 -0.8711
vn -0.1795 -0.0698 -0.9813
vn -0.1497 -0.9856 0.0791
vn -0.2222 -0.9636 0.1486
vn -0.2726 -0.9411 0.1999
vn -0.2963 -0.9275 0.2279
vn -0.3090 -0.9140 0.2630
vn -0.3228 -0.9388 0.1201
vn -0.2332 -0.9708 0.0558
vn -0.1716 -0.9851 0.0126
vn -0.6945 0.1261 -0.7084
vn -0.6920 0.1254 -0.7110
vn -0.7037 0.1129 -0.7014
vn -0.7112 0.0980 -0.6961
vn -0.7096 0.0979 -0.6977
vn -0.7012 0.1131 -0.7039
vn -0.0613 -0.9966 -0.0555
vn -0.0481 -0.9987 -0.0183
vn -0.1349 -0.9887 0.0653
vn -0.1043 -0.9940 -0.0334
vn -0.0803 -0.9955 -0.0505
vn -0.7134 0.0926 -0.6946
vn -0.7148 0.0893 -0.6936
vn -0.7149 0.0890 -0.6935
vn -0.7139 0.0891 -0.6946
vn -0.7137 0.0895 -0.6947
vn -0.7123 0.0929 -0.6957
vn -0.0639 -0.9960 -0.0625
vn 0.0200 -0.9960 -0.0872
vn 0.0145 -0.9965 -0.0825
vn 0.0115 -0.9967 -0.0798
vn 0.0107 -0.9968 -0.0792
vn 0.0106 -0.9968 -0.0790
vn 0.0105 -0.9968 -0.0789
vn -0.0123 -0.9969 -0.0779
vn -0.0123 -0.9969 -0.0779
vn 0.0104 -0.9970 -0.0765
vn 0.0104 -0.9968 -0.0789
vn 0.0104 -0.9968 -0.0788
vn 0.0101 -0.9969 -0.0785
vn 0.0075 -0.9971 -0.0762
vn 0.0074 -0.9971 -0.0760
vn -0.0618 -0.9960 -0.0642
vn -0.0567 -0.9961 -0.0680
vn -0.0560 -0.9961 -0.0686
vn -0.0559 -0.9961 -0.0687
vn -0.0559 -0.9961 -0.0685
vn -0.0559 -0.9961 -0.0684
vn -0.0560 -0.9960 -0.0695
vn -0.0558 -0.9961 -0.0686
vn -0.0557 -0.9961 -0.0688
vn -0.0551 -0.9961 -0.0692
vn -0.0538 -0.9961 -0.0702
vn -0.0472 -0.9960 -0.0753
vn -0.0280 -0.9956 -0.0899
vn 0.0125 -0.9930 -0.1176
vn -0.7153 0.0881 -0.6932
vn -0.7147 0.0883 -0.6938
vn -0.7154 0.0881 -0.6932
vn -0.7143 0.0880 -0.6942
vn -0.7147 0.0879 -0.6939
vn -0.7138 0.0879 -0.6948
vn -0.7188 0.0878 -0.6897
vn -0.7178 0.0878 -0.6907
vn -0.0122 0.9930 0.1174
vn 0.0280 0.9956 0.0899
vn 0.0473 0.9960 0.0752
vn 0.0538 0.9961 0.0702
vn 0.0551 0.9961 0.0692
vn 0.0557 0.9961 0.0688
vn 0.0558 0.9961 0.0687
vn 0.0559 0.9961 0.0687
vn 0.0559 0.9961 0.0685
vn 0.0558 0.9961 0.0682
vn 0.0560 0.9961 0.0687
vn 0.0560 0.9961 0.0685
vn 0.0567 0.9961 0.0681
vn 0.0617 0.9960 0.0642
vn 0.0634 0.9960 0.0630
vn 0.0609 0.9966 0.0560
vn -0.0081 0.9970 0.0768
vn -0.0101 0.9969 0.0785
vn -0.0104 0.9968 0.0788
vn -0.0104 0.9968 0.0788
vn -0.0104 0.9968 0.0789
vn 0.0121 0.9969 0.0778
vn 0.0222 0.9981 0.0580
vn -0.0105 0.9968 0.0790
vn -0.0106 0.9968 0.0790
vn -0.0108 0.9968 0.0792
vn -0.0115 0.9967 0.0798
vn -0.0145 0.9965 0.0825
vn -0.0196 0.9960 0.0870
vn -0.7167 0.0870 -0.6919
vn -0.7156 0.0869 -0.6931
vn -0.7126 0.0869 -0.6961
vn -0.7117 0.0870 -0.6971
vn -0.7153 0.0880 -0.6933
vn -0.7144 0.0880 -0.6942
vn -0.7149 0.0878 -0.6937
vn -0.7143 0.0878 -0.6943
vn -0.7157 0.0877 -0.6929
vn -0.7147 0.0874 -0.6940
vn -0.7157 0.0875 -0.6929
vn -0.7149 0.0875 -0.6938
vn -0.7160 0.0858 -0.6928
vn -0.7153 0.0864 -0.6935
vn -0.7176 0.0827 -0.6915
vn -0.7167 0.0827 -0.6925
vn -0.7210 0.0726 -0.6891
vn -0.7235 0.0579 -0.6879
vn -0.7208 0.0584 -0.6907
vn -0.7195 0.0726 -0.6907
vn -0.1278 0.9750 0.1819
vn -0.0572 0.9880 0.1432
vn -0.0268 0.9953 0.0929
vn -0.0520 0.9924 0.1117
vn -0.7247 0.0335 -0.6882
vn -0.7209 0.0347 -0.6922
vn -0.7245 0.0274 -0.6887
vn -0.9456 -0.1020 -0.3088
vn -0.9425 -0.0991 -0.3193
vn -0.7406 0.0208 -0.6716
vn 0.0520 -0.9924 -0.1117
vn 0.0268 -0.9953 -0.0929
vn 0.0571 -0.9880 -0.1432
vn 0.1278 -0.9750 -0.1819
vn 0.7170 0.0105 0.6970
vn 0.7217 -0.0143 0.6920
vn 0.7208 -0.0402 0.6919
vn 0.7192 -0.0404 0.6936
vn 0.7183 -0.0148 0.6956
vn 0.7139 0.0089 0.7002
vn 0.4183 -0.1177 0.9007
vn 0.4209 -0.1167 0.8996
vn -0.0000 -0.2723 0.9622
vn 0.0098 -0.2692 0.9630
vn -0.4445 -0.3968 0.8031
vn -0.4357 -0.3953 0.8086
vn -0.8013 -0.4261 0.4199
vn -0.8015 -0.4261 0.4195
vn -0.9405 -0.3351 -0.0562
vn -0.9408 -0.3326 -0.0655
vn -0.8601 -0.1801 -0.4772
vn -0.8562 -0.1767 -0.4856
vn -0.7068 -0.0528 -0.7054
vn -0.7029 -0.0509 -0.7094
vn -0.7166 -0.0109 -0.6974
vn -0.7156 -0.0227 -0.6982
vn -0.7141 -0.0304 -0.6994
vn -0.7113 -0.0290 -0.7023
vn -0.7131 -0.0224 -0.7007
vn -0.7158 -0.0107 -0.6982
vn -0.7162 -0.0177 -0.6977
vn -0.7161 -0.0102 -0.6979
vn -0.7166 -0.0101 -0.6974
vn -0.7172 -0.0176 -0.6967
vn -0.7178 -0.0235 -0.6959
vn -0.7210 -0.0357 -0.6920
vn -0.7202 -0.0359 -0.6929
vn -0.7167 -0.0234 -0.6970
vn 0.0956 0.9840 -0.1504
vn 0.1175 0.9773 -0.1764
vn 0.1419 0.9684 -0.2052
vn 0.1681 0.9571 -0.2360
vn 0.1238 0.9480 -0.2932
vn -0.7213 -0.0382 -0.6916
vn -0.7221 -0.0379 -0.6907
vn -0.7225 -0.0406 -0.6902
vn -0.7233 -0.0402 -0.6894
vn -0.7242 -0.0426 -0.6883
vn -0.7250 -0.0422 -0.6874
vn -0.7260 -0.0444 -0.6863
vn -0.7256 -0.0439 -0.6868
vn -0.7265 -0.0436 -0.6858
vn -0.7269 -0.0439 -0.6853
vn -0.5976 -0.1116 -0.7940
vn -0.5997 -0.1106 -0.7925
vn -0.1396 -0.2901 -0.9468
vn -0.2893 -0.2395 -0.9268
vn -0.2933 -0.2381 -0.9259
vn -0.1437 -0.2888 -0.9465
vn -0.3410 -0.8371 0.4277
vn -0.3978 -0.8374 0.3748
vn -0.3086 -0.9042 0.2952
vn -0.3007 -0.9027 0.3077
vn -0.2886 -0.9038 0.3161
vn -0.2569 -0.9128 0.3175
vn 0.4039 -0.4142 -0.8156
vn 0.4023 -0.4140 -0.8166
vn 0.2573 0.9126 -0.3178
vn 0.2890 0.9035 -0.3165
vn 0.3011 0.9025 -0.3081
vn 0.3090 0.9040 -0.2955
vn 0.3948 0.8401 -0.3720
vn 0.3382 0.8401 -0.4241
vn 0.6482 -0.4301 -0.6283
vn 0.6486 -0.4295 -0.6283
vn 0.8300 -0.4075 -0.3807
vn 0.8311 -0.4072 -0.3787
vn 0.9479 -0.2736 0.1630
vn 0.9483 -0.2750 0.1587
vn 0.8219 -0.1260 0.5556
vn 0.9463 -0.2675 0.1817
vn 0.8218 -0.1259 0.5557
vn 0.7024 -0.0527 0.7098
vn 0.7027 -0.0528 0.7095
vn 0.1696 0.9854 -0.0113
vn 0.2332 0.9708 -0.0558
vn 0.3227 0.9388 -0.1201
vn 0.2963 0.9275 -0.2280
vn 0.2726 0.9411 -0.2000
vn 0.2222 0.9636 -0.1486
vn 0.1479 0.9860 -0.0774
vn 0.7057 -0.0539 0.7065
vn 0.7054 -0.0537 0.7068
vn 0.7113 -0.0505 0.7011
vn 0.7105 -0.0515 0.7018
vn 0.7098 -0.0514 0.7026
vn 0.7108 -0.0506 0.7016
vn 0.0794 0.9955 0.0511
vn 0.1043 0.9940 0.0334
vn 0.1349 0.9887 -0.0653
vn 0.0476 0.9987 0.0189
vn 0.7160 -0.0476 0.6965
vn 0.7153 -0.0473 0.6972
vn 0.7154 -0.0473 0.6972
vn 0.7161 -0.0477 0.6964
vn -0.0324 -0.9989 -0.0350
vn 0.7183 -0.0476 0.6941
vn 0.7179 -0.0476 0.6945
vn 0.7176 -0.0476 0.6948
vn 0.7187 -0.0473 0.6937
vn 0.7183 -0.0475 0.6942
vn 0.7183 -0.0475 0.6941
vn 0.0324 0.9989 0.0350
vn -0.0075 0.9971 0.0762
vn 0.7180 -0.0474 0.6944
vn 0.7176 -0.0474 0.6948
vn 0.7133 -0.0465 0.6994
vn 0.7128 -0.0466 0.6998
vn 0.7136 -0.0462 0.6990
vn 0.6313 -0.0552 0.7735
vn -0.4118 0.7218 -0.5562
vn -0.5406 0.7215 -0.4325
vn 0.4920 -0.7208 0.4882
vn 0.3618 0.5353 0.7633
vn 0.7188 -0.0473 0.6936
vn 0.7188 -0.0473 0.6936
vn 0.7177 -0.0472 0.6948
vn 0.7177 -0.0472 0.6948
vn 0.7187 -0.0473 0.6937
vn 0.7181 -0.0472 0.6943
vn 0.7182 -0.0471 0.6943
vn 0.7184 -0.0472 0.6940
vn 0.7186 -0.0465 0.6938
vn 0.7182 -0.0471 0.6943
vn 0.7193 -0.0450 0.6932
vn 0.7187 -0.0460 0.6938
vn 0.7185 -0.0462 0.6939
vn 0.7186 -0.0454 0.6940
vn 0.4560 0.8310 -0.3186
vn 0.4572 0.8301 -0.3191
vn 0.4656 0.8233 -0.3246
vn 0.4749 0.8153 -0.3312
vn 0.4952 0.7975 -0.3447
vn 0.5206 0.7734 -0.3616
vn 0.5586 0.7339 -0.3864
vn 0.5973 0.6880 -0.4122
vn 0.6189 0.6596 -0.4265
vn 0.6348 0.6372 -0.4371
vn 0.6487 0.6162 -0.4466
vn 0.6779 0.5684 -0.4662
vn 0.5092 0.6032 -0.6139
vn 0.4973 0.6032 -0.6235
vn 0.5436 0.8202 -0.1781
vn 0.5460 0.8186 -0.1781
vn 0.5521 0.8140 -0.1804
vn 0.5608 0.8075 -0.1830
vn 0.5805 0.7920 -0.1890
vn 0.6069 0.7699 -0.1971
vn 0.6459 0.7343 -0.2090
vn 0.7598 0.6394 -0.1177
vn 0.7688 0.6027 -0.2137
vn 0.7732 0.5827 -0.2503
vn 0.7446 0.6242 -0.2365
vn 0.7279 0.6441 -0.2351
vn 0.7097 0.6662 -0.2291
vn 0.6853 0.6939 -0.2212
vn 0.7500 0.5773 -0.3228
vn 0.8864 0.3824 -0.2610
vn 0.8537 0.3786 -0.3576
vn 0.7530 0.6534 -0.0776
vn 0.9123 0.3936 -0.1128
vn 0.9852 0.1150 -0.1273
vn 0.9497 0.1215 -0.2885
vn 0.9494 0.1214 -0.2895
vn 0.9853 0.1149 -0.1267
vn 0.9809 -0.1416 -0.1331
vn 0.9378 -0.1632 -0.3063
vn 0.9366 -0.1643 -0.3094
vn 0.9813 -0.1406 -0.1315
vn 0.9981 0.0254 -0.0556
vn 0.9974 0.0410 -0.0586
vn 0.9990 0.0002 -0.0447
vn 0.9961 -0.0770 -0.0440
vn 0.7594 -0.2259 -0.6101
vn 0.1024 -0.7711 -0.6284
vn 0.8916 -0.4465 -0.0756
vn 0.9980 -0.0245 -0.0575
vn 0.9984 0.0024 -0.0572
vn 0.9910 -0.1220 -0.0554
vn 0.9870 -0.1508 -0.0557
vn 0.9915 -0.1174 -0.0557
vn 0.9898 -0.1315 -0.0557
vn 0.9864 -0.1547 -0.0555
vn 0.9853 -0.1618 -0.0554
vn 0.9830 -0.1749 -0.0554
vn 0.9839 -0.1700 -0.0554
vn 0.9828 -0.1760 -0.0553
vn 0.9762 -0.2098 -0.0540
vn 0.9708 -0.2339 -0.0527
vn 0.9543 -0.2945 -0.0499
vn 0.9527 -0.2760 -0.1274
vn 0.9208 -0.3701 -0.1228
vn 0.9216 -0.3688 -0.1211
vn 0.8805 -0.3783 -0.2856
vn 0.9204 -0.3884 -0.0444
vn 0.9215 -0.3867 -0.0359
vn 0.9108 -0.4120 0.0262
vn 0.9103 -0.4130 0.0262
vn 0.9118 -0.4101 0.0193
vn 0.9121 -0.4098 0.0133
vn 0.9127 -0.4085 0.0084
vn 0.9130 -0.4078 0.0070
vn 0.9132 -0.4074 0.0067
vn 0.9133 -0.4073 0.0067
vn 0.9471 -0.3197 0.0273
vn 0.9425 -0.3331 0.0271
vn 0.9421 -0.3333 0.0359
vn 0.9496 -0.3111 0.0379
vn 0.9480 -0.3170 0.0273
vn 0.2518 0.8434 -0.4746
vn 0.3088 0.8217 -0.4790
vn 0.3166 0.8500 -0.4210
vn 0.2979 0.8571 -0.4202
vn 0.2885 0.8652 -0.4102
vn 0.2744 0.8693 -0.4112
vn 0.2582 0.8797 -0.3993
vn 0.3743 0.7944 -0.4784
vn 0.3724 0.7896 -0.4877
vn 0.9522 -0.3044 0.0274
vn 0.9533 -0.2994 0.0398
vn 0.9569 -0.2892 0.0276
vn 0.9582 -0.2830 0.0419
vn 0.9654 -0.2593 0.0278
vn 0.9626 -0.2696 0.0277
vn 0.9641 -0.2619 0.0440
vn 0.9637 -0.2634 0.0439
vn 0.9627 -0.2691 0.0277
vn 0.9654 -0.2568 0.0458
vn 0.9653 -0.2571 0.0457
vn 0.9692 -0.2420 0.0457
vn 0.9680 -0.2467 0.0453
vn 0.2389 0.8493 -0.4707
vn 0.2575 0.8802 -0.3987
vn 0.2451 0.8891 -0.3866
vn -0.9968 0.0749 -0.0288
vn -0.9425 0.3331 -0.0271
vn -0.9422 0.3331 -0.0359
vn -0.9638 0.2630 -0.0439
vn -0.9679 0.2471 -0.0454
vn -0.9691 0.2423 -0.0458
vn -0.9684 0.2450 -0.0459
vn -0.9678 0.2471 -0.0478
vn -0.9951 0.0845 -0.0521
vn 0.2357 0.8537 -0.4643
vn 0.2357 0.8535 -0.4648
vn 0.2409 0.8688 -0.4326
vn 0.2296 0.8025 -0.5508
vn 0.2399 0.8479 -0.4728
vn 0.2341 0.8254 -0.5137
vn 0.2463 0.8757 -0.4153
vn 0.2455 0.8845 -0.3967
vn 0.2050 0.9568 -0.2060
vn 0.1817 0.9734 -0.1396
vn 0.1683 0.9802 -0.1043
vn 0.1599 0.9834 -0.0862
vn 0.1529 0.9859 -0.0676
vn 0.1450 0.9882 -0.0490
vn 0.1376 0.9900 -0.0306
vn 0.1091 0.9936 0.0284
vn 0.1011 0.9937 0.0478
vn 0.0798 0.9929 0.0877
vn 0.0992 0.8136 -0.5729
vn 0.9673 -0.2522 0.0278
vn 0.9696 -0.2433 0.0278
vn 0.9694 -0.2439 0.0277
vn 0.9760 -0.2120 0.0501
vn 0.9700 -0.2385 0.0480
vn 0.9693 -0.2410 0.0478
vn 0.9611 -0.2749 0.0274
vn 0.9571 -0.2883 0.0273
vn 0.9772 -0.2064 0.0506
vn 0.9370 -0.3484 0.0267
vn 0.7222 -0.6911 0.0280
vn 0.9410 -0.3314 0.0681
vn 0.9269 -0.3737 0.0359
vn 0.9336 -0.3575 0.0230
vn 0.9420 -0.3342 0.0299
vn 0.9346 -0.3548 0.0255
vn 0.9338 -0.3569 0.0250
vn 0.9420 -0.3343 0.0297
vn 0.9209 -0.3880 0.0377
vn 0.9900 -0.1313 0.0518
vn 0.8602 -0.5094 0.0227
vn -0.9801 0.1978 0.0184
vn -0.9956 -0.0843 -0.0409
vn -0.9989 0.0336 -0.0338
vn -0.9967 0.0790 -0.0183
vn -0.9857 0.1643 -0.0363
vn -0.9864 0.1609 -0.0344
vn -0.9985 -0.0520 -0.0168
vn -0.9998 -0.0094 -0.0202
vn -0.6349 -0.7724 -0.0173
vn 0.9768 -0.2080 0.0512
vn -0.7135 -0.0132 -0.7005
vn 0.0000 0.0000 1.0000
vn -0.9699 0.2412 -0.0337
vn 0.0000 -0.0000 -1.0000
vn -0.9985 -0.0502 -0.0199
vn -0.9866 -0.1611 -0.0249
vn -0.0268 -0.9977 -0.0626
vn -0.9991 0.0081 -0.0426
vn 0.9989 0.0174 0.0426
vn 0.9862 -0.1571 0.0517
vn 0.9501 -0.3077 0.0523
vn -0.9988 0.0254 -0.0426
vn 0.9738 -0.2217 0.0509
vn -0.5706 0.8206 -0.0314
vn -0.9928 0.1163 -0.0278
vn -0.9853 0.1686 -0.0285
vn -0.9586 0.2803 -0.0510
vn -0.9851 0.1698 -0.0282
vn -0.9877 0.1540 -0.0278
vn -0.0148 0.9999 0.0025
vn 0.9773 0.2061 0.0496
vn -0.9893 0.1445 -0.0218
vn 0.0966 0.8872 -0.4512
vn 0.0991 0.8878 -0.4494
vn 0.0990 0.8870 -0.4510
vn 0.0966 0.8899 -0.4458
vn 0.0878 0.8927 -0.4420
vn 0.0880 0.8875 -0.4523
vn 0.0747 0.8951 -0.4395
vn 0.0751 0.8883 -0.4532
vn 0.0585 0.8969 -0.4384
vn 0.0592 0.8890 -0.4540
vn 0.0366 0.9279 -0.3710
vn 0.0375 0.9207 -0.3885
vn -0.9952 0.0816 -0.0531
vn -0.9960 0.0707 -0.0548
vn -0.9968 0.0552 -0.0570
vn -0.9976 0.0359 -0.0595
vn -0.9980 0.0144 -0.0621
vn -0.9979 0.0100 -0.0632
vn -0.9978 0.0170 -0.0638
vn -0.9974 0.0324 -0.0639
vn -0.9965 0.0541 -0.0635
vn -0.9950 0.0775 -0.0633
vn -0.9930 0.0996 -0.0636
vn -0.9899 0.1260 -0.0650
vn -0.9802 0.1838 -0.0736
vn -0.9944 -0.0725 -0.0769
vn -0.9938 -0.0919 -0.0621
vn -0.9937 -0.0952 -0.0596
vn -0.9936 -0.0963 -0.0587
vn -0.9936 -0.0968 -0.0583
vn -0.9936 -0.0970 -0.0581
vn -0.9936 -0.0971 -0.0580
vn -0.9936 -0.0972 -0.0580
vn -0.9936 -0.0971 -0.0580
vn -0.9936 -0.0972 -0.0579
vn -0.9936 -0.0974 -0.0580
vn -0.9936 -0.0968 -0.0580
vn -0.9936 -0.0973 -0.0579
vn -0.9935 -0.1011 -0.0527
vn -0.9941 -0.1031 -0.0344
vn 0.0045 0.9964 0.0852
vn 0.0044 0.9961 0.0878
vn -0.0192 0.8506 0.5255
vn -0.0205 0.8395 0.5430
vn -0.0388 0.5062 0.8615
vn -0.0400 0.4889 0.8714
vn -0.0616 0.0371 0.9974
vn -0.0618 0.0347 0.9975
vn -0.0916 -0.4483 0.8892
vn -0.0907 -0.4287 0.8989
vn -0.1183 -0.8170 0.5644
vn -0.1181 -0.7989 0.5898
vn -0.1417 -0.8922 0.4289
vn -0.1413 -0.9146 0.3788
vn -0.2257 -0.8534 0.4699
vn -0.1415 -0.8476 0.5114
vn -0.1376 -0.9645 0.2256
vn -0.2294 -0.8934 0.3864
vn 0.9395 -0.3378 0.0578
vn 0.9659 -0.2515 0.0623
vn 0.9695 -0.2370 0.0628
vn 0.9693 -0.2376 0.0629
vn 0.9695 -0.2368 0.0630
vn 0.9696 -0.2366 0.0631
vn 0.9697 -0.2361 0.0629
vn 0.9608 -0.2684 0.0699
vn 0.9696 -0.2363 0.0630
vn 0.9697 -0.2362 0.0630
vn 0.9733 -0.2205 0.0638
vn 0.9402 -0.3332 0.0704
vn -0.2364 -0.8586 0.4550
vn -0.2368 -0.8606 0.4508
vn -0.9402 0.3332 -0.0704
vn -0.9729 0.2223 -0.0637
vn -0.9702 0.2338 -0.0632
vn -0.9620 0.2639 -0.0701
vn -0.9701 0.2344 -0.0628
vn -0.9703 0.2336 -0.0631
vn -0.9703 0.2334 -0.0630
vn -0.9703 0.2334 -0.0630
vn -0.9704 0.2332 -0.0630
vn -0.9695 0.2370 -0.0628
vn -0.9659 0.2514 -0.0623
vn -0.9411 0.3332 -0.0579
vn -0.1245 -0.9657 0.2278
vn -0.2351 -0.8587 0.4553
vn -0.2346 -0.8560 0.4608
vn -0.1240 -0.9765 0.1765
vn -0.2362 -0.8573 0.4575
vn -0.2364 -0.8599 0.4525
vn -0.2361 -0.8571 0.4579
vn -0.2364 -0.8603 0.4517
vn -0.2354 -0.8529 0.4660
vn -0.2358 -0.8571 0.4581
vn -0.2335 -0.8399 0.4899
vn -0.2353 -0.8548 0.4625
vn -0.2425 -0.8871 0.3927
vn -0.2386 -0.8517 0.4666
vn -0.2550 -0.8817 0.3969
vn -0.2506 -0.8468 0.4692
vn -0.3368 -0.9078 0.2501
vn -0.3140 -0.7975 0.5152
vn 0.9092 -0.4109 0.0679
vn 0.9093 -0.4109 0.0660
vn 0.9103 -0.4108 0.0507
vn 0.9113 -0.4108 0.0275
vn 0.9113 -0.4108 0.0270
vn -0.3723 -0.7943 0.4801
vn -0.3727 -0.7955 0.4778
vn -0.3140 -0.7975 0.5151
vn -0.3262 -0.8496 0.4145
vn -0.9113 0.4108 -0.0270
vn -0.9113 0.4108 -0.0275
vn -0.9103 0.4108 -0.0507
vn -0.9093 0.4109 -0.0660
vn -0.9091 0.4109 -0.0680
vn -0.9216 0.3864 0.0366
vn -0.9226 0.3853 0.0189
vn -0.9225 0.3856 0.0183
vn -0.9116 0.4105 -0.0225
vn -0.9121 0.4095 -0.0183
vn -0.9125 0.4088 -0.0158
vn -0.9129 0.4081 -0.0132
vn -0.9133 0.4072 -0.0088
vn -0.9133 0.4073 -0.0067
vn -0.3701 -0.7957 0.4795
vn -0.3693 -0.7940 0.4829
vn -0.4096 -0.9122 0.0047
vn -0.4099 -0.9121 0.0024
vn 0.9133 -0.4072 0.0088
vn 0.9128 -0.4081 0.0133
vn 0.9125 -0.4088 0.0159
vn 0.9121 -0.4095 0.0183
vn 0.9116 -0.4105 0.0225
vn 0.9225 -0.3857 -0.0181
vn -0.3773 -0.8559 -0.3537
vn -0.3773 -0.8560 -0.3534
vn -0.3038 -0.6994 -0.6470
vn -0.3042 -0.7015 -0.6445
vn -0.0986 -0.2419 -0.9653
vn -0.1005 -0.2463 -0.9640
vn 0.1091 0.2293 -0.9672
vn 0.1239 0.2619 -0.9571
vn 0.1244 0.2615 -0.9571
vn 0.1093 0.2271 -0.9677
vn 0.2313 0.5035 -0.8324
vn 0.2324 0.5059 -0.8307
vn 0.3257 0.7151 -0.6186
vn 0.3271 0.7183 -0.6141
vn 0.3642 0.7947 -0.4857
vn 0.3650 0.7968 -0.4815
vn -0.9132 0.4074 -0.0067
vn -0.9130 0.4078 -0.0070
vn -0.9127 0.4085 -0.0084
vn -0.9121 0.4098 -0.0133
vn -0.9118 0.4101 -0.0193
vn -0.9103 0.4130 -0.0262
vn -0.9941 0.0923 0.0565
vn 0.3671 0.7934 -0.4855
vn 0.3684 0.7966 -0.4793
vn -0.9941 0.0925 0.0568
vn -0.9937 -0.1014 0.0471
vn -0.9937 -0.1013 0.0471
vn -0.9213 0.3689 0.1231
vn -0.9809 0.1418 0.1332
vn -0.9218 0.3686 0.1199
vn -0.9220 0.3686 0.1184
vn 0.3658 0.9296 -0.0454
vn 0.3658 0.9296 -0.0451
vn 0.3855 0.9227 -0.0100
vn 0.3856 0.9227 -0.0051
vn 0.3853 0.9228 -0.0053
vn 0.3657 0.9296 -0.0460
vn 0.3855 0.9226 -0.0099
vn 0.4091 0.8962 -0.1718
vn 0.4092 0.8963 -0.1710
vn 0.9225 -0.3856 -0.0183
vn 0.9222 -0.3685 -0.1175
vn 0.9220 -0.3685 -0.1184
vn 0.8817 -0.3781 -0.2824
vn 0.3605 0.9258 -0.1141
vn 0.3606 0.9258 -0.1137
vn 0.3656 0.9296 -0.0466
vn 0.3601 0.9258 -0.1153
vn 0.8813 -0.3781 -0.2834
vn 0.7644 -0.4102 -0.4975
vn 0.7620 -0.4104 -0.5009
vn 0.3599 0.9257 -0.1161
vn 0.3439 0.9120 -0.2237
vn 0.3440 0.9120 -0.2234
vn -0.8797 0.3784 0.2880
vn -0.8807 0.3782 0.2852
vn -0.8813 0.3781 0.2834
vn -0.9805 0.1429 0.1349
vn -0.9369 0.1650 0.3083
vn -0.7621 0.4104 0.5008
vn -0.7643 0.4103 0.4974
vn -0.9356 0.1663 0.3116
vn -0.8211 0.1833 0.5405
vn -0.9850 -0.1152 0.1287
vn -0.9849 -0.1153 0.1293
vn -0.9490 -0.1212 0.2909
vn -0.9487 -0.1211 0.2922
vn -0.8362 -0.1225 0.5346
vn -0.5854 0.4075 0.7009
vn -0.6148 0.4079 0.6750
vn -0.6236 0.2167 0.7511
vn -0.6219 0.2169 0.7525
vn -0.6286 -0.1767 0.7574
vn -0.8225 -0.1768 0.5406
vn -0.8855 -0.3825 0.2638
vn -0.8527 -0.3790 0.3596
vn -0.7687 -0.3833 0.5120
vn -0.6581 -0.6018 0.4525
vn -0.5093 -0.6031 0.6139
vn -0.3781 -0.1765 0.9088
vn -0.3706 0.1976 0.9075
vn -0.4974 -0.6031 0.6236
vn -0.3060 -0.6030 0.7367
vn -0.2946 -0.6030 0.7413
vn -0.0942 -0.1761 0.9799
vn -0.0757 -0.6025 0.7945
vn 0.1981 -0.1756 0.9643
vn 0.1974 0.1756 0.9645
vn -0.0933 0.1751 0.9801
vn -0.0947 0.1751 0.9800
vn -0.0919 0.2490 0.9641
vn 0.1946 0.2397 0.9511
vn 0.0261 0.4051 0.9139
vn -0.0906 0.4048 0.9099
vn -0.3715 0.2407 0.8967
vn -0.0933 0.2490 0.9640
vn -0.2059 0.4049 0.8909
vn -0.3538 0.4054 0.8429
vn -0.3768 0.1748 0.9096
vn -0.4243 0.4059 0.8094
vn 0.0897 0.9143 -0.3949
vn 0.1557 0.9141 -0.3744
vn 0.1875 0.9139 -0.3601
vn 0.1876 0.9139 -0.3600
vn 0.1559 0.9141 -0.3743
vn 0.0898 0.9144 -0.3948
vn 0.2606 0.9132 -0.3134
vn 0.2741 0.9130 -0.3021
vn 0.2742 0.9130 -0.3019
vn 0.2608 0.9132 -0.3131
vn 0.5854 -0.4075 -0.7009
vn 0.4243 -0.4060 -0.8094
vn 0.3538 -0.4054 -0.8429
vn 0.3711 -0.2448 -0.8958
vn 0.3696 -0.1986 -0.9077
vn 0.6214 -0.2200 -0.7520
vn 0.6231 -0.2198 -0.7507
vn 0.7296 -0.2030 -0.6530
vn 0.8209 -0.1846 -0.5405
vn 0.6148 -0.4079 -0.6750
vn 0.3785 0.1711 -0.9096
vn 0.6292 0.1714 -0.7581
vn 0.8232 0.1714 -0.5412
vn 0.8363 0.1225 -0.5344
vn 0.7684 0.3840 -0.5120
vn 0.3060 0.6030 -0.7367
vn 0.0943 0.1708 -0.9808
vn 0.3769 -0.1743 -0.9097
vn 0.0947 -0.1745 -0.9801
vn 0.0933 -0.1744 -0.9802
vn 0.2059 -0.4048 -0.8909
vn 0.0906 -0.4048 -0.9099
vn 0.0918 -0.2534 -0.9630
vn 0.0932 -0.2534 -0.9629
vn -0.0262 -0.4050 -0.9139
vn -0.1943 -0.2441 -0.9501
vn 0.0385 0.9143 -0.4031
vn -0.7322 -0.6025 0.3175
vn -0.7535 -0.6094 0.2468
vn -0.7585 -0.6156 0.2139
vn -0.7587 -0.6404 0.1196
vn -0.9120 -0.3939 0.1147
vn -0.7529 -0.6533 0.0793
vn -0.9130 -0.4066 0.0320
vn -0.7232 -0.6906 0.0049
vn -0.7424 -0.6686 0.0431
vn -0.9067 -0.4201 -0.0375
vn -0.9057 -0.4223 -0.0375
vn -0.6970 -0.7161 -0.0368
vn -0.7163 -0.6978 -0.0056
vn -0.6457 -0.7635 -0.0089
vn -0.6282 -0.7773 0.0341
vn -0.6932 -0.7198 -0.0369
vn -0.9217 -0.3793 -0.0818
vn -0.7376 -0.6701 -0.0830
vn -0.7029 -0.7098 -0.0473
vn -0.7058 -0.7065 -0.0521
vn -0.7061 -0.7062 -0.0526
vn -0.7061 -0.7062 -0.0528
vn -0.7055 -0.7067 -0.0526
vn -0.8066 -0.5865 -0.0732
vn -0.8066 -0.5865 -0.0732
vn -0.7062 -0.7061 -0.0527
vn -0.7062 -0.7061 -0.0527
vn -0.7062 -0.7061 -0.0527
vn -0.7063 -0.7060 -0.0529
vn -0.7071 -0.7050 -0.0544
vn -0.7168 -0.6939 -0.0690
vn -0.7223 -0.6875 -0.0753
vn -0.7240 -0.6855 -0.0765
vn -0.7242 -0.6853 -0.0767
vn -0.7244 -0.6851 -0.0766
vn -0.7240 -0.6855 -0.0771
vn -0.7246 -0.6850 -0.0760
vn -0.8066 -0.5865 -0.0732
vn -0.7243 -0.6852 -0.0767
vn -0.7243 -0.6852 -0.0767
vn -0.7243 -0.6852 -0.0768
vn -0.7245 -0.6850 -0.0769
vn -0.7256 -0.6838 -0.0775
vn -0.7339 -0.6744 -0.0814
vn -0.9187 -0.3866 -0.0802
vn -0.9384 -0.3362 -0.0797
vn -0.9377 -0.3392 -0.0749
vn -0.9540 -0.2924 -0.0666
vn -0.9946 -0.0677 -0.0781
vn -0.9957 -0.0525 -0.0763
vn -0.9966 -0.0382 -0.0730
vn -0.9973 -0.0233 -0.0700
vn -0.9980 -0.0075 -0.0627
vn -0.9856 0.1517 -0.0746
vn -0.9945 0.0784 -0.0695
vn -0.9945 0.0783 -0.0696
vn -0.9982 -0.0061 -0.0593
vn -0.9986 0.0007 -0.0532
vn -0.9986 0.0004 -0.0532
vn -0.9786 0.2006 -0.0459
vn -0.9786 0.2006 -0.0459
vn -0.9986 0.0387 -0.0364
vn -0.9855 0.1521 -0.0746
vn -0.9352 0.3499 -0.0542
vn -0.9352 0.3499 -0.0542
vn 0.3489 0.9367 0.0281
vn 0.3488 0.9368 0.0282
vn 0.1999 0.9796 0.0199
vn 0.2004 0.9797 0.0076
vn 0.2005 0.9797 0.0076
vn 0.3494 0.9368 0.0195
vn 0.3494 0.9368 0.0195
vn 0.4096 0.9117 0.0321
vn 0.4097 0.9117 0.0320
vn 0.9352 -0.3499 0.0542
vn 0.1997 0.9797 0.0198
vn 0.0387 0.9993 0.0004
vn -0.9986 0.0386 -0.0364
vn -0.9992 -0.0359 -0.0192
vn -0.9992 -0.0359 -0.0192
vn 0.4124 0.9110 -0.0102
vn 0.4121 0.9111 -0.0103
vn 0.3743 0.7639 -0.5258
vn 0.3744 0.7650 -0.5241
vn -0.9992 -0.0359 -0.0192
vn -0.8963 -0.4430 -0.0196
vn -0.9992 -0.0359 -0.0193
vn -0.9992 -0.0359 -0.0192
vn -0.9992 -0.0360 -0.0193
vn -0.9992 -0.0360 -0.0193
vn -0.9992 -0.0360 -0.0193
vn -0.9992 -0.0360 -0.0193
vn -0.9992 -0.0360 -0.0193
vn -0.9992 -0.0360 -0.0193
vn -0.9992 -0.0360 -0.0193
vn -0.9992 -0.0360 -0.0193
vn -0.9992 -0.0359 -0.0192
vn -0.8970 -0.4415 -0.0197
vn -0.9990 -0.0410 -0.0193
vn -0.9990 -0.0411 -0.0193
vn -0.8978 -0.4399 -0.0196
vn -0.2479 -0.9686 -0.0204
vn 0.9965 -0.0430 0.0712
vn 0.9974 -0.0582 0.0422
vn 0.9965 -0.0430 0.0713
vn 0.9926 -0.0173 0.1201
vn 0.9926 -0.0173 0.1201
vn 0.9920 -0.0145 0.1253
vn 0.0500 0.9709 -0.2340
vn 0.0500 0.9708 -0.2345
vn 0.2150 0.6906 -0.6906
vn -0.0497 0.9987 0.0116
vn 0.0983 0.9218 -0.3750
vn -0.0464 0.9987 0.0218
vn -0.0219 0.9987 -0.0470
vn -0.0492 0.9983 0.0312
vn -0.0617 0.9959 0.0665
vn -0.0588 0.9966 0.0582
vn -0.0752 0.9917 0.1047
vn -0.0748 0.9918 0.1037
vn -0.1051 0.9763 0.1891
vn -0.1117 0.9713 0.2100
vn -0.2121 0.8365 0.5053
vn -0.1971 0.8662 0.4592
vn -0.2881 0.6036 0.7435
vn -0.2745 0.6602 0.6991
vn -0.3360 0.0763 0.9388
vn -0.3359 0.1475 0.9303
vn -0.0133 0.9978 -0.0647
vn 0.0112 0.9904 -0.1377
vn 0.0122 0.9900 -0.1404
vn -0.0129 0.9978 -0.0658
vn -0.0360 0.9993 -0.0070
vn -0.0359 0.9993 -0.0072
vn -0.0340 0.9993 -0.0121
vn -0.0340 0.9993 -0.0121
vn -0.0331 0.9994 -0.0138
vn -0.0330 0.9994 -0.0138
vn 0.0030 0.9965 -0.0834
vn 0.0023 0.9966 -0.0820
vn 0.0612 0.9811 -0.1836
vn 0.0598 0.9816 -0.1811
vn 0.3160 0.7271 -0.6094
vn 0.3127 0.7338 -0.6031
vn -0.3787 -0.8720 -0.3101
vn 0.0016 -1.0000 -0.0013
vn 0.0016 -1.0000 -0.0013
vn -0.3689 -0.8790 -0.3021
vn 0.0016 -1.0000 -0.0013
vn 0.0016 -1.0000 -0.0013
vn 0.0017 -1.0000 -0.0013
vn 0.0016 -1.0000 -0.0013
vn 0.0016 -1.0000 -0.0013
vn 0.0017 -1.0000 -0.0013
vn 0.0016 -1.0000 -0.0013
vn 0.0010 -1.0000 0.0001
vn 0.0016 -1.0000 -0.0013
vn 0.0016 -1.0000 -0.0013
vn 0.0016 -1.0000 -0.0013
vn 0.0016 -1.0000 -0.0013
vn 0.0016 -1.0000 -0.0013
vn 0.0016 -1.0000 -0.0013
vn -0.3689 -0.8790 -0.3021
vn -0.2750 -0.8788 -0.3901
vn -0.1516 -0.8785 -0.4531
vn 0.0016 -1.0000 -0.0013
vn 0.0017 -1.0000 -0.0013
vn 0.0016 -1.0000 -0.0013
vn 0.3624 -0.0006 0.9320
vn 0.7169 0.0003 0.6972
vn 0.8088 0.0007 0.5881
vn 0.8087 0.0007 0.5882
vn 0.7169 0.0003 0.6972
vn 0.3624 -0.0006 0.9320
vn 0.9983 0.0017 0.0576
vn 0.9983 0.0017 0.0575
vn 0.8709 0.0022 -0.4914
vn 0.8710 0.0022 -0.4913
vn 0.4670 0.0017 -0.8843
vn 0.4671 0.0017 -0.8842
vn -0.0016 1.0000 0.0013
vn -0.0016 1.0000 0.0013
vn -0.0016 1.0000 0.0013
vn -0.0017 1.0000 0.0013
vn -0.0016 1.0000 0.0013
vn -0.0016 1.0000 0.0013
vn -0.0017 1.0000 0.0013
vn -0.0017 1.0000 0.0013
vn -0.0016 1.0000 0.0013
vn -0.0011 1.0000 0.0003
vn -0.0017 1.0000 0.0013
vn -0.0017 1.0000 0.0014
vn -0.0016 1.0000 0.0013
vn -0.0017 1.0000 0.0013
vn -0.0016 1.0000 0.0013
vn -0.0017 1.0000 0.0013
vn -0.0851 0.0011 -0.9964
vn -0.0852 0.0011 -0.9964
vn -0.6103 -0.0001 -0.7922
vn -0.6104 -0.0001 -0.7921
vn -0.7169 -0.0002 -0.6972
vn -0.9417 -0.0011 -0.3365
vn -0.9417 -0.0011 -0.3364
vn -0.7169 -0.0003 -0.6972
vn -0.9741 -0.0020 0.2260
vn -0.9741 -0.0020 0.2261
vn -0.0016 1.0000 0.0013
vn -0.6972 -0.0019 0.7168
vn -0.6973 -0.0019 0.7168
vn -0.1990 -0.0014 0.9800
vn -0.1990 -0.0017 0.9800
vn 0.3689 0.8790 0.3021
vn 0.3689 0.8790 0.3021
vn 0.6500 0.5449 0.5297
vn 0.6500 0.5450 0.5296
vn 0.3787 0.8720 0.3101
vn 0.7735 0.0788 0.6289
vn 0.4373 0.8722 0.2192
vn 0.4744 0.8724 0.1177
vn 0.4884 0.8726 0.0105
vn 0.4885 0.8725 0.0097
vn 0.4443 0.8958 0.0087
vn 0.2008 0.9092 -0.3647
vn 0.1456 0.9524 -0.2679
vn 0.5660 0.7666 -0.3033
vn 0.1284 0.9554 -0.2658
vn 0.1799 0.9020 -0.3924
vn -0.3415 0.9396 -0.0220
vn 0.1826 0.8977 -0.4011
vn -0.1138 0.8839 -0.4537
vn -0.4786 0.8775 -0.0312
vn -0.4724 0.8781 -0.0757
vn -0.4631 0.8782 -0.1198
vn -0.6470 0.7613 -0.0429
vn -0.4496 0.8783 -0.1628
vn -0.4474 0.7731 -0.4496
vn -0.5481 0.7946 -0.2611
vn -0.0438 0.7656 -0.6418
vn -0.3433 0.6853 -0.6423
vn -0.0735 0.7105 -0.6999
vn -0.3506 0.6314 -0.6917
vn -0.6125 0.5144 -0.6002
vn -0.6737 0.4838 -0.5587
vn -0.4606 0.6017 -0.6525
vn -0.4836 0.5845 -0.6516
vn -0.5030 0.5720 -0.6480
vn -0.5114 0.5669 -0.6458
vn -0.5145 0.5651 -0.6450
vn -0.5157 0.5645 -0.6445
vn -0.5162 0.5642 -0.6444
vn -0.5165 0.5638 -0.6444
vn -0.5178 0.5632 -0.6440
vn -0.4244 0.6170 -0.6627
vn 0.6672 0.7367 0.1098
vn 0.6028 0.7740 0.1938
vn 0.6663 0.7375 0.1101
vn 0.6019 0.7747 0.1938
vn 0.6657 0.7381 0.1101
vn 0.6016 0.7748 0.1943
vn 0.6674 0.7362 0.1124
vn 0.6031 0.7732 0.1960
vn 0.6688 0.7344 0.1154
vn 0.6049 0.7712 0.1982
vn 0.6721 0.7303 0.1226
vn 0.6091 0.7665 0.2035
vn 0.6807 0.7191 0.1398
vn 0.6202 0.7541 0.2161
vn 0.6101 0.7654 0.2048
vn 0.4836 -0.5845 0.6515
vn 0.4563 -0.6053 0.6522
vn 0.4486 -0.6123 0.6510
vn 0.6955 0.7014 0.1559
vn 0.6987 0.6977 0.1586
vn 0.6432 0.7309 0.2282
vn -0.4433 0.6177 -0.6496
vn -0.4563 0.6053 -0.6522
vn -0.4222 0.6471 -0.6348
vn 0.7107 0.6838 0.1653
vn 0.7485 0.6439 0.1585
vn 0.7088 0.6722 0.2137
vn 0.6518 0.7225 0.2304
vn 0.8263 0.5584 0.0742
vn 0.8831 0.4584 -0.1004
vn 0.8892 0.4367 -0.1364
vn 0.7476 0.6383 0.1832
vn 0.8653 0.3367 -0.3713
vn 0.4223 -0.6471 0.6348
vn 0.2033 0.7891 -0.5796
vn 0.8117 0.5838 0.0161
vn 0.4496 -0.8783 0.1628
vn 0.4774 -0.8781 0.0329
vn 0.8375 -0.5432 0.0591
vn 0.9945 -0.0768 0.0709
vn 0.9902 -0.0765 -0.1172
vn 0.3501 -0.9364 0.0228
vn -0.1254 -0.9578 0.2587
vn -0.1645 -0.9231 0.3475
vn -0.1765 -0.9072 0.3819
vn 0.1526 -0.9060 0.3949
vn -0.1415 -0.9550 0.2606
vn -0.1953 -0.9138 0.3560
vn 0.7833 0.6214 -0.0196
vn 0.7831 0.6213 -0.0253
vn 0.7832 0.6214 -0.0193
vn 0.7831 0.6214 -0.0251
vn 0.7830 0.6217 -0.0201
vn 0.7828 0.6217 -0.0256
vn 0.7827 0.6221 -0.0203
vn 0.7826 0.6220 -0.0260
vn 0.7820 0.6229 -0.0216
vn 0.7819 0.6228 -0.0274
vn 0.7806 0.6245 -0.0239
vn 0.7805 0.6245 -0.0301
vn -0.2975 0.9507 0.0874
vn -0.2981 0.9507 0.0854
vn -0.5321 0.8061 0.2588
vn -0.5267 0.7982 0.2923
vn -0.3592 0.9154 0.1818
vn -0.3930 0.9009 0.1843
vn -0.4138 0.8938 0.1726
vn -0.4160 0.8971 0.1488
vn -0.4003 0.9082 0.1219
vn -0.5189 0.7872 0.3333
vn -0.5065 0.7674 0.3932
vn -0.6976 0.6301 0.3410
vn -0.6395 0.6508 0.4093
vn -0.6393 0.6508 0.4096
vn -0.5922 0.6643 0.4562
vn -0.5921 0.6643 0.4563
vn -0.6944 0.5677 0.4422
vn -0.7197 0.4906 0.4912
vn -0.7362 0.4052 0.5420
vn -0.7289 0.4043 0.5524
vn -0.6909 0.3970 0.6041
vn -0.7448 0.0582 0.6648
vn -0.7447 0.0687 0.6638
vn -0.7373 0.3993 0.5449
vn -0.7565 0.2620 0.5992
vn -0.7638 0.0891 0.6393
vn -0.7634 0.0667 0.6425
vn -0.7233 -0.1477 0.6745
vn -0.7233 -0.1930 0.6630
vn -0.7230 -0.1935 0.6632
vn -0.7228 -0.1933 0.6634
vn -0.7233 -0.1927 0.6631
vn -0.7232 -0.1932 0.6631
vn -0.7233 -0.1930 0.6630
vn -0.7236 -0.1927 0.6628
vn -0.7241 -0.1920 0.6624
vn -0.7251 -0.1906 0.6617
vn -0.7273 -0.1878 0.6601
vn -0.7319 -0.1817 0.6568
vn -0.7367 -0.1751 0.6531
vn -0.7410 -0.1718 0.6492
vn -0.7423 -0.1810 0.6452
vn -0.7400 -0.1997 0.6422
vn -0.7611 0.0016 0.6487
vn -0.7556 -0.0747 0.6508
vn -0.7511 -0.1373 0.6458
vn -0.7207 -0.2082 0.6612
vn -0.7171 -0.1521 0.6802
vn -0.7134 -0.1667 0.6807
vn -0.7119 -0.1893 0.6763
vn -0.7527 -0.1484 0.6414
vn -0.6881 0.1331 -0.7133
vn -0.3532 -0.7081 -0.6114
vn 0.1403 -0.9817 -0.1287
vn 0.0389 -0.9696 -0.2417
vn -0.2297 -0.8331 -0.5031
vn -0.6495 0.5354 -0.5399
vn 0.4796 0.5575 0.6776
vn -0.4063 0.8824 -0.2374
vn 0.7401 0.1997 -0.6422
vn 0.7423 0.1810 -0.6452
vn 0.7410 0.1718 -0.6492
vn 0.7367 0.1751 -0.6532
vn 0.7318 0.1817 -0.6568
vn 0.7273 0.1878 -0.6601
vn 0.7252 0.1906 -0.6617
vn 0.7241 0.1920 -0.6624
vn 0.7236 0.1926 -0.6628
vn 0.7233 0.1930 -0.6630
vn 0.7232 0.1931 -0.6631
vn 0.7231 0.1932 -0.6631
vn 0.7237 0.1932 -0.6625
vn 0.7222 0.1944 -0.6638
vn 0.7234 0.1921 -0.6632
vn 0.7237 0.1932 -0.6625
vn 0.7229 0.1943 -0.6631
vn 0.7231 0.1933 -0.6632
vn 0.7231 0.1933 -0.6632
vn 0.7218 0.1934 -0.6645
vn 0.7237 0.1910 -0.6632
vn 0.7231 0.1933 -0.6632
vn 0.7231 0.1933 -0.6632
vn 0.7232 0.1931 -0.6631
vn 0.7232 0.1933 -0.6630
vn 0.7233 0.1478 -0.6745
vn 0.7448 -0.0592 -0.6647
vn -0.4352 0.8566 -0.2772
vn 0.4283 0.6270 0.6507
vn -0.4572 0.8578 -0.2348
vn -0.4372 0.8660 -0.2429
vn -0.4476 0.8631 -0.2340
vn -0.4505 0.8635 -0.2268
vn -0.4508 0.8610 -0.2355
vn -0.4522 0.8623 -0.2280
vn -0.4560 0.8575 -0.2382
vn -0.4197 0.8848 -0.2025
vn -0.4487 0.8601 -0.2426
vn -0.4403 0.8687 -0.2269
vn -0.4485 0.8615 -0.2379
vn -0.4417 0.8674 -0.2293
vn -0.4486 0.8613 -0.2387
vn -0.4411 0.8677 -0.2293
vn -0.4481 0.8615 -0.2387
vn -0.4405 0.8678 -0.2299
vn -0.4475 0.8617 -0.2394
vn -0.4391 0.8682 -0.2311
vn -0.4462 0.8619 -0.2408
vn -0.4363 0.8690 -0.2335
vn -0.4437 0.8624 -0.2436
vn -0.4302 0.8707 -0.2384
vn -0.4383 0.8635 -0.2495
vn -0.4236 0.8724 -0.2438
vn -0.4323 0.8647 -0.2558
vn -0.1868 0.9813 0.0465
vn -0.1838 0.9817 0.0500
vn 0.1394 0.9001 0.4128
vn 0.1571 0.8890 0.4302
vn 0.4329 0.5893 0.6821
vn 0.4445 0.5713 0.6899
vn 0.6333 0.1126 0.7657
vn 0.6296 0.1264 0.7665
vn 0.6848 -0.2686 0.6775
vn 0.6848 -0.2582 0.6814
vn 0.7119 0.1893 -0.6763
vn 0.7134 0.1666 -0.6807
vn 0.7170 0.1525 -0.6802
vn -0.4499 0.8625 -0.2319
vn -0.4472 0.8648 -0.2284
vn -0.4532 0.8603 -0.2333
vn -0.4499 0.8633 -0.2288
vn 0.7091 0.1933 -0.6781
vn -0.4483 0.8660 -0.2216
vn -0.4523 0.8625 -0.2268
vn -0.4612 0.8605 -0.2163
vn -0.4645 0.8576 -0.2208
vn 0.7187 0.2192 -0.6599
vn 0.7175 0.2021 -0.6666
vn 0.0112 0.9407 0.3390
vn 0.6731 0.1875 0.7154
vn 0.6941 -0.1597 0.7019
vn 0.7678 0.2476 -0.5909
vn 0.7558 0.2227 -0.6157
vn 0.7534 0.2156 -0.6212
vn 0.7196 0.2084 -0.6624
vn 0.7194 0.2166 -0.6600
vn 0.7176 0.2156 -0.6623
vn 0.7175 0.2165 -0.6621
vn 0.7162 0.2156 -0.6637
vn 0.7176 0.2156 -0.6623
vn 0.7177 0.2150 -0.6624
vn 0.7184 0.2156 -0.6614
vn 0.7177 0.2157 -0.6621
vn 0.7178 0.2159 -0.6620
vn 0.7180 0.2163 -0.6616
vn 0.7184 0.2171 -0.6609
vn 0.7193 0.2186 -0.6595
vn 0.7211 0.2219 -0.6564
vn 0.7241 0.2285 -0.6507
vn 0.7255 0.2369 -0.6461
vn 0.7249 0.2453 -0.6436
vn 0.7229 0.2519 -0.6434
vn 0.7202 0.2552 -0.6452
vn -0.3226 0.9463 -0.0227
vn 0.6078 0.2775 0.7440
vn -0.4925 0.8302 -0.2612
vn -0.4581 0.8621 -0.2165
vn -0.3190 0.9470 -0.0372
vn -0.4604 0.8596 -0.2216
vn -0.4620 0.8580 -0.2247
vn -0.4679 0.8560 -0.2197
vn -0.4604 0.8589 -0.2242
vn -0.4620 0.8575 -0.2262
vn -0.4663 0.8560 -0.2230
vn -0.7202 -0.2552 0.6452
vn -0.7229 -0.2519 0.6434
vn -0.7249 -0.2453 0.6436
vn -0.7255 -0.2369 0.6461
vn -0.7241 -0.2285 0.6507
vn -0.7211 -0.2218 0.6564
vn -0.7193 -0.2186 0.6594
vn -0.7184 -0.2171 0.6609
vn -0.7180 -0.2163 0.6616
vn -0.7178 -0.2160 0.6619
vn -0.7177 -0.2159 0.6621
vn -0.7346 -0.3309 0.5923
vn -0.7176 -0.2156 0.6623
vn -0.7176 -0.2155 0.6623
vn -0.7175 -0.2022 0.6666
vn -0.7534 -0.2156 0.6212
vn -0.7559 -0.2229 0.6156
vn -0.7680 -0.2479 0.5905
vn -0.8007 -0.2817 0.5288
vn -0.8310 -0.2966 0.4706
vn -0.4621 0.8590 -0.2206
vn -0.4648 0.8565 -0.2244
vn -0.4618 0.8591 -0.2207
vn -0.4645 0.8567 -0.2243
vn -0.4620 0.8590 -0.2205
vn -0.4646 0.8567 -0.2242
vn -0.4624 0.8588 -0.2206
vn -0.4650 0.8565 -0.2241
vn -0.4633 0.8583 -0.2208
vn -0.4658 0.8560 -0.2243
vn -0.4650 0.8573 -0.2211
vn -0.4674 0.8551 -0.2245
vn -0.6172 0.6358 -0.4635
vn -0.6177 0.6344 -0.4647
vn -0.6864 0.1814 -0.7043
vn -0.6865 0.1837 -0.7036
vn -0.5796 -0.2877 -0.7624
vn -0.5814 -0.2832 -0.7628
vn -0.3536 -0.6651 -0.6577
vn -0.3559 -0.6624 -0.6592
vn -0.0533 -0.9068 -0.4182
vn -0.0531 -0.9069 -0.4180
vn 0.7516 0.2019 -0.6280
vn 0.7503 0.1875 -0.6339
vn 0.7503 0.1836 -0.6351
vn 0.7504 0.1813 -0.6356
vn 0.7503 0.1809 -0.6358
vn 0.7504 0.1803 -0.6359
vn 0.7522 0.1713 -0.6362
vn 0.7972 0.1538 -0.5838
vn 0.7972 0.1538 -0.5838
vn 0.7325 0.2003 -0.6506
vn 0.7972 0.1538 -0.5838
vn 0.7972 0.1538 -0.5838
vn 0.7325 0.2003 -0.6506
vn 0.7520 0.1722 -0.6362
vn 0.7482 0.1814 -0.6382
vn 0.7503 0.1803 -0.6360
vn 0.7503 0.1795 -0.6362
vn 0.7503 0.1775 -0.6368
vn 0.7503 0.1761 -0.6372
vn 0.7505 0.1750 -0.6373
vn 0.7505 0.1745 -0.6374
vn 0.7506 0.1742 -0.6374
vn 0.7509 0.1767 -0.6364
vn 0.7554 0.1449 -0.6390
vn 0.8806 0.0220 -0.4734
vn 0.8561 0.0247 -0.5163
vn 0.8341 0.0256 -0.5511
vn 0.8197 0.0615 -0.5694
vn 0.7905 0.0645 -0.6090
vn 0.8533 0.1056 -0.5106
vn 0.8006 0.0624 -0.5959
vn 0.7557 0.0725 -0.6508
vn 0.7511 0.1372 -0.6458
vn 0.7448 -0.0629 -0.6643
vn 0.7635 -0.0714 -0.6418
vn 0.8032 0.0083 -0.5957
vn 0.8040 -0.0567 -0.5920
vn 0.7638 -0.0895 -0.6392
vn 0.8257 0.0558 -0.5614
vn 0.8282 0.0148 -0.5602
vn 0.8301 -0.0346 -0.5565
vn 0.8472 0.0201 -0.5308
vn 0.8506 -0.0158 -0.5256
vn 0.8445 0.0505 -0.5331
vn 0.8620 0.0459 -0.5048
vn 0.8650 0.0264 -0.5010
vn 0.8692 0.0037 -0.4944
vn 0.8542 -0.0905 -0.5120
vn 0.8748 -0.0410 -0.4827
vn 0.8297 -0.1395 -0.5405
vn 0.8850 0.0356 -0.4643
vn 0.8887 0.0284 -0.4577
vn 0.8927 0.0130 -0.4505
vn 0.8822 0.0416 -0.4690
vn 0.8272 -0.2261 -0.5143
vn 0.7984 -0.1940 -0.5700
vn 0.7901 -0.3045 -0.5319
vn 0.7858 -0.3733 -0.4930
vn 0.7199 -0.4898 -0.4917
vn 0.7362 -0.4054 -0.5419
vn 0.7376 -0.3978 -0.5457
vn 0.7122 -0.5438 -0.4440
vn 0.7121 -0.5420 -0.4462
vn 0.6999 -0.6293 -0.3379
vn 0.6988 -0.6297 -0.3394
vn 0.6405 -0.6504 -0.4084
vn 0.6401 -0.6505 -0.4087
vn 0.5191 -0.7875 -0.3323
vn 0.7294 -0.4044 -0.5518
vn 0.5925 -0.6642 -0.4558
vn 0.5925 -0.6642 -0.4558
vn 0.5066 -0.7675 -0.3927
vn 0.5541 -0.6705 -0.4934
vn 0.6909 -0.3970 -0.6042
vn 0.6947 -0.3852 -0.6075
vn 0.7566 -0.2605 -0.5997
vn -0.6650 -0.1844 -0.7237
vn -0.6597 -0.1866 -0.7280
vn -0.6543 -0.1885 -0.7324
vn -0.7729 -0.2631 -0.5775
vn -0.7706 -0.2616 -0.5811
vn -0.6522 -0.1871 -0.7346
vn -0.6570 -0.1856 -0.7307
vn -0.6627 -0.1834 -0.7261
vn -0.9091 -0.4062 -0.0930
vn -0.9089 -0.4054 -0.0973
vn -0.6999 0.6848 0.2029
vn -0.7260 0.6547 0.2107
vn -0.7415 0.6354 0.2152
vn -0.7525 0.6213 0.2183
vn -0.7599 0.6115 0.2205
vn -0.7734 0.5934 0.2230
vn -0.7780 0.5867 0.2246
vn -0.7695 0.5994 0.2206
vn -0.6985 0.6297 0.3398
vn -0.7703 -0.4448 0.4570
vn -0.7698 -0.4448 0.4578
vn -0.3993 -0.3477 0.8483
vn -0.3932 -0.3458 0.8519
vn -0.7091 -0.1933 0.6781
vn -0.7209 -0.1461 0.6775
vn -0.7204 -0.1493 0.6772
vn -0.7194 -0.1552 0.6770
vn -0.7189 -0.1592 0.6766
vn -0.7186 -0.1640 0.6758
vn -0.7184 -0.1686 0.6749
vn -0.7180 -0.1761 0.6734
vn -0.7176 -0.1867 0.6709
vn -0.7379 -0.2073 0.6423
vn -0.7390 -0.2149 0.6385
vn -0.9120 0.0232 0.4095
vn -0.9114 0.0377 0.4098
vn -0.9123 0.0151 0.4092
vn -0.7504 -0.1882 0.6336
vn -0.7374 -0.1932 0.6472
vn -0.9124 0.0106 0.4092
vn -0.7373 -0.1918 0.6477
vn -0.7373 -0.1911 0.6480
vn -0.7371 -0.1910 0.6482
vn -0.7371 -0.1905 0.6484
vn -0.7360 -0.1915 0.6493
vn -0.7959 -0.1318 0.5910
vn -0.8497 -0.0817 0.5209
vn -0.7305 -0.1828 0.6580
vn -0.7959 -0.1318 0.5910
vn -0.7297 -0.1972 0.6547
vn -0.7391 -0.1660 0.6528
vn -0.7370 -0.1885 0.6491
vn -0.7386 -0.1847 0.6484
vn -0.7384 -0.1840 0.6488
vn -0.7379 -0.1845 0.6492
vn -0.7369 -0.1870 0.6496
vn -0.7388 -0.1841 0.6482
vn -0.7376 -0.1850 0.6494
vn -0.7375 -0.1856 0.6494
vn -0.7338 -0.1805 0.6549
vn -0.7433 -0.1775 0.6449
vn -0.7364 -0.1866 0.6503
vn -0.7369 -0.1807 0.6514
vn -0.7363 -0.1792 0.6525
vn -0.7358 -0.1799 0.6529
vn -0.7357 -0.1808 0.6527
vn -0.7510 -0.1616 0.6402
vn -0.7474 -0.1676 0.6429
vn -0.7338 -0.1848 0.6537
vn -0.7352 -0.1801 0.6535
vn -0.7354 -0.1804 0.6531
vn -0.7706 -0.1426 0.6212
vn -0.7886 -0.1165 0.6037
vn -0.7902 -0.1189 0.6012
vn -0.7900 -0.1178 0.6017
vn -0.8120 -0.0891 0.5769
vn -0.8141 -0.0991 0.5722
vn -0.8474 -0.0656 0.5269
vn -0.8516 -0.0833 0.5176
vn -0.8456 -0.0612 0.5303
vn -0.8425 -0.0540 0.5360
vn -0.8085 -0.0831 0.5825
vn -0.8420 -0.0630 0.5358
vn -0.8070 -0.0875 0.5840
vn -0.9120 0.0055 0.4101
vn -0.9118 0.0074 0.4106
vn -0.9122 0.0067 0.4098
vn -0.9113 0.0040 0.4118
vn -0.9112 -0.0355 0.4105
vn -0.9108 -0.0514 0.4096
vn -0.9099 -0.0620 0.4102
vn -0.9072 -0.0717 0.4146
vn -0.9038 -0.0748 0.4213
vn -0.9001 -0.0765 0.4289
vn -0.8962 -0.0774 0.4368
vn -0.8931 -0.0777 0.4432
vn -0.9010 0.0757 0.4271
vn -0.9087 0.0581 0.4134
vn -0.9124 0.0082 0.4093
vn -0.9122 0.0067 0.4098
vn -0.9122 0.0051 0.4096
vn -0.9118 0.0064 0.4106
vn -0.9117 0.0050 0.4109
vn -0.8429 -0.0649 0.5341
vn -0.8432 -0.0343 0.5365
vn -0.8402 -0.0204 0.5419
vn -0.8434 -0.0604 0.5338
vn -0.8479 -0.0371 0.5289
vn -0.8418 -0.0306 0.5390
vn -0.8378 -0.0396 0.5445
vn -0.8368 -0.0349 0.5464
vn -0.8324 -0.0242 0.5536
vn -0.8329 -0.0264 0.5528
vn -0.8342 -0.0266 0.5507
vn -0.8500 -0.0237 0.5263
vn -0.8666 -0.0233 0.4985
vn -0.8857 -0.0196 0.4639
vn 0.8394 0.5141 -0.1765
vn 0.8765 0.2812 -0.3907
vn -0.8368 -0.0745 0.5424
vn -0.8339 -0.0768 0.5465
vn -0.8337 -0.0769 0.5468
vn -0.8318 -0.0550 0.5524
vn -0.8452 -0.0512 0.5320
vn 0.2819 0.8350 0.4726
vn 0.8293 0.5383 -0.1497
vn -0.8295 -0.0802 0.5527
vn -0.8194 -0.0883 0.5664
vn -0.8177 -0.0593 0.5726
vn 0.2423 0.8772 0.4144
vn 0.1840 0.8531 0.4881
vn -0.7875 -0.0062 0.6163
vn -0.1401 0.7622 0.6320
vn -0.8140 -0.0926 0.5734
vn -0.8136 -0.0929 0.5739
vn -0.8116 -0.0945 0.5765
vn -0.8096 -0.0961 0.5791
vn -0.8074 -0.0978 0.5819
vn -0.8052 -0.0995 0.5846
vn -0.8002 -0.1034 0.5907
vn -0.7992 -0.1042 0.5919
vn -0.7980 -0.0647 0.5991
vn 0.2520 0.8792 0.4043
vn 0.7698 0.6021 -0.2119
vn -0.7878 -0.1052 0.6069
vn -0.7877 -0.1115 0.6059
vn 0.8152 0.4435 -0.3725
vn -0.7870 -0.1019 0.6084
vn 0.8198 0.4029 -0.4070
vn -0.7884 -0.1039 0.6063
vn 0.7695 0.5696 -0.2888
vn -0.7880 -0.1023 0.6072
vn -0.7696 -0.1350 0.6241
vn -0.7693 -0.1279 0.6260
vn -0.7550 0.0823 0.6506
vn -0.7860 -0.0908 0.6115
vn -0.7693 -0.1094 0.6294
vn -0.7847 -0.0793 0.6148
vn -0.7549 -0.1511 0.6382
vn -0.7546 -0.1506 0.6386
vn -0.7550 -0.1393 0.6407
vn -0.7347 -0.1783 0.6546
vn -0.7337 -0.1780 0.6557
vn -0.7518 -0.1544 0.6411
vn -0.7545 -0.1474 0.6395
vn -0.7343 -0.1745 0.6560
vn -0.7328 -0.1699 0.6589
vn -0.7566 -0.1115 0.6443
vn -0.7566 -0.1212 0.6425
vn -0.7541 -0.1609 0.6368
vn -0.7697 -0.1396 0.6230
vn -0.7706 -0.1380 0.6222
vn -0.7698 -0.1399 0.6228
vn -0.7888 -0.1028 0.6060
vn -0.7891 -0.1048 0.6052
vn -0.7869 -0.1193 0.6054
vn -0.8061 -0.0885 0.5852
vn -0.8067 -0.0520 0.5887
vn -0.7913 -0.0185 0.6112
vn -0.8032 -0.0176 0.5954
vn -0.8081 -0.0400 0.5877
vn -0.7694 0.0272 0.6382
vn -0.8202 -0.0138 0.5719
vn -0.8005 -0.0089 0.5993
vn -0.8009 0.0587 0.5959
vn -0.8217 0.0413 0.5684
vn -0.8372 0.0282 0.5462
vn -0.8345 -0.0172 0.5508
vn -0.8194 0.1590 0.5507
vn -0.7941 0.2023 0.5732
vn -0.8387 0.1233 0.5305
vn -0.8512 0.0151 0.5247
vn -0.8479 -0.0210 0.5298
vn -0.8550 0.0896 0.5109
vn -0.8555 0.1534 0.4945
vn -0.8375 0.2023 0.5076
vn -0.8152 0.2542 0.5204
vn -0.8555 0.1983 0.4783
vn -0.8365 0.2558 0.4846
vn -0.8140 0.3129 0.4893
vn -0.7847 0.3159 0.5333
vn -0.7817 0.3823 0.4927
vn -0.7755 0.2322 0.5871
vn -0.7617 0.3578 0.5401
vn -0.7527 0.4362 0.4932
vn -0.6672 0.6071 0.4315
vn -0.7866 0.4122 0.4597
vn -0.8167 0.3442 0.4632
vn -0.7460 0.5624 0.3568
vn -0.7191 0.5667 0.4023
vn -0.7120 0.5442 0.4437
vn -0.6163 0.7000 0.3607
vn -0.7929 0.4327 0.4292
vn -0.8026 0.4108 0.4325
vn -0.6541 0.6569 0.3750
vn -0.7116 0.6171 0.3360
vn -0.7168 0.6123 0.3336
vn -0.7910 0.4793 0.3802
vn -0.8192 0.4116 0.3993
vn -0.8217 0.3635 0.4389
vn -0.8301 0.3406 0.4415
vn -0.8436 0.3382 0.4171
vn -0.8420 0.3049 0.4450
vn -0.8375 0.2878 0.4645
vn -0.8516 0.2728 0.4477
vn -0.8613 0.2695 0.4306
vn -0.8607 0.2384 0.4499
vn -0.8565 0.2255 0.4643
vn -0.8700 0.1978 0.4517
vn -0.8755 0.1943 0.4423
vn -0.8748 0.1736 0.4523
vn -0.8714 0.1646 0.4621
vn -0.8819 0.1306 0.4529
vn -0.8841 0.1252 0.4501
vn -0.8844 0.1125 0.4529
vn -0.8824 0.1058 0.4584
vn -0.8905 0.0541 0.4517
vn -0.8887 0.0462 0.4561
vn -0.8917 0.0378 0.4511
vn -0.8912 0.0352 0.4523
vn -0.8843 -0.0804 0.4600
vn -0.8976 -0.0309 0.4397
vn -0.8932 0.0142 0.4494
vn -0.8833 0.0823 0.4616
vn -0.9001 -0.0418 0.4337
vn -0.8953 -0.0081 0.4453
vn -0.8842 0.0511 0.4642
vn -0.9020 -0.0488 0.4289
vn -0.8960 -0.0247 0.4433
vn -0.8834 0.0173 0.4684
vn -0.9014 -0.0475 0.4304
vn -0.8925 -0.0340 0.4498
vn -0.8778 -0.0142 0.4789
vn -0.8889 -0.0378 0.4566
vn -0.8735 -0.0301 0.4860
vn -0.8607 -0.0252 0.5085
vn -0.8646 0.0012 0.5025
vn -0.8697 0.0550 0.4906
vn -0.8704 -0.0444 0.4903
vn -0.8578 -0.0476 0.5117
vn -0.8861 -0.0408 0.4617
vn -0.8710 0.1036 0.4802
vn -0.8710 0.1409 0.4706
vn -0.8702 -0.0821 0.4858
vn -0.8516 -0.0803 0.5180
vn -0.8328 -0.0682 0.5493
vn -0.8236 -0.0375 0.5659
vn -0.8290 0.0055 0.5593
vn -0.8351 0.0214 0.5497
vn -0.5980 0.4992 0.6270
vn -0.8836 0.0254 0.4676
vn -0.8758 0.0041 0.4827
vn -0.8863 0.1034 0.4513
vn -0.8891 0.0687 0.4525
vn -0.8845 0.1724 0.4335
vn -0.8975 0.1254 0.4228
vn -0.8782 0.2424 0.4123
vn -0.9025 0.1817 0.3905
vn -0.8679 0.3089 0.3890
vn -0.9040 0.2358 0.3565
vn -0.8508 0.3832 0.3595
vn -0.8311 0.4462 0.3318
vn -0.8037 0.5142 0.2994
vn -0.7487 0.5608 0.3535
vn -0.9383 0.1138 0.3266
vn -0.9260 0.0845 0.3680
vn -0.9349 -0.0153 0.3546
vn -0.9504 -0.0119 0.3109
vn -0.9427 -0.1038 0.3170
vn -0.9297 -0.0865 0.3581
vn -0.9213 -0.0765 0.3812
vn -0.9256 -0.2622 0.2729
vn -0.9177 -0.1762 0.3560
vn -0.9167 -0.1706 0.3614
vn -0.9136 -0.0680 0.4008
vn -0.9164 -0.0192 0.3997
vn -0.8959 -0.0920 0.4347
vn -0.8764 -0.0462 0.4793
vn -0.8681 -0.0305 0.4955
vn -0.8560 -0.0104 0.5168
vn -0.8482 0.0033 0.5297
vn -0.8442 0.0063 0.5360
vn -0.8378 0.0140 0.5459
vn -0.8300 0.0321 0.5569
vn -0.8254 0.0387 0.5632
vn -0.8252 0.0355 0.5638
vn -0.8201 0.0367 0.5711
vn -0.8145 0.0422 0.5786
vn -0.8045 0.0619 0.5908
vn -0.8034 0.0562 0.5928
vn -0.8750 -0.0307 0.4831
vn -0.8969 -0.0509 0.4392
vn -0.9104 -0.2110 0.3559
vn -0.9008 -0.1286 0.4148
vn -0.8914 -0.0734 0.4473
vn -0.8861 -0.0486 0.4610
vn -0.8755 -0.0019 0.4833
vn -0.8655 0.0372 0.4996
vn -0.8445 0.0990 0.5263
vn -0.8572 0.0611 0.5113
vn -0.9095 -0.2220 0.3516
vn -0.9123 -0.2855 0.2935
vn -0.9106 -0.3982 0.1108
vn -0.9139 -0.4027 -0.0514
vn -0.8844 -0.4014 -0.2381
vn -0.8044 0.1672 0.5701
vn -0.8054 0.1961 0.5593
vn -0.8204 0.1604 0.5488
vn -0.7564 0.2826 0.5899
vn -0.7057 0.3603 0.6101
vn -0.6209 0.4724 0.6255
vn -0.8725 -0.0280 0.4877
vn -0.8974 -0.0231 0.4407
vn -0.8716 -0.0134 0.4901
vn -0.8939 0.0227 0.4478
vn -0.9108 0.0534 0.4093
vn -0.2563 0.9552 0.1481
vn -0.2447 0.9549 0.1684
vn 0.6036 -0.3977 -0.6911
vn 0.6057 -0.3973 -0.6895
vn 0.1655 -0.4286 -0.8882
vn 0.1649 -0.4286 -0.8883
vn -0.3004 -0.3689 -0.8796
vn -0.3037 -0.3682 -0.8787
vn 0.7107 0.2581 0.6545
vn 0.9311 0.1880 0.3125
vn 0.9568 0.1669 0.2380
vn 0.9581 0.1656 0.2339
vn 0.9337 0.1897 0.3037
vn 0.7133 0.2577 0.6518
vn 0.7024 0.2485 0.6670
vn 0.7060 0.2523 0.6617
vn 0.7080 0.2522 0.6597
vn 0.7038 0.2485 0.6655
vn 0.9697 -0.0022 -0.2444
vn 0.9697 -0.0022 -0.2442
vn 0.7494 -0.1918 -0.6338
vn 0.7516 -0.1905 -0.6315
vn 0.3251 -0.3655 -0.8722
vn 0.3281 -0.3646 -0.8714
vn -0.2609 -0.4580 -0.8498
vn -0.2606 -0.4580 -0.8499
vn -0.1435 0.9674 -0.2085
vn -0.6880 -0.1719 -0.7051
vn -0.6862 -0.1716 -0.7069
vn -0.6937 -0.1661 -0.7009
vn -0.6954 -0.1661 -0.6992
vn 0.3899 -0.8990 0.1996
vn 0.4345 -0.8876 0.1529
vn 0.4314 -0.8941 0.1205
vn 0.9054 0.4242 -0.0166
vn 0.9113 0.3999 -0.0980
vn 0.9059 0.4234 -0.0039
vn 0.9221 0.3869 -0.0111
vn 0.9096 0.4134 -0.0414
vn 0.9099 0.4135 0.0346
vn 0.9214 0.3883 0.0166
vn 0.9072 0.3750 -0.1906
vn 0.9090 0.4107 -0.0706
vn 0.9087 0.4102 -0.0773
vn 0.9046 0.3830 -0.1870
vn 0.9041 0.3759 -0.2032
vn 0.9041 0.3755 -0.2041
vn 0.9040 0.3753 -0.2046
vn 0.9040 0.3751 -0.2049
vn 0.9040 0.3753 -0.2049
vn 0.9041 0.3750 -0.2050
vn 0.9040 0.3749 -0.2055
vn 0.9039 0.3743 -0.2068
vn 0.9038 0.3730 -0.2099
vn 0.9033 0.3692 -0.2184
vn 0.9133 0.2624 -0.3116
vn 0.9243 0.0728 -0.3746
vn 0.9090 0.1693 -0.3809
vn 0.8998 0.3532 -0.2563
vn 0.8916 0.3358 -0.3039
vn 0.8891 0.3324 -0.3147
vn 0.8890 0.3324 -0.3149
vn 0.8948 0.3247 -0.3063
vn 0.8948 0.3247 -0.3063
vn 0.8698 0.4275 -0.2461
vn 0.8698 0.4275 -0.2461
vn 0.8948 0.3247 -0.3063
vn 0.8948 0.3247 -0.3063
vn 0.8948 0.3247 -0.3063
vn 0.8948 0.3247 -0.3063
vn 0.8887 0.3325 -0.3157
vn 0.8890 0.3324 -0.3149
vn 0.8890 0.3324 -0.3151
vn 0.8889 0.3323 -0.3153
vn 0.8887 0.3321 -0.3161
vn 0.8881 0.3314 -0.3184
vn 0.9072 0.3750 -0.1907
vn 0.9066 0.2171 -0.3619
vn 0.9041 0.0537 -0.4240
f 1534//1 1583//2 2//3
f 1534//1 2//3 1//4
f 1534//1 1//4 4//5
f 1534//1 4//5 5//6
f 2//3 87//7 15//8
f 2//3 15//8 14//9
f 2//3 14//9 3//10
f 2//3 3//10 1//4
f 10//11 8//12 6//13
f 10//11 6//13 4//14
f 10//11 4//14 1//15
f 10//11 1//15 3//16
f 6//13 7//17 1578//18
f 6//13 1578//18 1579//19
f 6//13 1579//19 5//20
f 6//13 5//20 4//14
f 7//21 6//22 8//23
f 7//21 8//23 9//24
f 7//21 9//24 214//25
f 7//21 214//25 1576//26
f 8//23 10//27 11//28
f 8//23 11//28 13//29
f 8//23 13//29 209//30
f 8//23 209//30 9//24
f 3//16 14//31 11//32
f 3//16 11//32 10//11
f 12//33 11//34 14//35
f 12//33 14//35 16//36
f 2647//37 13//29 11//28
f 2647//37 11//28 12//38
f 16//39 14//9 15//8
f 16//39 15//8 17//40
f 17//40 19//41 18//42
f 17//40 18//42 16//39
f 21//43 12//33 16//36
f 21//43 16//36 18//44
f 19//41 2676//45 2681//46
f 19//41 2681//46 2736//47
f 19//41 2736//47 20//48
f 19//41 20//48 18//42
f 18//44 20//49 23//50
f 18//44 23//50 21//43
f 12//38 21//51 22//52
f 12//38 22//52 208//53
f 12//38 208//53 2647//37
f 21//51 23//54 24//55
f 21//51 24//55 2481//56
f 21//51 2481//56 2477//57
f 21//51 2477//57 2480//58
f 21//51 2480//58 204//59
f 21//51 204//59 22//52
f 25//60 23//61 20//62
f 25//60 20//62 2700//63
f 25//60 2700//63 26//64
f 28//65 2492//66 2491//67
f 28//65 2491//67 2490//68
f 28//65 2490//68 2489//69
f 28//65 2489//69 2488//70
f 28//65 2488//70 2487//71
f 28//65 2487//71 2486//72
f 28//65 2486//72 2485//73
f 28//65 2485//73 2484//74
f 28//65 2484//74 2471//75
f 28//65 2471//75 2470//76
f 28//65 2470//76 2472//77
f 28//65 2472//77 2473//78
f 28//65 2473//78 2479//79
f 28//65 2479//79 2478//80
f 28//65 2478//80 24//55
f 28//65 24//55 23//54
f 28//65 23//54 25//81
f 28//65 25//81 27//82
f 26//64 31//83 29//84
f 26//64 29//84 27//85
f 26//64 27//85 25//60
f 27//82 29//86 30//87
f 27//82 30//87 2468//88
f 27//82 2468//88 2467//89
f 27//82 2467//89 2466//90
f 27//82 2466//90 2465//91
f 27//82 2465//91 2464//92
f 27//82 2464//92 2463//92
f 27//82 2463//92 2462//93
f 27//82 2462//93 2460//94
f 27//82 2460//94 2459//92
f 27//82 2459//92 2457//95
f 27//82 2457//95 2456//96
f 27//82 2456//96 2455//97
f 27//82 2455//97 2454//98
f 27//82 2454//98 2453//99
f 27//82 2453//99 2452//100
f 27//82 2452//100 2451//101
f 27//82 2451//101 2450//102
f 27//82 2450//102 2449//103
f 27//82 2449//103 28//65
f 30//87 29//86 32//104
f 30//87 32//104 34//105
f 30//87 34//105 2512//106
f 30//87 2512//106 2493//107
f 30//87 2493//107 2442//108
f 30//87 2442//108 2441//109
f 30//87 2441//109 2443//110
f 30//87 2443//110 2444//111
f 30//87 2444//111 2445//112
f 29//113 31//114 35//115
f 29//113 35//115 32//116
f 2602//117 34//105 32//104
f 2602//117 32//104 33//118
f 2602//117 33//118 2603//119
f 2602//117 2603//119 2601//120
f 33//121 32//116 35//115
f 33//121 35//115 36//122
f 36//123 35//124 37//125
f 36//123 37//125 38//126
f 36//123 38//126 2197//127
f 2724//128 39//129 37//125
f 2724//128 37//125 35//124
f 2724//128 35//124 31//130
f 2724//128 31//130 2723//131
f 37//125 40//132 43//133
f 37//125 43//133 45//134
f 37//125 45//134 46//135
f 37//125 46//135 2133//136
f 37//125 2133//136 2134//137
f 37//125 2134//137 2135//138
f 37//125 2135//138 2136//139
f 37//125 2136//139 2144//140
f 37//125 2144//140 2086//141
f 37//125 2086//141 2194//142
f 37//125 2194//142 2195//143
f 37//125 2195//143 38//126
f 37//125 39//129 2725//144
f 37//125 2725//144 2726//145
f 37//125 2726//145 2727//146
f 37//125 2727//146 2729//147
f 37//125 2729//147 2730//148
f 37//125 2730//148 2732//149
f 37//125 2732//149 2733//150
f 37//125 2733//150 42//151
f 37//125 42//151 40//132
f 62//152 2737//153 41//154
f 62//152 41//154 40//132
f 62//152 40//132 42//151
f 44//155 43//133 40//132
f 44//155 40//132 41//154
f 44//155 47//156 45//134
f 44//155 45//134 43//133
f 47//156 48//157 46//135
f 47//156 46//135 45//134
f 52//158 49//159 47//156
f 52//158 47//156 44//155
f 49//159 50//160 48//157
f 49//159 48//157 47//156
f 51//161 2145//162 50//160
f 51//161 50//160 49//159
f 54//163 51//161 49//159
f 54//163 49//159 52//158
f 52//158 44//155 41//154
f 52//158 41//154 2737//153
f 52//158 2737//153 53//164
f 54//163 52//158 53//164
f 54//163 53//164 56//165
f 55//166 54//163 56//165
f 55//166 56//165 57//167
f 55//166 2150//168 51//161
f 55//166 51//161 54//163
f 62//152 60//169 58//170
f 62//152 58//170 57//167
f 62//152 57//167 56//165
f 62//152 56//165 53//164
f 62//152 53//164 2737//153
f 2153//171 55//166 57//167
f 2153//171 57//167 58//170
f 2153//171 58//170 59//172
f 60//169 61//173 2157//174
f 60//169 2157//174 2156//175
f 60//169 2156//175 59//172
f 60//169 59//172 58//170
f 60//169 63//176 65//177
f 60//169 65//177 61//173
f 63//176 60//169 62//152
f 63//176 62//152 64//178
f 66//179 63//176 64//178
f 66//179 64//178 67//180
f 63//176 66//179 68//181
f 63//176 68//181 2674//182
f 63//176 2674//182 2675//183
f 63//176 2675//183 65//177
f 69//184 66//179 67//180
f 69//184 67//180 70//185
f 66//179 69//184 72//186
f 66//179 72//186 68//181
f 71//187 69//184 70//185
f 71//187 70//185 2731//188
f 69//184 71//187 75//189
f 69//184 75//189 73//190
f 69//184 73//190 72//186
f 74//191 2673//192 102//193
f 74//191 102//193 2674//182
f 74//191 2674//182 68//181
f 74//191 68//181 72//186
f 74//191 72//186 73//190
f 73//190 75//189 76//194
f 73//190 76//194 78//195
f 73//190 78//195 74//191
f 71//187 2735//196 77//197
f 71//187 77//197 76//194
f 71//187 76//194 75//189
f 79//198 78//195 76//194
f 79//198 76//194 77//197
f 82//199 2673//192 74//191
f 82//199 74//191 78//195
f 82//199 78//195 79//198
f 82//199 79//198 81//200
f 80//201 79//198 77//197
f 80//201 77//197 2687//202
f 80//201 2687//202 2686//203
f 80//201 2686//203 2678//204
f 80//201 2678//204 2677//205
f 83//206 81//200 79//198
f 83//206 79//198 80//201
f 83//206 80//201 2676//45
f 83//206 2676//45 19//41
f 85//207 82//199 81//200
f 85//207 81//200 83//206
f 85//207 83//206 84//208
f 19//41 17//40 86//209
f 19//41 86//209 84//208
f 19//41 84//208 83//206
f 85//207 84//208 86//209
f 85//207 86//209 87//7
f 85//207 87//7 88//210
f 17//40 15//8 87//7
f 17//40 87//7 86//209
f 90//211 89//212 88//210
f 90//211 88//210 87//7
f 90//211 87//7 2//3
f 90//211 2//3 1583//2
f 85//207 88//210 89//212
f 85//207 89//212 91//213
f 85//207 91//213 94//214
f 85//207 94//214 96//215
f 90//211 2660//216 92//217
f 90//211 92//217 91//213
f 90//211 91//213 89//212
f 137//218 135//219 136//220
f 137//218 136//220 2661//221
f 137//218 2661//221 2662//222
f 137//218 2662//222 2663//223
f 137//218 2663//223 2664//224
f 137//218 2664//224 2665//225
f 137//218 2665//225 2666//226
f 137//218 2666//226 2667//227
f 137//218 2667//227 2668//228
f 137//218 2668//228 2669//229
f 137//218 2669//229 93//230
f 137//218 93//230 91//213
f 137//218 91//213 92//217
f 94//214 91//213 93//230
f 94//214 93//230 2671//231
f 94//214 2671//231 95//232
f 95//232 2672//233 98//234
f 95//232 98//234 97//235
f 95//232 97//235 96//215
f 95//232 96//215 94//214
f 82//199 85//207 96//215
f 82//199 96//215 97//235
f 82//199 97//235 99//236
f 98//234 103//237 100//238
f 98//234 100//238 99//236
f 98//234 99//236 97//235
f 82//199 99//236 100//238
f 82//199 100//238 102//193
f 82//199 102//193 2673//192
f 2159//239 101//240 100//238
f 2159//239 100//238 103//237
f 2159//239 103//237 104//241
f 2675//183 2674//182 102//193
f 2675//183 102//193 100//238
f 2675//183 100//238 101//240
f 114//242 113//243 111//244
f 114//242 111//244 109//245
f 114//242 109//245 107//246
f 114//242 107//246 105//247
f 114//242 105//247 103//237
f 114//242 103//237 98//234
f 114//242 98//234 2672//233
f 106//248 2182//249 2181//250
f 106//248 2181//250 104//241
f 106//248 104//241 103//237
f 106//248 103//237 105//247
f 2657//251 2653//252 2651//253
f 2657//251 2651//253 106//248
f 2657//251 106//248 105//247
f 2657//251 105//247 107//246
f 2657//251 107//246 108//254
f 2657//251 108//254 2658//255
f 109//245 110//256 2659//257
f 109//245 2659//257 108//254
f 109//245 108//254 107//246
f 112//258 172//259 171//260
f 112//258 171//260 110//261
f 112//258 110//261 109//262
f 112//258 109//262 111//263
f 115//264 112//258 111//263
f 115//264 111//263 113//265
f 118//266 116//267 115//264
f 118//266 115//264 113//265
f 118//266 113//265 114//268
f 118//266 114//268 119//269
f 117//270 179//271 176//272
f 117//270 176//272 174//273
f 117//270 174//273 173//274
f 117//270 173//274 172//275
f 117//270 172//275 112//276
f 117//270 112//276 115//277
f 117//270 115//277 116//278
f 125//279 2646//280 117//270
f 125//279 117//270 116//278
f 125//279 116//278 118//281
f 125//279 118//281 120//282
f 125//279 120//282 122//283
f 125//279 122//283 124//284
f 120//285 118//266 119//269
f 120//285 119//269 121//286
f 122//287 120//285 121//286
f 122//287 121//286 123//288
f 126//289 124//290 122//287
f 126//289 122//287 123//288
f 126//289 123//288 2670//291
f 126//289 2670//291 127//292
f 124//284 126//293 128//294
f 124//284 128//294 129//295
f 124//284 129//295 125//279
f 127//292 131//296 128//297
f 127//292 128//297 126//289
f 220//298 2633//299 2634//300
f 220//298 2634//300 2635//301
f 220//298 2635//301 2636//302
f 220//298 2636//302 2637//303
f 220//298 2637//303 2638//304
f 220//298 2638//304 2639//305
f 220//298 2639//305 2640//306
f 220//298 2640//306 2641//307
f 220//298 2641//307 2642//308
f 220//298 2642//308 129//295
f 220//298 129//295 128//294
f 220//298 128//294 130//309
f 220//298 130//309 2629//310
f 130//311 128//297 131//296
f 130//311 131//296 132//312
f 133//313 132//314 131//315
f 133//313 131//315 93//230
f 133//313 93//230 2669//229
f 133//313 2669//229 2668//228
f 133//313 2668//228 2667//227
f 133//313 2667//227 2666//226
f 133//313 2666//226 2665//225
f 133//313 2665//225 2664//224
f 133//313 2664//224 2663//223
f 133//313 2663//223 2662//222
f 133//313 2662//222 2661//221
f 133//313 2661//221 136//220
f 133//313 136//220 135//219
f 2671//231 93//230 131//315
f 2671//231 131//315 127//316
f 2671//231 127//316 2670//317
f 2628//318 2629//319 130//311
f 2628//318 130//311 132//312
f 2628//318 132//312 133//320
f 2628//318 133//320 134//321
f 135//219 137//218 138//322
f 135//219 138//322 139//323
f 135//219 139//323 2618//324
f 135//219 2618//324 2619//325
f 135//219 2619//325 2620//326
f 135//219 2620//326 2621//327
f 135//219 2621//327 2626//328
f 135//219 2626//328 2627//329
f 135//219 2627//329 134//330
f 135//219 134//330 133//313
f 92//217 2660//216 141//331
f 92//217 141//331 140//332
f 92//217 140//332 138//322
f 92//217 138//322 137//218
f 144//333 146//334 139//323
f 144//333 139//323 138//322
f 144//333 138//322 140//332
f 144//333 140//332 142//335
f 141//331 1531//336 1530//337
f 141//331 1530//337 143//338
f 141//331 143//338 142//335
f 141//331 142//335 140//332
f 240//339 2606//340 2607//341
f 240//339 2607//341 2608//342
f 240//339 2608//342 2612//343
f 240//339 2612//343 145//344
f 240//339 145//344 144//333
f 240//339 144//333 142//335
f 240//339 142//335 143//338
f 240//339 143//338 1584//345
f 229//346 228//347 227//348
f 229//346 227//348 148//349
f 229//346 148//349 147//350
f 229//346 147//350 146//351
f 229//346 146//351 144//352
f 229//346 144//352 145//353
f 139//323 146//334 147//354
f 139//323 147//354 149//355
f 139//323 149//355 151//356
f 148//349 150//357 149//358
f 148//349 149//358 147//350
f 150//357 226//359 153//360
f 150//357 153//360 152//361
f 150//357 152//361 151//362
f 150//357 151//362 149//358
f 139//323 151//356 152//363
f 139//323 152//363 154//364
f 139//323 154//364 155//365
f 139//323 155//365 2617//366
f 139//323 2617//366 2618//324
f 153//360 2630//367 158//368
f 153//360 158//368 156//369
f 153//360 156//369 154//370
f 153//360 154//370 152//361
f 154//364 156//371 157//372
f 154//364 157//372 2632//373
f 154//364 2632//373 155//365
f 161//374 163//375 157//372
f 161//374 157//372 156//371
f 161//374 156//371 159//376
f 2655//377 160//378 159//379
f 2655//377 159//379 156//369
f 2655//377 156//369 158//368
f 2655//377 158//368 167//380
f 2659//257 162//381 161//374
f 2659//257 161//374 159//376
f 2659//257 159//376 160//382
f 2659//257 160//382 2658//255
f 2659//257 2658//255 108//254
f 168//383 166//384 164//385
f 168//383 164//385 163//386
f 168//383 163//386 161//387
f 168//383 161//387 162//388
f 164//385 165//389 157//390
f 164//385 157//390 163//386
f 167//391 158//392 165//393
f 167//391 165//393 164//394
f 167//391 164//394 166//395
f 170//396 2656//397 2655//398
f 170//396 2655//398 167//391
f 170//396 167//391 166//395
f 170//396 166//395 168//399
f 170//396 168//399 169//400
f 171//260 169//401 168//383
f 171//260 168//383 162//388
f 171//260 162//388 2659//402
f 171//260 2659//402 110//261
f 173//274 170//396 169//400
f 173//274 169//400 171//403
f 173//274 171//403 172//275
f 2656//397 170//396 173//274
f 2656//397 173//274 174//273
f 2656//397 174//273 175//404
f 2656//397 175//404 2650//405
f 2656//397 2650//405 2652//406
f 2656//397 2652//406 2654//407
f 174//273 176//272 177//408
f 174//273 177//408 2188//409
f 174//273 2188//409 2187//410
f 174//273 2187//410 175//404
f 177//408 176//272 178//411
f 177//408 178//411 2558//412
f 177//408 2558//412 2557//413
f 177//408 2557//413 2556//414
f 177//408 2556//414 2555//415
f 177//408 2555//415 2554//416
f 177//408 2554//416 2553//412
f 177//408 2553//412 2552//411
f 177//408 2552//411 2550//417
f 177//408 2550//417 2549//418
f 177//408 2549//418 2548//419
f 180//420 182//421 184//422
f 180//420 184//422 185//423
f 180//420 185//423 2565//423
f 180//420 2565//423 2564//424
f 180//420 2564//424 2563//425
f 180//420 2563//425 2562//425
f 180//420 2562//425 2561//426
f 180//420 2561//426 2560//427
f 180//420 2560//427 2559//428
f 180//420 2559//428 2531//429
f 180//420 2531//429 2530//430
f 180//420 2530//430 2533//431
f 180//420 2533//431 2534//432
f 180//420 2534//432 2536//433
f 180//420 2536//433 2537//434
f 180//420 2537//434 2542//435
f 180//420 2542//435 2543//436
f 180//420 2543//436 2544//437
f 180//420 2544//437 2545//438
f 180//420 2545//438 2549//418
f 180//420 2549//418 2551//439
f 180//420 2551//439 2552//411
f 180//420 2552//411 2553//412
f 180//420 2553//412 2554//416
f 180//420 2554//416 2555//415
f 180//420 2555//415 2556//414
f 180//420 2556//414 2557//413
f 180//420 2557//413 2558//412
f 180//420 2558//412 178//411
f 180//420 178//411 176//272
f 180//420 176//272 179//271
f 2644//440 181//441 180//420
f 2644//440 180//420 179//271
f 2644//440 179//271 117//270
f 2644//440 117//270 2646//280
f 2644//440 2646//280 2645//442
f 182//421 180//420 181//441
f 182//421 181//441 206//443
f 182//421 206//443 183//444
f 2648//445 2649//446 188//447
f 2648//445 188//447 187//448
f 2648//445 187//448 184//422
f 2648//445 184//422 182//421
f 2648//445 182//421 183//444
f 2530//430 2532//449 2559//428
f 2530//430 2559//428 2560//427
f 2530//430 2560//427 2561//426
f 2530//430 2561//426 2562//425
f 2530//430 2562//425 2563//425
f 2530//430 2563//425 2564//424
f 2530//430 2564//424 2565//423
f 2530//430 2565//423 185//423
f 2530//430 185//423 184//422
f 2530//430 184//422 186//450
f 2530//430 186//450 2526//451
f 2530//430 2526//451 2528//452
f 186//450 184//422 187//448
f 186//450 187//448 189//453
f 186//450 189//453 190//454
f 186//450 190//454 2419//455
f 193//456 191//457 189//453
f 193//456 189//453 187//448
f 193//456 187//448 188//447
f 193//456 188//447 2649//446
f 193//456 2649//446 2648//445
f 193//456 2648//445 194//458
f 190//454 189//453 191//457
f 190//454 191//457 192//459
f 190//454 192//459 2414//460
f 190//454 2414//460 2416//461
f 191//457 193//456 195//462
f 191//457 195//462 196//463
f 191//457 196//463 192//459
f 194//458 199//464 197//465
f 194//458 197//465 195//462
f 194//458 195//462 193//456
f 195//462 197//465 198//466
f 195//462 198//466 2427//467
f 195//462 2427//467 196//463
f 198//466 197//465 199//464
f 198//466 199//464 200//468
f 202//469 200//468 199//464
f 202//469 199//464 194//458
f 202//469 194//458 2648//445
f 202//469 2648//445 183//444
f 2472//77 2470//76 2469//470
f 2472//77 2469//470 198//466
f 2472//77 198//466 200//468
f 2472//77 200//468 201//471
f 2472//77 201//471 2475//472
f 2472//77 2475//472 2474//473
f 204//59 2480//58 2482//474
f 204//59 2482//474 2483//475
f 204//59 2483//475 201//471
f 204//59 201//471 200//468
f 204//59 200//468 202//469
f 204//59 202//469 203//476
f 205//477 203//476 202//469
f 205//477 202//469 183//444
f 205//477 183//444 206//443
f 203//476 205//477 207//478
f 203//476 207//478 208//53
f 203//476 208//53 22//52
f 203//476 22//52 204//59
f 210//479 209//30 207//478
f 210//479 207//478 205//477
f 210//479 205//477 206//443
f 207//478 209//30 13//29
f 207//478 13//29 2647//37
f 207//478 2647//37 208//53
f 214//25 9//24 209//30
f 214//25 209//30 210//479
f 214//25 210//479 211//480
f 214//25 211//480 213//481
f 181//441 2644//440 212//482
f 181//441 212//482 211//480
f 181//441 211//480 210//479
f 181//441 210//479 206//443
f 211//480 212//482 218//483
f 211//480 218//483 216//484
f 211//480 216//484 213//481
f 1575//485 1576//486 214//25
f 1575//485 214//25 213//481
f 1575//485 213//481 215//487
f 216//484 217//488 2613//489
f 216//484 2613//489 215//487
f 216//484 215//487 213//481
f 219//490 221//491 222//492
f 219//490 222//492 223//493
f 219//490 223//493 217//488
f 219//490 217//488 216//484
f 219//490 216//484 218//483
f 218//483 212//482 2643//494
f 218//483 2643//494 129//295
f 218//483 129//295 2642//308
f 218//483 2642//308 2641//307
f 218//483 2641//307 2640//306
f 218//483 2640//306 2639//305
f 218//483 2639//305 2638//304
f 218//483 2638//304 2637//303
f 218//483 2637//303 2636//302
f 218//483 2636//302 2635//301
f 218//483 2635//301 2634//300
f 218//483 2634//300 2633//299
f 218//483 2633//299 220//298
f 218//483 220//298 219//490
f 2629//310 2628//495 2625//496
f 2629//310 2625//496 2624//497
f 2629//310 2624//497 2623//498
f 2629//310 2623//498 2622//499
f 2629//310 2622//499 2614//500
f 2629//310 2614//500 225//501
f 2629//310 225//501 224//502
f 2629//310 224//502 222//492
f 2629//310 222//492 221//491
f 2629//310 221//491 219//490
f 2629//310 219//490 220//298
f 230//503 223//493 222//492
f 230//503 222//492 224//502
f 230//503 224//502 227//504
f 230//503 227//504 228//505
f 225//501 2615//506 2616//507
f 225//501 2616//507 2630//508
f 225//501 2630//508 153//509
f 225//501 153//509 226//510
f 225//501 226//510 224//502
f 226//510 150//511 148//512
f 226//510 148//512 227//504
f 226//510 227//504 224//502
f 233//513 231//514 230//503
f 233//513 230//503 228//505
f 233//513 228//505 229//515
f 233//513 229//515 2611//516
f 233//513 2611//516 2610//517
f 233//513 2610//517 2609//518
f 233//513 2609//518 236//519
f 233//513 236//519 235//520
f 223//493 230//503 231//514
f 223//493 231//514 232//521
f 223//493 232//521 2613//489
f 223//493 2613//489 217//488
f 231//514 233//513 234//522
f 231//514 234//522 1567//523
f 231//514 1567//523 1571//524
f 231//514 1571//524 232//521
f 1580//525 234//522 233//513
f 1580//525 233//513 235//520
f 1580//525 235//520 237//526
f 1580//525 237//526 238//527
f 1580//525 238//527 1213//528
f 1580//525 1213//528 1212//529
f 1580//525 1212//529 1214//530
f 1580//525 1214//530 1216//531
f 1580//525 1216//531 1217//532
f 237//533 235//534 236//535
f 237//533 236//535 2606//536
f 237//533 2606//536 240//537
f 237//533 240//537 239//538
f 238//539 237//533 239//538
f 238//539 239//538 241//540
f 1219//541 1218//542 1215//543
f 1219//541 1215//543 243//544
f 1219//541 243//544 242//545
f 1219//541 242//545 241//546
f 1219//541 241//546 239//547
f 1219//541 239//547 240//339
f 1219//541 240//339 1584//345
f 1219//541 1584//345 1527//548
f 1219//541 1527//548 1220//549
f 245//550 1213//551 238//539
f 245//550 238//539 241//540
f 245//550 241//540 242//552
f 245//550 242//552 244//553
f 246//554 244//555 242//545
f 246//554 242//545 243//544
f 246//554 243//544 1210//556
f 246//554 1210//556 1209//557
f 246//554 1209//557 1208//558
f 246//554 1208//558 249//559
f 246//554 249//559 248//560
f 257//561 1205//562 245//550
f 257//561 245//550 244//553
f 257//561 244//553 246//563
f 257//561 246//563 247//564
f 254//565 255//566 247//567
f 254//565 247//567 246//554
f 254//565 246//554 248//560
f 254//565 248//560 250//568
f 254//565 250//568 252//569
f 250//568 248//560 249//559
f 250//568 249//559 251//570
f 251//570 1199//571 1198//572
f 251//570 1198//572 268//573
f 251//570 268//573 262//574
f 251//570 262//574 253//575
f 251//570 253//575 252//569
f 251//570 252//569 250//568
f 252//569 253//575 254//565
f 255//576 254//577 253//578
f 255//576 253//578 260//579
f 255//576 260//579 258//580
f 255//576 258//580 256//581
f 256//581 257//561 247//564
f 256//581 247//564 255//576
f 259//582 1203//583 1204//584
f 259//582 1204//584 1205//585
f 259//582 1205//585 257//586
f 259//582 257//586 256//587
f 259//582 256//587 258//588
f 258//588 260//589 259//582
f 261//590 260//579 253//578
f 261//590 253//578 262//591
f 1203//583 259//582 260//589
f 1203//583 260//589 261//592
f 1203//583 261//592 263//593
f 1203//583 263//593 264//594
f 1203//583 264//594 1200//595
f 1203//583 1200//595 1201//596
f 265//597 263//598 261//590
f 265//597 261//590 262//591
f 265//597 262//591 268//599
f 265//597 268//599 267//600
f 263//593 265//601 266//602
f 263//593 266//602 1195//603
f 263//593 1195//603 1196//604
f 263//593 1196//604 264//594
f 273//605 266//606 265//597
f 273//605 265//597 267//600
f 273//605 267//600 269//607
f 273//605 269//607 271//608
f 1198//572 1197//609 270//610
f 1198//572 270//610 269//611
f 1198//572 269//611 267//612
f 1198//572 267//612 268//573
f 270//610 282//613 280//614
f 270//610 280//614 278//615
f 270//610 278//615 277//616
f 270//610 277//616 272//617
f 270//610 272//617 271//618
f 270//610 271//618 269//611
f 274//619 273//605 271//608
f 274//619 271//608 272//620
f 266//602 273//621 274//622
f 266//602 274//622 275//623
f 266//602 275//623 276//624
f 266//602 276//624 410//625
f 266//602 410//625 1193//626
f 266//602 1193//626 1195//603
f 275//627 274//619 272//620
f 275//627 272//620 277//628
f 2193//629 276//630 275//627
f 2193//629 275//627 277//628
f 2193//629 277//628 278//631
f 2193//629 278//631 279//632
f 2182//249 2183//633 2184//634
f 2182//249 2184//634 2190//635
f 2182//249 2190//635 2192//636
f 2182//249 2192//636 279//637
f 2182//249 279//637 278//615
f 2182//249 278//615 280//614
f 2182//249 280//614 281//638
f 2182//249 281//638 2180//639
f 2182//249 2180//639 2161//640
f 2182//249 2161//640 2181//250
f 281//638 280//614 283//641
f 281//638 283//641 284//642
f 281//638 284//642 2170//643
f 281//638 2170//643 2175//644
f 280//614 282//613 1194//645
f 280//614 1194//645 1189//646
f 280//614 1189//646 1188//647
f 280//614 1188//647 1186//648
f 280//614 1186//648 1185//649
f 280//614 1185//649 1184//650
f 280//614 1184//650 1178//651
f 280//614 1178//651 1177//652
f 280//614 1177//652 1172//653
f 280//614 1172//653 1171//654
f 280//614 1171//654 1173//655
f 280//614 1173//655 1175//656
f 280//614 1175//656 286//657
f 280//614 286//657 285//658
f 280//614 285//658 283//641
f 287//659 288//660 284//642
f 287//659 284//642 283//641
f 287//659 283//641 285//658
f 420//661 289//662 287//659
f 420//661 287//659 285//658
f 420//661 285//658 286//657
f 420//661 286//657 416//663
f 420//661 416//663 417//664
f 420//661 417//664 418//665
f 287//659 290//666 293//667
f 287//659 293//667 288//660
f 289//662 291//668 290//666
f 289//662 290//666 287//659
f 291//668 422//669 424//670
f 291//668 424//670 292//671
f 291//668 292//671 290//666
f 290//666 292//671 294//672
f 290//666 294//672 293//667
f 288//660 293//667 295//673
f 288//660 295//673 298//674
f 288//660 298//674 299//675
f 293//667 294//672 296//676
f 293//667 296//676 295//673
f 297//677 295//673 296//676
f 297//677 296//676 583//678
f 297//677 583//678 335//679
f 297//677 335//679 333//680
f 297//677 333//680 329//681
f 297//677 329//681 328//682
f 297//677 328//682 327//683
f 297//677 327//683 326//684
f 297//677 326//684 321//685
f 297//677 321//685 320//686
f 297//677 320//686 319//687
f 297//677 319//687 318//688
f 297//677 318//688 315//689
f 297//677 315//689 313//690
f 297//677 313//690 309//691
f 297//677 309//691 308//692
f 297//677 308//692 305//693
f 297//677 305//693 304//694
f 298//674 295//673 297//677
f 298//674 297//677 300//695
f 299//675 298//674 300//695
f 299//675 300//695 301//696
f 301//696 300//695 302//697
f 301//696 302//697 303//698
f 301//696 303//698 2036//699
f 300//695 297//677 304//694
f 300//695 304//694 302//697
f 303//698 302//697 304//694
f 303//698 304//694 305//693
f 303//698 305//693 307//700
f 303//698 307//700 357//701
f 303//698 357//701 356//702
f 303//698 356//702 354//703
f 303//698 354//703 355//704
f 303//698 355//704 362//705
f 303//698 362//705 364//706
f 307//707 305//708 306//709
f 307//707 306//709 360//710
f 310//711 306//712 305//713
f 310//711 305//713 308//714
f 311//715 310//711 308//714
f 311//715 308//714 309//716
f 395//717 306//718 310//719
f 395//717 310//719 311//720
f 395//717 311//720 312//721
f 395//717 312//721 314//722
f 395//717 314//722 316//723
f 395//717 316//723 317//724
f 395//717 317//724 322//725
f 395//717 322//725 323//726
f 395//717 323//726 324//727
f 395//717 324//727 325//728
f 395//717 325//728 330//729
f 395//717 330//729 331//730
f 395//717 331//730 332//731
f 395//717 332//731 334//732
f 395//717 334//732 336//733
f 395//717 336//733 400//734
f 395//717 400//734 399//735
f 395//717 399//735 398//736
f 312//737 311//715 309//716
f 312//737 309//716 313//738
f 314//739 312//737 313//738
f 314//739 313//738 315//740
f 316//741 314//739 315//740
f 316//741 315//740 318//742
f 317//743 316//741 318//742
f 317//743 318//742 319//744
f 322//745 317//743 319//744
f 322//745 319//744 320//746
f 323//747 322//745 320//746
f 323//747 320//746 321//748
f 324//749 323//747 321//748
f 324//749 321//748 326//750
f 325//751 324//749 326//750
f 325//751 326//750 327//752
f 330//753 325//751 327//752
f 330//753 327//752 328//754
f 331//755 330//753 328//754
f 331//755 328//754 329//756
f 332//757 331//755 329//756
f 332//757 329//756 333//758
f 333//758 335//759 334//760
f 333//758 334//760 332//757
f 337//761 334//760 335//759
f 337//761 335//759 339//762
f 556//763 555//764 554//765
f 556//763 554//765 551//766
f 556//763 551//766 336//733
f 556//763 336//733 334//732
f 556//763 334//732 337//767
f 556//763 337//767 338//768
f 556//763 338//768 342//769
f 556//763 342//769 345//770
f 556//763 345//770 346//771
f 556//763 346//771 347//772
f 556//763 347//772 349//773
f 556//763 349//773 351//774
f 556//763 351//774 352//775
f 338//776 337//761 339//762
f 338//776 339//762 340//777
f 354//703 353//778 350//779
f 354//703 350//779 348//780
f 354//703 348//780 344//781
f 354//703 344//781 343//782
f 354//703 343//782 341//783
f 354//703 341//783 340//784
f 354//703 340//784 339//785
f 354//703 339//785 335//679
f 354//703 335//679 583//678
f 354//703 583//678 582//786
f 354//703 582//786 584//787
f 354//703 584//787 361//788
f 354//703 361//788 355//704
f 342//789 338//776 340//777
f 342//789 340//777 341//790
f 345//791 342//789 341//790
f 345//791 341//790 343//792
f 346//793 345//791 343//792
f 346//793 343//792 344//794
f 347//795 346//793 344//794
f 347//795 344//794 348//796
f 349//797 347//795 348//796
f 349//797 348//796 350//798
f 351//799 349//797 350//798
f 351//799 350//798 353//800
f 358//801 352//802 351//799
f 358//801 351//799 353//800
f 358//801 353//800 354//803
f 358//801 354//803 356//804
f 359//805 358//801 356//804
f 359//805 356//804 357//806
f 390//807 391//808 556//763
f 390//807 556//763 352//775
f 390//807 352//775 358//809
f 390//807 358//809 359//810
f 390//807 359//810 360//811
f 390//807 360//811 306//718
f 390//807 306//718 395//717
f 390//807 395//717 394//812
f 390//807 394//812 392//813
f 360//710 359//805 357//806
f 360//710 357//806 307//707
f 561//814 560//815 363//816
f 561//814 363//816 362//705
f 561//814 362//705 355//704
f 561//814 355//704 361//788
f 365//817 364//706 362//705
f 365//817 362//705 363//816
f 365//817 363//816 1969//818
f 365//817 1969//818 1970//819
f 365//817 1970//819 366//820
f 364//706 365//817 367//821
f 364//706 367//821 369//822
f 364//706 369//822 2035//823
f 364//706 2035//823 2033//824
f 364//706 2033//824 2036//699
f 364//706 2036//699 303//698
f 366//820 386//825 385//826
f 366//820 385//826 371//827
f 366//820 371//827 370//828
f 366//820 370//828 367//821
f 366//820 367//821 365//817
f 368//829 367//830 370//831
f 368//829 370//831 372//832
f 369//833 367//830 368//829
f 369//833 368//829 2038//834
f 371//827 381//835 375//836
f 371//827 375//836 373//837
f 371//827 373//837 370//828
f 372//832 370//831 373//838
f 372//832 373//838 376//839
f 376//839 373//838 374//840
f 376//839 374//840 377//841
f 375//836 2605//842 374//843
f 375//836 374//843 373//837
f 372//844 376//845 378//846
f 372//844 378//846 380//847
f 372//844 380//847 382//848
f 376//845 377//849 379//850
f 376//845 379//850 378//846
f 379//851 2605//852 375//853
f 379//851 375//853 378//854
f 380//855 378//854 375//853
f 380//855 375//853 381//856
f 381//856 371//857 382//858
f 381//856 382//858 380//855
f 383//859 382//858 371//857
f 383//859 371//857 385//860
f 389//861 368//862 372//844
f 389//861 372//844 382//848
f 389//861 382//848 383//863
f 389//861 383//863 384//864
f 389//861 384//864 387//865
f 384//866 383//859 385//860
f 384//866 385//860 386//867
f 388//868 387//869 384//866
f 388//868 384//866 386//867
f 388//868 386//867 366//870
f 388//868 366//870 1970//871
f 387//865 388//872 1968//873
f 387//865 1968//873 559//874
f 387//865 559//874 391//808
f 387//865 391//808 390//807
f 387//865 390//807 389//861
f 392//813 393//875 2034//876
f 392//813 2034//876 2037//877
f 392//813 2037//877 2038//878
f 392//813 2038//878 368//862
f 392//813 368//862 389//861
f 392//813 389//861 390//807
f 393//875 392//813 394//812
f 393//875 394//812 396//879
f 393//875 396//879 397//880
f 394//812 395//717 398//736
f 394//812 398//736 396//879
f 397//880 396//879 398//736
f 397//880 398//736 399//735
f 397//880 399//735 401//881
f 399//735 400//734 403//882
f 399//735 403//882 402//883
f 401//881 399//735 402//883
f 401//881 402//883 405//884
f 402//883 403//882 498//885
f 402//883 498//885 404//886
f 405//884 402//883 404//886
f 405//884 404//886 406//887
f 407//888 408//889 1982//890
f 407//888 1982//890 1986//891
f 407//888 1986//891 401//881
f 407//888 401//881 405//884
f 411//892 409//893 407//888
f 411//892 407//888 405//884
f 411//892 405//884 406//887
f 1973//894 408//889 407//888
f 1973//894 407//888 409//893
f 1973//894 409//893 410//625
f 1973//894 410//625 1972//895
f 409//893 411//892 412//896
f 409//893 412//896 413//897
f 409//893 413//897 1174//898
f 409//893 1174//898 1169//899
f 409//893 1169//899 1180//900
f 409//893 1180//900 1179//901
f 409//893 1179//901 1181//902
f 409//893 1181//902 1182//903
f 409//893 1182//903 1183//904
f 409//893 1183//904 1187//905
f 409//893 1187//905 1190//906
f 409//893 1190//906 1191//907
f 409//893 1191//907 1192//908
f 409//893 1192//908 1193//626
f 409//893 1193//626 410//625
f 474//909 415//910 414//911
f 474//909 414//911 412//896
f 474//909 412//896 411//892
f 474//909 411//892 406//887
f 474//909 406//887 476//912
f 474//909 476//912 475//913
f 416//914 286//915 412//916
f 416//914 412//916 414//917
f 413//918 412//916 286//915
f 413//918 286//915 1175//919
f 414//917 415//920 417//921
f 414//917 417//921 416//914
f 415//920 474//922 473//923
f 415//920 473//923 419//924
f 415//920 419//924 418//925
f 415//920 418//925 417//921
f 421//926 420//661 418//665
f 421//926 418//665 419//927
f 421//926 419//927 470//928
f 421//926 470//928 469//929
f 421//926 469//929 466//930
f 421//926 466//930 467//931
f 420//661 422//669 291//668
f 420//661 291//668 289//662
f 421//926 423//932 422//669
f 421//926 422//669 420//661
f 423//932 426//933 424//670
f 423//932 424//670 422//669
f 424//670 426//933 428//934
f 424//670 428//934 425//935
f 292//671 424//670 425//935
f 292//671 425//935 626//936
f 292//671 626//936 625//937
f 1106//938 427//939 426//933
f 1106//938 426//933 423//932
f 426//933 427//939 431//940
f 426//933 431//940 429//941
f 426//933 429//941 428//934
f 430//942 628//943 627//944
f 430//942 627//944 626//936
f 430//942 626//936 425//935
f 430//942 425//935 428//934
f 430//942 428//934 429//941
f 430//942 429//941 431//940
f 430//942 431//940 432//945
f 430//942 432//945 434//946
f 430//942 434//946 435//947
f 427//939 433//948 432//945
f 427//939 432//945 431//940
f 433//948 438//949 436//950
f 433//948 436//950 434//946
f 433//948 434//946 432//945
f 1697//951 1704//952 435//947
f 1697//951 435//947 434//946
f 1697//951 434//946 436//950
f 1697//951 436//950 437//953
f 438//949 439//954 1724//955
f 438//949 1724//955 437//953
f 438//949 437//953 436//950
f 442//956 1613//957 439//954
f 442//956 439//954 438//949
f 442//956 438//949 440//958
f 440//958 438//949 433//948
f 440//958 433//948 441//959
f 443//960 440//958 441//959
f 443//960 441//959 444//961
f 445//962 442//956 440//958
f 445//962 440//958 443//960
f 443//960 444//961 1052//963
f 443//960 1052//963 1051//964
f 443//960 1051//964 447//965
f 443//960 447//965 446//966
f 445//962 443//960 446//966
f 445//962 446//966 448//967
f 445//962 448//967 449//968
f 445//962 449//968 1745//969
f 445//962 1745//969 1744//970
f 445//962 1744//970 1743//971
f 445//962 1743//971 1742//972
f 445//962 1742//972 1739//973
f 445//962 1739//973 1738//974
f 445//962 1738//974 1740//975
f 445//962 1740//975 1741//975
f 445//962 1741//975 1735//975
f 445//962 1735//975 1734//974
f 445//962 1734//974 1733//976
f 445//962 1733//976 1732//977
f 445//962 1732//977 1731//978
f 445//962 1731//978 1730//979
f 445//962 1730//979 1729//980
f 445//962 1729//980 1728//981
f 445//962 1728//981 1727//982
f 445//962 1727//982 1726//983
f 450//984 448//967 446//966
f 450//984 446//966 447//965
f 450//984 447//965 1102//985
f 450//984 1102//985 1101//986
f 450//984 1101//986 1100//987
f 450//984 1100//987 1099//988
f 450//984 1099//988 1096//989
f 450//984 1096//989 1094//990
f 450//984 1094//990 1092//991
f 450//984 1092//991 1090//992
f 450//984 1090//992 457//993
f 450//984 457//993 456//994
f 450//984 456//994 454//995
f 450//984 454//995 453//996
f 450//984 451//997 1725//998
f 450//984 1725//998 1610//999
f 450//984 1610//999 1726//983
f 450//984 1726//983 1727//982
f 450//984 1727//982 1728//981
f 450//984 1728//981 1729//980
f 450//984 1729//980 1730//979
f 450//984 1730//979 1731//978
f 450//984 1731//978 1732//977
f 450//984 1732//977 1733//976
f 450//984 1733//976 1734//974
f 450//984 1734//974 1736//1000
f 450//984 1736//1000 1737//1000
f 450//984 1737//1000 1738//974
f 450//984 1738//974 1739//973
f 450//984 1739//973 1742//972
f 450//984 1742//972 1743//971
f 450//984 1743//971 1744//970
f 450//984 1744//970 1745//969
f 450//984 1745//969 449//968
f 450//984 449//968 448//967
f 1588//1001 1748//1002 1747//1003
f 1588//1001 1747//1003 451//997
f 1588//1001 451//997 450//984
f 1588//1001 450//984 452//1004
f 1588//1001 452//1004 1112//1005
f 1588//1001 1112//1005 1113//1006
f 1588//1001 1113//1006 1114//1007
f 1588//1001 1114//1007 1116//1008
f 1588//1001 1116//1008 1118//1009
f 1588//1001 1118//1009 1119//1010
f 450//984 453//996 452//1004
f 455//1011 1109//1012 1108//1013
f 455//1011 1108//1013 1110//1014
f 455//1011 1110//1014 1112//1015
f 455//1011 1112//1015 452//1016
f 455//1011 452//1016 453//1017
f 455//1011 453//1017 454//1018
f 459//1019 1088//1020 455//1011
f 459//1019 455//1011 454//1018
f 459//1019 454//1018 456//1021
f 459//1019 456//1021 458//1022
f 457//993 1085//1023 1084//1024
f 457//993 1084//1024 1083//1025
f 457//993 1083//1025 461//1026
f 457//993 461//1026 460//1027
f 457//993 460//1027 458//1028
f 457//993 458//1028 456//994
f 463//1029 1080//1030 459//1019
f 463//1029 459//1019 458//1022
f 463//1029 458//1022 460//1031
f 463//1029 460//1031 462//1032
f 464//1033 462//1034 460//1027
f 464//1033 460//1027 461//1026
f 464//1033 461//1026 1075//1035
f 464//1033 1075//1035 465//1036
f 462//1032 464//1037 466//1038
f 462//1032 466//1038 468//1039
f 462//1032 468//1039 1105//1040
f 462//1032 1105//1040 463//1029
f 465//1036 467//931 466//930
f 465//1036 466//930 464//1033
f 471//1041 468//1039 466//1038
f 471//1041 466//1038 469//1042
f 472//1043 471//1041 469//1042
f 472//1043 469//1042 470//1044
f 1078//1045 1104//1046 468//1047
f 1078//1045 468//1047 471//1048
f 1078//1045 471//1048 472//1049
f 1078//1045 472//1049 473//1050
f 1078//1045 473//1050 474//909
f 1078//1045 474//909 475//913
f 1078//1045 475//913 477//1051
f 473//923 472//1043 470//1044
f 473//923 470//1044 419//924
f 476//912 480//1052 478//1053
f 476//912 478//1053 475//913
f 475//913 478//1053 481//1054
f 475//913 481//1054 477//1051
f 404//886 498//885 479//1055
f 404//886 479//1055 478//1053
f 404//886 478//1053 480//1052
f 478//1053 479//1055 482//1056
f 478//1053 482//1056 481//1054
f 477//1051 481//1054 483//1057
f 477//1051 483//1057 484//1058
f 481//1054 482//1056 486//1059
f 481//1054 486//1059 483//1057
f 484//1058 483//1057 485//1060
f 484//1058 485//1060 1045//1061
f 483//1057 486//1059 487//1062
f 483//1057 487//1062 485//1060
f 488//1063 489//1064 487//1062
f 488//1063 487//1062 486//1059
f 492//1065 490//1066 488//1063
f 492//1065 488//1063 486//1059
f 492//1065 486//1059 482//1056
f 1012//1067 1011//1068 489//1064
f 1012//1067 489//1064 488//1063
f 1012//1067 488//1063 490//1066
f 1012//1067 490//1066 491//1069
f 490//1066 492//1065 493//1070
f 490//1066 493//1070 494//1071
f 490//1066 494//1071 495//1072
f 490//1066 495//1072 1017//1073
f 490//1066 1017//1073 491//1069
f 493//1070 492//1065 482//1056
f 493//1070 482//1056 479//1055
f 496//1074 494//1071 493//1070
f 496//1074 493//1070 479//1055
f 496//1074 479//1055 498//885
f 501//1075 495//1072 494//1071
f 501//1075 494//1071 496//1074
f 501//1075 496//1074 497//1076
f 501//1075 497//1076 500//1077
f 499//1078 497//1076 496//1074
f 499//1078 496//1074 498//885
f 499//1078 498//885 403//882
f 497//1076 499//1078 1971//1079
f 497//1076 1971//1079 502//1080
f 497//1076 502//1080 500//1077
f 503//1081 505//1082 506//1083
f 503//1081 506//1083 1967//1084
f 503//1081 1967//1084 1966//1085
f 503//1081 1966//1085 1961//1086
f 503//1081 1961//1086 1960//1087
f 503//1081 1960//1087 1958//1088
f 503//1081 1958//1088 1956//1089
f 503//1081 1956//1089 645//1090
f 503//1081 645//1090 644//1091
f 503//1081 644//1091 646//1092
f 503//1081 646//1092 653//1093
f 503//1081 653//1093 501//1075
f 503//1081 501//1075 500//1077
f 519//1094 518//1095 515//1096
f 519//1094 515//1096 513//1097
f 519//1094 513//1097 504//1098
f 519//1094 504//1098 503//1081
f 519//1094 503//1081 500//1077
f 519//1094 500//1077 502//1080
f 505//1099 503//1100 504//1101
f 505//1099 504//1101 511//1102
f 505//1099 511//1102 509//1103
f 505//1099 509//1103 507//1104
f 506//1105 505//1099 507//1104
f 506//1105 507//1104 508//1106
f 510//1107 629//1108 630//1109
f 510//1107 630//1109 632//1110
f 510//1107 632//1110 642//1111
f 510//1107 642//1111 643//1112
f 510//1107 643//1112 1957//1113
f 510//1107 1957//1113 1959//1114
f 510//1107 1959//1114 1962//1115
f 510//1107 1962//1115 1963//1116
f 510//1107 1963//1116 1964//1117
f 510//1107 1964//1117 1965//1118
f 510//1107 1965//1118 508//1119
f 510//1107 508//1119 507//1120
f 510//1107 507//1120 509//1121
f 601//1122 510//1107 509//1121
f 601//1122 509//1121 511//1123
f 601//1122 511//1123 512//1124
f 601//1122 512//1124 514//1125
f 601//1122 514//1125 516//1126
f 601//1122 516//1126 517//1127
f 504//1101 513//1128 512//1129
f 504//1101 512//1129 511//1102
f 513//1128 515//1130 514//1131
f 513//1128 514//1131 512//1129
f 515//1130 518//1132 516//1133
f 515//1130 516//1133 514//1131
f 518//1132 519//1134 520//1135
f 518//1132 520//1135 521//1136
f 518//1132 521//1136 517//1137
f 518//1132 517//1137 516//1133
f 525//1138 522//1139 520//1140
f 525//1138 520//1140 519//1094
f 525//1138 519//1094 502//1080
f 520//1135 522//1141 523//1142
f 520//1135 523//1142 521//1136
f 578//1143 523//1142 522//1141
f 578//1143 522//1141 524//1144
f 550//1145 552//1146 553//1147
f 550//1145 553//1147 566//1148
f 550//1145 566//1148 567//1148
f 550//1145 567//1148 568//1148
f 550//1145 568//1148 569//1148
f 550//1145 569//1148 574//1148
f 550//1145 574//1148 575//1148
f 550//1145 575//1148 576//1148
f 550//1145 576//1148 524//1148
f 550//1145 524//1148 522//1139
f 550//1145 522//1139 525//1138
f 550//1145 525//1138 526//1149
f 550//1145 526//1149 527//1150
f 550//1145 527//1150 548//1151
f 550//1145 548//1151 547//1152
f 550//1145 547//1152 546//1150
f 550//1145 546//1150 545//1153
f 550//1145 545//1153 544//1154
f 550//1145 544//1154 543//1155
f 550//1145 543//1155 542//1156
f 550//1145 542//1156 541//1156
f 550//1145 541//1156 540//1152
f 550//1145 540//1152 539//1152
f 550//1145 539//1152 538//1156
f 550//1145 538//1156 537//1150
f 550//1145 537//1150 536//1154
f 550//1145 536//1154 535//1153
f 550//1145 535//1153 534//1157
f 550//1145 534//1157 533//1154
f 550//1145 533//1154 532//1150
f 550//1145 532//1150 531//1158
f 550//1145 531//1158 529//1159
f 550//1145 529//1159 530//1160
f 1971//1079 549//1161 530//1160
f 1971//1079 530//1160 529//1159
f 1971//1079 529//1159 528//1162
f 1971//1079 528//1162 526//1149
f 1971//1079 526//1149 525//1138
f 1971//1079 525//1138 502//1080
f 529//1159 531//1158 532//1150
f 529//1159 532//1150 533//1154
f 529//1159 533//1154 534//1157
f 529//1159 534//1157 535//1153
f 529//1159 535//1153 536//1154
f 529//1159 536//1154 537//1150
f 529//1159 537//1150 538//1156
f 529//1159 538//1156 539//1152
f 529//1159 539//1152 540//1152
f 529//1159 540//1152 541//1156
f 529//1159 541//1156 542//1156
f 529//1159 542//1156 543//1155
f 529//1159 543//1155 544//1154
f 529//1159 544//1154 545//1153
f 529//1159 545//1153 546//1150
f 529//1159 546//1150 547//1152
f 529//1159 547//1152 548//1151
f 529//1159 548//1151 527//1150
f 529//1159 527//1150 526//1149
f 529//1159 526//1149 528//1162
f 336//733 551//766 550//1145
f 336//733 550//1145 530//1160
f 336//733 530//1160 549//1161
f 336//733 549//1161 400//734
f 554//765 552//1146 550//1145
f 554//765 550//1145 551//766
f 557//1163 553//1147 552//1146
f 557//1163 552//1146 554//765
f 557//1163 554//765 555//764
f 555//764 556//763 391//808
f 555//764 391//808 559//874
f 555//764 559//874 558//1164
f 555//764 558//1164 557//1163
f 560//1165 561//1166 562//1167
f 560//1165 562//1167 553//1168
f 560//1165 553//1168 557//1169
f 560//1165 557//1169 558//1170
f 558//1170 559//1171 363//1172
f 558//1170 363//1172 560//1165
f 361//788 584//787 585//1173
f 361//788 585//1173 586//1174
f 361//788 586//1174 587//1175
f 361//788 587//1175 588//1176
f 361//788 588//1176 589//1177
f 361//788 589//1177 590//1178
f 361//788 590//1178 591//1179
f 361//788 591//1179 592//1180
f 361//788 592//1180 593//1181
f 361//788 593//1181 594//1182
f 361//788 594//1182 595//1183
f 361//788 595//1183 596//1184
f 361//788 596//1184 579//1185
f 361//788 579//1185 563//1186
f 361//788 563//1186 562//1187
f 361//788 562//1187 561//814
f 581//1188 597//1189 623//1190
f 581//1188 623//1190 622//1190
f 581//1188 622//1190 621//1191
f 581//1188 621//1191 620//1190
f 581//1188 620//1190 619//1192
f 581//1188 619//1192 618//1190
f 581//1188 618//1190 617//1193
f 581//1188 617//1193 616//1194
f 581//1188 616//1194 615//1195
f 581//1188 615//1195 614//1195
f 581//1188 614//1195 613//1194
f 581//1188 613//1194 612//1194
f 581//1188 612//1194 611//1190
f 581//1188 611//1190 610//1195
f 581//1188 610//1195 609//1190
f 581//1188 609//1190 608//1192
f 581//1188 608//1192 607//1196
f 581//1188 607//1196 606//1192
f 581//1188 606//1192 605//1196
f 581//1188 605//1196 603//1197
f 581//1188 603//1197 602//1198
f 581//1188 602//1198 523//1199
f 581//1188 523//1199 578//1200
f 581//1188 578//1200 577//1200
f 581//1188 577//1200 573//1200
f 581//1188 573//1200 572//1200
f 581//1188 572//1200 571//1200
f 581//1188 571//1200 570//1200
f 581//1188 570//1200 565//1200
f 581//1188 565//1200 564//1200
f 581//1188 564//1200 562//1187
f 581//1188 562//1187 563//1186
f 581//1188 563//1186 580//1201
f 566//1202 553//1168 562//1167
f 566//1202 562//1167 564//1203
f 567//1204 566//1202 564//1203
f 567//1204 564//1203 565//1205
f 568//1206 567//1204 565//1205
f 568//1206 565//1205 570//1207
f 569//1208 568//1206 570//1207
f 569//1208 570//1207 571//1209
f 574//1210 569//1208 571//1209
f 574//1210 571//1209 572//1211
f 575//1212 574//1210 572//1211
f 575//1212 572//1211 573//1213
f 576//1214 575//1212 573//1213
f 576//1214 573//1213 577//1215
f 524//1144 576//1214 577//1215
f 524//1144 577//1215 578//1143
f 582//786 580//1201 563//1186
f 582//786 563//1186 579//1185
f 582//786 579//1185 596//1184
f 582//786 596//1184 595//1183
f 582//786 595//1183 594//1182
f 582//786 594//1182 593//1181
f 582//786 593//1181 592//1180
f 582//786 592//1180 591//1179
f 582//786 591//1179 590//1178
f 582//786 590//1178 589//1177
f 582//786 589//1177 588//1176
f 582//786 588//1176 587//1175
f 582//786 587//1175 586//1174
f 582//786 586//1174 585//1173
f 582//786 585//1173 584//787
f 296//676 598//1216 581//1188
f 296//676 581//1188 580//1201
f 296//676 580//1201 582//786
f 296//676 582//786 583//678
f 601//1122 602//1198 603//1197
f 601//1122 603//1197 604//1217
f 601//1122 604//1217 597//1189
f 601//1122 597//1189 581//1188
f 601//1122 581//1188 598//1216
f 601//1122 598//1216 599//1218
f 296//676 294//672 600//1219
f 296//676 600//1219 599//1218
f 296//676 599//1218 598//1216
f 510//1107 601//1122 599//1218
f 510//1107 599//1218 600//1219
f 510//1107 600//1219 624//1220
f 601//1122 517//1127 521//1221
f 601//1122 521//1221 523//1199
f 601//1122 523//1199 602//1198
f 603//1197 605//1196 606//1192
f 603//1197 606//1192 607//1196
f 603//1197 607//1196 608//1192
f 603//1197 608//1192 609//1190
f 603//1197 609//1190 610//1195
f 603//1197 610//1195 611//1190
f 603//1197 611//1190 612//1194
f 603//1197 612//1194 613//1194
f 603//1197 613//1194 614//1195
f 603//1197 614//1195 615//1195
f 603//1197 615//1195 616//1194
f 603//1197 616//1194 617//1193
f 603//1197 617//1193 618//1190
f 603//1197 618//1190 619//1192
f 603//1197 619//1192 620//1190
f 603//1197 620//1190 621//1191
f 603//1197 621//1191 622//1190
f 603//1197 622//1190 623//1190
f 603//1197 623//1190 597//1189
f 603//1197 597//1189 604//1217
f 294//672 292//671 625//937
f 294//672 625//937 624//1220
f 294//672 624//1220 600//1219
f 510//1107 624//1220 625//937
f 510//1107 625//937 626//936
f 510//1107 626//936 627//944
f 510//1107 627//944 629//1108
f 628//943 1954//1222 631//1223
f 628//943 631//1223 630//1109
f 628//943 630//1109 629//1108
f 628//943 629//1108 627//944
f 841//1224 635//1225 634//1226
f 841//1224 634//1226 633//1227
f 841//1224 633//1227 630//1109
f 841//1224 630//1109 631//1223
f 841//1224 631//1223 842//1228
f 636//1229 639//1230 632//1110
f 636//1229 632//1110 630//1109
f 636//1229 630//1109 633//1227
f 636//1229 633//1227 634//1226
f 637//1231 636//1229 634//1226
f 637//1231 634//1226 635//1225
f 637//1231 635//1225 836//1232
f 636//1229 637//1231 1911//1233
f 636//1229 1911//1233 1910//1234
f 636//1229 1910//1234 638//1235
f 639//1230 636//1229 638//1235
f 639//1230 638//1235 1955//1236
f 639//1230 1955//1236 641//1237
f 639//1230 641//1237 640//1238
f 639//1230 640//1238 642//1111
f 639//1230 642//1111 632//1110
f 647//1239 644//1240 642//1241
f 647//1239 642//1241 640//1242
f 647//1239 640//1242 641//1243
f 643//1244 642//1245 644//1246
f 643//1244 644//1246 645//1247
f 646//1092 644//1091 647//1248
f 646//1092 647//1248 648//1249
f 646//1092 648//1249 650//1250
f 649//1251 648//1252 647//1239
f 649//1251 647//1239 641//1243
f 649//1251 641//1243 1955//1253
f 648//1249 649//1254 1909//1255
f 648//1249 1909//1255 1908//1256
f 648//1249 1908//1256 651//1257
f 648//1249 651//1257 650//1250
f 652//1258 653//1093 646//1092
f 652//1258 646//1092 650//1250
f 656//1259 654//1260 652//1258
f 656//1259 652//1258 650//1250
f 656//1259 650//1250 651//1257
f 1020//1261 1019//1262 653//1093
f 1020//1261 653//1093 652//1258
f 1020//1261 652//1258 654//1260
f 1020//1261 654//1260 655//1263
f 654//1260 656//1259 657//1264
f 654//1260 657//1264 659//1265
f 654//1260 659//1265 661//1266
f 654//1260 661//1266 655//1263
f 658//1267 657//1264 656//1259
f 658//1267 656//1259 651//1257
f 658//1267 651//1257 1904//1268
f 659//1265 657//1264 658//1267
f 659//1265 658//1267 1914//1269
f 659//1265 1914//1269 1915//1270
f 659//1265 1915//1270 660//1271
f 1920//1272 663//1273 662//1274
f 1920//1272 662//1274 661//1266
f 1920//1272 661//1266 659//1265
f 1920//1272 659//1265 660//1271
f 661//1266 662//1274 664//1275
f 661//1266 664//1275 665//1276
f 661//1266 665//1276 655//1263
f 664//1275 662//1274 663//1273
f 664//1275 663//1273 667//1277
f 664//1275 667//1277 666//1278
f 668//1279 1021//1280 665//1276
f 668//1279 665//1276 664//1275
f 668//1279 664//1275 666//1278
f 671//1281 669//1282 666//1278
f 671//1281 666//1278 667//1277
f 670//1283 1013//1284 668//1279
f 670//1283 668//1279 666//1278
f 670//1283 666//1278 669//1282
f 672//1285 673//1286 1044//1287
f 672//1285 1044//1287 670//1283
f 672//1285 670//1283 669//1282
f 674//1288 672//1285 669//1282
f 674//1288 669//1282 671//1281
f 1755//1289 1753//1289 911//1289
f 1755//1289 911//1289 914//1289
f 1755//1289 914//1289 915//1289
f 1755//1289 915//1289 916//1290
f 1755//1289 916//1290 673//1286
f 1755//1289 673//1286 672//1285
f 1755//1289 672//1285 674//1288
f 1755//1289 674//1288 675//1291
f 1755//1289 675//1291 677//1292
f 1755//1289 677//1292 678//1293
f 675//1291 674//1288 671//1281
f 675//1291 671//1281 1921//1294
f 675//1291 1921//1294 676//1295
f 679//1296 677//1292 675//1291
f 679//1296 675//1291 676//1295
f 681//1297 1757//1298 678//1293
f 681//1297 678//1293 677//1292
f 681//1297 677//1292 680//1299
f 682//1300 680//1299 677//1292
f 682//1300 677//1292 679//1296
f 682//1300 679//1296 1924//1301
f 686//1302 881//1303 1762//1304
f 686//1302 1762//1304 1761//1305
f 686//1302 1761//1305 895//1306
f 686//1302 895//1306 681//1297
f 686//1302 681//1297 680//1299
f 686//1302 680//1299 683//1307
f 686//1302 683//1307 685//1308
f 683//1307 680//1299 682//1300
f 683//1307 682//1300 684//1309
f 687//1310 685//1308 683//1307
f 687//1310 683//1307 684//1309
f 687//1310 684//1309 688//1311
f 685//1308 687//1310 689//1312
f 685//1308 689//1312 691//1313
f 685//1308 691//1313 1794//1314
f 685//1308 1794//1314 1793//1315
f 685//1308 1793//1315 1790//1316
f 685//1308 1790//1316 1788//1317
f 685//1308 1788//1317 1786//1318
f 685//1308 1786//1318 1782//1319
f 685//1308 1782//1319 1781//1320
f 685//1308 1781//1320 1779//1321
f 685//1308 1779//1321 1777//1322
f 685//1308 1777//1322 1775//1323
f 685//1308 1775//1323 1773//1324
f 685//1308 1773//1324 1772//1325
f 685//1308 1772//1325 1771//1326
f 685//1308 1771//1326 1768//1327
f 685//1308 1768//1327 1764//1328
f 685//1308 1764//1328 1763//1329
f 685//1308 1763//1329 878//1330
f 685//1308 878//1330 877//1331
f 685//1308 877//1331 686//1302
f 1848//1332 721//1333 720//1334
f 1848//1332 720//1334 718//1335
f 1848//1332 718//1335 716//1336
f 1848//1332 716//1336 714//1337
f 1848//1332 714//1337 713//1338
f 1848//1332 713//1338 712//1339
f 1848//1332 712//1339 709//1340
f 1848//1332 709//1340 707//1341
f 1848//1332 707//1341 703//1342
f 1848//1332 703//1342 702//1343
f 1848//1332 702//1343 701//1344
f 1848//1332 701//1344 700//1345
f 1848//1332 700//1345 695//1346
f 1848//1332 695//1346 694//1347
f 1848//1332 694//1347 692//1348
f 1848//1332 692//1348 689//1312
f 1848//1332 689//1312 687//1310
f 1848//1332 687//1310 688//1311
f 691//1349 689//1350 690//1351
f 691//1349 690//1351 1795//1352
f 693//1353 690//1351 689//1350
f 693//1353 689//1350 692//1354
f 692//1354 694//1355 696//1356
f 692//1354 696//1356 693//1353
f 694//1355 695//1357 697//1358
f 694//1355 697//1358 696//1356
f 868//1359 872//1360 690//1361
f 868//1359 690//1361 693//1362
f 868//1359 693//1362 696//1363
f 868//1359 696//1363 697//1364
f 868//1359 697//1364 698//1365
f 868//1359 698//1365 699//1366
f 868//1359 699//1366 704//1367
f 868//1359 704//1367 705//1368
f 868//1359 705//1368 706//1369
f 868//1359 706//1369 708//1370
f 868//1359 708//1370 710//1371
f 868//1359 710//1371 711//1372
f 868//1359 711//1372 715//1373
f 868//1359 715//1373 717//1374
f 868//1359 717//1374 719//1375
f 868//1359 719//1375 722//1376
f 868//1359 722//1376 723//1377
f 868//1359 723//1377 724//1378
f 700//1379 698//1380 697//1381
f 700//1379 697//1381 695//1382
f 701//1383 699//1384 698//1380
f 701//1383 698//1380 700//1379
f 704//1385 699//1384 701//1383
f 704//1385 701//1383 702//1386
f 702//1386 703//1387 705//1388
f 702//1386 705//1388 704//1385
f 703//1387 707//1389 706//1390
f 703//1387 706//1390 705//1388
f 707//1389 709//1391 708//1392
f 707//1389 708//1392 706//1390
f 709//1391 712//1393 710//1394
f 709//1391 710//1394 708//1392
f 712//1393 713//1395 711//1396
f 712//1393 711//1396 710//1394
f 713//1395 714//1397 715//1398
f 713//1395 715//1398 711//1396
f 714//1397 716//1399 717//1400
f 714//1397 717//1400 715//1398
f 719//1401 717//1402 716//1403
f 719//1401 716//1403 718//1404
f 718//1404 720//1405 722//1406
f 718//1404 722//1406 719//1401
f 721//1407 723//1408 722//1409
f 721//1407 722//1409 720//1409
f 1953//1410 724//1378 723//1377
f 1953//1410 723//1377 725//1411
f 1953//1410 725//1411 727//1412
f 726//1413 725//1414 723//1408
f 726//1413 723//1408 721//1407
f 730//1415 728//1416 725//1414
f 730//1415 725//1414 726//1413
f 730//1415 726//1413 733//1417
f 730//1415 733//1417 732//1418
f 729//1419 727//1412 725//1411
f 729//1419 725//1411 728//1420
f 1807//1421 729//1419 728//1420
f 1807//1421 728//1420 730//1422
f 1807//1421 730//1422 731//1423
f 732//1418 734//1424 736//1425
f 732//1418 736//1425 738//1426
f 732//1418 738//1426 740//1427
f 732//1418 740//1427 741//1428
f 732//1418 741//1428 731//1429
f 732//1418 731//1429 730//1415
f 734//1430 732//1431 733//1432
f 734//1430 733//1432 1845//1433
f 734//1430 1845//1433 735//1434
f 736//1435 734//1430 735//1434
f 736//1435 735//1434 737//1436
f 739//1437 738//1438 736//1435
f 739//1437 736//1435 737//1436
f 739//1437 737//1436 768//1439
f 738//1426 739//1440 767//1441
f 738//1426 767//1441 743//1442
f 738//1426 743//1442 742//1443
f 738//1426 742//1443 740//1427
f 744//1444 746//1445 741//1446
f 744//1444 741//1446 740//1447
f 744//1444 740//1447 742//1448
f 747//1449 744//1444 742//1448
f 747//1449 742//1448 743//1450
f 747//1449 743//1450 749//1451
f 746//1445 744//1444 745//1452
f 746//1445 745//1452 1806//1453
f 744//1444 747//1449 750//1454
f 744//1444 750//1454 745//1452
f 747//1449 748//1455 751//1456
f 747//1449 751//1456 750//1454
f 748//1455 747//1449 749//1451
f 748//1455 749//1451 761//1457
f 745//1452 750//1454 751//1456
f 745//1452 751//1456 752//1458
f 745//1452 752//1458 1810//1459
f 751//1456 753//1460 754//1461
f 751//1456 754//1461 1928//1462
f 751//1456 1928//1462 752//1458
f 748//1455 755//1463 753//1460
f 748//1455 753//1460 751//1456
f 755//1463 756//1464 754//1461
f 755//1463 754//1461 753//1460
f 755//1463 748//1455 761//1457
f 755//1463 761//1457 759//1465
f 755//1463 759//1465 757//1466
f 756//1464 755//1463 757//1466
f 756//1464 757//1466 758//1467
f 760//1468 762//1469 780//1470
f 760//1468 780//1470 781//1471
f 760//1468 781//1471 782//1472
f 760//1468 782//1472 758//1473
f 760//1468 758//1473 757//1474
f 760//1468 757//1474 759//1475
f 767//1441 765//1476 763//1477
f 767//1441 763//1477 760//1468
f 767//1441 760//1468 759//1475
f 767//1441 759//1475 761//1478
f 767//1441 761//1478 749//1479
f 767//1441 749//1479 743//1442
f 762//1480 760//1481 763//1482
f 762//1480 763//1482 764//1483
f 762//1480 764//1483 779//1484
f 763//1482 765//1485 766//1486
f 763//1482 766//1486 764//1483
f 765//1485 767//1487 739//1437
f 765//1485 739//1437 768//1439
f 765//1485 768//1439 766//1486
f 769//1488 772//1489 764//1483
f 769//1488 764//1483 766//1486
f 769//1488 766//1486 768//1439
f 771//1490 769//1488 768//1439
f 771//1490 768//1439 737//1436
f 771//1490 737//1436 735//1434
f 770//1491 773//1492 772//1489
f 770//1491 772//1489 769//1488
f 1839//1493 770//1491 769//1488
f 1839//1493 769//1488 771//1490
f 773//1492 775//1494 774//1495
f 773//1492 774//1495 772//1489
f 772//1489 774//1495 777//1496
f 772//1489 777//1496 779//1484
f 772//1489 779//1484 764//1483
f 775//1494 1872//1497 776//1498
f 775//1494 776//1498 774//1495
f 776//1498 786//1499 778//1500
f 776//1498 778//1500 777//1496
f 776//1498 777//1496 774//1495
f 783//1501 781//1502 780//1503
f 783//1501 780//1503 777//1496
f 783//1501 777//1496 778//1500
f 780//1503 762//1480 779//1484
f 780//1503 779//1484 777//1496
f 781//1471 783//1504 784//1505
f 781//1471 784//1505 785//1506
f 781//1471 785//1506 1933//1507
f 781//1471 1933//1507 782//1472
f 786//1499 784//1508 783//1501
f 786//1499 783//1501 778//1500
f 787//1509 790//1510 785//1506
f 787//1509 785//1506 784//1505
f 788//1511 787//1512 784//1508
f 788//1511 784//1508 786//1499
f 789//1513 787//1512 788//1511
f 789//1513 788//1511 1868//1514
f 793//1515 792//1516 790//1510
f 793//1515 790//1510 787//1509
f 793//1515 787//1509 789//1517
f 793//1515 789//1517 806//1518
f 1930//1519 785//1520 790//1521
f 1930//1519 790//1521 791//1522
f 794//1523 791//1522 790//1521
f 794//1523 790//1521 792//1524
f 796//1525 794//1523 792//1524
f 796//1525 792//1524 793//1526
f 796//1525 793//1526 802//1527
f 796//1525 802//1527 801//1528
f 796//1525 801//1528 799//1529
f 794//1523 796//1525 797//1530
f 794//1523 797//1530 795//1531
f 794//1523 795//1531 1929//1532
f 794//1523 1929//1532 791//1522
f 797//1530 796//1525 798//1533
f 797//1530 798//1533 1952//1534
f 797//1530 1952//1534 1951//1535
f 796//1525 799//1529 800//1536
f 796//1525 800//1536 821//1537
f 796//1525 821//1537 798//1533
f 803//1538 804//1539 808//1540
f 803//1538 808//1540 800//1541
f 803//1538 800//1541 799//1542
f 803//1538 799//1542 801//1543
f 805//1544 803//1538 801//1543
f 805//1544 801//1543 802//1545
f 804//1546 803//1547 805//1548
f 804//1546 805//1548 806//1549
f 804//1546 806//1549 789//1513
f 804//1546 789//1513 1868//1514
f 804//1546 1868//1514 807//1550
f 806//1518 805//1544 802//1545
f 806//1518 802//1545 793//1515
f 1875//1551 809//1552 808//1553
f 1875//1551 808//1553 804//1546
f 1875//1551 804//1546 807//1550
f 816//1554 818//1555 800//1541
f 816//1554 800//1541 808//1540
f 816//1554 808//1540 810//1556
f 816//1554 810//1556 812//1557
f 816//1554 812//1557 814//1558
f 810//1559 808//1553 809//1552
f 810//1559 809//1552 811//1560
f 812//1561 810//1559 811//1560
f 812//1561 811//1560 813//1562
f 815//1563 814//1564 812//1561
f 815//1563 812//1561 813//1562
f 815//1563 813//1562 1881//1565
f 814//1558 815//1566 1882//1567
f 814//1558 1882//1567 1883//1568
f 814//1558 1883//1568 1884//1569
f 814//1558 1884//1569 826//1570
f 814//1558 826//1570 825//1571
f 814//1558 825//1571 824//1572
f 814//1558 824//1572 817//1573
f 814//1558 817//1573 816//1554
f 822//1574 819//1575 818//1576
f 822//1574 818//1576 816//1577
f 822//1574 816//1577 817//1578
f 819//1575 821//1537 800//1536
f 819//1575 800//1536 818//1576
f 820//1579 819//1575 822//1574
f 820//1579 822//1574 823//1580
f 819//1575 820//1579 1952//1534
f 819//1575 1952//1534 798//1533
f 819//1575 798//1533 821//1537
f 827//1581 823//1580 822//1574
f 827//1581 822//1574 824//1582
f 827//1581 824//1582 825//1583
f 822//1574 817//1578 824//1582
f 828//1584 827//1581 825//1583
f 828//1584 825//1583 826//1585
f 828//1584 826//1585 1887//1586
f 828//1584 1887//1586 1888//1587
f 828//1584 1888//1587 1889//1588
f 828//1584 1889//1588 1890//1589
f 828//1584 1890//1589 1895//1590
f 828//1584 1895//1590 1896//1591
f 828//1584 1896//1591 1897//1592
f 829//1593 827//1581 828//1584
f 829//1593 828//1584 830//1594
f 831//1595 823//1580 827//1581
f 831//1595 827//1581 829//1593
f 829//1593 830//1594 834//1596
f 829//1593 834//1596 832//1597
f 831//1595 829//1593 832//1597
f 831//1595 832//1597 833//1598
f 831//1595 833//1598 1949//1599
f 838//1600 833//1598 832//1597
f 838//1600 832//1597 834//1596
f 838//1600 834//1596 835//1601
f 838//1600 835//1601 837//1602
f 830//1594 637//1231 836//1232
f 830//1594 836//1232 835//1601
f 830//1594 835//1601 834//1596
f 841//1224 839//1603 837//1602
f 841//1224 837//1602 835//1601
f 841//1224 835//1601 836//1232
f 841//1224 836//1232 635//1225
f 838//1600 837//1602 839//1603
f 838//1600 839//1603 840//1604
f 838//1600 840//1604 1947//1605
f 838//1600 1947//1605 1946//1606
f 841//1224 843//1607 844//1608
f 841//1224 844//1608 840//1604
f 841//1224 840//1604 839//1603
f 841//1224 842//1228 845//1609
f 841//1224 845//1609 843//1607
f 849//1610 844//1608 843//1607
f 849//1610 843//1607 845//1609
f 849//1610 845//1609 847//1611
f 1954//1222 846//1612 845//1609
f 1954//1222 845//1609 842//1228
f 1954//1222 842//1228 631//1223
f 1701//1613 848//1614 847//1611
f 1701//1613 847//1611 845//1609
f 1701//1613 845//1609 846//1612
f 1701//1613 846//1612 1702//1615
f 851//1616 849//1610 847//1611
f 851//1616 847//1611 848//1614
f 851//1616 848//1614 852//1617
f 850//1618 849//1610 851//1616
f 850//1618 851//1616 854//1619
f 849//1610 850//1618 1947//1605
f 849//1610 1947//1605 840//1604
f 849//1610 840//1604 844//1608
f 851//1616 852//1617 1699//1620
f 851//1616 1699//1620 1705//1621
f 851//1616 1705//1621 853//1622
f 854//1619 851//1616 853//1622
f 854//1619 853//1622 855//1623
f 857//1624 856//1625 854//1619
f 857//1624 854//1619 855//1623
f 857//1624 855//1623 1760//1626
f 858//1627 850//1618 854//1619
f 858//1627 854//1619 856//1625
f 856//1625 857//1624 862//1628
f 856//1625 862//1628 861//1629
f 856//1625 861//1629 859//1630
f 858//1627 856//1625 859//1630
f 858//1627 859//1630 860//1631
f 858//1627 860//1631 1942//1632
f 863//1633 865//1634 860//1631
f 863//1633 860//1631 859//1630
f 863//1633 859//1630 861//1629
f 861//1629 862//1628 905//1635
f 861//1629 905//1635 864//1636
f 861//1629 864//1636 863//1633
f 866//1637 863//1633 864//1636
f 866//1637 864//1636 869//1638
f 866//1637 867//1639 865//1634
f 866//1637 865//1634 863//1633
f 866//1637 868//1359 1796//1640
f 866//1637 1796//1640 867//1639
f 868//1359 866//1637 869//1638
f 868//1359 869//1638 870//1641
f 868//1359 870//1641 872//1360
f 870//1641 869//1638 864//1636
f 870//1641 864//1636 902//1642
f 870//1641 902//1642 901//1643
f 870//1641 901//1643 889//1644
f 870//1641 889//1644 873//1645
f 870//1641 873//1645 871//1646
f 871//1646 874//1647 875//1648
f 871//1646 875//1648 1765//1649
f 871//1646 1765//1649 1766//1650
f 871//1646 1766//1650 1767//1651
f 871//1646 1767//1651 1769//1652
f 871//1646 1769//1652 1770//1653
f 871//1646 1770//1653 1774//1654
f 871//1646 1774//1654 1776//1655
f 871//1646 1776//1655 1778//1656
f 871//1646 1778//1656 1780//1657
f 871//1646 1780//1657 1783//1658
f 871//1646 1783//1658 1784//1659
f 871//1646 1784//1659 1785//1660
f 871//1646 1785//1660 1787//1661
f 871//1646 1787//1661 1789//1662
f 871//1646 1789//1662 1791//1663
f 871//1646 1791//1663 1792//1664
f 871//1646 1792//1664 1795//1665
f 871//1646 1795//1665 690//1361
f 871//1646 690//1361 872//1360
f 871//1646 872//1360 870//1641
f 882//1666 876//1667 874//1668
f 882//1666 874//1668 871//1646
f 882//1666 871//1646 873//1645
f 875//1669 874//1670 877//1671
f 875//1669 877//1671 878//1672
f 879//1673 877//1674 874//1675
f 879//1673 874//1675 876//1676
f 881//1303 686//1302 877//1331
f 881//1303 877//1331 879//1677
f 881//1303 879//1677 880//1678
f 876//1676 882//1679 880//1680
f 876//1676 880//1680 879//1673
f 1761//1305 1762//1304 881//1303
f 1761//1305 881//1303 880//1678
f 1761//1305 880//1678 883//1681
f 1761//1305 883//1681 885//1682
f 1761//1305 885//1682 886//1683
f 883//1684 880//1680 882//1679
f 883//1684 882//1679 884//1685
f 885//1686 883//1684 884//1685
f 885//1686 884//1685 887//1687
f 892//1688 886//1689 885//1686
f 892//1688 885//1686 887//1687
f 892//1688 887//1687 888//1690
f 892//1688 888//1690 890//1691
f 888//1692 887//1693 884//1694
f 888//1692 884//1694 882//1666
f 888//1692 882//1666 873//1645
f 888//1692 873//1645 889//1644
f 900//1695 891//1696 890//1697
f 900//1695 890//1697 888//1692
f 900//1695 888//1692 889//1644
f 900//1695 889//1644 901//1643
f 893//1698 892//1688 890//1691
f 893//1698 890//1691 891//1699
f 886//1683 892//1700 893//1701
f 886//1683 893//1701 894//1702
f 886//1683 894//1702 895//1703
f 886//1683 895//1703 1761//1305
f 896//1704 894//1705 893//1698
f 896//1704 893//1698 891//1699
f 896//1704 891//1699 900//1706
f 896//1704 900//1706 898//1707
f 894//1702 896//1708 897//1709
f 894//1702 897//1709 1758//1710
f 894//1702 1758//1710 1756//1711
f 894//1702 1756//1711 1757//1712
f 894//1702 1757//1712 681//1713
f 894//1702 681//1713 895//1703
f 897//1714 896//1704 898//1707
f 897//1714 898//1707 899//1715
f 901//1643 902//1716 903//1717
f 901//1643 903//1717 1759//1718
f 901//1643 1759//1718 899//1719
f 901//1643 899//1719 898//1720
f 901//1643 898//1720 900//1695
f 864//1636 905//1635 904//1721
f 864//1636 904//1721 902//1642
f 903//1717 902//1716 904//1722
f 903//1717 904//1722 907//1723
f 913//1724 912//1724 906//1724
f 913//1724 906//1724 904//1721
f 913//1724 904//1721 905//1635
f 913//1724 905//1635 1760//1626
f 913//1724 1760//1626 855//1623
f 913//1724 855//1623 853//1622
f 913//1724 853//1622 1705//1621
f 913//1724 1705//1621 917//1725
f 909//1726 907//1723 904//1722
f 909//1726 904//1722 906//1727
f 1756//1728 903//1729 907//1730
f 1756//1728 907//1730 908//1731
f 908//1731 907//1730 909//1732
f 908//1731 909//1732 910//1733
f 908//1731 910//1733 911//1734
f 908//1731 911//1734 1754//1735
f 906//1727 912//1736 910//1737
f 906//1727 910//1737 909//1726
f 910//1738 912//1739 914//1740
f 910//1738 914//1740 911//1741
f 913//1742 915//1743 914//1744
f 913//1742 914//1744 912//1745
f 915//1746 913//1746 917//1747
f 915//1746 917//1747 916//1748
f 916//1748 917//1747 919//1749
f 916//1748 919//1749 918//1750
f 1023//1751 1024//1752 1025//1753
f 1023//1751 1025//1753 1026//1753
f 1023//1751 1026//1753 1027//1752
f 1023//1751 1027//1752 1028//1752
f 1023//1751 1028//1752 1029//1754
f 1023//1751 1029//1754 1030//1752
f 1023//1751 1030//1752 1031//1755
f 1023//1751 1031//1755 1032//1755
f 1023//1751 1032//1755 1033//1755
f 1023//1751 1033//1755 1034//1755
f 1023//1751 1034//1755 1035//1755
f 1023//1751 1035//1755 1036//1753
f 1023//1751 1036//1753 1037//1752
f 1023//1751 1037//1752 1038//1756
f 1023//1751 1038//1756 1039//1757
f 1023//1751 1039//1757 1040//1755
f 1023//1751 1040//1755 1041//1753
f 1023//1751 1041//1753 1042//1753
f 1023//1751 1042//1753 1022//1758
f 1023//1751 1022//1758 1043//1759
f 1023//1751 1043//1759 673//1286
f 1023//1751 673//1286 916//1290
f 1023//1751 916//1290 918//1760
f 1023//1751 918//1760 921//1761
f 1023//1751 921//1761 922//1762
f 1680//1763 920//1764 918//1750
f 1680//1763 918//1750 919//1749
f 1680//1763 919//1749 1679//1765
f 925//1766 923//1767 921//1761
f 925//1766 921//1761 918//1760
f 925//1766 918//1760 920//1768
f 924//1769 922//1762 921//1761
f 924//1769 921//1761 923//1767
f 923//1767 925//1766 926//1770
f 923//1767 926//1770 927//1771
f 923//1767 927//1771 1000//1772
f 923//1767 1000//1772 924//1769
f 920//1768 1680//1773 929//1774
f 920//1768 929//1774 928//1775
f 920//1768 928//1775 926//1770
f 920//1768 926//1770 925//1766
f 926//1770 928//1775 930//1776
f 926//1770 930//1776 932//1777
f 926//1770 932//1777 933//1778
f 926//1770 933//1778 927//1771
f 929//1774 1676//1779 1675//1780
f 929//1774 1675//1780 931//1781
f 929//1774 931//1781 930//1776
f 929//1774 930//1776 928//1775
f 930//1776 931//1781 938//1782
f 930//1776 938//1782 936//1783
f 930//1776 936//1783 934//1784
f 930//1776 934//1784 932//1777
f 933//1778 932//1777 934//1784
f 933//1778 934//1784 935//1785
f 933//1778 935//1785 995//1786
f 934//1784 936//1783 937//1787
f 934//1784 937//1787 1752//1788
f 934//1784 1752//1788 935//1785
f 937//1787 936//1783 939//1789
f 937//1787 939//1789 940//1790
f 937//1787 940//1790 941//1791
f 937//1787 941//1791 942//1792
f 937//1787 942//1792 943//1793
f 937//1787 943//1793 944//1794
f 937//1787 944//1794 945//1795
f 937//1787 945//1795 946//1796
f 937//1787 946//1796 947//1797
f 937//1787 947//1797 948//1798
f 937//1787 948//1798 949//1799
f 937//1787 949//1799 950//1800
f 937//1787 950//1800 951//1801
f 937//1787 951//1801 952//1802
f 937//1787 952//1802 955//1803
f 953//1804 952//1802 951//1801
f 953//1804 951//1801 950//1800
f 953//1804 950//1800 949//1799
f 953//1804 949//1799 948//1798
f 953//1804 948//1798 947//1797
f 953//1804 947//1797 946//1796
f 953//1804 946//1796 945//1795
f 953//1804 945//1795 944//1794
f 953//1804 944//1794 943//1793
f 953//1804 943//1793 942//1792
f 953//1804 942//1792 941//1791
f 953//1804 941//1791 940//1790
f 953//1804 940//1790 939//1789
f 953//1804 939//1789 936//1783
f 953//1804 936//1783 938//1782
f 953//1804 938//1782 1433//1805
f 953//1804 1433//1805 1431//1806
f 953//1804 1431//1806 1429//1807
f 953//1804 1429//1807 1427//1808
f 953//1804 1427//1808 1426//1809
f 953//1804 1426//1809 1425//1810
f 953//1804 1425//1810 1422//1811
f 953//1804 1422//1811 1418//1812
f 953//1804 1418//1812 1417//1813
f 953//1804 1417//1813 1415//1814
f 953//1804 1415//1814 1413//1815
f 953//1804 1413//1815 1411//1816
f 953//1804 1411//1816 1402//1817
f 1319//1818 954//1819 952//1802
f 1319//1818 952//1802 953//1804
f 1319//1818 953//1804 1321//1820
f 1319//1818 1321//1820 1320//1821
f 956//1822 955//1803 952//1802
f 956//1822 952//1802 954//1819
f 956//1822 954//1819 957//1823
f 955//1803 956//1822 958//1824
f 955//1803 958//1824 959//1825
f 955//1803 959//1825 1752//1788
f 955//1803 1752//1788 937//1787
f 962//1826 961//1827 958//1824
f 962//1826 958//1824 956//1822
f 962//1826 956//1822 957//1823
f 1752//1788 959//1825 958//1824
f 1752//1788 958//1824 960//1828
f 1752//1788 960//1828 991//1829
f 1752//1788 991//1829 935//1785
f 963//1830 965//1831 967//1832
f 963//1830 967//1832 960//1828
f 963//1830 960//1828 958//1824
f 963//1830 958//1824 961//1827
f 961//1827 962//1826 1314//1833
f 961//1827 1314//1833 964//1834
f 961//1827 964//1834 963//1830
f 965//1831 963//1830 964//1834
f 965//1831 964//1834 1751//1835
f 965//1831 1751//1835 966//1836
f 988//1837 987//1838 986//1839
f 988//1837 986//1839 985//1840
f 988//1837 985//1840 984//1841
f 988//1837 984//1841 983//1842
f 988//1837 983//1842 982//1843
f 988//1837 982//1843 980//1844
f 988//1837 980//1844 979//1844
f 988//1837 979//1844 978//1843
f 988//1837 978//1843 977//1845
f 988//1837 977//1845 975//1846
f 988//1837 975//1846 974//1847
f 988//1837 974//1847 973//1848
f 988//1837 973//1848 972//1849
f 988//1837 972//1849 971//1850
f 988//1837 971//1850 970//1851
f 988//1837 970//1851 969//1852
f 988//1837 969//1852 968//1853
f 988//1837 968//1853 967//1832
f 988//1837 967//1832 965//1831
f 988//1837 965//1831 966//1836
f 988//1837 966//1836 1107//1854
f 960//1828 967//1832 968//1853
f 960//1828 968//1853 969//1852
f 960//1828 969//1852 970//1851
f 960//1828 970//1851 971//1850
f 960//1828 971//1850 972//1849
f 960//1828 972//1849 973//1848
f 960//1828 973//1848 974//1847
f 960//1828 974//1847 975//1846
f 960//1828 975//1846 976//1855
f 960//1828 976//1855 979//1844
f 960//1828 979//1844 980//1844
f 960//1828 980//1844 981//1856
f 960//1828 981//1856 983//1842
f 960//1828 983//1842 984//1841
f 960//1828 984//1841 985//1840
f 960//1828 985//1840 986//1839
f 960//1828 986//1839 987//1838
f 960//1828 987//1838 989//1857
f 960//1828 989//1857 991//1829
f 987//1838 988//1837 1046//1858
f 987//1838 1046//1858 990//1859
f 987//1838 990//1859 989//1857
f 990//1859 993//1860 992//1861
f 990//1859 992//1861 989//1857
f 989//1857 992//1861 994//1862
f 989//1857 994//1862 991//1829
f 993//1860 998//1863 996//1864
f 993//1860 996//1864 994//1862
f 993//1860 994//1862 992//1861
f 991//1829 994//1862 995//1786
f 991//1829 995//1786 935//1785
f 994//1862 996//1864 999//1865
f 994//1862 999//1865 995//1786
f 997//1866 1002//1867 1001//1868
f 997//1866 1001//1868 999//1865
f 997//1866 999//1865 996//1864
f 1010//1869 1009//1870 997//1866
f 1010//1869 997//1866 996//1864
f 1010//1869 996//1864 998//1863
f 1000//1772 927//1771 933//1778
f 1000//1772 933//1778 995//1786
f 1000//1772 995//1786 999//1865
f 1001//1868 922//1762 924//1769
f 1001//1868 924//1769 1000//1772
f 1001//1868 1000//1772 999//1865
f 1005//1871 1023//1751 922//1762
f 1005//1871 922//1762 1001//1868
f 1005//1871 1001//1868 1002//1867
f 1005//1871 1002//1867 1003//1872
f 1002//1867 997//1866 1009//1870
f 1002//1867 1009//1870 1006//1873
f 1002//1867 1006//1873 1003//1872
f 1043//1759 1022//1758 1005//1871
f 1043//1759 1005//1871 1003//1872
f 1043//1759 1003//1872 1004//1874
f 1006//1873 1008//1875 1004//1874
f 1006//1873 1004//1874 1003//1872
f 1009//1870 1010//1869 1011//1068
f 1009//1870 1011//1068 1012//1067
f 1009//1870 1012//1067 1007//1876
f 1009//1870 1007//1876 1006//1873
f 1007//1876 1016//1877 1014//1878
f 1007//1876 1014//1878 1008//1875
f 1007//1876 1008//1875 1006//1873
f 489//1064 1011//1068 1010//1869
f 489//1064 1010//1869 998//1863
f 489//1064 998//1863 487//1062
f 1016//1877 1007//1876 1012//1067
f 1016//1877 1012//1067 491//1069
f 1016//1877 491//1069 1017//1073
f 1013//1284 670//1283 1044//1287
f 1013//1284 1044//1287 1004//1874
f 1013//1284 1004//1874 1008//1875
f 1014//1878 1015//1879 1021//1280
f 1014//1878 1021//1280 668//1279
f 1014//1878 668//1279 1013//1284
f 1014//1878 1013//1284 1008//1875
f 1015//1879 1014//1878 1016//1877
f 1015//1879 1016//1877 1017//1073
f 1015//1879 1017//1073 1018//1880
f 495//1072 501//1075 653//1093
f 495//1072 653//1093 1019//1262
f 495//1072 1019//1262 1018//1880
f 495//1072 1018//1880 1017//1073
f 1019//1262 1020//1261 1021//1280
f 1019//1262 1021//1280 1015//1879
f 1019//1262 1015//1879 1018//1880
f 665//1276 1021//1280 1020//1261
f 665//1276 1020//1261 655//1263
f 1022//1758 1042//1753 1041//1753
f 1022//1758 1041//1753 1040//1755
f 1022//1758 1040//1755 1039//1757
f 1022//1758 1039//1757 1038//1756
f 1022//1758 1038//1756 1037//1752
f 1022//1758 1037//1752 1036//1753
f 1022//1758 1036//1753 1035//1755
f 1022//1758 1035//1755 1034//1755
f 1022//1758 1034//1755 1033//1755
f 1022//1758 1033//1755 1032//1755
f 1022//1758 1032//1755 1031//1755
f 1022//1758 1031//1755 1030//1752
f 1022//1758 1030//1752 1029//1754
f 1022//1758 1029//1754 1028//1752
f 1022//1758 1028//1752 1027//1752
f 1022//1758 1027//1752 1026//1753
f 1022//1758 1026//1753 1025//1753
f 1022//1758 1025//1753 1024//1752
f 1022//1758 1024//1752 1023//1751
f 1022//1758 1023//1751 1005//1871
f 1044//1287 673//1286 1043//1759
f 1044//1287 1043//1759 1004//1874
f 485//1060 487//1062 998//1863
f 485//1060 998//1863 993//1860
f 1045//1061 485//1060 993//1860
f 1045//1061 993//1860 990//1859
f 1046//1858 1047//1881 1049//1882
f 1046//1858 1049//1882 1050//1883
f 1046//1858 1050//1883 1045//1061
f 1046//1858 1045//1061 990//1859
f 1109//1884 455//1885 1088//1886
f 1109//1884 1088//1886 1087//1887
f 1109//1884 1087//1887 1089//1888
f 1109//1884 1089//1888 1091//1889
f 1109//1884 1091//1889 1093//1890
f 1109//1884 1093//1890 1095//1891
f 1109//1884 1095//1891 1097//1892
f 1109//1884 1097//1892 1098//1893
f 1109//1884 1098//1893 1103//1894
f 1109//1884 1103//1894 1048//1895
f 1109//1884 1048//1895 1047//1881
f 1109//1884 1047//1881 1046//1858
f 1109//1884 1046//1858 988//1837
f 1109//1884 988//1837 1107//1854
f 1102//1896 447//1897 1047//1898
f 1102//1896 1047//1898 1048//1899
f 1049//1900 1047//1898 447//1897
f 1049//1900 447//1897 1051//1901
f 1055//1902 1050//1903 1049//1900
f 1055//1902 1049//1900 1051//1901
f 1055//1902 1051//1901 1052//1904
f 1055//1902 1052//1904 1053//1905
f 444//961 1061//1906 1060//1907
f 444//961 1060//1907 1059//1908
f 444//961 1059//1908 1054//1909
f 444//961 1054//1909 1053//1910
f 444//961 1053//1910 1052//963
f 1056//1911 1055//1902 1053//1905
f 1056//1911 1053//1905 1054//1912
f 1050//1883 1055//1913 1056//1914
f 1050//1883 1056//1914 1057//1915
f 1050//1883 1057//1915 1058//1916
f 1050//1883 1058//1916 484//1058
f 1050//1883 484//1058 1045//1061
f 1057//1917 1056//1911 1054//1912
f 1057//1917 1054//1912 1059//1918
f 1064//1919 1058//1920 1057//1917
f 1064//1919 1057//1917 1059//1918
f 1064//1919 1059//1918 1060//1921
f 1064//1919 1060//1921 1062//1922
f 1061//1906 421//926 467//931
f 1061//1906 467//931 465//1036
f 1061//1906 465//1036 1075//1035
f 1061//1906 1075//1035 1074//1923
f 1061//1906 1074//1923 1073//1924
f 1061//1906 1073//1924 1072//1925
f 1061//1906 1072//1925 1069//1926
f 1061//1906 1069//1926 1067//1927
f 1061//1906 1067//1927 1063//1928
f 1061//1906 1063//1928 1062//1929
f 1061//1906 1062//1929 1060//1907
f 1065//1930 1064//1919 1062//1922
f 1065//1930 1062//1922 1063//1931
f 1058//1916 1064//1932 1065//1933
f 1058//1916 1065//1933 1066//1934
f 1058//1916 1066//1934 1068//1935
f 1058//1916 1068//1935 1070//1936
f 1058//1916 1070//1936 1071//1937
f 1058//1916 1071//1937 1076//1938
f 1058//1916 1076//1938 1077//1939
f 1058//1916 1077//1939 1078//1045
f 1058//1916 1078//1045 477//1051
f 1058//1916 477//1051 484//1058
f 1066//1940 1065//1930 1063//1931
f 1066//1940 1063//1931 1067//1941
f 1068//1942 1066//1940 1067//1941
f 1068//1942 1067//1941 1069//1943
f 1070//1944 1068//1942 1069//1943
f 1070//1944 1069//1943 1072//1945
f 1071//1946 1070//1944 1072//1945
f 1071//1946 1072//1945 1073//1947
f 1076//1948 1071//1946 1073//1947
f 1076//1948 1073//1947 1074//1949
f 1074//1949 1075//1950 1077//1951
f 1074//1949 1077//1951 1076//1948
f 1081//1952 1079//1953 1077//1951
f 1081//1952 1077//1951 1075//1950
f 1081//1952 1075//1950 461//1954
f 1081//1952 461//1954 1083//1955
f 1104//1046 1078//1045 1077//1939
f 1104//1046 1077//1939 1079//1956
f 1104//1046 1079//1956 1080//1957
f 1104//1046 1080//1957 463//1958
f 1104//1046 463//1958 1105//1959
f 1088//1886 459//1960 1080//1957
f 1088//1886 1080//1957 1079//1956
f 1088//1886 1079//1956 1081//1961
f 1088//1886 1081//1961 1082//1962
f 1088//1886 1082//1962 1086//1963
f 1088//1886 1086//1963 1087//1887
f 1082//1964 1081//1952 1083//1955
f 1082//1964 1083//1955 1084//1965
f 1086//1966 1082//1964 1084//1965
f 1086//1966 1084//1965 1085//1967
f 1089//1968 1087//1969 1086//1966
f 1089//1968 1086//1966 1085//1967
f 1089//1968 1085//1967 457//1970
f 1089//1968 457//1970 1090//1971
f 1091//1972 1089//1968 1090//1971
f 1091//1972 1090//1971 1092//1973
f 1093//1974 1091//1972 1092//1973
f 1093//1974 1092//1973 1094//1975
f 1095//1976 1093//1974 1094//1975
f 1095//1976 1094//1975 1096//1977
f 1097//1978 1095//1976 1096//1977
f 1097//1978 1096//1977 1099//1979
f 1098//1980 1097//1978 1099//1979
f 1098//1980 1099//1979 1100//1981
f 1103//1982 1098//1980 1100//1981
f 1103//1982 1100//1981 1101//1983
f 1048//1899 1103//1982 1101//1983
f 1048//1899 1101//1983 1102//1896
f 1105//1959 468//1047 1104//1046
f 1061//1906 1106//938 423//932
f 1061//1906 423//932 421//926
f 444//961 441//959 1106//938
f 444//961 1106//938 1061//1906
f 441//959 433//948 427//939
f 441//959 427//939 1106//938
f 1280//1984 1122//1985 1121//1986
f 1280//1984 1121//1986 1120//1987
f 1280//1984 1120//1987 1117//1988
f 1280//1984 1117//1988 1115//1989
f 1280//1984 1115//1989 1111//1990
f 1280//1984 1111//1990 1110//1991
f 1280//1984 1110//1991 1108//1992
f 1280//1984 1108//1992 1107//1854
f 1280//1984 1107//1854 966//1836
f 1280//1984 966//1836 1751//1835
f 1280//1984 1751//1835 1311//1993
f 1280//1984 1311//1993 1283//1994
f 1280//1984 1283//1994 1281//1995
f 1280//1984 1281//1995 1228//1996
f 1280//1984 1228//1996 1234//1997
f 1108//1992 1109//1884 1107//1854
f 1110//1014 1111//1998 1113//1999
f 1110//1014 1113//1999 1112//1015
f 1111//1998 1115//2000 1114//2001
f 1111//1998 1114//2001 1113//1999
f 1115//2000 1117//2002 1116//2003
f 1115//2000 1116//2003 1114//2001
f 1117//2002 1120//2004 1118//2005
f 1117//2002 1118//2005 1116//2003
f 1120//2004 1121//2006 1123//2007
f 1120//2004 1123//2007 1119//2008
f 1120//2004 1119//2008 1118//2005
f 1121//2006 1122//2009 1124//2010
f 1121//2006 1124//2010 1123//2007
f 1126//2011 1586//2012 1587//2013
f 1126//2011 1587//2013 1588//1001
f 1126//2011 1588//1001 1119//1010
f 1126//2011 1119//1010 1123//2014
f 1126//2011 1123//2014 1124//2015
f 1126//2011 1124//2015 1125//2016
f 1122//2009 1280//2017 1128//2018
f 1122//2009 1128//2018 1127//2019
f 1122//2009 1127//2019 1125//2020
f 1122//2009 1125//2020 1124//2010
f 1132//2021 1238//2022 1232//2023
f 1132//2021 1232//2023 1231//2024
f 1132//2021 1231//2024 1230//2025
f 1132//2021 1230//2025 1126//2011
f 1132//2021 1126//2011 1125//2016
f 1132//2021 1125//2016 1127//2026
f 1132//2021 1127//2026 1129//2027
f 1132//2021 1129//2027 1131//2028
f 1128//2018 1130//2029 1129//2030
f 1128//2018 1129//2030 1127//2019
f 1130//2029 1239//2031 1134//2032
f 1130//2029 1134//2032 1133//2033
f 1130//2029 1133//2033 1131//2034
f 1130//2029 1131//2034 1129//2030
f 1136//2035 1243//2036 1242//2037
f 1136//2035 1242//2037 1132//2021
f 1136//2035 1132//2021 1131//2028
f 1136//2035 1131//2028 1133//2038
f 1136//2035 1133//2038 1135//2039
f 1134//2032 1254//2040 1253//2041
f 1134//2032 1253//2041 1139//2042
f 1134//2032 1139//2042 1138//2043
f 1134//2032 1138//2043 1137//2044
f 1134//2032 1137//2044 1135//2045
f 1134//2032 1135//2045 1133//2033
f 1136//2035 1135//2039 1137//2046
f 1275//2047 1274//2048 1270//2049
f 1275//2047 1270//2049 1269//2050
f 1275//2047 1269//2050 1268//2051
f 1275//2047 1268//2051 1267//2052
f 1275//2047 1267//2052 1262//2053
f 1275//2047 1262//2053 1261//2054
f 1275//2047 1261//2054 1260//2055
f 1275//2047 1260//2055 1259//2056
f 1275//2047 1259//2056 1256//2057
f 1275//2047 1256//2057 1248//2058
f 1275//2047 1248//2058 1247//2059
f 1275//2047 1247//2059 1246//2060
f 1275//2047 1246//2060 1136//2035
f 1275//2047 1136//2035 1137//2046
f 1275//2047 1137//2046 1138//2061
f 1275//2047 1138//2061 1140//2062
f 1275//2047 1140//2062 1142//2063
f 1275//2047 1142//2063 1144//2064
f 1275//2047 1144//2064 1145//2065
f 1275//2047 1145//2065 1149//2066
f 1275//2047 1149//2066 1151//2067
f 1275//2047 1151//2067 1153//2068
f 1275//2047 1153//2068 1156//2069
f 1275//2047 1156//2069 1157//2070
f 1275//2047 1157//2070 1158//2071
f 1275//2047 1158//2071 1159//2072
f 1275//2047 1159//2072 1163//2073
f 1275//2047 1163//2073 1276//2074
f 1139//2042 1141//2075 1140//2076
f 1139//2042 1140//2076 1138//2043
f 1141//2075 1143//2077 1142//2078
f 1141//2075 1142//2078 1140//2076
f 1143//2077 1146//2079 1144//2080
f 1143//2077 1144//2080 1142//2078
f 1146//2079 1147//2081 1145//2082
f 1146//2079 1145//2082 1144//2080
f 1164//2083 1162//2084 1161//2085
f 1164//2083 1161//2085 1160//2086
f 1164//2083 1160//2086 1155//2087
f 1164//2083 1155//2087 1154//2088
f 1164//2083 1154//2088 1152//2089
f 1164//2083 1152//2089 1150//2090
f 1164//2083 1150//2090 1148//2091
f 1164//2083 1148//2091 1147//2092
f 1164//2083 1147//2092 1146//2093
f 1164//2083 1146//2093 1143//2094
f 1164//2083 1143//2094 1141//2095
f 1164//2083 1141//2095 1139//2096
f 1164//2083 1139//2096 1253//2097
f 1164//2083 1253//2097 1252//2098
f 1164//2083 1252//2098 1250//2099
f 1164//2083 1250//2099 1251//2100
f 1164//2083 1251//2100 1255//2101
f 1164//2083 1255//2101 1257//2102
f 1164//2083 1257//2102 1258//2103
f 1164//2083 1258//2103 1263//2104
f 1164//2083 1263//2104 1264//2105
f 1164//2083 1264//2105 1265//2106
f 1164//2083 1265//2106 1266//2107
f 1164//2083 1266//2107 1271//2108
f 1164//2083 1271//2108 1272//2109
f 1164//2083 1272//2109 1273//2110
f 1164//2083 1273//2110 1165//2111
f 1147//2081 1148//2112 1149//2113
f 1147//2081 1149//2113 1145//2082
f 1148//2112 1150//2114 1151//2115
f 1148//2112 1151//2115 1149//2113
f 1150//2114 1152//2116 1153//2117
f 1150//2114 1153//2117 1151//2115
f 1152//2116 1154//2118 1156//2119
f 1152//2116 1156//2119 1153//2117
f 1154//2118 1155//2120 1157//2121
f 1154//2118 1157//2121 1156//2119
f 1155//2120 1160//2122 1158//2123
f 1155//2120 1158//2123 1157//2121
f 1160//2122 1161//2124 1159//2125
f 1160//2122 1159//2125 1158//2123
f 1161//2124 1162//2126 1163//2127
f 1161//2124 1163//2127 1159//2125
f 1162//2126 1164//2128 1166//2129
f 1162//2126 1166//2129 1167//2130
f 1162//2126 1167//2130 1276//2131
f 1162//2126 1276//2131 1163//2127
f 1169//899 1168//2132 1166//2133
f 1169//899 1166//2133 1164//2083
f 1169//899 1164//2083 1165//2111
f 1169//899 1165//2111 1278//2134
f 1169//899 1278//2134 1279//2135
f 1169//899 1279//2135 1180//900
f 1166//2129 1168//2136 1170//2137
f 1166//2129 1170//2137 1167//2130
f 1168//2136 1169//2138 1174//2139
f 1168//2136 1174//2139 1173//2140
f 1168//2136 1173//2140 1171//2141
f 1168//2136 1171//2141 1170//2137
f 1172//653 1176//2142 1277//2143
f 1172//653 1277//2143 1275//2047
f 1172//653 1275//2047 1276//2074
f 1172//653 1276//2074 1167//2144
f 1172//653 1167//2144 1170//2145
f 1172//653 1170//2145 1171//654
f 1174//2139 413//918 1175//919
f 1174//2139 1175//919 1173//2140
f 1179//2146 1180//2147 1279//2148
f 1179//2146 1279//2148 1176//2149
f 1179//2146 1176//2149 1172//2150
f 1179//2146 1172//2150 1177//2151
f 1181//2152 1179//2146 1177//2151
f 1181//2152 1177//2151 1178//2153
f 1182//2154 1181//2152 1178//2153
f 1182//2154 1178//2153 1184//2155
f 1183//2156 1182//2154 1184//2155
f 1183//2156 1184//2155 1185//2157
f 1187//2158 1183//2156 1185//2157
f 1187//2158 1185//2157 1186//2159
f 1190//2160 1187//2158 1186//2159
f 1190//2160 1186//2159 1188//2161
f 1191//2162 1190//2160 1188//2161
f 1191//2162 1188//2161 1189//2163
f 1192//2164 1191//2162 1189//2163
f 1192//2164 1189//2163 1194//2165
f 1196//2166 1195//2167 1193//2168
f 1196//2166 1193//2168 1192//2164
f 1196//2166 1192//2164 1194//2165
f 1196//2166 1194//2165 282//2169
f 1196//2166 282//2169 270//2170
f 1196//2166 270//2170 1197//2171
f 1200//2172 264//2173 1196//2166
f 1200//2172 1196//2166 1197//2171
f 1200//2172 1197//2171 1198//2174
f 1200//2172 1198//2174 1199//2175
f 1199//2175 251//2176 249//2177
f 1199//2175 249//2177 1202//2178
f 1199//2175 1202//2178 1201//2179
f 1199//2175 1201//2179 1200//2172
f 1201//596 1202//2180 1204//584
f 1201//596 1204//584 1203//583
f 1204//584 1202//2180 1206//2181
f 1204//584 1206//2181 1207//2182
f 1204//584 1207//2182 1211//2183
f 1204//584 1211//2183 1212//529
f 1204//584 1212//529 1213//528
f 1204//584 1213//528 245//2184
f 1204//584 245//2184 1205//585
f 1206//2185 1202//2178 249//2177
f 1206//2185 249//2177 1208//2186
f 1207//2187 1206//2185 1208//2186
f 1207//2187 1208//2186 1209//2188
f 1211//2189 1207//2187 1209//2188
f 1211//2189 1209//2188 1210//2190
f 1214//2191 1212//2192 1211//2189
f 1214//2191 1211//2189 1210//2190
f 1214//2191 1210//2190 243//2193
f 1214//2191 243//2193 1215//2194
f 1216//2195 1214//2191 1215//2194
f 1216//2195 1215//2194 1218//2196
f 1223//2197 1217//2198 1216//2195
f 1223//2197 1216//2195 1218//2196
f 1223//2197 1218//2196 1219//2199
f 1223//2197 1219//2199 1221//2200
f 1220//549 1524//2201 1585//2202
f 1220//549 1585//2202 1586//2012
f 1220//549 1586//2012 1126//2011
f 1220//549 1126//2011 1230//2025
f 1220//549 1230//2025 1229//2203
f 1220//549 1229//2203 1226//2204
f 1220//549 1226//2204 1222//2205
f 1220//549 1222//2205 1221//2206
f 1220//549 1221//2206 1219//541
f 1224//2207 1223//2197 1221//2200
f 1224//2207 1221//2200 1222//2208
f 1217//532 1223//2209 1224//2210
f 1217//532 1224//2210 1225//2211
f 1217//532 1225//2211 1227//2212
f 1217//532 1227//2212 1228//1996
f 1217//532 1228//1996 1281//1995
f 1217//532 1281//1995 1282//2213
f 1217//532 1282//2213 1565//2214
f 1217//532 1565//2214 1580//525
f 1225//2215 1224//2207 1222//2208
f 1225//2215 1222//2208 1226//2216
f 1227//2217 1225//2215 1226//2216
f 1227//2217 1226//2216 1229//2218
f 1229//2218 1230//2219 1228//2220
f 1229//2218 1228//2220 1227//2217
f 1233//2221 1234//2222 1228//2220
f 1233//2221 1228//2220 1230//2219
f 1233//2221 1230//2219 1231//2223
f 1235//2224 1233//2221 1231//2223
f 1235//2224 1231//2223 1232//2225
f 1239//2226 1130//2227 1128//2228
f 1239//2226 1128//2228 1280//1984
f 1239//2226 1280//1984 1234//1997
f 1239//2226 1234//1997 1233//2229
f 1239//2226 1233//2229 1235//2230
f 1239//2226 1235//2230 1236//2231
f 1239//2226 1236//2231 1237//2232
f 1236//2233 1235//2224 1232//2225
f 1236//2233 1232//2225 1238//2234
f 1240//2235 1237//2236 1236//2233
f 1240//2235 1236//2233 1238//2234
f 1240//2235 1238//2234 1132//2237
f 1240//2235 1132//2237 1242//2238
f 1254//2239 1134//2240 1239//2226
f 1254//2239 1239//2226 1237//2232
f 1254//2239 1237//2232 1240//2241
f 1254//2239 1240//2241 1241//2242
f 1254//2239 1241//2242 1252//2098
f 1245//2243 1241//2244 1240//2235
f 1245//2243 1240//2235 1242//2238
f 1245//2243 1242//2238 1243//2245
f 1245//2243 1243//2245 1244//2246
f 1136//2035 1246//2060 1244//2247
f 1136//2035 1244//2247 1243//2036
f 1249//2248 1245//2243 1244//2246
f 1249//2248 1244//2246 1246//2249
f 1249//2248 1246//2249 1247//2250
f 1251//2251 1250//2252 1249//2248
f 1251//2251 1249//2248 1247//2250
f 1251//2251 1247//2250 1248//2253
f 1241//2242 1245//2254 1249//2255
f 1241//2242 1249//2255 1250//2099
f 1241//2242 1250//2099 1252//2098
f 1253//2097 1254//2239 1252//2098
f 1255//2256 1251//2251 1248//2253
f 1255//2256 1248//2253 1256//2257
f 1257//2258 1255//2256 1256//2257
f 1257//2258 1256//2257 1259//2259
f 1258//2260 1257//2258 1259//2259
f 1258//2260 1259//2259 1260//2261
f 1263//2262 1258//2260 1260//2261
f 1263//2262 1260//2261 1261//2263
f 1264//2264 1263//2262 1261//2263
f 1264//2264 1261//2263 1262//2265
f 1265//2266 1264//2264 1262//2265
f 1265//2266 1262//2265 1267//2267
f 1266//2268 1265//2266 1267//2267
f 1266//2268 1267//2267 1268//2269
f 1271//2270 1266//2268 1268//2269
f 1271//2270 1268//2269 1269//2271
f 1272//2272 1271//2270 1269//2271
f 1272//2272 1269//2271 1270//2273
f 1273//2274 1272//2272 1270//2273
f 1273//2274 1270//2273 1274//2275
f 1278//2276 1165//2277 1273//2274
f 1278//2276 1273//2274 1274//2275
f 1278//2276 1274//2275 1275//2278
f 1278//2276 1275//2278 1277//2279
f 1279//2148 1278//2276 1277//2279
f 1279//2148 1277//2279 1176//2149
f 1565//2214 1282//2213 1281//1995
f 1565//2214 1281//1995 1284//2280
f 1565//2214 1284//2280 1286//2281
f 1565//2214 1286//2281 1288//2282
f 1565//2214 1288//2282 1290//2283
f 1565//2214 1290//2283 1292//2284
f 1565//2214 1292//2284 1294//2285
f 1565//2214 1294//2285 1295//2286
f 1565//2214 1295//2286 1300//2287
f 1565//2214 1300//2287 1301//2288
f 1565//2214 1301//2288 1302//2289
f 1565//2214 1302//2289 1303//2290
f 1565//2214 1303//2290 1562//2291
f 1565//2214 1562//2291 1563//2292
f 1565//2214 1563//2292 1564//2293
f 1284//2280 1281//1995 1283//1994
f 1284//2280 1283//1994 1285//2294
f 1286//2281 1284//2280 1285//2294
f 1286//2281 1285//2294 1287//2295
f 1288//2282 1286//2281 1287//2295
f 1288//2282 1287//2295 1289//2296
f 1290//2283 1288//2282 1289//2296
f 1290//2283 1289//2296 1291//2297
f 1292//2284 1290//2283 1291//2297
f 1292//2284 1291//2297 1293//2298
f 1294//2285 1292//2284 1293//2298
f 1294//2285 1293//2298 1296//2299
f 1295//2286 1294//2285 1296//2299
f 1295//2286 1296//2299 1297//2300
f 1310//2301 1308//2302 1306//2303
f 1310//2301 1306//2303 1305//2304
f 1310//2301 1305//2304 1304//2305
f 1310//2301 1304//2305 1299//2306
f 1310//2301 1299//2306 1298//2307
f 1310//2301 1298//2307 1297//2300
f 1310//2301 1297//2300 1296//2299
f 1310//2301 1296//2299 1293//2298
f 1310//2301 1293//2298 1291//2297
f 1310//2301 1291//2297 1289//2296
f 1310//2301 1289//2296 1287//2295
f 1310//2301 1287//2295 1285//2294
f 1310//2301 1285//2294 1283//1994
f 1310//2301 1283//1994 1311//1993
f 1300//2287 1295//2286 1297//2300
f 1300//2287 1297//2300 1298//2307
f 1301//2288 1300//2287 1298//2307
f 1301//2288 1298//2307 1299//2306
f 1302//2289 1301//2288 1299//2306
f 1302//2289 1299//2306 1304//2305
f 1303//2290 1302//2289 1304//2305
f 1303//2290 1304//2305 1305//2304
f 1306//2303 1307//2308 1562//2291
f 1306//2303 1562//2291 1303//2290
f 1306//2303 1303//2290 1305//2304
f 1307//2308 1306//2303 1308//2302
f 1307//2308 1308//2302 1309//2309
f 1307//2308 1309//2309 1561//2310
f 1308//2302 1310//2301 1312//2311
f 1308//2302 1312//2311 1313//2312
f 1308//2302 1313//2312 1309//2309
f 1314//1833 1312//2311 1310//2301
f 1314//1833 1310//2301 1311//1993
f 1314//1833 1311//1993 1751//1835
f 1314//1833 1751//1835 964//1834
f 1312//2311 1314//1833 962//1826
f 1312//2311 962//1826 957//1823
f 1312//2311 957//1823 1313//2312
f 1315//2313 1316//2314 1558//2315
f 1315//2313 1558//2315 1309//2309
f 1315//2313 1309//2309 1313//2312
f 954//1819 1319//1818 1317//2316
f 954//1819 1317//2316 1315//2313
f 954//1819 1315//2313 1313//2312
f 954//1819 1313//2312 957//1823
f 1316//2314 1315//2313 1317//2316
f 1316//2314 1317//2316 1318//2317
f 1316//2314 1318//2317 1581//2318
f 1316//2314 1581//2318 1555//2319
f 1317//2316 1319//1818 1320//1821
f 1317//2316 1320//1821 1322//2320
f 1317//2316 1322//2320 1318//2317
f 1322//2320 1320//2321 1321//2322
f 1322//2320 1321//2322 1408//2323
f 1322//2320 1408//2323 1406//2324
f 1322//2320 1406//2324 1409//2325
f 1322//2320 1409//2325 1390//2326
f 1322//2320 1390//2326 1389//2327
f 1322//2320 1389//2327 1388//2328
f 1322//2320 1388//2328 1382//2329
f 1322//2320 1382//2329 1381//2330
f 1322//2320 1381//2330 1380//2331
f 1322//2320 1380//2331 1379//2332
f 1322//2320 1379//2332 1374//2333
f 1322//2320 1374//2333 1373//2334
f 1322//2320 1373//2334 1372//2335
f 1322//2320 1372//2335 1371//2336
f 1322//2320 1371//2336 1368//2337
f 1322//2320 1368//2337 1364//2338
f 1322//2320 1364//2338 1361//2339
f 1322//2320 1361//2339 1750//2340
f 1322//2320 1750//2340 1324//2341
f 1322//2320 1324//2341 1323//2342
f 1581//2318 1318//2317 1322//2320
f 1581//2318 1322//2320 1323//2342
f 1581//2318 1323//2342 1325//2343
f 1581//2318 1325//2343 1326//2344
f 1581//2318 1326//2344 1500//2345
f 1324//2341 1327//2346 1325//2343
f 1324//2341 1325//2343 1323//2342
f 1327//2346 1328//2347 1326//2344
f 1327//2346 1326//2344 1325//2343
f 1329//2348 1330//2349 1484//2350
f 1329//2348 1484//2350 1479//2351
f 1329//2348 1479//2351 1478//2352
f 1329//2348 1478//2352 1476//2353
f 1329//2348 1476//2353 1474//2354
f 1329//2348 1474//2354 1473//2355
f 1329//2348 1473//2355 1328//2347
f 1329//2348 1328//2347 1327//2346
f 1332//2356 1331//2357 1329//2348
f 1332//2356 1329//2348 1327//2346
f 1332//2356 1327//2346 1324//2341
f 1331//2357 1333//2358 1330//2349
f 1331//2357 1330//2349 1329//2348
f 1335//2359 1333//2358 1331//2357
f 1335//2359 1331//2357 1332//2356
f 1335//2359 1332//2356 1336//2360
f 1346//2361 1334//2362 1333//2363
f 1346//2361 1333//2363 1335//2364
f 1346//2361 1335//2364 1337//2365
f 1346//2361 1337//2365 1338//2366
f 1346//2361 1338//2366 1345//2367
f 1333//2363 1334//2362 1483//2368
f 1333//2363 1483//2368 1330//2369
f 1336//2360 1339//2370 1337//2371
f 1336//2360 1337//2371 1335//2359
f 1339//2370 1340//2372 1338//2373
f 1339//2370 1338//2373 1337//2371
f 1342//2374 1341//2375 1340//2372
f 1342//2374 1340//2372 1339//2370
f 1342//2374 1339//2370 1336//2360
f 1342//2374 1336//2360 1332//2356
f 1342//2374 1332//2356 1324//2341
f 1342//2374 1324//2341 1750//2340
f 1340//2372 1341//2375 1343//2376
f 1340//2372 1343//2376 1345//2377
f 1340//2372 1345//2377 1338//2373
f 1341//2375 1342//2374 1359//2378
f 1341//2375 1359//2378 1358//2379
f 1341//2375 1358//2379 1351//2380
f 1341//2375 1351//2380 1349//2381
f 1341//2375 1349//2381 1344//2382
f 1341//2375 1344//2382 1343//2376
f 1347//2383 1346//2361 1345//2367
f 1347//2383 1345//2367 1343//2384
f 1347//2383 1343//2384 1344//2385
f 1486//2386 1485//2387 1334//2388
f 1486//2386 1334//2388 1346//2389
f 1486//2386 1346//2389 1347//2390
f 1486//2386 1347//2390 1348//2391
f 1486//2386 1348//2391 1350//2392
f 1486//2386 1350//2392 1352//2393
f 1486//2386 1352//2393 1353//2394
f 1348//2395 1347//2383 1344//2385
f 1348//2395 1344//2385 1349//2396
f 1350//2397 1348//2395 1349//2396
f 1350//2397 1349//2396 1351//2398
f 1352//2399 1350//2397 1351//2398
f 1352//2399 1351//2398 1358//2400
f 1352//2399 1358//2400 1356//2401
f 1352//2399 1356//2401 1354//2402
f 1354//2402 1355//2403 1366//2404
f 1354//2402 1366//2404 1386//2405
f 1354//2402 1386//2405 1398//2406
f 1354//2402 1398//2406 1397//2407
f 1354//2402 1397//2407 1395//2408
f 1354//2402 1395//2408 1396//2409
f 1354//2402 1396//2409 1399//2410
f 1354//2402 1399//2410 1401//2411
f 1354//2402 1401//2411 1402//2412
f 1354//2402 1402//2412 1353//2413
f 1354//2402 1353//2413 1352//2399
f 1357//2414 1360//2415 1362//2416
f 1357//2414 1362//2416 1355//2417
f 1357//2414 1355//2417 1354//2418
f 1357//2414 1354//2418 1356//2419
f 1359//2378 1357//2414 1356//2419
f 1359//2378 1356//2419 1358//2379
f 1360//2415 1357//2414 1359//2378
f 1360//2415 1359//2378 1342//2374
f 1360//2415 1342//2374 1750//2340
f 1360//2415 1750//2340 1361//2339
f 1363//2420 1362//2416 1360//2415
f 1363//2420 1360//2415 1361//2339
f 1363//2420 1361//2339 1364//2338
f 1362//2416 1363//2420 1365//2421
f 1362//2416 1365//2421 1366//2422
f 1362//2416 1366//2422 1355//2417
f 1367//2423 1365//2421 1363//2420
f 1367//2423 1363//2420 1364//2338
f 1367//2423 1364//2338 1368//2337
f 1365//2421 1367//2423 1369//2424
f 1365//2421 1369//2424 1370//2425
f 1365//2421 1370//2425 1375//2426
f 1365//2421 1375//2426 1376//2427
f 1365//2421 1376//2427 1377//2428
f 1365//2421 1377//2428 1378//2429
f 1365//2421 1378//2429 1383//2430
f 1365//2421 1383//2430 1384//2431
f 1365//2421 1384//2431 1385//2432
f 1365//2421 1385//2432 1386//2433
f 1365//2421 1386//2433 1366//2422
f 1369//2434 1367//2423 1368//2337
f 1369//2434 1368//2337 1371//2336
f 1370//2435 1369//2434 1371//2336
f 1370//2435 1371//2336 1372//2335
f 1375//2436 1370//2435 1372//2335
f 1375//2436 1372//2335 1373//2334
f 1376//2437 1375//2436 1373//2334
f 1376//2437 1373//2334 1374//2333
f 1377//2438 1376//2437 1374//2333
f 1377//2438 1374//2333 1379//2332
f 1378//2439 1377//2438 1379//2332
f 1378//2439 1379//2332 1380//2331
f 1383//2440 1378//2439 1380//2331
f 1383//2440 1380//2331 1381//2330
f 1384//2441 1383//2440 1381//2330
f 1384//2441 1381//2330 1382//2329
f 1385//2442 1384//2441 1382//2329
f 1385//2442 1382//2329 1388//2328
f 1385//2432 1387//2443 1398//2444
f 1385//2432 1398//2444 1386//2433
f 1391//2445 1393//2446 1394//2447
f 1391//2445 1394//2447 1387//2448
f 1391//2445 1387//2448 1385//2442
f 1391//2445 1385//2442 1388//2328
f 1391//2445 1388//2328 1389//2327
f 1410//2449 1400//2450 1392//2451
f 1410//2449 1392//2451 1391//2445
f 1410//2449 1391//2445 1389//2327
f 1410//2449 1389//2327 1390//2326
f 1393//2452 1391//2453 1392//2451
f 1393//2452 1392//2451 1396//2454
f 1393//2452 1396//2454 1395//2455
f 1394//2456 1393//2452 1395//2455
f 1394//2456 1395//2455 1397//2457
f 1387//2443 1394//2456 1397//2457
f 1387//2443 1397//2457 1398//2444
f 1392//2451 1400//2450 1399//2458
f 1392//2451 1399//2458 1396//2454
f 1400//2450 1410//2449 1404//2459
f 1400//2450 1404//2459 1403//2460
f 1400//2450 1403//2460 1401//2461
f 1400//2450 1401//2461 1399//2458
f 1403//2460 1405//2462 1407//2463
f 1403//2460 1407//2463 953//2464
f 1403//2460 953//2464 1402//2465
f 1403//2460 1402//2465 1401//2461
f 1405//2462 1403//2460 1404//2459
f 1405//2462 1404//2459 1409//2325
f 1405//2462 1409//2325 1406//2324
f 1407//2463 1405//2462 1406//2324
f 1407//2463 1406//2324 1408//2323
f 1321//2322 953//2466 1407//2463
f 1321//2322 1407//2463 1408//2323
f 1404//2459 1410//2449 1390//2326
f 1404//2459 1390//2326 1409//2325
f 1412//2467 1353//2468 1402//2469
f 1412//2467 1402//2469 1411//2470
f 1411//2470 1413//2471 1414//2472
f 1411//2470 1414//2472 1412//2467
f 1413//2471 1415//2473 1416//2474
f 1413//2471 1416//2474 1414//2472
f 1415//2473 1417//2475 1419//2476
f 1415//2473 1419//2476 1416//2474
f 1417//2475 1418//2477 1420//2478
f 1417//2475 1420//2478 1419//2476
f 1353//2394 1412//2479 1414//2480
f 1353//2394 1414//2480 1416//2481
f 1353//2394 1416//2481 1419//2482
f 1353//2394 1419//2482 1420//2483
f 1353//2394 1420//2483 1421//2484
f 1353//2394 1421//2484 1423//2485
f 1353//2394 1423//2485 1424//2486
f 1353//2394 1424//2486 1428//2487
f 1353//2394 1428//2487 1430//2488
f 1353//2394 1430//2488 1432//2489
f 1353//2394 1432//2489 1434//2490
f 1353//2394 1434//2490 1627//2491
f 1353//2394 1627//2491 1628//2492
f 1353//2394 1628//2492 1631//2493
f 1353//2394 1631//2493 1632//2494
f 1353//2394 1632//2494 1633//2495
f 1353//2394 1633//2495 1634//2496
f 1353//2394 1634//2496 1635//2497
f 1353//2394 1635//2497 1636//2498
f 1353//2394 1636//2498 1637//2499
f 1353//2394 1637//2499 1638//2500
f 1353//2394 1638//2500 1639//2501
f 1353//2394 1639//2501 1640//2502
f 1353//2394 1640//2502 1641//2503
f 1353//2394 1641//2503 1642//2504
f 1353//2394 1642//2504 1643//2505
f 1353//2394 1643//2505 1487//2506
f 1353//2394 1487//2506 1486//2386
f 1418//2477 1422//2507 1421//2508
f 1418//2477 1421//2508 1420//2478
f 1422//2507 1425//2509 1423//2510
f 1422//2507 1423//2510 1421//2508
f 1425//2509 1426//2511 1424//2512
f 1425//2509 1424//2512 1423//2510
f 1426//2511 1427//2513 1428//2514
f 1426//2511 1428//2514 1424//2512
f 1427//2513 1429//2515 1430//2516
f 1427//2513 1430//2516 1428//2514
f 1429//2515 1431//2517 1432//2518
f 1429//2515 1432//2518 1430//2516
f 1431//2517 1433//2519 1434//2520
f 1431//2517 1434//2520 1432//2518
f 1437//2521 1434//2522 1433//2523
f 1437//2521 1433//2523 1435//2524
f 1455//2525 1453//2526 1452//2527
f 1455//2525 1452//2527 1451//2528
f 1455//2525 1451//2528 1448//2529
f 1455//2525 1448//2529 1446//2530
f 1455//2525 1446//2530 1444//2531
f 1455//2525 1444//2531 1442//2532
f 1455//2525 1442//2532 1440//2533
f 1455//2525 1440//2533 1436//2534
f 1455//2525 1436//2534 1435//2535
f 1455//2525 1435//2535 1433//1805
f 1455//2525 1433//1805 938//1782
f 1455//2525 938//1782 1456//2536
f 1435//2524 1436//2537 1438//2538
f 1435//2524 1438//2538 1437//2521
f 1459//2539 1627//2491 1434//2490
f 1459//2539 1434//2490 1437//2540
f 1459//2539 1437//2540 1438//2541
f 1459//2539 1438//2541 1439//2542
f 1459//2539 1439//2542 1441//2543
f 1459//2539 1441//2543 1443//2544
f 1459//2539 1443//2544 1445//2545
f 1459//2539 1445//2545 1447//2546
f 1459//2539 1447//2546 1449//2547
f 1459//2539 1449//2547 1450//2548
f 1459//2539 1450//2548 1454//2549
f 1459//2539 1454//2549 1458//2550
f 1436//2537 1440//2551 1439//2552
f 1436//2537 1439//2552 1438//2538
f 1440//2551 1442//2553 1441//2554
f 1440//2551 1441//2554 1439//2552
f 1442//2553 1444//2555 1443//2556
f 1442//2553 1443//2556 1441//2554
f 1444//2555 1446//2557 1445//2558
f 1444//2555 1445//2558 1443//2556
f 1446//2557 1448//2559 1447//2560
f 1446//2557 1447//2560 1445//2558
f 1448//2559 1451//2561 1449//2562
f 1448//2559 1449//2562 1447//2560
f 1451//2561 1452//2563 1450//2564
f 1451//2561 1450//2564 1449//2562
f 1452//2563 1453//2565 1454//2566
f 1452//2563 1454//2566 1450//2564
f 1453//2565 1455//2567 1458//2568
f 1453//2565 1458//2568 1454//2566
f 1456//2536 1674//2569 1681//2570
f 1456//2536 1681//2570 1682//2571
f 1456//2536 1682//2571 1685//2572
f 1456//2536 1685//2572 1457//2573
f 1456//2536 1457//2573 1455//2525
f 1457//2574 1460//2575 1458//2576
f 1457//2574 1458//2576 1455//2577
f 1458//2550 1460//2578 1461//2579
f 1458//2550 1461//2579 1684//2580
f 1458//2550 1684//2580 1683//2581
f 1458//2550 1683//2581 1672//2582
f 1458//2550 1672//2582 1459//2539
f 1490//2583 1492//2584 1494//2585
f 1490//2583 1494//2585 1461//2579
f 1490//2583 1461//2579 1460//2578
f 1490//2583 1460//2578 1462//2586
f 1490//2583 1462//2586 1463//2587
f 1490//2583 1463//2587 1468//2588
f 1490//2583 1468//2588 1469//2589
f 1490//2583 1469//2589 1470//2590
f 1490//2583 1470//2590 1471//2591
f 1462//2592 1460//2575 1457//2574
f 1462//2592 1457//2574 1464//2593
f 1464//2593 1465//2594 1463//2595
f 1464//2593 1463//2595 1462//2592
f 1473//2355 1472//2596 1467//2597
f 1473//2355 1467//2597 1466//2598
f 1473//2355 1466//2598 1465//2599
f 1473//2355 1465//2599 1464//2600
f 1473//2355 1464//2600 1457//2573
f 1473//2355 1457//2573 1685//2572
f 1473//2355 1685//2572 1496//2601
f 1473//2355 1496//2601 1328//2347
f 1465//2594 1466//2602 1468//2603
f 1465//2594 1468//2603 1463//2595
f 1466//2602 1467//2604 1469//2605
f 1466//2602 1469//2605 1468//2603
f 1467//2604 1472//2606 1470//2607
f 1467//2604 1470//2607 1469//2605
f 1472//2606 1473//2608 1474//2609
f 1472//2606 1474//2609 1475//2610
f 1472//2606 1475//2610 1471//2611
f 1472//2606 1471//2611 1470//2607
f 1474//2609 1476//2612 1477//2613
f 1474//2609 1477//2613 1475//2610
f 1476//2612 1478//2614 1480//2615
f 1476//2612 1480//2615 1477//2613
f 1478//2614 1479//2616 1481//2617
f 1478//2614 1481//2617 1480//2615
f 1490//2583 1471//2591 1475//2618
f 1490//2583 1475//2618 1477//2619
f 1490//2583 1477//2619 1480//2620
f 1490//2583 1480//2620 1481//2621
f 1490//2583 1481//2621 1482//2622
f 1490//2583 1482//2622 1483//2623
f 1490//2583 1483//2623 1485//2387
f 1490//2583 1485//2387 1486//2386
f 1490//2583 1486//2386 1488//2624
f 1479//2616 1484//2625 1482//2626
f 1479//2616 1482//2626 1481//2617
f 1484//2625 1330//2369 1483//2368
f 1484//2625 1483//2368 1482//2626
f 1483//2623 1334//2388 1485//2387
f 1489//2627 1488//2624 1486//2386
f 1489//2627 1486//2386 1487//2506
f 1489//2627 1487//2506 1601//2628
f 1489//2627 1601//2628 1600//2629
f 1491//2630 1490//2583 1488//2624
f 1491//2630 1488//2624 1489//2627
f 1491//2630 1489//2627 1749//2631
f 1490//2583 1491//2630 1504//2632
f 1490//2583 1504//2632 1493//2633
f 1490//2583 1493//2633 1492//2584
f 1498//2634 1497//2635 1495//2636
f 1498//2634 1495//2636 1494//2637
f 1498//2634 1494//2637 1492//2638
f 1498//2634 1492//2638 1493//2639
f 1495//2636 1496//2640 1685//2641
f 1495//2636 1685//2641 1461//2642
f 1495//2636 1461//2642 1494//2637
f 1496//2601 1495//2643 1497//2644
f 1496//2601 1497//2644 1326//2344
f 1496//2601 1326//2344 1328//2347
f 1497//2644 1498//2645 1499//2646
f 1497//2644 1499//2646 1500//2345
f 1497//2644 1500//2345 1326//2344
f 1501//2647 1499//2648 1498//2634
f 1501//2647 1498//2634 1493//2639
f 1501//2647 1493//2639 1504//2649
f 1501//2647 1504//2649 1503//2650
f 1499//2646 1501//2651 1502//2652
f 1499//2646 1502//2652 1557//2653
f 1499//2646 1557//2653 1500//2345
f 1503//2650 1505//2654 1506//2655
f 1503//2650 1506//2655 1502//2656
f 1503//2650 1502//2656 1501//2647
f 1507//2657 1505//2658 1503//2659
f 1507//2657 1503//2659 1504//2632
f 1507//2657 1504//2632 1491//2630
f 1507//2657 1491//2630 1749//2631
f 1507//2657 1749//2631 1510//2660
f 1507//2657 1510//2660 1509//2661
f 1507//2657 1508//2662 1506//2663
f 1507//2657 1506//2663 1505//2658
f 1507//2657 1509//2661 1511//2664
f 1507//2657 1511//2664 1513//2665
f 1507//2657 1513//2665 1508//2662
f 1511//2664 1509//2661 1510//2660
f 1511//2664 1510//2660 1599//2666
f 1511//2664 1599//2666 1598//2667
f 1511//2664 1598//2667 1512//2668
f 1512//2668 1516//2669 1515//2670
f 1512//2668 1515//2670 1513//2665
f 1512//2668 1513//2665 1511//2664
f 1543//2671 1549//2672 1506//2663
f 1543//2671 1506//2663 1508//2662
f 1543//2671 1508//2662 1513//2665
f 1543//2671 1513//2665 1514//2673
f 1543//2671 1514//2673 1582//2674
f 1519//2675 1514//2673 1513//2665
f 1519//2675 1513//2665 1515//2670
f 1519//2675 1515//2670 1517//2676
f 1593//2677 1594//2678 1518//2679
f 1593//2677 1518//2679 1517//2676
f 1593//2677 1517//2676 1515//2670
f 1593//2677 1515//2670 1516//2669
f 1519//2675 1517//2676 1518//2679
f 1519//2675 1518//2679 1522//2680
f 1519//2675 1522//2680 1521//2681
f 1519//2675 1520//2682 1539//2683
f 1519//2675 1539//2683 1582//2674
f 1519//2675 1582//2674 1514//2673
f 1520//2682 1519//2675 1521//2681
f 1520//2682 1521//2681 1523//2684
f 1520//2682 1523//2684 1525//2685
f 1523//2684 1521//2681 1522//2680
f 1523//2684 1522//2680 1586//2012
f 1523//2684 1586//2012 1585//2202
f 1523//2684 1585//2202 1524//2201
f 1526//2686 1525//2685 1523//2684
f 1526//2686 1523//2684 1524//2201
f 1526//2686 1524//2201 1220//549
f 1526//2686 1220//549 1527//548
f 1529//2687 1520//2682 1525//2685
f 1529//2687 1525//2685 1526//2686
f 1529//2687 1526//2686 1528//2688
f 1530//337 1528//2688 1526//2686
f 1530//337 1526//2686 1527//548
f 1530//337 1527//548 1584//345
f 1530//337 1584//345 143//338
f 1532//2689 1529//2687 1528//2688
f 1532//2689 1528//2688 1530//337
f 1532//2689 1530//337 1531//336
f 90//211 1532//2689 1531//336
f 90//211 1531//336 141//331
f 90//211 141//331 2660//216
f 1529//2687 1532//2689 1533//2690
f 1529//2687 1533//2690 1535//2691
f 1529//2687 1535//2691 1537//2692
f 1532//2689 90//211 1583//2
f 1532//2689 1583//2 1534//1
f 1532//2689 1534//1 1533//2690
f 1535//2693 1533//2694 1534//1
f 1535//2693 1534//1 5//6
f 1535//2693 5//6 1579//2695
f 1535//2693 1579//2695 1536//2696
f 1538//2697 1537//2698 1535//2693
f 1538//2697 1535//2693 1536//2696
f 1538//2697 1536//2696 1541//2699
f 1538//2697 1541//2699 1540//2700
f 1520//2682 1529//2687 1537//2692
f 1520//2682 1537//2692 1538//2701
f 1520//2682 1538//2701 1539//2683
f 1582//2674 1539//2683 1538//2697
f 1582//2674 1538//2697 1540//2700
f 1582//2674 1540//2700 1542//2702
f 1582//2674 1542//2702 1543//2671
f 1577//2703 1545//2704 1544//2705
f 1577//2703 1544//2705 1542//2706
f 1577//2703 1542//2706 1540//2707
f 1577//2703 1540//2707 1541//2708
f 1544//2705 1546//2709 1548//2710
f 1544//2705 1548//2710 1549//2711
f 1544//2705 1549//2711 1543//2712
f 1544//2705 1543//2712 1542//2706
f 1546//2713 1544//2714 1545//2715
f 1546//2713 1545//2715 1572//2716
f 1546//2713 1572//2716 1550//2717
f 1546//2713 1550//2717 1547//2718
f 1547//2718 1551//2719 1553//2720
f 1547//2718 1553//2720 1554//2721
f 1547//2718 1554//2721 1557//2653
f 1547//2718 1557//2653 1502//2652
f 1547//2718 1502//2652 1548//2722
f 1547//2718 1548//2722 1546//2713
f 1548//2710 1502//2656 1506//2655
f 1548//2710 1506//2655 1549//2711
f 1551//2719 1547//2718 1550//2717
f 1551//2719 1550//2717 1568//2723
f 1551//2719 1568//2723 1552//2724
f 1559//2725 1556//2726 1554//2721
f 1559//2725 1554//2721 1553//2720
f 1559//2725 1553//2720 1551//2719
f 1559//2725 1551//2719 1552//2724
f 1555//2319 1554//2721 1556//2726
f 1555//2319 1556//2726 1558//2315
f 1555//2319 1558//2315 1316//2314
f 1557//2653 1554//2721 1555//2319
f 1557//2653 1555//2319 1581//2318
f 1557//2653 1581//2318 1500//2345
f 1558//2315 1556//2726 1559//2725
f 1558//2315 1559//2725 1560//2727
f 1558//2315 1560//2727 1561//2310
f 1558//2315 1561//2310 1309//2309
f 1563//2292 1562//2291 1560//2727
f 1563//2292 1560//2727 1559//2725
f 1563//2292 1559//2725 1552//2724
f 1560//2727 1562//2291 1307//2308
f 1560//2727 1307//2308 1561//2310
f 1566//2728 1564//2293 1563//2292
f 1566//2728 1563//2292 1552//2724
f 1566//2728 1552//2724 1568//2723
f 234//522 1580//525 1565//2214
f 234//522 1565//2214 1564//2293
f 234//522 1564//2293 1566//2728
f 234//522 1566//2728 1567//523
f 1571//524 1567//523 1566//2728
f 1571//524 1566//2728 1568//2723
f 1571//524 1568//2723 1569//2729
f 1550//2717 1572//2730 1570//2731
f 1550//2717 1570//2731 1569//2729
f 1550//2717 1569//2729 1568//2723
f 1570//2731 1573//2732 1575//485
f 1570//2731 1575//485 215//487
f 1570//2731 215//487 1569//2729
f 2613//489 232//521 1571//524
f 2613//489 1571//524 1569//2729
f 2613//489 1569//2729 215//487
f 1545//2715 1577//2733 1574//2734
f 1545//2715 1574//2734 1573//2735
f 1545//2715 1573//2735 1570//2736
f 1545//2715 1570//2736 1572//2716
f 1574//2734 1578//2737 7//21
f 1574//2734 7//21 1576//26
f 1574//2734 1576//26 1575//2738
f 1574//2734 1575//2738 1573//2735
f 1578//18 1574//2739 1577//2703
f 1578//18 1577//2703 1541//2708
f 1578//18 1541//2708 1536//2739
f 1578//18 1536//2739 1579//19
f 1587//2013 1586//2012 1522//2680
f 1587//2013 1522//2680 1590//2740
f 1587//2013 1590//2740 1589//2741
f 1748//1002 1588//1001 1587//2013
f 1748//1002 1587//2013 1589//2741
f 1748//1002 1589//2741 1591//2742
f 1748//1002 1591//2742 1592//2743
f 1594//2678 1593//2677 1591//2742
f 1594//2678 1591//2742 1589//2741
f 1594//2678 1589//2741 1590//2740
f 1593//2677 1595//2744 1596//2745
f 1593//2677 1596//2745 1592//2743
f 1593//2677 1592//2743 1591//2742
f 1595//2744 1593//2677 1516//2669
f 1595//2744 1516//2669 1512//2668
f 1595//2744 1512//2668 1598//2667
f 1595//2744 1597//2746 1603//2747
f 1595//2744 1603//2747 1604//2748
f 1595//2744 1604//2748 1596//2745
f 1597//2746 1595//2744 1598//2667
f 1597//2746 1598//2667 1599//2666
f 1597//2746 1599//2666 1600//2629
f 1597//2746 1600//2629 1601//2628
f 1510//2660 1749//2631 1489//2627
f 1510//2660 1489//2627 1600//2629
f 1510//2660 1600//2629 1599//2666
f 1597//2746 1601//2628 1487//2506
f 1597//2746 1487//2506 1644//2749
f 1597//2746 1644//2749 1602//2750
f 1597//2746 1602//2750 1607//2751
f 1597//2746 1607//2751 1605//2752
f 1597//2746 1605//2752 1603//2747
f 1606//2753 1746//2754 1604//2748
f 1606//2753 1604//2748 1603//2747
f 1606//2753 1603//2747 1605//2752
f 1605//2752 1607//2751 1609//2755
f 1605//2752 1609//2755 1610//999
f 1605//2752 1610//999 1725//998
f 1605//2752 1725//998 1606//2753
f 1612//2756 1611//2757 1609//2755
f 1612//2756 1609//2755 1607//2751
f 1612//2756 1607//2751 1608//2758
f 1612//2756 1608//2758 1670//2759
f 1612//2756 1670//2759 1669//2760
f 1612//2756 1669//2760 1668//2761
f 1612//2756 1668//2761 1667//2762
f 1612//2756 1667//2762 1666//2763
f 1612//2756 1666//2763 1665//2764
f 1612//2756 1665//2764 1664//2765
f 1612//2756 1664//2765 1663//2766
f 1612//2756 1663//2766 1662//2767
f 1612//2756 1662//2767 1661//2768
f 1612//2756 1661//2768 1660//2769
f 1612//2756 1660//2769 1659//2770
f 1612//2756 1659//2770 1658//2771
f 1612//2756 1658//2771 1657//2772
f 1612//2756 1657//2772 1656//2773
f 1612//2756 1656//2773 1655//2774
f 1612//2756 1655//2774 1654//2775
f 1612//2756 1654//2775 1653//2776
f 1612//2756 1653//2776 1652//2777
f 1612//2756 1652//2777 1651//2778
f 1612//2756 1651//2778 1650//2779
f 1612//2756 1650//2779 1649//2780
f 1612//2756 1649//2780 1648//2781
f 1612//2756 1648//2781 1647//2782
f 1612//2756 1647//2782 1646//2783
f 1612//2756 1646//2783 1645//2784
f 1630//2785 1645//2784 1646//2783
f 1630//2785 1646//2783 1647//2782
f 1630//2785 1647//2782 1648//2781
f 1630//2785 1648//2781 1649//2780
f 1630//2785 1649//2780 1650//2779
f 1630//2785 1650//2779 1651//2778
f 1630//2785 1651//2778 1652//2777
f 1630//2785 1652//2777 1653//2776
f 1630//2785 1653//2776 1654//2775
f 1630//2785 1654//2775 1655//2774
f 1630//2785 1655//2774 1656//2773
f 1630//2785 1656//2773 1657//2772
f 1630//2785 1657//2772 1658//2771
f 1630//2785 1658//2771 1659//2770
f 1630//2785 1659//2770 1660//2769
f 1630//2785 1660//2769 1661//2768
f 1630//2785 1661//2768 1662//2767
f 1630//2785 1662//2767 1663//2766
f 1630//2785 1663//2766 1664//2765
f 1630//2785 1664//2765 1665//2764
f 1630//2785 1665//2764 1666//2763
f 1630//2785 1666//2763 1667//2762
f 1630//2785 1667//2762 1668//2761
f 1630//2785 1668//2761 1669//2760
f 1630//2785 1669//2760 1670//2759
f 1630//2785 1670//2759 1608//2758
f 1630//2785 1608//2758 1607//2751
f 1630//2785 1607//2751 1602//2750
f 1630//2785 1602//2750 1644//2749
f 1611//2757 445//962 1726//983
f 1611//2757 1726//983 1610//999
f 1611//2757 1610//999 1609//2755
f 1611//2757 1613//957 442//956
f 1611//2757 442//956 445//962
f 1612//2756 1614//2786 1613//957
f 1612//2756 1613//957 1611//2757
f 1614//2786 1615//2787 439//954
f 1614//2786 439//954 1613//957
f 1614//2786 1612//2756 1629//2788
f 1614//2786 1629//2788 1617//2789
f 1614//2786 1617//2789 1616//2790
f 1615//2787 1614//2786 1616//2790
f 1615//2787 1616//2790 1618//2791
f 1615//2787 1618//2791 1619//2792
f 1618//2791 1616//2790 1617//2789
f 1618//2791 1617//2789 1624//2793
f 1618//2791 1624//2793 1622//2794
f 1618//2791 1622//2794 1620//2795
f 1688//2796 1619//2792 1618//2791
f 1688//2796 1618//2791 1620//2795
f 1688//2796 1620//2795 1621//2797
f 1688//2796 1621//2797 1686//2798
f 1621//2797 1620//2795 1622//2794
f 1621//2797 1622//2794 1623//2799
f 1621//2797 1623//2799 1677//2800
f 1621//2797 1677//2800 1678//2801
f 1622//2794 1624//2793 1625//2802
f 1622//2794 1625//2802 1626//2803
f 1622//2794 1626//2803 1623//2799
f 1617//2789 1629//2788 1628//2492
f 1617//2789 1628//2492 1627//2491
f 1617//2789 1627//2491 1625//2802
f 1617//2789 1625//2802 1624//2793
f 1625//2802 1627//2491 1459//2539
f 1625//2802 1459//2539 1672//2582
f 1625//2802 1672//2582 1671//2804
f 1625//2802 1671//2804 1626//2803
f 1612//2756 1645//2784 1630//2785
f 1612//2756 1630//2785 1628//2492
f 1612//2756 1628//2492 1629//2788
f 1644//2749 1487//2506 1643//2505
f 1644//2749 1643//2505 1642//2504
f 1644//2749 1642//2504 1641//2503
f 1644//2749 1641//2503 1640//2502
f 1644//2749 1640//2502 1639//2501
f 1644//2749 1639//2501 1638//2500
f 1644//2749 1638//2500 1637//2499
f 1644//2749 1637//2499 1636//2498
f 1644//2749 1636//2498 1635//2497
f 1644//2749 1635//2497 1634//2496
f 1644//2749 1634//2496 1633//2495
f 1644//2749 1633//2495 1632//2494
f 1644//2749 1632//2494 1631//2493
f 1644//2749 1631//2493 1628//2492
f 1644//2749 1628//2492 1630//2785
f 1673//2805 1675//2806 1676//2807
f 1673//2805 1676//2807 1677//2808
f 1673//2805 1677//2808 1623//2809
f 1673//2805 1623//2809 1626//2810
f 1673//2805 1626//2810 1671//2811
f 1671//2811 1672//2812 1674//2813
f 1671//2811 1674//2813 1673//2805
f 1675//1780 1673//2814 1674//2569
f 1675//1780 1674//2569 1456//2536
f 1675//1780 1456//2536 938//1782
f 1675//1780 938//1782 931//1781
f 1676//2807 929//2815 1680//1763
f 1676//2807 1680//1763 1679//1765
f 1676//2807 1679//1765 1678//2816
f 1676//2807 1678//2816 1677//2808
f 1678//2801 1679//2817 919//2818
f 1678//2801 919//2818 1687//2819
f 1678//2801 1687//2819 1686//2798
f 1678//2801 1686//2798 1621//2797
f 1681//2820 1674//2813 1672//2812
f 1681//2820 1672//2812 1683//2821
f 1682//2822 1681//2820 1683//2821
f 1682//2822 1683//2821 1684//2823
f 1684//2823 1461//2642 1685//2641
f 1684//2823 1685//2641 1682//2822
f 1686//2798 1687//2819 1689//2824
f 1686//2798 1689//2824 1688//2796
f 439//954 1615//2787 1619//2792
f 439//954 1619//2792 1688//2796
f 439//954 1688//2796 1689//2824
f 439//954 1689//2824 1690//2825
f 439//954 1690//2825 1724//955
f 1689//2824 1687//2819 919//2818
f 1689//2824 919//2818 917//1725
f 1689//2824 917//1725 1705//1621
f 1689//2824 1705//1621 1700//2826
f 1689//2824 1700//2826 1695//2827
f 1689//2824 1695//2827 1706//2828
f 1689//2824 1706//2828 1707//2829
f 1689//2824 1707//2829 1708//2830
f 1689//2824 1708//2830 1709//2831
f 1689//2824 1709//2831 1710//2832
f 1689//2824 1710//2832 1711//2832
f 1689//2824 1711//2832 1712//2833
f 1689//2824 1712//2833 1713//2834
f 1689//2824 1713//2834 1714//2834
f 1689//2824 1714//2834 1715//2834
f 1689//2824 1715//2834 1716//2834
f 1689//2824 1716//2834 1717//2834
f 1689//2824 1717//2834 1718//2834
f 1689//2824 1718//2834 1719//2831
f 1689//2824 1719//2831 1720//2835
f 1689//2824 1720//2835 1721//2829
f 1689//2824 1721//2829 1722//2834
f 1689//2824 1722//2834 1723//2830
f 1689//2824 1723//2830 1692//2830
f 1689//2824 1692//2830 1691//2836
f 1696//2837 1690//2825 1689//2824
f 1696//2837 1689//2824 1691//2836
f 1696//2837 1691//2836 1693//2838
f 1696//2837 1693//2838 1694//2839
f 1691//2836 1692//2830 1723//2830
f 1691//2836 1723//2830 1722//2834
f 1691//2836 1722//2834 1721//2829
f 1691//2836 1721//2829 1720//2835
f 1691//2836 1720//2835 1719//2831
f 1691//2836 1719//2831 1718//2834
f 1691//2836 1718//2834 1717//2834
f 1691//2836 1717//2834 1716//2834
f 1691//2836 1716//2834 1715//2834
f 1691//2836 1715//2834 1714//2834
f 1691//2836 1714//2834 1713//2834
f 1691//2836 1713//2834 1712//2833
f 1691//2836 1712//2833 1711//2832
f 1691//2836 1711//2832 1710//2832
f 1691//2836 1710//2832 1709//2831
f 1691//2836 1709//2831 1708//2830
f 1691//2836 1708//2830 1707//2829
f 1691//2836 1707//2829 1706//2828
f 1691//2836 1706//2828 1695//2827
f 1691//2836 1695//2827 1694//2839
f 1691//2836 1694//2839 1693//2838
f 1698//2840 1696//2837 1694//2839
f 1698//2840 1694//2839 1695//2827
f 1698//2840 1695//2827 1700//2826
f 1696//2837 1698//2840 1701//1613
f 1696//2837 1701//1613 1697//951
f 1696//2837 1697//951 437//953
f 1696//2837 437//953 1724//955
f 1696//2837 1724//955 1690//2825
f 1701//1613 1698//2840 1699//1620
f 1701//1613 1699//1620 852//1617
f 1701//1613 852//1617 848//1614
f 1698//2840 1700//2826 1705//1621
f 1698//2840 1705//1621 1699//1620
f 1697//951 1701//1613 1702//1615
f 1697//951 1702//1615 1703//2841
f 1697//951 1703//2841 1704//952
f 1954//1222 628//943 1703//2841
f 1954//1222 1703//2841 1702//1615
f 1954//1222 1702//1615 846//1612
f 628//943 430//942 435//947
f 628//943 435//947 1704//952
f 628//943 1704//952 1703//2841
f 451//997 1747//1003 1746//2754
f 451//997 1746//2754 1606//2753
f 451//997 1606//2753 1725//998
f 1746//2754 1747//1003 1748//1002
f 1746//2754 1748//1002 1592//2743
f 1746//2754 1592//2743 1596//2745
f 1746//2754 1596//2745 1604//2748
f 1594//2678 1590//2740 1522//2680
f 1594//2678 1522//2680 1518//2679
f 1754//2842 911//2843 1753//2844
f 1753//2844 1755//2845 908//2846
f 1753//2844 908//2846 1754//2842
f 908//2846 1755//2845 678//2847
f 908//2846 678//2847 1757//1712
f 908//2846 1757//1712 1756//1711
f 1759//2848 903//1729 1756//1728
f 1759//2848 1756//1728 1758//2849
f 1758//2849 897//1714 899//1715
f 1758//2849 899//1715 1759//2848
f 857//1624 1760//1626 905//1635
f 857//1624 905//1635 862//1628
f 878//1672 1763//2850 1765//2851
f 878//1672 1765//2851 875//1669
f 1763//2850 1764//2852 1766//2853
f 1763//2850 1766//2853 1765//2851
f 1764//2852 1768//2854 1767//2855
f 1764//2852 1767//2855 1766//2853
f 1768//2854 1771//2856 1769//2857
f 1768//2854 1769//2857 1767//2855
f 1771//2856 1772//2858 1770//2859
f 1771//2856 1770//2859 1769//2857
f 1772//2858 1773//2860 1774//2861
f 1772//2858 1774//2861 1770//2859
f 1773//2860 1775//2862 1776//2863
f 1773//2860 1776//2863 1774//2861
f 1775//2862 1777//2864 1778//2865
f 1775//2862 1778//2865 1776//2863
f 1777//2864 1779//2866 1780//2867
f 1777//2864 1780//2867 1778//2865
f 1783//2868 1780//2869 1779//2870
f 1783//2868 1779//2870 1781//2871
f 1781//2871 1782//2872 1784//2873
f 1781//2871 1784//2873 1783//2868
f 1782//2872 1786//2874 1785//2875
f 1782//2872 1785//2875 1784//2873
f 1786//2874 1788//2876 1787//2877
f 1786//2874 1787//2877 1785//2875
f 1788//2876 1790//2878 1789//2879
f 1788//2876 1789//2879 1787//2877
f 1790//2878 1793//2880 1791//2881
f 1790//2878 1791//2881 1789//2879
f 1793//2880 1794//2882 1792//2883
f 1793//2880 1792//2883 1791//2881
f 1794//2882 691//1349 1795//1352
f 1794//2882 1795//1352 1792//2883
f 1796//1640 868//1359 724//1378
f 1796//1640 724//1378 1953//1410
f 1796//1640 1953//1410 1797//2884
f 867//1639 1796//1640 1798//2885
f 867//1639 1798//2885 1799//2886
f 1796//1640 1797//2884 1802//2887
f 1796//1640 1802//2887 1800//2888
f 1796//1640 1800//2888 1798//2885
f 1827//2889 1925//2890 1934//2891
f 1827//2889 1934//2891 1935//2892
f 1827//2889 1935//2892 1936//2893
f 1827//2889 1936//2893 1939//2894
f 1827//2889 1939//2894 1941//2895
f 1827//2889 1941//2895 1944//2896
f 1827//2889 1944//2896 1799//2886
f 1827//2889 1799//2886 1798//2885
f 1827//2889 1798//2885 1800//2888
f 1827//2889 1800//2888 1801//2897
f 1827//2889 1801//2897 1809//2898
f 1827//2889 1809//2898 1811//2899
f 1827//2889 1811//2899 1813//2900
f 1827//2889 1813//2900 1815//2900
f 1827//2889 1815//2900 1817//2900
f 1827//2889 1817//2900 1818//2900
f 1827//2889 1818//2900 1822//2900
f 1827//2889 1822//2900 1825//2900
f 1827//2889 1825//2900 1826//2901
f 1803//2902 1801//2897 1800//2888
f 1803//2902 1800//2888 1802//2887
f 1802//2887 1797//2884 1953//1410
f 1802//2887 1953//1410 727//1412
f 1802//2887 727//1412 1803//2902
f 1804//2903 1805//2904 1808//2905
f 1804//2903 1808//2905 1809//2898
f 1804//2903 1809//2898 1801//2897
f 1804//2903 1801//2897 1803//2902
f 729//1419 1804//2903 1803//2902
f 729//1419 1803//2902 727//1412
f 729//1419 1807//1421 1805//2904
f 729//1419 1805//2904 1804//2903
f 1805//2904 1806//1453 745//1452
f 1805//2904 745//1452 1810//1459
f 1805//2904 1810//1459 1808//2905
f 1807//1421 746//1445 1806//1453
f 1807//1421 1806//1453 1805//2904
f 1809//2898 1808//2905 1810//1459
f 1809//2898 1810//1459 752//1458
f 1809//2898 752//1458 1928//1462
f 1809//2898 1928//1462 1926//2906
f 1809//2898 1926//2906 1827//2889
f 1809//2898 1827//2889 1826//2901
f 1809//2898 1826//2901 1828//2907
f 1809//2898 1828//2907 1829//2907
f 1809//2898 1829//2907 1833//2907
f 1809//2898 1833//2907 1835//2907
f 1809//2898 1835//2907 1812//2907
f 1809//2898 1812//2907 1811//2899
f 1836//2908 1837//2909 1814//2910
f 1836//2908 1814//2910 1813//2911
f 1836//2908 1813//2911 1811//2912
f 1836//2908 1811//2912 1812//2913
f 1814//2910 1816//2914 1815//2915
f 1814//2910 1815//2915 1813//2911
f 1816//2914 1819//2916 1817//2917
f 1816//2914 1817//2917 1815//2915
f 1819//2916 1820//2918 1818//2919
f 1819//2916 1818//2919 1817//2917
f 1824//2920 1823//2921 1821//2921
f 1824//2920 1821//2921 1820//2921
f 1824//2920 1820//2921 1819//2921
f 1824//2920 1819//2921 1816//2921
f 1824//2920 1816//2921 1814//2921
f 1824//2920 1814//2921 1837//2922
f 1824//2920 1837//2922 1838//2923
f 1824//2920 1838//2923 1840//2924
f 1824//2920 1840//2924 1841//2925
f 1824//2920 1841//2925 1850//2926
f 1824//2920 1850//2926 1853//2927
f 1824//2920 1853//2927 1854//2928
f 1824//2920 1854//2928 1855//2929
f 1824//2920 1855//2929 1858//2930
f 1824//2920 1858//2930 1860//2931
f 1824//2920 1860//2931 1863//2932
f 1824//2920 1863//2932 1864//2933
f 1824//2920 1864//2933 1870//2934
f 1824//2920 1870//2934 1871//2935
f 1820//2918 1821//2936 1822//2937
f 1820//2918 1822//2937 1818//2919
f 1821//2936 1823//2938 1825//2939
f 1821//2936 1825//2939 1822//2937
f 1823//2938 1824//2940 1830//2941
f 1823//2938 1830//2941 1828//2942
f 1823//2938 1828//2942 1826//2943
f 1823//2938 1826//2943 1825//2939
f 1830//2941 1831//2944 1829//2945
f 1830//2941 1829//2945 1828//2942
f 1837//2922 1836//2946 1834//2946
f 1837//2922 1834//2946 1832//2946
f 1837//2922 1832//2946 1831//2946
f 1837//2922 1831//2946 1830//2946
f 1837//2922 1830//2946 1824//2920
f 1837//2922 1824//2920 1871//2935
f 1837//2922 1871//2935 1872//1497
f 1837//2922 1872//1497 775//1494
f 1837//2922 775//1494 773//1492
f 1837//2922 773//1492 770//1491
f 1837//2922 770//1491 1839//1493
f 1837//2922 1839//1493 1838//2923
f 1831//2944 1832//2947 1833//2948
f 1831//2944 1833//2948 1829//2945
f 1835//2949 1833//2948 1832//2947
f 1835//2949 1832//2947 1834//2950
f 1834//2950 1836//2908 1812//2913
f 1834//2950 1812//2913 1835//2949
f 1842//2951 1840//2924 1838//2923
f 1842//2951 1838//2923 1839//1493
f 1842//2951 1839//1493 771//1490
f 1843//2952 1841//2925 1840//2924
f 1843//2952 1840//2924 1842//2951
f 1842//2951 1844//2953 1846//2954
f 1842//2951 1846//2954 1847//2955
f 1842//2951 1847//2955 1843//2952
f 1844//2953 1842//2951 771//1490
f 1844//2953 771//1490 735//1434
f 1844//2953 735//1434 1845//1433
f 733//1432 726//2956 1844//2953
f 733//1432 1844//2953 1845//1433
f 1844//2953 726//2956 721//1333
f 1844//2953 721//1333 1848//1332
f 1844//2953 1848//1332 1846//2954
f 1847//2955 1846//2954 1848//1332
f 1847//2955 1848//1332 688//1311
f 1847//2955 688//1311 1849//2957
f 1850//2926 1841//2925 1843//2952
f 1850//2926 1843//2952 1847//2955
f 1850//2926 1847//2955 1849//2957
f 1853//2927 1850//2926 1849//2957
f 1853//2927 1849//2957 1851//2958
f 1851//2958 1849//2957 688//1311
f 1851//2958 688//1311 684//1309
f 682//1300 1852//2959 1851//2958
f 682//1300 1851//2958 684//1309
f 1852//2959 1854//2928 1853//2927
f 1852//2959 1853//2927 1851//2958
f 1923//2960 1856//2961 1855//2929
f 1923//2960 1855//2929 1854//2928
f 1923//2960 1854//2928 1852//2959
f 1918//2962 1857//2963 1855//2929
f 1918//2962 1855//2929 1856//2961
f 1918//2962 1856//2961 1919//2964
f 1858//2930 1855//2929 1857//2963
f 1858//2930 1857//2963 1859//2965
f 1861//2966 1860//2931 1858//2930
f 1861//2966 1858//2930 1859//2965
f 1862//2967 1860//2931 1861//2966
f 1862//2967 1861//2966 1917//2968
f 1862//2967 1917//2968 1877//2969
f 1863//2932 1860//2931 1862//2967
f 1863//2932 1862//2967 1866//2970
f 1863//2932 1866//2970 1865//2971
f 1864//2933 1863//2932 1865//2971
f 1864//2933 1865//2971 1867//2972
f 1866//2970 1873//2973 1875//1551
f 1866//2970 1875//1551 807//1550
f 1866//2970 807//1550 1865//2971
f 1867//2972 1865//2971 807//1550
f 1867//2972 807//1550 1868//1514
f 1869//2974 1870//2934 1864//2933
f 1869//2974 1864//2933 1867//2972
f 788//1511 1869//2974 1867//2972
f 788//1511 1867//2972 1868//1514
f 1869//2974 788//1511 786//1499
f 1869//2974 786//1499 776//1498
f 776//1498 1872//1497 1871//2935
f 776//1498 1871//2935 1870//2934
f 776//1498 1870//2934 1869//2974
f 1873//2973 1866//2970 1862//2967
f 1873//2973 1862//2967 1877//2969
f 1873//2973 1877//2969 1876//2975
f 1873//2973 1876//2975 1874//2976
f 809//1552 1875//1551 1873//2973
f 809//1552 1873//2973 1874//2976
f 809//1552 1874//2976 811//1560
f 1876//2975 813//1562 811//1560
f 1876//2975 811//1560 1874//2976
f 1880//2977 1878//2978 1876//2975
f 1880//2977 1876//2975 1877//2969
f 1878//2978 1881//1565 813//1562
f 1878//2978 813//1562 1876//2975
f 1913//2979 1879//2980 1878//2978
f 1913//2979 1878//2978 1880//2977
f 1883//2981 1882//2982 1881//1565
f 1883//2981 1881//1565 1878//2978
f 1883//2981 1878//2978 1879//2980
f 1882//2982 815//1563 1881//1565
f 1901//2983 1900//2984 1894//2985
f 1901//2983 1894//2985 1893//2986
f 1901//2983 1893//2986 1892//2987
f 1901//2983 1892//2987 1891//2988
f 1901//2983 1891//2988 1886//2989
f 1901//2983 1886//2989 1885//2990
f 1901//2983 1885//2990 1884//2991
f 1901//2983 1884//2991 1883//2981
f 1901//2983 1883//2981 1879//2980
f 1901//2983 1879//2980 1903//2992
f 1884//1569 1885//2993 1887//2994
f 1884//1569 1887//2994 826//1570
f 1885//2993 1886//2995 1888//2996
f 1885//2993 1888//2996 1887//2994
f 1886//2995 1891//2997 1889//2998
f 1886//2995 1889//2998 1888//2996
f 1891//2997 1892//2999 1890//3000
f 1891//2997 1890//3000 1889//2998
f 1892//2999 1893//3001 1895//3002
f 1892//2999 1895//3002 1890//3000
f 1893//3001 1894//3003 1896//3004
f 1893//3001 1896//3004 1895//3002
f 1894//3003 1900//3005 1898//3006
f 1894//3003 1898//3006 1897//3007
f 1894//3003 1897//3007 1896//3004
f 828//1584 1897//1592 1898//3008
f 828//1584 1898//3008 1899//3009
f 828//1584 1899//3009 1912//3010
f 1900//3005 1901//3011 1902//3012
f 1900//3005 1902//3012 1899//3013
f 1900//3005 1899//3013 1898//3006
f 1905//3014 1902//3015 1901//2983
f 1905//3014 1901//2983 1903//2992
f 1908//1256 1906//3016 1905//3014
f 1908//1256 1905//3014 1903//2992
f 1908//1256 1903//2992 1904//1268
f 1908//1256 1904//1268 651//1257
f 1904//1268 1903//2992 1879//2980
f 1904//1268 1879//2980 1913//2979
f 1902//3012 1905//3017 1906//3018
f 1902//3012 1906//3018 1907//3019
f 1902//3012 1907//3019 1912//3020
f 1902//3012 1912//3020 1899//3013
f 1906//3018 1908//3021 1909//3022
f 1906//3018 1909//3022 1910//3023
f 1906//3018 1910//3023 1911//3024
f 1906//3018 1911//3024 1907//3019
f 1909//3022 649//1251 1955//1253
f 1909//3022 1955//1253 638//3025
f 1909//3022 638//3025 1910//3023
f 637//1231 830//1594 828//1584
f 637//1231 828//1584 1912//3010
f 637//1231 1912//3010 1907//3026
f 637//1231 1907//3026 1911//1233
f 1914//1269 658//1267 1904//1268
f 1914//1269 1904//1268 1913//2979
f 1916//3027 1915//1270 1914//1269
f 1916//3027 1914//1269 1913//2979
f 1916//3027 1913//2979 1880//2977
f 1915//1270 1916//3027 1917//2968
f 1915//1270 1917//2968 1861//2966
f 1915//1270 1861//2966 1859//2965
f 1915//1270 1859//2965 660//1271
f 1917//2968 1916//3027 1880//2977
f 1917//2968 1880//2977 1877//2969
f 1857//2963 1918//2962 1920//1272
f 1857//2963 1920//1272 660//1271
f 1857//2963 660//1271 1859//2965
f 663//1273 1920//1272 1918//2962
f 663//1273 1918//2962 1919//2964
f 663//1273 1919//2964 667//1277
f 1921//1294 671//1281 667//1277
f 1921//1294 667//1277 1919//2964
f 1856//2961 1923//2960 1922//3028
f 1856//2961 1922//3028 1921//1294
f 1856//2961 1921//1294 1919//2964
f 1922//3028 1924//1301 679//1296
f 1922//3028 679//1296 676//1295
f 1922//3028 676//1295 1921//1294
f 1924//1301 1922//3028 1923//2960
f 1924//1301 1923//2960 1852//2959
f 1924//1301 1852//2959 682//1300
f 1929//1532 1925//2890 1827//2889
f 1929//1532 1827//2889 1926//2906
f 1929//1532 1926//2906 1927//3029
f 754//1461 1931//3030 1927//3029
f 754//1461 1927//3029 1926//2906
f 754//1461 1926//2906 1928//1462
f 1927//3029 1930//1519 791//1522
f 1927//3029 791//1522 1929//1532
f 1931//3030 1932//3031 1930//1519
f 1931//3030 1930//1519 1927//3029
f 756//1464 1932//3031 1931//3030
f 756//1464 1931//3030 754//1461
f 1932//3031 1933//3032 785//1520
f 1932//3031 785//1520 1930//1519
f 1932//3031 756//1464 758//1467
f 1932//3031 758//1467 782//3033
f 1932//3031 782//3033 1933//3032
f 795//1531 1934//2891 1925//2890
f 795//1531 1925//2890 1929//1532
f 795//1531 797//1530 1935//2892
f 795//1531 1935//2892 1934//2891
f 797//1530 1951//1535 1938//3034
f 797//1530 1938//3034 1936//2893
f 797//1530 1936//2893 1935//2892
f 1940//3035 1939//2894 1936//2893
f 1940//3035 1936//2893 1937//3036
f 1940//3035 1937//3036 1948//3037
f 1950//3038 1937//3036 1936//2893
f 1950//3038 1936//2893 1938//3034
f 1940//3035 1943//3039 1941//2895
f 1940//3035 1941//2895 1939//2894
f 858//1627 1942//1632 1941//2895
f 858//1627 1941//2895 1943//3039
f 858//1627 1943//3039 1945//3040
f 865//1634 1944//2896 1941//2895
f 865//1634 1941//2895 1942//1632
f 865//1634 1942//1632 860//1631
f 867//1639 1799//2886 1944//2896
f 867//1639 1944//2896 865//1634
f 1940//3035 838//1600 1946//1606
f 1940//3035 1946//1606 1945//3040
f 1940//3035 1945//3040 1943//3039
f 850//1618 858//1627 1945//3040
f 850//1618 1945//3040 1946//1606
f 850//1618 1946//1606 1947//1605
f 838//1600 1940//3035 1948//3037
f 838//1600 1948//3037 1949//1599
f 838//1600 1949//1599 833//1598
f 1950//3038 831//1595 1949//1599
f 1950//3038 1949//1599 1948//3037
f 1950//3038 1948//3037 1937//3036
f 820//1579 1950//3038 1938//3034
f 820//1579 1938//3034 1951//1535
f 820//1579 1951//1535 1952//1534
f 1950//3038 820//1579 823//1580
f 1950//3038 823//1580 831//1595
f 746//1445 1807//1421 731//1423
f 746//1445 731//1423 741//1446
f 645//1247 1956//3041 1957//3042
f 645//1247 1957//3042 643//1244
f 1956//3041 1958//3043 1959//3044
f 1956//3041 1959//3044 1957//3042
f 1958//3043 1960//3045 1962//3046
f 1958//3043 1962//3046 1959//3044
f 1960//3045 1961//3047 1963//3048
f 1960//3045 1963//3048 1962//3046
f 1961//3047 1966//3049 1964//3050
f 1961//3047 1964//3050 1963//3048
f 1966//3049 1967//3051 1965//3052
f 1966//3049 1965//3052 1964//3050
f 1967//3051 506//1105 508//1106
f 1967//3051 508//1106 1965//3052
f 1969//3053 363//1172 559//1171
f 1969//3053 559//1171 1968//3054
f 1968//3054 388//868 1970//871
f 1968//3054 1970//871 1969//3053
f 549//1161 1971//1079 499//1078
f 549//1161 499//1078 403//882
f 549//1161 403//882 400//734
f 406//887 404//886 480//1052
f 406//887 480//1052 476//912
f 2188//409 1975//3055 1974//3056
f 2188//409 1974//3056 1972//895
f 2188//409 1972//895 410//625
f 2188//409 410//625 276//624
f 2188//409 276//624 2193//3057
f 2188//409 2193//3057 2191//3058
f 2188//409 2191//3058 2189//3059
f 2188//409 2189//3059 2186//3060
f 2188//409 2186//3060 2185//3061
f 2188//409 2185//3061 2187//410
f 1974//3056 1976//3062 1977//3063
f 1974//3056 1977//3063 1973//894
f 1974//3056 1973//894 1972//895
f 1976//3062 1974//3056 1975//3055
f 1976//3062 1975//3055 2527//3064
f 1976//3062 2527//3064 1979//3065
f 1976//3062 1979//3065 1978//3066
f 1977//3063 1976//3062 1978//3066
f 1977//3063 1978//3066 1980//3067
f 1981//3068 1980//3067 1978//3066
f 1981//3068 1978//3066 1979//3065
f 1981//3068 1979//3065 2334//3069
f 1981//3068 2334//3069 2333//3070
f 1981//3068 2333//3070 1984//3071
f 1981//3068 1984//3071 1983//3072
f 1980//3067 1981//3068 1982//890
f 1980//3067 1982//890 408//889
f 1980//3067 408//889 1973//894
f 1980//3067 1973//894 1977//3063
f 1983//3072 1985//3073 1986//891
f 1983//3072 1986//891 1982//890
f 1983//3072 1982//890 1981//3068
f 1988//3074 1987//3075 1985//3073
f 1988//3074 1985//3073 1983//3072
f 1988//3074 1983//3072 1984//3071
f 1988//3074 1984//3071 2329//3076
f 1988//3074 2329//3076 2328//3077
f 1988//3074 2328//3077 2330//3078
f 1988//3074 2330//3078 1989//3079
f 1986//891 1985//3073 1987//3075
f 1986//891 1987//3075 397//880
f 1986//891 397//880 401//881
f 1987//3075 1988//3074 1990//3080
f 1987//3075 1990//3080 1994//3081
f 1987//3075 1994//3081 1997//3082
f 1987//3075 1997//3082 2001//3083
f 1987//3075 2001//3083 2008//3084
f 1987//3075 2008//3084 2010//3085
f 1987//3075 2010//3085 2015//3086
f 1987//3075 2015//3086 2016//3087
f 1987//3075 2016//3087 2017//3088
f 1987//3075 2017//3088 2019//3089
f 1987//3075 2019//3089 2020//3090
f 1987//3075 2020//3090 2025//3091
f 1987//3075 2025//3091 2026//3092
f 1987//3075 2026//3092 2027//3093
f 1987//3075 2027//3093 2028//3094
f 1987//3075 2028//3094 2032//3095
f 1987//3075 2032//3095 2034//876
f 1987//3075 2034//876 393//875
f 1987//3075 393//875 397//880
f 1989//3079 2308//3096 2307//3097
f 1989//3079 2307//3097 1993//3098
f 1989//3079 1993//3098 1990//3080
f 1989//3079 1990//3080 1988//3074
f 1991//3099 1990//3080 1992//3100
f 1991//3099 1992//3100 2604//3101
f 1991//3099 2604//3101 2043//3102
f 1992//3100 1990//3080 1993//3098
f 1992//3100 1993//3098 2271//3103
f 1994//3104 1991//3105 2039//3106
f 1994//3104 2039//3106 1995//3107
f 1994//3104 1995//3107 1998//3108
f 1994//3104 1998//3108 1996//3109
f 1997//3110 1994//3104 1996//3109
f 1997//3110 1996//3109 2000//3111
f 301//696 2036//699 2033//824
f 301//696 2033//824 2031//3112
f 301//696 2031//3112 2030//3113
f 301//696 2030//3113 2029//3114
f 301//696 2029//3114 2024//3115
f 301//696 2024//3115 2023//3116
f 301//696 2023//3116 2022//3117
f 301//696 2022//3117 2021//3118
f 301//696 2021//3118 2018//3119
f 301//696 2018//3119 2014//3120
f 301//696 2014//3120 2013//3121
f 301//696 2013//3121 2012//3122
f 301//696 2012//3122 2011//3123
f 301//696 2011//3123 2006//3124
f 301//696 2006//3124 2007//3125
f 301//696 2007//3125 2009//3126
f 301//696 2009//3126 2002//3127
f 301//696 2002//3127 2003//3128
f 301//696 2003//3128 2004//3129
f 301//696 2004//3129 2005//3130
f 301//696 2005//3130 1999//3131
f 301//696 1999//3131 2000//3132
f 301//696 2000//3132 1996//3133
f 301//696 1996//3133 1998//3134
f 301//696 1998//3134 1995//3135
f 301//696 1995//3135 2039//3136
f 301//696 2039//3136 2040//3137
f 301//696 2040//3137 2174//3138
f 1997//3110 2000//3111 1999//3139
f 2001//3140 1997//3110 1999//3139
f 2001//3140 1999//3139 2005//3141
f 2001//3140 2003//3142 2002//3143
f 2001//3140 2002//3143 2009//3144
f 2001//3140 2004//3145 2003//3142
f 2001//3140 2005//3141 2004//3145
f 2001//3140 2007//3146 2006//3147
f 2008//3148 2001//3140 2006//3147
f 2008//3148 2006//3147 2011//3149
f 2001//3140 2009//3144 2007//3146
f 2010//3150 2008//3148 2011//3149
f 2010//3150 2011//3149 2012//3151
f 2015//3152 2010//3150 2012//3151
f 2015//3152 2012//3151 2013//3153
f 2016//3154 2015//3152 2013//3153
f 2016//3154 2013//3153 2014//3155
f 2017//3156 2016//3154 2014//3155
f 2017//3156 2014//3155 2018//3157
f 2019//3158 2017//3156 2018//3157
f 2019//3158 2018//3157 2021//3159
f 2020//3160 2019//3158 2021//3159
f 2020//3160 2021//3159 2022//3161
f 2025//3162 2020//3160 2022//3161
f 2025//3162 2022//3161 2023//3163
f 2026//3164 2025//3162 2023//3163
f 2026//3164 2023//3163 2024//3165
f 2027//3166 2026//3164 2024//3165
f 2027//3166 2024//3165 2029//3167
f 2028//3168 2027//3166 2029//3167
f 2028//3168 2029//3167 2030//3169
f 2032//3170 2028//3168 2030//3169
f 2032//3170 2030//3169 2031//3171
f 2031//3171 2033//3172 2034//3173
f 2031//3171 2034//3173 2032//3170
f 2037//3174 2034//3173 2033//3172
f 2037//3174 2033//3172 2035//3175
f 2038//834 2037//3174 2035//3175
f 2038//834 2035//3175 369//833
f 2041//3176 2042//3177 2082//3178
f 2041//3176 2082//3178 2040//3137
f 2041//3176 2040//3137 2039//3136
f 2043//3179 2041//3180 2039//3181
f 2043//3179 2039//3181 1991//3182
f 2041//3176 2044//3183 2042//3177
f 2045//3184 2044//3185 2041//3180
f 2045//3184 2041//3180 2043//3179
f 2047//3186 2046//3187 2044//3185
f 2047//3186 2044//3185 2045//3184
f 2046//3188 2048//3189 2082//3178
f 2046//3188 2082//3178 2042//3177
f 2046//3188 2042//3177 2044//3183
f 2049//3190 2046//3191 2047//3192
f 2605//842 36//123 2197//127
f 2605//842 2197//127 2196//3193
f 2605//842 2196//3193 2084//3194
f 2605//842 2084//3194 2083//3195
f 2605//842 2083//3195 2048//3189
f 2605//842 2048//3189 2046//3188
f 2605//842 2046//3188 2049//3196
f 2605//842 2049//3196 2050//3197
f 2605//842 2050//3197 2051//3198
f 2605//842 2051//3198 2054//3199
f 2605//842 2054//3199 2055//3200
f 2605//842 2055//3200 2057//3201
f 2605//842 2057//3201 2058//3202
f 2605//842 2058//3202 2059//3203
f 2605//842 2059//3203 2060//3204
f 2605//842 2060//3204 2061//3205
f 2605//842 2061//3205 2066//3206
f 2605//842 2066//3206 2067//3207
f 2605//842 2067//3207 2068//3208
f 2605//842 2068//3208 2069//3209
f 2605//842 2069//3209 2074//3210
f 2605//842 2074//3210 2075//3211
f 2605//842 2075//3211 2076//3212
f 2605//842 2076//3212 2078//3213
f 2605//842 2078//3213 2080//3214
f 2605//842 2080//3214 374//843
f 2047//3192 2050//3215 2049//3190
f 2052//3216 2053//3217 2051//3218
f 2052//3216 2051//3218 2050//3219
f 2053//3217 2055//3220 2054//3221
f 2053//3217 2054//3221 2051//3218
f 2053//3217 2057//3222 2055//3220
f 2053//3217 2056//3223 2059//3224
f 2053//3217 2059//3224 2058//3225
f 377//849 2081//3226 2079//3227
f 377//849 2079//3227 2077//3228
f 377//849 2077//3228 2073//3229
f 377//849 2073//3229 2072//3230
f 377//849 2072//3230 2071//3231
f 377//849 2071//3231 2070//3232
f 377//849 2070//3232 2065//3233
f 377//849 2065//3233 2064//3234
f 377//849 2064//3234 2063//3235
f 377//849 2063//3235 2062//3236
f 377//849 2062//3236 2056//3237
f 377//849 2056//3237 2053//3238
f 377//849 2053//3238 2047//3239
f 377//849 2047//3239 2198//3240
f 377//849 2198//3240 2200//3241
f 377//849 2200//3241 2201//3242
f 377//849 2201//3242 2599//3243
f 377//849 2599//3243 2600//3244
f 377//849 2600//3244 33//3245
f 377//849 33//3245 379//850
f 2053//3217 2058//3225 2057//3222
f 2056//3223 2062//3246 2060//3247
f 2056//3223 2060//3247 2059//3224
f 2062//3246 2063//3248 2061//3249
f 2062//3246 2061//3249 2060//3247
f 2063//3248 2064//3250 2066//3251
f 2063//3248 2066//3251 2061//3249
f 2064//3250 2065//3252 2067//3253
f 2064//3250 2067//3253 2066//3251
f 2065//3252 2070//3254 2068//3255
f 2065//3252 2068//3255 2067//3253
f 2070//3254 2071//3256 2069//3257
f 2070//3254 2069//3257 2068//3255
f 2071//3256 2072//3258 2074//3259
f 2071//3256 2074//3259 2069//3257
f 2072//3258 2073//3260 2075//3261
f 2072//3258 2075//3261 2074//3259
f 2073//3260 2077//3262 2076//3263
f 2073//3260 2076//3263 2075//3261
f 2077//3262 2079//3264 2078//3265
f 2077//3262 2078//3265 2076//3263
f 2079//3264 2081//3266 2080//3267
f 2079//3264 2080//3267 2078//3265
f 2081//3266 377//841 374//840
f 2081//3266 374//840 2080//3267
f 2082//3178 2048//3189 2083//3195
f 2082//3178 2083//3195 2085//3268
f 2082//3178 2085//3268 2087//3269
f 2082//3178 2087//3269 2088//3270
f 2082//3178 2088//3270 2089//3271
f 2082//3178 2089//3271 2090//3272
f 2082//3178 2090//3272 2091//3273
f 2082//3178 2091//3273 2092//3274
f 2082//3178 2092//3274 2093//3275
f 2082//3178 2093//3275 2094//3276
f 2082//3178 2094//3276 2096//3277
f 2082//3178 2096//3277 2097//3278
f 2082//3178 2097//3278 2098//3276
f 2082//3178 2098//3276 2099//3279
f 2082//3178 2099//3279 2101//3280
f 2082//3178 2101//3280 2102//3276
f 2082//3178 2102//3276 2103//3281
f 2082//3178 2103//3281 2104//3282
f 2082//3178 2104//3282 2105//3283
f 2082//3178 2105//3283 2106//3284
f 2082//3178 2106//3284 2107//3285
f 2082//3178 2107//3285 2108//3286
f 2082//3178 2108//3286 2109//3287
f 2082//3178 2109//3287 2110//3288
f 2082//3178 2110//3288 2111//3289
f 2082//3178 2111//3289 2112//3290
f 2082//3178 2112//3290 2113//3291
f 2194//142 2086//141 2085//3268
f 2194//142 2085//3268 2083//3195
f 2194//142 2083//3195 2084//3194
f 2086//141 2144//140 2139//3292
f 2086//141 2139//3292 2141//3293
f 2086//141 2141//3293 2142//3294
f 2086//141 2142//3294 2143//3295
f 2086//141 2143//3295 2114//3296
f 2086//141 2114//3296 2113//3291
f 2086//141 2113//3291 2112//3290
f 2086//141 2112//3290 2111//3289
f 2086//141 2111//3289 2110//3288
f 2086//141 2110//3288 2109//3287
f 2086//141 2109//3287 2108//3286
f 2086//141 2108//3286 2107//3285
f 2086//141 2107//3285 2106//3284
f 2086//141 2106//3284 2105//3283
f 2086//141 2105//3283 2104//3282
f 2086//141 2104//3282 2103//3281
f 2086//141 2103//3281 2102//3276
f 2086//141 2102//3276 2100//3297
f 2086//141 2100//3297 2099//3279
f 2086//141 2099//3279 2098//3276
f 2086//141 2098//3276 2097//3278
f 2086//141 2097//3278 2095//3297
f 2086//141 2095//3297 2094//3276
f 2086//141 2094//3276 2093//3275
f 2086//141 2093//3275 2092//3274
f 2086//141 2092//3274 2091//3273
f 2086//141 2091//3273 2090//3272
f 2086//141 2090//3272 2089//3271
f 2086//141 2089//3271 2088//3270
f 2086//141 2088//3270 2087//3269
f 2086//141 2087//3269 2085//3268
f 2118//3298 2116//3299 2115//3300
f 2118//3298 2115//3300 2113//3291
f 2118//3298 2113//3291 2114//3296
f 2113//3291 2115//3300 2040//3137
f 2113//3291 2040//3137 2082//3178
f 2173//3301 2174//3138 2040//3137
f 2173//3301 2040//3137 2115//3300
f 2173//3301 2115//3300 2116//3299
f 2173//3301 2116//3299 2117//3302
f 2118//3298 2120//3303 2121//3304
f 2118//3298 2121//3304 2179//3305
f 2118//3298 2179//3305 2117//3302
f 2118//3298 2117//3302 2116//3299
f 2119//3306 2118//3298 2114//3296
f 2119//3306 2114//3296 2143//3295
f 2120//3303 2118//3298 2119//3306
f 2120//3303 2119//3306 2122//3307
f 2121//3304 2120//3303 2122//3307
f 2121//3304 2122//3307 2123//3308
f 2123//3308 2122//3307 2124//3309
f 2123//3308 2124//3309 2127//3310
f 2122//3307 2119//3306 2126//3311
f 2122//3307 2126//3311 2124//3309
f 2124//3309 2126//3311 2140//3312
f 2124//3309 2140//3312 2125//3313
f 2127//3310 2124//3309 2125//3313
f 2127//3310 2125//3313 2129//3314
f 2128//3315 2127//3310 2129//3314
f 2128//3315 2129//3314 2131//3316
f 2146//3317 2123//3308 2127//3310
f 2146//3317 2127//3310 2128//3315
f 2129//3314 2125//3313 2137//3318
f 2129//3314 2137//3318 2130//3319
f 2131//3316 2129//3314 2130//3319
f 2131//3316 2130//3319 2132//3320
f 50//160 2131//3316 2132//3320
f 50//160 2132//3320 48//157
f 2145//162 2128//3315 2131//3316
f 2145//162 2131//3316 50//160
f 48//157 2132//3320 2133//136
f 48//157 2133//136 46//135
f 2132//3320 2130//3319 2134//137
f 2132//3320 2134//137 2133//136
f 2130//3319 2137//3318 2135//138
f 2130//3319 2135//138 2134//137
f 2137//3318 2138//3321 2136//139
f 2137//3318 2136//139 2135//138
f 2125//3313 2140//3312 2138//3321
f 2125//3313 2138//3321 2137//3318
f 2138//3321 2139//3292 2144//140
f 2138//3321 2144//140 2136//139
f 2138//3321 2140//3312 2141//3293
f 2138//3321 2141//3293 2139//3292
f 2140//3312 2126//3311 2142//3294
f 2140//3312 2142//3294 2141//3293
f 2126//3311 2119//3306 2143//3295
f 2126//3311 2143//3295 2142//3294
f 2148//3322 2146//3317 2128//3315
f 2148//3322 2128//3315 2145//162
f 2147//3323 2121//3304 2123//3308
f 2147//3323 2123//3308 2146//3317
f 2149//3324 2147//3323 2146//3317
f 2149//3324 2146//3317 2148//3322
f 2151//3325 2149//3324 2148//3322
f 2151//3325 2148//3322 2150//168
f 2150//168 2148//3322 2145//162
f 2150//168 2145//162 51//161
f 2153//171 2151//3325 2150//168
f 2153//171 2150//168 55//166
f 2149//3324 2151//3325 2152//3326
f 2149//3324 2152//3326 2176//3327
f 2149//3324 2176//3327 2177//3328
f 2151//3325 2153//171 2154//3329
f 2151//3325 2154//3329 2155//3330
f 2151//3325 2155//3330 2152//3326
f 2153//171 59//172 2156//175
f 2153//171 2156//175 2154//3329
f 2155//3330 2154//3329 2156//175
f 2155//3330 2156//175 2157//174
f 2155//3330 2157//174 2158//3331
f 2155//3330 2158//3331 2160//3332
f 2155//3330 2160//3332 2162//3333
f 2157//174 61//173 65//177
f 2157//174 65//177 2675//183
f 2157//174 2675//183 101//240
f 2157//174 101//240 2159//239
f 2157//174 2159//239 2158//3331
f 2160//3332 2158//3331 2159//239
f 2160//3332 2159//239 104//241
f 2160//3332 104//241 2181//250
f 2160//3332 2181//250 2161//640
f 2163//3334 2162//3333 2160//3332
f 2163//3334 2160//3332 2161//640
f 2163//3334 2161//640 2180//639
f 2163//3334 2180//639 2164//3335
f 2168//3336 2176//3327 2152//3326
f 2168//3336 2152//3326 2155//3330
f 2168//3336 2155//3330 2162//3333
f 2168//3336 2162//3333 2163//3334
f 2168//3336 2163//3334 2165//3337
f 2168//3336 2165//3337 2167//3338
f 2165//3337 2163//3334 2164//3335
f 2165//3337 2164//3335 2166//3339
f 2166//3339 2175//644 2170//643
f 2166//3339 2170//643 2169//3340
f 2166//3339 2169//3340 2167//3338
f 2166//3339 2167//3338 2165//3337
f 2167//3338 2169//3340 2171//3341
f 2167//3338 2171//3341 2168//3336
f 288//660 299//675 2172//3342
f 288//660 2172//3342 2171//3341
f 288//660 2171//3341 2169//3340
f 288//660 2169//3340 2170//643
f 288//660 2170//643 284//642
f 2117//3302 2179//3305 2178//3343
f 2117//3302 2178//3343 2177//3328
f 2117//3302 2177//3328 2176//3327
f 2117//3302 2176//3327 2168//3336
f 2117//3302 2168//3336 2171//3341
f 2117//3302 2171//3341 2172//3342
f 2117//3302 2172//3342 2173//3301
f 299//675 301//696 2174//3138
f 299//675 2174//3138 2173//3301
f 299//675 2173//3301 2172//3342
f 281//638 2175//644 2166//3339
f 281//638 2166//3339 2164//3335
f 281//638 2164//3335 2180//639
f 2147//3323 2149//3324 2177//3328
f 2147//3323 2177//3328 2178//3343
f 2121//3304 2147//3323 2178//3343
f 2121//3304 2178//3343 2179//3305
f 2650//3344 175//3345 2187//3346
f 2650//3344 2187//3346 2185//3347
f 2650//3344 2185//3347 2183//3348
f 2650//3344 2183//3348 2182//3349
f 2650//3344 2182//3349 106//3350
f 2650//3344 106//3350 2651//3351
f 2185//3347 2186//3352 2184//3353
f 2185//3347 2184//3353 2183//3348
f 1975//3055 2188//409 177//408
f 1975//3055 177//408 2548//419
f 1975//3055 2548//419 2547//3354
f 1975//3055 2547//3354 2546//3355
f 1975//3055 2546//3355 2541//3356
f 1975//3055 2541//3356 2540//3357
f 1975//3055 2540//3357 2539//3358
f 1975//3055 2539//3358 2538//3359
f 1975//3055 2538//3359 2535//3360
f 1975//3055 2535//3360 2529//3361
f 1975//3055 2529//3361 2528//452
f 1975//3055 2528//452 2526//451
f 1975//3055 2526//451 2525//3362
f 1975//3055 2525//3362 2527//3064
f 2186//3352 2189//3363 2190//3364
f 2186//3352 2190//3364 2184//3353
f 2189//3363 2191//3365 2192//3366
f 2189//3363 2192//3366 2190//3364
f 2191//3365 2193//629 279//632
f 2191//3365 279//632 2192//3366
f 2195//143 2194//142 2084//3194
f 2195//143 2084//3194 2196//3193
f 38//126 2195//143 2196//3193
f 38//126 2196//3193 2197//127
f 2045//3367 2604//3101 1992//3100
f 2045//3367 1992//3100 2274//3368
f 2045//3367 2274//3368 2275//3369
f 2045//3367 2275//3369 2215//3370
f 2045//3367 2215//3370 2214//3371
f 2045//3367 2214//3371 2212//3372
f 2045//3367 2212//3372 2210//3373
f 2045//3367 2210//3373 2209//3374
f 2045//3367 2209//3374 2199//3375
f 2045//3367 2199//3375 2198//3240
f 2045//3367 2198//3240 2047//3239
f 2204//3376 2202//3377 2200//3241
f 2204//3376 2200//3241 2198//3240
f 2204//3376 2198//3240 2199//3375
f 2201//3242 2200//3241 2202//3377
f 2201//3242 2202//3377 2203//3378
f 2201//3242 2203//3378 2596//3379
f 2206//3380 2203//3378 2202//3377
f 2206//3380 2202//3377 2204//3376
f 2206//3380 2204//3376 2205//3381
f 2199//3375 2209//3374 2207//3382
f 2199//3375 2207//3382 2205//3381
f 2199//3375 2205//3381 2204//3376
f 2568//3383 2206//3380 2205//3381
f 2568//3383 2205//3381 2207//3382
f 2568//3383 2207//3382 2208//3384
f 2568//3383 2208//3384 2595//3385
f 2568//3383 2595//3385 2594//3386
f 2568//3383 2594//3386 2593//3387
f 2568//3383 2593//3387 2592//3388
f 2568//3383 2592//3388 2591//3389
f 2568//3383 2591//3389 2590//3390
f 2568//3383 2590//3390 2588//3389
f 2568//3383 2588//3389 2587//3389
f 2568//3383 2587//3389 2586//3389
f 2568//3383 2586//3389 2585//3391
f 2568//3383 2585//3391 2584//3392
f 2568//3383 2584//3392 2582//3390
f 2568//3383 2582//3390 2581//3389
f 2568//3383 2581//3389 2580//3389
f 2568//3383 2580//3389 2579//3393
f 2568//3383 2579//3393 2572//3394
f 2568//3383 2572//3394 2571//3395
f 2209//3374 2210//3373 2211//3396
f 2209//3374 2211//3396 2578//3397
f 2209//3374 2578//3397 2577//3398
f 2209//3374 2577//3398 2576//3399
f 2209//3374 2576//3399 2575//3400
f 2209//3374 2575//3400 2574//3401
f 2209//3374 2574//3401 2573//3402
f 2209//3374 2573//3402 2571//3395
f 2209//3374 2571//3395 2572//3394
f 2209//3374 2572//3394 2579//3393
f 2209//3374 2579//3393 2580//3389
f 2209//3374 2580//3389 2581//3389
f 2209//3374 2581//3389 2583//3403
f 2209//3374 2583//3403 2584//3392
f 2209//3374 2584//3392 2585//3391
f 2209//3374 2585//3391 2586//3389
f 2209//3374 2586//3389 2587//3389
f 2209//3374 2587//3389 2588//3389
f 2209//3374 2588//3389 2589//3403
f 2209//3374 2589//3403 2591//3389
f 2209//3374 2591//3389 2592//3388
f 2209//3374 2592//3388 2593//3387
f 2209//3374 2593//3387 2594//3386
f 2209//3374 2594//3386 2595//3385
f 2209//3374 2595//3385 2208//3384
f 2209//3374 2208//3384 2207//3382
f 2210//3373 2212//3372 2213//3404
f 2210//3373 2213//3404 2570//3405
f 2210//3373 2570//3405 2211//3396
f 2212//3372 2214//3371 2216//3406
f 2212//3372 2216//3406 2218//3407
f 2212//3372 2218//3407 2220//3408
f 2212//3372 2220//3408 2222//3409
f 2212//3372 2222//3409 2213//3404
f 2214//3371 2215//3370 2278//3410
f 2214//3371 2278//3410 2279//3411
f 2214//3371 2279//3411 2281//3412
f 2214//3371 2281//3412 2282//3413
f 2214//3371 2282//3413 2217//3414
f 2214//3371 2217//3414 2216//3406
f 2218//3407 2216//3406 2217//3414
f 2218//3407 2217//3414 2287//3415
f 2218//3407 2287//3415 2289//3416
f 2218//3407 2289//3416 2219//3417
f 2220//3408 2218//3407 2219//3417
f 2220//3408 2219//3417 2221//3418
f 2222//3409 2220//3408 2221//3418
f 2222//3409 2221//3418 2225//3419
f 2222//3409 2225//3419 2223//3420
f 2570//3405 2213//3404 2222//3409
f 2570//3405 2222//3409 2223//3420
f 2570//3405 2223//3420 2224//3421
f 2570//3405 2224//3421 2569//3422
f 2226//3423 2224//3421 2223//3420
f 2226//3423 2223//3420 2225//3419
f 2229//3424 2226//3423 2225//3419
f 2229//3424 2225//3419 2227//3425
f 2227//3425 2225//3419 2221//3418
f 2227//3425 2221//3418 2219//3417
f 2230//3426 2229//3424 2227//3425
f 2230//3426 2227//3425 2228//3427
f 2228//3427 2227//3425 2219//3417
f 2228//3427 2219//3417 2289//3416
f 2233//3428 2231//3429 2229//3424
f 2233//3428 2229//3424 2230//3426
f 2231//3429 2232//3430 2226//3423
f 2231//3429 2226//3423 2229//3424
f 2239//3431 2391//3432 2392//3433
f 2239//3431 2392//3433 2393//3434
f 2239//3431 2393//3434 2394//3435
f 2239//3431 2394//3435 2395//3436
f 2239//3431 2395//3436 2396//3437
f 2239//3431 2396//3437 2364//3438
f 2239//3431 2364//3438 2362//3439
f 2239//3431 2362//3439 34//105
f 2239//3431 34//105 2598//3440
f 2239//3431 2598//3440 2597//3441
f 2239//3431 2597//3441 2596//3379
f 2239//3431 2596//3379 2203//3378
f 2239//3431 2203//3378 2206//3380
f 2239//3431 2206//3380 2568//3383
f 2239//3431 2568//3383 2567//3442
f 2239//3431 2567//3442 2566//3443
f 2239//3431 2566//3443 2232//3430
f 2239//3431 2232//3430 2231//3429
f 2239//3431 2231//3429 2233//3428
f 2239//3431 2233//3428 2234//3444
f 2239//3431 2234//3444 2236//3445
f 2239//3431 2236//3445 2238//3446
f 2234//3444 2233//3428 2230//3426
f 2234//3444 2230//3426 2235//3447
f 2236//3445 2234//3444 2235//3447
f 2236//3445 2235//3447 2293//3448
f 2236//3445 2293//3448 2294//3449
f 2236//3445 2294//3449 2295//3450
f 2236//3445 2295//3450 2296//3451
f 2236//3445 2296//3451 2301//3452
f 2236//3445 2301//3452 2237//3453
f 2238//3446 2236//3445 2237//3453
f 2238//3446 2237//3453 2241//3454
f 2238//3446 2241//3454 2240//3455
f 2242//3456 2385//3457 2386//3458
f 2242//3456 2386//3458 2387//3459
f 2242//3456 2387//3459 2389//3460
f 2242//3456 2389//3460 2239//3431
f 2242//3456 2239//3431 2238//3446
f 2242//3456 2238//3446 2240//3455
f 2244//3461 2243//3462 2240//3455
f 2244//3461 2240//3455 2241//3454
f 2243//3462 2242//3456 2240//3455
f 2385//3457 2242//3456 2243//3463
f 2385//3457 2243//3463 2244//3464
f 2385//3457 2244//3464 2245//3465
f 2385//3457 2245//3465 2246//3466
f 2385//3457 2246//3466 2384//3467
f 2247//3468 2245//3469 2244//3461
f 2247//3468 2244//3461 2241//3454
f 2247//3468 2241//3454 2237//3453
f 2245//3465 2247//3470 2248//3471
f 2245//3465 2248//3471 2249//3472
f 2245//3465 2249//3472 2246//3466
f 2250//3473 2248//3474 2247//3468
f 2250//3473 2247//3468 2237//3453
f 2250//3473 2237//3453 2301//3452
f 2250//3473 2301//3452 2300//3475
f 2250//3473 2300//3475 2251//3476
f 2248//3471 2250//3477 2252//3478
f 2248//3471 2252//3478 2253//3479
f 2248//3471 2253//3479 2255//3480
f 2248//3471 2255//3480 2257//3481
f 2248//3471 2257//3481 2258//3482
f 2248//3471 2258//3482 2304//3483
f 2248//3471 2304//3483 2303//3484
f 2248//3471 2303//3484 2305//3485
f 2248//3471 2305//3485 2249//3472
f 2252//3486 2250//3473 2251//3476
f 2253//3487 2252//3486 2251//3476
f 2253//3487 2251//3476 2302//3488
f 2253//3487 2302//3488 2254//3489
f 2255//3490 2253//3487 2254//3489
f 2255//3490 2254//3489 2256//3491
f 2257//3492 2255//3490 2256//3491
f 2257//3492 2256//3491 2259//3493
f 2258//3494 2257//3492 2259//3493
f 2258//3494 2259//3493 2260//3495
f 2260//3495 2259//3493 2256//3491
f 2260//3495 2256//3491 2254//3489
f 2260//3495 2254//3489 2302//3488
f 2260//3495 2302//3488 2263//3496
f 2260//3495 2263//3496 2262//3497
f 2304//3498 2258//3494 2260//3495
f 2304//3498 2260//3495 2261//3499
f 2265//3500 2266//3501 2261//3499
f 2265//3500 2261//3499 2260//3495
f 2265//3500 2260//3495 2262//3497
f 2262//3497 2263//3496 2277//3502
f 2262//3497 2277//3502 2264//3503
f 2267//3504 2265//3500 2262//3497
f 2267//3504 2262//3497 2264//3503
f 2303//3484 2266//3501 2265//3500
f 2303//3484 2265//3500 2267//3504
f 2303//3484 2267//3504 2268//3505
f 2303//3484 2268//3505 2269//3506
f 2303//3484 2269//3506 2271//3103
f 2303//3484 2271//3103 1993//3098
f 2303//3484 1993//3098 2307//3097
f 2303//3484 2307//3097 2305//3485
f 2268//3505 2267//3504 2264//3503
f 2269//3506 2268//3505 2264//3503
f 2269//3506 2264//3503 2277//3502
f 2269//3506 2277//3502 2276//3507
f 2269//3506 2276//3507 2273//3508
f 2269//3506 2273//3508 2272//3509
f 2269//3506 2272//3509 2270//3510
f 2270//3510 2271//3103 2269//3506
f 2274//3368 1992//3100 2271//3103
f 2274//3368 2271//3103 2270//3511
f 2274//3368 2270//3511 2272//3512
f 2275//3369 2274//3368 2272//3512
f 2275//3369 2272//3512 2273//3508
f 2215//3370 2275//3369 2273//3508
f 2215//3370 2273//3508 2276//3507
f 2215//3370 2276//3507 2278//3410
f 2279//3411 2278//3410 2276//3507
f 2279//3411 2276//3507 2277//3502
f 2279//3411 2277//3502 2280//3513
f 2281//3412 2279//3411 2280//3513
f 2281//3412 2280//3513 2284//3514
f 2281//3412 2284//3514 2283//3515
f 2282//3413 2281//3412 2283//3515
f 2282//3413 2283//3515 2286//3516
f 2298//3517 2285//3518 2283//3515
f 2298//3517 2283//3515 2284//3514
f 2285//3518 2288//3519 2286//3516
f 2285//3518 2286//3516 2283//3515
f 2217//3414 2282//3413 2286//3516
f 2217//3414 2286//3516 2287//3415
f 2288//3519 2289//3416 2287//3415
f 2288//3519 2287//3415 2286//3516
f 2290//3520 2228//3427 2289//3416
f 2290//3520 2289//3416 2288//3519
f 2291//3521 2290//3520 2288//3519
f 2291//3521 2288//3519 2285//3518
f 2235//3447 2230//3426 2228//3427
f 2235//3447 2228//3427 2290//3520
f 2293//3448 2235//3447 2290//3520
f 2293//3448 2290//3520 2291//3521
f 2297//3522 2292//3523 2291//3521
f 2297//3522 2291//3521 2285//3518
f 2297//3522 2285//3518 2298//3517
f 2294//3449 2293//3448 2291//3521
f 2294//3449 2291//3521 2292//3523
f 2295//3450 2294//3449 2292//3523
f 2295//3450 2292//3523 2297//3522
f 2296//3451 2295//3450 2297//3522
f 2296//3451 2297//3522 2299//3524
f 2251//3476 2300//3475 2299//3524
f 2251//3476 2299//3524 2297//3522
f 2251//3476 2297//3522 2298//3517
f 2251//3476 2298//3517 2302//3488
f 2301//3452 2296//3451 2299//3524
f 2301//3452 2299//3524 2300//3475
f 2302//3488 2298//3517 2284//3514
f 2302//3488 2284//3514 2263//3496
f 2263//3496 2284//3514 2280//3513
f 2263//3496 2280//3513 2277//3502
f 2266//3501 2303//3525 2304//3498
f 2266//3501 2304//3498 2261//3499
f 2310//3526 2249//3472 2305//3485
f 2310//3526 2305//3485 2306//3527
f 2307//3097 2308//3096 2306//3527
f 2307//3097 2306//3527 2305//3485
f 2308//3096 1989//3079 2330//3078
f 2308//3096 2330//3078 2309//3528
f 2308//3096 2309//3528 2306//3527
f 2312//3529 2310//3526 2306//3527
f 2312//3529 2306//3527 2309//3528
f 2314//3530 2311//3531 2310//3526
f 2314//3530 2310//3526 2312//3529
f 2311//3531 2246//3466 2249//3472
f 2311//3531 2249//3472 2310//3526
f 2313//3532 2312//3529 2309//3528
f 2313//3532 2309//3528 2326//3533
f 2316//3534 2314//3530 2312//3529
f 2316//3534 2312//3529 2313//3532
f 2315//3535 2383//3536 2311//3531
f 2315//3535 2311//3531 2314//3530
f 2317//3537 2315//3535 2314//3530
f 2317//3537 2314//3530 2316//3534
f 2319//3538 2317//3537 2316//3534
f 2319//3538 2316//3534 2318//3539
f 2318//3539 2316//3534 2313//3532
f 2318//3539 2313//3532 2321//3540
f 2399//3541 2319//3538 2318//3539
f 2399//3541 2318//3539 2320//3542
f 2320//3542 2318//3539 2321//3540
f 2320//3542 2321//3540 2322//3543
f 2322//3543 2321//3540 2323//3544
f 2322//3543 2323//3544 2325//3545
f 2321//3540 2313//3532 2326//3533
f 2321//3540 2326//3533 2323//3544
f 2323//3544 2326//3533 2327//3546
f 2323//3544 2327//3546 2324//3547
f 2325//3545 2323//3544 2324//3547
f 2325//3545 2324//3547 2332//3548
f 2330//3078 2328//3077 2327//3546
f 2330//3078 2327//3546 2326//3533
f 2330//3078 2326//3533 2309//3528
f 2328//3077 2329//3076 2324//3547
f 2328//3077 2324//3547 2327//3546
f 2329//3076 1984//3071 2333//3070
f 2329//3076 2333//3070 2332//3548
f 2329//3076 2332//3548 2324//3547
f 2333//3070 2334//3069 2335//3549
f 2333//3070 2335//3549 2331//3550
f 2333//3070 2331//3550 2325//3545
f 2333//3070 2325//3545 2332//3548
f 2342//3551 2322//3543 2325//3545
f 2342//3551 2325//3545 2331//3550
f 1979//3065 2527//3064 2525//3362
f 1979//3065 2525//3362 2337//3552
f 1979//3065 2337//3552 2336//3553
f 1979//3065 2336//3553 2335//3554
f 1979//3065 2335//3554 2334//3069
f 2335//3549 2336//3555 2338//3556
f 2335//3549 2338//3556 2331//3550
f 2339//3557 2338//3556 2336//3558
f 2339//3557 2336//3558 2337//3559
f 2339//3557 2337//3559 2420//3560
f 2339//3557 2420//3560 2417//3561
f 2339//3557 2417//3561 2340//3562
f 2338//3556 2339//3557 2341//3563
f 2338//3556 2341//3563 2342//3551
f 2338//3556 2342//3551 2331//3550
f 2343//3564 2341//3563 2339//3557
f 2343//3564 2339//3557 2340//3562
f 2343//3564 2340//3562 2344//3565
f 2341//3563 2343//3564 2345//3566
f 2341//3563 2345//3566 2346//3567
f 2341//3563 2346//3567 2342//3551
f 2347//3568 2345//3566 2343//3564
f 2347//3568 2343//3564 2344//3565
f 2347//3568 2344//3565 2348//3569
f 2345//3566 2347//3568 2349//3570
f 2345//3566 2349//3570 2350//3571
f 2345//3566 2350//3571 2346//3567
f 2351//3572 2349//3570 2347//3568
f 2351//3572 2347//3568 2348//3569
f 2351//3572 2348//3569 2352//3573
f 2349//3570 2351//3572 2353//3574
f 2349//3570 2353//3574 2354//3575
f 2349//3570 2354//3575 2350//3571
f 2355//3576 2353//3574 2351//3572
f 2355//3576 2351//3572 2352//3573
f 2355//3576 2352//3573 2356//3577
f 2353//3574 2355//3576 2357//3578
f 2353//3574 2357//3578 2358//3579
f 2353//3574 2358//3579 2354//3575
f 2359//3580 2357//3578 2355//3576
f 2359//3580 2355//3576 2356//3577
f 2359//3580 2356//3577 2360//3581
f 2357//3578 2359//3580 2361//3582
f 2357//3578 2361//3582 2363//3583
f 2357//3578 2363//3583 2358//3579
f 2400//3584 2362//3439 2361//3582
f 2400//3584 2361//3582 2359//3580
f 2400//3584 2359//3580 2360//3581
f 2361//3582 2362//3439 2364//3438
f 2361//3582 2364//3438 2363//3583
f 2364//3438 2396//3437 2366//3585
f 2364//3438 2366//3585 2365//3586
f 2364//3438 2365//3586 2363//3583
f 2363//3583 2365//3586 2367//3587
f 2363//3583 2367//3587 2358//3579
f 2366//3585 2369//3588 2368//3589
f 2366//3585 2368//3589 2365//3586
f 2365//3586 2368//3589 2370//3590
f 2365//3586 2370//3590 2367//3587
f 2369//3588 2372//3591 2371//3592
f 2369//3588 2371//3592 2368//3589
f 2368//3589 2371//3592 2373//3593
f 2368//3589 2373//3593 2370//3590
f 2372//3591 2375//3594 2374//3595
f 2372//3591 2374//3595 2371//3592
f 2371//3592 2374//3595 2377//3596
f 2371//3592 2377//3596 2373//3593
f 2393//3434 2392//3433 2376//3597
f 2393//3434 2376//3597 2374//3595
f 2393//3434 2374//3595 2375//3594
f 2374//3595 2376//3597 2378//3598
f 2374//3595 2378//3598 2377//3596
f 2377//3596 2378//3598 2381//3599
f 2377//3596 2381//3599 2379//3600
f 2373//3593 2377//3596 2379//3600
f 2373//3593 2379//3600 2380//3601
f 2380//3601 2379//3600 2315//3535
f 2380//3601 2315//3535 2317//3537
f 2379//3600 2381//3599 2383//3536
f 2379//3600 2383//3536 2315//3535
f 2378//3598 2388//3602 2382//3603
f 2378//3598 2382//3603 2381//3599
f 2381//3599 2382//3603 2384//3467
f 2381//3599 2384//3467 2383//3536
f 2383//3536 2384//3467 2246//3466
f 2383//3536 2246//3466 2311//3531
f 2386//3458 2385//3457 2384//3467
f 2386//3458 2384//3467 2382//3603
f 2387//3459 2386//3458 2382//3603
f 2387//3459 2382//3603 2388//3602
f 2389//3460 2387//3459 2388//3602
f 2389//3460 2388//3602 2390//3604
f 2391//3432 2239//3431 2389//3460
f 2391//3432 2389//3460 2390//3604
f 2392//3433 2391//3432 2390//3604
f 2392//3433 2390//3604 2376//3597
f 2376//3597 2390//3604 2388//3602
f 2376//3597 2388//3602 2378//3598
f 2394//3435 2393//3434 2375//3594
f 2394//3435 2375//3594 2372//3591
f 2395//3436 2394//3435 2372//3591
f 2395//3436 2372//3591 2369//3588
f 2396//3437 2395//3436 2369//3588
f 2396//3437 2369//3588 2366//3585
f 2370//3590 2373//3593 2380//3601
f 2370//3590 2380//3601 2397//3605
f 2397//3605 2380//3601 2317//3537
f 2397//3605 2317//3537 2319//3538
f 2398//3606 2397//3605 2319//3538
f 2398//3606 2319//3538 2399//3541
f 2367//3587 2370//3590 2397//3605
f 2367//3587 2397//3605 2398//3606
f 2358//3579 2367//3587 2398//3606
f 2358//3579 2398//3606 2354//3575
f 2354//3575 2398//3606 2399//3541
f 2354//3575 2399//3541 2350//3571
f 2350//3571 2399//3541 2320//3542
f 2350//3571 2320//3542 2346//3567
f 2362//3439 2400//3584 2401//3607
f 2362//3439 2401//3607 2402//3608
f 2362//3439 2402//3608 2523//3609
f 2362//3439 2523//3609 2514//3610
f 2362//3439 2514//3610 2513//3611
f 2362//3439 2513//3611 2511//3612
f 2362//3439 2511//3612 2510//3613
f 2362//3439 2510//3613 2512//106
f 2362//3439 2512//106 34//105
f 2401//3607 2400//3584 2360//3581
f 2401//3607 2360//3581 2403//3614
f 2402//3608 2401//3607 2403//3614
f 2402//3608 2403//3614 2404//3615
f 2404//3615 2403//3614 2405//3616
f 2404//3615 2405//3616 2406//3617
f 2403//3614 2360//3581 2356//3577
f 2403//3614 2356//3577 2405//3616
f 2405//3616 2356//3577 2352//3573
f 2405//3616 2352//3573 2407//3618
f 2406//3617 2405//3616 2407//3618
f 2406//3617 2407//3618 2408//3619
f 2407//3618 2352//3573 2348//3569
f 2407//3618 2348//3569 2409//3620
f 2408//3619 2407//3618 2409//3620
f 2408//3619 2409//3620 2410//3621
f 2410//3621 2409//3620 2411//3622
f 2410//3621 2411//3622 2412//3623
f 2409//3620 2348//3569 2344//3565
f 2409//3620 2344//3565 2411//3622
f 2412//3623 2411//3622 2413//3624
f 2412//3623 2413//3624 2414//460
f 2411//3622 2344//3565 2340//3562
f 2411//3622 2340//3562 2413//3624
f 2413//3624 2340//3562 2417//3561
f 2413//3624 2417//3561 2415//3625
f 2414//460 2413//3624 2415//3625
f 2414//460 2415//3625 2416//461
f 2418//3626 2419//455 190//454
f 2418//3626 190//454 2416//461
f 2418//3626 2416//461 2415//3625
f 2420//3560 2418//3626 2415//3625
f 2420//3560 2415//3625 2417//3561
f 2525//3362 2526//451 186//450
f 2525//3362 186//450 2419//455
f 2525//3362 2419//455 2418//3626
f 2525//3362 2418//3626 2420//3627
f 2525//3362 2420//3627 2337//3552
f 2421//3628 2412//3623 2414//460
f 2421//3628 2414//460 192//459
f 2422//3629 2410//3621 2412//3623
f 2422//3629 2412//3623 2421//3628
f 2424//3630 2422//3629 2421//3628
f 2424//3630 2421//3628 2423//3631
f 2423//3631 2421//3628 192//459
f 2423//3631 192//459 196//463
f 2425//3632 2426//3633 2424//3630
f 2425//3632 2424//3630 2423//3631
f 2427//467 2425//3632 2423//3631
f 2427//467 2423//3631 196//463
f 2428//3634 2426//3633 2425//3632
f 2428//3634 2425//3632 2427//467
f 2428//3634 2427//467 198//466
f 2428//3634 198//466 2469//470
f 2428//3634 2469//470 2448//3635
f 2428//3634 2448//3635 2431//3636
f 2428//3634 2431//3636 2430//3637
f 2426//3633 2428//3634 2429//3638
f 2426//3633 2429//3638 2519//3639
f 2426//3633 2519//3639 2424//3630
f 2430//3637 2432//3640 2434//3641
f 2430//3637 2434//3641 2436//3642
f 2430//3637 2436//3642 2437//3643
f 2430//3637 2437//3643 2524//3644
f 2430//3637 2524//3644 2498//3645
f 2430//3637 2498//3645 2497//3646
f 2430//3637 2497//3646 2499//3647
f 2430//3637 2499//3647 2500//3648
f 2430//3637 2500//3648 2502//3649
f 2430//3637 2502//3649 2504//3650
f 2430//3637 2504//3650 2506//3651
f 2430//3637 2506//3651 2507//3652
f 2430//3637 2507//3652 2511//3653
f 2430//3637 2511//3653 2513//3611
f 2430//3637 2513//3611 2515//3654
f 2430//3637 2515//3654 2517//3655
f 2430//3637 2517//3655 2429//3638
f 2430//3637 2429//3638 2428//3634
f 2432//3640 2430//3637 2431//3636
f 2432//3640 2431//3636 2446//3656
f 2432//3640 2446//3656 2433//3657
f 2434//3641 2432//3640 2433//3657
f 2434//3641 2433//3657 2435//3658
f 2436//3642 2434//3641 2435//3658
f 2436//3642 2435//3658 2438//3659
f 2437//3643 2436//3642 2438//3659
f 2437//3643 2438//3659 2439//3660
f 2439//3660 2438//3659 2435//3658
f 2439//3660 2435//3658 2443//110
f 2439//3660 2443//110 2441//109
f 2524//3644 2437//3643 2439//3660
f 2524//3644 2439//3660 2440//3661
f 2494//3662 2495//3663 2440//3661
f 2494//3662 2440//3661 2439//3660
f 2494//3662 2439//3660 2441//109
f 2494//3662 2441//109 2442//108
f 2435//3658 2433//3657 2444//111
f 2435//3658 2444//111 2443//110
f 2433//3657 2446//3656 2445//112
f 2433//3657 2445//112 2444//111
f 2449//103 2450//102 2451//101
f 2449//103 2451//101 2452//100
f 2449//103 2452//100 2453//99
f 2449//103 2453//99 2454//98
f 2449//103 2454//98 2455//97
f 2449//103 2455//97 2456//96
f 2449//103 2456//96 2458//3664
f 2449//103 2458//3664 2459//92
f 2449//103 2459//92 2460//94
f 2449//103 2460//94 2461//3664
f 2449//103 2461//3664 2463//92
f 2449//103 2463//92 2464//92
f 2449//103 2464//92 2465//91
f 2449//103 2465//91 2466//90
f 2449//103 2466//90 2467//89
f 2449//103 2467//89 2468//88
f 2449//103 2468//88 30//87
f 2449//103 30//87 2445//112
f 2449//103 2445//112 2446//3656
f 2449//103 2446//3656 2447//3665
f 2431//3636 2448//3635 2447//3665
f 2431//3636 2447//3665 2446//3656
f 2448//3635 2469//470 2470//76
f 2448//3635 2470//76 2471//75
f 2448//3635 2471//75 2484//74
f 2448//3635 2484//74 2485//73
f 2448//3635 2485//73 2486//72
f 2448//3635 2486//72 2487//71
f 2448//3635 2487//71 2488//70
f 2448//3635 2488//70 2489//69
f 2448//3635 2489//69 2490//68
f 2448//3635 2490//68 2491//67
f 2448//3635 2491//67 2492//66
f 2448//3635 2492//66 28//65
f 2448//3635 28//65 2449//103
f 2448//3635 2449//103 2447//3665
f 2476//3666 2473//78 2472//77
f 2476//3666 2472//77 2474//473
f 2476//3666 2474//473 2475//472
f 2476//3666 2475//472 201//471
f 2476//3666 201//471 2483//475
f 2476//3666 2483//475 2482//474
f 2476//3666 2482//474 2480//3667
f 2476//3666 2480//3667 2477//3668
f 2476//3666 2478//80 2479//79
f 2476//3666 2479//79 2473//78
f 2476//3666 2477//3668 2481//56
f 2476//3666 2481//56 24//55
f 2476//3666 24//55 2478//80
f 2503//3669 2501//3670 2496//3671
f 2503//3669 2496//3671 2494//3662
f 2503//3669 2494//3662 2442//108
f 2503//3669 2442//108 2493//107
f 2497//3646 2498//3645 2495//3663
f 2497//3646 2495//3663 2494//3662
f 2499//3647 2497//3646 2494//3662
f 2499//3647 2494//3662 2496//3671
f 2500//3648 2499//3647 2496//3671
f 2500//3648 2496//3671 2501//3670
f 2502//3649 2500//3648 2501//3670
f 2502//3649 2501//3670 2503//3669
f 2504//3650 2502//3649 2503//3669
f 2504//3650 2503//3669 2505//3672
f 2506//3651 2504//3650 2505//3672
f 2506//3651 2505//3672 2508//3673
f 2507//3652 2506//3651 2508//3673
f 2507//3652 2508//3673 2509//3674
f 2512//106 2510//3613 2509//3674
f 2512//106 2509//3674 2508//3673
f 2512//106 2508//3673 2505//3672
f 2512//106 2505//3672 2503//3669
f 2512//106 2503//3669 2493//107
f 2510//3613 2511//3653 2507//3652
f 2510//3613 2507//3652 2509//3674
f 2515//3654 2513//3611 2514//3610
f 2515//3654 2514//3610 2516//3675
f 2517//3655 2515//3654 2516//3675
f 2517//3655 2516//3675 2518//3676
f 2429//3638 2517//3655 2518//3676
f 2429//3638 2518//3676 2519//3639
f 2516//3675 2522//3677 2520//3678
f 2516//3675 2520//3678 2518//3676
f 2518//3676 2520//3678 2521//3679
f 2518//3676 2521//3679 2519//3639
f 2520//3678 2406//3617 2408//3619
f 2520//3678 2408//3619 2521//3679
f 2522//3677 2404//3615 2406//3617
f 2522//3677 2406//3617 2520//3678
f 2514//3610 2523//3609 2522//3677
f 2514//3610 2522//3677 2516//3675
f 2523//3609 2402//3608 2404//3615
f 2523//3609 2404//3615 2522//3677
f 2519//3639 2521//3679 2422//3629
f 2519//3639 2422//3629 2424//3630
f 2521//3679 2408//3619 2410//3621
f 2521//3679 2410//3621 2422//3629
f 2498//3645 2524//3644 2440//3661
f 2498//3645 2440//3661 2495//3663
f 2346//3567 2320//3542 2322//3543
f 2346//3567 2322//3543 2342//3551
f 2533//431 2530//430 2528//452
f 2533//431 2528//452 2529//3361
f 2534//432 2533//431 2529//3361
f 2534//432 2529//3361 2535//3360
f 2536//433 2534//432 2535//3360
f 2536//433 2535//3360 2538//3359
f 2537//434 2536//433 2538//3359
f 2537//434 2538//3359 2539//3358
f 2542//435 2537//434 2539//3358
f 2542//435 2539//3358 2540//3357
f 2543//436 2542//435 2540//3357
f 2543//436 2540//3357 2541//3356
f 2544//437 2543//436 2541//3356
f 2544//437 2541//3356 2546//3355
f 2545//438 2544//437 2546//3355
f 2545//438 2546//3355 2547//3354
f 2549//418 2545//438 2547//3354
f 2549//418 2547//3354 2548//419
f 2232//3430 2566//3443 2224//3421
f 2232//3430 2224//3421 2226//3423
f 2566//3443 2567//3442 2569//3422
f 2566//3443 2569//3422 2224//3421
f 2567//3442 2568//3383 2571//3395
f 2567//3442 2571//3395 2573//3402
f 2567//3442 2573//3402 2574//3401
f 2567//3442 2574//3401 2575//3400
f 2567//3442 2575//3400 2576//3399
f 2567//3442 2576//3399 2577//3398
f 2567//3442 2577//3398 2578//3397
f 2567//3442 2578//3397 2211//3396
f 2567//3442 2211//3396 2570//3405
f 2567//3442 2570//3405 2569//3422
f 2599//3243 2201//3242 2596//3379
f 2599//3243 2596//3379 2597//3441
f 2600//3244 2599//3243 2597//3441
f 2600//3244 2597//3441 2598//3440
f 2602//117 2601//120 2600//3244
f 2602//117 2600//3244 2598//3440
f 2602//117 2598//3440 34//105
f 2604//3101 2045//3367 2043//3102
f 379//851 33//3680 36//3681
f 379//851 36//3681 2605//852
f 236//535 2609//3682 2607//3683
f 236//535 2607//3683 2606//536
f 2609//3682 2610//3684 2608//3685
f 2609//3682 2608//3685 2607//3683
f 2610//3684 2611//3686 2612//3687
f 2610//3684 2612//3687 2608//3685
f 2611//3686 229//346 145//353
f 2611//3686 145//353 2612//3687
f 2615//3688 225//3689 2614//3690
f 2615//3688 2614//3690 2619//3691
f 2615//3688 2619//3691 2618//3692
f 2615//3688 2618//3692 2617//3693
f 2631//3694 2616//3695 2615//3688
f 2631//3694 2615//3688 2617//3693
f 2631//3694 2617//3693 155//3696
f 2631//3694 155//3696 2632//3697
f 2614//3690 2622//3698 2620//3699
f 2614//3690 2620//3699 2619//3691
f 2622//3698 2623//3700 2621//3701
f 2622//3698 2621//3701 2620//3699
f 2623//3700 2624//3702 2626//3703
f 2623//3700 2626//3703 2621//3701
f 2624//3702 2625//3704 2627//3705
f 2624//3702 2627//3705 2626//3703
f 2625//3704 2628//318 134//321
f 2625//3704 134//321 2627//3705
f 2616//507 2631//3706 165//393
f 2616//507 165//393 158//392
f 2616//507 158//392 2630//508
f 2632//3697 157//390 165//389
f 2632//3697 165//389 2631//3694
f 2643//494 212//482 2644//440
f 2643//494 2644//440 2645//442
f 2646//280 125//279 129//295
f 2646//280 129//295 2643//494
f 2646//280 2643//494 2645//442
f 2652//3707 2650//3344 2651//3351
f 2652//3707 2651//3351 2653//3708
f 2653//3708 2657//3709 160//378
f 2653//3708 160//378 2655//377
f 2653//3708 2655//377 2654//3710
f 2653//3708 2654//3710 2652//3707
f 2654//407 2655//398 2656//397
f 2658//255 160//382 2657//251
f 2670//317 123//3711 121//3712
f 2670//317 121//3712 119//3713
f 2670//317 119//3713 114//242
f 2670//317 114//242 2672//233
f 2670//317 2672//233 95//232
f 2670//317 95//232 2671//231
f 2679//3714 2681//46 2676//3715
f 2679//3714 2676//3715 80//201
f 2679//3714 80//201 2677//205
f 2682//3716 2679//3714 2677//205
f 2682//3716 2677//205 2678//204
f 2679//3714 2682//3716 2683//3717
f 2679//3714 2683//3717 2680//3718
f 2679//3714 2680//3718 2736//47
f 2679//3714 2736//47 2681//46
f 2682//3716 2678//204 2686//203
f 2682//3716 2686//203 2684//3719
f 2682//3716 2684//3719 2685//3720
f 2682//3716 2685//3720 2683//3717
f 2700//3721 20//48 2736//47
f 2700//3721 2736//47 2680//3718
f 2700//3721 2680//3718 2683//3717
f 2700//3721 2683//3717 2685//3722
f 2700//3721 2685//3722 2684//3723
f 2700//3721 2684//3723 2686//203
f 2700//3721 2686//203 2687//202
f 2700//3721 2687//202 2688//3724
f 2700//3721 2688//3724 2690//3725
f 2700//3721 2690//3725 2691//3726
f 2700//3721 2691//3726 2692//3727
f 2700//3721 2692//3727 2693//3728
f 2700//3721 2693//3728 2694//3729
f 2700//3721 2694//3729 2695//3730
f 2700//3721 2695//3730 2696//3731
f 2700//3721 2696//3731 2697//3732
f 2700//3721 2697//3732 2698//3733
f 2700//3721 2698//3733 2699//3734
f 2689//3735 2688//3724 2687//202
f 2689//3735 2687//202 77//197
f 2689//3735 77//197 2735//196
f 2689//3735 2735//196 2734//3736
f 2689//3735 2702//3737 2701//3738
f 2689//3735 2701//3738 2699//3734
f 2689//3735 2699//3734 2698//3733
f 2689//3735 2698//3733 2697//3732
f 2689//3735 2697//3732 2696//3731
f 2689//3735 2696//3731 2695//3730
f 2689//3735 2695//3730 2694//3729
f 2689//3735 2694//3729 2693//3728
f 2689//3735 2693//3728 2692//3727
f 2689//3735 2692//3727 2691//3726
f 2689//3735 2691//3726 2690//3725
f 2689//3735 2690//3725 2688//3724
f 2699//3734 2701//3738 2703//3739
f 2699//3734 2703//3739 2704//3740
f 2699//3734 2704//3740 2705//3741
f 2699//3734 2705//3741 2706//3742
f 2699//3734 2706//3742 2707//3743
f 2699//3734 2707//3743 2709//3744
f 2699//3734 2709//3744 2710//3745
f 2699//3734 2710//3745 2711//3746
f 2699//3734 2711//3746 2712//3747
f 2699//3734 2712//3747 2713//3748
f 2699//3734 2713//3748 2714//3748
f 2699//3734 2714//3748 2715//3748
f 2699//3734 2715//3748 2716//3749
f 2699//3734 2716//3749 2717//3750
f 2699//3734 2717//3750 2718//3751
f 2699//3734 2718//3751 2719//3752
f 2699//3734 2719//3752 2720//3753
f 2699//3734 2720//3753 2721//3754
f 2699//3734 2721//3754 2722//3755
f 2699//3734 2722//3755 2723//131
f 2699//3734 2723//131 31//130
f 2699//3734 31//130 26//3756
f 2699//3734 26//3756 2700//3721
f 2702//3737 2724//128 2723//131
f 2702//3737 2723//131 2722//3755
f 2702//3737 2722//3755 2721//3754
f 2702//3737 2721//3754 2720//3753
f 2702//3737 2720//3753 2719//3752
f 2702//3737 2719//3752 2718//3751
f 2702//3737 2718//3751 2717//3750
f 2702//3737 2717//3750 2716//3749
f 2702//3737 2716//3749 2715//3748
f 2702//3737 2715//3748 2714//3748
f 2702//3737 2714//3748 2713//3748
f 2702//3737 2713//3748 2712//3747
f 2702//3737 2712//3747 2711//3746
f 2702//3737 2711//3746 2708//3757
f 2702//3737 2708//3757 2707//3743
f 2702//3737 2707//3743 2706//3742
f 2702//3737 2706//3742 2705//3741
f 2702//3737 2705//3741 2704//3740
f 2702//3737 2704//3740 2703//3739
f 2702//3737 2703//3739 2701//3738
f 2724//128 2702//3737 2725//144
f 2724//128 2725//144 39//129
f 2702//3737 2689//3735 2726//145
f 2702//3737 2726//145 2725//144
f 2689//3735 2734//3736 2728//3758
f 2689//3735 2728//3758 2727//146
f 2689//3735 2727//146 2726//145
f 2731//188 2729//147 2727//146
f 2731//188 2727//146 2728//3758
f 2731//188 70//185 2730//148
f 2731//188 2730//148 2729//147
f 71//187 2731//188 2728//3758
f 71//187 2728//3758 2734//3736
f 71//187 2734//3736 2735//196
f 70//185 67//180 2732//149
f 70//185 2732//149 2730//148
f 67//180 64//178 2733//150
f 67//180 2733//150 2732//149
f 64//178 62//152 42//151
f 64//178 42//151 2733//150
