# RL_thigh.dae material 灰色硅胶_009-effect
# rgba 0.650005 0.68 0.650005 1
v 0.030793 -0.014332 0.056229
v 0.033444 -0.002125 0.060652
v 0.033167 -0.014337 0.054871
v 0.018180 -0.014304 0.061441
v 0.017668 -0.013491 0.059688
v 0.012876 -0.014294 0.062754
v 0.014142 -0.002084 0.067744
v 0.002018 -0.014274 0.064004
v 0.001966 -0.013464 0.062177
v -0.006167 -0.014261 0.063721
v -0.006390 -0.002049 0.068860
v -0.014267 -0.014249 0.062393
v -0.024653 -0.014236 0.059046
v -0.013855 -0.013440 0.060611
v -0.005986 -0.013451 0.061902
v -0.023945 -0.013426 0.057360
v -0.025601 -0.001608 0.062089
v -0.028764 -0.013419 0.055093
v -0.039779 -0.013407 0.047737
v -0.029613 -0.014231 0.056712
v -0.040950 -0.014222 0.049139
v -0.043980 -0.002007 0.053292
v -0.043022 -0.014221 0.047333
v -0.041792 -0.013405 0.045982
v -0.053621 -0.014220 0.034865
v -0.055774 -0.008170 0.036547
v -0.052092 -0.013399 0.033871
v -0.059585 -0.014210 0.022156
v -0.061773 -0.008173 0.023403
v -0.059623 -0.014210 0.022036
v -0.062575 -0.014218 0.008402
v -0.057861 -0.013454 0.021470
v -0.057884 -0.013454 0.021397
v -0.060752 -0.013481 0.008005
v -0.060079 -0.007413 0.022632
v -0.063068 -0.007443 0.008765
v -0.061894 -0.001682 0.023649
v -0.054250 -0.007347 0.035547
v -0.056073 -0.001651 0.036895
v -0.061795 -0.001680 0.023952
v -0.056418 0.007898 0.037006
v -0.050007 -0.001628 0.044780
v -0.042844 -0.001616 0.051685
v -0.042937 0.009182 0.051803
v -0.042731 -0.001615 0.051779
v -0.025717 -0.001608 0.062041
v -0.025764 0.009167 0.062182
v -0.006299 0.009142 0.067055
v -0.024072 0.019018 0.058143
v -0.039196 0.019029 0.049201
v -0.023174 0.019018 0.058509
v -0.022819 0.019897 0.057619
v -0.005865 0.018992 0.062703
v -0.005141 0.018991 0.062769
v -0.005059 0.019869 0.061819
v 0.012878 0.018965 0.061705
v 0.013352 0.018964 0.061606
v 0.013738 0.009107 0.065990
v 0.013686 -0.001668 0.065839
v 0.032577 0.009068 0.059083
v 0.048553 0.009026 0.046942
v 0.030501 0.018924 0.055247
v 0.032476 -0.001735 0.058945
v 0.032503 -0.001735 0.058929
v 0.013749 -0.001668 0.065826
v 0.012515 -0.013482 0.060962
v 0.029923 -0.013513 0.054625
v 0.048407 -0.001814 0.046831
v 0.047855 -0.004182 0.046298
v 0.048554 0.009025 0.046942
v 0.058970 -0.001850 0.032646
v 0.058975 -0.001850 0.032635
v 0.058296 -0.004213 0.032276
v 0.058276 -0.004213 0.032312
v 0.064707 -0.004245 0.016097
v 0.060550 -0.013608 0.015157
v 0.064727 -0.004245 0.016017
v 0.066703 -0.004276 -0.001189
v 0.065474 -0.001882 0.016200
v 0.065480 -0.001882 0.016177
v 0.065673 0.008958 0.016207
v 0.067474 -0.001906 -0.001247
v 0.067406 -0.002235 -0.001263
v 0.067004 -0.001931 -0.006569
v 0.067855 0.000759 -0.001355
v 0.067461 0.000715 -0.005919
v 0.067868 0.007548 -0.001353
v 0.067672 0.008933 -0.001290
v 0.067360 0.007491 -0.006474
v 0.067655 0.004169 -0.005787
v 0.066748 0.009946 -0.007633
v 0.064506 0.014010 -0.011639
v 0.066699 0.009891 -0.007877
v 0.067608 0.004183 -0.006011
v 0.064460 0.013919 -0.011903
v 0.066622 0.009878 -0.008122
v 0.066534 0.009875 -0.008361
v 0.064392 0.013848 -0.012142
v 0.067541 0.004217 -0.006237
v 0.067463 0.004255 -0.006458
v 0.066913 -0.001783 -0.006981
v 0.066967 -0.001863 -0.006772
v 0.066846 -0.001699 -0.007186
v 0.066807 -0.001654 -0.007292
v 0.066770 -0.001613 -0.007388
v 0.066089 -0.003686 -0.008398
v 0.065937 -0.003577 -0.008780
v 0.066098 -0.003693 -0.008372
v 0.066221 -0.003798 -0.007937
v 0.062770 -0.008652 -0.014007
v 0.059326 -0.012083 -0.020631
v 0.062811 -0.008983 -0.013636
v 0.062686 -0.008356 -0.014335
v 0.059293 -0.011604 -0.020809
v 0.062648 -0.008259 -0.014438
v 0.062641 -0.008243 -0.014455
v 0.065868 -0.003524 -0.008924
v 0.059268 -0.011409 -0.020874
v 0.059255 -0.011331 -0.020898
v 0.059249 -0.011298 -0.020907
v 0.062635 -0.008231 -0.014467
v 0.062632 -0.008226 -0.014471
v 0.065841 -0.003501 -0.008972
v 0.065854 -0.003513 -0.008950
v 0.065835 -0.003496 -0.008982
v 0.065833 -0.003493 -0.008986
v 0.062631 -0.008224 -0.014473
v 0.065830 -0.003491 -0.008990
v 0.062630 -0.008222 -0.014474
v 0.065828 -0.003488 -0.008993
v 0.062629 -0.008221 -0.014475
v 0.065827 -0.003487 -0.008995
v 0.062629 -0.008220 -0.014476
v 0.065825 -0.003486 -0.008996
v 0.062628 -0.008220 -0.014476
v 0.065824 -0.003485 -0.008998
v 0.065823 -0.003484 -0.008999
v 0.062628 -0.008219 -0.014476
v 0.062628 -0.008219 -0.014477
v 0.062627 -0.008219 -0.014477
v 0.062627 -0.008218 -0.014477
v 0.065822 -0.003482 -0.009001
v 0.065821 -0.003481 -0.009002
v 0.066481 -0.001351 -0.007959
v 0.066587 -0.001435 -0.007782
v 0.067044 0.004362 -0.007302
v 0.066081 0.009732 -0.009250
v 0.067165 0.004357 -0.007104
v 0.066207 0.009826 -0.009051
v 0.067276 0.004329 -0.006890
v 0.067375 0.004293 -0.006675
v 0.066326 0.009860 -0.008826
v 0.066684 -0.001525 -0.007587
v 0.064109 0.013660 -0.012837
v 0.066435 0.009872 -0.008596
v 0.064212 0.013731 -0.012611
v 0.061491 0.015756 -0.017568
v 0.064307 0.013790 -0.012378
v 0.061553 0.015872 -0.017380
v 0.061605 0.015986 -0.017189
v 0.058723 0.016677 -0.022724
v 0.058710 0.016522 -0.022832
v 0.058726 0.016826 -0.022612
v 0.055947 0.016620 -0.028166
v 0.055966 0.016547 -0.028170
v 0.055925 0.016693 -0.028161
v 0.055897 0.016778 -0.028153
v 0.053682 0.016167 -0.032635
v 0.053595 0.016293 -0.032703
v 0.051492 0.015197 -0.037056
v 0.053764 0.016035 -0.032559
v 0.053837 0.015898 -0.032479
v 0.051607 0.015097 -0.036900
v 0.049515 0.013614 -0.041117
v 0.051716 0.014992 -0.036740
v 0.049651 0.013555 -0.040892
v 0.051816 0.014876 -0.036579
v 0.053903 0.015755 -0.032396
v 0.051901 0.014737 -0.036427
v 0.049779 0.013480 -0.040666
v 0.049893 0.013366 -0.040448
v 0.047845 0.011301 -0.044488
v 0.047980 0.011236 -0.044226
v 0.046217 0.007911 -0.047528
v 0.047700 0.011321 -0.044752
v 0.046075 0.007866 -0.047780
v 0.047548 0.011324 -0.045014
v 0.045928 0.007807 -0.048026
v 0.047389 0.011323 -0.045273
v 0.045775 0.007746 -0.048270
v 0.047221 0.011332 -0.045528
v 0.049372 0.013670 -0.041339
v 0.049223 0.013732 -0.041552
v 0.051370 0.015298 -0.037203
v 0.049064 0.013816 -0.041748
v 0.047041 0.011372 -0.045773
v 0.048975 0.013883 -0.041835
v 0.051245 0.015404 -0.037332
v 0.053506 0.016412 -0.032761
v 0.051177 0.015468 -0.037385
v 0.051126 0.015527 -0.037405
v 0.049019 0.014067 -0.041643
v 0.053205 0.016432 -0.033239
v 0.053431 0.016506 -0.032788
v 0.051565 0.018680 -0.032689
v 0.051535 0.018680 -0.032735
v 0.057319 0.018725 -0.022449
v 0.056318 0.019721 -0.022211
v 0.057390 0.018726 -0.022303
v 0.061586 0.018780 -0.011479
v 0.058492 0.017114 -0.022783
v 0.055779 0.017040 -0.028115
v 0.058682 0.017094 -0.022414
v 0.061630 0.016242 -0.016841
v 0.058702 0.017045 -0.022445
v 0.058716 0.016969 -0.022501
v 0.061645 0.016178 -0.016901
v 0.064484 0.013974 -0.011770
v 0.061640 0.016104 -0.017001
v 0.064483 0.014038 -0.011681
v 0.064069 0.014483 -0.012416
v 0.061636 0.018781 -0.011302
v 0.063337 0.018804 0.000090
v 0.063337 0.018804 0.000090
v 0.066167 0.014038 -0.000797
v 0.061456 0.018826 0.015138
v 0.061216 0.018827 0.016071
v 0.060295 0.019708 0.015825
v 0.055358 0.018850 0.030576
v 0.059151 0.008990 0.032710
v 0.055122 0.018851 0.030995
v 0.045446 0.018883 0.043890
v 0.054741 0.019311 0.030778
v 0.054295 0.019731 0.030524
v 0.045134 0.019342 0.043585
v 0.044766 0.019762 0.043226
v 0.036756 0.019787 0.050163
v 0.034839 0.027565 0.033541
v 0.054222 0.019731 0.030652
v 0.043565 0.026806 0.024560
v 0.045055 0.026524 0.023025
v 0.039962 0.027301 0.028270
v 0.040643 0.029118 0.028753
v 0.035429 0.029390 0.034110
v 0.044314 0.028610 0.024985
v 0.055182 0.021398 0.031197
v 0.045835 0.028321 0.023424
v 0.050383 0.027357 0.017681
v 0.050399 0.027908 0.014035
v 0.049514 0.025581 0.017375
v 0.049536 0.026120 0.013794
v 0.049314 0.026312 0.013144
v 0.047755 0.027296 0.010862
v 0.060218 0.019708 0.016110
v 0.048568 0.029113 0.011048
v 0.044792 0.028690 0.009293
v 0.045525 0.030543 0.009445
v 0.044574 0.028780 0.009248
v 0.041398 0.029927 0.009466
v 0.045158 0.028773 0.005869
v 0.048066 0.027593 0.004960
v 0.034638 0.031929 0.009159
v 0.039496 0.030470 0.010478
v 0.031433 0.032594 0.010163
v 0.030650 0.032923 0.007056
v 0.025988 0.033470 0.011865
v 0.024327 0.033590 0.013577
v 0.026298 0.035441 0.012005
v 0.031195 0.034859 0.006975
v 0.032029 0.034512 0.010238
v 0.024612 0.035564 0.013736
v 0.019702 0.035723 0.018783
v 0.032556 0.033603 0.018269
v 0.036451 0.033093 0.014277
v 0.031250 0.033720 0.019609
v 0.026042 0.033933 0.024959
v 0.030819 0.031785 0.019338
v 0.025688 0.031994 0.024620
v 0.032103 0.031671 0.018015
v 0.035927 0.031173 0.014072
v 0.019477 0.033747 0.018570
v 0.020554 0.031816 0.029892
v 0.018198 0.031602 0.032308
v 0.020841 0.033751 0.030310
v 0.018457 0.033531 0.032767
v 0.013978 0.035542 0.024670
v 0.015658 0.033154 0.035654
v 0.015433 0.031235 0.035142
v 0.011316 0.032052 0.040887
v 0.011149 0.031905 0.041375
v 0.009181 0.032056 0.041406
v 0.013540 0.021510 0.061713
v 0.007103 0.034757 0.031749
v -0.003072 0.032077 0.042234
v -0.003238 0.032015 0.042405
v -0.002867 0.032154 0.042023
v 0.004583 0.034285 0.034344
v -0.002824 0.030261 0.041384
v 0.004523 0.032337 0.033889
v -0.003009 0.030193 0.041573
v -0.003188 0.030126 0.041756
v 0.009037 0.030172 0.040756
v 0.011151 0.030168 0.040242
v 0.007013 0.032798 0.031346
v 0.013305 0.019842 0.060639
v 0.013155 0.019843 0.060671
v 0.023161 0.019818 0.057648
v 0.030257 0.019801 0.054299
v 0.030328 0.019801 0.054259
v 0.030714 0.018924 0.055130
v 0.034285 0.019793 0.051870
v 0.024658 0.026590 0.043994
v 0.029715 0.027329 0.038805
v 0.024614 0.026581 0.044039
v 0.025040 0.028380 0.044803
v 0.019087 0.025672 0.048645
v 0.019422 0.027450 0.049501
v 0.015518 0.026220 0.048766
v 0.012541 0.027402 0.047059
v 0.015788 0.028011 0.049617
v 0.012754 0.029221 0.047862
v 0.011077 0.030644 0.044864
v 0.010898 0.028791 0.044141
v 0.010978 0.030018 0.040740
v 0.025085 0.028389 0.044757
v 0.030866 0.021465 0.055225
v 0.030221 0.029147 0.039467
v 0.030794 0.021465 0.055264
v 0.034892 0.021457 0.052792
v 0.036627 0.021453 0.051613
v 0.036726 0.021453 0.051543
v 0.036737 0.021453 0.051535
v 0.036740 0.021453 0.051533
v 0.036747 0.021453 0.051528
v 0.036762 0.021452 0.051517
v 0.036828 0.021452 0.051471
v 0.036985 0.021452 0.051359
v 0.037408 0.021451 0.051055
v 0.045561 0.021429 0.043995
v 0.046594 0.020085 0.045003
v 0.031489 0.020127 0.056530
v 0.056513 0.020055 0.031781
v 0.049951 0.009490 0.048301
v 0.033513 0.009533 0.060792
v 0.049951 0.009489 0.048301
v 0.049817 -0.002167 0.048204
v 0.060855 0.009453 0.033655
v 0.056756 0.020054 0.031349
v 0.067566 0.009420 0.016674
v 0.060696 -0.002204 0.033592
v 0.067363 -0.002237 0.016761
v 0.060668 -0.002204 0.033642
v 0.059867 -0.005041 0.033202
v 0.056085 -0.014405 0.031241
v 0.066474 -0.005073 0.016543
v 0.049159 -0.005005 0.047572
v 0.046003 -0.014371 0.044721
v 0.044701 -0.013545 0.043447
v 0.032229 -0.013518 0.053306
v 0.054497 -0.013578 0.030350
v 0.062314 -0.014436 0.015604
v 0.068525 -0.005099 -0.001260
v 0.069365 -0.002646 -0.001277
v 0.067652 -0.007018 -0.001231
v 0.065703 -0.011299 -0.001164
v 0.067510 -0.006977 -0.002803
v 0.069035 -0.003641 -0.002850
v 0.066023 -0.010491 -0.002757
v 0.067500 -0.006983 -0.003595
v 0.067502 -0.006995 -0.004383
v 0.068639 -0.004592 -0.003631
v 0.066361 -0.009650 -0.003559
v 0.066893 -0.008376 -0.004194
v 0.068397 -0.005100 -0.003912
v 0.067839 -0.005099 -0.008291
v 0.068952 -0.002269 -0.006869
v 0.066278 -0.007668 -0.010680
v 0.065554 -0.008724 -0.011983
v 0.066250 -0.006945 -0.011720
v 0.068665 -0.001816 -0.008018
v 0.065965 -0.006158 -0.012644
v 0.063418 -0.010342 -0.016957
v 0.060512 -0.012746 -0.022685
v 0.063197 -0.009271 -0.017611
v 0.063412 -0.011368 -0.016198
v 0.064907 -0.009597 -0.013214
v 0.061653 -0.013058 -0.019752
v 0.061268 -0.013366 -0.020526
v 0.061262 -0.013371 -0.020538
v 0.061261 -0.013372 -0.020541
v 0.061261 -0.013372 -0.020541
v 0.061261 -0.013372 -0.020541
v 0.061261 -0.013372 -0.020541
v 0.061261 -0.013372 -0.020541
v 0.061261 -0.013372 -0.020541
v 0.061261 -0.013372 -0.020541
v 0.061261 -0.013372 -0.020541
v 0.061261 -0.013372 -0.020541
v 0.061261 -0.013372 -0.020541
v 0.061261 -0.013372 -0.020541
v 0.061260 -0.013372 -0.020541
v 0.061259 -0.013373 -0.020544
v 0.061256 -0.013375 -0.020551
v 0.061247 -0.013382 -0.020568
v 0.061223 -0.013400 -0.020617
v 0.061143 -0.013460 -0.020777
v 0.060413 -0.013945 -0.022259
v 0.059371 -0.014433 -0.024378
v 0.057327 -0.014392 -0.028728
v 0.062963 -0.014454 -0.012983
v 0.057628 -0.013797 -0.023630
v 0.055590 -0.013925 -0.027852
v 0.059284 -0.012861 -0.020307
v 0.061144 -0.013704 -0.012624
v 0.063087 -0.008875 -0.012802
v 0.061148 -0.013704 -0.012602
v 0.062444 -0.013632 -0.001088
v 0.064264 -0.014461 -0.001115
v 0.063883 -0.010471 -0.001133
v 0.064533 -0.009043 -0.001158
v 0.064205 -0.009656 -0.002720
v 0.064812 -0.008160 -0.003919
v 0.065810 -0.006402 -0.002760
v 0.065742 -0.006387 -0.001191
v 0.065596 -0.006349 -0.004340
v 0.067121 -0.003062 -0.002775
v 0.066891 -0.003610 -0.003373
v 0.066582 -0.004268 -0.003796
v 0.066028 -0.004310 -0.007975
v 0.066269 -0.003873 -0.007641
v 0.064478 -0.006889 -0.010290
v 0.063743 -0.007975 -0.011581
v 0.063702 -0.008034 -0.011656
v 0.063681 -0.008064 -0.011695
v 0.063670 -0.008078 -0.011714
v 0.063669 -0.008081 -0.011717
v 0.063667 -0.008083 -0.011720
v 0.063643 -0.008117 -0.011765
v 0.063588 -0.008194 -0.011866
v 0.063453 -0.008381 -0.012115
v 0.062963 -0.014454 -0.012980
v 0.062789 -0.009263 -0.013371
v 0.060849 -0.011464 -0.017208
v 0.059867 -0.012388 -0.019150
v 0.059643 -0.012578 -0.019593
v 0.059531 -0.012669 -0.019816
v 0.059502 -0.012691 -0.019871
v 0.059488 -0.012702 -0.019899
v 0.059483 -0.012707 -0.019911
v 0.059483 -0.012707 -0.019911
v 0.059483 -0.012707 -0.019911
v 0.059483 -0.012707 -0.019911
v 0.059483 -0.012707 -0.019911
v 0.059483 -0.012707 -0.019911
v 0.059483 -0.012707 -0.019911
v 0.059483 -0.012707 -0.019911
v 0.059483 -0.012707 -0.019911
v 0.059483 -0.012707 -0.019911
v 0.059482 -0.012707 -0.019911
v 0.059482 -0.012708 -0.019912
v 0.059474 -0.012714 -0.019928
v 0.055759 -0.012312 -0.027884
v 0.054118 -0.013832 -0.030680
v 0.054118 -0.013832 -0.030680
v 0.038763 -0.013839 -0.051141
v 0.055780 -0.014424 -0.031621
v 0.051680 -0.012387 -0.035479
v 0.048162 -0.008206 -0.042364
v 0.052151 -0.010697 -0.035015
v 0.054118 -0.013832 -0.030680
v 0.054118 -0.013831 -0.030680
v 0.054118 -0.013831 -0.030680
v 0.048897 -0.006829 -0.041404
v 0.047473 -0.004160 -0.044241
v 0.046612 -0.005356 -0.045437
v 0.046858 -0.002617 -0.045494
v 0.045938 -0.003739 -0.046809
v 0.046584 -0.001788 -0.046065
v 0.045639 -0.002874 -0.047433
v 0.046458 -0.001359 -0.046334
v 0.045514 -0.002419 -0.047712
v 0.046397 -0.001140 -0.046463
v 0.046368 -0.001030 -0.046527
v 0.045962 -0.001688 -0.047212
v 0.045940 -0.001604 -0.047259
v 0.045458 -0.002177 -0.047845
v 0.045478 -0.002270 -0.047795
v 0.045442 -0.002101 -0.047885
v 0.045433 -0.002069 -0.047904
v 0.041336 -0.002123 -0.052469
v 0.041309 -0.002288 -0.052457
v 0.041349 -0.002046 -0.052474
v 0.045420 -0.002033 -0.047929
v 0.041354 -0.002012 -0.052477
v 0.045408 -0.002014 -0.047947
v 0.041357 -0.001996 -0.052477
v 0.045403 -0.002008 -0.047954
v 0.041359 -0.001989 -0.052477
v 0.045401 -0.002006 -0.047957
v 0.041361 -0.001981 -0.052477
v 0.045396 -0.002003 -0.047965
v 0.039110 -0.001952 -0.054850
v 0.041660 -0.000049 -0.052586
v 0.044991 -0.000054 -0.048855
v 0.033499 0.000053 -0.061367
v 0.033499 0.000053 -0.061367
v 0.042062 0.007123 -0.052744
v 0.045108 0.007127 -0.049234
v 0.042043 0.007397 -0.052740
v 0.022173 0.006674 -0.077118
v 0.040372 0.014098 -0.052309
v 0.040260 0.014330 -0.052281
v 0.047827 0.014073 -0.043235
v 0.044722 0.018651 -0.042423
v 0.044743 0.018651 -0.042396
v 0.037198 0.018639 -0.051478
v 0.035898 0.019850 -0.051134
v 0.035041 0.020548 -0.050896
v 0.040146 0.019815 -0.046315
v 0.048163 0.023708 -0.025038
v 0.043556 0.019793 -0.042122
v 0.050445 0.019755 -0.032496
v 0.054031 0.019735 -0.026559
v 0.040306 0.027782 -0.022861
v 0.030675 0.023368 -0.049661
v 0.026710 0.032155 -0.018905
v 0.041434 0.028089 -0.019308
v 0.039575 0.028870 -0.018715
v 0.042405 0.027704 -0.019365
v 0.043123 0.029535 -0.019729
v 0.045266 0.026685 -0.018543
v 0.046052 0.028487 -0.018911
v 0.047422 0.026160 -0.016310
v 0.048167 0.026361 -0.013267
v 0.048250 0.027947 -0.016655
v 0.048999 0.028155 -0.013565
v 0.048118 0.028997 -0.010615
v 0.047104 0.029593 -0.009359
v 0.047317 0.027180 -0.010371
v 0.046406 0.027720 -0.009217
v 0.060075 0.019694 -0.013080
v 0.044895 0.028510 -0.007655
v 0.043305 0.029266 -0.006011
v 0.043991 0.031138 -0.006164
v 0.034756 0.032135 0.002820
v 0.035225 0.034079 0.002837
v 0.045728 0.030312 -0.007947
v 0.048999 0.029367 0.005007
v 0.063488 0.021350 0.000540
v 0.045876 0.030637 0.005971
v 0.035116 0.033867 0.009286
v 0.045283 0.030643 0.009396
v 0.042044 0.031813 0.009613
v 0.040095 0.032371 0.010637
v 0.061793 0.021341 -0.011318
v 0.064937 0.020003 0.000094
v 0.061363 0.021376 0.016106
v 0.062760 0.020030 0.016479
v 0.061285 0.021376 0.016397
v 0.050170 0.028105 0.013374
v 0.055257 0.021398 0.031066
v 0.063008 0.020029 0.015518
v 0.063221 0.019993 -0.011544
v 0.067995 0.014849 -0.000843
v 0.069621 0.009394 -0.001343
v 0.066274 0.014817 -0.012111
v 0.065913 0.015226 -0.012732
v 0.066313 0.014770 -0.012044
v 0.068695 0.010297 -0.007936
v 0.066253 0.014229 -0.012781
v 0.068512 0.010023 -0.008768
v 0.063399 0.016545 -0.017886
v 0.065983 0.013790 -0.013553
v 0.068183 0.009861 -0.009583
v 0.065659 0.013170 -0.014145
v 0.063270 0.015893 -0.018484
v 0.063079 0.015108 -0.018885
v 0.060489 0.016703 -0.023741
v 0.060432 0.015855 -0.023929
v 0.060452 0.017462 -0.023402
v 0.057765 0.016643 -0.029083
v 0.057817 0.016241 -0.029079
v 0.057763 0.016654 -0.029083
v 0.057682 0.017038 -0.029070
v 0.055599 0.016133 -0.033400
v 0.055455 0.016495 -0.033523
v 0.053479 0.015178 -0.037669
v 0.055709 0.015739 -0.033273
v 0.053639 0.014825 -0.037420
v 0.055757 0.015296 -0.033166
v 0.057828 0.015792 -0.029052
v 0.053722 0.014395 -0.037230
v 0.051744 0.012998 -0.041181
v 0.049873 0.010894 -0.044865
v 0.051624 0.013393 -0.041458
v 0.049716 0.011209 -0.045225
v 0.051423 0.013673 -0.041815
v 0.049487 0.011373 -0.045654
v 0.051187 0.013903 -0.042181
v 0.053283 0.015490 -0.037922
v 0.049229 0.011478 -0.046089
v 0.050925 0.014125 -0.042532
v 0.053060 0.015794 -0.038159
v 0.048950 0.011578 -0.046514
v 0.050640 0.014382 -0.042843
v 0.052809 0.016118 -0.038355
v 0.050347 0.014731 -0.043031
v 0.048650 0.011722 -0.046909
v 0.047078 0.007788 -0.049899
v 0.048346 0.011996 -0.047208
v 0.046779 0.007895 -0.050270
v 0.046663 0.007394 -0.050470
v 0.043542 0.007373 -0.054070
v 0.046214 0.002697 -0.050967
v 0.046491 0.002786 -0.050629
v 0.046493 -0.000328 -0.050146
v 0.043109 -0.000349 -0.053934
v 0.046904 -0.002283 -0.049247
v 0.046962 -0.002542 -0.049112
v 0.047164 -0.002066 -0.048958
v 0.042799 -0.002285 -0.053833
v 0.040534 -0.002285 -0.056214
v 0.042312 -0.005053 -0.053591
v 0.042031 -0.006497 -0.053441
v 0.047797 -0.005055 -0.047332
v 0.047437 -0.004131 -0.048074
v 0.048114 -0.005779 -0.046688
v 0.049675 -0.008665 -0.043590
v 0.049280 -0.004081 -0.045093
v 0.048673 -0.002570 -0.046333
v 0.050687 -0.006704 -0.042288
v 0.053946 -0.010570 -0.035889
v 0.053276 -0.012946 -0.036546
v 0.057546 -0.012181 -0.028773
v 0.060417 -0.011515 -0.023020
v 0.048160 -0.000913 -0.047417
v 0.047987 -0.001154 -0.047756
v 0.047590 0.003379 -0.048857
v 0.047778 0.005657 -0.048685
v 0.047392 0.003302 -0.049252
v 0.047577 0.005697 -0.049099
v 0.047181 0.003181 -0.049618
v 0.046965 0.003047 -0.049960
v 0.047356 0.005635 -0.049497
v 0.047799 -0.001392 -0.048075
v 0.047603 -0.001619 -0.048374
v 0.047395 -0.001842 -0.048665
v 0.046739 0.002912 -0.050292
v 0.046885 0.005437 -0.050241
v 0.047126 0.005539 -0.049873
v 0.047361 0.007800 -0.049496
v 0.046622 0.005359 -0.050611
v 0.047623 0.007848 -0.049087
v 0.047870 0.007890 -0.048670
v 0.048101 0.007879 -0.048243
v 0.048293 0.007725 -0.047830
v 0.047127 -0.003210 -0.048727
v 0.047072 -0.003021 -0.048847
v 0.047044 -0.002906 -0.048914
v 0.047036 -0.002873 -0.048932
v 0.047032 -0.002856 -0.048942
v 0.047032 -0.002855 -0.048943
v 0.047032 -0.002854 -0.048943
v 0.047032 -0.002854 -0.048943
v 0.047032 -0.002854 -0.048943
v 0.047032 -0.002854 -0.048943
v 0.047032 -0.002854 -0.048943
v 0.047032 -0.002855 -0.048943
v 0.047032 -0.002855 -0.048943
v 0.047032 -0.002855 -0.048943
v 0.047032 -0.002855 -0.048943
v 0.047032 -0.002855 -0.048943
v 0.047032 -0.002855 -0.048943
v 0.047032 -0.002854 -0.048943
v 0.047032 -0.002853 -0.048943
v 0.047025 -0.002823 -0.048960
v 0.047009 -0.002753 -0.048998
v 0.046998 -0.002703 -0.049025
v 0.046992 -0.002674 -0.049041
v 0.046989 -0.002661 -0.049048
v 0.046987 -0.002655 -0.049051
v 0.042032 -0.006496 -0.053441
v 0.040089 -0.004797 -0.055996
v 0.040603 -0.006067 -0.052109
v 0.040608 -0.006072 -0.052102
v 0.038671 -0.004410 -0.054640
v 0.040882 -0.004650 -0.052253
v 0.046290 -0.004624 -0.046089
v 0.041136 -0.003294 -0.052375
v 0.045773 -0.003277 -0.047152
v 0.041254 -0.002621 -0.052432
v 0.045559 -0.002604 -0.047607
v 0.045545 -0.002549 -0.047639
v 0.045537 -0.002520 -0.047656
v 0.045534 -0.002504 -0.047665
v 0.045532 -0.002497 -0.047669
v 0.045531 -0.002495 -0.047670
v 0.045531 -0.002494 -0.047671
v 0.045531 -0.002494 -0.047671
v 0.045531 -0.002494 -0.047671
v 0.045531 -0.002494 -0.047671
v 0.045531 -0.002494 -0.047671
v 0.045531 -0.002494 -0.047671
v 0.045531 -0.002494 -0.047671
v 0.045531 -0.002494 -0.047670
v 0.045531 -0.002494 -0.047670
v 0.045531 -0.002494 -0.047670
v 0.045531 -0.002494 -0.047670
v 0.045531 -0.002494 -0.047670
v 0.045531 -0.002494 -0.047670
v 0.045531 -0.002494 -0.047671
v 0.035731 -0.001904 -0.058405
v 0.037154 -0.002283 -0.059758
v 0.034945 -0.000347 -0.062691
v 0.034945 -0.000346 -0.062687
v 0.034945 -0.000346 -0.062686
v 0.034945 -0.000345 -0.062686
v 0.034944 -0.000345 -0.062686
v 0.033497 0.000054 -0.061369
v 0.034944 -0.000345 -0.062687
v 0.034943 -0.000344 -0.062688
v 0.034942 -0.000343 -0.062690
v 0.033496 0.000054 -0.061370
v 0.033495 0.000055 -0.061371
v 0.034941 -0.000342 -0.062691
v 0.034940 -0.000341 -0.062692
v 0.034940 -0.000341 -0.062693
v 0.034939 -0.000340 -0.062693
v 0.034938 -0.000340 -0.062694
v 0.034936 -0.000338 -0.062697
v 0.034927 -0.000330 -0.062709
v 0.034910 -0.000314 -0.062733
v 0.033486 0.000062 -0.061383
v 0.033468 0.000078 -0.061407
v 0.033432 0.000109 -0.061456
v 0.034874 -0.000282 -0.062781
v 0.033360 0.000171 -0.061553
v 0.034803 -0.000219 -0.062877
v 0.033216 0.000295 -0.061746
v 0.034661 -0.000091 -0.063070
v 0.032927 0.000544 -0.062135
v 0.032352 0.001039 -0.062909
v 0.034377 0.000163 -0.063455
v 0.033812 0.000671 -0.064223
v 0.033249 0.001180 -0.064992
v 0.031779 0.001533 -0.063685
v 0.032630 0.001531 -0.065788
v 0.031914 0.001340 -0.066557
v 0.031149 0.001877 -0.064491
v 0.030429 0.001703 -0.065268
v 0.029790 0.001058 -0.065813
v 0.029383 0.000114 -0.065976
v 0.031270 0.000658 -0.067097
v 0.030849 -0.000346 -0.067256
v 0.022699 -0.000345 -0.077493
v 0.030748 -0.001120 -0.067090
v 0.029290 -0.000644 -0.065806
v 0.030861 -0.001800 -0.066712
v 0.031180 -0.002281 -0.066182
v 0.029410 -0.001328 -0.065419
v 0.029735 -0.001815 -0.064880
v 0.030684 -0.002712 -0.063540
v 0.014389 -0.001617 -0.086134
v 0.013148 -0.006062 -0.085438
v 0.013908 -0.001614 -0.087063
v 0.014502 0.000303 -0.087390
v 0.005508 -0.001707 -0.112281
v 0.004211 -0.006059 -0.111926
v 0.005371 -0.001712 -0.112934
v 0.001744 -0.002016 -0.139649
v 0.005616 -0.000859 -0.113051
v 0.006166 -0.000844 -0.110540
v 0.005503 -0.000862 -0.113592
v 0.004895 -0.000883 -0.116654
v 0.007375 -0.001448 -0.113977
v 0.007427 -0.001449 -0.113727
v 0.006782 -0.001445 -0.117007
v 0.006241 -0.001442 -0.120047
v 0.005751 -0.001438 -0.123097
v 0.004342 -0.000905 -0.119725
v 0.003839 -0.000930 -0.122805
v 0.003384 -0.000956 -0.125891
v 0.005308 -0.001433 -0.126155
v 0.002975 -0.000984 -0.128983
v 0.004911 -0.001428 -0.129220
v 0.002809 -0.000922 -0.130493
v 0.002805 -0.000567 -0.131198
v 0.004749 -0.001350 -0.130719
v 0.004747 -0.000988 -0.131422
v 0.004817 -0.000385 -0.131928
v 0.004955 0.000469 -0.132175
v 0.004351 -0.000390 -0.136240
v 0.002872 0.000022 -0.131701
v 0.002385 -0.000034 -0.136125
v 0.003004 0.000840 -0.131939
v 0.003177 0.001685 -0.131789
v 0.005132 0.001343 -0.132036
v 0.003363 0.002394 -0.131281
v 0.003539 0.002827 -0.130505
v 0.005320 0.002070 -0.131540
v 0.005495 0.002514 -0.130774
v 0.006025 0.002599 -0.127239
v 0.006597 0.002595 -0.123703
v 0.004076 0.002939 -0.126940
v 0.004659 0.002964 -0.123373
v 0.005301 0.002988 -0.119815
v 0.007227 0.002591 -0.120177
v 0.006005 0.003010 -0.116268
v 0.007920 0.002589 -0.116665
v 0.006777 0.003030 -0.112734
v 0.007603 0.002975 -0.109217
v 0.008679 0.002586 -0.113167
v 0.009490 0.002508 -0.109688
v 0.009576 0.002069 -0.108899
v 0.009507 0.001331 -0.108381
v 0.007697 0.002560 -0.108423
v 0.007637 0.001858 -0.107906
v 0.007431 0.001029 -0.107762
v 0.009291 0.000463 -0.108231
v 0.007132 0.000248 -0.107988
v 0.008980 -0.000362 -0.108446
v 0.007861 0.000266 -0.105182
v 0.006844 -0.000299 -0.108416
v 0.008691 -0.000921 -0.108864
v 0.006571 -0.000684 -0.109019
v 0.008422 -0.001301 -0.109457
v 0.008025 -0.001451 -0.110960
v 0.013145 0.000308 -0.090206
v 0.009045 0.005783 -0.105810
v 0.014411 0.006269 -0.090943
v 0.008698 0.010790 -0.106021
v 0.002358 0.009008 -0.136445
v 0.021377 0.012596 -0.077278
v 0.006194 0.015424 -0.105731
v 0.017838 0.017955 -0.076776
v 0.000036 0.013153 -0.136160
v 0.002039 0.018820 -0.105060
v 0.012409 0.021780 -0.075706
v -0.002649 0.021000 -0.104238
v -0.003656 0.016259 -0.135650
v -0.012715 0.019279 -0.134346
v -0.006073 0.014664 -0.166605
v -0.010331 0.016480 -0.166164
v -0.004645 0.013642 -0.166751
v -0.002611 0.011642 -0.166957
v -0.004237 0.012982 -0.198772
v -0.009567 0.015708 -0.198986
v -0.000533 0.008279 -0.198622
v -0.003908 0.012450 -0.224598
v -0.003670 0.012285 -0.220650
v -0.003959 0.012480 -0.225803
v -0.004039 0.012520 -0.228257
v -0.002688 0.014024 -0.225819
v -0.002784 0.014077 -0.228273
v -0.002634 0.013990 -0.224720
v -0.002976 0.014534 -0.198788
v -0.002351 0.013787 -0.220664
v -0.001717 0.013242 -0.215555
v -0.000726 0.012200 -0.210566
v -0.003123 0.011821 -0.215543
v -0.002264 0.010924 -0.210557
v -0.001123 0.009341 -0.205846
v 0.000588 0.010375 -0.205850
v -0.000508 0.008214 -0.203776
v 0.000142 0.006640 -0.201819
v 0.000914 0.002462 -0.199521
v 0.002033 0.007292 -0.201819
v 0.002913 0.002527 -0.199518
v 0.001284 0.009101 -0.203798
v 0.001259 0.009167 -0.198624
v 0.002911 0.002528 -0.198555
v 0.001105 0.009570 -0.167197
v -0.000664 0.012407 -0.167039
v 0.001723 0.008161 -0.167252
v 0.004349 0.009300 -0.136669
v 0.002857 0.002568 -0.167350
v 0.002955 -0.000427 -0.167356
v 0.002868 0.002560 -0.173544
v 0.002875 0.002299 -0.172998
v 0.002883 0.002635 -0.184125
v 0.002905 0.002533 -0.194705
v 0.002915 0.002271 -0.195250
v 0.002933 0.001748 -0.195774
v 0.002959 0.000953 -0.196094
v 0.002989 0.000041 -0.196037
v 0.003014 -0.000747 -0.195582
v 0.003028 -0.001211 -0.194928
v 0.003031 -0.001379 -0.193537
v 0.003025 -0.001375 -0.190398
v 0.003020 -0.001371 -0.187259
v 0.003014 -0.001367 -0.184120
v 0.003009 -0.001363 -0.180980
v 0.003003 -0.001359 -0.177841
v 0.002998 -0.001355 -0.174702
v 0.002990 -0.001183 -0.173312
v 0.002973 -0.000718 -0.172659
v 0.002947 0.000071 -0.172206
v 0.002917 0.000983 -0.172151
v 0.002892 0.001777 -0.172473
v 0.003964 -0.000395 -0.140501
v 0.003018 -0.002364 -0.167359
v 0.003154 -0.006533 -0.167358
v 0.002982 -0.002355 -0.159918
v 0.002989 -0.002353 -0.158900
v 0.002991 -0.002353 -0.158643
v 0.002991 -0.002353 -0.158641
v 0.002991 -0.002353 -0.158640
v 0.002991 -0.002353 -0.158637
v 0.002991 -0.002353 -0.158630
v 0.002991 -0.002353 -0.158616
v 0.002991 -0.002353 -0.158587
v 0.002992 -0.002352 -0.158530
v 0.002994 -0.002352 -0.158286
v 0.003007 -0.002350 -0.157095
v 0.003069 -0.002344 -0.153684
v 0.003675 -0.002330 -0.140342
v 0.003709 -0.002330 -0.139859
v 0.007184 -0.002302 -0.113604
v 0.003095 -0.006587 -0.139771
v 0.003099 -0.006588 -0.139679
v 0.006089 -0.006645 -0.112291
v 0.001117 -0.006328 -0.139602
v 0.001116 -0.006328 -0.139624
v 0.001155 -0.006599 -0.167364
v 0.001019 -0.002429 -0.167378
v 0.001165 -0.006604 -0.172901
v 0.003164 -0.006539 -0.172897
v 0.001175 -0.006609 -0.178440
v 0.003174 -0.006544 -0.178436
v 0.001184 -0.006615 -0.183979
v 0.003183 -0.006549 -0.183976
v 0.001194 -0.006620 -0.189519
v 0.003193 -0.006555 -0.189515
v 0.001199 -0.006484 -0.195049
v 0.001161 -0.005163 -0.197787
v 0.003198 -0.006419 -0.195046
v 0.003160 -0.005098 -0.197784
v 0.003127 -0.004060 -0.198588
v 0.001128 -0.004125 -0.198592
v 0.003092 -0.002970 -0.198899
v 0.001093 -0.003036 -0.198902
v 0.001717 -0.002021 -0.140016
v 0.000956 -0.000492 -0.167358
v 0.000858 0.002498 -0.167342
v 0.002011 -0.000089 -0.140150
v 0.000869 0.002495 -0.173548
v -0.000244 0.007689 -0.167204
v -0.000686 0.008674 -0.167157
v 0.000884 0.002565 -0.184128
v 0.000876 0.002234 -0.173001
v 0.000893 0.001712 -0.172477
v 0.000918 0.000917 -0.172154
v 0.000948 0.000005 -0.172210
v 0.000975 -0.000784 -0.172662
v 0.000991 -0.001249 -0.173315
v 0.000999 -0.001421 -0.174705
v 0.001004 -0.001425 -0.177844
v 0.001010 -0.001429 -0.180984
v 0.001015 -0.001433 -0.184123
v 0.001021 -0.001437 -0.187262
v 0.001026 -0.001441 -0.190402
v 0.001032 -0.001445 -0.193541
v 0.001029 -0.001276 -0.194932
v 0.001015 -0.000813 -0.195586
v 0.000990 -0.000025 -0.196040
v 0.000960 0.000887 -0.196098
v 0.000933 0.001682 -0.195777
v 0.000915 0.002206 -0.195254
v 0.000906 0.002468 -0.194708
v 0.000913 0.002463 -0.198558
v 0.007377 -0.002301 -0.112674
v 0.008647 -0.006645 -0.101563
v 0.012408 -0.006629 -0.091256
v 0.006821 -0.006025 -0.101035
v 0.010665 -0.006047 -0.090467
v 0.014850 -0.006620 -0.086328
v 0.016067 -0.002283 -0.086997
v 0.017599 -0.006613 -0.081578
v 0.024104 -0.006590 -0.072737
v 0.015966 -0.006075 -0.080558
v 0.022611 -0.006131 -0.071489
v 0.029856 -0.007117 -0.063105
v 0.033513 -0.010081 -0.058294
v 0.031282 -0.007522 -0.064448
v 0.032122 -0.003128 -0.064866
v 0.034931 -0.010529 -0.059631
v 0.038107 -0.013982 -0.054921
v 0.039192 -0.009318 -0.055526
v 0.040194 -0.014414 -0.052414
v 0.036682 -0.013440 -0.053626
v 0.037771 -0.008859 -0.054196
v 0.039646 -0.010381 -0.051612
v 0.040326 -0.010271 -0.050901
v 0.041078 -0.010889 -0.052913
v 0.041766 -0.010781 -0.052191
v 0.042427 -0.010244 -0.051662
v 0.042924 -0.009402 -0.051428
v 0.040981 -0.009740 -0.050375
v 0.041474 -0.008912 -0.050141
v 0.041692 -0.007954 -0.050254
v 0.041562 -0.007089 -0.050710
v 0.043142 -0.008428 -0.051547
v 0.043009 -0.007547 -0.052012
v 0.042558 -0.006974 -0.052709
v 0.041117 -0.006528 -0.051395
v 0.042285 -0.006725 -0.053091
v 0.042157 -0.006609 -0.053268
v 0.040847 -0.006286 -0.051772
v 0.040721 -0.006173 -0.051946
v 0.040660 -0.006118 -0.052030
v 0.042095 -0.006553 -0.053354
v 0.040628 -0.006090 -0.052074
v 0.040613 -0.006077 -0.052095
v 0.042063 -0.006524 -0.053398
v 0.042048 -0.006510 -0.053419
v 0.042040 -0.006503 -0.053431
v 0.042038 -0.006501 -0.053433
v 0.040608 -0.006072 -0.052102
v 0.042037 -0.006500 -0.053434
v 0.042036 -0.006499 -0.053436
v 0.042035 -0.006498 -0.053437
v 0.042034 -0.006497 -0.053439
v 0.042032 -0.006496 -0.053440
v 0.040603 -0.006067 -0.052109
v 0.015521 -0.002282 -0.088049
v 0.016121 -0.000348 -0.088372
v 0.014886 -0.000349 -0.090933
v 0.009715 -0.000359 -0.105596
v 0.016227 0.005820 -0.091683
v 0.023848 0.006299 -0.078168
v 0.010959 0.005357 -0.106257
v 0.015865 0.011826 -0.091950
v 0.010666 0.010925 -0.106513
v 0.023144 0.012761 -0.078294
v 0.019695 0.018700 -0.077659
v 0.041850 0.014665 -0.053552
v 0.041750 0.014891 -0.053522
v 0.049355 0.014881 -0.044247
v 0.038305 0.019979 -0.052467
v 0.036898 0.021328 -0.052037
v 0.045978 0.019980 -0.043242
v 0.045990 0.019980 -0.043227
v 0.044632 0.021327 -0.042826
v 0.052912 0.019982 -0.033401
v 0.051581 0.021330 -0.033009
v 0.052957 0.019982 -0.033330
v 0.054720 0.017546 -0.033951
v 0.058811 0.019986 -0.022932
v 0.058897 0.019986 -0.022755
v 0.057479 0.021334 -0.022530
v 0.061174 0.021339 -0.013378
v 0.055137 0.021332 -0.027047
v 0.049158 0.025398 -0.025446
v 0.041148 0.029574 -0.023192
v 0.041267 0.021327 -0.047013
v 0.026908 0.034155 -0.019021
v 0.042254 0.029879 -0.019682
v 0.031532 0.025026 -0.050395
v 0.036865 0.021356 -0.052027
v 0.029923 0.025885 -0.049905
v 0.017822 0.030577 -0.046203
v 0.014455 0.022823 -0.076509
v 0.008376 0.025773 -0.075122
v 0.004004 0.019903 -0.105551
v 0.008130 0.016153 -0.106229
v -0.001004 0.022516 -0.104674
v -0.001743 0.017390 -0.135948
v -0.011386 0.021052 -0.134611
v -0.004162 0.015789 -0.166722
v 0.001975 0.013923 -0.136433
v -0.003396 0.015205 -0.166791
v -0.009850 0.018420 -0.166204
v -0.009076 0.017657 -0.198446
v -0.013412 0.019211 -0.165879
v -0.023080 0.020507 -0.164994
v -0.028327 0.020698 -0.164514
v -0.021572 0.022385 -0.133105
v -0.031695 0.022462 -0.131526
v -0.017646 0.025625 -0.101498
v -0.011392 0.029484 -0.070364
v -0.006464 0.024099 -0.103673
v -0.028908 0.025718 -0.099168
v -0.024668 0.029604 -0.066999
v -0.040081 0.024539 -0.096727
v -0.041608 0.021401 -0.129903
v -0.050858 0.021468 -0.094253
v -0.037786 0.028261 -0.063550
v -0.050389 0.024670 -0.060123
v -0.034493 0.031784 -0.033802
v -0.035715 0.031640 -0.032551
v -0.031851 0.032021 -0.036506
v -0.031523 0.030057 -0.036322
v -0.027985 0.032203 -0.040466
v -0.027732 0.030229 -0.040265
v -0.024121 0.032214 -0.044426
v -0.023933 0.030234 -0.044209
v -0.021142 0.032116 -0.047480
v -0.020169 0.032089 -0.048282
v -0.020042 0.030106 -0.048051
v -0.017592 0.032120 -0.049237
v -0.017496 0.030137 -0.048997
v -0.014876 0.032269 -0.048940
v -0.012580 0.032519 -0.047492
v -0.014807 0.030285 -0.048694
v -0.012530 0.030536 -0.047240
v -0.011128 0.030865 -0.044913
v -0.011171 0.032848 -0.045166
v -0.010883 0.031212 -0.042219
v -0.011855 0.031499 -0.039691
v -0.010933 0.033196 -0.042469
v -0.011921 0.033483 -0.039935
v -0.015706 0.033789 -0.035926
v -0.015595 0.031805 -0.035700
v -0.002490 0.033584 -0.039976
v -0.019331 0.033952 -0.032208
v -0.020743 0.033982 -0.030760
v -0.016270 0.035215 -0.022176
v -0.025027 0.035016 -0.013192
v -0.011189 0.034985 -0.027392
v -0.001599 0.033955 -0.037236
v -0.011097 0.032999 -0.027172
v -0.001682 0.031983 -0.036899
v -0.016017 0.033227 -0.022090
v -0.024747 0.033040 -0.013058
v -0.019071 0.031967 -0.032102
v -0.020563 0.032001 -0.030557
v -0.025526 0.031947 -0.025412
v -0.030473 0.031599 -0.020275
v -0.025786 0.033922 -0.025589
v -0.030829 0.033562 -0.020421
v -0.033997 0.033156 -0.017177
v -0.031037 0.034340 -0.007029
v -0.035861 0.032847 -0.015270
v -0.035393 0.030906 -0.015155
v -0.041141 0.031637 -0.010536
v -0.040548 0.029728 -0.010455
v -0.044526 0.030522 -0.010149
v -0.047560 0.029311 -0.011639
v -0.043852 0.028640 -0.010079
v -0.046812 0.027457 -0.011567
v -0.048534 0.026614 -0.014517
v -0.048696 0.026457 -0.016294
v -0.049324 0.028449 -0.014602
v -0.049488 0.028291 -0.016388
v -0.049114 0.028359 -0.018138
v -0.048335 0.026519 -0.018037
v -0.044568 0.029809 -0.023501
v -0.043906 0.027924 -0.023389
v -0.039570 0.031026 -0.028607
v -0.048831 0.028047 -0.025762
v -0.039055 0.029098 -0.028469
v -0.047227 0.026528 -0.025923
v -0.035300 0.029691 -0.032388
v -0.033637 0.029878 -0.034121
v -0.036950 0.026380 -0.063530
v -0.024652 0.027611 -0.066793
v -0.048872 0.023137 -0.060219
v -0.039324 0.022641 -0.096714
v -0.028882 0.023720 -0.099020
v -0.049425 0.019914 -0.094336
v -0.040914 0.019489 -0.129897
v -0.031666 0.020461 -0.131433
v -0.041150 0.017632 -0.163264
v -0.049689 0.017186 -0.128340
v -0.049192 0.015541 -0.162467
v -0.056614 0.011797 -0.126874
v -0.058679 0.007876 -0.126353
v -0.058006 0.014015 -0.092005
v -0.055143 0.010313 -0.161825
v -0.052026 0.013753 -0.162163
v -0.056013 0.008789 -0.161732
v -0.055577 0.008511 -0.187788
v -0.056885 0.006628 -0.161642
v -0.057582 0.002596 -0.161579
v -0.057350 0.002590 -0.173624
v -0.057759 -0.002326 -0.161585
v -0.058952 0.003190 -0.133209
v -0.058758 -0.002215 -0.133132
v -0.059385 0.003359 -0.126112
v -0.060798 0.003902 -0.104855
v -0.060551 -0.002021 -0.104705
v -0.061802 0.004290 -0.090696
v -0.062845 0.004702 -0.076510
v -0.060746 0.009583 -0.091132
v -0.062988 0.011549 -0.055792
v -0.059448 0.016604 -0.056993
v -0.063437 0.011956 -0.048754
v -0.064468 0.005359 -0.055215
v -0.065003 0.005581 -0.048162
v -0.063928 0.010759 -0.048581
v -0.064831 -0.001733 -0.047895
v -0.065947 0.006112 -0.033875
v -0.066087 0.006198 -0.031469
v -0.066135 0.006227 -0.030606
v -0.066155 0.006239 -0.030259
v -0.066163 0.006244 -0.030107
v -0.066167 0.006246 -0.030036
v -0.066169 0.006247 -0.030002
v -0.066170 0.006248 -0.029986
v -0.066170 0.006248 -0.029977
v -0.066170 0.006248 -0.029973
v -0.066170 0.006248 -0.029972
v -0.066171 0.006248 -0.029969
v -0.066370 0.006361 -0.026198
v -0.066659 0.006463 -0.019604
v -0.066552 -0.001910 -0.019546
v -0.064896 0.013081 -0.020182
v -0.066510 0.006656 -0.005090
v -0.066510 0.006656 -0.005073
v -0.064866 0.013233 -0.005599
v -0.061092 0.018814 -0.006777
v -0.063675 0.013433 0.008946
v -0.064856 0.013165 -0.020196
v -0.060781 0.018744 -0.021570
v -0.060241 0.016623 -0.049843
v -0.060167 0.019311 -0.021773
v -0.061106 0.018796 -0.009795
v -0.059807 0.020010 -0.010249
v -0.059560 0.019996 -0.018403
v -0.059620 0.019997 0.001547
v -0.059114 0.019983 0.008259
v -0.060779 0.018869 0.001978
v -0.060257 0.018907 0.008164
v -0.059524 0.018938 0.013679
v -0.057559 0.018997 0.022728
v -0.058484 0.019969 0.013295
v -0.055872 0.019931 0.024811
v -0.050786 0.019909 0.035467
v -0.055879 0.019926 0.024813
v -0.055885 0.019921 0.024814
v -0.050791 0.019908 0.035466
v -0.050797 0.019906 0.035465
v -0.050809 0.019899 0.035464
v -0.055899 0.019911 0.024817
v -0.050837 0.019883 0.035463
v -0.055928 0.019890 0.024824
v -0.050903 0.019841 0.035470
v -0.055989 0.019843 0.024840
v -0.051055 0.019729 0.035499
v -0.056129 0.019726 0.024881
v -0.051360 0.019477 0.035568
v -0.056414 0.019465 0.024968
v -0.051636 0.019220 0.035629
v -0.051752 0.019102 0.035649
v -0.056673 0.019199 0.025052
v -0.056776 0.019082 0.025088
v -0.056812 0.019039 0.025100
v -0.056824 0.019023 0.025105
v -0.051796 0.019060 0.035650
v -0.051813 0.019044 0.035648
v -0.051827 0.019031 0.035643
v -0.055190 0.019028 0.029464
v -0.040136 0.019030 0.048435
v -0.054894 0.013810 0.036557
v -0.056227 0.009185 0.036947
v -0.058281 0.013756 0.030054
v -0.060723 0.013665 0.023227
v -0.062217 0.007623 0.023596
v -0.062246 0.007620 0.023501
v -0.065225 0.007122 0.009386
v -0.065236 0.007118 0.009302
v -0.064928 -0.001740 0.009725
v -0.064961 -0.001742 0.009475
v -0.064688 -0.003061 0.009350
v -0.066281 -0.001855 -0.004942
v -0.066286 -0.001855 -0.005033
v -0.066286 -0.001857 -0.005033
v -0.066286 -0.001858 -0.005034
v -0.066552 -0.001908 -0.019546
v -0.066553 -0.001904 -0.019546
v -0.066554 -0.001899 -0.019547
v -0.066554 -0.001897 -0.019547
v -0.066298 -0.001895 -0.025552
v -0.066299 -0.001894 -0.025529
v -0.066295 -0.001898 -0.025599
v -0.068285 -0.002067 -0.025703
v -0.066277 -0.001029 -0.027318
v -0.068268 -0.001192 -0.027425
v -0.066250 -0.000169 -0.029039
v -0.068242 -0.000311 -0.029148
v -0.066208 0.000683 -0.030759
v -0.068202 0.000572 -0.030873
v -0.066147 0.001530 -0.032480
v -0.068142 0.001458 -0.032599
v -0.066063 0.002368 -0.034202
v -0.066005 0.002508 -0.035145
v -0.068059 0.002339 -0.034327
v -0.068001 0.002488 -0.035272
v -0.067940 0.002177 -0.036175
v -0.067880 0.001470 -0.036837
v -0.065944 0.002211 -0.036047
v -0.065885 0.001535 -0.036709
v -0.065830 0.000643 -0.036969
v -0.067823 0.000535 -0.037096
v -0.065783 -0.000263 -0.036767
v -0.067773 -0.000418 -0.036893
v -0.065760 -0.000969 -0.036145
v -0.067746 -0.001169 -0.036272
v -0.065773 -0.001827 -0.034430
v -0.067753 -0.002079 -0.034560
v -0.065775 -0.002099 -0.033613
v -0.067721 -0.002543 -0.033740
v -0.065756 -0.002294 -0.033197
v -0.067696 -0.002761 -0.033323
v -0.065756 -0.002295 -0.033195
v -0.067696 -0.002762 -0.033321
v -0.065756 -0.002295 -0.033195
v -0.067696 -0.002762 -0.033321
v -0.065756 -0.002296 -0.033192
v -0.067696 -0.002763 -0.033318
v -0.065755 -0.002299 -0.033187
v -0.065755 -0.002305 -0.033175
v -0.067696 -0.002766 -0.033313
v -0.067695 -0.002772 -0.033301
v -0.067693 -0.002788 -0.033271
v -0.067688 -0.002834 -0.033184
v -0.065752 -0.002322 -0.033145
v -0.065749 -0.002359 -0.033058
v -0.065737 -0.002478 -0.032782
v -0.065629 -0.003197 -0.031133
v -0.067669 -0.002981 -0.032907
v -0.067511 -0.003863 -0.031249
v -0.065432 -0.009770 -0.019682
v -0.066303 -0.003886 -0.048009
v -0.065168 -0.006513 -0.047976
v -0.066792 -0.002098 -0.048042
v -0.064634 -0.002138 -0.076411
v -0.066992 0.005726 -0.048316
v -0.066462 0.005496 -0.055312
v -0.065784 0.011487 -0.048748
v -0.067935 0.006296 -0.033999
v -0.068074 0.006388 -0.031589
v -0.068123 0.006420 -0.030723
v -0.068142 0.006432 -0.030376
v -0.068150 0.006437 -0.030223
v -0.068154 0.006440 -0.030152
v -0.068156 0.006441 -0.030118
v -0.068157 0.006442 -0.030101
v -0.068157 0.006442 -0.030093
v -0.068158 0.006442 -0.030089
v -0.068158 0.006442 -0.030088
v -0.068158 0.006442 -0.030085
v -0.068357 0.006563 -0.026303
v -0.068647 0.006671 -0.019673
v -0.068546 -0.002059 -0.019604
v -0.066685 0.013974 -0.020265
v -0.068491 0.006856 -0.004850
v -0.068491 0.006856 -0.004843
v -0.066683 0.014056 -0.005390
v -0.066664 0.014018 -0.020272
v -0.062537 0.020196 -0.006617
v -0.065461 0.014232 0.009439
v -0.061733 0.020215 0.008593
v -0.062419 0.014441 0.023992
v -0.067161 0.007352 0.009908
v -0.064076 0.007864 0.024304
v -0.067170 0.007349 0.009836
v -0.066852 -0.002022 0.010275
v -0.066888 -0.002022 0.010010
v -0.063703 -0.002011 0.024466
v -0.063594 -0.002011 0.024793
v -0.057718 -0.002004 0.037976
v -0.044098 -0.002007 0.053195
v -0.058086 0.008142 0.038082
v -0.064041 0.007867 0.024419
v -0.057858 0.009654 0.038012
v -0.044181 0.009651 0.053302
v -0.056434 0.014581 0.037572
v -0.053141 0.020235 0.036547
v -0.059934 0.014522 0.030889
v -0.056605 0.020234 0.030213
v -0.058275 0.020231 0.025798
v -0.056888 0.021575 0.025368
v -0.059007 0.020229 0.023396
v -0.061002 0.020220 0.014166
v -0.059637 0.021565 0.013730
v -0.060327 0.021560 0.008496
v -0.057569 0.021574 0.023174
v -0.044747 0.029309 0.018984
v -0.044043 0.029574 0.019204
v -0.046180 0.028794 0.018197
v -0.047797 0.028291 0.016379
v -0.045367 0.026984 0.017942
v -0.046945 0.026494 0.016150
v -0.043282 0.027743 0.018938
v -0.041023 0.028623 0.019058
v -0.041726 0.030478 0.019320
v -0.040783 0.028719 0.019019
v -0.036470 0.027791 0.030912
v -0.038891 0.029493 0.018311
v -0.032225 0.032024 0.011724
v -0.039537 0.031371 0.018552
v -0.041669 0.030500 0.019312
v -0.032692 0.033966 0.011836
v -0.027060 0.035323 0.006056
v -0.023858 0.035401 0.015981
v -0.018923 0.036342 -0.002298
v -0.018714 0.034354 -0.002231
v -0.015172 0.036526 -0.006151
v -0.011698 0.036715 -0.007239
v -0.012277 0.036567 -0.009124
v -0.011872 0.036566 -0.009540
v -0.010900 0.036557 -0.010539
v -0.011749 0.034573 -0.009412
v -0.012047 0.034574 -0.009104
v -0.010787 0.034565 -0.010402
v -0.010666 0.034563 -0.010528
v -0.010650 0.034563 -0.010543
v -0.010777 0.036555 -0.010665
v -0.010762 0.036555 -0.010681
v -0.010754 0.036555 -0.010689
v -0.010752 0.036555 -0.010691
v -0.010643 0.034563 -0.010551
v -0.010640 0.034563 -0.010554
v -0.010639 0.034563 -0.010555
v -0.010751 0.036555 -0.010693
v -0.010625 0.034563 -0.010569
v -0.010598 0.034562 -0.010598
v -0.010737 0.036555 -0.010707
v -0.010709 0.036554 -0.010735
v -0.010593 0.036553 -0.010854
v -0.010340 0.036548 -0.011114
v -0.010483 0.034560 -0.010716
v -0.010233 0.034556 -0.010974
v -0.008950 0.034524 -0.012295
v -0.005038 0.034338 -0.016325
v -0.009045 0.036517 -0.012446
v -0.005094 0.036329 -0.016505
v 0.002535 0.035577 -0.024342
v 0.005663 0.036568 -0.014366
v 0.008683 0.034541 -0.030653
v 0.015465 0.032775 -0.037609
v 0.008569 0.032565 -0.030366
v 0.015210 0.030825 -0.037245
v 0.002448 0.033599 -0.024042
v 0.005560 0.034583 -0.014127
v 0.004618 0.034682 -0.013157
v 0.006823 0.034436 -0.015428
v 0.010648 0.033881 -0.019371
v 0.006877 0.036427 -0.015613
v 0.010752 0.035865 -0.019594
v 0.020321 0.033578 -0.029415
v 0.017024 0.032245 -0.039212
v 0.026981 0.030908 -0.036246
v 0.029250 0.029904 -0.037879
v 0.026517 0.029015 -0.035797
v 0.019885 0.031676 -0.028923
v 0.028723 0.028037 -0.037391
v 0.031418 0.027109 -0.037807
v 0.032013 0.028946 -0.038327
v 0.034091 0.026456 -0.036902
v 0.034746 0.028269 -0.037436
v 0.036095 0.026333 -0.034789
v 0.036875 0.026818 -0.032022
v 0.036780 0.028137 -0.035313
v 0.037551 0.028634 -0.032515
v 0.036958 0.029557 -0.029775
v 0.036321 0.027716 -0.029321
v 0.033309 0.031614 -0.025585
v 0.032790 0.029720 -0.025207
v 0.016581 0.030358 -0.038668
v 0.017990 0.029627 -0.041079
v 0.018191 0.029060 -0.043441
v 0.018334 0.031552 -0.041497
v 0.018565 0.030974 -0.043883
v 0.017439 0.028668 -0.045747
v 0.015195 0.028575 -0.048010
v 0.027720 0.024865 -0.048803
v 0.015557 0.030492 -0.048450
v 0.012147 0.028933 -0.048796
v 0.012457 0.030866 -0.049205
v 0.010257 0.029287 -0.048446
v 0.000270 0.026019 -0.072982
v 0.009173 0.029533 -0.047920
v 0.009417 0.031482 -0.048297
v 0.006892 0.030180 -0.045784
v 0.007077 0.032141 -0.046134
v 0.004704 0.030748 -0.043512
v 0.004838 0.032717 -0.043838
v 0.002502 0.031238 -0.041229
v 0.002592 0.033213 -0.041536
v -0.002590 0.031608 -0.039676
v -0.003077 0.031633 -0.039528
v -0.012196 0.027539 -0.069959
v -0.018358 0.023669 -0.101212
v -0.007891 0.022371 -0.103263
v -0.022241 0.020423 -0.132918
v -0.023748 0.018546 -0.164909
v -0.014705 0.017426 -0.165753
v -0.028328 0.018696 -0.164479
v -0.028133 0.018390 -0.181702
v -0.032561 0.018587 -0.164079
v -0.027932 0.018076 -0.199504
v -0.046304 0.016175 -0.181684
v -0.046318 0.016569 -0.162775
v -0.046299 0.016046 -0.187851
v -0.046289 0.015780 -0.200592
v -0.051766 0.013298 -0.187818
v -0.051505 0.012842 -0.213554
v -0.055143 0.008235 -0.213841
v -0.051245 0.012389 -0.239287
v -0.046278 0.015518 -0.213133
v -0.046273 0.015385 -0.219501
v -0.046256 0.014990 -0.238410
v -0.027730 0.017762 -0.217307
v -0.027528 0.017456 -0.235110
v -0.008807 0.014937 -0.231804
v -0.027572 0.017456 -0.235118
v -0.027457 0.018480 -0.241075
v -0.046129 0.016193 -0.245687
v -0.008765 0.016166 -0.236575
v -0.027344 0.020890 -0.246641
v -0.027276 0.020890 -0.246620
v -0.045843 0.019153 -0.252492
v -0.045612 0.021487 -0.256828
v -0.046047 0.017047 -0.247992
v -0.050886 0.014759 -0.249269
v -0.054256 0.010810 -0.250232
v -0.050469 0.019610 -0.258449
v -0.051136 0.012480 -0.239268
v -0.049915 0.024490 -0.267565
v -0.054040 0.015696 -0.259714
v -0.055390 0.010486 -0.260306
v -0.053651 0.020758 -0.269127
v -0.052861 0.023872 -0.279339
v -0.054692 0.018163 -0.269649
v -0.055011 0.015794 -0.269874
v -0.054191 0.021268 -0.280016
v -0.053270 0.023249 -0.279550
v -0.054718 0.018400 -0.280235
v -0.055516 -0.003467 -0.280222
v -0.054646 0.018395 -0.283942
v -0.055041 0.007604 -0.283936
v -0.053186 0.023243 -0.283920
v -0.051811 0.018363 -0.305674
v -0.050392 0.023212 -0.305335
v -0.051056 0.018358 -0.308567
v -0.051143 0.015901 -0.308586
v -0.044279 0.018324 -0.326256
v -0.042970 0.023174 -0.325616
v -0.041461 0.018313 -0.331521
v -0.041530 0.017592 -0.331453
v -0.041394 0.019043 -0.331531
v -0.043194 0.018384 -0.332517
v -0.046069 0.018396 -0.327146
v -0.043117 0.019261 -0.332523
v -0.043264 0.017663 -0.332447
v -0.043461 0.017100 -0.332142
v -0.044065 0.016577 -0.331104
v -0.041723 0.017029 -0.331154
v -0.042316 0.016505 -0.330137
v -0.043590 0.016254 -0.327776
v -0.044799 0.016201 -0.325369
v -0.045365 0.016326 -0.328696
v -0.046598 0.016273 -0.326240
v -0.047763 0.016280 -0.323749
v -0.045941 0.016208 -0.322927
v -0.048860 0.016289 -0.321228
v -0.047016 0.016217 -0.320455
v -0.049890 0.016226 -0.318680
v -0.050853 0.015970 -0.316118
v -0.048026 0.016154 -0.317957
v -0.048971 0.015898 -0.315446
v -0.048971 0.015901 -0.315445
v -0.048972 0.015904 -0.315442
v -0.050854 0.015973 -0.316117
v -0.050854 0.015975 -0.316114
v -0.050858 0.015979 -0.316104
v -0.050864 0.015982 -0.316086
v -0.048976 0.015907 -0.315432
v -0.048981 0.015910 -0.315415
v -0.048987 0.015912 -0.315398
v -0.050870 0.015984 -0.316069
v -0.048993 0.015913 -0.315381
v -0.050876 0.015985 -0.316051
v -0.048996 0.015911 -0.315373
v -0.050879 0.015986 -0.316043
v -0.049000 0.015905 -0.315365
v -0.049005 0.015882 -0.315352
v -0.050882 0.015986 -0.316035
v -0.050887 0.015986 -0.316021
v -0.050891 0.015986 -0.316011
v -0.052755 0.014537 -0.310575
v -0.049010 0.015852 -0.315342
v -0.053068 0.015999 -0.309120
v -0.054497 0.016008 -0.303303
v -0.052982 0.018430 -0.309101
v -0.053752 0.018435 -0.306150
v -0.056645 0.018468 -0.283981
v -0.052050 0.024254 -0.305743
v -0.044498 0.024216 -0.326378
v -0.054893 0.024287 -0.283955
v -0.047797 0.028470 -0.304708
v -0.042086 0.030001 -0.303311
v -0.050515 0.028501 -0.283876
v -0.040577 0.028433 -0.324437
v -0.029207 0.028392 -0.342103
v -0.035311 0.029966 -0.321822
v -0.024642 0.029927 -0.338397
v -0.029088 0.028476 -0.342007
v -0.008752 0.029877 -0.357949
v -0.008022 0.029874 -0.358770
v -0.013199 0.028425 -0.361559
v -0.016572 0.024416 -0.364290
v -0.009643 0.028415 -0.364891
v -0.004969 0.028404 -0.367278
v -0.012163 0.024404 -0.368423
v -0.006367 0.024390 -0.371382
v -0.013272 0.018809 -0.369963
v -0.018054 0.018822 -0.365480
v -0.009104 0.018799 -0.372343
v -0.006985 0.018794 -0.373173
v -0.008291 0.018643 -0.370523
v -0.006346 0.018639 -0.371285
v -0.012117 0.018652 -0.368338
v -0.011193 0.023315 -0.367054
v -0.016507 0.018664 -0.364222
v -0.015271 0.023326 -0.363230
v -0.032397 0.018715 -0.344670
v -0.031281 0.023131 -0.343775
v -0.033944 0.018873 -0.345928
v -0.033063 0.018718 -0.343842
v -0.034624 0.018875 -0.345083
v -0.033139 0.019269 -0.343652
v -0.034692 0.019536 -0.344883
v -0.033322 0.019724 -0.343302
v -0.034869 0.020083 -0.344518
v -0.033706 0.020178 -0.342658
v -0.034215 0.020361 -0.341922
v -0.035247 0.020628 -0.343851
v -0.035760 0.020847 -0.343096
v -0.036873 0.020852 -0.341601
v -0.035307 0.020366 -0.340456
v -0.037958 0.020856 -0.340086
v -0.039015 0.020860 -0.338551
v -0.036371 0.020370 -0.338970
v -0.037408 0.020374 -0.337464
v -0.038417 0.020377 -0.335940
v -0.040044 0.020863 -0.336997
v -0.039397 0.020381 -0.334398
v -0.040353 0.020365 -0.332841
v -0.041043 0.020867 -0.335424
v -0.042018 0.020847 -0.333837
v -0.042264 0.020744 -0.333474
v -0.040590 0.020279 -0.332483
v -0.042441 0.020600 -0.333240
v -0.042850 0.020048 -0.332760
v -0.040759 0.020159 -0.332251
v -0.041146 0.019699 -0.331772
v -0.032606 0.024173 -0.344854
v -0.032462 0.024467 -0.344738
v -0.031161 0.023377 -0.343678
v -0.028449 0.026647 -0.341482
v -0.039703 0.026688 -0.323999
v -0.028350 0.026717 -0.341402
v -0.024645 0.027927 -0.338394
v -0.012461 0.026666 -0.360954
v -0.004666 0.026647 -0.366372
v -0.008756 0.027877 -0.357946
v -0.008025 0.027874 -0.358768
v -0.006703 0.027874 -0.357482
v -0.003134 0.027862 -0.361853
v 0.003705 0.027851 -0.362164
v 0.004816 0.026631 -0.366803
v 0.009658 0.027845 -0.358784
v 0.012894 0.027848 -0.352751
v 0.013070 0.026623 -0.362116
v 0.017557 0.026627 -0.353751
v 0.015652 0.023274 -0.364637
v 0.011247 0.023276 -0.368072
v 0.018989 0.023274 -0.360133
v 0.016776 0.018608 -0.365736
v 0.012036 0.018611 -0.369434
v 0.019400 0.018608 -0.362489
v 0.020368 0.018608 -0.360888
v 0.021061 0.018760 -0.363591
v 0.022116 0.018761 -0.361847
v 0.018204 0.018760 -0.367128
v 0.016854 0.024359 -0.365809
v 0.013039 0.018764 -0.371156
v 0.012093 0.024362 -0.369522
v 0.012814 0.018764 -0.371286
v 0.011829 0.018611 -0.369552
v 0.006482 0.018771 -0.373785
v 0.006048 0.024369 -0.371947
v 0.001981 0.018778 -0.374428
v 0.001885 0.018624 -0.372437
v -0.000310 0.018782 -0.374430
v -0.000213 0.024379 -0.372542
v -0.000007 0.028395 -0.368213
v 0.005042 0.028387 -0.367733
v 0.009917 0.028381 -0.365778
v 0.003708 0.029851 -0.362167
v 0.009661 0.029845 -0.358786
v -0.003131 0.029862 -0.361856
v 0.012897 0.029848 -0.352753
v 0.013757 0.028379 -0.362784
v 0.016666 0.028379 -0.358858
v 0.018494 0.028382 -0.353952
v 0.020462 0.024359 -0.360941
v 0.022729 0.024363 -0.354857
v 0.023170 0.024371 -0.348560
v 0.024575 0.018765 -0.355248
v 0.024948 0.018767 -0.353003
v 0.025055 0.018773 -0.348418
v 0.022968 0.018614 -0.352769
v 0.023066 0.018619 -0.348561
v 0.022626 0.018612 -0.354831
v 0.021087 0.023277 -0.354505
v 0.021496 0.023284 -0.348679
v 0.020287 0.023293 -0.343035
v 0.021765 0.018629 -0.342485
v 0.016897 0.026640 -0.344281
v 0.017677 0.023306 -0.335901
v 0.008942 0.023357 -0.307996
v 0.014288 0.026652 -0.337147
v 0.019156 0.018643 -0.335351
v 0.010213 0.020317 -0.307658
v 0.021029 0.018797 -0.334667
v 0.019255 0.024394 -0.335326
v 0.012091 0.020796 -0.307166
v 0.023638 0.018784 -0.341800
v 0.021864 0.024380 -0.342460
v 0.017796 0.028396 -0.343955
v 0.015187 0.028410 -0.336821
v 0.012421 0.029857 -0.345924
v 0.018850 0.028388 -0.348874
v 0.010523 0.029867 -0.340733
v 0.009812 0.029870 -0.338790
v 0.008354 0.029868 -0.342842
v 0.007236 0.029871 -0.341846
v 0.010715 0.029859 -0.346631
v 0.011056 0.029851 -0.352537
v 0.010712 0.027859 -0.346628
v 0.011052 0.027851 -0.352534
v 0.008351 0.027868 -0.342840
v 0.010519 0.027867 -0.340731
v 0.007232 0.027871 -0.341843
v 0.001718 0.027883 -0.339699
v -0.004080 0.027891 -0.340876
v 0.001722 0.029883 -0.339701
v -0.004077 0.029891 -0.340879
v -0.008318 0.029892 -0.345004
v -0.008321 0.027892 -0.345001
v -0.009655 0.029887 -0.350767
v -0.007665 0.029877 -0.356339
v -0.009659 0.027887 -0.350765
v -0.007668 0.027877 -0.356336
v -0.006699 0.029874 -0.357484
v -0.002978 0.029865 -0.359950
v -0.002981 0.027865 -0.359947
v 0.002917 0.029854 -0.360453
v 0.002914 0.027854 -0.360451
v 0.008148 0.029849 -0.357690
v 0.008145 0.027849 -0.357688
v 0.009809 0.027870 -0.338787
v 0.012418 0.027857 -0.345922
v 0.000836 0.027922 -0.310125
v 0.005451 0.026703 -0.308916
v -0.005393 0.027969 -0.280746
v -0.008499 0.028006 -0.255289
v -0.000685 0.026750 -0.279977
v 0.002877 0.023403 -0.279391
v -0.003907 0.026790 -0.252807
v -0.002275 0.025630 -0.251935
v -0.005232 0.027409 -0.253520
v -0.005526 0.026430 -0.249671
v -0.008744 0.027065 -0.251273
v -0.002651 0.024723 -0.248283
v -0.005592 0.024220 -0.246446
v -0.008835 0.025001 -0.247874
v -0.005541 0.021618 -0.243636
v -0.002733 0.022411 -0.245228
v -0.000519 0.019678 -0.244341
v -0.002664 0.019633 -0.242569
v -0.002525 0.016747 -0.240022
v -0.000843 0.017400 -0.241923
v -0.000503 0.017689 -0.242547
v -0.001559 0.016874 -0.240826
v -0.001571 0.016866 -0.240809
v -0.000523 0.018000 -0.239538
v 0.000888 0.018678 -0.241503
v -0.000537 0.017993 -0.239521
v -0.000544 0.017990 -0.239513
v -0.000547 0.017989 -0.239509
v -0.001576 0.016862 -0.240801
v -0.001579 0.016860 -0.240798
v -0.001590 0.016852 -0.240781
v -0.000561 0.017982 -0.239492
v -0.001620 0.016831 -0.240739
v -0.000598 0.017965 -0.239448
v -0.001705 0.016773 -0.240622
v -0.000699 0.017917 -0.239326
v -0.001918 0.016627 -0.240330
v -0.002218 0.016421 -0.239926
v -0.000951 0.017796 -0.239027
v -0.000720 0.017907 -0.239301
v -0.001367 0.017588 -0.238538
v -0.001505 0.017517 -0.238376
v -0.002280 0.016378 -0.239843
v -0.002496 0.016226 -0.239551
v -0.002991 0.015857 -0.238855
v -0.003661 0.015219 -0.237704
v -0.002146 0.017151 -0.237586
v -0.002441 0.016948 -0.237177
v -0.003192 0.015977 -0.235441
v -0.004784 0.018522 -0.237706
v -0.008820 0.019993 -0.238769
v -0.004339 0.016160 -0.234738
v -0.005135 0.021192 -0.240421
v -0.009051 0.022425 -0.241694
v -0.001661 0.018833 -0.239487
v -0.005359 0.023911 -0.243137
v -0.009202 0.024920 -0.244603
v -0.001890 0.021768 -0.242029
v -0.005394 0.026478 -0.246077
v -0.001878 0.024473 -0.244810
v -0.005109 0.028513 -0.249487
v -0.009234 0.027286 -0.247719
v -0.009086 0.028992 -0.250764
v -0.009241 0.026640 -0.246799
v -0.027360 0.027439 -0.255080
v -0.027555 0.022659 -0.245729
v -0.045682 0.026864 -0.262926
v -0.027089 0.029256 -0.259954
v -0.045259 0.029121 -0.268798
v -0.026622 0.030024 -0.265153
v -0.008495 0.030006 -0.255292
v -0.044803 0.030041 -0.275043
v -0.044636 0.030030 -0.283765
v -0.050179 0.028753 -0.277470
v -0.051088 0.026189 -0.267464
v -0.050635 0.028509 -0.277674
v -0.054526 0.024980 -0.279389
v -0.054977 0.024292 -0.279583
v -0.055402 0.021841 -0.269300
v -0.055810 0.016825 -0.259881
v -0.056611 0.018852 -0.270002
v -0.056992 0.016047 -0.270432
v -0.056082 0.021919 -0.280051
v -0.056716 0.018473 -0.280273
v -0.057523 -0.003635 -0.280260
v -0.057628 -0.005601 -0.278474
v -0.057047 0.007454 -0.283974
v -0.057284 -0.006608 -0.281809
v -0.055923 -0.006514 -0.291256
v -0.055299 -0.006574 -0.281569
v -0.057546 -0.006620 -0.279006
v -0.057700 -0.006626 -0.276200
v -0.057712 -0.006578 -0.275985
v -0.055705 -0.006509 -0.276115
v -0.055626 -0.005562 -0.278433
v -0.055711 -0.006558 -0.275913
v -0.055548 -0.006534 -0.278940
v -0.055722 -0.006651 -0.275534
v -0.057720 -0.006578 -0.275572
v -0.056400 -0.006608 -0.240167
v -0.058399 -0.006536 -0.240205
v -0.056072 0.002504 -0.240123
v -0.057909 -0.006506 -0.161570
v -0.059908 -0.006434 -0.161598
v -0.058647 -0.006358 -0.133130
v -0.058648 -0.006358 -0.133104
v -0.058760 -0.002215 -0.133106
v -0.059873 -0.006082 -0.104695
v -0.060644 -0.006435 -0.133177
v -0.060645 -0.006435 -0.133167
v -0.060759 -0.002216 -0.133176
v -0.061832 -0.006482 -0.104758
v -0.059874 -0.006081 -0.104666
v -0.061832 -0.006483 -0.104753
v -0.063300 -0.006521 -0.076354
v -0.062544 -0.002177 -0.104784
v -0.064634 -0.002138 -0.076417
v -0.062544 -0.002177 -0.104788
v -0.062796 0.003950 -0.104939
v -0.061387 0.003377 -0.126147
v -0.063802 0.004369 -0.090753
v -0.062719 0.010025 -0.091161
v -0.064839 0.004808 -0.076627
v -0.059894 0.014885 -0.091966
v -0.064957 0.012032 -0.055854
v -0.060659 0.008257 -0.126378
v -0.058513 0.012589 -0.126857
v -0.051063 0.018752 -0.128284
v -0.057060 0.011022 -0.161871
v -0.053271 0.015318 -0.162223
v -0.057800 0.009689 -0.161802
v -0.057364 0.009408 -0.187827
v -0.059580 0.002678 -0.161631
v -0.059758 -0.002254 -0.161609
v -0.060952 0.003204 -0.133269
v -0.059349 0.002662 -0.173662
v -0.059371 0.002369 -0.173069
v -0.059209 0.002742 -0.180731
v -0.059073 0.002732 -0.187809
v -0.058942 0.002635 -0.194822
v -0.058941 0.002373 -0.195368
v -0.058573 0.002610 -0.213987
v -0.058069 0.002576 -0.240161
v -0.056932 0.009128 -0.213880
v -0.052763 0.014396 -0.213594
v -0.056500 0.008848 -0.239931
v -0.056289 0.009265 -0.239899
v -0.056037 0.011848 -0.250386
v -0.052509 0.013935 -0.239326
v -0.052462 0.013974 -0.239319
v -0.052196 0.016352 -0.249174
v -0.046772 0.016922 -0.238451
v -0.046778 0.017320 -0.219544
v -0.046724 0.017968 -0.244966
v -0.027557 0.019448 -0.235151
v -0.027519 0.019448 -0.235145
v -0.027604 0.020336 -0.240332
v -0.008526 0.017889 -0.235583
v -0.027620 0.022659 -0.245750
v -0.046423 0.020866 -0.251638
v -0.046124 0.023487 -0.256470
v -0.046622 0.019004 -0.247726
v -0.051708 0.021303 -0.258287
v -0.008525 0.017884 -0.235575
v -0.008364 0.017120 -0.233684
v -0.008274 0.016864 -0.231836
v -0.009062 0.017643 -0.199020
v -0.004017 0.014944 -0.231167
v -0.002853 0.014109 -0.230984
v -0.004115 0.015266 -0.232950
v -0.002821 0.014347 -0.232746
v -0.002883 0.014619 -0.233386
v -0.003988 0.013076 -0.234016
v -0.003162 0.015311 -0.234419
v -0.003182 0.015388 -0.234533
v -0.004141 0.013790 -0.235272
v -0.004072 0.014509 -0.236475
v -0.004071 0.013445 -0.234705
v -0.005207 0.014243 -0.234957
v -0.005197 0.013328 -0.231165
v -0.008763 0.015769 -0.235738
v -0.005313 0.016375 -0.238151
v -0.008785 0.017734 -0.239090
v -0.005437 0.018938 -0.240951
v -0.008822 0.020103 -0.242051
v -0.008807 0.019132 -0.240896
v -0.008847 0.022584 -0.244898
v -0.008837 0.024862 -0.247688
v -0.027029 0.025482 -0.255536
v -0.026848 0.027291 -0.260299
v -0.045258 0.024890 -0.263310
v -0.045141 0.025911 -0.265602
v -0.044985 0.027151 -0.269107
v -0.044806 0.028041 -0.275041
v -0.026629 0.028024 -0.265152
v -0.044639 0.028030 -0.283763
v -0.049218 0.026998 -0.277420
v -0.049658 0.026763 -0.277655
v -0.049538 0.026754 -0.283855
v -0.046848 0.026725 -0.304473
v -0.042089 0.028001 -0.303308
v -0.035314 0.027966 -0.321819
v -0.008739 0.027117 -0.251390
v -0.004098 0.012543 -0.230969
v -0.004102 0.012543 -0.230952
v -0.004102 0.012543 -0.230930
v -0.002860 0.014110 -0.230968
v -0.002860 0.014110 -0.230946
v -0.002859 0.014110 -0.230901
v -0.002857 0.014109 -0.230810
v -0.004102 0.012543 -0.230884
v -0.004100 0.012542 -0.230794
v -0.004096 0.012541 -0.230614
v -0.002852 0.014107 -0.230630
v -0.004088 0.012539 -0.230259
v -0.002843 0.014103 -0.230275
v -0.004073 0.012534 -0.229567
v -0.002824 0.014095 -0.229583
v -0.027723 0.019762 -0.217343
v -0.027926 0.020076 -0.199542
v -0.028130 0.020389 -0.181740
v -0.046785 0.017717 -0.200636
v -0.046780 0.017454 -0.213174
v -0.046789 0.017985 -0.187892
v -0.046791 0.018114 -0.181728
v -0.053017 0.014857 -0.187858
v -0.046797 0.018510 -0.162820
v -0.041807 0.019546 -0.163278
v -0.050548 0.017098 -0.162474
v -0.032589 0.020590 -0.164123
v -0.057753 0.005431 -0.251210
v -0.057363 0.010897 -0.260980
v -0.058950 0.001849 -0.195892
v -0.058973 0.001054 -0.196212
v -0.059006 0.000142 -0.196154
v -0.059043 -0.000646 -0.195700
v -0.059073 -0.001109 -0.195046
v -0.059106 -0.001277 -0.193655
v -0.059166 -0.001273 -0.190516
v -0.059226 -0.001269 -0.187377
v -0.059286 -0.001265 -0.184238
v -0.059347 -0.001261 -0.181099
v -0.059407 -0.001257 -0.177960
v -0.059467 -0.001253 -0.174821
v -0.059488 -0.001001 -0.173269
v -0.059483 -0.000550 -0.172718
v -0.059464 0.000173 -0.172325
v -0.059435 0.001020 -0.172259
v -0.059401 0.001809 -0.172545
v -0.060758 -0.002216 -0.133179
v -0.061348 0.017515 -0.056961
v -0.065402 0.012442 -0.048870
v -0.061709 0.017971 -0.050005
v -0.061985 0.018557 -0.042459
v -0.062016 0.018631 -0.041516
v -0.062020 0.018640 -0.041399
v -0.062021 0.018641 -0.041384
v -0.062021 0.018641 -0.041380
v -0.062021 0.018641 -0.041380
v -0.062021 0.018641 -0.041379
v -0.062021 0.018642 -0.041373
v -0.062021 0.018643 -0.041360
v -0.062024 0.018648 -0.041298
v -0.062029 0.018662 -0.041119
v -0.062073 0.018772 -0.039702
v -0.062183 0.019110 -0.035387
v -0.062262 0.019662 -0.028289
v -0.062261 0.019706 -0.027718
v -0.062261 0.019711 -0.027653
v -0.062261 0.019712 -0.027645
v -0.062261 0.019712 -0.027643
v -0.062261 0.019712 -0.027643
v -0.062261 0.019712 -0.027643
v -0.062261 0.019712 -0.027640
v -0.062261 0.019713 -0.027633
v -0.062261 0.019717 -0.027586
v -0.062260 0.019731 -0.027400
v -0.062244 0.019884 -0.025442
v -0.062175 0.020177 -0.021643
v -0.062082 0.020266 -0.021672
v -0.062539 0.020193 -0.009687
v -0.061100 0.021537 -0.010148
v -0.060860 0.021527 -0.018161
v -0.060866 0.021551 0.001823
v -0.062251 0.020207 0.002272
v -0.054459 0.025708 0.006478
v -0.060652 0.021521 -0.022112
v -0.055800 0.024780 -0.023609
v -0.056208 0.021662 -0.058472
v -0.055546 0.024922 -0.023688
v -0.055418 0.024992 -0.023727
v -0.055354 0.025027 -0.023747
v -0.055338 0.025036 -0.023752
v -0.055330 0.025040 -0.023754
v -0.055328 0.025041 -0.023755
v -0.055328 0.025042 -0.023755
v -0.055328 0.025042 -0.023755
v -0.055328 0.025042 -0.023755
v -0.055328 0.025042 -0.023755
v -0.055328 0.025042 -0.023755
v -0.055328 0.025042 -0.023755
v -0.055328 0.025042 -0.023755
v -0.055328 0.025042 -0.023755
v -0.055328 0.025042 -0.023755
v -0.055327 0.025042 -0.023755
v -0.055327 0.025042 -0.023755
v -0.055326 0.025043 -0.023756
v -0.055323 0.025044 -0.023756
v -0.055144 0.025141 -0.023812
v -0.054160 0.025657 -0.024116
v -0.046537 0.029816 0.003859
v -0.045387 0.030128 0.007675
v -0.039412 0.032427 0.001554
v -0.038801 0.032613 0.000928
v -0.038231 0.030696 0.000928
v -0.038669 0.030564 0.001383
v -0.030449 0.032410 -0.007148
v -0.033377 0.031235 -0.017254
v -0.044483 0.028347 0.007422
v -0.045618 0.028039 0.003638
v -0.053387 0.024031 0.006231
v -0.053059 0.023976 -0.024077
v -0.054087 0.023442 -0.023748
v -0.054530 0.020348 -0.058547
v -0.054281 0.023337 -0.023686
v -0.054334 0.023308 -0.023669
v -0.054349 0.023300 -0.023664
v -0.054349 0.023300 -0.023664
v -0.054349 0.023300 -0.023664
v -0.054349 0.023300 -0.023664
v -0.054349 0.023300 -0.023664
v -0.054349 0.023300 -0.023664
v -0.054349 0.023300 -0.023664
v -0.054349 0.023300 -0.023664
v -0.054349 0.023300 -0.023664
v -0.054349 0.023300 -0.023664
v -0.054349 0.023300 -0.023664
v -0.054354 0.023297 -0.023662
v -0.054365 0.023291 -0.023659
v -0.054389 0.023278 -0.023651
v -0.054436 0.023252 -0.023636
v -0.055181 0.022834 -0.023397
v -0.056638 0.021952 -0.022927
v -0.059375 0.019984 -0.022034
v -0.054077 0.017404 -0.093128
v -0.044758 0.028219 0.007708
v -0.047457 0.026762 0.011407
v -0.045520 0.030066 0.007811
v -0.048308 0.028565 0.011568
v -0.048563 0.028202 0.014014
v -0.047697 0.026409 0.013819
v -0.055728 0.018695 -0.093057
v -0.063300 -0.006521 -0.076353
v -0.061429 -0.005821 -0.076245
v -0.061428 -0.005821 -0.076265
v -0.063349 -0.005691 -0.047840
v -0.064422 -0.003220 -0.047868
v -0.064091 -0.005687 -0.037830
v -0.065909 -0.006509 -0.037962
v -0.063179 -0.009044 -0.028600
v -0.061667 -0.013252 -0.019721
v -0.064999 -0.009866 -0.028702
v -0.063490 -0.014074 -0.019776
v -0.063547 -0.014243 -0.005781
v -0.061702 -0.013471 -0.005818
v -0.063545 -0.014242 -0.005665
v -0.062596 -0.014218 0.008241
v -0.066057 -0.008202 -0.005163
v -0.064875 -0.008183 0.009272
v -0.068266 -0.002040 -0.004761
v -0.066211 -0.008219 -0.015310
v -0.066248 -0.008136 -0.015335
v -0.065711 -0.009341 -0.015319
v -0.063884 -0.008526 -0.015301
v -0.065249 -0.010356 -0.016023
v -0.063423 -0.009540 -0.015997
v -0.065103 -0.010661 -0.016598
v -0.063278 -0.009844 -0.016566
v -0.065044 -0.010766 -0.017255
v -0.065195 -0.010367 -0.018506
v -0.063219 -0.009947 -0.017218
v -0.063372 -0.009546 -0.018460
v -0.063610 -0.008949 -0.019628
v -0.064386 -0.007401 -0.015297
v -0.064421 -0.007321 -0.015322
v -0.064222 -0.007426 -0.005391
v -0.061703 -0.013471 -0.005854
v -0.065485 -0.004396 -0.005157
v -0.064225 -0.004412 0.009196
v -0.065676 -0.004373 -0.019529
v -0.065991 -0.003045 -0.005091
v -0.066176 -0.002372 -0.005062
v -0.066227 -0.003019 -0.019540
v -0.066171 -0.003181 -0.019538
v -0.066238 -0.002986 -0.019540
v -0.066298 -0.002802 -0.019542
v -0.066120 -0.003003 -0.022777
v -0.066163 -0.002817 -0.023174
v -0.066075 -0.003185 -0.022356
v -0.067959 -0.003851 -0.022428
v -0.065615 -0.004507 -0.019533
v -0.067436 -0.005333 -0.019585
v -0.065373 -0.005108 -0.018369
v -0.067196 -0.005928 -0.018408
v -0.065125 -0.005704 -0.017205
v -0.064862 -0.006321 -0.016053
v -0.066949 -0.006524 -0.017231
v -0.066688 -0.007137 -0.016070
v -0.066491 -0.007585 -0.015618
v -0.064665 -0.006770 -0.015604
v -0.068056 -0.003847 -0.019593
v -0.068162 -0.002981 -0.024075
v -0.066235 -0.002455 -0.023987
v -0.068189 -0.002828 -0.024363
v -0.068196 -0.002784 -0.024446
v -0.066253 -0.002334 -0.024273
v -0.066258 -0.002299 -0.024355
v -0.066236 -0.002448 -0.024005
v -0.066411 -0.002427 -0.019545
v -0.066356 -0.002615 -0.019544
v -0.066434 -0.002344 -0.019546
v -0.066463 -0.002237 -0.019546
v -0.066514 -0.002046 -0.019548
v -0.066265 -0.002262 -0.024414
v -0.066295 -0.002081 -0.024758
v -0.066263 -0.002273 -0.024396
v -0.068200 -0.002763 -0.024488
v -0.068234 -0.002553 -0.024905
v -0.066298 -0.002058 -0.024809
v -0.066309 -0.001928 -0.025206
v -0.066308 -0.001909 -0.025309
v -0.066552 -0.001898 -0.019548
v -0.066536 -0.001961 -0.019548
v -0.066555 -0.001886 -0.019548
v -0.066555 -0.001885 -0.019548
v -0.066280 -0.001906 -0.005040
v -0.066282 -0.001896 -0.005040
v -0.066258 -0.002015 -0.005047
v -0.066282 -0.001892 -0.005039
v -0.066556 -0.001884 -0.019548
v -0.066556 -0.001883 -0.019548
v -0.066556 -0.001883 -0.019548
v -0.066283 -0.001887 -0.005039
v -0.066556 -0.001883 -0.019547
v -0.066556 -0.001884 -0.019547
v -0.066284 -0.001883 -0.005038
v -0.066284 -0.001880 -0.005038
v -0.066285 -0.001876 -0.005037
v -0.066285 -0.001873 -0.005037
v -0.066556 -0.001885 -0.019547
v -0.066556 -0.001887 -0.019547
v -0.066555 -0.001888 -0.019547
v -0.066555 -0.001890 -0.019547
v -0.066286 -0.001870 -0.005036
v -0.066286 -0.001869 -0.005036
v -0.066286 -0.001867 -0.005036
v -0.066286 -0.001866 -0.005036
v -0.066555 -0.001891 -0.019547
v -0.066555 -0.001891 -0.019547
v -0.066307 -0.001902 -0.025359
v -0.066306 -0.001900 -0.025384
v -0.066305 -0.001898 -0.025408
v -0.066304 -0.001896 -0.025433
v -0.066555 -0.001892 -0.019547
v -0.066555 -0.001892 -0.019547
v -0.066555 -0.001892 -0.019547
v -0.066555 -0.001892 -0.019547
v -0.066555 -0.001893 -0.019547
v -0.066303 -0.001895 -0.025456
v -0.066555 -0.001894 -0.019547
v -0.066286 -0.001865 -0.005035
v -0.066286 -0.001862 -0.005035
v -0.066202 -0.002633 -0.023582
v -0.068262 -0.002039 -0.004691
v -0.060764 -0.013481 0.007909
v -0.062662 -0.001834 -0.076281
v -0.062660 -0.001834 -0.076303
v -0.060552 -0.002021 -0.104678
v -0.056575 0.002538 -0.213949
v -0.054711 0.007960 -0.239893
v -0.055772 0.005130 -0.250663
v -0.054493 0.008390 -0.239855
v -0.056944 0.002563 -0.194784
v -0.056943 0.002301 -0.195330
v -0.057075 0.002655 -0.187771
v -0.056951 0.001777 -0.195853
v -0.056974 0.000982 -0.196174
v -0.057008 0.000070 -0.196116
v -0.057045 -0.000718 -0.195661
v -0.057074 -0.001181 -0.195007
v -0.057107 -0.001350 -0.193617
v -0.057168 -0.001345 -0.190478
v -0.057228 -0.001341 -0.187339
v -0.057288 -0.001337 -0.184200
v -0.057349 -0.001333 -0.181060
v -0.057409 -0.001329 -0.177921
v -0.057469 -0.001325 -0.174782
v -0.057490 -0.001073 -0.173231
v -0.057484 -0.000622 -0.172680
v -0.057466 0.000101 -0.172286
v -0.057437 0.000948 -0.172221
v -0.057403 0.001737 -0.172507
v -0.057372 0.002297 -0.173031
v -0.055528 -0.003732 -0.280088
v -0.053937 -0.006476 -0.291023
v -0.055052 0.007375 -0.283803
v -0.053561 -0.006005 -0.294585
v -0.055550 -0.006058 -0.294791
v -0.053399 -0.005375 -0.296316
v -0.053281 -0.004313 -0.297683
v -0.055387 -0.005427 -0.296523
v -0.055269 -0.004361 -0.297897
v -0.055263 -0.004259 -0.297983
v -0.055172 -0.001107 -0.299394
v -0.056624 0.012656 -0.289166
v -0.055808 0.015320 -0.296027
v -0.055007 0.005381 -0.301208
v -0.054982 0.005834 -0.301389
v -0.055115 0.002397 -0.300276
v -0.053133 0.002420 -0.300014
v -0.053186 -0.001070 -0.299159
v -0.053033 0.005308 -0.300886
v -0.053836 0.015278 -0.295689
v -0.053004 0.005838 -0.301090
v -0.052711 0.008966 -0.302785
v -0.054680 0.008990 -0.303135
v -0.052187 0.011542 -0.305180
v -0.052542 0.015944 -0.302884
v -0.050836 0.014406 -0.310028
v -0.054142 0.011603 -0.305599
v -0.052575 0.015945 -0.302729
v -0.054638 0.012596 -0.288912
v -0.053279 -0.004281 -0.297710
v -0.045510 0.027918 -0.265329
v -0.009042 0.029197 -0.251259
v -0.005390 0.029969 -0.280748
v -0.004449 0.029250 -0.253427
v -0.002952 0.028546 -0.252742
v 0.000259 0.028506 -0.279825
v -0.000854 0.027039 -0.251789
v 0.001254 0.024531 -0.250845
v -0.001517 0.026494 -0.248071
v 0.001264 0.023298 -0.247236
v 0.000983 0.021358 -0.244156
v 0.002670 0.019814 -0.247014
v 0.001705 0.023752 -0.250645
v 0.002962 0.020033 -0.250105
v 0.000995 0.019697 -0.250238
v 0.005985 0.021245 -0.278880
v 0.004534 0.024490 -0.279121
v 0.005992 0.021247 -0.278929
v 0.004093 0.020701 -0.279238
v 0.008454 0.021843 -0.293111
v 0.006603 0.021193 -0.293502
v 0.012091 0.020796 -0.307164
v 0.010212 0.020317 -0.307656
v 0.004086 0.020699 -0.279189
v 0.010567 0.024443 -0.307572
v 0.006377 0.028460 -0.308676
v 0.000839 0.029922 -0.310127
v 0.000855 0.019564 -0.248433
v -0.000105 0.022904 -0.250794
v -0.000421 0.023444 -0.250958
v -0.000303 0.022770 -0.248998
v -0.000431 0.022053 -0.247273
v -0.002507 0.025447 -0.250076
v 0.000671 0.019256 -0.246759
v 0.000392 0.018759 -0.245127
v 0.000116 0.018356 -0.244081
v 0.002173 0.019418 -0.244500
v 0.002053 0.019337 -0.244097
v 0.000927 0.018698 -0.241568
v -0.008893 0.020677 -0.239629
v 0.006016 0.018618 -0.371847
v -0.000219 0.018627 -0.372439
v -0.000138 0.023292 -0.370865
v -0.005831 0.023302 -0.369792
v 0.005654 0.023283 -0.370314
v -0.009581 0.015722 -0.198411
v -0.002145 0.033565 -0.040082
v 0.012097 0.030927 -0.049184
v 0.001869 0.027693 -0.073595
v 0.006562 0.024348 -0.074435
v 0.004647 0.036674 -0.013322
v 0.004035 0.034738 -0.012558
v 0.004059 0.036731 -0.012717
v 0.003888 0.034752 -0.012406
v 0.003910 0.036745 -0.012564
v 0.003851 0.034755 -0.012368
v 0.003833 0.034757 -0.012349
v 0.003872 0.036749 -0.012526
v 0.003854 0.036750 -0.012507
v 0.003845 0.036751 -0.012498
v 0.003845 0.036751 -0.012498
v 0.003824 0.034758 -0.012340
v 0.003824 0.034758 -0.012340
v 0.003820 0.034758 -0.012335
v 0.003819 0.034758 -0.012335
v 0.003845 0.036751 -0.012498
v 0.003844 0.036751 -0.012497
v 0.003833 0.036752 -0.012486
v 0.003772 0.036758 -0.012422
v 0.003812 0.034759 -0.012328
v 0.003752 0.034764 -0.012265
v 0.003367 0.034799 -0.011870
v 0.003240 0.034810 -0.011739
v -0.011484 0.034719 -0.007268
v -0.014855 0.034539 -0.006211
v -0.008989 0.035167 0.000833
v -0.022001 0.033772 0.014219
v -0.005690 0.035207 -0.002559
v -0.005754 0.037205 -0.002628
v -0.009187 0.037161 0.000901
v 0.003227 0.036806 -0.011863
v 0.003255 0.036804 -0.011892
v -0.022271 0.035749 0.014349
v -0.023366 0.033475 0.015623
v -0.026521 0.033388 0.005828
v -0.029999 0.031449 0.022450
v -0.033871 0.029718 0.026431
v -0.030443 0.033376 0.022747
v -0.034416 0.031600 0.026831
v -0.036239 0.030566 0.028920
v -0.035647 0.028711 0.028465
v -0.037100 0.029576 0.031575
v -0.037220 0.029525 0.031613
v -0.036431 0.028798 0.034849
v -0.036482 0.027748 0.031049
v -0.035814 0.026990 0.034259
v -0.034811 0.026869 0.035634
v -0.033464 0.026954 0.036662
v -0.035412 0.028675 0.036249
v -0.034041 0.028761 0.037294
v -0.030773 0.029483 0.038038
v -0.030259 0.027658 0.037403
v -0.029797 0.029800 0.037898
v -0.038986 0.021581 0.049547
v -0.027704 0.030641 0.036977
v -0.025347 0.031855 0.034714
v -0.027257 0.028787 0.036380
v -0.029303 0.027968 0.037271
v -0.024957 0.029970 0.034179
v -0.024450 0.030219 0.033660
v -0.016301 0.030211 0.038302
v -0.022697 0.031017 0.031862
v -0.023033 0.032929 0.032334
v -0.020406 0.031923 0.029513
v -0.018090 0.032696 0.027138
v -0.020691 0.033859 0.029924
v -0.018326 0.034653 0.027492
v -0.015945 0.035320 0.025042
v -0.005116 0.037064 0.013900
v -0.008823 0.036129 0.022855
v -0.015754 0.033352 0.024741
v -0.004967 0.035076 0.013680
v -0.008728 0.034147 0.022608
v -0.013952 0.031196 0.035901
v -0.002707 0.034540 0.020748
v -0.001447 0.034592 0.020368
v -0.001690 0.034246 0.023359
v 0.002376 0.034697 0.019192
v 0.002401 0.036688 0.019379
v 0.011241 0.035032 0.010092
v 0.012475 0.035017 0.008826
v 0.011344 0.037028 0.010180
v 0.012652 0.037011 0.008834
v 0.020292 0.036533 0.000980
v 0.009656 0.037211 -0.001297
v 0.000540 0.037371 0.008081
v 0.017060 0.036434 -0.008909
v 0.016897 0.034445 -0.008773
v 0.024458 0.034884 -0.016507
v 0.027497 0.035346 -0.006424
v 0.029199 0.034933 -0.008172
v 0.037933 0.031803 -0.017134
v 0.028843 0.032971 -0.008023
v 0.037355 0.029912 -0.016833
v 0.027022 0.033410 -0.006142
v 0.024011 0.032961 -0.016113
v 0.020092 0.034544 0.000997
v 0.040218 0.030734 -0.019053
v 0.009517 0.035217 -0.001184
v 0.000539 0.035372 0.008030
v -0.001707 0.036234 0.023607
v -0.001460 0.036582 0.020572
v -0.002855 0.036523 0.020995
v -0.005148 0.035668 0.027149
v -0.012620 0.033681 0.034845
v -0.005088 0.033690 0.026837
v -0.012445 0.031749 0.034360
v -0.014158 0.033113 0.036429
v -0.016313 0.032211 0.038647
v -0.016567 0.032095 0.038910
v -0.016065 0.030317 0.038061
v -0.024843 0.032103 0.034195
v -0.017736 0.031317 0.040775
v -0.018145 0.030354 0.043256
v -0.017456 0.029446 0.040132
v -0.017849 0.028508 0.042552
v -0.017377 0.027766 0.044608
v -0.022540 0.019897 0.057729
v -0.017206 0.027643 0.044971
v -0.017498 0.029467 0.045735
v -0.015540 0.027045 0.046947
v -0.013137 0.026878 0.048041
v -0.015807 0.028855 0.047755
v -0.013364 0.028685 0.048870
v -0.010674 0.029018 0.048803
v -0.006499 0.030636 0.045765
v -0.010493 0.027204 0.047980
v -0.006394 0.028782 0.045026
v -0.017672 0.029594 0.045363
v -0.022940 0.021569 0.058751
v -0.005150 0.021537 0.062917
v -0.023223 0.021569 0.058639
v -0.023762 0.020227 0.059989
v -0.024683 0.020227 0.059615
v -0.006016 0.020198 0.064293
v -0.005274 0.020196 0.064360
v -0.006485 0.009609 0.068994
v -0.026513 0.009636 0.063981
v 0.014130 0.009574 0.067899
v -0.006489 -0.002049 0.068850
v -0.026350 -0.002022 0.063898
v -0.026470 -0.002022 0.063848
v 0.014079 -0.002084 0.067757
v 0.013201 0.020173 0.063268
v 0.013687 0.020172 0.063167
v 0.013387 0.021511 0.061746
v 0.031272 0.020128 0.056649
v -0.004920 0.021537 0.062937
v -0.040189 0.020237 0.050446
v -0.041153 0.020238 0.049661
v -0.039283 0.021582 0.049311
v -0.045867 0.021585 0.043244
v -0.051688 0.021578 0.036097
v -0.038306 0.019908 0.048683
v -0.038598 0.019908 0.048452
v -0.045068 0.019911 0.042491
v -0.056833 0.019011 0.025107
v -0.021114 0.030140 -0.047135
v 0.060100 0.018225 -0.023272
v 0.063164 0.019992 -0.011745
v 0.057217 0.018174 -0.028920
v 0.060213 0.018211 -0.023058
v 0.063299 0.017238 -0.017328
v 0.057423 0.017791 -0.028995
v 0.054839 0.017589 -0.033708
v 0.055080 0.017209 -0.033705
v 0.055284 0.016847 -0.033630
v 0.057572 0.017412 -0.029042
v 0.057569 0.017420 -0.029042
v 0.052538 0.016491 -0.038444
v 0.050491 0.014878 -0.042727
v 0.043549 0.007268 -0.054073
v 0.021109 0.000235 -0.076433
v 0.067771 0.009530 -0.010305
v 0.068691 0.004273 -0.008432
v 0.068139 -0.001340 -0.009078
v 0.069116 0.004261 -0.007677
v 0.069430 0.004181 -0.006895
v 0.068519 -0.001662 -0.008377
v 0.068790 -0.001969 -0.007649
v 0.069636 0.004156 -0.006061
v 0.069432 0.000517 -0.006195
v 0.069309 0.007804 -0.006807
v 0.069845 0.007859 -0.001411
v 0.069844 0.000547 -0.001404
v 0.069442 -0.002263 -0.001279
v 0.067391 -0.002237 0.016649
v 0.060659 0.019689 -0.011187
v 0.061167 0.019242 -0.011360
v 0.062384 0.019683 0.000530
v 0.062385 0.019683 0.000530
v 0.062385 0.019683 0.000530
v 0.062385 0.019683 0.000530
v 0.062385 0.019683 0.000530
v 0.062385 0.019683 0.000530
v 0.062385 0.019684 0.000530
v 0.062385 0.019684 0.000530
v 0.062385 0.019684 0.000530
v 0.062385 0.019684 0.000530
v 0.062385 0.019684 0.000530
v 0.062916 0.019251 0.000286
v 0.063164 0.019004 0.000184
v 0.063272 0.018884 0.000136
v 0.061413 0.018985 -0.011432
v 0.061521 0.018861 -0.011461
v 0.061560 0.018813 -0.011471
v 0.061575 0.018795 -0.011475
v 0.063312 0.018837 0.000113
v 0.063327 0.018819 0.000102
v 0.063332 0.018811 0.000097
v 0.061581 0.018787 -0.011477
v 0.063335 0.018808 0.000094
v 0.061583 0.018783 -0.011478
v 0.063335 0.018807 0.000093
v 0.061585 0.018782 -0.011478
v 0.063336 0.018806 0.000092
v 0.061585 0.018781 -0.011478
v 0.063337 0.018805 0.000092
v 0.061585 0.018780 -0.011478
v 0.063337 0.018804 0.000090
v 0.063337 0.018804 0.000090
v 0.063337 0.018804 0.000090
v 0.063337 0.018804 0.000090
v 0.063337 0.018804 0.000090
v 0.063337 0.018804 0.000090
v 0.063337 0.018804 0.000090
v 0.063337 0.018804 0.000090
v 0.063337 0.018804 0.000090
v 0.044806 0.005305 -0.049684
v 0.045247 0.007701 -0.048998
v 0.046850 0.011504 -0.045974
v 0.045438 0.007658 -0.048762
v 0.045613 0.007691 -0.048514
v 0.044983 0.005319 -0.049463
v 0.045144 0.005381 -0.049240
v 0.044866 0.002815 -0.049458
v 0.045016 0.002897 -0.049260
v 0.045547 -0.001918 -0.047789
v 0.044705 0.002758 -0.049653
v 0.045511 -0.001944 -0.047832
v 0.045552 -0.001914 -0.047783
v 0.045582 -0.001891 -0.047747
v 0.045516 -0.001975 -0.047823
v 0.045517 -0.001976 -0.047821
v 0.045455 -0.001998 -0.047895
v 0.045517 -0.001976 -0.047821
v 0.045518 -0.001977 -0.047820
v 0.045596 -0.001879 -0.047729
v 0.045610 -0.001866 -0.047711
v 0.045625 -0.001853 -0.047693
v 0.045518 -0.001977 -0.047819
v 0.045640 -0.001839 -0.047674
v 0.045643 -0.001837 -0.047671
v 0.045652 -0.001883 -0.047654
v 0.045652 -0.001883 -0.047653
v 0.045519 -0.001978 -0.047818
v 0.045521 -0.001980 -0.047815
v 0.045459 -0.002002 -0.047890
v 0.045462 -0.002007 -0.047884
v 0.045431 -0.002008 -0.047922
v 0.045426 -0.002002 -0.047929
v 0.045404 -0.002009 -0.047953
v 0.045436 -0.002015 -0.047915
v 0.045411 -0.002017 -0.047943
v 0.045414 -0.002022 -0.047939
v 0.045464 -0.002010 -0.047882
v 0.045416 -0.002026 -0.047935
v 0.045466 -0.002013 -0.047879
v 0.045419 -0.002031 -0.047930
v 0.045467 -0.002017 -0.047876
v 0.045524 -0.001986 -0.047810
v 0.045525 -0.001988 -0.047808
v 0.045523 -0.001984 -0.047812
v 0.045653 -0.001886 -0.047652
v 0.045653 -0.001885 -0.047652
v 0.045653 -0.001887 -0.047651
v 0.045936 -0.001582 -0.047269
v 0.045936 -0.001579 -0.047269
v 0.045937 -0.001584 -0.047268
v 0.046355 -0.000981 -0.046554
v 0.046353 -0.000974 -0.046558
v 0.046357 -0.000988 -0.046550
v 0.046361 -0.001002 -0.046543
v 0.045938 -0.001590 -0.047265
v 0.045654 -0.001891 -0.047649
v 0.045527 -0.001994 -0.047805
v 0.045657 -0.001901 -0.047644
v 0.045425 -0.002047 -0.047919
v 0.045421 -0.002036 -0.047926
v 0.046346 -0.000946 -0.046574
v 0.045935 -0.001571 -0.047271
v 0.046342 -0.000932 -0.046582
v 0.045936 -0.001568 -0.047271
v 0.046339 -0.000919 -0.046590
v 0.046249 -0.001061 -0.046768
v 0.045768 0.003372 -0.048029
v 0.045658 0.003323 -0.048249
v 0.045949 0.005716 -0.047877
v 0.046469 0.007836 -0.047017
v 0.045833 0.005730 -0.048119
v 0.045703 0.005683 -0.048359
v 0.046354 0.007920 -0.047268
v 0.046419 0.007893 -0.047131
v 0.048038 0.011164 -0.044099
v 0.049939 0.013278 -0.040350
v 0.048076 0.011061 -0.044004
v 0.049963 0.013172 -0.040285
v 0.051947 0.014562 -0.036323
v 0.053979 0.015455 -0.032264
v 0.051933 0.014651 -0.036362
v 0.053955 0.015603 -0.032317
v 0.056043 0.015947 -0.028163
v 0.056041 0.016082 -0.028172
v 0.058635 0.016019 -0.023064
v 0.061286 0.015296 -0.018012
v 0.058661 0.016191 -0.023019
v 0.058688 0.016360 -0.022932
v 0.056039 0.016110 -0.028173
v 0.061347 0.015483 -0.017910
v 0.064001 0.013561 -0.013049
v 0.061420 0.015630 -0.017748
v 0.063901 0.013391 -0.013209
v 0.056025 0.016239 -0.028176
v 0.056019 0.016284 -0.028177
v 0.056000 0.016395 -0.028175
v 0.055988 0.016455 -0.028174
v 0.045536 0.003245 -0.048467
v 0.045570 0.005614 -0.048586
v 0.045435 0.005537 -0.048805
v 0.045412 0.003159 -0.048673
v 0.045286 0.003072 -0.048871
v 0.046039 -0.001371 -0.047118
v 0.046146 -0.001218 -0.046948
v 0.045928 -0.001519 -0.047284
v 0.045920 -0.001528 -0.047295
v 0.045839 -0.001628 -0.047411
v 0.045813 -0.001659 -0.047447
v 0.045935 -0.001570 -0.047271
v 0.045811 -0.001661 -0.047449
v 0.045773 -0.001703 -0.047500
v 0.045154 0.002983 -0.049065
v 0.045293 0.005457 -0.049022
v 0.045685 -0.001796 -0.047616
v 0.045935 -0.001573 -0.047271
v 0.045935 -0.001574 -0.047271
v 0.045652 -0.001883 -0.047653
v 0.045935 -0.001575 -0.047270
v 0.045935 -0.001576 -0.047270
v 0.045652 -0.001883 -0.047653
v 0.045652 -0.001883 -0.047653
v 0.045652 -0.001884 -0.047653
v 0.045936 -0.001577 -0.047270
v 0.045522 -0.001982 -0.047814
v 0.045421 -0.001994 -0.047936
v 0.045402 -0.002001 -0.047957
v 0.045400 -0.002001 -0.047959
v 0.045398 -0.002004 -0.047961
v 0.045451 -0.001981 -0.047902
v 0.048902 0.013963 -0.041879
v 0.046938 0.011424 -0.045894
v 0.045485 -0.002297 -0.047781
v 0.045488 -0.002309 -0.047774
v 0.045488 -0.002310 -0.047773
v 0.045488 -0.002312 -0.047772
v 0.045490 -0.002318 -0.047769
v 0.045493 -0.002331 -0.047761
v 0.059243 -0.011269 -0.020914
v 0.059246 -0.011283 -0.020911
v 0.065266 -0.009120 -0.012525
v 0.065398 -0.008940 -0.012275
v 0.065452 -0.008865 -0.012173
v 0.065476 -0.008832 -0.012128
v 0.065477 -0.008830 -0.012126
v 0.065482 -0.008824 -0.012118
v 0.065492 -0.008809 -0.012098
v 0.065513 -0.008780 -0.012059
v 0.033417 -0.002125 0.060666
v 0.035988 0.019789 0.050712
v 0.036086 0.019789 0.050643
v 0.036097 0.019789 0.050636
v 0.036100 0.019789 0.050633
v 0.036107 0.019789 0.050628
v 0.036122 0.019788 0.050618
v 0.036186 0.019788 0.050572
v 0.036341 0.019788 0.050462
v -0.004833 0.019869 0.061838
v 0.011984 0.033423 0.026261
v 0.013815 0.033566 0.024385
v 0.012128 0.035397 0.026575
v 0.066434 0.013402 -0.000893
v 0.067074 0.011537 -0.001100
v 0.055839 0.016925 -0.028136
v 0.055878 0.016832 -0.028148
v 0.055824 0.016957 -0.028131
v 0.067222 -0.002928 -0.001365
v 0.066981 -0.003612 -0.001275
v -0.006204 -0.001624 0.066912
v -0.006301 -0.001624 0.066903
vn 0.1808 -0.4059 0.8958
vn 0.2563 -0.4066 0.8769
vn 0.4355 -0.4089 0.8020
vn 0.4688 -0.2140 0.8570
vn 0.4685 -0.2141 0.8571
vn 0.1955 -0.2397 0.9510
vn 0.4692 -0.4094 0.7824
vn 0.6508 -0.4132 0.6370
vn 0.6522 -0.4082 0.6388
vn 0.7051 -0.1768 0.6867
vn -0.2127 -0.9122 -0.3502
vn -0.1973 -0.9125 -0.3585
vn -0.1162 -0.9135 -0.3899
vn -0.1160 -0.9135 -0.3899
vn -0.1969 -0.9125 -0.3586
vn -0.2123 -0.9122 -0.3504
vn -0.0824 -0.9138 -0.3977
vn -0.0134 -0.9143 -0.4049
vn -0.0133 -0.9142 -0.4050
vn -0.0822 -0.9138 -0.3977
vn -0.0906 -0.4048 0.9099
vn 0.0261 -0.4051 0.9139
vn 0.1946 -0.2397 0.9511
vn -0.0919 -0.2490 0.9641
vn 0.0385 -0.9143 -0.4031
vn 0.0898 -0.9144 -0.3948
vn 0.0897 -0.9143 -0.3949
vn -0.3538 -0.4054 0.8429
vn -0.2059 -0.4049 0.8909
vn -0.0933 -0.2490 0.9640
vn -0.3715 -0.2407 0.8967
vn 0.1559 -0.9141 -0.3743
vn 0.1876 -0.9139 -0.3600
vn 0.1875 -0.9139 -0.3601
vn 0.1557 -0.9141 -0.3744
vn 0.3711 0.2448 -0.8957
vn 0.0932 0.2534 -0.9629
vn 0.0918 0.2534 -0.9630
vn 0.0906 0.4048 -0.9099
vn 0.2059 0.4048 -0.8909
vn 0.3538 0.4054 -0.8429
vn 0.6214 0.2200 -0.7520
vn 0.3727 0.2447 -0.8951
vn 0.4243 0.4060 -0.8094
vn 0.5854 0.4075 -0.7009
vn 0.2608 -0.9132 -0.3131
vn 0.2743 -0.9130 -0.3019
vn 0.2741 -0.9130 -0.3021
vn 0.2606 -0.9132 -0.3133
vn -0.5854 -0.4075 0.7009
vn -0.4243 -0.4059 0.8094
vn -0.3706 -0.1976 0.9075
vn -0.6219 -0.2169 0.7525
vn -0.6236 -0.2167 0.7511
vn -0.8211 -0.1833 0.5405
vn -0.7621 -0.4104 0.5008
vn -0.7643 -0.4103 0.4974
vn -0.6148 -0.4079 0.6750
vn 0.3439 -0.9120 -0.2237
vn 0.3441 -0.9120 -0.2235
vn -0.8807 -0.3782 0.2852
vn -0.8797 -0.3784 0.2880
vn 0.3605 -0.9258 -0.1141
vn 0.3599 -0.9257 -0.1161
vn 0.3601 -0.9258 -0.1153
vn -0.9369 -0.1650 0.3083
vn -0.9805 -0.1429 0.1349
vn -0.9809 -0.1418 0.1332
vn -0.9213 -0.3689 0.1231
vn -0.9218 -0.3686 0.1199
vn -0.8813 -0.3781 0.2834
vn 0.3656 -0.9296 -0.0466
vn 0.3657 -0.9296 -0.0460
vn 0.3658 -0.9296 -0.0454
vn 0.3606 -0.9258 -0.1137
vn 0.8805 0.3783 -0.2856
vn 0.7620 0.4104 -0.5009
vn 0.7644 0.4102 -0.4975
vn 0.8813 0.3781 -0.2834
vn 0.8817 0.3781 -0.2824
vn 0.9216 0.3688 -0.1211
vn 0.9220 0.3686 -0.1184
vn 0.9222 0.3685 -0.1175
vn 0.9208 0.3701 -0.1228
vn 0.9527 0.2760 -0.1274
vn 0.9813 0.1406 -0.1315
vn 0.9809 0.1416 -0.1331
vn 0.9378 0.1632 -0.3063
vn 0.9366 0.1643 -0.3094
vn 0.8209 0.1846 -0.5405
vn 0.6148 0.4079 -0.6750
vn 0.7296 0.2030 -0.6530
vn 0.6231 0.2198 -0.7507
vn 0.9497 -0.1215 -0.2885
vn 0.9494 -0.1214 -0.2895
vn 0.8363 -0.1225 -0.5344
vn 0.6292 -0.1714 -0.7581
vn 0.8232 -0.1714 -0.5412
vn 0.3785 -0.1711 -0.9097
vn 0.3786 0.1743 -0.9090
vn 0.0943 -0.1708 -0.9808
vn 0.0947 0.1745 -0.9801
vn 0.3769 0.1743 -0.9097
vn 0.5092 -0.6032 -0.6138
vn 0.4973 -0.6033 -0.6235
vn 0.3060 -0.6030 -0.7367
vn 0.2946 -0.6030 -0.7414
vn 0.0756 -0.6028 -0.7943
vn 0.3381 -0.8401 -0.4241
vn 0.3356 -0.8401 -0.4261
vn 0.2001 -0.8400 -0.5043
vn 0.0665 -0.6028 -0.7951
vn 0.1976 -0.8400 -0.5053
vn 0.0442 -0.8436 -0.5352
vn -0.1983 -0.1703 -0.9652
vn -0.1615 -0.6023 -0.7818
vn -0.1675 -0.6023 -0.7805
vn 0.0423 -0.8434 -0.5357
vn -0.1158 -0.8360 -0.5363
vn -0.4734 -0.1697 -0.8644
vn -0.3844 -0.6019 -0.7000
vn -0.1975 0.1752 -0.9645
vn 0.0933 0.1744 -0.9802
vn -0.4680 0.2175 -0.8565
vn -0.1984 0.1752 -0.9643
vn -0.7066 -0.1691 -0.6871
vn -0.7065 -0.1691 -0.6872
vn -0.7051 0.1768 -0.6867
vn -0.4684 0.2174 -0.8563
vn -0.3871 -0.6019 -0.6985
vn -0.5734 -0.6015 -0.5563
vn -0.1952 0.2440 -0.9499
vn -0.4355 0.4089 -0.8020
vn -0.2563 0.4066 -0.8769
vn -0.1808 0.4059 -0.8958
vn -0.1943 0.2441 -0.9501
vn -0.0262 0.4050 -0.9139
vn -0.6522 0.4080 -0.6389
vn -0.6508 0.4131 -0.6370
vn -0.4692 0.4094 -0.7824
vn -0.7947 0.4137 -0.4442
vn -0.7945 0.4136 -0.4447
vn -0.8593 0.1786 -0.4792
vn -0.8613 -0.1685 -0.4793
vn -0.8594 0.1786 -0.4791
vn -0.8830 0.4141 -0.2210
vn -0.8827 0.4141 -0.2221
vn -0.9544 0.1790 -0.2388
vn -0.8824 0.4141 -0.2233
vn -0.7937 0.4138 -0.4459
vn -0.9100 0.4144 0.0141
vn -0.8890 0.4080 -0.2079
vn -0.9115 0.4113 -0.0062
vn -0.9100 0.4144 0.0141
vn -0.9100 0.4144 0.0137
vn -0.9545 0.1790 -0.2385
vn -0.9839 0.1782 0.0162
vn -0.9760 0.2173 0.0166
vn -0.9539 0.2997 0.0173
vn -0.9347 0.3552 0.0157
vn -0.9565 -0.1681 -0.2384
vn -0.9857 -0.1677 0.0170
vn -0.9934 -0.1136 0.0180
vn -0.9940 0.1059 0.0278
vn -0.9742 0.1688 0.1501
vn -0.9158 0.3793 0.1320
vn -0.9036 0.4034 0.1439
vn -0.9087 0.4110 0.0728
vn -0.9334 0.3525 0.0667
vn -0.9494 0.3094 0.0543
vn -0.9855 0.0989 0.1380
vn -0.9813 -0.1168 0.1530
vn -0.9905 -0.0012 0.1378
vn -0.9596 -0.2809 0.0141
vn -0.9281 -0.3722 0.0110
vn -0.9136 -0.4056 0.0297
vn -0.8841 -0.4035 0.2358
vn -0.9610 -0.2149 0.1743
vn -0.9496 -0.1476 0.2765
vn -0.9659 0.0081 0.2589
vn -0.8949 -0.3493 0.2778
vn -0.9012 -0.2983 0.3143
vn -0.8833 -0.4048 0.2363
vn -0.9383 -0.1137 0.3266
vn -0.9504 0.0120 0.3109
vn -0.9040 -0.2358 0.3565
vn -0.9025 -0.1815 0.3906
vn -0.9260 -0.0844 0.3680
vn -0.9349 0.0153 0.3546
vn -0.9297 0.0865 0.3581
vn -0.9427 0.1038 0.3170
vn -0.9554 0.1237 0.2683
vn -0.9167 0.1705 0.3614
vn -0.9177 0.1762 0.3560
vn -0.9256 0.2622 0.2729
vn -0.9214 0.0765 0.3811
vn -0.9165 0.0192 0.3997
vn -0.9137 0.0679 0.4008
vn -0.8970 0.0508 0.4392
vn -0.8750 0.0306 0.4831
vn -0.8290 -0.0055 0.5592
vn -0.8033 -0.0603 0.5926
vn -0.8089 -0.0550 0.5853
vn -0.8158 -0.0495 0.5762
vn -0.8195 -0.0448 0.5713
vn -0.8225 -0.0372 0.5675
vn -0.8267 -0.0317 0.5618
vn -0.8316 -0.0273 0.5547
vn -0.8377 -0.0177 0.5459
vn -0.8433 -0.0100 0.5374
vn -0.8482 -0.0025 0.5296
vn -0.8562 0.0103 0.5165
vn -0.8680 0.0305 0.4956
vn -0.8764 0.0463 0.4794
vn -0.8959 0.0918 0.4347
vn -0.9008 0.1285 0.4148
vn -0.9104 0.2109 0.3559
vn -0.9124 0.2855 0.2934
vn -0.9036 0.1332 0.4071
vn -0.8819 0.3567 0.3082
vn -0.8832 0.3592 0.3016
vn -0.8832 0.3592 0.3014
vn -0.8832 0.3593 0.3014
vn -0.8965 0.3250 0.3012
vn -0.8965 0.3250 0.3012
vn -0.9095 0.2220 0.3516
vn -0.8965 0.3250 0.3012
vn -0.8833 0.3593 0.3011
vn -0.8834 0.3595 0.3007
vn -0.8835 0.3599 0.2997
vn -0.8842 0.3613 0.2959
vn -0.8855 0.3643 0.2883
vn -0.8904 0.3743 0.2588
vn -0.9015 0.3720 0.2214
vn -0.8989 0.0542 0.4347
vn -0.8936 0.0076 0.4489
vn -0.8913 0.0735 0.4474
vn -0.8883 -0.0270 0.4585
vn -0.8861 0.0472 0.4611
vn -0.8757 0.0024 0.4828
vn -0.8841 -0.0511 0.4646
vn -0.8812 -0.0657 0.4681
vn -0.8774 -0.0831 0.4724
vn -0.8918 -0.0809 0.4451
vn -0.8693 0.2288 0.4382
vn -0.8663 0.3388 0.3671
vn -0.8653 -0.0368 0.5000
vn -0.8563 -0.0645 0.5124
vn -0.8439 -0.1020 0.5267
vn -0.8227 -0.1561 0.5466
vn -0.8059 -0.1907 0.5605
vn -0.7835 -0.2364 0.5746
vn -0.7536 -0.2940 0.5880
vn -0.7063 -0.3672 0.6052
vn -0.6305 -0.4630 0.6230
vn -0.5991 -0.5000 0.6253
vn -0.8351 -0.0214 0.5497
vn -0.8237 0.0374 0.5658
vn -0.8329 0.0681 0.5492
vn -0.8517 0.0802 0.5179
vn -0.8702 0.0820 0.4858
vn -0.8843 0.0802 0.4600
vn -0.8931 0.0775 0.4432
vn -0.8725 0.0281 0.4877
vn -0.8716 0.0134 0.4901
vn -0.8974 0.0231 0.4407
vn -0.8939 -0.0228 0.4477
vn -0.9108 -0.0535 0.4093
vn -0.8892 -0.0686 0.4524
vn -0.8758 -0.0041 0.4826
vn -0.8975 -0.1254 0.4228
vn -0.8845 -0.1724 0.4335
vn -0.8864 -0.1035 0.4512
vn -0.8782 -0.2422 0.4124
vn -0.8679 -0.3087 0.3891
vn -0.8613 -0.2695 0.4306
vn -0.8755 -0.1945 0.4424
vn -0.8437 -0.3380 0.4170
vn -0.8515 -0.2730 0.4476
vn -0.8607 -0.2385 0.4498
vn -0.8700 -0.1976 0.4517
vn -0.8302 -0.3402 0.4416
vn -0.8420 -0.3048 0.4451
vn -0.8376 -0.2876 0.4645
vn -0.8565 -0.2255 0.4643
vn -0.8166 -0.3443 0.4632
vn -0.8218 -0.3633 0.4389
vn -0.8140 -0.3129 0.4893
vn -0.8365 -0.2558 0.4846
vn -0.8555 -0.1982 0.4783
vn -0.8715 -0.1643 0.4621
vn -0.8748 -0.1734 0.4524
vn -0.8710 -0.1409 0.4706
vn -0.8556 -0.1534 0.4944
vn -0.8710 -0.1038 0.4802
vn -0.8375 -0.2023 0.5076
vn -0.8832 -0.0824 0.4616
vn -0.8824 -0.1058 0.4584
vn -0.8842 -0.0510 0.4643
vn -0.8932 -0.0143 0.4494
vn -0.8912 -0.0353 0.4522
vn -0.8953 0.0078 0.4453
vn -0.8833 -0.0174 0.4684
vn -0.8960 0.0246 0.4434
vn -0.8697 -0.0550 0.4906
vn -0.8778 0.0142 0.4788
vn -0.8925 0.0339 0.4498
vn -0.8645 -0.0013 0.5026
vn -0.8549 -0.0896 0.5109
vn -0.8512 -0.0151 0.5247
vn -0.8387 -0.1233 0.5305
vn -0.8372 -0.0281 0.5462
vn -0.8194 -0.1590 0.5507
vn -0.8217 -0.0414 0.5684
vn -0.8152 -0.2542 0.5203
vn -0.7818 -0.3821 0.4927
vn -0.7848 -0.3158 0.5332
vn -0.7941 -0.2022 0.5731
vn -0.7617 -0.3578 0.5401
vn -0.7755 -0.2321 0.5871
vn -0.7528 -0.4360 0.4931
vn -0.7866 -0.4123 0.4596
vn -0.6673 -0.6071 0.4315
vn -0.6945 -0.5675 0.4422
vn -0.7197 -0.4908 0.4912
vn -0.7361 -0.4055 0.5419
vn -0.7372 -0.3995 0.5449
vn -0.7290 -0.4043 0.5524
vn -0.6395 -0.6507 0.4093
vn -0.6393 -0.6508 0.4096
vn -0.5922 -0.6643 0.4562
vn -0.5921 -0.6643 0.4563
vn -0.7120 -0.5443 0.4436
vn -0.7191 -0.5667 0.4023
vn -0.7460 -0.5624 0.3567
vn -0.6985 -0.6298 0.3398
vn -0.6976 -0.6301 0.3410
vn -0.5321 -0.8061 0.2588
vn -0.5267 -0.7982 0.2923
vn -0.5189 -0.7872 0.3333
vn -0.7637 -0.6065 0.2213
vn -0.7729 -0.5954 0.2194
vn -0.7713 -0.5963 0.2226
vn -0.7696 -0.5984 0.2226
vn -0.7666 -0.6025 0.2222
vn -0.7613 -0.6096 0.2208
vn -0.7533 -0.6203 0.2185
vn -0.7418 -0.6352 0.2152
vn -0.7260 -0.6546 0.2106
vn -0.6998 -0.6849 0.2029
vn -0.6588 -0.7278 0.1905
vn -0.5421 -0.8261 0.1540
vn -0.5410 -0.8227 0.1746
vn -0.7240 -0.5992 0.3417
vn -0.8038 -0.5141 0.2994
vn -0.8703 -0.4264 0.2463
vn -0.7647 -0.6061 0.2189
vn -0.8192 -0.4117 0.3993
vn -0.7909 -0.4796 0.3801
vn -0.7115 -0.6172 0.3359
vn -0.6540 -0.6570 0.3750
vn -0.7927 -0.4329 0.4291
vn -0.8025 -0.4110 0.4325
vn -0.8312 -0.4461 0.3318
vn -0.8508 -0.3835 0.3594
vn -0.8004 -0.5995 -0.0015
vn -0.3629 -0.9307 -0.0457
vn -0.3629 -0.9307 -0.0457
vn -0.8004 -0.5995 -0.0016
vn -0.8090 -0.5878 -0.0023
vn -0.5148 -0.8465 -0.1356
vn -0.5511 -0.8344 -0.0059
vn -0.6456 -0.7637 0.0013
vn -0.6456 -0.7637 0.0013
vn -0.5489 -0.8359 -0.0052
vn -0.6456 -0.7637 0.0013
vn -0.5419 -0.8404 -0.0050
vn -0.6824 -0.7310 -0.0032
vn -0.7307 -0.6827 -0.0023
vn -0.7605 -0.6493 -0.0022
vn -0.7771 -0.6293 -0.0020
vn -0.7893 -0.6140 -0.0018
vn -0.7977 -0.6030 -0.0017
vn -0.8032 -0.5957 -0.0015
vn -0.8065 -0.5913 -0.0018
vn -0.8082 -0.5890 -0.0022
vn -0.6644 -0.7419 -0.0898
vn -0.7882 -0.5834 -0.1959
vn -0.7854 -0.5830 -0.2079
vn -0.7122 -0.5799 -0.3956
vn -0.5917 -0.7336 -0.3343
vn -0.4796 -0.8348 -0.2704
vn -0.5153 -0.8458 -0.1384
vn -0.7089 -0.5803 -0.4009
vn -0.4887 -0.7327 -0.4736
vn -0.3918 -0.8384 -0.3789
vn -0.4790 -0.8347 -0.2716
vn -0.2652 -0.8380 -0.4769
vn -0.2658 -0.8380 -0.4766
vn -0.2991 -0.8396 -0.4534
vn -0.3138 -0.8399 -0.4429
vn -0.3146 -0.8399 -0.4423
vn -0.3147 -0.8398 -0.4423
vn -0.3148 -0.8399 -0.4422
vn -0.3148 -0.8399 -0.4422
vn -0.3149 -0.8399 -0.4421
vn -0.3155 -0.8399 -0.4417
vn -0.3168 -0.8398 -0.4408
vn -0.3205 -0.8398 -0.4382
vn -0.2135 -0.8993 -0.3817
vn -0.2534 -0.9087 -0.3316
vn -0.2955 -0.9119 -0.2849
vn -0.3407 -0.9086 -0.2415
vn -0.3753 -0.9023 -0.2120
vn -0.3901 -0.8988 -0.1998
vn -0.4348 -0.8874 -0.1530
vn -0.4317 -0.8939 -0.1206
vn -0.4285 -0.8963 -0.1145
vn -0.6323 0.4112 -0.6566
vn -0.6160 0.4133 -0.6706
vn -0.6089 0.4142 -0.6765
vn -0.6105 0.4146 -0.6749
vn -0.6175 0.4135 -0.6691
vn -0.6333 0.4112 -0.6556
vn -0.6532 0.4100 -0.6365
vn -0.6533 0.4099 -0.6365
vn 0.3750 0.9025 0.2118
vn 0.3405 0.9087 0.2413
vn 0.2951 0.9121 0.2846
vn 0.3984 0.8324 0.3853
vn 0.4801 0.8339 0.2722
vn 0.4807 0.8339 0.2710
vn 0.5319 0.8347 0.1429
vn 0.4282 0.8964 0.1145
vn 0.4314 0.8941 0.1205
vn 0.4345 0.8876 0.1529
vn 0.3899 0.8990 0.1996
vn -0.8551 0.4599 -0.2393
vn -0.8550 0.4599 -0.2396
vn -0.8619 0.3689 0.3480
vn -0.8627 0.3698 0.3450
vn -0.8286 0.3388 0.4457
vn -0.6098 0.1944 0.7683
vn -0.6122 0.1957 0.7661
vn -0.8298 0.3398 0.4427
vn -0.4070 -0.9087 -0.0928
vn -0.3669 -0.9271 -0.0763
vn -0.3640 -0.9283 -0.0757
vn -0.3688 -0.9283 -0.0481
vn -0.4064 -0.9127 -0.0422
vn -0.2174 0.0057 0.9761
vn -0.2174 0.0057 0.9761
vn -0.1864 -0.0087 0.9824
vn 0.2595 -0.1633 0.9518
vn 0.2637 -0.1647 0.9504
vn -0.1880 -0.0064 0.9821
vn -0.3226 -0.9436 -0.0739
vn -0.2995 -0.9508 -0.0795
vn -0.2393 -0.9689 -0.0632
vn -0.1931 -0.9803 -0.0408
vn -0.2345 -0.9721 -0.0082
vn -0.3430 -0.9362 0.0766
vn -0.3655 -0.9261 0.0937
vn -0.2053 -0.9765 -0.0662
vn -0.2615 -0.9598 -0.1024
vn -0.2261 -0.9658 -0.1268
vn -0.1434 -0.9865 -0.0796
vn -0.1547 -0.9855 -0.0702
vn -0.6879 0.1719 -0.7051
vn -0.6954 0.1661 -0.6991
vn -0.7025 0.1597 -0.6935
vn -0.7007 0.1596 -0.6953
vn -0.6937 0.1660 -0.7009
vn -0.6862 0.1714 -0.7069
vn -0.7080 0.1547 -0.6891
vn -0.7080 0.1546 -0.6891
vn -0.7029 0.1573 -0.6937
vn -0.7039 0.1574 -0.6926
vn 0.1945 0.9801 0.0396
vn 0.1547 0.9855 0.0702
vn 0.2071 0.9761 0.0660
vn 0.2392 0.9689 0.0632
vn 0.1427 0.9866 0.0792
vn 0.2264 0.9657 0.1270
vn 0.2619 0.9596 0.1026
vn 0.2998 0.9507 0.0796
vn 0.1123 0.9880 0.1064
vn 0.1771 0.9695 0.1695
vn 0.2156 0.9671 0.1352
vn 0.6707 -0.2574 0.6957
vn 0.6810 -0.2501 0.6882
vn 0.6840 -0.2483 0.6859
vn 0.6854 -0.2485 0.6845
vn 0.6827 -0.2503 0.6865
vn 0.6732 -0.2579 0.6930
vn 0.6946 -0.2452 0.6763
vn 0.6947 -0.2451 0.6763
vn -0.2153 -0.9672 -0.1350
vn -0.1767 -0.9696 -0.1691
vn -0.1122 -0.9880 -0.1064
vn 0.5517 -0.2409 0.7985
vn 0.5556 -0.2418 0.7955
vn 0.7025 -0.2485 0.6669
vn 0.7039 -0.2484 0.6655
vn -0.0817 -0.9863 -0.1433
vn -0.1435 -0.9674 -0.2085
vn -0.1292 -0.9648 -0.2291
vn 0.7079 -0.2522 0.6597
vn 0.7133 -0.2577 0.6518
vn 0.7107 -0.2581 0.6545
vn 0.7061 -0.2523 0.6617
vn 0.1294 0.9647 0.2295
vn 0.1438 0.9673 0.2090
vn 0.0817 0.9863 0.1434
vn 0.0862 0.9462 0.3120
vn 0.1125 0.9601 0.2562
vn 0.0722 0.9849 0.1574
vn 0.0454 0.9784 0.2016
vn 0.0700 0.9462 0.3160
vn 0.9341 -0.1859 0.3049
vn 0.9580 -0.1657 0.2339
vn 0.9568 -0.1670 0.2380
vn 0.9307 -0.1919 0.3113
vn 0.2132 0.8996 0.3812
vn 0.2129 0.8995 0.3816
vn 0.1673 0.8884 0.4275
vn 0.1349 0.8949 0.4253
vn 0.1066 0.9097 0.4013
vn 0.0891 0.9279 0.3620
vn 0.0855 0.9443 0.3179
vn 0.1173 0.8356 0.5367
vn 0.2694 0.8322 0.4846
vn 0.2701 0.8322 0.4843
vn -0.0434 0.8343 0.5495
vn 0.1159 0.8356 0.5370
vn -0.0235 0.9463 0.3223
vn -0.0249 0.9456 0.3245
vn 0.0305 0.9733 0.2277
vn -0.0219 0.9473 0.3195
vn -0.7474 0.2090 -0.6307
vn -0.7390 0.2014 -0.6429
vn -0.7386 0.2009 -0.6435
vn -0.7381 0.2004 -0.6442
vn -0.7347 0.2017 -0.6477
vn -0.7351 0.2022 -0.6471
vn -0.7356 0.2027 -0.6464
vn -0.7444 0.2104 -0.6338
vn -0.7240 0.1785 -0.6663
vn -0.7208 0.1791 -0.6696
vn -0.0699 -0.9463 -0.3156
vn 0.0234 -0.9465 -0.3219
vn 0.0219 -0.9474 -0.3193
vn -0.0305 -0.9734 -0.2271
vn -0.0453 -0.9785 -0.2011
vn 0.0249 -0.9456 -0.3244
vn -0.1171 -0.8359 -0.5362
vn -0.0721 -0.9849 -0.1571
vn -0.1123 -0.9602 -0.2558
vn -0.0863 -0.9463 -0.3116
vn -0.2014 -0.8407 -0.5026
vn -0.0855 -0.9443 -0.3178
vn -0.0892 -0.9278 -0.3622
vn -0.1067 -0.9095 -0.4018
vn -0.1351 -0.8947 -0.4258
vn -0.1675 -0.8881 -0.4280
vn -0.2131 -0.8992 -0.3821
vn -0.6918 0.4146 -0.5912
vn -0.6916 0.4146 -0.5915
vn -0.6728 0.4116 -0.6148
vn -0.6719 0.4115 -0.6158
vn -0.6901 0.4149 -0.5930
vn -0.6902 0.4149 -0.5928
vn -0.2606 0.4580 -0.8499
vn -0.2609 0.4580 -0.8498
vn 0.3281 0.3646 -0.8714
vn 0.3251 0.3655 -0.8722
vn 0.7516 0.1905 -0.6315
vn 0.7493 0.1918 -0.6338
vn 0.9697 0.0021 -0.2442
vn 0.9697 0.0022 -0.2444
vn 0.3049 0.8327 0.4622
vn 0.3200 0.8327 0.4518
vn 0.3209 0.8327 0.4512
vn 0.3210 0.8327 0.4511
vn 0.3210 0.8327 0.4511
vn 0.3211 0.8327 0.4511
vn 0.3212 0.8327 0.4510
vn 0.3218 0.8327 0.4506
vn 0.3232 0.8327 0.4496
vn 0.3269 0.8327 0.4470
vn 0.2532 0.9090 0.3312
vn 0.3872 0.6016 0.6987
vn 0.5736 0.6011 0.5565
vn 0.6949 0.6022 0.3929
vn 0.7059 0.1744 0.6865
vn 0.3845 0.6016 0.7002
vn 0.4729 0.1750 0.8636
vn 0.6980 0.6022 0.3876
vn 0.7059 0.1744 0.6865
vn 0.8605 0.1739 0.4789
vn 0.8592 -0.1774 0.4799
vn 0.8596 -0.1774 0.4791
vn 0.7745 0.6027 0.1923
vn 0.7715 0.6026 0.2042
vn 0.9556 0.1735 0.2381
vn 0.9543 -0.1779 0.2401
vn 0.9547 -0.1779 0.2385
vn 0.7943 -0.4137 0.4449
vn 0.8827 -0.4141 0.2221
vn 0.7937 -0.4137 0.4460
vn 0.8823 -0.4142 0.2235
vn -0.2967 -0.9107 -0.2874
vn -0.2968 -0.9107 -0.2873
vn -0.3617 -0.9105 -0.2006
vn -0.2968 -0.9107 -0.2873
vn 0.2964 0.9109 0.2871
vn -0.3617 -0.9105 -0.2006
vn -0.4017 -0.9104 -0.0993
vn -0.4018 -0.9102 -0.1000
vn 0.9100 -0.4144 -0.0138
vn 0.9100 -0.4144 -0.0141
vn 0.9100 -0.4144 -0.0145
vn 0.9100 -0.4144 -0.0146
vn 0.9765 -0.2149 -0.0162
vn 0.9839 -0.1782 -0.0162
vn 0.9503 -0.3067 -0.0536
vn 0.9113 -0.3999 -0.0980
vn 0.8851 -0.4095 -0.2211
vn 0.9054 -0.4242 -0.0166
vn 0.9096 -0.4134 -0.0414
vn 0.9237 -0.3771 -0.0682
vn 0.9059 -0.4234 -0.0039
vn 0.9257 -0.3784 -0.0011
vn 0.9112 -0.4116 0.0178
vn 0.9086 -0.4113 -0.0721
vn 0.9214 -0.3883 0.0167
vn 0.9033 -0.3692 -0.2184
vn 0.9038 -0.3730 -0.2099
vn 0.9040 -0.3743 -0.2068
vn 0.9040 -0.3749 -0.2056
vn 0.9040 -0.3751 -0.2050
vn 0.9040 -0.3752 -0.2050
vn 0.9040 -0.3752 -0.2049
vn 0.9040 -0.3753 -0.2046
vn 0.9041 -0.3755 -0.2042
vn 0.9041 -0.3759 -0.2032
vn 0.9046 -0.3830 -0.1870
vn 0.9054 -0.3943 -0.1576
vn 0.9090 -0.4107 -0.0706
vn 0.9094 -0.4121 -0.0566
vn 0.9072 -0.3750 -0.1906
vn 0.9742 -0.1688 -0.1500
vn 0.9243 -0.0728 -0.3746
vn 0.9420 -0.0937 -0.3224
vn 0.9133 -0.2624 -0.3116
vn 0.8998 -0.3531 -0.2563
vn 0.9090 -0.1693 -0.3809
vn 0.8485 0.0396 -0.5277
vn 0.8290 0.0055 -0.5592
vn 0.9041 -0.0537 -0.4240
vn 0.8691 0.0560 -0.4915
vn 0.8916 -0.3357 -0.3039
vn 0.8891 -0.3324 -0.3148
vn 0.8891 -0.3323 -0.3149
vn 0.8949 -0.3246 -0.3064
vn 0.8949 -0.3246 -0.3064
vn 0.9066 -0.2169 -0.3621
vn 0.9066 -0.2169 -0.3621
vn 0.8949 -0.3246 -0.3064
vn 0.8949 -0.3246 -0.3064
vn 0.8890 -0.3323 -0.3149
vn 0.8890 -0.3323 -0.3149
vn 0.8890 -0.3323 -0.3149
vn 0.8890 -0.3323 -0.3151
vn 0.8889 -0.3322 -0.3153
vn 0.8888 -0.3320 -0.3160
vn 0.8882 -0.3313 -0.3183
vn 0.8825 -0.3252 -0.3399
vn 0.9014 -0.1297 -0.4132
vn 0.8844 0.0640 -0.4623
vn 0.9072 -0.3750 -0.1907
vn 0.8715 -0.3177 -0.3735
vn 0.8699 -0.4275 -0.2461
vn 0.8683 -0.2333 -0.4378
vn 0.8927 0.0653 -0.4459
vn -0.2103 -0.9724 0.1012
vn -0.2074 -0.9724 0.1068
vn -0.2926 -0.9482 0.1239
vn -0.2554 -0.9443 0.2074
vn -0.3650 -0.9270 0.0864
vn -0.3649 -0.9270 0.0866
vn -0.2897 -0.9482 0.1307
vn -0.2926 -0.9482 0.1238
vn -0.3673 -0.9270 0.0753
vn -0.9024 0.3730 0.2156
vn -0.8715 0.4236 0.2469
vn -0.9072 0.3749 0.1910
vn -0.9072 0.3750 0.1907
vn -0.8909 0.4501 0.0609
vn -0.8999 0.4303 0.0710
vn -0.9087 0.4099 0.0791
vn -0.9046 0.3832 0.1867
vn -0.9039 0.3770 0.2023
vn -0.9038 0.3767 0.2032
vn -0.9038 0.3765 0.2036
vn -0.9038 0.3764 0.2038
vn -0.9037 0.3764 0.2039
vn -0.9037 0.3764 0.2039
vn -0.9037 0.3762 0.2044
vn -0.9036 0.3758 0.2055
vn -0.9033 0.3750 0.2082
vn -0.3674 -0.9270 0.0753
vn -0.4144 -0.9101 0.0076
vn -0.4144 -0.9101 0.0075
vn -0.0714 -0.1238 -0.9897
vn -0.4144 -0.9101 0.0076
vn -0.9100 0.4144 0.0141
vn -0.9106 0.3982 0.1108
vn -0.9139 0.4027 -0.0514
vn -0.9010 -0.0757 0.4271
vn -0.8761 0.1033 0.4710
vn -0.8260 0.3105 0.4705
vn -0.8259 0.3106 0.4705
vn -0.2447 -0.9549 0.1683
vn -0.2924 -0.9527 0.0827
vn -0.2165 -0.9577 0.1897
vn -0.2447 -0.9549 0.1684
vn -0.2563 -0.9552 0.1481
vn -0.2110 -0.9576 0.1960
vn -0.7153 0.2878 0.6368
vn -0.8310 0.2966 0.4706
vn -0.8007 0.2816 0.5288
vn -0.7680 0.2479 0.5905
vn -0.7559 0.2229 0.6156
vn -0.7534 0.2155 0.6212
vn -0.7175 0.2022 0.6666
vn -0.7176 0.2155 0.6623
vn -0.7346 0.3309 0.5923
vn -0.7176 0.2156 0.6623
vn -0.7177 0.2157 0.6622
vn -0.7178 0.2159 0.6620
vn -0.7180 0.2163 0.6616
vn -0.7184 0.2171 0.6609
vn -0.7193 0.2186 0.6595
vn -0.7211 0.2219 0.6564
vn -0.7237 0.2288 0.6511
vn -0.7255 0.2369 0.6461
vn -0.7250 0.2453 0.6436
vn -0.7229 0.2519 0.6434
vn -0.7202 0.2552 0.6451
vn -0.7139 0.2536 0.6527
vn -0.9087 -0.0581 0.4134
vn -0.8259 0.3105 0.4705
vn -0.8962 0.0773 0.4368
vn -0.9001 0.0766 0.4288
vn -0.9039 0.0750 0.4212
vn -0.9072 0.0718 0.4145
vn -0.9099 0.0621 0.4101
vn -0.9108 0.0514 0.4096
vn -0.9112 0.0355 0.4104
vn -0.9112 -0.0041 0.4119
vn -0.9114 -0.0046 0.4115
vn -0.9116 -0.0051 0.4110
vn -0.9121 -0.0060 0.4100
vn -0.9121 -0.0061 0.4099
vn -0.9121 -0.0062 0.4100
vn -0.9121 -0.0064 0.4099
vn -0.9122 -0.0069 0.4097
vn -0.9123 -0.0082 0.4094
vn -0.9124 -0.0107 0.4092
vn -0.9123 -0.0151 0.4092
vn -0.9120 -0.0232 0.4095
vn -0.9114 -0.0377 0.4098
vn -0.7391 0.2148 0.6385
vn -0.7504 0.1882 0.6336
vn -0.7379 0.2073 0.6423
vn -0.7370 0.1884 0.6491
vn -0.7371 0.1904 0.6484
vn -0.7959 0.1318 0.5910
vn -0.8497 0.0817 0.5209
vn -0.7959 0.1318 0.5910
vn -0.7959 0.1318 0.5910
vn -0.7371 0.1905 0.6484
vn -0.7371 0.1905 0.6483
vn -0.7372 0.1907 0.6483
vn -0.7372 0.1911 0.6480
vn -0.7374 0.1918 0.6477
vn -0.7375 0.1932 0.6471
vn -0.8516 0.0832 0.5176
vn -0.7364 0.1865 0.6503
vn -0.7386 0.1847 0.6484
vn -0.7382 0.1841 0.6489
vn -0.7380 0.1844 0.6491
vn -0.7380 0.1844 0.6492
vn -0.7379 0.1845 0.6492
vn -0.7378 0.1848 0.6492
vn -0.7375 0.1854 0.6494
vn -0.8474 0.0662 0.5268
vn -0.8139 0.1001 0.5723
vn -0.7354 0.1815 0.6529
vn -0.7433 0.1775 0.6450
vn -0.7186 0.1642 0.6758
vn -0.7184 0.1686 0.6749
vn -0.7356 0.1800 0.6531
vn -0.7365 0.1801 0.6520
vn -0.7370 0.1805 0.6514
vn -0.7190 0.1592 0.6765
vn -0.7176 0.1867 0.6709
vn -0.7180 0.1761 0.6734
vn -0.7195 0.1544 0.6771
vn -0.7199 0.1515 0.6773
vn -0.7202 0.1498 0.6774
vn -0.7169 0.1525 0.6803
vn -0.7134 0.1666 0.6807
vn -0.7091 0.1933 0.6781
vn -0.7362 0.1800 0.6523
vn -0.7350 0.1800 0.6538
vn -0.7346 0.1805 0.6540
vn -0.7486 0.1624 0.6429
vn -0.7521 0.1567 0.6401
vn -0.7513 0.1558 0.6413
vn -0.7536 0.1516 0.6396
vn -0.7550 0.1316 0.6423
vn -0.7397 0.1562 0.6545
vn -0.7527 0.1505 0.6409
vn -0.7511 0.1373 0.6458
vn -0.7233 0.1477 0.6745
vn -0.7119 0.1893 0.6763
vn -0.7207 0.2081 0.6612
vn -0.7448 -0.0582 0.6648
vn -0.7556 0.0747 0.6508
vn -0.7609 -0.0016 0.6489
vn -0.7634 -0.0667 0.6425
vn -0.8292 0.0722 0.5543
vn -0.7791 0.3000 0.5505
vn -0.7314 0.2387 0.6388
vn -0.7400 0.1997 0.6422
vn -0.7423 0.1810 0.6452
vn -0.7410 0.1718 0.6492
vn -0.7367 0.1751 0.6531
vn -0.7319 0.1817 0.6568
vn -0.7273 0.1878 0.6601
vn -0.7251 0.1906 0.6617
vn -0.7241 0.1920 0.6624
vn -0.7236 0.1927 0.6628
vn -0.7233 0.1930 0.6630
vn -0.7232 0.1932 0.6631
vn -0.7231 0.1932 0.6631
vn -0.7231 0.1934 0.6632
vn -0.7232 0.1932 0.6631
vn -0.7232 0.1930 0.6632
vn -0.7447 -0.0687 0.6638
vn -0.7638 -0.0890 0.6393
vn -0.7565 -0.2620 0.5993
vn -0.6909 -0.3970 0.6042
vn -0.8016 -0.2929 0.5212
vn -0.6864 -0.4106 0.6002
vn -0.5543 -0.6706 0.4931
vn -0.5065 -0.7674 0.3932
vn -0.5021 -0.7563 0.4193
vn -0.5053 -0.7335 0.4546
vn -0.5963 -0.6981 0.3963
vn -0.4765 -0.7657 0.4321
vn -0.4526 -0.8568 0.2469
vn -0.3441 -0.9175 0.1993
vn -0.3712 -0.8602 0.3496
vn -0.3870 -0.9155 0.1101
vn -0.4003 -0.9082 0.1219
vn -0.4160 -0.8971 0.1488
vn -0.4138 -0.8938 0.1726
vn -0.3930 -0.9009 0.1843
vn -0.3592 -0.9154 0.1818
vn -0.3467 -0.9208 0.1785
vn -0.1764 -0.9746 0.1377
vn -0.2595 -0.9471 0.1891
vn -0.3185 -0.9204 0.2268
vn -0.3382 -0.9081 0.2469
vn -0.3423 -0.9022 0.2623
vn -0.3272 -0.9065 0.2668
vn -0.2973 -0.9187 0.2599
vn -0.2634 -0.9333 0.2442
vn -0.2320 -0.9465 0.2245
vn -0.1406 -0.9759 0.1669
vn -0.1464 -0.9703 0.1925
vn -0.1721 -0.9627 0.2090
vn -0.1868 -0.9572 0.2210
vn -0.1904 -0.9550 0.2275
vn -0.3264 -0.8913 0.3147
vn -0.1454 -0.9824 0.1171
vn -0.3214 -0.9317 0.1690
vn -0.2888 -0.9455 0.1505
vn -0.1777 -0.9812 0.0748
vn -0.1585 -0.9855 0.0599
vn 0.0515 0.1750 0.9832
vn 0.1725 0.1247 0.9771
vn 0.4601 0.0023 0.8879
vn 0.4612 0.0018 0.8873
vn 0.1867 0.1187 0.9752
vn 0.0461 0.1771 0.9831
vn -0.3932 0.3458 0.8519
vn -0.3992 0.3477 0.8484
vn -0.7698 0.4448 0.4578
vn -0.7702 0.4449 0.4570
vn -0.9089 0.4054 -0.0973
vn -0.9091 0.4062 -0.0929
vn 0.5411 0.8228 -0.1741
vn 0.5324 0.8065 -0.2572
vn 0.5268 0.7984 -0.2916
vn 0.4533 0.8566 -0.2466
vn 0.3458 0.9169 -0.1994
vn 0.3483 0.9201 -0.1789
vn 0.3592 0.9154 -0.1818
vn 0.3930 0.9009 -0.1843
vn 0.4138 0.8938 -0.1726
vn 0.4161 0.8971 -0.1488
vn 0.4003 0.9082 -0.1219
vn 0.3860 0.9160 -0.1093
vn -0.7706 0.2617 -0.5811
vn -0.7728 0.2631 -0.5775
vn -0.6627 0.1834 -0.7261
vn -0.6570 0.1856 -0.7307
vn -0.6522 0.1872 -0.7346
vn -0.6543 0.1885 -0.7324
vn -0.6597 0.1867 -0.7280
vn -0.6650 0.1844 -0.7237
vn 0.3685 0.9284 0.0481
vn 0.4079 0.9121 0.0419
vn 0.3669 0.9254 -0.0948
vn 0.3430 0.9362 -0.0766
vn 0.2344 0.9721 0.0082
vn 0.5511 0.8344 0.0059
vn 0.5422 0.8264 -0.1520
vn 0.5325 0.8347 0.1403
vn 0.3638 0.9284 0.0756
vn 0.3669 0.9271 0.0763
vn 0.4067 0.9088 0.0928
vn 0.3229 0.9435 0.0739
vn 0.8006 0.5993 0.0014
vn 0.7660 0.6055 -0.2162
vn 0.7648 0.6059 -0.2190
vn 0.9848 0.1731 -0.0173
vn 0.9136 0.4056 -0.0295
vn 0.8841 0.4035 -0.2358
vn 0.8734 0.4215 -0.2440
vn 0.9809 0.1196 -0.1536
vn 0.9618 0.2118 -0.1736
vn 0.8854 0.4012 -0.2349
vn 0.9930 0.1169 -0.0183
vn 0.8052 0.5126 -0.2982
vn 0.9049 0.2270 -0.3601
vn 0.8701 0.2992 -0.3916
vn 0.9371 0.1080 -0.3319
vn 0.8997 0.0320 -0.4354
vn 0.8923 0.0854 -0.4434
vn 0.8864 0.1247 -0.4458
vn 0.8326 -0.0678 -0.5496
vn 0.8512 -0.0801 -0.5187
vn 0.8699 -0.0820 -0.4864
vn 0.8841 -0.0802 -0.4603
vn 0.8818 0.1480 -0.4477
vn 0.8468 0.3277 -0.4189
vn 0.8931 -0.0775 -0.4432
vn 0.8903 0.0566 -0.4518
vn 0.8784 0.1533 -0.4527
vn 0.8780 0.1558 -0.4527
vn 0.8600 0.2411 -0.4497
vn 0.8346 0.3277 -0.4429
vn 0.8339 0.3296 -0.4427
vn 0.8897 0.0504 -0.4538
vn 0.8754 0.1453 -0.4611
vn 0.8559 0.2276 -0.4643
vn 0.8756 0.1202 -0.4679
vn 0.8548 0.2003 -0.4787
vn 0.8911 0.0313 -0.4527
vn 0.8963 -0.0772 -0.4367
vn 0.9002 -0.0765 -0.4287
vn 0.9103 0.0028 -0.4139
vn 0.9112 -0.0361 -0.4104
vn 0.9108 -0.0517 -0.4096
vn 0.9099 -0.0621 -0.4101
vn 0.9072 -0.0717 -0.4145
vn 0.9039 -0.0750 -0.4211
vn 0.8996 0.0616 -0.4323
vn 0.9057 0.0460 -0.4213
vn 0.9083 0.0296 -0.4172
vn 0.9094 0.0177 -0.4156
vn 0.8926 0.0081 -0.4507
vn 0.8927 -0.0129 -0.4505
vn 0.8761 0.0841 -0.4747
vn 0.8749 0.0410 -0.4826
vn 0.8542 0.0905 -0.5120
vn 0.8547 0.1550 -0.4954
vn 0.8273 0.2261 -0.5143
vn 0.8267 0.2813 -0.4873
vn 0.8297 0.1396 -0.5405
vn 0.7901 0.3045 -0.5319
vn 0.7859 0.3734 -0.4930
vn 0.7985 0.1940 -0.5699
vn 0.7376 0.3977 -0.5457
vn 0.7362 0.4055 -0.5419
vn 0.7199 0.4899 -0.4917
vn 0.7566 0.2605 -0.5997
vn 0.8302 0.0345 -0.5565
vn 0.8039 0.0567 -0.5920
vn 0.7638 0.0896 -0.6392
vn 0.7448 0.0629 -0.6643
vn 0.6947 0.3852 -0.6075
vn 0.6909 0.3970 -0.6042
vn 0.7294 0.4044 -0.5518
vn 0.7635 0.0715 -0.6418
vn 0.7558 -0.0725 -0.6508
vn 0.8032 -0.0083 -0.5957
vn 0.8006 -0.0624 -0.5959
vn 0.7511 -0.1372 -0.6458
vn 0.7233 -0.1478 -0.6745
vn 0.7448 0.0592 -0.6647
vn 0.7906 -0.0645 -0.6090
vn 0.7554 -0.1449 -0.6390
vn 0.7170 -0.1525 -0.6802
vn 0.7516 -0.2019 -0.6280
vn 0.7503 -0.1875 -0.6340
vn 0.7503 -0.1837 -0.6351
vn 0.7504 -0.1814 -0.6356
vn 0.7504 -0.1807 -0.6358
vn 0.7503 -0.1803 -0.6360
vn 0.7504 -0.1803 -0.6360
vn 0.7972 -0.1538 -0.5838
vn 0.7972 -0.1538 -0.5838
vn 0.8533 -0.1056 -0.5106
vn 0.7972 -0.1538 -0.5838
vn 0.7972 -0.1538 -0.5838
vn 0.7504 -0.1803 -0.6360
vn 0.7503 -0.1803 -0.6360
vn 0.7503 -0.1803 -0.6360
vn 0.7504 -0.1795 -0.6362
vn 0.7503 -0.1776 -0.6368
vn 0.7504 -0.1760 -0.6372
vn 0.7505 -0.1750 -0.6373
vn 0.7505 -0.1745 -0.6374
vn 0.7505 -0.1743 -0.6374
vn 0.7509 -0.1767 -0.6363
vn 0.8197 -0.0615 -0.5694
vn 0.8340 -0.0255 -0.5511
vn 0.8560 -0.0248 -0.5163
vn 0.8806 -0.0220 -0.4733
vn 0.7325 -0.2003 -0.6506
vn 0.7534 -0.2156 -0.6212
vn 0.7175 -0.2021 -0.6666
vn 0.7231 -0.1933 -0.6632
vn 0.7134 -0.1666 -0.6807
vn 0.7119 -0.1893 -0.6763
vn 0.7091 -0.1933 -0.6781
vn 0.7176 -0.2155 -0.6623
vn 0.7139 -0.2537 -0.6527
vn 0.7202 -0.2552 -0.6452
vn 0.7229 -0.2519 -0.6434
vn 0.7249 -0.2453 -0.6437
vn 0.7250 -0.2372 -0.6466
vn 0.7241 -0.2285 -0.6507
vn 0.7211 -0.2219 -0.6564
vn 0.7193 -0.2186 -0.6594
vn 0.7184 -0.2170 -0.6609
vn 0.7180 -0.2163 -0.6616
vn 0.7178 -0.2159 -0.6620
vn 0.7177 -0.2157 -0.6621
vn 0.7176 -0.2156 -0.6622
vn 0.7176 -0.2156 -0.6623
vn 0.7176 -0.2156 -0.6622
vn 0.7176 -0.2156 -0.6623
vn 0.7176 -0.2155 -0.6623
vn 0.7176 -0.2155 -0.6623
vn 0.7176 -0.2155 -0.6623
vn 0.7176 -0.2155 -0.6623
vn 0.7558 -0.2227 -0.6157
vn 0.7678 -0.2476 -0.5909
vn 0.8006 -0.2816 -0.5289
vn 0.8310 -0.2966 -0.4706
vn 0.7153 -0.2878 -0.6368
vn 0.8237 -0.0373 -0.5658
vn 0.8823 -0.0415 -0.4689
vn 0.8850 -0.0356 -0.4642
vn 0.8620 -0.0459 -0.5048
vn 0.8650 -0.0262 -0.5010
vn 0.8445 -0.0506 -0.5332
vn 0.8472 -0.0201 -0.5308
vn 0.8257 -0.0558 -0.5613
vn 0.8282 -0.0148 -0.5602
vn 0.8506 0.0158 -0.5256
vn 0.8693 -0.0038 -0.4943
vn 0.8887 -0.0284 -0.4577
vn 0.5913 -0.3466 0.7282
vn 0.6769 -0.0696 0.7328
vn 0.0681 -0.9315 0.3572
vn -0.4483 -0.8660 -0.2216
vn -0.4523 -0.8626 -0.2267
vn -0.4645 -0.8576 -0.2208
vn -0.4612 -0.8605 -0.2163
vn -0.7338 0.1805 0.6549
vn -0.4499 -0.8624 -0.2319
vn -0.4471 -0.8649 -0.2284
vn -0.4499 -0.8633 -0.2288
vn -0.4532 -0.8604 -0.2333
vn 0.7230 -0.1934 -0.6632
vn 0.7231 -0.1933 -0.6631
vn 0.7231 -0.1933 -0.6632
vn 0.7230 -0.1933 -0.6632
vn 0.7231 -0.1933 -0.6632
vn 0.7231 -0.1933 -0.6632
vn 0.7231 -0.1933 -0.6632
vn 0.7231 -0.1933 -0.6632
vn 0.7231 -0.1932 -0.6632
vn 0.7231 -0.1933 -0.6632
vn 0.7231 -0.1932 -0.6631
vn 0.7231 -0.1932 -0.6631
vn 0.7231 -0.1932 -0.6631
vn 0.7232 -0.1931 -0.6631
vn 0.7233 -0.1930 -0.6630
vn 0.7236 -0.1927 -0.6628
vn 0.7241 -0.1920 -0.6624
vn 0.7252 -0.1906 -0.6617
vn 0.7273 -0.1878 -0.6601
vn 0.7319 -0.1818 -0.6568
vn 0.7367 -0.1751 -0.6532
vn 0.7410 -0.1718 -0.6491
vn 0.7423 -0.1810 -0.6452
vn 0.7400 -0.1997 -0.6422
vn 0.7315 -0.2387 -0.6387
vn 0.7789 -0.2998 -0.5508
vn 0.8279 -0.0821 -0.5549
vn 0.0367 0.9689 -0.2447
vn 0.1373 0.9810 -0.1373
vn 0.0461 0.9693 -0.2414
vn -0.3846 0.6811 -0.6230
vn -0.2219 0.8466 -0.4838
vn 0.0283 0.9737 -0.2259
vn -0.3840 0.6801 -0.6245
vn -0.5905 -0.5500 -0.5906
vn -0.4280 -0.8807 -0.2030
vn 0.4704 -0.5585 0.6832
vn -0.4545 -0.8587 -0.2368
vn -0.4477 -0.8613 -0.2402
vn 0.4381 -0.6195 0.6513
vn -0.4485 -0.8616 -0.2375
vn -0.4500 -0.8577 -0.2485
vn -0.4487 -0.8615 -0.2376
vn -0.4490 -0.8616 -0.2365
vn -0.4191 -0.8861 -0.1980
vn -0.4488 -0.8573 -0.2524
vn -0.4482 -0.8617 -0.2380
vn -0.4488 -0.8615 -0.2375
vn -0.4485 -0.8614 -0.2386
vn -0.4403 -0.8686 -0.2276
vn -0.4484 -0.8615 -0.2383
vn -0.4415 -0.8675 -0.2290
vn -0.4481 -0.8615 -0.2388
vn -0.4411 -0.8676 -0.2295
vn -0.4475 -0.8617 -0.2394
vn -0.4405 -0.8678 -0.2300
vn -0.4463 -0.8619 -0.2408
vn -0.4391 -0.8682 -0.2311
vn -0.4437 -0.8624 -0.2436
vn -0.4363 -0.8690 -0.2334
vn -0.4383 -0.8635 -0.2495
vn -0.4302 -0.8707 -0.2384
vn -0.4323 -0.8647 -0.2558
vn -0.4236 -0.8724 -0.2438
vn -0.1838 -0.9817 0.0500
vn -0.1868 -0.9813 0.0465
vn 0.1571 -0.8890 0.4302
vn 0.1393 -0.9001 0.4128
vn 0.4445 -0.5713 0.6899
vn 0.4329 -0.5893 0.6821
vn 0.6296 -0.1264 0.7665
vn 0.6332 -0.1127 0.7657
vn 0.6848 0.2582 0.6814
vn 0.6847 0.2684 0.6775
vn 0.8414 -0.3347 -0.4243
vn 0.7287 -0.2380 -0.6422
vn 0.7255 -0.2359 -0.6465
vn 0.7225 -0.2326 -0.6511
vn 0.8339 -0.3329 -0.4403
vn 0.8400 -0.3347 -0.4271
vn 0.6280 0.6111 0.4819
vn 0.6263 0.6157 0.4783
vn 0.4618 0.8635 0.2028
vn 0.4758 0.8507 0.2234
vn -0.8392 0.3345 0.4288
vn -0.8339 0.3330 0.4401
vn -0.7225 0.2326 0.6511
vn -0.7255 0.2359 0.6465
vn -0.7287 0.2380 0.6421
vn -0.8407 0.3345 0.4259
vn 0.4649 0.8532 0.2364
vn 0.4573 0.8601 0.2260
vn -0.8463 0.2793 0.4537
vn -0.8169 0.2690 0.5102
vn -0.7469 0.2296 0.6241
vn -0.7129 0.2028 0.6713
vn -0.7193 0.2077 0.6629
vn -0.9345 0.2968 0.1963
vn -0.9386 0.2929 0.1821
vn -0.9133 0.3100 0.2640
vn -0.8718 0.2906 0.3944
vn -0.8554 0.3376 0.3929
vn -0.9151 0.3200 0.2454
vn -0.9221 0.3123 0.2285
vn -0.9237 0.3107 0.2240
vn -0.9256 0.3086 0.2191
vn -0.9294 0.3036 0.2097
vn -0.9353 0.2950 0.1956
vn -0.9360 0.2946 0.1927
vn -0.9908 0.1298 0.0383
vn -0.9908 0.1299 0.0384
vn -0.9851 0.1567 0.0706
vn -0.9365 0.2930 0.1926
vn -0.9433 0.2812 0.1764
vn -0.9498 0.2681 0.1610
vn -0.9561 0.2540 0.1463
vn -0.9621 0.2387 0.1322
vn -0.9677 0.2223 0.1187
vn -0.9703 0.2140 0.1129
vn -0.9712 0.2103 0.1121
vn -0.9715 0.2080 0.1137
vn -0.9787 0.1815 0.0964
vn -0.9844 0.1559 0.0815
vn -0.9856 0.1543 0.0692
vn 0.2963 0.9528 -0.0661
vn 0.2880 0.9558 -0.0587
vn 0.2872 0.9561 -0.0582
vn 0.2857 0.9561 -0.0655
vn 0.2874 0.9555 -0.0667
vn 0.2949 0.9528 -0.0726
vn 0.2766 0.9597 -0.0506
vn 0.2750 0.9596 -0.0587
vn 0.9366 -0.2936 -0.1910
vn 0.9852 -0.1563 -0.0703
vn 0.9858 -0.1530 -0.0685
vn 0.9847 -0.1546 -0.0809
vn 0.9785 -0.1821 -0.0968
vn 0.9715 -0.2081 -0.1137
vn 0.9712 -0.2103 -0.1121
vn 0.9703 -0.2140 -0.1129
vn 0.9677 -0.2223 -0.1188
vn 0.9620 -0.2387 -0.1322
vn 0.9561 -0.2540 -0.1463
vn 0.9498 -0.2682 -0.1610
vn 0.9433 -0.2811 -0.1764
vn 0.9365 -0.2930 -0.1926
vn 0.9359 -0.2939 -0.1940
vn 0.2646 0.9634 -0.0435
vn 0.2631 0.9633 -0.0525
vn 0.2513 0.9672 -0.0370
vn 0.2498 0.9672 -0.0467
vn 0.2367 0.9711 -0.0309
vn 0.2352 0.9711 -0.0413
vn 0.2208 0.9750 -0.0254
vn 0.2195 0.9749 -0.0364
vn 0.2364 0.9377 0.2546
vn 0.2358 0.9408 0.2434
vn 0.2341 0.7530 0.6150
vn 0.2344 0.7563 0.6109
vn 0.1952 0.4428 0.8751
vn 0.1977 0.4603 0.8655
vn 0.1252 0.0286 0.9917
vn 0.1268 0.0370 0.9912
vn 0.9149 -0.3201 -0.2460
vn 0.9221 -0.3123 -0.2286
vn 0.9300 -0.2829 -0.2348
vn 0.9348 -0.2636 -0.2379
vn 0.9397 -0.2455 -0.2381
vn 0.9435 -0.2334 -0.2354
vn 0.9508 -0.2218 -0.2164
vn 0.9572 -0.2108 -0.1982
vn 0.9632 -0.1984 -0.1811
vn 0.9688 -0.1848 -0.1650
vn 0.9740 -0.1699 -0.1497
vn 0.9785 -0.1563 -0.1348
vn 0.9783 -0.1619 -0.1295
vn 0.9775 -0.1710 -0.1236
vn 0.9756 -0.1851 -0.1180
vn 0.9486 0.2798 -0.1476
vn 0.9330 0.2216 -0.2837
vn 0.9549 -0.1253 -0.2693
vn -0.9561 0.1147 0.2697
vn -0.9263 -0.2487 0.2830
vn -0.9414 -0.3030 0.1483
vn -0.9756 0.1851 0.1180
vn -0.9775 0.1710 0.1236
vn -0.9783 0.1620 0.1295
vn -0.9785 0.1563 0.1348
vn -0.9740 0.1699 0.1497
vn -0.9688 0.1848 0.1650
vn -0.9632 0.1984 0.1811
vn -0.9572 0.2107 0.1982
vn -0.9508 0.2218 0.2164
vn -0.9435 0.2333 0.2354
vn -0.9397 0.2455 0.2381
vn -0.9348 0.2636 0.2379
vn -0.9300 0.2829 0.2347
vn 0.0508 -0.3780 0.9244
vn 0.0462 -0.3981 0.9162
vn -0.0296 -0.7272 0.6858
vn -0.0335 -0.7398 0.6720
vn -0.1077 -0.9438 0.3126
vn -0.1093 -0.9464 0.3040
vn -0.1681 -0.9855 0.0247
vn -0.1668 -0.9854 0.0333
vn -0.1823 -0.9828 0.0301
vn -0.1810 -0.9828 0.0378
vn -0.1952 -0.9801 0.0358
vn -0.1938 -0.9801 0.0430
vn -0.2066 -0.9775 0.0419
vn -0.2052 -0.9775 0.0484
vn -0.2164 -0.9751 0.0486
vn -0.2151 -0.9751 0.0544
vn -0.2850 -0.9337 -0.2167
vn -0.2814 -0.9392 -0.1970
vn -0.3418 -0.6999 -0.6272
vn -0.3413 -0.7195 -0.6048
vn -0.3157 -0.3102 -0.8967
vn -0.3179 -0.3229 -0.8914
vn -0.2115 0.1106 -0.9711
vn -0.2079 0.1220 -0.9705
vn -0.0702 0.4538 -0.8883
vn -0.0269 0.5466 -0.8370
vn 0.0715 0.7146 -0.6958
vn -0.0468 0.5050 -0.8619
vn -0.0702 0.4538 -0.8883
vn 0.0694 0.7110 -0.6997
vn 0.1905 0.8802 -0.4347
vn 0.1904 0.8800 -0.4351
vn 0.9345 -0.2968 -0.1963
vn 0.9294 -0.3036 -0.2097
vn 0.9256 -0.3086 -0.2191
vn 0.9237 -0.3107 -0.2240
vn 0.8551 -0.3376 -0.3936
vn -0.9050 0.1177 0.4088
vn -0.7121 -0.6565 0.2488
vn -0.7437 -0.6521 0.1473
vn -0.4103 -0.8649 0.2890
vn -0.4844 -0.8517 0.1998
vn -0.5057 -0.8532 0.1276
vn -0.2686 -0.9373 0.2223
vn -0.2873 -0.9440 0.1623
vn -0.1734 -0.9743 0.1436
vn -0.1721 -0.9798 0.1022
vn -0.5303 -0.8473 0.0297
vn -0.6274 -0.7780 0.0333
vn -0.7652 -0.6426 0.0390
vn -0.1807 -0.9834 0.0171
vn -0.2395 -0.9707 0.0173
vn -0.6339 -0.7734 0.0079
vn -0.2530 -0.9673 0.0169
vn -0.2533 -0.9672 0.0166
vn -0.8999 -0.4360 0.0011
vn -0.8954 -0.4434 0.0400
vn -0.2663 -0.9637 0.0165
vn -0.5406 -0.8412 0.0101
vn -0.6212 -0.7836 0.0081
vn -0.6210 -0.7838 0.0081
vn -0.6210 -0.7838 0.0081
vn -0.6211 -0.7837 0.0081
vn -0.6213 -0.7835 0.0081
vn -0.6217 -0.7832 0.0081
vn -0.6225 -0.7826 0.0081
vn -0.6242 -0.7812 0.0081
vn -0.6276 -0.7785 0.0080
vn -0.6352 -0.7723 0.0078
vn -0.6397 -0.7686 0.0077
vn -0.6597 -0.7515 0.0072
vn -0.7029 -0.7112 0.0062
vn -0.7695 -0.6386 0.0045
vn -0.8562 -0.5166 0.0022
vn -0.9002 -0.4355 0.0010
vn 0.7707 -0.6350 -0.0525
vn 0.7668 -0.6388 -0.0620
vn 0.7456 -0.6566 -0.1138
vn 0.7471 -0.6576 -0.0971
vn 0.7669 -0.6396 -0.0526
vn 0.7711 -0.6353 -0.0434
vn 0.7775 -0.6279 -0.0360
vn 0.7778 -0.6279 -0.0292
vn 0.6397 0.7686 -0.0077
vn 0.6356 0.7720 -0.0078
vn 0.6279 0.7782 -0.0080
vn 0.6245 0.7810 -0.0081
vn 0.6229 0.7823 -0.0081
vn 0.6221 0.7829 -0.0081
vn 0.6216 0.7833 -0.0081
vn 0.6215 0.7834 -0.0081
vn 0.6214 0.7835 -0.0081
vn 0.6214 0.7835 -0.0081
vn 0.6217 0.7832 -0.0081
vn 0.5469 0.8371 -0.0099
vn 0.2662 0.9638 -0.0165
vn 0.2532 0.9673 -0.0169
vn 0.6339 0.7734 -0.0079
vn 0.8995 0.4369 -0.0011
vn 0.8558 0.5173 -0.0022
vn 0.7697 0.6384 -0.0045
vn 0.7035 0.7107 -0.0061
vn 0.6602 0.7510 -0.0072
vn 0.8992 0.4375 -0.0011
vn 0.6933 -0.6881 -0.2141
vn 0.6975 -0.6921 -0.1858
vn 0.5979 -0.7232 -0.3457
vn 0.6072 -0.7342 -0.3036
vn 0.4394 -0.7294 -0.5244
vn 0.4546 -0.7543 -0.4736
vn 0.3375 -0.6965 -0.6333
vn 0.2065 -0.5990 -0.7736
vn 0.2222 -0.6444 -0.7317
vn 0.3533 -0.7307 -0.5842
vn -0.9454 -0.3259 -0.0002
vn -0.9995 -0.0326 -0.0017
vn -0.9995 -0.0327 -0.0017
vn 0.0079 -0.1915 -0.9815
vn 0.0079 -0.1914 -0.9815
vn 0.9995 0.0327 0.0017
vn 0.9995 0.0327 0.0017
vn 0.9453 0.3262 0.0006
vn 0.8951 0.4440 -0.0401
vn 0.9319 0.3609 -0.0373
vn 0.9995 0.0327 0.0017
vn 0.9995 0.0326 0.0017
vn 0.9993 0.0378 0.0017
vn 0.9995 0.0327 0.0017
vn 0.6269 0.7784 -0.0333
vn 0.7901 0.6116 -0.0399
vn 0.7735 0.6159 -0.1493
vn 0.9995 0.0326 0.0017
vn 0.9994 0.0322 0.0134
vn 0.9995 0.0326 0.0052
vn 0.9995 0.0327 0.0017
vn 0.9995 0.0327 0.0017
vn 0.9995 0.0327 0.0017
vn 0.9995 0.0327 0.0017
vn 0.9995 0.0327 0.0017
vn 0.9995 0.0327 0.0017
vn 0.9995 0.0327 0.0017
vn 0.9995 0.0327 0.0017
vn 0.9995 0.0327 0.0017
vn 0.9978 -0.0622 -0.0230
vn 0.9992 -0.0378 -0.0129
vn 0.9995 -0.0291 -0.0095
vn 0.9996 -0.0273 -0.0088
vn 0.9996 -0.0269 -0.0086
vn 0.9996 -0.0266 -0.0085
vn 0.9996 -0.0265 -0.0085
vn 0.9996 -0.0265 -0.0085
vn 0.9996 -0.0265 -0.0085
vn 0.9997 -0.0245 -0.0077
vn 0.9998 -0.0170 -0.0049
vn 0.9909 -0.1292 -0.0380
vn 0.9387 -0.2929 -0.1820
vn 0.9908 -0.1299 -0.0384
vn -0.1293 -0.9914 0.0183
vn -0.1291 -0.9915 0.0183
vn 0.0326 -0.9995 -0.0040
vn 0.0326 -0.9995 0.0028
vn -0.1292 -0.9916 0.0017
vn -0.1300 -0.9915 0.0018
vn -0.2877 -0.9562 0.0547
vn -0.2862 -0.9561 0.0623
vn -0.9994 -0.0322 -0.0134
vn -0.9995 -0.0326 -0.0052
vn -0.9995 -0.0327 -0.0017
vn -0.9995 -0.0327 -0.0017
vn -0.9995 -0.0327 -0.0017
vn -0.9995 -0.0327 -0.0017
vn -0.9995 -0.0327 -0.0017
vn -0.9995 -0.0327 -0.0017
vn -0.9995 -0.0327 -0.0017
vn -0.9995 -0.0327 -0.0017
vn -0.9995 -0.0327 -0.0017
vn -0.9995 -0.0327 -0.0017
vn -0.9995 -0.0326 -0.0017
vn -0.9995 -0.0326 -0.0017
vn 0.0326 -0.9995 0.0010
vn 0.0326 -0.9995 0.0010
vn 0.0326 -0.9995 0.0010
vn 0.0326 -0.9995 0.0010
vn 0.0327 -0.9995 0.0010
vn 0.0327 -0.9995 0.0010
vn 0.0326 -0.9995 0.0010
vn 0.0327 -0.9995 0.0010
vn 0.0321 -0.9794 -0.1991
vn 0.0324 -0.9794 -0.1991
vn 0.0252 -0.7361 -0.6764
vn 0.0250 -0.7361 -0.6764
vn 0.0164 -0.4547 -0.8905
vn 0.0164 -0.4547 -0.8905
vn 0.0040 -0.0727 -0.9973
vn 0.0040 -0.0727 -0.9973
vn -0.9252 -0.3776 0.0377
vn -0.9993 -0.0369 -0.0017
vn 0.8462 -0.2792 -0.4539
vn 0.8718 -0.2906 -0.3944
vn 0.9133 -0.3100 -0.2640
vn -0.2981 -0.9507 0.0854
vn -0.2975 -0.9507 0.0874
vn -0.2641 -0.9568 0.1213
vn -0.2659 -0.9568 0.1172
vn -0.2453 -0.9602 0.1333
vn -0.2272 -0.9632 0.1439
vn -0.2296 -0.9631 0.1402
vn -0.2472 -0.9602 0.1299
vn 0.7193 -0.2077 -0.6629
vn 0.7129 -0.2027 -0.6713
vn 0.7468 -0.2296 -0.6241
vn 0.8169 -0.2690 -0.5102
vn -0.1748 -0.9733 0.1489
vn -0.1797 -0.9733 0.1431
vn -0.3487 -0.9330 -0.0887
vn -0.3470 -0.9339 -0.0866
vn -0.7087 0.2243 0.6689
vn -0.7124 0.2710 0.6473
vn -0.7106 0.2300 0.6649
vn -0.5221 -0.8043 -0.2836
vn -0.5261 -0.7997 -0.2894
vn 0.7106 -0.2299 -0.6650
vn 0.7125 -0.2710 -0.6473
vn 0.7087 -0.2243 -0.6689
vn -0.4121 -0.9082 -0.0732
vn -0.4059 -0.9116 -0.0651
vn 0.4722 0.8565 0.2085
vn 0.4764 0.8527 0.2143
vn 0.2726 0.9592 -0.0743
vn 0.2773 0.9583 -0.0689
vn -0.0530 0.9069 -0.4179
vn -0.0533 0.9068 -0.4182
vn -0.3559 0.6624 -0.6592
vn -0.3536 0.6651 -0.6577
vn -0.5814 0.2832 -0.7627
vn -0.5796 0.2877 -0.7624
vn -0.6865 -0.1837 -0.7035
vn -0.6864 -0.1814 -0.7043
vn -0.6177 -0.6345 -0.4646
vn -0.6172 -0.6359 -0.4635
vn -0.4674 -0.8551 -0.2245
vn -0.4650 -0.8573 -0.2211
vn -0.4658 -0.8560 -0.2243
vn -0.4633 -0.8583 -0.2208
vn -0.4650 -0.8564 -0.2243
vn -0.4625 -0.8587 -0.2207
vn -0.4647 -0.8566 -0.2242
vn -0.4620 -0.8590 -0.2205
vn -0.4644 -0.8568 -0.2239
vn -0.4618 -0.8592 -0.2204
vn -0.4644 -0.8569 -0.2237
vn -0.4617 -0.8593 -0.2201
vn -0.4636 -0.8564 -0.2273
vn -0.4902 -0.8324 -0.2584
vn -0.4645 -0.8579 -0.2197
vn -0.5000 -0.8193 -0.2805
vn -0.4640 -0.8561 -0.2276
vn -0.4636 -0.8543 -0.2351
vn -0.4649 -0.8583 -0.2171
vn -0.4574 -0.8643 -0.2092
vn -0.3165 -0.9482 -0.0278
vn 0.6076 -0.2798 0.7433
vn 0.0656 -0.9214 0.3830
vn 0.9035 -0.1280 -0.4090
vn 0.8861 0.2250 -0.4053
vn 0.8079 0.2655 -0.5262
vn 0.7443 0.6169 -0.2556
vn 0.6258 0.6611 -0.4140
vn 0.5038 0.7352 -0.4535
vn 0.5049 0.7340 -0.4543
vn 0.5541 0.6705 -0.4934
vn 0.5925 0.6642 -0.4559
vn 0.5926 0.6642 -0.4558
vn 0.5023 0.7568 -0.4184
vn 0.5066 0.7675 -0.3927
vn 0.6401 0.6506 -0.4087
vn 0.6405 0.6504 -0.4084
vn 0.7121 0.5421 -0.4462
vn 0.5191 0.7875 -0.3323
vn 0.6988 0.6297 -0.3394
vn 0.6999 0.6293 -0.3379
vn 0.7476 0.5614 -0.3549
vn 0.7191 0.5667 -0.4023
vn 0.7123 0.5436 -0.4440
vn 0.3732 0.8587 -0.3512
vn 0.3476 0.8773 -0.3311
vn 0.1904 0.9550 -0.2275
vn 0.1868 0.9572 -0.2210
vn 0.1721 0.9626 -0.2091
vn 0.1485 0.9697 -0.1938
vn 0.1425 0.9754 -0.1679
vn 0.2320 0.9464 -0.2245
vn 0.2634 0.9333 -0.2442
vn 0.2973 0.9187 -0.2599
vn 0.3272 0.9065 -0.2669
vn 0.3423 0.9022 -0.2623
vn 0.3383 0.9081 -0.2469
vn 0.3185 0.9204 -0.2268
vn 0.2595 0.9470 -0.1891
vn 0.1746 0.9751 -0.1365
vn 0.1600 0.9852 -0.0611
vn 0.1777 0.9812 -0.0748
vn 0.2889 0.9455 -0.1505
vn 0.3215 0.9317 -0.1690
vn 0.1471 0.9820 -0.1182
vn 0.4396 0.8446 -0.3055
vn 0.1512 0.9675 -0.2028
vn 0.1547 0.9665 -0.2047
vn 0.1809 0.9586 -0.2199
vn 0.2996 0.9247 -0.2351
vn 0.1756 0.9667 -0.1863
vn 0.5243 0.8256 -0.2085
vn 0.3286 0.9291 -0.1697
vn 0.5518 0.8235 -0.1319
vn 0.1867 0.9770 -0.1034
vn 0.1912 0.9705 -0.1467
vn 0.5812 0.8132 -0.0315
vn 0.2395 0.9707 -0.0173
vn 0.1928 0.9811 -0.0171
vn 0.2530 0.9673 -0.0169
vn 0.0007 0.9998 -0.0176
vn 0.0679 0.9975 -0.0173
vn 0.0026 0.9998 -0.0176
vn 0.0016 0.9998 -0.0176
vn 0.0496 0.9946 -0.0907
vn -0.0539 0.9984 -0.0181
vn -0.0601 0.9949 -0.0809
vn 0.0381 0.9920 -0.1204
vn -0.0662 0.9923 -0.1049
vn 0.0261 0.9903 -0.1364
vn -0.0697 0.9910 -0.1146
vn -0.1917 0.9772 -0.0917
vn -0.1972 0.9754 -0.0981
vn -0.1807 0.9808 -0.0736
vn -0.4449 0.8934 -0.0622
vn -0.4273 0.9010 -0.0745
vn -0.4101 0.9084 -0.0814
vn -0.1932 0.9775 -0.0851
vn -0.1642 0.9821 -0.0920
vn -0.1269 0.9868 -0.1007
vn -0.0936 0.9897 -0.1085
vn -0.0703 0.9910 -0.1141
vn -0.3820 0.9227 -0.0516
vn -0.2576 0.9638 -0.0691
vn -0.2075 0.9748 -0.0816
vn 0.6971 0.1815 0.6936
vn 0.6906 0.1970 0.6958
vn 0.6875 0.2047 0.6967
vn 0.6940 0.2055 0.6900
vn 0.6980 0.1948 0.6891
vn 0.7030 0.1819 0.6876
vn 0.7044 0.1612 0.6913
vn 0.7093 0.1613 0.6862
vn 0.7097 0.1428 0.6898
vn 0.7142 0.1427 0.6852
vn 0.5462 0.1316 0.8272
vn 0.7141 0.1299 0.6879
vn 0.7167 0.1302 0.6851
vn 0.5496 0.1315 0.8250
vn -0.0634 0.9913 -0.1157
vn -0.0479 0.9917 -0.1195
vn -0.0344 0.9918 -0.1231
vn -0.0249 0.9917 -0.1258
vn -0.0216 0.9917 -0.1267
vn -0.0247 0.9918 -0.1252
vn -0.0331 0.9920 -0.1218
vn -0.0557 0.9920 -0.1134
vn 0.0117 0.9903 -0.1383
vn 0.0137 0.9902 -0.1392
vn 0.1210 0.1246 0.9848
vn 0.1196 0.1245 0.9850
vn -0.3371 0.1051 0.9356
vn -0.3421 0.1040 0.9339
vn -0.7172 0.0698 0.6933
vn -0.7202 0.0694 0.6903
vn 0.0706 -0.9909 0.1145
vn -0.0200 -0.9907 0.1347
vn -0.0084 -0.9905 0.1369
vn 0.0557 -0.9920 0.1134
vn 0.0331 -0.9920 0.1218
vn 0.0248 -0.9918 0.1251
vn 0.0216 -0.9917 0.1266
vn 0.0250 -0.9918 0.1257
vn 0.0344 -0.9918 0.1231
vn 0.0478 -0.9917 0.1195
vn 0.0634 -0.9913 0.1157
vn 0.0712 -0.9909 0.1139
vn -0.9504 0.0188 0.3103
vn -0.9504 0.0189 0.3104
vn -0.9893 -0.0423 -0.1396
vn -0.9899 -0.0419 -0.1355
vn -0.8264 -0.0957 -0.5549
vn -0.8290 -0.0953 -0.5511
vn -0.7174 -0.1188 -0.6865
vn -0.7146 -0.1190 -0.6894
vn -0.7103 -0.1354 -0.6908
vn -0.7116 -0.1305 -0.6904
vn -0.7150 -0.1300 -0.6869
vn -0.7138 -0.1354 -0.6872
vn -0.0799 0.9913 -0.1050
vn -0.0758 0.9925 -0.0955
vn -0.0460 0.9929 -0.1098
vn 0.0109 0.9906 -0.1362
vn -0.1960 0.9797 -0.0425
vn -0.1398 0.9879 -0.0666
vn -0.0900 0.9907 -0.1016
vn -0.1302 0.9875 -0.0886
vn -0.1782 0.9813 -0.0734
vn -0.2125 0.9751 -0.0632
vn 0.7158 0.1097 0.6897
vn 0.7123 0.1209 0.6914
vn 0.7030 0.1465 0.6959
vn 0.7065 0.1467 0.6923
vn 0.7148 0.1206 0.6889
vn 0.7176 0.1093 0.6878
vn 0.7226 0.0866 0.6858
vn 0.7248 0.0733 0.6851
vn 0.7213 0.0740 0.6886
vn 0.7199 0.0868 0.6887
vn -0.0104 -0.9907 0.1360
vn 0.0460 -0.9929 0.1099
vn 0.0751 -0.9926 0.0958
vn 0.0792 -0.9913 0.1052
vn -0.0112 -0.9903 0.1382
vn 0.2103 -0.9755 0.0639
vn 0.1782 -0.9813 0.0734
vn 0.1302 -0.9875 0.0886
vn 0.0900 -0.9907 0.1016
vn 0.1398 -0.9879 0.0666
vn 0.1939 -0.9801 0.0434
vn -0.7042 -0.1550 -0.6928
vn -0.7084 -0.1552 -0.6885
vn -0.6948 -0.1783 -0.6967
vn -0.7000 -0.1788 -0.6914
vn -0.6817 -0.2058 -0.7021
vn -0.6871 -0.1952 -0.6999
vn -0.6934 -0.1949 -0.6937
vn -0.6878 -0.2069 -0.6958
vn -0.2932 0.9560 0.0041
vn -0.2852 0.9585 0.0000
vn -0.2339 0.9706 -0.0574
vn -0.2965 0.9542 -0.0406
vn -0.3370 0.9408 -0.0352
vn -0.3741 0.9267 -0.0358
vn -0.3950 0.9177 -0.0426
vn -0.3958 0.9172 -0.0467
vn -0.3896 0.9196 -0.0501
vn -0.3308 0.9420 -0.0559
vn -0.4652 0.8840 -0.0467
vn -0.3869 0.9216 0.0305
vn -0.3487 -0.1478 -0.9255
vn -0.3526 -0.1489 -0.9238
vn 0.1627 0.0214 -0.9864
vn 0.1677 0.0232 -0.9856
vn 0.6068 0.2154 -0.7652
vn 0.6140 0.2186 -0.7584
vn 0.3846 -0.9226 -0.0293
vn 0.4619 -0.8857 0.0468
vn 0.3709 -0.9272 0.0526
vn 0.2576 -0.9638 0.0691
vn 0.3308 -0.9420 0.0559
vn 0.3896 -0.9196 0.0501
vn 0.3958 -0.9172 0.0467
vn 0.3950 -0.9177 0.0426
vn 0.3741 -0.9267 0.0358
vn 0.3370 -0.9409 0.0352
vn 0.2965 -0.9542 0.0406
vn 0.2339 -0.9706 0.0574
vn 0.2852 -0.9585 -0.0000
vn 0.2911 -0.9567 -0.0030
vn 0.8881 0.3696 -0.2734
vn 0.8889 0.3701 -0.2698
vn 0.9166 0.3976 0.0410
vn 0.9168 0.3976 0.0378
vn 0.8500 0.3800 0.3648
vn 0.8533 0.3809 0.3561
vn 0.6488 0.2701 0.7114
vn 0.6573 0.2726 0.7026
vn 0.6810 0.2319 0.6946
vn 0.6732 0.2304 0.7026
vn 0.3957 -0.9147 0.0819
vn 0.1917 -0.9765 0.0987
vn 0.1877 -0.9784 0.0864
vn 0.2075 -0.9748 0.0816
vn 0.0937 -0.9897 0.1085
vn 0.1269 -0.9868 0.1008
vn 0.1642 -0.9821 0.0920
vn 0.1864 -0.9781 0.0921
vn 0.0671 -0.9922 0.1048
vn 0.4087 -0.9096 0.0751
vn 0.1760 -0.9816 0.0738
vn 0.0611 -0.9949 0.0807
vn 0.4208 -0.9050 0.0625
vn 0.1686 -0.9855 0.0194
vn 0.0550 -0.9983 0.0181
vn 0.4370 -0.8992 0.0204
vn 0.2378 -0.9711 0.0205
vn 0.8034 -0.5918 0.0660
vn 0.8396 -0.5429 0.0198
vn 0.6258 -0.7797 0.0202
vn 0.5700 -0.8184 0.0729
vn 0.7574 -0.6486 0.0748
vn 0.9491 -0.3077 0.0667
vn 0.9532 -0.3018 0.0195
vn 0.8970 -0.4416 0.0197
vn 0.9317 -0.3554 0.0750
vn 0.8978 -0.4400 0.0196
vn 0.6289 -0.7772 0.0202
vn 0.9992 -0.0359 0.0192
vn 0.9992 -0.0359 0.0192
vn 0.9990 -0.0402 0.0201
vn 0.9980 -0.0074 0.0626
vn 0.9982 -0.0060 0.0593
vn 0.9992 -0.0359 0.0192
vn 0.9992 -0.0359 0.0192
vn 0.9992 -0.0362 0.0192
vn 0.9992 -0.0359 0.0192
vn 0.9992 -0.0359 0.0192
vn 0.9992 -0.0359 0.0192
vn 0.9992 -0.0360 0.0192
vn 0.9992 -0.0360 0.0192
vn 0.9992 -0.0360 0.0192
vn 0.9992 -0.0360 0.0192
vn 0.9992 -0.0360 0.0192
vn 0.9992 -0.0360 0.0192
vn 0.9992 -0.0360 0.0192
vn 0.9992 -0.0360 0.0192
vn 0.9992 -0.0360 0.0192
vn 0.9986 0.0004 0.0532
vn 0.9973 -0.0233 0.0700
vn 0.9945 0.0781 0.0696
vn 0.9986 0.0004 0.0532
vn 0.9966 -0.0381 0.0730
vn 0.9957 -0.0524 0.0763
vn 0.9856 0.1518 0.0747
vn 0.9945 0.0782 0.0696
vn 0.9145 -0.3963 0.0820
vn 0.9946 -0.0677 0.0781
vn 0.7169 -0.6923 0.0829
vn 0.6707 -0.7408 0.0379
vn 0.6969 -0.7162 0.0368
vn 0.7339 -0.6744 0.0814
vn 0.9113 -0.4038 0.0804
vn 0.9396 -0.3329 0.0797
vn 0.9944 -0.0725 0.0769
vn 0.9802 0.1840 0.0736
vn 0.9856 0.1519 0.0746
vn 0.9080 -0.4172 0.0373
vn 0.9941 -0.1031 0.0343
vn 0.9935 -0.1011 0.0527
vn 0.9936 -0.0972 0.0579
vn 0.9936 -0.0971 0.0580
vn 0.9936 -0.0971 0.0580
vn 0.9936 -0.0971 0.0580
vn 0.9936 -0.0971 0.0580
vn 0.9936 -0.0971 0.0580
vn 0.9936 -0.0970 0.0581
vn 0.9936 -0.0968 0.0583
vn 0.9936 -0.0964 0.0587
vn 0.9937 -0.0952 0.0596
vn 0.9938 -0.0919 0.0621
vn 0.9950 0.0852 0.0520
vn 0.9952 0.0817 0.0531
vn 0.9960 0.0707 0.0548
vn 0.9968 0.0552 0.0570
vn 0.9976 0.0359 0.0595
vn 0.9980 0.0144 0.0621
vn 0.9980 0.0100 0.0631
vn 0.9978 0.0170 0.0638
vn 0.9974 0.0324 0.0638
vn 0.9965 0.0540 0.0635
vn 0.9950 0.0775 0.0633
vn 0.9930 0.0994 0.0636
vn 0.9912 0.1151 0.0650
vn 0.9968 0.0750 0.0291
vn 0.9941 0.0932 -0.0563
vn 0.9941 0.0930 -0.0559
vn 0.9937 -0.1018 -0.0465
vn 0.9937 -0.1018 -0.0465
vn 0.9132 -0.4064 -0.0313
vn 0.9059 -0.4218 0.0375
vn 0.9123 -0.3936 -0.1128
vn 0.9852 -0.1150 -0.1273
vn 0.9853 -0.1149 -0.1267
vn 0.7229 -0.6910 -0.0044
vn 0.7420 -0.6690 -0.0421
vn 0.7530 -0.6535 -0.0776
vn 0.7160 -0.6980 0.0060
vn 0.6390 -0.7682 0.0393
vn 0.6432 -0.7651 0.0311
vn 0.6458 -0.7635 0.0093
vn 0.6286 -0.7770 -0.0332
vn 0.5092 -0.8587 -0.0573
vn 0.6119 -0.7883 -0.0643
vn 0.5958 -0.7978 -0.0920
vn 0.7598 -0.6394 -0.1177
vn 0.8864 -0.3824 -0.2610
vn 0.7688 -0.6027 -0.2138
vn 0.5413 -0.8220 -0.1769
vn 0.5438 -0.8202 -0.1774
vn 0.5465 -0.8182 -0.1786
vn 0.5516 -0.8144 -0.1803
vn 0.5609 -0.8074 -0.1830
vn 0.5805 -0.7920 -0.1890
vn 0.6069 -0.7700 -0.1971
vn 0.6459 -0.7343 -0.2090
vn 0.6853 -0.6938 -0.2212
vn 0.7096 -0.6663 -0.2291
vn 0.7278 -0.6442 -0.2350
vn 0.7434 -0.6242 -0.2402
vn 0.7732 -0.5827 -0.2503
vn 0.3087 -0.9146 -0.2612
vn 0.3091 -0.9139 -0.2630
vn 0.4515 -0.8349 -0.3148
vn 0.3764 -0.9252 -0.0487
vn 0.3807 -0.9233 -0.0511
vn 0.4251 -0.9016 -0.0801
vn 0.4322 -0.8965 -0.0973
vn 0.4250 -0.8980 -0.1139
vn 0.4064 -0.9049 -0.1265
vn 0.3804 -0.9153 -0.1325
vn 0.3512 -0.9272 -0.1303
vn 0.3481 -0.9285 -0.1295
vn 0.4547 -0.8323 -0.3170
vn 0.4586 -0.8291 -0.3198
vn 0.6778 -0.5685 -0.4662
vn 0.6488 -0.6163 -0.4464
vn 0.6347 -0.6373 -0.4370
vn 0.6189 -0.6595 -0.4266
vn 0.5973 -0.6881 -0.4121
vn 0.5586 -0.7339 -0.3864
vn 0.5206 -0.7735 -0.3615
vn 0.4952 -0.7975 -0.3447
vn 0.4749 -0.8154 -0.3311
vn 0.4649 -0.8238 -0.3245
vn 0.3948 -0.8401 -0.3719
vn 0.7500 -0.5773 -0.3228
vn 0.8537 -0.3786 -0.3576
vn 0.7684 -0.3840 -0.5119
vn 0.9544 0.2945 -0.0499
vn 0.9708 0.2339 -0.0527
vn 0.9762 0.2099 -0.0543
vn 0.9829 0.1756 -0.0553
vn 0.9844 0.1672 -0.0554
vn 0.9850 0.1636 -0.0554
vn 0.9857 0.1594 -0.0555
vn 0.9864 0.1549 -0.0556
vn 0.9875 0.1477 -0.0556
vn 0.9886 0.1396 -0.0557
vn 0.9896 0.1323 -0.0557
vn 0.9913 0.1194 -0.0558
vn 0.9865 0.1552 -0.0523
vn 0.9859 0.1584 -0.0531
vn 0.9899 0.1299 -0.0561
vn 0.9768 0.1239 -0.1745
vn 0.9946 0.0752 -0.0722
vn 0.9976 0.0450 -0.0528
vn 0.9983 0.0020 -0.0582
vn 0.9978 -0.0335 -0.0569
vn 0.9981 -0.0253 -0.0556
vn -0.9868 -0.1593 -0.0287
vn -0.9875 -0.1542 -0.0317
vn -0.9867 -0.1602 -0.0283
vn -0.9615 -0.2700 -0.0512
vn 0.9749 -0.2171 0.0495
vn -0.0124 -0.9999 0.0032
vn -0.9870 -0.1581 -0.0283
vn -0.9877 -0.1539 -0.0282
vn -0.5529 -0.8327 -0.0302
vn -0.9890 -0.1454 -0.0283
vn -0.9896 -0.1408 -0.0283
vn 0.2399 -0.8479 -0.4727
vn 0.0992 -0.8135 -0.5730
vn 0.0798 -0.9929 0.0877
vn 0.0999 -0.9939 0.0476
vn 0.1093 -0.9936 0.0283
vn 0.1367 -0.9901 -0.0307
vn 0.1449 -0.9882 -0.0491
vn 0.1528 -0.9859 -0.0676
vn 0.1606 -0.9833 -0.0861
vn 0.1679 -0.9803 -0.1043
vn 0.1817 -0.9734 -0.1396
vn 0.2049 -0.9568 -0.2061
vn 0.2455 -0.8845 -0.3967
vn 0.0966 -0.8900 -0.4457
vn 0.0990 -0.8870 -0.4509
vn 0.0990 -0.8878 -0.4494
vn 0.0966 -0.8872 -0.4511
vn 0.0880 -0.8875 -0.4523
vn 0.0878 -0.8927 -0.4421
vn 0.0751 -0.8882 -0.4532
vn 0.0747 -0.8951 -0.4395
vn 0.0592 -0.8890 -0.4540
vn 0.0585 -0.8969 -0.4384
vn 0.0375 -0.9207 -0.3885
vn 0.0366 -0.9279 -0.3710
vn 0.0044 -0.9961 0.0878
vn 0.0046 -0.9964 0.0852
vn -0.9968 -0.0749 -0.0288
vn -0.9941 0.1031 -0.0344
vn -0.9935 0.1011 -0.0527
vn -0.9936 0.0971 -0.0579
vn -0.9936 0.0972 -0.0580
vn -0.9936 0.0971 -0.0580
vn -0.9936 0.0972 -0.0580
vn -0.9936 0.0971 -0.0580
vn -0.9936 0.0971 -0.0580
vn -0.9936 0.0971 -0.0580
vn -0.9936 0.0970 -0.0581
vn -0.9936 0.0968 -0.0583
vn -0.9936 0.0963 -0.0587
vn -0.9937 0.0952 -0.0596
vn -0.9938 0.0919 -0.0621
vn -0.9944 0.0725 -0.0769
vn -0.9802 -0.1838 -0.0736
vn -0.9899 -0.1260 -0.0650
vn -0.9930 -0.0996 -0.0636
vn -0.9950 -0.0775 -0.0633
vn -0.9965 -0.0540 -0.0635
vn -0.9974 -0.0324 -0.0639
vn -0.9978 -0.0170 -0.0638
vn -0.9979 -0.0100 -0.0632
vn -0.9980 -0.0144 -0.0621
vn -0.9976 -0.0359 -0.0595
vn -0.9968 -0.0552 -0.0570
vn -0.9960 -0.0707 -0.0548
vn -0.9953 -0.0816 -0.0531
vn -0.9951 -0.0845 -0.0521
vn -0.0205 -0.8395 0.5430
vn -0.0192 -0.8506 0.5255
vn -0.0400 -0.4890 0.8714
vn -0.0388 -0.5062 0.8615
vn -0.0618 -0.0347 0.9975
vn -0.0617 -0.0371 0.9974
vn -0.0907 0.4287 0.8989
vn -0.0916 0.4483 0.8892
vn -0.1181 0.7989 0.5898
vn -0.1183 0.8170 0.5644
vn -0.1413 0.9146 0.3789
vn -0.1417 0.8922 0.4289
vn -0.2294 0.8934 0.3863
vn -0.1376 0.9645 0.2255
vn -0.1415 0.8477 0.5113
vn -0.2257 0.8534 0.4699
vn 0.9402 0.3332 0.0704
vn 0.9733 0.2204 0.0638
vn 0.9697 0.2361 0.0630
vn 0.9608 0.2684 0.0699
vn 0.9697 0.2362 0.0630
vn 0.9696 0.2363 0.0630
vn 0.9696 0.2364 0.0630
vn 0.9695 0.2367 0.0630
vn 0.9693 0.2375 0.0629
vn 0.9695 0.2369 0.0628
vn 0.9659 0.2514 0.0623
vn 0.9395 0.3378 0.0578
vn -0.2366 0.8605 0.4512
vn -0.2364 0.8584 0.4553
vn -0.4558 -0.3120 0.8336
vn -0.2348 0.8579 0.4570
vn -0.2350 0.8621 0.4489
vn -0.6033 -0.2210 0.7663
vn -0.2364 0.8601 0.4520
vn -0.2361 0.8575 0.4571
vn -0.2362 0.8585 0.4551
vn -0.2358 0.8553 0.4614
vn -0.2359 0.8570 0.4582
vn -0.2354 0.8529 0.4660
vn -0.9411 -0.3332 -0.0579
vn -0.9659 -0.2513 -0.0623
vn -0.9695 -0.2370 -0.0628
vn -0.9704 -0.2331 -0.0630
vn -0.9703 -0.2334 -0.0630
vn -0.9703 -0.2334 -0.0630
vn -0.9703 -0.2334 -0.0630
vn -0.9620 -0.2639 -0.0701
vn -0.9703 -0.2334 -0.0630
vn -0.9703 -0.2334 -0.0630
vn -0.9729 -0.2222 -0.0637
vn -0.9402 -0.3332 -0.0704
vn -0.2353 0.8549 0.4624
vn -0.2335 0.8399 0.4899
vn -0.2386 0.8517 0.4666
vn -0.2425 0.8871 0.3927
vn -0.2506 0.8468 0.4691
vn -0.2550 0.8817 0.3969
vn -0.3140 0.7975 0.5151
vn -0.3367 0.9078 0.2501
vn -0.3262 0.8496 0.4145
vn -0.3140 0.7975 0.5151
vn -0.3727 0.7955 0.4778
vn -0.3723 0.7943 0.4801
vn -0.9091 -0.4109 -0.0680
vn -0.9093 -0.4109 -0.0660
vn -0.9103 -0.4108 -0.0507
vn -0.9113 -0.4108 -0.0275
vn -0.9113 -0.4108 -0.0270
vn -0.9352 -0.3499 -0.0542
vn -0.9352 -0.3499 -0.0542
vn -0.9856 -0.1519 -0.0746
vn -0.9856 -0.1519 -0.0746
vn -0.9946 0.0677 -0.0781
vn -0.9957 0.0525 -0.0763
vn -0.9384 0.3362 -0.0797
vn -0.9187 0.3866 -0.0802
vn -0.9216 0.3793 -0.0818
vn -0.9067 0.4201 -0.0375
vn -0.9937 0.1015 0.0472
vn -0.9937 0.1015 0.0472
vn -0.9941 -0.0923 0.0565
vn -0.9941 -0.0924 0.0568
vn -0.9057 0.4223 -0.0375
vn -0.9130 0.4066 0.0320
vn -0.9850 0.1152 0.1287
vn -0.9849 0.1153 0.1293
vn -0.9120 0.3939 0.1147
vn -0.7232 0.6906 0.0049
vn -0.7163 0.6978 -0.0056
vn -0.6970 0.7161 -0.0368
vn -0.7529 0.6533 0.0793
vn -0.7423 0.6686 0.0431
vn -0.7585 0.6156 0.2139
vn -0.7587 0.6404 0.1196
vn -0.8855 0.3825 0.2638
vn -0.9490 0.1212 0.2909
vn -0.9487 0.1211 0.2922
vn -0.9355 -0.1663 0.3116
vn -0.8362 0.1225 0.5346
vn -0.8225 0.1768 0.5406
vn -0.6286 0.1767 0.7574
vn -0.7687 0.3833 0.5120
vn -0.8527 0.3790 0.3596
vn -0.5093 0.6031 0.6139
vn -0.6581 0.6018 0.4525
vn -0.7322 0.6025 0.3175
vn -0.7535 0.6094 0.2468
vn -0.4515 0.8348 0.3149
vn -0.5400 0.8224 0.1789
vn -0.5530 0.8177 0.1598
vn -0.5949 0.7983 0.0935
vn -0.6116 0.7885 0.0649
vn -0.6281 0.7774 0.0341
vn -0.3890 0.9118 0.1314
vn -0.4064 0.9049 0.1265
vn -0.4250 0.8980 0.1139
vn -0.4322 0.8965 0.0973
vn -0.4251 0.9016 0.0801
vn -0.3807 0.9233 0.0511
vn -0.3787 0.9242 0.0500
vn -0.5102 0.8581 0.0580
vn -0.3505 0.9275 0.1301
vn -0.3512 0.9272 0.1303
vn -0.3804 0.9153 0.1325
vn -0.3104 0.9133 0.2637
vn 0.4874 0.3318 -0.8077
vn 0.2644 0.2472 -0.9322
vn 0.1611 0.2066 -0.9651
vn 0.1648 0.2080 -0.9641
vn 0.4914 0.3332 -0.8047
vn 0.7566 0.4215 -0.4998
vn 0.7585 0.4220 -0.4966
vn -0.1714 0.0731 -0.9825
vn -0.1698 0.0736 -0.9827
vn -0.1795 0.0698 -0.9813
vn -0.4878 -0.0562 -0.8711
vn -0.4890 -0.0567 -0.8704
vn -0.2055 0.0593 -0.9769
vn 0.1479 -0.9860 -0.0774
vn 0.2222 -0.9636 -0.1486
vn 0.2726 -0.9411 -0.1999
vn 0.2963 -0.9275 -0.2279
vn 0.3227 -0.9388 -0.1201
vn 0.2332 -0.9708 -0.0558
vn 0.1697 -0.9854 -0.0113
vn -0.6920 -0.1254 -0.7110
vn -0.6945 -0.1261 -0.7084
vn -0.1716 0.9851 0.0126
vn -0.2332 0.9708 0.0558
vn -0.3228 0.9388 0.1201
vn -0.3090 0.9140 0.2630
vn -0.2963 0.9275 0.2279
vn -0.2726 0.9411 0.1999
vn -0.2222 0.9636 0.1486
vn -0.1497 0.9856 0.0791
vn -0.7013 -0.1131 -0.7039
vn -0.7096 -0.0979 -0.6977
vn -0.7112 -0.0981 -0.6961
vn -0.7038 -0.1131 -0.7014
vn -0.0803 0.9955 -0.0505
vn -0.1043 0.9940 -0.0334
vn -0.1349 0.9887 0.0653
vn -0.0481 0.9987 -0.0183
vn -0.0613 0.9966 -0.0555
vn -0.7122 -0.0928 -0.6958
vn -0.7137 -0.0895 -0.6947
vn -0.7139 -0.0891 -0.6946
vn -0.7149 -0.0890 -0.6935
vn -0.7148 -0.0893 -0.6936
vn -0.7134 -0.0926 -0.6946
vn -0.0639 0.9960 -0.0625
vn 0.0125 0.9930 -0.1176
vn -0.0280 0.9956 -0.0899
vn -0.0472 0.9961 -0.0752
vn -0.0538 0.9961 -0.0702
vn -0.0551 0.9961 -0.0693
vn -0.0557 0.9961 -0.0688
vn -0.0558 0.9961 -0.0687
vn -0.0559 0.9961 -0.0686
vn -0.0559 0.9961 -0.0686
vn -0.0559 0.9961 -0.0686
vn -0.0560 0.9961 -0.0686
vn -0.0560 0.9961 -0.0685
vn -0.0567 0.9961 -0.0680
vn -0.0618 0.9960 -0.0642
vn 0.0074 0.9971 -0.0760
vn 0.0075 0.9971 -0.0762
vn 0.0101 0.9969 -0.0785
vn 0.0104 0.9968 -0.0788
vn 0.0104 0.9968 -0.0789
vn -0.0123 0.9969 -0.0779
vn -0.0123 0.9969 -0.0779
vn 0.0105 0.9968 -0.0789
vn 0.0105 0.9968 -0.0789
vn 0.0106 0.9968 -0.0790
vn 0.0107 0.9968 -0.0791
vn 0.0115 0.9967 -0.0798
vn 0.0145 0.9965 -0.0825
vn 0.0200 0.9960 -0.0872
vn -0.7145 -0.0881 -0.6941
vn -0.7154 -0.0882 -0.6931
vn -0.0196 -0.9960 0.0869
vn -0.0145 -0.9965 0.0825
vn -0.0115 -0.9967 0.0798
vn -0.0108 -0.9968 0.0792
vn -0.0106 -0.9968 0.0790
vn -0.0105 -0.9968 0.0789
vn 0.0121 -0.9969 0.0778
vn -0.0104 -0.9968 0.0789
vn -0.0104 -0.9968 0.0788
vn -0.0104 -0.9968 0.0788
vn -0.0104 -0.9968 0.0788
vn -0.0101 -0.9969 0.0785
vn -0.0081 -0.9970 0.0767
vn 0.0609 -0.9966 0.0560
vn 0.0634 -0.9960 0.0630
vn 0.0618 -0.9960 0.0642
vn 0.0567 -0.9961 0.0680
vn 0.0560 -0.9961 0.0685
vn 0.0559 -0.9961 0.0686
vn 0.0559 -0.9961 0.0686
vn 0.0559 -0.9961 0.0686
vn 0.0558 -0.9961 0.0687
vn 0.0557 -0.9961 0.0688
vn 0.0551 -0.9961 0.0693
vn 0.0538 -0.9961 0.0702
vn 0.0473 -0.9960 0.0752
vn 0.0280 -0.9956 0.0899
vn -0.0121 -0.9930 0.1174
vn -0.7150 -0.0880 -0.6936
vn -0.7153 -0.0879 -0.6933
vn -0.7144 -0.0879 -0.6942
vn -0.7155 -0.0880 -0.6930
vn -0.7147 -0.0879 -0.6939
vn -0.7157 -0.0880 -0.6928
vn -0.7142 -0.0880 -0.6944
vn -0.7153 -0.0880 -0.6933
vn -0.7140 -0.0874 -0.6946
vn -0.7148 -0.0880 -0.6938
vn -0.7146 -0.0879 -0.6940
vn -0.7155 -0.0879 -0.6930
vn -0.7146 -0.0879 -0.6940
vn -0.7154 -0.0879 -0.6932
vn -0.7147 -0.0874 -0.6940
vn -0.7155 -0.0878 -0.6930
vn -0.7149 -0.0874 -0.6937
vn -0.7156 -0.0874 -0.6931
vn -0.7154 -0.0863 -0.6934
vn -0.7160 -0.0858 -0.6928
vn -0.7167 -0.0827 -0.6925
vn -0.7176 -0.0827 -0.6915
vn -0.7193 -0.0727 -0.6909
vn -0.7208 -0.0584 -0.6907
vn -0.7236 -0.0578 -0.6878
vn -0.7210 -0.0726 -0.6891
vn 0.1278 0.9750 -0.1819
vn 0.0571 0.9880 -0.1432
vn 0.0268 0.9953 -0.0929
vn 0.0520 0.9924 -0.1117
vn -0.7209 -0.0347 -0.6922
vn -0.7247 -0.0334 -0.6882
vn -0.0520 -0.9924 0.1117
vn -0.0268 -0.9953 0.0929
vn -0.0572 -0.9880 0.1432
vn -0.1278 -0.9750 0.1819
vn 0.7185 0.0454 0.6940
vn 0.7185 0.0462 0.6939
vn 0.7181 0.0471 0.6943
vn 0.7185 0.0465 0.6940
vn 0.7187 0.0460 0.6938
vn 0.7193 0.0451 0.6932
vn 0.7192 0.0404 0.6936
vn 0.7208 0.0402 0.6919
vn 0.7139 -0.0089 0.7002
vn 0.7183 0.0148 0.6956
vn 0.7218 0.0142 0.6920
vn 0.7170 -0.0105 0.6970
vn 0.4209 0.1166 0.8996
vn 0.4183 0.1177 0.9007
vn 0.0098 0.2692 0.9630
vn -0.0000 0.2723 0.9622
vn -0.4357 0.3953 0.8086
vn -0.4445 0.3969 0.8031
vn -0.8015 0.4261 0.4195
vn -0.8013 0.4261 0.4199
vn -0.9408 0.3326 -0.0655
vn -0.9405 0.3351 -0.0562
vn -0.8562 0.1767 -0.4855
vn -0.8601 0.1801 -0.4772
vn -0.7029 0.0509 -0.7094
vn -0.7068 0.0528 -0.7054
vn -0.7158 0.0108 -0.6982
vn -0.7131 0.0225 -0.7007
vn -0.7113 0.0290 -0.7023
vn -0.7141 0.0304 -0.6994
vn -0.7155 0.0227 -0.6982
vn -0.7166 0.0109 -0.6974
vn -0.7406 -0.0208 -0.6716
vn -0.9425 0.0991 -0.3193
vn -0.9457 0.1020 -0.3088
vn -0.7245 -0.0274 -0.6887
vn -0.9768 0.2049 0.0626
vn -0.9758 0.2068 0.0715
vn -0.8499 0.2770 0.4482
vn -0.8514 0.2767 0.4456
vn -0.4708 0.2807 0.8364
vn -0.4594 0.2801 0.8429
vn -0.1579 -0.9710 0.1796
vn -0.1809 -0.9586 0.2199
vn -0.1547 -0.9665 0.2047
vn -0.1348 -0.9716 0.1944
vn 0.0634 0.1971 0.9783
vn 0.0535 0.1987 0.9786
vn 0.1198 0.1857 0.9753
vn 0.5419 0.0934 0.8352
vn 0.5439 0.0929 0.8340
vn 0.3610 0.1346 0.9228
vn -0.1222 -0.9745 0.1883
vn -0.0929 -0.9802 0.1748
vn -0.0672 -0.9843 0.1631
vn -0.0447 -0.9872 0.1530
vn 0.7220 0.0546 0.6898
vn 0.7267 0.0532 0.6849
vn 0.7219 0.0649 0.6889
vn 0.7261 0.0639 0.6846
vn -0.0316 -0.9924 0.1192
vn -0.0430 -0.9950 0.0899
vn -0.0007 -0.9998 0.0176
vn -0.0609 -0.9980 0.0173
vn -0.0016 -0.9998 0.0176
vn -0.0026 -0.9998 0.0176
vn 0.2430 -0.9698 0.0205
vn 0.2446 -0.9694 0.0205
vn 0.2479 -0.9686 0.0204
vn 0.6323 -0.7745 0.0201
vn 0.2512 -0.9677 0.0204
vn 0.8985 -0.4384 0.0196
vn 0.8994 -0.4366 0.0196
vn 0.8835 -0.4680 0.0197
vn 0.6358 -0.7716 0.0201
vn 0.6277 -0.7782 0.0201
vn 0.2575 -0.9661 0.0204
vn 0.2528 -0.9673 0.0204
vn -0.0036 -0.9998 0.0177
vn -0.0039 -0.9998 0.0176
vn -0.0045 -0.9998 0.0176
vn 0.0773 -0.9463 -0.3138
vn -0.1154 -0.8833 -0.4544
vn -0.1472 -0.9080 -0.3922
vn 0.2954 -0.9102 -0.2902
vn 0.2968 -0.8879 -0.3516
vn 0.2902 -0.8565 -0.4268
vn 0.1417 -0.8845 -0.4446
vn 0.1412 -0.8844 -0.4449
vn 0.0433 -0.7724 -0.6337
vn -0.0202 -0.8112 -0.5845
vn 0.1743 -0.8970 -0.4061
vn 0.2740 -0.8489 -0.4519
vn 0.2276 -0.8842 -0.4078
vn 0.6308 -0.7210 -0.2869
vn 0.6000 -0.7056 -0.3769
vn 0.8784 -0.4466 -0.1702
vn 0.8766 -0.4287 -0.2185
vn 0.5660 -0.7666 -0.3033
vn 0.8722 -0.4604 -0.1653
vn 0.2011 -0.9087 -0.3658
vn 0.9709 -0.2305 -0.0655
vn 0.9992 -0.0364 0.0192
vn 0.9989 0.0176 0.0438
vn 0.9992 -0.0364 0.0192
vn 0.8117 -0.5838 0.0161
vn 0.4885 -0.8725 0.0097
vn 0.4443 -0.8958 0.0087
vn 0.9463 -0.3229 0.0179
vn 0.8528 -0.5220 0.0169
vn 0.9992 -0.0364 0.0192
vn 0.9991 -0.0365 0.0192
vn 0.8531 -0.5214 0.0171
vn 0.9992 -0.0364 0.0192
vn 0.9992 -0.0364 0.0192
vn 0.9991 -0.0365 0.0192
vn 0.9991 -0.0365 0.0192
vn 0.9630 -0.0361 0.2670
vn 0.9706 -0.0362 0.2379
vn 0.9958 0.0131 0.0910
vn 0.9899 -0.0364 0.1373
vn 0.9774 -0.0362 0.2081
vn 0.9771 -0.0362 0.2097
vn 0.9630 -0.0361 0.2670
vn 0.8288 -0.5210 0.2039
vn 0.7640 -0.5208 0.3809
vn 0.8948 -0.0358 0.4450
vn 0.9416 -0.0360 0.3349
vn 0.9416 -0.0360 0.3349
vn 0.9415 -0.0360 0.3352
vn 0.9415 -0.0360 0.3352
vn 0.9414 -0.0360 0.3353
vn 0.9414 -0.0360 0.3355
vn 0.9413 -0.0360 0.3356
vn 0.9413 -0.0360 0.3358
vn 0.9412 -0.0361 0.3358
vn 0.9412 -0.0359 0.3359
vn 0.9411 -0.0360 0.3362
vn 0.9318 -0.0360 0.3612
vn 0.9217 -0.0359 0.3863
vn 0.9109 -0.0359 0.4112
vn 0.8994 -0.0358 0.4357
vn 0.8872 -0.0358 0.4599
vn 0.8745 -0.0357 0.4837
vn 0.8687 -0.0357 0.4940
vn 0.8670 -0.0357 0.4971
vn 0.8665 -0.0357 0.4979
vn 0.8616 -0.1088 0.4957
vn 0.8518 -0.1744 0.4940
vn 0.8407 -0.2205 0.4946
vn 0.8368 -0.2326 0.4956
vn 0.8329 -0.2412 0.4982
vn 0.8231 -0.2431 0.5132
vn 0.8135 -0.2431 0.5283
vn 0.8036 -0.2431 0.5432
vn 0.7935 -0.2430 0.5580
vn 0.7830 -0.2430 0.5725
vn 0.7724 -0.2428 0.5869
vn 0.7705 -0.2246 0.5965
vn 0.7734 -0.1794 0.6080
vn 0.7768 -0.1339 0.6154
vn 0.7802 -0.0788 0.6205
vn 0.7735 -0.0788 0.6289
vn 0.6620 -0.5204 0.5394
vn 0.4616 -0.3186 -0.8279
vn 0.4988 0.0221 -0.8664
vn 0.4988 0.0217 -0.8665
vn 0.4626 -0.3137 -0.8292
vn 0.4636 -0.2293 -0.8559
vn 0.4701 -0.1976 -0.8602
vn -0.9630 0.0361 -0.2670
vn -0.8949 0.0358 -0.4449
vn -0.8665 0.0357 -0.4979
vn -0.8670 0.0357 -0.4971
vn -0.8687 0.0357 -0.4940
vn -0.8745 0.0357 -0.4837
vn -0.8872 0.0358 -0.4599
vn -0.8994 0.0358 -0.4357
vn -0.9108 0.0359 -0.4112
vn -0.9217 0.0359 -0.3863
vn -0.9318 0.0360 -0.3612
vn -0.9411 0.0359 -0.3361
vn -0.9411 0.0359 -0.3362
vn -0.9412 0.0360 -0.3359
vn -0.9413 0.0360 -0.3358
vn -0.9413 0.0360 -0.3356
vn -0.9414 0.0360 -0.3354
vn -0.9414 0.0361 -0.3353
vn -0.9415 0.0360 -0.3352
vn -0.9415 0.0360 -0.3351
vn -0.9415 0.0360 -0.3350
vn -0.9414 0.0618 -0.3317
vn -0.9630 0.0361 -0.2670
vn -0.6620 0.5204 -0.5394
vn -0.7735 0.0788 -0.6288
vn -0.7802 0.0788 -0.6205
vn -0.7767 0.1339 -0.6154
vn -0.7734 0.1794 -0.6080
vn -0.7705 0.2246 -0.5965
vn -0.7724 0.2428 -0.5869
vn -0.7830 0.2430 -0.5725
vn -0.7935 0.2430 -0.5580
vn -0.8036 0.2430 -0.5432
vn -0.8135 0.2431 -0.5283
vn -0.8231 0.2431 -0.5132
vn -0.8329 0.2412 -0.4982
vn -0.8368 0.2325 -0.4956
vn -0.8407 0.2205 -0.4946
vn -0.8518 0.1744 -0.4940
vn -0.8616 0.1087 -0.4957
vn -0.7640 0.5208 -0.3809
vn 0.3123 -0.7338 -0.6033
vn 0.3165 -0.7271 -0.6092
vn 0.0598 -0.9817 -0.1811
vn 0.0612 -0.9811 -0.1836
vn 0.0023 -0.9966 -0.0820
vn 0.0030 -0.9965 -0.0834
vn -0.0331 -0.9994 -0.0138
vn -0.0330 -0.9994 -0.0138
vn -0.0340 -0.9993 -0.0121
vn -0.0340 -0.9993 -0.0121
vn -0.0359 -0.9993 -0.0072
vn -0.0361 -0.9993 -0.0069
vn -0.0134 -0.9978 -0.0646
vn -0.0129 -0.9978 -0.0658
vn 0.0122 -0.9900 -0.1404
vn 0.0113 -0.9904 -0.1377
vn -0.2750 -0.6599 0.6992
vn -0.3383 -0.1405 0.9305
vn -0.3366 -0.0700 0.9390
vn -0.2892 -0.6032 0.7433
vn -0.1962 -0.8679 0.4564
vn -0.2117 -0.8381 0.5028
vn -0.1117 -0.9714 0.2094
vn -0.1047 -0.9764 0.1891
vn -0.0749 -0.9918 0.1040
vn -0.0752 -0.9916 0.1049
vn -0.0589 -0.9966 0.0584
vn -0.0617 -0.9959 0.0666
vn -0.0495 -0.9983 0.0311
vn -0.0217 -0.9987 -0.0469
vn -0.0471 -0.9986 0.0220
vn 0.0971 -0.9219 -0.3750
vn -0.0475 -0.9988 0.0127
vn 0.2162 -0.6905 -0.6902
vn -0.0543 -0.9985 -0.0020
vn 0.2877 -0.3978 -0.8712
vn 0.3034 -0.2834 -0.9098
vn -0.0663 -0.9977 -0.0135
vn 0.0402 -0.9308 -0.3633
vn -0.0159 -0.9880 -0.1539
vn 0.0227 -0.9659 -0.2580
vn 0.0394 -0.9319 -0.3607
vn -0.9771 0.0362 -0.2096
vn -0.9597 0.0653 -0.2735
vn -0.9773 0.0306 -0.2097
vn -0.9898 0.0363 -0.1379
vn -0.9969 0.0365 -0.0703
vn -0.9991 0.0365 -0.0193
vn -0.9991 0.0365 -0.0193
vn -0.9706 0.0362 -0.2379
vn -0.8287 0.5212 -0.2039
vn -0.8531 0.5214 -0.0171
vn -0.4744 0.8724 -0.1177
vn -0.4372 0.8722 -0.2192
vn -0.4884 0.8726 -0.0105
vn 0.0016 1.0000 -0.0013
vn 0.0016 1.0000 -0.0013
vn 0.0016 1.0000 -0.0013
vn -0.3787 0.8720 -0.3101
vn -0.6500 0.5450 -0.5297
vn 0.0016 1.0000 -0.0013
vn -0.3689 0.8790 -0.3021
vn 0.0016 1.0000 -0.0013
vn 0.0016 1.0000 -0.0013
vn 0.0016 1.0000 -0.0013
vn 0.0016 1.0000 -0.0013
vn 0.0016 1.0000 -0.0013
vn 0.0010 1.0000 0.0001
vn 0.0016 1.0000 -0.0013
vn 0.0016 1.0000 -0.0013
vn 0.0016 1.0000 -0.0013
vn 0.0016 1.0000 -0.0013
vn 0.0016 1.0000 -0.0013
vn 0.0016 1.0000 -0.0013
vn -0.3689 0.8790 -0.3021
vn 0.0016 1.0000 -0.0013
vn -0.1516 0.8785 -0.4531
vn -0.2750 0.8788 -0.3901
vn -0.6500 0.5450 -0.5297
vn -0.4850 0.5445 -0.6843
vn -0.2680 0.5440 -0.7951
vn -0.3195 0.0777 -0.9444
vn -0.4064 0.0778 -0.9104
vn -0.5774 0.0782 -0.8127
vn -0.7735 0.0788 -0.6288
vn -0.0336 -0.9970 -0.0702
vn -0.0471 -0.9969 -0.0626
vn -0.0624 -0.9969 -0.0481
vn -0.0624 -0.9969 -0.0481
vn -0.0471 -0.9969 -0.0626
vn -0.0335 -0.9970 -0.0702
vn -0.0268 -0.9970 -0.0729
vn -0.0053 -0.9970 -0.0770
vn 0.0021 -0.9970 -0.0770
vn 0.0021 -0.9970 -0.0769
vn -0.0053 -0.9970 -0.0770
vn -0.0268 -0.9970 -0.0729
vn 0.2680 -0.5440 0.7951
vn 0.4850 -0.5445 0.6843
vn 0.5774 -0.0782 0.8127
vn 0.4064 -0.0778 0.9104
vn 0.3195 -0.0777 0.9444
vn 0.6500 -0.5450 0.5297
vn 0.7735 -0.0788 0.6289
vn -0.0627 -0.9969 -0.0479
vn -0.0624 -0.9969 -0.0481
vn 0.6500 -0.5449 0.5297
vn -0.0628 -0.9969 -0.0475
vn -0.6034 -0.4381 0.6664
vn -0.6254 -0.1171 0.7715
vn -0.6250 -0.1375 0.7684
vn -0.5895 -0.4982 0.6358
vn -0.5094 -0.7468 0.4276
vn -0.5384 -0.6922 0.4807
vn -0.4192 -0.8836 0.2086
vn -0.5570 -0.6502 0.5167
vn -0.5307 -0.7077 0.4663
vn -0.3910 -0.9057 0.1638
vn -0.2183 -0.9692 -0.1137
vn -0.2152 -0.9694 -0.1179
vn -0.1976 -0.9700 -0.1414
vn -0.1976 -0.9700 -0.1414
vn -0.2001 -0.9700 -0.1379
vn -0.2001 -0.9700 -0.1379
vn -0.2024 -0.9700 -0.1345
vn -0.2024 -0.9700 -0.1345
vn -0.2049 -0.9700 -0.1307
vn -0.2049 -0.9700 -0.1307
vn -0.2074 -0.9700 -0.1269
vn -0.2074 -0.9700 -0.1269
vn -0.1443 -0.9636 -0.2252
vn -0.1331 -0.9609 -0.2427
vn -0.0376 -0.9276 -0.3717
vn -0.0106 -0.9120 -0.4100
vn 0.0736 -0.8583 -0.5078
vn 0.1113 -0.8235 -0.5563
vn 0.3199 -0.5736 -0.7541
vn 0.0756 -0.8567 -0.5103
vn 0.0406 -0.8851 -0.4636
vn 0.2861 -0.6345 -0.7180
vn 0.4372 -0.8722 0.2192
vn 0.3788 -0.8720 0.3101
vn 0.3689 -0.8790 0.3021
vn 0.3689 -0.8790 0.3021
vn -0.0016 -1.0000 0.0013
vn -0.0016 -1.0000 0.0010
vn -0.0016 -1.0000 0.0013
vn 0.1516 -0.8785 0.4531
vn -0.0017 -1.0000 0.0013
vn -0.0017 -1.0000 0.0013
vn -0.0017 -1.0000 0.0013
vn -0.0016 -1.0000 0.0013
vn -0.0017 -1.0000 0.0013
vn -0.0016 -1.0000 0.0013
vn -0.0017 -1.0000 0.0014
vn -0.0017 -1.0000 0.0013
vn -0.0011 -1.0000 0.0003
vn -0.0016 -1.0000 0.0013
vn -0.0017 -1.0000 0.0013
vn -0.0016 -1.0000 0.0013
vn -0.0016 -1.0000 0.0013
vn -0.0016 -1.0000 0.0013
vn -0.0016 -1.0000 0.0013
vn -0.0016 -1.0000 0.0013
vn -0.0016 -1.0000 0.0013
vn -0.0017 -1.0000 0.0013
vn -0.0016 -1.0000 0.0013
vn -0.1128 -0.8780 0.4652
vn -0.3430 -0.8777 0.3345
vn -0.4680 -0.8779 0.1012
vn -0.6011 -0.5428 0.5866
vn -0.7361 -0.5428 0.4043
vn -0.8209 -0.5430 0.1767
vn -0.1966 -0.5432 0.8163
vn -0.4229 -0.5429 0.7255
vn -0.5017 -0.0764 0.8617
vn -0.7135 -0.0763 0.6965
vn -0.8307 -0.0763 0.5514
vn -0.8740 -0.0763 0.4799
vn 0.0371 -0.9971 -0.0669
vn 0.0378 -0.9971 -0.0664
vn 0.0544 -0.9971 -0.0535
vn 0.0636 -0.9971 -0.0420
vn 0.0637 -0.9971 -0.0421
vn 0.0544 -0.9971 -0.0535
vn 0.0378 -0.9971 -0.0664
vn 0.0370 -0.9971 -0.0668
vn 0.0670 -0.9971 -0.0364
vn 0.0750 -0.9971 -0.0151
vn 0.0761 -0.9971 -0.0080
vn 0.0761 -0.9971 -0.0079
vn 0.0750 -0.9971 -0.0152
vn 0.0670 -0.9971 -0.0364
vn 0.8740 0.0763 -0.4799
vn 0.8307 0.0762 -0.5514
vn 0.7136 0.0763 -0.6964
vn 0.6011 0.5428 -0.5865
vn 0.7361 0.5428 -0.4043
vn 0.5017 0.0764 -0.8617
vn 0.4229 0.5429 -0.7255
vn 0.4925 0.0764 -0.8670
vn 0.2328 0.0767 -0.9695
vn 0.1966 0.5432 -0.8162
vn 0.0166 -0.9971 -0.0749
vn 0.0166 -0.9971 -0.0749
vn 0.0482 0.0770 -0.9959
vn -0.0458 0.0771 -0.9960
vn -0.0377 0.5436 -0.8385
vn -0.0205 0.8782 -0.4778
vn 0.1128 0.8780 -0.4652
vn 0.0016 1.0000 -0.0013
vn 0.0017 1.0000 -0.0012
vn 0.3429 0.8778 -0.3344
vn 0.2415 0.8779 -0.4135
vn 0.0016 1.0000 -0.0013
vn 0.0017 1.0000 -0.0012
vn 0.0016 1.0000 -0.0012
vn 0.4680 0.8779 -0.1012
vn 0.4198 0.8778 -0.2308
vn 0.8209 0.5430 -0.1766
vn 0.9749 0.0764 -0.2092
vn 0.4774 0.8781 0.0329
vn 0.8375 0.5432 0.0591
vn 0.9945 0.0768 0.0709
vn 0.9902 0.0765 -0.1171
vn 0.0765 -0.9970 0.0070
vn 0.0719 -0.9970 0.0282
vn 0.0719 -0.9970 0.0282
vn 0.0765 -0.9970 0.0070
vn -0.8375 -0.5433 -0.0590
vn -0.9749 -0.0764 0.2093
vn -0.9902 -0.0765 0.1172
vn -0.9945 -0.0768 -0.0709
vn -0.7886 -0.5436 -0.2874
vn -0.4496 -0.8783 -0.1628
vn -0.9364 -0.0772 -0.3423
vn -0.9364 -0.0772 -0.3423
vn -0.7886 -0.5436 -0.2874
vn -0.4496 -0.8783 -0.1628
vn -0.8122 -0.5435 -0.2118
vn -0.4631 -0.8782 -0.1198
vn -0.9393 -0.2396 -0.2456
vn 0.1959 -0.9622 0.1892
vn 0.1959 -0.9622 0.1892
vn 0.0719 -0.9970 0.0282
vn 0.0719 -0.9970 0.0281
vn 0.1882 -0.9584 0.2148
vn 0.1883 -0.9583 0.2149
vn 0.9393 0.2396 0.2456
vn 0.9364 0.0772 0.3423
vn 0.7886 0.5436 0.2874
vn 0.8122 0.5435 0.2118
vn 0.9364 0.0772 0.3423
vn 0.7886 0.5436 0.2874
vn 0.4496 0.8783 0.1628
vn 0.4496 0.8783 0.1628
vn -0.6098 -0.0000 -0.7925
vn -0.7169 0.0002 -0.6972
vn -0.9417 0.0011 -0.3364
vn -0.9417 0.0011 -0.3365
vn -0.7169 0.0002 -0.6972
vn -0.6103 0.0001 -0.7922
vn -0.9741 0.0020 0.2261
vn -0.9741 0.0020 0.2260
vn -0.0852 -0.0011 -0.9964
vn -0.0851 -0.0011 -0.9964
vn 0.4671 -0.0019 -0.8842
vn 0.4670 -0.0019 -0.8842
vn 0.8710 -0.0021 -0.4913
vn 0.8709 -0.0021 -0.4914
vn 0.9983 -0.0017 0.0575
vn 0.9983 -0.0017 0.0576
vn 0.8087 -0.0007 0.5882
vn 0.8088 -0.0007 0.5881
vn 0.3624 0.0006 0.9320
vn 0.7169 -0.0004 0.6972
vn 0.7169 -0.0003 0.6972
vn 0.3624 0.0006 0.9320
vn -0.1990 0.0014 0.9800
vn -0.1990 0.0017 0.9800
vn -0.6972 0.0019 0.7168
vn -0.6973 0.0019 0.7168
vn -0.4724 -0.8781 -0.0757
vn -0.4786 -0.8775 -0.0312
vn -0.3415 -0.9396 -0.0220
vn -0.8287 -0.5434 -0.1344
vn -0.8375 -0.5435 -0.0562
vn -0.6470 -0.7613 -0.0429
vn -0.5481 -0.7946 -0.2611
vn -0.4474 -0.7731 -0.4496
vn -0.1138 -0.8838 -0.4537
vn 0.1826 -0.8977 -0.4011
vn 0.1799 -0.9020 -0.3924
vn -0.0438 -0.7656 -0.6418
vn 0.2033 -0.7891 -0.5796
vn -0.3433 -0.6853 -0.6423
vn -0.0735 -0.7105 -0.6999
vn 0.1570 -0.7470 -0.6461
vn 0.2018 -0.7849 -0.5858
vn -0.3506 -0.6314 -0.6917
vn -0.7685 -0.5346 -0.3516
vn -0.6868 -0.5079 -0.5199
vn -0.6737 -0.4838 -0.5587
vn -0.6125 -0.5144 -0.6002
vn -0.4244 -0.6170 -0.6627
vn -0.1538 -0.7082 -0.6891
vn -0.5178 -0.5632 -0.6440
vn -0.5166 -0.5639 -0.6443
vn -0.5160 -0.5642 -0.6445
vn -0.5157 -0.5644 -0.6446
vn -0.5145 -0.5651 -0.6449
vn -0.5114 -0.5669 -0.6458
vn -0.5030 -0.5719 -0.6480
vn -0.4836 -0.5845 -0.6515
vn -0.4605 -0.6017 -0.6526
vn 0.3696 -0.9260 -0.0771
vn 0.3956 -0.9161 -0.0660
vn 0.5355 -0.8421 0.0639
vn 0.5382 -0.8401 0.0682
vn 0.6022 -0.7746 0.1932
vn 0.6666 -0.7374 0.1088
vn 0.6359 -0.7717 0.0124
vn 0.6109 -0.7899 -0.0527
vn 0.5046 -0.8425 -0.1887
vn 0.4070 -0.8848 -0.2268
vn 0.6027 -0.7741 0.1939
vn 0.6670 -0.7369 0.1098
vn 0.5014 0.5730 0.6483
vn 0.5030 0.5720 0.6479
vn 0.5115 0.5669 0.6458
vn 0.5146 0.5651 0.6449
vn 0.5158 0.5644 0.6445
vn 0.5160 0.5643 0.6444
vn 0.5166 0.5639 0.6443
vn 0.5179 0.5632 0.6439
vn 0.6800 0.4806 0.5537
vn 0.3519 0.6400 0.6831
vn 0.4060 0.6136 0.6773
vn 0.6052 -0.7720 0.1943
vn 0.6690 -0.7350 0.1101
vn 0.6047 -0.7723 0.1946
vn 0.6689 -0.7351 0.1107
vn 0.6034 -0.7729 0.1965
vn 0.6675 -0.7360 0.1128
vn 0.6047 -0.7714 0.1983
vn 0.6686 -0.7346 0.1154
vn 0.6091 -0.7665 0.2036
vn 0.6721 -0.7302 0.1227
vn 0.6101 -0.7654 0.2048
vn 0.6203 -0.7540 0.2161
vn 0.6807 -0.7191 0.1398
vn 0.6432 -0.7309 0.2282
vn 0.6987 -0.6976 0.1586
vn 0.6955 -0.7014 0.1558
vn 0.4486 0.6123 0.6510
vn 0.4564 0.6053 0.6522
vn 0.4837 0.5845 0.6515
vn 0.6518 -0.7225 0.2304
vn 0.7088 -0.6722 0.2138
vn 0.7485 -0.6439 0.1585
vn 0.7107 -0.6838 0.1653
vn -0.4563 -0.6053 -0.6523
vn -0.4433 -0.6177 -0.6496
vn -0.2731 -0.7483 -0.6045
vn -0.4222 -0.6471 -0.6348
vn -0.4155 -0.6932 -0.5889
vn 0.7480 -0.6377 0.1837
vn 0.8892 -0.4367 -0.1364
vn 0.8831 -0.4584 -0.1004
vn 0.8263 -0.5584 0.0742
vn 0.4160 0.6652 0.6200
vn 0.4223 0.6471 0.6348
vn 0.1290 0.7023 0.7001
vn 0.2407 0.7304 0.6392
vn 0.4829 0.7586 0.4375
vn 0.4399 0.7344 0.5169
vn 0.3993 0.7994 0.4489
vn -0.1087 0.7479 0.6549
vn -0.0433 0.7724 0.6336
vn -0.0123 0.7899 0.6131
vn 0.1191 0.8862 0.4477
vn 0.1195 0.8865 0.4471
vn -0.1767 0.7547 0.6318
vn 0.0632 0.7209 0.6902
vn -0.2074 0.8134 0.5435
vn -0.2039 0.7910 0.5769
vn 0.0574 0.7928 0.6068
vn 0.3736 0.7041 0.6039
vn 0.4945 0.7779 0.3877
vn 0.1526 0.9060 0.3949
vn -0.1645 0.9231 0.3475
vn -0.1765 0.9072 0.3819
vn -0.1254 0.9578 0.2587
vn -0.1730 0.9004 0.3993
vn -0.1412 0.8844 0.4449
vn -0.2231 0.8885 0.4010
vn -0.2713 0.8497 0.4522
vn -0.2903 0.8563 0.4271
vn -0.1417 0.8844 0.4446
vn -0.1415 0.9550 0.2606
vn -0.1953 0.9138 0.3560
vn -0.4507 0.8927 -0.0081
vn -0.5685 0.7686 0.2933
vn -0.4887 0.8724 -0.0090
vn -0.8153 0.5789 -0.0157
vn -0.8740 0.4594 0.1581
vn -0.8529 0.5218 -0.0165
vn -0.9461 0.3233 -0.0178
vn -0.9704 0.2331 0.0634
vn -0.9992 0.0364 -0.0192
vn -0.9992 0.0364 -0.0192
vn -0.8792 0.4249 0.2156
vn -0.6025 0.7042 0.3757
vn -0.9991 0.0365 -0.0192
vn -0.9992 0.0362 -0.0192
vn -0.9992 0.0359 -0.0192
vn -0.9992 0.0364 -0.0192
vn -0.9992 0.0364 -0.0192
vn -0.9992 0.0364 -0.0192
vn -0.9966 -0.0437 -0.0702
vn -0.9926 -0.0173 -0.1202
vn -0.9926 -0.0173 -0.1202
vn -0.9966 -0.0436 -0.0702
vn -0.9930 -0.0193 -0.1165
vn -0.9930 -0.0193 -0.1165
vn 0.0154 -0.9997 0.0166
vn 0.0177 -0.9998 -0.0027
vn 0.0253 -0.9984 -0.0508
vn 0.0261 -0.9980 -0.0572
vn 0.0580 -0.9983 0.0089
vn 0.0583 -0.9983 0.0015
vn 0.0438 -0.9990 -0.0000
vn 0.0421 -0.9990 0.0148
vn -0.9974 -0.0583 -0.0422
vn -0.9974 -0.0590 -0.0409
vn 0.0666 -0.9699 -0.2344
vn 0.0326 -0.9713 -0.2357
vn 0.0145 -0.9762 0.2164
vn 0.0478 -0.9748 0.2179
vn 0.9965 0.0431 0.0713
vn 0.9974 0.0583 0.0422
vn 0.9965 0.0431 0.0713
vn 0.9926 0.0173 0.1201
vn 0.9926 0.0173 0.1201
vn 0.0239 -0.9997 0.0015
vn 0.0326 -0.9713 -0.2355
vn -0.0308 -0.9710 -0.2372
vn -0.0364 -0.9993 0.0004
vn -0.0362 -0.9993 0.0012
vn -0.0362 -0.9993 0.0011
vn -0.0363 -0.9993 0.0005
vn -0.0359 -0.9994 -0.0011
vn -0.0359 -0.9994 -0.0004
vn 0.0386 -0.9993 0.0004
vn 0.0381 -0.9992 0.0098
vn 0.0383 -0.9992 0.0099
vn 0.9986 0.0384 0.0364
vn 0.9786 0.2004 0.0459
vn 0.9986 0.0386 0.0364
vn 0.2004 -0.9797 0.0076
vn 0.0387 -0.9993 0.0004
vn 0.1997 -0.9797 0.0199
vn 0.1998 -0.9796 0.0199
vn -0.9986 -0.0005 -0.0532
vn -0.9986 -0.0005 -0.0532
vn -0.9992 0.0359 -0.0192
vn -0.9992 0.0359 -0.0192
vn -0.9986 -0.0386 -0.0364
vn -0.9986 -0.0386 -0.0364
vn -0.9786 -0.2006 -0.0459
vn -0.9786 -0.2006 -0.0459
vn -0.9945 -0.0783 -0.0696
vn -0.9945 -0.0782 -0.0696
vn 0.3494 -0.9368 0.0195
vn 0.3494 -0.9368 0.0195
vn 0.2005 -0.9797 0.0076
vn 0.3489 -0.9367 0.0281
vn 0.3489 -0.9367 0.0281
vn -0.9966 0.0382 -0.0730
vn -0.9973 0.0233 -0.0700
vn -0.9980 0.0075 -0.0627
vn -0.9982 0.0061 -0.0594
vn -0.9377 0.3392 -0.0749
vn -0.9539 0.2925 -0.0666
vn -0.7376 0.6701 -0.0830
vn -0.7766 0.6256 -0.0750
vn -0.8203 0.5681 -0.0663
vn -0.8533 0.5211 -0.0197
vn -0.8963 0.4430 -0.0196
vn -0.9992 0.0359 -0.0192
vn -0.5890 0.8048 -0.0730
vn -0.4652 0.8850 -0.0203
vn -0.6258 0.7797 -0.0202
vn -0.6289 0.7772 -0.0201
vn -0.8970 0.4416 -0.0197
vn -0.9990 0.0411 -0.0192
vn -0.9990 0.0410 -0.0192
vn -0.9992 0.0359 -0.0192
vn -0.9992 0.0361 -0.0192
vn -0.9992 0.0361 -0.0192
vn -0.9992 0.0361 -0.0192
vn -0.9992 0.0361 -0.0192
vn -0.9992 0.0361 -0.0192
vn -0.9992 0.0361 -0.0192
vn -0.9992 0.0361 -0.0192
vn -0.9992 0.0361 -0.0192
vn -0.9992 0.0359 -0.0192
vn -0.9992 0.0359 -0.0192
vn -0.8978 0.4399 -0.0196
vn -0.8987 0.4380 -0.0196
vn -0.6358 0.7716 -0.0201
vn -0.8852 0.4648 -0.0197
vn -0.6323 0.7744 -0.0201
vn -0.8804 0.4412 0.1739
vn -0.6328 0.7741 -0.0201
vn -0.6335 0.7154 0.2947
vn -0.2511 0.9677 -0.0204
vn -0.2527 0.9673 -0.0204
vn -0.2574 0.9661 -0.0204
vn -0.2950 0.9119 0.2852
vn -0.2966 0.8837 0.3621
vn 0.0045 0.9998 -0.0176
vn 0.0040 0.9998 -0.0176
vn 0.0036 0.9998 -0.0177
vn -0.0756 0.9480 0.3092
vn 0.2025 0.9467 0.2506
vn 0.4908 0.8359 0.2458
vn 0.5811 0.7790 0.2355
vn 0.5526 0.7716 0.3150
vn 0.4895 0.7607 0.4264
vn 0.8202 -0.4364 -0.3699
vn 0.8131 -0.5434 -0.2085
vn 0.7822 -0.6223 -0.0297
vn 0.7827 -0.6223 0.0023
vn 0.8320 -0.4886 -0.2628
vn 0.8566 -0.3279 -0.3983
vn 0.8418 -0.3816 -0.3817
vn 0.8700 -0.3928 -0.2980
vn 0.8653 -0.3366 -0.3714
vn -0.4238 -0.8168 -0.3915
vn -0.4399 -0.7344 -0.5169
vn -0.4894 -0.7607 -0.4264
vn -0.5189 -0.7665 -0.3784
vn -0.5524 -0.7715 -0.3155
vn 0.0804 -0.7560 -0.6496
vn 0.1284 -0.9554 -0.2658
vn 0.1456 -0.9524 -0.2679
vn 0.4884 -0.8726 0.0105
vn 0.4744 -0.8724 0.1177
vn 0.7793 -0.6170 0.1099
vn 0.7525 -0.5955 0.2814
vn 0.6431 -0.5054 0.5753
vn 0.7748 -0.6130 0.1548
vn 0.7831 -0.6213 -0.0248
vn 0.7834 -0.6212 -0.0192
vn 0.7830 -0.6215 -0.0253
vn 0.7831 -0.6215 -0.0197
vn 0.7828 -0.6217 -0.0254
vn 0.7830 -0.6217 -0.0198
vn 0.7826 -0.6220 -0.0261
vn 0.7827 -0.6221 -0.0203
vn 0.7819 -0.6228 -0.0273
vn 0.7820 -0.6229 -0.0216
vn 0.7805 -0.6245 -0.0301
vn 0.7806 -0.6245 -0.0238
vn -0.2479 0.9686 -0.0204
vn -0.2445 0.9694 -0.0205
vn -0.2429 0.9698 -0.0205
vn -0.2378 0.9711 -0.0205
vn -0.1727 0.9848 -0.0195
vn -0.7339 0.6744 -0.0814
vn -0.7256 0.6838 -0.0775
vn -0.7245 0.6850 -0.0768
vn -0.7243 0.6852 -0.0767
vn -0.7243 0.6852 -0.0767
vn -0.8066 0.5865 -0.0732
vn -0.7243 0.6852 -0.0767
vn -0.7243 0.6852 -0.0767
vn -0.7243 0.6852 -0.0767
vn -0.7243 0.6852 -0.0767
vn -0.7242 0.6853 -0.0767
vn -0.7240 0.6855 -0.0765
vn -0.7223 0.6875 -0.0753
vn -0.7168 0.6939 -0.0691
vn -0.7071 0.7050 -0.0544
vn -0.7063 0.7060 -0.0529
vn -0.7062 0.7061 -0.0528
vn -0.7062 0.7061 -0.0527
vn -0.8066 0.5865 -0.0732
vn -0.7062 0.7061 -0.0527
vn -0.7061 0.7061 -0.0527
vn -0.7061 0.7061 -0.0527
vn -0.7061 0.7062 -0.0526
vn -0.7058 0.7065 -0.0521
vn -0.7029 0.7098 -0.0473
vn -0.6932 0.7198 -0.0369
vn -0.6457 0.7635 -0.0089
vn -0.6436 0.7648 -0.0304
vn -0.6390 0.7682 -0.0392
vn -0.4852 0.8732 -0.0458
vn -0.4891 0.8711 -0.0456
vn -0.4891 0.8710 -0.0456
vn -0.4766 0.8782 -0.0387
vn -0.4891 0.8710 -0.0456
vn -0.4766 0.8782 -0.0387
vn -0.4766 0.8782 -0.0387
vn -0.4960 0.8683 -0.0055
vn -0.4960 0.8683 -0.0055
vn -0.4891 0.8710 -0.0456
vn -0.4892 0.8710 -0.0456
vn -0.4892 0.8710 -0.0456
vn -0.4894 0.8709 -0.0456
vn -0.4898 0.8707 -0.0456
vn -0.4911 0.8699 -0.0455
vn -0.4939 0.8683 -0.0454
vn -0.4996 0.8651 -0.0451
vn -0.5473 0.8330 -0.0810
vn -0.4565 0.8868 -0.0718
vn 0.6716 0.1999 0.7134
vn 0.6695 0.2023 0.7148
vn 0.6444 0.2245 0.7310
vn 0.6437 0.2250 0.7314
vn 0.6485 0.2272 0.7265
vn 0.6499 0.2261 0.7256
vn 0.6746 0.2030 0.7098
vn 0.6761 0.2012 0.7088
vn 0.6926 0.1690 0.7013
vn 0.6971 0.1688 0.6968
vn 0.5476 -0.8356 0.0431
vn 0.5088 -0.8597 0.0447
vn 0.4911 -0.8699 0.0455
vn 0.4901 -0.8705 0.0455
vn 0.4895 -0.8708 0.0456
vn 0.4893 -0.8709 0.0456
vn 0.5460 -0.8369 0.0387
vn 0.5460 -0.8369 0.0387
vn 0.4933 -0.8699 0.0047
vn 0.4933 -0.8699 0.0047
vn 0.4892 -0.8710 0.0456
vn 0.4888 -0.8712 0.0456
vn 0.4876 -0.8719 0.0456
vn 0.4833 -0.8742 0.0459
vn 0.5299 -0.8442 0.0809
vn 0.5959 -0.7998 0.0725
vn 0.5959 -0.7998 0.0725
vn 0.8544 0.3705 0.3643
vn 0.8565 0.3721 0.3576
vn 0.8959 0.4391 -0.0672
vn 0.8958 0.4392 -0.0688
vn 0.4097 -0.9117 0.0320
vn 0.4096 -0.9117 0.0321
vn 0.9092 0.4109 0.0679
vn 0.9352 0.3499 0.0542
vn 0.9353 0.3498 0.0542
vn 0.4124 -0.9110 -0.0102
vn 0.4121 -0.9111 -0.0102
vn 0.9113 0.4108 0.0270
vn 0.9113 0.4108 0.0275
vn 0.9103 0.4108 0.0507
vn 0.9093 0.4109 0.0660
vn 0.3746 -0.7649 -0.5241
vn 0.3741 -0.7639 -0.5258
vn 0.4091 -0.8962 -0.1718
vn 0.4092 -0.8963 -0.1710
vn 0.3855 -0.9227 -0.0051
vn 0.3855 -0.9226 -0.0099
vn 0.3854 -0.9227 -0.0099
vn -0.9133 -0.4073 -0.0067
vn -0.9133 -0.4072 -0.0088
vn -0.9128 -0.4081 -0.0133
vn -0.9125 -0.4088 -0.0158
vn -0.9121 -0.4095 -0.0183
vn -0.9116 -0.4105 -0.0225
vn -0.9225 -0.3856 0.0183
vn -0.9226 -0.3853 0.0189
vn -0.9216 -0.3864 0.0366
vn 0.3853 -0.9228 -0.0053
vn 0.3658 -0.9296 -0.0451
vn -0.9220 -0.3685 0.1184
vn -0.9425 -0.3331 -0.0271
vn -0.9104 -0.4130 -0.0262
vn -0.9118 -0.4101 -0.0193
vn -0.9120 -0.4099 -0.0133
vn -0.9127 -0.4085 -0.0084
vn -0.9130 -0.4078 -0.0070
vn -0.9132 -0.4074 -0.0067
vn -0.1005 0.2462 -0.9640
vn 0.1086 -0.2275 -0.9677
vn 0.1238 -0.2618 -0.9571
vn 0.1240 -0.2618 -0.9571
vn 0.1102 -0.2288 -0.9672
vn -0.0986 0.2419 -0.9653
vn -0.3047 0.7013 -0.6444
vn -0.3034 0.6996 -0.6469
vn -0.3773 0.8560 -0.3534
vn -0.3773 0.8559 -0.3537
vn -0.4096 0.9123 0.0024
vn -0.4099 0.9121 0.0047
vn -0.3701 0.7957 0.4795
vn -0.3694 0.7939 0.4829
vn 0.9215 0.3867 -0.0359
vn 0.9225 0.3857 -0.0181
vn 0.9116 0.4105 0.0225
vn 0.9121 0.4095 0.0183
vn 0.9125 0.4088 0.0158
vn 0.9129 0.4081 0.0133
vn 0.9133 0.4072 0.0088
vn 0.9133 0.4073 0.0067
vn 0.9204 0.3884 -0.0444
vn 0.9132 0.4074 0.0067
vn 0.9130 0.4078 0.0070
vn 0.9127 0.4085 0.0084
vn 0.9121 0.4098 0.0133
vn 0.9118 0.4101 0.0193
vn 0.9103 0.4130 0.0263
vn 0.9108 0.4119 0.0262
vn 0.9225 0.3856 -0.0183
vn 0.9425 0.3331 0.0271
vn 0.9471 0.3197 0.0273
vn 0.9480 0.3172 0.0273
vn 0.9521 0.3044 0.0274
vn 0.9569 0.2890 0.0275
vn 0.9626 0.2696 0.0277
vn 0.9653 0.2595 0.0278
vn 0.9421 0.3333 0.0359
vn 0.9495 0.3114 0.0379
vn 0.9534 0.2990 0.0398
vn 0.2582 -0.8797 -0.3993
vn 0.2744 -0.8693 -0.4112
vn 0.2885 -0.8652 -0.4102
vn 0.2979 -0.8571 -0.4202
vn 0.3166 -0.8500 -0.4210
vn 0.3088 -0.8217 -0.4790
vn 0.2518 -0.8434 -0.4746
vn 0.3724 -0.7896 -0.4877
vn 0.3743 -0.7944 -0.4784
vn 0.3684 -0.7966 -0.4792
vn 0.3671 -0.7934 -0.4855
vn 0.3651 -0.7968 -0.4815
vn 0.3642 -0.7947 -0.4857
vn 0.3271 -0.7183 -0.6141
vn 0.3257 -0.7151 -0.6185
vn 0.2325 -0.5060 -0.8306
vn 0.2313 -0.5035 -0.8325
vn -0.9422 -0.3331 -0.0359
vn -0.9678 -0.2471 -0.0478
vn -0.9684 -0.2450 -0.0459
vn -0.9691 -0.2423 -0.0457
vn -0.9679 -0.2471 -0.0453
vn -0.9638 -0.2630 -0.0439
vn 0.2451 -0.8891 -0.3866
vn 0.2575 -0.8802 -0.3987
vn 0.2389 -0.8493 -0.4707
vn 0.2357 -0.8534 -0.4649
vn 0.2357 -0.8536 -0.4646
vn 0.9640 0.2621 0.0440
vn 0.9679 0.2471 0.0453
vn 0.9691 0.2423 0.0457
vn 0.9652 0.2574 0.0457
vn 0.9654 0.2566 0.0458
vn 0.9627 0.2691 0.0277
vn 0.9583 0.2826 0.0419
vn 0.9638 0.2630 0.0439
vn 0.9673 0.2521 0.0278
vn 0.9695 0.2434 0.0278
vn 0.9694 0.2408 0.0477
vn 0.2463 -0.8758 -0.4152
vn 0.2341 -0.8254 -0.5137
vn 0.2292 -0.8025 -0.5509
vn 0.2404 -0.8689 -0.4328
vn 0.9700 0.2383 0.0480
vn 0.9751 0.2160 0.0500
vn 0.9691 0.2453 0.0277
vn 0.9778 0.2035 0.0503
vn 0.9574 0.2876 0.0272
vn 0.9606 0.2766 0.0274
vn 0.9385 0.3443 0.0265
vn 0.9947 0.1010 -0.0187
vn 0.9793 0.1958 0.0520
vn 0.9061 0.4223 0.0266
vn 0.9380 0.3456 0.0269
vn 0.9380 0.3456 0.0269
vn 0.9380 0.3456 0.0269
vn 0.9380 0.3456 0.0268
vn 0.9380 0.3457 0.0267
vn 0.7222 0.6911 0.0282
vn 0.9432 0.3310 0.0272
vn -0.6007 0.7992 -0.0196
vn -0.9989 0.0364 -0.0291
vn -0.9970 -0.0713 -0.0289
vn -0.9938 -0.1078 -0.0288
vn -0.9912 -0.1291 -0.0286
vn -0.9905 -0.1342 -0.0285
vn -0.9756 -0.2171 -0.0338
vn -0.7002 0.0000 0.7140
vn -0.9831 -0.1802 -0.0318
vn 0.0000 -0.0000 -1.0000
vn -0.7135 0.0132 -0.7005
vn 0.9807 0.1889 0.0500
vn -0.9988 -0.0254 -0.0426
vn 0.9824 0.1792 0.0523
vn -0.9996 -0.0027 -0.0297
vn 0.9832 0.1756 0.0498
vn -0.9991 -0.0081 -0.0426
vn 0.9879 0.1459 0.0518
vn 0.0266 -0.9977 0.0626
vn 0.9989 -0.0173 0.0426
vn 0.9786 0.2006 0.0459
vn 0.9930 0.0193 0.1163
vn 0.9930 0.0193 0.1163
vn 0.9920 0.0145 0.1253
vn 0.9932 0.0201 0.1148
vn 0.9943 0.0263 0.1031
vn 0.9943 0.0261 0.1035
vn 0.9940 0.0244 0.1068
vn 0.9940 0.0243 0.1069
vn 0.0500 -0.9708 -0.2345
vn 0.0499 -0.9709 -0.2340
vn 0.0709 -0.8862 -0.4579
vn 0.0711 -0.8861 -0.4579
vn 0.0964 -0.6573 -0.7474
vn 0.0965 -0.6557 -0.7488
vn -0.9939 -0.0241 -0.1073
vn -0.9940 -0.0243 -0.1068
vn -0.9943 -0.0262 -0.1034
vn -0.9943 -0.0263 -0.1031
vn -0.9939 -0.0241 -0.1072
vn 0.0982 -0.6333 -0.7677
vn 0.1184 -0.2683 -0.9560
vn 0.1185 -0.2630 -0.9575
vn 0.0971 -0.6481 -0.7553
vn -0.9892 -0.0033 -0.1464
vn -0.9913 -0.0115 -0.1311
vn -0.9929 -0.0186 -0.1178
vn -0.9845 0.0120 -0.1750
vn -0.9888 -0.0018 -0.1492
vn 0.1298 -0.2525 -0.9589
vn 0.1377 -0.3612 -0.9223
vn 0.1384 -0.3851 -0.9124
vn 0.1389 -0.3770 -0.9157
vn 0.1380 -0.3493 -0.9268
vn 0.1299 -0.2456 -0.9606
vn 0.9929 0.0186 0.1178
vn 0.9913 0.0115 0.1311
vn 0.9893 0.0036 0.1459
vn 0.9888 0.0018 0.1492
vn 0.9845 -0.0120 0.1750
vn 0.9773 -0.0307 0.2097
vn 0.1333 -0.5974 -0.7908
vn 0.1343 -0.5906 -0.7957
vn 0.1091 -0.7754 -0.6219
vn 0.1100 -0.7723 -0.6257
vn 0.9597 -0.0653 0.2735
vn 0.9374 -0.0986 0.3339
vn 0.3500 0.9365 0.0228
vn 0.4784 0.8776 0.0314
vn 0.4724 0.8781 0.0757
vn 0.6579 0.7518 0.0436
vn 0.8376 0.5434 0.0561
vn 0.8287 0.5434 0.1343
vn 0.8760 0.4787 0.0589
vn 0.7979 0.5230 0.2996
vn 0.7151 0.5091 0.4790
vn 0.8701 0.3508 0.3463
vn 0.8907 0.3294 0.3134
vn 0.9639 0.2161 0.1554
vn 0.9834 0.1685 0.0675
vn 0.9495 0.2730 0.1545
vn 0.2763 -0.9611 0.0013
vn 0.2762 -0.9611 0.0012
vn 0.1708 -0.9848 -0.0303
vn 0.1704 -0.9851 -0.0251
vn 0.2750 -0.9614 0.0088
vn 0.2752 -0.9613 0.0089
vn 0.2741 -0.9418 -0.1944
vn 0.1965 -0.9748 -0.1056
vn 0.2308 -0.9694 -0.0841
vn 0.9495 0.2732 0.1546
vn 0.9254 0.3247 0.1956
vn 0.9393 0.2395 0.2456
vn 0.3264 -0.9449 0.0245
vn 0.3249 -0.9452 0.0321
vn -0.9393 -0.2396 -0.2456
vn -0.9254 -0.3247 -0.1956
vn -0.9495 -0.2732 -0.1546
vn -0.9495 -0.2730 -0.1545
vn -0.9834 -0.1685 -0.0675
vn -0.8699 -0.4897 -0.0587
vn 0.4631 0.8782 0.1198
vn -0.8252 -0.5251 -0.2081
vn -0.9764 -0.1846 -0.1124
vn -0.9531 -0.2390 -0.1858
vn -0.8907 -0.3293 -0.3133
vn -0.8175 -0.3959 -0.4182
vn 0.6856 0.4777 0.5494
vn 0.0377 -0.5436 0.8385
vn 0.0458 -0.0771 0.9960
vn -0.0482 -0.0770 0.9959
vn -0.2327 -0.0767 0.9695
vn -0.4925 -0.0764 0.8670
vn 0.0447 0.9872 -0.1529
vn 0.0672 0.9843 -0.1631
vn 0.0929 0.9802 -0.1748
vn 0.1223 0.9745 -0.1883
vn 0.7184 0.0472 0.6941
vn 0.7186 0.0469 0.6938
vn 0.7180 0.0474 0.6945
vn 0.7185 0.0473 0.6939
vn 0.7179 0.0474 0.6946
vn 0.7182 0.0474 0.6942
vn 0.7181 0.0475 0.6943
vn 0.7181 0.0475 0.6943
vn 0.5114 -0.6934 0.5075
vn 0.7440 0.0348 0.6672
vn -0.5634 0.6924 -0.4508
vn -0.5753 0.6762 -0.4602
vn 0.7122 0.0478 0.7004
vn 0.7126 0.0478 0.6999
vn 0.7122 0.0478 0.7004
vn 0.7126 0.0478 0.6999
vn 0.7183 0.0474 0.6941
vn 0.7186 0.0474 0.6938
vn 0.7180 0.0474 0.6944
vn 0.7185 0.0474 0.6939
vn 0.7176 0.0476 0.6948
vn 0.7183 0.0476 0.6941
vn 0.7182 0.0475 0.6942
vn -0.0075 -0.9971 0.0762
vn 0.0324 -0.9989 0.0350
vn 0.0476 -0.9987 0.0189
vn 0.0794 -0.9955 0.0511
vn 0.1350 -0.9887 -0.0653
vn 0.1043 -0.9940 0.0334
vn 0.7161 0.0477 0.6964
vn 0.7154 0.0473 0.6971
vn 0.7108 0.0506 0.7016
vn 0.7112 0.0510 0.7011
vn 0.7154 0.0472 0.6971
vn 0.7160 0.0476 0.6965
vn 0.7181 0.0476 0.6943
vn -0.0324 0.9989 -0.0350
vn 0.7098 0.0514 0.7025
vn 0.7054 0.0537 0.7068
vn 0.7057 0.0539 0.7065
vn 0.7105 0.0515 0.7018
vn 0.7027 0.0528 0.7095
vn 0.7024 0.0527 0.7098
vn 0.8218 0.1259 0.5557
vn 0.8219 0.1260 0.5556
vn 0.9479 0.2736 0.1630
vn 0.9483 0.2750 0.1587
vn 0.9462 0.2676 0.1817
vn -0.2469 0.9168 0.3139
vn -0.2569 0.9128 0.3175
vn -0.2886 0.9038 0.3161
vn -0.3007 0.9027 0.3077
vn -0.3086 0.9042 0.2952
vn -0.3978 0.8374 0.3748
vn -0.3410 0.8371 0.4277
vn -0.3385 0.8370 0.4298
vn 0.8300 0.4076 -0.3807
vn 0.8311 0.4073 -0.3788
vn 0.3090 -0.9040 -0.2955
vn 0.3010 -0.9025 -0.3081
vn 0.2890 -0.9035 -0.3165
vn 0.2573 -0.9126 -0.3178
vn 0.2471 -0.9166 -0.3142
vn 0.6486 0.4295 -0.6283
vn 0.6482 0.4302 -0.6283
vn 0.4023 0.4140 -0.8166
vn 0.4039 0.4142 -0.8157
vn -0.1437 0.2888 -0.9465
vn -0.1395 0.2901 -0.9468
vn -0.2933 0.2381 -0.9259
vn -0.5997 0.1106 -0.7925
vn -0.5976 0.1116 -0.7940
vn -0.2892 0.2395 -0.9268
vn -0.2017 0.8372 0.5084
vn -0.1992 0.8373 0.5092
vn -0.1472 0.9142 0.3775
vn -0.1481 0.9239 0.3527
vn -0.1400 0.9364 0.3217
vn -0.1265 0.9465 0.2969
vn -0.1896 0.9465 0.2610
vn -0.1957 0.9433 0.2680
vn -0.2240 0.9276 0.2989
vn -0.7269 0.0439 -0.6853
vn -0.7260 0.0444 -0.6863
vn 0.2242 -0.9275 -0.2991
vn 0.1957 -0.9434 -0.2679
vn 0.1894 -0.9467 -0.2607
vn 0.1263 -0.9466 -0.2966
vn 0.1401 -0.9364 -0.3218
vn 0.1482 -0.9238 -0.3529
vn 0.1474 -0.9140 -0.3779
vn -0.7265 0.0436 -0.6858
vn -0.7250 0.0422 -0.6874
vn -0.7243 0.0425 -0.6881
vn -0.7256 0.0439 -0.6868
vn 0.1021 -0.9594 -0.2628
vn 0.1238 -0.9480 -0.2932
vn 0.1681 -0.9571 -0.2360
vn 0.1419 -0.9684 -0.2052
vn 0.1175 -0.9773 -0.1764
vn 0.0956 -0.9840 -0.1504
vn 0.0472 -0.9913 -0.1230
vn -0.7230 0.0401 -0.6897
vn -0.7224 0.0406 -0.6903
vn -0.7222 0.0378 -0.6906
vn -0.7211 0.0382 -0.6918
vn -0.0472 0.9913 0.1230
vn -0.0956 0.9840 0.1504
vn -0.1178 0.9772 0.1769
vn -0.1422 0.9682 0.2057
vn -0.1683 0.9570 0.2363
vn -0.1239 0.9480 0.2933
vn -0.1023 0.9593 0.2632
vn -0.7210 0.0357 -0.6920
vn -0.7202 0.0359 -0.6929
vn -0.7162 0.0177 -0.6977
vn -0.7168 0.0235 -0.6969
vn -0.7178 0.0235 -0.6958
vn -0.7172 0.0177 -0.6967
vn -0.0242 0.9980 0.0586
vn -0.0139 0.9943 0.1053
vn 0.0132 -0.9944 -0.1050
vn 0.0237 -0.9980 -0.0580
vn 0.0086 -0.9921 -0.1252
vn 0.0293 -0.9873 -0.1559
vn 0.0876 -0.9663 -0.2420
vn 0.0067 -0.9948 -0.1020
vn -0.0001 -0.9997 -0.0253
vn -0.0373 -0.9990 0.0237
vn -0.0571 -0.9977 -0.0370
vn -0.0514 -0.9977 -0.0437
vn -0.0122 -0.9955 -0.0938
vn 0.7205 -0.0868 0.6880
vn 0.7186 -0.0800 0.6908
vn 0.7172 -0.0741 0.6929
vn 0.7181 -0.0740 0.6920
vn 0.7202 -0.0798 0.6891
vn 0.7228 -0.0863 0.6857
vn 0.7151 -0.0674 0.6958
vn 0.7146 -0.0674 0.6963
vn 0.7120 -0.0655 0.6992
vn 0.7147 -0.0667 0.6962
vn 0.7143 -0.0667 0.6966
vn 0.7122 -0.0656 0.6989
vn -0.0067 0.9948 0.1019
vn 0.0122 0.9955 0.0938
vn 0.0515 0.9977 0.0437
vn 0.0574 0.9977 0.0366
vn 0.0376 0.9990 -0.0241
vn 0.0001 0.9997 0.0253
vn 0.1001 0.9949 -0.0088
vn 0.0813 0.9944 -0.0680
vn -0.7166 0.0102 -0.6974
vn -0.7161 0.0102 -0.6979
vn 0.7051 -0.0739 0.7053
vn 0.7068 -0.0712 0.7038
vn 0.7086 -0.0711 0.7021
vn 0.7070 -0.0744 0.7032
vn 0.6902 -0.0967 0.7171
vn 0.6938 -0.0984 0.7135
vn -0.0812 -0.9944 0.0680
vn -0.1001 -0.9949 0.0088
vn -0.0086 0.9922 0.1247
vn -0.0878 0.9662 0.2425
vn -0.0293 0.9873 0.1560
vn 0.7310 -0.1029 0.6746
vn 0.7285 -0.1037 0.6772
vn 0.7331 -0.1063 0.6718
vn 0.7366 -0.1103 0.6673
vn 0.7343 -0.1113 0.6696
vn 0.7308 -0.1072 0.6741
vn 0.7491 -0.1074 0.6537
vn 0.9300 0.0129 0.3673
vn 0.9302 0.0131 0.3669
vn 0.7444 -0.1073 0.6590
vn 0.9882 0.1526 0.0153
vn 0.9880 0.1538 0.0120
vn 0.9160 0.2701 -0.2968
vn 0.8881 0.2913 -0.3557
vn 0.8862 0.2924 -0.3594
vn 0.9143 0.2714 -0.3006
vn 0.1464 -0.9124 -0.3822
vn 0.1341 -0.9047 -0.4043
vn 0.1137 -0.9027 -0.4151
vn 0.0903 -0.9068 -0.4118
vn 0.0527 -0.9276 -0.3699
vn 0.6056 0.3972 -0.6895
vn 0.6036 0.3976 -0.6911
vn 0.1649 0.4286 -0.8883
vn 0.1655 0.4286 -0.8882
vn -0.0454 0.8344 0.5493
vn -0.0527 0.9277 0.3697
vn -0.0902 0.9070 0.4113
vn -0.1136 0.9029 0.4145
vn -0.1339 0.9050 0.4038
vn -0.1462 0.9126 0.3817
vn -0.3037 0.3682 -0.8787
vn -0.3004 0.3689 -0.8796
vn -0.2946 0.6030 0.7413
vn -0.0757 0.6026 0.7945
vn -0.0665 0.6025 0.7953
vn -0.4974 0.6031 0.6236
vn -0.3060 0.6030 0.7367
vn -0.3781 0.1765 0.9088
vn -0.0942 0.1761 0.9799
vn 0.1615 0.6024 0.7817
vn 0.1981 0.1756 0.9643
vn -0.3768 -0.1748 0.9096
vn -0.0947 -0.1751 0.9800
vn -0.0933 -0.1751 0.9801
vn 0.1974 -0.1756 0.9645
vn 0.1983 -0.1757 0.9643
vn 0.1675 0.6023 0.7805
vn 0.7491 0.5606 -0.3530
vn 0.7945 0.4291 -0.4298
vn 0.7874 0.4104 -0.4600
vn 0.8289 0.3119 -0.4643
vn 0.9040 -0.0218 -0.4270
vn 0.9481 -0.0127 -0.3176
vn 0.9905 0.0007 -0.1378
vn 0.9855 -0.0989 -0.1380
vn 0.9940 -0.1059 -0.0276
vn -0.6209 -0.7785 0.0925
vn -0.8003 0.0089 0.5995
vn -0.8009 -0.0588 0.5959
vn -0.8202 0.0138 0.5719
vn -0.7981 0.0647 0.5991
vn -0.8177 0.0593 0.5726
vn -0.7992 0.1042 0.5919
vn -0.8001 0.1035 0.5908
vn -0.8052 0.0995 0.5847
vn -0.8073 0.0978 0.5819
vn -0.8095 0.0961 0.5792
vn -0.8116 0.0945 0.5765
vn -0.8136 0.0929 0.5739
vn -0.8140 0.0926 0.5735
vn -0.8194 0.0884 0.5664
vn -0.7330 0.1835 0.6550
vn -0.7342 0.1815 0.6542
vn -0.7561 0.1345 0.6405
vn -0.7695 0.1084 0.6294
vn -0.7849 0.0786 0.6146
vn -0.7861 0.0897 0.6116
vn -0.7540 -0.0834 0.6515
vn -0.7697 -0.0284 0.6377
vn -0.7870 0.0957 0.6095
vn 0.7725 -0.5598 -0.2997
vn -0.7696 0.1310 0.6249
vn -0.7701 0.1338 0.6237
vn -0.7878 0.1036 0.6072
vn -0.7881 0.1018 0.6071
vn -0.7871 0.0998 0.6086
vn -0.8084 0.1198 0.5763
vn 0.8153 -0.4154 -0.4033
vn 0.8197 -0.4326 -0.3754
vn 0.7698 -0.6021 -0.2119
vn -0.1815 -0.7397 0.6480
vn 0.2560 -0.8801 0.3998
vn 0.2394 -0.8779 0.4147
vn -0.7888 0.1087 0.6050
vn -0.8296 0.1392 0.5408
vn -0.8431 0.1986 0.4997
vn -0.7880 0.0109 0.6156
vn -0.8381 0.0429 0.5438
vn -0.8382 0.0396 0.5439
vn 0.2806 -0.8349 0.4735
vn 0.1824 -0.8530 0.4891
vn -0.7703 0.1360 0.6230
vn -0.7557 0.1540 0.6366
vn -0.7561 0.1552 0.6358
vn -0.7544 0.1532 0.6382
vn -0.7325 0.1831 0.6557
vn -0.7699 0.1373 0.6232
vn -0.7701 0.1384 0.6227
vn -0.7720 0.1403 0.6200
vn -0.7891 0.1169 0.6030
vn -0.7894 0.1150 0.6030
vn -0.7887 0.1132 0.6043
vn -0.8098 0.0833 0.5808
vn -0.8091 0.0786 0.5824
vn -0.8081 0.0736 0.5845
vn -0.8445 0.0536 0.5329
vn -0.8431 0.0517 0.5352
vn -0.8443 0.0560 0.5329
vn -0.8454 0.0598 0.5308
vn -0.8119 0.0903 0.5768
vn -0.7900 0.1205 0.6011
vn -0.8375 0.0448 0.5446
vn -0.8403 0.0477 0.5400
vn -0.8414 0.0473 0.5383
vn -0.8417 0.0494 0.5376
vn -0.8325 0.0258 0.5534
vn -0.8359 0.0342 0.5478
vn -0.8856 0.0193 0.4640
vn -0.8665 0.0230 0.4986
vn -0.8499 0.0235 0.5264
vn -0.8342 0.0263 0.5508
vn -0.8329 0.0267 0.5528
vn -0.8861 0.0407 0.4617
vn -0.8889 0.0378 0.4566
vn -0.9014 0.0475 0.4304
vn -0.8735 0.0302 0.4859
vn -0.8705 0.0444 0.4902
vn -0.9020 0.0485 0.4289
vn -0.9001 0.0418 0.4336
vn -0.8975 0.0308 0.4399
vn -0.8917 -0.0381 0.4511
vn -0.8887 -0.0463 0.4561
vn -0.8905 -0.0542 0.4517
vn -0.8836 -0.0255 0.4676
vn -0.8841 -0.1252 0.4502
vn -0.8820 -0.1304 0.4529
vn -0.8844 -0.1125 0.4529
vn -0.8606 0.0251 0.5086
vn -0.8579 0.0476 0.5117
vn -0.8478 0.0209 0.5299
vn -0.8451 0.0512 0.5321
vn -0.8318 0.0550 0.5523
vn -0.8337 0.0769 0.5468
vn -0.8339 0.0768 0.5465
vn 0.5080 -0.7934 0.3353
vn 0.8408 -0.5102 -0.1809
vn 0.8285 -0.5401 -0.1478
vn -0.8295 0.0803 0.5526
vn -0.8345 0.0171 0.5508
vn -0.8035 0.0578 0.5925
vn -0.7881 0.1107 0.6055
vn -0.8051 0.0654 0.5896
vn -0.7205 0.1714 -0.6720
vn -0.7151 0.1603 -0.6804
vn -0.7132 0.1604 -0.6823
vn -0.7177 0.1719 -0.6749
vn -0.7134 0.1574 -0.6829
vn -0.7120 0.1575 -0.6843
vn -0.6162 -0.7002 0.3606
f 6//1 4//2 1//3
f 6//1 1//3 2//4
f 6//1 2//4 2717//5
f 6//1 2717//5 7//6
f 1//3 3//7 357//8
f 1//3 357//8 356//9
f 1//3 356//9 346//10
f 1//3 346//10 2//4
f 3//11 1//12 4//13
f 3//11 4//13 5//14
f 3//11 5//14 67//15
f 3//11 67//15 359//16
f 4//13 6//17 8//18
f 4//13 8//18 9//19
f 4//13 9//19 66//20
f 4//13 66//20 5//14
f 10//21 8//22 6//1
f 10//21 6//1 7//6
f 10//21 7//6 2483//23
f 10//21 2483//23 11//24
f 8//18 10//25 12//26
f 8//18 12//26 14//27
f 8//18 14//27 15//25
f 8//18 15//25 9//19
f 13//28 12//29 10//21
f 13//28 10//21 11//24
f 13//28 11//24 2480//30
f 13//28 2480//30 2481//31
f 12//26 13//32 20//33
f 12//26 20//33 18//34
f 12//26 18//34 16//35
f 12//26 16//35 14//27
f 17//36 2738//37 2737//38
f 17//36 2737//38 15//39
f 17//36 15//39 14//40
f 17//36 14//40 16//41
f 45//42 46//43 17//36
f 45//42 17//36 16//41
f 45//42 16//41 18//44
f 45//42 18//44 19//45
f 20//33 21//46 23//47
f 20//33 23//47 24//48
f 20//33 24//48 19//49
f 20//33 19//49 18//34
f 21//50 20//51 13//28
f 21//50 13//28 2481//31
f 21//50 2481//31 2482//52
f 21//50 2482//52 22//53
f 22//53 1363//54 1362//55
f 22//53 1362//55 26//56
f 22//53 26//56 25//57
f 22//53 25//57 23//58
f 22//53 23//58 21//50
f 23//47 25//59 27//60
f 23//47 27//60 24//48
f 28//61 25//57 26//56
f 28//61 26//56 29//62
f 32//63 27//60 25//59
f 32//63 25//59 28//64
f 32//63 28//64 30//65
f 1360//66 1358//67 1359//68
f 1360//66 1359//68 2126//69
f 1360//66 2126//69 31//70
f 1360//66 31//70 30//71
f 1360//66 30//71 28//61
f 1360//66 28//61 29//62
f 30//65 31//72 2124//73
f 30//65 2124//73 34//74
f 30//65 34//74 33//75
f 30//65 33//75 32//63
f 35//76 38//77 27//78
f 35//76 27//78 32//79
f 35//76 32//79 33//80
f 36//81 35//76 33//80
f 36//81 33//80 34//82
f 36//81 34//82 2232//83
f 35//76 36//81 2146//84
f 35//76 2146//84 1264//85
f 35//76 1264//85 1263//86
f 35//76 1263//86 1262//87
f 35//76 1262//87 37//88
f 35//76 37//88 40//89
f 35//76 40//89 39//90
f 35//76 39//90 38//77
f 19//45 24//91 27//78
f 19//45 27//78 38//77
f 19//45 38//77 39//90
f 19//45 39//90 42//92
f 19//45 42//92 43//93
f 19//45 43//93 45//42
f 1259//94 1258//95 41//96
f 1259//94 41//96 39//90
f 1259//94 39//90 40//89
f 44//97 43//93 42//92
f 44//97 42//92 39//90
f 44//97 39//90 41//96
f 44//97 41//96 1255//98
f 44//97 47//99 46//100
f 44//97 46//100 45//42
f 44//97 45//42 43//93
f 47//99 48//101 2738//102
f 47//99 2738//102 17//103
f 47//99 17//103 46//100
f 47//99 44//97 1253//104
f 47//99 1253//104 50//105
f 47//99 50//105 49//106
f 48//101 47//99 49//106
f 48//101 49//106 51//107
f 48//101 51//107 53//108
f 51//107 49//106 50//105
f 51//107 50//105 2495//109
f 51//107 2495//109 2494//110
f 51//107 2494//110 52//111
f 54//112 53//108 51//107
f 54//112 51//107 52//111
f 54//112 52//111 2458//113
f 54//112 2458//113 55//114
f 58//115 48//101 53//108
f 58//115 53//108 54//112
f 58//115 54//112 56//116
f 57//117 56//116 54//112
f 57//117 54//112 55//114
f 57//117 55//114 2726//118
f 57//117 2726//118 306//119
f 60//120 58//115 56//116
f 60//120 56//116 57//117
f 60//120 57//117 62//121
f 48//101 58//115 59//122
f 48//101 59//122 2737//123
f 48//101 2737//123 2738//102
f 58//115 60//120 63//124
f 58//115 63//124 65//125
f 58//115 65//125 59//122
f 60//120 61//126 70//127
f 60//120 70//127 68//128
f 60//120 68//128 64//129
f 60//120 64//129 63//124
f 60//120 62//121 310//130
f 60//120 310//130 232//131
f 60//120 232//131 61//126
f 65//132 63//124 64//129
f 65//132 64//129 67//133
f 65//132 67//133 5//134
f 65//132 5//134 66//135
f 2737//38 59//136 65//132
f 2737//38 65//132 66//135
f 2737//38 66//135 9//137
f 2737//38 9//137 15//39
f 64//129 68//128 69//138
f 64//129 69//138 358//139
f 64//129 358//139 359//140
f 64//129 359//140 67//133
f 73//141 74//142 69//138
f 73//141 69//138 68//128
f 73//141 68//128 71//143
f 230//144 72//145 71//143
f 230//144 71//143 68//128
f 230//144 68//128 70//127
f 77//146 75//147 73//141
f 77//146 73//141 71//143
f 77//146 71//143 72//145
f 77//146 72//145 79//148
f 74//142 73//141 75//147
f 74//142 75//147 76//149
f 74//142 76//149 360//150
f 75//147 77//146 78//151
f 75//147 78//151 424//152
f 75//147 424//152 420//153
f 75//147 420//153 419//154
f 75//147 419//154 417//155
f 75//147 417//155 76//149
f 79//148 80//156 82//157
f 79//148 82//157 83//158
f 79//148 83//158 2735//159
f 79//148 2735//159 2736//160
f 79//148 2736//160 78//151
f 79//148 78//151 77//146
f 230//144 81//161 80//156
f 230//144 80//156 79//148
f 230//144 79//148 72//145
f 81//161 88//162 87//163
f 81//161 87//163 85//164
f 81//161 85//164 82//157
f 81//161 82//157 80//156
f 83//158 82//157 84//165
f 83//158 84//165 430//166
f 83//158 430//166 429//167
f 83//158 429//167 428//168
f 83//158 428//168 427//169
f 83//158 427//169 426//170
f 82//157 85//164 86//171
f 82//157 86//171 84//165
f 89//172 90//173 86//171
f 89//172 86//171 85//164
f 89//172 85//164 87//163
f 87//163 88//162 2731//174
f 87//163 2731//174 2730//175
f 87//163 2730//175 225//176
f 87//163 225//176 92//177
f 87//163 92//177 91//178
f 87//163 91//178 89//172
f 93//179 94//180 90//173
f 93//179 90//173 89//172
f 93//179 89//172 91//178
f 218//181 95//182 93//179
f 218//181 93//179 91//178
f 218//181 91//178 92//177
f 218//181 92//177 220//183
f 94//180 93//179 96//184
f 94//180 96//184 99//185
f 93//179 95//182 98//186
f 93//179 98//186 96//184
f 96//184 98//186 158//187
f 96//184 158//187 97//188
f 99//185 96//184 97//188
f 99//185 97//188 100//189
f 99//185 100//189 103//190
f 99//185 103//190 101//191
f 94//180 99//185 101//191
f 94//180 101//191 102//192
f 106//193 108//194 109//195
f 106//193 109//195 430//166
f 106//193 430//166 84//165
f 106//193 84//165 102//192
f 106//193 102//192 101//191
f 106//193 101//191 103//190
f 106//193 103//190 104//196
f 100//189 151//197 105//198
f 100//189 105//198 104//196
f 100//189 104//196 103//190
f 104//196 105//198 153//199
f 104//196 153//199 145//200
f 104//196 145//200 144//201
f 104//196 144//201 143//202
f 104//196 143//202 142//203
f 104//196 142//203 137//204
f 104//196 137//204 136//205
f 104//196 136//205 134//206
f 104//196 134//206 132//207
f 104//196 132//207 130//208
f 104//196 130//208 128//209
f 104//196 128//209 126//210
f 104//196 126//210 125//211
f 104//196 125//211 123//212
f 104//196 123//212 124//213
f 104//196 124//213 117//214
f 104//196 117//214 107//215
f 104//196 107//215 106//193
f 113//216 110//217 108//194
f 113//216 108//194 106//193
f 113//216 106//193 107//215
f 110//217 112//218 109//195
f 110//217 109//195 108//194
f 112//218 110//217 111//219
f 112//218 111//219 413//220
f 112//218 413//220 461//221
f 112//218 461//221 460//222
f 112//218 460//222 459//223
f 112//218 459//223 458//224
f 112//218 458//224 457//225
f 112//218 457//225 456//225
f 112//218 456//225 454//226
f 112//218 454//226 453//227
f 112//218 453//227 452//227
f 112//218 452//227 450//226
f 112//218 450//226 449//227
f 112//218 449//227 448//228
f 112//218 448//228 447//229
f 112//218 447//229 446//230
f 112//218 446//230 445//231
f 112//218 445//231 444//232
f 112//218 444//232 443//233
f 112//218 443//233 442//234
f 114//235 111//219 110//217
f 114//235 110//217 113//216
f 118//236 114//235 113//216
f 118//236 113//216 115//237
f 115//237 113//216 107//215
f 115//237 107//215 117//214
f 119//238 118//236 115//237
f 119//238 115//237 116//239
f 119//238 116//239 121//240
f 116//239 115//237 117//214
f 116//239 117//214 124//213
f 111//219 114//235 118//236
f 111//219 118//236 119//238
f 111//219 119//238 120//241
f 111//219 120//241 2708//242
f 111//219 2708//242 2707//243
f 111//219 2707//243 462//244
f 111//219 462//244 412//245
f 111//219 412//245 411//246
f 111//219 411//246 413//220
f 120//241 119//238 121//240
f 120//241 121//240 122//247
f 120//241 122//247 127//248
f 120//241 127//248 129//249
f 121//240 116//239 124//213
f 121//240 124//213 123//212
f 122//247 121//240 123//212
f 122//247 123//212 125//211
f 127//248 122//247 125//211
f 127//248 125//211 126//210
f 129//249 127//248 126//210
f 129//249 126//210 128//209
f 131//250 129//249 128//209
f 131//250 128//209 130//208
f 133//251 131//250 130//208
f 133//251 130//208 132//207
f 135//252 133//251 132//207
f 135//252 132//207 134//206
f 138//253 135//252 134//206
f 138//253 134//206 136//205
f 139//254 138//253 136//205
f 139//254 136//205 137//204
f 2708//242 135//252 138//253
f 2708//242 138//253 139//254
f 2708//242 139//254 140//255
f 2708//242 140//255 141//256
f 2708//242 141//256 2707//243
f 140//255 139//254 137//204
f 140//255 137//204 142//203
f 140//255 142//203 143//202
f 140//255 143//202 141//256
f 462//244 2707//243 141//256
f 462//244 141//256 143//257
f 462//244 143//257 144//201
f 462//244 144//201 146//258
f 462//244 146//258 147//259
f 462//244 147//259 2662//260
f 462//244 2662//260 2655//261
f 462//244 2655//261 2654//262
f 462//244 2654//262 2652//263
f 148//264 146//258 144//201
f 148//264 144//201 145//200
f 148//264 149//265 147//259
f 148//264 147//259 146//258
f 150//266 152//267 149//265
f 150//266 149//265 148//264
f 150//266 148//264 145//200
f 150//266 145//200 153//199
f 151//197 150//266 153//199
f 151//197 153//199 105//198
f 151//197 155//268 152//267
f 151//197 152//267 150//266
f 152//267 154//269 2660//270
f 152//267 2660//270 149//265
f 155//268 156//271 154//269
f 155//268 154//269 152//267
f 100//189 97//188 155//268
f 100//189 155//268 151//197
f 97//188 158//187 156//271
f 97//188 156//271 155//268
f 156//271 157//272 2661//273
f 156//271 2661//273 154//269
f 158//187 159//274 157//272
f 158//187 157//272 156//271
f 98//186 160//275 159//274
f 98//186 159//274 158//187
f 159//274 161//276 162//277
f 159//274 162//277 157//272
f 160//275 163//278 161//276
f 160//275 161//276 159//274
f 162//277 161//276 164//279
f 162//277 164//279 165//280
f 162//277 165//280 2666//281
f 161//276 163//278 167//282
f 161//276 167//282 166//283
f 161//276 166//283 164//279
f 168//284 171//285 165//280
f 168//284 165//280 164//279
f 168//284 164//279 166//283
f 169//286 168//284 166//283
f 169//286 166//283 167//282
f 169//286 167//282 2733//287
f 169//286 194//288 170//289
f 169//286 170//289 168//284
f 168//284 170//289 173//290
f 168//284 173//290 171//285
f 171//285 172//291 2665//292
f 171//285 2665//292 2666//281
f 171//285 2666//281 165//280
f 171//285 173//290 175//293
f 171//285 175//293 172//291
f 173//290 174//294 176//295
f 173//290 176//295 175//293
f 170//289 192//296 174//294
f 170//289 174//294 173//290
f 172//291 175//293 177//297
f 172//291 177//297 178//298
f 175//293 176//295 180//299
f 175//293 180//299 177//297
f 178//298 177//297 179//300
f 178//298 179//300 2651//301
f 177//297 180//299 181//302
f 177//297 181//302 179//300
f 180//299 182//303 183//304
f 180//299 183//304 181//302
f 176//295 185//305 182//303
f 176//295 182//303 180//299
f 182//303 184//306 2642//307
f 182//303 2642//307 183//304
f 185//305 186//308 184//306
f 185//305 184//306 182//303
f 174//294 187//309 185//305
f 174//294 185//305 176//295
f 187//309 188//310 186//308
f 187//309 186//308 185//305
f 192//296 189//311 187//309
f 192//296 187//309 174//294
f 189//311 190//312 188//310
f 189//311 188//310 187//309
f 191//313 2573//314 190//312
f 191//313 190//312 189//311
f 193//315 191//313 189//311
f 193//315 189//311 192//296
f 194//288 193//315 192//296
f 194//288 192//296 170//289
f 198//316 195//317 193//315
f 198//316 193//315 194//288
f 195//317 196//318 191//313
f 195//317 191//313 193//315
f 197//319 2700//320 196//318
f 197//319 196//318 195//317
f 200//321 197//319 195//317
f 200//321 195//317 198//316
f 199//322 198//316 194//288
f 199//322 194//288 169//286
f 200//321 198//316 199//322
f 200//321 199//322 204//323
f 200//321 204//323 203//324
f 200//321 203//324 201//325
f 197//319 200//321 201//325
f 197//319 201//325 202//326
f 197//319 202//326 2699//327
f 513//328 202//326 201//325
f 513//328 201//325 203//324
f 513//328 203//324 205//329
f 513//328 205//329 206//330
f 513//328 206//330 515//331
f 513//328 515//331 514//332
f 203//324 204//333 212//334
f 203//324 212//334 211//335
f 203//324 211//335 209//336
f 203//324 209//336 207//337
f 203//324 207//337 205//329
f 206//330 205//329 207//337
f 206//330 207//337 208//338
f 206//330 208//338 523//339
f 206//330 523//339 522//340
f 207//337 209//336 210//341
f 207//337 210//341 2559//342
f 207//337 2559//342 2557//343
f 207//337 2557//343 2555//344
f 207//337 2555//344 2553//345
f 207//337 2553//345 2551//346
f 207//337 2551//346 2547//347
f 207//337 2547//347 2546//348
f 207//337 2546//348 2545//349
f 207//337 2545//349 2544//350
f 207//337 2544//350 2529//351
f 207//337 2529//351 2528//352
f 207//337 2528//352 541//353
f 207//337 541//353 208//338
f 211//335 213//354 214//355
f 211//335 214//355 221//356
f 211//335 221//356 222//357
f 211//335 222//357 210//341
f 211//335 210//341 209//336
f 216//358 215//359 213//354
f 216//358 213//354 211//360
f 216//358 211//360 212//361
f 216//358 212//361 2734//362
f 216//358 2734//362 2732//363
f 215//359 217//364 214//355
f 215//359 214//355 213//354
f 217//364 215//359 216//358
f 217//364 216//358 219//365
f 217//364 218//181 220//183
f 217//364 220//183 221//356
f 217//364 221//356 214//355
f 218//181 217//364 219//365
f 218//181 219//365 95//182
f 219//365 216//358 163//278
f 219//365 163//278 160//275
f 95//182 219//365 160//275
f 95//182 160//275 98//186
f 221//356 220//183 92//177
f 221//356 92//177 225//176
f 221//356 225//176 223//366
f 221//356 223//366 222//357
f 2559//342 210//341 222//357
f 2559//342 222//357 223//366
f 2559//342 223//366 224//367
f 2559//342 224//367 2568//367
f 2559//342 2568//367 2567//367
f 2559//342 2567//367 2566//368
f 2559//342 2566//368 2565//368
f 2559//342 2565//368 2564//368
f 2559//342 2564//368 2563//367
f 2559//342 2563//367 2562//367
f 2559//342 2562//367 2560//369
f 2559//342 2560//369 2558//370
f 228//371 2530//372 2531//373
f 228//371 2531//373 2532//374
f 228//371 2532//374 2533//374
f 228//371 2533//374 2534//374
f 228//371 2534//374 2535//375
f 228//371 2535//375 2536//374
f 228//371 2536//374 2537//374
f 228//371 2537//374 2538//376
f 228//371 2538//376 2539//377
f 228//371 2539//377 2541//378
f 228//371 2541//378 2542//379
f 228//371 2542//379 2543//380
f 228//371 2543//380 2548//381
f 228//371 2548//381 2549//382
f 228//371 2549//382 2550//383
f 228//371 2550//383 2552//384
f 228//371 2552//384 2554//385
f 228//371 2554//385 2556//386
f 228//371 2556//386 2558//370
f 228//371 2558//370 2561//387
f 228//371 2561//387 2562//367
f 228//371 2562//367 2563//367
f 228//371 2563//367 2564//368
f 228//371 2564//368 2565//368
f 228//371 2565//368 2566//368
f 228//371 2566//368 2567//367
f 228//371 2567//367 2568//367
f 228//371 2568//367 224//367
f 228//371 224//367 223//366
f 228//371 223//366 226//388
f 228//371 226//388 227//389
f 81//161 226//388 223//366
f 81//161 223//366 225//176
f 81//161 225//176 2730//175
f 81//161 2730//175 2731//174
f 81//161 2731//174 88//162
f 81//161 230//144 229//390
f 81//161 229//390 227//389
f 81//161 227//389 226//388
f 233//391 234//392 254//393
f 233//391 254//393 228//371
f 233//391 228//371 227//389
f 233//391 227//389 229//390
f 233//391 229//390 231//394
f 230//144 70//127 61//126
f 230//144 61//126 232//131
f 230//144 232//131 231//394
f 230//144 231//394 229//390
f 233//391 231//394 232//131
f 233//391 232//131 235//395
f 233//391 235//395 236//396
f 233//391 236//396 239//397
f 233//391 239//397 234//392
f 308//398 309//399 311//400
f 308//398 311//400 2718//401
f 308//398 2718//401 2719//402
f 308//398 2719//402 2720//403
f 308//398 2720//403 2721//404
f 308//398 2721//404 2722//405
f 308//398 2722//405 2723//406
f 308//398 2723//406 2724//407
f 308//398 2724//407 2725//408
f 308//398 2725//408 237//409
f 308//398 237//409 236//396
f 308//398 236//396 235//395
f 308//398 235//395 232//131
f 308//398 232//131 310//130
f 312//410 313//411 238//412
f 312//410 238//412 236//396
f 312//410 236//396 237//409
f 312//410 237//409 2725//408
f 312//410 2725//408 2724//407
f 312//410 2724//407 2723//406
f 312//410 2723//406 2722//405
f 312//410 2722//405 2721//404
f 312//410 2721//404 2720//403
f 312//410 2720//403 2719//402
f 312//410 2719//402 2718//401
f 312//410 2718//401 311//400
f 312//410 311//400 309//399
f 239//397 236//396 238//412
f 239//397 238//412 242//413
f 239//397 242//413 240//414
f 240//414 241//415 250//416
f 240//414 250//416 251//417
f 240//414 251//417 252//418
f 240//414 252//418 254//393
f 240//414 254//393 234//392
f 240//414 234//392 239//397
f 243//419 245//420 247//421
f 243//419 247//421 241//422
f 243//419 241//422 240//423
f 243//419 240//423 242//424
f 242//424 238//425 244//426
f 242//424 244//426 243//419
f 245//427 243//428 244//429
f 245//427 244//429 339//430
f 245//427 339//430 246//431
f 246//431 561//432 559//433
f 246//431 559//433 560//434
f 246//431 560//434 249//435
f 246//431 249//435 248//436
f 246//431 248//436 247//437
f 246//431 247//437 245//427
f 247//421 248//438 250//439
f 247//421 250//439 241//422
f 248//438 249//440 251//441
f 248//438 251//441 250//439
f 249//440 560//442 255//443
f 249//440 255//443 253//444
f 249//440 253//444 252//445
f 249//440 252//445 251//441
f 252//418 253//446 256//447
f 252//418 256//447 258//448
f 252//418 258//448 260//449
f 252//418 260//449 261//450
f 252//418 261//450 2530//372
f 252//418 2530//372 228//371
f 252//418 228//371 254//393
f 255//443 257//451 256//452
f 255//443 256//452 253//444
f 257//451 552//453 553//454
f 257//451 553//454 259//455
f 257//451 259//455 258//456
f 257//451 258//456 256//452
f 258//448 259//457 263//458
f 258//448 263//458 262//459
f 258//448 262//459 260//449
f 265//460 545//461 543//462
f 265//460 543//462 542//463
f 265//460 542//463 261//450
f 265//460 261//450 260//449
f 265//460 260//449 262//459
f 265//460 262//459 264//464
f 263//458 280//465 279//466
f 263//458 279//466 267//467
f 263//458 267//467 266//468
f 263//458 266//468 264//464
f 263//458 264//464 262//459
f 264//464 266//468 265//460
f 545//469 265//470 266//471
f 545//469 266//471 268//472
f 545//469 268//472 269//473
f 545//469 269//473 546//474
f 281//475 272//476 271//477
f 281//475 271//477 268//472
f 281//475 268//472 266//471
f 281//475 266//471 267//478
f 269//479 268//480 270//481
f 551//482 270//481 268//480
f 551//482 268//480 271//483
f 551//482 271//483 273//484
f 551//482 273//484 274//485
f 551//482 274//485 554//486
f 271//483 272//487 276//488
f 271//483 276//488 275//489
f 271//483 275//489 273//484
f 274//490 273//491 275//492
f 274//490 275//492 277//493
f 274//490 277//493 279//494
f 274//490 279//494 280//495
f 275//492 276//496 278//497
f 275//492 278//497 277//493
f 279//466 277//498 278//499
f 279//466 278//499 281//500
f 279//466 281//500 267//467
f 553//454 554//501 274//490
f 553//454 274//490 280//495
f 553//454 280//495 263//502
f 553//454 263//502 259//455
f 282//503 278//497 276//496
f 282//503 276//496 284//504
f 2728//505 281//500 278//499
f 2728//505 278//499 282//506
f 2728//505 282//506 283//507
f 284//504 285//508 287//509
f 284//504 287//509 288//510
f 284//504 288//510 283//511
f 284//504 283//511 282//503
f 285//512 284//513 276//488
f 285//512 276//488 272//487
f 285//512 272//487 286//514
f 289//515 287//516 285//512
f 289//515 285//512 286//514
f 289//515 286//514 2729//517
f 289//515 2729//517 293//518
f 289//515 293//518 291//519
f 287//509 289//520 290//521
f 287//509 290//521 324//522
f 287//509 324//522 303//523
f 287//509 303//523 288//510
f 325//524 315//525 317//526
f 325//524 317//526 320//527
f 325//524 320//527 321//528
f 325//524 321//528 322//529
f 325//524 322//529 290//530
f 325//524 290//530 289//515
f 325//524 289//515 291//519
f 325//524 291//519 292//531
f 325//524 292//531 328//532
f 325//524 328//532 326//533
f 2488//534 2486//535 292//531
f 2488//534 292//531 291//519
f 2488//534 291//519 294//536
f 2488//534 294//536 295//537
f 293//518 297//538 296//539
f 293//518 296//539 294//536
f 293//518 294//536 291//519
f 2466//540 295//541 294//542
f 2466//540 294//542 296//543
f 2466//540 296//543 298//544
f 2466//540 298//544 300//545
f 2466//540 300//545 301//546
f 2466//540 301//546 2468//547
f 296//543 297//548 299//549
f 296//543 299//549 298//544
f 302//550 300//551 298//552
f 302//550 298//552 299//553
f 302//550 299//553 304//554
f 301//555 300//551 302//550
f 301//555 302//550 305//556
f 301//555 305//556 306//119
f 301//555 306//119 2726//118
f 302//550 304//554 2727//557
f 302//550 2727//557 2728//505
f 302//550 2728//505 283//507
f 302//550 283//507 288//558
f 302//550 288//558 303//559
f 309//399 308//398 307//560
f 309//399 307//560 305//556
f 309//399 305//556 302//550
f 309//399 302//550 303//559
f 309//399 303//559 324//561
f 309//399 324//561 323//562
f 309//399 323//562 319//563
f 309//399 319//563 318//564
f 309//399 318//564 316//565
f 309//399 316//565 314//566
f 309//399 314//566 312//410
f 310//130 62//121 57//117
f 310//130 57//117 306//119
f 310//130 306//119 305//556
f 310//130 305//556 307//560
f 310//130 307//560 308//398
f 315//567 325//568 327//569
f 315//567 327//569 313//570
f 315//567 313//570 312//571
f 315//567 312//571 314//572
f 317//573 315//567 314//572
f 317//573 314//572 316//574
f 320//575 317//573 316//574
f 320//575 316//574 318//576
f 321//577 320//575 318//576
f 321//577 318//576 319//578
f 322//579 321//577 319//578
f 322//579 319//578 323//580
f 290//521 322//579 323//580
f 290//521 323//580 324//522
f 326//533 329//581 330//582
f 326//533 330//582 331//583
f 326//533 331//583 332//584
f 326//533 332//584 333//585
f 326//533 333//585 334//586
f 326//533 334//586 335//587
f 326//533 335//587 336//588
f 326//533 336//588 337//589
f 326//533 337//589 338//590
f 326//533 338//590 339//430
f 326//533 339//430 244//429
f 326//533 244//429 327//591
f 326//533 327//591 325//524
f 327//569 244//426 238//425
f 327//569 238//425 313//570
f 341//592 340//593 339//430
f 341//592 339//430 338//590
f 341//592 338//590 337//589
f 341//592 337//589 336//588
f 341//592 336//588 335//587
f 341//592 335//587 334//586
f 341//592 334//586 333//585
f 341//592 333//585 332//584
f 341//592 332//584 331//583
f 341//592 331//583 330//582
f 341//592 330//582 329//581
f 341//592 329//581 326//533
f 341//592 326//533 328//532
f 561//432 246//431 339//430
f 561//432 339//430 340//593
f 561//432 340//593 342//594
f 343//595 340//593 341//592
f 343//595 341//592 2487//596
f 343//595 2487//596 344//597
f 348//598 342//594 340//593
f 348//598 340//593 343//595
f 348//598 343//595 345//599
f 348//598 345//599 347//600
f 2717//5 2//4 346//10
f 2717//5 346//10 345//599
f 2717//5 345//599 343//595
f 2717//5 343//595 344//597
f 345//599 346//10 352//601
f 345//599 352//601 350//602
f 345//599 350//602 347//600
f 562//603 558//604 348//598
f 562//603 348//598 347//600
f 562//603 347//600 349//605
f 350//602 351//606 2527//607
f 350//602 2527//607 349//605
f 350//602 349//605 347//600
f 351//606 350//602 352//601
f 351//606 352//601 353//608
f 351//606 353//608 355//609
f 352//601 346//10 356//9
f 352//601 356//9 353//608
f 353//608 356//9 357//8
f 353//608 357//8 354//610
f 354//610 361//611 355//609
f 354//610 355//609 353//608
f 359//16 358//612 357//613
f 359//16 357//613 3//11
f 354//614 357//615 358//616
f 354//614 358//616 360//617
f 360//150 358//139 69//138
f 360//150 69//138 74//142
f 361//618 354//614 360//617
f 361//618 360//617 76//619
f 361//611 418//620 365//621
f 361//611 365//621 364//622
f 361//611 364//622 362//623
f 361//611 362//623 355//609
f 355//609 362//623 363//624
f 355//609 363//624 2526//625
f 355//609 2526//625 2527//607
f 355//609 2527//607 351//606
f 367//626 363//624 362//627
f 367//626 362//627 364//628
f 367//626 364//628 366//629
f 364//628 365//621 368//630
f 364//628 368//630 366//629
f 371//631 367//626 366//629
f 371//631 366//629 369//632
f 368//630 372//633 369//632
f 368//630 369//632 366//629
f 370//634 374//635 371//631
f 370//634 371//631 369//632
f 372//633 373//636 370//634
f 372//633 370//634 369//632
f 386//637 2709//638 2710//639
f 386//637 2710//639 2711//640
f 386//637 2711//640 2712//641
f 386//637 2712//641 2713//642
f 386//637 2713//642 2714//643
f 386//637 2714//643 2715//644
f 386//637 2715//644 2716//645
f 386//637 2716//645 378//646
f 386//637 378//646 377//647
f 386//637 377//647 375//648
f 386//637 375//648 374//635
f 386//637 374//635 370//634
f 386//637 370//634 373//649
f 386//637 373//649 372//650
f 386//637 372//650 368//630
f 386//637 368//630 365//621
f 386//637 365//621 418//620
f 386//637 418//620 441//651
f 374//635 375//648 376//652
f 374//635 376//652 2526//625
f 374//635 2526//625 363//624
f 374//635 363//624 367//626
f 374//635 367//626 371//631
f 380//653 2520//654 376//652
f 380//653 376//652 375//648
f 380//653 375//648 377//647
f 380//653 377//647 379//655
f 377//647 378//646 2716//645
f 377//647 2716//645 2715//644
f 377//647 2715//644 2714//643
f 377//647 2714//643 2713//642
f 377//647 2713//642 2712//641
f 377//647 2712//641 2711//640
f 377//647 2711//640 2710//639
f 377//647 2710//639 2709//638
f 377//647 2709//638 386//637
f 377//647 386//637 385//656
f 377//647 385//656 382//657
f 377//647 382//657 379//655
f 381//658 2516//659 2519//660
f 381//658 2519//660 380//653
f 381//658 380//653 379//655
f 384//661 381//658 379//655
f 384//661 379//655 382//657
f 385//656 387//662 388//663
f 385//656 388//663 389//664
f 385//656 389//664 390//665
f 385//656 390//665 391//666
f 385//656 391//666 393//667
f 385//656 393//667 394//668
f 385//656 394//668 395//669
f 385//656 395//669 396//670
f 385//656 396//670 397//670
f 385//656 397//670 398//670
f 385//656 398//670 399//670
f 385//656 399//670 400//671
f 385//656 400//671 401//672
f 385//656 401//672 402//673
f 385//656 402//673 403//674
f 385//656 403//674 404//675
f 385//656 404//675 405//676
f 385//656 405//676 406//677
f 385//656 406//677 407//678
f 385//656 407//678 383//679
f 385//656 383//679 382//657
f 635//680 384//661 382//657
f 635//680 382//657 383//679
f 441//651 410//681 408//682
f 441//651 408//682 407//678
f 441//651 407//678 406//677
f 441//651 406//677 405//676
f 441//651 405//676 404//675
f 441//651 404//675 403//674
f 441//651 403//674 402//673
f 441//651 402//673 401//672
f 441//651 401//672 400//671
f 441//651 400//671 399//670
f 441//651 399//670 398//670
f 441//651 398//670 397//670
f 441//651 397//670 396//670
f 441//651 396//670 395//669
f 441//651 395//669 392//683
f 441//651 392//683 391//666
f 441//651 391//666 390//665
f 441//651 390//665 389//664
f 441//651 389//664 388//663
f 441//651 388//663 387//662
f 441//651 387//662 385//656
f 441//651 385//656 386//637
f 407//678 408//682 409//684
f 407//678 409//684 634//685
f 407//678 634//685 635//680
f 407//678 635//680 383//679
f 412//686 409//687 408//688
f 412//686 408//688 411//689
f 416//690 414//691 411//692
f 416//690 411//692 408//693
f 416//690 408//693 410//694
f 415//695 442//234 443//233
f 415//695 443//233 444//232
f 415//695 444//232 445//231
f 415//695 445//231 446//230
f 415//695 446//230 447//229
f 415//695 447//229 448//228
f 415//695 448//228 449//227
f 415//695 449//227 451//696
f 415//695 451//696 452//227
f 415//695 452//227 453//227
f 415//695 453//227 455//696
f 415//695 455//696 456//225
f 415//695 456//225 457//225
f 415//695 457//225 458//224
f 415//695 458//224 459//223
f 415//695 459//223 460//222
f 415//695 460//222 461//221
f 415//695 461//221 413//220
f 415//695 413//220 411//246
f 415//695 411//246 414//697
f 414//697 416//698 417//155
f 414//697 417//155 419//154
f 414//697 419//154 421//699
f 414//697 421//699 422//700
f 414//697 422//700 425//701
f 414//697 425//701 428//168
f 414//697 428//168 429//167
f 414//697 429//167 431//702
f 414//697 431//702 432//703
f 414//697 432//703 433//704
f 414//697 433//704 434//705
f 414//697 434//705 435//706
f 414//697 435//706 436//707
f 414//697 436//707 437//708
f 414//697 437//708 438//709
f 414//697 438//709 439//710
f 414//697 439//710 440//711
f 414//697 440//711 415//695
f 410//694 441//712 418//713
f 410//694 418//713 417//714
f 410//694 417//714 416//690
f 76//619 417//715 418//716
f 76//619 418//716 361//618
f 421//699 419//717 420//153
f 421//699 420//153 424//152
f 421//699 424//152 423//718
f 425//701 422//700 421//699
f 425//701 421//699 423//718
f 424//152 78//719 2736//160
f 424//152 2736//160 2735//159
f 424//152 2735//159 83//158
f 424//152 83//158 426//170
f 424//152 426//170 423//718
f 426//170 427//169 428//168
f 426//170 428//168 425//701
f 426//170 425//701 423//718
f 112//218 442//234 415//695
f 112//218 415//695 440//711
f 112//218 440//711 439//710
f 112//218 439//710 438//709
f 112//218 438//709 437//708
f 112//218 437//708 436//707
f 112//218 436//707 435//706
f 112//218 435//706 434//705
f 112//218 434//705 433//704
f 112//218 433//704 432//703
f 112//218 432//703 431//702
f 112//218 431//702 429//167
f 112//218 429//167 430//166
f 112//218 430//166 109//195
f 462//244 469//720 472//721
f 462//244 472//721 471//722
f 462//244 471//722 463//723
f 462//244 463//723 412//245
f 466//724 409//687 412//686
f 466//724 412//686 464//725
f 989//726 466//727 464//728
f 989//726 464//728 465//729
f 465//730 464//731 467//732
f 465//730 467//732 468//733
f 465//730 468//733 475//734
f 465//730 475//734 688//735
f 465//730 688//735 687//736
f 465//730 687//736 684//737
f 465//730 684//737 685//738
f 465//730 685//738 1018//739
f 465//730 1018//739 1013//740
f 465//730 1013//740 1012//741
f 465//730 1012//741 1010//742
f 465//730 1010//742 1009//743
f 465//730 1009//743 1008//744
f 465//730 1008//744 1005//745
f 465//730 1005//745 1001//746
f 465//730 1001//746 1000//747
f 465//730 1000//747 999//748
f 465//730 999//748 998//749
f 465//730 998//749 993//750
f 465//730 993//750 992//751
f 469//720 473//752 468//733
f 469//720 468//733 467//732
f 469//720 467//732 470//753
f 469//720 470//753 471//722
f 469//720 471//722 472//721
f 462//244 2652//263 2649//754
f 462//244 2649//754 2648//755
f 462//244 2648//755 2647//756
f 462//244 2647//756 2646//757
f 462//244 2646//757 2639//758
f 462//244 2639//758 2638//759
f 462//244 2638//759 2636//760
f 462//244 2636//760 2634//761
f 462//244 2634//761 2632//762
f 462//244 2632//762 2630//763
f 462//244 2630//763 2621//764
f 462//244 2621//764 2620//765
f 462//244 2620//765 2622//766
f 462//244 2622//766 2623//767
f 462//244 2623//767 483//768
f 462//244 483//768 482//769
f 462//244 482//769 480//770
f 462//244 480//770 478//771
f 462//244 478//771 476//772
f 462//244 476//772 474//773
f 462//244 474//773 473//752
f 462//244 473//752 469//720
f 473//752 474//773 475//734
f 473//752 475//734 468//733
f 474//773 476//772 477//774
f 474//773 477//774 688//735
f 474//773 688//735 475//734
f 479//775 690//776 477//774
f 479//775 477//774 476//772
f 479//775 476//772 478//771
f 481//777 711//778 710//779
f 481//777 710//779 709//779
f 481//777 709//779 708//779
f 481//777 708//779 706//780
f 481//777 706//780 705//781
f 481//777 705//781 704//779
f 481//777 704//779 703//779
f 481//777 703//779 702//779
f 481//777 702//779 701//779
f 481//777 701//779 699//780
f 481//777 699//780 698//782
f 481//777 698//782 697//783
f 481//777 697//783 696//784
f 481//777 696//784 695//785
f 481//777 695//785 694//786
f 481//777 694//786 693//787
f 481//777 693//787 692//788
f 481//777 692//788 479//775
f 481//777 479//775 478//771
f 481//777 478//771 480//770
f 484//789 486//790 487//791
f 484//789 487//791 2701//792
f 484//789 2701//792 2702//793
f 484//789 2702//793 2703//794
f 484//789 2703//794 2704//795
f 484//789 2704//795 2705//796
f 484//789 2705//796 2706//797
f 484//789 2706//797 481//777
f 484//789 481//777 480//770
f 484//789 480//770 482//769
f 485//798 484//789 482//769
f 485//798 482//769 483//768
f 484//789 485//798 2627//799
f 484//789 2627//799 489//800
f 484//789 489//800 488//801
f 484//789 488//801 486//790
f 487//791 486//790 488//801
f 487//791 488//801 490//802
f 487//791 490//802 491//803
f 488//801 489//800 2628//804
f 488//801 2628//804 2629//805
f 488//801 2629//805 493//806
f 488//801 493//806 492//807
f 488//801 492//807 490//802
f 684//737 687//736 689//808
f 684//737 689//808 691//809
f 684//737 691//809 491//803
f 684//737 491//803 490//802
f 684//737 490//802 492//807
f 684//737 492//807 494//810
f 684//737 494//810 496//811
f 684//737 496//811 498//812
f 684//737 498//812 500//813
f 684//737 500//813 502//814
f 684//737 502//814 686//815
f 493//806 2609//816 2607//817
f 493//806 2607//817 2605//818
f 493//806 2605//818 2604//819
f 493//806 2604//819 495//820
f 493//806 495//820 494//810
f 493//806 494//810 492//807
f 495//820 2602//821 497//822
f 495//820 497//822 496//811
f 495//820 496//811 494//810
f 497//822 499//823 498//812
f 497//822 498//812 496//811
f 499//823 2697//824 501//825
f 499//823 501//825 500//813
f 499//823 500//813 498//812
f 501//825 504//826 503//827
f 501//825 503//827 500//813
f 712//828 502//814 500//813
f 712//828 500//813 503//827
f 712//828 503//827 505//829
f 507//830 503//827 504//826
f 507//830 504//826 2579//831
f 507//830 2579//831 2569//832
f 507//830 2569//832 508//833
f 510//834 2513//835 752//836
f 510//834 752//836 751//837
f 510//834 751//837 750//838
f 510//834 750//838 749//839
f 510//834 749//839 746//840
f 510//834 746//840 742//841
f 510//834 742//841 741//842
f 510//834 741//842 739//843
f 510//834 739//843 737//844
f 510//834 737//844 735//845
f 510//834 735//845 734//846
f 510//834 734//846 733//847
f 510//834 733//847 724//848
f 510//834 724//848 723//849
f 510//834 723//849 719//850
f 510//834 719//850 506//851
f 510//834 506//851 503//827
f 510//834 503//827 507//830
f 510//834 507//830 509//852
f 508//833 2570//853 2571//854
f 508//833 2571//854 2699//327
f 508//833 2699//327 202//326
f 508//833 202//326 513//328
f 508//833 513//328 511//855
f 508//833 511//855 509//852
f 508//833 509//852 507//830
f 833//856 510//834 509//852
f 833//856 509//852 511//855
f 833//856 511//855 512//857
f 514//332 516//858 512//857
f 514//332 512//857 511//855
f 514//332 511//855 513//328
f 521//859 519//860 517//861
f 521//859 517//861 516//858
f 521//859 516//858 514//332
f 521//859 514//332 515//331
f 835//862 833//856 512//857
f 835//862 512//857 516//858
f 835//862 516//858 517//861
f 835//862 517//861 518//863
f 520//864 524//865 525//866
f 520//864 525//866 518//863
f 520//864 518//863 517//861
f 520//864 517//861 519//860
f 520//864 519//860 521//859
f 520//864 521//859 522//340
f 520//864 522//340 523//339
f 515//331 206//330 522//340
f 515//331 522//340 521//859
f 540//867 539//868 534//869
f 540//867 534//869 533//870
f 540//867 533//870 531//871
f 540//867 531//871 529//872
f 540//867 529//872 527//873
f 540//867 527//873 524//865
f 540//867 524//865 520//864
f 540//867 520//864 523//339
f 540//867 523//339 208//338
f 540//867 208//338 541//353
f 524//865 526//874 1460//875
f 524//865 1460//875 1458//876
f 524//865 1458//876 1454//877
f 524//865 1454//877 1453//878
f 524//865 1453//878 1451//879
f 524//865 1451//879 1449//880
f 524//865 1449//880 1448//881
f 524//865 1448//881 1446//882
f 524//865 1446//882 1447//883
f 524//865 1447//883 1461//884
f 524//865 1461//884 1462//885
f 524//865 1462//885 1463//886
f 524//865 1463//886 1466//887
f 524//865 1466//887 1468//888
f 524//865 1468//888 525//866
f 2436//889 526//874 524//865
f 2436//889 524//865 527//873
f 2436//889 527//873 528//890
f 2436//889 528//890 2434//891
f 2436//889 2434//891 2433//892
f 2436//889 2433//892 2435//893
f 530//894 1057//895 2438//896
f 530//894 2438//896 528//897
f 530//894 528//897 527//898
f 530//894 527//898 529//899
f 532//900 530//894 529//899
f 532//900 529//899 531//901
f 535//902 532//900 531//901
f 535//902 531//901 533//903
f 536//904 535//902 533//903
f 536//904 533//903 534//905
f 1051//906 1050//907 1052//908
f 1051//906 1052//908 1053//909
f 1051//906 1053//909 1054//910
f 1051//906 1054//910 1057//911
f 1051//906 1057//911 530//912
f 1051//906 530//912 532//913
f 1051//906 532//913 535//914
f 1051//906 535//914 536//915
f 1051//906 536//915 537//916
f 1051//906 537//916 538//917
f 537//918 536//904 534//905
f 537//918 534//905 539//919
f 544//920 547//921 538//922
f 544//920 538//922 537//918
f 544//920 537//918 539//919
f 544//920 539//919 540//923
f 544//920 540//923 542//924
f 544//920 542//924 543//925
f 542//463 540//867 541//353
f 542//463 541//353 2528//352
f 542//463 2528//352 2530//372
f 542//463 2530//372 261//450
f 546//474 544//920 543//925
f 546//474 543//925 545//469
f 270//481 551//482 550//926
f 270//481 550//926 548//927
f 270//481 548//927 547//928
f 270//481 547//928 544//929
f 270//481 544//929 546//930
f 270//481 546//930 269//479
f 548//927 549//931 555//932
f 548//927 555//932 1051//906
f 548//927 1051//906 538//917
f 548//927 538//917 547//928
f 559//433 557//933 549//931
f 559//433 549//931 548//927
f 559//433 548//927 550//926
f 559//433 550//926 552//934
f 559//433 552//934 257//935
f 559//433 257//935 255//936
f 559//433 255//936 560//434
f 550//926 551//482 554//486
f 550//926 554//486 553//937
f 550//926 553//937 552//934
f 555//932 549//931 556//938
f 555//932 556//938 563//939
f 555//932 563//939 2500//940
f 558//604 562//603 556//938
f 558//604 556//938 549//931
f 558//604 549//931 557//933
f 342//594 348//598 558//604
f 342//594 558//604 557//933
f 342//594 557//933 559//433
f 342//594 559//433 561//432
f 565//941 564//942 556//938
f 565//941 556//938 562//603
f 565//941 562//603 349//605
f 563//939 556//938 564//942
f 563//939 564//942 566//943
f 563//939 566//943 567//944
f 2523//945 569//946 568//947
f 2523//945 568//947 566//943
f 2523//945 566//943 564//942
f 2523//945 564//942 565//941
f 2523//945 565//941 2524//948
f 2503//949 567//944 566//943
f 2503//949 566//943 568//947
f 2503//949 568//947 570//950
f 2503//949 570//950 572//951
f 568//947 569//946 571//952
f 568//947 571//952 570//950
f 574//953 573//954 570//950
f 574//953 570//950 571//952
f 573//954 576//955 572//951
f 573//954 572//951 570//950
f 2514//956 575//957 573//954
f 2514//956 573//954 574//953
f 575//957 577//958 576//955
f 575//957 576//955 573//954
f 577//958 579//959 578//960
f 577//958 578//960 576//955
f 576//955 578//960 580//961
f 576//955 580//961 572//951
f 579//959 591//962 582//963
f 579//959 582//963 581//964
f 579//959 581//964 578//960
f 581//964 583//965 584//966
f 581//964 584//966 2508//967
f 581//964 2508//967 2509//968
f 581//964 2509//968 580//961
f 581//964 580//961 578//960
f 583//965 581//964 582//963
f 583//965 582//963 588//969
f 583//965 588//969 585//970
f 584//966 583//965 585//970
f 584//966 585//970 586//971
f 585//970 587//972 600//973
f 585//970 600//973 586//971
f 588//969 589//974 587//972
f 588//969 587//972 585//970
f 590//975 592//976 589//974
f 590//975 589//974 588//969
f 582//963 591//962 590//975
f 582//963 590//975 588//969
f 636//977 638//978 639//979
f 636//977 639//979 656//980
f 636//977 656//980 594//981
f 636//977 594//981 593//982
f 636//977 593//982 592//976
f 636//977 592//976 590//975
f 636//977 590//975 591//962
f 636//977 591//962 634//685
f 636//977 634//685 632//983
f 636//977 632//983 631//984
f 636//977 631//984 629//985
f 636//977 629//985 630//986
f 592//976 593//982 595//987
f 592//976 595//987 589//974
f 593//982 594//981 596//988
f 593//982 596//988 595//987
f 589//974 595//987 597//989
f 589//974 597//989 587//972
f 595//987 596//988 598//990
f 595//987 598//990 597//989
f 597//989 598//990 601//991
f 597//989 601//991 599//992
f 587//972 597//989 599//992
f 587//972 599//992 600//973
f 600//973 599//992 602//993
f 600//973 602//993 603//994
f 599//992 601//991 604//995
f 599//992 604//995 602//993
f 603//994 602//993 605//996
f 603//994 605//996 606//997
f 602//993 604//995 608//998
f 602//993 608//998 605//996
f 607//999 2511//1000 2510//1001
f 607//999 2510//1001 606//997
f 607//999 606//997 605//996
f 610//1002 607//999 605//996
f 610//1002 605//996 608//998
f 604//995 651//1003 609//1004
f 604//995 609//1004 608//998
f 611//1005 610//1002 608//998
f 611//1005 608//998 609//1004
f 613//1006 1036//1007 1037//1008
f 613//1006 1037//1008 1038//1009
f 613//1006 1038//1009 2511//1000
f 613//1006 2511//1000 607//999
f 613//1006 607//999 610//1002
f 613//1006 610//1002 611//1005
f 613//1006 611//1005 612//1010
f 614//1011 612//1010 611//1005
f 614//1011 611//1005 609//1004
f 614//1011 609//1004 652//1012
f 614//1011 652//1012 615//1013
f 612//1010 614//1011 616//1014
f 612//1010 616//1014 617//1015
f 612//1010 617//1015 2512//1016
f 612//1010 2512//1016 613//1006
f 620//1017 618//1018 616//1014
f 620//1017 616//1014 614//1011
f 620//1017 614//1011 615//1013
f 621//1019 617//1015 616//1014
f 621//1019 616//1014 618//1018
f 626//1020 657//1021 658//1022
f 626//1020 658//1022 659//1023
f 626//1020 659//1023 660//1024
f 626//1020 660//1024 661//1025
f 626//1020 661//1025 662//1026
f 626//1020 662//1026 663//1027
f 626//1020 663//1027 664//1028
f 626//1020 664//1028 665//1029
f 626//1020 665//1029 667//1027
f 626//1020 667//1027 668//1030
f 626//1020 668//1030 669//1031
f 626//1020 669//1031 670//1029
f 626//1020 670//1029 672//1028
f 626//1020 672//1028 673//1032
f 626//1020 673//1032 674//1033
f 626//1020 674//1033 675//1034
f 626//1020 675//1034 676//1035
f 626//1020 676//1035 677//1036
f 626//1020 677//1036 678//1037
f 626//1020 678//1037 679//1038
f 626//1020 679//1038 680//1039
f 626//1020 680//1039 681//1040
f 626//1020 681//1040 619//1041
f 626//1020 619//1041 618//1018
f 626//1020 618//1018 620//1017
f 626//1020 620//1017 647//1042
f 626//1020 647//1042 646//1043
f 626//1020 646//1043 645//1044
f 626//1020 645//1044 637//1045
f 626//1020 637//1045 636//977
f 626//1020 636//977 630//986
f 618//1018 619//1041 681//1040
f 618//1018 681//1040 680//1039
f 618//1018 680//1039 679//1038
f 618//1018 679//1038 678//1037
f 618//1018 678//1037 677//1036
f 618//1018 677//1036 676//1035
f 618//1018 676//1035 675//1034
f 618//1018 675//1034 674//1033
f 618//1018 674//1033 673//1032
f 618//1018 673//1032 672//1028
f 618//1018 672//1028 671//1046
f 618//1018 671//1046 669//1031
f 618//1018 669//1031 668//1030
f 618//1018 668//1030 667//1027
f 618//1018 667//1027 666//1046
f 618//1018 666//1046 664//1028
f 618//1018 664//1028 663//1027
f 618//1018 663//1027 662//1026
f 618//1018 662//1026 661//1025
f 618//1018 661//1025 660//1024
f 618//1018 660//1024 659//1023
f 618//1018 659//1023 658//1022
f 618//1018 658//1022 657//1021
f 618//1018 657//1021 626//1020
f 618//1018 626//1020 625//1047
f 618//1018 625//1047 623//1048
f 618//1018 623//1048 621//1019
f 714//1049 617//1015 621//1019
f 714//1049 621//1019 622//1050
f 714//1049 622//1050 713//1051
f 683//1052 622//1050 621//1019
f 683//1052 621//1019 623//1048
f 683//1052 623//1048 624//1053
f 994//1054 995//1055 996//1056
f 994//1054 996//1056 997//1057
f 994//1054 997//1057 1002//1058
f 994//1054 1002//1058 1003//1059
f 994//1054 1003//1059 1004//1060
f 994//1054 1004//1060 1006//1061
f 994//1054 1006//1061 1007//1062
f 994//1054 1007//1062 1011//1063
f 994//1054 1011//1063 1014//1064
f 994//1054 1014//1064 1015//1065
f 994//1054 1015//1065 1016//1066
f 994//1054 1016//1066 1017//1067
f 994//1054 1017//1067 1019//1068
f 994//1054 1019//1068 1020//1069
f 994//1054 1020//1069 1021//1070
f 994//1054 1021//1070 1022//1071
f 994//1054 1022//1071 1023//1072
f 994//1054 1023//1072 682//1073
f 994//1054 682//1073 624//1053
f 994//1054 624//1053 623//1048
f 994//1054 623//1048 625//1047
f 994//1054 625//1047 627//1074
f 994//1054 627//1074 628//1075
f 994//1054 628//1075 633//1076
f 994//1054 633//1076 466//1077
f 994//1054 466//1077 989//1078
f 627//1074 625//1047 626//1020
f 627//1074 626//1020 630//986
f 627//1074 630//986 629//985
f 628//1075 627//1074 629//985
f 628//1075 629//985 631//984
f 633//1076 628//1075 631//984
f 633//1076 631//984 632//983
f 632//983 634//685 409//684
f 632//983 409//684 466//1077
f 632//983 466//1077 633//1076
f 591//962 579//959 577//958
f 591//962 577//958 575//957
f 591//962 575//957 2514//956
f 591//962 2514//956 2515//1079
f 591//962 2515//1079 2516//659
f 591//962 2516//659 381//658
f 591//962 381//658 384//661
f 591//962 384//661 635//680
f 591//962 635//680 634//685
f 638//978 636//977 637//1045
f 638//978 637//1045 640//1080
f 639//979 638//978 640//1080
f 639//979 640//1080 641//1081
f 641//1081 640//1080 642//1082
f 641//1081 642//1082 644//1083
f 637//1045 645//1044 642//1082
f 637//1045 642//1082 640//1080
f 645//1044 646//1043 643//1084
f 645//1044 643//1084 642//1082
f 644//1083 642//1082 643//1084
f 644//1083 643//1084 650//1085
f 646//1043 647//1042 648//1086
f 646//1043 648//1086 643//1084
f 647//1042 620//1017 615//1013
f 647//1042 615//1013 648//1086
f 650//1085 643//1084 648//1086
f 650//1085 648//1086 649//1087
f 649//1087 648//1086 615//1013
f 649//1087 615//1013 652//1012
f 653//1088 650//1085 649//1087
f 653//1088 649//1087 651//1003
f 651//1003 649//1087 652//1012
f 651//1003 652//1012 609//1004
f 601//991 653//1088 651//1003
f 601//991 651//1003 604//995
f 598//990 654//1089 653//1088
f 598//990 653//1088 601//991
f 654//1089 644//1083 650//1085
f 654//1089 650//1085 653//1088
f 596//988 655//1090 654//1089
f 596//988 654//1089 598//990
f 655//1090 641//1081 644//1083
f 655//1090 644//1083 654//1089
f 656//980 639//979 641//1081
f 656//980 641//1081 655//1090
f 594//981 656//980 655//1090
f 594//981 655//1090 596//988
f 684//1091 624//1092 682//1093
f 686//1094 683//1095 624//1096
f 686//1094 624//1096 684//1097
f 689//808 687//736 688//735
f 689//808 688//735 477//774
f 689//808 477//774 690//776
f 690//776 479//775 692//788
f 690//776 692//788 691//809
f 690//776 691//809 689//808
f 692//788 693//787 694//786
f 692//788 694//786 695//785
f 692//788 695//785 696//784
f 692//788 696//784 697//783
f 692//788 697//783 698//782
f 692//788 698//782 700//1098
f 692//788 700//1098 701//779
f 692//788 701//779 702//779
f 692//788 702//779 703//779
f 692//788 703//779 704//779
f 692//788 704//779 705//781
f 692//788 705//781 707//1098
f 692//788 707//1098 708//779
f 692//788 708//779 709//779
f 692//788 709//779 710//779
f 692//788 710//779 711//778
f 692//788 711//778 481//777
f 692//788 481//777 2706//797
f 692//788 2706//797 2705//796
f 692//788 2705//796 2704//795
f 692//788 2704//795 2703//794
f 692//788 2703//794 2702//793
f 692//788 2702//793 2701//792
f 692//788 2701//792 487//791
f 692//788 487//791 491//803
f 692//788 491//803 691//809
f 712//1099 713//1100 683//1095
f 712//1099 683//1095 686//1094
f 712//828 686//815 502//814
f 505//1101 714//1102 713//1100
f 505//1101 713//1100 712//1099
f 622//1050 683//1052 713//1051
f 2512//1016 617//1015 714//1049
f 2512//1016 714//1049 715//1103
f 2512//1016 715//1103 716//1104
f 2512//1016 716//1104 717//1105
f 2512//1016 717//1105 718//1106
f 2512//1016 718//1106 720//1107
f 2512//1016 720//1107 721//1108
f 2512//1016 721//1108 722//1109
f 2512//1016 722//1109 725//1110
f 2512//1016 725//1110 726//1111
f 2512//1016 726//1111 727//1112
f 2512//1016 727//1112 728//1113
f 2512//1016 728//1113 729//1114
f 2512//1016 729//1114 730//1115
f 2512//1016 730//1115 731//1116
f 2512//1016 731//1116 732//1117
f 2512//1016 732//1117 736//1118
f 2512//1016 736//1118 738//1119
f 2512//1016 738//1119 740//1120
f 2512//1016 740//1120 743//1121
f 2512//1016 743//1121 744//1122
f 2512//1016 744//1122 745//1123
f 2512//1016 745//1123 747//1124
f 2512//1016 747//1124 748//1125
f 2512//1016 748//1125 753//1126
f 2512//1016 753//1126 754//1127
f 2512//1016 754//1127 755//1128
f 2512//1016 755//1128 1030//1129
f 715//1130 714//1131 505//1132
f 715//1130 505//1132 506//1133
f 716//1134 715//1135 506//1136
f 717//1137 716//1134 506//1136
f 718//1138 717//1137 506//1136
f 718//1138 506//1136 719//1139
f 720//1140 718//1138 719//1139
f 721//1141 720//1140 719//1139
f 721//1141 719//1139 723//1142
f 722//1143 721//1141 723//1142
f 725//1144 722//1143 723//1142
f 730//1145 729//1146 723//1142
f 730//1145 723//1142 724//1147
f 726//1148 725//1144 723//1142
f 727//1149 726//1148 723//1142
f 728//1150 727//1149 723//1142
f 729//1146 728//1150 723//1142
f 731//1151 730//1145 724//1147
f 731//1151 724//1147 733//1152
f 732//1153 731//1151 733//1152
f 732//1153 733//1152 734//1154
f 736//1155 732//1153 734//1154
f 736//1155 734//1154 735//1156
f 738//1157 736//1155 735//1156
f 738//1157 735//1156 737//1158
f 740//1159 738//1157 737//1158
f 740//1159 737//1158 739//1160
f 743//1161 740//1159 739//1160
f 743//1161 739//1160 741//1162
f 744//1163 743//1161 741//1162
f 744//1163 741//1162 742//1164
f 745//1165 744//1163 742//1164
f 745//1165 742//1164 746//1166
f 747//1167 745//1165 746//1166
f 747//1167 746//1166 749//1168
f 748//1169 747//1167 749//1168
f 748//1169 749//1168 750//1170
f 753//1171 748//1169 750//1170
f 753//1171 750//1170 751//1172
f 751//1172 752//1173 754//1174
f 751//1172 754//1174 753//1171
f 756//1175 754//1174 752//1173
f 756//1175 752//1173 757//1176
f 1026//1177 755//1128 754//1127
f 1026//1177 754//1127 756//1178
f 1026//1177 756//1178 758//1179
f 1026//1177 758//1179 759//1180
f 1026//1177 759//1180 977//1181
f 1026//1177 977//1181 1025//1182
f 758//1183 756//1175 757//1176
f 758//1183 757//1176 760//1184
f 760//1184 761//1185 759//1186
f 760//1184 759//1186 758//1183
f 765//1187 763//1188 761//1189
f 765//1187 761//1189 760//1190
f 765//1187 760//1190 757//1191
f 765//1187 757//1191 752//836
f 765//1187 752//836 2513//835
f 765//1187 2513//835 766//1192
f 762//1193 985//1194 759//1186
f 762//1193 759//1186 761//1185
f 764//1195 980//1196 981//1197
f 764//1195 981//1197 982//1198
f 764//1195 982//1198 762//1199
f 764//1195 762//1199 761//1189
f 764//1195 761//1189 763//1188
f 763//1188 765//1187 767//1200
f 763//1188 767//1200 768//1201
f 763//1188 768//1201 974//1202
f 763//1188 974//1202 975//1203
f 763//1188 975//1203 764//1195
f 766//1192 828//1204 822//1205
f 766//1192 822//1205 820//1206
f 766//1192 820//1206 823//1207
f 766//1192 823//1207 825//1208
f 766//1192 825//1208 772//1209
f 766//1192 772//1209 771//1210
f 766//1192 771//1210 769//1211
f 766//1192 769//1211 767//1200
f 766//1192 767//1200 765//1187
f 923//1212 922//1213 768//1201
f 923//1212 768//1201 767//1200
f 923//1212 767//1200 769//1211
f 923//1212 769//1211 770//1214
f 771//1210 773//1215 774//1216
f 771//1210 774//1216 780//1217
f 771//1210 780//1217 781//1218
f 771//1210 781//1218 782//1219
f 771//1210 782//1219 784//1220
f 771//1210 784//1220 786//1221
f 771//1210 786//1221 787//1222
f 771//1210 787//1222 793//1223
f 771//1210 793//1223 794//1224
f 771//1210 794//1224 945//1225
f 771//1210 945//1225 942//1226
f 771//1210 942//1226 770//1214
f 771//1210 770//1214 769//1211
f 827//1227 776//1228 775//1229
f 827//1227 775//1229 773//1230
f 827//1227 773//1230 771//1231
f 827//1227 771//1231 772//1232
f 775//1229 777//1233 774//1234
f 775//1229 774//1234 773//1230
f 918//1235 917//1236 916//1237
f 918//1235 916//1237 900//1238
f 918//1235 900//1238 792//1239
f 918//1235 792//1239 790//1240
f 918//1235 790//1240 789//1241
f 918//1235 789//1241 788//1242
f 918//1235 788//1242 785//1243
f 918//1235 785//1243 783//1244
f 918//1235 783//1244 779//1245
f 918//1235 779//1245 778//1246
f 918//1235 778//1246 777//1247
f 918//1235 777//1247 775//1248
f 918//1235 775//1248 776//1249
f 777//1233 778//1250 780//1251
f 777//1233 780//1251 774//1234
f 778//1250 779//1252 781//1253
f 778//1250 781//1253 780//1251
f 779//1252 783//1254 782//1255
f 779//1252 782//1255 781//1253
f 783//1254 785//1256 784//1257
f 783//1254 784//1257 782//1255
f 785//1256 788//1258 786//1259
f 785//1256 786//1259 784//1257
f 788//1258 789//1260 787//1261
f 788//1258 787//1261 786//1259
f 789//1260 790//1262 793//1263
f 789//1260 793//1263 787//1261
f 795//1264 793//1263 790//1262
f 795//1264 790//1262 791//1265
f 1028//1266 821//1267 819//1268
f 1028//1266 819//1268 815//1269
f 1028//1266 815//1269 814//1270
f 1028//1266 814//1270 813//1271
f 1028//1266 813//1271 812//1272
f 1028//1266 812//1272 809//1273
f 1028//1266 809//1273 807//1274
f 1028//1266 807//1274 803//1275
f 1028//1266 803//1275 802//1276
f 1028//1266 802//1276 801//1277
f 1028//1266 801//1277 800//1278
f 1028//1266 800//1278 797//1279
f 1028//1266 797//1279 791//1280
f 1028//1266 791//1280 790//1240
f 1028//1266 790//1240 792//1239
f 1028//1266 792//1239 875//1281
f 1028//1266 875//1281 1033//1282
f 1028//1266 1033//1282 1031//1283
f 829//1284 831//1285 832//1286
f 829//1284 832//1286 794//1224
f 829//1284 794//1224 793//1223
f 829//1284 793//1223 795//1287
f 829//1284 795//1287 796//1288
f 829//1284 796//1288 798//1289
f 829//1284 798//1289 799//1290
f 829//1284 799//1290 804//1291
f 829//1284 804//1291 805//1292
f 829//1284 805//1292 806//1293
f 829//1284 806//1293 808//1294
f 829//1284 808//1294 810//1295
f 829//1284 810//1295 811//1296
f 829//1284 811//1296 816//1297
f 829//1284 816//1297 817//1298
f 829//1284 817//1298 818//1299
f 829//1284 818//1299 820//1206
f 829//1284 820//1206 822//1205
f 791//1265 797//1300 796//1301
f 791//1265 796//1301 795//1264
f 797//1300 800//1302 798//1303
f 797//1300 798//1303 796//1301
f 800//1302 801//1304 799//1305
f 800//1302 799//1305 798//1303
f 801//1304 802//1306 804//1307
f 801//1304 804//1307 799//1305
f 802//1306 803//1308 805//1309
f 802//1306 805//1309 804//1307
f 803//1308 807//1310 806//1311
f 803//1308 806//1311 805//1309
f 807//1310 809//1312 808//1313
f 807//1310 808//1313 806//1311
f 809//1312 812//1314 810//1315
f 809//1312 810//1315 808//1313
f 812//1314 813//1316 811//1317
f 812//1314 811//1317 810//1315
f 813//1316 814//1318 816//1319
f 813//1316 816//1319 811//1317
f 814//1318 815//1320 817//1321
f 814//1318 817//1321 816//1319
f 815//1320 819//1322 818//1323
f 815//1320 818//1323 817//1321
f 819//1322 821//1324 820//1325
f 819//1322 820//1325 818//1323
f 823//1326 820//1327 821//1328
f 823//1326 821//1328 824//1329
f 824//1329 826//1330 825//1331
f 824//1329 825//1331 823//1326
f 826//1330 827//1227 772//1232
f 826//1330 772//1232 825//1331
f 1025//1182 971//1332 918//1235
f 1025//1182 918//1235 776//1249
f 1025//1182 776//1249 827//1333
f 1025//1182 827//1333 826//1334
f 1025//1182 826//1334 824//1335
f 1025//1182 824//1335 821//1267
f 1025//1182 821//1267 1028//1266
f 1025//1182 1028//1266 1027//1336
f 1025//1182 1027//1336 1026//1177
f 830//1337 829//1284 822//1205
f 830//1337 822//1205 828//1204
f 833//856 831//1285 829//1284
f 833//856 829//1284 830//1337
f 833//856 830//1337 510//834
f 834//1338 836//1339 832//1286
f 834//1338 832//1286 831//1285
f 835//862 834//1338 831//1285
f 835//862 831//1285 833//856
f 838//1340 837//1341 834//1338
f 838//1340 834//1338 835//862
f 837//1341 840//1342 836//1339
f 837//1341 836//1339 834//1338
f 2340//1343 839//1344 837//1341
f 2340//1343 837//1341 838//1340
f 839//1344 1486//1345 841//1346
f 839//1344 841//1346 840//1342
f 839//1344 840//1342 837//1341
f 836//1339 840//1342 842//1347
f 836//1339 842//1347 844//1348
f 836//1339 844//1348 845//1349
f 840//1342 841//1346 1489//1350
f 840//1342 1489//1350 843//1351
f 840//1342 843//1351 842//1347
f 846//1352 844//1348 842//1347
f 846//1352 842//1347 843//1351
f 846//1352 843//1351 2336//1353
f 846//1352 2336//1353 847//1354
f 846//1352 848//1355 948//1356
f 846//1352 948//1356 845//1349
f 846//1352 845//1349 844//1348
f 846//1352 847//1354 1507//1357
f 846//1352 1507//1357 1937//1358
f 846//1352 1937//1358 1961//1359
f 846//1352 1961//1359 1962//1360
f 846//1352 1962//1360 1963//1361
f 846//1352 1963//1361 1968//1362
f 846//1352 1968//1362 1969//1363
f 846//1352 1969//1363 1970//1364
f 846//1352 1970//1364 1972//1365
f 846//1352 1972//1365 1974//1366
f 846//1352 1974//1366 852//1367
f 846//1352 852//1367 851//1368
f 846//1352 851//1368 849//1369
f 848//1355 846//1352 849//1369
f 848//1355 849//1369 850//1370
f 848//1355 850//1370 860//1371
f 848//1355 860//1371 861//1372
f 848//1355 861//1372 862//1373
f 848//1355 862//1373 864//1374
f 853//1375 855//1376 857//1377
f 853//1375 857//1377 850//1378
f 853//1375 850//1378 849//1379
f 853//1375 849//1379 851//1380
f 854//1381 853//1375 851//1380
f 854//1381 851//1380 852//1382
f 855//1383 853//1384 854//1385
f 855//1383 854//1385 1975//1386
f 855//1383 1975//1386 1973//1387
f 855//1383 1973//1387 1971//1388
f 855//1383 1971//1388 1967//1389
f 855//1383 1967//1389 1966//1390
f 855//1383 1966//1390 1965//1391
f 855//1383 1965//1391 1964//1392
f 855//1383 1964//1392 1926//1393
f 855//1383 1926//1393 1925//1394
f 855//1383 1925//1394 1923//1395
f 855//1383 1923//1395 1924//1396
f 855//1383 1924//1396 856//1397
f 869//1398 863//1399 859//1400
f 869//1398 859//1400 858//1401
f 869//1398 858//1401 857//1402
f 869//1398 857//1402 855//1383
f 869//1398 855//1383 856//1397
f 869//1398 856//1397 870//1403
f 857//1377 858//1404 860//1405
f 857//1377 860//1405 850//1378
f 858//1404 859//1406 861//1407
f 858//1404 861//1407 860//1405
f 859//1406 863//1408 862//1409
f 859//1406 862//1409 861//1407
f 863//1408 869//1410 867//1411
f 863//1408 867//1411 865//1412
f 863//1408 865//1412 864//1413
f 863//1408 864//1413 862//1409
f 848//1355 864//1374 865//1414
f 848//1355 865//1414 866//1415
f 848//1355 866//1415 970//1416
f 867//1411 868//1417 866//1418
f 867//1411 866//1418 865//1412
f 871//1419 868//1420 867//1421
f 871//1419 867//1421 869//1398
f 871//1419 869//1398 870//1403
f 872//1422 874//1423 876//1424
f 872//1422 876//1424 878//1425
f 872//1422 878//1425 880//1426
f 872//1422 880//1426 881//1427
f 872//1422 881//1427 871//1419
f 872//1422 871//1419 870//1403
f 1071//1428 873//1429 872//1422
f 1071//1428 872//1422 870//1403
f 1071//1428 870//1403 856//1397
f 874//1423 872//1422 873//1429
f 874//1423 873//1429 1070//1430
f 874//1423 1070//1430 875//1281
f 792//1239 900//1238 877//1431
f 792//1239 877//1431 876//1424
f 792//1239 876//1424 874//1423
f 792//1239 874//1423 875//1281
f 877//1431 901//1432 902//1433
f 877//1431 902//1433 927//1434
f 877//1431 927//1434 929//1434
f 877//1431 929//1434 931//1434
f 877//1431 931//1434 933//1434
f 877//1431 933//1434 936//1434
f 877//1431 936//1434 937//1434
f 877//1431 937//1434 938//1434
f 877//1431 938//1434 940//1434
f 877//1431 940//1434 868//1420
f 877//1431 868//1420 871//1419
f 877//1431 871//1419 881//1427
f 877//1431 881//1427 882//1435
f 877//1431 882//1435 883//1436
f 877//1431 883//1436 884//1437
f 877//1431 884//1437 885//1438
f 877//1431 885//1438 886//1437
f 877//1431 886//1437 887//1439
f 877//1431 887//1439 888//1437
f 877//1431 888//1437 889//1437
f 877//1431 889//1437 890//1437
f 877//1431 890//1437 891//1440
f 877//1431 891//1440 892//1440
f 877//1431 892//1440 893//1437
f 877//1431 893//1437 894//1438
f 877//1431 894//1438 895//1437
f 877//1431 895//1437 896//1438
f 877//1431 896//1438 897//1441
f 877//1431 897//1441 898//1435
f 877//1431 898//1435 899//1442
f 877//1431 899//1442 879//1437
f 877//1431 879//1437 878//1425
f 877//1431 878//1425 876//1424
f 878//1425 879//1437 899//1442
f 878//1425 899//1442 898//1435
f 878//1425 898//1435 897//1441
f 878//1425 897//1441 896//1438
f 878//1425 896//1438 895//1437
f 878//1425 895//1437 894//1438
f 878//1425 894//1438 893//1437
f 878//1425 893//1437 892//1440
f 878//1425 892//1440 891//1440
f 878//1425 891//1440 890//1437
f 878//1425 890//1437 889//1437
f 878//1425 889//1437 888//1437
f 878//1425 888//1437 887//1439
f 878//1425 887//1439 886//1437
f 878//1425 886//1437 885//1438
f 878//1425 885//1438 884//1437
f 878//1425 884//1437 883//1436
f 878//1425 883//1436 882//1435
f 878//1425 882//1435 881//1427
f 878//1425 881//1427 880//1426
f 916//1237 915//1443 914//1444
f 916//1237 914//1444 913//1445
f 916//1237 913//1445 912//1446
f 916//1237 912//1446 911//1447
f 916//1237 911//1447 910//1448
f 916//1237 910//1448 909//1449
f 916//1237 909//1449 908//1450
f 916//1237 908//1450 907//1450
f 916//1237 907//1450 906//1450
f 916//1237 906//1450 905//1451
f 916//1237 905//1451 904//1452
f 916//1237 904//1452 903//1453
f 916//1237 903//1453 901//1432
f 916//1237 901//1432 877//1431
f 916//1237 877//1431 900//1238
f 919//1454 902//1433 901//1432
f 919//1454 901//1432 903//1453
f 919//1454 903//1453 904//1452
f 919//1454 904//1452 905//1451
f 919//1454 905//1451 906//1450
f 919//1454 906//1450 907//1450
f 919//1454 907//1450 908//1450
f 919//1454 908//1450 909//1449
f 919//1454 909//1449 910//1448
f 919//1454 910//1448 911//1447
f 919//1454 911//1447 912//1446
f 919//1454 912//1446 913//1445
f 919//1454 913//1445 914//1444
f 919//1454 914//1444 915//1443
f 919//1454 915//1443 916//1237
f 919//1454 916//1237 917//1236
f 917//1236 918//1235 971//1332
f 917//1236 971//1332 921//1455
f 917//1236 921//1455 920//1456
f 917//1236 920//1456 919//1454
f 922//1457 923//1458 924//1459
f 922//1457 924//1459 902//1460
f 922//1457 902//1460 919//1461
f 922//1457 919//1461 920//1462
f 920//1462 921//1463 768//1464
f 920//1462 768//1464 922//1457
f 770//1214 942//1226 925//1465
f 770//1214 925//1465 924//1466
f 770//1214 924//1466 923//1212
f 944//1467 946//1468 950//1469
f 944//1467 950//1469 951//1470
f 944//1467 951//1470 952//1471
f 944//1467 952//1471 953//1472
f 944//1467 953//1472 954//1473
f 944//1467 954//1473 955//1473
f 944//1467 955//1473 956//1469
f 944//1467 956//1469 957//1471
f 944//1467 957//1471 958//1474
f 944//1467 958//1474 959//1474
f 944//1467 959//1474 960//1471
f 944//1467 960//1471 961//1471
f 944//1467 961//1471 962//1475
f 944//1467 962//1475 963//1473
f 944//1467 963//1473 964//1471
f 944//1467 964//1471 965//1472
f 944//1467 965//1472 966//1474
f 944//1467 966//1474 967//1474
f 944//1467 967//1474 968//1469
f 944//1467 968//1469 969//1476
f 944//1467 969//1476 970//1416
f 944//1467 970//1416 866//1415
f 944//1467 866//1415 941//1477
f 944//1467 941//1477 939//1477
f 944//1467 939//1477 935//1477
f 944//1467 935//1477 934//1477
f 944//1467 934//1477 932//1477
f 944//1467 932//1477 930//1477
f 944//1467 930//1477 928//1477
f 944//1467 928//1477 926//1477
f 944//1467 926//1477 924//1466
f 944//1467 924//1466 925//1465
f 944//1467 925//1465 943//1478
f 927//1479 902//1460 924//1459
f 927//1479 924//1459 926//1480
f 929//1481 927//1479 926//1480
f 929//1481 926//1480 928//1482
f 931//1483 929//1481 928//1482
f 931//1483 928//1482 930//1484
f 933//1485 931//1483 930//1484
f 933//1485 930//1484 932//1486
f 936//1487 933//1485 932//1486
f 936//1487 932//1486 934//1488
f 937//1489 936//1487 934//1488
f 937//1489 934//1488 935//1490
f 938//1491 937//1489 935//1490
f 938//1491 935//1490 939//1492
f 940//1493 938//1491 939//1492
f 940//1493 939//1492 941//1494
f 941//1494 866//1418 868//1417
f 941//1494 868//1417 940//1493
f 945//1225 943//1478 925//1465
f 945//1225 925//1465 942//1226
f 832//1286 947//1495 944//1467
f 832//1286 944//1467 943//1478
f 832//1286 943//1478 945//1225
f 832//1286 945//1225 794//1224
f 848//1355 970//1416 969//1476
f 848//1355 969//1476 949//1496
f 848//1355 949//1496 946//1468
f 848//1355 946//1468 944//1467
f 848//1355 944//1467 947//1495
f 848//1355 947//1495 948//1356
f 832//1286 836//1339 845//1349
f 832//1286 845//1349 948//1356
f 832//1286 948//1356 947//1495
f 969//1476 968//1469 967//1474
f 969//1476 967//1474 966//1474
f 969//1476 966//1474 965//1472
f 969//1476 965//1472 964//1471
f 969//1476 964//1471 963//1473
f 969//1476 963//1473 962//1475
f 969//1476 962//1475 961//1471
f 969//1476 961//1471 960//1471
f 969//1476 960//1471 959//1474
f 969//1476 959//1474 958//1474
f 969//1476 958//1474 957//1471
f 969//1476 957//1471 956//1469
f 969//1476 956//1469 955//1473
f 969//1476 955//1473 954//1473
f 969//1476 954//1473 953//1472
f 969//1476 953//1472 952//1471
f 969//1476 952//1471 951//1470
f 969//1476 951//1470 950//1469
f 969//1476 950//1469 946//1468
f 969//1476 946//1468 949//1496
f 976//1497 973//1498 972//1499
f 976//1497 972//1499 921//1455
f 976//1497 921//1455 971//1332
f 976//1497 971//1332 1025//1182
f 976//1497 1025//1182 977//1181
f 974//1500 768//1464 921//1463
f 974//1500 921//1463 972//1501
f 972//1501 973//1502 975//1503
f 972//1501 975//1503 974//1500
f 973//1502 976//1504 978//1505
f 973//1502 978//1505 980//1506
f 973//1502 980//1506 764//1507
f 973//1502 764//1507 975//1503
f 977//1181 759//1180 985//1508
f 977//1181 985//1508 984//1509
f 977//1181 984//1509 979//1510
f 977//1181 979//1510 978//1511
f 977//1181 978//1511 976//1497
f 978//1505 979//1512 981//1513
f 978//1505 981//1513 980//1506
f 979//1512 984//1514 982//1515
f 979//1512 982//1515 981//1513
f 982//1198 983//1516 990//1517
f 982//1198 990//1517 991//1518
f 982//1198 991//1518 762//1199
f 983//1519 982//1515 984//1514
f 983//1519 984//1514 986//1520
f 985//1508 988//1521 987//1522
f 985//1508 987//1522 986//1523
f 985//1508 986//1523 984//1509
f 986//1520 987//1524 990//1525
f 986//1520 990//1525 983//1519
f 988//1521 994//1054 989//1078
f 988//1521 989//1078 987//1522
f 990//1525 987//1524 989//726
f 990//1525 989//726 465//729
f 990//1517 465//730 992//751
f 990//1517 992//751 991//1518
f 991//1526 988//1527 985//1194
f 991//1526 985//1194 762//1193
f 992//1528 994//1529 988//1527
f 992//1528 988//1527 991//1526
f 995//1530 994//1529 992//1528
f 995//1530 992//1528 993//1531
f 996//1532 995//1530 993//1531
f 996//1532 993//1531 998//1533
f 997//1534 996//1532 998//1533
f 997//1534 998//1533 999//1535
f 1002//1536 997//1534 999//1535
f 1002//1536 999//1535 1000//1537
f 1003//1538 1002//1536 1000//1537
f 1003//1538 1000//1537 1001//1539
f 1004//1540 1003//1538 1001//1539
f 1004//1540 1001//1539 1005//1541
f 1006//1542 1004//1540 1005//1541
f 1006//1542 1005//1541 1008//1543
f 1007//1544 1006//1542 1008//1543
f 1007//1544 1008//1543 1009//1545
f 1011//1546 1007//1544 1009//1545
f 1011//1546 1009//1545 1010//1547
f 1014//1548 1011//1546 1010//1547
f 1014//1548 1010//1547 1012//1549
f 1015//1550 1014//1548 1012//1549
f 1015//1550 1012//1549 1013//1551
f 1016//1552 1015//1550 1013//1551
f 1016//1552 1013//1551 1018//1553
f 1017//1554 1016//1552 1018//1553
f 1017//1554 1018//1553 685//1555
f 1019//1556 1017//1554 685//1555
f 1020//1557 1019//1556 685//1555
f 1021//1558 1020//1557 685//1555
f 1022//1559 1021//1558 685//1555
f 1023//1560 1022//1559 685//1555
f 1023//1560 685//1555 1024//1561
f 682//1562 1023//1560 1024//1561
f 755//1128 1026//1177 1027//1336
f 755//1128 1027//1336 1029//1563
f 755//1128 1029//1563 1030//1129
f 1027//1336 1028//1266 1031//1283
f 1027//1336 1031//1283 1029//1563
f 1030//1129 1029//1563 1032//1564
f 1030//1129 1032//1564 1034//1565
f 1029//1563 1031//1283 1033//1282
f 1029//1563 1033//1282 1032//1564
f 1034//1565 1032//1564 1033//1282
f 1034//1565 1033//1282 1065//1566
f 1034//1565 1065//1566 1035//1567
f 1059//1568 1040//1569 1039//1570
f 1059//1568 1039//1570 1037//1008
f 1059//1568 1037//1008 1036//1007
f 1059//1568 1036//1007 1034//1565
f 1059//1568 1034//1565 1035//1567
f 1036//1007 613//1006 2512//1016
f 1036//1007 2512//1016 1030//1129
f 1036//1007 1030//1129 1034//1565
f 1038//1009 1037//1008 1039//1570
f 1038//1009 1039//1570 1041//1571
f 1042//1572 1041//1571 1039//1570
f 1042//1572 1039//1570 1040//1569
f 1042//1572 1040//1569 1055//1573
f 1042//1572 1055//1573 1043//1574
f 1041//1571 1042//1572 1044//1575
f 1041//1571 1044//1575 1046//1576
f 1041//1571 1046//1576 1047//1577
f 1041//1571 1047//1577 2510//1001
f 1041//1571 2510//1001 2511//1000
f 1041//1571 2511//1000 1038//1009
f 1043//1574 1045//1578 1044//1575
f 1043//1574 1044//1575 1042//1572
f 1045//1578 1052//908 1050//907
f 1045//1578 1050//907 1048//1579
f 1045//1578 1048//1579 1046//1576
f 1045//1578 1046//1576 1044//1575
f 1046//1576 1048//1579 1049//1580
f 1046//1576 1049//1580 2499//1581
f 1046//1576 2499//1581 2501//1582
f 1046//1576 2501//1582 2505//1583
f 1046//1576 2505//1583 1047//1577
f 1050//907 1051//906 555//932
f 1050//907 555//932 2500//940
f 1050//907 2500//940 1049//1580
f 1050//907 1049//1580 1048//1579
f 1052//908 1045//1578 1043//1574
f 1052//908 1043//1574 1055//1573
f 1052//908 1055//1573 1053//909
f 1055//1573 1040//1569 1059//1568
f 1055//1573 1059//1568 1058//1584
f 1055//1573 1058//1584 1054//910
f 1055//1573 1054//910 1053//909
f 1058//1584 1060//1585 1061//1586
f 1058//1584 1061//1586 1465//1587
f 1058//1584 1465//1587 1464//1588
f 1058//1584 1464//1588 1443//1589
f 1058//1584 1443//1589 1442//1590
f 1058//1584 1442//1590 1444//1591
f 1058//1584 1444//1591 1445//1592
f 1058//1584 1445//1592 1450//1593
f 1058//1584 1450//1593 1452//1594
f 1058//1584 1452//1594 1455//1595
f 1058//1584 1455//1595 1456//1596
f 1058//1584 1456//1596 1457//1597
f 1058//1584 1457//1597 1459//1598
f 1058//1584 1459//1598 1056//1599
f 1058//1584 1056//1599 1054//910
f 2430//1600 2431//1601 2432//1602
f 2430//1600 2432//1602 2438//1603
f 2430//1600 2438//1603 1057//911
f 2430//1600 1057//911 1054//910
f 2430//1600 1054//910 1056//1599
f 2430//1600 1056//1599 2429//1604
f 1060//1585 1058//1584 1059//1568
f 1060//1585 1059//1568 1035//1567
f 1060//1585 1035//1567 1062//1605
f 2338//1606 1471//1607 1469//1608
f 2338//1606 1469//1608 1061//1586
f 2338//1606 1061//1586 1060//1585
f 2338//1606 1060//1585 1062//1605
f 2338//1606 1062//1605 1063//1609
f 2338//1606 1063//1609 2339//1610
f 1035//1567 1065//1566 1064//1611
f 1035//1567 1064//1611 1062//1605
f 1062//1605 1064//1611 1066//1612
f 1062//1605 1066//1612 1063//1609
f 1065//1566 1070//1430 1067//1613
f 1065//1566 1067//1613 1064//1611
f 1064//1611 1067//1613 1068//1614
f 1064//1611 1068//1614 1081//1615
f 1064//1611 1081//1615 1066//1612
f 1069//1616 1072//1617 1074//1618
f 1069//1616 1074//1618 1068//1614
f 1069//1616 1068//1614 1067//1613
f 873//1429 1071//1428 1069//1616
f 873//1429 1069//1616 1067//1613
f 873//1429 1067//1613 1070//1430
f 1033//1282 875//1281 1070//1430
f 1033//1282 1070//1430 1065//1566
f 1924//1396 1073//1619 1072//1617
f 1924//1396 1072//1617 1069//1616
f 1924//1396 1069//1616 1071//1428
f 1924//1396 1071//1428 856//1397
f 1076//1620 1075//1621 1074//1618
f 1076//1620 1074//1618 1072//1617
f 1076//1620 1072//1617 1073//1619
f 1076//1620 1073//1619 1977//1622
f 1076//1620 1977//1622 1978//1623
f 1074//1618 1075//1621 1077//1624
f 1074//1618 1077//1624 1068//1614
f 1075//1621 1076//1620 1987//1625
f 1075//1621 1987//1625 1078//1626
f 1075//1621 1078//1626 1077//1624
f 1081//1615 1068//1614 1077//1624
f 1081//1615 1077//1624 1079//1627
f 1079//1627 1077//1624 1078//1626
f 1079//1627 1078//1626 1082//1628
f 2339//1610 1081//1615 1079//1627
f 2339//1610 1079//1627 1080//1629
f 1080//1629 1079//1627 1082//1628
f 1080//1629 1082//1628 1083//1630
f 1083//1630 1082//1628 1084//1631
f 1083//1630 1084//1631 1087//1632
f 1082//1628 1078//1626 1085//1633
f 1082//1628 1085//1633 1084//1631
f 1084//1631 1085//1633 1885//1634
f 1084//1631 1885//1634 1086//1635
f 1087//1632 1084//1631 1086//1635
f 1087//1632 1086//1635 1088//1636
f 1089//1637 1091//1638 1093//1639
f 1089//1637 1093//1639 1095//1640
f 1089//1637 1095//1640 1097//1641
f 1089//1637 1097//1641 1083//1630
f 1089//1637 1083//1630 1087//1632
f 1150//1642 1149//1643 1090//1644
f 1150//1642 1090//1644 1089//1637
f 1150//1642 1089//1637 1087//1632
f 1150//1642 1087//1632 1088//1636
f 1091//1645 1089//1646 1090//1647
f 1091//1645 1090//1647 1153//1648
f 1091//1645 1153//1648 1154//1649
f 1091//1645 1154//1649 1092//1650
f 1093//1651 1091//1645 1092//1650
f 1093//1651 1092//1650 1094//1652
f 1095//1653 1093//1651 1094//1652
f 1095//1653 1094//1652 1096//1654
f 1098//1655 1097//1656 1095//1653
f 1098//1655 1095//1653 1096//1654
f 1098//1655 1096//1654 2498//1657
f 1098//1655 2498//1657 1099//1658
f 1097//1641 1098//1659 1100//1660
f 1097//1641 1100//1660 1102//1661
f 1097//1641 1102//1661 1103//1662
f 1097//1641 1103//1662 1107//1663
f 1097//1641 1107//1663 1110//1664
f 1097//1641 1110//1664 1111//1665
f 1097//1641 1111//1665 1112//1666
f 1097//1641 1112//1666 1114//1667
f 1097//1641 1114//1667 2337//1668
f 1097//1641 2337//1668 1080//1629
f 1097//1641 1080//1629 1083//1630
f 1100//1669 1098//1655 1099//1658
f 1100//1669 1099//1658 1101//1670
f 1102//1671 1100//1669 1101//1670
f 1102//1671 1101//1670 1104//1672
f 1103//1673 1102//1671 1104//1672
f 1103//1673 1104//1672 1105//1674
f 1156//1675 1484//1676 1483//1677
f 1156//1675 1483//1677 1113//1678
f 1156//1675 1113//1678 1109//1679
f 1156//1675 1109//1679 1108//1680
f 1156//1675 1108//1680 1106//1681
f 1156//1675 1106//1681 1105//1682
f 1156//1675 1105//1682 1104//1683
f 1156//1675 1104//1683 1101//1684
f 1156//1675 1101//1684 1099//1685
f 1156//1675 1099//1685 2498//1686
f 1107//1687 1103//1673 1105//1674
f 1107//1687 1105//1674 1106//1688
f 1110//1689 1107//1687 1106//1688
f 1110//1689 1106//1688 1108//1690
f 1111//1691 1110//1689 1108//1690
f 1111//1691 1108//1690 1109//1692
f 1109//1692 1113//1693 1112//1694
f 1109//1692 1112//1694 1111//1691
f 1116//1695 1115//1696 1112//1694
f 1116//1695 1112//1694 1113//1693
f 1116//1695 1113//1693 1125//1697
f 1116//1695 1125//1697 1126//1698
f 1114//1667 1112//1666 1115//1699
f 1114//1667 1115//1699 1117//1700
f 1114//1667 1117//1700 1119//1701
f 1114//1667 1119//1701 1120//1702
f 1132//1703 1118//1704 1117//1700
f 1132//1703 1117//1700 1115//1699
f 1132//1703 1115//1699 1116//1705
f 1132//1703 1116//1705 1129//1706
f 1132//1703 1129//1706 1130//1707
f 1132//1703 1130//1707 1131//1708
f 1119//1709 1117//1710 1118//1711
f 1119//1709 1118//1711 1124//1712
f 1119//1709 1124//1712 1123//1713
f 1119//1709 1123//1713 1121//1714
f 1121//1714 1122//1715 1480//1716
f 1121//1714 1480//1716 1481//1717
f 1121//1714 1481//1717 1120//1718
f 1121//1714 1120//1718 1119//1709
f 1122//1719 1121//1720 1123//1721
f 1122//1719 1123//1721 1125//1722
f 1122//1719 1125//1722 1113//1678
f 1122//1719 1113//1678 1483//1677
f 1122//1719 1483//1677 1482//1723
f 2075//1724 1128//1725 1127//1726
f 2075//1724 1127//1726 1126//1727
f 2075//1724 1126//1727 1125//1722
f 2075//1724 1125//1722 1123//1721
f 2075//1724 1123//1721 1124//1728
f 2075//1724 1124//1728 2074//1729
f 1129//1730 1116//1695 1126//1698
f 1129//1730 1126//1698 1127//1731
f 1130//1732 1129//1730 1127//1731
f 1130//1732 1127//1731 1128//1733
f 1133//1734 1131//1735 1130//1732
f 1133//1734 1130//1732 1128//1733
f 1133//1734 1128//1733 2075//1736
f 1133//1734 2075//1736 1134//1737
f 2070//1738 2071//1739 1132//1703
f 2070//1738 1132//1703 1131//1708
f 2070//1738 1131//1708 1133//1740
f 2070//1738 1133//1740 1135//1741
f 2070//1738 1135//1741 1137//1742
f 2070//1738 1137//1742 1138//1743
f 2070//1738 1138//1743 1143//1744
f 2070//1738 1143//1744 1144//1745
f 2070//1738 1144//1745 1145//1746
f 2070//1738 1145//1746 1147//1747
f 2070//1738 1147//1747 1149//1643
f 2070//1738 1149//1643 1150//1642
f 2070//1738 1150//1642 2067//1748
f 2070//1738 2067//1748 2068//1749
f 1135//1750 1133//1734 1134//1737
f 1135//1750 1134//1737 1136//1751
f 1137//1752 1135//1750 1136//1751
f 1137//1752 1136//1751 1139//1753
f 1138//1754 1137//1752 1139//1753
f 1138//1754 1139//1753 1140//1755
f 2077//1756 2079//1757 1152//1758
f 2077//1756 1152//1758 1151//1759
f 2077//1756 1151//1759 1148//1760
f 2077//1756 1148//1760 1146//1761
f 2077//1756 1146//1761 1142//1762
f 2077//1756 1142//1762 1141//1763
f 2077//1756 1141//1763 1140//1764
f 2077//1756 1140//1764 1139//1765
f 2077//1756 1139//1765 1136//1766
f 2077//1756 1136//1766 1134//1767
f 2077//1756 1134//1767 2075//1724
f 2077//1756 2075//1724 2074//1729
f 2077//1756 2074//1729 2072//1768
f 2077//1756 2072//1768 2073//1769
f 1143//1770 1138//1754 1140//1755
f 1143//1770 1140//1755 1141//1771
f 1144//1772 1143//1770 1141//1771
f 1144//1772 1141//1771 1142//1773
f 1145//1774 1144//1772 1142//1773
f 1145//1774 1142//1773 1146//1775
f 1147//1776 1145//1774 1146//1775
f 1147//1776 1146//1775 1148//1777
f 1148//1777 1151//1778 1149//1779
f 1148//1777 1149//1779 1147//1776
f 1090//1647 1149//1779 1151//1778
f 1090//1647 1151//1778 1153//1648
f 1157//1780 1155//1781 1154//1782
f 1157//1780 1154//1782 1153//1783
f 1157//1780 1153//1783 1151//1759
f 1157//1780 1151//1759 1152//1758
f 1155//1781 1156//1675 2498//1686
f 1155//1781 2498//1686 1096//1784
f 1155//1781 1096//1784 1094//1785
f 1155//1781 1094//1785 1092//1786
f 1155//1781 1092//1786 1154//1782
f 1155//1781 1158//1787 1159//1788
f 1155//1781 1159//1788 1156//1675
f 1157//1780 1160//1789 1158//1787
f 1157//1780 1158//1787 1155//1781
f 1158//1787 1161//1790 1162//1791
f 1158//1787 1162//1791 1159//1788
f 1160//1789 1164//1792 1161//1790
f 1160//1789 1161//1790 1158//1787
f 1162//1791 1161//1790 1163//1793
f 1162//1791 1163//1793 1492//1794
f 1161//1790 1164//1792 1165//1795
f 1161//1790 1165//1795 1495//1796
f 1161//1790 1495//1796 1163//1793
f 1164//1792 1166//1797 1169//1798
f 1164//1792 1169//1798 1170//1799
f 1164//1792 1170//1799 1165//1795
f 2102//1800 1168//1801 1166//1797
f 2102//1800 1166//1797 1164//1792
f 2102//1800 1164//1792 1160//1789
f 1166//1797 1167//1802 1173//1803
f 1166//1797 1173//1803 1171//1804
f 1166//1797 1171//1804 1169//1798
f 1184//1805 1167//1802 1166//1797
f 1184//1805 1166//1797 1168//1801
f 1172//1806 1498//1807 1170//1799
f 1172//1806 1170//1799 1169//1798
f 1172//1806 1169//1798 1171//1804
f 1172//1806 1171//1804 1173//1803
f 1172//1806 1173//1803 1174//1808
f 1172//1806 1174//1808 1175//1809
f 1172//1806 1175//1809 2242//1810
f 1167//1802 1179//1811 1177//1812
f 1167//1802 1177//1812 1174//1808
f 1167//1802 1174//1808 1173//1803
f 1174//1808 1176//1813 1860//1814
f 1174//1808 1860//1814 1857//1815
f 1174//1808 1857//1815 1859//1816
f 1174//1808 1859//1816 2236//1817
f 1174//1808 2236//1817 2240//1818
f 1174//1808 2240//1818 2241//1819
f 1174//1808 2241//1819 2243//1820
f 1174//1808 2243//1820 2244//1821
f 1174//1808 2244//1821 2245//1822
f 1174//1808 2245//1822 2246//1823
f 1174//1808 2246//1823 2247//1822
f 1174//1808 2247//1822 2248//1824
f 1174//1808 2248//1824 2249//1821
f 1174//1808 2249//1821 2250//1825
f 1174//1808 2250//1825 2251//1821
f 1174//1808 2251//1821 2252//1825
f 1174//1808 2252//1825 2253//1825
f 1174//1808 2253//1825 2254//1822
f 1174//1808 2254//1822 2255//1824
f 1174//1808 2255//1824 2256//1822
f 1174//1808 2256//1822 2257//1826
f 1174//1808 2257//1826 2258//1822
f 1174//1808 2258//1822 2259//1826
f 1174//1808 2259//1826 2260//1827
f 1174//1808 2260//1827 1175//1809
f 1178//1828 1176//1813 1174//1808
f 1178//1828 1174//1808 1177//1812
f 1177//1812 1179//1811 1180//1829
f 1177//1812 1180//1829 1181//1830
f 1177//1812 1181//1830 1864//1831
f 1177//1812 1864//1831 1178//1828
f 1167//1802 1184//1805 1182//1832
f 1167//1802 1182//1832 1180//1829
f 1167//1802 1180//1829 1179//1811
f 1180//1829 1182//1832 1183//1833
f 1180//1829 1183//1833 2234//1834
f 1180//1829 2234//1834 2235//1835
f 1180//1829 2235//1835 1181//1830
f 1184//1805 1185//1836 1188//1837
f 1184//1805 1188//1837 1183//1833
f 1184//1805 1183//1833 1182//1832
f 1185//1836 1184//1805 1168//1801
f 1185//1836 1168//1801 1186//1838
f 1185//1836 1186//1838 1216//1839
f 1185//1836 1216//1839 1214//1840
f 1185//1836 1214//1840 1215//1841
f 1185//1836 1215//1841 1187//1842
f 1185//1836 1187//1842 1190//1843
f 1185//1836 1190//1843 1189//1844
f 1185//1836 1189//1844 1188//1837
f 1183//1833 1188//1837 1189//1844
f 1183//1833 1189//1844 1191//1845
f 1183//1833 1191//1845 2233//1846
f 1183//1833 2233//1846 2234//1834
f 1207//1847 1205//1848 1204//1849
f 1207//1847 1204//1849 1203//1850
f 1207//1847 1203//1850 1202//1851
f 1207//1847 1202//1851 1201//1852
f 1207//1847 1201//1852 1200//1852
f 1207//1847 1200//1852 1199//1853
f 1207//1847 1199//1853 1198//1854
f 1207//1847 1198//1854 1197//1855
f 1207//1847 1197//1855 1196//1856
f 1207//1847 1196//1856 1195//1857
f 1207//1847 1195//1857 1194//1858
f 1207//1847 1194//1858 1193//1859
f 1207//1847 1193//1859 1192//1860
f 1207//1847 1192//1860 1189//1844
f 1207//1847 1189//1844 1190//1843
f 1275//1861 1277//1862 1279//1863
f 1275//1861 1279//1863 1281//1864
f 1275//1861 1281//1864 1283//1865
f 1275//1861 1283//1865 1285//1866
f 1275//1861 1285//1866 1286//1867
f 1275//1861 1286//1867 1291//1868
f 1275//1861 1291//1868 1292//1869
f 1275//1861 1292//1869 1293//1870
f 1275//1861 1293//1870 1295//1871
f 1275//1861 1295//1871 1297//1872
f 1275//1861 1297//1872 1299//1873
f 1275//1861 1299//1873 1191//1845
f 1275//1861 1191//1845 1189//1844
f 1275//1861 1189//1844 1192//1860
f 1275//1861 1192//1860 1193//1859
f 1275//1861 1193//1859 1194//1858
f 1275//1861 1194//1858 1195//1857
f 1275//1861 1195//1857 1196//1856
f 1275//1861 1196//1856 1197//1855
f 1275//1861 1197//1855 1198//1854
f 1275//1861 1198//1854 1199//1853
f 1275//1861 1199//1853 1200//1852
f 1275//1861 1200//1852 1201//1852
f 1275//1861 1201//1852 1202//1851
f 1275//1861 1202//1851 1203//1850
f 1275//1861 1203//1850 1204//1849
f 1275//1861 1204//1849 1205//1848
f 1275//1861 1205//1848 1206//1874
f 1265//1875 1266//1876 1206//1874
f 1265//1875 1206//1874 1205//1848
f 1265//1875 1205//1848 1208//1877
f 1265//1875 1208//1877 1209//1878
f 1210//1879 1208//1877 1205//1848
f 1210//1879 1205//1848 1207//1847
f 1210//1879 1207//1847 1213//1880
f 1210//1879 1212//1881 1260//1882
f 1210//1879 1260//1882 1261//1883
f 1210//1879 1261//1883 1209//1878
f 1210//1879 1209//1878 1208//1877
f 1212//1881 1210//1879 1211//1884
f 1212//1881 1211//1884 1222//1885
f 1212//1881 1222//1885 1223//1886
f 1210//1879 1213//1880 1214//1840
f 1210//1879 1214//1840 1217//1887
f 1210//1879 1217//1887 1211//1884
f 1190//1843 1187//1842 1215//1841
f 1190//1843 1215//1841 1214//1840
f 1190//1843 1214//1840 1213//1880
f 1190//1843 1213//1880 1207//1847
f 1217//1887 1214//1840 1216//1839
f 1217//1887 1216//1839 2101//1888
f 1217//1887 2101//1888 1219//1889
f 1217//1887 1219//1889 1218//1890
f 1218//1890 1220//1891 1222//1885
f 1218//1890 1222//1885 1211//1884
f 1218//1890 1211//1884 1217//1887
f 2078//1892 1221//1893 1220//1891
f 2078//1892 1220//1891 1218//1890
f 2078//1892 1218//1890 1219//1889
f 1220//1891 1221//1893 1226//1894
f 1220//1891 1226//1894 1224//1895
f 1220//1891 1224//1895 1223//1886
f 1220//1891 1223//1886 1222//1885
f 1257//1896 1212//1881 1223//1886
f 1257//1896 1223//1886 1224//1895
f 1257//1896 1224//1895 1225//1897
f 1226//1894 1227//1898 1229//1899
f 1226//1894 1229//1899 1230//1900
f 1226//1894 1230//1900 1234//1901
f 1226//1894 1234//1901 1236//1902
f 1226//1894 1236//1902 1238//1903
f 1226//1894 1238//1903 1240//1904
f 1226//1894 1240//1904 1242//1905
f 1226//1894 1242//1905 1245//1906
f 1226//1894 1245//1906 1246//1907
f 1226//1894 1246//1907 1247//1908
f 1226//1894 1247//1908 1248//1909
f 1226//1894 1248//1909 2497//1910
f 1226//1894 2497//1910 1225//1897
f 1226//1894 1225//1897 1224//1895
f 1389//1911 2385//1912 1228//1913
f 1389//1911 1228//1913 1227//1898
f 1389//1911 1227//1898 1226//1894
f 1389//1911 1226//1894 1221//1893
f 1389//1911 1221//1893 2078//1892
f 1389//1911 2078//1892 2077//1756
f 1389//1911 2077//1756 2076//1914
f 1389//1911 2076//1914 2103//1915
f 1389//1911 2103//1915 2104//1916
f 1389//1911 2104//1916 2108//1917
f 1389//1911 2108//1917 1384//1918
f 1389//1911 1384//1918 1383//1919
f 1389//1911 1383//1919 1385//1920
f 1389//1911 1385//1920 1386//1921
f 1389//1911 1386//1921 1388//1922
f 1229//1899 1227//1898 1228//1913
f 1229//1899 1228//1913 1231//1923
f 1230//1900 1229//1899 1231//1923
f 1230//1900 1231//1923 1232//1924
f 50//105 1253//104 1251//1925
f 50//105 1251//1925 1250//1926
f 50//105 1250//1926 1249//1927
f 50//105 1249//1927 1244//1928
f 50//105 1244//1928 1243//1929
f 50//105 1243//1929 1241//1930
f 50//105 1241//1930 1239//1931
f 50//105 1239//1931 1237//1932
f 50//105 1237//1932 1235//1933
f 50//105 1235//1933 1233//1934
f 50//105 1233//1934 1232//1924
f 50//105 1232//1924 1231//1923
f 50//105 1231//1923 1228//1913
f 50//105 1228//1913 2496//1935
f 50//105 2496//1935 2495//109
f 1234//1901 1230//1900 1232//1924
f 1234//1901 1232//1924 1233//1934
f 1236//1902 1234//1901 1233//1934
f 1236//1902 1233//1934 1235//1933
f 1238//1903 1236//1902 1235//1933
f 1238//1903 1235//1933 1237//1932
f 1240//1904 1238//1903 1237//1932
f 1240//1904 1237//1932 1239//1931
f 1242//1905 1240//1904 1239//1931
f 1242//1905 1239//1931 1241//1930
f 1245//1906 1242//1905 1241//1930
f 1245//1906 1241//1930 1243//1929
f 1246//1907 1245//1906 1243//1929
f 1246//1907 1243//1929 1244//1928
f 1247//1908 1246//1907 1244//1928
f 1247//1908 1244//1928 1249//1927
f 1248//1909 1247//1908 1249//1927
f 1248//1909 1249//1927 1250//1926
f 1248//1909 1250//1926 1251//1925
f 1248//1909 1251//1925 1252//1936
f 1248//1909 1252//1936 2497//1910
f 1256//1937 1252//1936 1251//1925
f 1256//1937 1251//1925 1254//1938
f 44//97 1255//98 1254//1938
f 44//97 1254//1938 1251//1925
f 44//97 1251//1925 1253//104
f 1257//1896 1256//1937 1254//1938
f 1257//1896 1254//1938 1255//98
f 1257//1896 1255//98 41//96
f 1257//1896 41//96 1258//95
f 1256//1937 1257//1896 1225//1897
f 1256//1937 1225//1897 2497//1910
f 1256//1937 2497//1910 1252//1936
f 1212//1881 1257//1896 1258//95
f 1212//1881 1258//95 1259//94
f 1212//1881 1259//94 1260//1882
f 40//89 37//88 1262//87
f 40//89 1262//87 1261//1883
f 40//89 1261//1883 1260//1882
f 40//89 1260//1882 1259//94
f 1262//87 1263//86 1265//1875
f 1262//87 1265//1875 1209//1878
f 1262//87 1209//1878 1261//1883
f 1264//85 2148//1939 2149//1940
f 1264//85 2149//1940 2195//1941
f 1264//85 2195//1941 2193//1942
f 1264//85 2193//1942 2194//1943
f 1264//85 2194//1943 2196//1944
f 1264//85 2196//1944 2200//1945
f 1264//85 2200//1945 2203//1946
f 1264//85 2203//1946 2204//1947
f 1264//85 2204//1947 2205//1948
f 1264//85 2205//1948 2206//1949
f 1264//85 2206//1949 2211//1950
f 1264//85 2211//1950 2212//1951
f 1264//85 2212//1951 2213//1952
f 1264//85 2213//1952 2214//1953
f 1264//85 2214//1953 2228//1954
f 1264//85 2228//1954 2229//1955
f 1264//85 2229//1955 1268//1956
f 1264//85 1268//1956 1267//1957
f 1264//85 1267//1957 1266//1958
f 1264//85 1266//1958 1265//1959
f 1264//85 1265//1959 1263//86
f 1267//1957 1269//1960 1206//1961
f 1267//1957 1206//1961 1266//1958
f 1267//1957 1268//1956 1270//1962
f 1267//1957 1270//1962 1269//1960
f 1273//1963 1275//1964 1206//1965
f 1273//1963 1206//1965 1269//1960
f 1273//1963 1269//1960 1270//1962
f 1273//1963 1270//1962 1271//1966
f 1268//1956 2229//1955 1272//1967
f 1268//1956 1272//1967 1271//1966
f 1268//1956 1271//1966 1270//1962
f 1274//1968 1273//1963 1271//1966
f 1274//1968 1271//1966 1272//1967
f 1274//1968 1272//1967 2227//1969
f 1274//1968 2227//1969 2225//1970
f 2185//1971 1276//1972 1275//1973
f 2185//1971 1275//1973 1273//1974
f 2185//1971 1273//1974 1274//1975
f 2185//1971 1274//1975 2226//1976
f 2185//1971 2226//1976 2220//1977
f 2185//1971 2220//1977 2219//1978
f 2185//1971 2219//1978 2218//1979
f 2185//1971 2218//1979 2217//1980
f 2185//1971 2217//1980 2188//1981
f 2185//1971 2188//1981 2187//1982
f 2185//1971 2187//1982 2186//1983
f 1277//1984 1275//1985 1276//1986
f 1277//1984 1276//1986 1278//1987
f 1278//1987 1280//1988 1279//1989
f 1278//1987 1279//1989 1277//1984
f 1280//1988 1282//1990 1281//1991
f 1280//1988 1281//1991 1279//1989
f 1282//1990 1284//1992 1283//1993
f 1282//1990 1283//1993 1281//1991
f 1284//1992 1287//1994 1285//1995
f 1284//1992 1285//1995 1283//1993
f 1287//1994 1288//1996 1286//1997
f 1287//1994 1286//1997 1285//1995
f 1345//1998 1344//1999 1343//2000
f 1345//1998 1343//2000 1342//2001
f 1345//1998 1342//2001 1341//2002
f 1345//1998 1341//2002 1340//2003
f 1345//1998 1340//2003 1339//2004
f 1345//1998 1339//2004 1338//2005
f 1345//1998 1338//2005 1337//2006
f 1345//1998 1337//2006 1336//2007
f 1345//1998 1336//2007 1335//2008
f 1345//1998 1335//2008 1334//2009
f 1345//1998 1334//2009 1333//2010
f 1345//1998 1333//2010 1332//2011
f 1345//1998 1332//2011 1331//2012
f 1345//1998 1331//2012 1328//2013
f 1345//1998 1328//2013 1326//2014
f 1345//1998 1326//2014 1300//2015
f 1345//1998 1300//2015 1298//2016
f 1345//1998 1298//2016 1296//2017
f 1345//1998 1296//2017 1294//2018
f 1345//1998 1294//2018 1290//2019
f 1345//1998 1290//2019 1289//2020
f 1345//1998 1289//2020 1288//2021
f 1345//1998 1288//2021 1287//2022
f 1345//1998 1287//2022 1284//2023
f 1345//1998 1284//2023 1282//2024
f 1345//1998 1282//2024 1280//2025
f 1345//1998 1280//2025 1278//2026
f 1345//1998 1278//2026 1276//2027
f 1288//1996 1289//2028 1291//2029
f 1288//1996 1291//2029 1286//1997
f 1289//2028 1290//2030 1292//2031
f 1289//2028 1292//2031 1291//2029
f 1290//2030 1294//2032 1293//2033
f 1290//2030 1293//2033 1292//2031
f 1294//2032 1296//2034 1295//2035
f 1294//2032 1295//2035 1293//2033
f 1296//2034 1298//2036 1297//2037
f 1296//2034 1297//2037 1295//2035
f 1298//2036 1300//2038 1299//2039
f 1298//2036 1299//2039 1297//2037
f 1301//2040 1299//2041 1300//2042
f 1301//2040 1300//2042 1302//2043
f 2114//2044 1191//1845 1299//1873
f 2114//2044 1299//1873 1301//2045
f 2114//2044 1301//2045 1303//2046
f 2114//2044 1303//2046 1305//2047
f 2114//2044 1305//2047 1307//2048
f 2114//2044 1307//2048 1309//2049
f 2114//2044 1309//2049 1311//2050
f 2114//2044 1311//2050 1312//2051
f 2114//2044 1312//2051 1317//2052
f 2114//2044 1317//2052 1318//2053
f 2114//2044 1318//2053 1319//2054
f 2114//2044 1319//2054 1320//2055
f 1302//2043 1304//2056 1303//2057
f 1302//2043 1303//2057 1301//2040
f 1304//2056 1306//2058 1305//2059
f 1304//2056 1305//2059 1303//2057
f 1306//2058 1308//2060 1307//2061
f 1306//2058 1307//2061 1305//2059
f 1308//2060 1310//2062 1309//2063
f 1308//2060 1309//2063 1307//2061
f 1310//2062 1313//2064 1311//2065
f 1310//2062 1311//2065 1309//2063
f 1313//2064 1314//2066 1312//2067
f 1313//2064 1312//2067 1311//2065
f 1322//2068 1321//2069 1316//2070
f 1322//2068 1316//2070 1315//2071
f 1322//2068 1315//2071 1314//2072
f 1322//2068 1314//2072 1313//2073
f 1322//2068 1313//2073 1310//2074
f 1322//2068 1310//2074 1308//2075
f 1322//2068 1308//2075 1306//2076
f 1322//2068 1306//2076 1304//2077
f 1322//2068 1304//2077 1302//2078
f 1322//2068 1302//2078 1300//2015
f 1322//2068 1300//2015 1326//2014
f 1322//2068 1326//2014 1324//2079
f 1314//2066 1315//2080 1317//2081
f 1314//2066 1317//2081 1312//2067
f 1315//2080 1316//2082 1318//2083
f 1315//2080 1318//2083 1317//2081
f 1316//2082 1321//2084 1319//2085
f 1316//2082 1319//2085 1318//2083
f 1321//2084 1322//2086 1320//2087
f 1321//2084 1320//2087 1319//2085
f 1320//2088 1322//2089 1323//2090
f 1320//2088 1323//2090 2140//2091
f 1324//2079 1325//2092 2116//2093
f 1324//2079 2116//2093 2119//2094
f 1324//2079 2119//2094 2120//2095
f 1324//2079 2120//2095 1323//2096
f 1324//2079 1323//2096 1322//2068
f 1872//2097 2110//2098 1325//2092
f 1872//2097 1325//2092 1324//2079
f 1872//2097 1324//2079 1326//2014
f 1872//2097 1326//2014 1327//2099
f 1874//2100 1327//2099 1326//2014
f 1874//2100 1326//2014 1328//2013
f 1874//2100 1328//2013 1329//2101
f 1874//2100 1329//2101 1880//2102
f 1329//2101 1328//2013 1330//2103
f 1329//2101 1330//2103 2009//2104
f 1329//2101 2009//2104 1882//2105
f 1330//2103 1328//2013 1331//2012
f 1330//2103 1331//2012 1332//2011
f 1330//2103 1332//2011 1333//2010
f 1330//2103 1333//2010 1334//2009
f 1330//2103 1334//2009 1335//2008
f 1330//2103 1335//2008 1336//2007
f 1330//2103 1336//2007 1337//2006
f 1330//2103 1337//2006 1338//2005
f 1330//2103 1338//2005 1339//2004
f 1330//2103 1339//2004 1340//2003
f 1330//2103 1340//2003 1341//2002
f 1330//2103 1341//2002 1342//2001
f 1330//2103 1342//2001 1343//2000
f 1330//2103 1343//2000 1344//1999
f 1330//2103 1344//1999 1346//2106
f 1348//2107 1347//2108 1344//1999
f 1348//2107 1344//1999 1345//1998
f 1348//2107 1345//1998 2127//2109
f 1348//2107 2127//2109 2231//2110
f 1350//2111 1346//2106 1344//1999
f 1350//2111 1344//1999 1347//2108
f 1350//2111 1347//2108 1349//2112
f 1347//2108 1348//2107 1357//2113
f 1347//2108 1357//2113 1355//2114
f 1347//2108 1355//2114 1352//2115
f 1347//2108 1352//2115 1349//2112
f 1351//2116 2038//2117 2036//2118
f 1351//2116 2036//2118 1350//2111
f 1351//2116 1350//2111 1349//2112
f 1353//2119 2042//2120 1351//2116
f 1353//2119 1351//2116 1349//2112
f 1353//2119 1349//2112 1352//2115
f 1374//2121 1375//2122 1353//2119
f 1374//2121 1353//2119 1352//2115
f 1374//2121 1352//2115 1354//2123
f 1355//2114 1356//2124 1365//2125
f 1355//2114 1365//2125 1354//2123
f 1355//2114 1354//2123 1352//2115
f 1356//2124 1355//2114 1357//2113
f 1356//2124 1357//2113 1358//67
f 1356//2124 1358//67 1360//66
f 1356//2124 1360//66 1361//2126
f 1357//2113 1348//2107 2231//2110
f 1357//2113 2231//2110 1359//68
f 1357//2113 1359//68 1358//67
f 26//56 1362//55 1361//2126
f 26//56 1361//2126 1360//66
f 26//56 1360//66 29//62
f 1361//2126 1362//55 1364//2127
f 1361//2126 1364//2127 1365//2125
f 1361//2126 1365//2125 1356//2124
f 1366//2128 1364//2127 1362//55
f 1366//2128 1362//55 1363//54
f 1366//2128 1363//54 1367//2129
f 1365//2125 1364//2127 1366//2128
f 1365//2125 1366//2128 1368//2130
f 1365//2125 1368//2130 1370//2131
f 1365//2125 1370//2131 1354//2123
f 2490//2132 1369//2133 1368//2130
f 2490//2132 1368//2130 1366//2128
f 2490//2132 1366//2128 1367//2129
f 1368//2130 1369//2133 1371//2134
f 1368//2130 1371//2134 1370//2131
f 1371//2134 1372//2135 1374//2121
f 1371//2134 1374//2121 1354//2123
f 1371//2134 1354//2123 1370//2131
f 1372//2135 1371//2134 1369//2133
f 1372//2135 1369//2133 2493//2136
f 1372//2135 2493//2136 1373//2137
f 1375//2122 1374//2121 1372//2135
f 1375//2122 1372//2135 1373//2137
f 1375//2122 1373//2137 1378//2138
f 1375//2122 1378//2138 1376//2139
f 2042//2120 1353//2119 1375//2122
f 2042//2120 1375//2122 1376//2139
f 2042//2120 1376//2139 1377//2140
f 2042//2120 1377//2140 2041//2141
f 1379//2142 1381//2143 1382//2144
f 1379//2142 1382//2144 2107//2145
f 1379//2142 2107//2145 2106//2146
f 1379//2142 2106//2146 2105//2147
f 1379//2142 2105//2147 2069//2148
f 1379//2142 2069//2148 2068//1749
f 1379//2142 2068//1749 2043//2149
f 1379//2142 2043//2149 1377//2140
f 1379//2142 1377//2140 1376//2139
f 1379//2142 1376//2139 1378//2138
f 1393//2150 1387//2151 1380//2152
f 1393//2150 1380//2152 1379//2142
f 1393//2150 1379//2142 1378//2138
f 1393//2150 1378//2138 1373//2137
f 1393//2150 1373//2137 2493//2136
f 1393//2150 2493//2136 2383//2153
f 1381//2154 1379//2155 1380//2156
f 1381//2154 1380//2156 1385//2157
f 1381//2154 1385//2157 1383//2158
f 1382//2159 1381//2154 1383//2158
f 1382//2159 1383//2158 1384//2160
f 1380//2156 1387//2161 1386//2162
f 1380//2156 1386//2162 1385//2157
f 1387//2161 1393//2163 1392//2164
f 1387//2161 1392//2164 1390//2165
f 1387//2161 1390//2165 1388//2166
f 1387//2161 1388//2166 1386//2162
f 2374//2167 2376//2168 2377//2169
f 2374//2167 2377//2169 2381//2170
f 2374//2167 2381//2170 1389//1911
f 2374//2167 1389//1911 1388//1922
f 2374//2167 1388//1922 1390//2171
f 2374//2167 1390//2171 1391//2172
f 2374//2167 1391//2172 2375//2173
f 1392//2164 1394//2174 1391//2175
f 1392//2164 1391//2175 1390//2165
f 1395//2176 1394//2177 1392//2178
f 1395//2176 1392//2178 1393//2150
f 1395//2176 1393//2150 2383//2153
f 1395//2176 2383//2153 2382//2179
f 1395//2176 2382//2179 2380//2180
f 1395//2176 2380//2180 2379//2181
f 1395//2176 2379//2181 2378//2182
f 1395//2176 2378//2182 1396//2183
f 1394//2174 1395//2184 1397//2185
f 1394//2174 1397//2185 1398//2186
f 1394//2174 1398//2186 2375//2187
f 1394//2174 2375//2187 1391//2175
f 1399//2188 1397//2189 1395//2176
f 1399//2188 1395//2176 1396//2183
f 1399//2188 1396//2183 2373//2190
f 1399//2188 2373//2190 2370//2191
f 1399//2188 2370//2191 1400//2192
f 1397//2185 1399//2193 1401//2194
f 1397//2185 1401//2194 1402//2195
f 1397//2185 1402//2195 1404//2196
f 1397//2185 1404//2196 1405//2197
f 1397//2185 1405//2197 2365//2198
f 1397//2185 2365//2198 1398//2186
f 1401//2199 1399//2188 1400//2192
f 1429//2200 1428//2201 1427//2202
f 1429//2200 1427//2202 1422//2203
f 1429//2200 1422//2203 1421//2204
f 1429//2200 1421//2204 1420//2205
f 1429//2200 1420//2205 1419//2206
f 1429//2200 1419//2206 1416//2207
f 1429//2200 1416//2207 1412//2208
f 1429//2200 1412//2208 1411//2209
f 1429//2200 1411//2209 1410//2210
f 1429//2200 1410//2210 1409//2211
f 1429//2200 1409//2211 1403//2212
f 1429//2200 1403//2212 1402//2213
f 1429//2200 1402//2213 1401//2199
f 1429//2200 1401//2199 1400//2192
f 1429//2200 1400//2192 2371//2214
f 1429//2200 2371//2214 2372//2215
f 1429//2200 2372//2215 2359//2216
f 1429//2200 2359//2216 2358//2217
f 1429//2200 2358//2217 2357//2218
f 1429//2200 2357//2218 2356//2219
f 1429//2200 2356//2219 2351//2220
f 1429//2200 2351//2220 2350//2221
f 1429//2200 2350//2221 2349//2222
f 1429//2200 2349//2222 2348//2223
f 1429//2200 2348//2223 2345//2224
f 1429//2200 2345//2224 2343//2225
f 1429//2200 2343//2225 2341//2226
f 1429//2200 2341//2226 1430//2227
f 1402//2195 1403//2228 1406//2229
f 1402//2195 1406//2229 1404//2196
f 1436//2230 1437//2231 2342//2232
f 1436//2230 2342//2232 2344//2233
f 1436//2230 2344//2233 2346//2234
f 1436//2230 2346//2234 2347//2235
f 1436//2230 2347//2235 2352//2236
f 1436//2230 2352//2236 2353//2237
f 1436//2230 2353//2237 2354//2238
f 1436//2230 2354//2238 2355//2239
f 1436//2230 2355//2239 2360//2240
f 1436//2230 2360//2240 2361//2241
f 1436//2230 2361//2241 2362//2242
f 1436//2230 2362//2242 2364//2243
f 1436//2230 2364//2243 1405//2244
f 1436//2230 1405//2244 1404//2245
f 1436//2230 1404//2245 1406//2246
f 1436//2230 1406//2246 1407//2247
f 1436//2230 1407//2247 1408//2248
f 1436//2230 1408//2248 1413//2249
f 1436//2230 1413//2249 1414//2250
f 1436//2230 1414//2250 1415//2250
f 1436//2230 1415//2250 1417//2251
f 1436//2230 1417//2251 1418//2252
f 1436//2230 1418//2252 1423//2253
f 1436//2230 1423//2253 1424//2254
f 1436//2230 1424//2254 1425//2255
f 1436//2230 1425//2255 1426//2256
f 1436//2230 1426//2256 1435//2257
f 1403//2228 1409//2258 1407//2259
f 1403//2228 1407//2259 1406//2229
f 1409//2258 1410//2260 1408//2261
f 1409//2258 1408//2261 1407//2259
f 1410//2260 1411//2262 1413//2263
f 1410//2260 1413//2263 1408//2261
f 1411//2262 1412//2264 1414//2265
f 1411//2262 1414//2265 1413//2263
f 1412//2264 1416//2266 1415//2267
f 1412//2264 1415//2267 1414//2265
f 1416//2266 1419//2268 1417//2269
f 1416//2266 1417//2269 1415//2267
f 1419//2268 1420//2270 1418//2271
f 1419//2268 1418//2271 1417//2269
f 1420//2270 1421//2272 1423//2273
f 1420//2270 1423//2273 1418//2271
f 1421//2272 1422//2274 1424//2275
f 1421//2272 1424//2275 1423//2273
f 1422//2274 1427//2276 1425//2277
f 1422//2274 1425//2277 1424//2275
f 1427//2276 1428//2278 1426//2279
f 1427//2276 1426//2279 1425//2277
f 1428//2278 1429//2280 1431//2281
f 1428//2278 1431//2281 1433//2282
f 1428//2278 1433//2282 1435//2283
f 1428//2278 1435//2283 1426//2279
f 1443//1589 1432//2284 1431//2285
f 1443//1589 1431//2285 1429//2200
f 1443//1589 1429//2200 1430//2227
f 1443//1589 1430//2227 1440//2286
f 1443//1589 1440//2286 1441//2287
f 1443//1589 1441//2287 1442//1590
f 1431//2281 1432//2288 1434//2289
f 1431//2281 1434//2289 1433//2282
f 1447//883 1439//2290 1438//2291
f 1447//883 1438//2291 1436//2230
f 1447//883 1436//2230 1435//2257
f 1447//883 1435//2257 1433//2292
f 1447//883 1433//2292 1434//2293
f 1447//883 1434//2293 1461//884
f 1440//2294 1430//2295 2341//2296
f 1440//2294 2341//2296 1437//2297
f 1440//2294 1437//2297 1436//2298
f 1440//2294 1436//2298 1438//2299
f 1441//2300 1440//2294 1438//2299
f 1441//2300 1438//2299 1439//2301
f 1444//2302 1442//2303 1441//2300
f 1444//2302 1441//2300 1439//2301
f 1444//2302 1439//2301 1447//2304
f 1444//2302 1447//2304 1446//2305
f 1445//2306 1444//2302 1446//2305
f 1445//2306 1446//2305 1448//2307
f 1450//2308 1445//2306 1448//2307
f 1450//2308 1448//2307 1449//2309
f 1452//2310 1450//2308 1449//2309
f 1452//2310 1449//2309 1451//2311
f 1455//2312 1452//2310 1451//2311
f 1455//2312 1451//2311 1453//2313
f 1456//2314 1455//2312 1453//2313
f 1456//2314 1453//2313 1454//2315
f 1457//2316 1456//2314 1454//2315
f 1457//2316 1454//2315 1458//2317
f 1459//2318 1457//2316 1458//2317
f 1459//2318 1458//2317 1460//2319
f 2427//2320 2429//2321 1056//2322
f 2427//2320 1056//2322 1459//2318
f 2427//2320 1459//2318 1460//2319
f 2427//2320 1460//2319 526//2323
f 2427//2320 526//2323 2436//2324
f 2427//2320 2436//2324 2428//2325
f 1432//2288 1443//2326 1464//2327
f 1432//2288 1464//2327 1462//2328
f 1432//2288 1462//2328 1461//2329
f 1432//2288 1461//2329 1434//2289
f 1464//2327 1465//2330 1463//2331
f 1464//2327 1463//2331 1462//2328
f 1465//2330 1061//2332 1466//2333
f 1465//2330 1466//2333 1463//2331
f 1467//2334 1466//2333 1061//2332
f 1467//2334 1061//2332 1469//2335
f 1473//2336 2340//1343 838//1340
f 1473//2336 838//1340 1468//888
f 1473//2336 1468//888 1466//887
f 1473//2336 1466//887 1467//2337
f 1473//2336 1467//2337 1470//2338
f 1473//2336 1470//2338 1472//2339
f 838//1340 835//862 518//863
f 838//1340 518//863 525//866
f 838//1340 525//866 1468//888
f 1469//2335 1471//2340 1470//2341
f 1469//2335 1470//2341 1467//2334
f 1471//2340 2338//2342 1475//2343
f 1471//2340 1475//2343 1474//2344
f 1471//2340 1474//2344 1472//2345
f 1471//2340 1472//2345 1470//2341
f 1484//1676 1473//2336 1472//2339
f 1484//1676 1472//2339 1474//2346
f 1484//1676 1474//2346 1476//2347
f 1484//1676 1476//2347 1478//2348
f 1484//1676 1478//2348 1480//2349
f 1484//1676 1480//2349 1482//1723
f 1484//1676 1482//1723 1483//1677
f 1475//2343 1477//2350 1476//2351
f 1475//2343 1476//2351 1474//2344
f 1477//2350 1479//2352 1478//2353
f 1477//2350 1478//2353 1476//2351
f 1479//2352 1481//1717 1480//1716
f 1479//2352 1480//1716 1478//2353
f 1482//1723 1480//2349 1122//1719
f 1156//1675 1159//1788 1485//2354
f 1156//1675 1485//2354 1484//1676
f 1484//1676 1485//2354 1486//1345
f 1484//1676 1486//1345 1473//2336
f 1485//2354 1487//2355 841//1346
f 1485//2354 841//1346 1486//1345
f 1159//1788 1162//1791 1487//2355
f 1159//1788 1487//2355 1485//2354
f 1487//2355 1162//1791 1492//1794
f 1487//2355 1492//1794 1490//2356
f 1487//2355 1490//2356 1488//2357
f 841//1346 1487//2355 1488//2357
f 841//1346 1488//2357 1489//1350
f 1491//2358 1493//2359 2336//1353
f 1491//2358 2336//1353 843//1351
f 1491//2358 843//1351 1489//1350
f 1491//2358 1489//1350 1488//2357
f 1491//2358 1488//2357 1490//2356
f 1491//2358 1490//2356 1492//1794
f 1491//2358 1492//1794 1163//1793
f 1491//2358 1163//1793 1495//1796
f 1491//2358 1495//1796 1494//2360
f 1493//2359 1491//2358 1494//2360
f 1493//2359 1494//2360 1496//2361
f 1493//2359 1496//2361 1497//2362
f 1498//1807 1496//2361 1494//2360
f 1498//1807 1494//2360 1495//1796
f 1498//1807 1495//1796 1165//1795
f 1498//1807 1165//1795 1170//1799
f 1498//1807 1499//2363 1502//2364
f 1498//1807 1502//2364 1497//2362
f 1498//1807 1497//2362 1496//2361
f 1172//1806 1500//2365 1499//2363
f 1172//1806 1499//2363 1498//1807
f 1499//2363 1500//2365 2237//2366
f 1499//2363 2237//2366 2239//2367
f 1499//2363 2239//2367 1501//2368
f 1499//2363 1501//2368 1520//2369
f 1499//2363 1520//2369 1504//2370
f 1499//2363 1504//2370 1503//2371
f 1499//2363 1503//2371 1502//2364
f 1505//2372 1493//2359 1497//2362
f 1505//2372 1497//2362 1502//2364
f 1505//2372 1502//2364 1503//2371
f 1505//2372 1503//2371 1504//2370
f 1505//2372 1504//2370 1508//2373
f 1505//2372 1508//2373 1506//2374
f 1493//2359 1505//2372 1506//2374
f 1493//2359 1506//2374 1507//1357
f 1493//2359 1507//1357 847//1354
f 1493//2359 847//1354 2336//1353
f 1509//2375 1511//2376 1938//2377
f 1509//2375 1938//2377 1507//1357
f 1509//2375 1507//1357 1506//2374
f 1509//2375 1506//2374 1508//2373
f 1509//2375 1508//2373 1504//2370
f 1509//2375 1504//2370 1510//2378
f 1509//2375 1510//2378 1516//2379
f 1509//2375 1516//2379 1514//2380
f 1509//2375 1514//2380 1512//2381
f 1509//2375 1512//2381 1513//2382
f 1509//2375 1513//2382 1943//2383
f 1509//2375 1943//2383 1940//2384
f 1509//2375 1940//2384 1511//2376
f 1946//2385 1513//2382 1512//2381
f 1946//2385 1512//2381 1514//2380
f 1946//2385 1514//2380 1515//2386
f 1946//2385 1515//2386 1948//2387
f 1517//2388 1519//2389 1515//2386
f 1517//2388 1515//2386 1514//2380
f 1517//2388 1514//2380 1516//2379
f 1517//2388 1516//2379 1510//2378
f 1517//2388 1510//2378 1504//2370
f 1517//2388 1504//2370 1520//2369
f 1518//2390 1517//2388 1520//2369
f 1518//2390 1520//2369 1501//2368
f 1518//2390 1501//2368 2239//2367
f 1519//2389 1517//2388 1518//2390
f 1519//2389 1518//2390 1522//2391
f 1521//2392 1519//2389 1522//2391
f 1521//2392 1522//2391 1524//2393
f 1519//2389 1521//2392 1949//2394
f 1519//2389 1949//2394 1948//2387
f 1519//2389 1948//2387 1515//2386
f 1526//2395 1524//2393 1522//2391
f 1526//2395 1522//2391 1523//2396
f 1526//2395 1523//2396 1527//2397
f 1522//2391 1518//2390 2238//2398
f 1522//2391 2238//2398 1523//2396
f 1521//2392 1524//2393 1525//2399
f 1521//2392 1525//2399 1955//2400
f 1521//2392 1955//2400 1954//2401
f 1524//2393 1526//2395 1528//2402
f 1524//2393 1528//2402 1529//2403
f 1524//2393 1529//2403 1525//2399
f 1526//2395 1527//2397 1530//2404
f 1526//2395 1530//2404 1528//2402
f 1529//2403 1528//2402 1530//2404
f 1529//2403 1530//2404 1532//2405
f 1529//2403 1532//2405 1534//2406
f 1531//2407 1530//2404 1527//2408
f 1531//2407 1527//2408 1523//2396
f 1531//2407 1523//2396 2238//2398
f 1531//2407 2238//2398 1859//1816
f 1531//2407 1859//1816 1857//1815
f 1531//2407 1857//1815 1855//2408
f 1531//2407 1855//2408 1853//2408
f 1531//2407 1853//2408 1851//2408
f 1531//2407 1851//2408 1852//2408
f 1531//2407 1852//2408 2261//2408
f 1532//2405 1530//2404 1531//2407
f 1532//2405 1531//2407 2263//2409
f 1532//2405 2263//2409 1533//2410
f 1537//2411 1535//2412 1532//2405
f 1537//2411 1532//2405 1533//2410
f 1537//2411 1533//2410 2289//2413
f 1537//2411 2289//2413 2280//2414
f 1537//2411 2280//2414 2288//2415
f 1537//2411 2288//2415 2285//2416
f 1537//2411 2285//2416 1538//2417
f 1536//2418 1534//2406 1532//2405
f 1536//2418 1532//2405 1535//2412
f 1540//2419 1536//2418 1535//2412
f 1540//2419 1535//2412 1537//2411
f 1540//2419 1537//2411 1539//2420
f 1538//2417 1584//2421 1579//2422
f 1538//2417 1579//2422 1578//2423
f 1538//2417 1578//2423 1576//2424
f 1538//2417 1576//2424 1574//2425
f 1538//2417 1574//2425 1572//2426
f 1538//2417 1572//2426 1571//2427
f 1538//2417 1571//2427 1570//2428
f 1538//2417 1570//2428 1565//2429
f 1538//2417 1565//2429 1564//2430
f 1538//2417 1564//2430 1563//2431
f 1538//2417 1563//2431 1562//2432
f 1538//2417 1562//2432 1559//2433
f 1538//2417 1559//2433 1557//2434
f 1538//2417 1557//2434 1553//2435
f 1538//2417 1553//2435 1552//2436
f 1538//2417 1552//2436 1551//2437
f 1538//2417 1551//2437 1550//2438
f 1538//2417 1550//2438 1542//2439
f 1538//2417 1542//2439 1541//2440
f 1538//2417 1541//2440 1539//2420
f 1538//2417 1539//2420 1537//2411
f 1540//2419 1539//2420 1541//2440
f 1540//2419 1541//2440 1543//2441
f 1540//2419 1543//2441 1649//2442
f 1540//2419 1649//2442 1648//2443
f 1540//2419 1648//2443 1645//2444
f 1540//2419 1645//2444 1641//2445
f 1540//2419 1641//2445 1640//2446
f 1540//2419 1640//2446 1638//2447
f 1540//2419 1638//2447 1637//2448
f 1540//2419 1637//2448 1636//2449
f 1540//2419 1636//2449 1633//2450
f 1540//2419 1633//2450 1629//2451
f 1540//2419 1629//2451 1628//2452
f 1540//2419 1628//2452 1626//2453
f 1540//2419 1626//2453 1624//2454
f 1540//2419 1624//2454 1622//2455
f 1540//2419 1622//2455 1619//2456
f 1540//2419 1619//2456 1620//2457
f 1547//2458 1544//2459 1541//2460
f 1547//2458 1541//2460 1542//2461
f 1543//2462 1541//2460 1544//2459
f 1543//2462 1544//2459 1546//2463
f 1587//2464 1545//2465 1544//2466
f 1587//2464 1544//2466 1547//2467
f 1587//2464 1547//2467 1548//2468
f 1587//2464 1548//2468 1549//2469
f 1587//2464 1549//2469 1554//2470
f 1587//2464 1554//2470 1555//2471
f 1587//2464 1555//2471 1556//2472
f 1587//2464 1556//2472 1558//2473
f 1587//2464 1558//2473 1560//2474
f 1587//2464 1560//2474 1561//2475
f 1587//2464 1561//2475 1566//2476
f 1587//2464 1566//2476 1567//2477
f 1587//2464 1567//2477 1568//2478
f 1587//2464 1568//2478 1569//2479
f 1587//2464 1569//2479 1573//2480
f 1587//2464 1573//2480 1575//2481
f 1587//2464 1575//2481 1577//2482
f 1587//2464 1577//2482 1580//2483
f 1587//2464 1580//2483 1581//2484
f 1587//2464 1581//2484 1582//2485
f 1587//2464 1582//2485 1585//2486
f 1650//2487 1621//2488 1623//2489
f 1650//2487 1623//2489 1625//2490
f 1650//2487 1625//2490 1627//2491
f 1650//2487 1627//2491 1630//2492
f 1650//2487 1630//2492 1631//2493
f 1650//2487 1631//2493 1632//2494
f 1650//2487 1632//2494 1634//2495
f 1650//2487 1634//2495 1635//2496
f 1650//2487 1635//2496 1639//2497
f 1650//2487 1639//2497 1642//2498
f 1650//2487 1642//2498 1643//2499
f 1650//2487 1643//2499 1644//2500
f 1650//2487 1644//2500 1646//2501
f 1650//2487 1646//2501 1647//2502
f 1650//2487 1647//2502 1546//2503
f 1650//2487 1546//2503 1544//2466
f 1650//2487 1544//2466 1545//2465
f 1650//2487 1545//2465 1591//2504
f 1548//2505 1547//2458 1542//2461
f 1548//2505 1542//2461 1550//2506
f 1549//2507 1548//2505 1550//2506
f 1549//2507 1550//2506 1551//2508
f 1554//2509 1549//2507 1551//2508
f 1554//2509 1551//2508 1552//2510
f 1555//2511 1554//2509 1552//2510
f 1555//2511 1552//2510 1553//2512
f 1556//2513 1555//2511 1553//2512
f 1556//2513 1553//2512 1557//2514
f 1558//2515 1556//2513 1557//2514
f 1558//2515 1557//2514 1559//2516
f 1560//2517 1558//2515 1559//2516
f 1560//2517 1559//2516 1562//2518
f 1562//2518 1563//2519 1561//2520
f 1562//2518 1561//2520 1560//2517
f 1566//2521 1561//2522 1563//2523
f 1566//2521 1563//2523 1564//2524
f 1567//2525 1566//2521 1564//2524
f 1567//2525 1564//2524 1565//2526
f 1568//2527 1567//2525 1565//2526
f 1568//2527 1565//2526 1570//2528
f 1569//2529 1568//2527 1570//2528
f 1569//2529 1570//2528 1571//2530
f 1573//2531 1569//2529 1571//2530
f 1573//2531 1571//2530 1572//2532
f 1575//2533 1573//2531 1572//2532
f 1575//2533 1572//2532 1574//2534
f 1577//2535 1575//2533 1574//2534
f 1577//2535 1574//2534 1576//2536
f 1580//2537 1577//2535 1576//2536
f 1580//2537 1576//2536 1578//2538
f 1581//2539 1580//2537 1578//2538
f 1581//2539 1578//2538 1579//2540
f 1579//2540 1584//2541 1582//2542
f 1579//2540 1582//2542 1581//2539
f 1583//2543 1582//2544 1584//2545
f 1583//2543 1584//2545 2286//2546
f 1586//2547 1585//2486 1582//2485
f 1586//2547 1582//2485 1583//2548
f 1586//2547 1583//2548 2287//2549
f 1585//2486 1586//2547 2273//2550
f 1585//2486 2273//2550 2272//2551
f 1585//2486 2272//2551 1844//2552
f 1585//2486 1844//2552 1589//2553
f 1585//2486 1589//2553 1588//2554
f 1585//2486 1588//2554 1587//2464
f 1545//2465 1587//2464 1588//2554
f 1545//2465 1588//2554 1590//2555
f 1545//2465 1590//2555 1591//2504
f 1588//2554 1589//2553 1592//2556
f 1588//2554 1592//2556 1590//2555
f 1593//2557 1596//2558 1591//2504
f 1593//2557 1591//2504 1590//2555
f 1592//2556 1595//2559 1593//2557
f 1592//2556 1593//2557 1590//2555
f 1595//2559 1830//2560 1594//2561
f 1595//2559 1594//2561 1593//2557
f 1594//2561 1598//2562 1596//2558
f 1594//2561 1596//2558 1593//2557
f 1597//2563 1651//2564 1650//2487
f 1597//2563 1650//2487 1591//2504
f 1597//2563 1591//2504 1596//2558
f 1598//2562 1599//2565 1600//2566
f 1598//2562 1600//2566 1597//2563
f 1598//2562 1597//2563 1596//2558
f 1730//2567 1731//2568 1741//2568
f 1730//2567 1741//2568 1742//2568
f 1730//2567 1742//2568 1743//2568
f 1730//2567 1743//2568 1745//2568
f 1730//2567 1745//2568 1746//2568
f 1730//2567 1746//2568 1749//2569
f 1730//2567 1749//2569 1602//2570
f 1730//2567 1602//2570 1601//2571
f 1730//2567 1601//2571 1599//2565
f 1730//2567 1599//2565 1598//2562
f 1730//2567 1598//2562 1594//2561
f 1730//2567 1594//2561 1830//2560
f 1730//2567 1830//2560 1829//2572
f 1730//2567 1829//2572 1827//2573
f 1730//2567 1827//2573 1828//2574
f 1730//2567 1828//2574 2293//2575
f 1730//2567 2293//2575 2317//2576
f 1730//2567 2317//2576 1729//2577
f 1730//2567 1729//2577 1728//2578
f 1600//2566 1599//2565 1601//2571
f 1600//2566 1601//2571 1603//2579
f 1603//2579 1601//2571 1602//2570
f 1603//2579 1602//2570 1695//2580
f 1603//2579 1695//2580 1606//2581
f 1603//2579 1606//2581 1605//2582
f 1604//2583 1603//2579 1605//2582
f 1604//2583 1605//2582 1607//2584
f 1603//2579 1604//2583 1651//2564
f 1603//2579 1651//2564 1597//2563
f 1603//2579 1597//2563 1600//2566
f 1605//2582 1606//2581 1608//2585
f 1605//2582 1608//2585 1607//2584
f 1612//2586 1611//2587 1609//2588
f 1612//2586 1609//2588 1607//2584
f 1612//2586 1607//2584 1608//2585
f 1609//2588 1610//2589 1604//2583
f 1609//2588 1604//2583 1607//2584
f 1613//2590 1615//2591 1617//2592
f 1613//2590 1617//2592 1610//2593
f 1613//2590 1610//2593 1609//2594
f 1613//2590 1609//2594 1611//2595
f 1611//2595 1612//2596 1688//2597
f 1611//2595 1688//2597 1686//2598
f 1611//2595 1686//2598 1687//2599
f 1611//2595 1687//2599 2332//2600
f 1611//2595 2332//2600 1614//2601
f 1611//2595 1614//2601 1613//2590
f 2334//2602 1616//2603 1615//2604
f 2334//2602 1615//2604 1613//2605
f 2334//2602 1613//2605 1614//2606
f 1616//2603 1618//2607 1617//2608
f 1616//2603 1617//2608 1615//2604
f 1619//2609 1621//2610 1610//2593
f 1619//2609 1610//2593 1617//2592
f 1652//2611 1620//2457 1619//2456
f 1652//2611 1619//2456 1617//2608
f 1652//2611 1617//2608 1618//2607
f 1622//2612 1623//2612 1621//2610
f 1622//2612 1621//2610 1619//2609
f 1625//2613 1623//2614 1622//2615
f 1625//2613 1622//2615 1624//2616
f 1624//2616 1626//2617 1627//2618
f 1624//2616 1627//2618 1625//2613
f 1630//2619 1627//2620 1626//2621
f 1630//2619 1626//2621 1628//2622
f 1631//2623 1630//2619 1628//2622
f 1631//2623 1628//2622 1629//2624
f 1632//2625 1631//2623 1629//2624
f 1632//2625 1629//2624 1633//2626
f 1634//2627 1632//2625 1633//2626
f 1634//2627 1633//2626 1636//2628
f 1635//2629 1634//2627 1636//2628
f 1635//2629 1636//2628 1637//2630
f 1639//2631 1635//2629 1637//2630
f 1639//2631 1637//2630 1638//2632
f 1642//2633 1639//2631 1638//2632
f 1642//2633 1638//2632 1640//2634
f 1640//2634 1641//2635 1643//2636
f 1640//2634 1643//2636 1642//2633
f 1645//2637 1644//2638 1643//2636
f 1645//2637 1643//2636 1641//2635
f 1648//2639 1646//2640 1644//2638
f 1648//2639 1644//2638 1645//2637
f 1647//2641 1646//2642 1648//2643
f 1647//2641 1648//2643 1649//2644
f 1546//2463 1647//2641 1649//2644
f 1546//2463 1649//2644 1543//2462
f 1604//2583 1610//2589 1621//2488
f 1604//2583 1621//2488 1650//2487
f 1604//2583 1650//2487 1651//2564
f 1654//2645 1540//2419 1620//2457
f 1654//2645 1620//2457 1652//2611
f 1654//2645 1652//2611 1653//2646
f 1655//2647 1653//2646 1652//2611
f 1655//2647 1652//2611 1618//2607
f 1655//2647 1618//2607 1657//2648
f 1654//2645 1653//2646 1655//2647
f 1654//2645 1655//2647 1656//2649
f 1654//2645 1656//2649 1959//2650
f 1657//2648 1659//2651 1656//2649
f 1657//2648 1656//2649 1655//2647
f 1616//2603 2334//2602 1658//2652
f 1616//2603 1658//2652 1657//2648
f 1616//2603 1657//2648 1618//2607
f 1658//2652 1662//2653 1660//2654
f 1658//2652 1660//2654 1659//2651
f 1658//2652 1659//2651 1657//2648
f 1737//2655 1756//2656 1758//2657
f 1737//2655 1758//2657 1760//2658
f 1737//2655 1760//2658 1761//2659
f 1737//2655 1761//2659 1952//2660
f 1737//2655 1952//2660 1951//2661
f 1737//2655 1951//2661 1953//2662
f 1737//2655 1953//2662 1958//2663
f 1737//2655 1958//2663 1959//2650
f 1737//2655 1959//2650 1656//2649
f 1737//2655 1656//2649 1659//2651
f 1737//2655 1659//2651 1660//2654
f 1737//2655 1660//2654 1661//2664
f 1737//2655 1661//2664 1748//2665
f 1737//2655 1748//2665 1747//2665
f 1737//2655 1747//2665 1744//2665
f 1737//2655 1744//2665 1740//2665
f 1737//2655 1740//2665 1739//2665
f 1737//2655 1739//2665 1738//2665
f 1737//2655 1738//2665 1736//2666
f 1660//2654 1662//2653 1663//2667
f 1660//2654 1663//2667 1665//2668
f 1660//2654 1665//2668 1666//2669
f 1660//2654 1666//2669 1757//2670
f 1660//2654 1757//2670 1737//2655
f 1660//2654 1737//2655 1736//2666
f 1660//2654 1736//2666 1734//2671
f 1660//2654 1734//2671 1735//2671
f 1660//2654 1735//2671 1755//2671
f 1660//2654 1755//2671 1753//2671
f 1660//2654 1753//2671 1751//2671
f 1660//2654 1751//2671 1661//2664
f 1658//2652 1664//2672 1663//2667
f 1658//2652 1663//2667 1662//2653
f 1664//2672 1667//2673 1665//2668
f 1664//2672 1665//2668 1663//2667
f 1667//2673 1668//2674 1666//2669
f 1667//2673 1666//2669 1665//2668
f 1669//2675 1671//2676 1709//2677
f 1669//2675 1709//2677 1668//2674
f 1669//2675 1668//2674 1667//2673
f 2335//2678 1670//2679 1669//2675
f 2335//2678 1669//2675 1667//2673
f 2335//2678 1667//2673 1664//2672
f 1669//2675 1670//2679 1673//2680
f 1669//2675 1673//2680 1672//2681
f 1671//2676 1669//2675 1672//2681
f 1671//2676 1672//2681 1674//2682
f 1671//2676 1674//2682 1675//2683
f 1682//2684 1680//2685 1678//2686
f 1682//2684 1678//2686 1676//2687
f 1682//2684 1676//2687 1674//2688
f 1682//2684 1674//2688 1672//2689
f 1682//2684 1672//2689 1673//2690
f 1682//2684 1673//2690 1683//2691
f 1676//2687 1677//2692 1703//2693
f 1676//2687 1703//2693 1704//2694
f 1676//2687 1704//2694 1706//2695
f 1676//2687 1706//2695 1708//2696
f 1676//2687 1708//2696 1675//2697
f 1676//2687 1675//2697 1674//2688
f 1677//2698 1676//2699 1678//2700
f 1677//2698 1678//2700 1679//2701
f 1677//2698 1679//2701 1700//2702
f 1678//2700 1680//2703 1681//2704
f 1678//2700 1681//2704 1679//2701
f 1680//2703 1682//2705 1684//2706
f 1680//2703 1684//2706 1685//2707
f 1680//2703 1685//2707 1681//2704
f 1686//2598 1684//2708 1682//2684
f 1686//2598 1682//2684 1683//2691
f 1686//2598 1683//2691 2331//2709
f 1686//2598 2331//2709 1687//2599
f 1684//2706 1686//2710 1688//2711
f 1684//2706 1688//2711 1689//2712
f 1684//2706 1689//2712 1685//2707
f 1688//2711 1612//2586 1608//2585
f 1688//2711 1608//2585 1689//2712
f 1606//2581 1690//2713 1689//2712
f 1606//2581 1689//2712 1608//2585
f 1690//2713 1691//2714 1685//2707
f 1690//2713 1685//2707 1689//2712
f 1695//2580 1693//2715 1691//2714
f 1695//2580 1691//2714 1690//2713
f 1695//2580 1690//2713 1606//2581
f 1693//2715 1694//2716 1697//2717
f 1693//2715 1697//2717 1692//2718
f 1693//2715 1692//2718 1691//2714
f 1691//2714 1692//2718 1681//2704
f 1691//2714 1681//2704 1685//2707
f 1749//2569 1750//2719 1752//2719
f 1749//2569 1752//2719 1754//2719
f 1749//2569 1754//2719 1733//2719
f 1749//2569 1733//2719 1732//2719
f 1749//2569 1732//2719 1730//2567
f 1749//2569 1730//2567 1728//2578
f 1749//2569 1728//2578 1726//2720
f 1749//2569 1726//2720 1696//2721
f 1749//2569 1696//2721 1694//2716
f 1749//2569 1694//2716 1693//2715
f 1749//2569 1693//2715 1695//2580
f 1749//2569 1695//2580 1602//2570
f 1694//2716 1696//2721 1699//2722
f 1694//2716 1699//2722 1698//2723
f 1694//2716 1698//2723 1697//2717
f 1697//2717 1698//2723 1700//2702
f 1697//2717 1700//2702 1679//2701
f 1692//2718 1697//2717 1679//2701
f 1692//2718 1679//2701 1681//2704
f 1698//2723 1699//2722 1701//2724
f 1698//2723 1701//2724 1700//2702
f 1703//2725 1677//2698 1700//2702
f 1703//2725 1700//2702 1701//2724
f 1699//2722 1727//2726 1702//2727
f 1699//2722 1702//2727 1701//2724
f 1705//2728 1704//2729 1703//2725
f 1705//2728 1703//2725 1701//2724
f 1705//2728 1701//2724 1702//2727
f 1704//2694 1705//2730 1722//2731
f 1704//2694 1722//2731 1712//2732
f 1704//2694 1712//2732 1707//2733
f 1704//2694 1707//2733 1706//2695
f 1710//2734 1709//2677 1708//2735
f 1710//2734 1708//2735 1706//2736
f 1710//2734 1706//2736 1707//2737
f 1709//2677 1671//2676 1675//2683
f 1709//2677 1675//2683 1708//2735
f 1668//2674 1709//2677 1710//2734
f 1668//2674 1710//2734 1711//2738
f 1668//2674 1711//2738 1713//2739
f 1710//2734 1707//2737 1712//2740
f 1710//2734 1712//2740 1711//2738
f 1711//2738 1712//2740 1717//2741
f 1711//2738 1717//2741 1714//2742
f 1713//2739 1711//2738 1714//2742
f 1713//2739 1714//2742 1716//2743
f 1715//2744 1759//2745 1716//2743
f 1715//2744 1716//2743 1714//2742
f 1715//2744 1714//2742 1717//2741
f 1715//2744 1717//2741 1718//2746
f 2313//2747 1718//2748 1717//2749
f 2313//2747 1717//2749 1719//2750
f 2313//2747 1719//2750 1721//2751
f 2313//2747 1721//2751 2312//2752
f 1712//2732 1722//2731 1719//2750
f 1712//2732 1719//2750 1717//2749
f 1721//2753 1719//2754 1720//2755
f 1721//2753 1720//2755 2315//2756
f 1720//2755 1719//2754 1722//2757
f 1720//2755 1722//2757 1723//2758
f 1723//2758 1722//2757 1705//2728
f 1723//2758 1705//2728 1702//2727
f 1725//2759 1720//2755 1723//2758
f 1725//2759 1723//2758 1724//2760
f 1724//2760 1723//2758 1702//2727
f 1724//2760 1702//2727 1727//2726
f 1724//2760 1726//2720 1728//2578
f 1724//2760 1728//2578 1729//2577
f 1724//2760 1729//2577 1725//2759
f 1696//2721 1726//2720 1724//2760
f 1696//2721 1724//2760 1727//2726
f 1696//2721 1727//2726 1699//2722
f 1731//2761 1730//2762 1732//2763
f 1731//2761 1732//2763 1734//2764
f 1731//2761 1734//2764 1736//2765
f 1731//2761 1736//2765 1738//2766
f 1732//2763 1733//2767 1735//2768
f 1732//2763 1735//2768 1734//2764
f 1741//2769 1731//2761 1738//2766
f 1741//2769 1738//2766 1739//2770
f 1742//2771 1741//2769 1739//2770
f 1742//2771 1739//2770 1740//2772
f 1743//2773 1742//2771 1740//2772
f 1743//2773 1740//2772 1744//2774
f 1745//2775 1743//2773 1744//2774
f 1745//2775 1744//2774 1747//2776
f 1746//2777 1745//2775 1747//2776
f 1746//2777 1747//2776 1748//2778
f 1750//2779 1749//2780 1746//2777
f 1750//2779 1746//2777 1748//2778
f 1750//2779 1748//2778 1661//2781
f 1750//2779 1661//2781 1751//2782
f 1752//2783 1750//2779 1751//2782
f 1752//2783 1751//2782 1753//2784
f 1753//2784 1755//2785 1754//2786
f 1753//2784 1754//2786 1752//2783
f 1733//2767 1754//2786 1755//2785
f 1733//2767 1755//2785 1735//2768
f 1716//2743 1756//2656 1737//2655
f 1716//2743 1737//2655 1757//2670
f 1716//2743 1757//2670 1713//2739
f 1668//2674 1713//2739 1757//2670
f 1668//2674 1757//2670 1666//2669
f 1759//2745 1758//2657 1756//2656
f 1759//2745 1756//2656 1716//2743
f 1759//2745 1762//2787 1760//2658
f 1759//2745 1760//2658 1758//2657
f 1762//2787 1764//2788 1766//2789
f 1762//2787 1766//2789 1761//2659
f 1762//2787 1761//2659 1760//2658
f 1715//2744 1763//2790 1762//2787
f 1715//2744 1762//2787 1759//2745
f 1762//2787 1763//2790 2320//2791
f 1762//2787 2320//2791 1765//2792
f 1762//2787 1765//2792 1764//2788
f 2323//2793 1769//2794 1767//2795
f 2323//2793 1767//2795 1766//2789
f 2323//2793 1766//2789 1764//2788
f 2323//2793 1764//2788 1765//2792
f 1767//2795 1768//2796 1960//2797
f 1767//2795 1960//2797 1761//2659
f 1767//2795 1761//2659 1766//2789
f 1767//2795 1770//2798 1771//2799
f 1767//2795 1771//2799 1768//2796
f 1767//2795 1769//2794 1773//2800
f 1767//2795 1773//2800 1770//2798
f 1770//2798 1772//2801 1944//2802
f 1770//2798 1944//2802 1945//2803
f 1770//2798 1945//2803 1771//2799
f 1770//2798 1773//2800 1775//2804
f 1770//2798 1775//2804 1772//2801
f 1769//2794 2322//2805 1774//2806
f 1769//2794 1774//2806 1773//2800
f 1775//2804 1773//2800 1774//2806
f 1775//2804 1774//2806 1778//2807
f 1775//2804 1778//2807 1777//2808
f 1772//2801 1775//2804 1776//2809
f 1772//2801 1776//2809 1941//2810
f 1776//2809 1775//2804 1777//2808
f 1776//2809 1777//2808 1779//2811
f 1776//2809 1779//2811 1780//2812
f 1776//2809 1780//2812 1786//2813
f 1776//2809 1786//2813 1787//2814
f 1776//2809 1787//2814 1788//2815
f 1776//2809 1788//2815 1790//2816
f 1776//2809 1790//2816 1792//2817
f 1776//2809 1792//2817 1794//2818
f 1776//2809 1794//2818 1795//2819
f 2327//2820 2328//2821 2329//2822
f 2327//2820 2329//2822 1782//2823
f 2327//2820 1782//2823 1781//2824
f 2327//2820 1781//2824 1779//2825
f 2327//2820 1779//2825 1777//2826
f 2327//2820 1777//2826 1778//2827
f 2327//2820 1778//2827 2326//2828
f 2327//2820 2326//2828 2325//2829
f 1781//2824 1783//2830 1780//2831
f 1781//2824 1780//2831 1779//2825
f 1797//2832 1793//2833 1791//2834
f 1797//2832 1791//2834 1789//2835
f 1797//2832 1789//2835 1785//2836
f 1797//2832 1785//2836 1784//2837
f 1797//2832 1784//2837 1783//2838
f 1797//2832 1783//2838 1781//2839
f 1797//2832 1781//2839 1782//2840
f 1797//2832 1782//2840 1815//2841
f 1797//2832 1815//2841 1812//2842
f 1783//2830 1784//2843 1786//2844
f 1783//2830 1786//2844 1780//2831
f 1784//2843 1785//2845 1787//2846
f 1784//2843 1787//2846 1786//2844
f 1785//2845 1789//2847 1788//2848
f 1785//2845 1788//2848 1787//2846
f 1789//2847 1791//2849 1790//2850
f 1789//2847 1790//2850 1788//2848
f 1791//2849 1793//2851 1792//2852
f 1791//2849 1792//2852 1790//2850
f 1793//2851 1797//2853 1796//2854
f 1793//2851 1796//2854 1794//2855
f 1793//2851 1794//2855 1792//2852
f 1796//2854 1798//2856 1800//2857
f 1796//2854 1800//2857 1795//2858
f 1796//2854 1795//2858 1794//2855
f 1799//2859 1798//2860 1796//2861
f 1799//2859 1796//2861 1797//2832
f 1799//2859 1797//2832 1812//2842
f 1798//2856 1799//2862 1804//2863
f 1798//2856 1804//2863 1802//2864
f 1798//2856 1802//2864 1801//2865
f 1798//2856 1801//2865 1800//2857
f 1776//2809 1795//2819 1800//2866
f 1776//2809 1800//2866 1801//2867
f 1939//2868 1941//2810 1776//2809
f 1939//2868 1776//2809 1801//2867
f 1939//2868 1801//2867 1802//2869
f 1939//2868 1802//2869 1803//2870
f 1804//2863 1805//2871 1806//2872
f 1804//2863 1806//2872 1934//2873
f 1804//2863 1934//2873 1803//2874
f 1804//2863 1803//2874 1802//2864
f 1805//2875 1804//2876 1799//2859
f 1805//2875 1799//2859 1812//2842
f 1805//2875 1812//2842 1810//2877
f 1805//2875 1810//2877 1807//2878
f 1932//2879 1806//2880 1805//2875
f 1932//2879 1805//2875 1807//2878
f 1932//2879 1807//2878 1809//2881
f 1811//2882 2330//2883 1808//2884
f 1811//2882 1808//2884 1807//2878
f 1811//2882 1807//2878 1810//2877
f 1808//2884 1915//2885 1921//2886
f 1808//2884 1921//2886 1809//2881
f 1808//2884 1809//2881 1807//2878
f 1814//2887 1811//2882 1810//2877
f 1814//2887 1810//2877 1813//2888
f 1810//2877 1812//2842 1815//2841
f 1810//2877 1815//2841 1813//2888
f 1819//2889 1821//2890 1814//2887
f 1819//2889 1814//2887 1813//2888
f 1819//2889 1813//2888 1816//2891
f 1813//2888 1815//2841 1817//2892
f 1813//2888 1817//2892 1816//2891
f 1816//2891 1817//2892 2299//2893
f 1816//2891 2299//2893 1818//2894
f 2292//2895 1820//2896 1819//2889
f 2292//2895 1819//2889 1816//2891
f 2292//2895 1816//2891 1818//2894
f 1821//2890 1819//2889 1820//2896
f 1821//2890 1820//2896 1825//2897
f 1821//2890 1825//2897 1822//2898
f 1823//2899 2330//2883 1811//2882
f 1823//2899 1811//2882 1814//2887
f 1823//2899 1814//2887 1821//2890
f 1823//2899 1821//2890 1822//2898
f 1824//2900 1918//2901 1917//2902
f 1824//2900 1917//2902 1916//2903
f 1824//2900 1916//2903 1823//2899
f 1824//2900 1823//2899 1822//2898
f 1826//2904 2291//2905 1824//2900
f 1826//2904 1824//2900 1822//2898
f 1826//2904 1822//2898 1825//2897
f 1820//2896 2292//2895 1828//2574
f 1820//2896 1828//2574 1827//2573
f 1820//2896 1827//2573 1825//2897
f 1827//2573 1829//2572 1826//2904
f 1827//2573 1826//2904 1825//2897
f 2291//2905 1826//2904 1829//2572
f 2291//2905 1829//2572 1831//2906
f 2291//2905 1831//2906 1832//2907
f 1833//2908 1831//2906 1829//2572
f 1833//2908 1829//2572 1830//2560
f 1833//2908 1830//2560 1595//2559
f 1831//2906 1833//2908 1834//2909
f 1831//2906 1834//2909 1836//2910
f 1831//2906 1836//2910 1832//2907
f 1835//2911 1834//2909 1833//2908
f 1835//2911 1833//2908 1595//2559
f 1835//2911 1595//2559 1592//2556
f 1834//2909 1835//2911 1840//2912
f 1834//2909 1840//2912 1838//2913
f 1834//2909 1838//2913 1836//2910
f 1839//2914 1989//2915 1837//2916
f 1839//2914 1837//2916 1836//2910
f 1839//2914 1836//2910 1838//2913
f 1836//2910 1837//2916 1920//2917
f 1836//2910 1920//2917 1832//2907
f 1840//2912 1841//2918 1839//2914
f 1840//2912 1839//2914 1838//2913
f 1592//2556 1589//2553 1841//2918
f 1592//2556 1841//2918 1840//2912
f 1592//2556 1840//2912 1835//2911
f 1858//2919 1900//2920 1988//2921
f 1858//2919 1988//2921 1989//2915
f 1858//2919 1989//2915 1839//2914
f 1858//2919 1839//2914 1841//2918
f 1858//2919 1841//2918 1842//2922
f 1858//2919 1842//2922 1843//2923
f 1858//2919 1843//2923 1850//2923
f 1858//2919 1850//2923 1856//2923
f 1844//2552 1842//2922 1841//2918
f 1844//2552 1841//2918 1589//2553
f 1843//2924 1842//2925 1845//2926
f 1843//2924 1845//2926 1848//2927
f 1845//2926 1842//2925 1844//2928
f 1845//2926 1844//2928 1846//2929
f 1847//2930 1845//2931 1846//2932
f 1847//2930 1846//2932 2262//2933
f 1851//2934 1849//2935 1848//2936
f 1851//2934 1848//2936 1845//2931
f 1851//2934 1845//2931 1847//2930
f 1851//2934 1847//2930 1854//2937
f 1848//2927 1849//2938 1850//2939
f 1848//2927 1850//2939 1843//2924
f 1851//2940 1853//2941 1850//2942
f 1851//2940 1850//2942 1849//2943
f 1852//2944 1851//2945 1854//2946
f 1854//2946 1847//2947 2261//2948
f 1854//2946 2261//2948 1852//2944
f 1850//2949 1853//2950 1855//2951
f 1850//2949 1855//2951 1856//2952
f 1857//2953 1858//2954 1856//2955
f 1857//2953 1856//2955 1855//2955
f 1860//2956 1861//2957 1858//2954
f 1860//2956 1858//2954 1857//2953
f 1866//2958 1861//2957 1860//2956
f 1866//2958 1860//2956 1862//2959
f 1866//2958 1862//2959 1863//2960
f 1862//2961 1860//1814 1176//1813
f 1862//2961 1176//1813 1178//1828
f 1862//2961 1178//1828 1864//1831
f 1864//1831 1181//1830 2235//1835
f 1864//1831 2235//1835 1865//2962
f 1864//1831 1865//2962 1863//2963
f 1864//1831 1863//2963 1862//2961
f 1869//2964 1867//2965 1866//2958
f 1869//2964 1866//2958 1863//2960
f 1869//2964 1863//2960 1865//2966
f 1869//2964 1865//2966 1870//2967
f 1868//2968 2007//2969 1891//2970
f 1868//2968 1891//2970 1861//2971
f 1868//2968 1861//2971 1866//2972
f 1868//2968 1866//2972 1867//2973
f 1867//2973 1869//2974 1871//2975
f 1867//2973 1871//2975 1873//2976
f 1867//2973 1873//2976 1875//2977
f 1867//2973 1875//2977 1868//2968
f 2110//2978 1872//2979 1871//2980
f 2110//2978 1871//2980 1869//2964
f 2110//2978 1869//2964 1870//2967
f 2110//2978 1870//2967 2112//2981
f 2110//2978 2112//2981 2111//2982
f 1871//2975 1872//2097 1327//2099
f 1871//2975 1327//2099 1874//2100
f 1871//2975 1874//2100 1873//2976
f 1875//2977 1873//2976 1874//2100
f 1875//2977 1874//2100 1880//2102
f 1875//2977 1880//2102 1878//2983
f 1875//2977 1878//2983 1876//2984
f 2007//2969 1868//2968 1875//2977
f 2007//2969 1875//2977 1876//2984
f 2007//2969 1876//2984 1877//2985
f 2007//2969 1877//2985 1892//2986
f 1877//2985 1876//2984 1878//2983
f 1877//2985 1878//2983 1879//2987
f 1877//2985 1879//2987 1883//2988
f 1878//2983 1880//2102 1329//2101
f 1878//2983 1329//2101 1882//2105
f 1878//2983 1882//2105 1879//2987
f 2008//2989 1881//2990 1879//2987
f 2008//2989 1879//2987 1882//2105
f 1881//2990 1884//2991 1883//2988
f 1881//2990 1883//2988 1879//2987
f 1886//2992 1888//2993 1890//2994
f 1886//2992 1890//2994 1892//2986
f 1886//2992 1892//2986 1877//2985
f 1886//2992 1877//2985 1883//2988
f 1886//2992 1883//2988 1884//2991
f 1086//1635 1885//1634 1884//2991
f 1086//1635 1884//2991 1881//2990
f 1086//1635 1881//2990 2109//2995
f 1986//2996 1887//2997 1886//2992
f 1986//2996 1886//2992 1884//2991
f 1986//2996 1884//2991 1885//1634
f 1888//2993 1886//2992 1887//2997
f 1888//2993 1887//2997 1983//2998
f 1888//2993 1983//2998 1889//2999
f 1896//3000 1895//3001 1893//3002
f 1896//3000 1893//3002 1890//2994
f 1896//3000 1890//2994 1888//2993
f 1896//3000 1888//2993 1889//2999
f 1892//2986 1890//2994 1891//2970
f 1892//2986 1891//2970 2007//2969
f 1893//3002 1894//3003 2006//3004
f 1893//3002 2006//3004 2005//3004
f 1893//3002 2005//3004 2004//3005
f 1893//3002 2004//3005 2003//3006
f 1893//3002 2003//3006 2002//3005
f 1893//3002 2002//3005 2001//3005
f 1893//3002 2001//3005 2000//3007
f 1893//3002 2000//3007 1999//3008
f 1893//3002 1999//3008 1998//3008
f 1893//3002 1998//3008 1997//3007
f 1893//3002 1997//3007 1996//3007
f 1893//3002 1996//3007 1995//3009
f 1893//3002 1995//3009 1994//3010
f 1893//3002 1994//3010 1993//3009
f 1893//3002 1993//3009 1992//3007
f 1893//3002 1992//3007 1991//3004
f 1893//3002 1991//3004 1990//3007
f 1893//3002 1990//3007 1898//3006
f 1893//3002 1898//3006 1897//3011
f 1893//3002 1897//3011 1899//3012
f 1893//3002 1899//3012 1900//2920
f 1893//3002 1900//2920 1858//2919
f 1893//3002 1858//2919 1861//2971
f 1893//3002 1861//2971 1891//2970
f 1893//3002 1891//2970 1890//2994
f 1897//3011 1898//3006 1990//3007
f 1897//3011 1990//3007 1991//3004
f 1897//3011 1991//3004 1992//3007
f 1897//3011 1992//3007 1993//3009
f 1897//3011 1993//3009 1994//3010
f 1897//3011 1994//3010 1995//3009
f 1897//3011 1995//3009 1996//3007
f 1897//3011 1996//3007 1997//3007
f 1897//3011 1997//3007 1998//3008
f 1897//3011 1998//3008 1999//3008
f 1897//3011 1999//3008 2000//3007
f 1897//3011 2000//3007 2001//3005
f 1897//3011 2001//3005 2002//3005
f 1897//3011 2002//3005 2003//3006
f 1897//3011 2003//3006 2004//3005
f 1897//3011 2004//3005 2005//3004
f 1897//3011 2005//3004 2006//3004
f 1897//3011 2006//3004 1894//3003
f 1897//3011 1894//3003 1893//3002
f 1897//3011 1893//3002 1895//3001
f 1897//3011 1895//3001 1896//3000
f 1899//3012 1897//3011 1896//3000
f 1899//3012 1896//3000 1889//2999
f 1899//3012 1889//2999 1901//3013
f 1903//3014 1900//2920 1899//3012
f 1903//3014 1899//3012 1901//3013
f 1906//3015 1904//3016 1903//3014
f 1906//3015 1903//3014 1901//3013
f 1906//3015 1901//3013 1902//3017
f 1983//2998 1902//3017 1901//3013
f 1983//2998 1901//3013 1889//2999
f 1988//2921 1900//2920 1903//3014
f 1988//2921 1903//3014 1904//3016
f 1988//2921 1904//3016 1905//3018
f 1904//3016 1906//3015 1907//3019
f 1904//3016 1907//3019 1908//3020
f 1904//3016 1908//3020 1905//3018
f 1980//3021 1910//3022 1909//3023
f 1980//3021 1909//3023 1907//3019
f 1980//3021 1907//3019 1906//3015
f 1980//3021 1906//3015 1902//3017
f 1907//3019 1909//3023 1911//3024
f 1907//3019 1911//3024 1919//3025
f 1907//3019 1919//3025 1908//3020
f 1913//3026 1912//3027 1909//3023
f 1913//3026 1909//3023 1910//3022
f 1913//3026 1910//3022 1976//3028
f 1911//3024 1909//3023 1912//3027
f 1911//3024 1912//3027 1914//3029
f 1912//3027 1913//3026 1923//1395
f 1912//3027 1923//1395 1922//3030
f 1912//3027 1922//3030 1921//2886
f 1912//3027 1921//2886 1915//2885
f 1912//3027 1915//2885 1914//3029
f 1916//2903 1917//2902 1919//3025
f 1916//2903 1919//3025 1911//3024
f 1916//2903 1911//3024 1914//3029
f 1915//2885 1808//2884 2330//2883
f 1915//2885 2330//2883 1823//2899
f 1915//2885 1823//2899 1916//2903
f 1915//2885 1916//2903 1914//3029
f 1919//3025 1917//2902 1918//2901
f 1919//3025 1918//2901 1920//2917
f 1919//3025 1920//2917 1908//3020
f 1918//2901 1824//2900 2291//2905
f 1918//2901 2291//2905 1832//2907
f 1918//2901 1832//2907 1920//2917
f 1837//2916 1905//3018 1908//3020
f 1837//2916 1908//3020 1920//2917
f 1921//2886 1922//3030 1923//1395
f 1921//2886 1923//1395 1925//1394
f 1921//2886 1925//1394 1927//3031
f 1921//2886 1927//3031 1809//2881
f 1073//1619 1924//1396 1923//1395
f 1073//1619 1923//1395 1913//3026
f 1073//1619 1913//3026 1976//3028
f 1073//1619 1976//3028 1977//1622
f 1925//1394 1926//1393 1928//3032
f 1925//1394 1928//3032 1927//3031
f 1928//3032 1929//3033 1931//3034
f 1928//3032 1931//3034 1932//2879
f 1928//3032 1932//2879 1809//2881
f 1928//3032 1809//2881 1927//3031
f 1929//3035 1928//3036 1926//3037
f 1929//3035 1926//3037 1961//3038
f 1929//3035 1961//3038 1930//3039
f 1931//3040 1929//3035 1930//3039
f 1931//3040 1930//3039 1935//3041
f 1931//3040 1935//3041 1933//3042
f 1806//2872 1932//3043 1931//3040
f 1806//2872 1931//3040 1933//3042
f 1806//2872 1933//3042 1934//2873
f 1936//3044 1939//2868 1803//2870
f 1936//3044 1803//2870 1934//3045
f 1936//3044 1934//3045 1933//3046
f 1936//3044 1933//3046 1935//3047
f 1936//3044 1935//3047 1930//3048
f 1936//3044 1930//3048 1961//1359
f 1936//3044 1961//1359 1937//1358
f 1936//3044 1937//1358 1507//1357
f 1936//3044 1507//1357 1938//2377
f 1939//2868 1936//3044 1938//2377
f 1939//2868 1938//2377 1511//2376
f 1939//2868 1511//2376 1940//2384
f 1941//2810 1939//2868 1940//2384
f 1941//2810 1940//2384 1943//2383
f 1941//2810 1943//2383 1942//3049
f 1772//2801 1941//2810 1942//3049
f 1772//2801 1942//3049 1944//2802
f 1946//2385 1945//2803 1944//2802
f 1946//2385 1944//2802 1942//3049
f 1946//2385 1942//3049 1943//2383
f 1946//2385 1943//2383 1513//2382
f 1946//2385 1947//3050 1960//2797
f 1946//2385 1960//2797 1768//2796
f 1946//2385 1768//2796 1771//2799
f 1946//2385 1771//2799 1945//2803
f 1947//3050 1946//2385 1948//2387
f 1947//3050 1948//2387 1949//2394
f 1947//3050 1949//2394 1950//3051
f 1521//2392 1954//2401 1951//2661
f 1521//2392 1951//2661 1950//3051
f 1521//2392 1950//3051 1949//2394
f 1947//3050 1950//3051 1951//2661
f 1947//3050 1951//2661 1952//2660
f 1956//3052 1953//2662 1951//2661
f 1956//3052 1951//2661 1954//2401
f 1956//3052 1954//2401 1955//2400
f 1534//2406 1956//3052 1955//2400
f 1534//2406 1955//2400 1525//2399
f 1534//2406 1525//2399 1529//2403
f 1536//2418 1957//3053 1956//3052
f 1536//2418 1956//3052 1534//2406
f 1957//3053 1958//2663 1953//2662
f 1957//3053 1953//2662 1956//3052
f 1957//3053 1654//2645 1959//2650
f 1957//3053 1959//2650 1958//2663
f 1536//2418 1540//2419 1654//2645
f 1536//2418 1654//2645 1957//3053
f 1947//3050 1952//2660 1761//2659
f 1947//3050 1761//2659 1960//2797
f 1962//3054 1961//3055 1926//3056
f 1962//3054 1926//3056 1964//3057
f 1964//3057 1965//3058 1963//3059
f 1964//3057 1963//3059 1962//3054
f 1965//3058 1966//3060 1968//3061
f 1965//3058 1968//3061 1963//3059
f 1966//3060 1967//3062 1969//3063
f 1966//3060 1969//3063 1968//3061
f 1967//3062 1971//3064 1970//3065
f 1967//3062 1970//3065 1969//3063
f 1971//3064 1973//3066 1972//3067
f 1971//3064 1972//3067 1970//3065
f 1973//3066 1975//3068 1974//3069
f 1973//3066 1974//3069 1972//3067
f 1975//3068 854//1381 852//1382
f 1975//3068 852//1382 1974//3069
f 1910//3022 1980//3021 1979//3070
f 1910//3022 1979//3070 1977//1622
f 1910//3022 1977//1622 1976//3028
f 1979//3070 1981//3071 1982//3072
f 1979//3070 1982//3072 1978//1623
f 1979//3070 1978//1623 1977//1622
f 1981//3071 1979//3070 1980//3021
f 1981//3071 1980//3021 1902//3017
f 1981//3071 1902//3017 1983//2998
f 1887//2997 1986//2996 1984//3073
f 1887//2997 1984//3073 1982//3072
f 1887//2997 1982//3072 1981//3071
f 1887//2997 1981//3071 1983//2998
f 1982//3072 1984//3073 1985//3074
f 1982//3072 1985//3074 1987//1625
f 1982//3072 1987//1625 1076//1620
f 1982//3072 1076//1620 1978//1623
f 1985//3074 1984//3073 1986//2996
f 1985//3074 1986//2996 1885//1634
f 1985//3074 1885//1634 1085//1633
f 1987//1625 1985//3074 1085//1633
f 1987//1625 1085//1633 1078//1626
f 1989//2915 1988//2921 1905//3018
f 1989//2915 1905//3018 1837//2916
f 2009//2104 2010//3075 2011//3076
f 2009//2104 2011//3076 2012//3077
f 2009//2104 2012//3077 2013//3078
f 2009//2104 2013//3078 2014//3079
f 2009//2104 2014//3079 2015//3080
f 2009//2104 2015//3080 2016//3081
f 2009//2104 2016//3081 2017//3082
f 2009//2104 2017//3082 2018//3083
f 2009//2104 2018//3083 2019//3084
f 2009//2104 2019//3084 2020//3085
f 2009//2104 2020//3085 2021//3086
f 2009//2104 2021//3086 2022//3087
f 2009//2104 2022//3087 2023//3088
f 2009//2104 2023//3088 2024//3089
f 2009//2104 2024//3089 2025//3090
f 2009//2104 2025//3090 2026//3091
f 2009//2104 2026//3091 2027//3092
f 2009//2104 2027//3092 2028//3093
f 2009//2104 2028//3093 2029//3093
f 2009//2104 2029//3093 2030//3094
f 2009//2104 2030//3094 2031//3095
f 2009//2104 2031//3095 2032//3096
f 2009//2104 2032//3096 2033//3097
f 2009//2104 2033//3097 2034//3098
f 2009//2104 2034//3098 2035//3099
f 2009//2104 2035//3099 2036//2118
f 2009//2104 2036//2118 2037//3100
f 2009//2104 2037//3100 2008//2989
f 2009//2104 2008//2989 1882//2105
f 1346//2106 1350//2111 2036//2118
f 1346//2106 2036//2118 2035//3099
f 1346//2106 2035//3099 2034//3098
f 1346//2106 2034//3098 2033//3097
f 1346//2106 2033//3097 2032//3096
f 1346//2106 2032//3096 2031//3095
f 1346//2106 2031//3095 2030//3094
f 1346//2106 2030//3094 2029//3093
f 1346//2106 2029//3093 2028//3093
f 1346//2106 2028//3093 2027//3092
f 1346//2106 2027//3092 2026//3091
f 1346//2106 2026//3091 2025//3090
f 1346//2106 2025//3090 2024//3089
f 1346//2106 2024//3089 2023//3088
f 1346//2106 2023//3088 2022//3087
f 1346//2106 2022//3087 2021//3086
f 1346//2106 2021//3086 2020//3085
f 1346//2106 2020//3085 2019//3084
f 1346//2106 2019//3084 2018//3083
f 1346//2106 2018//3083 2017//3082
f 1346//2106 2017//3082 2016//3081
f 1346//2106 2016//3081 2015//3080
f 1346//2106 2015//3080 2014//3079
f 1346//2106 2014//3079 2013//3078
f 1346//2106 2013//3078 2012//3077
f 1346//2106 2012//3077 2011//3076
f 1346//2106 2011//3076 2010//3075
f 1346//2106 2010//3075 2009//2104
f 1346//2106 2009//2104 1330//2103
f 2039//3101 2040//3102 2044//3103
f 2039//3101 2044//3103 2037//3100
f 2039//3101 2037//3100 2036//2118
f 2039//3101 2036//2118 2038//2117
f 2038//2117 1351//2116 2042//2120
f 2038//2117 2042//2120 2041//2141
f 2038//2117 2041//2141 2039//3101
f 2040//3102 2039//3101 2041//2141
f 2040//3102 2041//2141 1377//2140
f 2040//3102 1377//2140 2043//2149
f 2067//1748 2066//3104 2065//3105
f 2067//1748 2065//3105 2064//3106
f 2067//1748 2064//3106 2063//3107
f 2067//1748 2063//3107 2062//3108
f 2067//1748 2062//3108 2061//3109
f 2067//1748 2061//3109 2059//3110
f 2067//1748 2059//3110 2058//3111
f 2067//1748 2058//3111 2057//3112
f 2067//1748 2057//3112 2056//3111
f 2067//1748 2056//3111 2054//3109
f 2067//1748 2054//3109 2053//3113
f 2067//1748 2053//3113 2052//3114
f 2067//1748 2052//3114 2051//3115
f 2067//1748 2051//3115 2050//3116
f 2067//1748 2050//3116 2049//3117
f 2067//1748 2049//3117 2048//3118
f 2067//1748 2048//3118 2047//3119
f 2067//1748 2047//3119 2045//3120
f 2067//1748 2045//3120 2044//3103
f 2067//1748 2044//3103 2040//3102
f 2067//1748 2040//3102 2043//2149
f 2067//1748 2043//2149 2068//1749
f 2037//3100 2044//3103 2045//3120
f 2037//3100 2045//3120 2046//3121
f 2037//3100 2046//3121 2008//2989
f 2045//3120 2047//3119 2048//3118
f 2045//3120 2048//3118 2049//3117
f 2045//3120 2049//3117 2050//3116
f 2045//3120 2050//3116 2051//3115
f 2045//3120 2051//3115 2052//3114
f 2045//3120 2052//3114 2053//3113
f 2045//3120 2053//3113 2054//3109
f 2045//3120 2054//3109 2055//3122
f 2045//3120 2055//3122 2060//3122
f 2045//3120 2060//3122 2059//3110
f 2045//3120 2059//3110 2061//3109
f 2045//3120 2061//3109 2062//3108
f 2045//3120 2062//3108 2063//3107
f 2045//3120 2063//3107 2064//3106
f 2045//3120 2064//3106 2065//3105
f 2045//3120 2065//3105 2066//3104
f 2045//3120 2066//3104 2067//1748
f 2045//3120 2067//1748 1150//1642
f 2045//3120 1150//1642 1088//1636
f 2045//3120 1088//1636 2046//3121
f 2069//2148 2070//1738 2068//1749
f 2071//3123 2070//3124 2069//3125
f 2071//3123 2069//3125 2105//3126
f 2071//3123 2105//3126 2103//3127
f 2071//3123 2103//3127 2076//3128
f 2071//3123 2076//3128 2073//3129
f 2071//3123 2073//3129 2072//3130
f 1118//1711 1132//3131 2071//3123
f 1118//1711 2071//3123 2072//3130
f 1118//1711 2072//3130 2074//3132
f 1118//1711 2074//3132 1124//1712
f 2077//1756 2073//1769 2076//1914
f 2077//1756 2078//1892 1219//1889
f 2077//1756 1219//1889 2101//1888
f 2077//1756 2101//1888 2100//3133
f 2077//1756 2100//3133 2099//3134
f 2077//1756 2099//3134 2098//3135
f 2077//1756 2098//3135 2097//3136
f 2077//1756 2097//3136 2096//3137
f 2077//1756 2096//3137 2095//3138
f 2077//1756 2095//3138 2094//3139
f 2077//1756 2094//3139 2093//3140
f 2077//1756 2093//3140 2090//3141
f 2077//1756 2090//3141 2089//3140
f 2077//1756 2089//3140 2088//3139
f 2077//1756 2088//3139 2087//3142
f 2077//1756 2087//3142 2085//3140
f 2077//1756 2085//3140 2084//3143
f 2077//1756 2084//3143 2083//3144
f 2077//1756 2083//3144 2082//3145
f 2077//1756 2082//3145 2080//3146
f 2077//1756 2080//3146 2079//1757
f 2081//3147 1157//1780 1152//1758
f 2081//3147 1152//1758 2079//1757
f 2081//3147 2079//1757 2080//3146
f 1186//1838 2081//3147 2080//3146
f 1186//1838 2080//3146 2082//3145
f 1186//1838 2082//3145 2083//3144
f 1186//1838 2083//3144 2084//3143
f 1186//1838 2084//3143 2085//3140
f 1186//1838 2085//3140 2086//3148
f 1186//1838 2086//3148 2088//3139
f 1186//1838 2088//3139 2089//3140
f 1186//1838 2089//3140 2091//3148
f 1186//1838 2091//3148 2092//3149
f 1186//1838 2092//3149 2093//3140
f 1186//1838 2093//3140 2094//3139
f 1186//1838 2094//3139 2095//3138
f 1186//1838 2095//3138 2096//3137
f 1186//1838 2096//3137 2097//3136
f 1186//1838 2097//3136 2098//3135
f 1186//1838 2098//3135 2099//3134
f 1186//1838 2099//3134 2100//3133
f 1186//1838 2100//3133 2101//1888
f 1186//1838 2101//1888 1216//1839
f 1186//1838 1168//1801 2102//1800
f 1186//1838 2102//1800 2081//3147
f 2081//3147 2102//1800 1160//1789
f 2081//3147 1160//1789 1157//1780
f 2105//3126 2106//3150 2104//3151
f 2105//3126 2104//3151 2103//3127
f 2106//3150 2107//3152 2108//3153
f 2106//3150 2108//3153 2104//3151
f 2107//3152 1382//2159 1384//2160
f 2107//3152 1384//2160 2108//3153
f 1088//1636 1086//1635 2109//2995
f 1088//1636 2109//2995 2046//3121
f 2046//3121 2109//2995 1881//2990
f 2046//3121 1881//2990 2008//2989
f 2111//2982 2113//3154 1325//3155
f 2111//2982 1325//3155 2110//2978
f 2233//1846 1191//1845 2114//2044
f 2233//1846 2114//2044 2113//3156
f 2233//1846 2113//3156 2111//3157
f 2233//1846 2111//3157 2112//3158
f 2116//3159 1325//3155 2113//3154
f 2116//3159 2113//3154 2115//3160
f 1320//2055 2140//3161 2118//3162
f 1320//2055 2118//3162 2117//3163
f 1320//2055 2117//3163 2115//3164
f 1320//2055 2115//3164 2113//3156
f 1320//2055 2113//3156 2114//2044
f 2119//3165 2116//3159 2115//3160
f 2119//3165 2115//3160 2117//3166
f 2117//3166 2118//3167 2120//3168
f 2117//3166 2120//3168 2119//3165
f 2121//3169 2120//3168 2118//3167
f 2121//3169 2118//3167 2144//3170
f 2121//3169 2144//3170 2122//3171
f 2128//3172 2130//3173 2132//3174
f 2128//3172 2132//3174 2134//3175
f 2128//3172 2134//3175 2136//3176
f 2128//3172 2136//3176 2137//3177
f 2128//3172 2137//3177 1323//2096
f 2128//3172 1323//2096 2120//2095
f 2128//3172 2120//2095 2121//3178
f 2128//3172 2121//3178 2123//3179
f 2128//3172 2123//3179 2125//3180
f 2124//73 2123//3181 2121//3169
f 2124//73 2121//3169 2122//3171
f 2124//73 2122//3171 2232//3182
f 2124//73 2232//3182 34//74
f 2123//3179 2124//3183 31//70
f 2123//3179 31//70 2126//69
f 2123//3179 2126//69 2125//3180
f 1359//68 2231//2110 2127//2109
f 1359//68 2127//2109 2125//3180
f 1359//68 2125//3180 2126//69
f 2127//2109 1345//1998 2168//3184
f 2127//2109 2168//3184 2159//3185
f 2127//2109 2159//3185 2161//3186
f 2127//2109 2161//3186 2164//3187
f 2127//2109 2164//3187 2165//3188
f 2127//2109 2165//3188 2166//3189
f 2127//2109 2166//3189 2129//3190
f 2127//2109 2129//3190 2128//3172
f 2127//2109 2128//3172 2125//3180
f 2130//3191 2128//3192 2129//3193
f 2130//3191 2129//3193 2142//3194
f 2130//3191 2142//3194 2141//3195
f 2130//3191 2141//3195 2131//3196
f 2132//3197 2130//3191 2131//3196
f 2132//3197 2131//3196 2133//3198
f 2134//3199 2132//3197 2133//3198
f 2134//3199 2133//3198 2135//3200
f 2136//3201 2134//3199 2135//3200
f 2136//3201 2135//3200 2138//3202
f 2137//3203 2136//3201 2138//3202
f 2137//3203 2138//3202 2139//3204
f 2143//3205 2144//3206 2118//3162
f 2143//3205 2118//3162 2140//3161
f 2143//3205 2140//3161 2139//3207
f 2143//3205 2139//3207 2138//3208
f 2143//3205 2138//3208 2135//3209
f 2143//3205 2135//3209 2133//3210
f 2143//3205 2133//3210 2131//3211
f 2143//3205 2131//3211 2141//3212
f 2139//3204 2140//2091 1323//2090
f 2139//3204 1323//2090 2137//3203
f 2145//3213 2143//3205 2141//3212
f 2145//3213 2141//3212 2142//3214
f 2145//3213 2142//3214 2167//3215
f 2145//3213 2167//3215 2163//3216
f 2145//3213 2163//3216 2162//3217
f 2145//3213 2162//3217 2160//3218
f 2145//3213 2160//3218 2158//3219
f 2145//3213 2158//3219 2147//3220
f 2143//3205 36//81 2232//83
f 2143//3205 2232//83 2122//3221
f 2143//3205 2122//3221 2144//3206
f 2146//84 36//81 2143//3205
f 2146//84 2143//3205 2145//3213
f 1264//85 2146//84 2145//3213
f 1264//85 2145//3213 2148//1939
f 2148//1939 2145//3213 2147//3220
f 2148//1939 2147//3220 2151//3222
f 2148//1939 2151//3222 2150//3223
f 2149//1940 2148//1939 2150//3223
f 2149//1940 2150//3223 2152//3224
f 2149//1940 2152//3224 2153//3225
f 2149//1940 2153//3225 2177//3226
f 2149//1940 2177//3226 2176//3227
f 2149//1940 2176//3227 2178//3228
f 2152//3224 2150//3223 2151//3222
f 2152//3224 2151//3222 2156//3229
f 2152//3224 2156//3229 2154//3230
f 2154//3230 2155//3231 2153//3225
f 2154//3230 2153//3225 2152//3224
f 2170//3232 2230//3233 2155//3234
f 2170//3232 2155//3234 2154//3235
f 2170//3232 2154//3235 2156//3236
f 2170//3232 2156//3236 2157//3237
f 2170//3232 2157//3237 2169//3238
f 2158//3239 2159//3240 2157//3237
f 2158//3239 2157//3237 2156//3236
f 2158//3219 2156//3229 2151//3222
f 2158//3219 2151//3222 2147//3220
f 2161//3241 2159//3240 2158//3239
f 2161//3241 2158//3239 2160//3242
f 2164//3243 2161//3241 2160//3242
f 2164//3243 2160//3242 2162//3244
f 2165//3245 2164//3243 2162//3244
f 2165//3245 2162//3244 2163//3246
f 2166//3247 2165//3245 2163//3246
f 2166//3247 2163//3246 2167//3248
f 2129//3193 2166//3247 2167//3248
f 2129//3193 2167//3248 2142//3194
f 2168//3184 2157//3249 2159//3185
f 1276//2027 2185//3250 2184//3251
f 1276//2027 2184//3251 2172//3252
f 1276//2027 2172//3252 2171//3253
f 1276//2027 2171//3253 2169//3254
f 1276//2027 2169//3254 2157//3249
f 1276//2027 2157//3249 2168//3184
f 1276//2027 2168//3184 1345//1998
f 2173//3255 2175//3256 2170//3232
f 2173//3255 2170//3232 2169//3238
f 2173//3255 2169//3238 2171//3257
f 2174//3258 2173//3255 2171//3257
f 2174//3258 2171//3257 2172//3259
f 2175//3260 2173//3261 2174//3262
f 2175//3260 2174//3262 2183//3263
f 2175//3260 2183//3263 2181//3264
f 2175//3260 2181//3264 2179//3265
f 2175//3260 2179//3265 2178//3228
f 2175//3260 2178//3228 2176//3227
f 2230//3266 2170//3267 2175//3260
f 2230//3266 2175//3260 2176//3227
f 2230//3266 2176//3227 2177//3226
f 2195//1941 2149//1940 2178//3228
f 2195//1941 2178//3228 2179//3265
f 2195//1941 2179//3265 2180//3268
f 2195//1941 2180//3268 2190//3269
f 2181//3264 2182//3270 2180//3268
f 2181//3264 2180//3268 2179//3265
f 2186//1983 2182//3271 2181//3272
f 2186//1983 2181//3272 2183//3273
f 2186//1983 2183//3273 2184//3274
f 2186//1983 2184//3274 2185//1971
f 2183//3273 2174//3258 2172//3259
f 2183//3273 2172//3259 2184//3274
f 2182//3270 2186//3275 2187//3276
f 2182//3270 2187//3276 2189//3277
f 2182//3270 2189//3277 2190//3269
f 2182//3270 2190//3269 2180//3268
f 2187//3276 2188//3278 2192//3279
f 2187//3276 2192//3279 2191//3280
f 2187//3276 2191//3280 2189//3277
f 2193//1942 2195//1941 2190//3269
f 2193//1942 2190//3269 2189//3277
f 2193//1942 2189//3277 2191//3280
f 2194//1943 2193//1942 2191//3280
f 2194//1943 2191//3280 2192//3279
f 2194//1943 2192//3279 2197//3281
f 2196//1944 2194//1943 2197//3281
f 2196//1944 2197//3281 2198//3282
f 2188//3278 2217//3283 2215//3284
f 2188//3278 2215//3284 2210//3285
f 2188//3278 2210//3285 2209//3286
f 2188//3278 2209//3286 2208//3287
f 2188//3278 2208//3287 2207//3288
f 2188//3278 2207//3288 2202//3288
f 2188//3278 2202//3288 2201//3289
f 2188//3278 2201//3289 2199//3290
f 2188//3278 2199//3290 2198//3291
f 2188//3278 2198//3291 2197//3281
f 2188//3278 2197//3281 2192//3279
f 2200//1945 2196//1944 2198//3282
f 2200//1945 2198//3282 2199//3292
f 2203//1946 2200//1945 2199//3292
f 2203//1946 2199//3292 2201//3293
f 2204//1947 2203//1946 2201//3293
f 2204//1947 2201//3293 2202//3294
f 2205//1948 2204//1947 2202//3294
f 2205//1948 2202//3294 2207//3295
f 2206//1949 2205//1948 2207//3295
f 2206//1949 2207//3295 2208//3296
f 2211//1950 2206//1949 2208//3296
f 2211//1950 2208//3296 2209//3297
f 2212//1951 2211//1950 2209//3297
f 2212//1951 2209//3297 2210//3298
f 2213//1952 2212//1951 2210//3298
f 2213//1952 2210//3298 2215//3299
f 2214//1953 2213//1952 2215//3299
f 2214//1953 2215//3299 2216//3300
f 2214//1953 2216//3300 2221//3301
f 2214//1953 2221//3301 2222//3301
f 2214//1953 2222//3301 2223//3302
f 2217//3283 2218//3303 2216//3304
f 2217//3283 2216//3304 2215//3284
f 2218//3303 2219//3305 2221//3306
f 2218//3303 2221//3306 2216//3304
f 2219//3305 2220//3307 2222//3308
f 2219//3305 2222//3308 2221//3306
f 2220//3307 2226//3309 2224//3310
f 2220//3307 2224//3310 2223//3311
f 2220//3307 2223//3311 2222//3308
f 2228//1954 2214//1953 2223//3302
f 2228//1954 2223//3302 2224//3310
f 2228//1954 2224//3310 2225//1970
f 2228//1954 2225//1970 2227//1969
f 2226//3309 1274//1968 2225//1970
f 2226//3309 2225//1970 2224//3310
f 2229//1955 2228//1954 2227//1969
f 2229//1955 2227//1969 1272//1967
f 2155//3231 2230//3266 2177//3226
f 2155//3231 2177//3226 2153//3225
f 2235//1835 2234//1834 2233//1846
f 2235//1835 2233//1846 2112//3158
f 2235//1835 2112//3158 1870//3312
f 2235//1835 1870//3312 1865//2962
f 1500//2365 2236//1817 1859//1816
f 1500//2365 1859//1816 2237//2366
f 1518//2390 2239//2367 2237//2366
f 1518//2390 2237//2366 1859//1816
f 1518//2390 1859//1816 2238//2398
f 1500//2365 1172//1806 2242//1810
f 1500//2365 2242//1810 2240//1818
f 1500//2365 2240//1818 2236//1817
f 1175//1809 2260//1827 2259//1826
f 1175//1809 2259//1826 2258//1822
f 1175//1809 2258//1822 2257//1826
f 1175//1809 2257//1826 2256//1822
f 1175//1809 2256//1822 2255//1824
f 1175//1809 2255//1824 2254//1822
f 1175//1809 2254//1822 2253//1825
f 1175//1809 2253//1825 2252//1825
f 1175//1809 2252//1825 2251//1821
f 1175//1809 2251//1821 2250//1825
f 1175//1809 2250//1825 2249//1821
f 1175//1809 2249//1821 2248//1824
f 1175//1809 2248//1824 2247//1822
f 1175//1809 2247//1822 2246//1823
f 1175//1809 2246//1823 2245//1822
f 1175//1809 2245//1822 2244//1821
f 1175//1809 2244//1821 2243//1820
f 1175//1809 2243//1820 2241//1819
f 1175//1809 2241//1819 2240//1818
f 1175//1809 2240//1818 2242//1810
f 2262//3313 2263//3314 1531//3315
f 2262//3313 1531//3315 2261//2948
f 2262//3313 2261//2948 1847//2947
f 2289//2413 1533//3316 2263//3314
f 2289//2413 2263//3314 2262//3313
f 2289//2413 2262//3313 2264//3317
f 2289//2413 2264//3317 2266//3318
f 2289//2413 2266//3318 2267//3319
f 2289//2413 2267//3319 2290//3320
f 2264//3321 2262//2933 1846//2932
f 2264//3321 1846//2932 2265//3322
f 2265//3322 2268//3323 2266//3324
f 2265//3322 2266//3324 2264//3321
f 2268//3323 2269//3325 2267//3326
f 2268//3323 2267//3326 2266//3324
f 2270//3327 2269//3328 2268//3329
f 2270//3327 2268//3329 2265//3330
f 2270//3327 2265//3330 1846//2929
f 2270//3327 1846//2929 1844//2928
f 2270//3327 1844//2928 2272//3331
f 2269//3325 2270//3332 2271//3333
f 2269//3325 2271//3333 2278//3334
f 2269//3325 2278//3334 2290//3335
f 2269//3325 2290//3335 2267//3326
f 2272//3331 2273//2550 2274//3336
f 2272//3331 2274//3336 2276//3337
f 2272//3331 2276//3337 2271//3338
f 2272//3331 2271//3338 2270//3327
f 2273//2550 1586//2547 2287//2549
f 2273//2550 2287//2549 2283//3339
f 2273//2550 2283//3339 2275//3340
f 2273//2550 2275//3340 2274//3336
f 2276//3341 2274//3342 2275//3343
f 2276//3341 2275//3343 2281//3344
f 2276//3341 2281//3344 2279//3345
f 2276//3341 2279//3345 2277//3346
f 2271//3333 2276//3341 2277//3346
f 2271//3333 2277//3346 2278//3334
f 2280//2414 2289//2413 2290//3320
f 2280//2414 2290//3320 2278//3347
f 2280//2414 2278//3347 2277//3348
f 2280//2414 2277//3348 2279//3349
f 2279//3349 2281//3350 2282//3351
f 2279//3349 2282//3351 2284//3352
f 2279//3349 2284//3352 2285//2416
f 2279//3349 2285//2416 2288//2415
f 2279//3349 2288//2415 2280//2414
f 2275//3343 2283//3353 2282//3354
f 2275//3343 2282//3354 2281//3344
f 2283//3353 2287//3355 2284//3356
f 2283//3353 2284//3356 2282//3354
f 2284//3352 2286//3357 1584//3358
f 2284//3352 1584//3358 1538//2417
f 2284//3352 1538//2417 2285//2416
f 2286//2546 2284//3356 2287//3355
f 2286//2546 2287//3355 1583//2543
f 2294//3359 1828//2574 2292//2895
f 2294//3359 2292//2895 1818//2894
f 2293//2575 1828//2574 2294//3359
f 2293//2575 2294//3359 2295//3360
f 2293//2575 2295//3360 2296//3361
f 2297//3362 2295//3360 2294//3359
f 2297//3362 2294//3359 1818//2894
f 2297//3362 1818//2894 2299//2893
f 2295//3360 2297//3362 2298//3363
f 2295//3360 2298//3363 2307//3364
f 2295//3360 2307//3364 2296//3361
f 2303//3365 2298//3363 2297//3362
f 2303//3365 2297//3362 2299//2893
f 2303//3365 2299//2893 2300//3366
f 1817//2892 2301//3367 2300//3366
f 1817//2892 2300//3366 2299//2893
f 2328//3368 2327//3369 2302//3370
f 2328//3368 2302//3370 2300//3366
f 2328//3368 2300//3366 2301//3367
f 2302//3370 2304//3371 2303//3365
f 2302//3370 2303//3365 2300//3366
f 2298//3363 2303//3365 2304//3371
f 2298//3363 2304//3371 2306//3372
f 2298//3363 2306//3372 2307//3364
f 2308//3373 2306//3374 2304//3375
f 2308//3373 2304//3375 2305//3376
f 2308//3373 2305//3376 2314//3377
f 2308//3373 2314//3377 2309//3378
f 2325//2829 2324//3379 2318//3380
f 2325//2829 2318//3380 2305//3376
f 2325//2829 2305//3376 2304//3375
f 2325//2829 2304//3375 2302//3381
f 2325//2829 2302//3381 2327//2820
f 2306//3372 2308//3382 2310//3383
f 2306//3372 2310//3383 2312//3384
f 2306//3372 2312//3384 1721//2753
f 2306//3372 1721//2753 2315//2756
f 2306//3372 2315//2756 2307//3364
f 2310//3385 2308//3373 2309//3378
f 2310//3385 2309//3378 2311//3386
f 2312//2752 2310//3385 2311//3386
f 2312//2752 2311//3386 2313//2747
f 1763//2790 1715//2744 1718//2746
f 1763//2790 1718//2746 2313//3387
f 1763//2790 2313//3387 2311//3388
f 1763//2790 2311//3388 2309//3389
f 1763//2790 2309//3389 2314//3390
f 1763//2790 2314//3390 2305//3391
f 1763//2790 2305//3391 2319//3392
f 1763//2790 2319//3392 2320//2791
f 2316//3393 2296//3361 2307//3364
f 2316//3393 2307//3364 2315//2756
f 1720//2755 1725//2759 2316//3393
f 1720//2755 2316//3393 2315//2756
f 2317//2576 2293//2575 2296//3361
f 2317//2576 2296//3361 2316//3393
f 1725//2759 1729//2577 2317//2576
f 1725//2759 2317//2576 2316//3393
f 2321//3394 2319//3392 2305//3391
f 2321//3394 2305//3391 2318//3395
f 2321//3394 2323//2793 1765//2792
f 2321//3394 1765//2792 2320//2791
f 2321//3394 2320//2791 2319//3392
f 2323//2793 2321//3394 2322//2805
f 2323//2793 2322//2805 1769//2794
f 2322//2805 2321//3394 2318//3395
f 2322//2805 2318//3395 2324//3396
f 1774//2806 2322//2805 2324//3396
f 1774//2806 2324//3396 2325//3397
f 1774//2806 2325//3397 2326//3398
f 2329//3399 2328//3368 2301//3367
f 1782//2840 2329//3399 2301//3367
f 1782//2840 2301//3367 1817//2892
f 1782//2840 1817//2892 1815//2841
f 1774//2806 2326//3398 1778//2807
f 2335//2678 2333//3400 2332//3401
f 2335//2678 2332//3401 1687//3402
f 2335//2678 1687//3402 2331//3403
f 2333//3400 2334//2602 1614//2606
f 2333//3400 1614//2606 2332//3401
f 2334//2602 2333//3400 2335//2678
f 2334//2602 2335//2678 1664//2672
f 2334//2602 1664//2672 1658//2652
f 1670//2679 2335//2678 2331//3403
f 1670//2679 2331//3403 1683//3404
f 1670//2679 1683//3404 1673//2680
f 1473//2336 1486//1345 839//1344
f 1473//2336 839//1344 2340//1343
f 2337//1668 1481//3405 1479//3406
f 2337//1668 1479//3406 1477//3407
f 2337//1668 1477//3407 1475//3408
f 2337//1668 1475//3408 2338//1606
f 2337//1668 2338//1606 2339//1610
f 2337//1668 2339//1610 1080//1629
f 1120//1702 1481//3405 2337//1668
f 1120//1702 2337//1668 1114//1667
f 1063//1609 1066//1612 1081//1615
f 1063//1609 1081//1615 2339//1610
f 2341//2296 2343//3409 2342//3410
f 2341//2296 2342//3410 1437//2297
f 2343//3409 2345//3411 2344//3412
f 2343//3409 2344//3412 2342//3410
f 2345//3411 2348//3413 2346//3414
f 2345//3411 2346//3414 2344//3412
f 2348//3413 2349//3415 2347//3416
f 2348//3413 2347//3416 2346//3414
f 2349//3415 2350//3417 2352//3418
f 2349//3415 2352//3418 2347//3416
f 2350//3417 2351//3419 2353//3420
f 2350//3417 2353//3420 2352//3418
f 2351//3419 2356//3421 2354//3422
f 2351//3419 2354//3422 2353//3420
f 2356//3421 2357//3423 2355//3424
f 2356//3421 2355//3424 2354//3422
f 2357//3423 2358//3425 2360//3426
f 2357//3423 2360//3426 2355//3424
f 2358//3425 2359//3427 2361//3428
f 2358//3425 2361//3428 2360//3426
f 2359//3427 2372//3429 2363//3430
f 2359//3427 2363//3430 2362//3431
f 2359//3427 2362//3431 2361//3428
f 2364//2243 2362//2242 2363//3432
f 2364//2243 2363//3432 2368//3433
f 2364//2243 2368//3433 2366//3434
f 2364//2243 2365//3435 1405//2244
f 2364//2243 2366//3434 2367//3436
f 2364//2243 2367//3436 2374//2167
f 2364//2243 2374//2167 2375//2173
f 2364//2243 2375//2173 1398//3437
f 2364//2243 1398//3437 2365//3435
f 2369//3438 2370//3439 2373//3440
f 2369//3438 2373//3440 2367//3441
f 2369//3438 2367//3441 2366//3442
f 2369//3438 2366//3442 2368//3443
f 2372//3429 2371//3444 2369//3438
f 2372//3429 2369//3438 2368//3443
f 2372//3429 2368//3443 2363//3430
f 2370//2191 2369//3445 2371//2214
f 2370//2191 2371//2214 1400//2192
f 2373//3440 1396//3446 2378//3447
f 2373//3440 2378//3447 2376//3448
f 2373//3440 2376//3448 2374//3449
f 2373//3440 2374//3449 2367//3441
f 2378//3447 2379//3450 2377//3451
f 2378//3447 2377//3451 2376//3448
f 2379//3450 2380//3452 2381//3453
f 2379//3450 2381//3453 2377//3451
f 2380//3452 2382//3454 2385//3455
f 2380//3452 2385//3455 1389//3456
f 2380//3452 1389//3456 2381//3453
f 2393//3457 2391//3458 2390//3459
f 2393//3457 2390//3459 2389//3460
f 2393//3457 2389//3460 2384//3461
f 2393//3457 2384//3461 2382//2179
f 2393//3457 2382//2179 2383//2153
f 2393//3457 2383//2153 2493//2136
f 2393//3457 2493//2136 2492//3462
f 2393//3457 2492//3462 2491//3463
f 2393//3457 2491//3463 2394//3464
f 2386//3465 2385//3455 2382//3454
f 2386//3465 2382//3454 2384//3466
f 2494//110 2495//109 2496//1935
f 2494//110 2496//1935 1228//1913
f 2494//110 1228//1913 2385//1912
f 2494//110 2385//1912 2386//3467
f 2494//110 2386//3467 2387//3468
f 2494//110 2387//3468 2388//3469
f 2494//110 2388//3469 2392//3470
f 2494//110 2392//3470 2398//3471
f 2384//3466 2389//3472 2387//3473
f 2384//3466 2387//3473 2386//3465
f 2389//3472 2390//3474 2388//3475
f 2389//3472 2388//3475 2387//3473
f 2390//3474 2391//3476 2392//3477
f 2390//3474 2392//3477 2388//3475
f 2391//3476 2393//3478 2395//3479
f 2391//3476 2395//3479 2397//3480
f 2391//3476 2397//3480 2398//3481
f 2391//3476 2398//3481 2392//3477
f 2394//3464 2472//3482 2470//3483
f 2394//3464 2470//3483 2469//3484
f 2394//3464 2469//3484 2454//3485
f 2394//3464 2454//3485 2453//3486
f 2394//3464 2453//3486 2450//3487
f 2394//3464 2450//3487 2452//3488
f 2394//3464 2452//3488 2396//3489
f 2394//3464 2396//3489 2395//3490
f 2394//3464 2395//3490 2393//3457
f 2395//3479 2396//3491 2399//3492
f 2395//3479 2399//3492 2397//3480
f 2398//3471 2397//3493 2399//3494
f 2398//3471 2399//3494 2400//3495
f 2398//3471 2400//3495 2401//3496
f 2398//3471 2401//3496 2455//3497
f 2398//3471 2455//3497 2456//3498
f 2398//3471 2456//3498 2457//3499
f 2398//3471 2457//3499 2458//113
f 2398//3471 2458//113 52//111
f 2398//3471 52//111 2494//110
f 2396//3491 2452//3500 2403//3501
f 2396//3491 2403//3501 2402//3502
f 2396//3491 2402//3502 2400//3503
f 2396//3491 2400//3503 2399//3492
f 2414//3504 2451//3505 2401//3496
f 2414//3504 2401//3496 2400//3495
f 2414//3504 2400//3495 2402//3506
f 2414//3504 2402//3506 2404//3507
f 2414//3504 2404//3507 2405//3508
f 2414//3504 2405//3508 2411//3509
f 2414//3504 2411//3509 2413//3510
f 2403//3501 2406//3511 2404//3512
f 2403//3501 2404//3512 2402//3502
f 2406//3511 2407//3513 2405//3514
f 2406//3511 2405//3514 2404//3512
f 2410//3515 2408//3516 2407//3517
f 2410//3515 2407//3517 2406//3518
f 2410//3515 2406//3518 2403//3519
f 2410//3515 2403//3519 2452//3488
f 2410//3515 2452//3488 2450//3487
f 2410//3515 2450//3487 2449//3520
f 2410//3515 2449//3520 2448//3521
f 2407//3513 2408//3522 2411//3523
f 2407//3513 2411//3523 2405//3514
f 2440//3524 2412//3525 2411//3523
f 2440//3524 2411//3523 2408//3522
f 2440//3524 2408//3522 2409//3526
f 2440//3524 2409//3526 2426//3527
f 2409//3528 2408//3516 2410//3515
f 2409//3528 2410//3515 2443//3529
f 2415//3530 2413//3510 2411//3509
f 2415//3530 2411//3509 2412//3531
f 2417//3532 2446//3533 2447//3534
f 2417//3532 2447//3534 2414//3504
f 2417//3532 2414//3504 2413//3510
f 2417//3532 2413//3510 2415//3530
f 2417//3532 2415//3530 2416//3535
f 2412//3531 2440//3536 2439//3537
f 2412//3531 2439//3537 2421//3538
f 2412//3531 2421//3538 2420//3539
f 2412//3531 2420//3539 2418//3540
f 2412//3531 2418//3540 2416//3535
f 2412//3531 2416//3535 2415//3530
f 2416//3535 2418//3540 2417//3532
f 2446//3541 2417//3542 2418//3543
f 2446//3541 2418//3543 2419//3544
f 2446//3541 2419//3544 2441//3545
f 2446//3541 2441//3545 2444//3546
f 2422//3547 2419//3544 2418//3543
f 2422//3547 2418//3543 2420//3548
f 2424//3549 2423//3550 2422//3547
f 2424//3549 2422//3547 2420//3548
f 2424//3549 2420//3548 2421//3551
f 2424//3549 2421//3551 2437//3552
f 2443//3529 2442//3553 2419//3554
f 2443//3529 2419//3554 2422//3555
f 2443//3529 2422//3555 2423//3556
f 2443//3529 2423//3556 2425//3557
f 2443//3529 2425//3557 2426//3558
f 2443//3529 2426//3558 2409//3528
f 2423//3556 2424//3559 2430//1600
f 2423//3556 2430//1600 2429//1604
f 2423//3556 2429//1604 2427//3560
f 2423//3556 2427//3560 2425//3557
f 2426//3527 2425//3561 2427//2320
f 2426//3527 2427//2320 2428//2325
f 2426//3527 2428//2325 2439//3562
f 2426//3527 2439//3562 2440//3524
f 2431//3563 2430//3564 2424//3549
f 2431//3563 2424//3549 2437//3552
f 2431//3563 2437//3552 2435//3565
f 2431//3563 2435//3565 2433//3566
f 2432//3567 2431//3563 2433//3566
f 2432//3567 2433//3566 2434//3568
f 2439//3537 2428//3569 2436//889
f 2439//3537 2436//889 2435//893
f 2439//3537 2435//893 2437//3570
f 2439//3537 2437//3570 2421//3538
f 2438//896 2432//3567 2434//3568
f 2438//896 2434//3568 528//897
f 2441//3571 2419//3554 2442//3553
f 2442//3553 2443//3529 2410//3515
f 2442//3553 2410//3515 2448//3521
f 2442//3553 2448//3521 2445//3572
f 2442//3553 2445//3572 2444//3573
f 2442//3553 2444//3573 2441//3571
f 2444//3546 2445//3574 2447//3575
f 2444//3546 2447//3575 2446//3541
f 2445//3574 2448//3576 2449//3577
f 2445//3574 2449//3577 2451//3578
f 2445//3574 2451//3578 2414//3579
f 2445//3574 2414//3579 2447//3575
f 2449//3577 2450//3580 2453//3581
f 2449//3577 2453//3581 2455//3582
f 2449//3577 2455//3582 2401//3583
f 2449//3577 2401//3583 2451//3578
f 2453//3581 2454//3584 2456//3585
f 2453//3581 2456//3585 2455//3582
f 2454//3584 2469//3586 2460//3587
f 2454//3584 2460//3587 2459//3588
f 2454//3584 2459//3588 2457//3589
f 2454//3584 2457//3589 2456//3585
f 2457//3499 2459//3590 2461//3591
f 2457//3499 2461//3591 2462//3592
f 2457//3499 2462//3592 2467//3593
f 2457//3499 2467//3593 2468//3594
f 2457//3499 2468//3594 301//555
f 2457//3499 301//555 2726//118
f 2457//3499 2726//118 55//114
f 2457//3499 55//114 2458//113
f 2460//3587 2463//3595 2461//3596
f 2460//3587 2461//3596 2459//3588
f 2463//3595 2464//3597 2462//3598
f 2463//3595 2462//3598 2461//3596
f 2470//3483 2471//3599 2488//534
f 2470//3483 2488//534 295//537
f 2470//3483 295//537 2466//3600
f 2470//3483 2466//3600 2465//3601
f 2470//3483 2465//3601 2464//3602
f 2470//3483 2464//3602 2463//3603
f 2470//3483 2463//3603 2460//3604
f 2470//3483 2460//3604 2469//3484
f 2464//3597 2465//3605 2467//3606
f 2464//3597 2467//3606 2462//3598
f 2465//3605 2466//540 2468//547
f 2465//3605 2468//547 2467//3606
f 2471//3599 2470//3483 2472//3482
f 2471//3599 2472//3482 2473//3607
f 2471//3599 2473//3607 2475//3608
f 2471//3599 2475//3608 2476//3609
f 2472//3482 2394//3464 2491//3463
f 2472//3482 2491//3463 2489//3610
f 2472//3482 2489//3610 2474//3611
f 2472//3482 2474//3611 2473//3607
f 2475//3608 2473//3607 2474//3611
f 2475//3608 2474//3611 2478//3612
f 2475//3608 2478//3612 2477//3613
f 2484//3614 2476//3609 2475//3608
f 2484//3614 2475//3608 2477//3613
f 2484//3614 2477//3613 2479//3615
f 2482//52 2481//3616 2480//3617
f 2482//52 2480//3617 2477//3613
f 2482//52 2477//3613 2478//3612
f 2480//3617 11//3618 2483//3619
f 2480//3617 2483//3619 2479//3615
f 2480//3617 2479//3615 2477//3613
f 1363//54 22//53 2482//52
f 1363//54 2482//52 2478//3612
f 1363//54 2478//3612 1367//2129
f 2483//3619 7//3620 2717//5
f 2483//3619 2717//5 344//597
f 2483//3619 344//597 2479//3615
f 2487//596 2485//3621 2484//3614
f 2487//596 2484//3614 2479//3615
f 2487//596 2479//3615 344//597
f 2486//535 2488//534 2471//3599
f 2486//535 2471//3599 2476//3609
f 2486//535 2476//3609 2484//3614
f 2486//535 2484//3614 2485//3621
f 328//532 292//531 2486//535
f 328//532 2486//535 2485//3621
f 328//532 2485//3621 2487//596
f 328//532 2487//596 341//592
f 2474//3611 2489//3610 2490//2132
f 2474//3611 2490//2132 1367//2129
f 2474//3611 1367//2129 2478//3612
f 2491//3463 2492//3462 2493//2136
f 2491//3463 2493//2136 1369//2133
f 2491//3463 1369//2133 2490//2132
f 2491//3463 2490//2132 2489//3610
f 1049//1580 2500//940 563//939
f 1049//1580 563//939 567//944
f 1049//1580 567//944 2503//949
f 1049//1580 2503//949 2502//3622
f 1049//1580 2502//3622 2499//1581
f 2509//968 2504//3623 2501//1582
f 2509//968 2501//1582 2499//1581
f 2509//968 2499//1581 2502//3622
f 2509//968 2502//3622 580//961
f 2502//3622 2503//949 572//951
f 2502//3622 572//951 580//961
f 2505//1583 2501//1582 2504//3623
f 2505//1583 2504//3623 2506//3624
f 2510//1001 1047//1577 2505//1583
f 2510//1001 2505//1583 2506//3624
f 2510//1001 2506//3624 606//997
f 2507//3625 603//994 606//997
f 2507//3625 606//997 2506//3624
f 2504//3623 2509//968 2508//967
f 2504//3623 2508//967 2507//3625
f 2504//3623 2507//3625 2506//3624
f 2508//967 584//966 586//971
f 2508//967 586//971 2507//3625
f 586//971 600//973 603//994
f 586//971 603//994 2507//3625
f 510//834 830//1337 828//1204
f 510//834 828//1204 766//1192
f 510//834 766//1192 2513//835
f 2515//1079 2514//956 574//953
f 2515//1079 574//953 2517//3626
f 2519//660 2516//659 2515//1079
f 2519//660 2515//1079 2517//3626
f 2517//3626 574//953 571//952
f 2517//3626 571//952 2518//3627
f 2520//654 380//653 2519//660
f 2520//654 2519//660 2517//3626
f 2520//654 2517//3626 2518//3627
f 2521//3628 2522//3629 376//652
f 2521//3628 376//652 2520//654
f 2521//3628 2520//654 2518//3627
f 569//946 2523//945 2521//3628
f 569//946 2521//3628 2518//3627
f 569//946 2518//3627 571//952
f 2524//948 2525//3630 2522//3629
f 2524//948 2522//3629 2521//3628
f 2524//948 2521//3628 2523//945
f 2527//607 2526//625 2525//3630
f 2527//607 2525//3630 2524//948
f 2527//607 2524//948 565//941
f 2527//607 565//941 349//605
f 376//652 2522//3629 2525//3630
f 376//652 2525//3630 2526//625
f 2529//351 2541//378 2540//3631
f 2529//351 2540//3631 2538//376
f 2529//351 2538//376 2537//374
f 2529//351 2537//374 2536//374
f 2529//351 2536//374 2535//375
f 2529//351 2535//375 2534//374
f 2529//351 2534//374 2533//374
f 2529//351 2533//374 2532//374
f 2529//351 2532//374 2531//373
f 2529//351 2531//373 2530//372
f 2529//351 2530//372 2528//352
f 2529//351 2544//350 2542//379
f 2529//351 2542//379 2541//378
f 2544//350 2545//349 2543//380
f 2544//350 2543//380 2542//379
f 2545//349 2546//348 2548//381
f 2545//349 2548//381 2543//380
f 2546//348 2547//347 2549//382
f 2546//348 2549//382 2548//381
f 2547//347 2551//346 2550//383
f 2547//347 2550//383 2549//382
f 2551//346 2553//345 2552//384
f 2551//346 2552//384 2550//383
f 2553//345 2555//344 2554//385
f 2553//345 2554//385 2552//384
f 2555//344 2557//343 2556//386
f 2555//344 2556//386 2554//385
f 2557//343 2559//342 2558//370
f 2557//343 2558//370 2556//386
f 2574//3632 2572//3633 2570//853
f 2574//3632 2570//853 508//833
f 2574//3632 508//833 2569//832
f 2572//3633 196//318 2700//320
f 2572//3633 2700//320 2571//854
f 2572//3633 2571//854 2570//853
f 196//318 2572//3633 2573//314
f 196//318 2573//314 191//313
f 2572//3633 2574//3632 2575//3634
f 2572//3633 2575//3634 2573//314
f 2576//3635 2574//3632 2569//832
f 2576//3635 2569//832 2579//831
f 2574//3632 2576//3635 2577//3636
f 2574//3632 2577//3636 2575//3634
f 2577//3636 2576//3635 2578//3637
f 2577//3636 2578//3637 2581//3638
f 2577//3636 2581//3638 2582//3639
f 2577//3636 2582//3639 2588//3640
f 2577//3636 2588//3640 2589//3641
f 2577//3636 2589//3641 2590//3642
f 2577//3636 2590//3642 2592//3643
f 2577//3636 2592//3643 2593//3644
f 2577//3636 2593//3644 2683//3645
f 2576//3635 2579//831 504//826
f 2576//3635 504//826 501//825
f 2576//3635 501//825 2696//3646
f 2576//3635 2696//3646 2695//3647
f 2576//3635 2695//3647 2694//3648
f 2576//3635 2694//3648 2698//3649
f 2576//3635 2698//3649 2580//3650
f 2576//3635 2580//3650 2578//3637
f 2583//3651 2581//3652 2578//3653
f 2583//3651 2578//3653 2580//3650
f 2583//3651 2584//3654 2582//3655
f 2583//3651 2582//3655 2581//3652
f 2585//3656 2584//3654 2583//3651
f 2585//3656 2583//3651 2580//3650
f 2585//3656 2580//3650 2698//3649
f 2585//3656 2598//3657 2596//3658
f 2585//3656 2596//3658 2591//3659
f 2585//3656 2591//3659 2587//3660
f 2585//3656 2587//3660 2586//3661
f 2585//3656 2586//3661 2584//3654
f 2584//3654 2586//3661 2588//3662
f 2584//3654 2588//3662 2582//3655
f 2586//3661 2587//3660 2589//3663
f 2586//3661 2589//3663 2588//3662
f 2587//3660 2591//3659 2590//3664
f 2587//3660 2590//3664 2589//3663
f 2591//3659 2596//3658 2594//3665
f 2591//3659 2594//3665 2592//3666
f 2591//3659 2592//3666 2590//3664
f 2594//3665 2593//3667 2592//3666
f 2596//3658 2597//3668 2689//3669
f 2596//3658 2689//3669 2686//3670
f 2596//3658 2686//3670 2595//3671
f 2596//3658 2595//3671 2594//3665
f 2594//3665 2595//3671 2684//3672
f 2594//3665 2684//3672 2631//3673
f 2594//3665 2631//3673 2680//3674
f 2594//3665 2680//3674 2683//3675
f 2594//3665 2683//3675 2593//3667
f 2598//3657 2599//3676 2597//3668
f 2598//3657 2597//3668 2596//3658
f 2600//3677 2603//3678 2599//3676
f 2600//3677 2599//3676 2598//3657
f 2601//3679 2600//3677 2598//3657
f 2601//3679 2598//3657 2585//3656
f 2697//824 499//3680 497//822
f 2697//824 497//822 2602//821
f 2697//824 2602//821 2600//3677
f 2697//824 2600//3677 2601//3679
f 2697//824 2601//3679 2695//3647
f 2697//824 2695//3647 2696//3646
f 2603//3678 2600//3677 2602//821
f 2603//3678 2602//821 495//820
f 2603//3678 495//820 2604//819
f 2606//3681 2599//3676 2603//3678
f 2606//3681 2603//3678 2604//819
f 2606//3681 2604//819 2605//818
f 2608//3682 2606//3681 2605//818
f 2608//3682 2605//818 2607//817
f 2610//3683 2608//3682 2607//817
f 2610//3683 2607//817 2609//816
f 2612//3684 2611//3685 2610//3683
f 2612//3684 2610//3683 2609//816
f 2612//3684 2609//816 493//806
f 2612//3684 493//806 2629//805
f 2608//3682 2610//3683 2611//3685
f 2608//3682 2611//3685 2613//3686
f 2611//3685 2612//3684 2616//3687
f 2611//3685 2616//3687 2614//3688
f 2613//3686 2611//3685 2614//3688
f 2613//3686 2614//3688 2615//3689
f 2615//3689 2614//3688 2617//3690
f 2615//3689 2617//3690 2618//3691
f 2614//3688 2616//3687 2619//3692
f 2614//3688 2619//3692 2617//3690
f 2618//3691 2617//3690 2620//765
f 2618//3691 2620//765 2621//764
f 2617//3690 2619//3692 2622//766
f 2617//3690 2622//766 2620//765
f 2619//3692 2624//3693 2623//767
f 2619//3692 2623//767 2622//766
f 2624//3693 485//798 483//768
f 2624//3693 483//768 2623//767
f 2625//3694 2627//799 485//798
f 2625//3694 485//798 2624//3693
f 2616//3687 2625//3694 2624//3693
f 2616//3687 2624//3693 2619//3692
f 2627//799 2625//3694 2626//3695
f 2627//799 2626//3695 2628//804
f 2627//799 2628//804 489//800
f 2612//3684 2626//3695 2625//3694
f 2612//3684 2625//3694 2616//3687
f 2626//3695 2612//3684 2629//805
f 2626//3695 2629//805 2628//804
f 2631//3673 2684//3672 2685//3696
f 2631//3673 2685//3696 2687//3697
f 2631//3673 2687//3697 2688//3698
f 2631//3673 2688//3698 2692//3699
f 2631//3673 2692//3699 2618//3691
f 2631//3673 2618//3691 2621//764
f 2631//3673 2621//764 2630//763
f 2633//3700 2678//3701 2631//3673
f 2633//3700 2631//3673 2630//763
f 2633//3700 2630//763 2632//762
f 2633//3700 2632//762 2634//761
f 2633//3700 2634//761 2635//3702
f 2633//3700 2635//3702 2673//3703
f 2633//3700 2673//3703 2672//3704
f 2633//3700 2672//3704 2674//3705
f 2633//3700 2674//3705 2675//3706
f 2637//3707 2635//3702 2634//761
f 2637//3707 2634//761 2636//760
f 2640//3708 2637//3707 2636//760
f 2640//3708 2636//760 2638//759
f 2643//3709 2642//307 2640//3708
f 2643//3709 2640//3708 2638//759
f 2643//3709 2638//759 2639//758
f 2641//3710 2667//3711 2637//3707
f 2641//3710 2637//3707 2640//3708
f 184//306 2641//3710 2640//3708
f 184//306 2640//3708 2642//307
f 183//304 2642//307 2643//3709
f 183//304 2643//3709 2644//3712
f 2644//3712 2643//3709 2639//758
f 2644//3712 2639//758 2646//757
f 2645//3713 2644//3712 2646//757
f 2645//3713 2646//757 2647//756
f 181//302 183//304 2644//3712
f 181//302 2644//3712 2645//3713
f 2650//3714 2645//3713 2647//756
f 2650//3714 2647//756 2648//755
f 2651//301 179//300 2650//3714
f 2651//301 2650//3714 2648//755
f 2651//301 2648//755 2649//754
f 179//300 181//302 2645//3713
f 179//300 2645//3713 2650//3714
f 2651//301 2649//754 2652//263
f 2651//301 2652//263 2653//3715
f 2656//3716 2658//3717 2653//3715
f 2656//3716 2653//3715 2652//263
f 2656//3716 2652//263 2654//262
f 2659//3718 2656//3716 2654//262
f 2659//3718 2654//262 2655//261
f 2661//273 2657//3719 2656//3716
f 2661//273 2656//3716 2659//3718
f 2656//3716 2657//3719 2664//3720
f 2656//3716 2664//3720 2663//3721
f 2656//3716 2663//3721 2658//3717
f 2660//270 2659//3718 2655//261
f 2660//270 2655//261 2662//260
f 154//269 2661//273 2659//3718
f 154//269 2659//3718 2660//270
f 157//272 162//277 2657//3719
f 157//272 2657//3719 2661//273
f 149//265 2660//270 2662//260
f 149//265 2662//260 147//259
f 178//298 2651//301 2653//3715
f 178//298 2653//3715 2658//3717
f 178//298 2658//3717 2663//3721
f 172//291 178//298 2663//3721
f 172//291 2663//3721 2664//3720
f 172//291 2664//3720 2665//292
f 2657//3719 162//277 2666//281
f 2657//3719 2666//281 2665//292
f 2657//3719 2665//292 2664//3720
f 186//308 2668//3722 2641//3710
f 186//308 2641//3710 184//306
f 2668//3722 2670//3723 2667//3711
f 2668//3722 2667//3711 2641//3710
f 188//310 2669//3724 2668//3722
f 188//310 2668//3722 186//308
f 2669//3724 2671//3725 2670//3723
f 2669//3724 2670//3723 2668//3722
f 2667//3711 2670//3723 2672//3704
f 2667//3711 2672//3704 2673//3703
f 2670//3723 2671//3725 2674//3705
f 2670//3723 2674//3705 2672//3704
f 2671//3725 2681//3726 2679//3727
f 2671//3725 2679//3727 2677//3728
f 2671//3725 2677//3728 2676//3729
f 2671//3725 2676//3729 2675//3706
f 2671//3725 2675//3706 2674//3705
f 2633//3700 2675//3706 2676//3729
f 2678//3701 2633//3700 2676//3729
f 2678//3701 2676//3729 2677//3730
f 2631//3673 2678//3701 2677//3730
f 2631//3673 2677//3730 2679//3731
f 2631//3673 2679//3731 2680//3674
f 2681//3726 2577//3636 2683//3645
f 2681//3726 2683//3645 2680//3732
f 2681//3726 2680//3732 2679//3727
f 2575//3634 2577//3636 2681//3726
f 2575//3634 2681//3726 2682//3733
f 2682//3733 2681//3726 2671//3725
f 2682//3733 2671//3725 2669//3724
f 190//312 2682//3733 2669//3724
f 190//312 2669//3724 188//310
f 2573//314 2575//3634 2682//3733
f 2573//314 2682//3733 190//312
f 2637//3707 2667//3711 2673//3703
f 2637//3707 2673//3703 2635//3702
f 2595//3671 2686//3670 2685//3696
f 2595//3671 2685//3696 2684//3672
f 2686//3670 2689//3669 2687//3697
f 2686//3670 2687//3697 2685//3696
f 2689//3669 2690//3734 2688//3698
f 2689//3669 2688//3698 2687//3697
f 2597//3668 2693//3735 2691//3736
f 2597//3668 2691//3736 2690//3734
f 2597//3668 2690//3734 2689//3669
f 2690//3734 2691//3736 2692//3699
f 2690//3734 2692//3699 2688//3698
f 2691//3736 2615//3689 2618//3691
f 2691//3736 2618//3691 2692//3699
f 2693//3735 2613//3686 2615//3689
f 2693//3735 2615//3689 2691//3736
f 2599//3676 2606//3681 2693//3735
f 2599//3676 2693//3735 2597//3668
f 2606//3681 2608//3682 2613//3686
f 2606//3681 2613//3686 2693//3735
f 2601//3679 2585//3656 2698//3649
f 2601//3679 2698//3649 2694//3648
f 2601//3679 2694//3648 2695//3647
f 2696//3646 501//825 2697//824
f 2700//320 197//319 2699//327
f 2700//320 2699//327 2571//854
f 2708//242 120//241 129//249
f 2708//242 129//249 131//250
f 2708//242 131//250 133//251
f 2708//242 133//251 135//252
f 297//548 293//3737 2729//3738
f 297//548 2729//3738 2727//3739
f 297//548 2727//3739 304//3740
f 297//548 304//3740 299//549
f 2729//3738 286//3741 272//476
f 2729//3738 272//476 281//475
f 2729//3738 281//475 2728//3742
f 2729//3738 2728//3742 2727//3739
f 163//278 216//358 2732//363
f 163//278 2732//363 2733//287
f 163//278 2733//287 167//282
f 199//322 169//286 2733//287
f 199//322 2733//287 2732//363
f 199//322 2732//363 2734//362
f 199//322 2734//362 212//3743
f 199//322 212//3743 204//323
f 94//180 102//192 84//165
f 94//180 84//165 86//171
f 94//180 86//171 90//173
