# RR_thigh.dae material 磨砂铝合金_008-effect
# rgba 0.85 0.85 0.85 1
v -0.020074 0.099000 0.050023
v -0.033422 0.099000 0.042287
v -0.005453 0.099000 0.053623
v 0.009523 0.099000 0.053052
v 0.023958 0.099000 0.048283
v 0.036887 0.099000 0.039301
v 0.046668 0.099000 0.026967
v 0.052343 0.099000 0.012863
v 0.053861 0.099000 -0.002046
v 0.051193 0.099000 -0.016866
v 0.005453 0.099000 -0.053623
v -0.052343 0.099000 -0.012863
v -0.053861 0.099000 0.002046
v -0.046668 0.099000 -0.026967
v -0.036887 0.099000 -0.039301
v -0.023958 0.099000 -0.048283
v -0.009523 0.099000 -0.053052
v -0.051193 0.099000 0.016866
v -0.044319 0.099000 0.030677
v 0.020074 0.099000 -0.050023
v 0.033422 0.099000 -0.042287
v 0.044319 0.099000 -0.030677
v -0.008485 0.016589 -0.370374
v -0.008365 0.016284 -0.370106
v 0.001691 0.016589 -0.372288
v -0.008525 0.017000 -0.370464
v -0.016702 0.016589 -0.364073
v -0.016778 0.017000 -0.364135
v -0.016474 0.016284 -0.363888
v -0.033266 0.016582 -0.343682
v -0.033013 0.016281 -0.343528
v -0.046719 0.016589 -0.321207
v -0.033364 0.016993 -0.343717
v -0.032668 0.017000 -0.344583
v -0.040942 0.016986 -0.332738
v -0.046808 0.017000 -0.321245
v -0.040906 0.019121 -0.332651
v -0.044472 0.019121 -0.326107
v -0.032610 0.019121 -0.344536
v -0.031483 0.023973 -0.343620
v -0.016720 0.019121 -0.364088
v -0.012592 0.019121 -0.368016
v -0.015593 0.023973 -0.363172
v -0.012766 0.027490 -0.360875
v -0.011733 0.023973 -0.366844
v -0.006082 0.023973 -0.369783
v -0.000574 0.023973 -0.370852
v -0.004914 0.027490 -0.366332
v -0.006547 0.019121 -0.371158
v -0.008495 0.019121 -0.370396
v -0.000657 0.019121 -0.372302
v 0.001692 0.019121 -0.372312
v 0.001696 0.017000 -0.372386
v 0.005828 0.019121 -0.371721
v 0.005489 0.023973 -0.370309
v 0.011647 0.019121 -0.369424
v 0.011684 0.017000 -0.369488
v 0.016601 0.019121 -0.365603
v 0.010930 0.023973 -0.368161
v 0.015561 0.023973 -0.364588
v 0.019133 0.023973 -0.359659
v 0.012955 0.027490 -0.362044
v 0.017475 0.027490 -0.353617
v 0.004639 0.027490 -0.366767
v 0.009449 0.028772 -0.358622
v 0.003496 0.028772 -0.362003
v 0.012685 0.028772 -0.352589
v 0.012208 0.028772 -0.345760
v 0.016809 0.027490 -0.344077
v 0.010176 0.028772 -0.340203
v 0.009600 0.028772 -0.338626
v 0.004234 0.028772 -0.346533
v 0.005357 0.028772 -0.348095
v 0.003519 0.028772 -0.345975
v 0.000827 0.028772 -0.345185
v 0.003519 0.016172 -0.345975
v 0.005357 0.016172 -0.348095
v 0.000827 0.016172 -0.345185
v -0.001864 0.016172 -0.345975
v -0.001864 0.028772 -0.345975
v -0.002803 0.016172 -0.346756
v -0.003702 0.016172 -0.348095
v -0.040008 0.016172 -0.311837
v -0.046074 0.016172 -0.320929
v -0.039109 0.016172 -0.310491
v -0.040343 0.016052 -0.309632
v -0.032142 0.016172 -0.300049
v -0.025169 0.016172 -0.289599
v -0.033162 0.016051 -0.299355
v -0.026030 0.016007 -0.289042
v -0.034774 0.015371 -0.298266
v -0.027416 0.015043 -0.288152
v -0.036097 0.014386 -0.297382
v -0.042089 0.015505 -0.308424
v -0.047888 0.015725 -0.316387
v -0.043535 0.014782 -0.307430
v -0.048631 0.015191 -0.314296
v -0.044801 0.013988 -0.306564
v -0.049241 0.014517 -0.312460
v -0.045946 0.013126 -0.305790
v -0.037244 0.013245 -0.296627
v -0.029542 0.012148 -0.286809
v -0.038279 0.012005 -0.295956
v -0.039145 0.010810 -0.295405
v -0.030448 0.010548 -0.286246
v -0.030667 0.010136 -0.286110
v -0.026350 0.009792 -0.281378
v -0.027954 0.009920 -0.283138
v -0.022202 0.009463 -0.276831
v -0.013759 0.008791 -0.267575
v -0.021609 0.011029 -0.277171
v -0.020834 0.012914 -0.277615
v -0.013511 0.009930 -0.267677
v -0.013010 0.012127 -0.267886
v -0.005302 0.008856 -0.258325
v -0.005228 0.011211 -0.258329
v -0.005324 0.008120 -0.258328
v -0.005323 0.001609 -0.258252
v -0.004306 0.007823 -0.256718
v -0.004137 -0.004346 -0.256705
v -0.004302 0.007820 -0.256709
v -0.003795 0.007523 -0.254871
v -0.004176 0.015263 -0.256670
v -0.003778 0.015372 -0.254686
v -0.004996 0.015123 -0.258479
v -0.005133 0.013469 -0.258375
v -0.004958 0.015384 -0.258511
v -0.004952 0.015419 -0.258516
v -0.011799 0.015761 -0.268429
v -0.012463 0.014176 -0.268121
v -0.011408 0.016135 -0.268625
v -0.018917 0.015917 -0.278723
v -0.018314 0.016165 -0.279077
v -0.019968 0.014644 -0.278113
v -0.025243 0.016172 -0.289551
v -0.018195 0.016172 -0.279147
v -0.011234 0.016172 -0.268716
v -0.009891 0.016172 -0.266704
v -0.006838 0.016172 -0.262127
v -0.004720 0.016122 -0.258713
v -0.004735 0.016105 -0.258700
v -0.004678 0.016155 -0.258748
v -0.003144 0.016157 -0.254834
v -0.004670 0.016160 -0.258755
v -0.004618 0.016172 -0.258800
v -0.002995 0.016172 -0.254907
v -0.001663 0.016172 -0.241384
v -0.001482 0.016214 -0.241206
v -0.001982 0.016065 -0.240586
v -0.000499 0.016172 -0.243095
v -0.000162 0.016259 -0.242959
v -0.000091 0.016172 -0.245199
v 0.000212 0.016172 -0.250091
v 0.000228 0.016239 -0.245178
v 0.000319 0.016286 -0.245171
v 0.000619 0.016284 -0.250063
v 0.000487 0.016420 -0.245160
v 0.000101 0.016502 -0.242853
v 0.000613 0.016595 -0.245152
v 0.000913 0.016588 -0.250044
v 0.000655 0.016689 -0.245149
v 0.000234 0.016847 -0.242799
v 0.000706 0.017011 -0.245145
v 0.000850 0.017000 -0.247465
v 0.000747 0.017981 -0.246453
v 0.000495 0.017126 -0.243667
v 0.000207 0.017219 -0.242810
v 0.000059 0.018773 -0.243868
v -0.001467 0.021619 -0.244482
v 0.000144 0.021162 -0.246770
v 0.000055 0.017253 -0.242497
v -0.000549 0.017336 -0.241586
v -0.001175 0.017387 -0.240905
v -0.001441 0.018818 -0.241898
v -0.001401 0.017385 -0.240682
v -0.003660 0.021167 -0.242672
v -0.003585 0.018423 -0.240097
v -0.003667 0.023817 -0.245364
v -0.006382 0.022776 -0.243668
v -0.006317 0.025257 -0.246490
v -0.009414 0.023547 -0.244799
v -0.006397 0.020224 -0.240970
v -0.006386 0.017786 -0.238162
v -0.009551 0.021159 -0.241966
v -0.009635 0.019501 -0.239880
v -0.027540 0.021026 -0.245208
v -0.009665 0.018881 -0.239024
v -0.009754 0.017096 -0.235949
v -0.027632 0.018971 -0.240156
v -0.009760 0.016988 -0.235698
v -0.006370 0.015756 -0.234969
v -0.009834 0.016172 -0.231806
v -0.008827 0.015903 -0.231629
v -0.027719 0.018164 -0.234962
v -0.010199 0.016587 -0.206025
v -0.028031 0.018579 -0.207507
v -0.010320 0.016725 -0.197431
v -0.010563 0.017002 -0.180244
v -0.008887 0.016318 -0.197364
v -0.008905 0.016436 -0.187413
v -0.008865 0.016172 -0.209498
v -0.004087 0.013433 -0.209080
v -0.004256 0.013713 -0.187404
v -0.000603 0.008808 -0.208776
v -0.003920 0.013150 -0.230763
v -0.006389 0.014870 -0.231198
v -0.003382 0.012656 -0.230668
v -0.001387 0.010214 -0.230316
v -0.003389 0.013601 -0.234329
v -0.003482 0.015792 -0.237405
v -0.001919 0.011940 -0.234013
v -0.002018 0.012420 -0.234652
v -0.001836 0.012202 -0.234833
v -0.002409 0.014690 -0.237129
v -0.002580 0.015865 -0.238233
v -0.002548 0.016456 -0.238854
v -0.002358 0.015741 -0.238389
v -0.002030 0.016604 -0.239600
v -0.002281 0.015662 -0.238480
v -0.002227 0.015574 -0.238579
v -0.001962 0.016225 -0.239810
v -0.002195 0.015372 -0.238797
v -0.002181 0.015772 -0.239680
v -0.001787 0.011935 -0.235034
v -0.001265 0.009783 -0.230406
v -0.000119 0.007523 -0.220873
v -0.001299 0.010007 -0.230363
v -0.000133 0.007670 -0.220821
v 0.000387 0.005740 -0.216980
v -0.001775 0.007523 -0.234924
v -0.001750 0.005618 -0.234771
v -0.003788 0.006264 -0.254873
v -0.001687 0.003743 -0.234390
v 0.000531 0.004982 -0.215907
v 0.000773 0.003172 -0.214193
v 0.000827 0.002422 -0.213750
v 0.000773 0.003171 -0.213733
v 0.000773 0.003172 -0.213235
v 0.000396 0.005880 -0.216825
v 0.000386 0.006018 -0.216673
v -0.000172 0.007812 -0.220766
v -0.000551 0.008701 -0.223654
v 0.000765 0.003172 -0.208657
v 0.000726 0.003172 -0.187396
v 0.000902 -0.001745 -0.187407
v 0.000685 0.003172 -0.164022
v -0.000677 0.008963 -0.187398
v -0.000825 0.009269 -0.187398
v -0.000911 0.009459 -0.163885
v -0.005007 0.014497 -0.163530
v -0.001040 0.009724 -0.130735
v -0.002173 0.011635 -0.130508
v 0.000048 0.006913 -0.130953
v 0.000739 0.007435 -0.119445
v 0.000628 0.003172 -0.131069
v 0.000793 -0.002595 -0.131197
v 0.001258 0.003349 -0.119227
v 0.000677 0.003172 -0.159232
v 0.000843 -0.002528 -0.159303
v 0.000852 -0.002516 -0.164153
v 0.000893 -0.002461 -0.187409
v -0.000697 -0.008699 -0.164016
v -0.000846 -0.009119 -0.130875
v -0.000535 -0.008285 -0.197160
v -0.004677 -0.013702 -0.163658
v -0.005095 -0.014407 -0.130028
v -0.010397 -0.016552 -0.163142
v -0.004249 -0.013009 -0.197289
v -0.009602 -0.015744 -0.197472
v -0.003819 -0.012319 -0.230919
v -0.002831 -0.011400 -0.230743
v -0.005604 -0.013582 -0.231236
v -0.005611 -0.014489 -0.235055
v -0.008807 -0.014937 -0.231803
v -0.009403 -0.015542 -0.206055
v -0.027528 -0.017464 -0.235110
v -0.008764 -0.015773 -0.235747
v -0.008764 -0.015874 -0.235975
v -0.008785 -0.017737 -0.239094
v -0.027443 -0.018240 -0.240308
v -0.027543 -0.017464 -0.235113
v -0.027342 -0.020268 -0.245374
v -0.046159 -0.015903 -0.244757
v -0.046047 -0.017047 -0.247993
v -0.046257 -0.014990 -0.238411
v -0.051764 -0.011936 -0.239378
v -0.046282 -0.015599 -0.209250
v -0.052094 -0.012441 -0.209637
v -0.046308 -0.016208 -0.180089
v -0.027839 -0.017933 -0.207655
v -0.028150 -0.018416 -0.180201
v -0.009999 -0.016148 -0.180307
v -0.028461 -0.018900 -0.152746
v -0.046333 -0.016817 -0.150928
v -0.010595 -0.016754 -0.154559
v -0.028772 -0.019393 -0.125292
v -0.028236 -0.019390 -0.125399
v -0.046359 -0.017426 -0.121768
v -0.046433 -0.018060 -0.091979
v -0.053005 -0.014036 -0.120433
v -0.046333 -0.016817 -0.150927
v -0.052755 -0.013454 -0.150156
v -0.053089 -0.013963 -0.120416
v -0.052424 -0.012947 -0.179897
v -0.056838 -0.007458 -0.149659
v -0.057369 -0.007712 -0.119550
v -0.056308 -0.007204 -0.179767
v -0.058084 0.000175 -0.149398
v -0.057503 0.000176 -0.179603
v -0.058664 0.000175 -0.119194
v -0.058562 0.003172 -0.119214
v -0.059187 0.000175 -0.091947
v -0.057847 -0.008090 -0.092223
v -0.059188 0.000175 -0.091905
v -0.059100 0.003689 -0.091930
v -0.059765 0.000175 -0.064705
v -0.058372 -0.008435 -0.064898
v -0.059767 0.000175 -0.064612
v -0.059661 0.005115 -0.064649
v -0.060474 0.000175 -0.037468
v -0.059085 -0.008746 -0.037579
v -0.060478 0.000175 -0.037322
v -0.060334 0.007566 -0.037377
v -0.061316 0.000174 -0.010232
v -0.060063 -0.009060 -0.010267
v -0.061627 0.000176 0.000397
v -0.061127 0.010952 -0.010122
v -0.060484 0.008178 -0.031877
v -0.061306 0.015772 -0.009870
v -0.061439 0.010992 0.000361
v -0.061236 0.022592 0.000323
v -0.060821 0.022588 -0.010082
v -0.061034 0.034192 0.000284
v -0.060877 0.034192 0.004381
v -0.060156 0.034192 -0.010321
v -0.059501 0.034192 -0.013594
v -0.060294 0.025374 -0.010423
v -0.057537 0.028150 -0.020680
v -0.060434 0.024405 -0.010338
v -0.059731 0.025828 -0.014213
v -0.058030 0.026464 -0.020954
v -0.058228 0.022658 -0.029978
v -0.059966 0.018114 -0.030381
v -0.058153 0.022783 -0.029972
v -0.054657 0.026361 -0.030055
v -0.057700 0.022950 -0.031629
v -0.058453 0.021710 -0.031687
v -0.054044 0.026271 -0.031783
v -0.053852 0.026377 -0.031802
v -0.052144 0.021494 -0.061413
v -0.047171 0.023370 -0.062046
v -0.051189 0.017908 -0.091226
v -0.056749 0.017189 -0.061238
v -0.055940 0.013794 -0.090994
v -0.059080 0.011199 -0.061762
v -0.058443 0.008030 -0.091449
v -0.059707 0.005269 -0.062594
v -0.060329 0.015124 -0.032391
v -0.060494 0.013119 -0.032682
v -0.059770 0.018219 -0.031999
v -0.060439 0.007985 -0.033516
v -0.060576 0.013156 -0.031062
v -0.060576 0.013160 -0.031061
v -0.059981 0.018047 -0.030389
v -0.061044 0.021027 -0.009948
v -0.059099 0.003686 -0.092022
v -0.058286 0.005621 -0.119270
v -0.056895 0.009724 -0.119552
v -0.056366 0.009525 -0.149594
v -0.055890 0.011448 -0.119751
v -0.052604 0.014983 -0.120409
v -0.052223 0.014619 -0.150076
v -0.051397 0.015838 -0.120651
v -0.046641 0.017832 -0.121602
v -0.046382 0.017417 -0.150730
v -0.039991 0.019059 -0.122934
v -0.046854 0.018982 -0.097653
v -0.046906 0.019502 -0.091775
v -0.040789 0.019924 -0.102017
v -0.033439 0.020500 -0.106298
v -0.042706 0.021691 -0.081173
v -0.033884 0.022122 -0.088340
v -0.045369 0.024058 -0.060499
v -0.047043 0.021268 -0.076419
v -0.034472 0.024301 -0.070512
v -0.047205 0.023982 -0.058193
v -0.047305 0.025760 -0.047300
v -0.047349 0.026618 -0.042070
v -0.037440 0.026726 -0.051356
v -0.047508 0.026617 -0.041875
v -0.053795 0.026379 -0.031920
v -0.046872 0.027001 -0.041306
v -0.053316 0.026839 -0.031601
v -0.046665 0.027207 -0.041119
v -0.036714 0.027272 -0.050353
v -0.046335 0.027669 -0.040817
v -0.046089 0.028211 -0.040588
v -0.052943 0.027445 -0.031334
v -0.052717 0.028147 -0.031147
v -0.057661 0.027265 -0.020777
v -0.045993 0.028537 -0.040495
v -0.052653 0.028875 -0.031053
v -0.056648 0.028287 -0.022997
v -0.050400 0.029155 -0.034581
v -0.050327 0.034192 -0.034531
v -0.045882 0.029459 -0.040376
v -0.041825 0.029546 -0.044563
v -0.036019 0.029621 -0.049372
v -0.041769 0.034192 -0.044504
v -0.041746 0.047203 -0.044478
v -0.028553 0.034192 -0.053944
v -0.028540 0.047203 -0.053912
v -0.027439 0.034192 -0.054519
v -0.013312 0.034192 -0.059565
v -0.027474 0.029676 -0.054590
v -0.024456 0.029686 -0.056007
v -0.011734 0.029690 -0.059976
v -0.024590 0.028347 -0.056322
v -0.024951 0.027303 -0.057154
v -0.036206 0.028307 -0.049644
v -0.011803 0.028350 -0.060312
v -0.011889 0.027725 -0.060740
v -0.011761 0.028875 -0.060101
v -0.003253 0.028796 -0.061151
v -0.003308 0.027667 -0.061772
v 0.005327 0.028589 -0.060993
v -0.003231 0.029592 -0.061030
v 0.005347 0.029325 -0.060885
v -0.010871 0.029687 -0.060139
v -0.010857 0.034192 -0.060061
v 0.002859 0.034192 -0.060968
v 0.006616 0.034192 -0.060675
v 0.002859 0.047203 -0.060934
v -0.005757 0.047203 -0.060728
v 0.012058 0.047203 -0.059797
v 0.018827 0.047203 -0.058025
v 0.012058 0.047623 -0.059796
v 0.012637 0.047623 -0.059677
v -0.005757 0.047623 -0.060728
v -0.023078 0.047623 -0.056466
v -0.038427 0.047623 -0.047375
v -0.023078 0.047203 -0.056466
v -0.013318 0.047203 -0.059529
v -0.050489 0.047623 -0.034233
v -0.038427 0.047203 -0.047375
v -0.058233 0.047623 -0.018163
v -0.050489 0.047203 -0.034233
v -0.052918 0.047203 -0.030344
v -0.058233 0.047203 -0.018163
v -0.052939 0.034192 -0.030375
v -0.056552 0.034192 -0.022958
v -0.059472 0.047203 -0.013570
v -0.060998 0.047203 -0.000540
v -0.060843 0.047203 0.004377
v -0.060998 0.047623 -0.000540
v -0.058546 0.047623 0.017129
v -0.051087 0.047623 0.033333
v -0.058546 0.047203 0.017129
v -0.056913 0.047203 0.021953
v -0.056945 0.034192 0.021964
v -0.051088 0.047203 0.033333
v -0.048017 0.047203 0.037622
v -0.048056 0.034192 0.037627
v -0.039260 0.047203 0.046687
v -0.034940 0.047203 0.050003
v -0.039260 0.047623 0.046687
v -0.024075 0.047623 0.056048
v -0.023581 0.047623 0.054492
v -0.023613 0.047758 0.056244
v -0.024075 0.047203 0.056049
v -0.018827 0.047203 0.058024
v -0.018836 0.034192 0.058055
v -0.018827 0.055623 0.058024
v -0.012637 0.047203 0.059677
v -0.012637 0.047623 0.059677
v -0.001720 0.047203 0.060976
v -0.001714 0.034192 0.061010
v 0.005226 0.047203 0.060776
v 0.005227 0.047623 0.060776
v 0.015537 0.047203 0.058989
v 0.015535 0.034192 0.059024
v 0.022640 0.047203 0.056644
v 0.022640 0.047623 0.056643
v 0.031527 0.047203 0.052222
v 0.038104 0.047203 0.047635
v 0.031535 0.034192 0.052256
v 0.040857 0.034192 0.045342
v 0.026326 0.034192 0.055065
v 0.026583 0.000176 0.055601
v 0.022399 0.000176 0.057414
v 0.037233 0.000176 0.049110
v 0.041255 0.000176 0.045784
v 0.036761 -0.004505 0.049245
v 0.035870 -0.009007 0.048799
v 0.021814 -0.004522 0.057423
v 0.048888 -0.004488 0.037277
v 0.047987 -0.008973 0.037050
v 0.049234 0.000176 0.037070
v 0.052542 0.000176 0.032209
v 0.052035 0.034192 0.031898
v 0.057489 0.000176 0.022208
v 0.056392 -0.008940 0.022412
v 0.059517 0.000176 0.015992
v 0.058943 0.034192 0.015838
v 0.061369 0.000176 0.005654
v 0.060430 -0.008913 0.006022
v 0.061609 0.000176 -0.001538
v 0.061015 0.034192 -0.001523
v 0.060578 0.000176 -0.011329
v 0.058646 0.000176 -0.018941
v 0.059789 -0.008892 -0.010847
v 0.057995 -0.008886 -0.018174
v 0.060740 -0.008903 -0.000826
v 0.056149 -0.015552 -0.000782
v 0.053614 -0.015536 -0.016813
v 0.048913 -0.019134 -0.000704
v 0.053979 -0.015576 0.015302
v 0.058392 -0.008929 0.016581
v 0.047022 -0.019155 0.013298
v 0.047285 -0.015606 0.030087
v 0.036629 -0.015639 0.042329
v 0.051148 -0.008962 0.032582
v 0.041193 -0.019181 0.026168
v 0.031917 -0.019210 0.036824
v 0.044507 -0.019168 0.020097
v 0.016493 -0.022807 0.020043
v 0.016592 -0.023455 -0.008978
v -0.016163 -0.022861 0.019985
v 0.016196 -0.019248 0.045863
v 0.006366 -0.019267 0.048173
v 0.019973 -0.019240 0.044371
v 0.022910 -0.015672 0.050999
v 0.007279 -0.015703 0.055368
v 0.024768 -0.009034 0.055216
v 0.020982 -0.009042 0.056747
v 0.007851 -0.009068 0.059944
v 0.004481 -0.009074 0.060278
v 0.005197 -0.004537 0.061184
v -0.009711 -0.009096 0.059618
v -0.008948 -0.015730 0.055068
v -0.012353 -0.009100 0.059120
v -0.011814 -0.004550 0.060239
v -0.026440 -0.009117 0.054267
v -0.024407 -0.015749 0.050125
v -0.028212 -0.009118 0.053364
v -0.027912 -0.004559 0.054660
v -0.040931 -0.009128 0.044341
v -0.037797 -0.015759 0.040953
v -0.041868 -0.009128 0.043456
v -0.051964 -0.009129 0.030675
v -0.041861 -0.004564 0.044877
v -0.041310 0.000176 0.045733
v -0.052588 -0.004563 0.031641
v -0.059270 -0.004559 0.015968
v -0.052261 -0.009128 0.030168
v -0.052229 0.000176 0.032715
v -0.059018 0.000176 0.017747
v -0.051565 0.000176 0.033750
v -0.051068 0.034192 0.033425
v -0.058449 0.034192 0.017576
v -0.059177 0.000176 0.017210
v -0.058585 -0.009119 0.014529
v -0.058613 -0.009119 0.014418
v -0.060351 -0.009101 -0.002247
v -0.054136 -0.015751 0.013303
v -0.047993 -0.015760 0.028326
v -0.055738 -0.015735 -0.002218
v -0.047094 -0.019309 0.011557
v -0.048466 -0.019293 -0.002504
v -0.044186 -0.019315 0.019940
v -0.041746 -0.019317 0.024633
v -0.032871 -0.019316 0.035625
v -0.021215 -0.019307 0.043608
v -0.015967 -0.019301 0.045806
v -0.007759 -0.019290 0.047911
v -0.047332 -0.019096 -0.032299
v -0.026006 -0.022742 -0.006070
v -0.016158 -0.023510 -0.008986
v -0.030548 -0.021521 -0.035440
v -0.014849 -0.022231 -0.040423
v -0.034116 -0.020474 -0.064629
v -0.047326 -0.019093 -0.032493
v -0.046705 -0.018651 -0.062129
v -0.046705 -0.018650 -0.062148
v -0.046434 -0.018064 -0.091767
v -0.053840 -0.015037 -0.061314
v -0.054645 -0.015408 -0.031760
v -0.053341 -0.014584 -0.090873
v -0.058462 -0.008482 -0.060931
v -0.057880 -0.008117 -0.090268
v -0.055830 -0.015655 -0.002217
v -0.059274 -0.008812 -0.031584
v -0.026834 -0.020045 -0.096656
v -0.022337 -0.020991 -0.068212
v -0.008361 -0.017958 -0.103785
v -0.008447 -0.017949 -0.104154
v 0.000337 -0.018527 -0.078943
v -0.011150 -0.020400 -0.072703
v 0.000359 -0.018528 -0.078897
v 0.005850 -0.015475 -0.081912
v 0.013780 -0.018953 -0.056264
v -0.000387 -0.021427 -0.047064
v 0.014050 -0.018959 -0.055899
v 0.031067 -0.019116 -0.037845
v 0.018849 -0.015823 -0.060237
v 0.021679 -0.010160 -0.063669
v 0.035675 -0.016075 -0.042550
v 0.036132 -0.015529 -0.043041
v 0.038728 -0.010528 -0.045927
v 0.046584 -0.015529 -0.031442
v 0.050388 -0.008878 -0.034006
v 0.040587 -0.019114 -0.027397
v 0.046706 -0.019120 -0.014660
v 0.048121 -0.019125 -0.008918
v 0.047814 -0.008878 -0.037540
v 0.054516 -0.008881 -0.026884
v 0.055177 0.000176 -0.027451
v 0.050869 0.000176 -0.034790
v 0.050379 0.034192 -0.034455
v 0.048472 0.000176 -0.038059
v 0.039697 0.000176 -0.047140
v 0.024592 0.000177 -0.062659
v 0.039484 0.012172 -0.047046
v 0.039820 -0.003591 -0.047217
v 0.039189 -0.008880 -0.046463
v 0.024696 -0.003380 -0.062741
v 0.022611 -0.003338 -0.065440
v 0.024590 0.000177 -0.062662
v 0.012836 0.000177 -0.080850
v 0.012929 -0.003164 -0.080935
v 0.012836 0.000177 -0.080851
v 0.004891 0.000177 -0.100998
v 0.012708 0.006372 -0.080803
v 0.015944 0.007168 -0.074926
v 0.010465 0.005806 -0.085455
v 0.009890 0.010418 -0.085702
v 0.006226 0.004699 -0.096299
v 0.006141 0.006013 -0.096375
v 0.004794 0.004316 -0.100967
v 0.004640 0.004274 -0.101518
v 0.003145 0.003869 -0.107572
v 0.002401 0.009180 -0.107850
v 0.004899 0.011991 -0.096658
v 0.000175 0.013913 -0.107982
v -0.003570 0.017184 -0.107911
v -0.001399 0.012281 -0.119591
v 0.002322 0.016281 -0.096737
v -0.001707 0.019192 -0.096623
v 0.004832 0.019118 -0.085874
v 0.000364 0.021472 -0.085692
v 0.007420 0.022060 -0.075231
v 0.007976 0.015547 -0.085882
v 0.011310 0.019433 -0.075353
v 0.014908 0.023660 -0.065087
v 0.014128 0.015450 -0.075311
v 0.018731 0.020950 -0.065199
v 0.020726 0.018063 -0.065166
v 0.023250 0.026410 -0.057263
v 0.022180 0.026380 -0.057782
v 0.025600 0.026416 -0.056035
v 0.027464 0.026255 -0.054997
v 0.026697 0.025319 -0.056048
v 0.028516 0.022210 -0.055987
v 0.030129 0.015485 -0.055684
v 0.031067 0.025333 -0.052852
v 0.022015 0.014283 -0.065024
v 0.016196 0.007229 -0.074502
v 0.022765 0.008755 -0.064733
v 0.024421 0.009126 -0.062590
v 0.025054 0.009267 -0.061799
v 0.030641 0.010457 -0.055406
v 0.032667 0.010867 -0.053319
v 0.038363 0.017886 -0.047838
v 0.039155 0.015236 -0.047251
v 0.035939 0.021910 -0.049616
v 0.035632 0.022249 -0.049834
v 0.036016 0.022015 -0.049544
v 0.039283 0.014562 -0.047159
v 0.036103 0.022128 -0.049473
v 0.029730 0.026260 -0.053517
v 0.022037 0.027247 -0.057260
v 0.029661 0.025807 -0.053711
v 0.029852 0.026759 -0.053385
v 0.023587 0.028198 -0.056406
v 0.023546 0.034192 -0.056310
v 0.022022 0.028320 -0.057033
v 0.013823 0.028876 -0.059544
v 0.022010 0.027883 -0.057079
v 0.013805 0.028263 -0.059625
v 0.013835 0.027374 -0.059988
v 0.005330 0.027537 -0.061521
v 0.013934 0.026643 -0.060606
v 0.022116 0.026664 -0.057566
v 0.005377 0.026768 -0.062412
v 0.014013 0.026342 -0.061026
v 0.011173 0.026388 -0.061843
v 0.010197 0.025247 -0.064839
v 0.005417 0.026518 -0.062989
v -0.001325 0.026665 -0.063483
v -0.003417 0.026700 -0.063459
v -0.001433 0.026546 -0.064063
v -0.012217 0.026652 -0.063274
v -0.003217 0.024615 -0.074606
v -0.004986 0.022711 -0.085375
v -0.012067 0.024979 -0.073976
v -0.012054 0.024840 -0.074859
v -0.018035 0.021989 -0.094462
v -0.011912 0.023252 -0.084898
v -0.011795 0.021931 -0.093209
v -0.012392 0.021718 -0.094801
v -0.011773 0.021681 -0.094784
v -0.011755 0.021483 -0.096025
v -0.006763 0.020802 -0.096351
v -0.011593 0.019722 -0.107479
v -0.011547 0.019271 -0.110742
v -0.008403 0.019077 -0.107673
v -0.009631 0.017882 -0.119335
v -0.004985 0.015752 -0.119544
v -0.010148 0.017521 -0.128910
v -0.011427 0.018328 -0.119230
v -0.011293 0.017832 -0.128681
v -0.018732 0.019166 -0.127191
v -0.010928 0.017417 -0.154463
v -0.028655 0.019408 -0.152596
v -0.010806 0.017278 -0.163056
v -0.028967 0.019832 -0.125141
v -0.028343 0.018994 -0.180052
v -0.046123 0.017002 -0.179859
v -0.045864 0.016587 -0.208988
v -0.051842 0.014255 -0.179745
v -0.051461 0.013891 -0.209414
v -0.055838 0.009325 -0.179642
v -0.057401 0.003172 -0.179604
v -0.055310 0.009126 -0.209689
v -0.056820 0.003172 -0.209799
v -0.054782 0.008927 -0.239737
v -0.056240 0.003172 -0.239994
v -0.054504 0.009456 -0.239688
v -0.054284 0.011834 -0.250029
v -0.051080 0.013528 -0.239084
v -0.050827 0.013726 -0.239039
v -0.045605 0.016172 -0.238118
v -0.050630 0.015943 -0.249023
v -0.045496 0.018174 -0.247696
v -0.050406 0.020603 -0.258248
v -0.045358 0.022455 -0.256584
v -0.054133 0.016598 -0.259535
v -0.050055 0.025292 -0.267414
v -0.049454 0.027710 -0.277274
v -0.045197 0.026719 -0.265417
v -0.053815 0.021541 -0.268978
v -0.054869 0.018939 -0.269498
v -0.053063 0.024596 -0.279180
v -0.049865 0.027490 -0.277493
v -0.053472 0.023972 -0.279391
v -0.054377 0.022025 -0.279849
v -0.053388 0.023972 -0.283765
v -0.050593 0.023973 -0.305180
v -0.054840 0.019121 -0.283793
v -0.049746 0.027490 -0.283695
v -0.044848 0.028772 -0.283601
v -0.047055 0.027490 -0.304313
v -0.039910 0.027490 -0.323839
v -0.042297 0.028772 -0.303147
v -0.035523 0.028772 -0.321658
v -0.024854 0.028772 -0.338233
v -0.028656 0.027490 -0.341323
v -0.008965 0.028772 -0.357785
v -0.007636 0.028772 -0.359181
v -0.002580 0.028772 -0.353793
v -0.003343 0.028772 -0.361692
v -0.000576 0.028772 -0.354941
v -0.002935 0.028772 -0.353424
v -0.002935 0.016172 -0.353424
v -0.004101 0.028772 -0.350872
v -0.004101 0.016172 -0.350872
v -0.003702 0.028772 -0.348095
v -0.000576 0.016172 -0.354941
v 0.002230 0.016172 -0.354941
v 0.002230 0.028772 -0.354941
v 0.004457 0.016172 -0.353570
v 0.016392 0.016172 -0.364772
v 0.004590 0.016172 -0.353424
v 0.005756 0.016172 -0.350872
v 0.004590 0.028772 -0.353424
v 0.005756 0.028772 -0.350872
v 0.011289 0.016172 -0.368793
v 0.018622 0.016172 -0.361952
v 0.022078 0.016172 -0.352537
v 0.018962 0.016284 -0.362177
v 0.011490 0.016284 -0.369148
v 0.019207 0.016589 -0.362340
v 0.022484 0.016284 -0.352585
v 0.022776 0.016589 -0.352620
v 0.021296 0.016284 -0.342436
v 0.021570 0.016584 -0.342336
v 0.021294 0.016283 -0.342437
v 0.020913 0.016172 -0.342576
v 0.018685 0.016283 -0.335303
v 0.018304 0.016172 -0.335443
v 0.018687 0.016284 -0.335303
v 0.009985 0.016284 -0.307502
v 0.018961 0.016584 -0.335202
v 0.018963 0.016589 -0.335202
v 0.010269 0.016589 -0.307427
v 0.019055 0.016993 -0.335168
v 0.021664 0.016993 -0.342301
v 0.019055 0.017000 -0.335168
v 0.010364 0.017000 -0.307402
v 0.019041 0.017419 -0.335173
v 0.019027 0.017844 -0.335178
v 0.021650 0.017419 -0.342307
v 0.021664 0.017000 -0.342302
v 0.021636 0.017845 -0.342312
v 0.021622 0.018270 -0.342317
v 0.019013 0.018270 -0.335183
v 0.021608 0.018696 -0.342322
v 0.018999 0.018696 -0.335188
v 0.021594 0.019121 -0.342327
v 0.020230 0.023973 -0.342826
v 0.018985 0.019121 -0.335193
v 0.022853 0.019121 -0.347885
v 0.021407 0.023972 -0.348022
v 0.022799 0.019121 -0.352622
v 0.022456 0.019121 -0.354686
v 0.022872 0.017000 -0.352631
v 0.019288 0.017000 -0.362394
v 0.019227 0.019121 -0.362353
v 0.020421 0.019121 -0.360330
v 0.021036 0.023973 -0.354381
v 0.017621 0.023972 -0.335692
v 0.010292 0.019121 -0.307421
v 0.008887 0.023972 -0.307789
v 0.004258 0.019121 -0.278953
v 0.002824 0.023972 -0.279187
v 0.000936 0.019121 -0.250042
v 0.004331 0.017000 -0.278941
v 0.001010 0.017000 -0.250037
v 0.004234 0.016588 -0.278957
v 0.003944 0.016284 -0.279004
v 0.003542 0.016172 -0.279070
v 0.009590 0.016172 -0.307605
v 0.000406 0.022047 -0.250282
v 0.000825 0.018819 -0.248193
v 0.000787 0.018512 -0.247419
v 0.000250 0.021893 -0.248484
v -0.001212 0.024624 -0.249187
v -0.000989 0.024761 -0.250996
v -0.001359 0.023924 -0.247450
v -0.003539 0.026037 -0.248453
v -0.006157 0.027369 -0.249726
v -0.003150 0.026939 -0.252135
v -0.003992 0.027490 -0.252584
v -0.000771 0.027490 -0.279773
v -0.005830 0.028314 -0.253570
v -0.008708 0.028772 -0.255128
v -0.005606 0.028772 -0.280561
v -0.026865 0.028772 -0.265005
v -0.009014 0.027862 -0.251143
v -0.009023 0.027804 -0.251013
v -0.009243 0.025873 -0.247761
v -0.027100 0.027953 -0.259829
v -0.027296 0.025959 -0.254741
v -0.045137 0.027801 -0.268546
v -0.045015 0.028772 -0.274879
v -0.009283 0.025395 -0.247109
v -0.045255 0.025384 -0.262354
v 0.000624 0.028772 -0.309953
v 0.005363 0.027490 -0.308712
v 0.014200 0.027490 -0.336943
v -0.000473 0.023972 -0.250728
v 0.021572 0.016589 -0.342335
v 0.011635 0.016589 -0.369403
v 0.001677 0.016284 -0.371995
v 0.001657 0.016172 -0.371587
v -0.008199 0.016172 -0.369734
v -0.016157 0.016172 -0.363631
v -0.032674 0.016172 -0.343299
v -0.043172 0.023973 -0.325460
v -0.054911 0.019121 -0.280086
v -0.055501 0.000176 -0.283806
v -0.052004 0.019121 -0.305526
v -0.051042 0.019121 -0.309155
v -0.051231 0.013466 -0.309209
v -0.051195 0.013546 -0.309323
v -0.052546 0.008725 -0.304820
v -0.053170 0.002215 -0.303103
v -0.052387 0.008538 -0.305108
v -0.052071 0.008381 -0.305287
v -0.052986 0.002207 -0.303457
v -0.051076 0.013255 -0.309487
v -0.049156 0.015878 -0.315184
v -0.050826 0.013019 -0.309571
v -0.050498 0.012886 -0.309557
v -0.048965 0.015620 -0.315185
v -0.046606 0.016420 -0.321158
v -0.048698 0.015454 -0.315132
v -0.046377 0.016243 -0.321059
v -0.048377 0.015404 -0.315028
v -0.046449 0.016284 -0.321090
v -0.051682 0.008305 -0.305296
v -0.050160 0.012882 -0.309450
v -0.050205 0.012775 -0.309295
v -0.049760 0.013709 -0.310800
v -0.050585 0.011719 -0.307947
v -0.046982 0.012177 -0.305105
v -0.047620 0.011484 -0.304697
v -0.040211 0.010895 -0.296573
v -0.051335 0.008325 -0.305143
v -0.051457 0.007444 -0.304682
v -0.028390 0.006162 -0.281462
v -0.051836 0.002146 -0.303481
v -0.051860 0.000538 -0.303522
v -0.051992 0.002155 -0.303604
v -0.040167 0.002011 -0.292134
v -0.040154 -0.001339 -0.292362
v -0.028555 0.001877 -0.280843
v -0.028498 0.001877 -0.280787
v -0.028475 -0.001115 -0.280942
v -0.016829 0.001742 -0.269440
v -0.016796 -0.000890 -0.269522
v -0.016706 -0.003507 -0.269815
v -0.005274 -0.000669 -0.258256
v -0.005221 -0.002966 -0.258283
v -0.005194 -0.004320 -0.258312
v -0.005175 -0.005303 -0.258344
v -0.004143 -0.004346 -0.256719
v -0.004076 -0.014890 -0.256997
v -0.003615 -0.014899 -0.255103
v -0.004923 -0.014896 -0.258754
v -0.004946 -0.014263 -0.258733
v -0.004913 -0.014955 -0.258758
v -0.015271 -0.015055 -0.274063
v -0.004894 -0.015024 -0.258764
v -0.003569 -0.015051 -0.255101
v -0.004852 -0.015126 -0.258780
v -0.004783 -0.015233 -0.258807
v -0.003466 -0.015199 -0.255100
v -0.003441 -0.015225 -0.255100
v -0.003556 -0.015075 -0.255100
v -0.002197 -0.015091 -0.241294
v -0.002240 -0.014997 -0.241289
v -0.002171 -0.015133 -0.241296
v -0.002082 -0.015240 -0.241306
v -0.002141 -0.015173 -0.240862
v -0.002194 -0.015052 -0.240823
v -0.001998 -0.015347 -0.240925
v -0.002111 -0.015335 -0.240454
v -0.002150 -0.015239 -0.240387
v -0.002001 -0.015478 -0.240559
v -0.002086 -0.015627 -0.240124
v -0.002001 -0.015720 -0.240263
v -0.002071 -0.016030 -0.239938
v -0.002116 -0.015522 -0.239973
v -0.002111 -0.015582 -0.239933
v -0.002156 -0.015189 -0.240354
v -0.002157 -0.015188 -0.240356
v -0.001799 -0.011362 -0.236956
v -0.002204 -0.015009 -0.240810
v -0.002255 -0.014914 -0.241287
v -0.002295 -0.014913 -0.241670
v -0.001971 -0.011174 -0.238548
v -0.002536 -0.014911 -0.244012
v -0.002552 -0.014911 -0.244169
v -0.002277 -0.011389 -0.241448
v -0.001911 -0.008720 -0.237949
v -0.002574 -0.011572 -0.244329
v -0.002284 -0.008914 -0.241464
v -0.002779 -0.014908 -0.246424
v -0.003017 -0.014906 -0.248831
v -0.002719 -0.014909 -0.245824
v -0.002689 -0.014909 -0.245526
v -0.002674 -0.014909 -0.245377
v -0.002667 -0.014909 -0.245302
v -0.002663 -0.014909 -0.245265
v -0.002661 -0.014909 -0.245247
v -0.002661 -0.014910 -0.245242
v -0.002660 -0.014910 -0.245240
v -0.002660 -0.014910 -0.245237
v -0.002658 -0.014910 -0.245218
v -0.002575 -0.014911 -0.244398
v -0.002561 -0.014911 -0.244257
v -0.002560 -0.014911 -0.244252
v -0.002560 -0.014911 -0.244251
v -0.002560 -0.014911 -0.244251
v -0.002560 -0.014911 -0.244251
v -0.002560 -0.014911 -0.244250
v -0.002560 -0.014911 -0.244250
v -0.002560 -0.014911 -0.244250
v -0.002560 -0.014911 -0.244250
v -0.002560 -0.014911 -0.244251
v -0.002560 -0.014911 -0.244251
v -0.002560 -0.014911 -0.244250
v -0.002560 -0.014911 -0.244251
v -0.002560 -0.014911 -0.244251
v -0.002560 -0.014911 -0.244251
v -0.002560 -0.014911 -0.244251
v -0.002560 -0.014911 -0.244251
v -0.003253 -0.014903 -0.251261
v -0.002646 -0.009145 -0.244978
v -0.002996 -0.009362 -0.248494
v -0.002078 -0.004997 -0.239506
v -0.001512 -0.005265 -0.234331
v -0.002619 -0.004746 -0.244686
v -0.003132 -0.004532 -0.249822
v -0.003336 -0.009529 -0.252014
v -0.003614 -0.004378 -0.254887
v -0.003616 -0.009616 -0.254994
v -0.003620 -0.003399 -0.254877
v -0.001402 -0.004590 -0.233278
v -0.003633 -0.002312 -0.254871
v -0.001378 -0.003725 -0.232930
v -0.003671 -0.000183 -0.254865
v -0.003708 0.001672 -0.254866
v -0.001420 -0.001815 -0.232939
v -0.001507 0.000054 -0.233360
v -0.000096 -0.002583 -0.221765
v -0.001388 -0.002824 -0.232848
v -0.000057 -0.003553 -0.221632
v -0.000055 -0.004401 -0.221759
v 0.000698 -0.004246 -0.215688
v 0.000584 -0.004971 -0.216701
v 0.000793 -0.003421 -0.214789
v 0.000904 -0.001770 -0.213659
v -0.000213 -0.000727 -0.222390
v 0.000913 -0.001508 -0.213546
v 0.000930 0.000137 -0.213208
v -0.001602 0.001895 -0.233887
v -0.003742 0.003332 -0.254866
v -0.003769 0.004863 -0.254868
v 0.000438 -0.005673 -0.217951
v 0.000272 -0.006266 -0.219303
v -0.000105 -0.005194 -0.222286
v -0.000225 -0.005812 -0.223305
v -0.000029 -0.005942 -0.221709
v -0.000346 -0.005752 -0.224304
v -0.001527 -0.008521 -0.234436
v -0.000932 -0.005535 -0.229244
v -0.001470 -0.005285 -0.233955
v -0.001314 -0.008667 -0.232525
v -0.001221 -0.008925 -0.231714
v -0.001732 -0.011685 -0.236345
v -0.001149 -0.009308 -0.231083
v -0.001075 -0.009155 -0.230429
v -0.001491 -0.010747 -0.234141
v -0.002859 -0.012370 -0.234446
v -0.001689 -0.012162 -0.235960
v -0.001824 -0.013349 -0.237216
v -0.003002 -0.014636 -0.237530
v -0.002092 -0.016142 -0.239760
v -0.002094 -0.016000 -0.239777
v -0.002081 -0.016260 -0.239877
v -0.002069 -0.016301 -0.239924
v -0.003165 -0.017348 -0.240216
v -0.005824 -0.019127 -0.241069
v -0.003302 -0.020175 -0.242782
v -0.005920 -0.021772 -0.243762
v -0.001170 -0.017876 -0.242022
v -0.003372 -0.022910 -0.245467
v -0.001221 -0.020735 -0.244597
v -0.003297 -0.025212 -0.248563
v -0.005966 -0.024348 -0.246583
v -0.008835 -0.024980 -0.247846
v -0.005901 -0.026551 -0.249833
v -0.005614 -0.027543 -0.253727
v -0.008744 -0.027053 -0.251249
v -0.008498 -0.028006 -0.255289
v -0.008749 -0.027001 -0.251137
v -0.026899 -0.027198 -0.259995
v -0.027089 -0.025185 -0.254916
v -0.045001 -0.027034 -0.268714
v -0.026666 -0.028024 -0.265173
v -0.044806 -0.028041 -0.275041
v -0.049625 -0.026781 -0.277636
v -0.044639 -0.028030 -0.283763
v -0.042088 -0.028001 -0.303311
v -0.049506 -0.026773 -0.283854
v -0.049590 -0.026726 -0.283856
v -0.046824 -0.026696 -0.304464
v -0.053171 -0.023268 -0.283920
v -0.053250 -0.023272 -0.279539
v -0.053211 -0.023203 -0.283921
v -0.054225 -0.020924 -0.283937
v -0.050329 -0.023170 -0.305317
v -0.042910 -0.023132 -0.325590
v -0.051810 -0.018363 -0.305679
v -0.052239 -0.018366 -0.303851
v -0.047608 -0.018339 -0.318806
v -0.047686 -0.016053 -0.318833
v -0.044280 -0.018324 -0.326253
v -0.040713 -0.018310 -0.332800
v -0.040752 -0.016175 -0.332883
v -0.032417 -0.018281 -0.344685
v -0.016527 -0.018230 -0.364237
v -0.032478 -0.016160 -0.344729
v -0.031302 -0.023090 -0.343791
v -0.031282 -0.023132 -0.343775
v -0.015392 -0.023081 -0.363327
v -0.028489 -0.026619 -0.341514
v -0.039679 -0.026659 -0.323989
v -0.028449 -0.026648 -0.341482
v -0.012559 -0.026597 -0.361034
v -0.024645 -0.027928 -0.338394
v -0.035315 -0.027966 -0.321817
v -0.008756 -0.027877 -0.357946
v -0.007621 -0.027873 -0.359165
v -0.002580 -0.027872 -0.353793
v -0.003134 -0.027862 -0.361853
v 0.003705 -0.027851 -0.362164
v -0.004707 -0.026577 -0.366492
v -0.005881 -0.023057 -0.369938
v 0.004846 -0.026561 -0.366926
v 0.005690 -0.023037 -0.370464
v 0.013161 -0.026553 -0.362204
v 0.015762 -0.023028 -0.364744
v 0.017682 -0.026556 -0.353776
v 0.009658 -0.027845 -0.358783
v 0.012894 -0.027848 -0.352750
v 0.012417 -0.027857 -0.345921
v 0.017016 -0.026569 -0.344237
v 0.010284 -0.027868 -0.340088
v 0.004234 -0.027870 -0.346533
v 0.009809 -0.027870 -0.338787
v 0.000833 -0.027922 -0.310114
v 0.014407 -0.026583 -0.337103
v 0.017823 -0.023061 -0.335847
v 0.005570 -0.026633 -0.308872
v -0.000564 -0.026680 -0.279933
v 0.009088 -0.023111 -0.307945
v 0.010485 -0.018258 -0.307570
v 0.003025 -0.023157 -0.279342
v 0.004451 -0.018304 -0.279102
v -0.000272 -0.023199 -0.250883
v -0.000773 -0.023968 -0.251145
v 0.000609 -0.021256 -0.250432
v 0.000453 -0.021099 -0.248620
v 0.001129 -0.018346 -0.250191
v 0.001200 -0.016218 -0.250184
v 0.001018 -0.018043 -0.248332
v 0.000980 -0.017740 -0.247567
v 0.001040 -0.016229 -0.247612
v 0.000938 -0.017199 -0.246583
v 0.000348 -0.020352 -0.246894
v 0.000896 -0.016243 -0.245292
v 0.000844 -0.015919 -0.245295
v 0.000680 -0.016363 -0.243800
v 0.000263 -0.016488 -0.242702
v 0.000266 -0.017931 -0.243993
v 0.000099 -0.016518 -0.242415
v 0.000149 -0.016134 -0.242386
v -0.000389 -0.016580 -0.241743
v -0.001126 -0.016639 -0.240996
v -0.001866 -0.016680 -0.240416
v -0.001999 -0.016464 -0.240124
v -0.001872 -0.016615 -0.240360
v -0.001885 -0.016401 -0.240244
v -0.001999 -0.016434 -0.240114
v -0.001887 -0.016286 -0.240219
v -0.001888 -0.016262 -0.240217
v -0.001888 -0.016257 -0.240216
v -0.001888 -0.016255 -0.240216
v -0.001888 -0.016249 -0.240216
v -0.001888 -0.016226 -0.240215
v -0.001888 -0.016172 -0.240216
v -0.001887 -0.016082 -0.240230
v -0.001999 -0.016059 -0.240097
v -0.001877 -0.015850 -0.240332
v 0.000036 -0.015766 -0.242449
v -0.001872 -0.015792 -0.240377
v -0.001843 -0.015578 -0.240642
v -0.001831 -0.015526 -0.240748
v -0.000215 -0.015504 -0.242592
v -0.001804 -0.015453 -0.240975
v -0.001757 -0.015413 -0.241340
v -0.001890 -0.015422 -0.240957
v -0.001857 -0.015393 -0.241330
v -0.001934 -0.015356 -0.241321
v -0.001988 -0.015320 -0.241316
v -0.003290 -0.015339 -0.255102
v -0.003225 -0.015371 -0.255103
v -0.003344 -0.015305 -0.255101
v -0.003163 -0.015391 -0.255105
v -0.004677 -0.015338 -0.258847
v -0.004765 -0.015255 -0.258814
v -0.004648 -0.015358 -0.258859
v -0.014940 -0.015363 -0.274275
v -0.004605 -0.015380 -0.258876
v -0.004529 -0.015395 -0.258908
v -0.014787 -0.015393 -0.274328
v -0.003113 -0.015398 -0.255106
v -0.025153 -0.015390 -0.289910
v -0.025294 -0.015370 -0.289784
v -0.035520 -0.015387 -0.305492
v -0.039843 -0.015386 -0.311991
v -0.035773 -0.015347 -0.305089
v -0.035990 -0.015256 -0.304677
v -0.025427 -0.015317 -0.289649
v -0.015081 -0.015286 -0.274209
v -0.025630 -0.015156 -0.289370
v -0.025870 -0.014765 -0.288807
v -0.026316 -0.013883 -0.287677
v -0.036336 -0.015016 -0.303850
v -0.015403 -0.014514 -0.273764
v -0.015639 -0.013375 -0.273155
v -0.016036 -0.011031 -0.272043
v -0.004989 -0.012867 -0.258670
v -0.005065 -0.010216 -0.258552
v -0.005124 -0.007707 -0.258438
v -0.016342 -0.008598 -0.271096
v -0.016561 -0.006085 -0.270342
v -0.027654 -0.009493 -0.283859
v -0.028071 -0.006874 -0.282469
v -0.038966 -0.010389 -0.296622
v -0.027072 -0.011849 -0.285613
v -0.038108 -0.012667 -0.299183
v -0.049143 -0.013486 -0.312753
v -0.036994 -0.014392 -0.302198
v -0.047671 -0.014900 -0.316720
v -0.045886 -0.015384 -0.321074
v -0.048556 -0.014194 -0.314381
v -0.048953 -0.014299 -0.314461
v -0.046258 -0.015495 -0.321235
v -0.051000 -0.010544 -0.308454
v -0.049263 -0.014578 -0.314439
v -0.046527 -0.015796 -0.321351
v -0.049401 -0.014954 -0.314323
v -0.051335 -0.010778 -0.308289
v -0.051484 -0.011082 -0.308006
v -0.052520 -0.004535 -0.304321
v -0.052429 -0.004499 -0.304400
v -0.052591 -0.004570 -0.304239
v -0.052713 -0.004663 -0.304002
v -0.052809 -0.001247 -0.303683
v -0.052568 -0.001231 -0.303754
v -0.053022 -0.001265 -0.303551
v -0.052834 0.002200 -0.303587
v -0.052620 0.002189 -0.303686
v -0.052609 0.002188 -0.303689
v -0.052389 0.002177 -0.303717
v -0.052187 0.002166 -0.303688
v -0.052317 -0.001218 -0.303778
v -0.052248 -0.004445 -0.304504
v -0.052066 -0.001208 -0.303763
v -0.052181 0.002165 -0.303686
v -0.052057 -0.004407 -0.304559
v -0.051843 -0.001201 -0.303719
v -0.051859 -0.000198 -0.303585
v -0.051833 -0.001564 -0.303782
v -0.051796 -0.002518 -0.303984
v -0.051672 -0.004374 -0.304544
v -0.051863 -0.004384 -0.304572
v -0.051598 -0.005151 -0.304850
v -0.051090 -0.008452 -0.306725
v -0.039967 -0.004603 -0.293172
v -0.039580 -0.007663 -0.294597
v -0.028336 -0.004055 -0.281493
v -0.050571 -0.010443 -0.308456
v -0.050278 -0.011285 -0.309385
v -0.051891 0.000536 -0.303539
v -0.052132 -0.004420 -0.304543
v -0.053104 -0.001274 -0.303452
v -0.053089 0.000471 -0.303398
v -0.053042 0.002210 -0.303388
v -0.053175 0.000464 -0.303288
v -0.053127 0.002213 -0.303236
v -0.053216 0.000458 -0.303184
v -0.053218 0.000176 -0.303214
v -0.053144 -0.001281 -0.303350
v -0.052890 -0.003413 -0.303633
v -0.052762 -0.004425 -0.303867
v -0.052730 -0.004687 -0.303939
v -0.055526 -0.004463 -0.280125
v -0.055573 0.000176 -0.280098
v -0.055386 -0.007257 -0.280152
v -0.055756 -0.007434 -0.270186
v -0.055281 -0.009110 -0.280171
v -0.052572 -0.009077 -0.303911
v -0.054892 -0.015064 -0.280224
v -0.054717 -0.018401 -0.280235
v -0.055258 -0.015197 -0.270176
v -0.054708 -0.014907 -0.261440
v -0.054355 -0.019526 -0.270228
v -0.054394 -0.019159 -0.269427
v -0.053752 -0.022354 -0.279791
v -0.054300 -0.020935 -0.280058
v -0.052940 -0.021802 -0.268751
v -0.050639 -0.024006 -0.267797
v -0.053362 -0.016769 -0.259420
v -0.052093 -0.024820 -0.278940
v -0.049876 -0.026635 -0.277770
v -0.051167 -0.019082 -0.258646
v -0.054753 -0.014065 -0.259961
v -0.054996 -0.009167 -0.250448
v -0.054748 -0.014162 -0.260130
v -0.055870 -0.007394 -0.260055
v -0.055955 0.000176 -0.260133
v -0.055513 -0.007224 -0.249987
v -0.056150 0.000176 -0.250009
v -0.055152 -0.007097 -0.243800
v -0.055006 -0.008988 -0.250016
v -0.055248 -0.006696 -0.239984
v -0.055778 -0.006950 -0.209876
v -0.056342 0.000176 -0.240012
v -0.051781 -0.011921 -0.239381
v -0.051536 -0.014227 -0.249450
v -0.056923 0.000176 -0.209808
v -0.056150 0.000176 -0.250034
v -0.055957 0.000176 -0.260055
v -0.055957 0.005664 -0.250190
v -0.055946 0.005803 -0.250495
v -0.055575 0.011147 -0.260040
v -0.055571 0.011209 -0.260142
v -0.055200 0.016555 -0.269725
v -0.055194 0.016629 -0.269889
v -0.055764 0.000176 -0.270071
v -0.055761 0.000176 -0.270262
v -0.045614 -0.021467 -0.256792
v -0.045918 -0.018382 -0.250957
v -0.045298 -0.024518 -0.262540
v -0.045144 -0.025889 -0.265548
v -0.054647 -0.018395 -0.283942
v -0.046529 -0.015801 -0.321352
v -0.033077 -0.015746 -0.343827
v -0.046619 -0.016204 -0.321392
v -0.032966 -0.015575 -0.343763
v -0.033174 -0.016155 -0.343864
v -0.016511 -0.015693 -0.364217
v -0.016513 -0.015698 -0.364219
v -0.016415 -0.015526 -0.364139
v -0.016290 -0.015396 -0.364037
v -0.016285 -0.015393 -0.364033
v -0.032824 -0.015444 -0.343673
v -0.032485 -0.015334 -0.343445
v -0.046253 -0.015492 -0.321232
v -0.015969 -0.015281 -0.363776
v -0.008011 -0.015260 -0.369879
v -0.008177 -0.015372 -0.370251
v 0.001845 -0.015242 -0.371733
v 0.011477 -0.015229 -0.368938
v 0.001865 -0.015353 -0.372140
v 0.011679 -0.015340 -0.369293
v 0.001880 -0.015657 -0.372434
v 0.011824 -0.015644 -0.369549
v -0.008296 -0.015676 -0.370520
v 0.001885 -0.016068 -0.372532
v 0.011873 -0.016056 -0.369634
v -0.008335 -0.016088 -0.370610
v 0.001885 -0.018190 -0.372461
v -0.000464 -0.018194 -0.372451
v 0.006021 -0.018184 -0.371870
v 0.011840 -0.018177 -0.369573
v 0.016794 -0.018174 -0.365752
v 0.011131 -0.023031 -0.368316
v 0.019420 -0.018174 -0.362502
v 0.019478 -0.016052 -0.362540
v 0.020614 -0.018174 -0.360479
v 0.022649 -0.018178 -0.354835
v 0.019334 -0.023028 -0.359814
v 0.021237 -0.023032 -0.354536
v 0.021608 -0.023039 -0.348177
v 0.020431 -0.023048 -0.342981
v 0.023046 -0.018186 -0.348034
v 0.022992 -0.018180 -0.352771
v 0.021787 -0.018195 -0.342476
v 0.021854 -0.016074 -0.342448
v 0.019179 -0.018208 -0.335342
v 0.019245 -0.016087 -0.335314
v 0.019152 -0.015676 -0.335347
v 0.010554 -0.016136 -0.307549
v 0.010458 -0.015725 -0.307573
v 0.004521 -0.016180 -0.279087
v 0.004423 -0.015771 -0.279103
v 0.004133 -0.015467 -0.279149
v 0.001102 -0.015813 -0.250190
v 0.000808 -0.015510 -0.250209
v 0.000802 -0.015827 -0.245298
v 0.000676 -0.015653 -0.245306
v 0.000508 -0.015518 -0.245317
v 0.000418 -0.015472 -0.245323
v 0.000097 -0.015405 -0.245345
v 0.000401 -0.015398 -0.250236
v -0.000544 -0.015409 -0.242778
v 0.003730 -0.015356 -0.279215
v 0.009779 -0.015310 -0.307750
v 0.018492 -0.015260 -0.335588
v 0.010173 -0.015421 -0.307647
v 0.018876 -0.015372 -0.335448
v 0.021485 -0.015358 -0.342581
v 0.022672 -0.015343 -0.352730
v 0.021761 -0.015662 -0.342481
v 0.021101 -0.015247 -0.342721
v 0.022267 -0.015232 -0.352683
v 0.018811 -0.015226 -0.362097
v 0.016564 -0.015226 -0.364933
v 0.019151 -0.015337 -0.362323
v 0.019396 -0.015641 -0.362486
v 0.022964 -0.015647 -0.352765
v 0.023062 -0.016059 -0.352777
v 0.004457 -0.015260 -0.353570
v 0.004590 -0.015260 -0.353424
v 0.002230 -0.015262 -0.354941
v -0.000576 -0.015267 -0.354941
v 0.002230 -0.027862 -0.354941
v 0.004590 -0.027860 -0.353424
v -0.000576 -0.027867 -0.354941
v 0.005756 -0.027862 -0.350872
v 0.005357 -0.027866 -0.348095
v 0.005756 -0.015262 -0.350872
v 0.005357 -0.015266 -0.348095
v 0.003519 -0.015272 -0.345975
v 0.003519 -0.027872 -0.345975
v 0.000827 -0.015277 -0.345185
v -0.001864 -0.015280 -0.345975
v 0.000827 -0.027877 -0.345185
v -0.001864 -0.027880 -0.345975
v -0.003702 -0.027881 -0.348095
v -0.003702 -0.015281 -0.348095
v -0.004101 -0.027878 -0.350872
v -0.004101 -0.015278 -0.350872
v -0.002935 -0.027873 -0.353424
v -0.002935 -0.015273 -0.353424
v -0.002803 -0.015281 -0.346756
v -0.006354 -0.018205 -0.371307
v -0.000373 -0.023046 -0.371007
v -0.008302 -0.018209 -0.370545
v -0.012398 -0.018219 -0.368165
v -0.011532 -0.023070 -0.367000
v -0.016588 -0.016109 -0.364281
v -0.002012 -0.016439 -0.240092
v -0.001135 -0.023101 -0.247566
v -0.000994 -0.023825 -0.249318
v -0.003156 -0.025952 -0.250386
v -0.002928 -0.026156 -0.252285
v -0.003785 -0.026720 -0.252744
v -0.005397 -0.027969 -0.280723
v -0.008842 -0.024491 -0.247202
v -0.008846 -0.022567 -0.244878
v -0.008821 -0.020096 -0.242043
v -0.008795 -0.018362 -0.239930
v -0.005709 -0.016599 -0.238262
v -0.000400 -0.007941 -0.224718
v 0.000199 -0.006467 -0.197134
v 0.000167 -0.006555 -0.187410
v -0.003483 -0.014900 -0.253692
v -0.003444 -0.014901 -0.253273
v -0.003437 -0.014901 -0.253197
v -0.003434 -0.014901 -0.253163
v -0.003432 -0.014901 -0.253147
v -0.003432 -0.014901 -0.253145
v -0.003432 -0.014901 -0.253144
v -0.003432 -0.014901 -0.253144
v -0.003431 -0.014901 -0.253134
v -0.003429 -0.014901 -0.253111
v -0.003393 -0.014901 -0.252738
v -0.046758 0.016679 -0.321223
v -0.049239 0.016197 -0.315126
v -0.045452 0.019481 -0.250717
v -0.045538 0.017080 -0.244486
v -0.027723 0.018164 -0.234963
v -0.057981 0.003172 -0.149408
v -0.026119 0.019780 -0.125712
v -0.033209 0.019718 -0.124292
v -0.025490 0.020540 -0.109421
v -0.023620 0.022145 -0.093209
v -0.017077 0.019981 -0.110841
v -0.028853 0.022187 -0.091157
v -0.017776 0.026783 -0.061118
v -0.012230 0.026779 -0.062460
v -0.025461 0.026776 -0.058324
v -0.026798 0.026773 -0.057717
v -0.035124 0.026741 -0.052997
v -0.012099 0.026967 -0.061801
v -0.011981 0.027305 -0.061204
v -0.003379 0.026905 -0.062808
v -0.005649 0.015227 -0.129812
v -0.005330 0.014983 -0.129876
v 0.006626 0.029268 -0.060760
v 0.018836 0.034192 -0.058055
v 0.034438 0.034192 -0.050391
v 0.034402 0.047203 -0.050375
v 0.038544 0.034192 -0.047324
v 0.038734 0.017006 -0.047557
v 0.047239 0.034192 -0.038648
v 0.047202 0.047203 -0.038641
v 0.051152 0.047203 -0.033235
v 0.039306 0.047203 -0.046650
v 0.039305 0.047623 -0.046649
v 0.051152 0.047623 -0.033234
v 0.024075 0.047623 -0.056048
v 0.023581 0.047623 -0.054492
v 0.023613 0.047757 -0.056245
v 0.024075 0.047203 -0.056049
v 0.023119 0.047757 -0.054690
v 0.023273 0.048123 -0.056386
v 0.023149 0.048623 -0.056437
v 0.022780 0.048123 -0.054832
v 0.022656 0.048623 -0.054883
v 0.022656 0.053623 -0.054883
v 0.023149 0.053623 -0.056437
v 0.022780 0.054123 -0.054832
v 0.023119 0.054489 -0.054690
v 0.023273 0.054123 -0.056386
v 0.023613 0.054489 -0.056245
v 0.024075 0.054623 -0.056048
v 0.023581 0.054623 -0.054492
v 0.039305 0.054623 -0.046649
v 0.024075 0.055623 -0.056049
v 0.039306 0.055623 -0.046650
v 0.018827 0.055623 -0.058025
v 0.024075 0.075723 -0.056049
v 0.031901 0.075723 -0.051994
v 0.018827 0.075723 -0.058025
v 0.018445 0.075723 -0.058144
v 0.018385 0.075923 -0.057954
v 0.018063 0.075723 -0.058263
v 0.018063 0.055623 -0.058262
v 0.012057 0.075723 -0.059795
v 0.003904 0.075723 -0.060875
v 0.012057 0.055623 -0.059795
v 0.012058 0.054623 -0.059796
v -0.005757 0.055623 -0.060726
v -0.005757 0.075723 -0.060727
v -0.023078 0.055623 -0.056465
v -0.005757 0.054623 -0.060728
v -0.023078 0.054623 -0.056466
v -0.038427 0.054623 -0.047375
v -0.050489 0.054623 -0.034233
v -0.038426 0.055623 -0.047375
v -0.023079 0.055623 -0.056464
v -0.038427 0.055623 -0.047374
v -0.050488 0.055623 -0.034233
v -0.038427 0.075723 -0.047374
v -0.044644 0.075723 -0.041569
v -0.030628 0.075723 -0.052753
v -0.023079 0.075723 -0.056465
v -0.030527 0.075923 -0.052581
v -0.013919 0.075923 -0.059185
v -0.044497 0.075923 -0.041432
v -0.054622 0.075923 -0.026703
v -0.060027 0.075923 -0.009667
v -0.054802 0.075723 -0.026791
v -0.058233 0.075723 -0.018162
v -0.050490 0.075723 -0.034233
v -0.050489 0.055623 -0.034232
v -0.058233 0.055623 -0.018163
v -0.058233 0.054623 -0.018163
v -0.058234 0.055623 -0.018162
v -0.060998 0.055623 -0.000540
v -0.060998 0.055623 -0.000539
v -0.060998 0.054623 -0.000540
v -0.058546 0.054623 0.017129
v -0.058546 0.055623 0.017129
v -0.051087 0.054623 0.033333
v -0.039260 0.054623 0.046687
v -0.051088 0.055623 0.033333
v -0.051087 0.055623 0.033334
v -0.058546 0.055623 0.017130
v -0.058545 0.075723 0.017130
v -0.055437 0.075723 0.025451
v -0.060442 0.075723 0.008232
v -0.060244 0.075923 0.008205
v -0.060998 0.075723 -0.000539
v -0.060224 0.075723 -0.009699
v -0.055255 0.075923 0.025368
v -0.048151 0.075923 0.037123
v -0.045491 0.075923 0.040338
v -0.043162 0.075923 0.033276
v -0.044642 0.075923 0.031262
v -0.034026 0.075923 0.042573
v -0.020654 0.075923 0.050435
v -0.034026 0.097496 0.042573
v -0.034270 0.097496 0.042377
v -0.021057 0.097496 0.050268
v -0.020654 0.097496 0.050435
v -0.020074 0.099000 0.050023
v -0.033422 0.099000 0.042287
v -0.005453 0.099000 0.053623
v -0.005719 0.097496 0.054199
v 0.009523 0.099000 0.053052
v 0.010196 0.097496 0.053538
v 0.023958 0.099000 0.048283
v 0.036887 0.099000 0.039301
v 0.024991 0.097496 0.048433
v 0.024590 0.097496 0.048637
v 0.037297 0.097496 0.039739
v 0.037297 0.075923 0.039739
v 0.046753 0.097496 0.028008
v 0.046982 0.097496 0.027621
v 0.046669 0.099000 0.026967
v 0.052343 0.099000 0.012863
v 0.052785 0.097496 0.013566
v 0.053861 0.099000 -0.002046
v 0.051193 0.099000 -0.016866
v 0.054453 0.097496 -0.002275
v 0.054457 0.097496 -0.002164
v 0.051641 0.097496 -0.017419
v 0.051501 0.097496 -0.017831
v 0.051641 0.075923 -0.017419
v 0.054457 0.075923 -0.002164
v 0.044642 0.075923 -0.031262
v 0.044642 0.097496 -0.031262
v 0.043162 0.075923 -0.033276
v 0.048151 0.075923 -0.037123
v 0.034026 0.075923 -0.042573
v 0.034026 0.097496 -0.042573
v 0.020654 0.075923 -0.050435
v 0.005608 0.075923 -0.054211
v 0.020654 0.097497 -0.050435
v 0.021057 0.097497 -0.050268
v 0.005719 0.097497 -0.054199
v 0.005453 0.099000 -0.053623
v 0.005608 0.097497 -0.054211
v -0.009892 0.097497 -0.053595
v -0.010196 0.097497 -0.053538
v -0.009892 0.075923 -0.053595
v -0.024591 0.075923 -0.048637
v -0.024590 0.097497 -0.048637
v -0.037297 0.075923 -0.039739
v -0.037297 0.097497 -0.039739
v -0.046982 0.075923 -0.027621
v -0.046982 0.097497 -0.027621
v -0.052861 0.075923 -0.013266
v -0.054457 0.075923 0.002164
v -0.052861 0.097497 -0.013266
v -0.054457 0.097497 0.002164
v -0.052785 0.097497 -0.013566
v -0.052343 0.099000 -0.012863
v -0.053861 0.099000 0.002046
v -0.046668 0.099000 -0.026967
v -0.036887 0.099000 -0.039301
v -0.046753 0.097497 -0.028008
v -0.023958 0.099000 -0.048283
v -0.009523 0.099000 -0.053052
v -0.024991 0.097497 -0.048433
v -0.054452 0.097497 0.002275
v -0.051193 0.099000 0.016866
v -0.044319 0.099000 0.030677
v -0.051501 0.097496 0.017831
v -0.051641 0.097497 0.017419
v -0.044642 0.097496 0.031262
v -0.044462 0.097496 0.031518
v -0.051641 0.075923 0.017419
v 0.020074 0.099000 -0.050022
v 0.033422 0.099000 -0.042287
v 0.044319 0.099000 -0.030677
v 0.034270 0.097496 -0.042377
v 0.044462 0.097496 -0.031518
v 0.045491 0.075923 -0.040338
v 0.055255 0.075923 -0.025368
v 0.055437 0.075723 -0.025451
v 0.060244 0.075923 -0.008205
v 0.060442 0.075723 -0.008232
v 0.060027 0.075923 0.009667
v 0.060224 0.075723 0.009699
v 0.054622 0.075923 0.026703
v 0.044497 0.075923 0.041432
v 0.054802 0.075723 0.026791
v 0.050290 0.075723 0.034525
v 0.058145 0.075723 0.018444
v 0.058145 0.055623 0.018444
v 0.060996 0.055623 0.000777
v 0.058144 0.055623 0.018445
v 0.058144 0.054623 0.018445
v 0.050289 0.055623 0.034524
v 0.050288 0.055623 0.034526
v 0.050289 0.054623 0.034526
v 0.038105 0.055623 0.047633
v 0.038104 0.055623 0.047634
v 0.038105 0.075723 0.047634
v 0.030628 0.075723 0.052753
v 0.044644 0.075723 0.041569
v 0.022641 0.075723 0.056642
v 0.030527 0.075923 0.052581
v 0.013919 0.075923 0.059185
v 0.013965 0.075723 0.059380
v -0.003892 0.075923 0.060675
v -0.003904 0.075723 0.060875
v -0.018004 0.075923 0.058073
v -0.018063 0.075723 0.058263
v -0.031796 0.075923 0.051823
v -0.031901 0.075723 0.051994
v -0.039259 0.075723 0.046687
v -0.024075 0.075723 0.056049
v -0.018827 0.075723 0.058024
v -0.024075 0.055623 0.056049
v -0.024075 0.054623 0.056048
v -0.039260 0.055623 0.046687
v -0.023613 0.054488 0.056244
v -0.023581 0.054623 0.054492
v -0.023120 0.054489 0.054690
v -0.037739 0.054623 0.045839
v -0.049511 0.054623 0.032773
v -0.037739 0.047623 0.045839
v -0.049511 0.047623 0.032773
v -0.056940 0.047623 0.016831
v -0.056940 0.054623 0.016831
v -0.059372 0.047623 -0.000587
v -0.059372 0.054623 -0.000587
v -0.056596 0.047623 -0.017954
v -0.048854 0.047623 -0.033745
v -0.056596 0.054623 -0.017954
v -0.048854 0.054623 -0.033745
v -0.036825 0.054623 -0.046576
v -0.021566 0.054623 -0.055320
v -0.036825 0.047623 -0.046576
v -0.021566 0.047623 -0.055320
v -0.004415 0.047623 -0.059211
v 0.012143 0.047623 -0.058121
v -0.004415 0.054623 -0.059211
v 0.012143 0.054623 -0.058121
v 0.012637 0.054623 -0.059677
v 0.012634 0.054489 -0.058016
v 0.013127 0.054488 -0.059571
v 0.012993 0.054123 -0.057937
v 0.013487 0.054124 -0.059490
v 0.013124 0.053623 -0.057907
v 0.013124 0.048623 -0.057907
v 0.013617 0.053623 -0.059461
v 0.013617 0.048623 -0.059461
v 0.013487 0.048122 -0.059490
v 0.013127 0.047758 -0.059571
v 0.012993 0.048123 -0.057937
v 0.012634 0.047757 -0.058016
v -0.022781 0.054123 0.054833
v -0.023273 0.054124 0.056386
v -0.022657 0.053623 0.054886
v -0.023149 0.053623 0.056437
v -0.022658 0.048623 0.054888
v -0.023149 0.048623 0.056437
v -0.022782 0.048123 0.054836
v -0.023120 0.047757 0.054691
v -0.023273 0.048122 0.056386
v -0.045641 0.075723 0.040471
v -0.051087 0.075723 0.033333
v -0.012636 0.075723 0.059675
v -0.018063 0.055623 0.058261
v -0.012636 0.055623 0.059674
v 0.005226 0.055623 0.060774
v -0.012637 0.054623 0.059677
v -0.012143 0.054623 0.058121
v -0.013127 0.054488 0.059571
v 0.005227 0.054623 0.060776
v 0.022640 0.054623 0.056643
v 0.038104 0.054623 0.047635
v 0.022639 0.055623 0.056642
v 0.005227 0.055623 0.060774
v 0.022640 0.055623 0.056641
v 0.005227 0.075723 0.060775
v -0.013487 0.054124 0.059490
v -0.012634 0.054489 0.058016
v -0.012993 0.054123 0.057937
v -0.013124 0.053623 0.057907
v -0.013124 0.048623 0.057907
v -0.013617 0.053623 0.059461
v -0.013617 0.048623 0.059461
v -0.013487 0.048122 0.059490
v -0.013127 0.047758 0.059571
v -0.012993 0.048123 0.057937
v -0.012634 0.047757 0.058016
v -0.012143 0.047623 0.058121
v 0.004414 0.047623 0.059211
v 0.021566 0.047623 0.055320
v 0.004414 0.054623 0.059211
v 0.021566 0.054623 0.055320
v 0.036825 0.054623 0.046576
v 0.048854 0.054623 0.033745
v 0.036825 0.047623 0.046576
v 0.048854 0.047623 0.033745
v 0.056596 0.047623 0.017954
v 0.059372 0.047623 0.000587
v 0.056596 0.054623 0.017954
v 0.059372 0.054623 0.000587
v 0.056940 0.054623 -0.016831
v 0.049512 0.054623 -0.032772
v 0.056940 0.047623 -0.016831
v 0.049512 0.047623 -0.032772
v 0.037740 0.047623 -0.045839
v 0.037740 0.054623 -0.045839
v 0.060995 0.054623 0.000777
v 0.058595 0.054623 -0.016959
v 0.051152 0.054623 -0.033234
v 0.058596 0.055623 -0.016959
v 0.060996 0.055623 0.000775
v 0.058596 0.055623 -0.016960
v 0.051153 0.055623 -0.033235
v 0.058595 0.075723 -0.016960
v 0.051152 0.055623 -0.033235
v 0.051151 0.075723 -0.033235
v 0.045641 0.075723 -0.040471
v 0.039304 0.075723 -0.046649
v 0.060996 0.075723 0.000775
v 0.031796 0.075923 -0.051823
v 0.052861 0.075923 0.013266
v 0.046982 0.075923 0.027621
v 0.052861 0.097496 0.013266
v 0.024591 0.075923 0.048637
v 0.009892 0.075923 0.053595
v 0.009892 0.097496 0.053595
v -0.005608 0.075923 0.054211
v -0.005608 0.097496 0.054211
v 0.003892 0.075923 -0.060675
v -0.013965 0.075723 -0.059380
v 0.058595 0.047623 -0.016959
v 0.060995 0.047623 0.000777
v 0.058596 0.047203 -0.016959
v 0.060600 0.047203 -0.006982
v 0.056180 0.047203 -0.023767
v 0.056209 0.034192 -0.023784
v 0.058080 0.034192 -0.018758
v 0.060634 0.034192 -0.006979
v 0.060995 0.047203 0.000776
v 0.060113 0.047203 0.010368
v 0.058145 0.047203 0.018445
v 0.060143 0.034192 0.010391
v 0.054754 0.047203 0.026889
v 0.058144 0.047623 0.018445
v 0.050289 0.047623 0.034526
v 0.038104 0.047623 0.047635
v 0.050289 0.047203 0.034526
v 0.044956 0.047203 0.041231
v 0.044986 0.034192 0.041248
v 0.054782 0.034192 0.026910
v 0.039282 0.014573 -0.047160
v 0.039290 0.014520 -0.047155
v 0.039289 0.014523 -0.047155
v 0.039294 0.014494 -0.047152
v 0.005010 -0.002969 -0.100963
v 0.010968 -0.003128 -0.084946
v 0.003616 -0.002901 -0.106354
v 0.001844 -0.009597 -0.106424
v -0.002435 -0.015019 -0.105770
v 0.009494 -0.009883 -0.083989
v -0.000873 -0.009176 -0.130869
v -0.005087 -0.014401 -0.130030
v 0.016535 -0.022227 -0.025749
v 0.014495 -0.022512 -0.024325
v -0.004330 -0.023781 -0.013690
v -0.016007 -0.023518 -0.009038
v -0.011192 -0.017359 -0.128811
v -0.061391 -0.004550 -0.000937
v -0.039881 0.000176 0.046984
v -0.039497 0.034192 0.046532
v -0.027250 0.000176 0.055276
v -0.024925 0.000176 0.056363
v -0.011117 0.000176 0.060617
v -0.024685 0.034192 0.055820
v -0.034975 0.034192 0.050019
v -0.007923 0.000176 0.061117
v -0.007847 0.034192 0.060528
v 0.005864 0.000176 0.061349
v 0.009729 0.000176 0.060856
v 0.009635 0.034192 0.060269
v 0.039617 -0.008997 0.045832
v -0.055029 -0.011897 -0.120025
v -0.054880 -0.012085 -0.120055
v -0.054842 -0.012132 -0.120063
v -0.054841 -0.012134 -0.120063
v -0.054841 -0.012134 -0.120063
v -0.054841 -0.012134 -0.120063
v -0.054841 -0.012134 -0.120063
v -0.054841 -0.012134 -0.120063
v -0.054841 -0.012134 -0.120063
v -0.054841 -0.012134 -0.120063
v -0.054841 -0.012134 -0.120063
v -0.054841 -0.012134 -0.120063
v -0.054841 -0.012134 -0.120063
v -0.054840 -0.012135 -0.120063
v -0.054839 -0.012136 -0.120064
v -0.054836 -0.012140 -0.120064
v -0.054824 -0.012155 -0.120067
v -0.054772 -0.012219 -0.120077
v -0.054643 -0.012374 -0.120103
v -0.054280 -0.012787 -0.120176
v -0.004781 0.014149 -0.187405
v -0.002114 0.015919 -0.240084
v -0.003671 0.015773 -0.254689
v -0.003751 0.015578 -0.254683
v -0.003667 0.015779 -0.254689
v -0.003515 0.015966 -0.254714
v -0.004897 0.015692 -0.258562
v -0.004827 0.015930 -0.258622
v -0.004810 0.015972 -0.258636
v -0.003381 0.016065 -0.254748
v -0.003286 0.016112 -0.254778
v -0.002015 0.016050 -0.239950
v -0.001968 0.016412 -0.239692
v -0.001299 0.016357 -0.241026
v -0.001166 0.016580 -0.240896
v -0.001380 0.016278 -0.241105
v -0.001099 0.016854 -0.240829
v -0.001619 0.016835 -0.240228
v -0.001093 0.016992 -0.240824
v -0.001107 0.017148 -0.240837
v -0.001701 0.017083 -0.240195
v -0.002148 0.016791 -0.239538
v -0.001826 0.017283 -0.240213
v -0.002206 0.017037 -0.239679
v -0.002297 0.016940 -0.239517
v -0.028553 0.013675 -0.287430
v -0.046932 0.016083 -0.318868
vn 0.0000 1.0000 -0.0000
vn -0.3579 -0.4797 -0.8011
vn -0.2080 -0.8601 -0.4657
vn -0.3958 -0.8602 -0.3217
vn -0.6809 -0.4797 -0.5534
vn 0.0423 -0.4797 -0.8764
vn 0.0246 -0.8601 -0.5095
vn -0.4075 0.0349 -0.9125
vn 0.0481 0.0349 -0.9982
vn -0.7756 0.0349 -0.6303
vn -0.6829 -0.4832 -0.5479
vn -0.7815 0.0319 -0.6231
vn -0.7756 0.0349 -0.6303
vn -0.3931 -0.8632 -0.3168
vn -0.4683 -0.8602 -0.2020
vn -0.6648 -0.6898 -0.2867
vn -0.8057 -0.4797 -0.3475
vn -0.8543 -0.3667 -0.3684
vn -0.9177 0.0349 -0.3957
vn -0.8588 0.0349 -0.5112
vn -0.7756 0.0349 -0.6303
vn -0.8590 0.0349 -0.5107
vn -0.9610 0.0349 -0.2744
vn -0.8949 0.0349 -0.4449
vn -0.9419 0.0349 -0.3341
vn -0.9607 0.0349 -0.2755
vn -0.9610 0.0349 -0.2743
vn -0.7649 0.5200 -0.3801
vn -0.6629 0.5200 -0.5387
vn -0.7756 0.0349 -0.6303
vn -0.6629 0.5200 -0.5387
vn -0.5909 0.0349 -0.8060
vn -0.4076 0.0349 -0.9125
vn -0.5050 0.5200 -0.6889
vn -0.3802 0.8718 -0.3089
vn -0.3802 0.8718 -0.3090
vn -0.1571 0.8718 -0.4640
vn -0.2739 0.5200 -0.8091
vn -0.3205 0.0349 -0.9466
vn -0.0486 0.5200 -0.8528
vn -0.0569 0.0349 -0.9978
vn 0.1143 0.8718 -0.4764
vn 0.1993 0.5200 -0.8306
vn 0.0482 0.0349 -0.9982
vn 0.2332 0.0349 -0.9718
vn 0.4936 0.0349 -0.8690
vn 0.4936 0.0349 -0.8690
vn 0.4218 0.5200 -0.7427
vn 0.7152 0.0349 -0.6981
vn 0.8327 0.0349 -0.5527
vn 0.8327 0.0349 -0.5527
vn 0.6112 0.5200 -0.5966
vn 0.3506 0.8718 -0.3422
vn 0.7573 0.5200 -0.3950
vn 0.8861 0.0349 -0.4622
vn 0.4790 0.8718 -0.1028
vn 0.8351 0.5200 -0.1792
vn -0.0000 1.0000 0.0000
vn 0.0000 1.0000 -0.0001
vn -0.0000 1.0000 0.0000
vn 0.0000 1.0000 -0.0000
vn 0.0000 1.0000 -0.0000
vn 0.0000 1.0000 -0.0000
vn 0.0000 1.0000 0.0000
vn 0.0000 1.0000 -0.0000
vn 0.0000 1.0000 -0.0000
vn -0.0000 1.0000 -0.0000
vn 0.4601 0.8718 0.1683
vn -0.0000 1.0000 -0.0000
vn 0.4601 0.8718 0.1683
vn 0.0000 1.0000 -0.0000
vn 0.0000 1.0000 0.0000
vn 0.0000 1.0000 0.0000
vn -0.0000 1.0000 -0.0000
vn -0.0000 1.0000 -0.0000
vn 0.0000 1.0000 -0.0000
vn 0.0000 1.0000 0.0000
vn -0.0000 1.0000 0.0000
vn 0.0000 1.0000 0.0000
vn 0.0000 1.0000 -0.0000
vn -0.0000 1.0000 -0.0000
vn -0.9096 0.0001 -0.4154
vn -0.5406 -0.0000 -0.8413
vn -0.5406 -0.0000 -0.8413
vn -0.6843 -0.0000 -0.7292
vn -0.9096 0.0000 -0.4154
vn 0.0001 -0.0000 -1.0000
vn 0.0000 -1.0000 0.0000
vn 0.0000 -1.0000 0.0000
vn 0.0000 -1.0000 0.0000
vn -0.0000 -1.0000 -0.0000
vn 0.0000 -1.0000 -0.0000
vn -0.0000 -1.0000 -0.0000
vn -0.0000 -1.0000 0.0000
vn 0.0000 -1.0000 -0.0000
vn 0.0000 -1.0000 0.0000
vn 0.0000 -1.0000 -0.0000
vn 0.0000 -1.0000 -0.0000
vn -0.0000 -1.0000 -0.0000
vn 0.0000 -1.0000 0.0000
vn 0.0000 -1.0000 0.0000
vn 0.0000 -1.0000 -0.0000
vn 0.0009 -1.0000 -0.0011
vn 0.0021 -1.0000 -0.0014
vn 0.0005 -1.0000 -0.0003
vn 0.0007 -1.0000 -0.0005
vn 0.0004 -1.0000 -0.0002
vn -0.0015 -1.0000 0.0009
vn 0.0005 -1.0000 -0.0005
vn 0.0006 -1.0000 -0.0002
vn 0.0017 -1.0000 -0.0010
vn 0.5406 -0.0000 -0.8413
vn 0.5406 -0.0000 -0.8413
vn 0.7291 -0.0000 -0.6844
vn 0.9096 -0.0000 -0.4154
vn 0.9096 -0.0001 -0.4154
vn 0.0000 -1.0000 0.0000
vn -0.0000 -1.0000 -0.0000
vn 0.0056 -1.0000 0.0045
vn -0.0000 -1.0000 -0.0000
vn -0.0000 -1.0000 -0.0000
vn -0.0000 -1.0000 -0.0000
vn 0.0000 -1.0000 -0.0000
vn 0.1296 -0.9878 -0.0868
vn 0.0379 -0.9967 -0.0723
vn 0.1564 -0.9813 -0.1126
vn 0.0218 -0.9997 -0.0147
vn 0.2525 -0.9507 -0.1801
vn 0.5037 -0.7661 -0.3993
vn 0.3518 -0.8937 -0.2783
vn 0.2664 -0.9441 -0.1942
vn 0.5822 -0.6408 -0.5003
vn 0.4534 -0.8035 -0.3857
vn 0.3298 -0.9045 -0.2703
vn 0.1009 -0.9817 -0.1614
vn 0.1667 -0.9561 -0.2411
vn 0.1424 -0.9667 -0.2125
vn 0.3680 -0.8673 -0.3352
vn 0.2344 -0.9194 -0.3159
vn 0.5057 -0.7306 -0.4589
vn 0.4104 -0.8194 -0.4002
vn 0.3024 -0.8706 -0.3881
vn 0.5363 -0.6693 -0.5143
vn 0.6061 -0.5702 -0.5545
vn 0.6129 -0.5260 -0.5897
vn 0.6138 -0.5162 -0.5973
vn 0.5572 -0.6193 -0.5532
vn 0.4626 -0.7544 -0.4658
vn 0.5503 -0.6303 -0.5477
vn 0.6781 -0.4018 -0.6154
vn 0.6691 -0.3812 -0.6380
vn 0.6426 -0.4516 -0.6189
vn 0.6320 -0.4766 -0.6111
vn 0.6798 -0.2508 -0.6892
vn 0.7142 -0.2128 -0.6669
vn 0.7380 -0.0187 -0.6745
vn 0.6972 0.0119 -0.7168
vn 0.6971 -0.0025 -0.7169
vn 0.6970 -0.0136 -0.7169
vn 0.6970 -0.0136 -0.7169
vn 0.7250 -0.2190 -0.6530
vn 0.6827 -0.4473 -0.5778
vn 0.7441 -0.2416 -0.6228
vn 0.7709 -0.0313 -0.6362
vn 0.7459 -0.0203 -0.6658
vn 0.9146 -0.0011 -0.4043
vn 0.9140 -0.0013 -0.4056
vn 0.7935 -0.0664 -0.6049
vn 0.8024 -0.1670 -0.5730
vn 0.9568 -0.0664 -0.2830
vn 0.9091 0.0136 -0.4164
vn 0.9082 0.0139 -0.4184
vn 0.7162 0.0313 -0.6972
vn 0.7076 0.0279 -0.7060
vn 0.6988 0.0208 -0.7150
vn 0.9957 0.0000 -0.0926
vn 0.9957 0.0100 -0.0925
vn 0.9956 0.0158 -0.0922
vn 0.9956 0.0190 -0.0920
vn 0.9956 0.0203 -0.0918
vn 0.9956 0.0196 -0.0917
vn 0.9957 0.0151 -0.0919
vn 0.9957 0.0102 -0.0922
vn 0.9957 0.0024 -0.0926
vn 0.9957 -0.0000 -0.0928
vn 0.9622 -0.2572 -0.0896
vn 0.7989 -0.2094 -0.5639
vn 0.7981 -0.2165 -0.5623
vn 0.7510 -0.3125 -0.5817
vn 0.6561 -0.5934 -0.4663
vn 0.3007 -0.9316 -0.2042
vn 0.7219 -0.4850 -0.4935
vn 0.7401 -0.4413 -0.5074
vn 0.7843 -0.2962 -0.5452
vn 0.6519 -0.5618 -0.5093
vn 0.4273 -0.8517 -0.3033
vn 0.0825 -0.9950 -0.0555
vn 0.5178 -0.7808 -0.3497
vn 0.5672 -0.7288 -0.3837
vn 0.2938 -0.9353 -0.1973
vn 0.3342 -0.9153 -0.2248
vn 0.1934 -0.9810 -0.0180
vn 0.3767 -0.9257 -0.0351
vn 0.4979 -0.8660 -0.0464
vn 0.4972 -0.8661 -0.0520
vn 0.4213 -0.8909 0.1696
vn 0.3548 -0.8675 0.3487
vn 0.2269 -0.9480 0.2231
vn 0.8496 -0.5193 0.0918
vn 0.7259 -0.6835 -0.0764
vn 0.3990 -0.9166 0.0268
vn 0.5124 -0.8580 0.0344
vn 0.5089 -0.8601 0.0342
vn 0.7505 -0.5877 0.3021
vn 0.7225 -0.6897 0.0486
vn 0.8800 -0.4712 0.0591
vn 0.8754 -0.4797 0.0589
vn 0.9162 -0.1565 0.3688
vn 0.9329 -0.3546 0.0627
vn 0.9971 0.0349 0.0671
vn 0.9975 0.0350 0.0606
vn 0.9966 0.0487 0.0669
vn 0.9578 0.1922 0.2139
vn 0.8822 0.3091 0.3552
vn 0.9967 0.0453 0.0666
vn 0.9967 0.0470 0.0669
vn 0.8949 0.3644 0.2576
vn 0.8511 0.3606 0.3816
vn 0.8427 0.3512 0.4080
vn 0.5632 0.5901 0.5785
vn 0.6592 0.6386 0.3970
vn 0.5579 0.5481 0.6231
vn 0.7115 0.4552 0.5354
vn 0.6098 0.5182 0.5997
vn 0.6956 0.2198 0.6840
vn 0.7127 0.0241 0.7010
vn 0.5803 0.5353 0.6137
vn 0.2816 0.6631 0.6935
vn 0.3528 0.6518 0.6714
vn 0.5023 0.5874 0.6345
vn 0.5334 0.5638 0.6305
vn 0.2700 0.7179 0.6416
vn 0.1196 0.7265 0.6767
vn 0.0473 0.7284 0.6835
vn 0.0188 0.7815 0.6236
vn -0.1985 0.8034 0.5614
vn -0.1929 0.7900 0.5820
vn -0.1568 0.7619 0.6285
vn -0.0886 0.7684 0.6338
vn 0.2251 0.7682 0.5993
vn 0.4656 0.6733 0.5743
vn -0.0274 0.8006 0.5985
vn -0.0003 0.8200 0.5724
vn -0.1788 0.8920 0.4152
vn -0.1365 0.8915 0.4319
vn -0.0714 0.9548 0.2886
vn 0.1028 0.9076 0.4070
vn 0.3617 0.8443 0.3953
vn 0.1113 0.9150 0.3878
vn 0.0029 0.9999 -0.0149
vn 0.0026 0.9999 -0.0151
vn 0.2229 0.9748 -0.0125
vn 0.2977 0.9546 -0.0109
vn 0.4775 0.8786 -0.0077
vn 0.3248 0.9457 -0.0107
vn 0.3154 0.9489 -0.0109
vn 0.2224 0.9749 -0.0125
vn 0.2222 0.9749 -0.0125
vn 0.0012 0.9999 -0.0150
vn -0.0002 0.9999 -0.0150
vn 0.2219 0.9750 -0.0126
vn 0.2216 0.9751 -0.0126
vn 0.6197 0.7849 -0.0053
vn 0.6220 0.7830 -0.0053
vn 0.3323 0.9431 -0.0106
vn 0.6572 0.7537 -0.0046
vn 0.6583 0.7528 -0.0046
vn 0.6589 0.7522 -0.0045
vn 0.9052 0.4249 0.0001
vn 0.8944 0.4473 -0.0005
vn 0.9045 0.4264 -0.0000
vn 0.9052 0.4249 0.0001
vn 0.8426 0.5386 -0.0011
vn 0.6979 0.7162 -0.0038
vn 0.6037 0.7113 0.3599
vn 0.7350 0.6004 0.3152
vn 0.7053 0.6059 0.3680
vn 0.5730 0.6151 0.5415
vn 0.9324 0.3324 0.1419
vn 0.9578 0.2810 -0.0602
vn 0.8860 0.3624 0.2892
vn 0.7902 0.4609 0.4038
vn 0.5127 0.6162 0.5978
vn 0.4930 0.6102 0.6202
vn 0.4972 0.5933 0.6331
vn 0.8309 0.1724 0.5291
vn 0.6834 0.4067 0.6062
vn 0.9158 -0.3008 0.2662
vn 0.9081 -0.0669 0.4134
vn 0.9534 0.2522 0.1654
vn 0.9940 0.0000 -0.1096
vn 0.9944 -0.0000 -0.1060
vn 0.8613 -0.4998 -0.0913
vn 0.8623 -0.5000 -0.0803
vn 0.9934 -0.0000 -0.1143
vn 0.9922 -0.0000 -0.1248
vn 0.9940 0.0001 -0.1097
vn 0.9324 0.3614 0.0006
vn 0.9761 0.2105 -0.0546
vn 0.9916 0.0044 -0.1292
vn 0.9931 0.0745 -0.0901
vn 0.9939 0.0078 -0.1096
vn 0.9915 0.0058 -0.1302
vn 0.9939 0.0138 -0.1096
vn 0.9913 0.0089 -0.1314
vn 0.9913 0.0102 -0.1313
vn 0.9963 0.0836 0.0173
vn 0.9991 -0.0388 0.0161
vn 0.9997 0.0106 0.0240
vn 0.9967 0.0797 0.0154
vn 0.9976 0.0693 0.0052
vn 0.9994 0.0347 0.0018
vn 0.9994 0.0347 0.0017
vn 0.9993 0.0374 0.0022
vn 1.0000 0.0030 0.0017
vn 0.9719 0.2355 0.0013
vn 0.9994 -0.0339 0.0017
vn 0.9994 -0.0336 0.0017
vn 0.9995 -0.0319 0.0017
vn 0.9993 0.0374 0.0017
vn 0.9993 0.0374 0.0017
vn 0.8941 0.4479 -0.0002
vn 0.6163 0.7875 -0.0071
vn 0.8214 0.5703 -0.0037
vn 0.8937 0.4486 -0.0022
vn 0.9629 0.2699 -0.0006
vn 0.9993 0.0373 0.0018
vn 0.8087 0.5677 -0.1538
vn 0.9672 0.2233 -0.1208
vn 0.9937 0.0313 -0.1080
vn 0.9614 -0.0096 -0.2750
vn 0.9741 -0.0142 -0.2258
vn 0.9994 -0.0358 0.0017
vn 0.9765 0.0272 -0.2137
vn 0.9628 0.0260 -0.2688
vn 0.9614 0.0259 -0.2738
vn 0.9617 0.0245 -0.2731
vn 0.8970 -0.4421 -0.0021
vn 0.8984 -0.4392 -0.0011
vn 0.9503 -0.3112 0.0003
vn 0.9501 -0.3119 0.0003
vn 0.9000 -0.4359 -0.0011
vn 0.8952 -0.4456 -0.0021
vn 0.6220 -0.7829 -0.0089
vn 0.6215 -0.7834 -0.0089
vn 0.6283 -0.7779 -0.0080
vn 0.6348 -0.7727 -0.0078
vn 0.2228 -0.9747 -0.0178
vn 0.2344 -0.9720 -0.0174
vn 0.2381 -0.9711 -0.0173
vn 0.2454 -0.9693 -0.0171
vn 0.2526 -0.9674 -0.0169
vn 0.2561 -0.9665 -0.0168
vn 0.2662 -0.9638 -0.0165
vn 0.5102 -0.8600 -0.0108
vn 0.6424 -0.7664 -0.0076
vn 0.7163 -0.6978 -0.0058
vn 0.8499 -0.5269 -0.0024
vn 0.9015 -0.4328 -0.0010
vn 0.3904 -0.8317 0.3949
vn 0.6232 -0.6966 0.3555
vn 0.1469 -0.9078 0.3929
vn 0.0045 -0.9998 -0.0175
vn 0.0031 -0.9998 -0.0175
vn 0.1383 -0.9012 0.4108
vn 0.0043 -0.9998 -0.0176
vn -0.0666 -0.9567 0.2834
vn 0.2414 -0.7584 0.6054
vn 0.0201 -0.8111 0.5846
vn -0.0100 -0.7913 0.6113
vn -0.1291 -0.8946 0.4277
vn -0.2578 -0.9660 -0.0204
vn -0.2936 -0.9198 0.2603
vn -0.2967 -0.8879 0.3516
vn -0.2936 -0.8648 0.4073
vn -0.6755 -0.7371 -0.0201
vn -0.6768 -0.7359 -0.0200
vn -0.6763 -0.6844 0.2723
vn -0.2489 -0.9683 -0.0204
vn -0.6719 -0.7404 -0.0201
vn -0.2409 -0.9703 -0.0205
vn -0.6685 -0.7434 -0.0201
vn 0.0015 -0.9998 -0.0176
vn -0.0000 -0.9998 -0.0178
vn -0.2335 -0.9721 -0.0205
vn -0.0016 -0.9998 -0.0176
vn -0.2265 -0.9738 -0.0205
vn -0.2335 -0.9721 -0.0205
vn 0.0052 -0.9998 -0.0176
vn -0.0011 -0.9996 -0.0279
vn -0.2121 -0.9770 -0.0217
vn -0.2122 -0.9770 -0.0217
vn -0.6512 -0.7586 -0.0215
vn -0.6595 -0.7514 -0.0202
vn -0.6649 -0.7467 -0.0202
vn -0.6655 -0.7461 -0.0202
vn -0.7419 -0.6702 -0.0201
vn -0.7657 -0.6429 -0.0200
vn -0.7742 -0.6326 -0.0200
vn -0.7777 -0.6283 -0.0200
vn -0.7785 -0.6274 -0.0200
vn -0.7787 -0.6271 -0.0200
vn -0.7787 -0.6270 -0.0200
vn -0.8242 -0.5660 -0.0200
vn -0.8242 -0.5660 -0.0200
vn -0.8242 -0.5660 -0.0200
vn -0.8242 -0.5660 -0.0200
vn -0.8242 -0.5660 -0.0200
vn -0.7788 -0.6270 -0.0199
vn -0.7788 -0.6269 -0.0200
vn -0.7814 -0.6237 -0.0200
vn -0.7911 -0.6114 -0.0199
vn -0.9353 -0.3534 -0.0196
vn -0.9368 -0.3494 -0.0195
vn -0.9373 -0.3481 -0.0195
vn -0.9992 0.0342 -0.0192
vn -0.9992 0.0342 -0.0192
vn -0.9992 0.0342 -0.0192
vn -0.9992 0.0342 -0.0192
vn -0.9992 0.0342 -0.0192
vn -0.9992 0.0342 -0.0192
vn -0.9992 0.0342 -0.0192
vn -0.9992 0.0345 -0.0192
vn -0.9992 0.0345 -0.0192
vn -0.9992 0.0342 -0.0192
vn -0.9995 0.0246 -0.0192
vn -0.9337 -0.3575 -0.0210
vn -0.9995 0.0251 -0.0201
vn -0.9986 0.0486 -0.0205
vn -0.9995 0.0246 -0.0192
vn -0.9336 -0.3578 -0.0210
vn -0.9328 -0.3594 -0.0250
vn -0.9995 0.0210 -0.0236
vn -0.9992 0.0325 -0.0248
vn -0.9995 0.0210 -0.0236
vn -0.9328 -0.3594 -0.0259
vn -0.9333 -0.3575 -0.0324
vn -0.9994 0.0190 -0.0285
vn -0.9996 -0.0141 -0.0242
vn -0.9994 0.0259 -0.0247
vn -0.9994 0.0190 -0.0285
vn -0.9337 -0.3563 -0.0346
vn -0.9367 -0.3480 -0.0395
vn -0.9993 0.0178 -0.0333
vn -0.9993 0.0178 -0.0338
vn -0.9994 0.0189 -0.0299
vn -0.9994 0.0190 -0.0297
vn -0.9372 -0.3473 -0.0331
vn -0.9931 -0.1163 -0.0146
vn -0.9998 0.0175 0.0064
vn -0.9998 0.0175 0.0059
vn -0.9975 0.0479 -0.0516
vn -0.9975 0.0478 -0.0515
vn -0.9977 -0.0647 -0.0206
vn -0.9976 -0.0659 -0.0219
vn -1.0000 -0.0034 -0.0046
vn -0.9837 0.1726 -0.0495
vn -0.9934 0.1149 -0.0065
vn -0.9998 0.0175 0.0053
vn -0.9576 0.0027 0.2880
vn -0.9974 0.0027 0.0718
vn -1.0000 0.0027 0.0046
vn -0.9601 0.0174 0.2792
vn -0.9575 0.0175 0.2879
vn -0.9856 0.0027 -0.1691
vn -0.9852 0.0174 -0.1703
vn -0.9669 0.2218 -0.1263
vn -0.9749 0.0027 -0.2227
vn -0.9974 0.0027 0.0717
vn -1.0000 0.0027 -0.0088
vn -0.9749 0.0027 -0.2225
vn -0.9264 0.0174 -0.3761
vn -0.9409 0.0174 -0.3382
vn -0.9265 0.0027 -0.3762
vn -0.7763 0.5796 -0.2479
vn -0.9231 0.3718 -0.0982
vn -0.9689 0.2457 -0.0282
vn -0.8990 0.3125 -0.3068
vn -0.8433 0.5098 -0.1699
vn -0.9680 0.2301 -0.1001
vn -0.9688 0.2270 -0.0992
vn -0.5384 0.8094 -0.2344
vn -0.8370 0.5193 -0.1722
vn -0.8071 0.5659 -0.1685
vn -0.8696 0.4709 -0.1488
vn -0.9613 0.2565 -0.1009
vn -0.4841 0.8470 -0.2199
vn -0.4980 0.8392 -0.2186
vn -0.4943 0.8557 -0.1533
vn -0.8327 0.5410 -0.1179
vn -0.4804 0.8493 -0.2189
vn -0.2080 0.9647 -0.1613
vn -0.2043 0.9658 -0.1597
vn -0.2198 0.9623 -0.1602
vn -0.2494 0.9558 -0.1557
vn -0.2576 0.9542 -0.1520
vn -0.4701 0.8786 -0.0839
vn -0.2702 0.9541 -0.1293
vn -0.2570 0.9618 -0.0946
vn -0.8143 0.5779 -0.0533
vn -0.9754 0.2115 -0.0619
vn -0.9713 0.2362 -0.0276
vn -0.9898 0.1244 -0.0687
vn -0.9967 0.0778 -0.0218
vn -0.9980 -0.0605 -0.0206
vn -0.9969 0.0593 -0.0521
vn -0.8309 0.5561 -0.0193
vn -0.8944 0.4468 -0.0184
vn -0.9821 0.1871 -0.0232
vn -0.8942 0.4472 -0.0187
vn -0.6203 0.7841 -0.0176
vn -0.6194 0.7849 -0.0183
vn -0.5410 0.8408 -0.0178
vn -0.2263 0.9739 -0.0159
vn -0.2242 0.9744 -0.0159
vn -0.2497 0.9650 -0.0800
vn -0.0016 0.9999 -0.0151
vn -0.1417 0.9898 -0.0158
vn -0.0563 0.9983 -0.0155
vn -0.0030 0.9999 -0.0151
vn -0.1657 0.9833 -0.0755
vn -0.1962 0.9730 -0.1214
vn -0.0761 0.9946 -0.0704
vn -0.0954 0.9893 -0.1104
vn -0.2166 0.9645 -0.1510
vn -0.1042 0.9853 -0.1350
vn -0.1155 0.9825 -0.1460
vn -0.1031 0.9841 -0.1446
vn -0.4205 0.8365 -0.3513
vn -0.4895 0.7677 -0.4135
vn -0.3583 0.8001 -0.4812
vn -0.6402 0.6960 -0.3252
vn -0.5993 0.6140 -0.5137
vn -0.7645 0.4939 -0.4142
vn -0.6810 0.4339 -0.5898
vn -0.5271 0.4562 -0.7169
vn -0.7134 0.3252 -0.6208
vn -0.8397 0.2602 -0.4766
vn -0.8612 0.0175 -0.5079
vn -0.8244 0.0174 -0.5657
vn -0.7506 0.0175 -0.6605
vn -0.8674 0.0026 -0.4977
vn -0.8246 0.0027 -0.5658
vn -0.6844 0.0027 -0.7291
vn -0.6842 0.0175 -0.7291
vn -0.5893 0.0175 -0.8077
vn -0.4495 0.0174 -0.8931
vn -0.4678 0.0027 -0.8838
vn -0.4495 0.0027 -0.8933
vn -0.8675 0.0026 -0.4974
vn -0.8277 0.0026 -0.5612
vn -0.6843 0.0027 -0.7292
vn -0.6299 0.0027 -0.7766
vn -0.4679 0.0027 -0.8838
vn -0.2181 0.0027 -0.9759
vn -0.3783 0.0027 -0.9257
vn -0.2183 0.0027 -0.9759
vn -0.1779 0.0027 -0.9840
vn -0.1779 0.0175 -0.9839
vn -0.1920 0.0175 -0.9812
vn -0.4000 0.0174 -0.9164
vn -0.3552 0.4645 -0.8112
vn -0.1834 0.2890 -0.9396
vn -0.1692 0.4650 -0.8690
vn -0.2354 0.8116 -0.5347
vn -0.1409 0.6732 -0.7259
vn -0.1107 0.8123 -0.5726
vn -0.0456 0.2832 -0.9580
vn -0.0269 0.6604 -0.7504
vn -0.0528 0.0182 -0.9984
vn 0.0931 0.6140 -0.7838
vn 0.0942 0.2626 -0.9603
vn 0.0875 0.0178 -0.9960
vn 0.1084 0.0180 -0.9939
vn 0.0468 0.0027 -0.9989
vn 0.1084 0.0027 -0.9941
vn -0.0944 0.0027 -0.9955
vn 0.0491 0.0027 -0.9988
vn 0.1977 -0.0000 -0.9803
vn 0.2961 -0.0000 -0.9552
vn 0.3086 0.0027 -0.9512
vn -0.0944 0.0000 -0.9955
vn 0.1977 0.0000 -0.9803
vn 0.2961 0.0000 -0.9552
vn 0.2961 -0.0000 -0.9552
vn 0.2072 0.0000 -0.9783
vn 0.2152 0.0000 -0.9766
vn 0.2211 0.0000 -0.9753
vn 0.2232 -0.0000 -0.9748
vn 0.2232 -0.0000 -0.9748
vn 0.2211 0.0000 -0.9753
vn 0.2152 0.0000 -0.9766
vn 0.2071 -0.0000 -0.9783
vn 0.1977 -0.0000 -0.9803
vn 0.1977 -0.0000 -0.9803
vn 0.0000 1.0000 0.0000
vn -0.0000 1.0000 0.0000
vn 0.0000 1.0000 -0.0000
vn 0.0000 1.0000 0.0000
vn 0.0000 1.0000 0.0000
vn -0.3783 -0.0000 -0.9257
vn -0.6300 0.0000 -0.7766
vn -0.8277 0.0000 -0.5612
vn -0.9546 0.0000 -0.2978
vn -0.9547 0.0026 -0.2977
vn -1.0000 -0.0000 -0.0088
vn -0.9598 0.0000 0.2808
vn -0.9598 0.0027 0.2808
vn -0.8375 0.0000 0.5465
vn -0.9330 0.0027 0.3599
vn -0.8375 0.0027 0.5464
vn -0.9330 0.0027 0.3598
vn -0.8367 0.0027 0.5477
vn -0.7874 0.0027 0.6165
vn -0.7871 0.0027 0.6168
vn -0.6436 -0.0000 0.7654
vn -0.6436 0.0027 0.7653
vn -0.6471 0.0027 0.7624
vn -0.5730 0.0027 0.8195
vn -0.5728 0.0027 0.8197
vn -0.3947 0.0026 0.9188
vn -0.3947 0.0000 0.9188
vn -0.4766 0.8660 -0.1512
vn -0.4766 0.8660 -0.1512
vn -0.2961 0.0000 0.9551
vn -0.2961 0.0000 0.9552
vn -0.3947 0.0000 0.9188
vn -0.3947 0.0000 0.9188
vn -0.3871 -0.0000 0.9220
vn -0.3815 0.0000 0.9244
vn -0.3795 0.0000 0.9252
vn -0.3795 0.0000 0.9252
vn -0.3815 -0.0000 0.9244
vn -0.3871 0.0000 0.9220
vn -0.4044 0.0027 0.9146
vn -0.3086 0.0027 0.9512
vn -0.0282 -0.0000 0.9996
vn -0.2071 0.0000 0.9783
vn -0.1286 0.0027 0.9917
vn -0.0281 0.0026 0.9996
vn -0.2961 0.0000 0.9552
vn -0.2072 0.0000 0.9783
vn -0.2152 0.0000 0.9766
vn -0.2211 0.0000 0.9753
vn -0.2232 -0.0000 0.9748
vn -0.2232 0.0000 0.9748
vn -0.2211 0.0000 0.9752
vn -0.2152 0.0000 0.9766
vn -0.2072 0.0000 0.9783
vn -0.2072 0.0000 0.9783
vn 0.0857 -0.0000 0.9963
vn 0.0857 0.0000 0.9963
vn 0.1578 0.0027 0.9875
vn 0.2545 0.0027 0.9671
vn 0.2547 -0.0000 0.9670
vn 0.3711 -0.0000 0.9286
vn 0.3711 0.0000 0.9286
vn 0.4313 0.0027 0.9022
vn 0.5167 0.0026 0.8562
vn 0.5168 -0.0000 0.8561
vn 0.6247 -0.0000 0.7809
vn 0.6247 -0.0000 0.7809
vn 0.6694 0.0027 0.7429
vn 0.7371 0.0027 0.6758
vn 0.7370 0.0000 0.6759
vn 0.4313 0.0174 0.9020
vn 0.6041 0.0174 0.7968
vn 0.6693 0.0175 0.7428
vn 0.1578 0.0175 0.9873
vn 0.3634 0.0174 0.9315
vn 0.3519 -0.1037 0.9303
vn 0.5942 -0.0956 0.7986
vn 0.7988 0.0174 0.6014
vn 0.7913 -0.0874 0.6052
vn 0.3229 -0.3462 0.8809
vn 0.3815 -0.3461 0.8571
vn 0.5535 -0.3457 0.7577
vn 0.6116 -0.3455 0.7117
vn 0.7413 -0.3451 0.5757
vn 0.9327 0.0174 0.3603
vn 0.8524 0.0174 0.5225
vn 0.7903 -0.3449 0.5065
vn 0.8715 -0.3446 0.3489
vn 0.8526 0.0026 0.5226
vn 0.9656 0.0174 0.2594
vn 0.9657 0.0027 0.2595
vn 0.8976 0.0027 0.4409
vn 0.9956 0.0175 0.0917
vn 0.9025 -0.3444 0.2586
vn 0.9341 -0.3442 0.0950
vn 0.9995 0.0175 -0.0249
vn 0.9997 0.0027 -0.0250
vn 0.9854 0.0027 0.1702
vn 0.9828 0.0175 -0.1838
vn 0.9389 -0.3440 -0.0111
vn 0.9242 -0.3438 -0.1664
vn 0.9515 0.0174 -0.3073
vn 0.9516 0.0027 -0.3074
vn 0.9934 0.0027 -0.1143
vn 0.8964 -0.3438 -0.2799
vn 0.8425 -0.3437 -0.4149
vn 0.8952 0.0174 -0.4454
vn 0.6540 -0.7564 -0.0084
vn 0.6244 -0.7563 -0.1954
vn 0.6287 -0.7567 0.1792
vn 0.2047 -0.9788 -0.0036
vn 0.2014 -0.9788 -0.0378
vn 0.1955 -0.9788 -0.0617
vn 0.1968 -0.9789 0.0548
vn 0.5506 -0.7571 0.3517
vn 0.1725 -0.9790 0.1085
vn 0.1864 -0.9789 0.0832
vn 0.4263 -0.7574 0.4945
vn 0.1339 -0.9791 0.1529
vn 0.0696 -0.9941 0.0830
vn 0.0841 -0.9793 0.1844
vn 0.0683 -0.9793 0.1906
vn 0.0700 -0.9968 -0.0380
vn -0.0666 -0.9943 0.0827
vn -0.0666 -0.9971 -0.0381
vn -0.0659 -0.9971 -0.0383
vn 0.0273 -0.9794 0.2003
vn -0.0316 -0.9794 0.1992
vn -0.0658 -0.9795 0.1904
vn 0.2663 -0.7579 0.5956
vn 0.0839 -0.7582 0.6466
vn 0.1195 -0.3466 0.9304
vn 0.0672 -0.3467 0.9356
vn 0.0829 -0.1111 0.9903
vn -0.1053 -0.7586 0.6430
vn -0.1526 -0.3470 0.9254
vn -0.1936 -0.3471 0.9176
vn -0.1919 -0.1171 0.9744
vn -0.2856 -0.7588 0.5854
vn -0.4118 -0.3474 0.8425
vn -0.4393 -0.3474 0.8285
vn -0.4518 -0.1215 0.8838
vn -0.4418 -0.7589 0.4784
vn -0.6363 -0.3475 0.6887
vn -0.6509 -0.3475 0.6750
vn -0.6768 -0.1237 0.7257
vn -0.5607 -0.7589 0.3311
vn -0.8073 -0.3475 0.4770
vn -0.8119 -0.3475 0.4691
vn -0.8500 -0.1236 0.5120
vn -0.6702 0.0174 0.7420
vn -0.8366 0.0174 0.5476
vn -0.8474 0.0175 0.5307
vn -0.4421 0.0174 0.8968
vn -0.6470 0.0174 0.7623
vn -0.9099 -0.3474 0.2268
vn -0.9582 -0.1212 0.2590
vn -0.6324 -0.7588 0.1559
vn -0.9103 -0.3474 0.2251
vn -0.6577 -0.7528 -0.0253
vn -0.6521 -0.7577 -0.0252
vn -0.1956 -0.9795 0.0476
vn -0.1834 -0.9796 0.0825
vn -0.1733 -0.9796 0.1021
vn -0.2313 -0.9728 -0.0126
vn -0.1076 -0.9939 -0.0259
vn -0.0877 -0.9795 0.1812
vn -0.1362 -0.9796 0.1479
vn -0.6508 -0.7586 -0.0308
vn -0.1950 -0.9807 -0.0167
vn -0.0997 -0.9947 -0.0246
vn -0.1950 -0.9807 -0.0167
vn -0.0131 -0.9988 -0.0466
vn -0.0172 -0.9982 -0.0577
vn -0.0979 -0.9949 -0.0226
vn -0.0082 -0.9993 -0.0370
vn -0.1985 -0.9799 -0.0204
vn -0.6492 -0.7602 -0.0244
vn -0.1985 -0.9799 -0.0204
vn 0.1839 -0.9807 -0.0663
vn 0.1833 -0.9808 -0.0667
vn 0.0747 -0.9953 -0.0608
vn 0.1549 -0.9835 -0.0933
vn 0.6013 -0.7836 -0.1563
vn 0.5777 -0.7656 -0.2831
vn 0.1549 -0.9835 -0.0934
vn 0.0668 -0.9947 -0.0787
vn 0.1360 -0.9840 -0.1154
vn 0.5041 -0.7694 -0.3923
vn 0.1356 -0.9840 -0.1158
vn 0.1303 -0.9787 -0.1584
vn 0.0697 -0.9917 -0.1080
vn 0.0612 -0.9929 -0.1020
vn 0.3936 -0.7902 -0.4698
vn 0.7102 -0.4432 -0.5471
vn 0.8182 -0.4281 -0.3837
vn 0.5766 -0.4459 -0.6846
vn 0.4205 -0.7562 -0.5013
vn 0.5424 -0.7562 -0.3660
vn 0.1700 -0.9787 -0.1148
vn 0.6050 -0.3437 -0.7182
vn 0.7386 -0.3436 -0.5800
vn 0.7785 -0.3437 -0.5252
vn 0.7864 0.0174 -0.6175
vn 0.8253 0.0174 -0.5644
vn 0.8254 0.0027 -0.5645
vn 0.9209 0.0027 -0.3897
vn 0.6441 0.0174 -0.7648
vn 0.6433 0.0170 -0.7654
vn 0.6446 0.0186 -0.7643
vn 0.6447 0.0186 -0.7642
vn 0.6399 0.0175 -0.7682
vn 0.6314 0.0175 -0.7752
vn 0.6315 0.0027 -0.7754
vn 0.7740 0.0027 -0.6332
vn 0.6444 -0.0154 -0.7645
vn 0.7819 0.0197 -0.6231
vn 0.7819 0.0197 -0.6231
vn 0.7815 0.0260 -0.6234
vn 0.7817 0.0194 -0.6234
vn 0.7760 0.0191 -0.6305
vn 0.7249 0.0174 -0.6886
vn 0.7069 0.0162 -0.7071
vn 0.8007 0.0231 -0.5986
vn 0.8892 0.0219 -0.4570
vn 0.8893 0.0091 -0.4573
vn 0.8892 0.0218 -0.4570
vn 0.8889 0.0230 -0.4576
vn 0.8593 0.0230 -0.5109
vn 0.8570 0.0231 -0.5148
vn 0.7971 0.0200 -0.6035
vn 0.9072 0.0052 -0.4206
vn 0.9484 0.0252 -0.3162
vn 0.9095 0.0238 -0.4151
vn 0.8910 0.1697 -0.4212
vn 0.7856 0.3491 -0.5108
vn 0.9461 0.0614 -0.3181
vn 0.9436 0.2439 -0.2238
vn 0.8890 0.3218 -0.3258
vn 0.7798 0.5828 -0.2286
vn 0.6996 0.6450 -0.3075
vn 0.4834 0.8525 -0.1990
vn 0.5482 0.8257 -0.1331
vn 0.4071 0.8787 -0.2493
vn 0.3071 0.9171 -0.2542
vn 0.5695 0.7475 -0.3419
vn 0.7902 0.4591 -0.4060
vn 0.0825 0.9792 -0.1852
vn 0.3925 0.8564 -0.3354
vn 0.1259 0.9731 -0.1931
vn 0.6155 0.6498 -0.4460
vn 0.1866 0.9059 -0.3802
vn 0.3548 0.7853 -0.5073
vn 0.5691 0.5458 -0.6150
vn 0.6985 0.3278 -0.6361
vn 0.7707 0.1468 -0.6200
vn 0.1236 0.9032 -0.4111
vn 0.1628 0.8620 -0.4800
vn 0.3077 0.6622 -0.6833
vn 0.3315 0.6264 -0.7055
vn 0.5100 0.4269 -0.7467
vn 0.4221 0.5280 -0.7369
vn 0.5518 0.3350 -0.7638
vn 0.4891 0.4399 -0.7532
vn 0.3288 0.5674 -0.7549
vn 0.3551 0.3730 -0.8572
vn 0.5287 0.1839 -0.8287
vn 0.6368 0.2376 -0.7335
vn 0.5830 0.2717 -0.7657
vn 0.7160 0.0595 -0.6956
vn 0.6421 0.0994 -0.7602
vn 0.6440 0.0902 -0.7597
vn 0.6484 0.0311 -0.7607
vn 0.6418 0.0187 -0.7667
vn 0.6423 0.0181 -0.7663
vn 0.6447 0.0187 -0.7642
vn 0.6183 0.0549 -0.7840
vn 0.4880 0.0176 -0.8726
vn 0.5894 0.0175 -0.8076
vn 0.3600 0.0153 -0.9328
vn 0.3857 0.0177 -0.9224
vn 0.3640 0.1608 -0.9174
vn 0.3858 0.0027 -0.9226
vn 0.5643 0.0026 -0.8256
vn 0.2261 0.0174 -0.9739
vn 0.2322 0.2214 -0.9471
vn 0.2221 0.5184 -0.8258
vn 0.1890 0.7618 -0.6196
vn 0.0776 0.8701 -0.4868
vn 0.0643 0.9533 -0.2950
vn 0.0248 0.9788 -0.2032
vn 0.0198 0.9782 -0.2066
vn 0.0093 0.9820 -0.1887
vn -0.0035 0.9143 -0.4049
vn -0.0273 0.9878 -0.1535
vn -0.0283 0.9878 -0.1532
vn -0.0095 0.9878 -0.1557
vn 0.0213 0.9875 -0.1564
vn -0.0076 0.9878 -0.1558
vn 0.0193 0.9913 -0.1299
vn -0.0183 0.9930 -0.1163
vn -0.0429 0.9881 -0.1477
vn 0.0608 0.9864 -0.1526
vn 0.0575 0.9861 -0.1561
vn 0.1838 0.9643 -0.1905
vn 0.0728 0.9852 -0.1553
vn 0.0659 0.9856 -0.1557
vn 0.0964 0.9902 -0.1009
vn 0.1439 0.9798 -0.1388
vn 0.1621 0.9786 -0.1271
vn 0.2379 0.9584 -0.1574
vn 0.2763 0.9570 -0.0881
vn 0.1979 0.9768 -0.0816
vn 0.5953 0.8035 -0.0075
vn 0.2972 0.9547 -0.0117
vn 0.2209 0.9752 -0.0126
vn 0.1260 0.9919 -0.0139
vn 0.0327 0.9994 -0.0149
vn 0.2214 0.9751 -0.0126
vn -0.2222 0.9749 -0.0159
vn -0.2201 0.9753 -0.0158
vn -0.6214 0.7833 -0.0176
vn -0.6227 0.7823 -0.0176
vn -0.8942 0.4473 -0.0187
vn -0.8941 0.4474 -0.0186
vn -0.6240 0.7812 -0.0175
vn -0.8741 0.4855 -0.0186
vn -0.8942 0.4473 -0.0187
vn -0.9993 0.0294 -0.0218
vn -0.9993 0.0299 -0.0215
vn -0.8707 0.4596 0.1752
vn -0.6054 0.7958 -0.0174
vn -0.6111 0.7362 0.2909
vn -0.2181 0.9758 -0.0158
vn -0.2570 0.9306 0.2605
vn -0.2644 0.8988 0.3496
vn -0.2660 0.8747 0.4050
vn -0.2562 0.8571 0.4469
vn -0.5911 0.7129 0.3773
vn -0.8716 0.4365 0.2233
vn -0.2248 0.8833 0.4113
vn -0.1941 0.9133 0.3580
vn -0.5659 0.7682 0.2995
vn -0.8710 0.4623 0.1662
vn -0.4483 0.8939 -0.0086
vn -0.4896 0.8719 -0.0094
vn -0.8126 0.5827 -0.0156
vn -0.1481 0.9504 0.2736
vn -0.9992 -0.0091 -0.0393
vn -0.9993 0.0050 -0.0375
vn -0.9699 0.2340 0.0679
vn -0.8536 0.5206 -0.0165
vn -0.9456 0.3249 -0.0175
vn -0.4898 0.8718 -0.0094
vn -0.8540 0.5200 -0.0164
vn -0.9992 0.0349 -0.0192
vn -0.9992 0.0349 -0.0192
vn -0.8297 0.5199 -0.2032
vn -0.9707 0.0349 -0.2378
vn -0.4758 0.8718 -0.1166
vn -0.4387 0.8718 -0.2181
vn 0.7558 0.0000 0.6549
vn 0.2817 0.0001 0.9595
vn 0.2817 0.0000 0.9595
vn 0.6844 -0.0000 0.7291
vn 0.7558 0.0001 0.6549
vn 0.9898 0.0000 0.1424
vn -0.2818 -0.0003 0.9595
vn -0.2818 -0.0002 0.9595
vn -0.7291 -0.0000 0.6844
vn -0.7557 -0.0001 0.6549
vn -0.7557 0.0000 0.6549
vn -0.9898 0.0000 0.1424
vn 0.2519 -0.8601 -0.4435
vn 0.4250 -0.8601 -0.2821
vn 0.5065 -0.8602 -0.0598
vn 0.7310 -0.4797 -0.4852
vn 0.4333 -0.4797 -0.7630
vn 0.8714 -0.4797 -0.1032
vn 0.8239 -0.4794 0.3022
vn 0.8216 -0.4844 0.3006
vn 0.4787 -0.8603 0.1751
vn 0.4770 -0.8614 0.1745
vn 0.8213 -0.4850 0.3004
vn 0.4792 -0.8599 0.1761
vn 0.4764 -0.8618 0.1742
vn 0.4934 -0.8602 0.1292
vn 0.8488 -0.4797 0.2223
vn 0.8242 -0.4795 0.3014
vn 0.9388 0.0262 0.3434
vn 0.9388 0.0262 0.3434
vn 0.9386 0.0349 0.3433
vn 0.9668 0.0349 0.2531
vn 0.9386 0.0349 0.3432
vn 0.9386 0.0349 0.3433
vn 0.9386 0.0349 0.3433
vn 0.9386 0.0349 0.3433
vn 0.9386 0.0349 0.3433
vn 0.9386 0.0349 0.3433
vn 0.9386 0.0349 0.3433
vn 0.9668 0.0349 0.2532
vn 0.9386 0.0349 0.3433
vn 0.9925 0.0349 -0.1173
vn 0.9949 0.0349 0.0946
vn 0.9386 0.0349 0.3432
vn 0.9386 0.0349 0.3433
vn 0.9386 0.0349 0.3433
vn 0.9925 0.0349 -0.1172
vn 0.8503 0.5200 0.0809
vn 0.8022 0.5200 0.2934
vn 0.8022 0.5200 0.2934
vn 0.9772 0.0349 -0.2096
vn 0.8263 0.5200 0.2164
vn 0.8430 0.5200 0.1374
vn 0.9866 0.0349 0.1596
vn 0.9864 0.0349 0.1608
vn 0.8521 0.5200 0.0589
vn 0.9427 0.3275 0.0640
vn 0.9971 0.0349 0.0671
vn 0.8660 -0.4797 0.1412
vn 0.5034 -0.8602 0.0821
vn 0.9969 0.0430 0.0662
vn 0.9222 0.3517 0.1607
vn 0.7349 0.6370 0.2328
vn 0.7989 0.5989 0.0559
vn 0.3656 0.8139 0.4516
vn 0.5756 0.8166 0.0421
vn 0.0805 0.8944 0.4399
vn 0.4886 0.8718 0.0363
vn 0.2983 0.9542 0.0230
vn 0.4835 0.8718 0.0788
vn -0.1774 0.9050 0.3867
vn -0.1329 0.9524 0.2742
vn -0.1801 0.9005 0.3959
vn 0.4739 0.8718 0.1241
vn -0.3782 -0.9112 -0.1631
vn -0.9992 0.0349 -0.0192
vn -0.9992 0.0349 -0.0192
vn -0.9726 0.0349 -0.2299
vn -0.9766 0.0349 -0.2122
vn -0.9765 0.0349 -0.2128
vn -0.9761 0.0356 -0.2142
vn -0.8079 -0.3357 -0.4844
vn -0.7679 -0.2112 -0.6048
vn -0.7413 0.0203 -0.6708
vn -0.8123 0.0238 -0.5828
vn -0.9184 0.0298 -0.3946
vn -0.4790 -0.6449 -0.5956
vn -0.3554 -0.4122 -0.8389
vn -0.2778 0.0009 -0.9606
vn -0.5493 0.0117 -0.8355
vn -0.8377 -0.3650 -0.4062
vn -0.5932 -0.6942 -0.4076
vn -0.2548 -0.9048 -0.3413
vn -0.0591 -0.8123 -0.5802
vn 0.1413 -0.5026 -0.8529
vn 0.3618 -0.8160 -0.4508
vn 0.3689 -0.8087 -0.4583
vn 0.4666 -0.7257 -0.5057
vn 0.5808 -0.4698 -0.6648
vn 0.4170 -0.7973 -0.4364
vn 0.4086 -0.8053 -0.4296
vn 0.5044 -0.6964 -0.5106
vn 0.6082 -0.4006 -0.6853
vn 0.7098 -0.0296 -0.7038
vn 0.5139 -0.0245 -0.8575
vn 0.2741 -0.0178 -0.9615
vn 0.2664 -0.0175 -0.9637
vn 0.6968 -0.0223 -0.7169
vn 0.4581 0.0486 -0.8876
vn 0.4835 0.0562 -0.8735
vn 0.6921 0.1285 -0.7103
vn 0.6897 0.1505 -0.7083
vn 0.6914 0.1317 -0.7103
vn 0.6949 0.0811 -0.7145
vn 0.6964 0.0448 -0.7163
vn 0.6947 0.1011 -0.7122
vn 0.6971 0.0660 -0.7140
vn 0.6982 0.1409 -0.7019
vn 0.6843 0.2292 -0.6922
vn 0.7001 0.2218 -0.6788
vn 0.7235 0.0390 -0.6892
vn 0.9407 0.0390 -0.3370
vn 0.8180 0.1475 -0.5560
vn 0.8191 0.0564 -0.5709
vn 0.8038 0.0504 -0.5928
vn 0.7735 0.0491 -0.6319
vn 0.7460 0.0452 -0.6644
vn 0.9957 0.0019 -0.0921
vn 0.9957 0.0031 -0.0925
vn 0.7882 0.3063 -0.5338
vn 0.8086 0.2125 -0.5487
vn 0.8840 0.4603 -0.0816
vn 0.6775 0.5722 -0.4623
vn 0.7294 0.4502 -0.5150
vn 0.4512 0.8390 -0.3040
vn 0.7304 0.4725 -0.4932
vn 0.6385 0.6386 -0.4296
vn 0.6140 0.6728 -0.4128
vn 0.8608 0.5028 -0.0794
vn 0.7343 0.6755 -0.0675
vn 0.7032 0.7081 -0.0645
vn 0.5789 0.8137 -0.0529
vn 0.8603 0.5029 -0.0834
vn 0.8203 0.5669 -0.0755
vn 0.7045 0.7079 -0.0502
vn 0.9956 0.0024 -0.0936
vn 0.9956 0.0018 -0.0939
vn 0.9956 0.0017 -0.0940
vn 0.9956 0.0016 -0.0940
vn 0.9956 0.0017 -0.0940
vn 0.9956 0.0016 -0.0940
vn 0.9769 0.1915 -0.0945
vn 0.9956 0.0016 -0.0940
vn 0.9956 0.0017 -0.0940
vn 0.9956 0.0016 -0.0940
vn 0.9955 0.0018 -0.0943
vn 0.9954 0.0036 -0.0955
vn 0.9952 0.0013 -0.0974
vn 0.9950 -0.0005 -0.0994
vn 0.9950 -0.0006 -0.0999
vn 0.9950 0.0006 -0.1002
vn 0.9950 0.0010 -0.1003
vn 0.9950 0.0012 -0.1003
vn 0.9949 0.0012 -0.1004
vn 0.9949 0.0012 -0.1004
vn 0.9949 0.0012 -0.1004
vn 0.9949 0.0012 -0.1004
vn 0.9949 0.0012 -0.1004
vn 0.9949 0.0012 -0.1004
vn 0.9949 0.0043 -0.1011
vn 0.9949 0.0013 -0.1013
vn 0.9949 0.0011 -0.1012
vn 0.9767 0.1914 -0.0976
vn 0.9949 0.0012 -0.1013
vn 0.9767 0.1914 -0.0976
vn 0.9230 0.3742 -0.0902
vn 0.9949 0.0012 -0.1012
vn 0.9949 0.0011 -0.1012
vn 0.9230 0.3742 -0.0902
vn 0.9767 0.1914 -0.0976
vn 0.9949 0.0012 -0.1013
vn 0.9949 0.0012 -0.1013
vn 0.9948 0.0012 -0.1015
vn 0.9946 0.0011 -0.1035
vn 0.9946 0.0011 -0.1039
vn 0.9464 0.3079 -0.0976
vn 0.9633 0.2671 -0.0267
vn 0.8690 0.4919 0.0527
vn 0.6840 0.7130 0.1545
vn 0.5837 0.8115 -0.0253
vn 0.9774 0.2087 0.0333
vn 0.9092 0.3839 0.1614
vn 0.7673 0.5610 0.3109
vn 0.9388 0.2431 0.2439
vn 0.9960 0.0402 -0.0797
vn 0.9867 -0.0370 -0.1584
vn 0.8291 0.3563 0.4308
vn 0.9546 0.0747 0.2882
vn 0.8620 0.1088 0.4951
vn 0.9920 -0.0108 -0.1257
vn 0.9937 0.0009 -0.1120
vn 0.9941 0.0018 -0.1080
vn 0.9941 0.0021 -0.1084
vn 0.9947 0.0031 -0.1032
vn 0.9960 0.0410 -0.0793
vn 0.9945 0.0387 -0.0973
vn 0.9943 0.0017 -0.1065
vn 0.9946 0.0018 -0.1040
vn 0.9949 0.0019 -0.1013
vn 0.9948 0.0016 -0.1016
vn 0.9948 0.0016 -0.1016
vn 0.9942 0.0019 -0.1071
vn 0.9939 0.0008 -0.1102
vn 0.9945 0.0022 -0.1042
vn 0.9949 0.0022 -0.1009
vn 0.9952 0.0022 -0.0979
vn 0.9944 0.0045 -0.1060
vn 0.9938 0.0042 -0.1108
vn 0.9948 0.0043 -0.1014
vn 0.9937 0.0146 -0.1112
vn 0.9938 0.0041 -0.1111
vn 0.9953 0.0035 -0.0969
vn 0.9955 0.0018 -0.0949
vn 0.9936 0.0195 -0.1110
vn 0.9936 0.0220 -0.1105
vn 0.9936 0.0214 -0.1108
vn 0.9937 0.0210 -0.1100
vn 0.9923 0.0227 -0.1217
vn 0.9924 0.0208 -0.1214
vn 0.9923 0.0222 -0.1216
vn 0.9924 0.0201 -0.1216
vn 0.9919 0.0203 -0.1254
vn 0.9920 0.0178 -0.1250
vn 0.9918 0.0208 -0.1261
vn 0.9509 -0.3095 0.0003
vn 0.9710 -0.2390 0.0015
vn 0.9838 -0.1795 0.0012
vn 0.9906 -0.1370 0.0015
vn 0.9948 -0.1013 0.0039
vn 0.9988 -0.0469 0.0143
vn 0.9916 0.0186 -0.1277
vn 0.9938 0.0180 -0.1097
vn 0.9914 0.0145 -0.1299
vn 0.9916 0.0181 -0.1280
vn 0.9925 0.0140 -0.1214
vn 0.9921 0.0113 -0.1249
vn 0.9921 -0.0018 -0.1255
vn 0.9924 -0.0013 -0.1228
vn 0.9927 -0.0007 -0.1210
vn 0.9928 -0.0002 -0.1200
vn 0.9933 0.0027 -0.1155
vn 0.9937 0.0011 -0.1121
vn 0.9936 0.0016 -0.1130
vn 0.9928 -0.0016 -0.1199
vn 0.9934 0.0006 -0.1143
vn 0.9935 0.0010 -0.1134
vn 0.9939 0.0012 -0.1104
vn 0.9941 0.0016 -0.1085
vn 0.7508 -0.5839 0.3089
vn 0.8389 -0.5419 0.0499
vn 0.4776 -0.6640 0.5754
vn 0.6039 -0.5934 0.5321
vn 0.6678 -0.5925 0.4505
vn 0.9942 0.0015 -0.1077
vn 0.9944 0.0018 -0.1054
vn 0.3560 -0.6440 0.6772
vn 0.4776 -0.5942 0.6471
vn 0.4800 -0.5952 0.6445
vn 0.9744 -0.0127 0.2244
vn 0.9560 -0.0333 0.2914
vn 0.2791 -0.6552 0.7020
vn 0.5579 -0.5435 0.6272
vn 0.5771 -0.5326 0.6191
vn 0.4874 -0.5815 0.6514
vn 0.4797 -0.5892 0.6502
vn 0.4791 -0.5900 0.6499
vn 0.4775 -0.5935 0.6479
vn 0.1244 -0.7160 0.6870
vn 0.0446 -0.7166 0.6961
vn 0.0125 -0.7701 0.6378
vn 0.2655 -0.7106 0.6516
vn 0.5624 -0.5858 0.5836
vn 0.3635 -0.8100 0.4601
vn 0.6599 -0.6353 0.4011
vn 0.0755 -0.8887 0.4522
vn -0.1566 -0.7469 0.6463
vn -0.1969 -0.7748 0.6007
vn -0.2031 -0.7885 0.5806
vn -0.1856 -0.8925 0.4110
vn -0.1832 -0.8967 0.4029
vn 0.0016 -1.0000 -0.0013
vn 0.3006 -0.9535 0.0218
vn 0.4691 -0.8416 0.2675
vn 0.4900 -0.8710 0.0352
vn 0.5786 -0.8146 0.0411
vn 0.0017 -1.0000 -0.0013
vn -0.1336 -0.9511 0.2785
vn -0.1762 -0.8914 0.4175
vn -0.2348 -0.8772 0.4187
vn -0.2018 -0.9081 0.3670
vn -0.1530 -0.9474 0.2811
vn 0.0017 -1.0000 -0.0013
vn 0.0016 -1.0000 -0.0013
vn 0.0016 -1.0000 -0.0013
vn 0.0016 -1.0000 -0.0013
vn 0.0016 -1.0000 -0.0013
vn 0.0016 -1.0000 -0.0013
vn 0.0016 -1.0000 -0.0013
vn 0.0017 -1.0000 -0.0013
vn 0.0007 -1.0000 -0.0009
vn 0.0010 -1.0000 -0.0014
vn 0.0014 -1.0000 -0.0014
vn 0.0016 -1.0000 -0.0013
vn 0.0016 -1.0000 -0.0013
vn 0.0016 -1.0000 -0.0013
vn -0.5102 -0.8600 -0.0109
vn -0.4850 -0.8745 -0.0103
vn -0.6213 -0.7291 0.2869
vn -0.4851 -0.8744 -0.0103
vn -0.4934 -0.8697 -0.0105
vn -0.4836 -0.8669 -0.1209
vn -0.7349 -0.6781 -0.0149
vn -0.8512 -0.5245 -0.0171
vn -0.8517 -0.5238 -0.0166
vn -0.8557 -0.5173 -0.0167
vn -0.8280 -0.5217 -0.2056
vn -0.9017 -0.4320 -0.0179
vn -0.9622 -0.2723 -0.0054
vn -0.9570 -0.2894 -0.0193
vn -0.9990 -0.0388 -0.0216
vn -0.9749 -0.0362 -0.2195
vn -0.9706 -0.0362 -0.2379
vn -0.7645 -0.5214 -0.3791
vn -0.4463 -0.8667 -0.2227
vn -0.9283 -0.0360 -0.3700
vn -0.8949 -0.0358 -0.4449
vn -0.9749 -0.0362 -0.2195
vn -0.9749 -0.0362 -0.2196
vn -0.9719 -0.0797 -0.2213
vn -0.9452 -0.0360 -0.3245
vn -0.9283 -0.0359 -0.3700
vn -0.9177 -0.0359 -0.3957
vn -0.8587 -0.0357 -0.5113
vn -0.8590 -0.0357 -0.5108
vn -0.7755 -0.0354 -0.6303
vn -0.6640 -0.5162 -0.5410
vn -0.7755 -0.0354 -0.6303
vn -0.7823 -0.0298 -0.6222
vn -0.6620 -0.5204 -0.5394
vn -0.7755 -0.0354 -0.6303
vn -0.6620 -0.5204 -0.5393
vn -0.7755 -0.0354 -0.6303
vn -0.3827 -0.8692 -0.3133
vn -0.3787 -0.8720 -0.3101
vn -0.3787 -0.8720 -0.3101
vn -0.1557 -0.8714 -0.4651
vn 0.0017 -1.0000 -0.0013
vn 0.0016 -1.0000 -0.0013
vn 0.0016 -1.0000 -0.0013
vn 0.0017 -1.0000 -0.0013
vn 0.0017 -1.0000 -0.0013
vn 0.0016 -1.0000 -0.0013
vn 0.1158 -0.8710 -0.4775
vn -0.5041 -0.5200 -0.6895
vn -0.2730 -0.5194 -0.8097
vn -0.0478 -0.5190 -0.8534
vn 0.2002 -0.5187 -0.8312
vn 0.4227 -0.5185 -0.7433
vn 0.6121 -0.5182 -0.5973
vn 0.3520 -0.8708 -0.3433
vn 0.7582 -0.5183 -0.3957
vn 0.8360 -0.5184 -0.1798
vn 0.4804 -0.8709 -0.1038
vn 0.4615 -0.8712 0.1672
vn 0.4615 -0.8712 0.1672
vn 0.4753 -0.8712 0.1230
vn 0.8030 -0.5191 0.2927
vn 0.8030 -0.5191 0.2927
vn 0.8271 -0.5190 0.2157
vn 0.4849 -0.8711 0.0777
vn 0.8439 -0.5188 0.1368
vn 0.9386 -0.0338 0.3432
vn 0.9669 -0.0336 0.2531
vn 0.9864 -0.0335 0.1608
vn 0.8530 -0.5187 0.0583
vn 0.8013 -0.5957 0.0552
vn 0.9972 -0.0333 0.0670
vn 0.9438 -0.3244 0.0636
vn 0.9234 -0.3487 0.1607
vn 0.7368 -0.6342 0.2344
vn 0.9969 -0.0416 0.0662
vn 0.9968 -0.0439 0.0666
vn 0.9974 -0.0246 0.0670
vn 0.9977 -0.0336 0.0591
vn 0.9865 -0.0296 0.1608
vn 0.8960 -0.3613 0.2582
vn 0.9967 -0.0456 0.0669
vn 0.9966 -0.0474 0.0671
vn 0.8521 -0.3576 0.3821
vn 0.9562 -0.1947 0.2184
vn 0.8658 0.0951 0.4912
vn 0.8028 -0.3862 0.4544
vn 0.8440 -0.3488 0.4075
vn 0.9317 0.3576 0.0633
vn 0.8795 0.4722 0.0599
vn 0.8747 0.4811 0.0595
vn 0.6970 -0.4621 0.5483
vn 0.5854 -0.0880 0.8060
vn 0.5731 -0.2327 0.7858
vn 0.5155 -0.5012 0.6950
vn 0.8592 -0.1519 0.4886
vn 0.8573 -0.1734 0.4848
vn 0.5863 -0.0580 0.8080
vn 0.5872 -0.0524 0.8078
vn 0.5866 -0.0495 0.8083
vn 0.5869 -0.0428 0.8085
vn 0.5873 -0.0143 0.8092
vn 0.5865 0.0527 0.8082
vn 0.5796 0.1659 0.7978
vn 0.7236 0.5540 0.4116
vn 0.5275 0.4556 0.7171
vn 0.5047 0.5289 0.6823
vn 0.4098 0.8815 0.2344
vn 0.3141 0.8595 0.4033
vn 0.3689 0.7953 0.4810
vn 0.4949 0.8424 0.2131
vn 0.1946 0.9506 0.2419
vn -0.0019 1.0000 0.0011
vn -0.0018 1.0000 0.0011
vn 0.3499 0.9368 0.0018
vn 0.5017 0.8650 -0.0123
vn -0.0016 1.0000 0.0013
vn 0.2065 0.9783 -0.0181
vn 0.3737 0.9269 -0.0337
vn 0.4985 0.8657 -0.0454
vn 0.4746 0.8209 -0.3176
vn 0.3028 0.9314 -0.2020
vn 0.4150 0.8665 -0.2774
vn 0.2784 0.9422 -0.1863
vn -0.0017 1.0000 0.0013
vn -0.0017 1.0000 0.0013
vn -0.0016 1.0000 0.0013
vn -0.0016 1.0000 0.0013
vn -0.0016 1.0000 0.0013
vn -0.0017 1.0000 0.0013
vn -0.0017 1.0000 0.0013
vn -0.0017 1.0000 0.0013
vn -0.0016 1.0000 0.0013
vn -0.0017 1.0000 0.0013
vn -0.0017 1.0000 0.0013
vn -0.0017 1.0000 0.0013
vn -0.0016 1.0000 0.0013
vn -0.0016 1.0000 0.0013
vn -0.0017 1.0000 0.0013
vn -0.0016 1.0000 0.0013
vn -0.0017 1.0000 0.0012
vn 0.1665 0.9797 -0.1116
vn 0.1376 0.9860 -0.0942
vn 0.2834 0.9396 -0.1918
vn 0.3268 0.9051 -0.2720
vn 0.2581 0.9461 -0.1954
vn 0.2091 0.9667 -0.1478
vn -0.0016 1.0000 0.0013
vn 0.1689 0.9729 -0.1582
vn 0.4394 0.8457 -0.3029
vn 0.5001 0.7871 -0.3611
vn 0.5325 0.7364 -0.4173
vn 0.7235 0.4215 -0.5467
vn 0.5862 0.6259 -0.5144
vn 0.7115 0.3647 -0.6006
vn 0.7041 0.2973 -0.6449
vn 0.6299 0.5010 -0.5935
vn 0.6628 0.3666 -0.6529
vn 0.6223 0.4758 -0.6215
vn 0.5484 0.6457 -0.5314
vn 0.4488 0.7926 -0.4127
vn 0.3317 0.8863 -0.3232
vn 0.4739 0.7433 -0.4722
vn 0.2638 0.9306 -0.2536
vn -0.3986 0.8018 -0.4453
vn 0.0923 0.9425 -0.3213
vn 0.0654 0.9777 -0.1996
vn -0.4602 0.8655 -0.1978
vn -0.4667 0.8615 -0.1998
vn -0.4098 0.5878 -0.6976
vn 0.0968 0.7265 -0.6803
vn 0.0984 0.7774 -0.6213
vn 0.1008 0.9049 -0.4136
vn -0.7800 0.4394 -0.4457
vn -0.8030 0.4856 -0.3456
vn -0.8032 0.2848 -0.5233
vn -0.8060 0.4796 -0.3469
vn -0.9531 -0.0054 -0.3027
vn -0.8156 0.1035 -0.5692
vn -0.7349 0.1457 -0.6624
vn -0.6323 0.1891 -0.7513
vn -0.4266 0.2549 -0.8678
vn -0.2945 0.2866 -0.9117
vn -0.3915 0.0700 -0.9175
vn -0.1882 0.1050 -0.9765
vn -0.6770 0.0119 -0.7359
vn -0.2658 0.0004 -0.9640
vn -0.7085 0.0439 -0.7043
vn 0.0120 -0.0093 -0.9999
vn -0.0207 0.1305 -0.9912
vn 0.1248 0.1491 -0.9809
vn -0.2101 0.3033 -0.9294
vn 0.3313 0.1020 -0.9380
vn 0.2401 0.1611 -0.9573
vn 0.0106 0.3351 -0.9421
vn 0.2163 0.1823 -0.9592
vn 0.1772 0.2387 -0.9548
vn 0.6694 0.2979 -0.6806
vn 0.6549 0.3519 -0.6688
vn 0.6655 0.3062 -0.6807
vn 0.6837 0.2017 -0.7014
vn 0.2266 0.3505 -0.9087
vn 0.1899 0.3996 -0.8968
vn 0.1057 0.6030 -0.7907
vn 0.5837 0.5575 -0.5903
vn 0.5129 0.6877 -0.5138
vn -0.8579 -0.0346 -0.5127
vn -0.9705 -0.0565 -0.2345
vn -0.9677 -0.0779 -0.2396
vn -0.8657 0.0510 -0.4980
vn -0.9712 -0.0717 -0.2272
vn -0.9990 -0.0411 -0.0184
vn -0.9982 -0.0576 -0.0176
vn -0.9983 -0.0556 -0.0178
vn -0.9991 -0.0238 -0.0353
vn -0.9992 0.0349 -0.0192
vn -0.9924 -0.1229 -0.0000
vn -0.9984 -0.0506 -0.0266
vn -0.9967 -0.0798 -0.0173
vn -0.9405 -0.3251 0.0987
vn -0.9982 -0.0587 0.0089
vn -0.9425 -0.3027 0.1418
vn -0.9417 -0.3039 0.1443
vn -0.9415 -0.3204 0.1045
vn -0.8106 -0.5486 0.2048
vn -0.9416 -0.3041 0.1445
vn -0.8194 -0.5083 0.2650
vn -0.6491 -0.6712 0.3580
vn -0.9369 -0.3295 0.1168
vn -0.9718 -0.2261 0.0672
vn -0.9368 -0.3309 0.1134
vn -0.9992 0.0349 -0.0192
vn -0.9992 0.0349 -0.0192
vn -0.9992 0.0347 -0.0192
vn -0.9992 0.0347 -0.0192
vn -0.9992 0.0349 -0.0192
vn -0.9376 -0.3453 0.0415
vn -0.9384 -0.3451 -0.0195
vn -0.9378 -0.3467 -0.0192
vn -0.2741 -0.8490 0.4518
vn -0.9993 0.0053 -0.0373
vn -0.9992 -0.0089 -0.0390
vn -0.3953 0.8621 -0.3170
vn -0.5592 0.6973 -0.4484
vn -0.6837 0.4828 -0.5472
vn -0.5596 0.6940 -0.4530
vn -0.6791 0.4855 -0.5506
vn -0.6818 0.4791 -0.5528
vn -0.2091 0.8604 -0.4648
vn -0.3586 0.4801 -0.8006
vn -0.4023 0.8559 -0.3249
vn -0.3973 0.8598 -0.3207
vn 0.0013 1.0000 0.0036
vn -0.0017 1.0000 0.0013
vn -0.0016 1.0000 0.0013
vn -0.0016 1.0000 0.0012
vn -0.0017 1.0000 0.0013
vn -0.0016 1.0000 0.0013
vn 0.0232 0.8609 -0.5083
vn 0.2505 0.8611 -0.4424
vn 0.0416 0.4809 -0.8758
vn 0.4325 0.4814 -0.7623
vn 0.4936 -0.0330 -0.8691
vn 0.0483 -0.0336 -0.9983
vn -0.4075 -0.0344 -0.9125
vn 0.4936 -0.0330 -0.8691
vn 0.2333 -0.0333 -0.9718
vn 0.0482 -0.0336 -0.9983
vn -0.0569 -0.0337 -0.9978
vn -0.3204 -0.0342 -0.9467
vn -0.4075 -0.0344 -0.9125
vn 0.7152 -0.0328 -0.6981
vn 0.8327 -0.0328 -0.5527
vn 0.8327 -0.0328 -0.5527
vn 0.8862 -0.0329 -0.4622
vn 0.9925 -0.0331 -0.1174
vn 0.9772 -0.0330 -0.2097
vn 0.9925 -0.0331 -0.1173
vn 0.8512 -0.5187 0.0802
vn 0.9950 -0.0334 0.0946
vn 0.9386 -0.0338 0.3432
vn 0.9387 -0.0338 0.3432
vn 0.9387 -0.0338 0.3432
vn 0.9669 -0.0327 0.2532
vn 0.8233 0.4807 0.3020
vn 0.8233 0.4807 0.3020
vn 0.8480 0.4808 0.2229
vn 0.8652 0.4810 0.1419
vn 0.5020 0.8609 0.0831
vn 0.4920 0.8608 0.1303
vn 0.5075 0.8609 0.0353
vn 0.5112 0.8587 0.0357
vn 0.7217 0.6905 0.0496
vn 0.3997 0.9162 0.0282
vn 0.4776 0.8607 0.1762
vn 0.4776 0.8607 0.1763
vn 0.5051 0.8611 -0.0588
vn 0.8706 0.4813 -0.1024
vn 0.4236 0.8612 -0.2810
vn 0.7302 0.4815 -0.4847
vn -0.2817 0.0000 0.9595
vn -0.7557 0.0001 0.6549
vn -0.7558 0.0001 0.6549
vn -0.7291 0.0018 0.6844
vn -0.2818 0.0003 0.9595
vn 0.2817 -0.0000 0.9595
vn 0.2817 -0.0001 0.9595
vn 0.7557 0.0000 0.6549
vn 0.6844 0.0000 0.7291
vn 0.7558 0.0000 0.6549
vn -0.9898 0.0000 0.1423
vn -0.9898 0.0000 0.1423
vn -0.9096 -0.0001 -0.4154
vn -0.9096 0.0000 -0.4154
vn -0.6843 0.0000 -0.7292
vn -0.5406 0.0000 -0.8413
vn -0.5406 -0.0000 -0.8413
vn -0.0002 -0.0000 -1.0000
vn 0.0001 0.0000 -1.0000
vn 0.5406 -0.0000 -0.8413
vn 0.5406 0.0000 -0.8413
vn 0.9096 0.0000 -0.4154
vn 0.9096 0.0000 -0.4154
vn 0.7291 0.0000 -0.6844
vn 0.9898 0.0000 0.1422
vn 0.9898 0.0000 0.1427
vn -0.5908 -0.0349 -0.8061
vn 0.8766 -0.1449 0.4588
vn -0.0802 -0.7561 0.6495
vn 0.0083 0.9971 -0.0759
vn -0.0547 0.9924 -0.1104
vn -0.0695 0.9872 -0.1433
vn -0.0652 0.9875 -0.1436
vn -0.0713 0.9254 -0.3722
vn 0.3947 0.0000 -0.9188
vn 0.5639 0.0000 -0.8258
vn 0.6443 -0.0000 -0.7648
vn 0.7738 0.0000 -0.6334
vn 0.8385 -0.0000 -0.5449
vn 0.9210 0.0000 -0.3896
vn 0.6443 -0.0000 -0.7647
vn 0.8386 -0.0000 -0.5448
vn 0.3947 0.0000 -0.9188
vn 0.0000 1.0000 -0.0000
vn -0.0000 1.0000 -0.0000
vn -0.0000 1.0000 -0.0000
vn -0.0000 1.0000 -0.0000
vn 0.0000 1.0000 0.0000
vn 0.4766 0.8660 0.1512
vn 0.4766 0.8660 0.1512
vn 0.3947 -0.0000 -0.9188
vn 0.3946 -0.0000 -0.9188
vn 0.3871 -0.0000 -0.9220
vn 0.3815 -0.0000 -0.9244
vn 0.3795 -0.0000 -0.9252
vn 0.3795 0.0000 -0.9252
vn 0.3815 -0.0000 -0.9244
vn 0.3871 0.0000 -0.9220
vn 0.8255 0.5000 0.2619
vn 0.8255 0.5000 0.2618
vn 0.9532 0.0000 0.3023
vn 0.9532 0.0000 0.3024
vn 0.6358 -0.0000 -0.7718
vn 0.3971 -0.0000 -0.9178
vn 0.3894 0.0000 -0.9211
vn 0.3836 -0.0000 -0.9235
vn 0.3815 -0.0000 -0.9244
vn 0.3815 0.0000 -0.9244
vn 0.3836 0.0000 -0.9235
vn 0.3894 -0.0000 -0.9211
vn 0.3971 0.0000 -0.9178
vn 0.9532 -0.0000 0.3024
vn 0.9532 -0.0000 0.3025
vn 0.8255 -0.5000 0.2619
vn 0.8255 -0.5000 0.2619
vn 0.4766 -0.8660 0.1512
vn 0.4766 -0.8660 0.1512
vn 0.0000 -1.0000 0.0000
vn 0.0000 -1.0000 -0.0000
vn -0.0000 -1.0000 -0.0000
vn 0.0000 -1.0000 0.0000
vn -0.0000 -1.0000 -0.0000
vn 0.6443 -0.0001 -0.7647
vn 0.6443 -0.0000 -0.7647
vn 0.3947 0.0000 -0.9188
vn 0.5230 -0.0000 -0.8523
vn 0.6443 0.0000 -0.7647
vn 0.2962 -0.0000 -0.9551
vn 0.2138 0.7071 -0.6740
vn 0.3698 0.7071 -0.6027
vn 0.3698 0.7071 -0.6027
vn 0.2791 0.7071 -0.6497
vn 0.2182 0.7071 -0.6726
vn 0.2138 0.7071 -0.6740
vn 0.2963 -0.0000 -0.9551
vn 0.2962 -0.0000 -0.9551
vn 0.2094 0.7071 -0.6754
vn 0.1397 0.7071 -0.6932
vn 0.0453 0.7071 -0.7057
vn 0.0453 0.7071 -0.7057
vn 0.1978 -0.0000 -0.9802
vn -0.0944 0.0000 -0.9955
vn 0.0640 -0.0000 -0.9980
vn -0.0944 0.0000 -0.9955
vn -0.0944 -0.0000 -0.9955
vn -0.3783 0.0000 -0.9257
vn -0.3783 0.0000 -0.9257
vn -0.3783 0.0000 -0.9257
vn -0.2289 0.0000 -0.9734
vn -0.3783 0.0003 -0.9257
vn -0.0000 -1.0000 -0.0000
vn 0.0000 -1.0000 0.0000
vn -0.0000 -1.0000 0.0000
vn 0.0000 -1.0000 0.0000
vn 0.0000 -1.0000 0.0000
vn -0.6300 0.0000 -0.7766
vn -0.6299 0.0003 -0.7766
vn -0.8277 -0.0000 -0.5612
vn -0.6300 -0.0000 -0.7766
vn -0.8277 0.0005 -0.5612
vn -0.6299 -0.0000 -0.7766
vn -0.5021 0.0000 -0.8648
vn -0.8277 0.0000 -0.5612
vn -0.8277 -0.0000 -0.5612
vn -0.7318 -0.0000 -0.6815
vn -0.3550 0.7071 -0.6115
vn -0.4455 0.7071 -0.5492
vn -0.5175 0.7071 -0.4818
vn -0.5175 0.7071 -0.4819
vn -0.3550 0.7071 -0.6115
vn -0.1619 0.7071 -0.6883
vn -0.2676 0.7071 -0.6545
vn -0.1619 0.7071 -0.6883
vn 0.0000 1.0000 -0.0000
vn 0.0000 1.0000 -0.0000
vn 0.0000 1.0000 -0.0000
vn 0.0000 1.0000 -0.0000
vn 0.0000 1.0000 -0.0000
vn -0.5853 0.7071 -0.3968
vn -0.6352 0.7071 -0.3106
vn -0.6352 0.7071 -0.3106
vn -0.6750 0.7071 -0.2105
vn -0.6981 0.7071 -0.1124
vn -0.6981 0.7071 -0.1124
vn -0.9546 -0.0000 -0.2978
vn -0.9547 -0.0000 -0.2977
vn -0.9546 -0.0000 -0.2978
vn -0.8984 0.0000 -0.4392
vn -0.9546 -0.0001 -0.2978
vn -1.0000 0.0000 -0.0089
vn -1.0000 -0.0002 -0.0089
vn -1.0000 0.0000 -0.0088
vn -1.0000 0.0000 -0.0089
vn -0.9873 -0.0000 -0.1590
vn -0.9598 0.0000 0.2808
vn -0.9598 -0.0004 0.2808
vn -0.8375 0.0000 0.5464
vn -0.9598 0.0000 0.2808
vn -0.8375 -0.0000 0.5464
vn -0.6436 0.0000 0.7654
vn -0.8375 0.0000 0.5465
vn -0.6436 -0.0000 0.7654
vn -0.8375 0.0000 0.5465
vn -0.9088 0.0000 0.4172
vn -0.9598 0.0000 0.2808
vn -0.9909 0.0000 0.1349
vn -0.7006 0.7071 0.0954
vn -0.6787 0.7071 0.1986
vn -0.6426 0.7071 0.2950
vn -0.6426 0.7071 0.2950
vn -0.7006 0.7071 0.0954
vn -0.7071 0.7071 -0.0063
vn -0.5922 0.7071 0.3864
vn -0.5291 0.7071 0.4691
vn -0.5291 0.7071 0.4691
vn -0.5600 0.7071 0.4317
vn 0.0000 1.0000 -0.0000
vn -0.8191 -0.0000 0.5736
vn -0.7920 0.0000 0.6106
vn -0.6243 0.0000 0.7812
vn -0.6243 0.0000 0.7812
vn -0.6288 0.0000 0.7776
vn -0.8158 -0.0000 0.5783
vn -0.8191 0.0000 0.5736
vn -0.3790 0.0000 0.9254
vn -0.3790 -0.0003 0.9254
vn -0.3864 -0.0000 0.9223
vn -0.5836 0.3725 0.7216
vn -0.5794 0.3726 0.7249
vn -0.3583 0.3740 0.8554
vn -0.3463 0.3674 0.8632
vn -0.5764 0.3689 0.7292
vn -0.3515 0.3739 0.8583
vn -0.0974 0.3709 0.9235
vn -0.0940 0.3705 0.9241
vn -0.0955 0.3709 0.9237
vn 0.1685 0.3722 0.9127
vn 0.1737 0.3723 0.9117
vn 0.1642 0.3690 0.9148
vn 0.4184 0.3744 0.8275
vn 0.4252 0.3743 0.8241
vn 0.4135 0.3671 0.8332
vn 0.6356 0.3706 0.6772
vn 0.6356 0.3707 0.6772
vn 0.4512 -0.0003 0.8924
vn 0.6844 0.0002 0.7292
vn 0.6844 0.0000 0.7292
vn 0.4585 -0.0015 0.8887
vn 0.4512 -0.0001 0.8924
vn 0.7955 0.3743 0.4765
vn 0.8054 0.3671 0.4654
vn 0.8621 0.0000 0.5068
vn 0.8621 -0.0001 0.5068
vn 0.8579 0.0000 0.5139
vn 0.7994 0.3743 0.4700
vn 0.8989 0.3723 0.2310
vn 0.9026 0.3690 0.2218
vn 0.9002 0.3722 0.2259
vn 0.9279 0.3709 -0.0369
vn 0.9279 0.3709 -0.0388
vn 0.9282 0.3705 -0.0353
vn 0.8788 0.3739 -0.2964
vn 0.8764 0.3740 -0.3034
vn 0.8834 0.3674 -0.2910
vn 0.9992 -0.0002 -0.0397
vn 0.9475 0.0000 -0.3196
vn 0.9475 -0.0001 -0.3196
vn 0.9991 -0.0004 -0.0417
vn 0.9992 0.0002 -0.0397
vn 0.8191 0.0001 -0.5736
vn 0.8191 0.0000 -0.5736
vn 0.9450 -0.0014 -0.3272
vn 0.7920 0.0000 -0.6106
vn 0.6243 0.0000 -0.7812
vn 0.6243 0.0000 -0.7812
vn 0.6288 0.0000 -0.7776
vn 0.8158 -0.0000 -0.5783
vn 0.3790 0.0000 -0.9254
vn 0.3790 -0.0005 -0.9254
vn 0.3864 0.0000 -0.9223
vn 0.1029 -0.0002 -0.9947
vn 0.1049 -0.0000 -0.9945
vn 0.3583 0.3740 -0.8554
vn 0.3515 0.3739 -0.8583
vn 0.0974 0.3709 -0.9236
vn 0.0940 0.3705 -0.9241
vn 0.3463 0.3674 -0.8632
vn 0.0955 0.3709 -0.9237
vn -0.1685 0.3722 -0.9127
vn -0.1736 0.3723 -0.9117
vn -0.1642 0.3690 -0.9148
vn -0.1815 -0.0001 -0.9834
vn -0.1815 -0.0005 -0.9834
vn -0.4512 -0.0002 -0.8924
vn -0.4512 0.0000 -0.8924
vn -0.1871 -0.0010 -0.9823
vn -0.6844 0.0000 -0.7292
vn -0.6844 0.0000 -0.7292
vn -0.4585 -0.0015 -0.8887
vn -0.8621 -0.0002 -0.5068
vn -0.8579 0.0000 -0.5139
vn -0.8621 -0.0000 -0.5068
vn -0.9699 0.0001 -0.2434
vn -0.9699 0.0002 -0.2434
vn -0.9685 0.0000 -0.2489
vn -0.9992 0.0002 0.0397
vn -0.9992 -0.0002 0.0397
vn -0.8989 0.3723 -0.2310
vn -0.9002 0.3722 -0.2259
vn -0.9279 0.3709 0.0369
vn -0.9278 0.3709 0.0388
vn -0.9282 0.3705 0.0353
vn -0.9026 0.3690 -0.2218
vn -0.7955 0.3743 -0.4766
vn -0.7994 0.3744 -0.4700
vn -0.8054 0.3671 -0.4654
vn -0.6356 0.3707 -0.6772
vn -0.6356 0.3706 -0.6772
vn -0.4252 0.3743 -0.8241
vn -0.4134 0.3671 -0.8332
vn -0.4184 0.3744 -0.8275
vn -0.8788 0.3739 0.2964
vn -0.8764 0.3740 0.3034
vn -0.8834 0.3674 0.2910
vn -0.7601 0.3726 0.5323
vn -0.7571 0.3725 0.5367
vn -0.7642 0.3689 0.5290
vn -0.9475 0.0000 0.3196
vn -0.9450 -0.0011 0.3272
vn -0.9476 -0.0003 0.3196
vn -0.9991 -0.0004 0.0417
vn 0.5836 0.3725 -0.7216
vn 0.5794 0.3726 -0.7249
vn 0.5764 0.3689 -0.7292
vn 0.7571 0.3725 -0.5367
vn 0.7642 0.3689 -0.5290
vn 0.7601 0.3726 -0.5323
vn 0.5291 0.7071 -0.4691
vn 0.5600 0.7071 -0.4317
vn 0.6426 0.7071 -0.2950
vn 0.6426 0.7071 -0.2950
vn 0.5930 0.7071 -0.3852
vn 0.5291 0.7071 -0.4691
vn 0.7006 0.7071 -0.0954
vn 0.7006 0.7071 -0.0954
vn 0.6792 0.7071 -0.1966
vn 0.6981 0.7071 0.1124
vn 0.6981 0.7071 0.1124
vn 0.7071 0.7071 0.0090
vn 0.6352 0.7071 0.3106
vn 0.6353 0.7071 0.3105
vn 0.6740 0.7071 0.2138
vn 0.5175 0.7071 0.4819
vn 0.5175 0.7071 0.4819
vn 0.5829 0.7071 0.4002
vn 0.9532 0.0000 0.3024
vn 0.8984 0.0000 0.4392
vn 0.8244 0.0000 0.5660
vn 0.8244 0.0000 0.5660
vn 0.9532 -0.0000 0.3024
vn 0.9532 -0.0000 0.3023
vn 0.9999 -0.0000 0.0127
vn 0.9873 0.0000 0.1590
vn 0.9999 0.0000 0.0127
vn 0.9999 0.0000 0.0127
vn 0.9532 -0.0002 0.3024
vn 0.9999 -0.0003 0.0127
vn 0.8244 0.0000 0.5660
vn 0.8244 0.0006 0.5660
vn 0.7318 0.0000 0.6815
vn 0.6247 0.0000 0.7809
vn 0.6247 -0.0000 0.7809
vn 0.6247 -0.0000 0.7809
vn 0.6247 0.0001 0.7809
vn 0.5021 -0.0000 0.8648
vn 0.3711 0.0000 0.9286
vn 0.3711 -0.0000 0.9286
vn 0.3551 0.7071 0.6115
vn 0.3550 0.7071 0.6115
vn 0.4417 0.7071 0.5522
vn 0.1619 0.7071 0.6883
vn 0.1619 0.7071 0.6883
vn 0.2624 0.7071 0.6566
vn -0.0454 0.7071 0.7057
vn -0.0454 0.7071 0.7056
vn 0.0606 0.7071 0.7045
vn -0.2095 0.7071 0.6754
vn -0.2095 0.7071 0.6754
vn -0.1465 0.7071 0.6918
vn -0.2182 0.7071 0.6726
vn -0.3698 0.7071 0.6027
vn -0.3698 0.7071 0.6027
vn -0.2791 0.7071 0.6497
vn -0.4551 0.7071 0.5412
vn -0.3947 -0.0000 0.9188
vn -0.5230 0.0000 0.8524
vn -0.6436 -0.0000 0.7654
vn -0.2963 0.0000 0.9551
vn -0.7482 0.0000 0.6635
vn -0.4766 -0.8660 -0.1512
vn -0.4766 -0.8660 -0.1512
vn -0.6355 0.0000 0.7721
vn -0.3971 0.0000 0.9178
vn -0.3972 -0.0000 0.9177
vn -0.3972 -0.0000 0.9177
vn -0.3972 -0.0000 0.9177
vn -0.3972 -0.0000 0.9177
vn -0.3972 0.0000 0.9177
vn -0.3971 0.0000 0.9178
vn -0.3972 0.0000 0.9177
vn -0.6355 0.0000 0.7721
vn -0.8339 0.0000 0.5520
vn -0.9590 0.0000 0.2835
vn -1.0000 -0.0000 -0.0099
vn -0.9532 -0.0000 -0.3024
vn -0.8228 -0.0000 -0.5683
vn -0.6202 -0.0000 -0.7844
vn -0.3632 -0.0000 -0.9317
vn -0.0742 0.0000 -0.9972
vn -0.0743 -0.0000 -0.9972
vn 0.2045 0.0000 -0.9789
vn 0.2128 0.0000 -0.9771
vn 0.2189 -0.0000 -0.9757
vn 0.2211 0.0000 -0.9753
vn 0.2211 -0.0000 -0.9753
vn 0.2189 0.0000 -0.9757
vn 0.2128 -0.0000 -0.9771
vn 0.2045 -0.0000 -0.9789
vn -0.4766 -0.8660 -0.1512
vn -0.4766 -0.8660 -0.1512
vn -0.8255 -0.5000 -0.2619
vn -0.8255 -0.5000 -0.2619
vn -0.9532 0.0000 -0.3024
vn -0.9532 -0.0000 -0.3024
vn -0.9532 0.0000 -0.3024
vn -0.9532 -0.0000 -0.3024
vn -0.8254 0.5001 -0.2619
vn -0.8255 0.5000 -0.2619
vn -0.4766 0.8660 -0.1512
vn -0.4766 0.8660 -0.1512
vn -0.8255 -0.5000 -0.2619
vn -0.8255 -0.5000 -0.2619
vn -0.9532 0.0000 -0.3024
vn -0.9532 0.0000 -0.3024
vn -0.9532 -0.0000 -0.3024
vn -0.9532 0.0000 -0.3024
vn -0.8255 0.5000 -0.2619
vn -0.8255 0.5000 -0.2619
vn -0.2963 -0.0001 0.9551
vn -0.2072 -0.0000 0.9783
vn 0.0857 -0.0000 0.9963
vn -0.0640 -0.0000 0.9979
vn 0.0857 -0.0000 0.9963
vn 0.0857 -0.0000 0.9963
vn 0.0857 0.0001 0.9963
vn 0.4766 -0.8660 0.1512
vn 0.4766 -0.8660 0.1512
vn 0.3711 -0.0000 0.9286
vn 0.3711 0.0001 0.9286
vn 0.2289 0.0000 0.9734
vn 0.8255 -0.5000 0.2619
vn 0.8255 -0.5000 0.2619
vn 0.0747 0.0000 0.9972
vn -0.2045 0.0000 0.9789
vn -0.2045 0.0000 0.9789
vn -0.2045 0.0000 0.9789
vn -0.2045 0.0000 0.9789
vn -0.2045 -0.0000 0.9789
vn -0.2045 0.0000 0.9789
vn -0.2045 -0.0000 0.9789
vn -0.2045 -0.0000 0.9789
vn 0.9532 0.0000 0.3024
vn 0.9532 -0.0000 0.3024
vn 0.9532 0.0000 0.3024
vn 0.9532 -0.0000 0.3024
vn 0.8255 0.5000 0.2619
vn 0.8255 0.5000 0.2619
vn 0.4766 0.8660 0.1512
vn 0.4766 0.8660 0.1512
vn 0.3632 0.0000 0.9317
vn 0.6202 0.0000 0.7844
vn 0.8228 0.0000 0.5683
vn 0.9532 0.0000 0.3024
vn 1.0000 0.0000 0.0099
vn 0.9590 -0.0000 -0.2835
vn 0.8339 -0.0000 -0.5519
vn 0.9606 -0.0000 -0.2780
vn 0.9606 -0.0002 -0.2780
vn 0.8386 0.0000 -0.5448
vn 0.9606 -0.0000 -0.2780
vn 0.8386 -0.0002 -0.5448
vn 0.9606 0.0000 -0.2780
vn 0.9909 0.0000 -0.1349
vn 0.8386 -0.0000 -0.5448
vn 0.9088 0.0000 -0.4172
vn 0.8385 0.0000 -0.5448
vn 0.7482 -0.0000 -0.6635
vn 0.4556 0.7071 -0.5408
vn 0.9699 -0.0005 0.2434
vn 0.9699 -0.0002 0.2434
vn 0.9685 0.0000 0.2489
vn 0.1815 -0.0005 0.9834
vn 0.1871 -0.0010 0.9823
vn 0.1815 -0.0002 0.9834
vn -0.1029 -0.0002 0.9947
vn -0.1049 -0.0000 0.9945
vn -0.0667 0.7071 -0.7039
vn 0.9606 -0.0000 -0.2780
vn 0.9606 -0.0000 -0.2780
vn 0.9999 -0.0000 0.0127
vn 0.9999 -0.0000 0.0128
vn 0.9934 0.0000 -0.1144
vn 0.9862 -0.0000 0.1658
vn 0.9532 -0.0000 0.3024
vn 0.9532 -0.0000 0.3024
vn 0.8979 0.0000 0.4402
vn 0.8244 -0.0000 0.5660
vn 0.8244 0.0000 0.5660
vn 0.8742 -0.4400 -0.2053
vn -0.4044 0.0174 0.9144
vn -0.1804 0.0174 0.9834
vn -0.1285 0.0175 0.9916
vn 0.0951 0.0174 0.9953
vn 0.8575 -0.5082 -0.0799
vn 0.6676 -0.7419 -0.0622
vn 0.4551 -0.7697 0.4478
vn 0.6210 -0.4909 0.6110
vn 0.7917 0.0042 0.6109
vn 0.7052 -0.1468 0.6936
vn 0.6892 0.3140 0.6530
f 15//1 14//1 12//1
f 15//1 12//1 13//1
f 15//1 13//1 18//1
f 15//1 18//1 19//1
f 15//1 19//1 2//1
f 15//1 2//1 1//1
f 15//1 1//1 3//1
f 15//1 3//1 4//1
f 15//1 4//1 5//1
f 15//1 5//1 6//1
f 15//1 6//1 7//1
f 15//1 7//1 8//1
f 15//1 8//1 9//1
f 15//1 9//1 10//1
f 15//1 10//1 22//1
f 15//1 22//1 21//1
f 15//1 21//1 20//1
f 15//1 20//1 11//1
f 15//1 11//1 17//1
f 15//1 17//1 16//1
f 23//2 24//3 29//4
f 23//2 29//4 27//5
f 25//6 874//7 24//3
f 25//6 24//3 23//2
f 25//6 23//2 26//8
f 25//6 26//8 53//9
f 23//2 27//5 28//10
f 23//2 28//10 26//8
f 30//11 33//12 34//13
f 30//11 34//13 28//10
f 30//11 28//10 27//5
f 31//14 30//11 27//5
f 31//14 27//5 29//4
f 30//11 31//14 900//15
f 30//11 900//15 896//16
f 30//11 896//16 32//17
f 30//11 32//17 1455//18
f 30//11 1455//18 36//19
f 30//11 36//19 35//20
f 30//11 35//20 33//12
f 39//21 34//13 33//12
f 39//21 33//12 35//20
f 39//21 35//20 37//22
f 883//23 38//24 37//22
f 883//23 37//22 35//20
f 883//23 35//20 36//19
f 883//23 36//19 1456//25
f 883//23 1456//25 885//26
f 883//23 885//26 884//27
f 879//28 40//29 39//21
f 879//28 39//21 37//22
f 879//28 37//22 38//24
f 39//21 41//30 28//10
f 39//21 28//10 34//13
f 43//31 41//30 39//21
f 43//31 39//21 40//29
f 26//8 28//10 41//30
f 26//8 41//30 42//32
f 26//8 42//32 50//33
f 45//34 42//32 41//30
f 45//34 41//30 43//31
f 40//29 767//35 44//36
f 40//29 44//36 43//31
f 48//37 46//38 45//34
f 48//37 45//34 43//31
f 48//37 43//31 44//36
f 45//34 46//38 49//39
f 45//34 49//39 50//33
f 45//34 50//33 42//32
f 46//38 47//40 51//41
f 46//38 51//41 49//39
f 47//40 46//38 48//37
f 47//40 48//37 64//42
f 47//40 64//42 55//43
f 50//33 49//39 51//41
f 50//33 51//41 52//44
f 50//33 52//44 53//9
f 50//33 53//9 26//8
f 47//40 55//43 54//45
f 47//40 54//45 52//44
f 47//40 52//44 51//41
f 52//44 54//45 56//46
f 52//44 56//46 57//47
f 52//44 57//47 53//9
f 55//43 59//48 56//46
f 55//43 56//46 54//45
f 56//46 58//49 828//50
f 56//46 828//50 827//51
f 56//46 827//51 57//47
f 59//48 60//52 58//49
f 59//48 58//49 56//46
f 59//48 55//43 64//42
f 59//48 64//42 62//53
f 59//48 62//53 60//52
f 60//52 61//54 829//55
f 60//52 829//55 828//50
f 60//52 828//50 58//49
f 61//54 60//52 62//53
f 61//54 62//53 63//56
f 61//54 63//56 830//57
f 63//56 62//53 65//58
f 63//56 65//58 67//59
f 62//53 64//42 66//60
f 62//53 66//60 65//58
f 770//61 772//62 780//62
f 770//61 780//62 785//62
f 770//61 785//62 786//62
f 770//61 786//62 73//62
f 770//61 73//62 72//63
f 770//61 72//63 70//64
f 770//61 70//64 68//65
f 770//61 68//65 67//59
f 770//61 67//59 65//58
f 770//61 65//58 66//60
f 770//61 66//60 771//66
f 770//61 771//66 769//67
f 63//56 67//59 68//65
f 63//56 68//65 69//68
f 69//68 68//65 70//64
f 69//68 70//64 71//69
f 69//68 71//69 870//70
f 72//63 74//71 75//71
f 72//63 75//71 80//71
f 72//63 80//71 777//71
f 72//63 777//71 775//71
f 72//63 775//71 773//71
f 72//63 773//71 770//61
f 72//63 770//61 769//67
f 72//63 769//67 768//72
f 72//63 768//72 766//73
f 72//63 766//73 765//74
f 72//63 765//74 764//75
f 72//63 764//75 761//76
f 72//63 761//76 865//77
f 72//63 865//77 858//78
f 72//63 858//78 856//79
f 72//63 856//79 857//80
f 72//63 857//80 868//81
f 72//63 868//81 71//69
f 72//63 71//69 70//64
f 77//82 76//83 74//84
f 77//82 74//84 72//85
f 77//82 72//85 73//86
f 76//83 78//87 75//87
f 76//83 75//87 74//84
f 81//88 79//89 78//89
f 81//88 78//89 76//89
f 81//88 76//89 77//89
f 81//88 77//89 784//89
f 81//88 784//89 783//89
f 81//88 783//89 781//90
f 81//88 781//90 782//91
f 81//88 782//91 788//92
f 81//88 788//92 789//93
f 81//88 789//93 798//94
f 81//88 798//94 800//95
f 81//88 800//95 842//96
f 81//88 842//96 841//97
f 81//88 841//97 153//98
f 81//88 153//98 152//99
f 81//88 152//99 150//100
f 81//88 150//100 147//101
f 81//88 147//101 146//102
f 81//88 146//102 145//103
f 81//88 145//103 139//104
f 81//88 139//104 138//105
f 81//88 138//105 137//106
f 81//88 137//106 136//107
f 81//88 136//107 88//108
f 81//88 88//108 87//109
f 81//88 87//109 85//110
f 81//88 85//110 83//111
f 80//112 75//87 78//87
f 80//112 78//87 79//113
f 79//113 81//114 82//115
f 79//113 82//115 777//116
f 79//113 777//116 80//112
f 781//90 779//117 778//117
f 781//90 778//117 774//117
f 781//90 774//117 776//117
f 781//90 776//117 82//117
f 781//90 82//117 81//88
f 781//90 81//88 83//111
f 781//90 83//111 84//118
f 781//90 84//118 878//119
f 781//90 878//119 877//120
f 781//90 877//120 876//121
f 781//90 876//121 875//122
f 781//90 875//122 787//123
f 781//90 787//123 782//91
f 86//124 1900//125 84//118
f 86//124 84//118 83//111
f 86//124 83//111 85//110
f 89//126 86//124 85//110
f 89//126 85//110 87//109
f 135//127 90//128 89//126
f 135//127 89//126 87//109
f 135//127 87//109 88//108
f 92//129 91//130 89//126
f 92//129 89//126 90//128
f 91//130 94//131 86//124
f 91//130 86//124 89//126
f 1899//132 93//133 91//130
f 1899//132 91//130 92//129
f 93//133 96//134 94//131
f 93//133 94//131 91//130
f 86//124 94//131 95//135
f 86//124 95//135 1900//125
f 94//131 96//134 97//136
f 94//131 97//136 899//137
f 94//131 899//137 95//135
f 96//134 98//138 99//139
f 96//134 99//139 97//136
f 101//140 98//138 96//134
f 101//140 96//134 93//133
f 98//138 100//141 904//142
f 98//138 904//142 99//139
f 103//143 100//141 98//138
f 103//143 98//138 101//140
f 102//144 101//140 93//133
f 102//144 93//133 1899//132
f 105//145 103//143 101//140
f 105//145 101//140 102//144
f 103//143 105//145 106//146
f 103//143 106//146 104//147
f 906//148 100//141 103//143
f 906//148 103//143 104//147
f 906//148 104//147 908//149
f 105//145 102//144 111//150
f 105//145 111//150 109//151
f 105//145 109//151 107//152
f 105//145 107//152 108//153
f 105//145 108//153 106//146
f 911//154 108//153 107//152
f 911//154 107//152 109//151
f 911//154 109//151 110//155
f 911//154 110//155 117//156
f 911//154 117//156 118//157
f 911//154 118//157 920//158
f 911//154 920//158 918//159
f 911//154 918//159 917//160
f 111//150 113//161 110//155
f 111//150 110//155 109//151
f 111//150 102//144 1899//132
f 111//150 1899//132 112//162
f 113//161 111//150 112//162
f 113//161 112//162 114//163
f 113//161 114//163 116//164
f 113//161 116//164 115//165
f 113//161 115//165 117//156
f 113//161 117//156 110//155
f 121//166 119//167 117//156
f 121//166 117//156 115//165
f 121//166 115//165 116//164
f 121//166 116//164 126//168
f 121//166 126//168 125//169
f 121//166 125//169 123//170
f 120//171 927//172 925//173
f 120//171 925//173 924//174
f 120//171 924//174 923//175
f 120//171 923//175 118//157
f 120//171 118//157 117//156
f 120//171 117//156 119//167
f 119//167 121//166 122//176
f 119//167 122//176 232//177
f 119//167 232//177 1030//178
f 119//167 1030//178 1029//179
f 119//167 1029//179 1014//180
f 119//167 1014//180 1013//181
f 119//167 1013//181 1011//182
f 119//167 1011//182 1009//183
f 119//167 1009//183 1007//184
f 119//167 1007//184 120//171
f 123//170 124//185 122//176
f 123//170 122//176 121//166
f 1877//186 124//185 123//170
f 1877//186 123//170 125//169
f 1877//186 125//169 127//187
f 1877//186 127//187 128//188
f 130//189 129//190 127//187
f 130//189 127//187 125//169
f 130//189 125//169 126//168
f 129//190 131//191 1882//192
f 129//190 1882//192 1881//193
f 129//190 1881//193 1880//194
f 129//190 1880//194 128//188
f 129//190 128//188 127//187
f 130//189 134//195 132//196
f 130//189 132//196 129//190
f 129//190 132//196 133//197
f 129//190 133//197 131//191
f 132//196 90//128 135//127
f 132//196 135//127 133//197
f 134//195 92//129 90//128
f 134//195 90//128 132//196
f 112//162 1899//132 92//129
f 112//162 92//129 134//195
f 114//163 112//162 134//195
f 114//163 134//195 130//189
f 133//197 135//127 88//108
f 133//197 88//108 136//107
f 131//191 133//197 136//107
f 131//191 136//107 137//106
f 140//198 141//199 1882//192
f 140//198 1882//192 131//191
f 140//198 131//191 137//106
f 140//198 137//106 138//105
f 144//200 142//201 140//198
f 144//200 140//198 138//105
f 144//200 138//105 139//104
f 143//202 1884//203 141//199
f 143//202 141//199 140//198
f 143//202 140//198 142//201
f 142//201 144//200 145//103
f 142//201 145//103 146//102
f 142//201 146//102 143//202
f 139//104 145//103 144//200
f 1883//204 1884//203 143//202
f 1883//204 143//202 146//102
f 1883//204 146//102 147//101
f 1883//204 147//101 149//205
f 151//206 1889//207 148//208
f 151//206 148//208 147//101
f 151//206 147//101 150//100
f 1885//209 1875//210 149//205
f 1885//209 149//205 147//101
f 1885//209 147//101 148//208
f 151//206 150//100 152//99
f 151//206 152//99 154//211
f 155//212 154//211 152//99
f 155//212 152//99 153//98
f 155//212 153//98 156//213
f 158//214 151//206 154//211
f 158//214 154//211 155//212
f 158//214 155//212 157//215
f 159//216 157//215 155//212
f 159//216 155//212 156//213
f 159//216 156//213 160//217
f 162//218 158//214 157//215
f 162//218 157//215 159//216
f 162//218 159//216 161//219
f 160//217 838//220 164//221
f 160//217 164//221 163//222
f 160//217 163//222 161//219
f 160//217 161//219 159//216
f 162//218 161//219 163//222
f 162//218 163//222 166//223
f 162//218 166//223 167//224
f 845//225 165//226 163//222
f 845//225 163//222 164//221
f 170//227 168//228 166//223
f 170//227 166//223 163//222
f 170//227 163//222 165//226
f 168//228 171//229 167//224
f 168//228 167//224 166//223
f 169//230 168//228 170//227
f 169//230 170//227 849//231
f 168//228 169//230 174//232
f 168//228 174//232 172//233
f 168//228 172//233 171//229
f 162//218 167//224 171//229
f 162//218 171//229 172//233
f 162//218 172//233 173//234
f 162//218 173//234 1893//235
f 162//218 1893//235 1892//236
f 174//232 175//237 173//234
f 174//232 173//234 172//233
f 174//232 176//238 177//239
f 174//232 177//239 1897//240
f 174//232 1897//240 1896//241
f 174//232 1896//241 175//237
f 176//238 174//232 169//230
f 176//238 169//230 178//242
f 182//243 177//239 176//238
f 182//243 176//238 179//244
f 179//244 176//238 178//242
f 179//244 178//242 180//245
f 179//244 180//245 861//246
f 179//244 861//246 866//247
f 179//244 866//247 181//248
f 182//243 179//244 181//248
f 182//243 181//248 184//249
f 183//250 210//251 177//239
f 183//250 177//239 182//243
f 183//250 182//243 184//249
f 183//250 184//249 185//252
f 183//250 185//252 187//253
f 863//254 186//255 185//252
f 863//254 185//252 184//249
f 863//254 184//249 181//248
f 863//254 181//248 866//247
f 186//255 189//256 188//257
f 186//255 188//257 187//253
f 186//255 187//253 185//252
f 191//258 183//250 187//253
f 191//258 187//253 188//257
f 191//258 188//257 190//259
f 189//256 1459//260 194//261
f 189//256 194//261 192//262
f 189//256 192//262 190//259
f 189//256 190//259 188//257
f 191//258 190//259 192//262
f 191//258 192//262 193//263
f 191//258 193//263 206//264
f 199//265 201//266 193//263
f 199//265 193//263 192//262
f 199//265 192//262 195//267
f 199//265 195//267 197//268
f 196//269 195//267 192//262
f 196//269 192//262 194//261
f 196//269 727//270 198//271
f 196//269 198//271 197//268
f 196//269 197//268 195//267
f 197//268 198//271 725//272
f 197//268 725//272 250//273
f 197//268 250//273 1874//274
f 197//268 1874//274 200//275
f 197//268 200//275 199//265
f 202//276 201//266 199//265
f 202//276 199//265 200//275
f 202//276 200//275 1874//274
f 202//276 1874//274 203//277
f 202//276 205//278 206//264
f 202//276 206//264 193//263
f 202//276 193//263 201//266
f 204//279 202//276 203//277
f 204//279 203//277 248//280
f 204//279 248//280 247//281
f 202//276 204//279 242//282
f 202//276 242//282 208//283
f 202//276 208//283 207//284
f 202//276 207//284 205//278
f 209//285 191//258 206//264
f 209//285 206//264 205//278
f 209//285 205//278 207//284
f 209//285 207//284 208//283
f 209//285 208//283 211//286
f 191//258 209//285 210//251
f 191//258 210//251 183//250
f 210//251 209//285 211//286
f 210//251 211//286 212//287
f 210//251 212//287 214//288
f 213//289 212//287 211//286
f 213//289 211//286 208//283
f 213//289 208//283 227//290
f 213//289 219//291 217//292
f 213//289 217//292 215//293
f 213//289 215//293 214//288
f 213//289 214//288 212//287
f 177//239 210//251 214//288
f 177//239 214//288 215//293
f 177//239 215//293 216//294
f 177//239 216//294 1898//295
f 177//239 1898//295 1897//240
f 218//296 1895//297 1898//295
f 218//296 1898//295 216//294
f 218//296 216//294 215//293
f 218//296 215//293 217//292
f 221//298 1886//299 218//296
f 221//298 218//296 217//292
f 221//298 217//292 219//291
f 221//298 219//291 220//300
f 213//289 224//301 222//302
f 213//289 222//302 220//300
f 213//289 220//300 219//291
f 1885//209 221//298 220//300
f 1885//209 220//300 222//302
f 1885//209 222//302 223//303
f 1885//209 223//303 1875//210
f 223//303 222//302 124//185
f 223//303 124//185 1877//186
f 223//303 1877//186 1876//304
f 122//176 124//185 222//302
f 122//176 222//302 224//301
f 122//176 224//301 225//305
f 122//176 225//305 226//306
f 122//176 226//306 230//307
f 213//289 227//290 225//305
f 213//289 225//305 224//301
f 241//308 228//309 226//306
f 241//308 226//306 225//305
f 241//308 225//305 227//290
f 241//308 227//290 208//283
f 241//308 208//283 242//282
f 229//310 226//306 228//309
f 229//310 228//309 239//311
f 231//312 230//307 226//306
f 231//312 226//306 229//310
f 231//312 229//310 234//313
f 231//312 232//177 122//176
f 231//312 122//176 230//307
f 231//312 233//314 1030//178
f 231//312 1030//178 232//177
f 233//314 231//312 234//313
f 233//314 234//313 235//315
f 233//314 235//315 236//316
f 237//317 235//315 234//313
f 237//317 234//313 229//310
f 237//317 229//310 239//311
f 1026//318 1027//319 236//320
f 1026//318 236//320 235//321
f 1026//318 235//321 237//317
f 1026//318 237//317 238//322
f 1026//318 238//322 243//323
f 1026//318 243//323 244//324
f 1026//318 244//324 245//325
f 240//326 238//322 237//317
f 240//326 237//317 239//311
f 228//309 241//308 240//326
f 228//309 240//326 239//311
f 204//279 243//323 238//322
f 204//279 238//322 240//326
f 204//279 240//326 241//308
f 204//279 241//308 242//282
f 204//279 247//281 244//324
f 204//279 244//324 243//323
f 259//327 260//328 261//329
f 259//327 261//329 245//325
f 259//327 245//325 244//324
f 259//327 244//324 246//330
f 259//327 246//330 258//331
f 249//332 246//330 244//324
f 249//332 244//324 247//281
f 249//332 247//281 248//280
f 250//273 249//332 248//280
f 250//273 248//280 203//277
f 250//273 203//277 1874//274
f 249//332 250//273 1476//333
f 249//332 1476//333 252//334
f 249//332 252//334 251//335
f 249//332 251//335 253//336
f 249//332 253//336 255//337
f 249//332 255//337 258//331
f 249//332 258//331 246//330
f 646//338 254//339 253//336
f 646//338 253//336 251//335
f 646//338 251//335 252//334
f 254//339 257//340 255//337
f 254//339 255//337 253//336
f 1827//341 1829//342 256//343
f 1827//341 256//343 255//337
f 1827//341 255//337 257//340
f 1827//341 257//340 641//344
f 1827//341 641//344 640//345
f 1827//341 640//345 639//346
f 1827//341 639//346 632//347
f 258//331 255//337 256//343
f 258//331 256//343 259//327
f 260//328 259//327 256//343
f 260//328 256//343 263//348
f 260//328 263//348 262//349
f 1442//350 1443//351 261//329
f 1442//350 261//329 260//328
f 1442//350 260//328 262//349
f 1442//350 262//349 264//352
f 263//348 1833//353 1834//354
f 263//348 1834//354 266//355
f 263//348 266//355 265//356
f 263//348 265//356 262//349
f 262//349 265//356 268//357
f 262//349 268//357 264//352
f 266//355 1839//358 295//359
f 266//355 295//359 267//360
f 266//355 267//360 265//356
f 267//360 292//361 269//362
f 267//360 269//362 268//357
f 267//360 268//357 265//356
f 269//362 275//363 274//364
f 269//362 274//364 272//365
f 269//362 272//365 270//366
f 269//362 270//366 268//357
f 270//366 271//367 1044//368
f 270//366 1044//368 1441//369
f 270//366 1441//369 264//352
f 270//366 264//352 268//357
f 273//370 1046//371 271//367
f 273//370 271//367 270//366
f 273//370 270//366 272//365
f 273//370 272//365 274//364
f 273//370 274//364 277//372
f 276//373 274//364 275//363
f 276//373 275//363 290//374
f 278//375 277//372 274//364
f 278//375 274//364 276//373
f 278//375 276//373 281//376
f 278//375 281//376 280//377
f 1440//378 273//370 277//372
f 1440//378 277//372 278//375
f 1440//378 278//375 279//379
f 1439//380 279//379 278//375
f 1439//380 278//375 280//377
f 1439//380 280//377 282//381
f 281//376 285//382 283//383
f 281//376 283//383 280//377
f 283//383 284//384 1318//385
f 283//383 1318//385 282//381
f 283//383 282//381 280//377
f 284//384 283//383 285//382
f 284//384 285//382 286//386
f 284//384 286//386 1304//387
f 284//384 1304//387 1305//388
f 286//386 285//382 287//389
f 286//386 287//389 288//390
f 287//389 285//382 281//376
f 287//389 281//376 276//373
f 287//389 276//373 290//374
f 287//389 289//391 304//392
f 287//389 304//392 288//390
f 289//391 287//389 290//374
f 289//391 290//374 291//393
f 275//363 269//362 292//361
f 275//363 292//361 291//393
f 275//363 291//393 290//374
f 292//361 267//360 295//359
f 292//361 295//359 293//394
f 292//361 293//394 291//393
f 294//395 289//391 291//393
f 294//395 291//393 293//394
f 296//396 298//397 301//398
f 296//396 301//398 294//395
f 296//396 294//395 293//394
f 295//359 1839//358 297//399
f 295//359 297//399 296//396
f 295//359 296//396 293//394
f 593//400 585//401 299//402
f 593//400 299//402 298//397
f 593//400 298//397 296//396
f 593//400 296//396 297//399
f 588//403 300//404 298//397
f 588//403 298//397 299//402
f 301//398 298//397 300//404
f 301//398 300//404 303//405
f 301//398 303//405 302//406
f 289//391 294//395 301//398
f 289//391 301//398 302//406
f 289//391 302//406 304//392
f 303//405 1873//407 1872//408
f 303//405 1872//408 1871//409
f 303//405 1871//409 1870//410
f 303//405 1870//410 1869//411
f 303//405 1869//411 1868//412
f 303//405 1868//412 1867//413
f 303//405 1867//413 1866//414
f 303//405 1866//414 1865//415
f 303//405 1865//415 1864//416
f 303//405 1864//416 1863//417
f 303//405 1863//417 1862//418
f 303//405 1862//418 1861//416
f 303//405 1861//416 1860//415
f 303//405 1860//415 1859//414
f 303//405 1859//414 1858//416
f 303//405 1858//416 1857//419
f 303//405 1857//419 1856//420
f 303//405 1856//420 1855//421
f 303//405 1855//421 1854//422
f 303//405 1854//422 306//423
f 303//405 306//423 305//424
f 303//405 305//424 302//406
f 305//424 307//425 304//392
f 305//424 304//392 302//406
f 305//424 306//423 310//426
f 305//424 310//426 308//427
f 308//427 309//428 307//425
f 308//427 307//425 305//424
f 310//426 311//429 1460//430
f 310//426 1460//430 733//431
f 310//426 733//431 735//432
f 310//426 735//432 737//433
f 310//426 737//433 1303//434
f 310//426 1303//434 1306//435
f 310//426 1306//435 309//428
f 310//426 309//428 308//427
f 312//436 310//426 306//423
f 312//436 306//423 313//437
f 315//438 366//439 311//429
f 315//438 311//429 310//426
f 315//438 310//426 312//436
f 315//438 312//436 314//440
f 313//437 590//441 317//442
f 313//437 317//442 316//443
f 313//437 316//443 314//440
f 313//437 314//440 312//436
f 319//444 315//438 314//440
f 319//444 314//440 316//443
f 319//444 316//443 318//445
f 317//442 589//446 321//447
f 317//442 321//447 320//448
f 317//442 320//448 318//445
f 317//442 318//445 316//443
f 323//449 357//450 319//444
f 323//449 319//444 318//445
f 323//449 318//445 320//448
f 323//449 320//448 322//451
f 321//447 592//452 325//453
f 321//447 325//453 324//454
f 321//447 324//454 322//451
f 321//447 322//451 320//448
f 322//451 324//454 327//455
f 322//451 327//455 328//456
f 322//451 328//456 361//457
f 322//451 361//457 323//449
f 324//454 325//453 564//458
f 324//454 564//458 1840//459
f 324//454 1840//459 326//460
f 324//454 326//460 330//461
f 324//454 330//461 327//455
f 363//462 362//463 328//464
f 363//462 328//464 327//465
f 363//462 327//465 329//466
f 332//467 365//468 329//466
f 332//467 329//466 327//465
f 332//467 327//465 330//461
f 332//467 330//461 331//469
f 560//470 334//471 333//472
f 560//470 333//472 331//469
f 560//470 331//469 330//461
f 560//470 330//461 326//460
f 560//470 326//460 561//473
f 560//470 561//473 557//474
f 331//469 333//472 335//475
f 331//469 335//475 337//476
f 331//469 337//476 339//477
f 331//469 339//477 332//467
f 336//478 335//475 333//472
f 336//478 333//472 334//471
f 336//478 334//471 454//479
f 336//478 454//479 453//480
f 336//478 453//480 452//481
f 403//482 338//483 337//476
f 403//482 337//476 335//475
f 403//482 335//475 336//478
f 403//482 336//478 451//484
f 341//485 340//486 339//487
f 341//485 339//487 337//476
f 341//485 337//476 338//483
f 341//485 338//483 400//488
f 365//468 332//467 339//487
f 365//468 339//487 340//486
f 365//468 340//486 342//489
f 365//468 342//489 343//490
f 365//468 343//490 364//491
f 340//486 341//485 345//492
f 340//486 345//492 344//493
f 340//486 344//493 342//489
f 346//494 347//495 360//496
f 346//494 360//496 343//490
f 346//494 343//490 342//489
f 346//494 342//489 344//493
f 344//493 345//492 349//497
f 344//493 349//497 348//498
f 344//493 348//498 346//494
f 350//499 353//500 347//495
f 350//499 347//495 346//494
f 350//499 346//494 348//498
f 350//499 348//498 349//497
f 350//499 349//497 391//501
f 350//499 391//501 390//502
f 350//499 390//502 388//503
f 350//499 388//503 387//504
f 350//499 387//504 386//505
f 350//499 386//505 351//506
f 352//507 350//499 351//506
f 352//507 351//506 384//508
f 352//507 384//508 378//509
f 353//500 350//499 352//507
f 353//500 352//507 354//510
f 355//511 353//500 354//510
f 355//511 354//510 356//512
f 353//500 355//511 358//513
f 353//500 358//513 360//496
f 353//500 360//496 347//495
f 355//511 356//512 366//439
f 355//511 366//439 315//514
f 355//511 315//514 319//444
f 355//511 319//444 357//450
f 355//511 357//450 323//449
f 355//511 323//449 361//515
f 355//511 361//515 359//516
f 355//511 359//516 358//513
f 360//496 358//513 359//516
f 360//496 359//516 362//463
f 360//496 362//463 363//462
f 360//496 363//462 364//491
f 360//496 364//491 343//490
f 359//516 361//515 328//464
f 359//516 328//464 362//463
f 329//466 365//468 364//491
f 329//466 364//491 363//462
f 356//512 354//510 370//517
f 356//512 370//517 368//518
f 356//512 368//518 367//519
f 356//512 367//519 311//429
f 356//512 311//429 366//439
f 369//520 1460//430 311//429
f 369//520 311//429 367//519
f 369//520 367//519 368//518
f 372//521 369//520 368//518
f 372//521 368//518 370//517
f 372//521 370//517 371//522
f 354//510 352//507 373//523
f 354//510 373//523 371//522
f 354//510 371//522 370//517
f 372//521 371//522 373//523
f 372//521 373//523 374//524
f 372//521 374//524 375//525
f 352//507 378//509 377//526
f 352//507 377//526 374//524
f 352//507 374//524 373//523
f 724//527 375//525 374//524
f 724//527 374//524 376//528
f 724//527 376//528 1462//529
f 724//527 1462//529 726//530
f 379//531 376//528 374//524
f 379//531 374//524 377//526
f 381//532 379//531 377//526
f 381//532 377//526 378//509
f 381//532 378//509 384//508
f 379//531 380//533 1462//529
f 379//531 1462//529 376//528
f 381//532 382//534 380//533
f 381//532 380//533 379//531
f 383//535 385//536 382//534
f 383//535 382//534 381//532
f 383//535 381//532 384//508
f 383//535 384//508 351//506
f 383//535 351//506 386//505
f 385//536 383//535 387//504
f 385//536 387//504 388//503
f 385//536 388//503 389//537
f 385//536 389//537 1471//538
f 383//535 386//505 387//504
f 389//537 388//503 390//502
f 389//537 390//502 392//539
f 389//537 392//539 394//540
f 389//537 394//540 395//541
f 392//539 390//502 391//501
f 392//539 391//501 393//542
f 396//543 394//540 392//539
f 396//543 392//539 393//542
f 396//543 393//542 398//544
f 394//540 396//543 397//545
f 394//540 397//545 420//546
f 394//540 420//546 395//541
f 401//547 397//545 396//543
f 401//547 396//543 398//544
f 401//547 398//544 399//548
f 400//488 338//483 403//482
f 400//488 403//482 402//549
f 400//488 402//549 399//548
f 400//488 399//548 398//544
f 391//501 349//497 345//492
f 391//501 345//492 341//485
f 391//501 341//485 400//488
f 391//501 400//488 398//544
f 391//501 398//544 393//542
f 402//549 404//550 406//551
f 402//549 406//551 401//547
f 402//549 401//547 399//548
f 451//484 450//552 405//553
f 451//484 405//553 404//550
f 451//484 404//550 402//549
f 451//484 402//549 403//482
f 405//553 409//554 407//555
f 405//553 407//555 406//551
f 405//553 406//551 404//550
f 397//545 401//547 406//551
f 397//545 406//551 407//555
f 397//545 407//555 408//556
f 397//545 408//556 420//546
f 415//557 408//556 407//555
f 415//557 407//555 409//554
f 415//557 409//554 411//558
f 415//557 411//558 413//559
f 448//560 447//561 410//562
f 448//560 410//562 409//554
f 448//560 409//554 405//553
f 448//560 405//553 450//552
f 411//558 409//554 410//562
f 411//558 410//562 445//563
f 411//558 445//563 412//564
f 414//565 413//559 411//558
f 414//565 411//558 412//564
f 414//565 412//564 442//566
f 414//565 442//566 443//567
f 413//559 414//565 430//568
f 413//559 430//568 429//569
f 413//559 429//569 417//570
f 413//559 417//570 416//571
f 413//559 416//571 415//557
f 408//556 415//557 416//571
f 408//556 416//571 418//572
f 408//556 418//572 420//546
f 416//571 417//570 423//573
f 416//571 423//573 421//574
f 416//571 421//574 418//572
f 419//575 395//541 420//546
f 419//575 420//546 418//572
f 421//574 422//576 1473//577
f 421//574 1473//577 419//575
f 421//574 419//575 418//572
f 422//576 421//574 423//573
f 422//576 423//573 424//578
f 422//576 424//578 425//579
f 423//573 417//570 429//569
f 423//573 429//569 427//580
f 423//573 427//580 424//578
f 691//581 425//579 424//578
f 691//581 424//578 426//582
f 427//580 428//583 426//582
f 427//580 426//582 424//578
f 1477//584 428//583 427//580
f 1477//584 427//580 429//569
f 1477//584 429//569 430//568
f 1477//584 430//568 431//585
f 1477//584 431//585 432//586
f 431//585 430//568 414//565
f 431//585 414//565 443//567
f 431//585 443//567 434//587
f 431//585 434//587 433//588
f 433//588 435//589 436//590
f 433//588 436//590 1478//591
f 433//588 1478//591 432//586
f 433//588 432//586 431//585
f 439//592 437//593 435//589
f 439//592 435//589 433//588
f 439//592 433//588 434//587
f 1516//594 1509//595 436//590
f 1516//594 436//590 435//589
f 1516//594 435//589 437//593
f 1516//594 437//593 438//596
f 1516//594 438//596 1721//597
f 1516//594 1721//597 1720//598
f 1516//594 1720//598 1719//599
f 1516//594 1719//599 1718//600
f 1516//594 1718//600 1715//601
f 1516//594 1715//601 1713//602
f 1516//594 1713//602 1711//603
f 1516//594 1711//603 1520//604
f 1516//594 1520//604 1519//605
f 467//606 468//607 1693//608
f 467//606 1693//608 1694//608
f 467//606 1694//608 1695//608
f 467//606 1695//608 1697//608
f 467//606 1697//608 1699//608
f 467//606 1699//608 1700//608
f 467//606 1700//608 1705//608
f 467//606 1705//608 1706//608
f 467//606 1706//608 1707//608
f 467//606 1707//608 1708//609
f 467//606 1708//609 438//610
f 467//606 438//610 437//608
f 467//606 437//608 439//608
f 467//606 439//608 440//608
f 467//606 440//608 441//608
f 467//606 441//608 444//608
f 467//606 444//608 446//608
f 467//606 446//608 455//608
f 467//606 455//608 456//608
f 467//606 456//608 457//608
f 467//606 457//608 466//608
f 440//611 439//592 434//587
f 440//611 434//587 443//567
f 440//611 443//567 442//566
f 441//612 440//611 442//566
f 441//612 442//566 412//564
f 441//612 412//564 445//563
f 444//613 441//612 445//563
f 444//613 445//563 410//562
f 444//613 410//562 447//561
f 446//614 444//613 447//561
f 446//614 447//561 448//560
f 446//614 448//560 449//615
f 450//552 451//484 336//478
f 450//552 336//478 452//481
f 450//552 452//481 449//615
f 450//552 449//615 448//560
f 455//616 446//614 449//615
f 455//616 449//615 452//481
f 455//616 452//481 453//480
f 456//617 455//616 453//480
f 456//617 453//480 454//479
f 456//617 454//479 458//618
f 457//619 456//617 458//618
f 457//619 458//618 459//620
f 457//619 459//620 461//621
f 334//471 560//470 460//622
f 334//471 460//622 459//620
f 334//471 459//620 458//618
f 334//471 458//618 454//479
f 460//622 559//623 463//624
f 460//622 463//624 462//625
f 460//622 462//625 461//621
f 460//622 461//621 459//620
f 466//626 457//619 461//621
f 466//626 461//621 462//625
f 466//626 462//625 464//627
f 463//624 1842//628 1847//629
f 463//624 1847//629 465//630
f 463//624 465//630 464//627
f 463//624 464//627 462//625
f 464//627 465//630 470//631
f 464//627 470//631 467//632
f 464//627 467//632 466//626
f 1731//633 468//607 467//606
f 1731//633 467//606 469//634
f 471//635 473//636 1685//637
f 471//635 1685//637 1686//638
f 471//635 1686//638 1688//639
f 471//635 1688//639 1725//640
f 471//635 1725//640 1727//641
f 471//635 1727//641 1729//642
f 471//635 1729//642 1732//643
f 471//635 1732//643 469//644
f 471//635 469//644 467//632
f 471//635 467//632 470//631
f 1847//629 1846//645 472//646
f 1847//629 472//646 471//635
f 1847//629 471//635 470//631
f 1847//629 470//631 465//630
f 476//647 474//648 471//635
f 476//647 471//635 472//646
f 476//647 472//646 1849//649
f 476//647 1849//649 477//650
f 1736//651 473//636 471//635
f 1736//651 471//635 474//648
f 1736//651 474//648 475//652
f 1736//651 475//652 1757//653
f 1736//651 1757//653 1756//654
f 1736//651 1756//654 1755//655
f 1736//651 1755//655 1754//656
f 1736//651 1754//656 1749//657
f 1736//651 1749//657 1741//658
f 1736//651 1741//658 1739//659
f 1736//651 1739//659 1737//660
f 479//661 475//652 474//648
f 479//661 474//648 476//647
f 479//661 476//647 478//662
f 477//650 1852//663 481//664
f 477//650 481//664 480//665
f 477//650 480//665 478//662
f 477//650 478//662 476//647
f 483//666 479//661 478//662
f 483//666 478//662 480//665
f 483//666 480//665 482//667
f 481//664 488//668 486//669
f 481//664 486//669 484//670
f 481//664 484//670 482//667
f 481//664 482//667 480//665
f 1818//671 483//666 482//667
f 1818//671 482//667 484//670
f 1818//671 484//670 485//672
f 486//669 487//673 1821//674
f 486//669 1821//674 1820//675
f 486//669 1820//675 485//672
f 486//669 485//672 484//670
f 489//676 491//677 492//678
f 489//676 492//678 487//673
f 489//676 487//673 486//669
f 489//676 486//669 488//668
f 1851//679 490//680 489//676
f 1851//679 489//676 488//668
f 1851//679 488//668 481//664
f 1851//679 481//664 1852//663
f 491//677 489//676 490//680
f 491//677 490//680 495//681
f 491//677 495//681 493//682
f 498//683 492//678 491//677
f 498//683 491//677 493//682
f 498//683 493//682 496//684
f 535//685 534//686 494//687
f 535//685 494//687 493//682
f 535//685 493//682 495//681
f 494//687 1853//688 497//689
f 494//687 497//689 496//684
f 494//687 496//684 493//682
f 501//690 499//691 498//683
f 501//690 498//683 496//684
f 501//690 496//684 497//689
f 501//690 497//689 522//692
f 501//690 522//692 502//693
f 492//678 498//683 499//691
f 492//678 499//691 500//694
f 492//678 500//694 1821//674
f 492//678 1821//674 487//673
f 499//691 501//690 503//695
f 499//691 503//695 504//696
f 499//691 504//696 1822//697
f 499//691 1822//697 500//694
f 505//698 503//695 501//690
f 505//698 501//690 502//693
f 505//698 502//693 518//699
f 505//698 518//699 506//700
f 503//695 505//698 507//701
f 503//695 507//701 508//702
f 503//695 508//702 1814//703
f 503//695 1814//703 504//696
f 509//704 507//701 505//698
f 509//704 505//698 506//700
f 509//704 506//700 513//705
f 509//704 513//705 511//706
f 507//701 509//704 510//707
f 507//701 510//707 1809//708
f 507//701 1809//708 1810//709
f 507//701 1810//709 508//702
f 511//706 512//710 616//711
f 511//706 616//711 617//712
f 511//706 617//712 510//707
f 511//706 510//707 509//704
f 514//713 515//714 512//710
f 514//713 512//710 511//706
f 514//713 511//706 513//705
f 517//715 514//713 513//705
f 517//715 513//705 506//700
f 517//715 506//700 518//699
f 515//714 514//713 516//716
f 515//714 516//716 614//717
f 515//714 614//717 613//718
f 514//713 517//715 519//719
f 514//713 519//719 516//716
f 520//720 517//715 518//699
f 520//720 518//699 502//693
f 520//720 502//693 522//692
f 517//715 520//720 523//721
f 517//715 523//721 525//722
f 517//715 525//722 519//719
f 521//723 520//720 522//692
f 521//723 522//692 497//689
f 521//723 497//689 1853//688
f 520//720 521//723 524//724
f 520//720 524//724 523//721
f 526//725 525//722 523//721
f 526//725 523//721 524//724
f 526//725 524//724 531//726
f 526//725 531//726 529//727
f 526//725 527//728 614//717
f 526//725 614//717 516//716
f 526//725 516//716 519//719
f 526//725 519//719 525//722
f 527//728 526//725 528//729
f 527//728 528//729 578//730
f 527//728 578//730 1838//731
f 528//729 526//725 529//727
f 528//729 529//727 530//732
f 528//729 530//732 575//733
f 528//729 575//733 574//734
f 532//735 533//736 530//732
f 532//735 530//732 529//727
f 532//735 529//727 531//726
f 521//723 532//735 531//726
f 521//723 531//726 524//724
f 532//735 521//723 1853//688
f 532//735 1853//688 494//687
f 532//735 494//687 534//686
f 533//736 532//735 534//686
f 533//736 534//686 535//685
f 533//736 535//685 536//737
f 537//738 536//737 535//685
f 537//738 535//685 495//681
f 537//738 495//681 538//739
f 540//740 533//736 536//737
f 540//740 536//737 537//738
f 540//740 537//738 539//741
f 541//742 539//741 537//738
f 541//742 537//738 538//739
f 541//742 538//739 542//743
f 544//744 540//740 539//741
f 544//744 539//741 541//742
f 544//744 541//742 543//745
f 545//746 543//745 541//742
f 545//746 541//742 542//743
f 545//746 542//743 546//747
f 548//748 544//744 543//745
f 548//748 543//745 545//746
f 548//748 545//746 547//749
f 549//750 547//749 545//746
f 549//750 545//746 546//747
f 549//750 546//747 551//751
f 566//752 548//748 547//749
f 566//752 547//749 549//750
f 566//752 549//750 550//753
f 555//754 550//753 549//750
f 555//754 549//750 551//751
f 555//754 551//751 553//755
f 552//756 558//757 556//758
f 552//756 556//758 553//755
f 552//756 553//755 551//751
f 1843//759 1841//760 552//756
f 1843//759 552//756 551//751
f 1843//759 551//751 546//747
f 562//761 555//754 553//755
f 562//761 553//755 554//762
f 556//758 557//474 561//473
f 556//758 561//473 554//762
f 556//758 554//762 553//755
f 557//474 556//758 558//757
f 557//474 558//757 559//623
f 557//474 559//623 460//622
f 557//474 460//622 560//470
f 558//757 552//756 1841//760
f 558//757 1841//760 1842//628
f 558//757 1842//628 463//624
f 558//757 463//624 559//623
f 561//473 326//460 1840//459
f 561//473 1840//459 554//762
f 565//763 566//752 550//753
f 565//763 550//753 555//754
f 565//763 555//754 562//761
f 565//763 562//761 563//764
f 1840//459 564//458 563//764
f 1840//459 563//764 562//761
f 1840//459 562//761 554//762
f 565//763 563//764 564//458
f 565//763 564//458 591//765
f 565//763 591//765 567//766
f 566//752 565//763 568//767
f 566//752 568//767 570//768
f 566//752 570//768 571//769
f 565//763 567//766 569//770
f 565//763 569//770 568//767
f 528//729 570//768 568//767
f 528//729 568//767 569//770
f 528//729 569//770 577//771
f 528//729 577//771 578//730
f 528//729 574//734 573//772
f 528//729 573//772 572//773
f 528//729 572//773 571//769
f 528//729 571//769 570//768
f 548//748 566//752 571//769
f 548//748 571//769 572//773
f 544//744 548//748 572//773
f 544//744 572//773 573//772
f 540//740 544//744 573//772
f 540//740 573//772 574//734
f 540//740 574//734 575//733
f 533//736 540//740 575//733
f 533//736 575//733 530//732
f 587//774 576//775 569//770
f 587//774 569//770 567//766
f 587//774 567//766 591//765
f 579//776 577//771 569//770
f 579//776 569//770 576//775
f 579//776 576//775 582//777
f 579//776 580//778 1837//779
f 579//776 1837//779 1838//731
f 579//776 1838//731 578//730
f 579//776 578//730 577//771
f 581//780 594//781 580//778
f 581//780 580//778 579//776
f 581//780 579//776 582//777
f 581//780 582//777 583//782
f 587//774 586//783 584//784
f 587//774 584//784 583//782
f 587//774 583//782 582//777
f 587//774 582//777 576//775
f 593//400 594//781 581//780
f 593//400 581//780 583//782
f 593//400 583//782 584//784
f 593//400 584//784 585//401
f 586//783 588//403 299//402
f 586//783 299//402 585//401
f 586//783 585//401 584//784
f 586//783 587//774 592//452
f 586//783 592//452 321//447
f 586//783 321//447 589//446
f 588//403 586//783 589//446
f 588//403 589//446 317//442
f 588//403 317//442 590//441
f 588//403 590//441 313//437
f 588//403 313//437 306//423
f 588//403 306//423 1854//422
f 588//403 1854//422 1855//421
f 588//403 1855//421 1856//420
f 588//403 1856//420 1857//419
f 588//403 1857//419 1858//416
f 588//403 1858//416 1859//414
f 588//403 1859//414 1860//415
f 588//403 1860//415 1861//416
f 588//403 1861//416 1862//418
f 588//403 1862//418 1863//417
f 588//403 1863//417 1864//416
f 588//403 1864//416 1865//415
f 588//403 1865//415 1866//414
f 588//403 1866//414 1867//413
f 588//403 1867//413 1868//412
f 588//403 1868//412 1869//411
f 588//403 1869//411 1870//410
f 588//403 1870//410 1871//409
f 588//403 1871//409 1872//408
f 588//403 1872//408 1873//407
f 588//403 1873//407 303//405
f 588//403 303//405 300//404
f 587//774 591//765 564//458
f 587//774 564//458 325//453
f 587//774 325//453 592//452
f 593//400 297//399 1839//358
f 593//400 1839//358 596//785
f 593//400 596//785 595//786
f 598//787 594//781 593//400
f 598//787 593//400 595//786
f 598//787 595//786 597//788
f 1831//789 600//790 599//791
f 1831//789 599//791 597//788
f 1831//789 597//788 595//786
f 1831//789 595//786 596//785
f 602//792 598//787 597//788
f 602//792 597//788 599//791
f 602//792 599//791 601//793
f 600//790 605//794 603//795
f 600//790 603//795 601//793
f 600//790 601//793 599//791
f 602//792 601//793 603//795
f 602//792 603//795 604//796
f 602//792 604//796 1835//797
f 602//792 1835//797 1836//798
f 605//794 607//799 604//796
f 605//794 604//796 603//795
f 606//800 605//794 600//790
f 606//800 600//790 1832//801
f 605//794 606//800 609//802
f 605//794 609//802 608//803
f 605//794 608//803 607//799
f 610//804 612//805 604//796
f 610//804 604//796 607//799
f 610//804 607//799 608//803
f 610//804 608//803 609//802
f 610//804 609//802 625//806
f 610//804 625//806 615//807
f 610//804 615//807 611//808
f 515//714 610//804 611//808
f 515//714 611//808 616//711
f 515//714 616//711 512//710
f 610//804 515//714 613//718
f 610//804 613//718 612//805
f 527//728 1835//797 604//796
f 527//728 604//796 612//805
f 527//728 612//805 613//718
f 527//728 613//718 614//717
f 620//809 618//810 617//712
f 620//809 617//712 616//711
f 620//809 616//711 611//808
f 620//809 611//808 615//807
f 510//707 617//712 618//810
f 510//707 618//810 619//811
f 510//707 619//811 1808//812
f 510//707 1808//812 1809//708
f 618//810 620//809 621//813
f 618//810 621//813 623//814
f 618//810 623//814 1826//815
f 618//810 1826//815 1824//816
f 618//810 1824//816 1823//817
f 618//810 1823//817 1482//818
f 618//810 1482//818 1481//819
f 618//810 1481//819 1483//820
f 618//810 1483//820 619//811
f 615//807 625//806 624//821
f 615//807 624//821 621//813
f 615//807 621//813 620//809
f 628//822 622//823 621//813
f 628//822 621//813 624//821
f 628//822 624//821 626//824
f 669//825 670//826 671//827
f 669//825 671//827 672//828
f 669//825 672//828 623//814
f 669//825 623//814 621//813
f 669//825 621//813 622//823
f 606//800 627//829 626//824
f 606//800 626//824 624//821
f 606//800 624//821 625//806
f 606//800 625//806 609//802
f 629//830 628//822 626//824
f 629//830 626//824 627//829
f 629//830 627//829 630//831
f 622//823 628//822 629//830
f 622//823 629//830 631//832
f 622//823 631//832 633//833
f 622//823 633//833 634//834
f 622//823 634//834 667//835
f 622//823 667//835 668//836
f 622//823 668//836 669//825
f 630//831 1828//837 1827//341
f 630//831 1827//341 632//347
f 630//831 632//347 631//832
f 630//831 631//832 629//830
f 631//832 632//347 639//346
f 631//832 639//346 637//838
f 631//832 637//838 635//839
f 631//832 635//839 633//833
f 636//840 655//841 634//834
f 636//840 634//834 633//833
f 636//840 633//833 635//839
f 638//842 636//840 635//839
f 638//842 635//839 637//838
f 638//842 637//838 639//346
f 638//842 639//346 640//345
f 642//843 643//844 638//842
f 642//843 638//842 640//345
f 642//843 640//345 641//344
f 254//339 642//843 641//344
f 254//339 641//344 257//340
f 644//845 642//843 254//339
f 644//845 254//339 646//338
f 647//846 643//844 642//843
f 647//846 642//843 644//845
f 645//847 644//845 646//338
f 645//847 646//338 718//848
f 648//849 647//846 644//845
f 648//849 644//845 645//847
f 650//850 649//851 647//846
f 650//850 647//846 648//849
f 649//851 652//852 643//844
f 649//851 643//844 647//846
f 703//853 651//854 649//851
f 703//853 649//851 650//850
f 703//853 650//850 704//855
f 651//854 653//856 652//852
f 651//854 652//852 649//851
f 652//852 636//840 638//842
f 652//852 638//842 643//844
f 653//856 655//841 636//840
f 653//856 636//840 652//852
f 697//857 654//858 653//856
f 697//857 653//856 651//854
f 654//858 656//859 655//841
f 654//858 655//841 653//856
f 655//841 656//859 657//860
f 655//841 657//860 666//861
f 655//841 666//861 667//835
f 655//841 667//835 634//834
f 656//859 654//858 697//857
f 656//859 697//857 696//862
f 656//859 696//862 695//863
f 656//859 695//863 659//864
f 656//859 659//864 658//865
f 662//866 657//860 656//859
f 662//866 656//859 658//865
f 662//866 658//865 660//867
f 682//868 661//869 660//867
f 682//868 660//867 658//865
f 682//868 658//865 659//864
f 682//868 659//864 693//870
f 682//868 693//870 681//871
f 682//868 681//871 680//872
f 662//866 660//867 661//869
f 662//866 663//873 666//861
f 662//866 666//861 657//860
f 663//873 662//866 661//869
f 663//873 661//869 682//868
f 663//873 682//868 665//874
f 666//861 663//873 664//875
f 666//861 664//875 670//826
f 666//861 670//826 669//825
f 666//861 669//825 668//836
f 664//875 663//873 665//874
f 664//875 665//874 676//876
f 666//861 668//836 667//835
f 664//875 671//827 670//826
f 664//875 676//876 675//877
f 664//875 675//877 673//878
f 664//875 673//878 672//828
f 664//875 672//828 671//827
f 673//878 674//879 678//880
f 673//878 678//880 1825//881
f 673//878 1825//881 1824//816
f 673//878 1824//816 1826//815
f 673//878 1826//815 623//814
f 673//878 623//814 672//828
f 674//879 673//878 675//877
f 674//879 675//877 677//882
f 675//877 676//876 665//874
f 675//877 665//874 682//868
f 675//877 682//868 680//872
f 675//877 680//872 677//882
f 678//880 674//879 677//882
f 683//883 679//884 677//882
f 683//883 677//882 680//872
f 686//885 684//886 683//883
f 686//885 683//883 680//872
f 686//885 680//872 681//871
f 686//885 681//871 688//887
f 1482//818 679//884 683//883
f 1482//818 683//883 684//886
f 1482//818 684//886 685//888
f 1482//818 685//888 1479//889
f 1482//818 1479//889 1481//819
f 684//886 686//885 687//890
f 684//886 687//890 1477//584
f 684//886 1477//584 432//586
f 684//886 432//586 1478//591
f 684//886 1478//591 685//888
f 687//890 686//885 688//887
f 687//890 688//887 689//891
f 681//871 690//892 689//891
f 681//871 689//891 688//887
f 690//892 691//581 426//582
f 690//892 426//582 689//891
f 428//583 1477//584 687//890
f 428//583 687//890 689//891
f 428//583 689//891 426//582
f 692//893 694//894 691//581
f 692//893 691//581 690//892
f 693//870 692//893 690//892
f 693//870 690//892 681//871
f 659//864 695//863 692//893
f 659//864 692//893 693//870
f 695//863 696//862 698//895
f 695//863 698//895 694//894
f 695//863 694//894 692//893
f 697//857 701//896 699//897
f 697//857 699//897 698//895
f 697//857 698//895 696//862
f 698//895 699//897 700//898
f 698//895 700//898 1474//899
f 698//895 1474//899 694//894
f 701//896 702//900 1468//901
f 701//896 1468//901 700//898
f 701//896 700//898 699//897
f 701//896 703//853 705//902
f 701//896 705//902 702//900
f 701//896 697//857 651//854
f 701//896 651//854 703//853
f 703//853 704//855 708//903
f 703//853 708//903 706//904
f 703//853 706//904 705//902
f 707//905 1464//906 1467//907
f 707//905 1467//907 1468//901
f 707//905 1468//901 702//900
f 707//905 702//900 705//902
f 707//905 705//902 706//904
f 710//908 707//905 706//904
f 710//908 706//904 708//903
f 710//908 708//903 709//909
f 704//855 713//910 712//911
f 704//855 712//911 711//912
f 704//855 711//912 709//909
f 704//855 709//909 708//903
f 710//908 709//909 711//912
f 1465//913 710//908 711//912
f 1465//913 711//912 712//911
f 1465//913 712//911 714//914
f 1465//913 714//914 715//915
f 713//910 716//916 714//914
f 713//910 714//914 712//911
f 716//916 717//917 720//918
f 716//916 720//918 715//915
f 716//916 715//915 714//914
f 716//916 645//847 718//848
f 716//916 718//848 717//917
f 713//910 648//849 645//847
f 713//910 645//847 716//916
f 717//917 718//848 1475//919
f 717//917 1475//919 719//920
f 717//917 719//920 721//921
f 717//917 721//921 720//918
f 1465//913 715//915 720//918
f 1465//913 720//918 721//921
f 1465//913 721//921 722//922
f 724//527 726//530 1461//923
f 724//527 1461//923 722//922
f 724//527 722//922 721//921
f 724//527 721//921 723//924
f 250//273 725//272 723//924
f 250//273 723//924 721//921
f 250//273 721//921 719//920
f 250//273 719//920 1475//919
f 250//273 1475//919 1476//333
f 727//270 724//527 723//924
f 727//270 723//924 725//272
f 727//270 725//272 198//271
f 724//527 727//270 728//925
f 724//527 728//925 375//525
f 727//270 196//269 729//926
f 727//270 729//926 728//925
f 730//927 372//521 375//525
f 730//927 375//525 728//925
f 731//928 730//927 728//925
f 731//928 728//925 729//926
f 730//927 732//929 369//520
f 730//927 369//520 372//521
f 731//928 734//930 732//929
f 731//928 732//929 730//927
f 732//929 734//930 735//432
f 732//929 735//432 733//431
f 369//520 732//929 733//431
f 369//520 733//431 1460//430
f 734//930 731//928 740//931
f 734//930 740//931 738//932
f 734//930 738//932 736//933
f 734//930 736//933 737//433
f 734//930 737//433 735//432
f 1310//934 1309//935 737//433
f 1310//934 737//433 736//933
f 1310//934 736//933 738//932
f 1310//934 738//932 739//936
f 738//932 740//931 741//937
f 738//932 741//937 743//938
f 738//932 743//938 739//936
f 731//928 729//926 742//939
f 731//928 742//939 741//937
f 731//928 741//937 740//931
f 741//937 742//939 1458//940
f 741//937 1458//940 744//941
f 741//937 744//941 743//938
f 744//941 1457//942 746//943
f 744//941 746//943 745//944
f 744//941 745//944 743//938
f 739//936 743//938 745//944
f 739//936 745//944 747//945
f 746//943 867//946 750//947
f 746//943 750//947 748//948
f 746//943 748//948 745//944
f 747//945 745//944 748//948
f 747//945 748//948 751//949
f 749//950 754//951 753//952
f 749//950 753//952 751//949
f 749//950 751//949 748//948
f 750//947 864//953 865//77
f 750//947 865//77 749//950
f 750//947 749//950 748//948
f 1313//954 1312//955 747//945
f 1313//954 747//945 751//949
f 1313//954 751//949 752//956
f 753//952 755//957 756//958
f 753//952 756//958 752//956
f 753//952 752//956 751//949
f 755//957 753//952 754//951
f 755//957 754//951 760//959
f 755//957 760//959 757//960
f 757//960 759//961 880//962
f 757//960 880//962 756//958
f 757//960 756//958 755//957
f 758//963 882//964 759//961
f 758//963 759//961 757//960
f 762//965 758//963 757//960
f 762//965 757//960 760//959
f 754//951 749//950 865//77
f 754//951 865//77 761//76
f 754//951 761//76 760//959
f 762//965 760//959 761//76
f 762//965 761//76 764//75
f 758//963 762//965 763//966
f 758//963 763//966 879//28
f 763//966 762//965 764//75
f 763//966 764//75 765//74
f 763//966 765//74 766//73
f 763//966 766//73 767//35
f 767//35 766//73 768//72
f 767//35 768//72 44//36
f 48//37 44//36 768//72
f 48//37 768//72 769//67
f 48//37 769//67 771//66
f 64//42 48//37 771//66
f 64//42 771//66 66//60
f 774//967 778//968 772//969
f 774//967 772//969 770//970
f 774//967 770//970 773//971
f 776//972 774//967 773//971
f 776//972 773//971 775//972
f 82//115 776//972 775//972
f 82//115 775//972 777//116
f 778//968 779//973 780//974
f 778//968 780//974 772//969
f 779//973 781//975 783//976
f 779//973 783//976 785//977
f 779//973 785//977 780//974
f 783//976 784//978 786//978
f 783//976 786//978 785//977
f 784//978 77//82 73//86
f 784//978 73//86 786//978
f 791//979 790//980 788//92
f 791//979 788//92 782//91
f 791//979 782//91 787//123
f 790//980 793//981 789//93
f 790//980 789//93 788//92
f 792//982 790//980 791//979
f 792//982 791//979 873//983
f 794//984 793//981 790//980
f 794//984 790//980 792//982
f 793//981 794//984 872//985
f 793//981 872//985 796//986
f 793//981 796//986 795//987
f 793//981 795//987 797//988
f 793//981 797//988 798//94
f 793//981 798//94 789//93
f 797//988 795//987 796//986
f 797//988 796//986 803//989
f 797//988 803//989 801//990
f 797//988 801//990 799//991
f 799//991 800//95 798//94
f 799//991 798//94 797//988
f 802//992 842//96 800//95
f 802//992 800//95 799//991
f 802//992 799//991 801//990
f 805//993 802//992 801//990
f 805//993 801//990 803//989
f 805//993 803//989 804//994
f 796//986 872//985 807//995
f 796//986 807//995 806//996
f 796//986 806//996 804//994
f 796//986 804//994 803//989
f 805//993 804//994 806//996
f 805//993 806//996 808//997
f 805//993 808//997 809//998
f 807//995 813//999 812//1000
f 807//995 812//1000 810//1001
f 807//995 810//1001 808//997
f 807//995 808//997 806//996
f 809//998 808//997 810//1001
f 809//998 810//1001 811//1002
f 809//998 811//1002 816//1003
f 809//998 816//1003 818//1004
f 809//998 818//1004 821//1005
f 809//998 821//1005 832//1006
f 811//1002 810//1001 812//1000
f 811//1002 812//1000 814//1007
f 824//1008 822//1009 819//1010
f 824//1008 819//1010 817//1011
f 824//1008 817//1011 815//1012
f 824//1008 815//1012 814//1007
f 824//1008 814//1007 812//1000
f 824//1008 812//1000 813//999
f 824//1008 813//999 826//1013
f 816//1003 811//1002 814//1007
f 816//1003 814//1007 815//1012
f 818//1004 816//1003 815//1012
f 818//1004 815//1012 817//1011
f 817//1011 819//1010 821//1005
f 817//1011 821//1005 818//1004
f 823//1014 820//1015 819//1010
f 823//1014 819//1010 822//1009
f 831//1016 821//1005 819//1010
f 831//1016 819//1010 820//1015
f 830//57 823//1014 822//1009
f 830//57 822//1009 824//1008
f 830//57 824//1008 825//1017
f 828//50 829//55 825//1017
f 828//50 825//1017 824//1008
f 828//50 824//1008 826//1013
f 828//50 826//1013 827//51
f 794//984 826//1013 813//999
f 794//984 813//999 807//995
f 794//984 807//995 872//985
f 794//984 792//982 827//51
f 794//984 827//51 826//1013
f 792//982 873//983 57//47
f 792//982 57//47 827//51
f 61//54 830//57 825//1017
f 61//54 825//1017 829//55
f 823//1014 830//57 63//56
f 823//1014 63//56 69//68
f 823//1014 69//68 820//1015
f 833//1018 832//1006 821//1005
f 833//1018 821//1005 831//1016
f 833//1018 835//1019 834//1020
f 833//1018 834//1020 832//1006
f 837//1021 809//998 832//1006
f 837//1021 832//1006 834//1020
f 835//1019 871//1022 843//1023
f 835//1019 843//1023 836//1024
f 835//1019 836//1024 834//1020
f 834//1020 836//1024 838//220
f 834//1020 838//220 837//1021
f 839//1025 837//1021 838//220
f 839//1025 838//220 160//217
f 839//1025 805//993 809//998
f 839//1025 809//998 837//1021
f 802//992 805//993 839//1025
f 802//992 839//1025 840//1026
f 840//1026 839//1025 160//217
f 840//1026 160//217 156//213
f 802//992 840//1026 841//97
f 802//992 841//97 842//96
f 840//1026 156//213 153//98
f 840//1026 153//98 841//97
f 164//221 838//220 836//1024
f 164//221 836//1024 844//1027
f 164//221 844//1027 845//225
f 846//1028 844//1027 836//1024
f 846//1028 836//1024 843//1023
f 846//1028 170//227 165//226
f 846//1028 165//226 845//225
f 846//1028 845//225 844//1027
f 849//231 170//227 846//1028
f 849//231 846//1028 847//1029
f 847//1029 846//1028 843//1023
f 847//1029 843//1023 871//1022
f 847//1029 871//1022 848//1030
f 850//1031 849//231 847//1029
f 850//1031 847//1029 848//1030
f 850//1031 848//1030 852//1032
f 178//242 169//230 849//231
f 178//242 849//231 850//1031
f 180//245 178//242 850//1031
f 180//245 850//1031 851//1033
f 851//1033 850//1031 852//1032
f 851//1033 852//1032 853//1034
f 851//1033 853//1034 855//1035
f 835//1019 854//1036 853//1034
f 835//1019 853//1034 852//1032
f 835//1019 852//1032 848//1030
f 835//1019 848//1030 871//1022
f 854//1036 857//80 856//79
f 854//1036 856//79 855//1035
f 854//1036 855//1035 853//1034
f 851//1033 855//1035 856//79
f 851//1033 856//79 859//1037
f 862//1038 860//1039 859//1037
f 862//1038 859//1037 856//79
f 862//1038 856//79 858//78
f 180//245 851//1033 859//1037
f 180//245 859//1037 860//1039
f 180//245 860//1039 861//246
f 862//1038 863//254 866//247
f 862//1038 866//247 861//246
f 862//1038 861//246 860//1039
f 863//254 862//1038 864//953
f 863//254 864//953 750//947
f 863//254 750//947 867//946
f 862//1038 858//78 865//77
f 862//1038 865//77 864//953
f 186//255 863//254 867//946
f 186//255 867//946 746//943
f 186//255 746//943 1457//942
f 854//1036 869//1040 868//81
f 854//1036 868//81 857//80
f 869//1040 870//70 71//69
f 869//1040 71//69 868//81
f 854//1036 835//1019 833//1018
f 854//1036 833//1018 869//1040
f 869//1040 833//1018 831//1016
f 869//1040 831//1016 870//70
f 820//1015 69//68 870//70
f 820//1015 870//70 831//1016
f 873//983 791//979 874//7
f 873//983 874//7 25//6
f 873//983 25//6 53//9
f 873//983 53//9 57//47
f 874//7 791//979 787//123
f 874//7 787//123 875//122
f 24//3 874//7 875//122
f 24//3 875//122 876//121
f 24//3 876//121 877//120
f 24//3 877//120 29//4
f 31//14 29//4 877//120
f 31//14 877//120 878//119
f 31//14 878//119 84//118
f 31//14 84//118 898//1041
f 31//14 898//1041 900//15
f 879//28 763//966 767//35
f 879//28 767//35 40//29
f 758//963 879//28 38//24
f 758//963 38//24 883//23
f 758//963 883//23 882//964
f 1273//1042 880//962 759//961
f 1273//1042 759//961 881//1043
f 884//27 886//1044 887//1045
f 884//27 887//1045 1266//1046
f 884//27 1266//1046 1267//1047
f 884//27 1267//1047 881//1043
f 884//27 881//1043 759//961
f 884//27 759//961 882//964
f 884//27 882//964 883//23
f 886//1044 884//27 885//26
f 886//1044 885//26 891//1048
f 886//1044 891//1048 888//1049
f 890//1050 1263//1051 1265//1052
f 890//1050 1265//1052 887//1045
f 890//1050 887//1045 886//1044
f 890//1050 886//1044 888//1049
f 888//1049 891//1048 893//1053
f 888//1049 893//1053 889//1054
f 1237//1055 1236//1056 890//1050
f 1237//1055 890//1050 888//1049
f 1237//1055 888//1049 889//1054
f 885//26 1456//25 892//1057
f 885//26 892//1057 891//1048
f 891//1048 892//1057 895//1058
f 891//1048 895//1058 893//1053
f 893//1053 895//1058 897//1059
f 893//1053 897//1059 894//1060
f 889//1054 893//1053 894//1060
f 889//1054 894//1060 901//1061
f 1455//18 32//17 896//16
f 1455//18 896//16 895//1058
f 1455//18 895//1058 892//1057
f 896//16 900//15 898//1041
f 896//16 898//1041 897//1059
f 896//16 897//1059 895//1058
f 898//1041 84//118 1900//125
f 898//1041 1900//125 95//135
f 898//1041 95//135 899//137
f 898//1041 899//137 897//1059
f 899//137 97//136 99//139
f 899//137 99//139 904//142
f 899//137 904//142 902//1062
f 899//137 902//1062 894//1060
f 899//137 894//1060 897//1059
f 902//1062 903//1063 905//1064
f 902//1062 905//1064 909//1065
f 902//1062 909//1065 901//1061
f 902//1062 901//1061 894//1060
f 100//141 906//148 903//1066
f 100//141 903//1066 902//1067
f 100//141 902//1067 904//142
f 906//148 907//1068 905//1064
f 906//148 905//1064 903//1066
f 906//148 908//149 907//1068
f 911//154 910//1069 909//1065
f 911//154 909//1065 905//1064
f 911//154 905//1064 907//1068
f 911//154 907//1068 908//149
f 911//154 908//149 104//147
f 911//154 104//147 106//146
f 911//154 106//146 108//153
f 909//1065 910//1069 912//1070
f 909//1065 912//1070 914//1071
f 909//1065 914//1071 1244//1072
f 909//1065 1244//1072 1240//1073
f 909//1065 1240//1073 901//1061
f 911//154 917//160 915//1074
f 911//154 915//1074 912//1070
f 911//154 912//1070 910//1069
f 1259//1075 914//1071 912//1070
f 1259//1075 912//1070 913//1076
f 916//1077 1248//1078 1246//1079
f 916//1077 1246//1079 1247//1080
f 916//1077 1247//1080 913//1081
f 916//1077 913//1081 912//1070
f 916//1077 912//1070 915//1074
f 919//1082 916//1077 915//1074
f 919//1082 915//1074 917//160
f 919//1082 917//160 918//159
f 921//1083 919//1082 918//159
f 921//1083 918//159 920//158
f 921//1083 920//158 118//157
f 921//1083 118//157 923//175
f 919//1082 921//1083 922//1084
f 919//1082 922//1084 1256//1085
f 922//1084 921//1083 923//175
f 922//1084 923//175 924//174
f 1210//1086 922//1084 924//174
f 1210//1086 924//174 925//173
f 1210//1086 925//173 926//1087
f 928//1088 930//1089 931//1090
f 928//1088 931//1090 1206//1091
f 928//1088 1206//1091 1207//1092
f 928//1088 1207//1092 1208//1093
f 928//1088 1208//1093 926//1087
f 928//1088 926//1087 925//173
f 928//1088 925//173 927//172
f 927//172 120//171 1007//184
f 927//172 1007//184 1008//1094
f 927//172 1008//1094 929//1095
f 927//172 929//1095 928//1088
f 934//1096 932//1097 930//1089
f 934//1096 930//1089 928//1088
f 934//1096 928//1088 929//1095
f 934//1096 929//1095 935//1098
f 933//1099 1203//1100 931//1090
f 933//1099 931//1090 930//1089
f 933//1099 930//1089 932//1097
f 1198//1101 933//1099 932//1097
f 1198//1101 932//1097 934//1096
f 1198//1101 934//1096 936//1102
f 1198//1101 936//1102 937//1103
f 1198//1101 937//1103 1184//1104
f 935//1098 940//1105 938//1106
f 935//1098 938//1106 936//1102
f 935//1098 936//1102 934//1096
f 938//1106 939//1107 1181//1108
f 938//1106 1181//1108 937//1103
f 938//1106 937//1103 936//1102
f 939//1107 938//1106 940//1105
f 939//1107 940//1105 941//1109
f 939//1107 941//1109 943//1110
f 939//1107 943//1110 944//1111
f 940//1105 935//1098 929//1095
f 940//1105 929//1095 1444//1112
f 940//1105 1444//1112 1445//1113
f 940//1105 1445//1113 1446//1114
f 940//1105 1446//1114 1447//1115
f 940//1105 1447//1115 1448//1116
f 940//1105 1448//1116 1449//1117
f 940//1105 1449//1117 1450//1118
f 940//1105 1450//1118 1451//1119
f 940//1105 1451//1119 1452//1120
f 940//1105 1452//1120 1453//1121
f 940//1105 1453//1121 1454//1122
f 940//1105 1454//1122 999//1123
f 940//1105 999//1123 970//1124
f 940//1105 970//1124 969//1125
f 940//1105 969//1125 971//1126
f 940//1105 971//1126 972//1127
f 940//1105 972//1127 973//1128
f 940//1105 973//1128 974//1129
f 940//1105 974//1129 975//1130
f 940//1105 975//1130 976//1131
f 940//1105 976//1131 977//1132
f 940//1105 977//1132 978//1133
f 940//1105 978//1133 979//1134
f 940//1105 979//1134 980//1135
f 940//1105 980//1135 981//1136
f 940//1105 981//1136 982//1137
f 940//1105 982//1137 983//1138
f 940//1105 983//1138 984//1139
f 940//1105 984//1139 985//1139
f 940//1105 985//1139 986//1140
f 940//1105 986//1140 987//1141
f 940//1105 987//1141 988//1141
f 940//1105 988//1141 989//1142
f 940//1105 989//1142 993//1143
f 940//1105 993//1143 991//1144
f 940//1105 991//1144 992//1139
f 940//1105 992//1139 994//1141
f 940//1105 994//1141 995//1145
f 940//1105 995//1145 997//1146
f 940//1105 997//1146 998//1147
f 940//1105 998//1147 964//1148
f 940//1105 964//1148 963//1149
f 940//1105 963//1149 961//1150
f 940//1105 961//1150 960//1151
f 940//1105 960//1151 942//1152
f 940//1105 942//1152 941//1109
f 946//1153 945//1154 943//1110
f 946//1153 943//1110 941//1109
f 946//1153 941//1109 942//1152
f 945//1154 947//1155 1178//1156
f 945//1154 1178//1156 944//1111
f 945//1154 944//1111 943//1110
f 949//1157 948//1158 945//1154
f 949//1157 945//1154 946//1153
f 948//1158 950//1159 947//1155
f 948//1158 947//1155 945//1154
f 951//1160 948//1158 949//1157
f 951//1160 949//1157 956//1161
f 951//1160 956//1161 954//1162
f 951//1160 952//1163 950//1159
f 951//1160 950//1159 948//1158
f 953//1164 1166//1165 952//1163
f 953//1164 952//1163 951//1160
f 953//1164 951//1160 954//1162
f 953//1164 954//1162 955//1166
f 953//1164 955//1166 1051//1167
f 958//1168 1042//1169 955//1166
f 958//1168 955//1166 954//1170
f 958//1168 954//1170 956//1161
f 958//1168 956//1161 957//1171
f 949//1157 946//1153 959//1172
f 949//1157 959//1172 957//1171
f 949//1157 957//1171 956//1161
f 962//1173 958//1168 957//1171
f 962//1173 957//1171 959//1172
f 962//1173 959//1172 960//1151
f 962//1173 960//1151 961//1150
f 946//1153 942//1152 960//1151
f 946//1153 960//1151 959//1172
f 965//1174 962//1173 961//1150
f 965//1174 961//1150 963//1149
f 967//1175 965//1174 963//1149
f 967//1175 963//1149 964//1148
f 967//1175 964//1148 998//1147
f 967//1175 998//1147 997//1146
f 967//1175 997//1146 996//1176
f 967//1175 996//1176 994//1141
f 967//1175 994//1141 992//1139
f 967//1175 992//1139 991//1144
f 967//1175 991//1144 990//1177
f 967//1175 990//1177 988//1141
f 967//1175 988//1141 987//1141
f 967//1175 987//1141 986//1140
f 967//1175 986//1140 985//1139
f 967//1175 985//1139 984//1139
f 967//1175 984//1139 983//1138
f 967//1175 983//1138 982//1137
f 967//1175 982//1137 981//1136
f 967//1175 981//1136 980//1135
f 967//1175 980//1135 979//1134
f 967//1175 979//1134 978//1133
f 967//1175 978//1133 977//1132
f 967//1175 977//1132 976//1131
f 967//1175 976//1131 975//1130
f 967//1175 975//1130 974//1129
f 967//1175 974//1129 973//1128
f 967//1175 973//1128 972//1127
f 967//1175 972//1127 971//1126
f 967//1175 971//1126 969//1125
f 965//1174 966//1178 1037//1179
f 965//1174 1037//1179 962//1173
f 967//1175 968//1180 966//1178
f 967//1175 966//1178 965//1174
f 1000//1181 968//1180 967//1175
f 1000//1181 967//1175 969//1125
f 1000//1181 969//1125 970//1124
f 1001//1182 1000//1181 970//1124
f 1001//1182 970//1124 999//1123
f 968//1180 1000//1181 1002//1183
f 968//1180 1002//1183 1003//1184
f 1000//1181 1001//1182 1004//1185
f 1000//1181 1004//1185 1002//1183
f 1010//1186 1039//1187 1003//1184
f 1010//1186 1003//1184 1002//1183
f 1010//1186 1002//1183 1004//1185
f 1010//1186 1004//1185 1005//1188
f 1010//1186 1005//1188 1007//184
f 1010//1186 1007//184 1009//183
f 1001//1182 1006//1189 1005//1188
f 1001//1182 1005//1188 1004//1185
f 1006//1189 1008//1094 1007//184
f 1006//1189 1007//184 1005//1188
f 1012//1190 1010//1186 1009//183
f 1012//1190 1009//183 1011//182
f 1015//1191 1018//1192 1012//1190
f 1015//1191 1012//1190 1011//182
f 1015//1191 1011//182 1013//181
f 1016//1193 1015//1191 1013//181
f 1016//1193 1013//181 1014//180
f 1017//1194 1015//1191 1016//1193
f 1017//1194 1016//1193 1025//1195
f 1019//1196 1018//1192 1015//1191
f 1019//1196 1015//1191 1017//1194
f 1020//1197 1012//1190 1018//1192
f 1020//1197 1018//1192 1019//1196
f 1020//1197 1019//1196 1021//1198
f 1020//1197 1021//1198 1022//1199
f 1019//1196 1017//1194 1023//1200
f 1019//1196 1023//1200 1021//1198
f 245//325 261//329 1443//351
f 245//325 1443//351 1442//350
f 245//325 1442//350 1032//1201
f 245//325 1032//1201 1031//1202
f 245//325 1031//1202 1022//1203
f 245//325 1022//1203 1021//1204
f 245//325 1021//1204 1023//1205
f 245//325 1023//1205 1024//1206
f 245//325 1024//1206 1026//318
f 1017//1194 1025//1195 1024//1207
f 1017//1194 1024//1207 1023//1200
f 1025//1195 1016//1193 1028//1208
f 1025//1195 1028//1208 1027//1209
f 1025//1195 1027//1209 1026//1210
f 1025//1195 1026//1210 1024//1207
f 1028//1208 233//314 236//316
f 1028//1208 236//316 1027//1209
f 233//314 1028//1208 1029//179
f 233//314 1029//179 1030//178
f 1028//1208 1016//1193 1014//180
f 1028//1208 1014//180 1029//179
f 1033//1211 1020//1197 1022//1199
f 1033//1211 1022//1199 1031//1212
f 1033//1211 1031//1212 1032//1213
f 1033//1211 1032//1213 1035//1214
f 1033//1211 1035//1214 1034//1215
f 1033//1211 1010//1186 1012//1190
f 1033//1211 1012//1190 1020//1197
f 1010//1186 1033//1211 1034//1215
f 1010//1186 1034//1215 1036//1216
f 1010//1186 1036//1216 1038//1217
f 1010//1186 1038//1217 1039//1187
f 1040//1218 1037//1179 1036//1216
f 1040//1218 1036//1216 1034//1215
f 1040//1218 1034//1215 1035//1214
f 1037//1179 966//1178 1038//1217
f 1037//1179 1038//1217 1036//1216
f 966//1178 968//1180 1003//1184
f 966//1178 1003//1184 1039//1187
f 966//1178 1039//1187 1038//1217
f 962//1173 1037//1179 1040//1218
f 962//1173 1040//1218 958//1168
f 1041//1219 1040//1218 1035//1214
f 1041//1219 1035//1214 1032//1213
f 1041//1219 1032//1213 1441//1220
f 1041//1219 1441//1220 1044//1221
f 1041//1219 1044//1221 1043//1222
f 958//1168 1040//1218 1041//1219
f 958//1168 1041//1219 1042//1169
f 1042//1169 1041//1219 1043//1222
f 1042//1169 1043//1222 1045//1223
f 1042//1169 1045//1223 1047//1224
f 1046//371 1045//1225 1043//1226
f 1046//371 1043//1226 1044//368
f 1046//371 1044//368 271//367
f 1046//371 1049//1227 1048//1228
f 1046//371 1048//1228 1047//1229
f 1046//371 1047//1229 1045//1225
f 1042//1169 1047//1224 1048//1230
f 1042//1169 1048//1230 1050//1231
f 1042//1169 1050//1231 1051//1167
f 1042//1169 1051//1167 955//1166
f 1049//1227 1054//1232 1052//1233
f 1049//1227 1052//1233 1050//1234
f 1049//1227 1050//1234 1048//1228
f 953//1164 1051//1167 1050//1231
f 953//1164 1050//1231 1052//1235
f 953//1164 1052//1235 1053//1236
f 1054//1232 1056//1237 1058//1238
f 1054//1232 1058//1238 1152//1239
f 1054//1232 1152//1239 1153//1240
f 1054//1232 1153//1240 1154//1241
f 1054//1232 1154//1241 1429//1242
f 1054//1232 1429//1242 1053//1243
f 1054//1232 1053//1243 1052//1233
f 1055//1244 1054//1232 1049//1227
f 1055//1244 1049//1227 1440//378
f 1057//1245 1056//1237 1054//1232
f 1057//1245 1054//1232 1055//1244
f 1062//1246 1059//1247 1056//1237
f 1062//1246 1056//1237 1057//1245
f 1059//1247 1060//1248 1058//1238
f 1059//1247 1058//1238 1056//1237
f 1061//1249 1430//1250 1060//1248
f 1061//1249 1060//1248 1059//1247
f 1064//1251 1061//1249 1059//1247
f 1064//1251 1059//1247 1062//1246
f 1062//1246 1057//1245 1437//1252
f 1062//1246 1437//1252 1436//1253
f 1062//1246 1436//1253 1063//1254
f 1064//1251 1062//1246 1063//1254
f 1064//1251 1063//1254 1068//1255
f 1064//1251 1068//1255 1066//1256
f 1064//1251 1066//1256 1067//1257
f 1064//1251 1067//1257 1065//1258
f 1432//1259 1061//1249 1064//1251
f 1432//1259 1064//1251 1065//1258
f 1432//1259 1065//1258 1434//1260
f 1432//1259 1434//1260 1433//1261
f 1072//1262 1067//1257 1066//1256
f 1072//1262 1066//1256 1068//1255
f 1072//1262 1068//1255 1069//1263
f 1068//1255 1063//1254 1436//1253
f 1068//1255 1436//1253 1070//1264
f 1068//1255 1070//1264 1069//1263
f 1319//1265 1320//1266 1071//1267
f 1319//1265 1071//1267 1069//1263
f 1319//1265 1069//1263 1070//1264
f 1071//1267 1073//1268 1072//1262
f 1071//1267 1072//1262 1069//1263
f 1107//1269 1420//1270 1418//1270
f 1107//1269 1418//1270 1416//1270
f 1107//1269 1416//1270 1415//1270
f 1107//1269 1415//1270 1414//1270
f 1107//1269 1414//1270 1411//1270
f 1107//1269 1411//1270 1122//1271
f 1107//1269 1122//1271 1121//1272
f 1107//1269 1121//1272 1123//1273
f 1107//1269 1123//1273 1124//1274
f 1107//1269 1124//1274 1435//1275
f 1107//1269 1435//1275 1067//1257
f 1107//1269 1067//1257 1072//1262
f 1107//1269 1072//1262 1073//1268
f 1107//1269 1073//1268 1075//1276
f 1107//1269 1075//1276 1076//1277
f 1107//1269 1076//1277 1104//1278
f 1107//1269 1104//1278 1103//1279
f 1107//1269 1103//1279 1105//1280
f 1107//1269 1105//1280 1106//1281
f 1290//1282 1074//1283 1073//1268
f 1290//1282 1073//1268 1071//1267
f 1290//1282 1071//1267 1320//1266
f 1290//1282 1320//1266 1287//1284
f 1077//1285 1075//1276 1073//1268
f 1077//1285 1073//1268 1074//1283
f 1076//1277 1075//1276 1077//1285
f 1076//1277 1077//1285 1078//1286
f 1076//1277 1078//1286 1079//1287
f 1074//1283 1290//1282 1289//1288
f 1074//1283 1289//1288 1081//1289
f 1074//1283 1081//1289 1080//1290
f 1074//1283 1080//1290 1078//1286
f 1074//1283 1078//1286 1077//1285
f 1078//1286 1080//1290 1082//1291
f 1078//1286 1082//1291 1084//1292
f 1078//1286 1084//1292 1079//1287
f 1081//1289 1284//1293 1285//1294
f 1081//1289 1285//1294 1083//1295
f 1081//1289 1083//1295 1082//1291
f 1081//1289 1082//1291 1080//1290
f 1082//1291 1083//1295 1321//1296
f 1082//1291 1321//1296 1087//1297
f 1082//1291 1087//1297 1086//1298
f 1082//1291 1086//1298 1084//1292
f 1079//1287 1084//1292 1085//1299
f 1079//1287 1085//1299 1100//1300
f 1086//1298 1088//1301 1090//1302
f 1086//1298 1090//1302 1085//1299
f 1086//1298 1085//1299 1084//1292
f 1088//1301 1086//1298 1087//1297
f 1088//1301 1087//1297 1277//1303
f 1088//1301 1277//1303 1271//1304
f 1088//1301 1271//1304 1228//1305
f 1088//1301 1228//1305 1226//1306
f 1088//1301 1226//1306 1089//1307
f 1089//1307 1324//1308 1092//1309
f 1089//1307 1092//1309 1091//1310
f 1089//1307 1091//1310 1090//1302
f 1089//1307 1090//1302 1088//1301
f 1090//1302 1091//1310 1093//1311
f 1090//1302 1093//1311 1096//1312
f 1090//1302 1096//1312 1085//1299
f 1095//1313 1093//1311 1091//1310
f 1095//1313 1091//1310 1092//1309
f 1095//1313 1092//1309 1326//1314
f 1097//1315 1096//1312 1093//1311
f 1097//1315 1093//1311 1094//1316
f 1097//1315 1094//1316 1098//1317
f 1094//1316 1093//1311 1095//1313
f 1094//1316 1095//1313 1428//1318
f 1096//1312 1097//1315 1099//1319
f 1096//1312 1099//1319 1100//1300
f 1096//1312 1100//1300 1085//1299
f 1101//1320 1099//1319 1097//1315
f 1101//1320 1097//1315 1098//1317
f 1101//1320 1098//1317 1102//1321
f 1099//1319 1101//1320 1103//1279
f 1099//1319 1103//1279 1104//1278
f 1099//1319 1104//1278 1100//1300
f 1102//1321 1105//1280 1103//1279
f 1102//1321 1103//1279 1101//1320
f 1110//1322 1108//1323 1106//1281
f 1110//1322 1106//1281 1105//1280
f 1110//1322 1105//1280 1102//1321
f 1122//1271 1407//1324 1406//1324
f 1122//1271 1406//1324 1404//1324
f 1122//1271 1404//1324 1403//1324
f 1122//1271 1403//1324 1405//1324
f 1122//1271 1405//1324 1107//1269
f 1122//1271 1107//1269 1106//1281
f 1122//1271 1106//1281 1108//1323
f 1122//1271 1108//1323 1109//1325
f 1122//1271 1109//1325 1117//1326
f 1122//1271 1117//1326 1118//1327
f 1122//1271 1118//1327 1119//1328
f 1122//1271 1119//1328 1121//1272
f 1110//1322 1112//1329 1109//1325
f 1110//1322 1109//1325 1108//1323
f 1427//1330 1111//1331 1110//1322
f 1427//1330 1110//1322 1102//1321
f 1427//1330 1102//1321 1098//1317
f 1424//1332 1113//1333 1112//1329
f 1424//1332 1112//1329 1110//1322
f 1424//1332 1110//1322 1111//1331
f 1353//1334 1115//1335 1114//1336
f 1353//1334 1114//1336 1112//1329
f 1353//1334 1112//1329 1113//1333
f 1112//1329 1114//1336 1117//1326
f 1112//1329 1117//1326 1109//1325
f 1358//1337 1359//1338 1116//1339
f 1358//1337 1116//1339 1114//1336
f 1358//1337 1114//1336 1115//1335
f 1114//1336 1116//1339 1118//1327
f 1114//1336 1118//1327 1117//1326
f 1116//1339 1120//1340 1119//1328
f 1116//1339 1119//1328 1118//1327
f 1125//1341 1123//1273 1121//1272
f 1125//1341 1121//1272 1119//1328
f 1125//1341 1119//1328 1120//1340
f 1127//1342 1124//1274 1123//1273
f 1127//1342 1123//1273 1125//1341
f 1126//1343 1125//1341 1120//1340
f 1126//1343 1120//1340 1361//1344
f 1129//1345 1127//1342 1125//1341
f 1129//1345 1125//1341 1126//1343
f 1127//1342 1128//1346 1435//1275
f 1127//1342 1435//1275 1124//1274
f 1127//1342 1129//1345 1131//1347
f 1127//1342 1131//1347 1128//1346
f 1129//1345 1126//1343 1366//1348
f 1129//1345 1366//1348 1130//1349
f 1131//1347 1129//1345 1130//1349
f 1131//1347 1130//1349 1132//1350
f 1128//1346 1131//1347 1133//1351
f 1128//1346 1133//1351 1134//1352
f 1128//1346 1134//1352 1433//1261
f 1128//1346 1433//1261 1434//1260
f 1131//1347 1132//1350 1137//1353
f 1131//1347 1137//1353 1135//1354
f 1131//1347 1135//1354 1133//1351
f 1136//1355 1431//1356 1134//1352
f 1136//1355 1134//1352 1133//1351
f 1136//1355 1133//1351 1135//1354
f 1136//1355 1135//1354 1137//1353
f 1136//1355 1137//1353 1139//1357
f 1140//1358 1139//1357 1137//1353
f 1140//1358 1137//1353 1138//1359
f 1140//1358 1138//1359 1141//1360
f 1371//1361 1138//1359 1137//1353
f 1371//1361 1137//1353 1132//1350
f 1143//1362 1136//1355 1139//1357
f 1143//1362 1139//1357 1140//1358
f 1143//1362 1140//1358 1142//1363
f 1141//1360 1144//1364 1142//1363
f 1141//1360 1142//1363 1140//1358
f 1148//1365 1143//1362 1142//1363
f 1148//1365 1142//1363 1144//1364
f 1148//1365 1144//1364 1146//1366
f 1150//1367 1149//1368 1147//1369
f 1150//1367 1147//1369 1146//1366
f 1150//1367 1146//1366 1144//1364
f 1150//1367 1144//1364 1145//1370
f 1376//1371 1145//1370 1144//1364
f 1376//1371 1144//1364 1141//1360
f 1376//1371 1141//1360 1138//1359
f 1376//1371 1138//1359 1374//1372
f 1148//1365 1146//1366 1147//1369
f 1058//1238 1060//1248 1148//1365
f 1058//1238 1148//1365 1147//1369
f 1058//1238 1147//1369 1149//1368
f 1058//1238 1149//1368 1151//1373
f 1430//1250 1143//1362 1148//1365
f 1430//1250 1148//1365 1060//1248
f 1150//1367 1158//1374 1156//1375
f 1150//1367 1156//1375 1155//1376
f 1150//1367 1155//1376 1153//1240
f 1150//1367 1153//1240 1152//1239
f 1150//1367 1152//1239 1151//1373
f 1150//1367 1151//1373 1149//1368
f 1058//1238 1151//1373 1152//1239
f 1157//1377 1154//1378 1153//1240
f 1157//1377 1153//1240 1155//1376
f 1157//1377 1155//1376 1156//1375
f 1166//1165 1157//1377 1156//1375
f 1166//1165 1156//1375 1158//1374
f 1166//1165 1158//1374 1159//1379
f 1166//1165 1159//1379 1160//1380
f 1166//1165 1160//1380 1161//1381
f 1166//1165 1161//1381 1162//1382
f 1166//1165 1162//1382 1163//1383
f 1166//1165 1163//1383 1164//1384
f 1166//1165 1164//1384 1165//1385
f 1150//1367 1168//1386 1167//1387
f 1150//1367 1167//1387 1165//1385
f 1150//1367 1165//1385 1164//1384
f 1150//1367 1164//1384 1163//1383
f 1150//1367 1163//1383 1162//1382
f 1150//1367 1162//1382 1161//1381
f 1150//1367 1161//1381 1160//1380
f 1150//1367 1160//1380 1159//1379
f 1150//1367 1159//1379 1158//1374
f 952//1163 1166//1165 1165//1385
f 952//1163 1165//1385 1167//1387
f 952//1163 1167//1387 1169//1388
f 1168//1386 1172//1389 1171//1390
f 1168//1386 1171//1390 1170//1391
f 1168//1386 1170//1391 1169//1388
f 1168//1386 1169//1388 1167//1387
f 950//1159 952//1163 1169//1388
f 950//1159 1169//1388 1170//1391
f 1175//1392 947//1155 950//1159
f 1175//1392 950//1159 1170//1391
f 1175//1392 1170//1391 1171//1390
f 1175//1392 1171//1390 1173//1393
f 1172//1389 1382//1394 1174//1395
f 1172//1389 1174//1395 1173//1393
f 1172//1389 1173//1393 1171//1390
f 1175//1392 1173//1393 1174//1395
f 1175//1392 1174//1395 1176//1396
f 947//1155 1175//1392 1176//1396
f 947//1155 1176//1396 1177//1397
f 947//1155 1177//1397 1178//1156
f 1177//1397 1176//1396 1174//1395
f 1177//1397 1174//1395 1190//1398
f 1177//1397 1190//1398 1182//1399
f 1177//1397 1182//1399 1180//1400
f 1177//1397 1180//1400 1179//1401
f 1179//1401 1181//1108 939//1107
f 1179//1401 939//1107 944//1111
f 1179//1401 944//1111 1178//1156
f 1179//1401 1178//1156 1177//1397
f 1181//1108 1179//1401 1180//1400
f 1181//1108 1180//1400 1183//1402
f 1181//1108 1183//1402 1184//1104
f 1181//1108 1184//1104 937//1103
f 1180//1400 1182//1399 1187//1403
f 1180//1400 1187//1403 1185//1404
f 1180//1400 1185//1404 1183//1402
f 1186//1405 1198//1101 1184//1104
f 1186//1405 1184//1104 1183//1402
f 1186//1405 1183//1402 1185//1404
f 1186//1405 1185//1404 1187//1403
f 1186//1405 1187//1403 1188//1406
f 1186//1405 1188//1406 1189//1407
f 1182//1399 1190//1398 1188//1406
f 1182//1399 1188//1406 1187//1403
f 1399//1408 1400//1409 1408//1409
f 1399//1408 1408//1409 1409//1409
f 1399//1408 1409//1409 1410//1409
f 1399//1408 1410//1409 1412//1409
f 1399//1408 1412//1409 1413//1409
f 1399//1408 1413//1409 1422//1410
f 1399//1408 1422//1410 1194//1411
f 1399//1408 1194//1411 1193//1412
f 1399//1408 1193//1412 1191//1413
f 1399//1408 1191//1413 1189//1407
f 1399//1408 1189//1407 1188//1406
f 1399//1408 1188//1406 1190//1398
f 1399//1408 1190//1398 1174//1395
f 1399//1408 1174//1395 1382//1394
f 1399//1408 1382//1394 1380//1414
f 1399//1408 1380//1414 1381//1415
f 1399//1408 1381//1415 1383//1416
f 1399//1408 1383//1416 1384//1417
f 1399//1408 1384//1417 1385//1418
f 1399//1408 1385//1418 1391//1419
f 1399//1408 1391//1419 1392//1420
f 1399//1408 1392//1420 1393//1421
f 1399//1408 1393//1421 1394//1422
f 1192//1423 1186//1405 1189//1407
f 1192//1423 1189//1407 1191//1413
f 1195//1424 1197//1425 1192//1423
f 1195//1424 1192//1423 1191//1413
f 1195//1424 1191//1413 1193//1412
f 1217//1426 1202//1427 1196//1428
f 1217//1426 1196//1428 1195//1424
f 1217//1426 1195//1424 1193//1412
f 1217//1426 1193//1412 1194//1411
f 1217//1426 1194//1411 1219//1429
f 1217//1426 1219//1429 1218//1430
f 1196//1428 1199//1431 1197//1425
f 1196//1428 1197//1425 1195//1424
f 1197//1425 1198//1101 1186//1405
f 1197//1425 1186//1405 1192//1423
f 1199//1431 933//1099 1198//1101
f 1199//1431 1198//1101 1197//1425
f 1200//1432 1203//1100 933//1099
f 1200//1432 933//1099 1199//1431
f 1202//1427 1200//1432 1199//1431
f 1202//1427 1199//1431 1196//1428
f 1201//1433 1204//1434 1203//1100
f 1201//1433 1203//1100 1200//1432
f 1217//1426 1201//1433 1200//1432
f 1217//1426 1200//1432 1202//1427
f 1203//1100 1204//1434 1206//1091
f 1203//1100 1206//1091 931//1090
f 1214//1435 1205//1436 1204//1434
f 1214//1435 1204//1434 1201//1433
f 1204//1434 1205//1436 1207//1092
f 1204//1434 1207//1092 1206//1091
f 1205//1436 1209//1437 1208//1093
f 1205//1436 1208//1093 1207//1092
f 1209//1437 1210//1086 926//1087
f 1209//1437 926//1087 1208//1093
f 1211//1438 1209//1437 1205//1436
f 1211//1438 1205//1436 1214//1435
f 1212//1439 1210//1086 1209//1437
f 1212//1439 1209//1437 1211//1438
f 1255//1440 1212//1439 1211//1438
f 1255//1440 1211//1438 1213//1441
f 1213//1441 1211//1438 1214//1435
f 1213//1441 1214//1435 1215//1442
f 1215//1442 1214//1435 1201//1433
f 1215//1442 1201//1433 1217//1426
f 1213//1441 1215//1442 1216//1443
f 1213//1441 1216//1443 1258//1444
f 1215//1442 1217//1426 1218//1430
f 1215//1442 1218//1430 1220//1445
f 1215//1442 1220//1445 1216//1443
f 1221//1446 1220//1447 1218//1448
f 1221//1446 1218//1448 1219//1429
f 1221//1446 1219//1429 1334//1449
f 1221//1446 1334//1449 1222//1450
f 1221//1446 1223//1451 1257//1452
f 1221//1446 1257//1452 1258//1453
f 1221//1446 1258//1453 1216//1454
f 1221//1446 1216//1454 1220//1447
f 1224//1455 1221//1446 1222//1450
f 1224//1455 1222//1450 1225//1456
f 1224//1455 1227//1457 1223//1451
f 1224//1455 1223//1451 1221//1446
f 1224//1455 1225//1456 1322//1458
f 1224//1455 1322//1458 1324//1308
f 1224//1455 1324//1308 1089//1307
f 1224//1455 1089//1307 1226//1306
f 1227//1457 1224//1455 1226//1306
f 1227//1457 1226//1306 1228//1305
f 1227//1457 1228//1305 1271//1304
f 1227//1457 1271//1304 1232//1459
f 1227//1457 1232//1459 1231//1460
f 1227//1457 1231//1460 1229//1461
f 1223//1451 1227//1457 1229//1461
f 1223//1451 1229//1461 1230//1462
f 1223//1451 1230//1462 1242//1463
f 1223//1451 1242//1463 1260//1464
f 1233//1465 1234//1466 1230//1462
f 1233//1465 1230//1462 1229//1461
f 1233//1465 1229//1461 1231//1460
f 1235//1467 1233//1465 1231//1460
f 1235//1467 1231//1460 1232//1459
f 1234//1466 1233//1465 1236//1056
f 1234//1466 1236//1056 1237//1055
f 1234//1466 1237//1055 1238//1468
f 1233//1465 1235//1467 1262//1469
f 1233//1465 1262//1469 1263//1051
f 1233//1465 1263//1051 890//1050
f 1233//1465 890//1050 1236//1056
f 1240//1073 1239//1470 1238//1468
f 1240//1073 1238//1468 1237//1055
f 1240//1073 1237//1055 889//1054
f 1240//1073 889//1054 901//1061
f 1241//1471 1234//1466 1238//1468
f 1241//1471 1238//1468 1239//1470
f 1243//1472 1241//1471 1239//1470
f 1243//1472 1239//1470 1240//1073
f 1243//1472 1240//1073 1244//1072
f 1241//1471 1243//1472 1245//1473
f 1241//1471 1245//1473 1260//1464
f 1241//1471 1260//1464 1242//1463
f 1234//1466 1241//1471 1242//1463
f 1234//1466 1242//1463 1230//1462
f 1259//1075 1247//1474 1246//1475
f 1259//1075 1246//1475 1243//1472
f 1259//1075 1243//1472 1244//1072
f 1259//1075 1244//1072 914//1071
f 1251//1476 1245//1473 1243//1472
f 1251//1476 1243//1472 1246//1475
f 1251//1476 1246//1475 1248//1477
f 1251//1476 1248//1477 1249//1478
f 916//1077 1254//1479 1252//1480
f 916//1077 1252//1480 1250//1481
f 916//1077 1250//1481 1249//1482
f 916//1077 1249//1482 1248//1078
f 1249//1478 1250//1483 1251//1476
f 1223//1451 1260//1464 1245//1473
f 1223//1451 1245//1473 1251//1476
f 1223//1451 1251//1476 1250//1483
f 1223//1451 1250//1483 1252//1484
f 1223//1451 1252//1484 1253//1485
f 1223//1451 1253//1485 1257//1452
f 1254//1479 1255//1440 1253//1486
f 1254//1479 1253//1486 1252//1480
f 1254//1479 1256//1085 1212//1439
f 1254//1479 1212//1439 1255//1440
f 916//1077 919//1082 1256//1085
f 916//1077 1256//1085 1254//1479
f 1256//1085 922//1084 1210//1086
f 1256//1085 1210//1086 1212//1439
f 1255//1440 1213//1441 1258//1444
f 1255//1440 1258//1444 1257//1487
f 1255//1440 1257//1487 1253//1486
f 1259//1075 913//1076 1247//1474
f 1261//1488 1235//1467 1232//1459
f 1261//1488 1232//1459 1271//1304
f 1261//1488 1271//1304 1270//1489
f 1261//1488 1270//1489 1269//1490
f 1261//1488 1264//1491 1262//1469
f 1261//1488 1262//1469 1235//1467
f 1262//1469 1264//1491 1265//1052
f 1262//1469 1265//1052 1263//1051
f 1264//1491 1261//1488 1268//1492
f 1264//1491 1268//1492 1267//1047
f 1264//1491 1267//1047 1266//1046
f 1264//1491 1266//1046 887//1045
f 1264//1491 887//1045 1265//1052
f 1272//1493 1273//1042 881//1043
f 1272//1493 881//1043 1267//1047
f 1272//1493 1267//1047 1268//1492
f 1272//1493 1268//1492 1269//1490
f 1272//1493 1269//1490 1270//1489
f 1261//1488 1269//1490 1268//1492
f 1276//1494 1274//1495 1272//1493
f 1276//1494 1272//1493 1270//1489
f 1276//1494 1270//1489 1271//1304
f 1276//1494 1271//1304 1277//1303
f 1275//1496 1316//1497 1273//1042
f 1275//1496 1273//1042 1272//1493
f 1275//1496 1272//1493 1274//1495
f 1280//1498 1275//1496 1274//1495
f 1280//1498 1274//1495 1276//1494
f 1280//1498 1276//1494 1278//1499
f 1277//1303 1087//1297 1321//1296
f 1277//1303 1321//1296 1279//1500
f 1277//1303 1279//1500 1278//1499
f 1277//1303 1278//1499 1276//1494
f 1280//1498 1278//1499 1279//1500
f 1280//1498 1279//1500 1285//1294
f 1280//1498 1285//1294 1284//1293
f 1280//1498 1284//1293 1282//1501
f 1295//1502 1275//1496 1280//1498
f 1295//1502 1280//1498 1281//1503
f 1295//1502 1281//1503 1294//1504
f 1280//1498 1282//1501 1283//1505
f 1280//1498 1283//1505 1281//1503
f 1283//1505 1282//1501 1284//1293
f 1283//1505 1284//1293 1081//1289
f 1283//1505 1081//1289 1289//1288
f 1283//1505 1289//1288 1286//1506
f 1285//1294 1279//1500 1321//1296
f 1285//1294 1321//1296 1083//1295
f 1292//1507 1294//1504 1281//1503
f 1292//1507 1281//1503 1283//1505
f 1292//1507 1283//1505 1286//1506
f 1292//1507 1286//1506 1288//1508
f 1286//1506 1287//1284 1291//1509
f 1286//1506 1291//1509 1288//1508
f 1289//1288 1290//1282 1287//1284
f 1289//1288 1287//1284 1286//1506
f 1293//1510 1292//1507 1288//1508
f 1293//1510 1288//1508 1291//1509
f 1293//1510 1291//1509 1305//388
f 1297//1511 1295//1502 1294//1504
f 1297//1511 1294//1504 1292//1507
f 1297//1511 1292//1507 1293//1510
f 1297//1511 1293//1510 1300//1512
f 1275//1496 1295//1502 1296//1513
f 1275//1496 1296//1513 1315//1514
f 1275//1496 1315//1514 1316//1497
f 1295//1502 1297//1511 1298//1515
f 1295//1502 1298//1515 1307//1516
f 1295//1502 1307//1516 1308//1517
f 1295//1502 1308//1517 1296//1513
f 1297//1511 1299//1518 1301//1519
f 1297//1511 1301//1519 1303//434
f 1297//1511 1303//434 1298//1515
f 1297//1511 1300//1512 1299//1518
f 1304//387 1301//1519 1299//1518
f 1304//387 1299//1518 1300//1512
f 1304//387 1300//1512 1293//1510
f 1304//387 1293//1510 1305//388
f 1302//1520 1301//1519 1304//387
f 1302//1520 1304//387 286//386
f 1302//1520 286//386 288//390
f 1306//435 1303//434 1301//1519
f 1306//435 1301//1519 1302//1520
f 1317//1521 1318//385 284//384
f 1317//1521 284//384 1305//388
f 1317//1521 1305//388 1291//1509
f 1307//1516 1298//1515 1303//434
f 1307//1516 1303//434 737//433
f 1307//1516 737//433 1309//935
f 309//428 1306//435 1302//1520
f 309//428 1302//1520 307//425
f 307//425 1302//1520 288//390
f 307//425 288//390 304//392
f 1308//1517 1307//1516 1309//935
f 1308//1517 1309//935 1310//934
f 1308//1517 1310//934 1311//1522
f 1312//955 1311//1522 1310//934
f 1312//955 1310//934 739//936
f 1312//955 739//936 747//945
f 1315//1514 1296//1513 1308//1517
f 1315//1514 1308//1517 1311//1522
f 1315//1514 1311//1522 1312//955
f 1315//1514 1312//955 1313//954
f 1315//1514 1313//954 1314//1523
f 756//958 880//962 1314//1523
f 756//958 1314//1523 1313//954
f 756//958 1313//954 752//956
f 1314//1523 880//962 1273//1042
f 1314//1523 1273//1042 1316//1497
f 1314//1523 1316//1497 1315//1514
f 1320//1266 1319//1265 1317//1521
f 1320//1266 1317//1521 1291//1509
f 1320//1266 1291//1509 1287//1284
f 1318//385 1317//1521 1319//1265
f 1318//385 1319//1265 1070//1264
f 1318//385 1070//1264 282//381
f 1332//1524 1325//1525 1323//1526
f 1332//1524 1323//1526 1322//1458
f 1332//1524 1322//1458 1225//1456
f 1332//1524 1225//1456 1222//1450
f 1332//1524 1222//1450 1334//1449
f 1323//1526 1326//1314 1092//1309
f 1323//1526 1092//1309 1324//1308
f 1323//1526 1324//1308 1322//1458
f 1323//1526 1325//1525 1329//1527
f 1323//1526 1329//1527 1327//1528
f 1323//1526 1327//1528 1328//1529
f 1323//1526 1328//1529 1428//1318
f 1323//1526 1428//1318 1095//1313
f 1323//1526 1095//1313 1326//1314
f 1337//1530 1344//1531 1328//1529
f 1337//1530 1328//1529 1327//1528
f 1337//1530 1327//1528 1329//1527
f 1337//1530 1329//1527 1330//1532
f 1337//1530 1330//1532 1331//1533
f 1325//1525 1332//1524 1330//1532
f 1325//1525 1330//1532 1329//1527
f 1332//1524 1333//1534 1335//1535
f 1332//1524 1335//1535 1331//1533
f 1332//1524 1331//1533 1330//1532
f 1332//1524 1334//1449 1219//1429
f 1332//1524 1219//1429 1333//1534
f 1422//1410 1417//1536 1419//1536
f 1422//1410 1419//1536 1421//1536
f 1422//1410 1421//1536 1402//1536
f 1422//1410 1402//1536 1401//1536
f 1422//1410 1401//1536 1399//1408
f 1422//1410 1399//1408 1394//1422
f 1422//1410 1394//1422 1339//1537
f 1422//1410 1339//1537 1338//1538
f 1422//1410 1338//1538 1336//1539
f 1422//1410 1336//1539 1335//1535
f 1422//1410 1335//1535 1333//1534
f 1422//1410 1333//1534 1219//1429
f 1422//1410 1219//1429 1194//1411
f 1337//1530 1331//1533 1335//1535
f 1337//1530 1335//1535 1336//1539
f 1340//1540 1337//1530 1336//1539
f 1340//1540 1336//1539 1338//1538
f 1341//1541 1340//1540 1338//1538
f 1341//1541 1338//1538 1339//1537
f 1342//1542 1340//1540 1341//1541
f 1342//1542 1341//1541 1343//1543
f 1344//1531 1337//1530 1340//1540
f 1344//1531 1340//1540 1342//1542
f 1342//1542 1343//1543 1346//1544
f 1342//1542 1346//1544 1345//1545
f 1344//1531 1342//1542 1345//1545
f 1344//1531 1345//1545 1347//1546
f 1351//1547 1350//1548 1348//1549
f 1351//1547 1348//1549 1345//1545
f 1351//1547 1345//1545 1346//1544
f 1348//1549 1349//1550 1423//1551
f 1348//1549 1423//1551 1425//1552
f 1348//1549 1425//1552 1347//1546
f 1348//1549 1347//1546 1345//1545
f 1113//1333 1424//1332 1349//1550
f 1113//1333 1349//1550 1348//1549
f 1113//1333 1348//1549 1350//1548
f 1353//1334 1113//1333 1350//1548
f 1353//1334 1350//1548 1351//1547
f 1115//1335 1353//1334 1351//1547
f 1115//1335 1351//1547 1352//1553
f 1354//1554 1352//1553 1351//1547
f 1354//1554 1351//1547 1346//1544
f 1354//1554 1346//1544 1355//1555
f 1358//1337 1115//1335 1352//1553
f 1358//1337 1352//1553 1354//1554
f 1358//1337 1354//1554 1356//1556
f 1363//1557 1357//1558 1356//1556
f 1363//1557 1356//1556 1354//1554
f 1363//1557 1354//1554 1355//1555
f 1363//1557 1355//1555 1398//1559
f 1359//1338 1358//1337 1356//1556
f 1359//1338 1356//1556 1357//1558
f 1360//1560 1359//1338 1357//1558
f 1360//1560 1357//1558 1363//1557
f 1360//1560 1363//1557 1362//1561
f 1116//1339 1359//1338 1360//1560
f 1116//1339 1360//1560 1361//1344
f 1116//1339 1361//1344 1120//1340
f 1360//1560 1362//1561 1364//1562
f 1360//1560 1364//1562 1361//1344
f 1398//1559 1365//1563 1364//1562
f 1398//1559 1364//1562 1362//1561
f 1398//1559 1362//1561 1363//1557
f 1366//1348 1364//1562 1365//1563
f 1366//1348 1365//1563 1367//1564
f 1361//1344 1364//1562 1366//1348
f 1361//1344 1366//1348 1126//1343
f 1130//1349 1366//1348 1367//1564
f 1130//1349 1367//1564 1369//1565
f 1368//1566 1367//1564 1365//1563
f 1368//1566 1365//1563 1390//1567
f 1370//1568 1369//1565 1367//1564
f 1370//1568 1367//1564 1368//1566
f 1370//1568 1372//1569 1371//1361
f 1370//1568 1371//1361 1369//1565
f 1369//1565 1371//1361 1132//1350
f 1369//1565 1132//1350 1130//1349
f 1372//1569 1374//1372 1138//1359
f 1372//1569 1138//1359 1371//1361
f 1373//1570 1372//1569 1370//1568
f 1373//1570 1370//1568 1386//1571
f 1372//1569 1373//1570 1375//1572
f 1372//1569 1375//1572 1374//1372
f 1378//1573 1377//1574 1376//1371
f 1378//1573 1376//1371 1374//1372
f 1378//1573 1374//1372 1375//1572
f 1168//1386 1150//1367 1145//1370
f 1168//1386 1145//1370 1376//1371
f 1168//1386 1376//1371 1377//1574
f 1172//1389 1168//1386 1377//1574
f 1172//1389 1377//1574 1378//1573
f 1172//1389 1378//1573 1379//1575
f 1375//1572 1381//1415 1380//1414
f 1375//1572 1380//1414 1379//1575
f 1375//1572 1379//1575 1378//1573
f 1172//1389 1379//1575 1380//1414
f 1172//1389 1380//1414 1382//1394
f 1373//1570 1383//1416 1381//1415
f 1373//1570 1381//1415 1375//1572
f 1373//1570 1386//1571 1384//1417
f 1373//1570 1384//1417 1383//1416
f 1386//1571 1387//1576 1385//1418
f 1386//1571 1385//1418 1384//1417
f 1386//1571 1370//1568 1368//1566
f 1386//1571 1368//1566 1387//1576
f 1388//1577 1391//1419 1385//1418
f 1388//1577 1385//1418 1387//1576
f 1387//1576 1368//1566 1390//1567
f 1387//1576 1390//1567 1388//1577
f 1389//1578 1392//1420 1391//1419
f 1389//1578 1391//1419 1388//1577
f 1397//1579 1389//1578 1388//1577
f 1397//1579 1388//1577 1390//1567
f 1389//1578 1395//1580 1393//1421
f 1389//1578 1393//1421 1392//1420
f 1395//1580 1341//1541 1339//1537
f 1395//1580 1339//1537 1394//1422
f 1395//1580 1394//1422 1393//1421
f 1396//1581 1395//1580 1389//1578
f 1396//1581 1389//1578 1397//1579
f 1343//1543 1341//1541 1395//1580
f 1343//1543 1395//1580 1396//1581
f 1396//1581 1397//1579 1398//1559
f 1396//1581 1398//1559 1355//1555
f 1343//1543 1396//1581 1355//1555
f 1343//1543 1355//1555 1346//1544
f 1397//1579 1390//1567 1365//1563
f 1397//1579 1365//1563 1398//1559
f 1403//1582 1404//1583 1400//1584
f 1403//1582 1400//1584 1399//1585
f 1403//1582 1399//1585 1401//1586
f 1405//1587 1403//1582 1401//1586
f 1405//1587 1401//1586 1402//1588
f 1420//1589 1107//1590 1405//1587
f 1420//1589 1405//1587 1402//1588
f 1420//1589 1402//1588 1421//1591
f 1404//1583 1406//1592 1408//1593
f 1404//1583 1408//1593 1400//1584
f 1406//1592 1407//1594 1409//1595
f 1406//1592 1409//1595 1408//1593
f 1407//1594 1122//1596 1411//1597
f 1407//1594 1411//1597 1410//1598
f 1407//1594 1410//1598 1409//1595
f 1411//1597 1414//1599 1412//1600
f 1411//1597 1412//1600 1410//1598
f 1413//1601 1412//1600 1414//1599
f 1413//1601 1414//1599 1415//1602
f 1415//1602 1416//1603 1417//1604
f 1415//1602 1417//1604 1422//1605
f 1415//1602 1422//1605 1413//1601
f 1416//1603 1418//1606 1419//1607
f 1416//1603 1419//1607 1417//1604
f 1418//1606 1420//1589 1421//1591
f 1418//1606 1421//1591 1419//1607
f 1424//1332 1111//1331 1423//1551
f 1424//1332 1423//1551 1349//1550
f 1111//1331 1427//1330 1426//1608
f 1111//1331 1426//1608 1425//1552
f 1111//1331 1425//1552 1423//1551
f 1425//1552 1426//1608 1094//1316
f 1425//1552 1094//1316 1428//1318
f 1425//1552 1428//1318 1347//1546
f 1427//1330 1098//1317 1094//1316
f 1427//1330 1094//1316 1426//1608
f 1344//1531 1347//1546 1428//1318
f 1344//1531 1428//1318 1328//1529
f 1157//1377 1166//1165 953//1164
f 1157//1377 953//1164 1053//1236
f 1157//1377 1053//1236 1429//1609
f 1157//1377 1429//1609 1154//1378
f 1431//1356 1136//1355 1143//1362
f 1431//1356 1143//1362 1430//1250
f 1432//1259 1431//1356 1430//1250
f 1432//1259 1430//1250 1061//1249
f 1431//1356 1432//1259 1433//1261
f 1431//1356 1433//1261 1134//1352
f 1128//1346 1434//1260 1065//1258
f 1128//1346 1065//1258 1067//1257
f 1128//1346 1067//1257 1435//1275
f 1104//1278 1076//1277 1079//1287
f 1104//1278 1079//1287 1100//1300
f 1436//1253 1437//1252 1438//1610
f 1436//1253 1438//1610 1439//380
f 1436//1253 1439//380 282//381
f 1436//1253 282//381 1070//1264
f 1057//1245 1055//1244 1438//1610
f 1057//1245 1438//1610 1437//1252
f 1055//1244 1440//378 279//379
f 1055//1244 279//379 1439//380
f 1055//1244 1439//380 1438//1610
f 1440//378 1049//1227 1046//371
f 1440//378 1046//371 273//370
f 1441//369 1032//1201 1442//350
f 1441//369 1442//350 264//352
f 1006//1189 1444//1112 929//1095
f 1006//1189 929//1095 1008//1094
f 1006//1189 1001//1182 999//1123
f 1006//1189 999//1123 1454//1122
f 1006//1189 1454//1122 1453//1121
f 1006//1189 1453//1121 1452//1120
f 1006//1189 1452//1120 1451//1119
f 1006//1189 1451//1119 1450//1118
f 1006//1189 1450//1118 1449//1117
f 1006//1189 1449//1117 1448//1116
f 1006//1189 1448//1116 1447//1115
f 1006//1189 1447//1115 1446//1114
f 1006//1189 1446//1114 1445//1113
f 1006//1189 1445//1113 1444//1112
f 1456//25 36//19 1455//18
f 1456//25 1455//18 892//1057
f 189//256 186//255 1457//942
f 189//256 1457//942 744//941
f 189//256 744//941 1458//940
f 189//256 1458//940 742//939
f 189//256 742//939 1459//260
f 196//269 194//261 1459//260
f 196//269 1459//260 742//939
f 196//269 742//939 729//926
f 380//533 1463//1611 1461//923
f 380//533 1461//923 726//530
f 380//533 726//530 1462//529
f 1463//1611 1465//913 722//922
f 1463//1611 722//922 1461//923
f 382//534 1466//1612 1464//906
f 382//534 1464//906 1463//1611
f 382//534 1463//1611 380//533
f 1464//906 707//905 710//908
f 1464//906 710//908 1465//913
f 1464//906 1465//913 1463//1611
f 1464//906 1466//1612 1470//1613
f 1464//906 1470//1613 1469//1614
f 1464//906 1469//1614 1467//907
f 1473//577 1472//1615 1468//901
f 1473//577 1468//901 1467//907
f 1473//577 1467//907 1469//1614
f 1473//577 1469//1614 419//575
f 1469//1614 1470//1613 1471//538
f 1469//1614 1471//538 389//537
f 1469//1614 389//537 395//541
f 1469//1614 395//541 419//575
f 1466//1612 382//534 385//536
f 1466//1612 385//536 1471//538
f 1466//1612 1471//538 1470//1613
f 700//898 1468//901 1472//1615
f 700//898 1472//1615 1474//899
f 1472//1615 1473//577 422//576
f 1472//1615 422//576 425//579
f 1472//1615 425//579 1474//899
f 694//894 1474//899 425//579
f 694//894 425//579 691//581
f 718//848 646//338 252//334
f 718//848 252//334 1476//333
f 718//848 1476//333 1475//919
f 704//855 650//850 648//849
f 704//855 648//849 713//910
f 1479//889 685//888 1478//591
f 1479//889 1478//591 436//590
f 1479//889 436//590 1492//1616
f 1479//889 1492//1616 1480//1617
f 1483//820 1481//819 1479//889
f 1483//820 1479//889 1480//1617
f 1483//820 1480//1617 1486//1618
f 1483//820 1486//1618 1484//1619
f 1808//812 619//811 1483//820
f 1808//812 1483//820 1484//1619
f 1808//812 1484//1619 1485//1620
f 1808//812 1485//1620 1807//1621
f 1487//1622 1488//1623 1485//1620
f 1487//1622 1485//1620 1484//1619
f 1487//1622 1484//1619 1486//1618
f 1486//1618 1480//1617 1492//1616
f 1486//1618 1492//1616 1489//1624
f 1486//1618 1489//1624 1487//1622
f 1490//1625 1777//1626 1776//1626
f 1490//1625 1776//1626 1775//1626
f 1490//1625 1775//1626 1770//1626
f 1490//1625 1770//1626 1769//1626
f 1490//1625 1769//1626 1768//1626
f 1490//1625 1768//1626 1767//1626
f 1490//1625 1767//1626 1762//1626
f 1490//1625 1762//1626 1761//1626
f 1490//1625 1761//1626 1760//1627
f 1490//1625 1760//1627 475//1628
f 1490//1625 475//1628 479//1626
f 1490//1625 479//1626 483//1626
f 1490//1625 483//1626 1818//1626
f 1490//1625 1818//1626 1817//1626
f 1490//1625 1817//1626 1816//1626
f 1490//1625 1816//1626 1804//1626
f 1490//1625 1804//1626 1803//1626
f 1490//1625 1803//1626 1488//1626
f 1490//1625 1488//1626 1487//1626
f 1490//1625 1487//1626 1489//1629
f 1493//1630 1490//1625 1489//1629
f 1493//1630 1489//1629 1491//1631
f 436//590 1509//595 1507//1632
f 436//590 1507//1632 1504//1633
f 436//590 1504//1633 1503//1634
f 436//590 1503//1634 1502//1635
f 436//590 1502//1635 1499//1636
f 436//590 1499//1636 1495//1637
f 436//590 1495//1637 1494//1638
f 436//590 1494//1638 1491//1639
f 436//590 1491//1639 1489//1624
f 436//590 1489//1624 1492//1616
f 1496//1640 1493//1630 1491//1631
f 1496//1640 1491//1631 1494//1641
f 1494//1641 1495//1642 1497//1643
f 1494//1641 1497//1643 1496//1640
f 1777//1644 1490//1645 1493//1646
f 1777//1644 1493//1646 1496//1647
f 1777//1644 1496//1647 1497//1648
f 1777//1644 1497//1648 1498//1649
f 1777//1644 1498//1649 1500//1650
f 1777//1644 1500//1650 1501//1651
f 1777//1644 1501//1651 1505//1652
f 1777//1644 1505//1652 1778//1644
f 1495//1642 1499//1653 1498//1654
f 1495//1642 1498//1654 1497//1643
f 1500//1655 1498//1654 1499//1653
f 1500//1655 1499//1653 1502//1656
f 1501//1657 1500//1655 1502//1656
f 1501//1657 1502//1656 1503//1658
f 1503//1658 1504//1659 1505//1660
f 1503//1658 1505//1660 1501//1657
f 1740//1661 1763//1662 1764//1662
f 1740//1661 1764//1662 1765//1662
f 1740//1661 1765//1662 1766//1662
f 1740//1661 1766//1662 1771//1662
f 1740//1661 1771//1662 1772//1662
f 1740//1661 1772//1662 1773//1662
f 1740//1661 1773//1662 1774//1662
f 1740//1661 1774//1662 1778//1662
f 1740//1661 1778//1662 1505//1660
f 1740//1661 1505//1660 1504//1659
f 1740//1661 1504//1659 1506//1662
f 1740//1661 1506//1662 1781//1662
f 1740//1661 1781//1662 1780//1662
f 1740//1661 1780//1662 1779//1662
f 1740//1661 1779//1662 1663//1662
f 1740//1661 1663//1662 1666//1662
f 1740//1661 1666//1662 1744//1662
f 1740//1661 1744//1662 1743//1662
f 1740//1661 1743//1662 1742//1662
f 1740//1661 1742//1662 1739//1663
f 1506//1664 1504//1633 1507//1632
f 1506//1664 1507//1632 1508//1665
f 1508//1665 1507//1632 1510//1666
f 1508//1665 1510//1666 1511//1667
f 1508//1665 1511//1667 1790//1668
f 1510//1666 1507//1632 1509//595
f 1510//1666 1509//595 1512//1669
f 1514//1670 1792//1671 1511//1672
f 1514//1670 1511//1672 1510//1673
f 1514//1670 1510//1673 1512//1674
f 1514//1670 1512//1674 1513//1675
f 1512//1669 1509//595 1516//594
f 1512//1669 1516//594 1515//1676
f 1512//1669 1515//1676 1513//1677
f 1513//1675 1515//1678 1517//1679
f 1513//1675 1517//1679 1518//1680
f 1513//1675 1518//1680 1801//1681
f 1513//1675 1801//1681 1514//1670
f 1515//1676 1516//594 1519//605
f 1515//1676 1519//605 1517//1682
f 1522//1683 1518//1684 1517//1682
f 1522//1683 1517//1682 1519//605
f 1522//1683 1519//605 1521//1685
f 1521//1685 1519//605 1520//604
f 1521//1685 1520//604 1524//1686
f 1521//1685 1523//1687 1529//1688
f 1521//1685 1529//1688 1535//1689
f 1521//1685 1535//1689 1802//1690
f 1521//1685 1802//1690 1522//1683
f 1523//1687 1521//1685 1524//1686
f 1523//1687 1524//1686 1525//1691
f 1711//1692 1710//1693 1709//1694
f 1711//1692 1709//1694 1704//1694
f 1711//1692 1704//1694 1703//1694
f 1711//1692 1703//1694 1702//1694
f 1711//1692 1702//1694 1701//1694
f 1711//1692 1701//1694 1698//1694
f 1711//1692 1698//1694 1696//1694
f 1711//1692 1696//1694 1692//1694
f 1711//1692 1692//1694 1691//1694
f 1711//1692 1691//1694 1689//1695
f 1711//1692 1689//1695 1686//1696
f 1711//1692 1686//1696 1554//1694
f 1711//1692 1554//1694 1553//1694
f 1711//1692 1553//1694 1551//1694
f 1711//1692 1551//1694 1550//1694
f 1711//1692 1550//1694 1546//1694
f 1711//1692 1546//1694 1527//1694
f 1711//1692 1527//1694 1526//1694
f 1711//1692 1526//1694 1525//1694
f 1711//1692 1525//1694 1524//1694
f 1711//1692 1524//1694 1520//1694
f 1528//1697 1529//1688 1523//1687
f 1528//1697 1523//1687 1525//1691
f 1528//1697 1525//1691 1526//1698
f 1531//1699 1530//1700 1528//1697
f 1531//1699 1528//1697 1526//1698
f 1531//1699 1526//1698 1527//1701
f 1529//1688 1528//1697 1530//1700
f 1529//1688 1530//1700 1532//1702
f 1529//1688 1532//1702 1534//1703
f 1529//1688 1534//1703 1535//1689
f 1530//1700 1531//1699 1544//1704
f 1530//1700 1544//1704 1543//1705
f 1530//1700 1543//1705 1533//1706
f 1530//1700 1533//1706 1532//1702
f 1534//1707 1532//1708 1533//1709
f 1534//1707 1533//1709 1538//1710
f 1534//1707 1538//1710 1536//1711
f 1802//1712 1535//1713 1534//1707
f 1802//1712 1534//1707 1536//1711
f 1802//1712 1536//1711 1537//1714
f 1567//1715 1568//1716 1642//1716
f 1567//1715 1642//1716 1623//1716
f 1567//1715 1623//1716 1622//1716
f 1567//1715 1622//1716 1620//1716
f 1567//1715 1620//1716 1618//1716
f 1567//1715 1618//1716 1616//1716
f 1567//1715 1616//1716 1615//1716
f 1567//1715 1615//1716 1607//1716
f 1567//1715 1607//1716 1606//1716
f 1567//1715 1606//1716 1604//1716
f 1567//1715 1604//1716 1602//1717
f 1567//1715 1602//1717 1603//1718
f 1567//1715 1603//1718 1648//1716
f 1567//1715 1648//1716 1792//1716
f 1567//1715 1792//1716 1514//1716
f 1567//1715 1514//1716 1801//1716
f 1567//1715 1801//1716 1537//1716
f 1567//1715 1537//1716 1536//1716
f 1567//1715 1536//1716 1538//1716
f 1567//1715 1538//1716 1539//1716
f 1567//1715 1539//1716 1540//1716
f 1567//1715 1540//1716 1561//1716
f 1567//1715 1561//1716 1564//1716
f 1567//1715 1564//1716 1565//1719
f 1533//1709 1543//1720 1541//1721
f 1533//1709 1541//1721 1539//1722
f 1533//1709 1539//1722 1538//1710
f 1541//1721 1542//1723 1563//1724
f 1541//1721 1563//1724 1540//1725
f 1541//1721 1540//1725 1539//1722
f 1544//1704 1545//1726 1547//1727
f 1544//1704 1547//1727 1542//1728
f 1544//1704 1542//1728 1541//1729
f 1544//1704 1541//1729 1543//1705
f 1545//1726 1544//1704 1531//1699
f 1545//1726 1531//1699 1527//1701
f 1545//1726 1527//1701 1546//1730
f 1548//1731 1547//1727 1545//1726
f 1548//1731 1545//1726 1546//1730
f 1548//1731 1546//1730 1550//1732
f 1547//1727 1548//1731 1549//1733
f 1547//1727 1549//1733 1562//1734
f 1547//1727 1562//1734 1563//1735
f 1547//1727 1563//1735 1542//1728
f 1552//1736 1549//1733 1548//1731
f 1552//1736 1548//1731 1550//1732
f 1552//1736 1550//1732 1551//1737
f 1555//1738 1557//1739 1552//1736
f 1555//1738 1552//1736 1551//1737
f 1555//1738 1551//1737 1553//1740
f 1687//1741 1556//1742 1555//1738
f 1687//1741 1555//1738 1553//1740
f 1687//1741 1553//1740 1554//1743
f 1557//1739 1555//1738 1556//1742
f 1557//1739 1556//1742 1734//1744
f 1557//1739 1734//1744 1559//1745
f 1557//1739 1559//1745 1558//1746
f 1549//1733 1552//1736 1557//1739
f 1549//1733 1557//1739 1558//1746
f 1549//1733 1558//1746 1560//1747
f 1549//1733 1560//1747 1562//1734
f 1560//1748 1558//1749 1559//1750
f 1560//1748 1559//1750 1564//1751
f 1560//1748 1564//1751 1561//1752
f 1563//1724 1562//1753 1560//1748
f 1563//1724 1560//1748 1561//1752
f 1563//1724 1561//1752 1540//1725
f 1559//1750 1734//1754 1733//1755
f 1559//1750 1733//1755 1566//1756
f 1559//1750 1566//1756 1565//1757
f 1559//1750 1565//1757 1564//1751
f 1602//1717 1600//1758 1598//1758
f 1602//1717 1598//1758 1599//1758
f 1602//1717 1599//1758 1793//1758
f 1602//1717 1793//1758 1794//1758
f 1602//1717 1794//1758 1586//1758
f 1602//1717 1586//1758 1796//1758
f 1602//1717 1796//1758 1797//1758
f 1602//1717 1797//1758 1799//1758
f 1602//1717 1799//1758 1570//1758
f 1602//1717 1570//1758 1569//1758
f 1602//1717 1569//1758 1567//1715
f 1602//1717 1567//1715 1565//1719
f 1602//1717 1565//1719 1566//1758
f 1602//1717 1566//1758 1680//1758
f 1602//1717 1680//1758 1678//1758
f 1602//1717 1678//1758 1676//1758
f 1602//1717 1676//1758 1674//1758
f 1602//1717 1674//1758 1673//1758
f 1602//1717 1673//1758 1656//1758
f 1602//1717 1656//1758 1655//1758
f 1602//1717 1655//1758 1653//1758
f 1602//1717 1653//1758 1651//1758
f 1602//1717 1651//1758 1649//1758
f 1602//1717 1649//1758 1603//1718
f 1568//1759 1567//1760 1569//1761
f 1568//1759 1569//1761 1571//1762
f 1568//1759 1571//1762 1572//1763
f 1568//1759 1572//1763 1641//1764
f 1568//1759 1641//1764 1640//1765
f 1569//1761 1570//1766 1574//1767
f 1569//1761 1574//1767 1573//1768
f 1569//1761 1573//1768 1571//1762
f 1572//1769 1571//1770 1573//1771
f 1572//1769 1573//1771 1575//1772
f 1572//1769 1575//1772 1576//1773
f 1573//1771 1574//1774 1578//1775
f 1573//1771 1578//1775 1577//1776
f 1573//1771 1577//1776 1575//1772
f 1578//1775 1800//1777 1798//1778
f 1578//1775 1798//1778 1580//1779
f 1578//1775 1580//1779 1579//1780
f 1578//1775 1579//1780 1577//1776
f 1580//1779 1584//1781 1583//1782
f 1580//1779 1583//1782 1581//1783
f 1580//1779 1581//1783 1579//1780
f 1583//1782 1585//1784 1582//1785
f 1583//1782 1582//1785 1581//1783
f 1796//1786 1586//1787 1585//1788
f 1796//1786 1585//1788 1583//1789
f 1796//1786 1583//1789 1584//1790
f 1585//1784 1587//1791 1589//1792
f 1585//1784 1589//1792 1582//1785
f 1586//1787 1794//1793 1588//1794
f 1586//1787 1588//1794 1587//1795
f 1586//1787 1587//1795 1585//1788
f 1587//1791 1588//1796 1591//1797
f 1587//1791 1591//1797 1590//1798
f 1587//1791 1590//1798 1589//1792
f 1591//1797 1795//1799 1595//1800
f 1591//1797 1595//1800 1594//1801
f 1591//1797 1594//1801 1592//1802
f 1591//1797 1592//1802 1590//1798
f 1594//1801 1596//1803 1597//1804
f 1594//1801 1597//1804 1593//1805
f 1594//1801 1593//1805 1592//1802
f 1599//1806 1598//1807 1596//1808
f 1599//1806 1596//1808 1594//1809
f 1599//1806 1594//1809 1595//1810
f 1598//1807 1600//1811 1601//1812
f 1598//1807 1601//1812 1597//1813
f 1598//1807 1597//1813 1596//1808
f 1600//1811 1602//1814 1604//1815
f 1600//1811 1604//1815 1605//1816
f 1600//1811 1605//1816 1646//1817
f 1600//1811 1646//1817 1647//1818
f 1600//1811 1647//1818 1601//1812
f 1604//1815 1606//1819 1608//1820
f 1604//1815 1608//1820 1609//1821
f 1604//1815 1609//1821 1605//1816
f 1606//1819 1607//1822 1612//1822
f 1606//1819 1612//1822 1610//1823
f 1606//1819 1610//1823 1608//1820
f 1609//1824 1608//1825 1610//1826
f 1609//1824 1610//1826 1611//1827
f 1609//1824 1611//1827 1643//1828
f 1610//1826 1612//1829 1613//1830
f 1610//1826 1613//1830 1614//1831
f 1610//1826 1614//1831 1633//1832
f 1610//1826 1633//1832 1611//1827
f 1607//1822 1615//1833 1613//1834
f 1607//1822 1613//1834 1612//1822
f 1615//1833 1616//1835 1617//1836
f 1615//1833 1617//1836 1614//1837
f 1615//1833 1614//1837 1613//1834
f 1616//1835 1618//1838 1619//1839
f 1616//1835 1619//1839 1634//1840
f 1616//1835 1634//1840 1617//1836
f 1621//1841 1631//1842 1619//1839
f 1621//1841 1619//1839 1618//1838
f 1621//1841 1618//1838 1620//1843
f 1620//1843 1622//1844 1624//1845
f 1620//1843 1624//1845 1626//1846
f 1620//1843 1626//1846 1621//1841
f 1622//1844 1623//1847 1625//1848
f 1622//1844 1625//1848 1624//1845
f 1626//1849 1624//1850 1625//1851
f 1626//1849 1625//1851 1635//1852
f 1626//1849 1635//1852 1628//1853
f 1626//1849 1628//1853 1627//1854
f 1631//1855 1621//1856 1626//1849
f 1631//1855 1626//1849 1627//1854
f 1631//1855 1627//1854 1629//1857
f 1629//1857 1630//1858 1619//1859
f 1629//1857 1619//1859 1631//1855
f 1634//1860 1619//1859 1630//1858
f 1634//1860 1630//1858 1632//1861
f 1614//1831 1617//1862 1634//1860
f 1614//1831 1634//1860 1632//1861
f 1614//1831 1632//1861 1633//1832
f 1635//1852 1639//1863 1638//1864
f 1635//1852 1638//1864 1636//1865
f 1635//1852 1636//1865 1628//1853
f 1638//1864 1640//1866 1641//1867
f 1638//1864 1641//1867 1637//1868
f 1638//1864 1637//1868 1636//1865
f 1642//1869 1568//1759 1640//1765
f 1642//1869 1640//1765 1638//1870
f 1642//1869 1638//1870 1639//1871
f 1641//1867 1572//1769 1576//1773
f 1641//1867 1576//1773 1637//1868
f 1623//1847 1642//1869 1639//1871
f 1623//1847 1639//1871 1635//1872
f 1623//1847 1635//1872 1625//1848
f 1646//1873 1605//1874 1609//1824
f 1646//1873 1609//1824 1643//1828
f 1646//1873 1643//1828 1644//1875
f 1647//1876 1646//1873 1644//1875
f 1647//1876 1644//1875 1645//1877
f 1597//1804 1601//1878 1647//1876
f 1597//1804 1647//1876 1645//1877
f 1597//1804 1645//1877 1593//1805
f 1648//1879 1603//1880 1649//1881
f 1648//1879 1649//1881 1650//1882
f 1648//1879 1650//1882 1788//1883
f 1648//1879 1788//1883 1789//1884
f 1649//1881 1651//1885 1652//1886
f 1649//1881 1652//1886 1786//1887
f 1649//1881 1786//1887 1650//1882
f 1651//1885 1653//1888 1654//1889
f 1651//1885 1654//1889 1791//1890
f 1651//1885 1791//1890 1652//1886
f 1653//1888 1655//1891 1657//1892
f 1653//1888 1657//1892 1659//1893
f 1653//1888 1659//1893 1654//1889
f 1655//1891 1656//1894 1671//1895
f 1655//1891 1671//1895 1658//1896
f 1655//1891 1658//1896 1657//1892
f 1659//1897 1657//1898 1658//1899
f 1659//1897 1658//1899 1664//1900
f 1659//1897 1664//1900 1662//1901
f 1659//1897 1662//1901 1660//1902
f 1791//1903 1654//1904 1659//1897
f 1791//1903 1659//1897 1660//1902
f 1791//1903 1660//1902 1661//1905
f 1791//1903 1661//1905 1783//1906
f 1661//1905 1660//1902 1662//1901
f 1661//1905 1662//1901 1663//1907
f 1661//1905 1663//1907 1779//1908
f 1662//1901 1664//1900 1665//1909
f 1662//1901 1665//1909 1666//1910
f 1662//1901 1666//1910 1663//1907
f 1658//1899 1671//1911 1669//1912
f 1658//1899 1669//1912 1667//1913
f 1658//1899 1667//1913 1665//1909
f 1658//1899 1665//1909 1664//1900
f 1665//1909 1667//1913 1668//1914
f 1665//1909 1668//1914 1744//1915
f 1665//1909 1744//1915 1666//1910
f 1669//1912 1670//1916 1672//1917
f 1669//1912 1672//1917 1747//1918
f 1669//1912 1747//1918 1668//1914
f 1669//1912 1668//1914 1667//1913
f 1656//1894 1673//1919 1670//1920
f 1656//1894 1670//1920 1669//1921
f 1656//1894 1669//1921 1671//1895
f 1673//1919 1674//1922 1675//1923
f 1673//1919 1675//1923 1672//1924
f 1673//1919 1672//1924 1670//1920
f 1674//1922 1676//1925 1677//1926
f 1674//1922 1677//1926 1748//1927
f 1674//1922 1748//1927 1675//1923
f 1678//1928 1679//1929 1735//1930
f 1678//1928 1735//1930 1677//1926
f 1678//1928 1677//1926 1676//1925
f 1684//1931 1679//1929 1678//1928
f 1684//1931 1678//1928 1680//1932
f 1684//1931 1680//1932 1681//1933
f 1684//1931 1681//1933 1683//1934
f 1733//1755 1682//1935 1681//1933
f 1733//1755 1681//1933 1680//1932
f 1733//1755 1680//1932 1566//1756
f 1687//1741 1685//637 1683//1936
f 1687//1741 1683//1936 1681//1937
f 1687//1741 1681//1937 1682//1938
f 1683//1936 1685//637 473//636
f 1683//1936 473//636 1684//1939
f 1554//1743 1686//638 1685//637
f 1554//1743 1685//637 1687//1741
f 1556//1742 1687//1741 1682//1938
f 1556//1742 1682//1938 1733//1940
f 1556//1742 1733//1940 1734//1744
f 1688//1941 1686//1696 1689//1695
f 1688//1941 1689//1695 1690//1942
f 1693//1943 468//1944 1731//1945
f 1693//1943 1731//1945 1730//1946
f 1693//1943 1730//1946 1728//1947
f 1693//1943 1728//1947 1726//1948
f 1693//1943 1726//1948 1724//1949
f 1693//1943 1724//1949 1690//1950
f 1693//1943 1690//1950 1689//1951
f 1693//1943 1689//1951 1691//1952
f 1694//1953 1693//1943 1691//1952
f 1694//1953 1691//1952 1692//1953
f 1695//1954 1694//1953 1692//1953
f 1695//1954 1692//1953 1696//1954
f 1697//1955 1695//1954 1696//1954
f 1697//1955 1696//1954 1698//1955
f 1699//1956 1697//1955 1698//1955
f 1699//1956 1698//1955 1701//1956
f 1700//1957 1699//1956 1701//1956
f 1700//1957 1701//1956 1702//1957
f 1705//1958 1700//1957 1702//1957
f 1705//1958 1702//1957 1703//1958
f 1706//1959 1705//1958 1703//1958
f 1706//1959 1703//1958 1704//1959
f 1707//1960 1706//1959 1704//1959
f 1707//1960 1704//1959 1709//1961
f 1709//1961 1710//1962 1712//1963
f 1709//1961 1712//1963 1714//1964
f 1709//1961 1714//1964 1716//1965
f 1709//1961 1716//1965 1717//1966
f 1709//1961 1717//1966 1722//1967
f 1709//1961 1722//1967 1723//1968
f 1709//1961 1723//1968 1708//1969
f 1709//1961 1708//1969 1707//1960
f 1712//1970 1710//1693 1711//1692
f 1712//1970 1711//1692 1713//1971
f 1713//1971 1715//1972 1714//1973
f 1713//1971 1714//1973 1712//1970
f 1715//1972 1718//1974 1716//1975
f 1715//1972 1716//1975 1714//1973
f 1717//1976 1716//1975 1718//1974
f 1717//1976 1718//1974 1719//1977
f 1722//1978 1717//1976 1719//1977
f 1722//1978 1719//1977 1720//1979
f 1720//1979 1721//1980 1723//1981
f 1720//1979 1723//1981 1722//1978
f 1721//1980 438//610 1708//609
f 1721//1980 1708//609 1723//1981
f 1690//1942 1724//1982 1725//1983
f 1690//1942 1725//1983 1688//1941
f 1724//1982 1726//1984 1727//1985
f 1724//1982 1727//1985 1725//1983
f 1729//1986 1727//1985 1726//1984
f 1729//1986 1726//1984 1728//1987
f 1732//1988 1729//1986 1728//1987
f 1732//1988 1728//1987 1730//1989
f 469//634 1732//1988 1730//1989
f 469//634 1730//1989 1731//633
f 1684//1939 473//636 1736//651
f 1684//1939 1736//651 1679//1990
f 1679//1990 1736//651 1737//660
f 1679//1990 1737//660 1735//1991
f 1748//1992 1677//1993 1735//1991
f 1748//1992 1735//1991 1737//660
f 1748//1992 1737//660 1738//1994
f 1748//1992 1738//1994 1746//1995
f 1738//1994 1737//660 1739//659
f 1738//1994 1739//659 1742//1996
f 1750//1997 1740//1661 1739//1663
f 1750//1997 1739//1663 1741//1998
f 1745//1999 1746//1995 1738//1994
f 1745//1999 1738//1994 1742//1996
f 1745//1999 1742//1996 1743//2000
f 1668//1914 1747//1918 1745//1999
f 1668//1914 1745//1999 1743//2000
f 1668//1914 1743//2000 1744//1915
f 1672//1917 1675//2001 1748//1992
f 1672//1917 1748//1992 1746//1995
f 1672//1917 1746//1995 1745//1999
f 1672//1917 1745//1999 1747//1918
f 1751//2002 1750//1997 1741//1998
f 1751//2002 1741//1998 1749//2003
f 1763//2004 1740//2005 1750//2006
f 1763//2004 1750//2006 1751//2007
f 1763//2004 1751//2007 1752//2008
f 1763//2004 1752//2008 1753//2009
f 1763//2004 1753//2009 1758//2010
f 1763//2004 1758//2010 1759//2011
f 1763//2004 1759//2011 1760//2012
f 1763//2004 1760//2012 1761//2004
f 1749//2003 1754//2013 1752//2014
f 1749//2003 1752//2014 1751//2002
f 1753//2015 1752//2014 1754//2013
f 1753//2015 1754//2013 1755//2016
f 1758//2017 1753//2015 1755//2016
f 1758//2017 1755//2016 1756//2018
f 1759//2019 1758//2017 1756//2018
f 1759//2019 1756//2018 1757//2020
f 1757//2020 475//1628 1760//1627
f 1757//2020 1760//1627 1759//2019
f 1764//2021 1763//2004 1761//2004
f 1764//2021 1761//2004 1762//2021
f 1765//2022 1764//2021 1762//2021
f 1765//2022 1762//2021 1767//2022
f 1766//2023 1765//2022 1767//2022
f 1766//2023 1767//2022 1768//2023
f 1771//2024 1766//2023 1768//2023
f 1771//2024 1768//2023 1769//2024
f 1772//2025 1771//2024 1769//2024
f 1772//2025 1769//2024 1770//2025
f 1773//2026 1772//2025 1770//2025
f 1773//2026 1770//2025 1775//2026
f 1774//2027 1773//2026 1775//2026
f 1774//2027 1775//2026 1776//2027
f 1778//1644 1774//2027 1776//2027
f 1778//1644 1776//2027 1777//1644
f 1782//2028 1783//1906 1661//1905
f 1782//2028 1661//1905 1779//1908
f 1782//2028 1779//1908 1780//2029
f 1785//2030 1784//2031 1782//2028
f 1785//2030 1782//2028 1780//2029
f 1785//2030 1780//2029 1781//2032
f 1786//2033 1652//2034 1791//1903
f 1786//2033 1791//1903 1783//1906
f 1786//2033 1783//1906 1782//2028
f 1786//2033 1782//2028 1784//2031
f 1788//2035 1650//2036 1786//2033
f 1788//2035 1786//2033 1784//2031
f 1788//2035 1784//2031 1785//2030
f 1788//2035 1785//2030 1787//2037
f 1508//1665 1787//2037 1785//2030
f 1508//1665 1785//2030 1781//2032
f 1508//1665 1781//2032 1506//1664
f 1790//1668 1789//2038 1788//2035
f 1790//1668 1788//2035 1787//2037
f 1790//1668 1787//2037 1508//1665
f 1789//1884 1790//2039 1511//1672
f 1789//1884 1511//1672 1792//1671
f 1789//1884 1792//1671 1648//1879
f 1793//2040 1599//1806 1595//1810
f 1793//2040 1595//1810 1795//2041
f 1794//1793 1793//2040 1795//2041
f 1794//1793 1795//2041 1591//2042
f 1794//1793 1591//2042 1588//1794
f 1797//2043 1796//1786 1584//1790
f 1797//2043 1584//1790 1580//2044
f 1797//2043 1580//2044 1798//2045
f 1799//2046 1797//2043 1798//2045
f 1799//2046 1798//2045 1800//2046
f 1570//1766 1799//2046 1800//2046
f 1570//1766 1800//2046 1578//2047
f 1570//1766 1578//2047 1574//1767
f 1537//1714 1801//1681 1518//1680
f 1537//1714 1518//1680 1522//2048
f 1537//1714 1522//2048 1802//1712
f 1488//1623 1803//2049 1805//2050
f 1488//1623 1805//2050 1807//1621
f 1488//1623 1807//1621 1485//1620
f 1803//2049 1804//2051 1811//2052
f 1803//2049 1811//2052 1806//2053
f 1803//2049 1806//2053 1805//2050
f 1810//709 1809//708 1808//812
f 1810//709 1808//812 1807//1621
f 1810//709 1807//1621 1805//2050
f 1810//709 1805//2050 1806//2053
f 1814//703 508//702 1810//709
f 1814//703 1810//709 1806//2053
f 1814//703 1806//2053 1811//2052
f 1814//703 1811//2052 1812//2054
f 1804//2051 1816//2055 1813//2056
f 1804//2051 1813//2056 1812//2054
f 1804//2051 1812//2054 1811//2052
f 1822//697 504//696 1814//703
f 1822//697 1814//703 1812//2054
f 1822//697 1812//2054 1813//2056
f 1822//697 1813//2056 1815//2057
f 1816//2055 1817//2058 1819//2059
f 1816//2055 1819//2059 1815//2057
f 1816//2055 1815//2057 1813//2056
f 1817//2058 1818//671 485//672
f 1817//2058 485//672 1820//675
f 1817//2058 1820//675 1819//2059
f 1821//674 500//694 1822//697
f 1821//674 1822//697 1815//2057
f 1821//674 1815//2057 1819//2059
f 1821//674 1819//2059 1820//675
f 1832//801 1830//2060 1829//342
f 1832//801 1829//342 1827//341
f 1832//801 1827//341 1828//837
f 1830//2060 1833//353 263//348
f 1830//2060 263//348 256//343
f 1830//2060 256//343 1829//342
f 1832//801 600//790 1831//789
f 1832//801 1831//789 1830//2060
f 1830//2060 1831//789 1834//354
f 1830//2060 1834//354 1833//353
f 1831//789 596//785 1839//358
f 1831//789 1839//358 266//355
f 1831//789 266//355 1834//354
f 606//800 1832//801 1828//837
f 606//800 1828//837 630//831
f 606//800 630//831 627//829
f 527//728 1838//731 1837//779
f 527//728 1837//779 1836//798
f 527//728 1836//798 1835//797
f 580//778 602//792 1836//798
f 580//778 1836//798 1837//779
f 594//781 598//787 602//792
f 594//781 602//792 580//778
f 1841//760 1843//759 1844//2061
f 1841//760 1844//2061 1846//645
f 1841//760 1846//645 1847//629
f 1841//760 1847//629 1842//628
f 1845//2062 1844//2061 1843//759
f 1845//2062 1843//759 546//747
f 1845//2062 546//747 542//743
f 1844//2061 1845//2062 1848//2063
f 1844//2061 1848//2063 1849//649
f 1844//2061 1849//649 472//646
f 1844//2061 472//646 1846//645
f 1850//2064 1848//2063 1845//2062
f 1850//2064 1845//2062 542//743
f 1850//2064 542//743 538//739
f 1848//2063 1850//2064 1851//679
f 1848//2063 1851//679 1852//663
f 1848//2063 1852//663 477//650
f 1848//2063 477//650 1849//649
f 490//680 1851//679 1850//2064
f 490//680 1850//2064 538//739
f 490//680 538//739 495//681
f 149//205 1875//210 223//303
f 149//205 223//303 1876//304
f 149//205 1876//304 1878//2065
f 149//205 1878//2065 1879//2066
f 149//205 1879//2066 1883//204
f 1878//2065 1876//304 1877//186
f 1878//2065 1877//186 128//188
f 1878//2065 128//188 1880//194
f 1879//2066 1878//2065 1880//194
f 1879//2066 1880//194 1881//193
f 1884//203 1883//204 1879//2066
f 1884//203 1879//2066 1881//193
f 1884//203 1881//193 1882//192
f 1884//203 1882//192 141//199
f 221//298 1885//209 148//208
f 221//298 148//208 1889//207
f 221//298 1889//207 1887//2067
f 1886//299 221//298 1887//2067
f 1886//299 1887//2067 1888//2068
f 151//206 158//214 1888//2068
f 151//206 1888//2068 1887//2067
f 151//206 1887//2067 1889//207
f 1891//2069 218//296 1886//299
f 1891//2069 1886//299 1888//2068
f 1891//2069 1888//2068 1890//2070
f 158//214 162//218 1892//236
f 158//214 1892//236 1890//2070
f 158//214 1890//2070 1888//2068
f 1894//2071 1891//2069 1890//2070
f 1894//2071 1890//2070 1892//236
f 1894//2071 1892//236 1893//235
f 1894//2071 1893//235 173//234
f 1894//2071 173//234 175//237
f 1894//2071 175//237 1896//241
f 1894//2071 1895//297 218//296
f 1894//2071 218//296 1891//2069
f 1895//297 1894//2071 1896//241
f 1895//297 1896//241 1897//240
f 1895//297 1897//240 1898//295
f 114//163 130//189 126//168
f 114//163 126//168 116//164
