# foot.dae material 黑色足端_007-effect
# rgba 0 0 0 1
v 0.007183 -0.010065 -0.018538
v 0.008149 -0.010059 -0.017904
v 0.007020 -0.010260 -0.018528
v 0.002360 -0.010156 -0.020141
v 0.001540 -0.011371 -0.019741
v 0.001675 -0.010132 -0.020227
v -0.000722 -0.014997 -0.018434
v -0.001059 -0.015570 -0.018221
v -0.000800 -0.012064 -0.019539
v -0.002622 -0.015693 -0.018101
v -0.003042 -0.015729 -0.018042
v -0.001670 -0.013280 -0.019041
v -0.001525 0.015659 -0.018202
v -0.001060 0.015623 -0.018221
v -0.000799 0.012123 -0.019533
v 0.000657 0.012790 -0.019256
v 0.002361 0.010218 -0.020136
v 0.002573 0.010018 -0.020186
v 0.001677 0.010196 -0.020223
v 0.002844 0.009948 -0.020170
v 0.004013 0.009933 -0.019928
v 0.004267 0.008310 -0.020461
v 0.013603 0.000948 -0.014981
v 0.012677 0.002114 -0.016125
v 0.012924 0.002702 -0.015719
v 0.008917 -0.015244 -0.013412
v 0.010599 -0.012734 -0.013375
v 0.010105 -0.015243 -0.011832
v 0.012069 -0.010614 -0.013228
v 0.011992 -0.012469 -0.011634
v 0.012877 -0.010058 -0.012536
v 0.012245 -0.010110 -0.013406
v 0.013378 -0.008293 -0.013070
v 0.012243 -0.010066 -0.013444
v 0.012194 -0.009900 -0.013647
v 0.012073 -0.009832 -0.013868
v 0.012119 -0.008291 -0.014837
v 0.010584 -0.008203 -0.016727
v 0.010679 -0.008271 -0.016591
v 0.009959 -0.009827 -0.016446
v 0.012048 -0.009831 -0.013903
v 0.010756 -0.009828 -0.015561
v 0.010766 -0.008287 -0.016487
v 0.010739 -0.008285 -0.016517
v 0.010739 -0.007206 -0.017018
v 0.010593 -0.007466 -0.017061
v 0.010649 -0.006173 -0.017499
v 0.010499 -0.007720 -0.017047
v 0.010335 -0.008166 -0.017007
v 0.010492 -0.007991 -0.016929
v 0.011524 -0.005714 -0.016703
v 0.010868 -0.004128 -0.017849
v 0.012353 -0.003975 -0.016195
v 0.013132 -0.002136 -0.015515
v 0.012678 -0.002059 -0.016125
v 0.013825 -0.000264 -0.014690
v 0.012725 0.000028 -0.016190
v 0.013840 -0.000216 -0.014670
v 0.013867 -0.000070 -0.014632
v 0.013825 0.000318 -0.014690
v 0.013871 0.000055 -0.014626
v 0.012188 0.004388 -0.016311
v 0.010336 0.008219 -0.017007
v 0.010489 0.007809 -0.017041
v 0.010649 0.006228 -0.017499
v 0.010533 0.007646 -0.017068
v 0.010569 0.007565 -0.017067
v 0.010593 0.007519 -0.017061
v 0.011418 0.005978 -0.016754
v 0.010867 0.004182 -0.017848
v 0.011809 0.005189 -0.016549
v 0.012120 0.008343 -0.014838
v 0.010767 0.008339 -0.016488
v 0.009958 0.009889 -0.016443
v 0.010596 0.008274 -0.016707
v 0.010503 0.008095 -0.016893
v 0.010754 0.009890 -0.015559
v 0.012046 0.009893 -0.013902
v 0.013379 0.008345 -0.013071
v 0.012138 0.009914 -0.013757
v 0.012185 0.009954 -0.013661
v 0.012872 0.010123 -0.012532
v 0.011987 0.012526 -0.011630
v 0.012055 0.010677 -0.013227
v 0.011875 0.012689 -0.011646
v 0.010393 0.013087 -0.013384
v 0.010105 0.015296 -0.011833
v 0.008917 0.015296 -0.013413
v 0.012238 0.010127 -0.013444
v 0.012202 0.010400 -0.013262
v 0.012762 0.010436 -0.012420
v 0.012138 0.010551 -0.013221
v 0.012085 0.010641 -0.013217
v 0.008146 0.010124 -0.017898
v 0.009102 0.009978 -0.017211
v 0.008531 0.008220 -0.018574
v 0.009262 0.009899 -0.017116
v 0.009341 0.009889 -0.017050
v 0.007175 0.012662 -0.017006
v 0.008519 0.010745 -0.017212
v 0.008934 0.010152 -0.017247
v 0.006858 0.009953 -0.018810
v 0.006970 0.010083 -0.018679
v 0.007181 0.010130 -0.018532
v 0.007013 0.010229 -0.018576
v 0.007016 0.010351 -0.018506
v 0.006999 0.010449 -0.018461
v 0.006934 0.010606 -0.018409
v 0.006880 0.010689 -0.018392
v 0.005684 0.012381 -0.018078
v 0.005363 0.015345 -0.016577
v 0.004906 0.015363 -0.016830
v 0.005163 0.013138 -0.017921
v 0.003656 0.015412 -0.017398
v 0.006785 0.009920 -0.018865
v 0.008231 0.008339 -0.018731
v 0.006658 0.009904 -0.018940
v 0.006444 0.008350 -0.019710
v 0.004806 0.009924 -0.019701
v 0.004510 0.008367 -0.020381
v 0.001849 0.008273 -0.020843
v 0.002673 0.009975 -0.020187
v 0.002799 0.009950 -0.020177
v -0.003048 0.015779 -0.018042
v -0.001402 0.012892 -0.019218
v 0.000149 0.010415 -0.020199
v 0.002159 0.010514 -0.020042
v 0.004036 0.007900 -0.020639
v 0.004036 0.007884 -0.020644
v 0.004192 0.008253 -0.020497
v 0.004118 0.008158 -0.020544
v 0.004086 0.008097 -0.020570
v 0.004078 0.008077 -0.020578
v 0.002315 0.007032 -0.021125
v 0.001231 0.008753 -0.020737
v 0.000365 0.010084 -0.020320
v 0.004090 0.007635 -0.020704
v 0.004138 0.007546 -0.020718
v 0.002788 0.006259 -0.021249
v 0.004393 0.006248 -0.020985
v 0.003364 0.005305 -0.021361
v 0.004507 0.004195 -0.021338
v 0.004364 0.003613 -0.021447
v 0.004869 0.002738 -0.021434
v 0.006973 0.000028 -0.020901
v 0.006262 0.000092 -0.021168
v 0.006218 0.000270 -0.021182
v 0.006942 0.002113 -0.020828
v 0.006199 0.000318 -0.021188
v 0.005306 0.001962 -0.021389
v 0.005809 -0.000983 -0.021296
v 0.006943 -0.002058 -0.020828
v 0.005687 -0.001207 -0.021323
v 0.005442 -0.001655 -0.021369
v 0.005930 -0.000759 -0.021266
v 0.006199 -0.000264 -0.021188
v 0.006255 -0.000090 -0.021170
v 0.004562 -0.003217 -0.021447
v 0.004816 -0.002772 -0.021438
v 0.006563 -0.003432 -0.020831
v 0.004943 -0.002549 -0.021429
v 0.005068 -0.002326 -0.021418
v 0.005318 -0.001879 -0.021388
v 0.004508 -0.004140 -0.021339
v 0.004434 -0.003439 -0.021448
v 0.004305 -0.003661 -0.021446
v 0.002994 -0.005859 -0.021295
v 0.003127 -0.005641 -0.021321
v 0.004393 -0.006193 -0.020986
v 0.003392 -0.005204 -0.021365
v 0.003523 -0.004985 -0.021384
v 0.003655 -0.004765 -0.021400
v 0.003916 -0.004325 -0.021426
v 0.004046 -0.004104 -0.021435
v 0.002057 -0.007370 -0.021052
v 0.002192 -0.007156 -0.021093
v 0.004038 -0.007764 -0.020663
v 0.002460 -0.006725 -0.021170
v 0.004138 -0.007493 -0.020718
v 0.002594 -0.006509 -0.021205
v 0.002727 -0.006293 -0.021237
v 0.001789 -0.007798 -0.020961
v 0.001850 -0.008220 -0.020843
v 0.001654 -0.008011 -0.020912
v 0.000983 -0.009066 -0.020632
v 0.000715 -0.009484 -0.020503
v 0.000448 -0.009900 -0.020365
v 0.001117 -0.008856 -0.020693
v 0.001251 -0.008646 -0.020752
v 0.001520 -0.008223 -0.020861
v -0.001117 -0.012371 -0.019409
v -0.000900 -0.012020 -0.019551
v -0.000081 -0.010725 -0.020064
v 0.001005 -0.012189 -0.019453
v 0.004195 -0.008203 -0.020495
v 0.004228 -0.008231 -0.020478
v 0.004012 -0.009872 -0.019931
v 0.004074 -0.008015 -0.020581
v 0.002843 -0.009888 -0.020172
v 0.002607 -0.009944 -0.020188
v 0.002500 -0.010009 -0.020178
v 0.002387 -0.010119 -0.020151
v 0.006444 -0.008298 -0.019709
v 0.004805 -0.009863 -0.019703
v 0.004510 -0.008312 -0.020381
v 0.004394 -0.008304 -0.020413
v 0.007005 -0.010117 -0.018613
v 0.006906 -0.009929 -0.018767
v 0.008231 -0.008287 -0.018730
v 0.006756 -0.009851 -0.018887
v 0.006658 -0.009842 -0.018943
v 0.006227 -0.013996 -0.016802
v 0.005545 -0.012528 -0.018042
v 0.007629 -0.011954 -0.017094
v 0.005932 -0.011970 -0.018156
v 0.007959 -0.011483 -0.017148
v 0.006882 -0.010622 -0.018405
v 0.007005 -0.010369 -0.018476
v 0.005364 -0.015292 -0.016576
v 0.004149 -0.015340 -0.017194
v 0.003657 -0.015359 -0.017398
v 0.009342 -0.009827 -0.017052
v 0.008530 -0.008166 -0.018573
v 0.009168 -0.009875 -0.017182
v 0.008998 -0.010011 -0.017248
v 0.008938 -0.010088 -0.017253
v 0.012770 -0.010370 -0.012426
v 0.012203 -0.010353 -0.013261
v 0.012230 -0.010255 -0.013307
v 0.005632 -0.005046 -0.020892
v 0.004640 -0.006690 -0.020811
v 0.008087 0.000028 -0.020375
v 0.008226 -0.000264 -0.020297
v 0.007426 -0.001846 -0.020634
v 0.007035 -0.002577 -0.020742
v 0.008291 0.000042 -0.020263
v 0.008283 -0.000081 -0.020267
v 0.008236 -0.000242 -0.020292
v 0.006179 0.004160 -0.020874
v 0.007122 0.002469 -0.020720
v 0.007977 0.000823 -0.020420
v 0.008226 0.000318 -0.020297
v 0.005175 0.005866 -0.020872
v 0.005637 0.005092 -0.020892
v 0.008282 0.008336 -0.018699
v 0.012418 0.000318 -0.016576
v 0.011731 0.002056 -0.017278
v 0.011374 0.002879 -0.017562
v 0.010965 0.003771 -0.017834
v 0.010148 0.005418 -0.018230
v 0.009283 0.007006 -0.018470
v 0.008653 0.008067 -0.018549
v 0.008482 0.008253 -0.018595
v 0.008397 0.008302 -0.018634
v 0.012432 0.000277 -0.016559
v 0.011082 -0.003469 -0.017763
v 0.011799 -0.001841 -0.017218
v 0.012418 -0.000264 -0.016576
v 0.012468 0.000002 -0.016517
v 0.012771 -0.003018 -0.015859
v 0.010309 -0.005054 -0.018167
v 0.009910 -0.005816 -0.018313
v 0.008592 -0.008099 -0.018557
v 0.008653 -0.008014 -0.018548
v 0.009505 -0.006558 -0.018425
v 0.008430 -0.008233 -0.018616
v 0.008516 -0.008174 -0.018580
v -0.024919 -0.002425 -0.000538
v -0.024940 -0.002058 -0.000736
v -0.024650 -0.004114 -0.001455
v -0.025011 -0.000097 0.000710
v -0.025011 0.000027 0.000725
v -0.025024 0.000028 0.000492
v -0.022552 -0.000898 0.007766
v -0.023178 -0.002059 0.006446
v -0.022921 -0.002653 0.006839
v -0.022960 0.008038 0.004131
v -0.022812 0.008263 0.004306
v -0.022958 0.008220 0.003963
v -0.019789 0.012825 0.005732
v -0.018200 0.015297 0.005974
v -0.019108 0.015297 0.004227
v -0.018220 0.015217 0.006024
v -0.022570 0.010152 0.002596
v -0.021878 0.011964 0.001516
v -0.022814 0.010125 0.001611
v -0.022969 0.010131 0.000470
v -0.022890 0.010323 0.000322
v -0.022338 0.010218 -0.004582
v -0.021628 0.011416 -0.005143
v -0.022122 0.010197 -0.005231
v -0.019366 0.015222 -0.006697
v -0.019129 0.015625 -0.006843
v -0.020429 0.012124 -0.007171
v -0.018342 0.015748 -0.008207
v -0.018104 0.015784 -0.008564
v -0.019610 0.013324 -0.007744
v -0.018906 -0.015607 -0.007264
v -0.019130 -0.015572 -0.006842
v -0.020433 -0.012065 -0.007174
v -0.020840 -0.012682 -0.005722
v -0.019890 -0.010370 0.008119
v -0.020035 -0.010059 0.008167
v -0.020404 -0.010337 0.007250
v -0.019107 -0.015244 0.004227
v -0.018199 -0.015244 0.005975
v -0.019782 -0.012812 0.005706
v -0.018813 -0.012593 0.007676
v -0.020307 -0.010614 0.007142
v -0.018840 -0.012469 0.007759
v -0.020316 -0.010576 0.007166
v -0.020339 -0.010495 0.007207
v -0.021778 -0.008291 0.006495
v -0.021839 -0.009828 0.004958
v -0.020906 -0.009831 0.006833
v -0.020733 -0.008293 0.008388
v -0.020814 -0.009853 0.006981
v -0.020749 -0.009893 0.007063
v -0.020579 -0.010065 0.007205
v -0.022289 -0.009827 0.003865
v -0.022677 -0.008287 0.004570
v -0.022745 -0.008266 0.004421
v -0.022957 -0.008167 0.003963
v -0.023589 -0.008167 0.001667
v -0.022600 -0.009839 0.002932
v -0.022800 -0.008222 0.004324
v -0.022570 -0.009828 0.003047
v -0.021622 -0.012543 0.001151
v -0.022340 -0.010760 0.002190
v -0.022821 -0.010060 0.001611
v -0.022573 -0.010090 0.002602
v -0.022616 -0.009915 0.002755
v -0.023084 -0.009892 0.000054
v -0.023015 -0.010023 0.000211
v -0.022976 -0.010067 0.000469
v -0.022950 -0.010152 0.000287
v -0.022882 -0.010290 0.000326
v -0.022765 -0.010538 0.000294
v -0.022726 -0.010624 0.000253
v -0.021926 -0.012313 -0.000685
v -0.020422 -0.015293 -0.000330
v -0.020458 -0.015317 -0.001027
v -0.021659 -0.012863 -0.000977
v -0.020427 -0.015359 -0.002225
v -0.023103 -0.009858 -0.000039
v -0.023603 -0.008287 0.001325
v -0.023115 -0.009842 -0.000184
v -0.023714 -0.008298 -0.000709
v -0.023458 -0.008273 -0.002955
v -0.022866 -0.009872 -0.002994
v -0.023486 -0.008312 -0.002746
v -0.023003 -0.009862 -0.002186
v -0.023118 -0.009847 -0.000683
v -0.022125 -0.010133 -0.005234
v -0.022341 -0.010156 -0.004585
v -0.022757 -0.008221 -0.005343
v -0.022473 -0.009962 -0.004414
v -0.022518 -0.009918 -0.004326
v -0.022571 -0.009888 -0.004187
v -0.022578 -0.009887 -0.004162
v -0.018105 -0.015731 -0.008563
v -0.019164 -0.013990 -0.008000
v -0.020712 -0.011525 -0.007082
v -0.022101 -0.010572 -0.004787
v -0.022202 -0.009041 -0.006034
v -0.022087 -0.009250 -0.006128
v -0.021970 -0.009459 -0.006221
v -0.021730 -0.009875 -0.006402
v -0.022946 -0.007558 -0.005346
v -0.022846 -0.007771 -0.005447
v -0.022744 -0.007984 -0.005548
v -0.022534 -0.008409 -0.005746
v -0.022425 -0.008620 -0.005843
v -0.023455 -0.008197 -0.003080
v -0.023461 -0.008125 -0.003153
v -0.023506 -0.007885 -0.003275
v -0.023577 -0.007639 -0.003279
v -0.023139 -0.007129 -0.005139
v -0.023232 -0.006914 -0.005035
v -0.023323 -0.006699 -0.004930
v -0.023630 -0.007493 -0.003228
v -0.023499 -0.006266 -0.004717
v -0.024114 -0.004517 -0.003835
v -0.023983 -0.006194 -0.003107
v -0.024245 -0.004075 -0.003609
v -0.024351 -0.004140 -0.003155
v -0.024307 -0.003854 -0.003494
v -0.024045 -0.004737 -0.003948
v -0.023901 -0.005176 -0.004171
v -0.023825 -0.005395 -0.004281
v -0.023747 -0.005613 -0.004391
v -0.023584 -0.006049 -0.004609
v -0.024749 -0.001842 -0.002436
v -0.024614 -0.002569 -0.002823
v -0.024413 -0.003449 -0.003285
v -0.024872 0.001031 -0.001969
v -0.024940 0.002113 -0.000736
v -0.024844 0.001256 -0.002090
v -0.024780 0.001704 -0.002332
v -0.024951 0.000142 -0.001514
v -0.025018 0.000028 -0.000740
v -0.024943 0.000318 -0.001570
v -0.024897 0.000807 -0.001846
v -0.024470 0.003267 -0.003161
v -0.024572 0.002822 -0.002927
v -0.024778 0.003487 -0.001088
v -0.024619 0.002599 -0.002810
v -0.024663 0.002375 -0.002691
v -0.024743 0.001928 -0.002453
v -0.024351 0.004195 -0.003156
v -0.024416 0.003490 -0.003277
v -0.024299 0.003933 -0.003508
v -0.023657 0.005911 -0.004513
v -0.023737 0.005693 -0.004404
v -0.023983 0.006249 -0.003106
v -0.023891 0.005256 -0.004184
v -0.023965 0.005036 -0.004073
v -0.024037 0.004817 -0.003961
v -0.024173 0.004376 -0.003736
v -0.024237 0.004155 -0.003622
v -0.023032 0.007423 -0.005255
v -0.023127 0.007208 -0.005152
v -0.023538 0.007816 -0.003295
v -0.023312 0.006778 -0.004942
v -0.023630 0.007546 -0.003228
v -0.023402 0.006562 -0.004836
v -0.023489 0.006345 -0.004729
v -0.022834 0.007850 -0.005459
v -0.022757 0.008274 -0.005344
v -0.022732 0.008063 -0.005560
v -0.022189 0.009120 -0.006046
v -0.021957 0.009538 -0.006232
v -0.021716 0.009954 -0.006413
v -0.022302 0.008910 -0.005951
v -0.022413 0.008699 -0.005855
v -0.022627 0.008276 -0.005659
v -0.020173 0.012426 -0.007410
v -0.020421 0.012031 -0.007258
v -0.021211 0.010779 -0.006759
v -0.020994 0.012475 -0.005609
v -0.022577 0.009948 -0.004160
v -0.022526 0.009969 -0.004306
v -0.022483 0.010008 -0.004397
v -0.022363 0.010176 -0.004560
v -0.023479 0.008066 -0.003228
v -0.023453 0.008283 -0.003045
v -0.023467 0.008357 -0.002864
v -0.023001 0.009923 -0.002184
v -0.023486 0.008367 -0.002746
v -0.023715 0.008350 -0.000709
v -0.023115 0.009908 -0.000682
v -0.022963 0.010179 0.000271
v -0.023061 0.009990 0.000115
v -0.023604 0.008339 0.001325
v -0.023105 0.009913 -0.000072
v -0.023114 0.009901 -0.000183
v -0.020806 0.014482 0.000119
v -0.021792 0.012636 -0.000827
v -0.022715 0.010689 0.000254
v -0.022835 0.010434 0.000331
v -0.020422 0.015346 -0.000331
v -0.020461 0.015384 -0.001445
v -0.020427 0.015412 -0.002226
v -0.023590 0.008221 0.001667
v -0.022612 0.009939 0.002819
v -0.022597 0.010060 0.002664
v -0.022287 0.009889 0.003865
v -0.022567 0.009889 0.003047
v -0.022598 0.009901 0.002929
v -0.020734 0.008345 0.008389
v -0.020029 0.010125 0.008164
v -0.020541 0.010171 0.007219
v -0.020738 0.009961 0.007070
v -0.020829 0.009908 0.006955
v -0.021779 0.008343 0.006495
v -0.020883 0.009894 0.006869
v -0.022699 0.008337 0.004522
v -0.022678 0.008339 0.004571
v -0.021837 0.009890 0.004958
v -0.020904 0.009893 0.006831
v -0.020297 0.010679 0.007134
v -0.020341 0.010524 0.007217
v -0.019881 0.010436 0.008114
v -0.020387 0.010419 0.007244
v -0.020436 0.010328 0.007249
v -0.018834 0.012526 0.007757
v -0.023142 0.007276 0.004308
v -0.023118 0.007520 0.004171
v -0.023537 0.006229 0.004034
v -0.023064 0.007786 0.004084
v -0.023022 0.007903 0.004091
v -0.023199 0.005786 0.005149
v -0.023946 0.004183 0.004079
v -0.023102 0.004040 0.006115
v -0.022828 0.002195 0.007111
v -0.023178 0.002114 0.006445
v -0.022385 0.000318 0.008093
v -0.023258 0.000028 0.006461
v -0.022373 0.000272 0.008114
v -0.022351 0.000124 0.008155
v -0.022385 -0.000264 0.008093
v -0.022348 -0.000000 0.008162
v -0.023136 -0.004338 0.005923
v -0.023114 -0.007512 0.004144
v -0.023537 -0.006174 0.004034
v -0.023056 -0.007757 0.004083
v -0.022928 -0.008044 0.004160
v -0.023118 -0.007467 0.004171
v -0.023200 -0.005928 0.005039
v -0.023947 -0.004128 0.004080
v -0.023187 -0.005172 0.005461
v -0.025018 -0.000779 0.000363
v -0.025014 -0.000264 0.000645
v -0.024215 -0.005818 -0.002361
v -0.024952 -0.000040 -0.001507
v -0.024943 -0.000264 -0.001570
v -0.024433 -0.005041 -0.001950
v -0.023595 -0.008284 0.001385
v -0.023588 -0.008201 0.001609
v -0.023620 -0.008015 0.001783
v -0.023823 -0.006954 0.002383
v -0.023980 -0.005368 0.003264
v -0.023978 -0.003721 0.004169
v -0.023909 -0.002816 0.004661
v -0.023808 -0.002005 0.005098
v -0.023473 -0.000264 0.006017
v -0.023444 -0.000074 0.006080
v -0.023961 0.003499 0.004319
v -0.023778 0.001866 0.005200
v -0.023473 0.000318 0.006017
v -0.023441 0.000051 0.006087
v -0.022981 0.003087 0.006633
v -0.023993 0.005084 0.003450
v -0.023956 0.005820 0.003044
v -0.023603 0.008151 0.001725
v -0.023621 0.008067 0.001783
v -0.023879 0.006598 0.002612
v -0.023587 0.008285 0.001553
v -0.023592 0.008225 0.001648
v -0.024430 0.005103 -0.001955
v -0.023928 0.006749 -0.002818
v -0.025014 0.000318 0.000645
v -0.024972 0.001900 -0.000223
v -0.024901 0.002630 -0.000622
v -0.025011 0.000136 0.000713
v -0.025014 0.000288 0.000660
v -0.010711 -0.010010 -0.017165
v -0.011126 -0.010011 -0.016935
v -0.010498 -0.008531 -0.017652
v -0.012556 -0.008533 -0.016462
v -0.018820 0.000321 -0.012550
v -0.018868 0.000154 -0.012503
v -0.018923 0.003786 -0.012213
v -0.018504 0.010291 -0.010959
v -0.017671 0.010559 -0.011747
v -0.018110 0.008568 -0.012016
v -0.017558 0.011720 -0.011362
v -0.016510 0.011057 -0.012692
v -0.015574 0.012528 -0.012979
v -0.014826 0.013673 -0.013204
v -0.013989 0.010069 -0.015103
v -0.013607 0.010070 -0.015374
v -0.014520 0.008584 -0.015123
v -0.012556 0.008586 -0.016462
v -0.009543 0.015972 -0.015970
v -0.009654 0.016277 -0.015821
v -0.007870 0.016189 -0.016652
v -0.008497 0.013349 -0.017257
v -0.008108 0.012528 -0.017673
v -0.007345 0.010853 -0.018494
v -0.007663 0.010080 -0.018597
v -0.007573 0.010118 -0.018622
v -0.006143 0.008568 -0.019543
v -0.007499 0.010169 -0.018637
v -0.007409 0.010265 -0.018644
v -0.007296 0.010507 -0.018617
v -0.006092 0.010558 -0.019031
v -0.007356 0.010349 -0.018640
v -0.007376 0.010315 -0.018643
v -0.007293 0.010524 -0.018613
v -0.007294 0.010705 -0.018558
v -0.006041 0.012222 -0.018525
v -0.010498 0.008584 -0.017652
v -0.010465 0.010068 -0.017297
v -0.007823 0.010058 -0.018538
v -0.011291 0.010070 -0.016841
v -0.017043 0.012515 -0.011561
v -0.016644 0.010853 -0.012645
v -0.016761 0.010591 -0.012636
v -0.016777 0.010491 -0.012660
v -0.016773 0.010362 -0.012713
v -0.016713 0.010180 -0.012836
v -0.016477 0.010058 -0.013096
v -0.016376 0.008579 -0.013640
v -0.016567 0.010069 -0.013010
v -0.016694 0.010154 -0.012862
v -0.015942 0.014259 -0.011952
v -0.014757 0.016188 -0.012322
v -0.013359 0.016271 -0.013476
v -0.013236 0.016276 -0.013570
v -0.018646 0.004357 -0.012414
v -0.017955 0.005713 -0.012861
v -0.016844 0.004551 -0.014045
v -0.016901 0.007630 -0.013423
v -0.016831 0.007805 -0.013442
v -0.016801 0.007989 -0.013423
v -0.016819 0.008180 -0.013357
v -0.016885 0.008327 -0.013259
v -0.016982 0.008423 -0.013144
v -0.017110 0.008465 -0.013016
v -0.017131 0.008466 -0.012996
v -0.018436 0.008457 -0.011713
v -0.018555 0.008457 -0.011587
v -0.019654 0.008445 -0.010349
v -0.016941 0.004361 -0.013987
v -0.017193 0.003863 -0.013830
v -0.018248 0.001642 -0.013060
v -0.018872 -0.000072 -0.012500
v -0.020427 0.000319 -0.010843
v -0.019601 0.002312 -0.011664
v -0.019619 -0.002217 -0.011648
v -0.020427 -0.000266 -0.010843
v -0.020465 -0.000092 -0.010801
v -0.020471 0.000088 -0.010794
v -0.018719 -0.004154 -0.012362
v -0.018829 -0.000248 -0.012541
v -0.018820 -0.000268 -0.012550
v -0.017011 -0.008385 -0.013114
v -0.016911 -0.008307 -0.013227
v -0.016376 -0.008525 -0.013640
v -0.017131 -0.008413 -0.012996
v -0.018110 -0.008514 -0.012015
v -0.018315 -0.008405 -0.011839
v -0.016834 -0.008176 -0.013330
v -0.016802 -0.008012 -0.013403
v -0.016812 -0.007836 -0.013438
v -0.016869 -0.007644 -0.013435
v -0.016844 -0.004498 -0.014045
v -0.017859 -0.002436 -0.013367
v -0.017350 -0.003493 -0.013727
v -0.018647 -0.004302 -0.012413
v -0.016942 -0.004307 -0.013986
v -0.018018 -0.005540 -0.012823
v -0.016901 -0.007577 -0.013423
v -0.016843 -0.012777 -0.011637
v -0.018155 -0.010767 -0.011118
v -0.017673 -0.010497 -0.011750
v -0.019293 -0.008996 -0.010556
v -0.019654 -0.008393 -0.010348
v -0.016598 -0.010025 -0.012977
v -0.016647 -0.010055 -0.012922
v -0.016777 -0.010449 -0.012657
v -0.016752 -0.010209 -0.012769
v -0.016704 -0.010115 -0.012848
v -0.015575 -0.012472 -0.012981
v -0.016375 -0.013515 -0.011805
v -0.014757 -0.016135 -0.012321
v -0.016725 -0.010647 -0.012631
v -0.016711 -0.010679 -0.012632
v -0.016647 -0.010794 -0.012649
v -0.015178 -0.013063 -0.013109
v -0.013545 -0.015707 -0.013508
v -0.013237 -0.016223 -0.013569
v -0.014520 -0.008531 -0.015123
v -0.014225 -0.010010 -0.014932
v -0.016477 -0.010000 -0.013096
v -0.013447 -0.010011 -0.015486
v -0.007347 -0.010793 -0.018498
v -0.007292 -0.010535 -0.018596
v -0.006094 -0.010497 -0.019034
v -0.008627 -0.013600 -0.017108
v -0.007416 -0.010934 -0.018428
v -0.008109 -0.012472 -0.017676
v -0.006043 -0.012155 -0.018532
v -0.006194 -0.012459 -0.018388
v -0.007304 -0.010437 -0.018620
v -0.007358 -0.010289 -0.018642
v -0.006143 -0.008514 -0.019543
v -0.007514 -0.010105 -0.018634
v -0.008357 -0.008525 -0.018684
v -0.007730 -0.010008 -0.018574
v -0.007823 -0.009999 -0.018539
v -0.007043 -0.014245 -0.017542
v -0.007869 -0.016135 -0.016652
v -0.009516 -0.016219 -0.015892
v -0.009653 -0.016224 -0.015821
v -0.005795 -0.011668 -0.018764
v -0.005042 -0.010268 -0.019426
v -0.003977 -0.008393 -0.020211
v -0.007436 -0.006569 -0.019448
v -0.007934 -0.007577 -0.019062
v -0.008453 -0.006442 -0.019043
v -0.007997 -0.007855 -0.018981
v -0.007932 -0.008097 -0.018958
v -0.007764 -0.008305 -0.018982
v -0.007537 -0.008406 -0.019052
v -0.007449 -0.008413 -0.019085
v -0.005563 -0.008403 -0.019759
v -0.005223 -0.002342 -0.020716
v -0.005778 -0.003371 -0.020460
v -0.006255 -0.000100 -0.020438
v -0.006233 -0.004229 -0.020220
v -0.006318 -0.000268 -0.020414
v -0.004086 -0.000267 -0.021123
v -0.006251 0.000126 -0.020439
v -0.004029 -0.000074 -0.021139
v -0.005700 0.003279 -0.020498
v -0.004508 0.001086 -0.020991
v -0.004086 0.000321 -0.021123
v -0.004033 0.000152 -0.021138
v -0.006233 0.004283 -0.020220
v -0.006306 0.000302 -0.020419
v -0.006318 0.000321 -0.020414
v -0.007450 0.008466 -0.019085
v -0.008357 0.008578 -0.018684
v -0.007687 0.008406 -0.019003
v -0.007781 0.008344 -0.018978
v -0.007878 0.008239 -0.018961
v -0.007988 0.007985 -0.018969
v -0.007978 0.007743 -0.019022
v -0.007934 0.007630 -0.019062
v -0.008520 0.004551 -0.019281
v -0.006852 0.005473 -0.019848
v -0.008425 0.004361 -0.019343
v -0.007469 0.002489 -0.019902
v -0.008014 0.003547 -0.019599
v -0.006272 0.004357 -0.020198
v -0.006297 0.004403 -0.020184
v -0.004309 0.009032 -0.019984
v -0.003977 0.008445 -0.020212
v -0.005731 0.008457 -0.019705
v -0.005320 0.010850 -0.019181
v -0.007305 0.010752 -0.018540
v -0.006189 0.012515 -0.018386
v -0.006680 0.013517 -0.017911
v -0.010495 -0.008397 -0.017684
v -0.010334 -0.008294 -0.017791
v -0.010234 -0.008144 -0.017875
v -0.009260 -0.006020 -0.018742
v -0.008728 -0.004921 -0.019138
v -0.006338 -0.004428 -0.020161
v -0.008189 -0.003839 -0.019493
v -0.007039 -0.001616 -0.020113
v -0.014565 -0.008391 -0.015124
v -0.014441 -0.008422 -0.015208
v -0.014410 -0.008423 -0.015230
v -0.012567 -0.008424 -0.016480
v -0.010642 -0.008423 -0.017600
v -0.014834 -0.008144 -0.014982
v -0.014658 -0.008339 -0.015068
v -0.015616 -0.006784 -0.014674
v -0.016789 -0.004604 -0.014077
v -0.014625 0.008413 -0.015087
v -0.014714 0.008346 -0.015037
v -0.014812 0.008233 -0.014991
v -0.014834 0.008197 -0.014982
v -0.016047 0.006056 -0.014474
v -0.016625 0.004973 -0.014171
v -0.010480 0.008443 -0.017694
v -0.010608 0.008474 -0.017618
v -0.010642 0.008475 -0.017600
v -0.012567 0.008477 -0.016480
v -0.014410 0.008475 -0.015231
v -0.010234 0.008197 -0.017875
v -0.010388 0.008391 -0.017753
v -0.009616 0.006835 -0.018447
v -0.008572 0.004656 -0.019246
v -0.020398 0.008668 -0.010969
v -0.019254 0.010524 -0.011579
v -0.018920 0.011027 -0.011730
v -0.017832 0.012570 -0.012126
v -0.016761 0.013961 -0.012359
v -0.015867 0.015022 -0.012420
v -0.015012 0.015940 -0.012359
v -0.019146 0.008668 -0.012385
v -0.017800 0.008668 -0.013712
v -0.017560 0.007807 -0.014155
v -0.017483 0.007989 -0.014178
v -0.017453 0.008198 -0.014153
v -0.017476 0.008382 -0.014085
v -0.017553 0.008540 -0.013973
v -0.017656 0.008632 -0.013854
v -0.017783 0.008668 -0.013728
v -0.019591 0.003962 -0.012944
v -0.018420 0.006256 -0.013709
v -0.021174 0.000328 -0.011499
v -0.021203 0.000238 -0.011466
v -0.021224 -0.000045 -0.011441
v -0.021174 -0.000274 -0.011499
v -0.020364 -0.002234 -0.012313
v -0.019530 -0.004035 -0.012989
v -0.019322 -0.004458 -0.013138
v -0.017560 -0.007753 -0.014155
v -0.017800 -0.008615 -0.013712
v -0.017670 -0.008585 -0.013839
v -0.017552 -0.008485 -0.013974
v -0.017476 -0.008329 -0.014085
v -0.017453 -0.008135 -0.014155
v -0.017481 -0.007945 -0.014178
v -0.019146 -0.008615 -0.012385
v -0.020398 -0.008615 -0.010969
v -0.020145 -0.009048 -0.011116
v -0.018920 -0.010973 -0.011730
v -0.015649 -0.015213 -0.012415
v -0.016560 -0.014155 -0.012383
v -0.017415 -0.013072 -0.012236
v -0.018373 -0.011767 -0.011949
v -0.022096 -0.010973 -0.007148
v -0.022657 -0.010063 -0.006750
v -0.024062 -0.007339 -0.005479
v -0.024593 -0.006062 -0.004845
v -0.024912 -0.005183 -0.004395
v -0.025451 -0.003367 -0.003431
v -0.025517 -0.003093 -0.003281
v -0.025966 -0.000274 -0.001699
v -0.018279 -0.015567 -0.008551
v -0.021136 -0.012357 -0.007709
v -0.020179 -0.013561 -0.008126
v -0.019222 -0.014627 -0.008405
v -0.025972 -0.000183 -0.001655
v -0.025976 0.000097 -0.001623
v -0.025966 0.000328 -0.001699
v -0.025902 0.000977 -0.002070
v -0.025746 0.002040 -0.002670
v -0.025330 0.003882 -0.003680
v -0.025090 0.004694 -0.004112
v -0.024798 0.005561 -0.004563
v -0.024164 0.007163 -0.005367
v -0.022882 0.009727 -0.006575
v -0.023714 0.008142 -0.005839
v -0.022096 0.011027 -0.007148
v -0.021871 0.011371 -0.007294
v -0.020933 0.012678 -0.007809
v -0.020079 0.013732 -0.008161
v -0.019089 0.014819 -0.008433
v 0.006526 0.000328 -0.022164
v 0.006568 0.000236 -0.022150
v 0.006599 -0.000044 -0.022140
v 0.006526 -0.000274 -0.022164
v 0.002428 -0.007138 -0.022116
v 0.006178 -0.000899 -0.022263
v 0.005545 -0.002006 -0.022386
v 0.004479 -0.003807 -0.022444
v 0.003960 -0.004664 -0.022413
v 0.003438 -0.005515 -0.022345
v 0.001828 -0.008086 -0.021920
v 0.000786 -0.009704 -0.021478
v -0.000050 -0.010973 -0.021026
v -0.001013 -0.012416 -0.020366
v -0.001874 -0.013731 -0.019599
v -0.002543 -0.014814 -0.018826
v -0.006373 -0.012536 -0.019328
v -0.007046 -0.013931 -0.018459
v -0.004218 -0.008615 -0.021150
v -0.005272 -0.010495 -0.020372
v -0.005538 -0.010973 -0.020149
v -0.007486 -0.014990 -0.017678
v -0.007798 -0.015900 -0.016884
v -0.006031 -0.008615 -0.020635
v -0.007807 -0.008615 -0.019998
v -0.008365 -0.007935 -0.019914
v -0.008310 -0.007753 -0.019973
v -0.007828 -0.008615 -0.019990
v -0.007997 -0.008578 -0.019930
v -0.008149 -0.008487 -0.019888
v -0.008283 -0.008329 -0.019867
v -0.008354 -0.008144 -0.019876
v -0.007539 -0.006211 -0.020553
v -0.006338 -0.003906 -0.021280
v -0.004355 -0.000274 -0.022080
v -0.004312 -0.000184 -0.022092
v -0.004285 -0.000076 -0.022100
v -0.004281 0.000098 -0.022101
v -0.004355 0.000328 -0.022080
v -0.006407 0.004089 -0.021244
v -0.005437 0.002288 -0.021703
v -0.008310 0.007807 -0.019973
v -0.007807 0.008668 -0.019998
v -0.007978 0.008639 -0.019936
v -0.008151 0.008538 -0.019888
v -0.008283 0.008382 -0.019867
v -0.008356 0.008189 -0.019877
v -0.008366 0.007998 -0.019912
v -0.006032 0.008668 -0.020635
v -0.004218 0.008668 -0.021150
v -0.004459 0.009102 -0.020985
v -0.005538 0.011027 -0.020149
v -0.005977 0.011832 -0.019743
v -0.006649 0.013139 -0.019003
v -0.007571 0.015271 -0.017492
v -0.007148 0.014216 -0.018299
v -0.011103 -0.008615 -0.018466
v -0.013090 -0.008615 -0.017311
v -0.014991 -0.008615 -0.016021
v -0.015429 -0.008329 -0.015764
v -0.015319 -0.008470 -0.015813
v -0.015149 -0.008583 -0.015912
v -0.016163 -0.007058 -0.015476
v -0.017775 -0.004050 -0.014627
v -0.019524 -0.000274 -0.013261
v -0.019556 -0.000183 -0.013230
v -0.019577 -0.000075 -0.013211
v -0.019580 0.000097 -0.013208
v -0.019524 0.000328 -0.013261
v -0.017491 0.004659 -0.014800
v -0.018982 0.001578 -0.013748
v -0.015429 0.008382 -0.015764
v -0.014991 0.008668 -0.016021
v -0.015132 0.008643 -0.015923
v -0.015303 0.008538 -0.015822
v -0.013090 0.008668 -0.017311
v -0.011103 0.008668 -0.018466
v -0.010683 0.008382 -0.018749
v -0.010775 0.008523 -0.018672
v -0.010938 0.008636 -0.018561
v -0.010104 0.007107 -0.019289
v -0.008643 0.004105 -0.020371
v -0.006654 0.000328 -0.021357
v -0.006612 0.000237 -0.021372
v -0.006586 0.000128 -0.021382
v -0.006582 -0.000044 -0.021384
v -0.006654 -0.000274 -0.021357
v -0.008921 -0.004604 -0.020191
v -0.007331 -0.001529 -0.021078
v -0.010683 -0.008329 -0.018749
v -0.010954 -0.008589 -0.018551
v -0.010788 -0.008483 -0.018661
v 0.004345 -0.007753 -0.021686
v 0.005552 -0.005842 -0.021851
v 0.004819 -0.007011 -0.021775
v 0.006430 -0.004399 -0.021841
v 0.006030 -0.005062 -0.021859
v 0.005613 -0.005744 -0.021854
v 0.006983 -0.003459 -0.021773
v 0.007232 -0.003027 -0.021725
v 0.008724 -0.000274 -0.021175
v 0.008763 -0.000181 -0.021154
v 0.008790 0.000097 -0.021139
v 0.008724 0.000328 -0.021175
v 0.008454 0.000850 -0.021312
v 0.007633 0.002371 -0.021624
v 0.006148 0.004922 -0.021856
v 0.007445 0.002707 -0.021675
v 0.004345 0.007807 -0.021686
v 0.004755 0.008668 -0.021329
v 0.004586 0.008641 -0.021381
v 0.004421 0.008545 -0.021451
v 0.004246 0.008181 -0.021600
v 0.004290 0.008367 -0.021535
v 0.004299 0.008388 -0.021527
v 0.004275 0.007951 -0.021661
v 0.006840 0.008668 -0.020596
v 0.008764 0.008668 -0.019512
v 0.009215 0.008382 -0.019311
v 0.009105 0.008519 -0.019335
v 0.008942 0.008629 -0.019405
v 0.008797 0.008668 -0.019490
v 0.011931 0.003353 -0.018357
v 0.010819 0.005592 -0.018948
v 0.010469 0.006239 -0.019072
v 0.009573 0.007797 -0.019274
v 0.013196 0.000328 -0.017203
v 0.012427 0.002245 -0.017979
v 0.013225 0.000234 -0.017169
v 0.013245 -0.000043 -0.017145
v 0.013196 -0.000275 -0.017203
v 0.012962 -0.000889 -0.017468
v 0.012320 -0.002437 -0.018068
v 0.011754 -0.003677 -0.018473
v 0.010984 -0.005224 -0.018880
v 0.010711 -0.005740 -0.018989
v 0.009215 -0.008329 -0.019311
v 0.008764 -0.008615 -0.019512
v 0.008904 -0.008591 -0.019425
v 0.009069 -0.008496 -0.019348
v 0.009192 -0.008365 -0.019313
v 0.006840 -0.008615 -0.020596
v 0.004755 -0.008615 -0.021330
v 0.004263 -0.007940 -0.021651
v 0.004421 -0.008491 -0.021451
v 0.004297 -0.008329 -0.021529
v 0.004247 -0.008140 -0.021597
v 0.004591 -0.008589 -0.021379
v -0.024449 -0.008615 -0.002937
v -0.024423 -0.008588 -0.003109
v -0.024414 -0.008493 -0.003289
v -0.024429 -0.008337 -0.003432
v -0.024434 -0.008310 -0.003449
v -0.024474 -0.008123 -0.003515
v -0.024541 -0.007894 -0.003513
v -0.024594 -0.007753 -0.003462
v -0.024687 -0.008615 -0.000738
v -0.024539 -0.008615 0.001468
v -0.024525 -0.008465 0.001854
v -0.024551 -0.008329 0.001965
v -0.024518 -0.008576 0.001675
v -0.024533 -0.008614 0.001506
v -0.024863 -0.003300 0.004825
v -0.024912 -0.005528 0.003585
v -0.024871 -0.006195 0.003206
v -0.024670 -0.007739 0.002313
v -0.024375 -0.000274 0.006446
v -0.024739 -0.002192 0.005427
v -0.024375 0.000328 0.006446
v -0.024348 0.000155 0.006507
v -0.024346 -0.000078 0.006511
v -0.024776 0.002527 0.005275
v -0.024491 0.000844 0.006175
v -0.024885 0.003644 0.004666
v -0.024918 0.005396 0.003690
v -0.024903 0.005764 0.003482
v -0.024550 0.008382 0.001965
v -0.024539 0.008668 0.001468
v -0.024520 0.008644 0.001634
v -0.024521 0.008548 0.001819
v -0.024543 0.008417 0.001944
v -0.024687 0.008668 -0.000738
v -0.024556 0.008668 -0.002305
v -0.024448 0.008668 -0.002937
v -0.024526 0.007993 -0.003521
v -0.024594 0.007807 -0.003462
v -0.024470 0.008195 -0.003512
v -0.024431 0.008384 -0.003437
v -0.024414 0.008545 -0.003291
v -0.024423 0.008643 -0.003106
v -0.025264 0.005892 -0.002441
v -0.024873 0.007076 -0.003078
v -0.025633 0.004452 -0.001646
v -0.025478 0.005114 -0.002014
v -0.025291 0.005799 -0.002390
v -0.025810 0.003515 -0.001118
v -0.025876 0.003074 -0.000868
v -0.026023 0.000328 0.000711
v -0.026018 -0.000044 0.000787
v -0.026020 0.000235 0.000755
v -0.026023 -0.000274 0.000711
v -0.026030 -0.000803 0.000405
v -0.025957 -0.002315 -0.000466
v -0.025524 -0.004871 -0.001909
v -0.025921 -0.002654 -0.000659
v -0.007690 0.011114 -0.019396
v -0.007655 0.011027 -0.019437
v -0.007647 0.010997 -0.019449
v -0.007654 0.010732 -0.019526
v -0.007763 0.010516 -0.019547
v -0.007855 0.010426 -0.019537
v -0.007969 0.010355 -0.019512
v -0.008186 0.010307 -0.019438
v -0.008320 0.010307 -0.019382
v -0.010960 0.010307 -0.018134
v -0.011774 0.010307 -0.017684
v -0.013347 0.010306 -0.016722
v -0.014220 0.010307 -0.016131
v -0.016010 0.010307 -0.014774
v -0.017131 0.010307 -0.013811
v -0.017371 0.010436 -0.013545
v -0.017420 0.010538 -0.013462
v -0.017437 0.010775 -0.013358
v -0.017360 0.011027 -0.013332
v -0.017308 0.011114 -0.013346
v -0.017315 0.010373 -0.013620
v -0.017146 0.010307 -0.013798
v -0.015879 0.013140 -0.013717
v -0.016834 0.011806 -0.013499
v -0.014197 0.015247 -0.013762
v -0.015051 0.014219 -0.013797
v -0.017131 -0.010253 -0.013811
v -0.017039 -0.010253 -0.013894
v -0.014749 -0.010253 -0.015751
v -0.013347 -0.010253 -0.016722
v -0.011532 -0.010253 -0.017821
v -0.008186 -0.010253 -0.019438
v -0.010496 -0.010253 -0.018376
v -0.007690 -0.011061 -0.019396
v -0.007655 -0.010973 -0.019437
v -0.007644 -0.010721 -0.019517
v -0.007746 -0.010485 -0.019548
v -0.007844 -0.010381 -0.019539
v -0.007933 -0.010320 -0.019521
v -0.008167 -0.010253 -0.019445
v -0.008009 -0.010285 -0.019500
v -0.008666 -0.013141 -0.018234
v -0.008070 -0.011829 -0.018993
v -0.009438 -0.015287 -0.016693
v -0.009091 -0.014215 -0.017522
v 0.012793 0.011114 -0.013742
v 0.012850 0.011027 -0.013741
v 0.012953 0.010775 -0.013817
v 0.012979 0.010590 -0.013937
v 0.012977 0.010536 -0.013984
v 0.012954 0.010437 -0.014097
v 0.012905 0.010358 -0.014229
v 0.012782 0.010307 -0.014440
v 0.009956 0.010307 -0.017713
v 0.011384 0.010307 -0.016219
v 0.009617 0.010471 -0.017917
v 0.009527 0.010579 -0.017928
v 0.009729 0.010382 -0.017874
v 0.009846 0.010324 -0.017804
v 0.007089 0.010307 -0.019767
v 0.002992 0.010307 -0.021107
v 0.005097 0.010307 -0.020607
v 0.005727 0.010307 -0.020385
v 0.002480 0.010579 -0.021072
v 0.002603 0.010447 -0.021108
v 0.002808 0.010336 -0.021123
v -0.020093 0.014698 -0.006625
v -0.020871 0.013857 -0.006350
v -0.023233 0.010579 -0.004880
v -0.023100 0.010803 -0.004994
v -0.022964 0.011027 -0.005106
v -0.022067 0.012363 -0.005741
v -0.021106 0.013585 -0.006249
v -0.023486 0.010307 -0.004432
v -0.023429 0.010330 -0.004588
v -0.023332 0.010430 -0.004766
v -0.023833 0.010307 -0.003008
v -0.024047 0.010307 -0.000155
v -0.024054 0.010307 -0.000885
v -0.023944 0.010307 -0.002317
v -0.024028 0.010332 0.000014
v -0.024007 0.010367 0.000101
v -0.023973 0.010428 0.000195
v -0.023915 0.010536 0.000301
v -0.023794 0.010775 0.000394
v -0.023671 0.011027 0.000365
v -0.023630 0.011114 0.000321
v -0.023003 0.012303 -0.000414
v -0.022900 0.012472 -0.000519
v -0.021394 0.014450 -0.001705
v -0.022253 0.013417 -0.001097
v -0.023435 0.010579 0.002851
v -0.023360 0.010803 0.002708
v -0.023280 0.011027 0.002565
v -0.022753 0.012239 0.001767
v -0.022108 0.013346 0.001016
v -0.021300 0.014416 0.000286
v -0.023426 0.010307 0.003332
v -0.023460 0.010325 0.003191
v -0.023473 0.010383 0.003054
v -0.023463 0.010474 0.002934
v -0.021706 0.010307 0.007265
v -0.022704 0.010307 0.005242
v -0.021107 0.011027 0.007627
v -0.021083 0.011114 0.007576
v -0.021220 0.010775 0.007687
v -0.021381 0.010536 0.007637
v -0.021488 0.010423 0.007554
v -0.021556 0.010367 0.007483
v -0.019794 0.014344 0.005087
v -0.020358 0.013300 0.005956
v -0.020804 0.012153 0.006837
v -0.019480 0.012905 0.008134
v -0.018992 0.014026 0.007182
v -0.018381 0.015045 0.006227
v -0.020583 0.011027 0.008543
v -0.019965 0.012150 0.008321
v -0.021552 0.008668 0.008864
v -0.021142 0.009785 0.008731
v -0.020911 0.010331 0.008654
v -0.020662 0.010867 0.008570
v -0.022500 0.008668 0.007157
v -0.022616 0.008668 0.006933
v -0.023547 0.008668 0.004934
v -0.024010 0.007807 0.004516
v -0.023979 0.007980 0.004448
v -0.023908 0.008204 0.004438
v -0.023807 0.008415 0.004508
v -0.023694 0.008575 0.004651
v -0.023632 0.008634 0.004756
v -0.024090 0.006590 0.005207
v -0.023922 0.003585 0.006872
v -0.024089 0.005656 0.005731
v -0.023256 0.000328 0.008586
v -0.023256 -0.000274 0.008586
v -0.023251 0.000308 0.008596
v -0.023222 0.000128 0.008649
v -0.023225 -0.000103 0.008644
v -0.023559 -0.001496 0.007957
v -0.023677 -0.002056 0.007663
v -0.024067 -0.005072 0.006027
v -0.023829 -0.002900 0.007213
v -0.024010 -0.007753 0.004516
v -0.023547 -0.008615 0.004934
v -0.023623 -0.008587 0.004772
v -0.023729 -0.008480 0.004602
v -0.023826 -0.008329 0.004491
v -0.023922 -0.008112 0.004434
v -0.023989 -0.007882 0.004460
v -0.022616 -0.008615 0.006933
v -0.021552 -0.008615 0.008864
v -0.020583 -0.010973 0.008543
v -0.020662 -0.010814 0.008570
v -0.021142 -0.009732 0.008732
v -0.020911 -0.010278 0.008655
v -0.019479 -0.012851 0.008134
v -0.020222 -0.011653 0.008415
v -0.023426 -0.010253 0.003332
v -0.022704 -0.010253 0.005242
v -0.021706 -0.010253 0.007265
v -0.023464 -0.010414 0.002940
v -0.023435 -0.010525 0.002851
v -0.023473 -0.010327 0.003059
v -0.023460 -0.010271 0.003194
v -0.023486 -0.010253 -0.004432
v -0.023833 -0.010253 -0.003008
v -0.023944 -0.010253 -0.002317
v -0.024054 -0.010253 -0.000885
v -0.024047 -0.010253 -0.000155
v -0.023233 -0.010525 -0.004880
v -0.023324 -0.010387 -0.004777
v -0.023420 -0.010284 -0.004608
v 0.000130 -0.013814 -0.019571
v -0.000448 -0.014645 -0.018994
v 0.002480 -0.010525 -0.021072
v 0.002320 -0.010750 -0.021001
v 0.002160 -0.010973 -0.020927
v 0.001201 -0.012310 -0.020391
v 0.000329 -0.013532 -0.019745
v 0.002992 -0.010253 -0.021107
v 0.002827 -0.010276 -0.021123
v 0.002626 -0.010376 -0.021112
v 0.005097 -0.010253 -0.020607
v 0.005727 -0.010253 -0.020385
v 0.007089 -0.010253 -0.019767
v 0.007100 -0.010253 -0.019762
v 0.007231 -0.010277 -0.019679
v 0.007303 -0.010314 -0.019621
v 0.007372 -0.010372 -0.019552
v 0.007444 -0.010483 -0.019452
v 0.007476 -0.010721 -0.019302
v 0.007397 -0.010973 -0.019204
v 0.007340 -0.011061 -0.019186
v 0.006406 -0.012249 -0.018939
v 0.004546 -0.014397 -0.018044
v 0.005465 -0.013364 -0.018557
v 0.006186 -0.012516 -0.018862
v 0.009527 -0.010525 -0.017928
v 0.009367 -0.010750 -0.017921
v 0.009205 -0.010973 -0.017910
v 0.008259 -0.012189 -0.017774
v 0.007305 -0.013297 -0.017512
v 0.006294 -0.014372 -0.017095
v 0.009847 -0.010271 -0.017803
v 0.009956 -0.010253 -0.017713
v 0.009731 -0.010327 -0.017873
v 0.009621 -0.010414 -0.017916
v 0.012782 -0.010253 -0.014440
v 0.011384 -0.010253 -0.016219
v 0.012793 -0.011061 -0.013742
v 0.012850 -0.010973 -0.013741
v 0.012953 -0.010721 -0.013817
v 0.012977 -0.010483 -0.013984
v 0.012913 -0.010314 -0.014210
v 0.009991 -0.014289 -0.013659
v 0.011024 -0.013240 -0.013790
v 0.012016 -0.012088 -0.013810
v 0.012607 -0.012851 -0.012049
v 0.011539 -0.013969 -0.012025
v 0.010417 -0.014985 -0.011890
v 0.013452 -0.010973 -0.012867
v 0.012985 -0.012096 -0.012406
v 0.014161 -0.008615 -0.013602
v 0.013864 -0.009732 -0.013290
v 0.013695 -0.010278 -0.013115
v 0.013511 -0.010814 -0.012927
v 0.013027 -0.008615 -0.015203
v 0.012874 -0.008615 -0.015408
v 0.011465 -0.008615 -0.017119
v 0.011208 -0.007924 -0.017725
v 0.011283 -0.007753 -0.017723
v 0.011168 -0.008144 -0.017667
v 0.011180 -0.008329 -0.017567
v 0.011252 -0.008498 -0.017409
v 0.011373 -0.008598 -0.017229
v 0.011954 -0.006528 -0.017485
v 0.013389 -0.003521 -0.016606
v 0.012429 -0.005595 -0.017255
v 0.014643 -0.000275 -0.015265
v 0.014643 0.000328 -0.015265
v 0.014683 0.000156 -0.015211
v 0.014686 -0.000073 -0.015206
v 0.014651 -0.000253 -0.015255
v 0.014247 0.001440 -0.015765
v 0.013977 0.002147 -0.016062
v 0.012699 0.005093 -0.017098
v 0.013680 0.002887 -0.016353
v 0.011283 0.007807 -0.017723
v 0.011348 0.008639 -0.017262
v 0.011465 0.008668 -0.017119
v 0.011238 0.008530 -0.017434
v 0.011180 0.008382 -0.017567
v 0.011170 0.008167 -0.017679
v 0.011221 0.007940 -0.017729
v 0.012874 0.008668 -0.015408
v 0.014161 0.008668 -0.013602
v 0.013452 0.011027 -0.012867
v 0.013511 0.010867 -0.012927
v 0.013864 0.009785 -0.013290
v 0.013695 0.010331 -0.013115
v 0.012607 0.012905 -0.012049
v 0.013182 0.011706 -0.012597
v -0.024528 0.008239 -0.003199
v -0.024964 -0.004398 0.004093
v -0.025232 -0.002192 0.004120
v -0.025136 -0.006581 0.001525
v -0.025581 -0.004398 0.001530
v -0.025113 -0.006581 -0.002367
v -0.025254 -0.006581 -0.001072
v -0.025680 -0.004398 -0.001108
v -0.025962 -0.002192 0.000204
v -0.025700 -0.004398 0.000213
v -0.025848 -0.002192 0.001533
v -0.026018 -0.000044 0.000787
v -0.025938 0.000027 0.001535
v -0.026020 0.000235 0.000755
v -0.025848 0.002245 0.001533
v -0.025962 0.002245 0.000204
v -0.025700 0.004452 0.000213
v -0.025680 0.004452 -0.001108
v -0.025254 0.006635 -0.001073
v -0.025113 0.006635 -0.002367
v -0.025136 0.006635 0.001525
v -0.025262 0.006635 0.000229
v -0.024964 0.004452 0.004093
v -0.025581 0.004452 0.001530
v -0.025323 0.000027 0.004130
v -0.025232 0.002245 0.004120
v -0.025262 -0.006581 0.000229
v -0.024881 0.006635 0.002804
v 0.013389 -0.003521 -0.016606
v 0.012550 -0.005612 -0.017106
v 0.014869 0.008414 -0.012695
v 0.013083 0.008414 -0.015271
v 0.014075 0.011027 -0.011930
v 0.012874 0.008668 -0.015408
v 0.012116 0.008414 -0.016502
v 0.015768 0.000027 -0.013602
v 0.015668 0.002859 -0.013501
v 0.013810 0.002859 -0.016184
v 0.012116 -0.008360 -0.016502
v 0.013083 -0.008360 -0.015271
v 0.012874 -0.008615 -0.015408
v 0.014513 -0.009691 -0.012348
v 0.014869 -0.008360 -0.012695
v 0.014075 -0.010973 -0.011930
v 0.013544 0.005666 -0.015846
v 0.012550 0.005666 -0.017106
v 0.015376 0.005666 -0.013203
v 0.015376 -0.005612 -0.013204
v 0.013544 -0.005612 -0.015846
v 0.015669 -0.002805 -0.013501
v 0.013810 -0.002805 -0.016184
v 0.019278 0.000027 -0.008076
v 0.019254 -0.001268 -0.008061
v 0.014513 0.009744 -0.012348
v 0.018181 0.008604 -0.007385
v 0.015396 0.011027 -0.009871
v 0.017309 0.011027 -0.006837
v 0.019243 -0.001531 -0.008054
v 0.019163 -0.002805 -0.008003
v 0.018882 -0.005235 -0.007827
v 0.018285 -0.008171 -0.007451
v 0.017491 -0.010551 -0.006951
v 0.017309 -0.010973 -0.006837
v 0.015396 -0.010973 -0.009871
v 0.019197 0.002407 -0.008025
v 0.018765 0.006011 -0.007753
v -0.021311 -0.010973 -0.008550
v -0.021508 -0.010973 -0.008222
v -0.022267 -0.008360 -0.008476
v -0.021669 -0.005612 -0.010263
v -0.020434 -0.005612 -0.011761
v -0.020010 -0.008360 -0.011515
v -0.021946 -0.002805 -0.010399
v -0.020685 -0.002805 -0.011910
v -0.020685 0.002859 -0.011910
v -0.024543 0.005666 -0.005223
v -0.020659 0.011027 -0.009541
v -0.021199 0.008414 -0.010040
v -0.021275 0.011027 -0.008607
v -0.025508 0.002859 -0.003440
v -0.025329 0.003882 -0.003680
v -0.024906 0.002859 -0.005310
v -0.025638 0.000027 -0.003461
v -0.025976 0.000097 -0.001623
v -0.025972 -0.000183 -0.001655
v -0.024906 -0.002805 -0.005309
v -0.025508 -0.002805 -0.003440
v -0.023186 -0.008360 -0.006823
v -0.019393 -0.010973 -0.011186
v -0.020659 -0.010973 -0.009541
v -0.018721 -0.008360 -0.012898
v -0.022040 0.000027 -0.010444
v -0.021224 -0.000045 -0.011441
v -0.018721 0.008414 -0.012898
v -0.017639 0.008526 -0.013899
v -0.020010 0.008414 -0.011515
v -0.022267 0.008414 -0.008476
v -0.022785 0.005666 -0.008672
v -0.023186 0.008414 -0.006823
v -0.023752 0.005666 -0.006992
v -0.024087 0.002859 -0.007097
v -0.023091 0.002859 -0.008792
v -0.025028 0.000027 -0.005338
v -0.024199 0.000027 -0.007131
v -0.023194 0.000027 -0.008832
v -0.021199 -0.008360 -0.010040
v -0.022785 -0.005612 -0.008672
v -0.023752 -0.005612 -0.006992
v -0.024543 -0.005612 -0.005223
v -0.019103 -0.005612 -0.013164
v -0.023091 -0.002805 -0.008792
v -0.024087 -0.002805 -0.007097
v -0.020434 0.005666 -0.011761
v -0.019103 0.005666 -0.013165
v -0.021508 0.011027 -0.008222
v -0.021311 0.011027 -0.008550
v -0.021669 0.005666 -0.010263
v -0.021946 0.002859 -0.010399
v -0.021203 0.000238 -0.011466
v -0.021275 -0.010973 -0.008607
v 0.011309 -0.004398 -0.018770
v 0.011449 -0.002192 -0.019001
v 0.004554 -0.008185 -0.021514
v 0.006784 -0.006581 -0.021252
v 0.009075 -0.006581 -0.020025
v 0.007962 -0.006581 -0.020697
v 0.009272 -0.004398 -0.020425
v 0.013245 -0.000043 -0.017145
v 0.011496 0.000027 -0.019078
v 0.013225 0.000234 -0.017169
v 0.011449 0.002245 -0.019001
v 0.011309 0.004452 -0.018770
v 0.009075 0.006635 -0.020025
v 0.010469 0.006239 -0.019072
v 0.009272 0.004452 -0.020425
v 0.006148 0.004922 -0.021856
v 0.005556 0.006635 -0.021683
v 0.006784 0.006635 -0.021252
v 0.006936 0.004452 -0.021651
v 0.008242 0.002245 -0.021339
v 0.008137 0.004452 -0.021098
v 0.009389 0.002245 -0.020664
v 0.009429 0.000027 -0.020745
v 0.008763 -0.000181 -0.021154
v 0.008242 -0.002192 -0.021339
v 0.008137 -0.004398 -0.021098
v 0.006936 -0.004398 -0.021651
v 0.005556 -0.006581 -0.021683
v 0.007962 0.006635 -0.020697
v 0.009389 -0.002192 -0.020664
v 0.010111 -0.006581 -0.019251
v -0.016386 0.006635 -0.015393
v -0.010025 0.004452 -0.019701
v -0.008314 0.000027 -0.020711
v -0.009934 -0.006581 -0.019451
v -0.013272 -0.006581 -0.017600
v -0.015020 -0.004398 -0.016744
v -0.013409 -0.004398 -0.017819
v -0.010025 -0.004398 -0.019701
v -0.010080 -0.002192 -0.019851
v -0.006612 0.000237 -0.021372
v -0.006582 -0.000044 -0.021384
v -0.010098 0.000027 -0.019901
v -0.011743 0.004452 -0.018806
v -0.016571 0.004452 -0.015583
v -0.016682 0.002245 -0.015697
v -0.016720 0.000027 -0.015735
v -0.018223 0.000027 -0.014478
v -0.019556 -0.000183 -0.013230
v -0.019580 0.000097 -0.013208
v -0.016571 -0.004398 -0.015583
v -0.013272 0.006635 -0.017600
v -0.013409 0.004452 -0.017819
v -0.013492 0.002245 -0.017950
v -0.015149 0.000027 -0.016907
v -0.013519 0.000027 -0.017994
v -0.013492 -0.002192 -0.017950
v -0.011834 0.000027 -0.018993
v -0.003029 0.002859 -0.022300
v -0.004936 0.002859 -0.021818
v -0.004911 0.005666 -0.021526
v 0.002738 -0.005612 -0.022401
v -0.004936 -0.002805 -0.021818
v -0.006674 0.008414 -0.020476
v -0.004847 0.011027 -0.020338
v -0.002824 0.011027 -0.020766
v 0.004797 0.000027 -0.022628
v 0.006177 0.000954 -0.022263
v 0.001828 0.008140 -0.021920
v 0.000714 0.008414 -0.021869
v 0.000357 0.010411 -0.021258
v -0.001166 0.008414 -0.021755
v -0.000050 0.011027 -0.021026
v -0.004281 0.000098 -0.022101
v -0.003029 0.000027 -0.022403
v -0.006674 -0.008360 -0.020476
v -0.008045 -0.008472 -0.019934
v -0.004875 -0.008360 -0.021037
v -0.003035 -0.008360 -0.021470
v -0.002824 -0.010973 -0.020766
v 0.006178 -0.000899 -0.022263
v 0.004760 -0.002805 -0.022501
v 0.002817 -0.002805 -0.022765
v 0.006599 -0.000044 -0.022140
v 0.006568 0.000236 -0.022150
v -0.001715 0.011027 -0.020917
v -0.001649 0.011027 -0.020924
v -0.001269 0.011027 -0.020961
v -0.006749 0.005666 -0.020935
v -0.001080 0.000027 -0.022745
v -0.003029 -0.002805 -0.022300
v -0.001649 -0.010973 -0.020924
v -0.001715 -0.010973 -0.020917
v -0.001166 -0.008360 -0.021755
v 0.000714 -0.008360 -0.021869
v -0.001269 -0.010973 -0.020961
v -0.006749 -0.005612 -0.020935
v -0.004911 -0.005612 -0.021526
v -0.004312 -0.000184 -0.022092
v 0.002845 0.000027 -0.022887
v 0.000876 0.000027 -0.022915
v 0.000859 -0.002805 -0.022799
v -0.001090 -0.002805 -0.022635
v -0.003029 -0.005612 -0.021990
v 0.000808 -0.005612 -0.022452
v -0.001115 -0.005612 -0.022307
v 0.002738 0.005666 -0.022401
v 0.002817 0.002859 -0.022765
v 0.000859 0.002859 -0.022799
v 0.000808 0.005666 -0.022452
v -0.001090 0.002859 -0.022635
v -0.001115 0.005666 -0.022307
v -0.003029 0.005666 -0.021990
v -0.003035 0.008414 -0.021470
v -0.004875 0.008414 -0.021037
v 0.005094 0.002830 -0.022432
v 0.004760 0.002859 -0.022501
v 0.004478 0.003862 -0.022444
v 0.003439 0.005567 -0.022345
v 0.011167 -0.010973 -0.015932
v 0.012821 -0.010616 -0.014093
v 0.009743 -0.010390 -0.017823
v 0.003633 -0.010613 -0.020841
v 0.007287 -0.010488 -0.019539
v 0.005666 -0.010613 -0.020239
v 0.005097 -0.010253 -0.020607
v 0.003583 -0.010973 -0.020692
v 0.005600 -0.010973 -0.020084
v 0.006822 -0.010973 -0.019525
v -0.007920 0.010520 -0.019485
v -0.010462 0.010666 -0.018291
v -0.008743 0.011027 -0.018993
v -0.008089 0.011027 -0.019266
v -0.017027 0.011027 -0.013641
v -0.015943 0.010666 -0.014710
v -0.017287 0.010542 -0.013585
v -0.013297 0.010666 -0.016647
v -0.015871 0.011027 -0.014643
v -0.013243 0.011027 -0.016569
v -0.012808 0.011027 -0.016848
v -0.010427 0.011027 -0.018201
v -0.023925 -0.010489 0.000121
v -0.023682 -0.010613 -0.002993
v -0.023794 -0.010722 0.000394
v -0.023914 -0.010485 0.000303
v -0.024006 -0.010315 0.000102
v -0.024046 -0.010253 -0.000139
v -0.023892 -0.010613 -0.000882
v -0.023100 -0.010750 -0.004994
v -0.022964 -0.010973 -0.005106
v -0.023351 -0.010973 -0.003790
v -0.023671 -0.010973 0.000365
v -0.023720 -0.010973 -0.000879
v -0.023521 -0.010973 -0.002979
v 0.011167 0.011027 -0.015932
v 0.009743 0.010443 -0.017823
v 0.009367 0.010803 -0.017921
v 0.009205 0.011027 -0.017910
v 0.002320 0.010803 -0.021001
v 0.002160 0.011027 -0.020927
v 0.003583 0.011027 -0.020692
v 0.003633 0.010666 -0.020841
v 0.007304 0.010368 -0.019620
v 0.007230 0.010330 -0.019680
v 0.007286 0.010542 -0.019538
v 0.005666 0.010666 -0.020239
v 0.007476 0.010775 -0.019302
v 0.007445 0.010539 -0.019450
v 0.007397 0.011027 -0.019204
v 0.005600 0.011027 -0.020084
v -0.023433 -0.010390 0.003091
v -0.022351 -0.010973 0.005170
v -0.023360 -0.010750 0.002708
v -0.023280 -0.010973 0.002565
v -0.021107 -0.010973 0.007627
v -0.021411 -0.010616 0.007450
v -0.021220 -0.010722 0.007687
v -0.021374 -0.010491 0.007641
v -0.021548 -0.010320 0.007492
v -0.023682 0.010666 -0.002993
v -0.023926 0.010542 0.000121
v -0.023892 0.010666 -0.000882
v -0.023521 0.011027 -0.002979
v -0.023720 0.011027 -0.000879
v -0.018723 -0.010973 0.011591
v -0.016809 -0.010973 0.014637
v -0.017681 -0.008550 0.015185
v -0.020575 -0.009691 0.009721
v -0.020009 -0.010973 0.009507
v -0.022248 0.000027 0.010310
v -0.022115 -0.002805 0.010264
v -0.023722 -0.002805 0.007440
v -0.022115 0.002859 0.010264
v -0.023276 0.008414 0.005777
v -0.024008 0.005666 0.005907
v -0.022585 0.008414 0.007178
v -0.020575 0.009744 0.009721
v -0.021042 0.008414 0.009892
v -0.020009 0.011027 0.009507
v -0.018723 0.011027 0.011591
v -0.016809 0.011027 0.014637
v -0.018663 0.002859 0.015803
v -0.021719 0.005666 0.010129
v -0.018382 0.005292 0.015626
v -0.017784 0.008227 0.015250
v -0.016990 0.010607 0.014750
v -0.018697 -0.002354 0.015825
v -0.023302 -0.005612 0.007346
v -0.024008 -0.005612 0.005908
v -0.023276 -0.008360 0.005777
v -0.022585 -0.008360 0.007178
v -0.021042 -0.008360 0.009892
v -0.021720 -0.005612 0.010129
v -0.018265 -0.005958 0.015553
v -0.023302 0.005666 0.007346
v -0.023722 0.002859 0.007440
v -0.018778 0.000027 0.015876
v -0.018754 0.001321 0.015861
v -0.018743 0.001587 0.015854
v -0.022351 0.011027 0.005170
v -0.023433 0.010443 0.003091
v -0.000950 0.012376 -0.020415
v -0.001745 0.013584 -0.019726
v -0.002450 0.014712 -0.018946
v -0.002969 0.015615 -0.018193
v -0.008457 0.012715 -0.018523
v -0.008968 0.013939 -0.017751
v -0.009335 0.014988 -0.016981
v -0.009568 0.015860 -0.016227
v -0.017308 -0.011061 -0.013346
v -0.016188 -0.012664 -0.013660
v -0.015271 -0.013887 -0.013786
v -0.014419 -0.014936 -0.013783
v -0.013623 -0.015827 -0.013666
v -0.017360 -0.010973 -0.013332
v -0.017374 -0.010944 -0.013331
v -0.017412 -0.010462 -0.013478
v -0.017441 -0.010678 -0.013370
v -0.017292 -0.010302 -0.013648
v -0.017362 -0.010370 -0.013558
v 0.011830 0.012369 -0.013815
v 0.010808 0.013525 -0.013772
v 0.009743 0.014575 -0.013612
v 0.006322 0.014396 -0.017109
v 0.007277 0.013382 -0.017502
v 0.008199 0.012315 -0.017761
v 0.009100 0.011167 -0.017901
v 0.004486 0.014516 -0.018006
v 0.007340 0.011114 -0.019186
v 0.006382 0.012332 -0.018931
v 0.005422 0.013467 -0.018536
v -0.000415 0.014650 -0.019030
v 0.000337 0.013574 -0.019752
v 0.001199 0.012366 -0.020390
v -0.018834 -0.014268 0.006915
v -0.019349 -0.013192 0.007854
v -0.019640 -0.014527 0.004880
v -0.021083 -0.011061 0.007576
v -0.020731 -0.012318 0.006675
v -0.020248 -0.013478 0.005770
v -0.021303 -0.014355 0.000290
v -0.022075 -0.013333 0.000987
v -0.022736 -0.012214 0.001747
v -0.021333 -0.014462 -0.001742
v -0.023630 -0.011060 0.000321
v -0.022986 -0.012278 -0.000432
v -0.022216 -0.013414 -0.001127
v -0.020139 -0.014598 -0.006611
v -0.021115 -0.013521 -0.006245
v -0.022062 -0.012316 -0.005743
v 0.011223 0.014323 -0.011998
v 0.012292 0.013251 -0.012053
v -0.015943 -0.010613 -0.014710
v -0.007915 -0.010488 -0.019480
v -0.010462 -0.010613 -0.018291
v -0.017288 -0.010467 -0.013591
v -0.013297 -0.010613 -0.016647
v -0.015871 -0.010973 -0.014643
v -0.014632 -0.010973 -0.015606
v -0.013243 -0.010973 -0.016569
v -0.008089 -0.010973 -0.019266
v -0.008743 -0.010973 -0.018993
v -0.010427 -0.010973 -0.018201
v -0.012808 -0.010973 -0.016848
v -0.000690 -0.018767 0.004491
v 0.000250 -0.018780 0.003900
v 0.002595 -0.018701 0.002424
v -0.009245 -0.017586 0.009876
v -0.007541 -0.018005 0.008804
v -0.005491 -0.018353 0.007513
v -0.003140 -0.018620 0.006034
v 0.001190 0.018820 0.003309
v 0.000250 0.018834 0.003900
v -0.002095 0.018754 0.005376
v 0.005191 -0.018456 0.000790
v 0.007444 -0.018121 -0.000627
v 0.009211 -0.017735 -0.001740
v 0.009745 0.017639 -0.002076
v 0.008041 0.018059 -0.001004
v 0.005991 0.018406 0.000287
v 0.003640 0.018673 0.001766
v -0.004691 0.018510 0.007010
v -0.006944 0.018174 0.008427
v -0.008711 0.017788 0.009540
v -0.011692 -0.016611 0.011416
v -0.010589 -0.017119 0.010722
v 0.010578 -0.017314 -0.002600
v 0.011812 -0.016801 -0.003377
v 0.012891 -0.016212 -0.004056
v 0.015728 -0.013641 -0.005842
v 0.016467 -0.012570 -0.006306
v 0.017123 -0.011371 -0.006719
v 0.012192 0.016664 -0.003616
v 0.011089 0.017172 -0.002922
v -0.010078 0.017367 0.010400
v -0.011312 0.016854 0.011177
v -0.012391 0.016265 0.011856
v -0.015228 0.013694 0.013642
v -0.015967 0.012623 0.014106
v -0.016623 0.011424 0.014519
v -0.014624 -0.014360 0.013261
v -0.013734 -0.015227 0.012701
v -0.012775 -0.015963 0.012097
v 0.013961 -0.015454 -0.004730
v 0.014899 -0.014598 -0.005320
v 0.015124 0.014414 -0.005461
v 0.014234 0.015280 -0.004901
v 0.013275 0.016016 -0.004297
v -0.016166 -0.012235 0.014232
v -0.015434 -0.013366 0.013771
v -0.013461 0.015507 0.012530
v -0.014399 0.014652 0.013120
v 0.016666 0.012288 -0.006432
v 0.015934 0.013420 -0.005971
v -0.012570 0.018595 0.003016
v -0.011316 0.018962 0.002256
v -0.013382 0.018978 -0.001060
v -0.013536 0.016735 -0.012768
v -0.014826 0.016310 -0.012101
v -0.014476 0.017411 -0.010702
v -0.015764 0.016943 -0.010001
v -0.019467 0.016117 -0.003771
v -0.020477 0.015317 -0.002948
v -0.019816 0.015929 -0.001308
v -0.019889 0.014885 0.003568
v -0.020643 0.013858 0.004297
v -0.019928 0.011915 0.008669
v -0.017925 0.012081 0.011708
v -0.015674 0.015291 0.009943
v -0.016519 0.014325 0.010585
v -0.011515 0.017941 0.006998
v -0.012651 0.017457 0.007770
v -0.005115 0.019831 -0.004625
v -0.007902 0.019794 -0.003877
v -0.006014 0.019648 -0.000679
v -0.020441 0.013153 -0.008189
v -0.019448 0.013898 -0.009021
v -0.019440 0.012548 -0.010228
v -0.019281 0.011084 -0.011291
v -0.016999 0.016392 -0.009257
v -0.016067 0.015804 -0.011386
v -0.017255 0.015227 -0.010628
v -0.017320 0.013865 -0.011831
v -0.012561 0.012561 -0.016454
v -0.014757 0.011870 -0.015207
v -0.014939 0.013468 -0.014337
v -0.013728 0.013937 -0.015014
v -0.011298 0.016719 -0.014450
v -0.011628 0.016005 -0.014974
v -0.012437 0.015809 -0.014617
v -0.011651 0.015949 -0.015010
v -0.012471 0.014347 -0.015645
v -0.011975 0.015036 -0.015524
v -0.012293 0.013855 -0.016030
v -0.010402 0.018031 -0.013026
v -0.010377 0.018264 -0.012543
v -0.009854 0.018555 -0.012155
v -0.009765 0.018939 -0.011011
v -0.009210 0.019004 -0.011132
v -0.008408 0.019386 -0.009858
v -0.001942 0.019395 0.000418
v -0.010337 0.018334 0.006226
v -0.009122 0.018648 0.005460
v -0.006612 0.019074 0.003944
v -0.004038 0.019274 0.002445
v -0.003652 0.019699 -0.002301
v -0.013731 0.016861 0.008527
v -0.017271 0.013251 0.011174
v -0.019333 0.013106 0.008090
v -0.018639 0.014206 0.007458
v -0.017846 0.015209 0.006780
v -0.016957 0.016107 0.006065
v -0.021292 0.012741 0.004985
v -0.021836 0.011538 0.005623
v -0.022207 0.013482 -0.001298
v -0.023341 0.011648 -0.002033
v -0.022645 0.012677 -0.002853
v -0.022891 0.011695 -0.004318
v -0.022116 0.012642 -0.005156
v -0.021252 0.013521 -0.005998
v -0.017769 0.016735 -0.006974
v -0.018913 0.016066 -0.006173
v -0.019978 0.015326 -0.005354
v -0.020960 0.014515 -0.004522
v -0.016554 0.017328 -0.007742
v -0.014912 0.017568 0.004556
v -0.019030 0.015818 0.002808
v -0.018070 0.016653 0.002029
v -0.017192 0.017478 -0.005368
v -0.018369 0.016838 -0.004580
v -0.017663 0.017405 -0.002921
v -0.018784 0.016711 -0.002121
v -0.017956 0.017124 -0.000441
v -0.019002 0.016366 0.000360
v -0.022689 0.011209 0.004090
v -0.022165 0.012413 0.003417
v -0.021534 0.013533 0.002699
v -0.020796 0.014568 0.001942
v -0.019951 0.015513 0.001158
v -0.021850 0.013632 -0.003686
v -0.021393 0.014439 -0.002120
v -0.012994 0.019187 -0.003474
v -0.011619 0.019457 -0.004170
v -0.012486 0.019236 -0.005852
v -0.011080 0.019455 -0.006511
v -0.011877 0.019111 -0.008175
v -0.010855 0.017457 -0.013746
v -0.012203 0.017072 -0.013384
v -0.011773 0.018071 -0.011968
v -0.011179 0.018797 -0.010421
v -0.010461 0.019287 -0.008800
v -0.009658 0.019593 -0.007151
v -0.007489 0.019656 -0.008398
v -0.008801 0.019750 -0.005506
v -0.006348 0.019815 -0.006585
v -0.015942 0.018030 -0.006125
v -0.016462 0.018009 -0.003700
v -0.016821 0.017788 -0.001231
v -0.017016 0.017386 0.001243
v -0.015977 0.016894 0.005320
v -0.014742 0.016139 0.009255
v -0.015277 0.017835 -0.008472
v -0.013730 0.015427 -0.013991
v -0.018384 0.014589 -0.009836
v -0.010689 0.019547 -0.002499
v -0.012054 0.019309 -0.001789
v -0.010023 0.019242 0.001508
v -0.008702 0.019443 0.000771
v -0.013772 0.018133 0.003785
v -0.015875 0.018018 0.000460
v -0.014660 0.018549 -0.000309
v -0.015609 0.018355 -0.002004
v -0.014329 0.018821 -0.002752
v -0.015191 0.018516 -0.004449
v -0.013861 0.018925 -0.005166
v -0.014631 0.018487 -0.006844
v -0.013271 0.018847 -0.007526
v -0.013947 0.018251 -0.009159
v -0.012577 0.018571 -0.009807
v -0.013143 0.017788 -0.011356
v -0.004316 0.019750 -0.008329
v -0.003235 0.019794 -0.006814
v -0.000788 0.019547 -0.008731
v 0.004998 0.018595 -0.008041
v 0.006212 0.018133 -0.008792
v 0.005192 0.018125 -0.010479
v 0.007400 0.017568 -0.009486
v 0.001863 0.016117 -0.017195
v 0.003042 0.015317 -0.017750
v 0.001831 0.014515 -0.018866
v -0.004188 0.017835 -0.015450
v -0.005383 0.018251 -0.014549
v -0.004203 0.018847 -0.013233
v -0.010757 0.013937 -0.016884
v -0.011870 0.014347 -0.016023
v -0.010957 0.015809 -0.015548
v -0.008862 0.018939 -0.011579
v -0.007718 0.018797 -0.012599
v -0.008856 0.018071 -0.013804
v 0.014387 0.013251 -0.008751
v 0.013530 0.014325 -0.008327
v -0.006333 0.013865 -0.018745
v -0.009834 0.015427 -0.016444
v -0.006474 0.015804 -0.017424
v -0.007656 0.016310 -0.016614
v -0.001700 0.013153 -0.019984
v -0.003971 0.012548 -0.019964
v -0.004998 0.011084 -0.020280
v -0.002879 0.013898 -0.019449
v -0.004075 0.014589 -0.018842
v -0.001759 0.016735 -0.017050
v 0.004064 0.012677 -0.019663
v 0.002850 0.011695 -0.020519
v 0.005105 0.011648 -0.019936
v 0.005277 0.013482 -0.018596
v 0.004184 0.014439 -0.018217
v 0.005385 0.016366 -0.014989
v 0.006516 0.015513 -0.015499
v 0.007588 0.014568 -0.015922
v 0.008590 0.013533 -0.016261
v 0.009510 0.012413 -0.016518
v 0.010343 0.011209 -0.016700
v 0.011357 0.011538 -0.015267
v 0.010546 0.012741 -0.015053
v 0.009645 0.013858 -0.014765
v 0.008662 0.014885 -0.014401
v 0.007605 0.015818 -0.013955
v 0.011628 0.014206 -0.011591
v 0.012498 0.013106 -0.011944
v 0.013278 0.011915 -0.012230
v 0.012586 0.015291 -0.007843
v 0.011563 0.016139 -0.007300
v 0.010470 0.016861 -0.006704
v 0.009320 0.017457 -0.006058
v 0.008132 0.017941 -0.005368
v 0.006927 0.018334 -0.004639
v 0.005710 0.018648 -0.003875
v 0.003258 0.019074 -0.002267
v 0.000793 0.019274 -0.000596
v -0.006567 0.019287 -0.011251
v -0.005428 0.019593 -0.009814
v -0.009978 0.018264 -0.012794
v -0.009947 0.017072 -0.014804
v -0.009623 0.013468 -0.017683
v -0.010486 0.011870 -0.017895
v -0.003033 0.019236 -0.011801
v -0.001820 0.018925 -0.012744
v -0.003000 0.018487 -0.014164
v -0.001784 0.018030 -0.015035
v -0.002978 0.017328 -0.016287
v -0.006545 0.017411 -0.015693
v -0.005357 0.016943 -0.016552
v -0.004152 0.016392 -0.017343
v -0.000599 0.018516 -0.013633
v 0.000627 0.018009 -0.014455
v -0.000562 0.017478 -0.015835
v 0.000658 0.016838 -0.016555
v -0.000543 0.016066 -0.017734
v 0.000657 0.015326 -0.018341
v -0.005277 0.015227 -0.018167
v 0.004234 0.015929 -0.016445
v 0.003054 0.016711 -0.015866
v 0.001849 0.017405 -0.015201
v 0.002970 0.013632 -0.019307
v 0.001759 0.012642 -0.020182
v 0.000627 0.013521 -0.019768
v 0.004124 0.018018 -0.012127
v 0.005323 0.017386 -0.012816
v 0.006488 0.016653 -0.013427
v 0.008549 0.016894 -0.010116
v 0.009645 0.016107 -0.010678
v 0.010674 0.015209 -0.011170
v -0.001169 0.019648 -0.003729
v 0.001301 0.019443 -0.005525
v 0.000276 0.019535 -0.007138
v 0.003771 0.018962 -0.007239
v 0.002745 0.019017 -0.008902
v 0.001675 0.018978 -0.010536
v 0.002904 0.018549 -0.011364
v 0.001787 0.018355 -0.012952
v 0.003008 0.017788 -0.013711
v 0.004212 0.017124 -0.014392
v -0.008814 0.016735 -0.015739
v -0.007712 0.017788 -0.014774
v -0.006560 0.018571 -0.013594
v -0.005392 0.019111 -0.012257
v -0.004236 0.019455 -0.010819
v -0.001892 0.019457 -0.010291
v -0.000669 0.019187 -0.011231
v 0.000558 0.018821 -0.012122
v -0.008801 -0.019696 -0.005506
v -0.007902 -0.019741 -0.003877
v -0.010689 -0.019494 -0.002499
v -0.012570 -0.018542 0.003016
v -0.013772 -0.018080 0.003785
v -0.014852 -0.018071 0.002136
v -0.014912 -0.017515 0.004556
v -0.019467 -0.016064 -0.003771
v -0.020477 -0.015264 -0.002948
v -0.020960 -0.014461 -0.004522
v -0.015277 -0.017782 -0.008472
v -0.013947 -0.018198 -0.009159
v -0.013271 -0.018793 -0.007526
v -0.017320 -0.013812 -0.011831
v -0.013730 -0.015374 -0.013991
v -0.014939 -0.013415 -0.014337
v -0.014757 -0.011817 -0.015207
v -0.012502 -0.012819 -0.016362
v -0.017271 -0.013197 0.011174
v -0.016519 -0.014271 0.010585
v -0.019889 -0.014832 0.003568
v -0.019030 -0.015765 0.002808
v -0.018639 -0.014153 0.007458
v -0.019333 -0.013052 0.008090
v -0.019928 -0.011862 0.008669
v -0.015674 -0.015238 0.009943
v -0.014742 -0.016085 0.009255
v -0.013731 -0.016807 0.008527
v -0.012651 -0.017404 0.007770
v -0.011515 -0.017888 0.006998
v -0.010337 -0.018280 0.006226
v -0.009122 -0.018595 0.005460
v -0.006612 -0.019021 0.003944
v -0.004038 -0.019220 0.002445
v -0.001363 -0.019210 0.001338
v -0.008144 -0.019426 -0.009438
v -0.009765 -0.018886 -0.011011
v -0.008940 -0.019098 -0.010704
v -0.009263 -0.018920 -0.011216
v -0.010377 -0.018211 -0.012543
v -0.010206 -0.018184 -0.012714
v -0.009623 -0.018681 -0.011788
v -0.012203 -0.017019 -0.013384
v -0.010957 -0.017252 -0.013907
v -0.010702 -0.017615 -0.013502
v -0.011773 -0.018017 -0.011968
v -0.011157 -0.016925 -0.014224
v -0.012437 -0.015756 -0.014617
v -0.011578 -0.016074 -0.014892
v -0.013728 -0.013884 -0.015014
v -0.012471 -0.014294 -0.015645
v -0.012212 -0.014137 -0.015901
v -0.011916 -0.015167 -0.015430
v -0.016067 -0.015751 -0.011386
v -0.014826 -0.016257 -0.012101
v -0.020441 -0.013100 -0.008189
v -0.019440 -0.012495 -0.010228
v -0.019281 -0.011030 -0.011291
v -0.019448 -0.013844 -0.009021
v -0.018384 -0.014536 -0.009836
v -0.017769 -0.016682 -0.006974
v -0.022891 -0.011642 -0.004318
v -0.022645 -0.012623 -0.002853
v -0.023341 -0.011595 -0.002033
v -0.022207 -0.013429 -0.001298
v -0.021393 -0.014386 -0.002120
v -0.019002 -0.016312 0.000360
v -0.019951 -0.015459 0.001158
v -0.020796 -0.014514 0.001942
v -0.021534 -0.013480 0.002699
v -0.022165 -0.012359 0.003417
v -0.022689 -0.011156 0.004090
v -0.021836 -0.011485 0.005623
v -0.021292 -0.012688 0.004985
v -0.020643 -0.013805 0.004297
v -0.003306 -0.019596 -0.001750
v -0.004834 -0.019763 -0.004179
v -0.006100 -0.019776 -0.006191
v -0.009658 -0.019539 -0.007151
v -0.007199 -0.019659 -0.007937
v -0.010461 -0.019234 -0.008800
v -0.011179 -0.018743 -0.010421
v -0.012486 -0.019182 -0.005852
v -0.013861 -0.018871 -0.005166
v -0.014631 -0.018433 -0.006844
v -0.015942 -0.017976 -0.006125
v -0.016554 -0.017274 -0.007742
v -0.014476 -0.017358 -0.010702
v -0.015764 -0.016890 -0.010001
v -0.016999 -0.016339 -0.009257
v -0.015191 -0.018463 -0.004449
v -0.016462 -0.017955 -0.003700
v -0.017192 -0.017425 -0.005368
v -0.018369 -0.016785 -0.004580
v -0.018913 -0.016012 -0.006173
v -0.019978 -0.015272 -0.005354
v -0.017255 -0.015174 -0.010628
v -0.019816 -0.015876 -0.001308
v -0.018784 -0.016658 -0.002121
v -0.017663 -0.017352 -0.002921
v -0.021850 -0.013579 -0.003686
v -0.022116 -0.012589 -0.005156
v -0.021252 -0.013467 -0.005998
v -0.015875 -0.017965 0.000460
v -0.017016 -0.017333 0.001243
v -0.018070 -0.016599 0.002029
v -0.015977 -0.016841 0.005320
v -0.016957 -0.016053 0.006065
v -0.017846 -0.015156 0.006780
v -0.006014 -0.019595 -0.000679
v -0.008702 -0.019390 0.000771
v -0.009713 -0.019482 -0.000851
v -0.011316 -0.018909 0.002256
v -0.012372 -0.018964 0.000612
v -0.013382 -0.018925 -0.001060
v -0.014660 -0.018496 -0.000309
v -0.015609 -0.018301 -0.002004
v -0.016821 -0.017735 -0.001231
v -0.017956 -0.017071 -0.000441
v -0.013536 -0.016681 -0.012768
v -0.013143 -0.017735 -0.011356
v -0.012577 -0.018517 -0.009807
v -0.011877 -0.019058 -0.008175
v -0.011080 -0.019402 -0.006511
v -0.011619 -0.019404 -0.004170
v -0.012994 -0.019134 -0.003474
v -0.014329 -0.018768 -0.002752
v 0.004998 -0.018542 -0.008041
v 0.003771 -0.018909 -0.007239
v 0.001675 -0.018925 -0.010536
v -0.008814 -0.016681 -0.015739
v -0.007656 -0.016257 -0.016614
v -0.006545 -0.017358 -0.015693
v -0.005357 -0.016890 -0.016552
v 0.001863 -0.016064 -0.017195
v 0.003042 -0.015264 -0.017750
v 0.004234 -0.015876 -0.016445
v 0.008662 -0.014832 -0.014401
v 0.009645 -0.013805 -0.014765
v 0.013278 -0.011862 -0.012230
v 0.015151 -0.012028 -0.009110
v 0.012586 -0.015238 -0.007843
v 0.013530 -0.014271 -0.008327
v 0.008132 -0.017888 -0.005368
v 0.009320 -0.017404 -0.006058
v -0.003235 -0.019741 -0.006814
v -0.001169 -0.019595 -0.003729
v -0.010486 -0.011817 -0.017895
v -0.009623 -0.013415 -0.017683
v -0.010757 -0.013884 -0.016884
v -0.010957 -0.015756 -0.015548
v -0.011870 -0.014294 -0.016023
v -0.008862 -0.018886 -0.011579
v -0.009978 -0.018211 -0.012794
v 0.006927 -0.018280 -0.004639
v 0.005710 -0.018595 -0.003875
v 0.003258 -0.019021 -0.002267
v 0.000793 -0.019220 -0.000596
v 0.010470 -0.016807 -0.006704
v 0.014387 -0.013197 -0.008751
v 0.012498 -0.013052 -0.011944
v 0.011628 -0.014153 -0.011591
v 0.010674 -0.015156 -0.011170
v 0.009645 -0.016053 -0.010678
v 0.010546 -0.012688 -0.015053
v 0.011357 -0.011485 -0.015267
v 0.005277 -0.013429 -0.018596
v 0.005105 -0.011595 -0.019936
v 0.004064 -0.012623 -0.019663
v 0.002850 -0.011642 -0.020519
v 0.001759 -0.012589 -0.020182
v 0.000627 -0.013467 -0.019768
v -0.001759 -0.016682 -0.017050
v -0.000543 -0.016012 -0.017734
v 0.000657 -0.015272 -0.018341
v 0.001831 -0.014461 -0.018866
v -0.002978 -0.017274 -0.016287
v -0.002879 -0.013844 -0.019449
v -0.001700 -0.013100 -0.019984
v -0.003971 -0.012495 -0.019964
v -0.004998 -0.011030 -0.020280
v -0.004152 -0.016339 -0.017343
v -0.006474 -0.015751 -0.017424
v -0.005277 -0.015174 -0.018167
v -0.006333 -0.013812 -0.018745
v 0.007400 -0.017515 -0.009486
v 0.007605 -0.015765 -0.013955
v 0.006488 -0.016599 -0.013427
v -0.000562 -0.017425 -0.015835
v 0.000658 -0.016785 -0.016555
v 0.001848 -0.017352 -0.015201
v 0.003054 -0.016658 -0.015866
v 0.004212 -0.017071 -0.014392
v 0.005385 -0.016312 -0.014989
v 0.010343 -0.011156 -0.016700
v 0.009510 -0.012359 -0.016518
v 0.008590 -0.013480 -0.016261
v 0.007588 -0.014514 -0.015922
v 0.006516 -0.015459 -0.015499
v 0.002970 -0.013579 -0.019307
v 0.004184 -0.014386 -0.018217
v -0.000669 -0.019134 -0.011231
v -0.001892 -0.019404 -0.010291
v -0.003033 -0.019182 -0.011801
v -0.004236 -0.019402 -0.010819
v -0.005392 -0.019058 -0.012257
v -0.009947 -0.017019 -0.014804
v -0.008856 -0.018017 -0.013804
v -0.007718 -0.018743 -0.012599
v -0.006567 -0.019234 -0.011251
v -0.005428 -0.019539 -0.009814
v -0.004316 -0.019696 -0.008329
v -0.001784 -0.017976 -0.015035
v 0.000627 -0.017955 -0.014455
v 0.003008 -0.017735 -0.013711
v 0.005323 -0.017333 -0.012816
v 0.008549 -0.016841 -0.010116
v 0.011563 -0.016085 -0.007300
v -0.004188 -0.017782 -0.015450
v -0.009834 -0.015374 -0.016444
v -0.004075 -0.014536 -0.018842
v -0.000788 -0.019494 -0.008731
v 0.000443 -0.019255 -0.009654
v 0.002537 -0.019189 -0.006397
v 0.001301 -0.019390 -0.005525
v 0.006212 -0.018080 -0.008792
v 0.004124 -0.017965 -0.012127
v 0.002904 -0.018496 -0.011364
v 0.001787 -0.018301 -0.012952
v 0.000558 -0.018768 -0.012122
v -0.000599 -0.018463 -0.013633
v -0.001820 -0.018871 -0.012744
v -0.003000 -0.018433 -0.014164
v -0.004203 -0.018793 -0.013233
v -0.005383 -0.018198 -0.014549
v -0.006560 -0.018517 -0.013594
v -0.007712 -0.017735 -0.014774
vn 0.4916 -0.4517 -0.7446
vn 0.4916 -0.4517 -0.7446
vn 0.4916 -0.4517 -0.7446
vn 0.1033 -0.3729 -0.9221
vn 0.1033 -0.3729 -0.9221
vn 0.1033 -0.3729 -0.9221
vn 0.0076 -0.3524 -0.9358
vn -0.1044 -0.3249 -0.9400
vn -0.1044 -0.3249 -0.9400
vn -0.0111 0.3503 -0.9366
vn 0.0168 0.3521 -0.9358
vn 0.1065 0.3433 -0.9332
vn 0.1065 0.3433 -0.9332
vn 0.1065 0.3433 -0.9332
vn 0.1952 0.3335 -0.9223
vn 0.8073 0.0658 -0.5864
vn 0.7071 -0.4661 -0.5318
vn 0.7071 -0.4661 -0.5318
vn 0.7071 -0.4661 -0.5318
vn 0.7180 -0.4617 -0.5209
vn 0.7314 -0.4617 -0.5019
vn 0.7602 -0.3761 -0.5298
vn 0.7789 -0.3956 -0.4866
vn 0.7789 -0.3956 -0.4866
vn 0.7789 -0.3956 -0.4866
vn 0.7716 -0.3871 -0.5048
vn 0.7716 -0.3871 -0.5048
vn 0.7716 -0.3871 -0.5048
vn 0.7620 -0.3707 -0.5309
vn 0.7620 -0.3707 -0.5309
vn 0.7620 -0.3707 -0.5309
vn 0.7587 -0.3628 -0.5410
vn 0.6678 -0.3691 -0.6464
vn 0.6678 -0.3691 -0.6464
vn 0.6678 -0.3691 -0.6464
vn 0.7546 -0.3652 -0.5452
vn 0.7546 -0.3652 -0.5452
vn 0.7546 -0.3652 -0.5452
vn 0.7296 -0.3789 -0.5693
vn 0.7210 -0.3600 -0.5921
vn 0.7210 -0.3600 -0.5921
vn 0.6878 -0.3770 -0.6203
vn 0.6878 -0.3770 -0.6203
vn 0.6878 -0.3770 -0.6203
vn 0.6854 -0.3757 -0.6238
vn 0.6854 -0.3757 -0.6238
vn 0.6854 -0.3757 -0.6238
vn 0.6798 -0.3733 -0.6313
vn 0.6798 -0.3733 -0.6313
vn 0.6798 -0.3733 -0.6313
vn 0.6739 -0.2632 -0.6904
vn 0.6739 -0.2632 -0.6904
vn 0.6739 -0.2632 -0.6904
vn 0.6296 -0.2737 -0.7271
vn 0.6296 -0.2737 -0.7271
vn 0.5744 -0.2806 -0.7690
vn 0.5744 -0.2806 -0.7690
vn 0.5744 -0.2806 -0.7690
vn 0.6773 -0.3089 -0.6677
vn 0.6773 -0.3089 -0.6677
vn 0.6773 -0.3089 -0.6677
vn 0.6849 -0.3219 -0.6536
vn 0.6849 -0.3219 -0.6536
vn 0.6849 -0.3219 -0.6536
vn 0.7195 -0.2411 -0.6512
vn 0.7195 -0.2411 -0.6512
vn 0.7195 -0.2411 -0.6512
vn 0.7136 -0.1917 -0.6738
vn 0.7412 -0.1635 -0.6510
vn 0.7412 -0.1635 -0.6510
vn 0.7412 -0.1635 -0.6510
vn 0.7995 -0.0314 -0.5998
vn 0.7995 -0.0314 -0.5998
vn 0.7995 -0.0314 -0.5998
vn 0.8026 -0.0369 -0.5954
vn 0.8026 -0.0369 -0.5954
vn 0.8026 -0.0369 -0.5954
vn 0.8068 0.0024 -0.5908
vn 0.8068 0.0024 -0.5908
vn 0.8068 0.0024 -0.5908
vn 0.8067 0.0014 -0.5909
vn 0.8067 0.0014 -0.5909
vn 0.8067 0.0014 -0.5909
vn 0.8054 0.0101 -0.5926
vn 0.8067 -0.0010 -0.5909
vn 0.8067 -0.0010 -0.5909
vn 0.8067 -0.0010 -0.5909
vn 0.8067 0.0004 -0.5909
vn 0.8067 0.0004 -0.5909
vn 0.8067 0.0004 -0.5909
vn 0.7674 0.1134 -0.6311
vn 0.5779 0.2803 -0.7664
vn 0.5779 0.2803 -0.7664
vn 0.5779 0.2803 -0.7664
vn 0.5625 0.2819 -0.7773
vn 0.5625 0.2819 -0.7773
vn 0.5625 0.2819 -0.7773
vn 0.6454 0.2697 -0.7147
vn 0.6454 0.2697 -0.7147
vn 0.6454 0.2697 -0.7147
vn 0.6609 0.2664 -0.7016
vn 0.6609 0.2664 -0.7016
vn 0.6609 0.2664 -0.7016
vn 0.7146 0.2521 -0.6525
vn 0.7146 0.2521 -0.6525
vn 0.7146 0.2521 -0.6525
vn 0.7146 0.1909 -0.6730
vn 0.7146 0.1909 -0.6730
vn 0.7146 0.1909 -0.6730
vn 0.7215 0.1852 -0.6672
vn 0.7215 0.1852 -0.6672
vn 0.7215 0.1852 -0.6672
vn 0.7388 0.1545 -0.6560
vn 0.7388 0.1545 -0.6560
vn 0.7120 0.3886 -0.5848
vn 0.6757 0.3710 -0.6371
vn 0.6757 0.3710 -0.6371
vn 0.6675 0.3693 -0.6466
vn 0.6675 0.3693 -0.6466
vn 0.6843 0.3244 -0.6530
vn 0.6843 0.3244 -0.6530
vn 0.6843 0.3244 -0.6530
vn 0.6808 0.3102 -0.6635
vn 0.6808 0.3102 -0.6635
vn 0.6808 0.3102 -0.6635
vn 0.7024 0.3245 -0.6335
vn 0.7024 0.3245 -0.6335
vn 0.7298 0.3785 -0.5693
vn 0.7298 0.3785 -0.5693
vn 0.7298 0.3785 -0.5693
vn 0.7587 0.3629 -0.5410
vn 0.7594 0.3647 -0.5388
vn 0.7594 0.3647 -0.5388
vn 0.7594 0.3647 -0.5388
vn 0.7650 0.3759 -0.5230
vn 0.7650 0.3759 -0.5230
vn 0.7650 0.3759 -0.5230
vn 0.7653 0.3765 -0.5221
vn 0.7338 0.4593 -0.5006
vn 0.7338 0.4593 -0.5006
vn 0.7338 0.4593 -0.5006
vn 0.7232 0.4655 -0.5101
vn 0.7260 0.4560 -0.5147
vn 0.7073 0.4656 -0.5318
vn 0.7471 0.4174 -0.5174
vn 0.7471 0.4174 -0.5174
vn 0.7471 0.4174 -0.5174
vn 0.7392 0.4378 -0.5118
vn 0.7392 0.4378 -0.5118
vn 0.7382 0.4424 -0.5093
vn 0.7382 0.4424 -0.5093
vn 0.7349 0.4501 -0.5073
vn 0.7349 0.4501 -0.5073
vn 0.7349 0.4501 -0.5073
vn 0.7312 0.4608 -0.5029
vn 0.7312 0.4608 -0.5029
vn 0.7312 0.4608 -0.5029
vn 0.7368 0.4573 -0.4980
vn 0.7368 0.4573 -0.4980
vn 0.7368 0.4573 -0.4980
vn 0.7313 0.4610 -0.5027
vn 0.7313 0.4610 -0.5027
vn 0.7313 0.4610 -0.5027
vn 0.5785 0.3738 -0.7250
vn 0.5785 0.3738 -0.7250
vn 0.6000 0.3590 -0.7149
vn 0.6000 0.3590 -0.7149
vn 0.6000 0.3590 -0.7149
vn 0.6149 0.3469 -0.7082
vn 0.6149 0.3469 -0.7082
vn 0.6277 0.3560 -0.6923
vn 0.6277 0.3560 -0.6923
vn 0.6513 0.3707 -0.6621
vn 0.6513 0.3707 -0.6621
vn 0.6513 0.3707 -0.6621
vn 0.5417 0.4558 -0.7062
vn 0.5417 0.4558 -0.7062
vn 0.5417 0.4558 -0.7062
vn 0.5633 0.4372 -0.7011
vn 0.5633 0.4372 -0.7011
vn 0.5633 0.4372 -0.7011
vn 0.5741 0.4031 -0.7127
vn 0.5741 0.4031 -0.7127
vn 0.5741 0.4031 -0.7127
vn 0.4644 0.3940 -0.7932
vn 0.4644 0.3940 -0.7932
vn 0.4644 0.3940 -0.7932
vn 0.4519 0.4239 -0.7849
vn 0.4519 0.4239 -0.7849
vn 0.4519 0.4239 -0.7849
vn 0.4786 0.4966 -0.7241
vn 0.4786 0.4966 -0.7241
vn 0.4786 0.4966 -0.7241
vn 0.4937 0.4209 -0.7610
vn 0.4937 0.4209 -0.7610
vn 0.4937 0.4209 -0.7610
vn 0.4927 0.4342 -0.7542
vn 0.4927 0.4342 -0.7542
vn 0.4927 0.4342 -0.7542
vn 0.4926 0.4494 -0.7452
vn 0.4926 0.4494 -0.7452
vn 0.4926 0.4494 -0.7452
vn 0.4930 0.4503 -0.7445
vn 0.4754 0.4574 -0.7515
vn 0.4754 0.4574 -0.7515
vn 0.4754 0.4574 -0.7515
vn 0.4579 0.4644 -0.7581
vn 0.4688 0.4389 -0.7665
vn 0.4688 0.4389 -0.7665
vn 0.4688 0.4389 -0.7665
vn 0.4473 0.4421 -0.7775
vn 0.4473 0.4421 -0.7775
vn 0.4473 0.4421 -0.7775
vn 0.3963 0.4406 -0.8055
vn 0.3963 0.4406 -0.8055
vn 0.3854 0.4418 -0.8101
vn 0.4450 0.3367 -0.8298
vn 0.4450 0.3367 -0.8298
vn 0.4450 0.3367 -0.8298
vn 0.4523 0.3453 -0.8223
vn 0.4523 0.3453 -0.8223
vn 0.4523 0.3453 -0.8223
vn 0.3558 0.3751 -0.8560
vn 0.2669 0.2830 -0.9212
vn 0.3094 0.3535 -0.8828
vn 0.2231 0.3353 -0.9153
vn 0.2231 0.3353 -0.9153
vn 0.2231 0.3353 -0.9153
vn 0.1011 0.3140 -0.9440
vn 0.1011 0.3140 -0.9440
vn 0.1011 0.3140 -0.9440
vn 0.1159 0.3079 -0.9443
vn 0.1159 0.3079 -0.9443
vn 0.1159 0.3079 -0.9443
vn 0.1367 0.2980 -0.9447
vn 0.1367 0.2980 -0.9447
vn 0.1367 0.2980 -0.9447
vn 0.1527 0.2891 -0.9450
vn 0.1527 0.2891 -0.9450
vn 0.1527 0.2891 -0.9450
vn -0.0718 0.3407 -0.9374
vn -0.0718 0.3407 -0.9374
vn -0.0718 0.3407 -0.9374
vn -0.0543 0.3419 -0.9382
vn -0.0543 0.3419 -0.9382
vn -0.0543 0.3419 -0.9382
vn -0.0820 0.3220 -0.9432
vn -0.0820 0.3220 -0.9432
vn -0.0820 0.3220 -0.9432
vn 0.0086 0.3674 -0.9300
vn 0.0372 0.3619 -0.9315
vn 0.0930 0.3796 -0.9205
vn 0.0930 0.3796 -0.9205
vn 0.0930 0.3796 -0.9205
vn 0.1048 0.3644 -0.9253
vn 0.1048 0.3644 -0.9253
vn 0.1048 0.3644 -0.9253
vn 0.1366 0.2812 -0.9499
vn 0.1366 0.2812 -0.9499
vn 0.1366 0.2812 -0.9499
vn 0.1448 0.2936 -0.9449
vn 0.1378 0.3939 -0.9088
vn 0.1378 0.3939 -0.9088
vn 0.1378 0.3939 -0.9088
vn 0.1401 0.3475 -0.9271
vn 0.1401 0.3475 -0.9271
vn 0.1401 0.3475 -0.9271
vn 0.1400 0.3243 -0.9356
vn 0.1400 0.3243 -0.9356
vn 0.1400 0.3243 -0.9356
vn 0.1397 0.3155 -0.9386
vn 0.1397 0.3155 -0.9386
vn 0.1397 0.3155 -0.9386
vn 0.1389 0.2975 -0.9446
vn 0.1389 0.2975 -0.9446
vn 0.1389 0.2975 -0.9446
vn 0.1343 0.2668 -0.9543
vn 0.1343 0.2668 -0.9543
vn 0.0065 0.2235 -0.9747
vn 0.0065 0.2235 -0.9747
vn 0.0065 0.2235 -0.9747
vn 0.0808 0.3128 -0.9464
vn 0.0808 0.3128 -0.9464
vn 0.0808 0.3128 -0.9464
vn 0.0425 0.3240 -0.9451
vn 0.0425 0.3240 -0.9451
vn 0.0425 0.3240 -0.9451
vn 0.0380 0.3654 -0.9301
vn 0.0380 0.3654 -0.9301
vn 0.0380 0.3654 -0.9301
vn 0.1389 0.2586 -0.9559
vn 0.1389 0.2586 -0.9559
vn 0.1389 0.2586 -0.9559
vn 0.1484 0.2340 -0.9609
vn 0.1484 0.2340 -0.9609
vn 0.1484 0.2340 -0.9609
vn 0.1456 0.2429 -0.9590
vn 0.1599 0.2096 -0.9646
vn 0.1599 0.2096 -0.9646
vn 0.1904 0.1766 -0.9657
vn 0.1904 0.1766 -0.9657
vn 0.1904 0.1766 -0.9657
vn 0.1576 0.1429 -0.9771
vn 0.1576 0.1429 -0.9771
vn 0.1576 0.1429 -0.9771
vn 0.2353 0.1214 -0.9643
vn 0.2353 0.1214 -0.9643
vn 0.2353 0.1214 -0.9643
vn 0.3530 0.0138 -0.9355
vn 0.3530 0.0138 -0.9355
vn 0.3530 0.0138 -0.9355
vn 0.3592 0.0380 -0.9325
vn 0.3717 0.0320 -0.9278
vn 0.3717 0.0320 -0.9278
vn 0.3717 0.0320 -0.9278
vn 0.3191 0.0577 -0.9460
vn 0.3280 -0.0636 -0.9425
vn 0.3280 -0.0636 -0.9425
vn 0.3280 -0.0636 -0.9425
vn 0.3191 -0.0775 -0.9445
vn 0.3191 -0.0775 -0.9445
vn 0.3191 -0.0775 -0.9445
vn 0.3356 -0.0553 -0.9404
vn 0.3490 -0.0428 -0.9361
vn 0.3490 -0.0428 -0.9361
vn 0.3490 -0.0428 -0.9361
vn 0.3599 -0.0378 -0.9322
vn 0.3541 -0.0188 -0.9350
vn 0.3541 -0.0188 -0.9350
vn 0.3541 -0.0188 -0.9350
vn 0.3518 -0.0022 -0.9361
vn 0.3518 -0.0022 -0.9361
vn 0.3518 -0.0022 -0.9361
vn 0.2775 -0.1390 -0.9506
vn 0.2775 -0.1390 -0.9506
vn 0.2831 -0.1242 -0.9510
vn 0.2831 -0.1242 -0.9510
vn 0.2831 -0.1242 -0.9510
vn 0.2884 -0.1147 -0.9506
vn 0.3100 -0.0837 -0.9471
vn 0.3126 -0.1112 -0.9434
vn 0.3126 -0.1112 -0.9434
vn 0.3126 -0.1112 -0.9434
vn 0.3151 -0.0943 -0.9444
vn 0.2246 -0.1261 -0.9663
vn 0.2246 -0.1261 -0.9663
vn 0.2246 -0.1261 -0.9663
vn 0.2084 -0.1283 -0.9696
vn 0.2084 -0.1283 -0.9696
vn 0.2084 -0.1283 -0.9696
vn 0.1622 -0.2128 -0.9636
vn 0.1622 -0.2128 -0.9636
vn 0.1622 -0.2128 -0.9636
vn 0.1684 -0.1997 -0.9653
vn 0.1684 -0.1997 -0.9653
vn 0.1684 -0.1997 -0.9653
vn 0.1783 -0.1897 -0.9655
vn 0.1783 -0.1897 -0.9655
vn 0.1783 -0.1897 -0.9655
vn 0.1867 -0.1837 -0.9651
vn 0.1867 -0.1837 -0.9651
vn 0.1867 -0.1837 -0.9651
vn 0.2015 -0.1755 -0.9636
vn 0.2015 -0.1755 -0.9636
vn 0.1970 -0.1768 -0.9643
vn 0.1900 -0.1520 -0.9700
vn 0.1900 -0.1520 -0.9700
vn 0.1900 -0.1520 -0.9700
vn 0.1914 -0.1360 -0.9720
vn 0.1336 -0.2691 -0.9538
vn 0.1336 -0.2691 -0.9538
vn 0.1336 -0.2691 -0.9538
vn 0.1384 -0.2564 -0.9566
vn 0.1448 -0.2473 -0.9580
vn 0.1448 -0.2473 -0.9580
vn 0.1448 -0.2473 -0.9580
vn 0.1461 -0.2448 -0.9585
vn 0.1461 -0.2448 -0.9585
vn 0.1461 -0.2448 -0.9585
vn 0.1572 -0.2289 -0.9607
vn 0.1589 -0.2421 -0.9572
vn 0.1589 -0.2421 -0.9572
vn 0.1589 -0.2421 -0.9572
vn 0.1584 -0.2259 -0.9612
vn 0.1302 -0.2835 -0.9501
vn 0.1309 -0.2494 -0.9595
vn 0.0630 -0.2605 -0.9634
vn 0.0630 -0.2605 -0.9634
vn 0.0630 -0.2605 -0.9634
vn 0.0522 -0.3249 -0.9443
vn 0.0417 -0.3390 -0.9398
vn 0.0417 -0.3390 -0.9398
vn 0.0417 -0.3390 -0.9398
vn 0.0663 -0.3168 -0.9462
vn 0.0663 -0.3168 -0.9462
vn 0.0663 -0.3168 -0.9462
vn 0.0773 -0.3122 -0.9469
vn 0.0773 -0.3122 -0.9469
vn 0.0773 -0.3122 -0.9469
vn 0.0777 -0.3122 -0.9468
vn 0.0777 -0.3122 -0.9468
vn 0.0777 -0.3122 -0.9468
vn 0.0553 -0.2830 -0.9575
vn 0.0553 -0.2830 -0.9575
vn 0.0553 -0.2830 -0.9575
vn 0.0555 -0.2670 -0.9621
vn 0.0555 -0.2670 -0.9621
vn 0.0555 -0.2670 -0.9621
vn -0.0446 -0.3473 -0.9367
vn -0.0505 -0.3486 -0.9359
vn -0.0505 -0.3486 -0.9359
vn -0.0505 -0.3486 -0.9359
vn -0.0446 -0.3486 -0.9362
vn -0.0446 -0.3486 -0.9362
vn -0.0446 -0.3486 -0.9362
vn -0.0419 -0.3511 -0.9354
vn -0.0419 -0.3511 -0.9354
vn -0.0419 -0.3511 -0.9354
vn -0.0398 -0.3462 -0.9373
vn 0.0361 -0.3629 -0.9311
vn 0.0382 -0.3685 -0.9288
vn 0.0327 -0.3800 -0.9244
vn 0.0205 -0.3436 -0.9389
vn 0.0205 -0.3436 -0.9389
vn 0.0205 -0.3436 -0.9389
vn 0.0199 -0.3520 -0.9358
vn 0.0199 -0.3520 -0.9358
vn 0.0199 -0.3520 -0.9358
vn 0.1864 -0.3330 -0.9243
vn 0.1864 -0.3330 -0.9243
vn 0.1864 -0.3330 -0.9243
vn 0.1383 -0.2904 -0.9469
vn 0.1383 -0.2904 -0.9469
vn 0.1383 -0.2904 -0.9469
vn 0.1407 -0.3356 -0.9315
vn 0.1423 -0.2953 -0.9447
vn 0.1951 -0.3332 -0.9225
vn 0.1951 -0.3332 -0.9225
vn 0.1951 -0.3332 -0.9225
vn 0.1341 -0.3001 -0.9444
vn 0.1341 -0.3001 -0.9444
vn 0.1341 -0.3001 -0.9444
vn 0.1066 -0.3120 -0.9441
vn 0.1066 -0.3120 -0.9441
vn 0.1066 -0.3120 -0.9441
vn 0.1023 -0.3135 -0.9441
vn 0.1023 -0.3135 -0.9441
vn 0.1023 -0.3135 -0.9441
vn 0.1057 -0.3385 -0.9350
vn 0.1057 -0.3385 -0.9350
vn 0.1057 -0.3385 -0.9350
vn 0.1054 -0.3496 -0.9309
vn 0.1054 -0.3496 -0.9309
vn 0.1054 -0.3496 -0.9309
vn 0.3119 -0.3301 -0.8909
vn 0.2622 -0.3440 -0.9016
vn 0.2622 -0.3440 -0.9016
vn 0.2622 -0.3440 -0.9016
vn 0.2338 -0.3378 -0.9117
vn 0.2338 -0.3378 -0.9117
vn 0.2338 -0.3378 -0.9117
vn 0.2104 -0.3342 -0.9187
vn 0.2104 -0.3342 -0.9187
vn 0.2104 -0.3342 -0.9187
vn 0.4932 -0.3804 -0.7823
vn 0.4932 -0.3804 -0.7823
vn 0.4643 -0.3564 -0.8108
vn 0.4643 -0.3564 -0.8108
vn 0.4527 -0.3444 -0.8225
vn 0.4371 -0.3504 -0.8284
vn 0.4371 -0.3504 -0.8284
vn 0.4371 -0.3504 -0.8284
vn 0.3558 -0.3754 -0.8559
vn 0.3558 -0.3754 -0.8559
vn 0.3558 -0.3754 -0.8559
vn 0.4693 -0.4323 -0.7700
vn 0.4693 -0.4776 -0.7427
vn 0.4693 -0.4776 -0.7427
vn 0.4693 -0.4776 -0.7427
vn 0.4828 -0.4260 -0.7651
vn 0.4807 -0.4749 -0.7372
vn 0.4954 -0.4580 -0.7381
vn 0.4941 -0.4485 -0.7448
vn 0.4941 -0.4485 -0.7448
vn 0.4941 -0.4485 -0.7448
vn 0.4944 -0.4245 -0.7585
vn 0.4944 -0.4245 -0.7585
vn 0.4944 -0.4245 -0.7585
vn 0.4581 -0.4397 -0.7725
vn 0.4196 -0.4466 -0.7902
vn 0.3597 -0.4283 -0.8290
vn 0.3597 -0.4283 -0.8290
vn 0.3597 -0.4283 -0.8290
vn 0.6686 -0.3693 -0.6454
vn 0.6686 -0.3693 -0.6454
vn 0.6686 -0.3693 -0.6454
vn 0.6510 -0.3710 -0.6622
vn 0.6510 -0.3710 -0.6622
vn 0.6510 -0.3710 -0.6622
vn 0.6143 -0.3481 -0.7081
vn 0.6197 -0.3434 -0.7058
vn 0.6197 -0.3434 -0.7058
vn 0.5810 -0.3724 -0.7237
vn 0.5810 -0.3724 -0.7237
vn 0.5810 -0.3724 -0.7237
vn 0.5805 -0.3727 -0.7240
vn 0.5725 -0.4071 -0.7117
vn 0.5725 -0.4071 -0.7117
vn 0.5725 -0.4071 -0.7117
vn 0.5600 -0.4456 -0.6985
vn 0.7327 -0.4606 -0.5010
vn 0.7327 -0.4606 -0.5010
vn 0.7327 -0.4606 -0.5010
vn 0.7362 -0.4468 -0.5083
vn 0.7362 -0.4468 -0.5083
vn 0.7362 -0.4468 -0.5083
vn 0.7413 -0.4344 -0.5117
vn 0.7413 -0.4344 -0.5117
vn 0.7413 -0.4344 -0.5117
vn 0.7410 -0.4362 -0.5105
vn 0.7410 -0.4362 -0.5105
vn 0.7410 -0.4362 -0.5105
vn 0.7429 -0.4290 -0.5139
vn 0.7429 -0.4290 -0.5139
vn 0.2793 -0.1277 -0.9517
vn 0.2783 -0.1246 -0.9524
vn 0.2365 -0.1775 -0.9553
vn 0.2365 -0.1775 -0.9553
vn 0.2600 -0.2038 -0.9438
vn 0.2600 -0.2038 -0.9438
vn 0.2600 -0.2038 -0.9438
vn 0.2015 -0.2355 -0.9508
vn 0.2015 -0.2355 -0.9508
vn 0.2015 -0.2355 -0.9508
vn 0.4264 -0.0373 -0.9038
vn 0.4264 -0.0373 -0.9038
vn 0.4264 -0.0373 -0.9038
vn 0.4294 -0.0248 -0.9028
vn 0.3880 -0.0375 -0.9209
vn 0.3880 -0.0375 -0.9209
vn 0.3880 -0.0375 -0.9209
vn 0.4029 -0.0802 -0.9117
vn 0.4029 -0.0802 -0.9117
vn 0.4029 -0.0802 -0.9117
vn 0.3467 -0.0938 -0.9333
vn 0.3467 -0.0938 -0.9333
vn 0.3467 -0.0938 -0.9333
vn 0.4820 -0.0009 -0.8762
vn 0.4820 -0.0009 -0.8762
vn 0.4820 -0.0009 -0.8762
vn 0.4808 -0.0042 -0.8768
vn 0.4785 -0.0057 -0.8781
vn 0.4785 -0.0057 -0.8781
vn 0.4785 -0.0057 -0.8781
vn 0.3589 0.1492 -0.9214
vn 0.3589 0.1492 -0.9214
vn 0.3589 0.1492 -0.9214
vn 0.2678 0.1177 -0.9563
vn 0.3149 0.0962 -0.9442
vn 0.3458 0.1079 -0.9321
vn 0.4583 0.0376 -0.8880
vn 0.4583 0.0376 -0.8880
vn 0.4583 0.0376 -0.8880
vn 0.4037 0.0431 -0.9139
vn 0.4270 0.0079 -0.9042
vn 0.4652 0.0141 -0.8851
vn 0.4652 0.0141 -0.8851
vn 0.4652 0.0141 -0.8851
vn 0.4817 0.0040 -0.8763
vn 0.4817 0.0040 -0.8763
vn 0.4817 0.0040 -0.8763
vn 0.1595 0.2289 -0.9603
vn 0.2548 0.2429 -0.9360
vn 0.2548 0.2429 -0.9360
vn 0.2548 0.2429 -0.9360
vn 0.2259 0.1773 -0.9579
vn 0.2259 0.1773 -0.9579
vn 0.2259 0.1773 -0.9579
vn 0.2430 0.1697 -0.9551
vn 0.2430 0.1697 -0.9551
vn 0.2430 0.1697 -0.9551
vn 0.2678 0.1373 -0.9536
vn 0.2678 0.1373 -0.9536
vn 0.2678 0.1373 -0.9536
vn 0.4635 0.3551 -0.8118
vn 0.4635 0.3551 -0.8118
vn 0.4635 0.3551 -0.8118
vn 0.4798 0.3698 -0.7956
vn 0.4798 0.3698 -0.7956
vn 0.5186 0.3888 -0.7615
vn 0.5186 0.3888 -0.7615
vn 0.5186 0.3888 -0.7615
vn 0.5086 0.3836 -0.7708
vn 0.5086 0.3836 -0.7708
vn 0.7710 0.0483 -0.6350
vn 0.7654 0.1124 -0.6336
vn 0.7654 0.1124 -0.6336
vn 0.7654 0.1124 -0.6336
vn 0.7654 0.1125 -0.6336
vn 0.7654 0.1125 -0.6336
vn 0.7654 0.1125 -0.6336
vn 0.7432 0.1416 -0.6539
vn 0.7432 0.1416 -0.6539
vn 0.7387 0.1551 -0.6559
vn 0.7387 0.1551 -0.6559
vn 0.7387 0.1551 -0.6559
vn 0.6228 0.1234 -0.7726
vn 0.6228 0.1234 -0.7726
vn 0.6228 0.1234 -0.7726
vn 0.6972 0.1921 -0.6907
vn 0.6507 0.2459 -0.7184
vn 0.6564 0.2766 -0.7018
vn 0.6245 0.3183 -0.7132
vn 0.6245 0.3183 -0.7132
vn 0.6245 0.3183 -0.7132
vn 0.6087 0.3714 -0.7011
vn 0.6087 0.3714 -0.7011
vn 0.5421 0.3050 -0.7830
vn 0.5421 0.3050 -0.7830
vn 0.5421 0.3050 -0.7830
vn 0.5678 0.3745 -0.7330
vn 0.5678 0.3745 -0.7330
vn 0.5678 0.3745 -0.7330
vn 0.5578 0.3754 -0.7402
vn 0.5578 0.3754 -0.7402
vn 0.5366 0.3782 -0.7543
vn 0.5366 0.3782 -0.7543
vn 0.5366 0.3782 -0.7543
vn 0.7950 0.0375 -0.6054
vn 0.7950 0.0375 -0.6054
vn 0.7950 0.0375 -0.6054
vn 0.7943 0.0375 -0.6064
vn 0.7943 0.0375 -0.6064
vn 0.7943 0.0375 -0.6064
vn 0.8048 0.0329 -0.5927
vn 0.8048 0.0329 -0.5927
vn 0.8048 0.0329 -0.5927
vn 0.7614 -0.1222 -0.6367
vn 0.7742 -0.0467 -0.6313
vn 0.7742 -0.0467 -0.6313
vn 0.7742 -0.0467 -0.6313
vn 0.7951 -0.0371 -0.6053
vn 0.7951 -0.0371 -0.6053
vn 0.7951 -0.0371 -0.6053
vn 0.7851 -0.0082 -0.6193
vn 0.7851 -0.0082 -0.6193
vn 0.7851 -0.0082 -0.6193
vn 0.7846 0.0058 -0.6200
vn 0.7846 0.0058 -0.6200
vn 0.7846 0.0058 -0.6200
vn 0.7931 -0.0902 -0.6024
vn 0.7931 -0.0902 -0.6024
vn 0.7931 -0.0902 -0.6024
vn 0.7584 -0.1049 -0.6433
vn 0.7584 -0.1049 -0.6433
vn 0.7584 -0.1049 -0.6433
vn 0.7559 -0.1043 -0.6464
vn 0.7559 -0.1043 -0.6464
vn 0.7559 -0.1043 -0.6464
vn 0.7418 -0.1570 -0.6520
vn 0.7418 -0.1570 -0.6520
vn 0.7418 -0.1570 -0.6520
vn 0.6070 -0.0952 -0.7890
vn 0.6070 -0.0952 -0.7890
vn 0.6070 -0.0952 -0.7890
vn 0.7061 -0.1923 -0.6815
vn 0.6737 -0.2164 -0.7066
vn 0.6737 -0.2164 -0.7066
vn 0.6737 -0.2164 -0.7066
vn 0.6049 -0.3854 -0.6968
vn 0.6049 -0.3854 -0.6968
vn 0.6049 -0.3854 -0.6968
vn 0.6114 -0.3631 -0.7031
vn 0.6114 -0.3631 -0.7031
vn 0.6114 -0.3631 -0.7031
vn 0.6351 -0.2780 -0.7207
vn 0.6586 -0.3282 -0.6772
vn 0.6586 -0.2529 -0.7088
vn 0.6586 -0.2529 -0.7088
vn 0.4548 -0.4227 -0.7839
vn 0.4548 -0.4227 -0.7839
vn 0.4548 -0.4227 -0.7839
vn 0.4502 -0.3540 -0.8198
vn 0.4502 -0.3540 -0.8198
vn 0.4502 -0.3540 -0.8198
vn 0.5085 -0.3834 -0.7710
vn 0.5085 -0.3834 -0.7710
vn 0.5348 -0.3773 -0.7561
vn 0.5348 -0.3773 -0.7561
vn 0.5348 -0.3773 -0.7561
vn 0.5642 -0.3740 -0.7361
vn 0.5642 -0.3740 -0.7361
vn 0.5642 -0.3740 -0.7361
vn 0.5580 -0.3539 -0.7506
vn 0.5580 -0.3539 -0.7506
vn 0.5580 -0.3539 -0.7506
vn 0.5479 -0.3149 -0.7750
vn 0.5479 -0.3149 -0.7750
vn 0.5479 -0.3149 -0.7750
vn -0.9899 -0.1071 -0.0928
vn -0.9899 -0.1071 -0.0928
vn -0.9899 -0.1071 -0.0928
vn -0.9984 -0.0013 0.0570
vn -0.9984 -0.0013 0.0570
vn -0.9984 -0.0013 0.0570
vn -0.8777 -0.0660 0.4746
vn -0.8777 -0.0660 0.4746
vn -0.8857 0.3207 0.3358
vn -0.8857 0.3207 0.3358
vn -0.7856 0.4650 0.4083
vn -0.7793 0.4592 0.4263
vn -0.7793 0.4592 0.4263
vn -0.8683 0.4525 0.2033
vn -0.8683 0.4525 0.2033
vn -0.8794 0.4601 0.1220
vn -0.8794 0.4601 0.1220
vn -0.8794 0.4601 0.1220
vn -0.8753 0.3766 -0.3035
vn -0.8469 0.3516 -0.3989
vn -0.8469 0.3516 -0.3989
vn -0.8469 0.3516 -0.3989
vn -0.8024 0.3242 -0.5011
vn -0.8024 0.3242 -0.5011
vn -0.8024 0.3242 -0.5011
vn -0.8392 -0.3512 -0.4153
vn -0.8392 -0.3512 -0.4153
vn -0.8392 -0.3512 -0.4153
vn -0.8511 -0.3530 -0.3886
vn -0.7821 -0.4347 0.4465
vn -0.7821 -0.4347 0.4465
vn -0.7821 -0.4347 0.4465
vn -0.7852 -0.4662 0.4076
vn -0.7766 -0.4576 0.4329
vn -0.7722 -0.4661 0.4317
vn -0.7691 -0.4609 0.4427
vn -0.7691 -0.4609 0.4427
vn -0.7691 -0.4609 0.4427
vn -0.7671 -0.4567 0.4505
vn -0.7671 -0.4567 0.4505
vn -0.7671 -0.4567 0.4505
vn -0.7689 -0.4607 0.4433
vn -0.7753 -0.4498 0.4435
vn -0.7753 -0.4498 0.4435
vn -0.7753 -0.4498 0.4435
vn -0.7787 -0.4431 0.4442
vn -0.7787 -0.4431 0.4442
vn -0.7787 -0.4431 0.4442
vn -0.8289 -0.3786 0.4119
vn -0.8289 -0.3786 0.4119
vn -0.8289 -0.3786 0.4119
vn -0.8161 -0.3630 0.4497
vn -0.8161 -0.3630 0.4497
vn -0.8161 -0.3630 0.4497
vn -0.8147 -0.3645 0.4511
vn -0.8147 -0.3645 0.4511
vn -0.8147 -0.3645 0.4511
vn -0.8040 -0.3747 0.4617
vn -0.8040 -0.3747 0.4617
vn -0.8040 -0.3747 0.4617
vn -0.8030 -0.3753 0.4629
vn -0.7925 -0.4108 0.4507
vn -0.7925 -0.4108 0.4507
vn -0.7848 -0.4300 0.4464
vn -0.7848 -0.4300 0.4464
vn -0.7848 -0.4300 0.4464
vn -0.8746 -0.3248 0.3599
vn -0.8351 -0.3884 0.3895
vn -0.8351 -0.3884 0.3895
vn -0.8625 -0.3734 0.3416
vn -0.8625 -0.3734 0.3416
vn -0.8625 -0.3734 0.3416
vn -0.9044 -0.3466 0.2489
vn -0.8711 -0.3695 0.3234
vn -0.8711 -0.3695 0.3234
vn -0.8713 -0.3694 0.3230
vn -0.8713 -0.3694 0.3230
vn -0.8713 -0.3694 0.3230
vn -0.8783 -0.3710 0.3016
vn -0.8783 -0.3710 0.3016
vn -0.8953 -0.3562 0.2676
vn -0.8732 -0.4543 0.1762
vn -0.8779 -0.4323 0.2060
vn -0.8779 -0.4323 0.2060
vn -0.8779 -0.4323 0.2060
vn -0.9029 -0.3729 0.2140
vn -0.9029 -0.3729 0.2140
vn -0.9032 -0.3843 0.1911
vn -0.9032 -0.3843 0.1911
vn -0.9032 -0.3843 0.1911
vn -0.9039 -0.3578 0.2343
vn -0.9039 -0.3578 0.2343
vn -0.9039 -0.3578 0.2343
vn -0.9185 -0.3881 0.0760
vn -0.9185 -0.3881 0.0760
vn -0.9185 -0.3881 0.0760
vn -0.9068 -0.4158 0.0693
vn -0.9068 -0.4158 0.0693
vn -0.9068 -0.4158 0.0693
vn -0.8548 -0.5052 0.1188
vn -0.8548 -0.5052 0.1188
vn -0.8548 -0.5052 0.1188
vn -0.9034 -0.4125 0.1172
vn -0.9034 -0.4125 0.1172
vn -0.9034 -0.4125 0.1172
vn -0.8912 -0.4372 0.1209
vn -0.8912 -0.4372 0.1209
vn -0.8912 -0.4372 0.1209
vn -0.8840 -0.4502 0.1258
vn -0.8832 -0.4551 0.1133
vn -0.8832 -0.4551 0.1133
vn -0.8832 -0.4551 0.1133
vn -0.8806 -0.4657 0.0875
vn -0.8933 -0.4398 0.0928
vn -0.8939 -0.4440 0.0621
vn -0.8939 -0.4440 0.0621
vn -0.8982 -0.4396 0.0052
vn -0.8982 -0.4396 0.0052
vn -0.8982 -0.4396 0.0052
vn -0.8982 -0.4394 -0.0078
vn -0.9409 -0.3360 0.0425
vn -0.9409 -0.3360 0.0425
vn -0.9409 -0.3360 0.0425
vn -0.9369 -0.3455 0.0530
vn -0.9224 -0.3362 -0.1901
vn -0.9224 -0.3362 -0.1901
vn -0.9224 -0.3362 -0.1901
vn -0.9266 -0.3440 -0.1519
vn -0.9266 -0.3440 -0.1519
vn -0.9385 -0.3296 -0.1028
vn -0.9308 -0.3593 -0.0676
vn -0.9332 -0.3594 0.0078
vn -0.9332 -0.3594 0.0078
vn -0.9332 -0.3594 0.0078
vn -0.8976 -0.3140 -0.3093
vn -0.8976 -0.3140 -0.3093
vn -0.8896 -0.3191 -0.3267
vn -0.8896 -0.3191 -0.3267
vn -0.8896 -0.3191 -0.3267
vn -0.9025 -0.3077 -0.3014
vn -0.9025 -0.3077 -0.3014
vn -0.9025 -0.3077 -0.3014
vn -0.9115 -0.2981 -0.2832
vn -0.9194 -0.2881 -0.2677
vn -0.9194 -0.2881 -0.2677
vn -0.9194 -0.2881 -0.2677
vn -0.8135 -0.3433 -0.4695
vn -0.8135 -0.3433 -0.4695
vn -0.8183 -0.3410 -0.4628
vn -0.8183 -0.3410 -0.4628
vn -0.8197 -0.3440 -0.4580
vn -0.8197 -0.3440 -0.4580
vn -0.8197 -0.3440 -0.4580
vn -0.8433 -0.3674 -0.3923
vn -0.8433 -0.3674 -0.3923
vn -0.8520 -0.3562 -0.3837
vn -0.8520 -0.3562 -0.3837
vn -0.8688 -0.3766 -0.3216
vn -0.8688 -0.3766 -0.3216
vn -0.8688 -0.3766 -0.3216
vn -0.8812 -0.3609 -0.3055
vn -0.8812 -0.3609 -0.3055
vn -0.8812 -0.3609 -0.3055
vn -0.8773 -0.3220 -0.3559
vn -0.8773 -0.3220 -0.3559
vn -0.8773 -0.3220 -0.3559
vn -0.8725 -0.3282 -0.3619
vn -0.8725 -0.3282 -0.3619
vn -0.8725 -0.3282 -0.3619
vn -0.8660 -0.3386 -0.3680
vn -0.8660 -0.3386 -0.3680
vn -0.8660 -0.3386 -0.3680
vn -0.8510 -0.3725 -0.3701
vn -0.9027 -0.2581 -0.3443
vn -0.9027 -0.2581 -0.3443
vn -0.9027 -0.2581 -0.3443
vn -0.8969 -0.2601 -0.3578
vn -0.8969 -0.2601 -0.3578
vn -0.8899 -0.2693 -0.3682
vn -0.8899 -0.2693 -0.3682
vn -0.8899 -0.2693 -0.3682
vn -0.8850 -0.3120 -0.3456
vn -0.8850 -0.3120 -0.3456
vn -0.8850 -0.3120 -0.3456
vn -0.8936 -0.3082 -0.3262
vn -0.8936 -0.3082 -0.3262
vn -0.8936 -0.3082 -0.3262
vn -0.8851 -0.3136 -0.3438
vn -0.8851 -0.3136 -0.3438
vn -0.8730 -0.4095 -0.2650
vn -0.8730 -0.4095 -0.2650
vn -0.8730 -0.4095 -0.2650
vn -0.9157 -0.2931 -0.2750
vn -0.9157 -0.2931 -0.2750
vn -0.9157 -0.2931 -0.2750
vn -0.9163 -0.3335 -0.2216
vn -0.9163 -0.3335 -0.2216
vn -0.9163 -0.3335 -0.2216
vn -0.8939 -0.3563 -0.2720
vn -0.8939 -0.3563 -0.2720
vn -0.8939 -0.3563 -0.2720
vn -0.9084 -0.3118 -0.2784
vn -0.9200 -0.2629 -0.2907
vn -0.9200 -0.2629 -0.2907
vn -0.9200 -0.2629 -0.2907
vn -0.9183 -0.2684 -0.2911
vn -0.9183 -0.2684 -0.2911
vn -0.9183 -0.2684 -0.2911
vn -0.9169 -0.2732 -0.2909
vn -0.9169 -0.2732 -0.2909
vn -0.9169 -0.2732 -0.2909
vn -0.9216 -0.2599 -0.2884
vn -0.9216 -0.2599 -0.2884
vn -0.9246 -0.2519 -0.2856
vn -0.9297 -0.2398 -0.2796
vn -0.9295 -0.2402 -0.2797
vn -0.9604 -0.1708 -0.2203
vn -0.9604 -0.1708 -0.2203
vn -0.9604 -0.1708 -0.2203
vn -0.9521 -0.1767 -0.2494
vn -0.9521 -0.1767 -0.2494
vn -0.9521 -0.1767 -0.2494
vn -0.9591 -0.1403 -0.2458
vn -0.9591 -0.1403 -0.2458
vn -0.9591 -0.1403 -0.2458
vn -0.9551 -0.1776 -0.2370
vn -0.9551 -0.1776 -0.2370
vn -0.9551 -0.1776 -0.2370
vn -0.9500 -0.1856 -0.2511
vn -0.9500 -0.1856 -0.2511
vn -0.9500 -0.1856 -0.2511
vn -0.9454 -0.1959 -0.2606
vn -0.9454 -0.1959 -0.2606
vn -0.9454 -0.1959 -0.2606
vn -0.9425 -0.2034 -0.2653
vn -0.9383 -0.2158 -0.2701
vn -0.9347 -0.2305 -0.2706
vn -0.9347 -0.2305 -0.2706
vn -0.9347 -0.2305 -0.2706
vn -0.9866 -0.1526 -0.0579
vn -0.9866 -0.1526 -0.0579
vn -0.9866 -0.1526 -0.0579
vn -0.9738 -0.1221 -0.1919
vn -0.9738 -0.1221 -0.1919
vn -0.9738 -0.1221 -0.1919
vn -0.9629 -0.1296 -0.2368
vn -0.9629 -0.1296 -0.2368
vn -0.9629 -0.1296 -0.2368
vn -0.9919 0.0637 -0.1102
vn -0.9919 0.0637 -0.1102
vn -0.9919 0.0637 -0.1102
vn -0.9898 0.0777 -0.1190
vn -0.9898 0.0777 -0.1190
vn -0.9898 0.0777 -0.1190
vn -0.9963 0.0182 -0.0837
vn -0.9963 0.0182 -0.0837
vn -0.9963 0.0182 -0.0837
vn -0.9963 0.0374 -0.0770
vn -0.9951 0.0432 -0.0887
vn -0.9951 0.0432 -0.0887
vn -0.9951 0.0432 -0.0887
vn -0.9932 0.0553 -0.1029
vn -0.9932 0.0553 -0.1029
vn -0.9932 0.0553 -0.1029
vn -0.9774 0.1388 -0.1597
vn -0.9774 0.1388 -0.1597
vn -0.9774 0.1388 -0.1597
vn -0.9801 0.1242 -0.1547
vn -0.9801 0.1242 -0.1547
vn -0.9801 0.1242 -0.1547
vn -0.9820 0.1149 -0.1500
vn -0.9820 0.1149 -0.1500
vn -0.9820 0.1149 -0.1500
vn -0.9881 0.0835 -0.1288
vn -0.9859 0.1112 -0.1246
vn -0.9859 0.1112 -0.1246
vn -0.9859 0.1112 -0.1246
vn -0.9880 0.0939 -0.1230
vn -0.9880 0.0939 -0.1230
vn -0.9880 0.0939 -0.1230
vn -0.9686 0.1260 -0.2143
vn -0.9686 0.1260 -0.2143
vn -0.9686 0.1260 -0.2143
vn -0.9626 0.1295 -0.2378
vn -0.9626 0.1295 -0.2378
vn -0.9394 0.2126 -0.2689
vn -0.9394 0.2126 -0.2689
vn -0.9394 0.2126 -0.2689
vn -0.9435 0.1998 -0.2642
vn -0.9435 0.1998 -0.2642
vn -0.9481 0.1897 -0.2552
vn -0.9481 0.1897 -0.2552
vn -0.9481 0.1897 -0.2552
vn -0.9513 0.1835 -0.2475
vn -0.9513 0.1835 -0.2475
vn -0.9513 0.1835 -0.2475
vn -0.9564 0.1754 -0.2335
vn -0.9564 0.1754 -0.2335
vn -0.9564 0.1754 -0.2335
vn -0.9549 0.1769 -0.2384
vn -0.9549 0.1769 -0.2384
vn -0.9549 0.1769 -0.2384
vn -0.9571 0.1520 -0.2467
vn -0.9571 0.1520 -0.2467
vn -0.9571 0.1520 -0.2467
vn -0.9589 0.1413 -0.2461
vn -0.9589 0.1413 -0.2461
vn -0.9589 0.1413 -0.2461
vn -0.9180 0.2693 -0.2911
vn -0.9180 0.2693 -0.2911
vn -0.9226 0.2568 -0.2878
vn -0.9226 0.2568 -0.2878
vn -0.9268 0.2473 -0.2827
vn -0.9268 0.2473 -0.2827
vn -0.9268 0.2473 -0.2827
vn -0.9277 0.2451 -0.2817
vn -0.9277 0.2451 -0.2817
vn -0.9277 0.2451 -0.2817
vn -0.9346 0.2287 -0.2725
vn -0.9321 0.2423 -0.2692
vn -0.9321 0.2423 -0.2692
vn -0.9355 0.2264 -0.2712
vn -0.9355 0.2264 -0.2712
vn -0.9355 0.2264 -0.2712
vn -0.9134 0.2829 -0.2926
vn -0.9134 0.2829 -0.2926
vn -0.9134 0.2829 -0.2926
vn -0.9225 0.2475 -0.2961
vn -0.9225 0.2475 -0.2961
vn -0.8962 0.2600 -0.3596
vn -0.8962 0.2600 -0.3596
vn -0.8749 0.3258 -0.3584
vn -0.8749 0.3258 -0.3584
vn -0.8749 0.3258 -0.3584
vn -0.8650 0.3420 -0.3672
vn -0.8650 0.3420 -0.3672
vn -0.8650 0.3420 -0.3672
vn -0.8830 0.3171 -0.3461
vn -0.8830 0.3171 -0.3461
vn -0.8884 0.3124 -0.3364
vn -0.8884 0.3124 -0.3364
vn -0.8884 0.3124 -0.3364
vn -0.8876 0.3130 -0.3378
vn -0.8876 0.3130 -0.3378
vn -0.8878 0.2823 -0.3635
vn -0.8878 0.2823 -0.3635
vn -0.8878 0.2823 -0.3635
vn -0.8919 0.2666 -0.3652
vn -0.8919 0.2666 -0.3652
vn -0.8919 0.2666 -0.3652
vn -0.8256 0.3469 -0.4451
vn -0.8226 0.3480 -0.4497
vn -0.8226 0.3480 -0.4497
vn -0.8226 0.3480 -0.4497
vn -0.8255 0.3481 -0.4443
vn -0.8259 0.3494 -0.4426
vn -0.8259 0.3494 -0.4426
vn -0.8259 0.3494 -0.4426
vn -0.8283 0.3469 -0.4401
vn -0.8283 0.3469 -0.4401
vn -0.8283 0.3469 -0.4401
vn -0.8535 0.3683 -0.3686
vn -0.8535 0.3683 -0.3686
vn -0.8535 0.3683 -0.3686
vn -0.8527 0.3720 -0.3667
vn -0.8482 0.3802 -0.3687
vn -0.8563 0.3425 -0.3867
vn -0.8522 0.3515 -0.3876
vn -0.8522 0.3515 -0.3876
vn -0.9139 0.2952 -0.2786
vn -0.9139 0.2952 -0.2786
vn -0.9139 0.2952 -0.2786
vn -0.9034 0.3066 -0.2997
vn -0.9034 0.3066 -0.2997
vn -0.9034 0.3066 -0.2997
vn -0.8951 0.3142 -0.3163
vn -0.8896 0.3370 -0.3083
vn -0.8896 0.3370 -0.3083
vn -0.8896 0.3370 -0.3083
vn -0.8831 0.3562 -0.3053
vn -0.8831 0.3562 -0.3053
vn -0.8831 0.3562 -0.3053
vn -0.9141 0.2901 -0.2834
vn -0.9141 0.2901 -0.2834
vn -0.9141 0.2901 -0.2834
vn -0.8996 0.3406 -0.2735
vn -0.8996 0.3406 -0.2735
vn -0.8996 0.3406 -0.2735
vn -0.9142 0.2949 -0.2779
vn -0.9163 0.3412 -0.2097
vn -0.9163 0.3412 -0.2097
vn -0.9163 0.3412 -0.2097
vn -0.9149 0.3552 -0.1916
vn -0.9149 0.3552 -0.1916
vn -0.9149 0.3552 -0.1916
vn -0.9177 0.3524 -0.1832
vn -0.9177 0.3524 -0.1832
vn -0.9177 0.3524 -0.1832
vn -0.9385 0.3296 -0.1028
vn -0.9307 0.3596 -0.0670
vn -0.9165 0.3838 0.1126
vn -0.9165 0.3838 0.1126
vn -0.9165 0.3838 0.1126
vn -0.9308 0.3585 0.0714
vn -0.9374 0.3442 0.0530
vn -0.9361 0.3495 0.0394
vn -0.9361 0.3495 0.0394
vn -0.9361 0.3495 0.0394
vn -0.9332 0.3592 0.0075
vn -0.9332 0.3592 0.0075
vn -0.9332 0.3592 0.0075
vn -0.8970 0.4324 0.0911
vn -0.8753 0.4723 0.1033
vn -0.8816 0.4552 0.1249
vn -0.8825 0.4537 0.1237
vn -0.8825 0.4537 0.1237
vn -0.8825 0.4537 0.1237
vn -0.8940 0.4322 0.1186
vn -0.8940 0.4322 0.1186
vn -0.8940 0.4322 0.1186
vn -0.8954 0.4387 0.0766
vn -0.8954 0.4387 0.0766
vn -0.8954 0.4387 0.0766
vn -0.8949 0.4439 0.0465
vn -0.9018 0.4315 -0.0238
vn -0.9036 0.3740 0.2090
vn -0.9036 0.3740 0.2090
vn -0.9036 0.3740 0.2090
vn -0.9007 0.3806 0.2096
vn -0.9007 0.3806 0.2096
vn -0.9007 0.3806 0.2096
vn -0.8857 0.4147 0.2086
vn -0.8857 0.4147 0.2086
vn -0.8857 0.4147 0.2086
vn -0.8712 0.3693 0.3235
vn -0.8712 0.3693 0.3235
vn -0.8712 0.3693 0.3235
vn -0.8784 0.3709 0.3015
vn -0.8784 0.3709 0.3015
vn -0.8784 0.3709 0.3015
vn -0.9037 0.3483 0.2489
vn -0.9042 0.3336 0.2666
vn -0.9042 0.3336 0.2666
vn -0.9042 0.3336 0.2666
vn -0.9041 0.3542 0.2390
vn -0.9041 0.3542 0.2390
vn -0.9041 0.3542 0.2390
vn -0.8066 0.3770 0.4553
vn -0.7833 0.3920 0.4825
vn -0.7833 0.3920 0.4825
vn -0.7833 0.3920 0.4825
vn -0.8029 0.3758 0.4627
vn -0.8029 0.3758 0.4627
vn -0.8160 0.3631 0.4498
vn -0.8148 0.3612 0.4535
vn -0.8148 0.3612 0.4535
vn -0.8687 0.3700 0.3295
vn -0.8687 0.3700 0.3295
vn -0.8687 0.3700 0.3295
vn -0.8589 0.3754 0.3483
vn -0.8589 0.3754 0.3483
vn -0.8589 0.3754 0.3483
vn -0.8567 0.3766 0.3524
vn -0.8455 0.3601 0.3943
vn -0.8287 0.3785 0.4122
vn -0.8180 0.3651 0.4446
vn -0.8180 0.3651 0.4446
vn -0.7728 0.4559 0.4415
vn -0.7728 0.4559 0.4415
vn -0.7757 0.4498 0.4427
vn -0.7757 0.4498 0.4427
vn -0.7757 0.4498 0.4427
vn -0.7791 0.4422 0.4445
vn -0.7778 0.4441 0.4448
vn -0.7778 0.4441 0.4448
vn -0.7778 0.4441 0.4448
vn -0.7816 0.4372 0.4448
vn -0.7644 0.4697 0.4416
vn -0.7644 0.4697 0.4416
vn -0.7644 0.4697 0.4416
vn -0.7742 0.4615 0.4332
vn -0.7742 0.4615 0.4332
vn -0.7742 0.4615 0.4332
vn -0.7768 0.4566 0.4338
vn -0.9140 0.2634 0.3087
vn -0.9140 0.2634 0.3087
vn -0.9271 0.2732 0.2565
vn -0.9271 0.2732 0.2565
vn -0.9271 0.2732 0.2565
vn -0.9430 0.2805 0.1794
vn -0.9430 0.2805 0.1794
vn -0.9430 0.2805 0.1794
vn -0.9007 0.3061 0.3082
vn -0.9007 0.3061 0.3082
vn -0.9007 0.3061 0.3082
vn -0.8925 0.3116 0.3261
vn -0.8925 0.3116 0.3261
vn -0.8925 0.3116 0.3261
vn -0.8980 0.2419 0.3676
vn -0.8980 0.2419 0.3676
vn -0.9159 0.1910 0.3530
vn -0.9159 0.1910 0.3530
vn -0.9159 0.1910 0.3530
vn -0.9071 0.1640 0.3876
vn -0.8864 0.0324 0.4619
vn -0.8841 0.0373 0.4658
vn -0.8841 0.0373 0.4658
vn -0.8841 0.0373 0.4658
vn -0.8817 -0.0016 0.4718
vn -0.8817 -0.0016 0.4718
vn -0.8817 -0.0016 0.4718
vn -0.8818 -0.0005 0.4717
vn -0.8818 -0.0005 0.4717
vn -0.8818 -0.0005 0.4717
vn -0.8825 -0.0101 0.4703
vn -0.8818 0.0006 0.4717
vn -0.8818 0.0006 0.4717
vn -0.8818 0.0006 0.4717
vn -0.8818 0.0001 0.4716
vn -0.8818 0.0001 0.4716
vn -0.8818 0.0001 0.4716
vn -0.9010 -0.1127 0.4188
vn -0.9340 -0.2769 0.2259
vn -0.9340 -0.2769 0.2259
vn -0.9340 -0.2769 0.2259
vn -0.9420 -0.2806 0.1839
vn -0.9420 -0.2806 0.1839
vn -0.9420 -0.2806 0.1839
vn -0.8923 -0.3108 0.3275
vn -0.8923 -0.3108 0.3275
vn -0.8841 -0.3254 0.3353
vn -0.8841 -0.3254 0.3353
vn -0.9172 -0.2657 0.2969
vn -0.9172 -0.2657 0.2969
vn -0.9172 -0.2657 0.2969
vn -0.8971 -0.2523 0.3626
vn -0.9155 -0.1914 0.3538
vn -0.9134 -0.1863 0.3619
vn -0.9105 -0.1564 0.3828
vn -0.9986 -0.0373 0.0377
vn -0.9986 -0.0373 0.0377
vn -0.9986 -0.0373 0.0377
vn -0.9986 -0.0430 -0.0308
vn -0.9986 -0.0430 -0.0308
vn -0.9986 -0.0430 -0.0308
vn -1.0000 -0.0072 -0.0048
vn -1.0000 -0.0072 -0.0048
vn -1.0000 -0.0072 -0.0048
vn -0.9992 -0.0140 0.0372
vn -0.9992 -0.0140 0.0372
vn -0.9992 -0.0140 0.0372
vn -0.9985 -0.0042 0.0554
vn -0.9985 -0.0042 0.0554
vn -0.9985 -0.0042 0.0554
vn -0.9350 -0.2289 -0.2709
vn -0.9543 -0.2432 -0.1736
vn -0.9543 -0.2432 -0.1736
vn -0.9543 -0.2432 -0.1736
vn -0.9617 -0.1776 -0.2089
vn -0.9617 -0.1776 -0.2089
vn -0.9963 0.0018 -0.0863
vn -0.9963 0.0018 -0.0863
vn -0.9963 0.0018 -0.0863
vn -0.9963 -0.0159 -0.0846
vn -0.9963 -0.0159 -0.0846
vn -0.9963 -0.0159 -0.0846
vn -0.9963 -0.0374 -0.0769
vn -0.9913 -0.0568 -0.1186
vn -0.9877 -0.0962 -0.1232
vn -0.9785 -0.1162 -0.1703
vn -0.9758 -0.1379 -0.1695
vn -0.9664 -0.1700 -0.1927
vn -0.9664 -0.1700 -0.1927
vn -0.9664 -0.1700 -0.1927
vn -0.9331 -0.3536 0.0655
vn -0.9331 -0.3536 0.0655
vn -0.9331 -0.3536 0.0655
vn -0.9259 -0.3678 0.0864
vn -0.9259 -0.3678 0.0864
vn -0.9259 -0.3678 0.0864
vn -0.9110 -0.3881 0.1394
vn -0.9110 -0.3881 0.1394
vn -0.9110 -0.3881 0.1394
vn -0.9152 -0.3827 0.1266
vn -0.9113 -0.3758 0.1681
vn -0.9113 -0.3758 0.1681
vn -0.9074 -0.3741 0.1917
vn -0.9074 -0.3741 0.1917
vn -0.9074 -0.3741 0.1917
vn -0.9392 -0.3076 0.1525
vn -0.9392 -0.3076 0.1525
vn -0.9392 -0.3076 0.1525
vn -0.8954 -0.3707 0.2465
vn -0.9128 -0.3186 0.2555
vn -0.9128 -0.3186 0.2555
vn -0.9163 -0.2768 0.2893
vn -0.9163 -0.2768 0.2893
vn -0.9163 -0.2768 0.2893
vn -0.9287 -0.2465 0.2772
vn -0.9287 -0.2465 0.2772
vn -0.9238 -0.1925 0.3309
vn -0.9238 -0.1925 0.3309
vn -0.9238 -0.1925 0.3309
vn -0.9651 -0.1251 0.2302
vn -0.9651 -0.1251 0.2302
vn -0.9651 -0.1251 0.2302
vn -0.9107 -0.1546 0.3831
vn -0.9107 -0.1546 0.3831
vn -0.9107 -0.1546 0.3831
vn -0.9109 -0.1411 0.3879
vn -0.9109 -0.1411 0.3879
vn -0.9019 -0.1123 0.4170
vn -0.9021 -0.1118 0.4168
vn -0.9021 -0.1118 0.4168
vn -0.9058 -0.0480 0.4210
vn -0.9058 -0.0480 0.4210
vn -0.9058 -0.0480 0.4210
vn -0.8898 -0.0374 0.4548
vn -0.8937 -0.0373 0.4471
vn -0.8937 -0.0373 0.4471
vn -0.8937 -0.0373 0.4471
vn -0.8747 -0.0279 0.4838
vn -0.8747 -0.0279 0.4838
vn -0.8747 -0.0279 0.4838
vn -0.9034 0.1207 0.4114
vn -0.9035 0.0469 0.4261
vn -0.8895 0.0376 0.4553
vn -0.8978 0.0084 0.4404
vn -0.8978 0.0084 0.4404
vn -0.8978 0.0084 0.4404
vn -0.8980 -0.0018 0.4400
vn -0.8980 -0.0018 0.4400
vn -0.8980 -0.0018 0.4400
vn -0.8861 0.0911 0.4544
vn -0.8861 0.0911 0.4544
vn -0.8861 0.0911 0.4544
vn -0.9084 0.1049 0.4048
vn -0.9084 0.1049 0.4048
vn -0.9084 0.1049 0.4048
vn -0.9091 0.1046 0.4033
vn -0.9091 0.1046 0.4033
vn -0.9085 0.1565 0.3874
vn -0.9085 0.1565 0.3874
vn -0.9731 0.0956 0.2098
vn -0.9731 0.0956 0.2098
vn -0.9731 0.0956 0.2098
vn -0.9197 0.1914 0.3429
vn -0.9280 0.2149 0.3042
vn -0.9280 0.2149 0.3042
vn -0.9280 0.2149 0.3042
vn -0.8927 0.3776 0.2459
vn -0.8927 0.3776 0.2459
vn -0.8927 0.3776 0.2459
vn -0.8985 0.3621 0.2480
vn -0.8985 0.3621 0.2480
vn -0.8985 0.3621 0.2480
vn -0.9242 0.2781 0.2616
vn -0.8958 0.3271 0.3008
vn -0.8958 0.3271 0.3008
vn -0.8958 0.3271 0.3008
vn -0.9243 0.2507 0.2878
vn -0.9243 0.2507 0.2878
vn -0.9000 0.4299 0.0725
vn -0.9000 0.4299 0.0725
vn -0.9000 0.4299 0.0725
vn -0.9330 0.3559 0.0538
vn -0.9330 0.3559 0.0538
vn -0.9330 0.3559 0.0538
vn -0.9146 0.3840 0.1264
vn -0.9146 0.3840 0.1264
vn -0.9146 0.3840 0.1264
vn -0.9124 0.3782 0.1564
vn -0.9124 0.3782 0.1564
vn -0.9124 0.3782 0.1564
vn -0.9074 0.3750 0.1899
vn -0.9074 0.3750 0.1899
vn -0.9074 0.3750 0.1899
vn -0.9289 0.3315 0.1648
vn -0.9289 0.3315 0.1648
vn -0.9289 0.3315 0.1648
vn -0.9349 0.3158 0.1618
vn -0.9349 0.3158 0.1618
vn -0.9349 0.3158 0.1618
vn -0.9791 0.1270 -0.1587
vn -0.9791 0.1270 -0.1587
vn -0.9791 0.1270 -0.1587
vn -0.9793 0.1250 -0.1594
vn -0.9793 0.1250 -0.1594
vn -0.9793 0.1250 -0.1594
vn -0.9640 0.1775 -0.1982
vn -0.9640 0.1775 -0.1982
vn -0.9640 0.1775 -0.1982
vn -0.9638 0.2045 -0.1713
vn -0.9638 0.2045 -0.1713
vn -0.9638 0.2045 -0.1713
vn -0.9447 0.2353 -0.2284
vn -0.9447 0.2353 -0.2284
vn -0.9447 0.2353 -0.2284
vn -0.9993 0.0365 -0.0048
vn -0.9993 0.0365 -0.0048
vn -0.9993 0.0365 -0.0048
vn -0.9997 0.0252 -0.0024
vn -0.9982 0.0376 -0.0472
vn -0.9982 0.0376 -0.0472
vn -0.9982 0.0376 -0.0472
vn -0.9963 0.0806 -0.0294
vn -0.9963 0.0806 -0.0294
vn -0.9963 0.0806 -0.0294
vn -0.9915 0.0937 -0.0902
vn -0.9915 0.0937 -0.0902
vn -0.9915 0.0937 -0.0902
vn -0.9984 0.0014 0.0570
vn -0.9984 0.0014 0.0570
vn -0.9984 0.0014 0.0570
vn -0.9984 0.0039 0.0559
vn -0.9984 0.0039 0.0559
vn -0.9984 0.0039 0.0559
vn -0.9986 0.0060 0.0527
vn -0.9986 0.0060 0.0527
vn -0.9986 0.0060 0.0527
vn -0.4731 -0.2128 -0.8549
vn -0.4731 -0.2128 -0.8549
vn -0.4731 -0.2128 -0.8549
vn -0.4902 -0.2026 -0.8477
vn -0.4903 -0.2026 -0.8477
vn -0.4902 -0.2026 -0.8477
vn -0.7621 0.0400 -0.6463
vn -0.7621 0.0400 -0.6463
vn -0.7621 0.0400 -0.6463
vn -0.7067 0.2455 -0.6636
vn -0.7056 0.2840 -0.6493
vn -0.1001 -0.1290 -0.9866
vn -0.1001 -0.1290 -0.9866
vn -0.1001 -0.1290 -0.9866
vn -0.5657 0.2130 -0.7966
vn -0.5518 0.2024 -0.8091
vn -0.3933 0.2840 -0.8744
vn -0.3929 0.2738 -0.8779
vn -0.3929 0.2738 -0.8779
vn -0.3929 0.2738 -0.8779
vn -0.3758 0.2718 -0.8860
vn -0.3758 0.2718 -0.8860
vn -0.3758 0.2718 -0.8860
vn -0.7145 0.0167 -0.6994
vn -0.7145 0.0167 -0.6994
vn -0.7145 0.0167 -0.6994
vn -0.3479 0.2204 -0.9112
vn -0.3479 0.2204 -0.9112
vn -0.3479 0.2204 -0.9112
vn -0.3397 0.2286 -0.9123
vn -0.3397 0.2286 -0.9123
vn -0.3397 0.2286 -0.9123
vn -0.3301 0.2375 -0.9136
vn -0.3301 0.2375 -0.9136
vn -0.3301 0.2375 -0.9136
vn -0.3236 0.2588 -0.9101
vn -0.3236 0.2588 -0.9101
vn -0.3236 0.2588 -0.9101
vn -0.3225 0.2438 -0.9146
vn -0.3225 0.2438 -0.9146
vn -0.3225 0.2438 -0.9146
vn -0.3184 0.2469 -0.9152
vn -0.3184 0.2469 -0.9152
vn -0.3184 0.2469 -0.9152
vn -0.3224 0.2438 -0.9147
vn -0.3224 0.2438 -0.9147
vn -0.3224 0.2438 -0.9147
vn -0.3233 0.2659 -0.9082
vn -0.3233 0.2659 -0.9082
vn -0.3233 0.2659 -0.9082
vn -0.3228 0.2725 -0.9064
vn -0.3228 0.2725 -0.9064
vn -0.3228 0.2725 -0.9064
vn -0.3203 0.2841 -0.9037
vn -0.3203 0.2841 -0.9037
vn -0.3203 0.2841 -0.9037
vn -0.4141 0.2209 -0.8830
vn -0.4141 0.2209 -0.8830
vn -0.4141 0.2209 -0.8830
vn -0.4821 0.2695 -0.8336
vn -0.4821 0.2695 -0.8336
vn -0.4821 0.2695 -0.8336
vn -0.5270 0.1729 -0.8321
vn -0.4716 0.2154 -0.8551
vn -0.4716 0.2154 -0.8551
vn -0.4716 0.2154 -0.8551
vn -0.6715 0.2607 -0.6937
vn -0.6715 0.2607 -0.6937
vn -0.6730 0.2957 -0.6780
vn -0.6753 0.2912 -0.6776
vn -0.6753 0.2912 -0.6776
vn -0.6753 0.2912 -0.6776
vn -0.6756 0.2905 -0.6776
vn -0.6762 0.2794 -0.6817
vn -0.6762 0.2794 -0.6817
vn -0.6762 0.2794 -0.6817
vn -0.6784 0.2674 -0.6843
vn -0.6784 0.2674 -0.6843
vn -0.6838 0.2437 -0.6877
vn -0.6924 0.2537 -0.6755
vn -0.6924 0.2537 -0.6755
vn -0.6924 0.2537 -0.6755
vn -0.6832 0.2415 -0.6891
vn -0.6832 0.2415 -0.6891
vn -0.6832 0.2415 -0.6891
vn -0.6582 0.2203 -0.7199
vn -0.6582 0.2203 -0.7199
vn -0.6582 0.2203 -0.7199
vn -0.6683 0.2154 -0.7121
vn -0.6712 0.2213 -0.7075
vn -0.6712 0.2213 -0.7075
vn -0.6712 0.2213 -0.7075
vn -0.6778 0.2326 -0.6975
vn -0.6778 0.2326 -0.6975
vn -0.6778 0.2326 -0.6975
vn -0.6702 0.2678 -0.6922
vn -0.6702 0.2678 -0.6922
vn -0.6702 0.2678 -0.6922
vn -0.6620 0.2731 -0.6980
vn -0.6620 0.2731 -0.6980
vn -0.6620 0.2731 -0.6980
vn -0.6343 0.2715 -0.7238
vn -0.6343 0.2715 -0.7238
vn -0.6220 0.2745 -0.7333
vn -0.6220 0.2745 -0.7333
vn -0.6220 0.2745 -0.7333
vn -0.5915 0.2539 -0.7653
vn -0.5915 0.2539 -0.7653
vn -0.5915 0.2539 -0.7653
vn -0.6736 0.1016 -0.7321
vn -0.6736 0.1016 -0.7321
vn -0.6506 0.1388 -0.7467
vn -0.5931 0.1490 -0.7912
vn -0.5931 0.1490 -0.7912
vn -0.5931 0.1490 -0.7912
vn -0.5965 0.1485 -0.7887
vn -0.5965 0.1485 -0.7887
vn -0.5965 0.1485 -0.7887
vn -0.6376 0.1829 -0.7483
vn -0.6376 0.1829 -0.7483
vn -0.6376 0.1829 -0.7483
vn -0.6456 0.1921 -0.7391
vn -0.6456 0.1921 -0.7391
vn -0.6456 0.1921 -0.7391
vn -0.6491 0.1995 -0.7341
vn -0.6491 0.1995 -0.7341
vn -0.6491 0.1995 -0.7341
vn -0.6509 0.2100 -0.7295
vn -0.6509 0.2100 -0.7295
vn -0.6509 0.2100 -0.7295
vn -0.6510 0.2346 -0.7219
vn -0.6510 0.2346 -0.7219
vn -0.6510 0.2346 -0.7219
vn -0.6425 0.3188 -0.6968
vn -0.6425 0.3188 -0.6968
vn -0.6425 0.3188 -0.6968
vn -0.6310 0.3894 -0.6709
vn -0.6310 0.3894 -0.6709
vn -0.6310 0.3894 -0.6709
vn -0.6968 0.1152 -0.7079
vn -0.6968 0.1152 -0.7079
vn -0.6968 0.1152 -0.7079
vn -0.7035 0.2478 -0.6661
vn -0.7038 0.2476 -0.6659
vn -0.7038 0.2476 -0.6659
vn -0.7038 0.2476 -0.6659
vn -0.7271 0.2404 -0.6431
vn -0.6733 0.1211 -0.7294
vn -0.6740 0.1108 -0.7303
vn -0.6825 0.0764 -0.7269
vn -0.6825 0.0764 -0.7269
vn -0.6825 0.0764 -0.7269
vn -0.6828 0.0723 -0.7270
vn -0.7213 0.0455 -0.6911
vn -0.7213 0.0455 -0.6911
vn -0.7213 0.0455 -0.6911
vn -0.7289 0.0011 -0.6846
vn -0.7289 0.0011 -0.6846
vn -0.7289 0.0011 -0.6846
vn -0.7278 0.0193 -0.6855
vn -0.6891 0.0473 -0.7231
vn -0.6891 0.0473 -0.7231
vn -0.6891 0.0473 -0.7231
vn -0.7280 -0.0187 -0.6854
vn -0.7295 0.0076 -0.6839
vn -0.7295 0.0076 -0.6839
vn -0.7295 0.0076 -0.6839
vn -0.7295 0.0009 -0.6840
vn -0.7295 0.0009 -0.6840
vn -0.7295 0.0009 -0.6840
vn -0.7299 -0.0060 -0.6835
vn -0.6851 -0.0500 -0.7267
vn -0.6851 -0.0500 -0.7267
vn -0.6851 -0.0500 -0.7267
vn -0.7934 -0.0501 -0.6067
vn -0.7934 -0.0501 -0.6067
vn -0.7934 -0.0501 -0.6067
vn -0.7452 -0.0514 -0.6649
vn -0.7452 -0.0514 -0.6649
vn -0.7452 -0.0514 -0.6649
vn -0.6510 -0.2147 -0.7280
vn -0.6510 -0.2147 -0.7280
vn -0.6510 -0.2147 -0.7280
vn -0.6501 -0.2475 -0.7184
vn -0.6501 -0.2475 -0.7184
vn -0.6501 -0.2475 -0.7184
vn -0.6302 -0.3926 -0.6699
vn -0.6302 -0.3926 -0.6699
vn -0.6302 -0.3926 -0.6699
vn -0.6912 -0.1538 -0.7061
vn -0.6912 -0.1538 -0.7061
vn -0.6912 -0.1538 -0.7061
vn -0.6497 -0.2028 -0.7326
vn -0.6497 -0.2028 -0.7326
vn -0.6497 -0.2028 -0.7326
vn -0.6469 -0.1952 -0.7371
vn -0.6469 -0.1952 -0.7371
vn -0.6469 -0.1952 -0.7371
vn -0.6418 -0.1880 -0.7434
vn -0.6418 -0.1880 -0.7434
vn -0.6418 -0.1880 -0.7434
vn -0.5629 -0.1530 -0.8122
vn -0.5629 -0.1530 -0.8122
vn -0.5629 -0.1530 -0.8122
vn -0.7128 -0.0524 -0.6994
vn -0.6835 -0.0821 -0.7253
vn -0.6829 -0.0838 -0.7257
vn -0.6829 -0.0838 -0.7257
vn -0.6829 -0.0838 -0.7257
vn -0.6745 -0.1056 -0.7307
vn -0.6748 -0.1007 -0.7311
vn -0.6656 -0.1147 -0.7375
vn -0.6656 -0.1147 -0.7375
vn -0.6656 -0.1147 -0.7375
vn -0.6526 -0.1384 -0.7450
vn -0.6050 -0.1469 -0.7825
vn -0.6050 -0.1469 -0.7825
vn -0.6050 -0.1469 -0.7825
vn -0.6992 -0.2870 -0.6548
vn -0.6992 -0.2870 -0.6548
vn -0.7149 -0.2525 -0.6520
vn -0.7149 -0.2525 -0.6520
vn -0.7149 -0.2525 -0.6520
vn -0.7120 -0.2449 -0.6582
vn -0.7252 -0.2080 -0.6563
vn -0.7252 -0.2080 -0.6563
vn -0.7252 -0.2080 -0.6563
vn -0.7102 -0.3030 -0.6355
vn -0.7102 -0.3030 -0.6355
vn -0.7102 -0.3030 -0.6355
vn -0.6701 -0.2191 -0.7092
vn -0.6701 -0.2191 -0.7092
vn -0.6701 -0.2191 -0.7092
vn -0.6819 -0.2503 -0.6873
vn -0.6819 -0.2503 -0.6873
vn -0.6846 -0.2427 -0.6873
vn -0.6791 -0.2348 -0.6955
vn -0.6791 -0.2348 -0.6955
vn -0.6791 -0.2348 -0.6955
vn -0.6740 -0.2262 -0.7033
vn -0.6740 -0.2262 -0.7033
vn -0.6740 -0.2262 -0.7033
vn -0.6698 -0.2675 -0.6927
vn -0.6698 -0.2675 -0.6927
vn -0.6649 -0.2737 -0.6950
vn -0.6783 -0.2680 -0.6842
vn -0.6772 -0.2761 -0.6821
vn -0.6772 -0.2761 -0.6821
vn -0.6772 -0.2761 -0.6821
vn -0.6770 -0.2802 -0.6806
vn -0.6758 -0.2806 -0.6816
vn -0.6758 -0.2806 -0.6816
vn -0.6758 -0.2806 -0.6816
vn -0.6634 -0.2871 -0.6910
vn -0.4621 -0.1211 -0.8785
vn -0.4621 -0.1211 -0.8785
vn -0.4621 -0.1211 -0.8785
vn -0.6363 -0.2722 -0.7219
vn -0.6363 -0.2722 -0.7219
vn -0.6363 -0.2722 -0.7219
vn -0.6220 -0.2734 -0.7337
vn -0.6182 -0.2832 -0.7332
vn -0.6182 -0.2832 -0.7332
vn -0.6182 -0.2832 -0.7332
vn -0.6169 -0.2206 -0.7555
vn -0.5425 -0.2697 -0.7956
vn -0.5425 -0.2697 -0.7956
vn -0.5216 -0.1732 -0.8354
vn -0.5666 -0.2157 -0.7953
vn -0.3224 -0.2753 -0.9057
vn -0.8679 0.1617 -0.4696
vn -0.8679 0.1617 -0.4696
vn -0.8679 0.1617 -0.4696
vn -0.3276 -0.2918 -0.8986
vn -0.3344 -0.2634 -0.9049
vn -0.3344 -0.2634 -0.9049
vn -0.3344 -0.2634 -0.9049
vn -0.3125 -0.2510 -0.9162
vn -0.3125 -0.2510 -0.9162
vn -0.3304 -0.2373 -0.9135
vn -0.3304 -0.2373 -0.9135
vn -0.3304 -0.2373 -0.9135
vn -0.3522 -0.2167 -0.9105
vn -0.3462 -0.2137 -0.9135
vn -0.3462 -0.2137 -0.9135
vn -0.3462 -0.2137 -0.9135
vn -0.3652 -0.2210 -0.9043
vn -0.3652 -0.2210 -0.9043
vn -0.3652 -0.2210 -0.9043
vn -0.3337 -0.2687 -0.9036
vn -0.3337 -0.2687 -0.9036
vn -0.3337 -0.2687 -0.9036
vn -0.3422 -0.2737 -0.8989
vn -0.3778 -0.2722 -0.8850
vn -0.3912 -0.2750 -0.8783
vn -0.4337 -0.2542 -0.8645
vn -0.4337 -0.2542 -0.8645
vn -0.4337 -0.2542 -0.8645
vn -0.3223 -0.2859 -0.9024
vn -0.3223 -0.2859 -0.9024
vn -0.3223 -0.2859 -0.9024
vn -0.3198 -0.2836 -0.9041
vn -0.2944 -0.2852 -0.9121
vn -0.2944 -0.2852 -0.9121
vn -0.2944 -0.2852 -0.9121
vn -0.2802 -0.2830 -0.9173
vn -0.3239 -0.2636 -0.9086
vn -0.3239 -0.2636 -0.9086
vn -0.3245 -0.2425 -0.9143
vn -0.3245 -0.2425 -0.9143
vn -0.2914 -0.2446 -0.9248
vn -0.2745 -0.2345 -0.9326
vn -0.3821 -0.1594 -0.9103
vn -0.3821 -0.1594 -0.9103
vn -0.3821 -0.1594 -0.9103
vn -0.4081 -0.1715 -0.8967
vn -0.4081 -0.1715 -0.8967
vn -0.4081 -0.1715 -0.8967
vn -0.4148 -0.1731 -0.8933
vn -0.3894 -0.1902 -0.9012
vn -0.3804 -0.2002 -0.9029
vn -0.3804 -0.2002 -0.9029
vn -0.3804 -0.2002 -0.9029
vn -0.3730 -0.2184 -0.9017
vn -0.3730 -0.2184 -0.9017
vn -0.3730 -0.2184 -0.9017
vn -0.3604 -0.2741 -0.8916
vn -0.3604 -0.2741 -0.8916
vn -0.3604 -0.2741 -0.8916
vn -0.3312 -0.3920 -0.8583
vn -0.3312 -0.3920 -0.8583
vn -0.3312 -0.3920 -0.8583
vn -0.3351 -0.0781 -0.9389
vn -0.3351 -0.0781 -0.9389
vn -0.3351 -0.0781 -0.9389
vn -0.2471 -0.4142 -0.8760
vn -0.2471 -0.4142 -0.8760
vn -0.2471 -0.4142 -0.8760
vn -0.3500 -0.0447 -0.9357
vn -0.3500 -0.0447 -0.9357
vn -0.3500 -0.0447 -0.9357
vn -0.3893 -0.0506 -0.9197
vn -0.3893 -0.0506 -0.9197
vn -0.3893 -0.0506 -0.9197
vn -0.2215 -0.0526 -0.9737
vn -0.2215 -0.0526 -0.9737
vn -0.2215 -0.0526 -0.9737
vn -0.3026 -0.0211 -0.9529
vn -0.3015 -0.0011 -0.9535
vn -0.3015 -0.0011 -0.9535
vn -0.3015 -0.0011 -0.9535
vn -0.2999 0.0082 -0.9539
vn -0.2999 0.0082 -0.9539
vn -0.2999 0.0082 -0.9539
vn -0.3208 0.0384 -0.9464
vn -0.3012 -0.0012 -0.9536
vn -0.3012 -0.0012 -0.9536
vn -0.3012 -0.0012 -0.9536
vn -0.3005 -0.0091 -0.9537
vn -0.3005 -0.0091 -0.9537
vn -0.3005 -0.0091 -0.9537
vn -0.3006 -0.0005 -0.9537
vn -0.3006 -0.0005 -0.9537
vn -0.3006 -0.0005 -0.9537
vn -0.3863 0.0503 -0.9210
vn -0.3863 0.0503 -0.9210
vn -0.3863 0.0503 -0.9210
vn -0.1967 0.0526 -0.9791
vn -0.1967 0.0526 -0.9791
vn -0.1967 0.0526 -0.9791
vn -0.2732 0.0530 -0.9605
vn -0.2732 0.0530 -0.9605
vn -0.2732 0.0530 -0.9605
vn -0.3316 0.3894 -0.8593
vn -0.3316 0.3894 -0.8593
vn -0.3316 0.3894 -0.8593
vn -0.3690 0.2328 -0.8998
vn -0.3690 0.2328 -0.8998
vn -0.3690 0.2328 -0.8998
vn -0.3763 0.2094 -0.9025
vn -0.3763 0.2094 -0.9025
vn -0.3763 0.2094 -0.9025
vn -0.3795 0.2018 -0.9029
vn -0.3795 0.2018 -0.9029
vn -0.3795 0.2018 -0.9029
vn -0.3853 0.1933 -0.9023
vn -0.3853 0.1933 -0.9023
vn -0.3853 0.1933 -0.9023
vn -0.4026 0.1802 -0.8975
vn -0.4026 0.1802 -0.8975
vn -0.4026 0.1802 -0.8975
vn -0.4417 0.1468 -0.8851
vn -0.4417 0.1468 -0.8851
vn -0.4417 0.1468 -0.8851
vn -0.3865 0.1384 -0.9119
vn -0.3766 0.1149 -0.9192
vn -0.3766 0.1149 -0.9192
vn -0.3766 0.1149 -0.9192
vn -0.3204 0.0535 -0.9458
vn -0.3204 0.0535 -0.9458
vn -0.3204 0.0535 -0.9458
vn -0.3581 0.0819 -0.9301
vn -0.3589 0.0851 -0.9295
vn -0.3589 0.0851 -0.9295
vn -0.3589 0.0851 -0.9295
vn -0.3669 0.1055 -0.9243
vn -0.3676 0.0816 -0.9264
vn -0.3676 0.0816 -0.9264
vn -0.3676 0.0816 -0.9264
vn -0.3673 0.0993 -0.9248
vn -0.3673 0.0993 -0.9248
vn -0.2699 0.2115 -0.9394
vn -0.2699 0.2115 -0.9394
vn -0.2699 0.2115 -0.9394
vn -0.2859 0.2864 -0.9145
vn -0.2859 0.2864 -0.9145
vn -0.2859 0.2864 -0.9145
vn -0.2766 0.2554 -0.9264
vn -0.2852 0.2459 -0.9264
vn -0.2852 0.2459 -0.9264
vn -0.2852 0.2459 -0.9264
vn -0.2889 0.2687 -0.9189
vn -0.3365 0.1162 -0.9345
vn -0.3365 0.1162 -0.9345
vn -0.3365 0.1162 -0.9345
vn -0.3175 0.2817 -0.9054
vn -0.3175 0.2817 -0.9054
vn -0.3175 0.2817 -0.9054
vn -0.3209 0.2845 -0.9034
vn -0.3209 0.2845 -0.9034
vn -0.3209 0.2845 -0.9034
vn -0.3114 0.2755 -0.9095
vn -0.3114 0.2755 -0.9095
vn -0.3114 0.2755 -0.9095
vn -0.3316 0.2888 -0.8981
vn -0.3316 0.2888 -0.8981
vn -0.3316 0.2888 -0.8981
vn -0.3341 0.2656 -0.9044
vn -0.3341 0.2656 -0.9044
vn -0.3341 0.2656 -0.9044
vn -0.3387 0.2734 -0.9003
vn -0.3387 0.2734 -0.9003
vn -0.3387 0.2734 -0.9003
vn -0.4249 -0.1989 -0.8831
vn -0.4249 -0.1989 -0.8831
vn -0.4249 -0.1989 -0.8831
vn -0.4211 -0.2386 -0.8750
vn -0.4174 -0.2294 -0.8793
vn -0.4226 -0.2467 -0.8721
vn -0.4226 -0.2467 -0.8721
vn -0.4226 -0.2467 -0.8721
vn -0.4226 -0.2132 -0.8809
vn -0.4226 -0.2132 -0.8809
vn -0.4226 -0.2132 -0.8809
vn -0.4192 -0.1729 -0.8913
vn -0.4217 -0.1700 -0.8906
vn -0.4217 -0.1700 -0.8906
vn -0.4217 -0.1700 -0.8906
vn -0.3750 -0.0555 -0.9254
vn -0.3750 -0.0555 -0.9254
vn -0.3750 -0.0555 -0.9254
vn -0.3932 -0.1372 -0.9091
vn -0.3703 -0.1170 -0.9215
vn -0.3701 -0.1180 -0.9215
vn -0.3619 -0.0843 -0.9284
vn -0.3602 -0.0730 -0.9300
vn -0.2986 -0.0531 -0.9529
vn -0.5820 -0.1935 -0.7899
vn -0.5820 -0.1935 -0.7899
vn -0.5786 -0.1970 -0.7914
vn -0.5786 -0.1970 -0.7914
vn -0.5786 -0.1970 -0.7914
vn -0.5469 -0.2399 -0.8021
vn -0.5469 -0.2399 -0.8021
vn -0.5469 -0.2399 -0.8021
vn -0.5508 -0.1924 -0.8122
vn -0.5508 -0.1924 -0.8122
vn -0.5508 -0.1924 -0.8122
vn -0.4913 -0.1925 -0.8495
vn -0.4913 -0.1925 -0.8495
vn -0.4913 -0.1925 -0.8495
vn -0.4876 -0.2436 -0.8384
vn -0.4876 -0.2436 -0.8384
vn -0.4876 -0.2436 -0.8384
vn -0.4608 -0.1942 -0.8660
vn -0.4608 -0.1942 -0.8660
vn -0.4608 -0.1942 -0.8660
vn -0.6096 -0.2177 -0.7622
vn -0.6096 -0.2177 -0.7622
vn -0.6096 -0.2177 -0.7622
vn -0.6192 -0.1831 -0.7635
vn -0.5995 -0.1488 -0.7865
vn -0.7028 -0.1515 -0.6951
vn -0.7028 -0.1515 -0.6951
vn -0.7028 -0.1515 -0.6951
vn -0.6573 -0.1515 -0.7382
vn -0.6640 -0.2069 -0.7186
vn -0.6683 -0.2167 -0.7116
vn -0.6067 -0.2382 -0.7584
vn -0.6094 -0.2189 -0.7621
vn -0.6094 -0.2189 -0.7621
vn -0.5859 -0.1948 -0.7866
vn -0.5859 -0.1948 -0.7866
vn -0.5859 -0.1948 -0.7866
vn -0.6101 0.2140 -0.7629
vn -0.6068 0.2376 -0.7586
vn -0.6118 0.2290 -0.7572
vn -0.6057 0.2356 -0.7600
vn -0.6057 0.2356 -0.7600
vn -0.6104 0.2153 -0.7623
vn -0.6104 0.2153 -0.7623
vn -0.6104 0.2153 -0.7623
vn -0.6132 0.2049 -0.7629
vn -0.6132 0.2049 -0.7629
vn -0.6132 0.2049 -0.7629
vn -0.6223 0.1713 -0.7638
vn -0.6687 0.1533 -0.7276
vn -0.6962 0.1513 -0.7017
vn -0.6962 0.1513 -0.7017
vn -0.6962 0.1513 -0.7017
vn -0.4605 0.1928 -0.8665
vn -0.4605 0.1928 -0.8665
vn -0.4605 0.1928 -0.8665
vn -0.4624 0.1955 -0.8649
vn -0.4624 0.1955 -0.8649
vn -0.4624 0.1955 -0.8649
vn -0.4862 0.2387 -0.8406
vn -0.4862 0.2387 -0.8406
vn -0.4862 0.2387 -0.8406
vn -0.4935 0.1913 -0.8484
vn -0.4935 0.1913 -0.8484
vn -0.4935 0.1913 -0.8484
vn -0.5529 0.1912 -0.8110
vn -0.5529 0.1912 -0.8110
vn -0.5529 0.1912 -0.8110
vn -0.5447 0.2415 -0.8031
vn -0.5447 0.2415 -0.8031
vn -0.5447 0.2415 -0.8031
vn -0.5820 0.1913 -0.7903
vn -0.5820 0.1913 -0.7903
vn -0.5820 0.1913 -0.7903
vn -0.4232 0.2172 -0.8796
vn -0.4202 0.1826 -0.8889
vn -0.4555 0.1486 -0.8778
vn -0.3228 0.1516 -0.9343
vn -0.3815 0.1516 -0.9119
vn -0.3612 0.2059 -0.9095
vn -0.3612 0.2059 -0.9095
vn -0.3612 0.2059 -0.9095
vn -0.3523 0.2166 -0.9105
vn -0.3523 0.2166 -0.9105
vn -0.4212 0.2383 -0.8751
vn -0.4231 0.2179 -0.8795
vn -0.4231 0.2179 -0.8795
vn -0.4231 0.2179 -0.8795
vn -0.4555 0.1940 -0.8688
vn -0.4555 0.1940 -0.8688
vn -0.4555 0.1940 -0.8688
vn 0.4493 -0.5203 -0.7262
vn 0.4493 -0.5203 -0.7262
vn 0.4450 -0.5150 -0.7326
vn 0.4450 -0.5150 -0.7326
vn 0.4450 -0.5150 -0.7326
vn 0.4508 -0.5058 -0.7354
vn 0.4598 -0.5221 -0.7183
vn 0.4598 -0.5221 -0.7183
vn 0.4598 -0.5221 -0.7183
vn 0.4477 -0.4786 -0.7553
vn 0.4477 -0.4786 -0.7553
vn 0.4477 -0.4786 -0.7553
vn 0.4746 -0.5175 -0.7120
vn 0.4746 -0.5175 -0.7120
vn 0.4746 -0.5175 -0.7120
vn 0.4911 -0.4739 -0.7309
vn 0.4911 -0.4739 -0.7309
vn 0.5239 -0.5162 -0.6776
vn 0.5239 -0.5162 -0.6776
vn 0.5239 -0.5162 -0.6776
vn 0.5237 -0.4818 -0.7026
vn 0.5237 -0.4818 -0.7026
vn 0.5237 -0.4818 -0.7026
vn 0.5566 -0.4733 -0.6828
vn 0.5566 -0.4733 -0.6828
vn 0.5566 -0.4733 -0.6828
vn 0.5598 -0.4742 -0.6795
vn 0.1682 0.9745 0.1487
vn 0.1538 0.9773 0.1456
vn 0.1538 0.9773 0.1456
vn 0.1538 0.9773 0.1456
vn 0.1495 0.9775 0.1488
vn 0.1495 0.9775 0.1488
vn 0.1495 0.9775 0.1488
vn 0.1447 0.9774 0.1540
vn 0.1422 0.9793 0.1442
vn 0.1422 0.9793 0.1442
vn 0.1422 0.9793 0.1442
vn 0.6571 -0.3383 -0.6736
vn 0.6571 -0.3383 -0.6736
vn 0.6571 -0.3383 -0.6736
vn 0.6514 -0.3602 -0.6677
vn 0.6514 -0.3602 -0.6677
vn 0.6514 -0.3602 -0.6677
vn 0.7448 -0.0251 -0.6668
vn 0.7448 -0.0251 -0.6668
vn 0.7448 -0.0251 -0.6668
vn 0.7383 -0.0463 -0.6729
vn 0.7383 -0.0463 -0.6729
vn 0.7383 -0.0463 -0.6729
vn 0.7517 0.3060 -0.5842
vn 0.7517 0.3060 -0.5842
vn 0.7517 0.3060 -0.5842
vn 0.7504 0.2767 -0.6003
vn 0.7504 0.2767 -0.6003
vn 0.7504 0.2767 -0.6003
vn 0.6590 0.6228 -0.4217
vn 0.6590 0.6228 -0.4217
vn 0.6590 0.6228 -0.4217
vn 0.6668 0.5972 -0.4458
vn 0.4971 0.8407 -0.2146
vn 0.4971 0.8407 -0.2146
vn 0.4971 0.8407 -0.2146
vn 0.5144 0.8212 -0.2471
vn 0.5144 0.8212 -0.2471
vn 0.5144 0.8212 -0.2471
vn 0.2868 0.9580 0.0092
vn 0.2868 0.9580 0.0092
vn 0.2868 0.9580 0.0092
vn 0.3031 0.9528 -0.0154
vn 0.3031 0.9528 -0.0154
vn 0.3031 0.9528 -0.0154
vn 0.1401 0.9793 0.1463
vn 0.1401 0.9793 0.1463
vn 0.1401 0.9793 0.1463
vn 0.1424 0.9793 0.1440
vn 0.1424 0.9793 0.1440
vn 0.1424 0.9793 0.1440
vn 0.5770 -0.5053 -0.6416
vn 0.5731 -0.5048 -0.6455
vn 0.5756 -0.5075 -0.6412
vn 0.5756 -0.5075 -0.6412
vn 0.5756 -0.5075 -0.6412
vn 0.5780 -0.5052 -0.6409
vn 0.5780 -0.5052 -0.6409
vn 0.5780 -0.5052 -0.6409
vn 0.5667 -0.5035 -0.6522
vn 0.5698 -0.5056 -0.6479
vn 0.5698 -0.5056 -0.6479
vn 0.5733 -0.5042 -0.6459
vn 0.5733 -0.5042 -0.6459
vn 0.5729 -0.5049 -0.6457
vn 0.5729 -0.5049 -0.6457
vn 0.5903 -0.4385 -0.6777
vn 0.5903 -0.4385 -0.6777
vn 0.6199 -0.2711 -0.7363
vn 0.6199 -0.2711 -0.7363
vn 0.6199 -0.2711 -0.7363
vn 0.6803 0.0459 -0.7315
vn 0.6803 0.0459 -0.7315
vn 0.6803 0.0459 -0.7315
vn 0.6364 -0.1152 -0.7627
vn 0.6364 -0.1152 -0.7627
vn 0.6364 -0.1152 -0.7627
vn 0.6243 0.3104 -0.7168
vn 0.6243 0.3104 -0.7168
vn 0.6241 0.3165 -0.7144
vn 0.6241 0.3165 -0.7144
vn 0.5670 0.5037 -0.6518
vn 0.5682 0.5047 -0.6499
vn 0.5682 0.5047 -0.6499
vn 0.5673 0.5067 -0.6492
vn 0.5673 0.5067 -0.6492
vn 0.5673 0.5067 -0.6492
vn 0.5732 0.5044 -0.6457
vn 0.5725 0.5077 -0.6438
vn 0.5725 0.5077 -0.6438
vn 0.5725 0.5077 -0.6438
vn 0.5773 0.5055 -0.6413
vn 0.5748 0.5059 -0.6432
vn 0.5748 0.5059 -0.6432
vn 0.5743 0.5051 -0.6443
vn 0.5743 0.5051 -0.6443
vn 0.5743 0.5051 -0.6443
vn 0.5743 0.5051 -0.6442
vn 0.5743 0.5051 -0.6442
vn 0.5743 0.5051 -0.6442
vn 0.2557 -0.9662 0.0330
vn 0.2557 -0.9662 0.0330
vn 0.2557 -0.9662 0.0330
vn 0.2535 -0.9667 0.0360
vn 0.2535 -0.9667 0.0360
vn 0.2535 -0.9667 0.0360
vn 0.4847 -0.8501 -0.2061
vn 0.4628 -0.8657 -0.1908
vn 0.4628 -0.8657 -0.1908
vn 0.4628 -0.8657 -0.1908
vn 0.6623 -0.6203 -0.4202
vn 0.6623 -0.6203 -0.4202
vn 0.6623 -0.6203 -0.4202
vn 0.6235 -0.6757 -0.3933
vn 0.7564 -0.2972 -0.5827
vn 0.7564 -0.2972 -0.5827
vn 0.7256 -0.3937 -0.5644
vn 0.7256 -0.3937 -0.5644
vn 0.7532 0.0274 -0.6573
vn 0.7532 0.0274 -0.6573
vn 0.7532 0.0274 -0.6573
vn 0.7452 -0.0915 -0.6606
vn 0.7452 -0.0915 -0.6606
vn 0.7452 -0.0915 -0.6606
vn 0.7060 0.2253 -0.6714
vn 0.7060 0.2253 -0.6714
vn 0.7060 0.2253 -0.6714
vn 0.6490 0.3506 -0.6752
vn 0.6490 0.3506 -0.6752
vn 0.6490 0.3506 -0.6752
vn 0.6280 0.4067 -0.6635
vn 0.6280 0.4067 -0.6635
vn 0.6280 0.4067 -0.6635
vn 0.1372 -0.9795 0.1475
vn 0.1372 -0.9795 0.1475
vn 0.1482 -0.9775 0.1503
vn 0.1520 -0.9777 0.1448
vn 0.1520 -0.9777 0.1448
vn 0.1520 -0.9777 0.1448
vn 0.1673 -0.9747 0.1480
vn 0.4545 0.5127 -0.7285
vn 0.4545 0.5127 -0.7285
vn 0.4545 0.5127 -0.7285
vn 0.4478 0.5180 -0.7288
vn 0.4478 0.5180 -0.7288
vn 0.4478 0.5180 -0.7288
vn 0.4477 0.5175 -0.7292
vn 0.4445 0.5180 -0.7308
vn 0.4445 0.5180 -0.7308
vn 0.5695 0.4829 -0.6652
vn 0.5695 0.4829 -0.6652
vn 0.5308 0.4787 -0.6994
vn 0.5308 0.4787 -0.6994
vn 0.5308 0.4787 -0.6994
vn 0.5163 0.4873 -0.7043
vn 0.5163 0.4873 -0.7043
vn 0.5163 0.4873 -0.7043
vn 0.4973 0.4898 -0.7161
vn 0.4879 0.5027 -0.7136
vn 0.4669 0.5028 -0.7275
vn 0.4483 0.5112 -0.7333
vn 0.4483 0.5112 -0.7333
vn 0.4483 0.5112 -0.7333
vn -0.2359 -0.4911 0.8386
vn -0.2140 -0.4992 0.8397
vn -0.2168 -0.4922 0.8430
vn -0.2168 -0.4922 0.8430
vn -0.2168 -0.4922 0.8430
vn -0.2152 -0.4936 0.8426
vn -0.2152 -0.4936 0.8426
vn -0.2152 -0.4936 0.8426
vn -0.2140 -0.4944 0.8425
vn -0.2140 -0.4944 0.8425
vn -0.2140 -0.4944 0.8425
vn -0.2121 -0.4952 0.8425
vn -0.2121 -0.4952 0.8425
vn -0.2121 -0.4952 0.8425
vn -0.2019 -0.4977 0.8435
vn -0.1957 -0.4913 0.8487
vn -0.1973 -0.4933 0.8472
vn -0.1973 -0.4933 0.8472
vn -0.1973 -0.4933 0.8472
vn -0.1979 -0.4944 0.8464
vn -0.1979 -0.4944 0.8464
vn -0.1979 -0.4944 0.8464
vn -0.1981 -0.4950 0.8460
vn -0.1981 -0.4950 0.8460
vn -0.1981 -0.4950 0.8460
vn -0.1982 -0.4960 0.8454
vn -0.1982 -0.4960 0.8454
vn -0.1982 -0.4960 0.8454
vn -0.1980 -0.4964 0.8452
vn -0.1980 -0.4964 0.8452
vn -0.1980 -0.4964 0.8452
vn -0.1979 -0.4965 0.8452
vn -0.1942 -0.4998 0.8441
vn -0.1922 -0.4955 0.8471
vn -0.1922 -0.4955 0.8471
vn -0.1922 -0.4955 0.8471
vn -0.1922 -0.4955 0.8471
vn -0.1922 -0.4955 0.8471
vn -0.1922 -0.4955 0.8471
vn -0.1923 -0.4952 0.8472
vn -0.1923 -0.4952 0.8472
vn -0.1877 -0.5007 0.8450
vn -0.1854 -0.4937 0.8496
vn -0.1854 -0.4937 0.8496
vn -0.1854 -0.4937 0.8496
vn -0.1854 -0.4932 0.8499
vn -0.1854 -0.4932 0.8499
vn -0.1854 -0.4932 0.8499
vn -0.1599 -0.4878 0.8582
vn -0.1599 -0.4878 0.8582
vn -0.1599 -0.4878 0.8582
vn -0.1756 -0.5017 0.8470
vn -0.1856 -0.4925 0.8503
vn -0.1856 -0.4925 0.8503
vn -0.1856 -0.4925 0.8503
vn -0.1853 -0.4927 0.8502
vn -0.1853 -0.4927 0.8502
vn -0.1853 -0.4927 0.8502
vn -0.1597 -0.4876 0.8583
vn -0.1597 -0.4876 0.8583
vn -0.1597 -0.4876 0.8583
vn -0.1597 -0.4874 0.8584
vn -0.1597 -0.4874 0.8584
vn -0.1597 -0.4874 0.8584
vn -0.1596 -0.5019 0.8501
vn -0.1596 -0.5019 0.8501
vn -0.1596 -0.5019 0.8501
vn -0.1045 -0.4883 0.8664
vn -0.1271 -0.5011 0.8560
vn -0.1271 -0.5011 0.8560
vn -0.1548 -0.4865 0.8598
vn -0.1548 -0.4865 0.8598
vn -0.1546 -0.4867 0.8598
vn -0.1546 -0.4867 0.8598
vn -0.1546 -0.4867 0.8598
vn -0.4169 -0.4996 0.7593
vn -0.4169 -0.4996 0.7593
vn -0.4169 -0.4996 0.7593
vn -0.2403 -0.5031 0.8301
vn -0.2596 -0.4936 0.8300
vn -0.2596 -0.4936 0.8300
vn -0.3106 -0.4968 0.8104
vn -0.3087 -0.4903 0.8151
vn -0.3087 -0.4903 0.8151
vn -0.3087 -0.4903 0.8151
vn -0.3528 -0.4792 0.8037
vn -0.3528 -0.4792 0.8037
vn -0.3528 -0.4792 0.8037
vn -0.1178 -0.2703 0.9555
vn -0.1178 -0.2703 0.9555
vn -0.1178 -0.2703 0.9555
vn -0.0689 -0.4347 0.8979
vn -0.0689 -0.4347 0.8979
vn -0.0689 -0.4347 0.8979
vn -0.1484 0.0387 0.9882
vn -0.1484 0.0387 0.9882
vn -0.1484 0.0387 0.9882
vn -0.0998 -0.1136 0.9885
vn -0.0998 -0.1136 0.9885
vn -0.0998 -0.1136 0.9885
vn -0.1136 0.3036 0.9460
vn -0.1136 0.3036 0.9460
vn -0.1136 0.3036 0.9460
vn -0.1157 0.3149 0.9420
vn -0.1035 0.5017 0.8588
vn -0.1035 0.5017 0.8588
vn -0.1035 0.5017 0.8588
vn -0.1077 0.4971 0.8610
vn -0.1077 0.4971 0.8610
vn -0.1077 0.4971 0.8610
vn -0.1111 0.4855 0.8672
vn -0.1111 0.4855 0.8672
vn -0.1111 0.4855 0.8672
vn -0.1111 0.4851 0.8674
vn -0.1111 0.4851 0.8674
vn -0.1111 0.4851 0.8674
vn -0.1155 0.5009 0.8577
vn -0.1155 0.5009 0.8577
vn -0.1155 0.5009 0.8577
vn -0.1329 0.4855 0.8641
vn -0.1329 0.4855 0.8641
vn -0.1329 0.4855 0.8641
vn -0.1331 0.4849 0.8644
vn -0.1331 0.4849 0.8644
vn -0.1331 0.4850 0.8643
vn -0.1331 0.4850 0.8643
vn -0.1331 0.4850 0.8643
vn -0.1330 0.4848 0.8645
vn -0.1330 0.4848 0.8645
vn -0.1330 0.4848 0.8645
vn -0.1329 0.4845 0.8646
vn -0.1329 0.4845 0.8646
vn -0.1329 0.4845 0.8646
vn -0.1463 0.5009 0.8531
vn -0.1463 0.5009 0.8531
vn -0.1463 0.5009 0.8531
vn -0.1678 0.4880 0.8566
vn -0.1678 0.4880 0.8566
vn -0.1678 0.4880 0.8566
vn -0.1677 0.4881 0.8565
vn -0.1677 0.4881 0.8565
vn -0.1675 0.4885 0.8563
vn -0.1675 0.4885 0.8563
vn -0.1675 0.4885 0.8563
vn -0.1671 0.5008 0.8493
vn -0.1671 0.5008 0.8493
vn -0.1796 0.4904 0.8528
vn -0.1796 0.4904 0.8528
vn -0.1796 0.4904 0.8528
vn -0.1796 0.4905 0.8527
vn -0.1796 0.4905 0.8527
vn -0.1796 0.4905 0.8527
vn -0.1792 0.4912 0.8524
vn -0.1792 0.4912 0.8524
vn -0.1792 0.4912 0.8524
vn -0.1799 0.5010 0.8466
vn -0.1889 0.4931 0.8492
vn -0.1889 0.4931 0.8492
vn -0.1889 0.4931 0.8492
vn -0.1886 0.4935 0.8490
vn -0.1886 0.4935 0.8490
vn -0.1886 0.4935 0.8490
vn -0.1884 0.4940 0.8488
vn -0.1884 0.4940 0.8488
vn -0.1884 0.4940 0.8488
vn -0.1883 0.4946 0.8485
vn -0.1883 0.4946 0.8485
vn -0.1883 0.4946 0.8485
vn -0.1898 0.4995 0.8453
vn -0.1898 0.4995 0.8453
vn -0.1970 0.4966 0.8453
vn -0.1970 0.4966 0.8453
vn -0.1970 0.4966 0.8453
vn -0.1970 0.4967 0.8453
vn -0.1970 0.4967 0.8453
vn -0.1970 0.4967 0.8453
vn -0.2106 0.4944 0.8433
vn -0.2106 0.4944 0.8433
vn -0.2106 0.4944 0.8433
vn -0.1971 0.4969 0.8452
vn -0.1972 0.4964 0.8454
vn -0.1972 0.4964 0.8454
vn -0.1972 0.4964 0.8454
vn -0.1970 0.4981 0.8444
vn -0.1970 0.4981 0.8444
vn -0.1970 0.4981 0.8444
vn -0.2003 0.4965 0.8446
vn -0.2003 0.4965 0.8446
vn -0.2003 0.4965 0.8446
vn -0.2005 0.4962 0.8447
vn -0.2005 0.4962 0.8447
vn -0.2005 0.4962 0.8447
vn -0.2012 0.4954 0.8450
vn -0.2012 0.4954 0.8450
vn -0.2012 0.4954 0.8450
vn -0.2013 0.4950 0.8453
vn -0.2013 0.4950 0.8453
vn -0.2013 0.4950 0.8453
vn -0.2013 0.4972 0.8439
vn -0.2013 0.4972 0.8439
vn -0.2013 0.4972 0.8439
vn -0.2081 0.4955 0.8433
vn -0.2081 0.4955 0.8433
vn -0.2081 0.4955 0.8433
vn -0.2096 0.4949 0.8433
vn -0.2096 0.4949 0.8433
vn -0.2121 0.4931 0.8437
vn -0.2129 0.4909 0.8448
vn -0.2139 0.4994 0.8396
vn -0.2306 0.4930 0.8389
vn -0.2265 0.5018 0.8348
vn -0.2265 0.5018 0.8348
vn -0.2265 0.5018 0.8348
vn -0.2429 0.4872 0.8388
vn -0.2429 0.4872 0.8388
vn -0.2429 0.4872 0.8388
vn -0.2504 0.5052 0.8259
vn -0.2724 0.4897 0.8282
vn -0.2697 0.4951 0.8259
vn -0.2697 0.4951 0.8259
vn -0.2697 0.4951 0.8259
vn -0.2999 0.4921 0.8172
vn -0.2999 0.4921 0.8172
vn -0.3079 0.4847 0.8187
vn -0.3079 0.4847 0.8187
vn -0.3079 0.4847 0.8187
vn -0.3790 0.4931 0.7830
vn -0.3790 0.4931 0.7830
vn 0.8527 0.4345 0.2902
vn 0.8527 0.4345 0.2902
vn 0.8527 0.4345 0.2902
vn 0.8742 0.3793 0.3032
vn 0.8742 0.3793 0.3032
vn 0.8742 0.3793 0.3032
vn 0.9130 0.2512 0.3216
vn 0.9130 0.2512 0.3216
vn 0.9130 0.2512 0.3216
vn 0.9555 -0.0402 0.2923
vn 0.9555 -0.0402 0.2923
vn 0.9555 -0.0402 0.2923
vn 0.9348 0.1133 0.3366
vn 0.9348 0.1133 0.3366
vn 0.9348 0.1133 0.3366
vn 0.8982 -0.3185 0.3031
vn 0.8982 -0.3185 0.3031
vn 0.8982 -0.3185 0.3031
vn 0.8991 -0.3143 0.3046
vn 0.8991 -0.3143 0.3046
vn 0.8991 -0.3143 0.3046
vn 0.8480 -0.4957 0.1877
vn 0.8191 -0.5009 0.2797
vn 0.8191 -0.5009 0.2797
vn 0.8262 -0.4922 0.2743
vn 0.8262 -0.4922 0.2743
vn 0.8305 -0.4847 0.2744
vn 0.8305 -0.4847 0.2744
vn 0.8305 -0.4847 0.2744
vn 0.8306 -0.4846 0.2744
vn 0.8306 -0.4846 0.2744
vn 0.8239 -0.5005 0.2658
vn 0.8239 -0.5005 0.2658
vn 0.8372 -0.4851 0.2524
vn 0.8372 -0.4851 0.2524
vn 0.8372 -0.4851 0.2524
vn 0.8374 -0.4849 0.2522
vn 0.8374 -0.4849 0.2523
vn 0.8374 -0.4849 0.2523
vn 0.8374 -0.4849 0.2523
vn 0.8376 -0.4845 0.2525
vn 0.8376 -0.4845 0.2525
vn 0.8376 -0.4845 0.2525
vn 0.8376 -0.4843 0.2526
vn 0.8376 -0.4843 0.2526
vn 0.8376 -0.4843 0.2526
vn 0.8331 -0.5003 0.2357
vn 0.8331 -0.5003 0.2357
vn 0.8331 -0.5003 0.2357
vn 0.8453 -0.4876 0.2186
vn 0.8453 -0.4876 0.2186
vn 0.8453 -0.4876 0.2186
vn 0.8449 -0.4882 0.2185
vn 0.8450 -0.4880 0.2188
vn 0.8450 -0.4880 0.2188
vn 0.8450 -0.4880 0.2188
vn 0.8381 -0.4996 0.2192
vn 0.8471 -0.4900 0.2058
vn 0.8471 -0.4900 0.2058
vn 0.8471 -0.4900 0.2058
vn 0.8469 -0.4903 0.2059
vn 0.8469 -0.4903 0.2059
vn 0.8469 -0.4903 0.2059
vn 0.8467 -0.4906 0.2060
vn 0.8467 -0.4906 0.2060
vn 0.8467 -0.4906 0.2060
vn 0.8417 -0.5000 0.2036
vn 0.8479 -0.4925 0.1963
vn 0.8479 -0.4925 0.1963
vn 0.8479 -0.4925 0.1963
vn 0.8476 -0.4929 0.1965
vn 0.8476 -0.4929 0.1965
vn 0.8476 -0.4929 0.1965
vn 0.8474 -0.4933 0.1966
vn 0.8474 -0.4933 0.1966
vn 0.8474 -0.4933 0.1966
vn 0.8473 -0.4935 0.1966
vn 0.8449 -0.4984 0.1940
vn 0.8481 -0.4956 0.1873
vn 0.8481 -0.4956 0.1873
vn 0.8481 -0.4956 0.1873
vn 0.8481 -0.4957 0.1874
vn 0.8481 -0.4957 0.1874
vn 0.8481 -0.4957 0.1874
vn 0.8492 -0.4951 0.1837
vn 0.8492 -0.4951 0.1837
vn 0.8492 -0.4951 0.1837
vn 0.8472 -0.4975 0.1864
vn 0.8472 -0.4975 0.1864
vn 0.8472 -0.4975 0.1864
vn 0.8485 -0.4950 0.1872
vn 0.8485 -0.4950 0.1872
vn 0.8485 -0.4950 0.1872
vn 0.8483 -0.4953 0.1872
vn 0.8483 -0.4953 0.1872
vn 0.8483 -0.4953 0.1872
vn 0.8519 -0.4938 0.1743
vn 0.8519 -0.4938 0.1743
vn 0.8519 -0.4938 0.1743
vn 0.8495 -0.4947 0.1836
vn 0.8495 -0.4947 0.1836
vn 0.8495 -0.4947 0.1836
vn 0.8498 -0.4940 0.1836
vn 0.8498 -0.4940 0.1836
vn 0.8498 -0.4940 0.1836
vn 0.8485 -0.4965 0.1830
vn 0.8485 -0.4965 0.1830
vn 0.8485 -0.4965 0.1830
vn 0.8509 -0.4949 0.1762
vn 0.8509 -0.4949 0.1762
vn 0.8516 -0.4942 0.1749
vn 0.8528 -0.4927 0.1732
vn 0.8528 -0.4927 0.1732
vn 0.8528 -0.4927 0.1732
vn 0.8541 -0.4905 0.1727
vn 0.8541 -0.4905 0.1727
vn 0.8541 -0.4905 0.1727
vn 0.8497 -0.4991 0.1701
vn 0.8563 -0.4929 0.1544
vn 0.8563 -0.4929 0.1544
vn 0.8563 -0.4929 0.1544
vn 0.8531 -0.4980 0.1559
vn 0.8599 -0.4957 0.1216
vn 0.8645 -0.4887 0.1176
vn 0.8645 -0.4887 0.1176
vn 0.8645 -0.4887 0.1176
vn 0.8608 -0.4952 0.1173
vn 0.8608 -0.4952 0.1173
vn 0.8608 -0.4952 0.1173
vn 0.8659 -0.4935 0.0823
vn 0.8712 -0.4854 0.0739
vn 0.8673 -0.4970 -0.0271
vn 0.8673 -0.4970 -0.0271
vn 0.8673 -0.4970 -0.0271
vn -0.8375 0.5159 0.1800
vn -0.8375 0.5159 0.1800
vn -0.8375 0.5159 0.1800
vn -0.8483 0.5211 0.0939
vn -0.8483 0.5211 0.0939
vn -0.8483 0.5211 0.0939
vn -0.8539 0.5136 0.0844
vn -0.8593 0.5038 0.0880
vn -0.8475 0.5206 0.1037
vn -0.8475 0.5206 0.1037
vn -0.8475 0.5206 0.1037
vn -0.8727 0.4817 0.0797
vn -0.8727 0.4817 0.0797
vn -0.8727 0.4817 0.0797
vn -0.8520 0.5122 0.1084
vn -0.8520 0.5122 0.1084
vn -0.8520 0.5122 0.1084
vn -0.8634 0.4890 0.1244
vn -0.8634 0.4890 0.1244
vn -0.8634 0.4890 0.1244
vn -0.8714 0.4739 0.1272
vn -0.8714 0.4739 0.1272
vn -0.8714 0.4739 0.1272
vn -0.8600 0.4818 0.1684
vn -0.8600 0.4818 0.1684
vn -0.8600 0.4818 0.1684
vn -0.8567 0.4731 0.2057
vn -0.8567 0.4731 0.2057
vn -0.8567 0.4731 0.2057
vn -0.8505 0.4767 0.2223
vn -0.8505 0.4767 0.2223
vn -0.8505 0.4767 0.2223
vn 0.0669 -0.9747 0.2133
vn 0.0583 -0.9770 0.2053
vn 0.0754 -0.9777 0.1960
vn 0.0754 -0.9777 0.1960
vn 0.0754 -0.9777 0.1960
vn 0.0680 -0.9795 0.1897
vn 0.0680 -0.9795 0.1897
vn 0.0680 -0.9795 0.1897
vn -0.8772 0.3632 0.3140
vn -0.8772 0.3632 0.3140
vn -0.8772 0.3632 0.3140
vn -0.9017 0.2961 0.3150
vn 0.0709 -0.9795 0.1885
vn 0.0709 -0.9795 0.1885
vn 0.0709 -0.9795 0.1885
vn 0.0015 -0.9762 0.2169
vn 0.0015 -0.9762 0.2169
vn 0.0015 -0.9762 0.2169
vn -0.1205 -0.9604 0.2513
vn -0.1205 -0.9604 0.2513
vn -0.1205 -0.9604 0.2513
vn -0.2974 -0.8954 0.3314
vn -0.2974 -0.8954 0.3314
vn -0.4128 -0.8431 0.3447
vn -0.4128 -0.8431 0.3447
vn -0.4128 -0.8431 0.3447
vn -0.6841 -0.6021 0.4117
vn -0.6841 -0.6021 0.4117
vn -0.6841 -0.6021 0.4117
vn -0.6638 -0.6220 0.4153
vn -0.6638 -0.6220 0.4153
vn -0.8947 -0.2030 0.3979
vn -0.8947 -0.2030 0.3979
vn -0.8947 -0.2030 0.3979
vn -0.8470 -0.3035 0.4365
vn -0.8470 -0.3035 0.4365
vn -0.8470 -0.3035 0.4365
vn -0.9309 0.0211 0.3648
vn -0.9309 0.0211 0.3648
vn -0.9309 0.0211 0.3648
vn -0.8288 0.5032 0.2448
vn -0.8287 0.5050 0.2413
vn -0.8287 0.5050 0.2413
vn -0.8271 0.5073 0.2419
vn -0.8271 0.5073 0.2419
vn -0.8271 0.5073 0.2419
vn -0.8306 0.5045 0.2357
vn -0.8306 0.5045 0.2357
vn -0.8294 0.5061 0.2365
vn -0.8294 0.5061 0.2365
vn -0.8294 0.5061 0.2365
vn -0.8336 0.5020 0.2306
vn -0.8295 0.5054 0.2378
vn -0.8295 0.5054 0.2378
vn -0.8295 0.5054 0.2378
vn -0.8295 0.5059 0.2367
vn -0.8295 0.5059 0.2367
vn -0.8295 0.5059 0.2367
vn -0.8295 0.5060 0.2364
vn -0.8664 0.4376 0.2405
vn -0.8664 0.4376 0.2405
vn -0.8664 0.4376 0.2405
vn -0.9260 0.2899 0.2418
vn -0.9260 0.2899 0.2418
vn -0.9260 0.2899 0.2418
vn -0.9349 0.2532 0.2487
vn -0.9349 0.2532 0.2487
vn -0.9349 0.2532 0.2487
vn -0.9660 -0.0197 0.2578
vn -0.9660 -0.0197 0.2578
vn -0.9660 -0.0197 0.2578
vn -0.9685 0.0251 0.2477
vn -0.9685 0.0251 0.2477
vn -0.9685 0.0251 0.2477
vn -0.9179 -0.3054 0.2533
vn -0.9179 -0.3054 0.2533
vn -0.9179 -0.3054 0.2533
vn -0.9139 -0.3159 0.2549
vn -0.9139 -0.3159 0.2549
vn -0.8311 -0.5062 0.2302
vn -0.8311 -0.5062 0.2302
vn -0.8311 -0.5062 0.2302
vn -0.8314 -0.5040 0.2340
vn -0.8342 -0.5008 0.2310
vn -0.8342 -0.5008 0.2310
vn -0.8342 -0.5008 0.2310
vn -0.8298 -0.5046 0.2385
vn -0.8295 -0.5061 0.2362
vn -0.8295 -0.5061 0.2362
vn -0.8295 -0.5061 0.2362
vn -0.8296 -0.5059 0.2362
vn -0.8296 -0.5059 0.2362
vn -0.8296 -0.5059 0.2362
vn -0.8283 -0.5044 0.2439
vn -0.8297 -0.5056 0.2368
vn -0.8301 -0.5052 0.2360
vn -0.8301 -0.5052 0.2360
vn -0.8301 -0.5052 0.2360
vn -0.8296 -0.5059 0.2362
vn -0.8296 -0.5059 0.2362
vn -0.8296 -0.5059 0.2362
vn -0.1447 0.9525 0.2681
vn -0.1447 0.9525 0.2681
vn -0.1447 0.9525 0.2681
vn -0.0703 0.9626 0.2618
vn -0.0703 0.9626 0.2618
vn -0.0703 0.9626 0.2618
vn -0.4005 0.8520 0.3371
vn -0.4005 0.8520 0.3371
vn -0.4005 0.8520 0.3371
vn -0.4527 0.8162 0.3591
vn -0.4527 0.8162 0.3591
vn -0.4527 0.8162 0.3591
vn -0.6694 0.6224 0.4057
vn -0.6694 0.6224 0.4057
vn -0.6405 0.6609 0.3911
vn -0.6405 0.6609 0.3911
vn -0.6405 0.6609 0.3911
vn -0.8530 0.2977 0.4287
vn -0.8530 0.2977 0.4287
vn -0.8530 0.2977 0.4287
vn -0.8382 0.3504 0.4180
vn -0.8382 0.3504 0.4180
vn -0.9284 -0.0227 0.3708
vn -0.9284 -0.0227 0.3708
vn -0.9284 -0.0227 0.3708
vn -0.9222 -0.1222 0.3669
vn -0.9222 -0.1222 0.3669
vn -0.9222 -0.1222 0.3669
vn -0.8914 -0.3498 0.2882
vn -0.8914 -0.3498 0.2882
vn -0.8914 -0.3498 0.2882
vn -0.8621 -0.4271 0.2728
vn -0.8621 -0.4271 0.2728
vn -0.8621 -0.4271 0.2728
vn 0.0732 0.9793 0.1888
vn 0.0732 0.9793 0.1888
vn 0.0732 0.9793 0.1888
vn 0.0715 0.9773 0.1993
vn 0.0715 0.9773 0.1993
vn 0.0715 0.9773 0.1993
vn 0.0647 0.9774 0.2014
vn 0.0647 0.9774 0.2014
vn 0.0647 0.9774 0.2014
vn 0.0613 0.9745 0.2159
vn -0.8532 -0.5126 0.0963
vn -0.8532 -0.5126 0.0963
vn -0.8532 -0.5126 0.0963
vn -0.8513 -0.5166 0.0918
vn -0.8513 -0.5166 0.0918
vn -0.8511 -0.5169 0.0917
vn -0.8511 -0.5169 0.0917
vn -0.8511 -0.5169 0.0917
vn -0.8509 -0.5162 0.0973
vn -0.8524 -0.5136 0.0983
vn -0.8524 -0.5136 0.0983
vn -0.8524 -0.5136 0.0983
vn -0.8551 -0.5052 0.1168
vn -0.8547 -0.5057 0.1170
vn -0.8569 -0.4973 0.1359
vn -0.8596 -0.4898 0.1455
vn -0.8596 -0.4898 0.1455
vn -0.8448 -0.4840 0.2281
vn -0.8448 -0.4840 0.2281
vn -0.8448 -0.4840 0.2281
vn -0.8599 -0.4792 0.1759
vn -0.8599 -0.4792 0.1759
vn -0.8599 -0.4792 0.1759
vn -0.8572 -0.4935 0.1469
vn -0.8572 -0.4935 0.1469
vn -0.8572 -0.4935 0.1469
vn 0.0972 -0.9814 0.1656
vn 0.0972 -0.9814 0.1656
vn 0.0972 -0.9814 0.1656
vn 0.0958 -0.9817 0.1648
vn 0.0958 -0.9817 0.1648
vn 0.0958 -0.9817 0.1648
vn 0.1062 -0.9817 0.1580
vn 0.1062 -0.9817 0.1580
vn 0.1062 -0.9817 0.1580
vn 0.1079 -0.9814 0.1590
vn -0.4940 -0.6838 0.5371
vn -0.4940 -0.6838 0.5371
vn -0.4940 -0.6838 0.5371
vn -0.5316 -0.6178 0.5794
vn -0.5316 -0.6178 0.5794
vn -0.5316 -0.6178 0.5794
vn -0.3144 -0.8477 0.4274
vn -0.3144 -0.8477 0.4274
vn -0.3144 -0.8477 0.4274
vn -0.2503 -0.8817 0.4000
vn -0.2503 -0.8817 0.4000
vn -0.2503 -0.8817 0.4000
vn -0.0543 -0.9601 0.2742
vn -0.0265 -0.9684 0.2481
vn -0.0265 -0.9684 0.2481
vn -0.0265 -0.9684 0.2481
vn 0.0848 -0.9808 0.1757
vn 0.0848 -0.9808 0.1757
vn 0.0848 -0.9808 0.1757
vn -0.6297 -0.4973 0.5968
vn -0.6277 -0.4981 0.5983
vn -0.6190 -0.5024 0.6037
vn -0.6190 -0.5024 0.6037
vn -0.6190 -0.5024 0.6037
vn -0.6242 -0.5032 0.5976
vn -0.6188 -0.4991 0.6066
vn -0.6190 -0.5021 0.6039
vn -0.6190 -0.5021 0.6039
vn -0.6190 -0.5021 0.6039
vn -0.6118 -0.5015 0.6117
vn -0.6118 -0.5015 0.6117
vn -0.6163 -0.5043 0.6049
vn -0.6184 -0.5033 0.6035
vn -0.6189 -0.5029 0.6034
vn -0.6189 -0.5029 0.6034
vn -0.6189 -0.5029 0.6034
vn -0.5765 -0.5781 0.5774
vn -0.5765 -0.5781 0.5774
vn -0.5765 -0.5781 0.5774
vn -0.6396 -0.4360 0.6332
vn -0.6396 -0.4360 0.6332
vn -0.6396 -0.4360 0.6332
vn -0.6674 -0.3172 0.6738
vn -0.6674 -0.3172 0.6738
vn -0.6674 -0.3172 0.6738
vn -0.6869 -0.2510 0.6820
vn -0.6869 -0.2510 0.6820
vn -0.6869 -0.2510 0.6820
vn -0.7099 0.0227 0.7039
vn -0.7099 0.0227 0.7039
vn -0.7099 0.0227 0.7039
vn -0.7024 -0.0241 0.7114
vn -0.7024 -0.0241 0.7114
vn -0.6673 0.3736 0.6444
vn -0.6673 0.3736 0.6444
vn -0.6723 0.3151 0.6699
vn -0.6723 0.3151 0.6699
vn -0.6135 0.5044 0.6076
vn -0.6139 0.5034 0.6080
vn -0.6139 0.5034 0.6080
vn -0.6119 0.5011 0.6119
vn -0.6119 0.5011 0.6119
vn -0.6119 0.5011 0.6119
vn -0.6190 0.5031 0.6030
vn -0.6195 0.5027 0.6029
vn -0.6195 0.5027 0.6029
vn -0.6195 0.5027 0.6029
vn -0.6199 0.5021 0.6029
vn -0.6199 0.5021 0.6029
vn -0.6199 0.5021 0.6029
vn -0.6293 0.4981 0.5966
vn -0.6205 0.5000 0.6041
vn -0.6205 0.5000 0.6041
vn -0.6205 0.5000 0.6041
vn -0.6203 0.4998 0.6045
vn -0.6203 0.4998 0.6045
vn -0.6200 0.5018 0.6031
vn -0.0822 0.9526 0.2930
vn -0.0822 0.9526 0.2930
vn -0.0822 0.9526 0.2930
vn 0.0070 0.9652 0.2614
vn 0.0070 0.9652 0.2614
vn 0.0070 0.9652 0.2614
vn -0.2874 0.8646 0.4122
vn -0.3473 0.8173 0.4597
vn -0.3473 0.8173 0.4597
vn -0.3473 0.8173 0.4597
vn -0.5136 0.6614 0.5465
vn -0.5136 0.6614 0.5465
vn -0.5136 0.6614 0.5465
vn -0.5362 0.6389 0.5516
vn -0.5362 0.6389 0.5516
vn -0.5362 0.6389 0.5516
vn -0.6121 0.5262 0.5903
vn -0.6121 0.5262 0.5903
vn -0.6121 0.5262 0.5903
vn 0.1077 0.9811 0.1605
vn 0.1075 0.9815 0.1584
vn 0.1075 0.9815 0.1584
vn 0.1075 0.9815 0.1584
vn 0.0968 0.9816 0.1647
vn 0.0971 0.9812 0.1670
vn 0.6979 0.6839 -0.2126
vn 0.6979 0.6839 -0.2126
vn 0.6979 0.6839 -0.2126
vn 0.7525 0.6178 -0.2282
vn 0.7525 0.6178 -0.2282
vn 0.7525 0.6178 -0.2282
vn 0.5215 0.8476 -0.0978
vn 0.5215 0.8476 -0.0978
vn 0.5215 0.8476 -0.0978
vn 0.4683 0.8821 -0.0511
vn 0.4683 0.8821 -0.0511
vn 0.4683 0.8821 -0.0511
vn 0.2704 0.9601 0.0707
vn 0.2704 0.9601 0.0707
vn 0.2704 0.9601 0.0707
vn 0.2357 0.9682 0.0842
vn 0.2357 0.9682 0.0842
vn 0.2357 0.9682 0.0842
vn 0.1218 0.9806 0.1536
vn 0.1218 0.9806 0.1536
vn 0.1218 0.9806 0.1536
vn 0.8101 0.4978 -0.3097
vn 0.8101 0.4978 -0.3097
vn 0.8104 0.4983 -0.3081
vn 0.8104 0.4983 -0.3081
vn 0.8120 0.5021 -0.2975
vn 0.8120 0.5021 -0.2975
vn 0.8120 0.5021 -0.2975
vn 0.8083 0.5034 -0.3053
vn 0.8144 0.4991 -0.2962
vn 0.8144 0.4991 -0.2962
vn 0.8121 0.5020 -0.2974
vn 0.8121 0.5020 -0.2974
vn 0.8163 0.5012 -0.2871
vn 0.8120 0.5043 -0.2939
vn 0.8120 0.5043 -0.2939
vn 0.8114 0.5032 -0.2974
vn 0.8117 0.5026 -0.2975
vn 0.8117 0.5026 -0.2975
vn 0.8117 0.5026 -0.2975
vn 0.7749 0.5707 -0.2717
vn 0.7749 0.5707 -0.2717
vn 0.7749 0.5707 -0.2717
vn 0.8475 0.4362 -0.3023
vn 0.8475 0.4362 -0.3023
vn 0.8475 0.4362 -0.3023
vn 0.8960 0.3182 -0.3098
vn 0.8960 0.3182 -0.3098
vn 0.8960 0.3182 -0.3098
vn 0.9122 0.2508 -0.3239
vn 0.9122 0.2508 -0.3239
vn 0.9122 0.2508 -0.3239
vn 0.9419 -0.0219 -0.3352
vn 0.9419 -0.0219 -0.3352
vn 0.9419 -0.0219 -0.3352
vn 0.9453 0.0245 -0.3252
vn 0.9453 0.0245 -0.3252
vn 0.9453 0.0245 -0.3252
vn 0.8703 -0.3720 -0.3227
vn 0.8703 -0.3720 -0.3227
vn 0.8703 -0.3720 -0.3227
vn 0.8948 -0.3151 -0.3163
vn 0.8948 -0.3151 -0.3163
vn 0.8948 -0.3151 -0.3163
vn 0.8168 -0.5005 -0.2870
vn 0.8168 -0.5005 -0.2870
vn 0.8168 -0.5005 -0.2870
vn 0.8110 -0.5030 -0.2987
vn 0.8110 -0.5030 -0.2987
vn 0.8128 -0.5044 -0.2914
vn 0.8133 -0.5035 -0.2915
vn 0.8097 -0.4980 -0.3105
vn 0.8129 -0.5001 -0.2985
vn 0.8125 -0.5004 -0.2992
vn 0.8125 -0.5004 -0.2992
vn 0.8110 -0.5025 -0.2996
vn 0.8110 -0.5025 -0.2996
vn 0.8110 -0.5025 -0.2996
vn 0.2240 -0.9699 0.0956
vn 0.2240 -0.9699 0.0956
vn 0.2240 -0.9699 0.0956
vn 0.2217 -0.9702 0.0974
vn 0.2217 -0.9702 0.0974
vn 0.2217 -0.9702 0.0974
vn 0.5012 -0.8621 -0.0744
vn 0.5035 -0.8607 -0.0752
vn 0.5035 -0.8607 -0.0752
vn 0.5035 -0.8607 -0.0752
vn 0.7311 -0.6377 -0.2426
vn 0.7311 -0.6377 -0.2426
vn 0.7311 -0.6377 -0.2426
vn 0.7370 -0.6300 -0.2449
vn 0.7370 -0.6300 -0.2449
vn 0.7370 -0.6300 -0.2449
vn -0.8232 0.4791 -0.3045
vn -0.8232 0.4791 -0.3045
vn -0.8232 0.4791 -0.3045
vn -0.8161 0.4763 -0.3273
vn -0.8134 0.4896 -0.3141
vn -0.8170 0.4844 -0.3130
vn -0.8017 0.4929 -0.3381
vn -0.8035 0.4896 -0.3386
vn -0.8035 0.4896 -0.3386
vn -0.8035 0.4896 -0.3386
vn -0.8053 0.4877 -0.3371
vn -0.8053 0.4877 -0.3371
vn -0.8053 0.4877 -0.3371
vn -0.8011 0.4959 -0.3350
vn -0.8011 0.4959 -0.3350
vn -0.8011 0.4959 -0.3350
vn -0.7987 0.4745 -0.3700
vn -0.7987 0.4745 -0.3700
vn -0.7884 0.4946 -0.3659
vn -0.7884 0.4946 -0.3659
vn -0.7616 0.4780 -0.4376
vn -0.7616 0.4780 -0.4376
vn -0.7696 0.4971 -0.4009
vn -0.7696 0.4970 -0.4009
vn -0.7696 0.4971 -0.4009
vn -0.7919 0.4794 -0.3782
vn -0.7935 0.4773 -0.3775
vn -0.7686 0.4631 -0.4414
vn -0.7686 0.4631 -0.4414
vn -0.7686 0.4631 -0.4414
vn -0.7827 0.4320 -0.4480
vn -0.7827 0.4320 -0.4480
vn -0.7827 0.4320 -0.4480
vn -0.8198 0.3137 -0.4790
vn -0.8735 0.0738 -0.4812
vn -0.8735 0.0738 -0.4812
vn -0.8735 0.0738 -0.4812
vn -0.8662 0.1122 -0.4869
vn -0.8662 0.1122 -0.4869
vn -0.8662 0.1122 -0.4869
vn -0.8322 -0.2587 -0.4905
vn -0.8322 -0.2587 -0.4905
vn -0.8322 -0.2587 -0.4905
vn -0.8247 -0.3127 -0.4713
vn -0.8247 -0.3127 -0.4713
vn -0.8247 -0.3127 -0.4713
vn -0.7505 -0.5006 -0.4314
vn -0.7505 -0.5006 -0.4314
vn -0.7505 -0.5006 -0.4314
vn -0.7674 -0.4804 -0.4246
vn -0.7674 -0.4804 -0.4246
vn -0.7674 -0.4804 -0.4246
vn -0.7593 -0.4962 -0.4210
vn -0.7852 -0.4796 -0.3917
vn -0.7852 -0.4796 -0.3917
vn -0.8056 -0.4805 -0.3467
vn -0.8056 -0.4805 -0.3467
vn -0.7818 -0.4894 -0.3864
vn -0.7782 -0.4953 -0.3861
vn -0.7782 -0.4953 -0.3861
vn -0.7782 -0.4953 -0.3861
vn -0.8227 -0.4798 -0.3048
vn -0.8227 -0.4798 -0.3048
vn -0.8083 -0.4855 -0.3331
vn -0.8083 -0.4855 -0.3331
vn -0.8083 -0.4855 -0.3331
vn -0.8098 -0.4740 -0.3458
vn -0.8098 -0.4740 -0.3458
vn -0.8098 -0.4740 -0.3458
vn -0.8083 -0.4776 -0.3443
vn -0.8083 -0.4776 -0.3443
vn -0.8083 -0.4776 -0.3443
vn -0.2923 0.9306 0.2202
vn -0.2923 0.9306 0.2202
vn -0.2923 0.9306 0.2202
vn -0.2309 0.9382 0.2579
vn -0.2309 0.9382 0.2579
vn -0.2309 0.9382 0.2579
vn -0.5356 0.8366 0.1153
vn -0.9541 0.2701 -0.1293
vn -0.9541 0.2701 -0.1293
vn -0.9541 0.2701 -0.1293
vn -0.9060 0.4166 -0.0742
vn -0.9060 0.4166 -0.0743
vn -0.9060 0.4166 -0.0742
vn -0.8947 0.4419 -0.0648
vn -0.8947 0.4419 -0.0648
vn -0.8947 0.4419 -0.0648
vn -0.8786 0.4748 -0.0512
vn -0.8786 0.4748 -0.0512
vn -0.8786 0.4748 -0.0512
vn -0.7895 0.6137 -0.0022
vn -0.7895 0.6137 -0.0022
vn -0.7895 0.6137 -0.0022
vn -0.7874 0.6164 -0.0004
vn -0.7874 0.6164 -0.0004
vn -0.7874 0.6164 -0.0004
vn -0.6265 0.7746 0.0866
vn -0.6265 0.7746 0.0866
vn -0.6265 0.7746 0.0866
vn -0.9557 -0.1461 -0.2555
vn -0.9557 -0.1461 -0.2555
vn -0.9779 0.0988 -0.1842
vn -0.9779 0.0988 -0.1841
vn -0.9779 0.0988 -0.1842
vn -0.9546 0.2682 -0.1296
vn -0.9546 0.2682 -0.1296
vn -0.9546 0.2682 -0.1296
vn -0.9750 -0.0684 -0.2115
vn -0.9750 -0.0684 -0.2115
vn -0.9750 -0.0684 -0.2115
vn -0.8796 -0.3738 -0.2942
vn -0.8796 -0.3738 -0.2942
vn -0.8796 -0.3738 -0.2942
vn -0.8566 -0.4221 -0.2967
vn -0.8566 -0.4221 -0.2967
vn -0.8566 -0.4221 -0.2967
vn -0.0980 0.9554 0.2785
vn -0.0980 0.9554 0.2785
vn -0.0954 0.9496 0.2986
vn -0.0954 0.9496 0.2986
vn -0.0954 0.9496 0.2986
vn -0.1454 0.9501 0.2760
vn -0.1618 0.9441 0.2873
vn 0.4966 0.6094 0.6181
vn 0.5345 0.5453 0.6457
vn 0.5345 0.5453 0.6457
vn 0.5345 0.5453 0.6457
vn 0.3012 0.7880 0.5369
vn 0.2386 0.8221 0.5170
vn 0.2386 0.8221 0.5170
vn 0.2386 0.8221 0.5170
vn 0.0126 0.9174 0.3977
vn 0.0126 0.9174 0.3977
vn 0.0126 0.9174 0.3977
vn 0.0385 0.9123 0.4078
vn 0.0385 0.9123 0.4078
vn 0.0385 0.9123 0.4078
vn -0.1751 0.9434 0.2816
vn -0.1751 0.9434 0.2816
vn -0.1751 0.9434 0.2816
vn -0.1325 0.9426 0.3066
vn -0.1325 0.9426 0.3066
vn -0.1325 0.9426 0.3066
vn 0.6356 0.4248 0.6446
vn 0.6356 0.4248 0.6446
vn 0.5874 0.4665 0.6613
vn 0.5874 0.4665 0.6613
vn 0.5960 0.4496 0.6653
vn 0.5960 0.4496 0.6653
vn 0.5960 0.4496 0.6653
vn 0.6148 0.4347 0.6580
vn 0.6148 0.4347 0.6580
vn 0.6158 0.4389 0.6544
vn 0.6158 0.4389 0.6544
vn 0.6158 0.4389 0.6544
vn 0.6309 0.4267 0.6480
vn 0.6309 0.4267 0.6480
vn 0.5436 0.4899 0.6816
vn 0.5436 0.4899 0.6816
vn 0.5436 0.4899 0.6816
vn 0.5474 0.4932 0.6761
vn 0.5474 0.4932 0.6761
vn 0.5565 0.4767 0.6805
vn 0.5565 0.4767 0.6805
vn 0.5574 0.4805 0.6770
vn 0.5687 0.4672 0.6770
vn 0.5675 0.4475 0.6912
vn 0.5675 0.4475 0.6912
vn 0.5518 0.4657 0.6918
vn 0.5518 0.4657 0.6918
vn 0.5518 0.4657 0.6918
vn 0.5643 0.4313 0.7039
vn 0.5643 0.4313 0.7039
vn 0.5643 0.4313 0.7039
vn 0.6039 0.1982 0.7720
vn 0.6039 0.1982 0.7720
vn 0.6039 0.1982 0.7720
vn 0.6284 0.1123 0.7698
vn 0.6284 0.1123 0.7698
vn 0.5937 -0.2783 0.7550
vn 0.5937 -0.2783 0.7550
vn 0.5937 -0.2783 0.7550
vn 0.5936 -0.3126 0.7416
vn 0.5936 -0.3126 0.7416
vn 0.5936 -0.3126 0.7416
vn 0.5429 -0.4906 0.6815
vn 0.5429 -0.4906 0.6815
vn 0.5519 -0.4988 0.6683
vn 0.5470 -0.4899 0.6788
vn 0.5622 -0.4742 0.6775
vn 0.5622 -0.4742 0.6775
vn 0.5643 -0.4780 0.6731
vn 0.5643 -0.4780 0.6731
vn 0.5726 -0.4629 0.6767
vn 0.5726 -0.4629 0.6767
vn 0.5726 -0.4629 0.6767
vn 0.5889 -0.4571 0.6665
vn 0.5909 -0.4536 0.6671
vn 0.5909 -0.4536 0.6671
vn 0.6351 -0.4266 0.6440
vn 0.6351 -0.4266 0.6440
vn 0.6351 -0.4266 0.6440
vn 0.6062 -0.4332 0.6670
vn 0.6062 -0.4332 0.6670
vn 0.6062 -0.4332 0.6670
vn 0.6057 -0.4310 0.6689
vn 0.6057 -0.4310 0.6689
vn 0.6025 -0.4427 0.6641
vn 0.0219 -0.9167 0.3989
vn 0.0219 -0.9167 0.3989
vn 0.0219 -0.9167 0.3989
vn -0.0704 -0.9268 0.3689
vn 0.2373 -0.8292 0.5060
vn 0.2373 -0.8292 0.5060
vn 0.2373 -0.8292 0.5060
vn 0.6258 -0.4412 0.6432
vn 0.6258 -0.4412 0.6432
vn 0.6258 -0.4412 0.6432
vn 0.5874 -0.4946 0.6406
vn 0.5874 -0.4946 0.6406
vn 0.5874 -0.4946 0.6406
vn 0.4926 -0.6209 0.6098
vn 0.4926 -0.6209 0.6098
vn 0.4926 -0.6209 0.6098
vn 0.4614 -0.6489 0.6050
vn 0.4614 -0.6489 0.6050
vn 0.4614 -0.6489 0.6050
vn 0.3046 -0.7798 0.5470
vn 0.3046 -0.7798 0.5470
vn 0.3046 -0.7798 0.5470
vn -0.1537 -0.9442 0.2912
vn -0.1527 -0.9504 0.2711
vn -0.1527 -0.9504 0.2711
vn -0.1527 -0.9504 0.2711
vn -0.0958 -0.9502 0.2964
vn -0.0958 -0.9502 0.2964
vn -0.0958 -0.9502 0.2964
vn -0.0983 -0.9552 0.2792
vn -0.0983 -0.9552 0.2792
vn -0.0983 -0.9552 0.2792
vn -0.8998 0.3457 -0.2662
vn -0.8998 0.3457 -0.2662
vn -0.8998 0.3457 -0.2662
vn -0.9192 0.2838 -0.2728
vn -0.7966 -0.6043 0.0131
vn -0.7966 -0.6043 0.0131
vn -0.7966 -0.6043 0.0131
vn -0.9678 -0.1907 -0.1645
vn -0.9678 -0.1907 -0.1645
vn -0.9678 -0.1907 -0.1645
vn -0.9529 -0.2873 -0.0970
vn -0.9529 -0.2873 -0.0970
vn -0.9529 -0.2873 -0.0970
vn -0.9743 0.0175 -0.2248
vn -0.9743 0.0175 -0.2248
vn -0.9743 0.0175 -0.2248
vn -0.4456 -0.8830 0.1473
vn -0.4456 -0.8830 0.1473
vn -0.4456 -0.8830 0.1473
vn -0.6648 -0.7440 0.0666
vn -0.6648 -0.7440 0.0666
vn -0.6648 -0.7440 0.0666
vn -0.8347 -0.5498 -0.0319
vn -0.8347 -0.5498 -0.0319
vn -0.8347 -0.5498 -0.0319
vn -0.5367 -0.8328 0.1359
vn -0.5367 -0.8328 0.1359
vn -0.5367 -0.8328 0.1359
vn -0.2195 -0.9471 0.2343
vn -0.2195 -0.9471 0.2343
vn -0.2195 -0.9471 0.2343
vn -0.1400 -0.9532 0.2679
vn -0.1400 -0.9532 0.2679
vn -0.1400 -0.9532 0.2679
vn 0.3213 -0.9376 -0.1330
vn 0.3213 -0.9376 -0.1330
vn 0.3213 -0.9376 -0.1330
vn 0.3232 -0.9415 -0.0955
vn 0.3232 -0.9415 -0.0955
vn 0.3232 -0.9415 -0.0955
vn 0.3420 -0.8374 -0.4264
vn 0.3420 -0.8374 -0.4264
vn 0.3420 -0.8374 -0.4264
vn 0.3525 -0.8042 -0.4786
vn 0.3525 -0.8042 -0.4786
vn 0.3525 -0.8042 -0.4786
vn 0.3447 -0.6169 -0.7075
vn 0.3447 -0.6169 -0.7075
vn 0.3447 -0.6169 -0.7075
vn 0.3376 -0.6606 -0.6706
vn 0.3376 -0.6606 -0.6706
vn 0.3376 -0.6606 -0.6706
vn 0.3360 -0.4395 -0.8330
vn 0.3360 -0.4395 -0.8330
vn 0.3360 -0.4395 -0.8330
vn 0.3335 -0.3743 -0.8653
vn 0.3335 -0.3743 -0.8653
vn 0.3335 -0.3743 -0.8653
vn 0.2931 -0.2640 -0.9189
vn 0.2931 -0.2640 -0.9189
vn 0.2234 0.0735 -0.9719
vn 0.2234 0.0735 -0.9719
vn 0.2234 0.0735 -0.9719
vn 0.2241 0.0464 -0.9735
vn 0.2241 0.0464 -0.9735
vn 0.2241 0.0464 -0.9735
vn 0.1221 0.3798 -0.9170
vn 0.1221 0.3798 -0.9170
vn 0.1221 0.3798 -0.9170
vn 0.1247 0.3672 -0.9217
vn 0.2942 -0.9552 0.0318
vn 0.3084 -0.9504 0.0411
vn 0.3101 -0.9506 -0.0118
vn 0.3272 -0.9447 -0.0219
vn 0.3272 -0.9447 -0.0219
vn 0.3272 -0.9447 -0.0219
vn 0.3533 -0.5487 0.7577
vn 0.3533 -0.5487 0.7577
vn 0.3454 -0.6075 0.7153
vn 0.3454 -0.6075 0.7153
vn 0.3454 -0.6075 0.7153
vn 0.3540 -0.7909 0.4992
vn 0.3540 -0.7909 0.4992
vn 0.3540 -0.7909 0.4992
vn 0.3787 -0.9090 0.1741
vn 0.3787 -0.9090 0.1741
vn 0.3787 -0.9090 0.1741
vn 0.3513 -0.8817 0.3149
vn 0.3513 -0.8817 0.3149
vn 0.3513 -0.8817 0.3149
vn 0.3276 -0.9440 -0.0394
vn 0.3276 -0.9440 -0.0394
vn 0.3276 -0.9440 -0.0394
vn 0.3320 -0.9432 0.0137
vn 0.3320 -0.9432 0.0137
vn 0.3320 -0.9432 0.0137
vn 0.3097 -0.4226 0.8518
vn 0.3097 -0.4226 0.8518
vn 0.3097 -0.4226 0.8518
vn 0.3587 -0.4600 0.8123
vn 0.3590 -0.4443 0.8208
vn 0.3441 -0.4297 0.8348
vn 0.3441 -0.4297 0.8348
vn 0.3368 -0.4381 0.8334
vn 0.3368 -0.4381 0.8334
vn 0.3368 -0.4381 0.8334
vn 0.3281 -0.4293 0.8415
vn 0.3281 -0.4293 0.8415
vn 0.3281 -0.4293 0.8415
vn 0.3794 -0.4883 0.7859
vn 0.3794 -0.4883 0.7859
vn 0.3769 -0.4894 0.7864
vn 0.3769 -0.4894 0.7864
vn 0.3771 -0.4747 0.7953
vn 0.3771 -0.4747 0.7953
vn 0.3771 -0.4747 0.7953
vn 0.3774 -0.4744 0.7953
vn 0.3735 -0.4646 0.8029
vn 0.3735 -0.4646 0.8029
vn 0.3874 -0.4443 0.8078
vn 0.4152 0.2769 0.8665
vn 0.4257 0.3600 0.8302
vn 0.4257 0.3600 0.8302
vn 0.4257 0.3600 0.8302
vn 0.4219 0.0192 0.9064
vn 0.4308 -0.0642 0.9002
vn 0.4308 -0.0642 0.9002
vn 0.4308 -0.0642 0.9002
vn 0.4069 -0.3401 0.8478
vn 0.4069 -0.3401 0.8478
vn 0.4069 -0.3401 0.8478
vn 0.4069 -0.3408 0.8475
vn 0.4069 -0.3408 0.8475
vn 0.4069 -0.3408 0.8475
vn 0.3806 0.4854 0.7871
vn 0.3656 0.4962 0.7875
vn 0.3656 0.4962 0.7875
vn 0.3656 0.4962 0.7875
vn 0.3790 0.4892 0.7855
vn 0.3726 0.4720 0.7990
vn 0.3739 0.4725 0.7981
vn 0.3747 0.4566 0.8069
vn 0.3637 0.4533 0.8137
vn 0.3637 0.4533 0.8137
vn 0.3637 0.4533 0.8137
vn 0.3627 0.4475 0.8174
vn 0.3627 0.4475 0.8174
vn 0.3627 0.4475 0.8174
vn 0.3107 0.4252 0.8501
vn 0.3522 0.4330 0.8297
vn 0.3522 0.4330 0.8297
vn 0.3587 0.4259 0.8306
vn 0.3587 0.4259 0.8306
vn 0.3558 0.4381 0.8255
vn 0.3558 0.4381 0.8255
vn 0.3558 0.4381 0.8255
vn 0.3517 0.9162 0.1919
vn 0.3517 0.9162 0.1919
vn 0.3517 0.9162 0.1919
vn 0.3644 0.9263 0.0953
vn 0.3644 0.9263 0.0953
vn 0.3644 0.9263 0.0953
vn 0.3561 0.8288 0.4316
vn 0.3561 0.8288 0.4316
vn 0.3143 0.4414 0.8404
vn 0.3282 0.4932 0.8056
vn 0.3282 0.4932 0.8056
vn 0.3282 0.4932 0.8056
vn 0.3409 0.6202 0.7065
vn 0.3409 0.6202 0.7065
vn 0.3409 0.6202 0.7065
vn 0.3492 0.6460 0.6788
vn 0.3492 0.6460 0.6788
vn 0.3492 0.6460 0.6788
vn 0.3645 0.7780 0.5117
vn 0.3119 0.9499 -0.0209
vn 0.3119 0.9499 -0.0209
vn 0.3119 0.9499 -0.0209
vn 0.3301 0.9438 -0.0129
vn 0.3106 0.9502 0.0258
vn 0.3106 0.9502 0.0258
vn 0.3106 0.9502 0.0258
vn 0.2863 0.9573 0.0400
vn 0.2863 0.9573 0.0400
vn 0.2899 0.9558 0.0494
vn 0.2899 0.9558 0.0494
vn 0.2899 0.9558 0.0494
vn 0.1496 -0.3464 -0.9261
vn 0.1496 -0.3464 -0.9261
vn 0.1496 -0.3464 -0.9261
vn 0.1522 -0.2847 -0.9464
vn 0.1522 -0.2847 -0.9464
vn 0.1522 -0.2847 -0.9464
vn 0.2198 -0.0166 -0.9754
vn 0.2198 -0.0166 -0.9754
vn 0.2198 -0.0166 -0.9754
vn 0.3267 0.2895 -0.8997
vn 0.3267 0.2895 -0.8997
vn 0.3267 0.2895 -0.8997
vn 0.2708 0.1907 -0.9435
vn 0.2708 0.1907 -0.9435
vn 0.2708 0.1907 -0.9435
vn 0.3583 0.6057 -0.7104
vn 0.3473 0.5807 -0.7363
vn 0.3473 0.5807 -0.7363
vn 0.3473 0.5807 -0.7363
vn 0.3383 0.8388 -0.4266
vn 0.3383 0.8388 -0.4266
vn 0.3383 0.8388 -0.4266
vn 0.3466 0.8769 -0.3331
vn 0.3466 0.8769 -0.3331
vn 0.3466 0.8769 -0.3331
vn 0.3075 0.9467 -0.0957
vn 0.3075 0.9467 -0.0957
vn 0.3075 0.9467 -0.0957
vn 0.3043 0.9521 -0.0300
vn 0.3043 0.9521 -0.0300
vn 0.3043 0.9521 -0.0300
vn 0.0817 -0.4805 -0.8732
vn 0.0817 -0.4805 -0.8732
vn 0.0817 -0.4805 -0.8732
vn 0.0590 -0.4772 -0.8768
vn 0.0590 -0.4772 -0.8768
vn 0.0590 -0.4772 -0.8768
vn 0.0697 -0.4905 -0.8687
vn 0.0697 -0.4905 -0.8687
vn 0.0697 -0.4905 -0.8687
vn 0.0719 -0.4852 -0.8714
vn 0.0431 -0.4933 -0.8688
vn 0.0431 -0.4933 -0.8688
vn 0.0433 -0.4903 -0.8705
vn 0.0433 -0.4903 -0.8705
vn 0.0433 -0.4903 -0.8705
vn 0.0452 -0.4885 -0.8714
vn 0.0452 -0.4885 -0.8714
vn 0.0452 -0.4885 -0.8714
vn 0.0453 -0.4964 -0.8669
vn 0.0453 -0.4964 -0.8669
vn 0.0453 -0.4964 -0.8669
vn 0.0127 -0.4749 -0.8800
vn 0.0118 -0.4945 -0.8691
vn -0.0620 -0.4784 -0.8759
vn -0.0620 -0.4784 -0.8759
vn -0.0267 -0.4971 -0.8673
vn -0.0267 -0.4971 -0.8673
vn 0.0029 -0.4798 -0.8774
vn 0.0039 -0.4781 -0.8783
vn -0.0543 -0.1024 -0.9933
vn -0.0543 -0.1024 -0.9933
vn -0.0543 -0.1024 -0.9933
vn -0.0523 -0.1130 -0.9922
vn -0.0523 -0.1130 -0.9922
vn -0.0523 -0.1130 -0.9922
vn -0.0715 -0.3297 -0.9414
vn -0.0621 -0.4338 -0.8989
vn -0.0621 -0.4338 -0.8989
vn -0.0621 -0.4338 -0.8989
vn -0.0624 -0.4614 -0.8850
vn -0.0624 -0.4614 -0.8850
vn -0.0624 -0.4614 -0.8850
vn -0.0694 0.1159 -0.9908
vn -0.0694 0.1159 -0.9908
vn -0.0694 0.1159 -0.9908
vn -0.0517 0.3638 -0.9300
vn -0.0517 0.3638 -0.9300
vn -0.0517 0.3638 -0.9300
vn -0.0651 0.3140 -0.9472
vn -0.0651 0.3140 -0.9472
vn -0.0617 0.5005 -0.8635
vn -0.0617 0.5005 -0.8635
vn -0.0617 0.5005 -0.8635
vn -0.0477 0.4800 -0.8760
vn -0.0477 0.4969 -0.8665
vn -0.0109 0.4796 -0.8774
vn -0.0109 0.4796 -0.8774
vn -0.0109 0.4796 -0.8774
vn 0.0383 0.4812 -0.8758
vn 0.0383 0.4812 -0.8758
vn 0.0383 0.4812 -0.8758
vn -0.0068 0.4902 -0.8716
vn -0.0086 0.4957 -0.8685
vn -0.0086 0.4957 -0.8685
vn -0.0086 0.4957 -0.8685
vn 0.0818 0.4808 -0.8730
vn 0.0818 0.4808 -0.8730
vn 0.0818 0.4808 -0.8730
vn 0.0507 0.4864 -0.8723
vn 0.0405 0.4756 -0.8787
vn 0.0405 0.4756 -0.8787
vn 0.0405 0.4756 -0.8787
vn 0.0409 0.4788 -0.8769
vn 0.0409 0.4788 -0.8769
vn 0.0409 0.4788 -0.8769
vn 0.8707 0.4476 -0.2039
vn 0.8707 0.4476 -0.2039
vn 0.8707 0.4476 -0.2039
vn 0.8759 0.4355 -0.2078
vn 0.8759 0.4355 -0.2078
vn 0.8759 0.4355 -0.2078
vn 0.9082 0.3347 -0.2513
vn 0.9082 0.3347 -0.2513
vn 0.9082 0.3347 -0.2513
vn 0.9122 0.3192 -0.2569
vn 0.9122 0.3192 -0.2569
vn 0.9122 0.3192 -0.2569
vn 0.9353 0.0774 -0.3453
vn 0.9353 0.0774 -0.3453
vn 0.9353 0.0774 -0.3453
vn 0.9329 0.1084 -0.3435
vn 0.9329 0.1084 -0.3435
vn 0.9329 0.1084 -0.3435
vn 0.9180 -0.0967 -0.3845
vn 0.9180 -0.0967 -0.3845
vn 0.9180 -0.0967 -0.3845
vn 0.8721 -0.2688 -0.4089
vn 0.8721 -0.2688 -0.4089
vn 0.7877 -0.4234 -0.4475
vn 0.7877 -0.4234 -0.4475
vn 0.8198 -0.3735 -0.4340
vn 0.8198 -0.3735 -0.4340
vn 0.8198 -0.3735 -0.4340
vn 0.7544 -0.4937 -0.4326
vn 0.7544 -0.4937 -0.4326
vn 0.7544 -0.4937 -0.4326
vn 0.6093 -0.6698 -0.4245
vn 0.6093 -0.6698 -0.4245
vn 0.6093 -0.6698 -0.4245
vn 0.6422 -0.6317 -0.4341
vn 0.6422 -0.6317 -0.4341
vn 0.6422 -0.6317 -0.4341
vn 0.4178 -0.8167 -0.3981
vn 0.4178 -0.8167 -0.3981
vn 0.4178 -0.8167 -0.3981
vn 0.4591 -0.7861 -0.4138
vn 0.4591 -0.7861 -0.4138
vn 0.4591 -0.7861 -0.4138
vn 0.2762 -0.8911 -0.3602
vn 0.0231 -0.9553 -0.2949
vn 0.0231 -0.9553 -0.2949
vn 0.0231 -0.9553 -0.2949
vn 0.1076 -0.9463 -0.3049
vn 0.1076 -0.9463 -0.3049
vn 0.1076 -0.9463 -0.3049
vn -0.1088 -0.9686 -0.2236
vn -0.1088 -0.9686 -0.2236
vn -0.1088 -0.9686 -0.2236
vn -0.0805 -0.9776 -0.1945
vn -0.0805 -0.9776 -0.1945
vn -0.0805 -0.9776 -0.1945
vn -0.1022 -0.9710 -0.2161
vn -0.1022 -0.9710 -0.2161
vn -0.1022 -0.9710 -0.2161
vn -0.1166 -0.9712 -0.2078
vn -0.1166 -0.9712 -0.2078
vn -0.1166 -0.9712 -0.2078
vn -0.1144 -0.9716 -0.2073
vn -0.1144 -0.9716 -0.2073
vn -0.1235 -0.9716 -0.2019
vn -0.1235 -0.9716 -0.2019
vn -0.1235 -0.9716 -0.2019
vn -0.1233 -0.9731 -0.1947
vn -0.1233 -0.9731 -0.1947
vn -0.1233 -0.9731 -0.1947
vn -0.1330 -0.9715 -0.1963
vn -0.1330 -0.9715 -0.1963
vn -0.1330 -0.9715 -0.1963
vn -0.1358 -0.9715 -0.1941
vn -0.1358 -0.9715 -0.1941
vn -0.1358 -0.9715 -0.1941
vn -0.1453 -0.9707 -0.1916
vn -0.1453 -0.9707 -0.1916
vn -0.1453 -0.9707 -0.1916
vn -0.1444 -0.9722 -0.1842
vn -0.1444 -0.9722 -0.1842
vn -0.1444 -0.9722 -0.1842
vn -0.1618 -0.9687 -0.1885
vn -0.1618 -0.9687 -0.1885
vn -0.1618 -0.9687 -0.1885
vn -0.6465 -0.6450 0.4073
vn -0.6465 -0.6450 0.4073
vn -0.6465 -0.6450 0.4073
vn -0.7593 -0.2668 0.5935
vn -0.7593 -0.2668 0.5935
vn -0.7593 -0.2668 0.5935
vn -0.7502 -0.3106 0.5837
vn -0.7349 -0.0461 0.6766
vn -0.7349 -0.0461 0.6766
vn -0.7349 -0.0461 0.6766
vn -0.7035 0.1446 0.6959
vn -0.7035 0.1446 0.6959
vn -0.7035 0.1446 0.6959
vn -0.6204 0.3027 0.7235
vn -0.6204 0.3027 0.7235
vn -0.6204 0.3027 0.7235
vn -0.5603 0.4471 0.6972
vn -0.4671 -0.8786 0.0996
vn -0.4671 -0.8786 0.0996
vn -0.4671 -0.8786 0.0996
vn -0.6103 -0.7324 0.3019
vn -0.6104 -0.7324 0.3018
vn -0.6103 -0.7324 0.3019
vn -0.7047 -0.5416 0.4583
vn -0.7047 -0.5416 0.4583
vn -0.5409 -0.7980 0.2656
vn -0.5409 -0.7980 0.2656
vn -0.3723 -0.9281 -0.0060
vn -0.3723 -0.9281 -0.0060
vn -0.3723 -0.9281 -0.0060
vn -0.2324 -0.9652 -0.1200
vn -0.2324 -0.9652 -0.1200
vn -0.2324 -0.9652 -0.1200
vn -0.1659 -0.9687 -0.1846
vn -0.1659 -0.9687 -0.1846
vn -0.1659 -0.9687 -0.1846
vn -0.5263 0.5027 0.6858
vn -0.5263 0.5027 0.6858
vn -0.5263 0.5027 0.6858
vn -0.5703 0.4953 0.6553
vn -0.5703 0.4953 0.6553
vn -0.5703 0.4953 0.6553
vn -0.5401 0.4976 0.6787
vn -0.5234 0.5095 0.6830
vn -0.6288 0.4709 0.6188
vn -0.6288 0.4709 0.6188
vn -0.6288 0.4709 0.6188
vn -0.5909 0.4690 0.6564
vn -0.5909 0.4690 0.6564
vn -0.5909 0.4690 0.6564
vn -0.5692 0.4856 0.6635
vn -0.5692 0.4856 0.6635
vn -0.1692 0.9674 -0.1884
vn -0.1692 0.9674 -0.1884
vn -0.1692 0.9674 -0.1884
vn -0.1564 0.9678 -0.1974
vn -0.1564 0.9678 -0.1974
vn -0.1564 0.9678 -0.1974
vn -0.1538 0.9697 -0.1897
vn -0.1538 0.9697 -0.1897
vn -0.1397 0.9700 -0.1990
vn -0.1397 0.9700 -0.1990
vn -0.1391 0.9697 -0.2007
vn -0.1391 0.9697 -0.2007
vn -0.1391 0.9697 -0.2007
vn -0.1211 0.9723 -0.1999
vn -0.1211 0.9723 -0.1999
vn -0.1211 0.9723 -0.1999
vn -0.1121 0.9672 -0.2280
vn -0.1286 0.9701 -0.2060
vn -0.1187 0.9703 -0.2107
vn -0.1187 0.9703 -0.2107
vn -0.1187 0.9703 -0.2107
vn -0.1152 0.9698 -0.2151
vn -0.0977 0.9723 -0.2124
vn 0.8720 -0.4466 -0.2005
vn 0.8720 -0.4466 -0.2005
vn 0.8720 -0.4466 -0.2005
vn 0.9248 -0.2884 -0.2481
vn 0.9248 -0.2884 -0.2481
vn 0.9248 -0.2884 -0.2481
vn 0.9339 -0.1432 -0.3277
vn 0.9339 -0.1432 -0.3277
vn 0.9339 -0.1432 -0.3277
vn 0.9324 0.0229 -0.3608
vn 0.9324 0.0229 -0.3608
vn 0.9324 0.0229 -0.3608
vn 0.8516 0.3115 -0.4217
vn 0.8516 0.3115 -0.4217
vn 0.8516 0.3115 -0.4217
vn 0.8684 0.2525 -0.4267
vn 0.8684 0.2525 -0.4267
vn 0.6425 0.6445 -0.4144
vn 0.6425 0.6445 -0.4144
vn 0.6425 0.6445 -0.4144
vn 0.6796 0.5949 -0.4292
vn 0.4587 0.7891 -0.4084
vn 0.4587 0.7891 -0.4084
vn 0.4587 0.7891 -0.4084
vn 0.2990 0.8853 -0.3562
vn 0.2990 0.8853 -0.3562
vn 0.2990 0.8853 -0.3562
vn -0.0964 0.9674 -0.2342
vn -0.0964 0.9674 -0.2342
vn -0.0964 0.9674 -0.2342
vn -0.0152 0.9644 -0.2642
vn -0.0152 0.9644 -0.2642
vn -0.0152 0.9644 -0.2642
vn 0.0818 0.9478 -0.3082
vn 0.0818 0.9478 -0.3082
vn 0.0818 0.9478 -0.3082
vn 0.3128 0.8800 -0.3575
vn 0.3128 0.8800 -0.3575
vn 0.3128 0.8800 -0.3575
vn 0.8476 -0.5010 -0.1749
vn 0.8476 -0.5010 -0.1749
vn 0.8476 -0.5010 -0.1749
vn 0.8376 -0.4950 -0.2311
vn 0.8376 -0.4950 -0.2311
vn 0.8461 -0.4966 -0.1937
vn 0.8461 -0.4966 -0.1937
vn 0.8461 -0.4966 -0.1937
vn 0.8438 -0.5081 -0.1727
vn 0.8438 -0.5081 -0.1727
vn 0.8438 -0.5081 -0.1727
vn 0.8270 -0.4726 -0.3045
vn 0.8270 -0.4726 -0.3045
vn 0.8270 -0.4726 -0.3045
vn 0.8463 -0.4691 -0.2525
vn 0.8463 -0.4691 -0.2525
vn 0.8448 -0.4847 -0.2268
vn 0.2871 0.4866 0.8251
vn 0.2871 0.4866 0.8251
vn 0.2871 0.4866 0.8251
vn 0.4377 0.2902 0.8510
vn 0.4377 0.2902 0.8510
vn 0.4377 0.2902 0.8510
vn 0.4691 0.2302 0.8526
vn 0.4691 0.2302 0.8526
vn 0.4691 0.2302 0.8526
vn 0.5796 0.0231 0.8146
vn 0.5796 0.0231 0.8146
vn 0.5796 0.0231 0.8146
vn 0.5937 0.0011 0.8047
vn 0.5937 0.0011 0.8047
vn 0.5937 0.0011 0.8047
vn 0.6631 -0.3501 0.6616
vn 0.6631 -0.3501 0.6616
vn 0.6631 -0.3501 0.6616
vn 0.6587 -0.3397 0.6713
vn 0.6587 -0.3397 0.6713
vn 0.6587 -0.3397 0.6713
vn 0.6741 -0.5107 0.5337
vn 0.6741 -0.5107 0.5337
vn 0.6741 -0.5107 0.5337
vn 0.6438 -0.6680 0.3731
vn 0.6438 -0.6680 0.3731
vn 0.6438 -0.6680 0.3731
vn 0.6425 -0.6367 0.4264
vn 0.6425 -0.6367 0.4264
vn 0.6425 -0.6367 0.4264
vn 0.5591 -0.8262 0.0695
vn 0.5591 -0.8262 0.0695
vn 0.5591 -0.8262 0.0695
vn 0.5936 -0.7673 0.2426
vn 0.5936 -0.7673 0.2426
vn 0.5936 -0.7673 0.2426
vn 0.4295 -0.8920 -0.1413
vn 0.4295 -0.8920 -0.1413
vn 0.4601 -0.8863 -0.0529
vn 0.4601 -0.8863 -0.0529
vn 0.4601 -0.8863 -0.0529
vn 0.2939 -0.9079 -0.2990
vn 0.2939 -0.9079 -0.2990
vn 0.3291 -0.8969 -0.2954
vn 0.3291 -0.8969 -0.2954
vn 0.3005 -0.9095 -0.2871
vn 0.3004 -0.9095 -0.2871
vn 0.3294 -0.9081 -0.2586
vn 0.3294 -0.9081 -0.2586
vn 0.3294 -0.9081 -0.2586
vn 0.3270 -0.9105 -0.2533
vn -0.5027 -0.4920 -0.7108
vn -0.5027 -0.4920 -0.7108
vn -0.5027 -0.4920 -0.7108
vn -0.4231 -0.5549 -0.7163
vn -0.4231 -0.5549 -0.7163
vn -0.2795 -0.6795 -0.6784
vn -0.0658 -0.8231 -0.5641
vn -0.0658 -0.8231 -0.5641
vn -0.0658 -0.8231 -0.5641
vn -0.0679 -0.8217 -0.5659
vn -0.0679 -0.8217 -0.5659
vn 0.1831 -0.8981 -0.3999
vn 0.1831 -0.8981 -0.3999
vn 0.1831 -0.8981 -0.3999
vn 0.2033 -0.9025 -0.3796
vn 0.2033 -0.9025 -0.3796
vn 0.1431 -0.9170 -0.3723
vn 0.0602 -0.9353 -0.3488
vn 0.0876 -0.9253 -0.3690
vn 0.0876 -0.9253 -0.3690
vn 0.0876 -0.9253 -0.3690
vn 0.0924 -0.9274 -0.3625
vn 0.0924 -0.9274 -0.3625
vn 0.0924 -0.9274 -0.3625
vn 0.1246 -0.9275 -0.3523
vn 0.1246 -0.9275 -0.3523
vn 0.1246 -0.9275 -0.3523
vn 0.1473 -0.9343 -0.3247
vn -0.6882 -0.6437 -0.3347
vn -0.6882 -0.6437 -0.3347
vn -0.6882 -0.6437 -0.3347
vn -0.7346 -0.6057 -0.3057
vn -0.7346 -0.6057 -0.3057
vn -0.7346 -0.6057 -0.3057
vn -0.4608 -0.7988 -0.3867
vn -0.3720 -0.8466 -0.3807
vn -0.3720 -0.8466 -0.3807
vn -0.3720 -0.8466 -0.3807
vn -0.1454 -0.9156 -0.3748
vn -0.1454 -0.9156 -0.3748
vn -0.1454 -0.9156 -0.3748
vn -0.1144 -0.9195 -0.3761
vn -0.1144 -0.9195 -0.3761
vn -0.1144 -0.9195 -0.3761
vn 0.0085 -0.9343 -0.3563
vn 0.0085 -0.9343 -0.3563
vn 0.0085 -0.9343 -0.3563
vn 0.2418 -0.4532 -0.8580
vn 0.2418 -0.4532 -0.8580
vn 0.2418 -0.4532 -0.8580
vn 0.2700 -0.4886 -0.8297
vn 0.2129 -0.4764 -0.8530
vn 0.2129 -0.4764 -0.8530
vn 0.0898 -0.4925 -0.8657
vn 0.0898 -0.4925 -0.8657
vn 0.0898 -0.4925 -0.8657
vn 0.0923 -0.4900 -0.8668
vn 0.0923 -0.4900 -0.8668
vn 0.0923 -0.4900 -0.8668
vn 0.1145 -0.4761 -0.8719
vn 0.1188 -0.4902 -0.8635
vn 0.1561 -0.4746 -0.8662
vn 0.1566 -0.4818 -0.8622
vn 0.1566 -0.4818 -0.8622
vn 0.1566 -0.4818 -0.8622
vn 0.1849 -0.4772 -0.8591
vn 0.1849 -0.4772 -0.8591
vn 0.1849 -0.4772 -0.8591
vn -0.2942 -0.9258 -0.2372
vn -0.2942 -0.9258 -0.2372
vn -0.2942 -0.9258 -0.2372
vn -0.2926 -0.9242 -0.2456
vn -0.2926 -0.9242 -0.2456
vn -0.2926 -0.9242 -0.2456
vn -0.1567 -0.8211 -0.5488
vn -0.1567 -0.8211 -0.5488
vn -0.1567 -0.8211 -0.5488
vn -0.2193 -0.8540 -0.4718
vn -0.2193 -0.8540 -0.4718
vn -0.2193 -0.8540 -0.4718
vn -0.0262 -0.6872 -0.7260
vn -0.0262 -0.6872 -0.7260
vn -0.0262 -0.6872 -0.7260
vn 0.0066 -0.6138 -0.7894
vn 0.0066 -0.6138 -0.7894
vn 0.0066 -0.6138 -0.7894
vn 0.0824 -0.5054 -0.8590
vn 0.0824 -0.5054 -0.8590
vn 0.0824 -0.5054 -0.8590
vn -0.3464 -0.9343 -0.0845
vn -0.3464 -0.9343 -0.0845
vn -0.3464 -0.9343 -0.0845
vn -0.3434 -0.9353 -0.0852
vn -0.3434 -0.9353 -0.0852
vn -0.3434 -0.9353 -0.0852
vn -0.3990 -0.9169 -0.0114
vn -0.3990 -0.9169 -0.0114
vn -0.3990 -0.9169 -0.0114
vn -0.3916 -0.9201 0.0042
vn -0.3916 -0.9201 0.0042
vn -0.3916 -0.9201 0.0042
vn -0.3836 -0.9227 -0.0386
vn -0.3836 -0.9227 -0.0386
vn -0.3836 -0.9227 -0.0386
vn -0.3727 -0.9275 -0.0286
vn -0.3727 -0.9275 -0.0286
vn -0.3727 -0.9275 -0.0286
vn -0.3685 -0.9277 -0.0591
vn -0.3685 -0.9277 -0.0591
vn -0.3685 -0.9277 -0.0591
vn -0.3924 -0.9113 0.1245
vn -0.3924 -0.9113 0.1245
vn -0.3924 -0.9113 0.1245
vn -0.3933 -0.9019 0.1785
vn -0.3933 -0.9019 0.1785
vn -0.3933 -0.9019 0.1785
vn -0.3408 -0.8373 0.4275
vn -0.3408 -0.8373 0.4275
vn -0.3408 -0.8373 0.4275
vn -0.3408 -0.8373 0.4275
vn -0.3408 -0.8373 0.4275
vn -0.3408 -0.8373 0.4275
vn -0.3079 -0.7489 0.5868
vn -0.3079 -0.7489 0.5868
vn -0.3079 -0.7489 0.5868
vn -0.1983 -0.5604 0.8041
vn -0.1983 -0.5604 0.8041
vn -0.1983 -0.5604 0.8041
vn -0.2096 -0.6217 0.7547
vn -0.2096 -0.6217 0.7547
vn -0.2096 -0.6217 0.7547
vn -0.0812 -0.2964 0.9516
vn -0.0812 -0.2964 0.9516
vn -0.0812 -0.2964 0.9516
vn -0.0870 -0.3253 0.9416
vn -0.0870 -0.3253 0.9416
vn -0.0870 -0.3253 0.9416
vn 0.0308 -0.0980 0.9947
vn 0.0308 -0.0980 0.9947
vn 0.0308 -0.0980 0.9947
vn 0.0906 0.0706 0.9934
vn 0.0906 0.0706 0.9934
vn 0.0906 0.0706 0.9934
vn 0.1850 0.2060 0.9609
vn 0.1850 0.2060 0.9609
vn 0.1850 0.2060 0.9609
vn 0.2298 0.3511 0.9077
vn 0.2298 0.3511 0.9077
vn 0.2298 0.3511 0.9077
vn 0.2538 0.4082 0.8769
vn 0.1933 0.4045 0.8939
vn 0.1933 0.4045 0.8939
vn 0.1933 0.4045 0.8939
vn 0.1806 0.4351 0.8821
vn 0.1806 0.4351 0.8821
vn 0.1806 0.4351 0.8821
vn 0.0669 0.4226 0.9038
vn 0.0669 0.4226 0.9038
vn 0.0669 0.4226 0.9038
vn 0.1534 0.4030 0.9023
vn 0.1534 0.4030 0.9023
vn 0.1534 0.4030 0.9023
vn 0.1853 0.4175 0.8896
vn 0.1853 0.4175 0.8896
vn -0.4276 -0.3784 -0.8209
vn -0.4276 -0.3784 -0.8209
vn -0.4276 -0.3784 -0.8209
vn -0.4255 -0.3754 -0.8234
vn -0.4255 -0.3754 -0.8234
vn -0.4255 -0.3754 -0.8234
vn -0.4151 -0.3672 -0.8324
vn -0.4151 -0.3672 -0.8324
vn -0.4151 -0.3672 -0.8324
vn -0.3624 -0.3715 -0.8548
vn -0.3624 -0.3715 -0.8548
vn -0.3624 -0.3715 -0.8548
vn -0.3621 -0.3695 -0.8558
vn -0.3621 -0.3695 -0.8558
vn -0.2888 -0.3676 -0.8840
vn -0.2888 -0.3676 -0.8840
vn -0.2888 -0.3676 -0.8840
vn -0.2420 -0.4155 -0.8768
vn -0.2420 -0.4155 -0.8768
vn -0.2420 -0.4155 -0.8768
vn -0.2577 -0.3538 -0.8991
vn -0.2577 -0.3538 -0.8991
vn -0.2577 -0.3538 -0.8991
vn -0.4320 -0.9017 0.0194
vn -0.4320 -0.9017 0.0194
vn -0.4320 -0.9017 0.0194
vn -0.4428 -0.8966 -0.0083
vn -0.4428 -0.8966 -0.0083
vn -0.4428 -0.8966 -0.0083
vn -0.4927 -0.8160 -0.3023
vn -0.4927 -0.8160 -0.3023
vn -0.4927 -0.8160 -0.3023
vn -0.4945 -0.8396 -0.2247
vn -0.4945 -0.8396 -0.2247
vn -0.4945 -0.8396 -0.2247
vn -0.4970 -0.6738 -0.5468
vn -0.4970 -0.6738 -0.5468
vn -0.4970 -0.6738 -0.5468
vn -0.4925 -0.6631 -0.5637
vn -0.4925 -0.6631 -0.5637
vn -0.4925 -0.6631 -0.5637
vn -0.4604 -0.4731 -0.7511
vn -0.4604 -0.4731 -0.7511
vn -0.4604 -0.4731 -0.7511
vn -0.4450 -0.4372 -0.7816
vn -0.4450 -0.4372 -0.7816
vn -0.4450 -0.4372 -0.7816
vn -0.3696 -0.9105 0.1856
vn -0.3755 -0.9081 0.1852
vn -0.3755 -0.9081 0.1852
vn -0.3755 -0.9081 0.1852
vn -0.3846 -0.9092 0.1593
vn -0.3846 -0.9092 0.1593
vn -0.3846 -0.9092 0.1593
vn -0.4021 -0.9029 0.1520
vn -0.4021 -0.9029 0.1520
vn -0.4021 -0.9029 0.1520
vn -0.3963 -0.9080 0.1360
vn -0.3963 -0.9080 0.1360
vn -0.3963 -0.9080 0.1360
vn 0.5795 0.2502 0.7756
vn 0.5795 0.2502 0.7756
vn 0.5795 0.2502 0.7756
vn 0.5847 0.2847 0.7597
vn 0.5847 0.2847 0.7597
vn 0.5847 0.2847 0.7597
vn 0.4802 0.0162 0.8770
vn 0.4802 0.0162 0.8770
vn 0.4802 0.0162 0.8770
vn 0.4699 0.0004 0.8827
vn 0.4699 0.0004 0.8827
vn 0.4699 0.0004 0.8827
vn 0.4069 -0.1665 0.8982
vn 0.4069 -0.1665 0.8982
vn 0.4069 -0.1665 0.8982
vn 0.2798 -0.3755 0.8836
vn 0.2798 -0.3755 0.8836
vn 0.2798 -0.3755 0.8836
vn 0.2848 -0.3610 0.8880
vn 0.2848 -0.3610 0.8880
vn 0.0957 -0.6465 0.7569
vn 0.1013 -0.6358 0.7652
vn 0.1013 -0.6358 0.7652
vn 0.1013 -0.6358 0.7652
vn -0.0512 -0.7603 0.6476
vn -0.0512 -0.7603 0.6476
vn -0.0512 -0.7603 0.6476
vn -0.1600 -0.8431 0.5134
vn -0.1600 -0.8431 0.5134
vn -0.1600 -0.8431 0.5134
vn -0.3139 -0.8866 0.3397
vn -0.3139 -0.8866 0.3397
vn -0.3139 -0.8866 0.3397
vn -0.2421 -0.8784 0.4121
vn -0.2421 -0.8784 0.4121
vn -0.2421 -0.8784 0.4121
vn -0.3476 -0.9101 0.2257
vn -0.3476 -0.9101 0.2257
vn -0.3476 -0.9101 0.2257
vn 0.5189 0.3358 0.7861
vn 0.5679 0.3233 0.7570
vn 0.5791 0.3454 0.7385
vn 0.5740 0.3468 0.7418
vn 0.5740 0.3468 0.7418
vn 0.5740 0.3468 0.7418
vn 0.5990 0.3510 0.7197
vn -0.6148 -0.3378 -0.7126
vn -0.6148 -0.3378 -0.7126
vn -0.5796 -0.3441 -0.7387
vn -0.5796 -0.3441 -0.7387
vn -0.5677 -0.3502 -0.7450
vn -0.5677 -0.3502 -0.7450
vn -0.5677 -0.3502 -0.7450
vn -0.6049 -0.3045 -0.7358
vn -0.6049 -0.3045 -0.7358
vn -0.6049 -0.3045 -0.7358
vn -0.4673 0.0838 -0.8801
vn -0.4666 0.0827 -0.8806
vn -0.4668 0.0825 -0.8805
vn -0.4668 0.0825 -0.8805
vn -0.4668 0.0825 -0.8805
vn -0.4777 0.0786 -0.8750
vn -0.4777 0.0786 -0.8750
vn -0.4777 0.0786 -0.8750
vn -0.4692 0.0674 -0.8805
vn -0.4713 0.0754 -0.8788
vn -0.4713 0.0754 -0.8788
vn -0.4713 0.0754 -0.8788
vn -0.4696 0.0829 -0.8790
vn -0.4696 0.0829 -0.8790
vn -0.4696 0.0829 -0.8790
vn -0.4693 0.0798 -0.8794
vn -0.4693 0.0798 -0.8794
vn -0.4685 0.0817 -0.8797
vn -0.4685 0.0817 -0.8797
vn -0.4685 0.0817 -0.8797
vn 0.2830 0.9461 -0.1572
vn 0.2830 0.9461 -0.1572
vn 0.2825 0.9463 -0.1569
vn 0.2887 0.9456 -0.1501
vn 0.2887 0.9456 -0.1501
vn 0.2887 0.9456 -0.1501
vn 0.2942 0.9455 -0.1394
vn 0.2996 0.9438 -0.1395
vn 0.2996 0.9438 -0.1395
vn -0.4105 -0.2059 -0.8883
vn -0.4105 -0.2059 -0.8883
vn -0.4105 -0.2059 -0.8883
vn -0.4049 -0.2724 -0.8728
vn -0.4049 -0.2724 -0.8728
vn -0.4049 -0.2724 -0.8728
vn -0.3555 0.0721 -0.9319
vn -0.3555 0.0721 -0.9319
vn -0.3555 0.0721 -0.9319
vn -0.3109 0.1654 -0.9359
vn -0.3109 0.1654 -0.9359
vn -0.3109 0.1654 -0.9359
vn -0.2149 0.3977 -0.8920
vn -0.2149 0.3977 -0.8920
vn -0.2149 0.3977 -0.8920
vn -0.2306 0.3774 -0.8969
vn -0.2306 0.3774 -0.8969
vn -0.2306 0.3774 -0.8969
vn -0.0252 0.6772 -0.7354
vn -0.0252 0.6772 -0.7354
vn -0.0252 0.6772 -0.7354
vn -0.0721 0.6410 -0.7641
vn -0.0721 0.6410 -0.7641
vn -0.0721 0.6410 -0.7641
vn 0.0902 0.8424 -0.5312
vn 0.0902 0.8424 -0.5312
vn 0.0902 0.8424 -0.5312
vn 0.1842 0.8961 -0.4039
vn 0.1842 0.8961 -0.4039
vn 0.2249 0.9313 -0.2865
vn 0.2249 0.9313 -0.2865
vn 0.2899 0.9432 -0.1623
vn 0.2899 0.9432 -0.1623
vn -0.4390 -0.4289 -0.7895
vn -0.4390 -0.4289 -0.7895
vn -0.4390 -0.4289 -0.7895
vn -0.4465 -0.4195 -0.7903
vn -0.4465 -0.4195 -0.7903
vn -0.4408 -0.4063 -0.8004
vn -0.4408 -0.4063 -0.8004
vn -0.4408 -0.4063 -0.8004
vn -0.4590 -0.4495 -0.7664
vn -0.4590 -0.4495 -0.7664
vn -0.4590 -0.4495 -0.7664
vn -0.4376 -0.4607 -0.7722
vn -0.4462 -0.4382 -0.7803
vn -0.4314 -0.4960 -0.7536
vn -0.4314 -0.4960 -0.7536
vn -0.4314 -0.4960 -0.7536
vn -0.4540 -0.4857 -0.7470
vn -0.4540 -0.4857 -0.7470
vn -0.4540 -0.4857 -0.7470
vn -0.4468 -0.4814 -0.7541
vn -0.4468 -0.4814 -0.7541
vn -0.4434 -0.4710 -0.7626
vn -0.4434 -0.4710 -0.7626
vn -0.4434 -0.4710 -0.7626
vn -0.4743 0.2837 -0.8334
vn -0.4743 0.2837 -0.8334
vn -0.4683 -0.3169 -0.8248
vn -0.4683 -0.3169 -0.8248
vn -0.4683 -0.3169 -0.8248
vn -0.4920 -0.0590 -0.8686
vn -0.4920 -0.0590 -0.8686
vn -0.4920 -0.0590 -0.8686
vn -0.4836 0.0223 -0.8750
vn -0.4836 0.0223 -0.8750
vn -0.4836 0.0223 -0.8750
vn -0.4813 0.3609 -0.7988
vn -0.4813 0.3609 -0.7988
vn -0.4813 0.3609 -0.7988
vn -0.4294 -0.5028 -0.7502
vn -0.4294 -0.5028 -0.7502
vn -0.4294 -0.5028 -0.7502
vn -0.4399 -0.4662 -0.7675
vn -0.4399 -0.4662 -0.7675
vn -0.4399 -0.4662 -0.7675
vn -0.4680 -0.3000 -0.8312
vn -0.4680 -0.3000 -0.8312
vn -0.4680 -0.3000 -0.8312
vn -0.4319 0.4948 -0.7540
vn -0.4319 0.4948 -0.7540
vn -0.4319 0.4948 -0.7540
vn -0.4390 0.5007 -0.7460
vn -0.4390 0.5007 -0.7460
vn -0.4338 0.4888 -0.7569
vn -0.4356 0.4903 -0.7549
vn -0.4544 0.4694 -0.7571
vn -0.4544 0.4694 -0.7571
vn -0.4544 0.4694 -0.7571
vn -0.4429 0.4669 -0.7654
vn -0.4429 0.4669 -0.7654
vn -0.4429 0.4669 -0.7654
vn -0.4430 0.4825 -0.7556
vn -0.4430 0.4825 -0.7556
vn -0.4423 0.4231 -0.7908
vn -0.4423 0.4231 -0.7908
vn -0.4423 0.4231 -0.7908
vn -0.4618 0.4278 -0.7770
vn -0.4618 0.4278 -0.7770
vn -0.4618 0.4278 -0.7770
vn -0.4487 0.4414 -0.7770
vn -0.4487 0.4414 -0.7770
vn -0.4441 0.4543 -0.7723
vn -0.4441 0.4543 -0.7723
vn -0.4441 0.4543 -0.7723
vn 0.2505 -0.9364 -0.2457
vn 0.2505 -0.9364 -0.2457
vn 0.2505 -0.9364 -0.2457
vn 0.2331 -0.9339 -0.2713
vn 0.2331 -0.9339 -0.2713
vn 0.2331 -0.9339 -0.2713
vn 0.0754 -0.8224 -0.5639
vn 0.0754 -0.8224 -0.5639
vn 0.0754 -0.8224 -0.5639
vn 0.1083 -0.8832 -0.4564
vn 0.1083 -0.8832 -0.4564
vn 0.1083 -0.8832 -0.4564
vn -0.0637 -0.6170 -0.7844
vn -0.0637 -0.6170 -0.7844
vn -0.0637 -0.6170 -0.7844
vn -0.0452 -0.6928 -0.7197
vn -0.0452 -0.6928 -0.7197
vn -0.0452 -0.6928 -0.7197
vn -0.2283 -0.3395 -0.9125
vn -0.2283 -0.3395 -0.9125
vn -0.2283 -0.3395 -0.9125
vn -0.2271 -0.3468 -0.9100
vn -0.2271 -0.3468 -0.9100
vn -0.2271 -0.3468 -0.9100
vn -0.3732 -0.0081 -0.9277
vn -0.3732 -0.0081 -0.9277
vn -0.3732 -0.0081 -0.9277
vn -0.3862 0.1351 -0.9125
vn -0.3862 0.1351 -0.9125
vn -0.3862 0.1351 -0.9125
vn -0.4342 0.3036 -0.8481
vn -0.4342 0.3036 -0.8481
vn -0.4342 0.3036 -0.8481
vn -0.4426 0.4257 -0.7892
vn -0.4426 0.4257 -0.7892
vn -0.4426 0.4257 -0.7892
vn 0.2972 -0.9444 -0.1407
vn 0.2938 -0.9461 -0.1367
vn 0.2938 -0.9461 -0.1367
vn 0.2831 -0.9461 -0.1571
vn 0.2831 -0.9461 -0.1571
vn 0.2831 -0.9461 -0.1571
vn 0.2819 -0.9468 -0.1554
vn -0.4681 -0.0811 -0.8799
vn -0.4681 -0.0811 -0.8799
vn -0.4681 -0.0811 -0.8799
vn -0.4801 -0.0720 -0.8742
vn -0.4801 -0.0720 -0.8742
vn -0.4801 -0.0720 -0.8742
vn -0.4708 -0.0758 -0.8790
vn -0.4708 -0.0758 -0.8790
vn -0.4708 -0.0758 -0.8790
vn -0.4679 -0.0816 -0.8800
vn -0.4679 -0.0816 -0.8800
vn -0.4679 -0.0816 -0.8800
vn -0.4696 -0.0796 -0.8793
vn -0.4696 -0.0796 -0.8793
vn -0.4696 -0.0796 -0.8793
vn -0.4709 -0.0752 -0.8790
vn -0.4667 -0.0827 -0.8805
vn -0.4667 -0.0827 -0.8805
vn -0.4667 -0.0827 -0.8805
vn -0.4669 -0.0828 -0.8804
vn -0.4669 -0.0828 -0.8804
vn -0.4670 -0.0826 -0.8804
vn -0.4670 -0.0826 -0.8804
vn -0.4670 -0.0826 -0.8804
vn -0.4037 0.9044 0.1382
vn -0.4037 0.9044 0.1382
vn -0.4037 0.9044 0.1382
vn -0.4152 0.8933 0.1718
vn -0.3960 0.9060 0.1497
vn -0.3825 0.9045 0.1887
vn -0.3770 0.9068 0.1888
vn -0.3770 0.9068 0.1888
vn -0.3770 0.9068 0.1888
vn -0.4501 0.4862 -0.7490
vn -0.4501 0.4862 -0.7490
vn -0.4672 0.5141 -0.7193
vn -0.5127 0.6742 -0.5317
vn -0.4969 0.8167 -0.2934
vn -0.4969 0.8167 -0.2934
vn -0.4969 0.8167 -0.2934
vn -0.4999 0.8113 -0.3032
vn -0.4495 0.8933 -0.0031
vn -0.4495 0.8933 -0.0031
vn -0.4495 0.8933 -0.0031
vn -0.4384 0.8984 0.0249
vn -0.4384 0.8984 0.0249
vn -0.4384 0.8984 0.0249
vn -0.3470 0.9328 -0.0975
vn -0.3640 0.9272 -0.0887
vn -0.3648 0.9282 -0.0727
vn -0.3648 0.9282 -0.0727
vn -0.3648 0.9282 -0.0727
vn -0.3754 0.9249 -0.0603
vn -0.3754 0.9249 -0.0603
vn -0.3785 0.9248 -0.0386
vn -0.3785 0.9248 -0.0386
vn -0.3785 0.9248 -0.0386
vn -0.3923 0.9194 -0.0301
vn -0.3970 0.9178 -0.0063
vn -0.3970 0.9178 -0.0063
vn -0.3970 0.9178 -0.0063
vn -0.4034 0.9150 0.0039
vn -0.0221 0.6553 -0.7551
vn -0.0221 0.6553 -0.7551
vn -0.0221 0.6553 -0.7551
vn 0.0326 0.6112 -0.7908
vn 0.0326 0.6112 -0.7908
vn 0.0326 0.6112 -0.7908
vn -0.1536 0.8018 -0.5775
vn -0.1536 0.8018 -0.5775
vn -0.1536 0.8018 -0.5775
vn -0.1787 0.8382 -0.5153
vn -0.1787 0.8382 -0.5153
vn -0.1787 0.8382 -0.5153
vn -0.2761 0.9130 -0.3004
vn -0.2761 0.9130 -0.3004
vn -0.2761 0.9130 -0.3004
vn -0.2938 0.9173 -0.2686
vn -0.2938 0.9173 -0.2686
vn -0.2938 0.9173 -0.2686
vn -0.3352 0.9322 -0.1365
vn -0.3352 0.9322 -0.1365
vn -0.3352 0.9322 -0.1365
vn -0.8656 0.4771 -0.1522
vn -0.8427 0.5328 -0.0773
vn -0.8427 0.5328 -0.0773
vn -0.8427 0.5328 -0.0773
vn -0.8756 0.4632 -0.1370
vn -0.8756 0.4632 -0.1370
vn -0.8756 0.4632 -0.1370
vn -0.8191 0.4894 -0.2993
vn -0.8191 0.4894 -0.2993
vn -0.8191 0.4894 -0.2993
vn -0.8212 0.4870 -0.2975
vn -0.8212 0.4870 -0.2975
vn -0.8212 0.4870 -0.2975
vn -0.8360 0.4727 -0.2788
vn -0.8360 0.4727 -0.2788
vn -0.8360 0.4727 -0.2788
vn -0.8303 0.4867 -0.2714
vn -0.8303 0.4867 -0.2714
vn -0.8303 0.4867 -0.2714
vn -0.8493 0.4710 -0.2385
vn -0.8493 0.4710 -0.2385
vn -0.8456 0.4774 -0.2389
vn -0.8456 0.4774 -0.2389
vn -0.8550 0.4754 -0.2073
vn -0.1908 0.9034 -0.3840
vn -0.1908 0.9034 -0.3840
vn -0.1908 0.9034 -0.3840
vn -0.0973 0.9302 -0.3539
vn -0.0973 0.9302 -0.3539
vn -0.0973 0.9302 -0.3539
vn -0.4258 0.8162 -0.3906
vn -0.4258 0.8162 -0.3906
vn -0.5054 0.7776 -0.3741
vn -0.5054 0.7776 -0.3741
vn -0.6970 0.6301 -0.3422
vn -0.6970 0.6301 -0.3422
vn -0.6970 0.6301 -0.3422
vn -0.7142 0.6111 -0.3413
vn -0.7142 0.6111 -0.3413
vn -0.8060 0.5074 -0.3047
vn -0.8060 0.5074 -0.3047
vn -0.8060 0.5074 -0.3047
vn 0.0614 0.9327 -0.3553
vn 0.0614 0.9327 -0.3553
vn 0.0614 0.9327 -0.3553
vn 0.0892 0.9223 -0.3760
vn 0.0892 0.9223 -0.3760
vn 0.0892 0.9223 -0.3760
vn 0.0941 0.9245 -0.3693
vn 0.0941 0.9245 -0.3693
vn 0.0941 0.9245 -0.3693
vn 0.1266 0.9248 -0.3588
vn 0.1266 0.9248 -0.3588
vn 0.1266 0.9248 -0.3588
vn 0.1339 0.9269 -0.3505
vn 0.1339 0.9269 -0.3505
vn 0.1339 0.9269 -0.3505
vn 0.1671 0.9145 -0.3684
vn 0.1671 0.9145 -0.3684
vn 0.1671 0.9145 -0.3684
vn 0.1793 0.9148 -0.3619
vn 0.1793 0.9148 -0.3619
vn 0.1793 0.9148 -0.3619
vn 0.2626 0.9118 -0.3157
vn 0.2626 0.9118 -0.3157
vn 0.3409 0.8979 -0.2785
vn 0.5331 0.8360 -0.1300
vn 0.5331 0.8360 -0.1300
vn 0.5331 0.8360 -0.1300
vn 0.5340 0.8356 -0.1290
vn 0.5340 0.8356 -0.1290
vn 0.5340 0.8356 -0.1290
vn 0.6622 0.7487 -0.0302
vn 0.6622 0.7487 -0.0302
vn 0.6622 0.7487 -0.0302
vn 0.8116 0.5605 0.1647
vn 0.8116 0.5605 0.1647
vn 0.8116 0.5605 0.1647
vn 0.7714 0.6225 0.1322
vn 0.7714 0.6225 0.1322
vn 0.7714 0.6225 0.1322
vn 0.8930 0.2970 0.3381
vn 0.8930 0.2970 0.3381
vn 0.8867 0.3256 0.3283
vn 0.8867 0.3256 0.3283
vn 0.8821 0.0993 0.4605
vn 0.8821 0.0993 0.4605
vn 0.8821 0.0993 0.4605
vn 0.8541 -0.0675 0.5158
vn 0.8541 -0.0675 0.5158
vn 0.8541 -0.0675 0.5158
vn 0.7767 -0.2111 0.5934
vn 0.7127 -0.3448 0.6109
vn 0.7127 -0.3448 0.6109
vn 0.7127 -0.3448 0.6109
vn 0.6744 -0.4010 0.6200
vn 0.6744 -0.4010 0.6200
vn 0.7152 -0.3978 0.5747
vn 0.7851 -0.4200 0.4551
vn 0.7461 -0.3992 0.5329
vn 0.7461 -0.3992 0.5329
vn 0.7461 -0.3992 0.5329
vn 0.7391 -0.4030 0.5398
vn 0.7391 -0.4030 0.5398
vn 0.7391 -0.4030 0.5398
vn 0.7158 -0.4037 0.5697
vn 0.7053 -0.4151 0.5746
vn 0.7053 -0.4151 0.5746
vn 0.7053 -0.4151 0.5746
vn -0.5619 0.3781 -0.7357
vn -0.5619 0.3781 -0.7357
vn -0.5619 0.3781 -0.7357
vn -0.5648 0.3754 -0.7349
vn -0.5648 0.3754 -0.7349
vn -0.5648 0.3754 -0.7349
vn -0.5895 0.3593 -0.7235
vn -0.5908 0.3800 -0.7117
vn -0.6215 0.3550 -0.6983
vn -0.6215 0.3550 -0.6983
vn -0.6163 0.3658 -0.6974
vn -0.6652 0.3635 -0.6522
vn -0.6680 0.3801 -0.6398
vn -0.6680 0.3801 -0.6398
vn -0.6993 0.3577 -0.6189
vn 0.1732 0.9054 -0.3876
vn 0.1732 0.9054 -0.3876
vn 0.1732 0.9054 -0.3876
vn 0.1076 0.8784 -0.4657
vn 0.1076 0.8784 -0.4657
vn 0.1076 0.8784 -0.4657
vn -0.0510 0.8162 -0.5755
vn -0.0510 0.8162 -0.5755
vn -0.0510 0.8162 -0.5755
vn -0.2767 0.6852 -0.6737
vn -0.2767 0.6852 -0.6737
vn -0.2767 0.6852 -0.6737
vn -0.2816 0.6824 -0.6746
vn -0.2816 0.6824 -0.6746
vn -0.2816 0.6824 -0.6746
vn -0.4783 0.4799 -0.7355
vn -0.4783 0.4799 -0.7355
vn -0.5111 0.4456 -0.7350
vn -0.5111 0.4456 -0.7350
vn 0.3332 0.9068 -0.2583
vn 0.3332 0.9068 -0.2583
vn 0.3332 0.9068 -0.2583
vn 0.3356 0.9044 -0.2634
vn 0.3356 0.9044 -0.2634
vn 0.3356 0.9044 -0.2634
vn 0.3158 0.9055 -0.2834
vn 0.3169 0.8988 -0.3029
vn 0.2990 0.9044 -0.3043
vn 0.2990 0.9044 -0.3043
vn 0.4312 -0.2860 0.8557
vn 0.4312 -0.2860 0.8557
vn 0.4312 -0.2860 0.8557
vn 0.4961 -0.1454 0.8560
vn 0.4961 -0.1454 0.8560
vn 0.4961 -0.1454 0.8560
vn 0.5948 -0.0020 0.8039
vn 0.5948 -0.0020 0.8039
vn 0.5948 -0.0020 0.8039
vn 0.6395 0.1709 0.7495
vn 0.6395 0.1709 0.7495
vn 0.6395 0.1709 0.7495
vn 0.6825 0.3649 0.6332
vn 0.6825 0.3649 0.6332
vn 0.6825 0.3649 0.6332
vn 0.6847 0.3715 0.6271
vn 0.6847 0.3715 0.6271
vn 0.6847 0.3715 0.6271
vn 0.6801 0.4916 0.5438
vn 0.6801 0.4916 0.5438
vn 0.6801 0.4916 0.5438
vn 0.6405 0.6901 0.3369
vn 0.6405 0.6901 0.3369
vn 0.6405 0.6901 0.3369
vn 0.6643 0.6488 0.3711
vn 0.4963 0.8682 -0.0046
vn 0.4831 0.8744 -0.0455
vn 0.4831 0.8744 -0.0455
vn 0.4831 0.8744 -0.0455
vn 0.3603 0.9063 -0.2210
vn 0.3603 0.9063 -0.2210
vn 0.3603 0.9063 -0.2210
vn 0.4846 -0.3369 0.8073
vn 0.4846 -0.3369 0.8073
vn 0.4846 -0.3369 0.8073
vn 0.4354 -0.3236 0.8400
vn 0.4354 -0.3236 0.8400
vn 0.4128 -0.3447 0.8431
vn 0.4192 -0.3464 0.8392
vn 0.3886 -0.3504 0.8522
vn -0.3726 0.3377 -0.8644
vn -0.3726 0.3377 -0.8644
vn -0.3726 0.3377 -0.8644
vn -0.4134 0.3445 -0.8428
vn -0.4544 0.3670 -0.8117
vn -0.5919 -0.0831 -0.8017
vn -0.5921 -0.0828 -0.8016
vn -0.5922 -0.0825 -0.8016
vn -0.5824 -0.0795 -0.8090
vn -0.5914 -0.0673 -0.8036
vn -0.5914 -0.0673 -0.8036
vn -0.5914 -0.0673 -0.8036
vn -0.5895 -0.0753 -0.8042
vn -0.5900 -0.0825 -0.8032
vn -0.5900 -0.0825 -0.8032
vn -0.5900 -0.0825 -0.8032
vn -0.5904 -0.0796 -0.8032
vn -0.5904 -0.0796 -0.8032
vn -0.5904 -0.0796 -0.8032
vn -0.5910 -0.0815 -0.8025
vn -0.5910 -0.0815 -0.8025
vn -0.5910 -0.0815 -0.8025
vn -0.2628 -0.9467 0.1862
vn -0.2628 -0.9467 0.1862
vn -0.2590 -0.9461 0.1945
vn -0.2590 -0.9461 0.1945
vn -0.2590 -0.9461 0.1945
vn -0.2517 -0.9461 0.2041
vn -0.2540 -0.9443 0.2092
vn -0.6190 0.2821 -0.7330
vn -0.6190 0.2821 -0.7330
vn -0.6190 0.2821 -0.7330
vn -0.6348 0.1967 -0.7472
vn -0.6348 0.1967 -0.7472
vn -0.6348 0.1967 -0.7472
vn -0.6987 -0.0613 -0.7128
vn -0.6987 -0.0613 -0.7128
vn -0.7463 -0.3552 -0.5629
vn -0.7463 -0.3552 -0.5629
vn -0.7220 -0.2618 -0.6404
vn -0.7220 -0.2618 -0.6404
vn -0.6671 -0.6405 -0.3806
vn -0.6671 -0.6405 -0.3806
vn -0.6660 -0.6457 -0.3734
vn -0.6660 -0.6457 -0.3734
vn -0.5093 -0.8506 -0.1311
vn -0.5093 -0.8506 -0.1311
vn -0.5093 -0.8506 -0.1311
vn -0.4909 -0.8666 -0.0895
vn -0.4909 -0.8666 -0.0895
vn -0.3466 -0.9326 0.1009
vn -0.3466 -0.9326 0.1009
vn -0.3466 -0.9326 0.1009
vn -0.3228 -0.9382 0.1250
vn -0.2684 -0.9437 0.1932
vn -0.2684 -0.9437 0.1932
vn -0.2684 -0.9437 0.1932
vn -0.5232 0.4311 -0.7351
vn -0.5232 0.4311 -0.7351
vn -0.5232 0.4311 -0.7351
vn -0.5225 0.4287 -0.7370
vn -0.5225 0.4287 -0.7370
vn -0.5320 0.4184 -0.7362
vn -0.5320 0.4184 -0.7362
vn -0.4926 0.4516 -0.7439
vn -0.4926 0.4516 -0.7439
vn -0.4926 0.4516 -0.7439
vn -0.5056 0.4619 -0.7287
vn -0.5056 0.4619 -0.7287
vn -0.5056 0.4619 -0.7287
vn -0.5090 0.4420 -0.7386
vn -0.5090 0.4420 -0.7386
vn -0.5090 0.4420 -0.7386
vn -0.4945 0.4972 -0.7129
vn -0.4786 0.4868 -0.7307
vn -0.4866 0.4831 -0.7279
vn -0.4958 0.4727 -0.7285
vn -0.4958 0.4727 -0.7285
vn -0.4958 0.4727 -0.7285
vn -0.5486 -0.2857 -0.7858
vn -0.5486 -0.2857 -0.7858
vn -0.5486 -0.2857 -0.7858
vn -0.5141 -0.3632 -0.7770
vn -0.5141 -0.3632 -0.7770
vn -0.5141 -0.3632 -0.7770
vn -0.5819 -0.0233 -0.8129
vn -0.5819 -0.0233 -0.8129
vn -0.5819 -0.0233 -0.8129
vn -0.4918 0.5049 -0.7094
vn -0.4918 0.5049 -0.7094
vn -0.5036 0.4663 -0.7273
vn -0.5036 0.4663 -0.7273
vn -0.5036 0.4663 -0.7273
vn -0.5455 0.3164 -0.7761
vn -0.5455 0.3164 -0.7761
vn -0.5455 0.3164 -0.7761
vn -0.5465 0.2999 -0.7819
vn -0.5465 0.2999 -0.7819
vn -0.5465 0.2999 -0.7819
vn -0.5724 0.0590 -0.8178
vn -0.5724 0.0590 -0.8178
vn -0.5724 0.0590 -0.8178
vn -0.4950 -0.4968 -0.7128
vn -0.4862 -0.5024 -0.7150
vn -0.4862 -0.5024 -0.7150
vn -0.4862 -0.5024 -0.7150
vn -0.4970 -0.4901 -0.7161
vn -0.4970 -0.4901 -0.7161
vn -0.4970 -0.4901 -0.7161
vn -0.4932 -0.4926 -0.7170
vn -0.4851 -0.4709 -0.7369
vn -0.4851 -0.4709 -0.7369
vn -0.4851 -0.4709 -0.7369
vn -0.4983 -0.4681 -0.7298
vn -0.4983 -0.4681 -0.7298
vn -0.4909 -0.4829 -0.7252
vn -0.4909 -0.4829 -0.7252
vn -0.4909 -0.4829 -0.7252
vn -0.5262 -0.4281 -0.7347
vn -0.5012 -0.4336 -0.7488
vn -0.5012 -0.4336 -0.7488
vn -0.5012 -0.4336 -0.7488
vn -0.5052 -0.4424 -0.7410
vn -0.5052 -0.4424 -0.7410
vn -0.5024 -0.4560 -0.7347
vn -0.3662 0.9237 0.1125
vn -0.3662 0.9237 0.1125
vn -0.3662 0.9237 0.1125
vn -0.3981 0.9165 0.0381
vn -0.3981 0.9165 0.0381
vn -0.3981 0.9165 0.0381
vn -0.5352 0.8250 -0.1813
vn -0.5352 0.8250 -0.1813
vn -0.5352 0.8250 -0.1813
vn -0.6856 0.6160 -0.3879
vn -0.6856 0.6160 -0.3879
vn -0.6856 0.6160 -0.3879
vn -0.6365 0.6897 -0.3452
vn -0.6365 0.6897 -0.3452
vn -0.7322 0.3405 -0.5899
vn -0.7322 0.3405 -0.5899
vn -0.7322 0.3405 -0.5899
vn -0.7316 0.3427 -0.5893
vn -0.7316 0.3427 -0.5893
vn -0.7316 0.3427 -0.5893
vn -0.6855 0.0077 -0.7280
vn -0.6855 0.0077 -0.7280
vn -0.6855 0.0077 -0.7280
vn -0.6779 -0.0596 -0.7327
vn -0.6779 -0.0596 -0.7327
vn -0.6779 -0.0596 -0.7327
vn -0.5994 -0.2813 -0.7494
vn -0.5994 -0.2813 -0.7494
vn -0.5994 -0.2813 -0.7494
vn -0.5851 -0.3078 -0.7503
vn -0.5851 -0.3078 -0.7503
vn -0.5851 -0.3078 -0.7503
vn -0.5507 -0.3840 -0.7411
vn -0.2570 0.9437 0.2084
vn -0.2570 0.9437 0.2084
vn -0.2570 0.9437 0.2084
vn -0.2512 0.9456 0.2069
vn -0.2654 0.9456 0.1881
vn -0.2634 0.9463 0.1877
vn -0.5905 0.0819 -0.8029
vn -0.5905 0.0819 -0.8029
vn -0.5905 0.0819 -0.8029
vn -0.5808 0.0722 -0.8108
vn -0.5808 0.0722 -0.8108
vn -0.5808 0.0722 -0.8108
vn -0.5887 0.0758 -0.8048
vn -0.5887 0.0758 -0.8048
vn -0.5887 0.0758 -0.8048
vn -0.5907 0.0822 -0.8027
vn -0.5907 0.0822 -0.8027
vn -0.5907 0.0822 -0.8027
vn -0.5892 0.0801 -0.8040
vn -0.5892 0.0801 -0.8040
vn -0.5892 0.0801 -0.8040
vn -0.5886 0.0756 -0.8049
vn -0.5886 0.0756 -0.8049
vn -0.5886 0.0756 -0.8049
vn -0.5924 0.0832 -0.8013
vn -0.5913 0.0833 -0.8021
vn -0.5913 0.0833 -0.8021
vn -0.5913 0.0833 -0.8021
vn -0.5913 0.0833 -0.8022
vn -0.5913 0.0833 -0.8022
vn -0.5913 0.0833 -0.8022
vn -0.9457 0.2606 -0.1942
vn -0.9457 0.2606 -0.1942
vn -0.9457 0.2606 -0.1942
vn -0.8120 -0.2703 0.5174
vn -0.8120 -0.2703 0.5174
vn -0.8120 -0.2703 0.5174
vn -0.9439 -0.1186 0.3082
vn -0.9439 -0.1186 0.3082
vn -0.9439 -0.1186 0.3082
vn -0.9483 -0.2801 0.1491
vn -0.9483 -0.2801 0.1491
vn -0.9483 -0.2421 0.2051
vn -0.9606 -0.1965 0.1967
vn -0.9606 -0.1965 0.1967
vn -0.9606 -0.1965 0.1967
vn -0.9419 -0.3000 0.1509
vn -0.9419 -0.3000 0.1509
vn -0.9419 -0.3000 0.1509
vn -0.9492 -0.2836 0.1362
vn -0.9492 -0.2836 0.1362
vn -0.9492 -0.2836 0.1362
vn -0.9481 -0.2826 0.1456
vn -0.9481 -0.2826 0.1456
vn -0.9481 -0.2826 0.1456
vn -0.9478 -0.2825 0.1476
vn -0.9478 -0.2825 0.1476
vn -0.9478 -0.2825 0.1476
vn -0.9459 -0.1504 -0.2874
vn -0.9444 -0.3060 -0.1204
vn -0.9444 -0.3060 -0.1204
vn -0.9444 -0.3060 -0.1204
vn -0.9488 -0.2621 -0.1765
vn -0.9488 -0.2621 -0.1765
vn -0.9488 -0.2621 -0.1765
vn -0.9488 -0.2701 -0.1637
vn -0.9488 -0.2701 -0.1637
vn -0.9488 -0.2701 -0.1637
vn -0.9410 -0.2736 -0.1992
vn -0.9410 -0.2736 -0.1992
vn -0.9410 -0.2736 -0.1992
vn -0.9487 -0.2605 -0.1792
vn -0.9487 -0.2605 -0.1792
vn -0.9487 -0.2605 -0.1792
vn -0.9485 -0.2588 -0.1827
vn -0.9485 -0.2588 -0.1827
vn -0.9485 -0.2588 -0.1827
vn -0.9485 -0.2581 -0.1839
vn -0.9536 -0.2827 -0.1033
vn -0.9536 -0.2827 -0.1033
vn -0.9536 -0.2827 -0.1033
vn -0.9535 -0.2829 -0.1038
vn -0.9729 -0.2055 -0.1059
vn -0.9783 -0.1925 -0.0767
vn -0.9783 -0.1925 -0.0767
vn -0.9783 -0.1925 -0.0767
vn -0.9872 -0.0689 0.1435
vn -0.9872 -0.0689 0.1435
vn -0.9872 -0.0689 0.1435
vn -0.9988 -0.0488 0.0007
vn -0.9988 -0.0488 0.0007
vn -0.9988 -0.0488 0.0007
vn -0.9929 -0.1180 0.0136
vn -0.9929 -0.1180 0.0136
vn -0.9929 -0.1180 0.0136
vn -0.9931 -0.1156 0.0208
vn -0.9931 -0.1156 0.0208
vn -0.9931 -0.1156 0.0208
vn -0.9894 -0.0290 0.1422
vn -0.9894 -0.0290 0.1422
vn -0.9894 -0.0290 0.1422
vn -0.9930 -0.0403 0.1108
vn -0.9930 -0.0403 0.1108
vn -0.9930 -0.0403 0.1108
vn -0.9943 0.0059 0.1066
vn -0.9943 0.0059 0.1066
vn -0.9943 0.0059 0.1066
vn -0.9955 0.0405 0.0854
vn -0.9932 0.0284 0.1126
vn -0.9932 0.0284 0.1126
vn -0.9932 0.0284 0.1126
vn -0.9901 0.0641 0.1252
vn -0.9901 0.0641 0.1252
vn -0.9901 0.0641 0.1252
vn -0.9974 0.0125 -0.0710
vn -0.9974 0.0125 -0.0710
vn -0.9974 0.0125 -0.0710
vn -0.9902 0.1388 -0.0159
vn -0.9902 0.1388 -0.0159
vn -0.9902 0.1388 -0.0159
vn -0.9904 0.1371 -0.0148
vn -0.9904 0.1371 -0.0148
vn -0.9904 0.1371 -0.0148
vn -0.9867 0.1373 -0.0872
vn -0.9867 0.1373 -0.0872
vn -0.9867 0.1373 -0.0872
vn -0.9727 0.2075 -0.1043
vn -0.9727 0.2075 -0.1043
vn -0.9727 0.2075 -0.1043
vn -0.9583 0.2136 -0.1900
vn -0.9583 0.2136 -0.1900
vn -0.9583 0.2136 -0.1900
vn -0.9397 0.2733 -0.2054
vn -0.9397 0.2733 -0.2054
vn -0.9397 0.2733 -0.2054
vn -0.9382 0.2717 -0.2143
vn -0.9382 0.2717 -0.2143
vn -0.9382 0.2717 -0.2143
vn -0.9359 0.2791 -0.2149
vn -0.9359 0.2791 -0.2149
vn -0.9359 0.2791 -0.2149
vn -0.9453 0.2674 -0.1869
vn -0.9453 0.2674 -0.1869
vn -0.9453 0.2674 -0.1869
vn -0.9340 0.2917 -0.2063
vn -0.9340 0.2917 -0.2063
vn -0.9340 0.2917 -0.2063
vn -0.9391 0.2885 -0.1867
vn -0.9391 0.2885 -0.1867
vn -0.9391 0.2885 -0.1867
vn -0.9522 0.2673 -0.1480
vn -0.9522 0.2673 -0.1480
vn -0.9522 0.2673 -0.1480
vn -0.9498 0.2679 -0.1613
vn -0.9498 0.2679 -0.1613
vn -0.9498 0.2679 -0.1613
vn -0.9515 0.2654 -0.1556
vn -0.9515 0.2654 -0.1556
vn -0.9515 0.2654 -0.1556
vn -0.9682 0.2103 -0.1358
vn -0.9682 0.2103 -0.1358
vn -0.9682 0.2103 -0.1358
vn -0.9720 0.2099 -0.1059
vn -0.9584 0.2658 -0.1044
vn -0.9567 0.2800 -0.0800
vn -0.9493 0.2844 0.1340
vn -0.9493 0.2844 0.1340
vn -0.9493 0.2844 0.1340
vn -0.9629 0.2698 -0.0061
vn -0.9629 0.2698 -0.0061
vn -0.9629 0.2698 -0.0061
vn -0.9459 0.3113 0.0920
vn -0.9570 0.2828 0.0642
vn -0.9484 0.2826 0.1437
vn -0.9484 0.2826 0.1437
vn -0.9484 0.2826 0.1437
vn -0.9444 0.2940 0.1475
vn -0.9444 0.2940 0.1475
vn -0.9444 0.2940 0.1475
vn -0.9618 0.1457 0.2315
vn -0.9608 0.1651 0.2228
vn -0.9321 -0.0867 0.3516
vn -0.9355 -0.0102 0.3531
vn -0.9355 -0.0102 0.3531
vn -0.9355 -0.0102 0.3531
vn -0.9267 -0.0394 0.3738
vn -0.9267 -0.0394 0.3738
vn -0.9267 -0.0394 0.3738
vn -0.9249 0.0130 0.3799
vn -0.9249 0.0130 0.3799
vn -0.9249 0.0130 0.3799
vn -0.9252 -0.0006 0.3794
vn -0.9252 -0.0006 0.3794
vn -0.9252 -0.0006 0.3794
vn -0.9249 -0.0139 0.3800
vn -0.9249 -0.0139 0.3800
vn -0.9249 -0.0139 0.3800
vn -0.9250 -0.0085 0.3798
vn -0.9311 0.0395 0.3627
vn -0.9311 0.0395 0.3627
vn -0.9311 0.0395 0.3627
vn -0.9324 0.0345 0.3597
vn -0.9336 0.0976 0.3448
vn -0.9336 0.0976 0.3448
vn -0.9336 0.0976 0.3448
vn -0.9601 -0.1800 0.2139
vn -0.9601 -0.1800 0.2139
vn -0.9601 -0.1800 0.2139
vn -0.9615 -0.1483 0.2315
vn -0.9655 -0.1172 0.2324
vn -0.9658 -0.1201 0.2300
vn -0.9720 -0.0396 0.2315
vn -0.9722 -0.0409 0.2304
vn -0.9723 0.0397 0.2304
vn -0.9720 0.0409 0.2314
vn -0.9630 -0.2694 -0.0059
vn -0.9805 -0.1965 -0.0062
vn -0.9805 -0.1965 -0.0062
vn -0.9805 -0.1965 -0.0062
vn -0.9813 -0.1917 -0.0149
vn -0.9910 -0.1332 -0.0147
vn -0.9910 -0.1332 -0.0147
vn -0.9910 -0.1332 -0.0147
vn -0.9860 -0.1024 -0.1316
vn -0.9949 -0.0538 0.0856
vn -0.9949 -0.0538 0.0856
vn -0.9949 -0.0538 0.0856
vn -0.9895 -0.1172 0.0849
vn -0.9888 -0.1198 0.0893
vn -0.9768 -0.1953 0.0883
vn -0.9754 -0.1990 0.0948
vn -0.9459 -0.3111 0.0920
vn -0.9571 -0.2827 0.0642
vn -0.9930 0.1180 0.0110
vn -0.9930 0.1180 0.0110
vn -0.9930 0.1180 0.0110
vn -0.9895 0.1171 0.0849
vn -0.9888 0.1197 0.0893
vn -0.9661 0.1172 0.2300
vn -0.9652 0.1200 0.2324
vn -0.9469 0.1189 0.2988
vn -0.9469 0.1189 0.2988
vn -0.9469 0.1189 0.2988
vn -0.8631 0.2333 0.4480
vn -0.9498 0.2867 0.1251
vn -0.9498 0.2867 0.1251
vn -0.9498 0.2867 0.1251
vn -0.9445 0.2690 0.1883
vn -0.9445 0.2690 0.1883
vn -0.9445 0.2690 0.1883
vn -0.8146 0.3689 0.4475
vn -0.8146 0.3689 0.4475
vn -0.8146 0.3689 0.4475
vn -0.9657 0.1743 0.1925
vn -0.9597 0.1961 0.2015
vn -0.9754 0.1990 0.0948
vn -0.9768 0.1953 0.0883
vn -0.9804 0.1968 -0.0060
vn -0.9813 0.1917 -0.0149
vn -0.9782 0.1923 -0.0783
vn -0.9782 0.1923 -0.0783
vn -0.9796 0.1813 -0.0867
vn -0.9796 0.1813 -0.0867
vn -0.9796 0.1813 -0.0867
vn 0.7572 -0.1518 -0.6353
vn 0.7572 -0.1518 -0.6353
vn 0.7572 -0.1518 -0.6353
vn 0.7965 0.2468 -0.5520
vn 0.7965 0.2468 -0.5520
vn 0.7965 0.2468 -0.5520
vn 0.7417 0.4553 -0.4925
vn 0.7417 0.4553 -0.4925
vn 0.7417 0.4553 -0.4925
vn 0.7533 0.4324 -0.4955
vn 0.7667 0.3368 -0.5465
vn 0.7667 0.3368 -0.5465
vn 0.7074 0.2991 -0.6404
vn 0.7074 0.2991 -0.6404
vn 0.7074 0.2991 -0.6404
vn 0.7067 0.3000 -0.6408
vn 0.7067 0.3000 -0.6408
vn 0.7067 0.3000 -0.6408
vn 0.7156 0.2855 -0.6375
vn 0.8294 -0.0122 -0.5585
vn 0.8294 -0.0122 -0.5585
vn 0.8294 -0.0122 -0.5585
vn 0.8291 0.0009 -0.5591
vn 0.8291 0.0009 -0.5591
vn 0.8291 0.0009 -0.5591
vn 0.8299 0.0491 -0.5557
vn 0.8470 0.0269 -0.5310
vn 0.8470 0.0269 -0.5310
vn 0.8470 0.0269 -0.5310
vn 0.8322 0.0480 -0.5524
vn 0.8221 0.0769 -0.5642
vn 0.8182 0.0948 -0.5670
vn 0.8182 0.0948 -0.5670
vn 0.8182 0.0948 -0.5670
vn 0.7955 0.0837 -0.6001
vn 0.7955 0.0837 -0.6001
vn 0.7955 0.0837 -0.6001
vn 0.7944 0.1548 -0.5873
vn 0.7944 0.1548 -0.5873
vn 0.7944 0.1548 -0.5873
vn 0.7134 -0.2955 -0.6354
vn 0.7134 -0.2955 -0.6354
vn 0.7134 -0.2955 -0.6354
vn 0.7427 -0.2224 -0.6316
vn 0.7427 -0.2224 -0.6316
vn 0.7427 -0.2224 -0.6316
vn 0.7637 -0.2514 -0.5946
vn 0.7637 -0.2514 -0.5946
vn 0.7251 -0.2746 -0.6316
vn 0.7251 -0.2746 -0.6316
vn 0.7251 -0.2746 -0.6316
vn 0.7119 -0.2998 -0.6351
vn 0.7119 -0.2998 -0.6351
vn 0.7119 -0.2998 -0.6351
vn 0.7053 -0.2990 -0.6427
vn 0.7053 -0.2990 -0.6427
vn 0.7053 -0.2990 -0.6427
vn 0.7742 -0.3162 -0.5483
vn 0.7584 -0.3183 -0.5688
vn 0.7584 -0.3183 -0.5688
vn 0.7584 -0.3183 -0.5688
vn 0.7073 -0.2993 -0.6404
vn 0.7073 -0.2993 -0.6404
vn 0.7073 -0.2993 -0.6404
vn 0.7149 -0.2891 -0.6366
vn 0.7149 -0.2891 -0.6366
vn 0.7149 -0.2891 -0.6366
vn 0.7159 -0.2695 -0.6440
vn 0.7159 -0.2695 -0.6440
vn 0.7159 -0.2695 -0.6440
vn 0.7084 -0.3976 -0.5831
vn 0.7084 -0.3976 -0.5831
vn 0.7084 -0.3976 -0.5831
vn 0.7632 -0.3996 -0.5079
vn 0.7632 -0.3996 -0.5079
vn 0.7801 -0.3449 -0.5221
vn 0.7801 -0.3449 -0.5221
vn 0.7415 -0.4556 -0.4925
vn 0.7415 -0.4556 -0.4925
vn 0.7415 -0.4556 -0.4925
vn 0.7600 0.2518 -0.5991
vn 0.7600 0.2518 -0.5991
vn 0.7600 0.2518 -0.5991
vn 0.7084 0.3975 -0.5832
vn 0.7084 0.3975 -0.5832
vn 0.7084 0.3975 -0.5832
vn 0.7501 0.3001 -0.5894
vn 0.7501 0.3001 -0.5894
vn 0.7501 0.3001 -0.5894
vn 0.7609 0.2527 -0.5977
vn 0.7959 0.2490 -0.5518
vn 0.7960 0.2489 -0.5518
vn 0.7068 0.2990 -0.6411
vn 0.7068 0.2990 -0.6411
vn 0.7068 0.2990 -0.6411
vn 0.7129 0.2973 -0.6351
vn 0.7129 0.2973 -0.6351
vn 0.7109 0.3017 -0.6353
vn 0.7109 0.3017 -0.6353
vn 0.7354 0.2542 -0.6281
vn 0.6296 0.1531 -0.7617
vn 0.7707 0.1921 -0.6076
vn 0.7707 0.1921 -0.6076
vn 0.7707 0.1921 -0.6076
vn 0.7875 0.1467 -0.5986
vn 0.8132 0.1449 -0.5637
vn 0.8134 0.1447 -0.5634
vn 0.8134 0.1447 -0.5634
vn 0.8134 0.1447 -0.5634
vn 0.7834 -0.3515 -0.5127
vn 0.7963 -0.2472 -0.5521
vn 0.7959 -0.2491 -0.5518
vn 0.7960 -0.2487 -0.5518
vn 0.7960 -0.2487 -0.5518
vn 0.8131 -0.1445 -0.5638
vn 0.8133 -0.1449 -0.5635
vn 0.7500 -0.3004 -0.5893
vn 0.7500 -0.3004 -0.5893
vn 0.7500 -0.3004 -0.5893
vn 0.7608 -0.2518 -0.5982
vn 0.7608 -0.2518 -0.5982
vn 0.7608 -0.2518 -0.5982
vn 0.7596 -0.2528 -0.5992
vn 0.7744 -0.1646 -0.6109
vn 0.8125 -0.1450 -0.5646
vn 0.6566 0.0571 -0.7521
vn 0.6566 0.0571 -0.7521
vn 0.6566 0.0571 -0.7521
vn 0.8203 -0.0636 -0.5684
vn 0.8439 -0.0218 -0.5360
vn 0.8403 -0.0486 -0.5400
vn 0.8314 -0.0488 -0.5535
vn 0.8414 -0.0349 -0.5392
vn 0.8414 -0.0349 -0.5392
vn 0.8414 -0.0349 -0.5392
vn 0.7632 0.3993 -0.5080
vn 0.7632 0.3993 -0.5080
vn 0.7628 0.4205 -0.4912
vn 0.7628 0.4205 -0.4912
vn 0.7736 0.4190 -0.4755
vn 0.7778 0.3818 -0.4993
vn 0.7778 0.3818 -0.4993
vn 0.7778 0.3818 -0.4993
vn 0.7785 0.3912 -0.4909
vn 0.8403 -0.0486 -0.5400
vn 0.8403 -0.0486 -0.5400
vn 0.8403 -0.0486 -0.5400
vn 0.8417 -0.0743 -0.5349
vn 0.8351 -0.1436 -0.5310
vn 0.8351 -0.1436 -0.5310
vn 0.8351 -0.1436 -0.5310
vn 0.8343 -0.1352 -0.5345
vn 0.8195 -0.2470 -0.5171
vn 0.8185 -0.2336 -0.5248
vn 0.7926 -0.3434 -0.5039
vn 0.7886 -0.3668 -0.4936
vn 0.7476 -0.4538 -0.4849
vn 0.7476 -0.4538 -0.4849
vn 0.7535 -0.4324 -0.4952
vn 0.7628 -0.4203 -0.4915
vn 0.7628 -0.4203 -0.4915
vn 0.7628 -0.4203 -0.4915
vn 0.7636 -0.4206 -0.4899
vn 0.7722 -0.4083 -0.4868
vn 0.7722 -0.4083 -0.4868
vn 0.7722 -0.4083 -0.4868
vn 0.8434 0.0405 -0.5358
vn 0.8434 0.0405 -0.5358
vn 0.8434 0.0405 -0.5358
vn 0.8415 0.0486 -0.5381
vn 0.8415 0.0486 -0.5381
vn 0.8415 0.0486 -0.5381
vn 0.8375 0.1402 -0.5281
vn 0.8363 0.1435 -0.5291
vn 0.8132 0.2572 -0.5220
vn 0.8182 0.2469 -0.5192
vn 0.7912 0.3437 -0.5058
vn 0.7847 0.3444 -0.5155
vn 0.7847 0.3444 -0.5155
vn 0.7847 0.3444 -0.5155
vn 0.7778 0.3522 -0.5205
vn -0.8205 -0.2861 -0.4950
vn -0.8205 -0.2861 -0.4950
vn -0.8205 -0.2861 -0.4950
vn -0.7602 -0.1730 -0.6263
vn -0.7602 -0.1730 -0.6263
vn -0.7602 -0.1730 -0.6263
vn -0.7637 -0.1021 -0.6374
vn -0.6960 0.0177 -0.7178
vn -0.6960 0.0177 -0.7178
vn -0.6960 0.0177 -0.7178
vn -0.9311 0.1379 -0.3378
vn -0.7431 0.3154 -0.5902
vn -0.7431 0.3154 -0.5902
vn -0.7603 0.2700 -0.5908
vn -0.8044 0.2675 -0.5305
vn -0.9319 -0.0646 -0.3568
vn -0.9779 0.1322 -0.1622
vn -0.9779 0.1322 -0.1622
vn -0.9779 0.1322 -0.1622
vn -0.9477 0.0938 -0.3050
vn -0.9477 0.0938 -0.3050
vn -0.9477 0.0938 -0.3050
vn -0.9835 -0.0154 -0.1801
vn -0.9835 -0.0154 -0.1801
vn -0.9835 -0.0154 -0.1801
vn -0.9834 0.0097 -0.1811
vn -0.9834 0.0097 -0.1811
vn -0.9834 0.0097 -0.1811
vn -0.9910 0.0000 -0.1341
vn -0.9910 0.0000 -0.1341
vn -0.9910 0.0000 -0.1341
vn -0.9457 -0.1147 -0.3042
vn -0.9457 -0.1147 -0.3042
vn -0.9457 -0.1147 -0.3042
vn -0.9371 -0.1006 -0.3341
vn -0.9371 -0.1006 -0.3341
vn -0.9371 -0.1006 -0.3341
vn -0.9644 -0.1019 -0.2442
vn -0.9644 -0.1019 -0.2442
vn -0.9644 -0.1019 -0.2442
vn -0.8398 -0.2886 -0.4598
vn -0.8247 -0.2982 -0.4806
vn -0.8386 -0.2808 -0.4667
vn -0.8386 -0.2808 -0.4667
vn -0.8386 -0.2808 -0.4667
vn -0.8875 -0.2915 -0.3568
vn -0.8875 -0.2915 -0.3568
vn -0.8875 -0.2915 -0.3568
vn -0.7288 -0.2616 -0.6328
vn -0.7288 -0.2616 -0.6328
vn -0.7616 -0.2758 -0.5864
vn -0.7616 -0.2758 -0.5864
vn -0.7616 -0.2758 -0.5864
vn -0.7779 -0.2603 -0.5720
vn -0.6791 -0.2550 -0.6884
vn -0.6791 -0.2550 -0.6884
vn -0.6791 -0.2550 -0.6884
vn -0.7462 -0.0861 -0.6601
vn -0.7462 -0.0861 -0.6601
vn -0.7462 -0.0861 -0.6601
vn -0.6668 -0.1840 -0.7221
vn -0.6668 -0.1840 -0.7221
vn -0.6668 -0.1840 -0.7221
vn -0.6675 -0.1831 -0.7217
vn -0.6675 -0.1831 -0.7217
vn -0.6675 -0.1831 -0.7217
vn -0.6784 -0.1635 -0.7162
vn -0.6784 -0.1635 -0.7162
vn -0.6784 -0.1635 -0.7162
vn -0.6761 -0.1806 -0.7143
vn -0.6761 -0.1806 -0.7143
vn -0.6761 -0.1806 -0.7143
vn -0.6751 -0.1853 -0.7141
vn -0.6751 -0.1853 -0.7141
vn -0.7748 -0.0130 -0.6320
vn -0.7748 -0.0130 -0.6320
vn -0.7748 -0.0130 -0.6320
vn -0.6762 0.1804 -0.7143
vn -0.6762 0.1804 -0.7143
vn -0.6762 0.1804 -0.7143
vn -0.6796 0.1539 -0.7172
vn -0.6796 0.1539 -0.7172
vn -0.6579 0.1926 -0.7280
vn -0.6579 0.1926 -0.7280
vn -0.6579 0.1926 -0.7280
vn -0.6674 0.1831 -0.7218
vn -0.6674 0.1831 -0.7218
vn -0.6674 0.1831 -0.7218
vn -0.6573 0.2063 -0.7248
vn -0.6669 0.1919 -0.7200
vn -0.6669 0.1919 -0.7200
vn -0.6669 0.1919 -0.7200
vn -0.6787 0.1709 -0.7143
vn -0.6787 0.1709 -0.7143
vn -0.6790 0.2551 -0.6884
vn -0.6790 0.2551 -0.6884
vn -0.6790 0.2551 -0.6884
vn -0.7230 0.1526 -0.6738
vn -0.7230 0.1526 -0.6738
vn -0.7230 0.1526 -0.6738
vn -0.7215 0.2692 -0.6379
vn -0.8570 0.1955 -0.4768
vn -0.8570 0.1955 -0.4768
vn -0.8570 0.1955 -0.4768
vn -0.8480 0.2047 -0.4888
vn -0.8480 0.2047 -0.4888
vn -0.8480 0.2047 -0.4888
vn -0.8847 0.2079 -0.4173
vn -0.8945 0.2000 -0.4000
vn -0.8694 0.1762 -0.4617
vn -0.8694 0.1762 -0.4617
vn -0.8694 0.1762 -0.4617
vn -0.9238 0.2032 -0.3244
vn -0.9238 0.2032 -0.3244
vn -0.9429 0.1106 -0.3143
vn -0.9429 0.1106 -0.3143
vn -0.9429 0.1106 -0.3143
vn -0.9300 0.1309 -0.3434
vn -0.9014 0.1294 -0.4131
vn -0.9060 0.1229 -0.4051
vn -0.9060 0.1229 -0.4051
vn -0.9060 0.1229 -0.4051
vn -0.8558 0.1210 -0.5029
vn -0.8606 0.1152 -0.4960
vn -0.8606 0.1152 -0.4960
vn -0.8606 0.1152 -0.4960
vn -0.9834 -0.0077 -0.1813
vn -0.9834 -0.0077 -0.1813
vn -0.9834 -0.0077 -0.1813
vn -0.9751 0.0464 -0.2167
vn -0.9500 0.0459 -0.3088
vn -0.9510 0.0440 -0.3061
vn -0.9070 0.0432 -0.4190
vn -0.9070 0.0432 -0.4190
vn -0.9070 0.0432 -0.4190
vn -0.9083 0.0413 -0.4163
vn -0.9083 0.0413 -0.4163
vn -0.9083 0.0413 -0.4163
vn -0.8600 0.0404 -0.5087
vn -0.8600 0.0404 -0.5087
vn -0.8600 0.0404 -0.5087
vn -0.8615 0.0385 -0.5062
vn -0.8104 -0.1922 -0.5534
vn -0.8570 -0.1955 -0.4768
vn -0.8570 -0.1955 -0.4768
vn -0.8570 -0.1955 -0.4768
vn -0.8482 -0.2047 -0.4886
vn -0.8482 -0.2047 -0.4886
vn -0.8482 -0.2047 -0.4886
vn -0.8842 -0.2078 -0.4184
vn -0.8962 -0.1902 -0.4007
vn -0.9118 -0.2009 -0.3582
vn -0.9118 -0.2009 -0.3582
vn -0.9118 -0.2009 -0.3582
vn -0.7155 -0.1652 -0.6788
vn -0.6840 -0.1639 -0.7109
vn -0.6734 -0.1910 -0.7142
vn -0.6734 -0.1910 -0.7142
vn -0.6734 -0.1910 -0.7142
vn -0.7657 -0.1807 -0.6173
vn -0.7657 -0.1807 -0.6173
vn -0.7657 -0.1807 -0.6173
vn -0.8049 -0.1830 -0.5645
vn -0.8049 -0.1830 -0.5645
vn -0.8134 -0.1131 -0.5706
vn -0.8607 -0.1152 -0.4959
vn -0.8607 -0.1152 -0.4959
vn -0.8607 -0.1152 -0.4959
vn -0.8559 -0.1206 -0.5029
vn -0.8559 -0.1206 -0.5029
vn -0.8559 -0.1206 -0.5029
vn -0.9059 -0.1233 -0.4051
vn -0.9014 -0.1289 -0.4134
vn -0.9014 -0.1289 -0.4134
vn -0.9508 -0.1314 -0.2806
vn -0.9508 -0.1314 -0.2806
vn -0.9508 -0.1314 -0.2806
vn -0.9167 -0.1413 -0.3738
vn -0.7673 -0.1066 -0.6323
vn -0.7673 -0.1066 -0.6323
vn -0.7673 -0.1066 -0.6323
vn -0.8097 -0.1079 -0.5769
vn -0.8138 -0.0378 -0.5799
vn -0.8615 -0.0385 -0.5062
vn -0.8600 -0.0404 -0.5086
vn -0.8600 -0.0404 -0.5086
vn -0.8600 -0.0404 -0.5086
vn -0.9083 -0.0411 -0.4163
vn -0.9083 -0.0411 -0.4163
vn -0.9083 -0.0411 -0.4163
vn -0.9068 -0.0434 -0.4193
vn -0.9509 -0.0441 -0.3063
vn -0.9499 -0.0461 -0.3090
vn -0.9499 -0.0461 -0.3090
vn -0.9499 -0.0461 -0.3090
vn -0.9882 -0.0467 -0.1458
vn -0.9882 -0.0467 -0.1458
vn -0.9882 -0.0467 -0.1458
vn -0.9805 -0.0490 -0.1903
vn -0.9805 -0.0490 -0.1903
vn -0.9805 -0.0490 -0.1903
vn -0.7150 0.1710 -0.6779
vn -0.7214 0.1656 -0.6724
vn -0.6839 0.1641 -0.7109
vn -0.6745 0.1882 -0.7139
vn -0.6632 0.1852 -0.7252
vn -0.6632 0.1852 -0.7252
vn -0.6632 0.1852 -0.7252
vn -0.8764 0.2773 -0.3936
vn -0.8251 0.2834 -0.4889
vn -0.8360 0.2909 -0.4653
vn -0.8360 0.2909 -0.4653
vn -0.8360 0.2909 -0.4653
vn -0.8399 0.2883 -0.4598
vn -0.8399 0.2883 -0.4598
vn -0.8399 0.2883 -0.4598
vn -0.8204 0.2861 -0.4951
vn -0.8204 0.2861 -0.4951
vn -0.8204 0.2861 -0.4951
vn -0.7637 0.2794 -0.5820
vn -0.7688 0.1578 -0.6197
vn -0.7656 0.1808 -0.6174
vn -0.7656 0.1808 -0.6174
vn -0.7599 0.1733 -0.6265
vn -0.7672 0.1064 -0.6325
vn -0.7109 0.2004 -0.6741
vn -0.7109 0.2004 -0.6741
vn -0.7109 0.2004 -0.6741
vn -0.6704 0.0969 -0.7357
vn -0.6704 0.0969 -0.7357
vn -0.7207 0.1178 -0.6832
vn -0.7352 0.1016 -0.6701
vn -0.7352 0.1016 -0.6701
vn -0.7352 0.1016 -0.6701
vn -0.7637 0.1021 -0.6374
vn -0.7671 0.0439 -0.6401
vn -0.7671 0.0439 -0.6401
vn -0.7671 0.0439 -0.6401
vn -0.7774 0.0358 -0.6280
vn -0.7757 0.0197 -0.6308
vn -0.7757 0.0197 -0.6308
vn -0.7757 0.0197 -0.6308
vn -0.7743 0.0045 -0.6328
vn -0.7743 0.0045 -0.6328
vn -0.7743 0.0045 -0.6328
vn -0.7207 -0.1713 -0.6717
vn -0.6910 -0.3282 -0.6440
vn -0.6910 -0.3282 -0.6440
vn -0.6910 -0.3282 -0.6440
vn -0.7688 -0.1577 -0.6198
vn -0.7688 -0.1577 -0.6198
vn -0.7688 -0.1577 -0.6198
vn -0.7647 -0.2698 -0.5852
vn -0.7956 -0.2682 -0.5433
vn -0.8019 -0.2779 -0.5289
vn -0.8152 -0.2839 -0.5049
vn -0.8152 -0.2839 -0.5049
vn -0.8152 -0.2839 -0.5049
vn -0.8151 0.2839 -0.5050
vn -0.8151 0.2839 -0.5050
vn -0.7945 0.2742 -0.5419
vn -0.7945 0.2742 -0.5419
vn -0.8104 0.1922 -0.5534
vn -0.8049 0.1831 -0.5645
vn -0.8049 0.1831 -0.5645
vn -0.8134 0.1131 -0.5706
vn -0.8097 0.1079 -0.5769
vn -0.8138 0.0378 -0.5799
vn -0.8126 0.0362 -0.5817
vn -0.8126 -0.0362 -0.5817
vn -0.7774 -0.0358 -0.6280
vn -0.7671 -0.0439 -0.6400
vn -0.7671 -0.0439 -0.6400
vn -0.7671 -0.0439 -0.6400
vn -0.7536 -0.0388 -0.6562
vn -0.7536 -0.0388 -0.6562
vn -0.7038 -0.1004 -0.7033
vn -0.7038 -0.1004 -0.7033
vn -0.7038 -0.1004 -0.7033
vn -0.7408 -0.0934 -0.6652
vn -0.7206 -0.1190 -0.6831
vn -0.7206 -0.1190 -0.6831
vn -0.7206 -0.1190 -0.6831
vn -0.7316 -0.1236 -0.6704
vn -0.7316 -0.1236 -0.6704
vn -0.7316 -0.1236 -0.6704
vn -0.6346 -0.1029 -0.7660
vn -0.6346 -0.1029 -0.7660
vn -0.6346 -0.1029 -0.7660
vn 0.6767 -0.1189 -0.7266
vn 0.6767 -0.1189 -0.7266
vn 0.6767 -0.1189 -0.7266
vn 0.2207 -0.2733 -0.9363
vn 0.2207 -0.2733 -0.9363
vn 0.2207 -0.2733 -0.9363
vn 0.2102 -0.2787 -0.9371
vn 0.2102 -0.2787 -0.9371
vn 0.2102 -0.2787 -0.9371
vn 0.3185 -0.2830 -0.9047
vn 0.5290 -0.2844 -0.7995
vn 0.5290 -0.2844 -0.7995
vn 0.5290 -0.2844 -0.7995
vn 0.4104 -0.2697 -0.8711
vn 0.4909 -0.3112 -0.8137
vn 0.4909 -0.3112 -0.8137
vn 0.4909 -0.3112 -0.8137
vn 0.4708 -0.2828 -0.8357
vn 0.5375 -0.2826 -0.7945
vn 0.5395 -0.2943 -0.7889
vn 0.5395 -0.2943 -0.7889
vn 0.5395 -0.2943 -0.7889
vn 0.6165 -0.1629 -0.7703
vn 0.6165 -0.1629 -0.7703
vn 0.6165 -0.1629 -0.7703
vn 0.7417 0.0123 -0.6706
vn 0.7417 0.0123 -0.6706
vn 0.7417 0.0123 -0.6706
vn 0.7413 0.0065 -0.6712
vn 0.7413 0.0065 -0.6712
vn 0.7413 0.0065 -0.6712
vn 0.7276 -0.0395 -0.6849
vn 0.7276 -0.0395 -0.6849
vn 0.7260 -0.0349 -0.6869
vn 0.7141 -0.0992 -0.6929
vn 0.7141 -0.0992 -0.6929
vn 0.7141 -0.0992 -0.6929
vn 0.7664 0.0002 -0.6424
vn 0.7664 0.0002 -0.6424
vn 0.7664 0.0002 -0.6424
vn 0.7414 -0.0077 -0.6711
vn 0.7414 -0.0077 -0.6711
vn 0.7414 -0.0077 -0.6711
vn 0.7387 0.0237 -0.6736
vn 0.7219 0.0393 -0.6908
vn 0.7196 0.0869 -0.6889
vn 0.7196 0.0869 -0.6889
vn 0.6859 0.1186 -0.7179
vn 0.6859 0.1186 -0.7179
vn 0.6859 0.1186 -0.7179
vn 0.8172 0.2719 -0.5082
vn 0.8172 0.2719 -0.5082
vn 0.8172 0.2719 -0.5082
vn 0.5420 0.2803 -0.7922
vn 0.5420 0.2803 -0.7922
vn 0.5420 0.2803 -0.7922
vn 0.5935 0.2418 -0.7677
vn 0.5908 0.1967 -0.7825
vn 0.5414 0.3000 -0.7854
vn 0.5414 0.3000 -0.7854
vn 0.5414 0.3000 -0.7854
vn 0.5315 0.2836 -0.7982
vn 0.5395 0.2826 -0.7932
vn 0.5395 0.2826 -0.7932
vn 0.5395 0.2826 -0.7932
vn 0.5408 0.2826 -0.7923
vn 0.5408 0.2826 -0.7923
vn 0.5408 0.2826 -0.7923
vn 0.1485 0.1504 -0.9774
vn 0.1485 0.1504 -0.9774
vn 0.1485 0.1504 -0.9774
vn 0.2981 0.3052 -0.9044
vn 0.2981 0.3052 -0.9044
vn 0.2981 0.3052 -0.9044
vn 0.2507 0.2625 -0.9318
vn 0.2507 0.2625 -0.9318
vn 0.2507 0.2625 -0.9318
vn 0.2613 0.2698 -0.9268
vn 0.2613 0.2698 -0.9268
vn 0.2613 0.2698 -0.9268
vn 0.2268 0.2735 -0.9348
vn 0.2268 0.2735 -0.9348
vn 0.2268 0.2735 -0.9348
vn 0.2478 0.2605 -0.9331
vn 0.2478 0.2605 -0.9331
vn 0.2478 0.2605 -0.9331
vn 0.2445 0.2587 -0.9345
vn 0.2445 0.2587 -0.9345
vn 0.2445 0.2587 -0.9345
vn 0.2433 0.2583 -0.9349
vn 0.2433 0.2583 -0.9349
vn 0.2433 0.2583 -0.9349
vn 0.3184 0.2825 -0.9049
vn 0.3184 0.2825 -0.9049
vn 0.3176 0.2832 -0.9049
vn 0.3241 0.2053 -0.9235
vn 0.3528 0.1923 -0.9157
vn 0.3528 0.1923 -0.9157
vn 0.3528 0.1923 -0.9157
vn 0.5554 0.0688 -0.8287
vn 0.5554 0.0688 -0.8287
vn 0.5554 0.0688 -0.8287
vn 0.4319 0.0486 -0.9006
vn 0.4319 0.0486 -0.9006
vn 0.4319 0.0486 -0.9006
vn 0.4408 0.1181 -0.8898
vn 0.4478 0.1156 -0.8866
vn 0.4478 0.1156 -0.8866
vn 0.4478 0.1156 -0.8866
vn 0.5545 0.0291 -0.8317
vn 0.5545 0.0291 -0.8317
vn 0.5545 0.0291 -0.8317
vn 0.5276 0.0405 -0.8485
vn 0.5244 -0.0056 -0.8514
vn 0.5244 -0.0056 -0.8514
vn 0.5244 -0.0056 -0.8514
vn 0.3663 -0.0126 -0.9304
vn 0.3663 -0.0126 -0.9304
vn 0.3663 -0.0126 -0.9304
vn 0.4383 -0.1182 -0.8910
vn 0.4132 -0.1389 -0.9000
vn 0.4132 -0.1389 -0.9000
vn 0.4132 -0.1389 -0.9000
vn 0.4146 -0.1369 -0.8997
vn 0.4146 -0.1369 -0.8997
vn 0.3470 -0.1372 -0.9278
vn 0.3470 -0.1372 -0.9278
vn 0.3470 -0.1372 -0.9278
vn 0.2392 -0.2676 -0.9334
vn 0.2392 -0.2676 -0.9334
vn 0.2392 -0.2676 -0.9334
vn 0.2172 -0.2915 -0.9316
vn 0.2172 -0.2915 -0.9316
vn 0.2172 -0.2915 -0.9316
vn 0.2363 -0.2884 -0.9279
vn 0.2363 -0.2884 -0.9279
vn 0.2363 -0.2884 -0.9279
vn 0.2746 -0.2685 -0.9233
vn 0.2746 -0.2685 -0.9233
vn 0.2746 -0.2685 -0.9233
vn 0.3177 -0.2822 -0.9052
vn 0.3238 -0.2105 -0.9224
vn 0.3257 -0.2074 -0.9224
vn 0.3257 -0.2074 -0.9224
vn 0.2118 -0.2715 -0.9389
vn 0.2118 -0.2715 -0.9389
vn 0.2118 -0.2715 -0.9389
vn 0.2331 -0.2605 -0.9369
vn 0.2331 -0.2605 -0.9369
vn 0.2331 -0.2605 -0.9369
vn 0.2705 -0.2662 -0.9252
vn 0.2705 -0.2662 -0.9252
vn 0.2705 -0.2662 -0.9252
vn 0.2429 -0.2138 -0.9462
vn 0.2947 -0.2103 -0.9322
vn 0.2947 -0.2103 -0.9322
vn 0.2947 -0.2103 -0.9322
vn 0.4104 0.2698 -0.8711
vn 0.4179 0.1964 -0.8870
vn 0.4107 0.1917 -0.8914
vn 0.4107 0.1917 -0.8914
vn 0.4107 0.1917 -0.8914
vn 0.4145 0.1333 -0.9002
vn 0.3070 0.1023 -0.9462
vn 0.3070 0.1023 -0.9462
vn 0.3070 0.1023 -0.9462
vn 0.5062 0.0537 -0.8608
vn 0.5062 0.0537 -0.8608
vn 0.5062 0.0537 -0.8608
vn 0.5033 0.1173 -0.8561
vn 0.5033 0.1173 -0.8561
vn 0.5033 0.1173 -0.8561
vn 0.5065 0.1196 -0.8539
vn 0.5065 0.1196 -0.8539
vn 0.5002 0.1951 -0.8436
vn 0.5063 0.1992 -0.8390
vn 0.5063 0.1992 -0.8390
vn 0.5063 0.1992 -0.8390
vn 0.4908 0.3111 -0.8138
vn 0.4908 0.3111 -0.8138
vn 0.4908 0.3111 -0.8138
vn 0.4708 0.2829 -0.8356
vn 0.5067 -0.1197 -0.8537
vn 0.5067 -0.1197 -0.8537
vn 0.5067 -0.1197 -0.8537
vn 0.5032 -0.1173 -0.8562
vn 0.5032 -0.1173 -0.8562
vn 0.5032 -0.1173 -0.8562
vn 0.5063 -0.0403 -0.8614
vn 0.5063 -0.0403 -0.8614
vn 0.5063 -0.0403 -0.8614
vn 0.5394 -0.0637 -0.8397
vn 0.5291 -0.0275 -0.8481
vn 0.5291 -0.0275 -0.8481
vn 0.5291 -0.0275 -0.8481
vn 0.5213 -0.2866 -0.8038
vn 0.5213 -0.2866 -0.8038
vn 0.5213 -0.2866 -0.8038
vn 0.5765 -0.2690 -0.7716
vn 0.7532 -0.3673 -0.5457
vn 0.5893 -0.1747 -0.7888
vn 0.5947 -0.1962 -0.7796
vn 0.5947 -0.1962 -0.7796
vn 0.5063 -0.1992 -0.8390
vn 0.5063 -0.1992 -0.8390
vn 0.5063 -0.1992 -0.8390
vn 0.5005 -0.1952 -0.8435
vn 0.5005 -0.1952 -0.8435
vn 0.4179 -0.1964 -0.8870
vn 0.4107 -0.1918 -0.8914
vn 0.4107 -0.1918 -0.8914
vn 0.4107 -0.1918 -0.8914
vn 0.3514 -0.1922 -0.9163
vn 0.3514 -0.1922 -0.9163
vn 0.3514 -0.1922 -0.9163
vn 0.3446 -0.1814 -0.9211
vn 0.3446 -0.1814 -0.9211
vn 0.3446 -0.1814 -0.9211
vn 0.7605 -0.2178 -0.6117
vn 0.7605 -0.2178 -0.6117
vn 0.7605 -0.2178 -0.6117
vn 0.6241 -0.1433 -0.7681
vn 0.6260 -0.1204 -0.7705
vn 0.6241 -0.1171 -0.7725
vn 0.6241 -0.1171 -0.7725
vn 0.6241 -0.1171 -0.7725
vn 0.6276 -0.0403 -0.7775
vn 0.6273 -0.0397 -0.7778
vn 0.6273 0.0403 -0.7778
vn 0.6276 0.0397 -0.7775
vn 0.6238 0.1203 -0.7722
vn 0.6238 0.1203 -0.7722
vn 0.6238 0.1203 -0.7722
vn 0.6262 0.1170 -0.7708
vn 0.6236 0.1482 -0.7676
vn 0.6069 0.1794 -0.7743
vn 0.6069 0.1794 -0.7743
vn 0.6069 0.1794 -0.7743
vn -0.8813 0.4567 -0.1216
vn -0.8813 0.4567 -0.1216
vn -0.8813 0.4567 -0.1216
vn -0.4068 0.1285 -0.9045
vn -0.4068 0.1285 -0.9045
vn -0.4068 0.1285 -0.9045
vn -0.3643 -0.0105 -0.9312
vn 0.2712 -0.4564 -0.8474
vn 0.2712 -0.4564 -0.8474
vn 0.2712 -0.4564 -0.8474
vn -0.4956 -0.1655 -0.8526
vn -0.5534 -0.1468 -0.8199
vn -0.5682 -0.1436 -0.8103
vn -0.5682 -0.1436 -0.8103
vn -0.5538 -0.1655 -0.8161
vn -0.5931 -0.1171 -0.7966
vn -0.4827 -0.1174 -0.8679
vn -0.4848 -0.0714 -0.8717
vn -0.4641 -0.1777 -0.8678
vn -0.4641 -0.1777 -0.8678
vn -0.4641 -0.1777 -0.8678
vn -0.4647 -0.1769 -0.8676
vn -0.4647 -0.1769 -0.8676
vn -0.4647 -0.1769 -0.8676
vn -0.4877 -0.1372 -0.8622
vn -0.4877 -0.1372 -0.8622
vn -0.4877 -0.1372 -0.8622
vn -0.3614 -0.0066 -0.9324
vn -0.3614 -0.0066 -0.9324
vn -0.3614 -0.0066 -0.9324
vn -0.3617 -0.0036 -0.9323
vn -0.3617 -0.0036 -0.9323
vn -0.3617 -0.0036 -0.9323
vn -0.3618 -0.0001 -0.9322
vn -0.3618 -0.0001 -0.9322
vn -0.3618 -0.0001 -0.9322
vn -0.3617 0.0046 -0.9323
vn -0.3617 0.0046 -0.9323
vn -0.3617 0.0046 -0.9323
vn -0.4260 0.0479 -0.9035
vn -0.4728 0.1418 -0.8697
vn -0.4728 0.1418 -0.8697
vn -0.4728 0.1418 -0.8697
vn -0.4845 0.1437 -0.8629
vn -0.4845 0.1437 -0.8629
vn -0.4845 0.1437 -0.8629
vn -0.4996 0.1469 -0.8537
vn -0.4996 0.1469 -0.8537
vn -0.4996 0.1469 -0.8537
vn -0.6273 0.1204 -0.7694
vn -0.6371 0.0717 -0.7675
vn -0.6556 0.0599 -0.7527
vn -0.6556 0.0599 -0.7527
vn -0.6556 0.0599 -0.7527
vn -0.6504 0.0238 -0.7592
vn -0.6504 0.0238 -0.7592
vn -0.6765 -0.0475 -0.7349
vn -0.6840 0.0069 -0.7294
vn -0.6840 0.0069 -0.7294
vn -0.6840 0.0069 -0.7294
vn -0.6838 0.0037 -0.7297
vn -0.6838 0.0037 -0.7297
vn -0.6838 0.0037 -0.7297
vn -0.6835 0.0005 -0.7299
vn -0.6835 0.0005 -0.7299
vn -0.6835 0.0005 -0.7299
vn -0.6838 -0.0047 -0.7297
vn -0.6838 -0.0047 -0.7297
vn -0.6838 -0.0047 -0.7297
vn -0.6818 0.0106 -0.7315
vn -0.6408 0.0470 -0.7662
vn -0.6410 -0.0424 -0.7664
vn -0.6296 -0.0478 -0.7755
vn -0.6392 -0.1285 -0.7582
vn -0.5813 0.1776 -0.7941
vn -0.5813 0.1776 -0.7941
vn -0.5813 0.1776 -0.7941
vn -0.5808 0.1767 -0.7947
vn -0.5808 0.1767 -0.7947
vn -0.5808 0.1767 -0.7946
vn -0.5657 0.1370 -0.8132
vn -0.5657 0.1370 -0.8132
vn -0.5723 0.1433 -0.8075
vn -0.5741 0.1192 -0.8101
vn -0.5734 0.1173 -0.8108
vn -0.5759 0.0710 -0.8144
vn -0.5755 0.0700 -0.8148
vn -0.5547 -0.0232 -0.8317
vn -0.5763 -0.0469 -0.8159
vn -0.5767 0.0232 -0.8166
vn -0.5534 0.0702 -0.8299
vn -0.5980 0.0237 -0.8012
vn -0.5980 0.0237 -0.8012
vn -0.5980 0.0237 -0.8012
vn -0.5973 -0.0469 -0.8006
vn -0.5986 -0.0476 -0.7996
vn -0.5937 -0.1360 -0.7931
vn -0.5282 -0.1147 -0.8413
vn -0.5282 -0.1147 -0.8413
vn -0.5282 -0.1147 -0.8413
vn -0.4799 -0.1433 -0.8655
vn -0.4815 -0.1195 -0.8683
vn -0.4217 -0.1204 -0.8987
vn -0.4217 -0.1204 -0.8987
vn -0.4217 -0.1204 -0.8987
vn -0.4158 -0.0720 -0.9066
vn -0.3947 -0.0604 -0.9168
vn -0.4027 -0.0239 -0.9150
vn -0.4135 -0.0474 -0.9093
vn -0.4135 -0.0474 -0.9093
vn -0.4135 -0.0474 -0.9093
vn -0.4136 0.0425 -0.9095
vn -0.4136 0.0425 -0.9095
vn -0.4136 0.0425 -0.9095
vn -0.3694 0.0476 -0.9280
vn -0.3694 0.0476 -0.9280
vn -0.3694 0.0476 -0.9280
vn -0.4633 -0.0237 -0.8859
vn -0.4630 0.0469 -0.8851
vn -0.4615 0.0477 -0.8859
vn -0.4577 0.1362 -0.8786
vn -0.5295 0.1148 -0.8405
vn -0.5295 0.1148 -0.8405
vn -0.5295 0.1148 -0.8405
vn -0.5538 0.1656 -0.8160
vn -0.4956 0.1656 -0.8526
vn -0.4610 0.1172 -0.8796
vn -0.5043 0.1452 -0.8512
vn -0.5085 0.0701 -0.8582
vn -0.4862 0.0469 -0.8726
vn -0.5098 0.0233 -0.8600
vn -0.5087 -0.0703 -0.8581
vn -0.4866 -0.0232 -0.8733
vn -0.4851 -0.0700 -0.8717
vn -0.4851 -0.0700 -0.8717
vn -0.4851 -0.0700 -0.8717
vn -0.5537 -0.0701 -0.8298
vn -0.5492 -0.1449 -0.8230
vn -0.5791 -0.1418 -0.8028
vn -0.5791 -0.1418 -0.8028
vn -0.5791 -0.1418 -0.8028
vn -0.2438 0.1025 -0.9644
vn 0.0981 -0.1389 -0.9854
vn -0.3456 -0.0177 -0.9382
vn -0.3456 -0.0177 -0.9382
vn -0.3456 -0.0177 -0.9382
vn -0.3266 0.2548 -0.9102
vn -0.3266 0.2548 -0.9102
vn -0.3266 0.2548 -0.9102
vn -0.1987 0.2764 -0.9403
vn -0.1987 0.2764 -0.9403
vn -0.1987 0.2764 -0.9403
vn -0.2548 0.2618 -0.9309
vn -0.2548 0.2618 -0.9309
vn 0.2606 -0.0080 -0.9654
vn 0.2606 -0.0080 -0.9654
vn 0.2606 -0.0080 -0.9654
vn 0.0294 0.2973 -0.9543
vn -0.0581 0.2826 -0.9575
vn -0.0844 0.3008 -0.9499
vn -0.0844 0.3008 -0.9499
vn -0.0844 0.3008 -0.9499
vn -0.3619 0.1841 -0.9139
vn -0.3619 0.1841 -0.9139
vn -0.3619 0.1841 -0.9139
vn -0.3614 0.1834 -0.9142
vn -0.3614 0.1834 -0.9142
vn -0.3614 0.1834 -0.9142
vn -0.3521 0.1638 -0.9215
vn -0.3510 0.1807 -0.9188
vn -0.3513 0.1857 -0.9177
vn -0.3513 0.1857 -0.9177
vn -0.3513 0.1857 -0.9177
vn -0.2350 -0.0009 -0.9720
vn -0.2350 -0.0009 -0.9720
vn -0.2350 -0.0009 -0.9720
vn -0.2342 0.0128 -0.9721
vn -0.2342 0.0128 -0.9721
vn -0.2342 0.0128 -0.9721
vn -0.3510 -0.1804 -0.9188
vn -0.3510 -0.1804 -0.9188
vn -0.3510 -0.1804 -0.9188
vn -0.3524 -0.1539 -0.9231
vn -0.3715 -0.1929 -0.9082
vn -0.3715 -0.1929 -0.9082
vn -0.3715 -0.1929 -0.9082
vn -0.3615 -0.1832 -0.9142
vn -0.3615 -0.1832 -0.9142
vn -0.3615 -0.1832 -0.9142
vn -0.3684 -0.2067 -0.9064
vn -0.3684 -0.2067 -0.9064
vn -0.3684 -0.2067 -0.9064
vn -0.3601 -0.1915 -0.9130
vn -0.3601 -0.1915 -0.9130
vn -0.3601 -0.1915 -0.9130
vn -0.3499 -0.1708 -0.9211
vn -0.3499 -0.1708 -0.9211
vn -0.3266 -0.2545 -0.9103
vn -0.3266 -0.2545 -0.9103
vn -0.3266 -0.2545 -0.9103
vn -0.2945 -0.1531 -0.9433
vn -0.2945 -0.1531 -0.9433
vn -0.1939 -0.2804 -0.9401
vn -0.2042 -0.2700 -0.9410
vn -0.2103 -0.3156 -0.9253
vn -0.2103 -0.3156 -0.9253
vn -0.2103 -0.3156 -0.9253
vn 0.0811 0.0637 -0.9947
vn 0.0811 0.0637 -0.9947
vn 0.0811 0.0637 -0.9947
vn 0.2727 -0.1307 -0.9532
vn 0.1342 -0.0934 -0.9865
vn 0.1342 -0.0934 -0.9865
vn 0.1342 -0.0934 -0.9865
vn 0.2618 0.0155 -0.9650
vn 0.2618 0.0155 -0.9650
vn 0.2618 0.0155 -0.9650
vn 0.2609 -0.0099 -0.9653
vn 0.2609 -0.0099 -0.9653
vn 0.2609 -0.0099 -0.9653
vn 0.3066 0.0000 -0.9518
vn 0.3066 0.0000 -0.9518
vn 0.3066 0.0000 -0.9518
vn -0.1303 0.2777 -0.9518
vn -0.1303 0.2777 -0.9518
vn -0.1303 0.2777 -0.9518
vn -0.1024 0.2840 -0.9533
vn -0.1024 0.2840 -0.9533
vn -0.1024 0.2840 -0.9533
vn -0.0916 0.2862 -0.9538
vn -0.0916 0.2862 -0.9538
vn -0.0916 0.2862 -0.9538
vn -0.0510 0.2885 -0.9561
vn -0.3021 0.1653 -0.9388
vn -0.3021 0.1653 -0.9388
vn -0.3021 0.1653 -0.9388
vn -0.3521 0.1908 -0.9163
vn -0.3521 0.1908 -0.9163
vn -0.3521 0.1908 -0.9163
vn -0.3449 0.1638 -0.9242
vn -0.4420 0.0792 -0.8935
vn -0.3039 0.1193 -0.9452
vn -0.2787 0.0935 -0.9558
vn -0.3293 0.1004 -0.9389
vn -0.3293 0.1004 -0.9389
vn -0.3293 0.1004 -0.9389
vn -0.2654 0.0388 -0.9634
vn -0.2448 0.0441 -0.9686
vn -0.2292 0.0356 -0.9727
vn -0.2292 0.0356 -0.9727
vn -0.2292 0.0356 -0.9727
vn -0.1727 0.0358 -0.9843
vn -0.1727 -0.0358 -0.9843
vn -0.1024 -0.2840 -0.9533
vn -0.1024 -0.2840 -0.9533
vn -0.1024 -0.2840 -0.9533
vn 0.0244 -0.2781 -0.9603
vn -0.0862 -0.2828 -0.9553
vn -0.0862 -0.2828 -0.9553
vn -0.0862 -0.2828 -0.9553
vn -0.0579 -0.2911 -0.9549
vn -0.0513 -0.2884 -0.9561
vn -0.0513 -0.2884 -0.9561
vn -0.0513 -0.2884 -0.9561
vn -0.0917 -0.2861 -0.9538
vn -0.0917 -0.2861 -0.9538
vn -0.0917 -0.2861 -0.9538
vn -0.2993 -0.2008 -0.9328
vn -0.2993 -0.2008 -0.9328
vn -0.2993 -0.2008 -0.9328
vn -0.3731 -0.0968 -0.9227
vn -0.3731 -0.0968 -0.9227
vn -0.3731 -0.0968 -0.9227
vn -0.3040 -0.1179 -0.9454
vn -0.2856 -0.1015 -0.9530
vn -0.2856 -0.1015 -0.9530
vn -0.2856 -0.1015 -0.9530
vn -0.2438 -0.1025 -0.9644
vn -0.2448 -0.0441 -0.9686
vn -0.2293 -0.0357 -0.9727
vn -0.2293 -0.0357 -0.9727
vn -0.2293 -0.0357 -0.9727
vn -0.2328 -0.0191 -0.9723
vn -0.2328 -0.0191 -0.9723
vn -0.2328 -0.0191 -0.9723
vn -0.2342 -0.0100 -0.9721
vn -0.2342 -0.0100 -0.9721
vn -0.2342 -0.0100 -0.9721
vn 0.2605 0.0079 -0.9655
vn 0.2259 -0.0466 -0.9730
vn 0.1314 -0.0461 -0.9903
vn 0.1345 -0.0440 -0.9899
vn 0.0142 -0.0432 -0.9990
vn 0.0173 -0.0410 -0.9990
vn -0.0860 -0.0403 -0.9955
vn -0.0860 -0.0403 -0.9955
vn -0.0860 -0.0403 -0.9955
vn -0.0838 -0.0384 -0.9957
vn -0.1701 -0.0376 -0.9847
vn -0.1696 -0.1081 -0.9796
vn -0.1696 -0.1081 -0.9796
vn -0.1696 -0.1081 -0.9796
vn -0.2380 -0.1066 -0.9654
vn -0.2352 -0.1734 -0.9564
vn -0.2352 -0.1734 -0.9564
vn -0.2352 -0.1734 -0.9564
vn -0.3016 -0.1709 -0.9380
vn -0.2940 -0.1655 -0.9414
vn -0.2940 -0.1655 -0.9414
vn -0.2940 -0.1655 -0.9414
vn -0.3447 -0.1640 -0.9243
vn -0.3447 -0.1640 -0.9243
vn -0.3517 -0.1879 -0.9171
vn -0.3659 -0.1851 -0.9121
vn 0.1061 -0.2036 -0.9733
vn 0.1061 -0.2036 -0.9733
vn -0.0434 -0.1753 -0.9836
vn -0.0434 -0.1753 -0.9836
vn -0.0434 -0.1753 -0.9836
vn 0.0259 -0.1999 -0.9795
vn 0.0063 -0.2077 -0.9782
vn -0.0736 -0.2046 -0.9761
vn -0.0597 -0.1957 -0.9789
vn -0.0597 -0.1957 -0.9789
vn -0.0597 -0.1957 -0.9789
vn -0.1479 -0.1921 -0.9702
vn -0.1449 -0.2741 -0.9507
vn -0.1449 -0.2741 -0.9507
vn -0.1449 -0.2741 -0.9507
vn -0.1306 -0.2678 -0.9546
vn -0.1306 -0.2678 -0.9546
vn -0.1306 -0.2678 -0.9546
vn 0.1235 -0.1110 -0.9861
vn 0.1235 -0.1110 -0.9861
vn 0.1235 -0.1110 -0.9861
vn 0.0922 -0.1306 -0.9871
vn 0.0922 -0.1306 -0.9871
vn 0.0922 -0.1306 -0.9871
vn 0.0167 -0.1291 -0.9915
vn 0.0167 -0.1291 -0.9915
vn 0.0167 -0.1291 -0.9915
vn 0.0262 -0.1228 -0.9921
vn 0.0262 -0.1228 -0.9921
vn 0.0262 -0.1228 -0.9921
vn -0.0830 -0.1206 -0.9892
vn -0.0830 -0.1206 -0.9892
vn -0.0747 -0.1151 -0.9905
vn -0.1622 -0.1135 -0.9802
vn -0.1622 -0.1135 -0.9802
vn -0.1606 -0.1832 -0.9699
vn -0.2253 -0.1807 -0.9574
vn -0.2259 -0.1581 -0.9612
vn -0.2259 -0.1581 -0.9612
vn -0.2259 -0.1581 -0.9612
vn -0.2630 -0.2692 -0.9265
vn -0.2630 -0.2692 -0.9265
vn -0.2630 -0.2692 -0.9265
vn 0.0167 0.1291 -0.9915
vn 0.0167 0.1291 -0.9915
vn 0.0167 0.1291 -0.9915
vn 0.0262 0.1228 -0.9921
vn 0.0262 0.1228 -0.9921
vn 0.0262 0.1228 -0.9921
vn -0.0832 0.1208 -0.9892
vn -0.0747 0.1151 -0.9905
vn -0.1622 0.1135 -0.9802
vn -0.1622 0.1135 -0.9802
vn -0.1606 0.1832 -0.9699
vn -0.2250 0.1808 -0.9574
vn -0.2250 0.1808 -0.9574
vn -0.2260 0.1580 -0.9612
vn -0.2260 0.1580 -0.9612
vn -0.2260 0.1580 -0.9612
vn 0.2109 0.1141 -0.9708
vn 0.2109 0.1141 -0.9708
vn 0.2109 0.1141 -0.9708
vn 0.1340 0.0938 -0.9865
vn 0.1140 0.1267 -0.9854
vn 0.0969 0.1307 -0.9867
vn 0.0969 0.1307 -0.9867
vn 0.0969 0.1307 -0.9867
vn 0.1095 0.2284 -0.9674
vn 0.0259 0.1999 -0.9795
vn 0.0063 0.2077 -0.9782
vn -0.0736 0.2046 -0.9761
vn -0.0594 0.1955 -0.9789
vn -0.1479 0.1921 -0.9702
vn -0.1452 0.2683 -0.9523
vn -0.1967 0.2699 -0.9426
vn -0.1967 0.2699 -0.9426
vn -0.1792 0.2605 -0.9487
vn -0.1792 0.2605 -0.9487
vn -0.1792 0.2605 -0.9487
vn -0.2721 0.0872 -0.9583
vn -0.2721 0.0872 -0.9583
vn -0.2815 0.3280 -0.9018
vn -0.2815 0.3280 -0.9018
vn -0.2937 0.1713 -0.9404
vn -0.2937 0.1713 -0.9404
vn -0.2937 0.1713 -0.9404
vn -0.2352 0.1734 -0.9564
vn -0.2352 0.1734 -0.9564
vn -0.2352 0.1734 -0.9564
vn -0.2380 0.1066 -0.9654
vn -0.1696 0.1081 -0.9796
vn -0.1696 0.1081 -0.9796
vn -0.1696 0.1081 -0.9796
vn -0.1701 0.0376 -0.9847
vn -0.0838 0.0384 -0.9957
vn -0.0862 0.0403 -0.9955
vn -0.0862 0.0403 -0.9955
vn -0.0862 0.0403 -0.9955
vn 0.0170 0.0410 -0.9990
vn 0.0170 0.0410 -0.9990
vn 0.0170 0.0410 -0.9990
vn 0.0142 0.0432 -0.9990
vn 0.1345 0.0440 -0.9899
vn 0.1314 0.0461 -0.9903
vn 0.2065 0.0466 -0.9773
vn 0.2065 0.0466 -0.9773
vn 0.2065 0.0466 -0.9773
vn 0.2278 0.0439 -0.9727
vn 0.6993 -0.4715 -0.5373
vn 0.6993 -0.4715 -0.5373
vn 0.7354 -0.4437 -0.5121
vn 0.7354 -0.4437 -0.5121
vn 0.7085 -0.4517 -0.5422
vn 0.7085 -0.4517 -0.5422
vn 0.7085 -0.4517 -0.5422
vn 0.6083 -0.4217 -0.6724
vn 0.6083 -0.4217 -0.6724
vn 0.6083 -0.4217 -0.6724
vn 0.6220 -0.4820 -0.6171
vn 0.6220 -0.4820 -0.6171
vn 0.6287 -0.4674 -0.6215
vn 0.6287 -0.4674 -0.6215
vn 0.6125 -0.4970 -0.6147
vn 0.6125 -0.4970 -0.6147
vn 0.6125 -0.4970 -0.6147
vn 0.6008 -0.4352 -0.6706
vn 0.6008 -0.4352 -0.6706
vn 0.6025 -0.4252 -0.6755
vn 0.6025 -0.4252 -0.6755
vn 0.6025 -0.4252 -0.6755
vn 0.6130 -0.4271 -0.6647
vn 0.6130 -0.4271 -0.6647
vn 0.6130 -0.4271 -0.6647
vn 0.6258 -0.5005 -0.5982
vn 0.6258 -0.5005 -0.5982
vn 0.6258 -0.5005 -0.5982
vn 0.6449 -0.4433 -0.6226
vn 0.6449 -0.4433 -0.6226
vn 0.7080 -0.4357 -0.5558
vn 0.7080 -0.4357 -0.5558
vn 0.7080 -0.4357 -0.5558
vn 0.7064 -0.4477 -0.5482
vn 0.7064 -0.4477 -0.5482
vn 0.7305 -0.4291 -0.5313
vn 0.7305 -0.4291 -0.5313
vn 0.7305 -0.4291 -0.5313
vn 0.7332 -0.4285 -0.5280
vn 0.7332 -0.4285 -0.5280
vn 0.7332 -0.4285 -0.5280
vn 0.1515 -0.3942 -0.9065
vn 0.1515 -0.3942 -0.9065
vn 0.1515 -0.3942 -0.9065
vn 0.3769 -0.4914 -0.7851
vn 0.3769 -0.4914 -0.7851
vn 0.3769 -0.4914 -0.7851
vn 0.3779 -0.4029 -0.8336
vn 0.3779 -0.4029 -0.8336
vn 0.3779 -0.4029 -0.8336
vn 0.4191 -0.4425 -0.7928
vn 0.4191 -0.4425 -0.7928
vn 0.4191 -0.4425 -0.7928
vn 0.4568 -0.4236 -0.7822
vn 0.4568 -0.4236 -0.7822
vn 0.4568 -0.4236 -0.7822
vn 0.4433 -0.4151 -0.7945
vn 0.4433 -0.4151 -0.7945
vn 0.4433 -0.4151 -0.7945
vn 0.4364 -0.4160 -0.7978
vn 0.4364 -0.4160 -0.7978
vn 0.4364 -0.4160 -0.7978
vn 0.3817 -0.4596 -0.8019
vn 0.3817 -0.4596 -0.8019
vn 0.3817 -0.4596 -0.8019
vn 0.4225 -0.4246 -0.8008
vn 0.4225 -0.4246 -0.8008
vn 0.4225 -0.4246 -0.8008
vn 0.4273 -0.4202 -0.8005
vn 0.4273 -0.4202 -0.8005
vn 0.4273 -0.4202 -0.8005
vn 0.3049 -0.4024 -0.8632
vn 0.3049 -0.4024 -0.8632
vn 0.3049 -0.4024 -0.8632
vn 0.2508 -0.4702 -0.8462
vn 0.2508 -0.4702 -0.8462
vn 0.2508 -0.4702 -0.8462
vn 0.2207 -0.2930 -0.9303
vn 0.2207 -0.2930 -0.9303
vn 0.2207 -0.2930 -0.9303
vn 0.1519 -0.3914 -0.9076
vn 0.1519 -0.3914 -0.9076
vn 0.1519 -0.3914 -0.9076
vn 0.1494 -0.3989 -0.9048
vn 0.1494 -0.3989 -0.9048
vn 0.1494 -0.3989 -0.9048
vn 0.1445 -0.4080 -0.9015
vn 0.1445 -0.4080 -0.9015
vn 0.1445 -0.4080 -0.9015
vn 0.1486 -0.4058 -0.9018
vn 0.1486 -0.4058 -0.9018
vn 0.1486 -0.4058 -0.9018
vn 0.1515 -0.3951 -0.9061
vn 0.1515 -0.3951 -0.9061
vn 0.1515 -0.3951 -0.9061
vn 0.2647 -0.3994 -0.8777
vn 0.2647 -0.3994 -0.8777
vn 0.2578 -0.4208 -0.8698
vn 0.3767 -0.4231 -0.8241
vn 0.3767 -0.4231 -0.8241
vn 0.3767 -0.4231 -0.8241
vn 0.4174 -0.3340 -0.8451
vn 0.4174 -0.3340 -0.8451
vn 0.4174 -0.3340 -0.8451
vn 0.4377 -0.4415 -0.7833
vn -0.3522 0.2647 -0.8977
vn -0.3522 0.2647 -0.8977
vn -0.3522 0.2647 -0.8977
vn -0.3531 0.2575 -0.8995
vn -0.3531 0.2575 -0.8995
vn -0.3531 0.2575 -0.8995
vn -0.3883 0.3155 -0.8658
vn -0.3883 0.3155 -0.8658
vn -0.3902 0.3191 -0.8637
vn -0.3902 0.3191 -0.8637
vn -0.3902 0.3191 -0.8637
vn -0.3673 0.2625 -0.8923
vn -0.3673 0.2625 -0.8923
vn -0.3673 0.2625 -0.8923
vn -0.3600 0.2521 -0.8982
vn -0.3600 0.2521 -0.8982
vn -0.3600 0.2521 -0.8982
vn -0.3643 0.2699 -0.8913
vn -0.3643 0.2699 -0.8913
vn -0.3643 0.2699 -0.8913
vn -0.4009 0.1523 -0.9034
vn -0.3739 0.2387 -0.8962
vn -0.3739 0.2387 -0.8962
vn -0.3521 0.2710 -0.8959
vn -0.3521 0.2710 -0.8959
vn -0.3521 0.2710 -0.8959
vn -0.3518 0.2730 -0.8954
vn -0.3518 0.2730 -0.8954
vn -0.3518 0.2730 -0.8954
vn -0.6551 0.2714 -0.7051
vn -0.6551 0.2714 -0.7051
vn -0.6551 0.2714 -0.7051
vn -0.6291 0.2959 -0.7188
vn -0.6291 0.2959 -0.7188
vn -0.6605 0.2612 -0.7039
vn -0.6605 0.2612 -0.7039
vn -0.6605 0.2612 -0.7039
vn -0.6447 0.2706 -0.7150
vn -0.6447 0.2706 -0.7150
vn -0.6447 0.2706 -0.7150
vn -0.6456 0.2691 -0.7146
vn -0.6456 0.2691 -0.7146
vn -0.6456 0.2691 -0.7146
vn -0.6536 0.2528 -0.7133
vn -0.6536 0.2528 -0.7133
vn -0.6536 0.2528 -0.7133
vn -0.6474 0.2596 -0.7166
vn -0.6474 0.2596 -0.7166
vn -0.6474 0.2596 -0.7166
vn -0.6316 0.2770 -0.7241
vn -0.5563 0.3364 -0.7598
vn -0.5563 0.3364 -0.7598
vn -0.5563 0.3364 -0.7598
vn -0.5852 0.2475 -0.7722
vn -0.5852 0.2475 -0.7722
vn -0.5852 0.2475 -0.7722
vn -0.6312 0.2497 -0.7344
vn -0.6312 0.2497 -0.7344
vn -0.6312 0.2497 -0.7344
vn -0.4196 0.1929 -0.8870
vn -0.4196 0.1929 -0.8870
vn -0.4196 0.1929 -0.8870
vn -0.4648 0.2755 -0.8415
vn -0.4648 0.2755 -0.8415
vn -0.4648 0.2755 -0.8415
vn -0.4705 0.3467 -0.8114
vn -0.4705 0.3467 -0.8114
vn -0.5063 0.2420 -0.8277
vn -0.5063 0.2420 -0.8277
vn -0.5439 0.2424 -0.8034
vn -0.5439 0.2424 -0.8034
vn -0.5439 0.2424 -0.8034
vn -0.6446 0.2259 -0.7304
vn -0.6446 0.2259 -0.7304
vn -0.6446 0.2259 -0.7304
vn -0.6319 0.2618 -0.7295
vn -0.6319 0.2618 -0.7295
vn -0.6319 0.2618 -0.7295
vn -0.5706 0.2591 -0.7793
vn -0.5706 0.2591 -0.7793
vn -0.5706 0.2591 -0.7793
vn -0.5717 0.2541 -0.7801
vn -0.5222 0.2540 -0.8141
vn -0.4921 0.1941 -0.8486
vn -0.4775 0.2564 -0.8404
vn -0.4775 0.2564 -0.8404
vn -0.4775 0.2564 -0.8404
vn -0.4113 0.2583 -0.8741
vn -0.4113 0.2583 -0.8741
vn -0.8932 -0.4496 0.0089
vn -0.8932 -0.4496 0.0089
vn -0.8932 -0.4496 0.0089
vn -0.8837 -0.3858 -0.2652
vn -0.8837 -0.3858 -0.2652
vn -0.8837 -0.3858 -0.2652
vn -0.8846 -0.3822 -0.2673
vn -0.8846 -0.3822 -0.2673
vn -0.8846 -0.3822 -0.2673
vn -0.8644 -0.4565 -0.2107
vn -0.8644 -0.4565 -0.2107
vn -0.8644 -0.4565 -0.2107
vn -0.8937 -0.3850 -0.2305
vn -0.8937 -0.3850 -0.2305
vn -0.8937 -0.3850 -0.2305
vn -0.8993 -0.4326 0.0644
vn -0.8993 -0.4326 0.0644
vn -0.9076 -0.4149 0.0646
vn -0.9076 -0.4149 0.0646
vn -0.9076 -0.4149 0.0646
vn -0.9075 -0.4178 0.0432
vn -0.9051 -0.4237 0.0364
vn -0.9051 -0.4237 0.0364
vn -0.9051 -0.4237 0.0364
vn -0.8842 -0.4662 0.0285
vn -0.8842 -0.4662 0.0285
vn -0.8842 -0.4662 0.0285
vn -0.9120 -0.4097 0.0206
vn -0.9120 -0.4097 0.0206
vn -0.9120 -0.4097 0.0206
vn -0.9080 -0.4090 -0.0904
vn -0.9080 -0.4090 -0.0904
vn -0.9080 -0.4090 -0.0904
vn -0.8614 -0.5036 -0.0660
vn -0.8614 -0.5036 -0.0660
vn -0.8614 -0.5036 -0.0660
vn -0.9099 -0.3881 -0.1461
vn -0.9099 -0.3881 -0.1461
vn -0.9099 -0.3881 -0.1461
vn -0.8773 -0.4048 -0.2578
vn -0.8773 -0.4048 -0.2578
vn -0.8970 -0.4406 0.0354
vn -0.8970 -0.4406 0.0354
vn -0.8970 -0.4406 0.0354
vn -0.9022 -0.4301 0.0330
vn -0.9022 -0.4301 0.0330
vn -0.8991 -0.4294 -0.0852
vn -0.8991 -0.4294 -0.0852
vn -0.8991 -0.4294 -0.0852
vn -0.9082 -0.4087 -0.0904
vn -0.9082 -0.4087 -0.0904
vn -0.9082 -0.4087 -0.0904
vn -0.8942 -0.4062 -0.1881
vn -0.8942 -0.4062 -0.1881
vn -0.8942 -0.4062 -0.1881
vn -0.9159 -0.3269 -0.2331
vn -0.9159 -0.3269 -0.2331
vn -0.9159 -0.3269 -0.2331
vn -0.8828 -0.3933 -0.2568
vn -0.8828 -0.3933 -0.2568
vn -0.8828 -0.3933 -0.2568
vn 0.6481 0.4428 -0.6195
vn 0.6481 0.4428 -0.6195
vn 0.6022 0.4258 -0.6753
vn 0.6022 0.4258 -0.6753
vn 0.6008 0.4353 -0.6705
vn 0.6008 0.4353 -0.6705
vn 0.6008 0.4353 -0.6705
vn 0.6123 0.4972 -0.6147
vn 0.6123 0.4972 -0.6147
vn 0.6288 0.4672 -0.6215
vn 0.6288 0.4672 -0.6215
vn 0.6220 0.4821 -0.6170
vn 0.6220 0.4821 -0.6170
vn 0.6220 0.4821 -0.6170
vn 0.6230 0.4802 -0.6175
vn 0.6230 0.4802 -0.6175
vn 0.6230 0.4802 -0.6175
vn 0.6132 0.4274 -0.6643
vn 0.6132 0.4274 -0.6643
vn 0.6132 0.4274 -0.6643
vn 0.6082 0.4216 -0.6725
vn 0.6082 0.4216 -0.6725
vn 0.6082 0.4216 -0.6725
vn 0.7075 0.4516 -0.5436
vn 0.7075 0.4516 -0.5436
vn 0.7075 0.4516 -0.5436
vn 0.7074 0.4519 -0.5435
vn 0.7071 0.4529 -0.5430
vn 0.7071 0.4529 -0.5430
vn 0.7071 0.4529 -0.5430
vn 0.7068 0.4546 -0.5421
vn 0.7054 0.4600 -0.5392
vn 0.7054 0.4600 -0.5392
vn 0.7012 0.4805 -0.5268
vn 0.7012 0.4805 -0.5268
vn 0.7012 0.4805 -0.5268
vn 0.7080 0.4357 -0.5558
vn 0.7080 0.4357 -0.5558
vn 0.7080 0.4357 -0.5558
vn 0.1486 0.4055 -0.9019
vn 0.1486 0.4055 -0.9019
vn 0.1486 0.4055 -0.9019
vn 0.1522 0.3904 -0.9080
vn 0.1522 0.3904 -0.9080
vn 0.1498 0.3979 -0.9051
vn 0.1498 0.3979 -0.9051
vn 0.1498 0.3979 -0.9051
vn 0.4352 0.4166 -0.7981
vn 0.4352 0.4166 -0.7981
vn 0.4352 0.4166 -0.7981
vn 0.3770 0.4910 -0.7854
vn 0.3770 0.4910 -0.7854
vn 0.3770 0.4910 -0.7854
vn 0.4464 0.4326 -0.7833
vn 0.4464 0.4326 -0.7833
vn 0.4464 0.4326 -0.7833
vn 0.4502 0.4147 -0.7908
vn 0.4502 0.4147 -0.7908
vn 0.4502 0.4147 -0.7908
vn 0.4271 0.4204 -0.8005
vn 0.4271 0.4204 -0.8005
vn 0.4271 0.4204 -0.8005
vn 0.3634 0.4744 -0.8018
vn 0.3634 0.4744 -0.8018
vn 0.3634 0.4744 -0.8018
vn 0.3890 0.4027 -0.8286
vn 0.3890 0.4027 -0.8286
vn 0.3047 0.4023 -0.8633
vn 0.3047 0.4023 -0.8633
vn 0.3047 0.4023 -0.8633
vn 0.2506 0.4703 -0.8462
vn 0.2207 0.2932 -0.9302
vn 0.2207 0.2932 -0.9302
vn 0.2207 0.2932 -0.9302
vn 0.1450 0.4072 -0.9018
vn 0.1450 0.4072 -0.9018
vn 0.1450 0.4072 -0.9018
vn 0.3954 0.4379 -0.8074
vn 0.3965 0.4229 -0.8149
vn 0.3965 0.4229 -0.8149
vn 0.2618 0.4208 -0.8686
vn 0.2604 0.3990 -0.8792
vn 0.1516 0.3950 -0.9061
vn 0.1515 0.3941 -0.9065
vn 0.1515 0.3941 -0.9065
vn 0.1515 0.3941 -0.9065
vn -0.8690 -0.4217 0.2587
vn -0.8690 -0.4217 0.2587
vn -0.8690 -0.4217 0.2587
vn -0.8692 -0.4255 0.2520
vn -0.8692 -0.4255 0.2520
vn -0.8692 -0.4255 0.2520
vn -0.8642 -0.4351 0.2525
vn -0.8642 -0.4351 0.2525
vn -0.8642 -0.4351 0.2525
vn -0.8192 -0.4966 0.2870
vn -0.8192 -0.4966 0.2870
vn -0.8192 -0.4966 0.2870
vn -0.8321 -0.4672 0.2987
vn -0.8252 -0.4820 0.2945
vn -0.8252 -0.4820 0.2945
vn -0.8252 -0.4820 0.2945
vn -0.7870 -0.4711 0.3983
vn -0.7870 -0.4711 0.3983
vn -0.7870 -0.4711 0.3983
vn -0.7826 -0.4529 0.4271
vn -0.7826 -0.4529 0.4271
vn -0.7826 -0.4529 0.4271
vn -0.7860 -0.4374 0.4369
vn -0.7860 -0.4374 0.4369
vn -0.8640 -0.4273 0.2662
vn -0.8640 -0.4273 0.2662
vn -0.8260 -0.4802 0.2951
vn -0.8260 -0.4802 0.2951
vn -0.8260 -0.4802 0.2951
vn -0.8387 -0.4429 0.3170
vn -0.8062 -0.4353 0.4006
vn -0.8007 -0.4504 0.3949
vn -0.8007 -0.4504 0.3949
vn -0.8007 -0.4504 0.3949
vn -0.7946 -0.4269 0.4317
vn -0.7946 -0.4269 0.4317
vn -0.7946 -0.4269 0.4317
vn -0.7934 -0.4355 0.4253
vn -0.7934 -0.4355 0.4253
vn -0.7934 -0.4355 0.4253
vn -0.8837 0.4081 -0.2291
vn -0.8999 0.4354 0.0241
vn -0.8999 0.4354 0.0241
vn -0.8999 0.4354 0.0241
vn -0.8840 0.4667 0.0287
vn -0.8840 0.4667 0.0287
vn -0.8840 0.4667 0.0287
vn -0.9027 0.4239 0.0743
vn -0.9027 0.4239 0.0743
vn -0.9027 0.4239 0.0743
vn -0.8960 0.4427 0.0355
vn -0.8960 0.4427 0.0355
vn -0.8960 0.4427 0.0355
vn -0.9066 0.4201 0.0398
vn -0.9079 0.4163 0.0493
vn -0.9079 0.4163 0.0493
vn -0.9079 0.4163 0.0493
vn -0.9078 0.4154 0.0572
vn -0.9078 0.4154 0.0572
vn -0.9078 0.4154 0.0572
vn -0.8759 0.4746 -0.0872
vn -0.8759 0.4746 -0.0872
vn -0.8759 0.4746 -0.0872
vn -0.9097 0.4094 -0.0697
vn -0.9097 0.4094 -0.0697
vn -0.9097 0.4094 -0.0697
vn -0.9121 0.4098 0.0091
vn -0.9121 0.4098 0.0091
vn -0.9121 0.4098 0.0091
vn -0.8845 0.3818 -0.2681
vn -0.8845 0.3818 -0.2681
vn -0.8845 0.3818 -0.2681
vn -0.8842 0.3842 -0.2657
vn -0.8842 0.3842 -0.2657
vn -0.8842 0.3842 -0.2657
vn -0.8712 0.4350 -0.2275
vn -0.8712 0.4350 -0.2275
vn -0.8712 0.4350 -0.2275
vn -0.8962 0.3861 -0.2184
vn -0.9097 0.3887 -0.1461
vn -0.8783 0.4191 -0.2301
vn -0.8783 0.4191 -0.2301
vn -0.8783 0.4191 -0.2301
vn -0.8855 0.4038 -0.2299
vn -0.9087 0.4086 -0.0861
vn -0.8989 0.4290 -0.0894
vn -0.9021 0.4301 0.0356
vn -0.9021 0.4301 0.0356
vn -0.9021 0.4301 0.0356
vn -0.8976 0.4397 0.0320
vn -0.8976 0.4397 0.0320
vn -0.8976 0.4397 0.0320
vn -0.7792 -0.3912 0.4897
vn -0.8056 -0.3520 0.4765
vn -0.7881 -0.3995 0.4684
vn -0.7729 -0.4205 0.4752
vn -0.7725 -0.4326 0.4649
vn -0.7647 -0.4556 0.4557
vn -0.7647 -0.4556 0.4557
vn -0.7647 -0.4556 0.4557
vn -0.8627 -0.0007 0.5057
vn -0.8627 -0.0007 0.5057
vn -0.8627 -0.0007 0.5057
vn -0.8588 -0.0493 0.5099
vn -0.8588 -0.0493 0.5099
vn -0.8588 -0.0493 0.5099
vn -0.8645 -0.0785 0.4965
vn -0.8652 -0.0946 0.4924
vn -0.8881 -0.0813 0.4524
vn -0.8881 -0.0813 0.4524
vn -0.8881 -0.0813 0.4524
vn -0.8636 -0.1655 0.4763
vn -0.8623 0.0123 0.5063
vn -0.8623 0.0123 0.5063
vn -0.8623 0.0123 0.5063
vn -0.8586 0.0486 0.5104
vn -0.8499 0.0346 0.5258
vn -0.8499 0.0346 0.5258
vn -0.8499 0.0346 0.5258
vn -0.8822 0.2913 0.3700
vn -0.8822 0.2913 0.3700
vn -0.8810 0.2954 0.3695
vn -0.8810 0.2954 0.3695
vn -0.8810 0.2954 0.3695
vn -0.8804 0.2982 0.3688
vn -0.8804 0.2982 0.3688
vn -0.8804 0.2982 0.3688
vn -0.8799 0.3015 0.3674
vn -0.8799 0.3015 0.3674
vn -0.8799 0.3015 0.3674
vn -0.8826 0.2747 0.3815
vn -0.8658 0.2511 0.4329
vn -0.8897 0.2231 0.3984
vn -0.8897 0.2231 0.3984
vn -0.8897 0.2231 0.3984
vn -0.9006 0.1516 0.4074
vn -0.9006 0.1516 0.4074
vn -0.8294 0.3162 0.4606
vn -0.8294 0.3162 0.4606
vn -0.8294 0.3162 0.4606
vn -0.8411 0.3182 0.4374
vn -0.8411 0.3182 0.4374
vn -0.8411 0.3182 0.4374
vn -0.8327 0.3956 0.3875
vn -0.8327 0.3956 0.3875
vn -0.8327 0.3956 0.3875
vn -0.8883 0.2738 0.3687
vn -0.8883 0.2738 0.3687
vn -0.8883 0.2738 0.3687
vn -0.8840 0.2859 0.3698
vn -0.8840 0.2859 0.3698
vn -0.8840 0.2859 0.3698
vn -0.7881 0.3994 0.4683
vn -0.7881 0.3994 0.4683
vn -0.7881 0.3994 0.4683
vn -0.8081 0.3449 0.4776
vn -0.8081 0.3449 0.4776
vn -0.8081 0.3449 0.4776
vn -0.7648 0.4554 0.4557
vn -0.7648 0.4554 0.4557
vn -0.7726 0.4323 0.4649
vn -0.7726 0.4323 0.4649
vn -0.7726 0.4323 0.4649
vn -0.7730 0.4205 0.4751
vn -0.7730 0.4205 0.4751
vn -0.7730 0.4205 0.4751
vn -0.7722 0.4205 0.4764
vn -0.7722 0.4205 0.4764
vn -0.7722 0.4205 0.4764
vn -0.7731 0.4079 0.4858
vn -0.8400 0.1433 0.5234
vn -0.8400 0.1433 0.5234
vn -0.8429 0.1352 0.5209
vn -0.8207 0.2471 0.5151
vn -0.8207 0.2471 0.5151
vn -0.8271 0.2340 0.5111
vn -0.7970 0.3437 0.4966
vn -0.7861 0.3668 0.4975
vn -0.7605 0.4540 0.4642
vn -0.7605 0.4540 0.4642
vn -0.7605 0.4540 0.4642
vn -0.8492 -0.0484 0.5259
vn -0.8599 -0.0486 0.5081
vn -0.8450 -0.0269 0.5341
vn -0.8450 -0.0269 0.5341
vn -0.8450 -0.0269 0.5341
vn -0.8687 -0.2517 0.4265
vn -0.8679 -0.2525 0.4277
vn -0.8679 -0.2525 0.4277
vn -0.8679 -0.2525 0.4277
vn -0.8420 -0.2489 0.4787
vn -0.8420 -0.2490 0.4786
vn -0.8222 -0.2469 0.5129
vn -0.8222 -0.2469 0.5129
vn -0.8222 -0.2469 0.5129
vn -0.8225 -0.2570 0.5074
vn -0.8225 -0.2570 0.5074
vn -0.8225 -0.2570 0.5074
vn -0.8834 -0.2990 0.3608
vn -0.8834 -0.2990 0.3608
vn -0.8834 -0.2990 0.3608
vn -0.8805 -0.2974 0.3692
vn -0.8805 -0.2974 0.3692
vn -0.8805 -0.2974 0.3692
vn -0.8798 -0.3017 0.3672
vn -0.8798 -0.3017 0.3672
vn -0.8840 -0.2542 0.3922
vn -0.9560 -0.1591 0.2464
vn -0.9560 -0.1591 0.2464
vn -0.9560 -0.1591 0.2464
vn -0.8812 -0.1918 0.4321
vn -0.8812 -0.1918 0.4321
vn -0.8812 -0.1918 0.4321
vn -0.8806 -0.1468 0.4506
vn -0.8600 -0.1450 0.4892
vn -0.8600 -0.1450 0.4892
vn -0.8600 -0.1450 0.4892
vn -0.8600 -0.1446 0.4894
vn -0.8388 -0.1433 0.5252
vn -0.8384 -0.1402 0.5267
vn -0.8555 0.3010 0.4213
vn -0.8555 0.3010 0.4213
vn -0.8555 0.3010 0.4213
vn -0.8682 0.2517 0.4276
vn -0.8682 0.2517 0.4276
vn -0.8682 0.2517 0.4276
vn -0.8686 0.2527 0.4262
vn -0.8855 0.1649 0.4344
vn -0.8608 0.1451 0.4879
vn -0.8608 0.1451 0.4879
vn -0.8608 0.1451 0.4879
vn -0.9627 -0.0575 0.2643
vn -0.9627 -0.0575 0.2643
vn -0.9627 -0.0575 0.2643
vn -0.8672 0.0638 0.4939
vn -0.8672 0.0638 0.4939
vn -0.8672 0.0638 0.4939
vn -0.8597 0.1452 0.4897
vn -0.8597 0.1452 0.4897
vn -0.8597 0.1452 0.4897
vn -0.8601 0.1449 0.4892
vn -0.8419 0.2489 0.4789
vn -0.8420 0.2487 0.4787
vn -0.8425 0.2461 0.4793
vn -0.8425 0.2461 0.4793
vn -0.8425 0.2461 0.4793
vn -0.8009 0.3515 0.4847
vn -0.8009 0.3515 0.4847
vn -0.8009 0.3515 0.4847
vn -0.8829 -0.2995 0.3617
vn -0.8829 -0.2995 0.3617
vn -0.8829 -0.2995 0.3617
vn -0.8829 -0.2998 0.3613
vn -0.8829 -0.2998 0.3613
vn -0.8837 -0.2858 0.3708
vn -0.8837 -0.2858 0.3708
vn -0.8837 -0.2858 0.3708
vn -0.8326 -0.3956 0.3876
vn -0.8326 -0.3956 0.3876
vn -0.8326 -0.3956 0.3876
vn -0.8555 -0.3009 0.4214
vn -0.8555 -0.3009 0.4214
vn -0.8555 -0.3009 0.4214
vn -0.8246 -0.3367 0.4546
vn -0.8246 -0.3367 0.4546
vn -0.8425 -0.2459 0.4793
vn -0.8425 -0.2459 0.4793
vn -0.8425 -0.2459 0.4793
vn -0.8040 -0.3444 0.4848
vn -0.8040 -0.3444 0.4848
vn -0.8040 -0.3444 0.4848
vn -0.7983 -0.3436 0.4946
vn -0.7633 -0.4191 0.4918
vn -0.7866 -0.3817 0.4854
vn -0.8479 -0.0402 0.5286
vn -0.8484 0.0219 0.5289
vn -0.8504 0.0484 0.5240
vn -0.8503 0.0490 0.5240
vn -0.8463 0.0744 0.5274
vn -0.7956 0.4517 0.4037
vn -0.7956 0.4517 0.4037
vn -0.7956 0.4517 0.4037
vn -0.7959 0.4520 0.4028
vn -0.7959 0.4520 0.4028
vn -0.7945 0.4545 0.4028
vn -0.7945 0.4545 0.4028
vn -0.7945 0.4545 0.4028
vn -0.8692 0.4217 0.2583
vn -0.8692 0.4217 0.2583
vn -0.8692 0.4217 0.2583
vn -0.8252 0.4821 0.2944
vn -0.8252 0.4821 0.2944
vn -0.8252 0.4821 0.2944
vn -0.8321 0.4674 0.2986
vn -0.8321 0.4674 0.2986
vn -0.8321 0.4674 0.2986
vn -0.8192 0.4967 0.2869
vn -0.8192 0.4967 0.2869
vn -0.8192 0.4967 0.2869
vn -0.8640 0.4355 0.2527
vn -0.8640 0.4355 0.2527
vn -0.8640 0.4355 0.2527
vn -0.8691 0.4256 0.2520
vn -0.8691 0.4256 0.2520
vn -0.8691 0.4256 0.2520
vn -0.7944 0.4320 0.4270
vn -0.7944 0.4320 0.4270
vn -0.7944 0.4320 0.4270
vn -0.7842 0.4715 0.4033
vn -0.7842 0.4715 0.4033
vn -0.8073 0.4356 0.3982
vn -0.8401 0.4432 0.3127
vn -0.8098 0.5004 0.3062
vn -0.8098 0.5004 0.3062
vn -0.8098 0.5004 0.3062
vn -0.8640 0.4272 0.2665
vn -0.8640 0.4272 0.2665
vn -0.8640 0.4272 0.2665
vn 0.8574 0.5036 0.1063
vn 0.8574 0.5036 0.1063
vn 0.8474 0.5224 0.0948
vn 0.8635 0.4820 0.1483
vn 0.8635 0.4820 0.1483
vn 0.8499 0.5004 0.1653
vn 0.8499 0.5004 0.1653
vn 0.8528 0.4952 0.1659
vn 0.8528 0.4952 0.1659
vn 0.8491 0.5007 0.1680
vn 0.8491 0.5007 0.1680
vn 0.8491 0.5007 0.1680
vn 0.8493 0.5002 0.1688
vn 0.8493 0.5002 0.1688
vn 0.8493 0.5002 0.1688
vn 0.8507 0.4971 0.1711
vn 0.8507 0.4971 0.1711
vn 0.8507 0.4971 0.1711
vn 0.8469 0.5007 0.1790
vn 0.8501 0.4887 0.1964
vn 0.8496 0.4900 0.1952
vn 0.8421 0.5017 0.1978
vn 0.8449 0.4882 0.2185
vn 0.8363 0.5018 0.2209
vn 0.8407 0.4879 0.2350
vn 0.8407 0.4879 0.2350
vn 0.8407 0.4879 0.2350
vn 0.8407 0.4878 0.2350
vn 0.8407 0.4878 0.2350
vn 0.8407 0.4878 0.2350
vn 0.8290 0.5010 0.2484
vn 0.8319 0.4849 0.2698
vn 0.8191 0.5009 0.2796
vn 0.8690 0.4886 0.0785
vn 0.8690 0.4886 0.0785
vn 0.8690 0.4886 0.0785
vn 0.8665 0.4992 -0.0014
vn 0.8332 0.5338 -0.1444
vn 0.8332 0.5338 -0.1444
vn 0.8538 0.4862 -0.1859
vn 0.8201 0.5214 -0.2356
vn 0.8201 0.5214 -0.2356
vn 0.8433 0.4906 -0.2193
vn 0.8433 0.4906 -0.2193
vn 0.8433 0.4906 -0.2193
vn 0.8466 0.4737 -0.2426
vn 0.8466 0.4737 -0.2426
vn 0.8314 0.4739 -0.2902
vn 0.8345 0.4707 -0.2864
vn 0.8345 0.4707 -0.2864
vn 0.8345 0.4707 -0.2864
vn 0.8521 0.4443 -0.2766
vn 0.8521 0.4443 -0.2766
vn -0.5337 -0.4858 0.6922
vn -0.5582 -0.5171 0.6488
vn -0.5586 -0.4880 0.6707
vn -0.5857 -0.4743 0.6573
vn -0.5857 -0.4743 0.6573
vn -0.5857 -0.4743 0.6573
vn -0.6173 -0.4758 0.6266
vn -0.6173 -0.4758 0.6266
vn -0.6082 -0.4576 0.6486
vn -0.6082 -0.4576 0.6486
vn -0.6192 -0.4466 0.6459
vn -0.6192 -0.4466 0.6459
vn -0.6192 -0.4466 0.6459
vn -0.5578 -0.4462 0.6999
vn -0.5578 -0.4462 0.6999
vn -0.5577 -0.4462 0.6999
vn -0.5683 -0.4240 0.7051
vn -0.5683 -0.4240 0.7051
vn -0.5683 -0.4240 0.7051
vn -0.6176 -0.3331 0.7125
vn -0.6176 -0.3331 0.7125
vn -0.6176 -0.3331 0.7125
vn -0.6568 0.6518 0.3791
vn -0.6568 0.6518 0.3791
vn -0.6568 0.6518 0.3791
vn -0.7413 0.3755 0.5563
vn -0.7413 0.3755 0.5563
vn -0.7413 0.3755 0.5563
vn -0.7395 0.3452 0.5779
vn -0.7395 0.3452 0.5779
vn -0.7395 0.3452 0.5779
vn -0.7167 -0.0779 0.6930
vn -0.7167 -0.0779 0.6930
vn -0.7104 -0.0918 0.6978
vn -0.7104 -0.0918 0.6978
vn -0.7104 -0.0918 0.6978
vn -0.6287 -0.3084 0.7139
vn -0.6287 -0.3084 0.7139
vn -0.6287 -0.3084 0.7139
vn -0.5520 0.8050 0.2173
vn -0.5520 0.8050 0.2173
vn -0.5520 0.8050 0.2173
vn -0.5373 0.8185 0.2035
vn -0.5373 0.8185 0.2035
vn -0.5373 0.8185 0.2035
vn -0.6489 0.6703 0.3601
vn -0.6489 0.6703 0.3601
vn -0.6489 0.6703 0.3601
vn -0.4455 0.8904 0.0937
vn -0.4455 0.8904 0.0937
vn -0.4455 0.8904 0.0937
vn -0.2917 0.9522 -0.0908
vn -0.2917 0.9522 -0.0908
vn -0.2917 0.9522 -0.0908
vn -0.3244 0.9451 -0.0386
vn -0.3244 0.9451 -0.0386
vn -0.3244 0.9451 -0.0386
vn 0.4346 0.3807 0.8162
vn 0.4346 0.3807 0.8162
vn 0.4346 0.3807 0.8162
vn 0.4000 0.3315 0.8545
vn 0.4225 0.3429 0.8390
vn 0.4225 0.3429 0.8390
vn 0.4429 0.3217 0.8369
vn 0.4874 0.3363 0.8058
vn 0.4874 0.3363 0.8058
vn 0.4874 0.3363 0.8058
vn -0.7083 -0.3834 -0.5927
vn -0.7083 -0.3834 -0.5927
vn -0.5655 -0.3811 -0.7314
vn -0.5817 -0.3653 -0.7267
vn -0.5817 -0.3653 -0.7267
vn -0.5817 -0.3653 -0.7267
vn -0.5761 -0.3843 -0.7214
vn -0.5761 -0.3843 -0.7214
vn -0.5761 -0.3843 -0.7214
vn -0.6577 -0.3625 -0.6603
vn -0.6577 -0.3625 -0.6603
vn -0.6577 -0.3625 -0.6603
vn -0.6289 -0.3791 -0.6788
vn -0.6289 -0.3791 -0.6788
vn -0.6289 -0.3791 -0.6788
vn -0.6294 -0.3677 -0.6846
vn -0.5849 -0.3712 -0.7212
vn -0.5849 -0.3712 -0.7212
vn -0.5849 -0.3712 -0.7212
vn -0.5775 -0.3817 -0.7217
vn -0.5775 -0.3817 -0.7217
vn -0.5775 -0.3817 -0.7217
vn 0.7845 0.4137 0.4620
vn 0.7845 0.4137 0.4620
vn 0.7845 0.4137 0.4620
vn 0.6975 0.3805 0.6072
vn 0.6975 0.3805 0.6072
vn 0.7071 0.4403 0.5533
vn 0.7262 0.3806 0.5725
vn 0.7262 0.3806 0.5725
vn 0.7262 0.3806 0.5725
vn 0.7275 0.4291 0.5354
vn 0.7275 0.4291 0.5354
vn 0.7275 0.4291 0.5354
vn 0.7486 0.4002 0.5286
vn 0.7486 0.4002 0.5286
vn 0.7486 0.4002 0.5286
vn 0.7241 0.3392 0.6005
vn 0.7241 0.3392 0.6005
vn 0.7241 0.3392 0.6005
vn 0.7168 0.3494 0.6034
vn 0.7168 0.3494 0.6034
vn 0.7168 0.3494 0.6034
vn 0.8156 0.1544 0.5577
vn 0.8156 0.1544 0.5577
vn 0.8946 -0.0454 0.4446
vn 0.8946 -0.0454 0.4446
vn 0.8946 -0.0454 0.4446
vn 0.8490 0.0630 0.5246
vn 0.8490 0.0630 0.5246
vn 0.8490 0.0630 0.5246
vn 0.8901 -0.2446 0.3845
vn 0.8901 -0.2446 0.3845
vn 0.8901 -0.2446 0.3845
vn 0.8735 -0.4243 0.2386
vn 0.8735 -0.4243 0.2386
vn 0.8735 -0.4243 0.2386
vn 0.8779 -0.3316 0.3454
vn 0.8779 -0.3316 0.3454
vn 0.8779 -0.3316 0.3454
vn 0.7314 -0.6802 0.0488
vn 0.7314 -0.6802 0.0488
vn 0.7314 -0.6802 0.0488
vn 0.7378 -0.6722 0.0621
vn 0.7378 -0.6722 0.0621
vn 0.7378 -0.6722 0.0621
vn 0.5032 -0.8495 -0.1582
vn 0.5347 -0.8353 -0.1281
vn 0.5347 -0.8353 -0.1281
vn 0.5347 -0.8353 -0.1281
vn 0.2931 -0.9087 -0.2971
vn 0.2931 -0.9087 -0.2971
vn 0.2931 -0.9087 -0.2971
vn 0.3212 -0.9064 -0.2742
vn 0.3212 -0.9064 -0.2742
vn 0.3212 -0.9064 -0.2742
vn -0.8670 -0.4872 -0.1043
vn -0.8670 -0.4872 -0.1043
vn -0.8199 -0.4919 -0.2929
vn -0.8199 -0.4919 -0.2929
vn -0.8199 -0.4919 -0.2929
vn -0.8313 -0.4783 -0.2831
vn -0.8313 -0.4783 -0.2831
vn -0.8313 -0.4783 -0.2831
vn -0.8602 -0.4725 -0.1918
vn -0.8451 -0.4859 -0.2228
vn -0.8451 -0.4859 -0.2228
vn -0.8451 -0.4859 -0.2228
vn -0.8472 -0.4814 -0.2249
vn -0.8297 -0.4827 -0.2805
vn -0.8297 -0.4827 -0.2805
vn -0.8224 -0.4919 -0.2857
vn -0.8224 -0.4919 -0.2857
vn -0.8224 -0.4919 -0.2857
vn -0.6187 0.3400 -0.7083
vn -0.6187 0.3400 -0.7083
vn -0.5718 0.3452 -0.7442
vn -0.5718 0.3452 -0.7442
vn -0.5718 0.3452 -0.7442
vn -0.6118 0.3334 -0.7173
vn -0.6118 0.3334 -0.7173
vn -0.6118 0.3334 -0.7173
vn -0.6188 0.3428 -0.7068
vn -0.6188 0.3428 -0.7068
vn -0.6188 0.3428 -0.7068
vn 0.5119 -0.3383 0.7896
vn 0.5119 -0.3383 0.7896
vn 0.5119 -0.3383 0.7896
vn 0.6022 -0.3466 0.7192
vn 0.6022 -0.3466 0.7192
vn 0.5759 -0.3463 0.7406
vn 0.5814 -0.3362 0.7409
vn 0.5814 -0.3362 0.7409
vn 0.5814 -0.3362 0.7409
vn 0.5624 -0.3208 0.7621
vn 0.5624 -0.3208 0.7621
vn 0.5983 -0.3288 0.7307
vn 0.5983 -0.3288 0.7307
vn 0.5983 -0.3288 0.7307
vn 0.5855 -0.2844 0.7592
vn 0.5855 -0.2844 0.7592
vn 0.5855 -0.2844 0.7592
vn 0.5754 -0.2368 0.7828
vn 0.5754 -0.2368 0.7828
vn 0.5754 -0.2368 0.7828
vn 0.4949 -0.0329 0.8683
vn 0.4949 -0.0329 0.8683
vn 0.4949 -0.0329 0.8683
vn 0.4720 0.0005 0.8816
vn 0.4720 0.0005 0.8816
vn 0.4720 0.0005 0.8816
vn 0.3103 0.3470 0.8851
vn 0.3103 0.3470 0.8851
vn 0.2865 0.3694 0.8840
vn 0.2865 0.3694 0.8840
vn 0.2865 0.3694 0.8840
vn 0.0521 0.6648 0.7452
vn 0.0521 0.6648 0.7452
vn 0.0521 0.6648 0.7452
vn 0.0342 0.6753 0.7368
vn 0.0342 0.6753 0.7368
vn 0.0342 0.6753 0.7368
vn -0.1627 0.8336 0.5279
vn -0.1627 0.8336 0.5279
vn -0.1627 0.8336 0.5279
vn -0.3283 0.8830 0.3354
vn -0.2347 0.8759 0.4215
vn -0.2347 0.8759 0.4215
vn -0.2347 0.8759 0.4215
vn -0.4281 0.3780 -0.8209
vn -0.4281 0.3780 -0.8209
vn -0.4281 0.3780 -0.8209
vn -0.4190 0.3655 -0.8311
vn -0.4190 0.3655 -0.8311
vn -0.4190 0.3655 -0.8311
vn -0.4161 0.3806 -0.8259
vn -0.4161 0.3806 -0.8259
vn -0.4161 0.3806 -0.8259
vn -0.2196 0.3868 -0.8956
vn -0.2196 0.3868 -0.8956
vn -0.2196 0.3868 -0.8956
vn -0.3123 0.3623 -0.8782
vn -0.3123 0.3623 -0.8782
vn -0.3123 0.3623 -0.8782
vn -0.3318 0.3712 -0.8672
vn -0.3318 0.3712 -0.8672
vn -0.3318 0.3712 -0.8672
vn -0.3720 0.3614 -0.8550
vn -0.3720 0.3614 -0.8550
vn -0.4156 0.3664 -0.8325
vn -0.4156 0.3664 -0.8325
vn -0.4156 0.3664 -0.8325
vn 0.0688 -0.4188 0.9055
vn 0.0688 -0.4188 0.9055
vn 0.0688 -0.4188 0.9055
vn 0.2498 -0.3767 0.8920
vn 0.2498 -0.3767 0.8920
vn 0.2498 -0.3767 0.8920
vn 0.1948 -0.4392 0.8770
vn 0.2028 -0.3806 0.9022
vn 0.1787 -0.4225 0.8886
vn 0.1529 -0.4007 0.9034
vn 0.1529 -0.4007 0.9034
vn 0.1529 -0.4007 0.9034
vn -0.1769 0.4285 0.8860
vn -0.1769 0.4285 0.8860
vn -0.1769 0.4285 0.8860
vn -0.0738 0.3283 0.9417
vn -0.0738 0.3283 0.9417
vn -0.0738 0.3283 0.9417
vn -0.2793 0.6761 0.6818
vn -0.2793 0.6761 0.6818
vn -0.2793 0.6761 0.6818
vn -0.2702 0.6682 0.6932
vn -0.2702 0.6682 0.6932
vn -0.2702 0.6682 0.6932
vn -0.3680 0.8469 0.3839
vn -0.3680 0.8469 0.3839
vn -0.3955 0.8719 0.2887
vn -0.3955 0.8719 0.2887
vn -0.3955 0.8719 0.2887
vn -0.3947 0.9091 0.1332
vn -0.3947 0.9091 0.1332
vn -0.4033 0.9150 0.0103
vn -0.4033 0.9150 0.0103
vn -0.4033 0.9150 0.0103
vn -0.0466 0.2508 0.9669
vn -0.0466 0.2508 0.9669
vn -0.0466 0.2508 0.9669
vn 0.1045 -0.0639 0.9925
vn 0.1045 -0.0639 0.9925
vn 0.1045 -0.0639 0.9925
vn 0.1140 -0.0749 0.9906
vn 0.1140 -0.0749 0.9906
vn 0.1140 -0.0749 0.9906
vn 0.2382 -0.3475 0.9069
vn 0.2382 -0.3475 0.9069
vn 0.2382 -0.3475 0.9069
vn 0.2319 -0.3366 0.9127
vn 0.2319 -0.3366 0.9127
vn 0.2319 -0.3366 0.9127
vn 0.2803 0.4867 -0.8274
vn 0.2803 0.4867 -0.8274
vn 0.2803 0.4867 -0.8274
vn 0.0841 0.4896 -0.8679
vn 0.0841 0.4896 -0.8679
vn 0.0841 0.4896 -0.8679
vn 0.0966 0.4772 -0.8735
vn 0.0966 0.4772 -0.8735
vn 0.0966 0.4772 -0.8735
vn 0.1976 0.4714 -0.8595
vn 0.1976 0.4714 -0.8595
vn 0.1976 0.4714 -0.8595
vn 0.1605 0.4840 -0.8602
vn 0.1605 0.4840 -0.8602
vn 0.1605 0.4840 -0.8602
vn 0.1586 0.4777 -0.8641
vn 0.1586 0.4777 -0.8641
vn 0.1586 0.4777 -0.8641
vn 0.0993 0.4803 -0.8715
vn 0.0993 0.4803 -0.8715
vn 0.0993 0.4803 -0.8715
vn 0.0928 0.4904 -0.8665
vn 0.0928 0.4904 -0.8665
vn 0.0928 0.4904 -0.8665
vn -0.3722 -0.3441 -0.8620
vn -0.3722 -0.3441 -0.8620
vn -0.3722 -0.3441 -0.8620
vn -0.4277 -0.3497 -0.8336
vn -0.4277 -0.3497 -0.8336
vn -0.4277 -0.3497 -0.8336
vn -0.3832 -0.3376 -0.8598
vn -0.3832 -0.3376 -0.8598
vn -0.3832 -0.3376 -0.8598
vn -0.3706 -0.3480 -0.8611
vn -0.3706 -0.3480 -0.8611
vn -0.3706 -0.3480 -0.8611
vn -0.6356 -0.2685 -0.7239
vn -0.6356 -0.2685 -0.7239
vn -0.3890 -0.3139 -0.8661
vn -0.3890 -0.3139 -0.8661
vn -0.4047 -0.2466 -0.8806
vn -0.4047 -0.2466 -0.8806
vn -0.3656 -0.2709 -0.8905
vn -0.3656 -0.2709 -0.8905
vn -0.3656 -0.2709 -0.8905
vn -0.3483 -0.2614 -0.9002
vn -0.3483 -0.2614 -0.9002
vn -0.3483 -0.2614 -0.9002
vn -0.3563 -0.2554 -0.8988
vn -0.3563 -0.2554 -0.8988
vn -0.3563 -0.2554 -0.8988
vn -0.3593 -0.2555 -0.8976
vn -0.3593 -0.2555 -0.8976
vn -0.3593 -0.2555 -0.8976
vn -0.3923 -0.2950 -0.8713
vn -0.3923 -0.2950 -0.8713
vn -0.3923 -0.2950 -0.8713
vn -0.3647 -0.2589 -0.8944
vn -0.3647 -0.2589 -0.8944
vn -0.3647 -0.2589 -0.8944
vn -0.3635 -0.2572 -0.8954
vn -0.3635 -0.2572 -0.8954
vn -0.6459 -0.2613 -0.7173
vn -0.6459 -0.2613 -0.7173
vn -0.6459 -0.2613 -0.7173
vn -0.6456 -0.2695 -0.7146
vn -0.6456 -0.2695 -0.7146
vn -0.6456 -0.2695 -0.7146
vn -0.6535 -0.2519 -0.7137
vn -0.6535 -0.2519 -0.7137
vn -0.6535 -0.2519 -0.7137
vn -0.6578 -0.2573 -0.7079
vn -0.6578 -0.2573 -0.7079
vn -0.6578 -0.2573 -0.7079
vn -0.6566 -0.2647 -0.7063
vn -0.6566 -0.2647 -0.7063
vn -0.6044 -0.3244 -0.7276
vn -0.6044 -0.3244 -0.7276
vn -0.6044 -0.3244 -0.7276
vn -0.6309 -0.2897 -0.7197
vn -0.6309 -0.2897 -0.7197
vn -0.6222 -0.1554 -0.7673
vn -0.6222 -0.1554 -0.7673
vn -0.6222 -0.1554 -0.7673
vn -0.5532 -0.3504 -0.7557
vn -0.5523 -0.2422 -0.7977
vn -0.5523 -0.2422 -0.7977
vn -0.4868 -0.2417 -0.8394
vn -0.4868 -0.2417 -0.8394
vn -0.4868 -0.2417 -0.8394
vn -0.4771 -0.3899 -0.7876
vn -0.4771 -0.3899 -0.7876
vn -0.4771 -0.3899 -0.7876
vn -0.4578 -0.2450 -0.8546
vn -0.6372 -0.2643 -0.7240
vn -0.6372 -0.2643 -0.7240
vn -0.6372 -0.2643 -0.7240
vn -0.6375 -0.2623 -0.7245
vn -0.5925 -0.2604 -0.7623
vn -0.5848 -0.1414 -0.7988
vn -0.5512 -0.2543 -0.7947
vn -0.5512 -0.2543 -0.7947
vn -0.3519 -0.2713 -0.8958
vn -0.3519 -0.2713 -0.8958
vn -0.3519 -0.2713 -0.8958
vn -0.3744 -0.2333 -0.8974
vn -0.3744 -0.2333 -0.8974
vn -0.3995 -0.1412 -0.9058
vn -0.4111 -0.2585 -0.8742
vn -0.4849 -0.2562 -0.8362
vn -0.4857 -0.1820 -0.8550
vn -0.4857 -0.1820 -0.8550
vn -0.4857 -0.1820 -0.8550
vn -0.5221 -0.2542 -0.8141
vn -0.5221 -0.2542 -0.8141
vn 0.5327 0.0004 0.8463
vn 0.5327 0.0002 0.8463
vn 0.5327 0.0002 0.8463
vn 0.5327 -0.0000 0.8463
vn 0.5327 -0.0000 0.8463
vn 0.5327 -0.0000 0.8463
vn 0.5327 0.0002 0.8463
vn 0.5327 0.0002 0.8463
vn 0.5327 0.0002 0.8463
vn 0.5326 -0.0002 0.8464
vn 0.5326 -0.0002 0.8464
vn 0.5326 -0.0002 0.8464
vn 0.5326 -0.0000 0.8464
vn 0.5326 -0.0000 0.8464
vn 0.5326 -0.0000 0.8464
vn 0.5327 0.0000 0.8463
vn 0.5327 0.0001 0.8463
vn 0.5327 0.0001 0.8463
vn 0.5326 -0.0003 0.8463
vn 0.5325 -0.0002 0.8464
vn 0.5329 0.0002 0.8462
vn 0.5326 -0.0001 0.8464
vn 0.5325 -0.0002 0.8464
vn 0.5329 0.0003 0.8462
vn 0.5327 -0.0001 0.8463
vn 0.5327 -0.0001 0.8463
vn 0.5327 -0.0001 0.8463
vn 0.5327 0.0000 0.8463
vn 0.5327 0.0001 0.8463
vn 0.5326 -0.0001 0.8463
vn 0.5327 0.0000 0.8463
vn 0.5327 0.0000 0.8463
vn 0.5326 -0.0001 0.8464
vn 0.5326 -0.0001 0.8464
vn 0.5326 -0.0001 0.8464
vn 0.5327 0.0000 0.8463
vn 0.5327 0.0000 0.8463
vn 0.5327 0.0000 0.8463
vn 0.5325 -0.0002 0.8464
vn 0.5329 0.0002 0.8462
vn 0.5326 -0.0001 0.8464
vn 0.5325 -0.0002 0.8464
vn 0.5329 0.0003 0.8462
vn 0.5327 0.0000 0.8463
vn 0.5326 -0.0001 0.8464
vn 0.5326 -0.0001 0.8464
vn 0.5326 -0.0001 0.8464
vn 0.5329 0.0005 0.8462
vn 0.5327 -0.0000 0.8463
vn 0.5325 -0.0001 0.8464
vn 0.5327 0.0000 0.8463
vn 0.5326 -0.0002 0.8464
vn 0.5328 0.0002 0.8463
vn 0.5326 -0.0001 0.8463
vn 0.5326 -0.0002 0.8463
vn 0.5326 -0.0002 0.8463
vn 0.5326 -0.0002 0.8463
vn 0.5327 0.0001 0.8463
vn 0.5327 0.0001 0.8463
vn 0.5327 0.0001 0.8463
vn 0.5327 0.0001 0.8463
vn 0.5327 -0.0000 0.8463
vn 0.5325 -0.0001 0.8464
vn 0.5327 0.0000 0.8463
vn 0.5326 -0.0002 0.8464
vn 0.5328 0.0002 0.8463
vn 0.5326 -0.0001 0.8463
vn 0.5326 -0.0002 0.8464
vn 0.5326 -0.0002 0.8464
vn 0.5326 -0.0002 0.8464
vn 0.5327 0.0001 0.8463
vn 0.5327 0.0001 0.8463
vn 0.5327 0.0001 0.8463
vn 0.5327 0.0001 0.8463
vn 0.5325 -0.0001 0.8464
vn 0.5328 0.0001 0.8463
vn 0.5328 0.0001 0.8463
vn 0.5328 0.0001 0.8463
vn 0.5325 -0.0001 0.8464
vn 0.5325 -0.0001 0.8464
vn 0.5325 -0.0001 0.8464
vn 0.5328 0.0003 0.8462
vn 0.5326 -0.0002 0.8464
vn 0.5327 0.0001 0.8463
vn 0.5325 -0.0001 0.8464
vn 0.5326 0.0000 0.8463
vn 0.5326 0.0000 0.8463
vn 0.5326 0.0000 0.8463
vn 0.5327 -0.0000 0.8463
vn 0.5327 -0.0000 0.8463
vn 0.5327 -0.0000 0.8463
vn 0.5325 0.0000 0.8464
vn 0.5325 0.0000 0.8464
vn 0.5325 0.0000 0.8464
vn 0.5328 0.0000 0.8462
vn 0.5328 0.0000 0.8462
vn 0.5328 0.0000 0.8462
vn 0.5325 -0.0000 0.8464
vn 0.5326 -0.0000 0.8464
vn 0.5326 -0.0000 0.8464
vn 0.5326 -0.0000 0.8464
vn 0.5329 0.0001 0.8462
vn 0.5326 -0.0002 0.8464
vn 0.5327 0.0001 0.8463
vn 0.5326 0.0000 0.8464
vn 0.5326 0.0000 0.8464
vn 0.5326 0.0000 0.8464
vn 0.5328 0.0001 0.8462
vn 0.5328 0.0001 0.8462
vn 0.5328 0.0001 0.8462
vn 0.5325 -0.0000 0.8464
vn 0.5328 0.0000 0.8463
vn 0.5328 0.0000 0.8463
vn 0.5328 0.0000 0.8463
vn 0.5329 0.0001 0.8462
vn -0.2040 0.9701 0.1318
vn -0.4841 0.7424 -0.4632
vn -0.5108 0.7331 -0.4491
vn -0.6361 0.7709 -0.0313
vn -0.6393 0.6981 0.3224
vn -0.6393 0.6981 0.3224
vn -0.6393 0.6981 0.3224
vn -0.7585 0.5002 0.4178
vn -0.7585 0.5002 0.4178
vn -0.7585 0.5002 0.4178
vn -0.7342 0.5056 0.4531
vn -0.5411 0.7393 0.4009
vn -0.5411 0.7393 0.4009
vn -0.5411 0.7393 0.4009
vn -0.2059 0.9366 0.2836
vn -0.2059 0.9366 0.2836
vn -0.0009 0.9989 0.0461
vn -0.7458 0.4885 -0.4529
vn -0.7203 0.5503 -0.4223
vn -0.6334 0.5765 -0.5162
vn -0.8221 0.3487 -0.4501
vn -0.8221 0.3487 -0.4501
vn -0.8221 0.3487 -0.4501
vn -0.7680 0.4419 -0.4635
vn -0.7680 0.4419 -0.4635
vn -0.7680 0.4419 -0.4635
vn -0.7968 0.3894 -0.4620
vn -0.7968 0.3894 -0.4620
vn -0.7808 0.3954 -0.4837
vn -0.7808 0.3954 -0.4837
vn -0.7808 0.3954 -0.4837
vn -0.7703 0.3997 -0.4969
vn -0.7696 0.3875 -0.5075
vn -0.7450 0.3371 -0.5756
vn -0.7740 -0.1523 -0.6146
vn -0.7740 -0.1523 -0.6146
vn -0.7740 -0.1523 -0.6146
vn -0.6051 0.6589 -0.4469
vn -0.6235 0.5355 -0.5696
vn -0.6283 0.5315 -0.5681
vn -0.6283 0.5315 -0.5681
vn -0.6638 0.4059 -0.6282
vn -0.6638 0.4059 -0.6282
vn -0.6638 0.4059 -0.6282
vn -0.5585 0.6498 -0.5156
vn -0.5585 0.6498 -0.5156
vn -0.5585 0.6498 -0.5156
vn -0.5887 0.5857 -0.5571
vn -0.5887 0.5857 -0.5571
vn -0.6637 0.5290 -0.5288
vn -0.6637 0.5290 -0.5288
vn -0.6544 0.2751 -0.7044
vn -0.6544 0.2751 -0.7044
vn -0.6544 0.2751 -0.7044
vn -0.6489 0.2898 -0.7035
vn -0.6269 0.2881 -0.7239
vn -0.6269 0.2881 -0.7239
vn -0.6084 0.3166 -0.7277
vn -0.5167 0.2901 -0.8055
vn -0.5406 0.2993 -0.7862
vn -0.5435 0.3528 -0.7617
vn -0.5547 0.3292 -0.7641
vn -0.4322 0.6548 -0.6200
vn -0.4393 0.6069 -0.6623
vn -0.4393 0.6069 -0.6623
vn -0.4544 0.5194 -0.7237
vn -0.6108 0.5416 -0.5776
vn -0.6108 0.5416 -0.5776
vn -0.6108 0.5416 -0.5776
vn -0.4367 0.4511 -0.7783
vn -0.1828 0.8887 -0.4204
vn -0.1828 0.8887 -0.4204
vn -0.1828 0.8887 -0.4204
vn -0.2975 0.9118 -0.2829
vn -0.1758 0.9374 -0.3007
vn -0.1758 0.9374 -0.3007
vn -0.1758 0.9374 -0.3007
vn -0.1558 0.9689 -0.1925
vn -0.1558 0.9689 -0.1925
vn -0.1558 0.9689 -0.1925
vn 0.0477 0.9904 0.1295
vn -0.1632 0.9575 0.2377
vn -0.1632 0.9575 0.2377
vn -0.1632 0.9575 0.2377
vn -0.0855 0.9755 0.2026
vn -0.1043 0.9673 0.2311
vn -0.0327 0.9829 0.1810
vn -0.0416 0.9777 0.2059
vn 0.0154 0.9851 0.1716
vn 0.0182 0.9865 0.1629
vn 0.0686 0.9891 0.1300
vn 0.0309 0.9953 0.0919
vn 0.0309 0.9953 0.0919
vn -0.2476 0.9415 0.2285
vn -0.5150 0.7917 0.3286
vn -0.6135 0.6640 0.4274
vn -0.5962 0.7149 0.3652
vn -0.6741 0.5835 0.4529
vn -0.6741 0.5835 0.4529
vn -0.6741 0.5835 0.4529
vn -0.6645 0.6312 0.4000
vn -0.6645 0.6312 0.4000
vn -0.6645 0.6312 0.4000
vn -0.7064 0.5429 0.4541
vn -0.7328 0.5040 0.4572
vn -0.7406 0.4847 0.4654
vn -0.7406 0.4847 0.4654
vn -0.6959 0.5588 0.4510
vn -0.6959 0.5588 0.4510
vn -0.6959 0.5588 0.4510
vn -0.6204 0.5713 0.5373
vn -0.6204 0.5713 0.5373
vn -0.7224 0.6026 0.3392
vn -0.6475 0.6433 0.4086
vn -0.6203 0.7123 0.3283
vn -0.6007 0.7081 0.3712
vn -0.5739 0.7479 0.3337
vn -0.5739 0.7479 0.3337
vn -0.5739 0.7479 0.3337
vn -0.5334 0.7831 0.3197
vn -0.5334 0.7831 0.3197
vn -0.5383 0.7951 0.2794
vn -0.5383 0.7951 0.2794
vn -0.6527 0.7098 0.2648
vn -0.6527 0.7098 0.2648
vn -0.6527 0.7098 0.2648
vn -0.6929 0.6245 0.3604
vn -0.7047 0.6385 0.3094
vn -0.7047 0.6385 0.3094
vn -0.7047 0.6385 0.3094
vn -0.7390 0.5448 0.3964
vn -0.7390 0.5448 0.3964
vn -0.7490 0.5613 0.3521
vn -0.7490 0.5613 0.3521
vn -0.7958 0.4521 0.4028
vn -0.7958 0.4521 0.4028
vn -0.7958 0.4521 0.4028
vn -0.8288 0.5594 -0.0126
vn -0.8288 0.5594 -0.0126
vn -0.8288 0.5594 -0.0126
vn -0.7587 0.6506 0.0329
vn -0.7587 0.6506 0.0329
vn -0.7587 0.6506 0.0329
vn -0.9136 0.3973 -0.0866
vn -0.9136 0.3973 -0.0866
vn -0.9136 0.3973 -0.0866
vn -0.8693 0.4726 -0.1448
vn -0.8647 0.4722 -0.1713
vn -0.8531 0.4395 -0.2812
vn -0.8531 0.4395 -0.2812
vn -0.8531 0.4395 -0.2812
vn -0.7741 0.5522 -0.3095
vn -0.7741 0.5522 -0.3095
vn -0.8025 0.4889 -0.3421
vn -0.6229 0.7309 -0.2788
vn -0.6229 0.7309 -0.2788
vn -0.6229 0.7309 -0.2788
vn -0.7019 0.6780 -0.2183
vn -0.7019 0.6780 -0.2183
vn -0.7019 0.6780 -0.2183
vn -0.6818 0.6785 -0.2735
vn -0.7506 0.6169 -0.2369
vn -0.7364 0.6243 -0.2606
vn -0.7610 0.5978 -0.2520
vn -0.7610 0.5978 -0.2520
vn -0.7610 0.5978 -0.2520
vn -0.5737 0.7505 -0.3280
vn -0.5912 0.7409 -0.3186
vn -0.5912 0.7409 -0.3186
vn -0.5912 0.7409 -0.3186
vn -0.6211 0.7268 -0.2933
vn -0.3223 0.9108 0.2582
vn -0.3223 0.9108 0.2582
vn -0.3223 0.9108 0.2582
vn -0.2845 0.9074 0.3094
vn -0.2845 0.9074 0.3094
vn -0.1710 0.9647 0.2004
vn -0.7493 0.4894 0.4462
vn -0.7358 0.4991 0.4577
vn -0.7040 0.5628 0.4331
vn -0.7040 0.5628 0.4331
vn -0.7040 0.5628 0.4331
vn -0.6882 0.5822 0.4328
vn -0.6504 0.6428 0.4046
vn -0.6312 0.6628 0.4027
vn -0.5891 0.7173 0.3721
vn -0.5645 0.7386 0.3685
vn -0.5208 0.7842 0.3373
vn -0.6054 0.7572 0.2453
vn -0.6054 0.7572 0.2453
vn -0.6054 0.7572 0.2453
vn -0.5309 0.8043 0.2667
vn -0.5309 0.8043 0.2667
vn -0.5309 0.8043 0.2667
vn -0.5106 0.8221 0.2520
vn -0.5135 0.8549 -0.0735
vn -0.5135 0.8549 -0.0735
vn -0.5135 0.8549 -0.0735
vn -0.5513 0.8328 -0.0500
vn -0.5064 0.8615 0.0378
vn -0.5512 0.8317 0.0672
vn -0.7867 0.5247 0.3253
vn -0.7867 0.5247 0.3253
vn -0.7867 0.5247 0.3253
vn -0.7843 0.5277 0.3263
vn -0.7436 0.6035 0.2878
vn -0.7397 0.6077 0.2889
vn -0.6932 0.6764 0.2490
vn -0.6871 0.6821 0.2503
vn -0.6360 0.7427 0.2095
vn -0.6360 0.7427 0.2095
vn -0.6274 0.7496 0.2110
vn -0.5745 0.8002 0.1724
vn -0.5745 0.8002 0.1724
vn -0.5617 0.8087 0.1746
vn -0.5097 0.8491 0.1385
vn -0.5097 0.8491 0.1385
vn -0.5097 0.8491 0.1385
vn -0.5761 0.8155 -0.0551
vn -0.6174 0.7862 -0.0275
vn -0.5703 0.8189 0.0638
vn -0.6100 0.7870 0.0919
vn -0.6100 0.7870 0.0919
vn -0.6100 0.7870 0.0919
vn -0.6137 0.7823 0.1064
vn -0.6754 0.7254 0.1323
vn -0.6776 0.7220 0.1400
vn -0.7313 0.6626 0.1618
vn -0.7349 0.6545 0.1776
vn -0.7349 0.6545 0.1776
vn -0.7811 0.5913 0.2007
vn -0.7839 0.5814 0.2180
vn -0.8231 0.5152 0.2390
vn -0.8240 0.5038 0.2591
vn -0.8240 0.5038 0.2591
vn -0.9154 0.2354 0.3266
vn -0.9154 0.2354 0.3266
vn -0.9154 0.2354 0.3266
vn -0.7959 0.5044 0.3348
vn -0.7959 0.5044 0.3348
vn -0.7959 0.5044 0.3348
vn -0.7987 0.4456 0.4045
vn -0.7987 0.4456 0.4045
vn -0.7987 0.4456 0.4045
vn -0.7698 0.4943 0.4038
vn -0.7698 0.4943 0.4038
vn -0.7698 0.4943 0.4038
vn -0.7426 0.6585 -0.1224
vn -0.7426 0.6585 -0.1224
vn -0.7426 0.6585 -0.1224
vn -0.7977 0.5982 -0.0755
vn -0.8317 0.5183 -0.1990
vn -0.8317 0.5183 -0.1990
vn -0.8317 0.5183 -0.1990
vn -0.8376 0.5084 -0.2001
vn -0.8505 0.4375 -0.2921
vn -0.8968 0.3750 -0.2348
vn -0.8982 0.4382 0.0354
vn -0.8982 0.4382 0.0354
vn -0.8982 0.4382 0.0354
vn -0.8761 0.4811 0.0308
vn -0.8687 0.4950 -0.0189
vn -0.8607 0.5084 -0.0260
vn -0.8438 0.5347 -0.0452
vn -0.8391 0.5422 -0.0444
vn -0.8391 0.5422 -0.0444
vn -0.8391 0.5422 -0.0444
vn -0.7946 0.6009 -0.0873
vn -0.7698 0.6380 -0.0197
vn -0.7698 0.6380 -0.0197
vn -0.7698 0.6380 -0.0197
vn -0.7023 0.7115 -0.0215
vn -0.7023 0.7115 -0.0215
vn -0.7023 0.7115 -0.0215
vn -0.7159 0.6970 -0.0417
vn -0.7159 0.6970 -0.0417
vn -0.7159 0.6970 -0.0417
vn -0.5864 0.8074 -0.0649
vn -0.5864 0.8074 -0.0649
vn -0.5864 0.8074 -0.0649
vn -0.6453 0.7639 -0.0007
vn -0.6508 0.7577 0.0491
vn -0.6508 0.7577 0.0491
vn -0.2040 0.9787 -0.0234
vn -0.1723 0.9842 -0.0405
vn -0.2010 0.9739 -0.1051
vn -0.3536 0.8271 -0.4369
vn -0.3396 0.8144 -0.4706
vn -0.3396 0.8144 -0.4706
vn -0.3396 0.8144 -0.4706
vn -0.2872 0.8680 -0.4050
vn -0.2872 0.8680 -0.4050
vn -0.2872 0.8680 -0.4050
vn -0.2601 0.9087 -0.3266
vn -0.2246 0.9217 -0.3164
vn -0.1839 0.9604 -0.2092
vn -0.1839 0.9604 -0.2092
vn -0.1839 0.9604 -0.2092
vn -0.1495 0.9684 -0.1995
vn -0.1131 0.9854 -0.1274
vn -0.1131 0.9854 -0.1274
vn -0.1131 0.9854 -0.1274
vn -0.0981 0.9878 -0.1206
vn -0.0981 0.9878 -0.1206
vn -0.0981 0.9878 -0.1206
vn -0.0643 0.9960 -0.0616
vn -0.0508 0.9972 -0.0555
vn -0.4465 0.8904 -0.0880
vn -0.4826 0.8733 -0.0668
vn -0.4408 0.8975 0.0162
vn -0.4825 0.8749 0.0421
vn -0.4437 0.8894 0.1096
vn -0.4437 0.8894 0.1096
vn -0.4921 0.8590 0.1415
vn -0.4921 0.8590 0.1415
vn -0.4921 0.8590 0.1415
vn -0.4426 0.8699 0.2178
vn -0.4854 0.8386 0.2473
vn -0.4469 0.8422 0.3018
vn -0.4892 0.8067 0.3316
vn -0.4575 0.8066 0.3744
vn -0.4241 0.8575 0.2912
vn -0.4552 0.6889 -0.5641
vn -0.4552 0.6889 -0.5641
vn -0.4552 0.6889 -0.5641
vn -0.5003 0.6621 -0.5580
vn -0.5003 0.6621 -0.5580
vn -0.5003 0.6621 -0.5580
vn -0.5003 0.6819 -0.5336
vn -0.5632 0.6358 -0.5278
vn -0.5632 0.6358 -0.5278
vn -0.5485 0.7007 -0.4562
vn -0.5738 0.6897 -0.4417
vn -0.8090 0.5013 -0.3068
vn -0.7959 0.5589 -0.2329
vn -0.7959 0.5589 -0.2329
vn -0.7959 0.5589 -0.2329
vn -0.7856 0.5740 -0.2310
vn -0.7856 0.5740 -0.2310
vn -0.7856 0.5740 -0.2310
vn -0.7481 0.6552 -0.1050
vn -0.7481 0.6552 -0.1050
vn -0.6995 0.7003 -0.1426
vn -0.6995 0.7003 -0.1426
vn -0.6995 0.7003 -0.1426
vn -0.6819 0.7182 -0.1387
vn -0.6450 0.7462 -0.1649
vn -0.6450 0.7462 -0.1649
vn -0.6214 0.7670 -0.1600
vn -0.6214 0.7670 -0.1600
vn -0.6214 0.7670 -0.1600
vn -0.5883 0.7880 -0.1814
vn -0.5883 0.7880 -0.1814
vn -0.5883 0.7880 -0.1814
vn -0.5581 0.8112 -0.1748
vn -0.5265 0.8278 -0.1938
vn -0.4887 0.8526 -0.1852
vn -0.4589 0.8654 -0.2015
vn -0.4589 0.8654 -0.2015
vn -0.4589 0.8654 -0.2015
vn -0.3629 0.7480 -0.5558
vn -0.4446 0.6663 -0.5987
vn -0.4767 0.6577 -0.5833
vn -0.4923 0.5083 -0.7066
vn -0.5135 0.4852 -0.7077
vn -0.5123 0.4070 -0.7562
vn -0.5123 0.4070 -0.7562
vn -0.5123 0.4070 -0.7562
vn -0.5253 0.3608 -0.7706
vn -0.6955 0.5937 -0.4047
vn -0.7087 0.4679 -0.5279
vn -0.7087 0.4679 -0.5279
vn -0.7087 0.4679 -0.5279
vn -0.7473 0.4404 -0.4976
vn -0.7701 0.4002 -0.4968
vn -0.7773 0.5042 -0.3762
vn -0.7058 0.3382 -0.6225
vn -0.7058 0.3382 -0.6225
vn -0.7058 0.3382 -0.6225
vn -0.7143 0.3583 -0.6011
vn -0.7143 0.3583 -0.6011
vn -0.6983 0.4098 -0.5869
vn -0.6992 0.4657 -0.5425
vn -0.6992 0.4657 -0.5425
vn -0.6679 0.5101 -0.5419
vn -0.6679 0.5101 -0.5419
vn -0.6679 0.5101 -0.5419
vn -0.6544 0.6178 -0.4360
vn -0.6275 0.6472 -0.4328
vn -0.5943 0.7505 -0.2891
vn -0.5408 0.7773 -0.3214
vn -0.4994 0.8081 -0.3124
vn -0.4745 0.8177 -0.3259
vn -0.0509 0.9958 0.0755
vn -0.0900 0.9959 -0.0035
vn -0.1550 0.9874 0.0331
vn -0.1787 0.9835 0.0285
vn -0.2157 0.9752 0.0498
vn -0.1791 0.9769 0.1163
vn -0.1791 0.9769 0.1163
vn -0.1791 0.9769 0.1163
vn -0.1484 0.9826 0.1114
vn -0.1225 0.9879 0.0956
vn -0.0995 0.9908 0.0919
vn -0.0444 0.9973 0.0587
vn -0.3360 0.9244 0.1806
vn -0.3073 0.9377 0.1619
vn -0.3507 0.9322 0.0896
vn -0.3082 0.9492 0.0639
vn -0.3401 0.9404 0.0038
vn -0.3025 0.9530 -0.0176
vn -0.3368 0.9373 -0.0901
vn -0.3044 0.9465 -0.1074
vn -0.3410 0.9197 -0.1945
vn -0.3146 0.9262 -0.2078
vn -0.3544 0.8804 -0.3150
vn -0.3544 0.8804 -0.3150
vn -0.3544 0.8804 -0.3150
vn -0.2668 0.9513 0.1545
vn -0.2412 0.9606 0.1383
vn -0.2811 0.9572 0.0685
vn -0.2414 0.9694 0.0451
vn -0.2701 0.9628 -0.0111
vn -0.2701 0.9628 -0.0111
vn -0.2701 0.9628 -0.0111
vn -0.2348 0.9716 -0.0301
vn -0.2659 0.9590 -0.0982
vn -0.2357 0.9651 -0.1137
vn -0.2699 0.9427 -0.1962
vn -0.2956 0.9247 0.2399
vn -0.2956 0.9247 0.2399
vn -0.2956 0.9247 0.2399
vn -0.2457 0.9419 0.2289
vn -0.2268 0.9497 0.2161
vn -0.1850 0.9607 0.2068
vn -0.1656 0.9669 0.1941
vn -0.1656 0.9669 0.1941
vn -0.1656 0.9669 0.1941
vn -0.1341 0.9731 0.1871
vn -0.1341 0.9731 0.1871
vn -0.1341 0.9731 0.1871
vn -0.1120 0.9786 0.1726
vn -0.0683 0.9842 0.1635
vn -0.0629 0.9857 0.1561
vn -0.0068 0.9927 0.1200
vn -0.0068 0.9927 0.1200
vn -0.0068 0.9927 0.1200
vn -0.0083 0.9922 0.1241
vn -0.0083 0.9922 0.1241
vn -0.0083 0.9922 0.1241
vn 0.0420 0.9948 0.0925
vn 0.0121 0.9987 0.0491
vn -0.3707 0.8085 -0.4570
vn -0.3707 0.8085 -0.4570
vn -0.3288 0.8859 -0.3273
vn -0.3288 0.8859 -0.3273
vn -0.3288 0.8859 -0.3273
vn -0.2849 0.9052 -0.3154
vn -0.2447 0.9469 -0.2087
vn -0.2447 0.9469 -0.2087
vn -0.2447 0.9469 -0.2087
vn -0.2069 0.9580 -0.1984
vn -0.2069 0.9580 -0.1984
vn -0.2069 0.9580 -0.1984
vn -0.1741 0.9776 -0.1185
vn -0.1741 0.9776 -0.1185
vn -0.1741 0.9776 -0.1185
vn -0.1454 0.9831 -0.1113
vn -0.1454 0.9831 -0.1113
vn -0.1454 0.9831 -0.1113
vn -0.1076 0.9939 -0.0259
vn -0.1076 0.9939 -0.0259
vn -0.1076 0.9939 -0.0259
vn -0.1188 0.9924 -0.0328
vn -0.0922 0.9955 0.0235
vn -0.0922 0.9955 0.0235
vn -0.0311 0.9995 -0.0102
vn -0.0311 0.9995 -0.0102
vn -0.0311 0.9995 -0.0102
vn -0.0128 0.9999 0.0000
vn -0.0128 0.9999 0.0000
vn -0.0128 0.9999 0.0000
vn -0.5746 0.2348 -0.7840
vn -0.6084 0.3167 -0.7277
vn -0.6084 0.3167 -0.7277
vn -0.5976 0.3298 -0.7309
vn -0.5976 0.3298 -0.7309
vn -0.5976 0.3298 -0.7309
vn -0.5981 0.4070 -0.6904
vn -0.5981 0.4070 -0.6904
vn -0.5981 0.4070 -0.6904
vn -0.5616 0.4262 -0.7092
vn -0.5397 0.4727 -0.6966
vn -0.5397 0.4727 -0.6966
vn -0.5397 0.4727 -0.6966
vn -0.5292 0.4796 -0.6999
vn -0.5292 0.4796 -0.6999
vn -0.5272 0.6038 -0.5979
vn -0.5272 0.6038 -0.5979
vn -0.5272 0.6038 -0.5979
vn -0.2882 0.5553 -0.7801
vn -0.2882 0.5553 -0.7801
vn -0.2882 0.5553 -0.7801
vn -0.4382 0.6999 -0.5641
vn -0.4382 0.6999 -0.5641
vn -0.4141 0.7809 -0.4676
vn -0.4141 0.7809 -0.4676
vn -0.4141 0.7809 -0.4676
vn -0.4416 0.7738 -0.4541
vn -0.4024 0.8549 -0.3274
vn -0.4276 0.8474 -0.3147
vn -0.3873 0.8987 -0.2059
vn -0.3873 0.8987 -0.2059
vn -0.3873 0.8987 -0.2059
vn -0.4149 0.8896 -0.1911
vn -0.4149 0.8896 -0.1911
vn -0.3755 0.9215 -0.0990
vn -0.4096 0.9087 -0.0800
vn -0.3717 0.9283 -0.0024
vn -0.4123 0.9108 0.0216
vn -0.3767 0.9224 0.0852
vn -0.3767 0.9224 0.0852
vn -0.3767 0.9224 0.0852
vn -0.4209 0.9000 0.1131
vn -0.3745 0.9080 0.1877
vn -0.4102 0.8871 0.2116
vn -0.4102 0.8871 0.2116
vn -0.4102 0.8871 0.2116
vn -0.3706 0.8891 0.2687
vn -0.3706 0.8891 0.2687
vn -0.3706 0.8891 0.2687
vn -0.4068 0.8651 0.2936
vn -0.4068 0.8651 0.2936
vn -0.4068 0.8651 0.2936
vn -0.3715 0.8636 0.3409
vn -0.3333 0.9071 0.2570
vn -0.3333 0.9071 0.2570
vn -0.3333 0.9071 0.2570
vn 0.0500 0.9967 -0.0646
vn 0.2615 0.9514 -0.1626
vn 0.3228 0.9251 -0.1999
vn 0.3228 0.9251 -0.1999
vn 0.3228 0.9251 -0.1999
vn 0.1598 0.7108 -0.6850
vn 0.1598 0.7108 -0.6850
vn 0.1598 0.7108 -0.6850
vn 0.0034 0.9098 -0.4150
vn 0.0034 0.9098 -0.4150
vn 0.0034 0.9098 -0.4150
vn -0.4060 0.5017 -0.7638
vn -0.2045 0.9118 -0.3562
vn 0.6361 0.6632 -0.3943
vn -0.1991 0.4034 -0.8931
vn -0.1991 0.4034 -0.8931
vn -0.1991 0.4034 -0.8931
vn -0.2851 0.4282 -0.8575
vn -0.3996 0.5952 -0.6972
vn -0.3996 0.5952 -0.6972
vn -0.3996 0.5952 -0.6972
vn -0.3130 0.5723 -0.7579
vn -0.3130 0.5723 -0.7579
vn -0.3130 0.5723 -0.7579
vn -0.3667 0.3067 -0.8784
vn -0.3550 0.3107 -0.8817
vn -0.3516 0.2748 -0.8949
vn -0.3516 0.2748 -0.8949
vn -0.3516 0.2748 -0.8949
vn -0.2313 0.6371 -0.7353
vn -0.2313 0.6371 -0.7353
vn -0.2313 0.6371 -0.7353
vn -0.2754 0.6935 -0.6658
vn -0.2754 0.6935 -0.6658
vn -0.2754 0.6935 -0.6658
vn 0.0436 0.5165 -0.8552
vn -0.1084 0.4001 -0.9100
vn -0.1149 0.3999 -0.9093
vn -0.1149 0.3999 -0.9093
vn -0.1149 0.3999 -0.9093
vn -0.1249 0.3872 -0.9135
vn -0.1249 0.3872 -0.9135
vn -0.1249 0.3872 -0.9135
vn -0.1970 0.3369 -0.9207
vn -0.1887 0.4095 -0.8926
vn -0.1887 0.4095 -0.8926
vn -0.1887 0.4095 -0.8926
vn -0.0491 0.3847 -0.9217
vn -0.0878 0.3915 -0.9160
vn -0.0878 0.3915 -0.9160
vn -0.0878 0.3915 -0.9160
vn -0.0981 0.3957 -0.9131
vn -0.0981 0.3957 -0.9131
vn -0.0981 0.3957 -0.9131
vn -0.0534 0.5451 -0.8366
vn -0.1575 0.5776 -0.8010
vn -0.1575 0.5776 -0.8010
vn -0.0706 0.5865 -0.8069
vn -0.1400 0.6329 -0.7615
vn -0.1400 0.6329 -0.7615
vn -0.1400 0.6329 -0.7615
vn 0.0290 0.7334 -0.6791
vn 0.2240 0.4679 -0.8549
vn 0.2240 0.4679 -0.8549
vn 0.2240 0.4679 -0.8549
vn 0.1495 0.3984 -0.9050
vn 0.1074 0.4350 -0.8940
vn 0.1074 0.4350 -0.8940
vn 0.3679 0.4823 -0.7950
vn 0.3679 0.4823 -0.7950
vn 0.3858 0.4703 -0.7937
vn 0.3858 0.4703 -0.7937
vn 0.3858 0.4703 -0.7937
vn 0.3984 0.4233 -0.8137
vn 0.3984 0.4233 -0.8137
vn 0.3984 0.4233 -0.8137
vn 0.2624 0.4166 -0.8704
vn 0.2348 0.4642 -0.8541
vn 0.3257 0.5361 -0.7788
vn 0.3255 0.5391 -0.7768
vn 0.2783 0.7021 -0.6555
vn 0.2783 0.7021 -0.6555
vn 0.3230 0.6404 -0.6968
vn 0.3230 0.6404 -0.6968
vn 0.3609 0.7822 -0.5079
vn 0.4154 0.7201 -0.5558
vn 0.4154 0.7201 -0.5558
vn 0.4154 0.7201 -0.5558
vn 0.4150 0.7264 -0.5478
vn 0.4705 0.6507 -0.5961
vn 0.4700 0.6668 -0.5784
vn 0.5258 0.5759 -0.6260
vn 0.5258 0.5759 -0.6260
vn 0.5258 0.5759 -0.6260
vn 0.5260 0.6007 -0.6021
vn 0.5660 0.5220 -0.6381
vn 0.5912 0.5042 -0.6295
vn 0.5992 0.4847 -0.6372
vn 0.5992 0.4847 -0.6372
vn 0.5992 0.4847 -0.6372
vn 0.7078 0.4510 -0.5437
vn 0.7078 0.4510 -0.5437
vn 0.7078 0.4510 -0.5437
vn 0.7103 0.4449 -0.5454
vn 0.7103 0.4449 -0.5454
vn 0.7103 0.4449 -0.5454
vn 0.6946 0.5031 -0.5142
vn 0.6605 0.5384 -0.5233
vn 0.6278 0.6255 -0.4633
vn 0.6278 0.6255 -0.4633
vn 0.6278 0.6255 -0.4633
vn 0.5063 0.7128 -0.4853
vn 0.5063 0.7128 -0.4853
vn 0.5859 0.6653 -0.4627
vn 0.5859 0.6653 -0.4627
vn 0.5859 0.6653 -0.4627
vn 0.6220 0.5699 -0.5369
vn 0.6220 0.5699 -0.5369
vn 0.5671 0.6981 -0.4371
vn 0.5671 0.6981 -0.4371
vn 0.4830 0.7571 -0.4399
vn 0.4830 0.7571 -0.4399
vn 0.4830 0.7571 -0.4399
vn 0.4679 0.8107 -0.3518
vn 0.5790 0.7278 -0.3676
vn 0.5790 0.7278 -0.3676
vn 0.6290 0.6389 -0.4428
vn 0.6290 0.6389 -0.4428
vn 0.6564 0.6720 -0.3430
vn 0.6564 0.6720 -0.3430
vn 0.6564 0.6720 -0.3430
vn 0.6782 0.5490 -0.4886
vn 0.6782 0.5490 -0.4886
vn 0.6782 0.5490 -0.4886
vn 0.7295 0.4828 -0.4845
vn 0.7295 0.4828 -0.4845
vn 0.7295 0.4828 -0.4845
vn 0.7295 0.4955 -0.4716
vn 0.7295 0.4955 -0.4716
vn 0.7295 0.4955 -0.4716
vn 0.7303 0.4972 -0.4685
vn 0.7245 0.5162 -0.4568
vn 0.7248 0.5159 -0.4567
vn 0.7248 0.5159 -0.4567
vn 0.7248 0.5159 -0.4567
vn 0.6972 0.5631 -0.4436
vn 0.7613 0.5719 -0.3057
vn 0.7613 0.5719 -0.3057
vn 0.7613 0.5719 -0.3057
vn 0.6616 0.5960 -0.4551
vn 0.6616 0.5960 -0.4551
vn 0.6616 0.5960 -0.4551
vn 0.6203 0.6935 -0.3665
vn 0.5790 0.7387 -0.3450
vn 0.5564 0.7714 -0.3088
vn 0.5167 0.8068 -0.2864
vn 0.4888 0.8375 -0.2444
vn 0.4505 0.8649 -0.2214
vn 0.4203 0.8897 -0.1780
vn 0.4203 0.8897 -0.1780
vn 0.4203 0.8897 -0.1780
vn 0.3843 0.9099 -0.1564
vn 0.3843 0.9099 -0.1564
vn 0.3843 0.9099 -0.1564
vn 0.3548 0.9277 -0.1159
vn 0.3548 0.9277 -0.1159
vn 0.3548 0.9277 -0.1159
vn 0.3256 0.9404 -0.0983
vn 0.3256 0.9404 -0.0983
vn 0.3256 0.9404 -0.0983
vn 0.2954 0.9537 -0.0572
vn 0.2816 0.9582 -0.0502
vn 0.2816 0.9582 -0.0502
vn 0.2816 0.9582 -0.0502
vn 0.2394 0.9709 0.0001
vn 0.2487 0.9686 -0.0030
vn 0.2487 0.9686 -0.0030
vn 0.2487 0.9686 -0.0030
vn 0.1971 0.9795 0.0413
vn 0.1971 0.9795 0.0413
vn 0.1971 0.9795 0.0413
vn 0.1954 0.9796 0.0471
vn 0.1474 0.9840 0.0997
vn 0.1534 0.9860 0.0659
vn 0.1236 0.9871 0.1022
vn 0.0834 0.9908 0.1067
vn 0.0825 0.9908 0.1077
vn -0.1091 0.9604 -0.2565
vn -0.1091 0.9604 -0.2565
vn -0.1091 0.9604 -0.2565
vn 0.0490 0.9985 0.0256
vn 0.0490 0.9985 0.0256
vn 0.0490 0.9985 0.0256
vn -0.0077 0.9997 -0.0235
vn 0.0162 0.9997 -0.0184
vn -0.0356 0.9963 -0.0786
vn -0.0207 0.9970 -0.0744
vn -0.0735 0.9858 -0.1510
vn -0.0735 0.9858 -0.1510
vn -0.0735 0.9858 -0.1510
vn -0.0576 0.9876 -0.1464
vn -0.1152 0.9684 -0.2211
vn -0.3002 0.8887 -0.3465
vn -0.3002 0.8887 -0.3465
vn -0.3002 0.8887 -0.3465
vn 0.0354 0.9068 -0.4201
vn 0.0354 0.9068 -0.4201
vn 0.0354 0.9068 -0.4201
vn -0.3717 0.6548 -0.6581
vn -0.3473 0.6663 -0.6598
vn -0.3473 0.6663 -0.6598
vn -0.3971 0.4984 -0.7707
vn -0.3971 0.4984 -0.7707
vn -0.3971 0.4984 -0.7707
vn -0.4378 0.5538 -0.7082
vn -0.4071 0.6068 -0.6826
vn -0.4071 0.6068 -0.6826
vn -0.4071 0.6068 -0.6826
vn -0.4398 0.3474 -0.8282
vn -0.4566 0.3419 -0.8214
vn -0.4763 0.3761 -0.7948
vn -0.4038 0.3592 -0.8414
vn -0.4038 0.3592 -0.8414
vn -0.4038 0.3592 -0.8414
vn -0.5127 0.4515 -0.7302
vn -0.5127 0.4515 -0.7302
vn -0.3639 0.3835 -0.8488
vn -0.4167 0.3087 -0.8551
vn -0.3873 0.3237 -0.8633
vn -0.4078 0.2862 -0.8671
vn -0.4879 0.2675 -0.8309
vn -0.4728 0.2899 -0.8321
vn -0.3445 0.7480 -0.5673
vn -0.3445 0.7480 -0.5673
vn -0.3445 0.7480 -0.5673
vn -0.2412 0.8272 -0.5075
vn -0.2412 0.8272 -0.5075
vn -0.2412 0.8272 -0.5075
vn -0.2775 0.8143 -0.5098
vn -0.2775 0.8143 -0.5098
vn -0.2775 0.8143 -0.5098
vn -0.2408 0.8681 -0.4341
vn -0.2408 0.8681 -0.4341
vn -0.1646 0.9187 -0.3591
vn -0.1646 0.9187 -0.3591
vn -0.1646 0.9187 -0.3591
vn -0.2232 0.9247 -0.3086
vn -0.2232 0.9247 -0.3086
vn -0.1063 0.9689 -0.2236
vn 0.0096 0.9533 -0.3020
vn 0.0901 0.9281 -0.3612
vn -0.0135 0.8776 -0.4792
vn 0.0712 0.8395 -0.5387
vn -0.0483 0.7498 -0.6599
vn -0.0144 0.7293 -0.6841
vn -0.0655 0.8351 -0.5461
vn -0.0655 0.8351 -0.5461
vn -0.0655 0.8351 -0.5461
vn -0.1214 0.8304 -0.5438
vn -0.1214 0.8304 -0.5438
vn -0.0347 0.7945 -0.6063
vn 0.0893 0.9014 -0.4236
vn 0.0893 0.9014 -0.4236
vn 0.1700 0.8617 -0.4780
vn 0.0691 0.8009 -0.5948
vn 0.1423 0.7554 -0.6396
vn 0.0471 0.9307 -0.3628
vn 0.0471 0.9307 -0.3628
vn 0.0471 0.9307 -0.3628
vn 0.1299 0.8977 -0.4210
vn 0.0263 0.8411 -0.5402
vn 0.1059 0.7985 -0.5926
vn 0.0176 0.7303 -0.6830
vn 0.0717 0.6990 -0.7115
vn 0.0717 0.6990 -0.7115
vn 0.0629 0.6625 -0.7465
vn 0.0629 0.6625 -0.7465
vn 0.0629 0.6625 -0.7465
vn 0.1201 0.6093 -0.7838
vn 0.1201 0.6093 -0.7838
vn 0.1201 0.6093 -0.7838
vn -0.1668 0.6716 -0.7219
vn -0.1240 0.6770 -0.7255
vn -0.2039 0.7133 -0.6706
vn -0.1546 0.7207 -0.6758
vn -0.1546 0.7207 -0.6758
vn -0.1546 0.7207 -0.6758
vn -0.2540 0.2730 -0.9279
vn -0.2540 0.2730 -0.9279
vn -0.2540 0.2730 -0.9279
vn -0.2552 0.3203 -0.9123
vn -0.2552 0.3203 -0.9123
vn -0.2261 0.3544 -0.9073
vn -0.2261 0.3544 -0.9073
vn -0.2261 0.3544 -0.9073
vn -0.2384 0.3940 -0.8876
vn -0.1667 0.4919 -0.8545
vn -0.2247 0.5235 -0.8218
vn -0.2247 0.5235 -0.8218
vn -0.2247 0.5235 -0.8218
vn -0.2372 0.5441 -0.8048
vn -0.2113 0.5390 -0.8154
vn -0.2489 0.6084 -0.7535
vn -0.0698 0.5069 -0.8592
vn -0.0698 0.5069 -0.8592
vn -0.0698 0.5069 -0.8592
vn -0.1251 0.4404 -0.8890
vn -0.1697 0.4681 -0.8672
vn -0.2380 0.4584 -0.8563
vn -0.2380 0.4584 -0.8563
vn -0.2380 0.4584 -0.8563
vn -0.1095 0.6181 -0.7785
vn -0.1095 0.6181 -0.7785
vn -0.1095 0.6181 -0.7785
vn -0.1179 0.6468 -0.7535
vn -0.0026 0.7498 -0.6617
vn -0.0863 0.7914 -0.6052
vn -0.0863 0.7914 -0.6052
vn 0.0371 0.8773 -0.4786
vn 0.0371 0.8773 -0.4786
vn -0.0491 0.9086 -0.4148
vn -0.0491 0.9086 -0.4148
vn -0.0491 0.9086 -0.4148
vn 0.0519 0.9522 -0.3011
vn 0.2967 0.7526 -0.5879
vn 0.1928 0.8090 -0.5552
vn 0.1928 0.8090 -0.5552
vn 0.1928 0.8090 -0.5552
vn 0.2337 0.7810 -0.5792
vn 0.2556 0.7764 -0.5761
vn 0.1821 0.8265 -0.5326
vn 0.2694 0.7013 -0.6600
vn 0.2694 0.7013 -0.6600
vn 0.2694 0.7013 -0.6600
vn 0.2109 0.6585 -0.7224
vn 0.2290 0.6552 -0.7199
vn 0.2290 0.6552 -0.7199
vn 0.2290 0.6552 -0.7199
vn 0.1245 0.5672 -0.8141
vn 0.1416 0.5656 -0.8125
vn 0.1416 0.5656 -0.8125
vn 0.1416 0.5656 -0.8125
vn 0.3237 0.9073 -0.2684
vn 0.3237 0.9073 -0.2684
vn 0.3457 0.9002 -0.2650
vn 0.3457 0.9002 -0.2650
vn 0.3457 0.9002 -0.2650
vn 0.3941 0.8710 -0.2934
vn 0.3613 0.8864 -0.2894
vn 0.4531 0.8232 -0.3421
vn 0.4531 0.8232 -0.3421
vn 0.4531 0.8232 -0.3421
vn 0.4276 0.8377 -0.3398
vn 0.4276 0.8377 -0.3398
vn 0.4276 0.8377 -0.3398
vn 0.4790 0.7969 -0.3682
vn 0.4790 0.7969 -0.3682
vn 0.4790 0.7969 -0.3682
vn 0.5192 0.7828 -0.3429
vn 0.5747 0.7143 -0.3995
vn 0.0848 0.9964 0.0029
vn 0.1603 0.9860 -0.0456
vn 0.1596 0.9850 -0.0659
vn 0.0344 0.9991 0.0242
vn 0.0734 0.9973 -0.0020
vn 0.0699 0.9968 -0.0392
vn 0.1436 0.9857 -0.0885
vn 0.1418 0.9830 -0.1163
vn 0.2219 0.9604 -0.1682
vn 0.1730 0.9556 -0.2384
vn 0.2493 0.9244 -0.2886
vn 0.2493 0.9244 -0.2886
vn 0.2493 0.9244 -0.2886
vn 0.1862 0.9069 -0.3780
vn 0.2467 0.8749 -0.4168
vn 0.2532 0.8614 -0.4403
vn 0.2993 0.8314 -0.4682
vn 0.2993 0.8314 -0.4682
vn 0.3042 0.8191 -0.4863
vn 0.3468 0.7869 -0.5104
vn 0.3468 0.7869 -0.5104
vn 0.3468 0.7869 -0.5104
vn 0.3327 0.7679 -0.5474
vn 0.3327 0.7679 -0.5474
vn 0.2216 0.9695 -0.1046
vn 0.2424 0.9560 -0.1653
vn 0.2424 0.9560 -0.1653
vn 0.2417 0.9560 -0.1663
vn 0.2417 0.9560 -0.1663
vn 0.2417 0.9560 -0.1663
vn 0.2630 0.9367 -0.2313
vn 0.2224 0.9303 -0.2918
vn 0.2842 0.8999 -0.3309
vn 0.2909 0.8893 -0.3529
vn 0.3403 0.8590 -0.3825
vn 0.3403 0.8590 -0.3825
vn 0.3452 0.8491 -0.3998
vn 0.4003 0.8087 -0.4310
vn 0.4003 0.8087 -0.4310
vn 0.4039 0.8002 -0.4433
vn 0.4039 0.8002 -0.4433
vn 0.4619 0.7498 -0.4739
vn 0.4643 0.7427 -0.4826
vn 0.5227 0.6820 -0.5114
vn 0.5227 0.6820 -0.5114
vn 0.5227 0.6820 -0.5114
vn 0.5241 0.6766 -0.5172
vn 0.5806 0.6075 -0.5420
vn 0.5806 0.6075 -0.5420
vn 0.5806 0.6075 -0.5420
vn 0.5815 0.6030 -0.5462
vn 0.6333 0.5281 -0.5658
vn 0.6333 0.5281 -0.5658
vn 0.6333 0.5281 -0.5658
vn 0.6337 0.5244 -0.5688
vn 0.6462 0.5044 -0.5728
vn 0.6462 0.5044 -0.5728
vn 0.6462 0.5044 -0.5728
vn 0.6905 0.2327 -0.6849
vn 0.6905 0.2327 -0.6849
vn 0.6905 0.2327 -0.6849
vn -0.2884 0.6541 -0.6993
vn -0.1874 0.7630 -0.6186
vn -0.2389 0.7535 -0.6125
vn -0.0980 0.8709 -0.4816
vn -0.0980 0.8709 -0.4816
vn -0.0980 0.8709 -0.4816
vn -0.1535 0.8644 -0.4788
vn -0.0309 0.9358 -0.3513
vn -0.0309 0.9358 -0.3513
vn -0.0309 0.9358 -0.3513
vn -0.0805 0.9331 -0.3504
vn 0.0150 0.9697 -0.2440
vn -0.0231 0.9694 -0.2445
vn 0.0381 0.9842 -0.1728
vn 0.0873 0.9740 -0.2089
vn 0.0873 0.9740 -0.2089
vn 0.0873 0.9740 -0.2089
vn 0.0540 0.9762 -0.2101
vn 0.1282 0.9562 -0.2632
vn 0.1282 0.9562 -0.2632
vn 0.1282 0.9562 -0.2632
vn 0.0936 0.9596 -0.2653
vn 0.1718 0.9319 -0.3195
vn 0.1718 0.9319 -0.3195
vn 0.1718 0.9319 -0.3195
vn 0.6781 0.6072 -0.4142
vn 0.6871 0.5834 -0.4330
vn 0.6310 0.6627 -0.4034
vn 0.6510 0.6435 -0.4027
vn 0.6510 0.6435 -0.4027
vn 0.6510 0.6435 -0.4027
vn 0.5709 0.7381 -0.3596
vn 0.5958 0.7179 -0.3601
vn 0.5041 0.8063 -0.3095
vn 0.5354 0.7850 -0.3116
vn 0.5354 0.7850 -0.3116
vn 0.4326 0.8651 -0.2539
vn 0.4326 0.8651 -0.2539
vn 0.4326 0.8651 -0.2539
vn 0.4727 0.8426 -0.2580
vn 0.3626 0.9113 -0.1953
vn 0.4115 0.8888 -0.2016
vn 0.4115 0.8888 -0.2016
vn 0.4115 0.8888 -0.2016
vn 0.3029 0.9428 -0.1390
vn 0.3029 0.9428 -0.1390
vn 0.3029 0.9428 -0.1390
vn 0.3537 0.9238 -0.1466
vn 0.2586 0.9617 -0.0911
vn 0.3006 0.9487 -0.0977
vn 0.2203 0.9741 -0.0501
vn 0.2203 0.9741 -0.0501
vn 0.2203 0.9741 -0.0501
vn 0.2527 0.9660 -0.0555
vn 0.1681 0.9858 -0.0049
vn 0.1894 0.9819 -0.0026
vn 0.1114 0.9927 0.0455
vn 0.1158 0.9922 0.0460
vn 0.0714 0.9947 0.0740
vn 0.0620 0.9955 0.0723
vn -0.4034 0.4455 -0.7992
vn -0.3848 0.4461 -0.8080
vn -0.4095 0.4824 -0.7743
vn -0.4095 0.4824 -0.7743
vn -0.4095 0.4824 -0.7743
vn -0.4341 0.4920 -0.7546
vn -0.4341 0.4920 -0.7546
vn -0.4341 0.4920 -0.7546
vn -0.3646 0.5995 -0.7125
vn -0.3755 0.6746 -0.6355
vn -0.3192 0.6998 -0.6390
vn -0.2212 0.8003 -0.5572
vn -0.2212 0.8003 -0.5572
vn -0.2212 0.8003 -0.5572
vn -0.2718 0.7892 -0.5508
vn -0.1320 0.8991 -0.4173
vn -0.1320 0.8991 -0.4173
vn -0.1320 0.8991 -0.4173
vn -0.1819 0.8918 -0.4142
vn -0.0645 0.9543 -0.2918
vn -0.1066 0.9507 -0.2912
vn -0.1066 0.9507 -0.2912
vn -0.1066 0.9507 -0.2912
vn -0.0186 0.9809 -0.1936
vn -0.0186 0.9809 -0.1936
vn -0.0186 0.9809 -0.1936
vn -0.0502 0.9797 -0.1940
vn 0.0162 0.9930 -0.1171
vn 0.0255 0.9928 -0.1168
vn 0.0469 0.9948 -0.0906
vn 0.1125 0.9843 -0.1364
vn 0.1278 0.9825 -0.1354
vn 0.1449 0.9694 -0.1981
vn 0.1449 0.9694 -0.1981
vn 0.2012 0.9507 -0.2358
vn 0.1377 0.9367 -0.3219
vn 0.2165 0.9015 -0.3746
vn 0.2165 0.9015 -0.3746
vn 0.2165 0.9015 -0.3746
vn 0.1345 0.8663 -0.4811
vn 0.2106 0.8218 -0.5294
vn 0.1125 0.7582 -0.6423
vn 0.1125 0.7582 -0.6423
vn 0.1125 0.7582 -0.6423
vn 0.1837 0.7077 -0.6823
vn 0.1837 0.7077 -0.6823
vn 0.1837 0.7077 -0.6823
vn 0.0759 0.6170 -0.7833
vn 0.0710 0.6217 -0.7801
vn 0.0710 0.6217 -0.7801
vn 0.0420 0.4904 -0.8705
vn 0.0420 0.4904 -0.8705
vn 0.0420 0.4904 -0.8705
vn 0.0735 0.5013 -0.8621
vn 0.0735 0.5013 -0.8621
vn 0.0735 0.5013 -0.8621
vn 0.1112 0.4444 -0.8889
vn 0.1866 0.5128 -0.8380
vn 0.1866 0.5128 -0.8380
vn 0.1866 0.5128 -0.8380
vn 0.1758 0.5143 -0.8394
vn 0.2775 0.5981 -0.7518
vn 0.2650 0.6009 -0.7541
vn 0.3420 0.6567 -0.6721
vn 0.3420 0.6567 -0.6721
vn 0.3420 0.6567 -0.6721
vn 0.3615 0.5635 -0.7428
vn 0.3615 0.5635 -0.7428
vn 0.3615 0.5635 -0.7428
vn -0.0801 -0.9966 0.0167
vn -0.2600 -0.9514 0.1651
vn -0.3201 -0.9250 0.2046
vn -0.6866 -0.7109 -0.1523
vn -0.6866 -0.7109 -0.1523
vn -0.3756 -0.9098 -0.1765
vn -0.3756 -0.9098 -0.1765
vn -0.3756 -0.9098 -0.1765
vn -0.7190 -0.4031 -0.5663
vn -0.7190 -0.4031 -0.5663
vn -0.7190 -0.4031 -0.5663
vn -0.6501 -0.4280 -0.6279
vn -0.6501 -0.4280 -0.6279
vn -0.4350 -0.5907 -0.6796
vn -0.4350 -0.5907 -0.6796
vn -0.5475 -0.5696 -0.6131
vn -0.5475 -0.5696 -0.6131
vn -0.6077 -0.3840 -0.6951
vn -0.5906 -0.2717 -0.7598
vn -0.5155 -0.2971 -0.8037
vn -0.6309 -0.6629 0.4032
vn -0.6055 -0.7572 0.2451
vn -0.5193 -0.8109 0.2697
vn -0.5193 -0.8109 0.2697
vn -0.5821 -0.7277 0.3628
vn -0.5821 -0.7277 0.3628
vn -0.5821 -0.7277 0.3628
vn -0.6711 -0.6390 0.3758
vn -0.6711 -0.6390 0.3758
vn -0.6711 -0.6390 0.3758
vn -0.5996 -0.6697 0.4381
vn -0.5996 -0.6697 0.4381
vn -0.5996 -0.6697 0.4381
vn -0.7335 -0.5489 0.4009
vn -0.7335 -0.5489 0.4009
vn -0.7335 -0.5489 0.4009
vn -0.7522 -0.4832 0.4481
vn -0.7522 -0.4832 0.4481
vn -0.7522 -0.4832 0.4481
vn -0.7410 -0.4952 0.4536
vn -0.7410 -0.4952 0.4536
vn -0.7385 -0.4969 0.4557
vn -0.7254 -0.5159 0.4558
vn -0.7254 -0.5155 0.4560
vn -0.7015 -0.5632 0.4366
vn -0.6205 -0.5714 0.5371
vn -0.6205 -0.5714 0.5371
vn -0.6205 -0.5714 0.5371
vn -0.6957 -0.5961 0.4009
vn -0.6957 -0.5961 0.4009
vn -0.6957 -0.5961 0.4009
vn -0.5986 -0.6935 0.4009
vn -0.5616 -0.7385 0.3731
vn -0.5191 -0.7713 0.3683
vn -0.5191 -0.7713 0.3683
vn -0.5191 -0.7713 0.3683
vn -0.4816 -0.8069 0.3420
vn -0.4816 -0.8069 0.3420
vn -0.4816 -0.8069 0.3420
vn -0.4322 -0.8372 0.3352
vn -0.4322 -0.8372 0.3352
vn -0.4322 -0.8372 0.3352
vn -0.3944 -0.8650 0.3101
vn -0.3424 -0.8897 0.3020
vn -0.3075 -0.9098 0.2788
vn -0.2577 -0.9279 0.2696
vn -0.2298 -0.9402 0.2513
vn -0.1793 -0.9537 0.2415
vn -0.1668 -0.9583 0.2321
vn -0.1032 -0.9710 0.2155
vn -0.1103 -0.9686 0.2228
vn -0.1103 -0.9686 0.2228
vn -0.1103 -0.9686 0.2228
vn -0.0481 -0.9795 0.1956
vn -0.0424 -0.9796 0.1967
vn 0.0264 -0.9841 0.1759
vn -0.0071 -0.9859 0.1669
vn -0.0071 -0.9859 0.1669
vn -0.0071 -0.9859 0.1669
vn 0.0386 -0.9871 0.1554
vn 0.0563 -0.9903 0.1271
vn 0.0646 -0.9900 0.1253
vn 0.0646 -0.9900 0.1253
vn 0.0646 -0.9900 0.1253
vn -0.2041 -0.9711 -0.1234
vn -0.2041 -0.9711 -0.1234
vn -0.2041 -0.9711 -0.1234
vn -0.1599 -0.9591 -0.2334
vn -0.1599 -0.9591 -0.2334
vn -0.1599 -0.9591 -0.2334
vn -0.1851 -0.9245 -0.3332
vn -0.1851 -0.9245 -0.3332
vn -0.3049 -0.9057 -0.2945
vn -0.3049 -0.9057 -0.2945
vn -0.3049 -0.9057 -0.2945
vn -0.1784 -0.9429 -0.2812
vn -0.1784 -0.9429 -0.2812
vn -0.1784 -0.9429 -0.2812
vn -0.3546 -0.7963 -0.4900
vn -0.3546 -0.7963 -0.4900
vn -0.3583 -0.8109 -0.4627
vn -0.3693 -0.7534 -0.5441
vn -0.4267 -0.6710 -0.6064
vn -0.4397 -0.6787 -0.5883
vn -0.4397 -0.6787 -0.5883
vn -0.4397 -0.6787 -0.5883
vn -0.5132 -0.5016 -0.6964
vn -0.5070 -0.3269 -0.7976
vn -0.5451 -0.2910 -0.7863
vn -0.5379 -0.3044 -0.7862
vn -0.5379 -0.3044 -0.7862
vn -0.5491 -0.3747 -0.7470
vn -0.5214 -0.3818 -0.7631
vn -0.5214 -0.3818 -0.7631
vn -0.5214 -0.3818 -0.7631
vn -0.4099 -0.5310 -0.7416
vn -0.4099 -0.5310 -0.7416
vn -0.4099 -0.5310 -0.7416
vn -0.5458 -0.4727 -0.6918
vn -0.5458 -0.4727 -0.6918
vn -0.5458 -0.4727 -0.6918
vn -0.4346 -0.5737 -0.6942
vn -0.5565 -0.3475 -0.7547
vn -0.5956 -0.3307 -0.7320
vn -0.6064 -0.3116 -0.7315
vn -0.6289 -0.2992 -0.7176
vn -0.6289 -0.2992 -0.7176
vn -0.6376 -0.2618 -0.7245
vn -0.6376 -0.2618 -0.7245
vn -0.5632 -0.6357 -0.5279
vn -0.5632 -0.6357 -0.5279
vn -0.4794 -0.6958 -0.5349
vn -0.4794 -0.6958 -0.5349
vn -0.4794 -0.6958 -0.5349
vn -0.7857 -0.4967 -0.3688
vn -0.7857 -0.4967 -0.3688
vn -0.7857 -0.4967 -0.3688
vn -0.7704 -0.4000 -0.4964
vn -0.7704 -0.4000 -0.4964
vn -0.7704 -0.4000 -0.4964
vn -0.7702 -0.4000 -0.4968
vn -0.7696 -0.3873 -0.5076
vn -0.7450 -0.3369 -0.5757
vn -0.7255 -0.4022 -0.5585
vn -0.7255 -0.4022 -0.5585
vn -0.8104 -0.3826 -0.4436
vn -0.8104 -0.3826 -0.4436
vn -0.7888 -0.3889 -0.4759
vn -0.7888 -0.3889 -0.4759
vn -0.7888 -0.3889 -0.4759
vn -0.7817 -0.3930 -0.4842
vn -0.7817 -0.3930 -0.4842
vn -0.7817 -0.3930 -0.4842
vn -0.7268 -0.5422 -0.4217
vn -0.7268 -0.5422 -0.4217
vn -0.6516 -0.5765 -0.4930
vn -0.6516 -0.5765 -0.4930
vn -0.6973 -0.5858 -0.4130
vn -0.6248 -0.6331 -0.4570
vn -0.6248 -0.6331 -0.4570
vn -0.6248 -0.6331 -0.4570
vn -0.6240 -0.7334 -0.2696
vn -0.6240 -0.7334 -0.2696
vn -0.6240 -0.7334 -0.2696
vn -0.8524 -0.4349 -0.2902
vn -0.8646 -0.4723 -0.1713
vn -0.8646 -0.4723 -0.1713
vn -0.8646 -0.4723 -0.1713
vn -0.8715 -0.4547 -0.1834
vn -0.8715 -0.4547 -0.1834
vn -0.8715 -0.4547 -0.1834
vn -0.8790 -0.4007 -0.2583
vn -0.8790 -0.4007 -0.2583
vn -0.8790 -0.4007 -0.2583
vn -0.8686 -0.4952 -0.0189
vn -0.8686 -0.4952 -0.0189
vn -0.8686 -0.4952 -0.0189
vn -0.8755 -0.4823 0.0305
vn -0.8755 -0.4823 0.0305
vn -0.8755 -0.4823 0.0305
vn -0.8982 -0.4382 0.0354
vn -0.8982 -0.4382 0.0354
vn -0.8982 -0.4382 0.0354
vn -0.9136 -0.3974 -0.0866
vn -0.9136 -0.3974 -0.0866
vn -0.9136 -0.3974 -0.0866
vn -0.8692 -0.4728 -0.1448
vn -0.8692 -0.4728 -0.1448
vn -0.8692 -0.4728 -0.1448
vn -0.8428 -0.5366 -0.0423
vn -0.8428 -0.5366 -0.0423
vn -0.8428 -0.5366 -0.0423
vn -0.8415 -0.5386 -0.0418
vn -0.8415 -0.5386 -0.0418
vn -0.7112 -0.7023 -0.0310
vn -0.7112 -0.7023 -0.0310
vn -0.7112 -0.7023 -0.0310
vn -0.7678 -0.6406 -0.0096
vn -0.7678 -0.6406 -0.0096
vn -0.7678 -0.6406 -0.0096
vn -0.6138 -0.7823 0.1066
vn -0.6138 -0.7823 0.1066
vn -0.6138 -0.7823 0.1066
vn -0.6805 -0.7203 0.1347
vn -0.6747 -0.7252 0.1372
vn -0.6747 -0.7252 0.1372
vn -0.6747 -0.7252 0.1372
vn -0.7417 -0.6502 0.1650
vn -0.7259 -0.6658 0.1722
vn -0.7929 -0.5752 0.2012
vn -0.7717 -0.5997 0.2118
vn -0.8329 -0.4979 0.2415
vn -0.8135 -0.5238 0.2526
vn -0.8135 -0.5238 0.2526
vn -0.8135 -0.5238 0.2526
vn -0.7960 -0.4518 0.4028
vn -0.7960 -0.4518 0.4028
vn -0.7987 -0.4454 0.4046
vn -0.7639 -0.5034 0.4038
vn -0.7575 -0.5386 0.3689
vn -0.7575 -0.5386 0.3689
vn -0.6897 -0.6252 0.3653
vn -0.6897 -0.6252 0.3653
vn -0.7530 -0.5701 0.3286
vn -0.7530 -0.5701 0.3286
vn -0.6394 -0.6981 0.3222
vn -0.6567 -0.7130 0.2457
vn -0.6567 -0.7130 0.2457
vn -0.6567 -0.7130 0.2457
vn -0.6704 -0.6657 0.3277
vn -0.6704 -0.6657 0.3277
vn -0.0004 -0.9976 0.0688
vn -0.0094 -0.9997 -0.0224
vn -0.0241 -0.9995 0.0213
vn -0.0241 -0.9995 0.0213
vn -0.0241 -0.9995 0.0213
vn -0.0474 -0.9964 -0.0704
vn -0.0581 -0.9978 -0.0304
vn -0.0581 -0.9978 -0.0304
vn -0.0581 -0.9978 -0.0304
vn -0.0921 -0.9862 -0.1376
vn -0.1060 -0.9905 -0.0870
vn -0.1427 -0.9630 -0.2285
vn -0.1660 -0.9725 -0.1631
vn -0.1660 -0.9725 -0.1631
vn -0.1660 -0.9725 -0.1631
vn -0.2330 -0.9117 -0.3384
vn -0.2330 -0.9117 -0.3384
vn -0.2330 -0.9117 -0.3384
vn -0.2528 -0.9186 -0.3038
vn -0.2956 -0.8531 -0.4300
vn -0.2937 -0.8534 -0.4307
vn -0.2937 -0.8534 -0.4307
vn -0.2937 -0.8534 -0.4307
vn -0.2765 -0.9533 -0.1220
vn -0.3646 -0.9281 -0.0749
vn -0.4263 -0.8776 -0.2193
vn -0.4263 -0.8776 -0.2193
vn -0.4263 -0.8776 -0.2193
vn -0.5164 -0.8396 -0.1688
vn -0.5164 -0.8396 -0.1688
vn -0.5736 -0.7506 -0.3280
vn -0.5736 -0.7506 -0.3280
vn -0.6106 -0.7297 -0.3078
vn -0.6106 -0.7297 -0.3078
vn -0.6106 -0.7297 -0.3078
vn -0.4640 -0.8352 -0.2952
vn -0.4640 -0.8352 -0.2952
vn -0.4640 -0.8352 -0.2952
vn -0.4378 -0.8303 -0.3449
vn -0.5318 -0.7943 -0.2937
vn -0.5318 -0.7943 -0.2937
vn -0.5318 -0.7943 -0.2937
vn -0.4204 -0.9015 -0.1028
vn -0.4204 -0.9015 -0.1028
vn -0.4204 -0.9015 -0.1028
vn -0.5043 -0.8619 -0.0532
vn -0.5659 -0.8010 -0.1953
vn -0.5659 -0.8010 -0.1953
vn -0.6387 -0.7551 -0.1483
vn -0.3476 -0.9307 -0.1142
vn -0.3476 -0.9307 -0.1142
vn -0.4357 -0.8977 -0.0654
vn -0.4357 -0.8977 -0.0654
vn -0.4357 -0.8977 -0.0654
vn -0.4984 -0.8412 -0.2100
vn -0.4984 -0.8412 -0.2100
vn -0.5802 -0.7984 -0.1609
vn -0.6231 -0.7309 -0.2786
vn -0.6723 -0.6996 -0.2421
vn -0.7005 -0.6623 -0.2658
vn -0.7588 -0.6096 -0.2297
vn -0.5785 -0.6717 -0.4628
vn -0.6004 -0.6771 -0.4255
vn -0.5168 -0.7132 -0.4735
vn -0.5425 -0.7208 -0.4315
vn -0.7268 -0.2714 -0.6310
vn -0.7268 -0.2714 -0.6310
vn -0.7268 -0.2714 -0.6310
vn -0.7123 -0.3191 -0.6252
vn -0.7123 -0.3191 -0.6252
vn -0.7201 -0.3546 -0.5964
vn -0.6972 -0.3939 -0.5989
vn -0.6972 -0.3939 -0.5989
vn -0.6972 -0.3939 -0.5989
vn -0.6985 -0.4919 -0.5198
vn -0.6985 -0.4919 -0.5198
vn -0.6430 -0.5238 -0.5587
vn -0.6430 -0.5238 -0.5587
vn -0.6229 -0.5437 -0.5624
vn -0.6439 -0.5385 -0.5435
vn -0.6439 -0.5385 -0.5435
vn -0.6439 -0.5385 -0.5435
vn -0.5715 -0.6085 -0.5506
vn -0.5715 -0.6085 -0.5506
vn -0.5715 -0.6085 -0.5506
vn -0.7460 -0.4862 -0.4552
vn -0.7471 -0.4407 -0.4976
vn -0.7087 -0.4681 -0.5278
vn -0.6691 -0.4584 -0.5850
vn -0.6691 -0.4584 -0.5850
vn -0.6548 -0.6174 -0.4360
vn -0.6274 -0.6473 -0.4329
vn -0.5940 -0.7508 -0.2889
vn -0.5083 -0.7914 -0.3396
vn -0.5083 -0.7914 -0.3396
vn -0.5083 -0.7914 -0.3396
vn -0.4479 -0.8772 -0.1730
vn -0.3526 -0.9087 -0.2235
vn -0.2939 -0.9522 -0.0834
vn -0.6543 -0.7562 0.0096
vn -0.5863 -0.8075 -0.0649
vn -0.5863 -0.8075 -0.0649
vn -0.5863 -0.8075 -0.0649
vn -0.6234 -0.7809 -0.0402
vn -0.6301 -0.7763 -0.0186
vn -0.5589 -0.8266 -0.0662
vn -0.7115 -0.7014 -0.0424
vn -0.7115 -0.7014 -0.0424
vn -0.7115 -0.7014 -0.0424
vn -0.7426 -0.6585 -0.1224
vn -0.7426 -0.6585 -0.1224
vn -0.7426 -0.6585 -0.1224
vn -0.7482 -0.6551 -0.1049
vn -0.7482 -0.6551 -0.1049
vn -0.7482 -0.6551 -0.1049
vn -0.7876 -0.5676 -0.2397
vn -0.7937 -0.5656 -0.2238
vn -0.7937 -0.5656 -0.2238
vn -0.7937 -0.5656 -0.2238
vn -0.3820 -0.9073 0.1758
vn -0.3884 -0.9002 0.1972
vn -0.4354 -0.8708 0.2285
vn -0.4354 -0.8708 0.2285
vn -0.4176 -0.8862 0.2008
vn -0.4176 -0.8862 0.2008
vn -0.4176 -0.8862 0.2008
vn -0.5044 -0.8232 0.2606
vn -0.5044 -0.8232 0.2606
vn -0.5044 -0.8232 0.2606
vn -0.4914 -0.8377 0.2385
vn -0.4914 -0.8377 0.2385
vn -0.4914 -0.8377 0.2385
vn -0.5389 -0.7970 0.2725
vn -0.5334 -0.7831 0.3198
vn -0.5334 -0.7831 0.3198
vn -0.6087 -0.7145 0.3450
vn -0.0341 -0.9964 0.0777
vn -0.1105 -0.9860 0.1248
vn -0.1284 -0.9850 0.1154
vn 0.0143 -0.9992 0.0372
vn -0.0335 -0.9973 0.0653
vn -0.0656 -0.9968 0.0461
vn -0.1418 -0.9857 0.0912
vn -0.1663 -0.9830 0.0775
vn -0.2477 -0.9605 0.1272
vn -0.2900 -0.9556 0.0529
vn -0.2900 -0.9556 0.0529
vn -0.2900 -0.9556 0.0529
vn -0.3682 -0.9243 0.1002
vn -0.3682 -0.9243 0.1002
vn -0.3682 -0.9243 0.1002
vn -0.4212 -0.9070 0.0044
vn -0.4212 -0.9070 0.0044
vn -0.4212 -0.9070 0.0044
vn -0.4825 -0.8749 0.0421
vn -0.5064 -0.8615 0.0378
vn -0.5516 -0.8314 0.0675
vn -0.5701 -0.8191 0.0641
vn -0.6101 -0.7870 0.0918
vn -0.6101 -0.7870 0.0918
vn -0.6101 -0.7870 0.0918
vn -0.6406 -0.7656 0.0594
vn -0.1901 -0.9695 0.1545
vn -0.2540 -0.9560 0.1469
vn -0.2544 -0.9560 0.1462
vn -0.3223 -0.9366 0.1375
vn -0.3594 -0.9302 0.0745
vn -0.4209 -0.9000 0.1131
vn -0.4440 -0.8893 0.1095
vn -0.4921 -0.8590 0.1414
vn -0.4921 -0.8590 0.1414
vn -0.4921 -0.8590 0.1414
vn -0.5098 -0.8490 0.1387
vn -0.5613 -0.8090 0.1744
vn -0.5744 -0.8002 0.1722
vn -0.6273 -0.7496 0.2112
vn -0.6361 -0.7426 0.2096
vn -0.6873 -0.6820 0.2500
vn -0.6930 -0.6767 0.2487
vn -0.7397 -0.6077 0.2889
vn -0.7438 -0.6032 0.2880
vn -0.7438 -0.6032 0.2880
vn -0.7844 -0.5276 0.3260
vn -0.7868 -0.5246 0.3252
vn -0.7959 -0.5045 0.3346
vn -0.9154 -0.2350 0.3267
vn -0.9154 -0.2350 0.3267
vn -0.9154 -0.2350 0.3267
vn -0.5060 -0.6536 -0.5628
vn -0.5060 -0.6536 -0.5628
vn -0.5060 -0.6536 -0.5628
vn -0.4766 -0.7629 -0.4368
vn -0.4489 -0.7534 -0.4806
vn -0.3918 -0.8710 -0.2965
vn -0.3648 -0.8646 -0.3456
vn -0.3034 -0.9358 -0.1797
vn -0.3034 -0.9358 -0.1797
vn -0.3034 -0.9358 -0.1797
vn -0.2813 -0.9331 -0.2240
vn -0.2813 -0.9331 -0.2240
vn -0.2813 -0.9331 -0.2240
vn -0.2267 -0.9696 -0.0918
vn -0.2267 -0.9696 -0.0918
vn -0.2267 -0.9696 -0.0918
vn -0.2104 -0.9694 -0.1265
vn -0.2104 -0.9694 -0.1265
vn -0.2104 -0.9694 -0.1265
vn -0.1726 -0.9842 -0.0406
vn -0.1726 -0.9842 -0.0406
vn -0.2262 -0.9740 -0.0116
vn -0.2262 -0.9740 -0.0116
vn -0.2262 -0.9740 -0.0116
vn -0.2132 -0.9761 -0.0425
vn -0.2928 -0.9562 0.0018
vn -0.2928 -0.9562 0.0018
vn -0.2928 -0.9562 0.0018
vn -0.2796 -0.9596 -0.0305
vn -0.3623 -0.9319 0.0166
vn -0.3623 -0.9319 0.0166
vn -0.3623 -0.9319 0.0166
vn -0.6668 -0.6070 0.4322
vn -0.6668 -0.6070 0.4322
vn -0.6877 -0.5833 0.4323
vn -0.6877 -0.5833 0.4323
vn -0.6368 -0.6623 0.3947
vn -0.6447 -0.6434 0.4128
vn -0.5713 -0.7379 0.3595
vn -0.5823 -0.7181 0.3812
vn -0.4969 -0.8065 0.3204
vn -0.4969 -0.8065 0.3204
vn -0.5124 -0.7851 0.3479
vn -0.4160 -0.8651 0.2802
vn -0.4373 -0.8424 0.3149
vn -0.4373 -0.8424 0.3149
vn -0.4373 -0.8424 0.3149
vn -0.3332 -0.9110 0.2430
vn -0.3593 -0.8891 0.2835
vn -0.2568 -0.9427 0.2132
vn -0.2851 -0.9238 0.2555
vn -0.1937 -0.9618 0.1935
vn -0.1937 -0.9618 0.1935
vn -0.2180 -0.9487 0.2291
vn -0.1405 -0.9741 0.1769
vn -0.1405 -0.9741 0.1769
vn -0.1405 -0.9741 0.1769
vn -0.1595 -0.9659 0.2039
vn -0.1595 -0.9659 0.2039
vn -0.1595 -0.9659 0.2039
vn -0.0771 -0.9858 0.1494
vn -0.0843 -0.9819 0.1697
vn -0.0071 -0.9927 0.1202
vn -0.0071 -0.9927 0.1202
vn -0.0071 -0.9927 0.1202
vn -0.0085 -0.9922 0.1245
vn 0.0421 -0.9948 0.0924
vn 0.0421 -0.9948 0.0924
vn 0.0421 -0.9948 0.0924
vn 0.0391 -0.9943 0.0997
vn -0.5456 -0.4452 -0.7101
vn -0.5621 -0.4459 -0.6966
vn -0.5200 -0.4828 -0.7046
vn -0.5200 -0.4828 -0.7046
vn -0.5200 -0.4828 -0.7046
vn -0.4928 -0.4921 -0.7176
vn -0.4854 -0.5986 -0.6373
vn -0.4098 -0.6749 -0.6136
vn -0.4381 -0.7001 -0.5638
vn -0.4066 -0.8003 -0.4406
vn -0.3785 -0.7891 -0.4837
vn -0.3194 -0.8991 -0.2995
vn -0.3194 -0.8991 -0.2995
vn -0.3194 -0.8991 -0.2995
vn -0.2947 -0.8920 -0.3427
vn -0.2354 -0.9542 -0.1844
vn -0.2354 -0.9542 -0.1844
vn -0.2163 -0.9507 -0.2224
vn -0.1663 -0.9809 -0.1005
vn -0.1529 -0.9798 -0.1292
vn -0.1529 -0.9798 -0.1292
vn -0.1529 -0.9798 -0.1292
vn -0.1121 -0.9930 -0.0364
vn -0.1159 -0.9929 -0.0275
vn -0.1017 -0.9948 0.0030
vn -0.1717 -0.9842 0.0426
vn -0.1774 -0.9825 0.0566
vn -0.2414 -0.9694 0.0451
vn -0.3000 -0.9506 0.0796
vn -0.3000 -0.9506 0.0796
vn -0.3000 -0.9506 0.0796
vn -0.3504 -0.9365 -0.0148
vn -0.4315 -0.9015 0.0332
vn -0.4315 -0.9015 0.0332
vn -0.4315 -0.9015 0.0332
vn -0.4917 -0.8664 -0.0867
vn -0.4917 -0.8664 -0.0867
vn -0.4917 -0.8664 -0.0867
vn -0.5684 -0.8218 -0.0390
vn -0.6279 -0.7580 -0.1766
vn -0.6945 -0.7077 -0.1299
vn -0.7388 -0.6173 -0.2703
vn -0.7345 -0.6213 -0.2730
vn -0.7345 -0.6213 -0.2730
vn -0.7345 -0.6213 -0.2730
vn -0.8029 -0.4900 -0.3394
vn -0.8029 -0.4900 -0.3394
vn -0.8029 -0.4900 -0.3394
vn -0.8090 -0.5015 -0.3066
vn -0.8090 -0.5015 -0.3066
vn -0.8090 -0.5015 -0.3066
vn -0.8496 -0.4446 -0.2837
vn -0.8496 -0.4446 -0.2837
vn -0.8363 -0.5128 -0.1940
vn -0.8328 -0.5143 -0.2050
vn -0.8328 -0.5143 -0.2050
vn -0.8328 -0.5143 -0.2050
vn -0.7977 -0.5983 -0.0750
vn -0.7977 -0.5983 -0.0750
vn -0.7977 -0.5983 -0.0750
vn -0.7945 -0.6009 -0.0873
vn -0.7945 -0.6009 -0.0873
vn -0.7945 -0.6009 -0.0873
vn -0.7543 -0.6563 0.0170
vn -0.7543 -0.6563 0.0170
vn -0.7543 -0.6563 0.0170
vn -0.8261 -0.5635 0.0054
vn -0.8261 -0.5635 0.0054
vn 0.2071 -0.9700 -0.1270
vn -0.2085 -0.7423 -0.6368
vn -0.2085 -0.7423 -0.6368
vn -0.1842 -0.7330 -0.6548
vn -0.1842 -0.7330 -0.6548
vn 0.2468 -0.7710 -0.5870
vn -0.0494 -0.3881 -0.9203
vn -0.0494 -0.3881 -0.9203
vn -0.0494 -0.3881 -0.9203
vn 0.5673 -0.6979 -0.4370
vn 0.7044 -0.5001 -0.5038
vn 0.7044 -0.5001 -0.5038
vn 0.7262 -0.5054 -0.4661
vn 0.7262 -0.5054 -0.4661
vn 0.5954 -0.7393 -0.3144
vn 0.5954 -0.7393 -0.3144
vn 0.5954 -0.7393 -0.3144
vn 0.3449 -0.9365 -0.0631
vn 0.0439 -0.9989 0.0181
vn 0.0439 -0.9989 0.0181
vn 0.0439 -0.9989 0.0181
vn -0.3516 -0.2747 -0.8949
vn -0.3516 -0.2747 -0.8949
vn -0.3516 -0.2747 -0.8949
vn -0.3533 -0.2916 -0.8889
vn -0.3533 -0.2916 -0.8889
vn -0.3533 -0.2916 -0.8889
vn -0.3687 -0.2899 -0.8832
vn -0.4011 -0.3153 -0.8601
vn -0.4718 -0.2968 -0.8303
vn -0.4398 -0.3474 -0.8282
vn -0.3401 -0.6788 -0.6509
vn -0.3401 -0.6788 -0.6509
vn -0.4376 -0.5741 -0.6920
vn -0.4376 -0.5741 -0.6920
vn -0.4015 -0.5000 -0.7673
vn -0.4820 -0.4747 -0.7364
vn -0.4820 -0.4747 -0.7364
vn -0.4820 -0.4747 -0.7364
vn -0.4624 -0.3818 -0.8003
vn -0.4624 -0.3818 -0.8003
vn -0.4624 -0.3818 -0.8003
vn -0.1429 -0.9151 -0.3771
vn -0.2303 -0.9103 -0.3439
vn -0.2303 -0.9103 -0.3439
vn -0.2303 -0.9103 -0.3439
vn -0.2612 -0.8533 -0.4513
vn -0.2612 -0.8533 -0.4513
vn -0.2612 -0.8533 -0.4513
vn -0.0227 -0.9712 -0.2373
vn -0.1414 -0.9591 -0.2452
vn -0.1414 -0.9591 -0.2452
vn -0.1414 -0.9591 -0.2452
vn -0.1763 -0.9429 -0.2825
vn -0.1763 -0.9429 -0.2825
vn -0.1763 -0.9429 -0.2825
vn 0.0988 -0.9897 0.1039
vn 0.2850 -0.9575 -0.0444
vn 0.2850 -0.9575 -0.0444
vn 0.2850 -0.9575 -0.0444
vn 0.2196 -0.9755 0.0104
vn 0.2539 -0.9672 0.0056
vn 0.1774 -0.9829 0.0489
vn 0.1774 -0.9829 0.0489
vn 0.1774 -0.9829 0.0489
vn 0.2038 -0.9776 0.0518
vn 0.1481 -0.9850 0.0882
vn 0.1481 -0.9850 0.0882
vn 0.1481 -0.9850 0.0882
vn 0.1385 -0.9865 0.0869
vn 0.0963 -0.9890 0.1125
vn 0.0683 -0.9943 0.0813
vn 0.3130 -0.9416 -0.1246
vn 0.5190 -0.7917 -0.3224
vn 0.5190 -0.7917 -0.3224
vn 0.6506 -0.6640 -0.3685
vn 0.6506 -0.6640 -0.3685
vn 0.6506 -0.6640 -0.3685
vn 0.5867 -0.7153 -0.3796
vn 0.6998 -0.5838 -0.4117
vn 0.6478 -0.6316 -0.4261
vn 0.7150 -0.5429 -0.4405
vn 0.7292 -0.5039 -0.4630
vn 0.7292 -0.5039 -0.4630
vn 0.7292 -0.5039 -0.4630
vn 0.7400 -0.4846 -0.4664
vn 0.7400 -0.4846 -0.4664
vn 0.7400 -0.4846 -0.4664
vn 0.7080 -0.5588 -0.4319
vn 0.7080 -0.5588 -0.4319
vn 0.7080 -0.5588 -0.4319
vn 0.7612 -0.5719 -0.3057
vn 0.7612 -0.5719 -0.3057
vn 0.6165 -0.6001 -0.5097
vn 0.6165 -0.6001 -0.5097
vn 0.6489 -0.6431 -0.4066
vn 0.6489 -0.6431 -0.4066
vn 0.6489 -0.6431 -0.4066
vn 0.5637 -0.7122 -0.4183
vn 0.5637 -0.7122 -0.4183
vn 0.5952 -0.7078 -0.3805
vn 0.5498 -0.7470 -0.3737
vn 0.5498 -0.7470 -0.3737
vn 0.5498 -0.7470 -0.3737
vn 0.5190 -0.7831 -0.3426
vn 0.5190 -0.7831 -0.3426
vn 0.5190 -0.7831 -0.3426
vn 0.4853 -0.7948 -0.3644
vn 0.5216 -0.7097 -0.4735
vn 0.5216 -0.7097 -0.4735
vn 0.5216 -0.7097 -0.4735
vn 0.6250 -0.6243 -0.4686
vn 0.5842 -0.6384 -0.5011
vn 0.5842 -0.6384 -0.5011
vn 0.5842 -0.6384 -0.5011
vn 0.6770 -0.5447 -0.4949
vn 0.6770 -0.5447 -0.4949
vn 0.6770 -0.5447 -0.4949
vn 0.6421 -0.5612 -0.5223
vn 0.6421 -0.5612 -0.5223
vn 0.6421 -0.5612 -0.5223
vn 0.7079 -0.4505 -0.5439
vn 0.7079 -0.4505 -0.5439
vn 0.7079 -0.4505 -0.5439
vn 0.3464 -0.5636 -0.7499
vn 0.3464 -0.5636 -0.7499
vn 0.3464 -0.5636 -0.7499
vn 0.3599 -0.6517 -0.6677
vn 0.3599 -0.6517 -0.6677
vn 0.3599 -0.6517 -0.6677
vn 0.3649 -0.4802 -0.7977
vn 0.2624 -0.4160 -0.8707
vn 0.2345 -0.4643 -0.8541
vn 0.2241 -0.4678 -0.8549
vn 0.2241 -0.4678 -0.8549
vn 0.2241 -0.4678 -0.8549
vn 0.1150 -0.4393 -0.8910
vn 0.1150 -0.4393 -0.8910
vn 0.1150 -0.4393 -0.8910
vn 0.0564 -0.5528 -0.8314
vn 0.0397 -0.4894 -0.8712
vn 0.0397 -0.4894 -0.8712
vn 0.0397 -0.4894 -0.8712
vn 0.0177 -0.7304 -0.6828
vn 0.0177 -0.7304 -0.6828
vn 0.0177 -0.7304 -0.6828
vn 0.1052 -0.6777 -0.7277
vn 0.1052 -0.6777 -0.7277
vn 0.1052 -0.6777 -0.7277
vn 0.0482 -0.6784 -0.7331
vn 0.0482 -0.6784 -0.7331
vn 0.0482 -0.6784 -0.7331
vn 0.1103 -0.6172 -0.7791
vn 0.1103 -0.6172 -0.7791
vn 0.1103 -0.6172 -0.7791
vn 0.0842 -0.6246 -0.7764
vn 0.1017 -0.5978 -0.7952
vn 0.1017 -0.5978 -0.7952
vn -0.0480 -0.7506 -0.6590
vn -0.0314 -0.7408 -0.6709
vn -0.0314 -0.7408 -0.6709
vn -0.0314 -0.7408 -0.6709
vn 0.0044 -0.7264 -0.6872
vn -0.1917 -0.5765 -0.7943
vn -0.1917 -0.5765 -0.7943
vn -0.1917 -0.5765 -0.7943
vn -0.0608 -0.5542 -0.8302
vn -0.0608 -0.5542 -0.8302
vn -0.0608 -0.5542 -0.8302
vn -0.0706 -0.5060 -0.8596
vn -0.0706 -0.5060 -0.8596
vn -0.0706 -0.5060 -0.8596
vn 0.0602 -0.5326 -0.8442
vn 0.0602 -0.5326 -0.8442
vn 0.0602 -0.5326 -0.8442
vn -0.1248 -0.3873 -0.9135
vn -0.1248 -0.3873 -0.9135
vn -0.1248 -0.3873 -0.9135
vn -0.1970 -0.3367 -0.9208
vn -0.2194 0.1415 -0.9653
vn -0.2194 0.1415 -0.9653
vn -0.2194 0.1415 -0.9653
vn -0.1411 -0.6589 -0.7389
vn -0.2432 -0.5364 -0.8082
vn -0.2432 -0.5364 -0.8082
vn -0.2380 -0.5300 -0.8139
vn -0.2810 -0.4061 -0.8695
vn -0.2225 -0.6504 -0.7263
vn -0.2225 -0.6504 -0.7263
vn -0.2225 -0.6504 -0.7263
vn -0.2478 -0.5874 -0.7704
vn -0.2478 -0.5874 -0.7704
vn -0.1903 -0.5301 -0.8263
vn -0.1903 -0.5301 -0.8263
vn 0.3722 -0.9107 -0.1790
vn 0.4021 -0.9073 -0.1227
vn 0.2546 -0.9647 -0.0675
vn 0.7266 -0.4891 -0.4825
vn 0.7266 -0.4891 -0.4825
vn 0.7266 -0.4891 -0.4825
vn 0.7310 -0.4989 -0.4655
vn 0.7310 -0.4989 -0.4655
vn 0.7310 -0.4989 -0.4655
vn 0.6952 -0.5626 -0.4474
vn 0.6952 -0.5626 -0.4474
vn 0.6952 -0.5626 -0.4474
vn 0.6879 -0.5822 -0.4334
vn 0.6879 -0.5822 -0.4334
vn 0.6879 -0.5822 -0.4334
vn 0.6463 -0.6426 -0.4115
vn 0.6360 -0.6632 -0.3946
vn 0.5903 -0.7173 -0.3701
vn 0.5903 -0.7173 -0.3701
vn 0.5903 -0.7173 -0.3701
vn 0.5765 -0.7385 -0.3496
vn 0.5765 -0.7385 -0.3496
vn 0.5765 -0.7385 -0.3496
vn 0.5292 -0.7844 -0.3234
vn 0.4832 -0.7571 -0.4397
vn 0.4832 -0.7571 -0.4397
vn 0.4702 -0.8043 -0.3633
vn 0.4702 -0.8043 -0.3633
vn 0.4702 -0.8043 -0.3633
vn 0.4479 -0.8222 -0.3511
vn 0.1558 -0.8549 -0.4948
vn 0.1558 -0.8549 -0.4948
vn 0.1558 -0.8549 -0.4948
vn 0.1933 -0.8329 -0.5186
vn 0.2529 -0.8614 -0.4405
vn 0.2529 -0.8614 -0.4405
vn 0.2529 -0.8614 -0.4405
vn 0.2991 -0.8315 -0.4682
vn 0.2991 -0.8315 -0.4682
vn 0.2991 -0.8315 -0.4682
vn 0.6335 -0.5247 -0.5687
vn 0.6333 -0.5280 -0.5658
vn 0.5814 -0.6033 -0.5460
vn 0.5814 -0.6033 -0.5460
vn 0.5806 -0.6075 -0.5420
vn 0.5241 -0.6766 -0.5173
vn 0.5241 -0.6766 -0.5173
vn 0.5241 -0.6766 -0.5173
vn 0.5228 -0.6818 -0.5117
vn 0.4641 -0.7426 -0.4829
vn 0.4617 -0.7497 -0.4742
vn 0.4037 -0.8003 -0.4433
vn 0.4001 -0.8088 -0.4311
vn 0.3456 -0.8488 -0.4000
vn 0.1994 -0.8155 -0.5432
vn 0.2422 -0.7863 -0.5684
vn 0.3043 -0.8191 -0.4863
vn 0.3043 -0.8191 -0.4863
vn 0.3043 -0.8191 -0.4863
vn 0.3468 -0.7869 -0.5104
vn 0.3468 -0.7869 -0.5104
vn 0.3468 -0.7869 -0.5104
vn 0.3611 -0.7823 -0.5076
vn 0.4109 -0.7259 -0.5516
vn 0.4109 -0.7259 -0.5516
vn 0.4109 -0.7259 -0.5516
vn 0.4192 -0.7221 -0.5503
vn 0.4192 -0.7221 -0.5503
vn 0.4617 -0.6628 -0.5895
vn 0.4779 -0.6544 -0.5859
vn 0.4779 -0.6544 -0.5859
vn 0.5180 -0.5915 -0.6179
vn 0.5180 -0.5915 -0.6179
vn 0.5180 -0.5915 -0.6179
vn 0.5356 -0.5810 -0.6128
vn 0.5356 -0.5810 -0.6128
vn 0.5356 -0.5810 -0.6128
vn 0.5706 -0.5159 -0.6389
vn 0.5706 -0.5159 -0.6389
vn 0.5898 -0.5037 -0.6312
vn 0.5898 -0.5037 -0.6312
vn 0.6905 -0.2326 -0.6849
vn 0.6905 -0.2326 -0.6849
vn 0.6905 -0.2326 -0.6849
vn 0.6460 -0.5044 -0.5729
vn 0.7105 -0.4447 -0.5454
vn 0.6973 -0.4939 -0.5195
vn 0.6973 -0.4939 -0.5195
vn 0.6973 -0.4939 -0.5195
vn 0.2109 -0.6585 -0.7224
vn 0.2774 -0.5982 -0.7518
vn 0.2774 -0.5982 -0.7518
vn 0.2774 -0.5982 -0.7518
vn 0.1806 -0.5180 -0.8361
vn 0.1818 -0.5085 -0.8417
vn 0.1818 -0.5085 -0.8417
vn 0.1818 -0.5085 -0.8417
vn 0.1044 -0.4376 -0.8931
vn 0.1044 -0.4376 -0.8931
vn 0.1044 -0.4376 -0.8931
vn 0.1492 -0.3985 -0.9050
vn 0.1492 -0.3985 -0.9050
vn 0.4375 -0.4424 -0.7829
vn 0.4375 -0.4424 -0.7829
vn 0.4183 -0.4882 -0.7660
vn 0.3655 -0.4847 -0.7946
vn 0.3655 -0.4847 -0.7946
vn 0.3655 -0.4847 -0.7946
vn 0.3459 -0.5115 -0.7866
vn 0.3459 -0.5115 -0.7866
vn 0.3459 -0.5115 -0.7866
vn 0.3224 -0.5335 -0.7819
vn 0.3224 -0.5335 -0.7819
vn 0.3224 -0.5335 -0.7819
vn 0.3204 -0.5449 -0.7749
vn 0.3204 -0.5449 -0.7749
vn 0.2649 -0.6009 -0.7541
vn 0.2649 -0.6009 -0.7541
vn 0.2649 -0.6009 -0.7541
vn 0.3150 -0.6378 -0.7028
vn 0.3150 -0.6378 -0.7028
vn 0.3150 -0.6378 -0.7028
vn 0.2841 -0.7112 -0.6430
vn 0.2841 -0.7112 -0.6430
vn 0.2841 -0.7112 -0.6430
vn 0.2719 -0.6972 -0.6633
vn 0.2719 -0.6972 -0.6633
vn 0.2719 -0.6972 -0.6633
vn 0.1929 -0.8090 -0.5553
vn 0.1929 -0.8090 -0.5553
vn 0.1929 -0.8090 -0.5553
vn 0.2702 -0.7684 -0.5802
vn 0.2702 -0.7684 -0.5802
vn 0.2702 -0.7684 -0.5802
vn 0.3217 -0.7525 -0.5746
vn 0.3217 -0.7525 -0.5746
vn 0.0672 -0.9786 -0.1943
vn 0.0672 -0.9786 -0.1943
vn 0.0672 -0.9786 -0.1943
vn 0.0380 -0.9842 -0.1731
vn 0.0380 -0.9842 -0.1731
vn 0.0380 -0.9842 -0.1731
vn -0.0075 -0.9739 -0.2268
vn -0.0075 -0.9739 -0.2268
vn -0.0075 -0.9739 -0.2268
vn -0.2884 -0.7963 -0.5317
vn -0.2884 -0.7963 -0.5317
vn -0.2622 -0.8109 -0.5232
vn -0.2600 -0.8532 -0.4522
vn -0.2600 -0.8532 -0.4522
vn -0.2600 -0.8532 -0.4522
vn -0.1819 -0.9085 -0.3761
vn -0.1819 -0.9085 -0.3761
vn -0.1876 -0.9216 -0.3397
vn -0.1091 -0.9604 -0.2565
vn -0.1091 -0.9604 -0.2565
vn -0.1091 -0.9604 -0.2565
vn -0.1179 -0.9715 -0.2055
vn -0.0630 -0.9852 -0.1592
vn -0.0575 -0.9914 -0.1177
vn -0.0246 -0.9959 -0.0869
vn -0.0202 -0.9983 -0.0542
vn 0.1139 -0.8904 -0.4407
vn 0.1139 -0.8904 -0.4407
vn 0.1139 -0.8904 -0.4407
vn 0.1483 -0.8734 -0.4638
vn 0.1483 -0.8734 -0.4638
vn 0.1483 -0.8734 -0.4638
vn 0.2049 -0.8976 -0.3902
vn 0.2467 -0.8748 -0.4169
vn 0.2907 -0.8895 -0.3526
vn 0.2907 -0.8895 -0.3526
vn 0.2907 -0.8895 -0.3526
vn 0.3403 -0.8590 -0.3825
vn 0.3403 -0.8590 -0.3825
vn 0.3403 -0.8590 -0.3825
vn 0.3878 -0.8699 -0.3049
vn 0.3878 -0.8699 -0.3049
vn 0.4331 -0.8384 -0.3309
vn 0.4657 -0.8420 -0.2724
vn 0.5103 -0.8070 -0.2974
vn 0.5350 -0.8068 -0.2506
vn 0.4459 -0.8575 -0.2565
vn -0.3113 -0.6886 -0.6549
vn -0.3113 -0.6886 -0.6549
vn -0.3113 -0.6886 -0.6549
vn -0.2858 -0.6624 -0.6925
vn -0.2858 -0.6624 -0.6925
vn -0.2858 -0.6624 -0.6925
vn -0.2655 -0.6810 -0.6825
vn -0.2655 -0.6810 -0.6825
vn -0.2655 -0.6810 -0.6825
vn -0.2312 -0.6371 -0.7353
vn -0.2312 -0.6371 -0.7353
vn -0.2312 -0.6371 -0.7353
vn -0.1742 -0.7006 -0.6919
vn -0.1499 -0.6895 -0.7086
vn 0.0733 -0.5013 -0.8622
vn 0.0733 -0.5013 -0.8622
vn 0.0733 -0.5013 -0.8622
vn 0.1343 -0.5592 -0.8181
vn 0.1343 -0.5592 -0.8181
vn 0.1316 -0.5740 -0.8082
vn 0.2288 -0.6554 -0.7198
vn 0.1740 -0.7001 -0.6925
vn 0.1696 -0.7182 -0.6749
vn 0.1301 -0.7464 -0.6527
vn 0.1245 -0.7669 -0.6296
vn 0.0909 -0.7880 -0.6089
vn 0.0909 -0.7880 -0.6089
vn 0.0836 -0.8114 -0.5785
vn 0.0836 -0.8114 -0.5785
vn 0.0836 -0.8114 -0.5785
vn 0.0530 -0.8279 -0.5584
vn 0.0530 -0.8279 -0.5584
vn 0.0443 -0.8528 -0.5204
vn 0.0443 -0.8528 -0.5204
vn 0.0443 -0.8528 -0.5204
vn 0.0167 -0.8653 -0.5011
vn -0.4968 -0.2649 -0.8265
vn -0.4549 -0.3424 -0.8221
vn -0.4720 -0.3846 -0.7933
vn -0.4160 -0.4852 -0.7691
vn -0.4160 -0.4852 -0.7691
vn -0.4160 -0.4852 -0.7691
vn -0.4243 -0.5084 -0.7493
vn -0.4243 -0.5084 -0.7493
vn -0.4243 -0.5084 -0.7493
vn -0.3202 -0.6577 -0.6818
vn -0.3623 -0.6709 -0.6471
vn -0.3309 -0.7533 -0.5683
vn -0.0639 -0.5934 -0.8024
vn -0.1693 -0.4681 -0.8673
vn -0.1252 -0.4407 -0.8889
vn -0.1149 -0.3999 -0.9093
vn -0.1149 -0.3999 -0.9093
vn -0.1149 -0.3999 -0.9093
vn -0.1078 -0.4000 -0.9102
vn -0.0981 -0.3963 -0.9129
vn -0.0981 -0.3963 -0.9129
vn -0.0981 -0.3963 -0.9129
vn -0.0879 -0.3928 -0.9154
vn -0.0879 -0.3928 -0.9154
vn -0.0879 -0.3928 -0.9154
vn -0.2554 -0.3391 -0.9054
vn -0.2332 -0.3585 -0.9039
vn -0.2268 -0.4103 -0.8833
vn -0.2268 -0.4103 -0.8833
vn -0.2268 -0.4103 -0.8833
vn -0.1864 -0.4656 -0.8652
vn -0.1864 -0.4656 -0.8652
vn -0.1864 -0.4656 -0.8652
vn -0.1994 -0.5098 -0.8369
vn -0.1097 -0.6174 -0.7790
vn -0.1186 -0.6472 -0.7531
vn -0.0035 -0.7506 -0.6607
vn -0.0557 -0.7775 -0.6264
vn -0.0655 -0.8082 -0.5853
vn -0.0655 -0.8082 -0.5853
vn -0.0886 -0.8181 -0.5682
vn 0.0901 -0.9958 -0.0132
vn 0.0357 -0.9959 -0.0827
vn 0.0973 -0.9873 -0.1258
vn 0.1032 -0.9835 -0.1487
vn 0.1032 -0.9835 -0.1487
vn 0.1380 -0.9753 -0.1727
vn 0.1380 -0.9753 -0.1727
vn 0.1822 -0.9770 -0.1111
vn 0.1646 -0.9826 -0.0855
vn 0.1646 -0.9826 -0.0855
vn 0.1395 -0.9878 -0.0697
vn 0.1259 -0.9908 -0.0499
vn 0.0721 -0.9973 -0.0146
vn 0.3082 -0.9243 -0.2249
vn 0.2788 -0.9378 -0.2069
vn 0.2321 -0.9322 -0.2777
vn 0.1910 -0.9491 -0.2503
vn 0.1910 -0.9491 -0.2503
vn 0.1910 -0.9491 -0.2503
vn 0.1506 -0.9403 -0.3051
vn 0.1506 -0.9403 -0.3051
vn 0.1506 -0.9403 -0.3051
vn 0.1145 -0.9531 -0.2801
vn 0.0644 -0.9373 -0.3426
vn 0.0644 -0.9373 -0.3426
vn 0.0644 -0.9373 -0.3426
vn 0.0349 -0.9465 -0.3209
vn -0.0278 -0.9198 -0.3914
vn -0.0278 -0.9198 -0.3914
vn -0.0513 -0.9263 -0.3733
vn -0.0513 -0.9263 -0.3733
vn -0.0513 -0.9263 -0.3733
vn -0.1309 -0.8804 -0.4559
vn -0.1309 -0.8804 -0.4559
vn 0.2546 -0.9513 -0.1736
vn 0.2294 -0.9605 -0.1578
vn 0.2294 -0.9605 -0.1578
vn 0.1833 -0.9572 -0.2239
vn 0.1452 -0.9693 -0.1982
vn 0.1069 -0.9628 -0.2481
vn 0.1069 -0.9628 -0.2481
vn 0.1069 -0.9628 -0.2481
vn 0.0740 -0.9715 -0.2252
vn 0.0265 -0.9590 -0.2822
vn -0.0003 -0.9651 -0.2619
vn -0.0003 -0.9651 -0.2619
vn -0.0003 -0.9651 -0.2619
vn -0.0601 -0.9426 -0.3285
vn -0.0601 -0.9426 -0.3285
vn -0.0601 -0.9426 -0.3285
vn 0.3445 -0.9245 -0.1630
vn 0.3126 -0.9419 -0.1225
vn 0.2928 -0.9497 -0.1109
vn 0.2661 -0.9609 -0.0769
vn 0.2465 -0.9669 -0.0653
vn 0.2265 -0.9732 -0.0399
vn 0.2265 -0.9732 -0.0399
vn 0.2265 -0.9732 -0.0399
vn 0.2041 -0.9786 -0.0263
vn 0.1770 -0.9842 0.0091
vn 0.1679 -0.9857 0.0108
vn 0.1111 -0.9928 0.0457
vn 0.1159 -0.9922 0.0462
vn 0.0701 -0.9947 0.0752
vn 0.0405 -0.9982 0.0432
vn -0.2518 -0.8084 -0.5320
vn -0.1529 -0.8859 -0.4379
vn -0.1612 -0.9052 -0.3932
vn -0.0825 -0.9468 -0.3111
vn -0.0894 -0.9581 -0.2723
vn -0.0894 -0.9581 -0.2723
vn -0.0894 -0.9581 -0.2723
vn -0.0319 -0.9776 -0.2082
vn -0.0374 -0.9831 -0.1791
vn -0.0374 -0.9831 -0.1791
vn -0.0374 -0.9831 -0.1791
vn 0.0234 -0.9939 -0.1080
vn 0.0234 -0.9939 -0.1080
vn 0.0234 -0.9939 -0.1080
vn 0.0216 -0.9924 -0.1211
vn 0.0611 -0.9955 -0.0728
vn 0.0611 -0.9955 -0.0728
vn 0.0050 -0.9994 -0.0332
vn 0.0120 -0.9999 -0.0011
vn -0.4078 -0.2859 -0.8671
vn -0.3912 -0.3164 -0.8642
vn -0.3991 -0.3291 -0.8558
vn -0.3991 -0.3291 -0.8558
vn -0.3991 -0.3291 -0.8558
vn -0.3640 -0.4103 -0.8362
vn -0.3961 -0.4270 -0.8129
vn -0.3953 -0.4784 -0.7841
vn -0.3922 -0.4756 -0.7874
vn -0.3922 -0.4756 -0.7874
vn -0.3922 -0.4756 -0.7874
vn -0.3268 -0.6024 -0.7282
vn -0.3268 -0.6024 -0.7282
vn -0.5667 -0.5617 -0.6028
vn -0.5667 -0.5617 -0.6028
vn -0.5667 -0.5617 -0.6028
vn -0.3192 -0.6997 -0.6391
vn -0.3192 -0.6997 -0.6391
vn -0.2424 -0.7807 -0.5759
vn -0.2187 -0.7734 -0.5950
vn -0.1212 -0.8548 -0.5046
vn -0.0987 -0.8475 -0.5215
vn -0.0987 -0.8475 -0.5215
vn -0.0987 -0.8475 -0.5215
vn -0.0183 -0.8987 -0.4382
vn -0.0183 -0.8987 -0.4382
vn -0.0183 -0.8987 -0.4382
vn 0.0071 -0.8895 -0.4568
vn 0.0729 -0.9214 -0.3817
vn 0.1052 -0.9087 -0.4041
vn 0.1052 -0.9087 -0.4041
vn 0.1052 -0.9087 -0.4041
vn 0.1590 -0.9282 -0.3364
vn 0.1976 -0.9109 -0.3622
vn 0.1976 -0.9109 -0.3622
vn 0.1976 -0.9109 -0.3622
vn 0.2395 -0.9225 -0.3027
vn 0.2842 -0.8999 -0.3309
vn 0.3309 -0.9082 -0.2563
vn 0.3309 -0.9082 -0.2563
vn 0.3309 -0.9082 -0.2563
vn 0.3682 -0.8871 -0.2783
vn 0.3682 -0.8871 -0.2783
vn 0.4026 -0.8890 -0.2179
vn 0.4026 -0.8890 -0.2179
vn 0.4404 -0.8653 -0.2394
vn 0.4404 -0.8653 -0.2394
vn 0.4404 -0.8653 -0.2394
vn 0.4683 -0.8635 -0.1873
vn 0.3760 -0.9071 -0.1894
f 1//1 2//2 3//3
f 4//4 5//5 6//6
f 7//7 8//7 9//7
f 10//8 11//9 12//9
f 13//10 14//10 15//10
f 15//11 14//11 16//11
f 17//12 18//13 19//14
f 20//15 21//15 22//15
f 23//16 24//16 25//16
f 26//17 27//18 28//19
f 28//20 27//20 29//20
f 28//21 29//21 30//21
f 31//22 32//22 33//22
f 33//23 32//24 34//25
f 34//26 35//27 33//28
f 33//29 35//30 36//31
f 33//32 36//32 37//32
f 38//33 39//34 40//35
f 36//36 41//37 37//38
f 37//39 41//39 42//39
f 37//40 42//40 43//41
f 43//42 42//43 40//44
f 43//45 40//46 44//47
f 44//48 40//49 39//50
f 45//51 46//52 47//53
f 47//54 46//55 48//54
f 47//56 48//57 49//58
f 49//59 48//60 50//61
f 49//62 50//63 38//64
f 45//65 47//66 51//67
f 51//68 47//68 52//68
f 51//69 52//70 53//71
f 54//72 55//73 56//74
f 56//75 55//76 57//77
f 56//78 57//79 58//80
f 58//81 57//82 59//83
f 23//84 60//84 57//84
f 57//85 60//86 61//87
f 57//88 61//89 59//90
f 25//91 24//91 62//91
f 63//92 64//93 65//94
f 65//95 64//96 66//97
f 65//98 66//99 67//100
f 67//101 68//102 65//103
f 65//104 68//105 69//106
f 65//107 69//108 70//109
f 70//110 69//111 71//112
f 70//113 71//114 62//114
f 72//115 73//115 74//115
f 74//116 73//117 75//117
f 74//118 75//119 63//118
f 63//120 75//121 76//122
f 63//123 76//124 64//125
f 74//126 77//126 72//127
f 72//128 77//129 78//130
f 72//131 78//131 79//131
f 78//132 80//133 79//134
f 79//135 80//136 81//137
f 79//138 81//138 82//138
f 83//139 84//140 85//141
f 85//142 84//142 86//142
f 85//143 86//143 87//143
f 87//144 86//144 88//144
f 81//145 89//146 82//147
f 82//148 89//148 90//149
f 82//150 90//151 91//151
f 91//152 90//153 92//154
f 91//155 92//156 83//157
f 83//158 92//159 93//160
f 83//161 93//162 84//163
f 94//164 95//165 96//165
f 96//166 95//167 97//168
f 96//169 97//170 63//169
f 63//171 97//172 98//172
f 63//173 98//174 74//175
f 99//176 100//177 94//178
f 94//179 100//180 101//181
f 94//182 101//183 95//184
f 102//185 103//186 104//187
f 104//188 103//189 105//190
f 104//191 105//192 94//193
f 94//194 105//195 106//196
f 106//197 107//198 94//199
f 94//200 107//201 108//202
f 94//203 108//203 99//203
f 108//204 109//205 99//206
f 99//207 109//207 110//207
f 99//208 110//209 111//210
f 111//211 110//212 112//213
f 112//214 110//215 113//214
f 112//216 113//216 114//216
f 115//217 116//218 117//219
f 117//220 116//221 118//222
f 117//223 118//223 119//223
f 119//224 118//224 21//224
f 21//225 118//225 120//225
f 21//226 120//227 22//228
f 19//229 18//230 121//231
f 18//232 122//233 121//234
f 121//235 122//236 123//237
f 121//238 123//239 20//240
f 124//241 13//242 125//243
f 125//244 13//245 15//246
f 125//247 15//248 126//249
f 126//250 15//250 16//250
f 126//251 16//251 19//251
f 19//252 16//253 127//254
f 19//255 127//256 17//257
f 128//258 129//259 121//260
f 20//261 22//261 121//261
f 121//262 22//263 130//264
f 121//265 130//266 131//267
f 131//268 132//269 121//270
f 121//271 132//272 133//273
f 121//274 133//275 128//276
f 129//277 134//277 121//278
f 121//279 134//280 135//281
f 121//282 135//283 19//284
f 19//285 135//286 136//287
f 19//288 136//289 126//290
f 129//291 137//292 134//293
f 134//294 137//295 138//296
f 134//297 138//297 139//297
f 139//298 140//299 141//299
f 141//300 140//301 142//302
f 141//303 142//304 143//305
f 143//306 142//307 144//308
f 145//309 146//310 147//311
f 145//312 147//312 148//312
f 148//313 147//314 149//315
f 148//316 149//316 150//316
f 151//317 152//318 153//319
f 153//320 152//321 154//322
f 151//323 155//323 152//323
f 152//324 155//325 156//326
f 152//327 156//327 145//327
f 145//328 156//329 157//330
f 145//331 157//332 146//333
f 158//334 159//334 160//335
f 159//336 161//337 160//338
f 160//339 161//339 162//339
f 160//340 162//340 152//340
f 152//341 162//342 163//343
f 152//344 163//344 154//344
f 158//345 164//346 165//347
f 165//348 164//349 166//350
f 167//351 168//352 169//353
f 169//354 168//355 170//356
f 169//357 170//358 171//359
f 171//360 172//361 169//362
f 169//363 172//363 173//364
f 169//365 173//365 164//365
f 164//366 173//367 174//368
f 164//369 174//369 166//369
f 175//370 176//371 177//372
f 177//373 176//373 178//373
f 177//374 178//375 179//376
f 179//377 178//378 180//379
f 179//380 180//380 169//380
f 169//381 180//382 181//383
f 169//384 181//384 167//384
f 175//385 177//385 182//385
f 182//386 177//386 183//386
f 182//387 183//388 184//389
f 185//390 6//390 186//390
f 186//391 6//392 187//393
f 185//394 188//395 6//396
f 6//397 188//398 189//399
f 6//400 189//401 183//402
f 183//403 189//404 190//405
f 183//406 190//407 184//408
f 10//409 12//409 8//409
f 8//410 12//411 191//412
f 8//413 191//414 9//415
f 9//416 191//417 192//418
f 9//419 192//419 193//419
f 187//420 6//420 193//420
f 193//421 6//421 5//421
f 193//422 5//422 9//422
f 9//423 5//424 194//425
f 9//426 194//427 7//428
f 195//429 196//430 197//431
f 177//432 198//433 183//434
f 183//435 198//435 195//435
f 183//436 195//436 199//436
f 199//437 195//438 197//439
f 199//440 200//441 183//442
f 183//443 200//444 201//445
f 183//446 201//447 6//448
f 6//449 201//450 202//451
f 6//452 202//453 4//454
f 203//455 204//455 205//455
f 205//456 204//457 197//458
f 205//459 197//460 206//461
f 206//462 197//463 196//464
f 207//465 208//466 209//465
f 209//467 208//467 210//468
f 209//469 210//469 203//469
f 203//470 210//471 211//472
f 203//473 211//474 204//475
f 212//476 213//476 214//476
f 214//477 213//478 215//479
f 214//480 215//480 216//480
f 216//481 215//481 217//481
f 216//482 217//482 2//482
f 2//483 217//484 218//485
f 2//486 218//487 3//488
f 212//489 219//489 213//489
f 213//490 219//490 220//490
f 213//491 220//492 221//493
f 38//494 40//495 49//496
f 49//497 40//498 222//499
f 49//500 222//500 223//500
f 222//501 224//501 223//502
f 223//503 224//504 225//505
f 223//506 225//506 2//506
f 2//507 225//508 226//509
f 2//510 226//510 216//510
f 30//511 29//512 227//513
f 227//514 29//515 228//516
f 227//517 228//518 31//519
f 31//520 228//521 229//522
f 31//523 229//523 32//524
f 158//525 160//525 164//525
f 164//526 160//526 230//526
f 164//527 230//528 169//528
f 169//529 230//530 231//531
f 169//532 231//533 179//534
f 232//535 233//536 145//537
f 145//538 233//538 234//538
f 145//539 234//540 152//541
f 152//542 234//543 235//544
f 152//545 235//546 160//547
f 236//548 237//549 232//550
f 232//551 237//551 238//551
f 232//552 238//553 233//554
f 144//555 142//556 150//557
f 150//558 142//558 239//558
f 150//559 239//559 148//559
f 148//560 239//560 240//560
f 148//561 240//562 145//563
f 145//564 240//564 241//564
f 145//565 241//565 232//565
f 232//566 241//567 242//568
f 232//569 242//570 236//571
f 139//572 138//572 140//572
f 140//573 138//574 243//575
f 140//576 243//577 142//578
f 142//579 243//580 244//581
f 142//582 244//583 239//584
f 115//585 102//586 116//587
f 116//588 102//589 104//589
f 116//590 104//591 245//592
f 245//593 104//594 94//593
f 246//595 247//595 24//595
f 24//596 247//597 248//598
f 24//599 248//600 62//601
f 62//602 248//603 249//603
f 62//604 249//605 70//606
f 70//607 249//608 250//609
f 70//610 250//610 65//610
f 65//611 250//611 251//611
f 65//612 251//612 63//612
f 63//613 251//614 252//615
f 63//616 252//617 96//616
f 96//618 252//619 253//620
f 96//621 253//622 94//623
f 94//624 253//625 254//624
f 94//626 254//627 245//628
f 23//629 57//630 24//631
f 24//632 57//633 255//634
f 24//635 255//636 246//637
f 256//638 257//638 55//638
f 55//639 257//640 258//641
f 55//642 258//643 57//644
f 57//645 258//646 259//647
f 57//648 259//649 255//650
f 54//651 260//652 55//653
f 55//654 260//655 53//656
f 55//657 53//658 256//659
f 256//660 53//661 52//662
f 256//663 52//664 261//665
f 261//666 52//666 47//666
f 261//667 47//668 262//669
f 223//670 263//671 49//672
f 49//673 263//674 264//675
f 49//676 264//676 47//676
f 47//677 264//677 265//677
f 47//678 265//679 262//679
f 3//680 207//681 1//682
f 1//683 207//684 209//685
f 1//686 209//687 2//687
f 2//688 209//689 266//690
f 2//691 266//692 223//693
f 223//694 266//695 267//696
f 223//697 267//698 263//699
f 268//700 269//701 270//702
f 271//703 272//704 273//705
f 274//706 275//707 276//706
f 277//708 278//709 279//709
f 280//710 281//710 282//710
f 281//711 280//712 283//712
f 284//713 285//714 286//714
f 287//715 286//716 288//717
f 289//718 290//718 291//718
f 292//719 293//720 294//721
f 295//722 296//723 297//724
f 298//725 299//726 300//727
f 300//728 299//728 301//728
f 302//729 303//730 304//731
f 305//732 306//732 307//732
f 307//733 306//733 308//733
f 307//734 308//734 309//734
f 309//735 308//736 310//737
f 309//738 310//739 311//740
f 311//741 310//741 302//741
f 311//742 302//743 312//744
f 312//745 302//746 304//747
f 313//748 314//749 315//750
f 313//751 315//752 316//753
f 315//754 317//755 316//756
f 316//757 317//758 318//759
f 316//760 318//760 303//760
f 303//761 318//762 319//761
f 303//763 319//764 304//765
f 314//766 313//766 320//766
f 320//767 313//767 321//768
f 320//769 321//770 322//771
f 323//772 324//772 325//772
f 322//773 326//774 320//774
f 320//775 326//776 323//777
f 320//778 323//779 327//778
f 327//780 323//780 325//780
f 328//781 329//781 330//781
f 330//782 329//783 331//784
f 330//785 331//785 324//786
f 324//787 331//788 332//789
f 324//790 332//791 325//792
f 333//793 334//794 335//795
f 335//796 334//797 336//798
f 335//799 336//800 330//801
f 336//802 337//803 330//804
f 330//805 337//806 338//807
f 330//808 338//808 328//808
f 338//809 339//810 328//811
f 328//812 339//812 340//812
f 328//813 340//813 341//813
f 341//814 340//814 342//815
f 342//816 340//817 343//818
f 342//819 343//819 344//819
f 345//820 346//821 347//822
f 347//823 346//823 348//823
f 349//824 350//825 351//826
f 351//827 350//827 352//828
f 351//829 352//829 348//829
f 348//830 352//830 353//830
f 348//831 353//832 347//833
f 354//834 355//835 356//834
f 356//836 355//837 357//838
f 357//839 358//840 356//841
f 356//842 358//842 359//842
f 356//843 359//844 360//845
f 361//846 298//847 362//847
f 362//848 298//848 300//849
f 362//850 300//851 363//852
f 363//853 300//854 301//854
f 363//855 301//855 354//856
f 354//857 301//858 364//859
f 354//860 364//861 355//862
f 365//863 366//864 354//865
f 366//866 367//867 354//868
f 354//869 367//870 368//871
f 354//872 368//872 363//872
f 356//873 369//874 370//875
f 370//876 371//876 356//877
f 356//878 371//879 372//880
f 356//881 372//882 354//883
f 354//884 372//885 373//886
f 354//887 373//888 365//888
f 374//889 356//890 349//891
f 349//892 356//893 360//894
f 349//895 360//896 350//897
f 374//898 375//899 356//900
f 356//901 375//901 376//901
f 356//902 376//903 369//904
f 369//905 376//906 377//907
f 369//908 377//909 378//910
f 378//911 377//912 379//911
f 379//913 377//913 380//913
f 380//914 377//914 381//914
f 380//915 381//915 382//915
f 383//916 384//917 385//918
f 385//919 384//920 386//921
f 385//922 386//923 387//924
f 383//925 388//926 384//927
f 384//928 388//929 389//930
f 384//931 389//932 390//933
f 390//934 391//934 384//934
f 384//935 391//935 392//935
f 384//936 392//937 382//938
f 393//939 394//940 386//941
f 386//942 394//943 395//944
f 386//945 395//946 387//947
f 396//948 397//949 398//950
f 398//951 397//952 399//953
f 400//954 401//955 402//956
f 402//957 401//957 397//957
f 402//958 397//959 403//960
f 403//961 397//962 396//963
f 404//964 405//965 406//966
f 405//967 407//968 406//969
f 406//970 407//971 408//972
f 406//973 408//973 397//973
f 397//974 408//975 409//976
f 397//977 409//978 399//979
f 404//980 410//981 411//982
f 411//983 410//984 412//984
f 413//985 414//986 415//987
f 415//988 414//988 416//989
f 415//990 416//991 417//992
f 417//993 418//994 415//995
f 415//996 418//997 419//998
f 415//999 419//1000 410//1001
f 410//1002 419//1003 420//1004
f 410//1005 420//1006 412//1007
f 421//1008 422//1008 423//1009
f 423//1010 422//1010 424//1011
f 423//1012 424//1013 425//1014
f 425//1015 424//1016 426//1017
f 425//1018 426//1018 415//1018
f 415//1019 426//1019 427//1020
f 415//1021 427//1022 413//1023
f 421//1024 423//1025 428//1026
f 428//1027 423//1027 429//1028
f 428//1029 429//1030 430//1030
f 431//1031 291//1032 432//1033
f 432//1034 291//1035 433//1036
f 431//1037 434//1037 291//1038
f 291//1039 434//1040 435//1041
f 291//1042 435//1043 429//1043
f 429//1044 435//1045 436//1046
f 429//1047 436//1048 430//1049
f 295//1050 297//1050 293//1050
f 293//1051 297//1052 437//1053
f 293//1054 437//1054 294//1054
f 294//1055 437//1056 438//1057
f 294//1058 438//1059 439//1060
f 433//1061 291//1062 439//1063
f 439//1064 291//1064 290//1064
f 439//1065 290//1065 294//1065
f 294//1066 290//1066 440//1066
f 294//1067 440//1067 292//1068
f 441//1069 442//1070 429//1071
f 429//1072 442//1073 443//1074
f 429//1075 443//1075 291//1075
f 291//1076 443//1077 444//1078
f 291//1079 444//1080 289//1081
f 423//1082 445//1083 429//1084
f 429//1085 445//1086 446//1087
f 429//1088 446//1088 441//1088
f 441//1089 446//1090 447//1091
f 441//1092 447//1093 448//1094
f 447//1095 449//1096 448//1097
f 448//1098 449//1098 450//1098
f 448//1099 450//1099 451//1099
f 452//1100 453//1101 454//1102
f 454//1103 453//1103 455//1103
f 454//1104 455//1104 450//1104
f 450//1105 455//1106 456//1107
f 450//1108 456//1109 451//1110
f 457//1111 458//1111 285//1111
f 285//1112 458//1112 459//1112
f 285//1113 459//1113 286//1113
f 286//1114 459//1115 460//1116
f 286//1117 460//1118 288//1119
f 457//1120 461//1121 458//1122
f 458//1123 461//1123 462//1123
f 458//1124 462//1124 463//1124
f 464//1125 465//1126 286//1127
f 286//1128 465//1129 466//1130
f 286//1131 466//1132 284//1133
f 278//1134 467//1135 279//1136
f 279//1137 467//1138 468//1139
f 279//1140 468//1140 464//1140
f 464//1141 468//1142 469//1143
f 464//1144 469//1145 465//1146
f 470//1147 471//1147 472//1147
f 472//1148 473//1149 470//1150
f 470//1151 473//1152 474//1151
f 470//1153 474//1153 475//1153
f 475//1154 474//1155 476//1155
f 278//1156 477//1157 467//1158
f 467//1159 477//1160 478//1161
f 467//1162 478//1162 479//1162
f 479//1163 478//1163 475//1163
f 479//1164 475//1164 480//1164
f 480//1165 475//1165 476//1166
f 481//1167 482//1168 483//1168
f 483//1169 482//1170 484//1171
f 483//1172 484//1172 471//1172
f 471//1173 484//1174 485//1175
f 471//1176 485//1176 472//1176
f 481//1177 483//1178 280//1179
f 280//1180 483//1181 486//1182
f 280//1183 486//1183 283//1183
f 487//1184 488//1184 489//1185
f 489//1186 488//1187 490//1188
f 489//1189 490//1190 279//1191
f 279//1192 490//1193 491//1194
f 279//1195 491//1196 277//1197
f 487//1198 489//1198 492//1199
f 492//1200 489//1201 493//1202
f 492//1203 493//1203 494//1203
f 495//1204 496//1204 497//1204
f 497//1205 496//1206 498//1207
f 497//1208 498//1209 499//1210
f 499//1211 498//1212 500//1213
f 274//1214 501//1214 498//1214
f 498//1215 501//1216 502//1217
f 498//1218 502//1219 500//1220
f 276//1221 275//1221 503//1221
f 504//1222 505//1223 506//1224
f 506//1225 505//1226 323//1227
f 506//1228 323//1229 507//1228
f 507//1230 323//1231 326//1231
f 504//1232 508//1233 505//1234
f 505//1235 508//1235 509//1235
f 505//1236 509//1236 510//1236
f 510//1237 509//1237 511//1237
f 510//1238 511//1238 503//1238
f 269//1239 268//1240 401//1241
f 401//1242 268//1243 512//1244
f 401//1245 512//1246 273//1247
f 273//1248 512//1249 513//1250
f 273//1251 513//1252 271//1253
f 382//1254 381//1254 384//1254
f 384//1255 381//1256 514//1257
f 384//1258 514//1258 386//1259
f 400//1260 515//1261 401//1262
f 401//1263 515//1264 516//1265
f 401//1266 516//1266 269//1266
f 269//1267 516//1267 393//1267
f 269//1268 393//1268 270//1268
f 270//1269 393//1269 386//1269
f 270//1270 386//1270 517//1270
f 517//1271 386//1272 514//1273
f 345//1274 333//1275 346//1276
f 346//1277 333//1278 335//1279
f 346//1280 335//1281 518//1282
f 518//1283 335//1283 330//1283
f 518//1284 330//1285 519//1284
f 519//1286 330//1287 324//1288
f 519//1289 324//1290 520//1291
f 520//1292 324//1292 323//1292
f 520//1293 323//1294 521//1294
f 521//1295 323//1296 505//1297
f 521//1298 505//1299 522//1299
f 522//1300 505//1301 510//1302
f 522//1303 510//1304 523//1305
f 523//1306 510//1307 503//1308
f 523//1309 503//1310 524//1309
f 524//1311 503//1311 275//1311
f 524//1312 275//1313 525//1312
f 525//1314 275//1315 526//1316
f 274//1317 498//1317 275//1317
f 275//1318 498//1319 527//1320
f 275//1321 527//1322 526//1323
f 528//1324 529//1324 496//1324
f 496//1325 529//1325 530//1325
f 496//1326 530//1326 498//1326
f 498//1327 530//1328 531//1329
f 498//1330 531//1331 527//1332
f 495//1333 532//1334 496//1335
f 496//1336 532//1337 494//1338
f 496//1339 494//1340 528//1339
f 528//1341 494//1342 493//1342
f 528//1343 493//1344 533//1345
f 533//1346 493//1346 489//1346
f 533//1347 489//1348 534//1349
f 464//1350 535//1351 279//1352
f 279//1353 535//1354 536//1355
f 279//1356 536//1356 489//1356
f 489//1357 536//1358 537//1359
f 489//1360 537//1361 534//1360
f 288//1362 452//1363 287//1364
f 287//1365 452//1366 454//1367
f 287//1368 454//1369 286//1370
f 286//1371 454//1372 538//1373
f 286//1374 538//1375 464//1376
f 464//1377 538//1378 539//1379
f 464//1380 539//1381 535//1382
f 404//1383 406//1384 410//1385
f 410//1386 406//1387 540//1388
f 410//1389 540//1390 415//1391
f 415//1392 540//1393 541//1394
f 415//1395 541//1396 425//1397
f 273//1398 542//1399 401//1400
f 401//1401 542//1401 543//1401
f 401//1402 543//1403 397//1404
f 397//1405 543//1406 544//1407
f 397//1408 544//1409 406//1410
f 272//1411 545//1412 273//1413
f 273//1414 545//1415 546//1416
f 273//1417 546//1418 542//1419
f 547//1420 548//1421 549//1422
f 549//1423 548//1424 550//1425
f 551//1426 552//1427 553//1428
f 554//1429 555//1429 556//1429
f 555//1430 554//1430 557//1430
f 558//1431 559//1432 560//1433
f 561//1434 562//1434 563//1434
f 563//1435 562//1435 564//1435
f 565//1436 566//1436 567//1436
f 565//1437 567//1438 568//1439
f 568//1440 567//1441 569//1442
f 568//1443 569//1444 570//1445
f 571//1446 572//1447 573//1448
f 573//1449 572//1450 574//1451
f 573//1452 574//1453 575//1454
f 576//1455 577//1456 578//1457
f 578//1458 577//1459 573//1460
f 578//1461 573//1462 579//1463
f 579//1464 573//1465 575//1466
f 576//1467 580//1468 577//1469
f 577//1470 580//1471 581//1472
f 577//1473 581//1474 582//1475
f 583//1476 584//1477 585//1478
f 564//1479 562//1480 583//1481
f 583//1482 562//1482 586//1482
f 583//1483 586//1484 584//1485
f 557//1486 587//1486 559//1487
f 559//1488 558//1488 557//1488
f 557//1489 558//1490 588//1491
f 557//1492 588//1492 555//1492
f 588//1493 589//1494 555//1495
f 555//1496 589//1496 590//1497
f 555//1498 590//1498 556//1498
f 556//1499 590//1500 591//1501
f 556//1502 591//1503 592//1504
f 593//1505 594//1506 595//1507
f 595//1508 594//1508 556//1508
f 595//1509 556//1510 596//1511
f 596//1512 556//1513 592//1514
f 587//1515 597//1516 559//1517
f 559//1518 597//1519 598//1520
f 559//1521 598//1522 560//1521
f 560//1523 598//1524 599//1525
f 560//1526 599//1527 600//1528
f 601//1529 602//1530 603//1529
f 602//1531 604//1531 603//1531
f 603//1532 604//1533 605//1534
f 603//1535 605//1536 594//1537
f 594//1538 605//1539 606//1540
f 606//1541 607//1542 594//1543
f 594//1544 607//1545 608//1546
f 594//1547 608//1548 609//1549
f 609//1550 610//1551 594//1552
f 594//1553 610//1554 611//1555
f 594//1556 611//1557 556//1558
f 556//1559 611//1560 612//1561
f 556//1562 612//1562 554//1562
f 554//1563 612//1564 613//1565
f 554//1566 613//1566 614//1566
f 603//1567 615//1567 601//1567
f 601//1568 615//1568 616//1568
f 601//1569 616//1570 553//1571
f 553//1572 616//1572 617//1572
f 553//1573 617//1574 551//1575
f 618//1576 619//1577 552//1578
f 552//1579 619//1579 620//1579
f 552//1580 620//1581 553//1582
f 618//1583 621//1583 622//1583
f 622//1584 623//1585 618//1586
f 618//1587 623//1588 624//1589
f 618//1590 624//1590 619//1590
f 621//1591 618//1592 625//1593
f 625//1594 618//1595 626//1596
f 625//1597 626//1598 627//1599
f 628//1600 629//1601 630//1602
f 628//1603 630//1604 631//1605
f 631//1606 630//1607 632//1608
f 631//1609 632//1610 633//1611
f 629//1612 634//1613 630//1614
f 630//1615 634//1616 635//1617
f 630//1618 635//1619 636//1620
f 636//1621 637//1622 638//1623
f 627//1624 639//1624 625//1624
f 625//1625 639//1625 640//1625
f 625//1626 640//1627 641//1628
f 641//1629 640//1629 642//1629
f 641//1630 642//1630 643//1630
f 643//1631 642//1632 638//1633
f 643//1634 638//1634 644//1634
f 644//1635 638//1636 637//1637
f 645//1638 646//1639 647//1639
f 647//1640 646//1641 648//1642
f 647//1643 648//1643 632//1643
f 632//1644 648//1645 649//1646
f 632//1647 649//1648 633//1649
f 632//1650 650//1651 651//1652
f 652//1653 647//1654 653//1653
f 653//1655 647//1655 632//1655
f 653//1656 632//1657 654//1658
f 654//1659 632//1660 651//1661
f 645//1662 655//1663 656//1662
f 656//1664 655//1664 657//1664
f 652//1665 658//1665 647//1665
f 647//1666 658//1667 659//1668
f 647//1669 659//1669 645//1669
f 645//1670 659//1671 660//1672
f 645//1673 660//1673 655//1673
f 655//1674 660//1675 661//1676
f 655//1677 661//1678 657//1679
f 657//1680 661//1680 662//1680
f 657//1681 662//1682 663//1683
f 664//1684 665//1684 666//1684
f 550//1685 548//1686 664//1685
f 664//1687 548//1687 667//1687
f 664//1688 667//1688 665//1688
f 668//1689 669//1689 670//1689
f 671//1690 672//1691 673//1692
f 673//1693 672//1693 674//1693
f 673//1694 674//1695 675//1696
f 676//1697 677//1697 678//1698
f 678//1699 677//1700 679//1701
f 678//1702 679//1702 680//1702
f 680//1703 679//1704 681//1705
f 680//1706 681//1707 682//1708
f 675//1709 683//1710 673//1711
f 673//1712 683//1712 684//1712
f 673//1713 684//1713 671//1713
f 671//1714 684//1714 685//1714
f 671//1715 685//1716 686//1717
f 672//1718 668//1719 674//1720
f 674//1721 668//1721 670//1721
f 674//1722 670//1723 687//1724
f 687//1725 670//1725 688//1725
f 669//1726 676//1726 670//1727
f 670//1728 676//1728 678//1729
f 670//1730 678//1730 688//1730
f 688//1731 678//1731 689//1731
f 690//1732 691//1733 692//1734
f 692//1735 691//1736 693//1737
f 692//1738 693//1738 680//1738
f 680//1739 693//1739 694//1739
f 680//1740 694//1741 695//1742
f 695//1743 696//1744 680//1745
f 680//1746 696//1747 697//1748
f 680//1749 697//1750 678//1751
f 678//1752 697//1753 698//1754
f 678//1755 698//1756 689//1757
f 699//1758 700//1759 701//1760
f 701//1761 700//1762 702//1763
f 701//1764 702//1765 703//1766
f 699//1767 701//1767 704//1767
f 704//1768 701//1769 705//1770
f 704//1771 705//1772 706//1773
f 705//1774 707//1774 708//1774
f 708//1775 709//1776 705//1777
f 705//1778 709//1779 710//1780
f 705//1781 710//1782 706//1783
f 707//1784 705//1785 711//1786
f 711//1787 705//1788 712//1789
f 711//1790 712//1791 713//1792
f 573//1793 714//1794 715//1795
f 715//1796 714//1797 716//1798
f 715//1799 716//1800 717//1801
f 717//1802 718//1803 715//1804
f 715//1805 718//1806 719//1807
f 715//1808 719//1809 720//1810
f 720//1811 721//1812 722//1813
f 722//1814 721//1814 723//1814
f 722//1815 723//1816 724//1817
f 713//1818 725//1819 711//1820
f 711//1821 725//1821 726//1821
f 711//1822 726//1823 727//1824
f 727//1825 726//1825 724//1825
f 727//1826 724//1827 728//1828
f 728//1829 724//1830 723//1829
f 729//1831 730//1832 731//1833
f 582//1834 732//1835 577//1836
f 577//1837 732//1837 729//1837
f 577//1838 729//1839 573//1840
f 573//1841 729//1841 731//1841
f 573//1842 731//1843 714//1844
f 581//1845 733//1846 582//1847
f 582//1848 733//1849 570//1850
f 582//1851 570//1852 734//1853
f 734//1854 570//1855 569//1856
f 734//1857 569//1858 735//1859
f 735//1860 569//1861 567//1862
f 736//1863 680//1864 549//1865
f 549//1866 680//1866 682//1866
f 549//1867 682//1867 547//1867
f 736//1868 737//1869 680//1870
f 680//1871 737//1872 738//1873
f 680//1874 738//1874 692//1874
f 692//1875 738//1876 739//1877
f 692//1878 739//1879 690//1880
f 690//1881 739//1881 740//1881
f 690//1882 740//1882 741//1882
f 741//1883 740//1883 742//1883
f 741//1884 742//1884 702//1884
f 702//1885 742//1885 743//1885
f 702//1886 743//1886 703//1886
f 744//1887 745//1888 664//1888
f 664//1889 745//1890 746//1891
f 664//1892 746//1893 550//1894
f 550//1895 746//1896 747//1897
f 550//1898 747//1899 549//1900
f 549//1901 747//1902 748//1903
f 549//1904 748//1905 736//1906
f 749//1907 750//1908 630//1909
f 749//1910 630//1910 751//1910
f 636//1911 638//1911 630//1911
f 630//1912 638//1913 752//1914
f 630//1915 752//1915 751//1915
f 650//1916 632//1916 666//1916
f 666//1917 632//1917 630//1917
f 666//1918 630//1918 664//1918
f 664//1919 630//1920 750//1920
f 664//1921 750//1922 744//1923
f 753//1924 594//1924 563//1924
f 563//1925 594//1925 593//1925
f 563//1926 593//1926 561//1926
f 753//1927 754//1927 594//1928
f 594//1929 754//1930 755//1931
f 594//1932 755//1933 756//1934
f 756//1935 757//1935 594//1935
f 594//1936 757//1936 758//1936
f 594//1937 758//1938 603//1939
f 759//1940 760//1941 583//1942
f 583//1943 760//1944 761//1945
f 583//1946 761//1947 564//1948
f 564//1949 761//1950 762//1951
f 564//1952 762//1953 563//1954
f 563//1955 762//1956 763//1957
f 563//1958 763//1959 753//1960
f 764//1961 765//1961 715//1961
f 764//1962 715//1962 766//1962
f 720//1963 722//1963 715//1963
f 715//1964 722//1964 767//1964
f 715//1965 767//1965 766//1965
f 571//1966 573//1967 585//1968
f 585//1969 573//1970 715//1969
f 585//1971 715//1971 583//1971
f 583//1972 715//1973 765//1974
f 583//1975 765//1976 759//1977
f 614//1978 768//1979 554//1978
f 554//1980 768//1981 769//1982
f 554//1983 769//1983 557//1983
f 557//1984 769//1985 770//1986
f 557//1987 770//1988 587//1989
f 587//1990 770//1991 771//1992
f 587//1993 771//1994 597//1993
f 597//1995 771//1996 772//1997
f 772//1998 773//1999 597//2000
f 597//2001 773//2002 774//2003
f 597//2004 774//2004 598//2004
f 768//2005 614//2005 775//2005
f 775//2006 614//2007 613//2008
f 613//2009 612//2010 775//2011
f 775//2012 612//2012 611//2012
f 775//2013 611//2014 776//2015
f 605//2016 604//2017 777//2018
f 777//2019 778//2020 605//2021
f 605//2022 778//2023 779//2024
f 605//2025 779//2026 606//2027
f 606//2028 779//2029 780//2030
f 606//2031 780//2032 607//2033
f 607//2034 780//2035 781//2036
f 607//2037 781//2037 608//2037
f 608//2038 781//2039 782//2040
f 608//2041 782//2042 609//2043
f 609//2044 782//2045 783//2046
f 609//2047 783//2048 610//2049
f 610//2050 783//2051 776//2052
f 610//2053 776//2054 611//2055
f 777//2056 604//2056 602//2056
f 601//2057 784//2057 602//2057
f 602//2058 784//2059 785//2060
f 602//2061 785//2062 777//2063
f 619//2064 786//2064 620//2064
f 620//2065 786//2065 784//2066
f 620//2067 784//2068 553//2067
f 553//2069 784//2070 601//2070
f 786//2071 619//2072 787//2072
f 619//2073 624//2074 787//2075
f 787//2076 624//2077 623//2078
f 787//2079 623//2080 788//2081
f 788//2082 623//2082 622//2083
f 788//2084 622//2085 789//2085
f 622//2086 621//2086 789//2086
f 789//2087 621//2088 790//2087
f 790//2089 621//2090 791//2091
f 791//2092 621//2092 625//2092
f 791//2093 625//2094 792//2095
f 644//2096 793//2096 643//2096
f 643//2097 793//2098 792//2097
f 643//2099 792//2100 641//2101
f 641//2102 792//2103 625//2104
f 628//2105 631//2106 794//2107
f 794//2108 795//2109 628//2110
f 628//2111 795//2111 796//2111
f 628//2112 796//2113 629//2114
f 629//2115 796//2116 797//2117
f 629//2118 797//2118 634//2118
f 634//2119 797//2120 798//2119
f 634//2121 798//2121 635//2122
f 635//2123 798//2124 799//2125
f 635//2126 799//2127 636//2128
f 636//2129 799//2130 637//2131
f 637//2132 799//2133 793//2134
f 637//2135 793//2136 644//2137
f 794//2138 631//2138 633//2139
f 794//2140 633//2140 800//2140
f 800//2141 633//2142 649//2143
f 800//2144 649//2144 801//2144
f 801//2145 649//2146 802//2147
f 802//2148 649//2149 648//2150
f 802//2151 648//2151 803//2151
f 803//2152 648//2153 646//2152
f 657//2154 804//2155 656//2155
f 656//2156 804//2157 805//2158
f 656//2159 805//2160 645//2161
f 645//2162 805//2162 806//2162
f 645//2163 806//2163 646//2163
f 646//2164 806//2164 807//2164
f 646//2165 807//2166 803//2167
f 363//2168 368//2168 808//2168
f 808//2169 368//2169 809//2169
f 809//2170 368//2171 367//2172
f 809//2173 367//2174 366//2175
f 366//2176 365//2177 809//2178
f 809//2179 365//2180 373//2181
f 809//2182 373//2182 810//2182
f 810//2183 373//2183 372//2183
f 810//2184 372//2185 371//2186
f 371//2187 370//2188 810//2189
f 810//2190 370//2191 369//2192
f 810//2193 369//2194 378//2195
f 378//2196 379//2197 810//2198
f 810//2199 379//2199 380//2199
f 810//2200 380//2200 811//2200
f 811//2201 380//2202 382//2203
f 382//2204 392//2205 811//2206
f 811//2207 392//2208 391//2208
f 811//2209 391//2209 812//2209
f 812//2210 391//2211 390//2212
f 812//2213 390//2214 389//2215
f 385//2216 813//2217 383//2218
f 383//2219 813//2219 812//2219
f 383//2220 812//2221 388//2222
f 388//2223 812//2224 389//2225
f 385//2226 387//2227 813//2228
f 813//2229 387//2230 395//2231
f 813//2232 395//2233 814//2234
f 516//2235 815//2235 393//2235
f 393//2236 815//2237 814//2237
f 393//2238 814//2239 394//2239
f 394//2240 814//2241 395//2242
f 816//2243 361//2244 362//2245
f 808//2246 817//2246 363//2246
f 363//2247 817//2247 818//2248
f 363//2249 818//2249 362//2249
f 362//2250 818//2251 819//2252
f 362//2253 819//2254 816//2255
f 815//2256 516//2257 515//2258
f 815//2259 515//2260 820//2261
f 820//2262 515//2263 400//2264
f 820//2265 400//2266 821//2267
f 821//2268 400//2269 402//2270
f 821//2271 402//2271 822//2271
f 822//2272 402//2273 823//2274
f 823//2275 402//2276 403//2277
f 403//2278 396//2279 823//2280
f 823//2281 396//2282 398//2283
f 823//2284 398//2285 824//2286
f 398//2287 399//2288 824//2289
f 824//2290 399//2291 409//2290
f 824//2292 409//2293 408//2294
f 408//2295 407//2296 824//2297
f 824//2298 407//2299 405//2300
f 824//2301 405//2302 825//2303
f 825//2304 405//2305 404//2306
f 404//2307 411//2308 825//2307
f 825//2309 411//2310 412//2311
f 825//2312 412//2313 826//2313
f 826//2314 412//2315 420//2316
f 420//2317 419//2318 826//2319
f 826//2320 419//2321 418//2322
f 826//2323 418//2323 827//2323
f 827//2324 418//2325 417//2326
f 827//2327 417//2328 416//2329
f 416//2330 414//2331 827//2332
f 827//2333 414//2334 413//2335
f 827//2336 413//2337 828//2336
f 828//2338 413//2339 427//2340
f 828//2341 427//2342 426//2343
f 434//2344 431//2345 829//2346
f 426//2347 424//2347 828//2347
f 828//2348 424//2349 422//2350
f 828//2351 422//2352 830//2353
f 830//2354 422//2355 421//2356
f 830//2357 421//2358 428//2359
f 428//2360 430//2361 830//2362
f 830//2363 430//2364 436//2365
f 830//2366 436//2367 829//2368
f 829//2369 436//2370 435//2371
f 829//2372 435//2373 434//2372
f 431//2374 432//2374 829//2374
f 829//2375 432//2375 433//2375
f 829//2376 433//2376 831//2376
f 831//2377 433//2377 439//2377
f 831//2378 439//2379 832//2380
f 832//2381 439//2382 438//2383
f 832//2384 438//2384 833//2384
f 833//2385 438//2385 437//2385
f 833//2386 437//2387 834//2388
f 834//2389 437//2389 297//2390
f 834//2391 297//2392 835//2393
f 835//2394 297//2394 296//2395
f 836//2396 149//2397 837//2398
f 837//2399 149//2400 147//2401
f 147//2402 146//2403 837//2404
f 837//2405 146//2406 157//2407
f 837//2408 157//2409 838//2410
f 838//2411 157//2412 156//2413
f 838//2414 156//2415 839//2416
f 180//2417 178//2417 840//2417
f 839//2418 156//2418 841//2419
f 841//2420 156//2421 155//2421
f 155//2422 151//2423 841//2424
f 841//2425 151//2425 153//2426
f 841//2427 153//2428 842//2428
f 153//2429 154//2430 842//2431
f 842//2432 154//2432 163//2432
f 842//2433 163//2434 162//2435
f 162//2436 161//2437 842//2438
f 842//2439 161//2440 159//2441
f 842//2442 159//2443 843//2444
f 843//2445 159//2446 158//2447
f 158//2448 165//2448 843//2448
f 843//2449 165//2450 166//2451
f 843//2452 166//2452 844//2452
f 844//2453 166//2454 174//2455
f 174//2456 173//2457 844//2458
f 844//2459 173//2460 172//2461
f 844//2462 172//2462 845//2462
f 845//2463 172//2464 171//2465
f 845//2466 171//2467 170//2468
f 170//2469 168//2470 845//2471
f 845//2472 168//2472 167//2472
f 845//2473 167//2473 840//2473
f 840//2474 167//2475 181//2476
f 840//2477 181//2478 180//2479
f 182//2480 846//2481 175//2482
f 175//2483 846//2484 840//2485
f 175//2486 840//2487 176//2488
f 176//2489 840//2490 178//2491
f 188//2492 185//2493 847//2494
f 182//2495 184//2496 846//2497
f 846//2498 184//2499 190//2500
f 846//2501 190//2502 847//2503
f 847//2504 190//2505 189//2504
f 847//2506 189//2506 188//2506
f 185//2507 186//2508 847//2509
f 847//2510 186//2511 187//2512
f 847//2513 187//2513 848//2513
f 848//2514 187//2515 193//2516
f 848//2517 193//2517 849//2517
f 193//2518 192//2518 849//2518
f 849//2519 192//2520 191//2521
f 849//2522 191//2523 850//2524
f 850//2525 191//2525 12//2525
f 850//2526 12//2526 851//2526
f 851//2527 12//2528 11//2529
f 852//2530 853//2531 683//2532
f 689//2533 854//2534 688//2535
f 688//2536 854//2536 855//2536
f 688//2537 855//2537 687//2537
f 687//2538 855//2539 856//2540
f 687//2541 856//2542 674//2543
f 674//2544 856//2545 852//2546
f 674//2547 852//2548 675//2549
f 675//2550 852//2551 683//2552
f 853//2553 857//2554 683//2555
f 683//2556 857//2557 858//2558
f 683//2559 858//2560 684//2561
f 854//2562 689//2562 698//2562
f 854//2563 698//2563 859//2563
f 859//2564 698//2565 697//2566
f 859//2567 697//2568 860//2569
f 861//2570 693//2571 862//2572
f 862//2573 693//2573 691//2573
f 860//2574 697//2575 863//2576
f 863//2577 697//2578 696//2579
f 863//2580 696//2581 864//2582
f 864//2583 696//2584 695//2583
f 864//2585 695//2586 865//2587
f 865//2588 695//2589 694//2590
f 865//2591 694//2592 866//2592
f 866//2593 694//2594 693//2595
f 866//2596 693//2597 867//2598
f 867//2599 693//2600 861//2601
f 691//2602 690//2602 862//2602
f 862//2603 690//2604 868//2604
f 868//2605 690//2606 869//2607
f 869//2608 690//2608 741//2609
f 869//2610 741//2611 702//2612
f 704//2613 870//2613 699//2613
f 699//2614 870//2615 869//2616
f 699//2617 869//2618 700//2619
f 700//2620 869//2620 702//2620
f 870//2621 704//2622 871//2623
f 871//2624 704//2625 706//2626
f 871//2627 706//2628 872//2629
f 872//2630 706//2631 710//2632
f 872//2633 710//2634 873//2635
f 873//2636 710//2637 709//2638
f 873//2639 709//2640 874//2640
f 875//2641 876//2642 708//2643
f 708//2644 876//2644 874//2644
f 708//2645 874//2646 709//2647
f 708//2648 707//2648 875//2648
f 875//2649 707//2650 711//2651
f 875//2652 711//2653 727//2654
f 721//2655 877//2655 723//2655
f 723//2656 877//2656 875//2656
f 723//2657 875//2658 728//2659
f 728//2660 875//2661 727//2662
f 716//2663 714//2664 878//2665
f 878//2666 879//2667 716//2668
f 716//2669 879//2670 880//2671
f 716//2672 880//2673 717//2674
f 717//2675 880//2676 881//2676
f 717//2677 881//2678 718//2679
f 718//2680 881//2681 882//2682
f 718//2683 882//2684 719//2683
f 719//2685 882//2686 883//2687
f 719//2688 883//2689 720//2690
f 720//2691 883//2692 877//2693
f 720//2694 877//2695 721//2696
f 878//2697 714//2698 731//2699
f 878//2700 731//2701 884//2702
f 884//2703 731//2704 730//2705
f 884//2706 730//2706 885//2706
f 885//2707 730//2708 886//2709
f 886//2710 730//2711 729//2710
f 886//2712 729//2713 887//2714
f 887//2715 729//2715 732//2715
f 887//2716 732//2717 888//2718
f 888//2719 732//2719 582//2719
f 888//2720 582//2720 889//2720
f 889//2721 582//2721 734//2721
f 889//2722 734//2722 735//2723
f 567//2724 890//2725 735//2726
f 735//2727 890//2728 891//2729
f 735//2730 891//2731 889//2732
f 892//2733 748//2734 747//2735
f 892//2736 747//2737 893//2738
f 893//2739 747//2740 746//2741
f 893//2742 746//2742 894//2742
f 750//2743 749//2744 895//2745
f 895//2746 896//2747 750//2748
f 750//2749 896//2750 897//2751
f 750//2752 897//2753 744//2754
f 744//2755 897//2755 745//2755
f 745//2756 897//2757 894//2758
f 745//2759 894//2760 746//2761
f 749//2762 751//2762 895//2762
f 895//2763 751//2763 898//2763
f 638//2764 642//2765 899//2766
f 898//2767 751//2767 899//2767
f 899//2768 751//2768 752//2768
f 899//2769 752//2770 638//2771
f 627//2772 900//2772 639//2773
f 639//2774 900//2774 899//2774
f 639//2775 899//2775 640//2775
f 640//2776 899//2777 642//2778
f 900//2779 627//2780 626//2781
f 900//2782 626//2783 901//2784
f 901//2785 626//2786 618//2787
f 901//2788 618//2789 902//2790
f 902//2791 618//2792 552//2793
f 902//2794 552//2794 903//2795
f 903//2796 552//2796 551//2797
f 903//2798 551//2799 904//2798
f 905//2800 906//2800 617//2800
f 617//2801 906//2802 904//2801
f 617//2803 904//2804 551//2805
f 617//2806 616//2806 905//2806
f 905//2807 616//2808 615//2809
f 905//2810 615//2811 603//2812
f 756//2813 907//2813 757//2813
f 757//2814 907//2815 905//2816
f 757//2817 905//2817 758//2818
f 758//2819 905//2819 603//2819
f 753//2820 763//2821 908//2822
f 908//2823 909//2824 753//2825
f 753//2826 909//2826 910//2826
f 753//2827 910//2828 754//2829
f 754//2830 910//2831 755//2832
f 755//2833 910//2834 907//2835
f 755//2836 907//2837 756//2838
f 908//2839 763//2839 762//2839
f 908//2840 762//2841 911//2842
f 911//2843 762//2843 761//2843
f 911//2844 761//2844 912//2844
f 765//2845 764//2846 913//2847
f 913//2848 914//2849 765//2850
f 765//2851 914//2852 915//2853
f 765//2854 915//2855 759//2856
f 759//2857 915//2858 760//2859
f 760//2860 915//2861 912//2862
f 760//2863 912//2864 761//2865
f 764//2866 766//2867 913//2866
f 913//2868 766//2868 916//2869
f 722//2870 724//2871 917//2872
f 916//2873 766//2873 917//2873
f 917//2874 766//2875 767//2874
f 917//2876 767//2876 722//2877
f 713//2878 918//2878 725//2878
f 725//2879 918//2880 917//2880
f 725//2881 917//2881 726//2881
f 726//2882 917//2883 724//2884
f 918//2885 713//2886 712//2887
f 918//2888 712//2889 919//2890
f 919//2891 712//2892 705//2893
f 919//2894 705//2895 920//2896
f 920//2897 705//2898 701//2899
f 920//2900 701//2901 921//2902
f 921//2903 701//2904 703//2905
f 921//2906 703//2907 922//2908
f 922//2909 703//2910 743//2911
f 742//2912 923//2913 743//2912
f 743//2914 923//2914 924//2914
f 743//2915 924//2915 922//2915
f 738//2916 925//2916 739//2916
f 739//2917 925//2917 923//2917
f 739//2918 923//2918 740//2919
f 740//2920 923//2921 742//2922
f 736//2923 748//2924 892//2925
f 892//2926 926//2927 736//2928
f 736//2929 926//2929 927//2929
f 736//2930 927//2931 737//2932
f 737//2933 927//2934 925//2935
f 737//2936 925//2937 738//2938
f 928//2939 179//2940 231//2941
f 230//2942 929//2942 231//2942
f 231//2943 929//2943 930//2943
f 231//2944 930//2944 928//2944
f 931//2945 932//2945 230//2945
f 230//2946 932//2947 933//2948
f 230//2949 933//2950 929//2951
f 931//2952 230//2953 934//2954
f 934//2955 230//2956 160//2956
f 934//2957 160//2957 935//2958
f 233//2959 936//2960 234//2959
f 234//2961 936//2962 935//2963
f 234//2964 935//2964 235//2964
f 235//2965 935//2965 160//2965
f 936//2966 233//2967 238//2968
f 936//2969 238//2970 937//2971
f 238//2972 237//2972 937//2972
f 937//2973 237//2974 236//2975
f 937//2976 236//2977 938//2978
f 938//2979 236//2980 242//2981
f 938//2982 242//2983 939//2984
f 939//2985 242//2986 940//2987
f 940//2988 242//2989 241//2990
f 940//2991 241//2991 941//2991
f 941//2992 241//2993 240//2992
f 239//2994 942//2994 240//2995
f 240//2996 942//2996 943//2996
f 240//2997 943//2998 941//2999
f 138//3000 944//3001 243//3001
f 243//3002 944//3003 942//3004
f 243//3005 942//3006 244//3007
f 244//3008 942//3009 239//3010
f 120//3011 945//3012 22//3013
f 22//3014 945//3015 946//3016
f 22//3017 946//3017 947//3017
f 948//3018 133//3019 949//3020
f 949//3021 133//3022 132//3023
f 949//3024 132//3025 950//3026
f 950//3027 132//3028 131//3029
f 950//3030 131//3031 947//3032
f 947//3033 131//3034 130//3035
f 947//3036 130//3037 22//3038
f 137//3039 129//3039 948//3040
f 948//3041 129//3042 128//3043
f 948//3044 128//3045 133//3046
f 948//3047 951//3048 137//3049
f 137//3050 951//3051 944//3052
f 137//3053 944//3054 138//3055
f 945//3056 120//3057 952//3057
f 120//3058 118//3059 952//3060
f 952//3061 118//3061 116//3061
f 952//3062 116//3062 953//3062
f 253//3063 252//3063 954//3063
f 954//3064 955//3065 253//3066
f 253//3067 955//3067 956//3067
f 253//3068 956//3069 254//3070
f 254//3071 956//3072 957//3073
f 254//3074 957//3075 245//3076
f 245//3077 957//3078 953//3079
f 245//3080 953//3081 116//3082
f 954//3083 252//3084 251//3084
f 958//3085 959//3086 250//3086
f 250//3087 959//3088 960//3089
f 250//3090 960//3091 251//3090
f 251//3092 960//3093 961//3094
f 251//3095 961//3095 954//3096
f 246//3097 962//3098 247//3099
f 247//3100 962//3100 963//3101
f 247//3102 963//3102 248//3103
f 248//3104 963//3104 958//3104
f 248//3105 958//3105 249//3105
f 249//3106 958//3106 250//3107
f 962//3108 246//3109 255//3110
f 962//3111 255//3112 964//3113
f 964//3114 255//3115 259//3116
f 964//3117 259//3118 965//3117
f 965//3119 259//3120 258//3121
f 965//3122 258//3123 966//3124
f 258//3125 257//3126 966//3125
f 966//3127 257//3127 967//3127
f 967//3128 257//3128 968//3128
f 968//3129 257//3130 256//3129
f 968//3131 256//3132 969//3132
f 969//3133 256//3134 970//3135
f 970//3136 256//3136 261//3136
f 970//3137 261//3138 971//3137
f 264//3139 972//3140 265//3141
f 265//3142 972//3143 971//3144
f 265//3145 971//3145 262//3146
f 262//3147 971//3147 261//3147
f 209//3148 973//3149 266//3150
f 266//3151 973//3151 974//3151
f 266//3152 974//3153 975//3154
f 972//3155 264//3156 976//3157
f 976//3158 264//3159 263//3160
f 976//3161 263//3162 975//3163
f 975//3164 263//3165 267//3166
f 975//3167 267//3168 266//3169
f 973//3170 209//3170 203//3170
f 973//3171 203//3172 977//3173
f 977//3174 203//3175 205//3176
f 977//3177 205//3178 978//3179
f 979//3180 177//3181 928//3182
f 928//3183 177//3183 179//3183
f 980//3184 198//3185 981//3186
f 981//3187 198//3188 177//3189
f 981//3190 177//3191 982//3192
f 982//3193 177//3194 979//3195
f 206//3196 196//3197 980//3198
f 980//3199 196//3200 195//3201
f 980//3202 195//3203 198//3204
f 980//3205 983//3206 206//3207
f 206//3208 983//3209 978//3210
f 206//3211 978//3212 205//3213
f 349//3214 351//3215 984//3216
f 984//3217 985//3218 349//3219
f 349//3220 985//3221 986//3222
f 349//3223 986//3224 374//3225
f 374//3226 986//3227 987//3228
f 374//3229 987//3230 375//3231
f 375//3232 987//3233 988//3234
f 375//3235 988//3236 376//3237
f 988//3238 989//3239 376//3239
f 376//3240 989//3241 990//3242
f 376//3243 990//3244 377//3245
f 377//3246 990//3247 991//3248
f 377//3249 991//3249 381//3249
f 984//3250 351//3250 992//3250
f 351//3251 348//3251 992//3251
f 992//3252 348//3252 346//3252
f 992//3253 346//3254 993//3255
f 994//3256 519//3257 995//3257
f 995//3258 519//3259 520//3260
f 994//3261 996//3262 519//3263
f 519//3264 996//3265 997//3266
f 519//3267 997//3268 518//3269
f 518//3270 997//3271 993//3272
f 518//3273 993//3274 346//3275
f 995//3276 520//3277 521//3278
f 998//3279 999//3279 522//3279
f 522//3280 999//3280 1000//3280
f 522//3281 1000//3282 521//3282
f 521//3283 1000//3284 1001//3285
f 521//3286 1001//3287 995//3288
f 526//3289 1002//3289 525//3290
f 525//3291 1002//3292 1003//3291
f 525//3293 1003//3294 524//3295
f 524//3296 1003//3296 998//3296
f 524//3297 998//3298 523//3298
f 523//3299 998//3299 522//3299
f 531//3300 530//3300 1004//3300
f 1004//3301 1005//3302 531//3303
f 531//3304 1005//3304 1006//3304
f 531//3305 1006//3306 527//3307
f 527//3308 1006//3309 1002//3310
f 527//3311 1002//3312 526//3313
f 1007//3314 1008//3314 529//3314
f 529//3315 1008//3316 1004//3317
f 529//3318 1004//3318 530//3318
f 1007//3319 529//3319 1009//3319
f 1009//3320 529//3320 528//3320
f 1009//3321 528//3321 1010//3321
f 1010//3322 528//3323 533//3324
f 1010//3325 533//3326 1011//3327
f 536//3328 1012//3328 537//3328
f 537//3329 1012//3330 1011//3329
f 537//3331 1011//3332 534//3331
f 534//3333 1011//3334 533//3335
f 454//3336 1013//3337 538//3338
f 538//3339 1013//3340 1014//3341
f 538//3342 1014//3343 1015//3342
f 1012//3344 536//3344 1016//3344
f 1016//3345 536//3346 535//3347
f 1016//3348 535//3349 1015//3350
f 1015//3351 535//3352 539//3353
f 1015//3354 539//3354 538//3354
f 1017//3355 1013//3356 450//3357
f 450//3358 1013//3358 454//3358
f 1017//3359 450//3360 1018//3361
f 1018//3362 450//3362 449//3363
f 1018//3364 449//3365 1019//3366
f 1020//3367 423//3368 1021//3369
f 1021//3370 423//3371 425//3372
f 1020//3373 1022//3374 423//3375
f 423//3376 1022//3377 1023//3378
f 423//3379 1023//3380 445//3381
f 445//3382 1023//3382 1024//3382
f 445//3383 1024//3384 446//3385
f 446//3386 1024//3387 1025//3388
f 446//3389 1025//3390 447//3391
f 447//3392 1025//3393 1019//3394
f 447//3395 1019//3396 449//3397
f 1021//3398 425//3399 541//3400
f 540//3401 1026//3402 541//3403
f 541//3404 1026//3405 1027//3406
f 541//3407 1027//3407 1021//3407
f 1028//3408 1029//3409 540//3409
f 540//3410 1029//3411 1030//3412
f 540//3413 1030//3414 1026//3415
f 1028//3416 540//3417 1031//3418
f 1031//3419 540//3419 406//3419
f 1031//3420 406//3420 1032//3420
f 542//3421 1033//3422 543//3422
f 543//3423 1033//3423 1032//3424
f 543//3425 1032//3425 544//3425
f 544//3426 1032//3426 406//3426
f 272//3427 1034//3428 545//3429
f 545//3430 1034//3431 1035//3432
f 545//3433 1035//3433 546//3433
f 546//3434 1035//3435 1033//3436
f 546//3437 1033//3438 542//3439
f 272//3440 271//3441 1034//3442
f 1034//3443 271//3444 513//3445
f 1034//3446 513//3447 1036//3446
f 1036//3448 513//3449 1037//3450
f 1037//3451 513//3451 512//3451
f 1037//3452 512//3452 1038//3452
f 1038//3453 512//3454 268//3455
f 270//3456 1039//3457 268//3458
f 268//3459 1039//3459 1040//3459
f 268//3460 1040//3461 1038//3462
f 381//3463 991//3464 514//3465
f 514//3466 991//3466 1039//3466
f 514//3467 1039//3468 517//3469
f 517//3470 1039//3471 270//3472
f 1041//3473 570//3474 1042//3475
f 1042//3476 570//3477 733//3478
f 1042//3479 733//3480 1043//3481
f 1043//3482 733//3483 581//3484
f 1043//3485 581//3486 1044//3487
f 1044//3488 581//3489 580//3490
f 1044//3491 580//3492 576//3493
f 576//3494 578//3495 1044//3495
f 1044//3496 578//3497 579//3497
f 1044//3498 579//3499 1045//3500
f 1045//3501 579//3502 575//3503
f 1045//3504 575//3505 1046//3506
f 1046//3507 575//3508 574//3509
f 1046//3510 574//3511 1047//3512
f 1047//3513 574//3514 572//3515
f 572//3516 571//3516 1047//3516
f 1047//3517 571//3518 585//3519
f 1047//3520 585//3521 1048//3522
f 585//3523 584//3524 1048//3525
f 1048//3526 584//3527 1049//3528
f 1049//3529 584//3530 1050//3531
f 1050//3532 584//3533 586//3534
f 1050//3535 586//3535 1051//3536
f 1051//3537 586//3538 1052//3539
f 1052//3540 586//3541 562//3542
f 1052//3543 562//3544 1053//3545
f 1053//3546 562//3547 561//3548
f 1053//3549 561//3550 1054//3551
f 1054//3552 561//3553 593//3554
f 1054//3555 593//3556 1055//3557
f 1056//3558 591//3559 1057//3560
f 1057//3561 591//3562 590//3563
f 1057//3564 590//3564 1058//3564
f 1058//3565 590//3566 589//3567
f 1058//3568 589//3569 1059//3570
f 1059//3571 589//3572 588//3573
f 1059//3574 588//3574 1060//3574
f 595//3575 596//3576 1056//3577
f 1056//3578 596//3579 592//3580
f 1056//3581 592//3582 591//3581
f 1056//3583 1061//3584 595//3584
f 595//3585 1061//3586 1062//3587
f 595//3588 1062//3589 593//3590
f 593//3591 1062//3592 1055//3593
f 1060//3594 588//3595 558//3596
f 560//3597 1063//3598 558//3599
f 558//3600 1063//3600 1064//3600
f 558//3601 1064//3601 1060//3601
f 600//3602 1065//3603 560//3604
f 560//3605 1065//3606 1066//3607
f 560//3608 1066//3608 1063//3609
f 1067//3610 666//3611 1068//3612
f 1068//3613 666//3614 665//3615
f 1068//3616 665//3617 1069//3616
f 1069//3618 665//3618 667//3619
f 1069//3620 667//3621 1070//3622
f 1070//3623 667//3624 1071//3625
f 547//3626 682//3626 1072//3626
f 667//3627 548//3627 1071//3627
f 1071//3628 548//3629 547//3630
f 1071//3631 547//3631 1073//3631
f 1073//3632 547//3632 1072//3632
f 668//3633 1074//3634 1075//3635
f 668//3636 1075//3637 669//3638
f 669//3639 1075//3640 1076//3641
f 669//3642 1076//3643 676//3644
f 676//3645 1076//3646 1077//3647
f 676//3648 1077//3649 677//3648
f 677//3650 1077//3651 1078//3652
f 677//3653 1078//3653 679//3653
f 679//3654 1078//3655 1079//3656
f 679//3657 1079//3658 681//3659
f 1072//3660 682//3661 1080//3662
f 1080//3663 682//3664 681//3665
f 1080//3666 681//3667 1081//3668
f 1081//3669 681//3670 1079//3671
f 1074//3672 668//3673 672//3674
f 671//3675 1082//3675 672//3676
f 672//3677 1082//3678 1083//3679
f 672//3680 1083//3681 1074//3682
f 686//3683 1084//3684 671//3685
f 671//3686 1084//3687 1085//3687
f 671//3688 1085//3688 1082//3688
f 1086//3689 84//3690 93//3691
f 1086//3692 93//3693 1087//3694
f 93//3695 92//3696 1087//3697
f 1087//3698 92//3699 90//3700
f 1087//3701 90//3702 1088//3703
f 1088//3704 90//3705 89//3706
f 1088//3707 89//3708 1089//3709
f 1089//3710 89//3711 1090//3712
f 1090//3713 89//3714 81//3715
f 1090//3716 81//3717 1091//3718
f 1091//3719 81//3720 80//3721
f 1091//3722 80//3723 1092//3724
f 1092//3725 80//3726 78//3726
f 1092//3727 78//3728 1093//3729
f 74//3730 98//3731 1094//3730
f 74//3732 1094//3733 77//3732
f 1094//3734 1095//3735 77//3734
f 77//3736 1095//3737 1093//3738
f 77//3739 1093//3739 78//3739
f 1096//3740 95//3741 1097//3742
f 1097//3743 95//3744 101//3744
f 1096//3745 1098//3745 95//3745
f 95//3746 1098//3747 1099//3748
f 95//3749 1099//3750 97//3750
f 97//3751 1099//3752 1094//3753
f 97//3754 1094//3755 98//3755
f 1100//3756 117//3756 119//3756
f 20//3757 1101//3757 21//3757
f 21//3758 1101//3759 1102//3760
f 21//3761 1102//3762 119//3763
f 119//3764 1102//3765 1103//3766
f 119//3767 1103//3767 1100//3767
f 18//3768 17//3769 1104//3770
f 1104//3771 1105//3772 18//3773
f 18//3774 1105//3774 1106//3774
f 18//3775 1106//3776 122//3777
f 122//3778 1106//3779 123//3780
f 123//3781 1106//3782 1101//3783
f 123//3784 1101//3785 20//3786
f 293//3787 292//3788 1107//3789
f 1107//3790 292//3790 440//3790
f 1107//3791 440//3792 1108//3792
f 1109//3793 1110//3794 289//3795
f 289//3796 1110//3797 1111//3798
f 289//3799 1111//3799 290//3799
f 290//3800 1111//3800 1112//3800
f 290//3801 1112//3801 440//3801
f 440//3802 1112//3803 1113//3804
f 440//3805 1113//3806 1108//3807
f 442//3808 441//3809 1114//3810
f 1114//3811 1115//3812 442//3813
f 442//3814 1115//3815 1116//3816
f 442//3817 1116//3818 443//3819
f 443//3820 1116//3821 444//3822
f 444//3823 1116//3824 1109//3825
f 444//3826 1109//3827 289//3828
f 1117//3829 1114//3830 448//3831
f 448//3832 1114//3833 441//3834
f 456//3835 1118//3836 451//3837
f 451//3838 1118//3839 1119//3840
f 451//3841 1119//3842 448//3843
f 448//3844 1119//3845 1120//3846
f 448//3847 1120//3848 1117//3849
f 456//3850 455//3851 1118//3852
f 1118//3853 455//3854 1121//3855
f 1121//3856 455//3857 1122//3858
f 1122//3859 455//3860 453//3861
f 1122//3862 453//3863 1123//3864
f 1123//3865 453//3866 452//3867
f 1123//3868 452//3869 1124//3870
f 1124//3871 452//3872 288//3873
f 1124//3874 288//3875 1125//3876
f 1125//3877 288//3878 460//3879
f 1125//3880 460//3881 1126//3882
f 1126//3883 460//3884 459//3885
f 1126//3886 459//3887 1127//3888
f 1127//3889 459//3889 1128//3889
f 1128//3890 459//3891 458//3892
f 1128//3893 458//3894 1129//3895
f 463//3896 1130//3897 458//3898
f 458//3899 1130//3900 1131//3901
f 458//3902 1131//3903 1129//3902
f 284//3904 1132//3905 1133//3906
f 1133//3907 1134//3908 284//3909
f 284//3910 1134//3911 1135//3912
f 284//3913 1135//3914 285//3915
f 285//3916 1135//3916 1136//3917
f 285//3918 1136//3919 457//3920
f 457//3921 1136//3922 1137//3923
f 457//3924 1137//3925 461//3926
f 469//3927 468//3928 1138//3929
f 1138//3930 1139//3931 469//3932
f 469//3933 1139//3934 1140//3935
f 469//3936 1140//3937 465//3938
f 465//3939 1140//3940 1141//3941
f 465//3942 1141//3943 466//3944
f 466//3945 1141//3946 1132//3947
f 466//3948 1132//3949 284//3950
f 480//3951 1142//3951 479//3951
f 479//3952 1142//3953 1143//3954
f 479//3955 1143//3956 467//3957
f 467//3958 1143//3959 1138//3960
f 467//3961 1138//3962 468//3963
f 482//3964 481//3965 1144//3966
f 1144//3967 481//3968 1145//3969
f 482//3970 1144//3971 484//3972
f 484//3973 1144//3974 1146//3975
f 484//3976 1146//3977 485//3978
f 485//3979 1146//3980 1147//3981
f 485//3982 1147//3983 472//3982
f 472//3984 1147//3984 1148//3984
f 472//3985 1148//3986 473//3987
f 473//3988 1148//3989 1149//3990
f 473//3991 1149//3992 474//3993
f 474//3994 1149//3995 476//3996
f 476//3997 1149//3998 1142//3999
f 476//4000 1142//4001 480//4002
f 282//4003 1150//4003 280//4003
f 280//4004 1150//4004 1151//4004
f 280//4005 1151//4005 481//4005
f 481//4006 1151//4007 1152//4008
f 481//4009 1152//4009 1145//4009
f 1153//4010 1154//4011 486//4011
f 486//4012 1154//4013 1155//4013
f 486//4014 1155//4015 283//4016
f 283//4017 1155//4018 281//4019
f 483//4020 1156//4020 486//4020
f 486//4021 1156//4021 1157//4021
f 486//4022 1157//4023 1153//4024
f 471//4025 470//4026 1158//4027
f 1158//4028 1159//4028 471//4028
f 471//4029 1159//4030 1160//4031
f 471//4032 1160//4033 483//4034
f 483//4035 1160//4035 1161//4036
f 483//4037 1161//4038 1156//4039
f 1158//4040 470//4041 1162//4040
f 1162//4042 470//4042 475//4042
f 1162//4043 475//4044 1163//4045
f 1163//4046 475//4046 478//4046
f 1163//4047 478//4048 1164//4048
f 490//4049 488//4050 1165//4051
f 1165//4052 1166//4053 490//4054
f 490//4055 1166//4056 1167//4057
f 490//4058 1167//4059 491//4060
f 491//4061 1167//4062 1168//4063
f 491//4064 1168//4065 277//4066
f 277//4067 1168//4068 1169//4069
f 277//4070 1169//4071 278//4072
f 278//4073 1169//4074 1170//4075
f 278//4076 1170//4076 477//4077
f 477//4078 1170//4079 1164//4078
f 477//4080 1164//4081 478//4081
f 492//4082 1171//4083 487//4084
f 487//4085 1171//4085 1165//4086
f 487//4087 1165//4088 488//4089
f 494//4090 1172//4091 492//4092
f 492//4093 1172//4093 1173//4093
f 492//4094 1173//4094 1171//4094
f 497//4095 1174//4096 495//4097
f 495//4098 1174//4099 1172//4100
f 495//4101 1172//4102 532//4101
f 532//4103 1172//4104 494//4105
f 502//4106 501//4106 1175//4107
f 1176//4108 500//4109 1177//4110
f 1177//4111 500//4112 502//4113
f 1177//4114 502//4115 1178//4116
f 1178//4117 502//4118 1175//4119
f 1174//4120 497//4121 1176//4122
f 1176//4123 497//4124 499//4125
f 1176//4126 499//4127 500//4128
f 1175//4129 501//4130 1179//4131
f 1179//4132 501//4132 274//4133
f 1179//4134 274//4134 1180//4134
f 1180//4135 274//4135 276//4135
f 503//4136 1181//4137 276//4138
f 276//4139 1181//4140 1182//4141
f 276//4142 1182//4143 1180//4143
f 508//4144 1183//4145 509//4146
f 509//4147 1183//4148 1181//4149
f 509//4150 1181//4151 511//4150
f 511//4152 1181//4153 503//4154
f 322//4155 321//4156 1184//4157
f 1184//4158 1185//4159 322//4160
f 322//4161 1185//4162 1186//4163
f 322//4164 1186//4165 326//4166
f 326//4167 1186//4168 1187//4169
f 326//4170 1187//4171 507//4172
f 507//4173 1187//4174 1188//4175
f 507//4176 1188//4177 506//4178
f 506//4179 1188//4180 1189//4181
f 506//4182 1189//4183 504//4184
f 504//4185 1189//4186 1183//4187
f 504//4188 1183//4189 508//4190
f 1184//4191 321//4191 313//4191
f 1184//4192 313//4192 1190//4193
f 1190//4194 313//4195 316//4196
f 1190//4197 316//4197 1191//4197
f 1192//4198 1193//4199 302//4200
f 1191//4201 316//4202 1194//4203
f 1194//4204 316//4205 303//4206
f 302//4207 1193//4208 303//4209
f 303//4210 1193//4211 1195//4212
f 303//4213 1195//4213 1194//4213
f 310//4214 1196//4215 302//4216
f 302//4217 1196//4217 1197//4218
f 302//4219 1197//4220 1192//4221
f 320//4222 327//4223 1198//4224
f 320//4225 1198//4225 314//4225
f 1198//4226 1199//4226 314//4226
f 314//4227 1199//4227 1200//4227
f 314//4228 1200//4229 315//4230
f 1201//4231 332//4232 1202//4231
f 1202//4233 332//4233 331//4233
f 1201//4234 1203//4234 332//4234
f 332//4235 1203//4236 1204//4237
f 332//4238 1204//4238 325//4238
f 325//4239 1204//4240 1198//4241
f 325//4242 1198//4243 327//4244
f 360//4245 1205//4245 350//4245
f 350//4246 1205//4246 1206//4246
f 350//4247 1206//4248 352//4249
f 352//4250 1206//4251 1207//4250
f 352//4252 1207//4253 353//4254
f 353//4255 1207//4255 1208//4255
f 353//4256 1208//4257 347//4258
f 347//4259 1208//4259 1209//4259
f 357//4260 355//4261 1210//4262
f 1210//4263 1211//4264 357//4265
f 357//4266 1211//4267 1212//4268
f 357//4269 1212//4270 358//4271
f 358//4272 1212//4273 359//4274
f 359//4275 1212//4276 1205//4277
f 359//4278 1205//4279 360//4280
f 194//4281 1213//4281 7//4281
f 7//4282 1213//4283 1214//4284
f 7//4285 1214//4286 8//4287
f 1215//4288 1216//4289 4//4290
f 4//4291 1216//4292 1217//4293
f 4//4294 1217//4295 5//4296
f 5//4297 1217//4298 1218//4299
f 5//4300 1218//4301 194//4301
f 194//4302 1218//4302 1219//4303
f 194//4304 1219//4304 1213//4304
f 200//4305 199//4306 1220//4307
f 1220//4308 1221//4309 200//4310
f 200//4311 1221//4312 1222//4311
f 200//4313 1222//4314 201//4313
f 201//4315 1222//4316 202//4317
f 202//4318 1222//4319 1215//4318
f 202//4320 1215//4321 4//4322
f 1220//4323 199//4324 197//4325
f 1220//4326 197//4327 1223//4328
f 1223//4329 197//4330 204//4331
f 1223//4332 204//4333 1224//4334
f 1224//4335 204//4336 211//4337
f 1224//4338 211//4339 1225//4340
f 1225//4341 211//4342 1226//4343
f 1226//4344 211//4345 210//4344
f 1226//4346 210//4346 1227//4346
f 1227//4347 210//4348 1228//4349
f 1228//4350 210//4351 208//4352
f 1228//4353 208//4354 1229//4355
f 1229//4356 208//4357 207//4358
f 1229//4359 207//4360 1230//4361
f 1230//4362 207//4363 3//4363
f 1230//4364 3//4364 1231//4365
f 1231//4366 3//4367 218//4368
f 1231//4369 218//4370 1232//4371
f 1232//4372 218//4372 217//4372
f 1232//4373 217//4374 1233//4375
f 1233//4376 217//4376 1234//4377
f 1234//4378 217//4378 215//4378
f 221//4379 1235//4379 213//4379
f 213//4380 1235//4381 1236//4382
f 213//4383 1236//4384 215//4385
f 215//4386 1236//4386 1237//4386
f 215//4387 1237//4388 1234//4389
f 1238//4390 1239//4391 226//4392
f 226//4393 1239//4394 1240//4395
f 226//4396 1240//4396 216//4396
f 216//4397 1240//4397 1241//4397
f 216//4398 1241//4399 214//4399
f 214//4400 1241//4400 1242//4400
f 214//4401 1242//4401 212//4401
f 212//4402 1242//4403 1243//4403
f 212//4404 1243//4404 219//4404
f 1244//4405 224//4406 1245//4407
f 1245//4408 224//4409 222//4410
f 1244//4411 1246//4412 224//4413
f 224//4414 1246//4415 1247//4416
f 224//4417 1247//4418 225//4419
f 225//4420 1247//4420 1238//4421
f 225//4422 1238//4423 226//4423
f 41//4424 1248//4425 42//4426
f 42//4427 1248//4428 1249//4429
f 42//4430 1249//4430 40//4430
f 40//4431 1249//4431 1245//4431
f 40//4432 1245//4433 222//4432
f 29//4434 1250//4435 1251//4436
f 29//4437 1251//4438 228//4439
f 228//4440 1251//4441 1252//4442
f 228//4443 1252//4444 229//4445
f 229//4446 1252//4447 32//4448
f 32//4449 1252//4450 1253//4451
f 32//4452 1253//4453 34//4454
f 34//4455 1253//4456 1254//4457
f 34//4458 1254//4458 35//4458
f 35//4459 1254//4459 36//4459
f 36//4460 1254//4461 1248//4462
f 36//4463 1248//4464 41//4465
f 26//4466 1255//4467 27//4468
f 27//4469 1255//4470 1256//4469
f 27//4471 1256//4471 29//4471
f 29//4472 1256//4472 1257//4472
f 29//4473 1257//4473 1250//4473
f 1258//4474 1259//4475 30//4476
f 30//4477 1259//4477 1260//4477
f 30//4478 1260//4478 28//4478
f 227//4479 1261//4479 30//4479
f 30//4480 1261//4480 1262//4480
f 30//4481 1262//4481 1258//4481
f 31//4482 33//4482 1263//4482
f 1263//4483 1264//4484 31//4485
f 31//4486 1264//4486 1265//4486
f 31//4487 1265//4488 227//4489
f 227//4490 1265//4491 1266//4492
f 227//4493 1266//4494 1261//4495
f 1263//4496 33//4496 1267//4496
f 1267//4497 33//4497 37//4497
f 1267//4498 37//4499 1268//4500
f 1268//4501 37//4501 43//4501
f 1268//4502 43//4502 1269//4502
f 1270//4503 48//4504 1271//4505
f 1271//4506 48//4507 46//4508
f 1270//4509 1272//4510 48//4510
f 48//4511 1272//4512 1273//4512
f 48//4513 1273//4514 50//4514
f 50//4515 1273//4516 1274//4516
f 50//4517 1274//4518 38//4517
f 38//4519 1274//4520 1275//4521
f 38//4522 1275//4523 39//4523
f 39//4524 1275//4525 44//4526
f 44//4527 1275//4527 1269//4527
f 44//4528 1269//4529 43//4530
f 51//4531 1276//4532 45//4533
f 45//4534 1276//4535 1271//4535
f 45//4536 1271//4537 46//4537
f 53//4538 1277//4539 51//4540
f 51//4541 1277//4542 1278//4543
f 51//4544 1278//4545 1276//4546
f 56//4547 1279//4547 54//4547
f 54//4548 1279//4548 1277//4548
f 54//4549 1277//4549 260//4549
f 260//4550 1277//4551 53//4552
f 60//4553 1280//4554 61//4555
f 61//4556 1280//4557 1281//4558
f 61//4559 1281//4560 1282//4561
f 1279//4562 56//4563 1283//4563
f 1283//4564 56//4565 58//4566
f 1283//4567 58//4568 1282//4569
f 1282//4570 58//4571 59//4572
f 1282//4573 59//4574 61//4575
f 1280//4576 60//4576 1284//4576
f 1284//4577 60//4578 23//4579
f 1284//4580 23//4581 1285//4582
f 1285//4583 23//4583 25//4583
f 62//4584 1286//4585 25//4586
f 25//4587 1286//4588 1287//4588
f 25//4589 1287//4590 1285//4591
f 68//4592 1288//4592 69//4592
f 69//4593 1288//4594 1286//4595
f 69//4596 1286//4597 71//4596
f 71//4598 1286//4598 62//4598
f 1289//4599 75//4600 1290//4601
f 1290//4602 75//4603 73//4604
f 1289//4605 1291//4606 75//4607
f 75//4608 1291//4609 1292//4610
f 75//4611 1292//4612 76//4612
f 76//4613 1292//4614 1293//4615
f 76//4616 1293//4617 64//4618
f 64//4619 1293//4620 1294//4621
f 64//4622 1294//4623 66//4624
f 66//4625 1294//4626 67//4627
f 67//4628 1294//4629 1288//4630
f 67//4631 1288//4631 68//4631
f 1290//4632 73//4633 72//4634
f 1290//4635 72//4635 1295//4635
f 1295//4636 72//4636 79//4636
f 1295//4637 79//4637 1296//4637
f 1297//4638 1298//4639 91//4640
f 1296//4641 79//4642 1299//4643
f 1299//4644 79//4645 82//4646
f 91//4647 1298//4648 82//4649
f 82//4650 1298//4651 1300//4652
f 82//4653 1300//4654 1299//4655
f 83//4656 1301//4656 91//4656
f 91//4657 1301//4658 1302//4659
f 91//4660 1302//4661 1297//4662
f 1303//4663 1021//4664 1027//4665
f 998//4666 1304//4667 999//4668
f 1304//4669 998//4670 1305//4671
f 995//4672 1001//4673 1306//4672
f 1306//4674 1001//4674 1000//4674
f 1306//4675 1000//4676 1307//4677
f 994//4678 995//4679 996//4680
f 996//4681 995//4682 1306//4683
f 996//4684 1306//4685 997//4686
f 997//4687 1306//4688 993//4689
f 1039//4690 991//4690 1308//4690
f 1308//4691 991//4692 990//4693
f 987//4694 1308//4695 988//4696
f 988//4697 1308//4698 990//4699
f 988//4700 990//4701 989//4702
f 987//4703 986//4704 1308//4705
f 1308//4706 986//4707 985//4708
f 1308//4709 985//4709 984//4709
f 984//4710 992//4711 1308//4712
f 1308//4713 992//4713 1309//4713
f 1308//4714 1309//4714 1039//4714
f 1039//4715 1309//4716 1310//4717
f 1036//4718 1037//4719 1311//4720
f 1311//4721 1037//4722 1038//4723
f 1311//4724 1038//4725 1312//4726
f 1312//4727 1038//4728 1040//4729
f 1036//4730 1313//4731 1314//4732
f 1314//4733 1313//4734 1315//4735
f 1314//4736 1315//4737 1316//4738
f 1315//4739 1317//4739 1318//4739
f 1316//4740 1315//4741 1033//4742
f 1033//4743 1315//4744 1318//4745
f 1033//4746 1318//4747 1032//4748
f 1032//4749 1319//4750 1031//4751
f 1031//4752 1319//4753 1320//4754
f 1031//4755 1320//4756 1028//4757
f 1030//4758 1029//4759 1321//4760
f 1322//4761 1027//4762 1026//4763
f 1020//4764 1021//4765 1022//4766
f 1022//4767 1021//4768 1303//4769
f 1022//4770 1303//4771 1023//4772
f 1024//4773 1023//4774 1025//4775
f 1025//4776 1023//4777 1303//4778
f 1025//4779 1303//4780 1019//4781
f 1019//4782 1303//4783 1027//4784
f 1019//4785 1027//4786 1018//4787
f 1018//4788 1027//4789 1322//4790
f 1026//4791 1030//4792 1322//4793
f 1322//4794 1030//4794 1321//4794
f 1322//4795 1321//4795 1018//4795
f 1018//4796 1321//4796 1017//4796
f 1323//4797 1016//4798 1015//4799
f 1321//4800 1324//4801 1017//4802
f 1017//4803 1324//4803 1323//4803
f 1017//4804 1323//4804 1013//4804
f 1013//4805 1323//4806 1015//4807
f 1013//4808 1015//4809 1014//4810
f 1325//4811 1010//4811 1326//4811
f 1326//4812 1010//4812 1011//4812
f 998//4813 1003//4813 1305//4813
f 1305//4814 1003//4815 1002//4816
f 1305//4817 1002//4818 1327//4819
f 1327//4820 1002//4821 1006//4822
f 1327//4823 1006//4824 1005//4825
f 1005//4826 1004//4827 1327//4828
f 1327//4829 1004//4829 1008//4829
f 1327//4830 1008//4831 1328//4832
f 1328//4833 1008//4833 1007//4833
f 1328//4834 1007//4835 1009//4836
f 1000//4837 999//4838 1307//4839
f 1307//4840 999//4840 1304//4840
f 1307//4841 1304//4841 1313//4841
f 1313//4842 1304//4842 1305//4842
f 1313//4843 1305//4843 1315//4843
f 1315//4844 1305//4844 1327//4844
f 1315//4845 1327//4845 1317//4845
f 1317//4846 1327//4846 1328//4846
f 992//4847 1329//4847 1309//4847
f 1309//4848 1329//4849 1312//4850
f 1309//4851 1312//4851 1310//4851
f 1310//4852 1312//4853 1040//4854
f 1310//4855 1040//4855 1039//4855
f 1036//4856 1311//4857 1313//4858
f 1313//4859 1311//4859 1312//4859
f 1313//4860 1312//4860 1307//4860
f 1307//4861 1312//4861 1329//4861
f 1307//4862 1329//4862 1306//4862
f 1306//4863 1329//4863 992//4863
f 1306//4864 992//4864 993//4864
f 1032//4865 1318//4866 1319//4867
f 1319//4868 1318//4868 1317//4868
f 1319//4869 1317//4869 1326//4869
f 1326//4870 1317//4870 1328//4870
f 1326//4871 1328//4871 1325//4871
f 1325//4872 1328//4873 1009//4874
f 1325//4875 1009//4875 1010//4875
f 1016//4876 1323//4877 1012//4878
f 1012//4879 1323//4880 1330//4881
f 1012//4882 1330//4883 1011//4884
f 1011//4885 1330//4885 1323//4885
f 1011//4886 1323//4886 1326//4886
f 1326//4887 1323//4887 1324//4887
f 1326//4888 1324//4888 1319//4888
f 1319//4889 1324//4889 1321//4889
f 1319//4890 1321//4890 1320//4890
f 1320//4891 1321//4891 1029//4892
f 1320//4893 1029//4894 1028//4895
f 1278//4896 1331//4897 1332//4898
f 1333//4899 1334//4900 1296//4901
f 1298//4902 1297//4903 1335//4904
f 1298//4905 1335//4905 1300//4905
f 1296//4906 1334//4907 1336//4906
f 1291//4908 1289//4909 1292//4910
f 1292//4911 1289//4912 1290//4913
f 1292//4914 1290//4914 1337//4914
f 1283//4915 1282//4916 1338//4917
f 1338//4918 1282//4919 1281//4920
f 1338//4921 1281//4921 1339//4921
f 1339//4922 1281//4923 1280//4924
f 1280//4925 1284//4925 1339//4925
f 1339//4926 1284//4926 1285//4926
f 1339//4927 1285//4928 1340//4929
f 1340//4930 1285//4931 1287//4932
f 1340//4933 1287//4934 1286//4935
f 1341//4936 1273//4937 1272//4938
f 1278//4939 1332//4940 1276//4941
f 1276//4942 1332//4943 1341//4943
f 1276//4944 1341//4945 1271//4946
f 1271//4947 1341//4948 1272//4949
f 1271//4950 1272//4951 1270//4952
f 1263//4953 1267//4953 1342//4953
f 1342//4954 1267//4955 1343//4956
f 1274//4957 1273//4958 1275//4959
f 1275//4960 1273//4961 1341//4962
f 1275//4963 1341//4964 1269//4965
f 1269//4966 1341//4967 1343//4968
f 1265//4969 1264//4970 1344//4970
f 1344//4971 1264//4971 1345//4972
f 1346//4973 1261//4974 1266//4975
f 1347//4976 1348//4977 1337//4978
f 1290//4979 1336//4980 1337//4981
f 1337//4982 1336//4983 1334//4984
f 1337//4985 1334//4985 1347//4985
f 1347//4986 1334//4986 1333//4986
f 1347//4987 1333//4987 1349//4987
f 1293//4988 1292//4989 1294//4990
f 1294//4991 1292//4992 1337//4991
f 1294//4993 1337//4994 1288//4994
f 1288//4995 1337//4995 1348//4995
f 1288//4996 1348//4996 1286//4996
f 1286//4997 1348//4998 1347//4999
f 1286//5000 1347//5000 1340//5000
f 1340//5001 1347//5001 1349//5001
f 1340//5002 1349//5003 1339//5004
f 1264//5005 1263//5005 1345//5005
f 1345//5006 1263//5006 1342//5006
f 1345//5007 1342//5007 1350//5007
f 1350//5008 1342//5008 1351//5009
f 1350//5010 1351//5010 1352//5010
f 1352//5011 1351//5011 1353//5011
f 1343//5012 1341//5013 1342//5014
f 1342//5015 1341//5016 1332//5017
f 1342//5018 1332//5018 1351//5018
f 1351//5019 1332//5019 1331//5019
f 1351//5020 1331//5020 1353//5020
f 1353//5021 1331//5022 1279//5023
f 1353//5024 1279//5024 1352//5024
f 1354//5025 1355//5025 1338//5025
f 1338//5026 1355//5026 1352//5026
f 1338//5027 1352//5027 1283//5027
f 1283//5028 1352//5029 1279//5030
f 1299//5031 1300//5031 1356//5032
f 1356//5033 1300//5033 1335//5034
f 1356//5035 1335//5035 1357//5035
f 1357//5036 1335//5037 1358//5038
f 1357//5039 1358//5039 1359//5039
f 1355//5040 1360//5041 1352//5042
f 1352//5043 1360//5043 1361//5043
f 1352//5044 1361//5045 1350//5046
f 1350//5047 1361//5047 1362//5047
f 1350//5048 1362//5048 1345//5048
f 1345//5049 1362//5049 1363//5049
f 1345//5050 1363//5050 1344//5050
f 1344//5051 1363//5051 1364//5051
f 1344//5052 1364//5053 1365//5053
f 1266//5054 1265//5054 1346//5054
f 1346//5055 1265//5056 1344//5057
f 1346//5058 1344//5058 1366//5058
f 1366//5059 1344//5060 1365//5061
f 1354//5062 1338//5063 1367//5064
f 1367//5065 1338//5066 1339//5067
f 1367//5068 1339//5068 1368//5068
f 1368//5069 1339//5069 1349//5069
f 1368//5070 1349//5070 1357//5070
f 1357//5071 1349//5071 1333//5071
f 1357//5072 1333//5072 1356//5072
f 1356//5073 1333//5074 1296//5075
f 1356//5076 1296//5076 1299//5076
f 1369//5077 1370//5078 1371//5079
f 1372//5080 1373//5081 1374//5082
f 1375//5083 1376//5083 1373//5083
f 786//5084 1377//5085 784//5086
f 826//5087 827//5087 1378//5087
f 770//5088 769//5089 1379//5088
f 1379//5090 769//5090 1380//5090
f 1379//5091 1380//5091 1381//5091
f 823//5092 824//5092 1382//5092
f 1382//5093 824//5094 1383//5095
f 1382//5096 1383//5097 1384//5098
f 822//5099 1385//5100 1386//5101
f 1386//5102 1385//5103 815//5104
f 1386//5105 815//5106 1387//5107
f 1388//5108 812//5109 1389//5110
f 1389//5111 812//5112 813//5113
f 1389//5114 813//5115 814//5116
f 1370//5117 808//5117 1371//5117
f 1371//5118 808//5118 809//5118
f 1371//5119 809//5120 1390//5121
f 1390//5122 809//5123 810//5124
f 803//5125 1391//5125 802//5126
f 802//5127 1391//5128 1392//5129
f 802//5130 1392//5130 801//5130
f 794//5131 800//5132 1393//5133
f 1393//5134 800//5135 801//5136
f 797//5137 796//5138 795//5139
f 795//5140 794//5141 797//5142
f 797//5143 794//5144 1393//5145
f 797//5146 1393//5147 798//5148
f 798//5149 1393//5150 799//5150
f 1394//5151 1395//5152 789//5153
f 779//5154 1396//5155 780//5156
f 780//5157 1396//5158 1397//5157
f 780//5159 1397//5160 781//5161
f 782//5162 781//5163 783//5164
f 783//5165 781//5165 1397//5165
f 783//5166 1397//5167 776//5168
f 776//5169 1397//5169 1396//5170
f 776//5171 1396//5172 775//5173
f 775//5174 1396//5175 1398//5176
f 775//5177 1398//5177 768//5177
f 1399//5178 1400//5179 1401//5180
f 1401//5181 1400//5182 1402//5183
f 1401//5184 1402//5184 830//5184
f 830//5185 1402//5185 1378//5185
f 830//5186 1378//5187 828//5188
f 828//5189 1378//5189 827//5190
f 1383//5191 826//5192 1384//5193
f 1384//5194 826//5194 1378//5194
f 1384//5195 1378//5195 1403//5195
f 1403//5196 1378//5197 1402//5198
f 1403//5199 1402//5199 1404//5199
f 1404//5200 1402//5201 1400//5202
f 822//5203 823//5204 1385//5205
f 1385//5206 823//5206 1382//5206
f 1385//5207 1382//5207 1405//5207
f 1405//5208 1382//5208 1384//5208
f 1405//5209 1384//5210 1406//5211
f 1406//5212 1384//5213 1403//5214
f 1406//5215 1403//5216 1407//5217
f 1407//5218 1403//5218 1404//5218
f 1408//5219 1371//5219 1409//5219
f 1409//5220 1371//5221 1390//5222
f 1409//5223 1390//5224 1410//5225
f 1410//5226 1390//5226 810//5226
f 1410//5227 810//5227 1411//5227
f 1411//5228 810//5229 811//5230
f 1373//5231 1412//5231 1393//5231
f 1393//5232 1412//5232 793//5232
f 1393//5233 793//5234 799//5235
f 1374//5236 1408//5237 1372//5238
f 1372//5239 1408//5239 1409//5240
f 1372//5241 1409//5241 1413//5241
f 1413//5242 1409//5243 1410//5244
f 1413//5245 1410//5246 1414//5247
f 1414//5248 1410//5248 1411//5248
f 1414//5249 1411//5250 1388//5249
f 1388//5251 1411//5252 811//5253
f 1388//5254 811//5254 812//5254
f 1373//5255 1372//5256 1375//5257
f 1375//5258 1372//5258 1413//5258
f 1375//5259 1413//5259 1407//5259
f 1407//5260 1413//5260 1414//5260
f 1407//5261 1414//5262 1406//5263
f 1406//5264 1414//5265 1388//5266
f 1406//5267 1388//5267 1405//5267
f 1405//5268 1388//5268 1389//5268
f 1405//5269 1389//5270 1385//5271
f 1385//5272 1389//5273 814//5274
f 1385//5275 814//5276 815//5277
f 1415//5278 1398//5278 1416//5278
f 1416//5279 1398//5279 1396//5279
f 1416//5280 1396//5280 777//5280
f 777//5281 1396//5281 779//5281
f 777//5282 779//5283 778//5284
f 830//5285 829//5285 1401//5285
f 1401//5286 829//5286 831//5286
f 1401//5287 831//5288 1399//5289
f 1399//5290 831//5291 1417//5292
f 1399//5293 1417//5294 1418//5295
f 769//5296 768//5296 1380//5296
f 1380//5297 768//5297 1398//5297
f 1380//5298 1398//5298 1419//5299
f 1419//5300 1398//5300 1415//5300
f 1419//5301 1415//5301 1420//5301
f 777//5302 785//5303 1416//5304
f 1416//5305 785//5306 784//5306
f 1416//5307 784//5307 1415//5307
f 1415//5308 784//5309 1377//5310
f 1415//5311 1377//5311 1420//5311
f 1420//5312 1377//5313 786//5314
f 1420//5315 786//5315 1394//5315
f 1394//5316 786//5317 1421//5318
f 1394//5319 1421//5320 1395//5321
f 1373//5322 1393//5322 1374//5322
f 1374//5323 1393//5324 801//5325
f 1374//5326 801//5327 1408//5328
f 1408//5329 801//5329 1392//5329
f 1408//5330 1392//5330 1371//5330
f 1371//5331 1392//5331 1422//5331
f 1371//5332 1422//5333 1369//5334
f 1418//5335 1381//5335 1399//5336
f 1399//5337 1381//5337 1380//5338
f 1399//5339 1380//5339 1400//5339
f 1400//5340 1380//5341 1419//5341
f 1400//5342 1419//5342 1404//5342
f 1404//5343 1419//5343 1420//5343
f 1404//5344 1420//5344 1407//5344
f 1407//5345 1420//5345 1394//5345
f 1407//5346 1394//5346 1375//5346
f 1375//5347 1394//5347 789//5347
f 1375//5348 789//5349 1376//5350
f 1376//5351 789//5352 790//5352
f 1376//5353 790//5354 1373//5355
f 1373//5356 790//5356 791//5356
f 1373//5357 791//5358 1412//5359
f 1412//5360 791//5361 792//5362
f 1412//5363 792//5364 793//5365
f 969//5366 1423//5367 1424//5368
f 982//5369 979//5370 928//5371
f 1425//5372 981//5373 982//5374
f 1426//5375 977//5375 978//5375
f 1427//5376 976//5377 975//5378
f 1426//5379 1428//5379 977//5379
f 977//5380 1428//5381 1427//5382
f 977//5383 1427//5383 973//5383
f 973//5384 1427//5384 975//5384
f 973//5385 975//5386 974//5387
f 1429//5388 970//5389 971//5390
f 1430//5391 966//5392 1431//5393
f 1431//5394 966//5395 967//5396
f 1431//5397 967//5398 1424//5397
f 1424//5399 967//5399 968//5399
f 1424//5400 968//5401 969//5402
f 1432//5403 1430//5404 962//5405
f 962//5406 1430//5407 1431//5408
f 962//5409 1431//5409 963//5409
f 963//5410 1431//5410 1433//5410
f 963//5411 1433//5412 958//5411
f 958//5413 1433//5414 1434//5415
f 958//5416 1434//5417 959//5418
f 954//5419 961//5420 1435//5421
f 1435//5422 961//5422 1436//5422
f 1435//5423 1436//5423 1437//5423
f 955//5424 954//5425 956//5426
f 956//5427 954//5427 1435//5427
f 956//5428 1435//5429 957//5430
f 957//5431 1435//5432 953//5433
f 1438//5434 944//5435 1439//5436
f 1439//5437 944//5438 951//5439
f 950//5440 1439//5441 949//5442
f 949//5443 1439//5444 951//5445
f 949//5446 951//5447 948//5448
f 950//5449 947//5450 1439//5451
f 1439//5452 947//5453 946//5454
f 1439//5455 946//5456 945//5457
f 945//5458 952//5458 1439//5459
f 1439//5460 952//5460 1440//5460
f 1439//5461 1440//5461 1438//5461
f 1438//5462 1440//5463 1441//5464
f 939//5465 940//5466 1442//5467
f 1442//5468 940//5469 941//5470
f 1442//5471 941//5471 1443//5471
f 1443//5472 941//5473 943//5474
f 939//5475 1444//5476 938//5477
f 938//5478 1444//5478 1445//5478
f 938//5479 1445//5480 1446//5481
f 936//5482 1447//5483 935//5484
f 935//5485 1447//5485 1448//5485
f 935//5486 1448//5487 934//5488
f 934//5489 1448//5490 1449//5489
f 934//5491 1449//5492 931//5493
f 980//5494 981//5495 983//5496
f 983//5497 981//5498 1425//5499
f 983//5500 1425//5501 978//5502
f 978//5503 1425//5504 1450//5505
f 978//5506 1450//5506 1426//5506
f 1426//5507 1450//5507 933//5507
f 1426//5508 933//5509 932//5508
f 982//5510 928//5511 1425//5512
f 1425//5513 928//5514 930//5515
f 1425//5516 930//5517 1450//5518
f 1450//5519 930//5519 929//5519
f 1450//5520 929//5521 933//5522
f 952//5523 1451//5523 1440//5523
f 1440//5524 1451//5524 1443//5524
f 1440//5525 1443//5526 1441//5527
f 1441//5528 1443//5528 943//5528
f 1441//5529 943//5530 1438//5531
f 939//5532 1442//5533 1444//5534
f 1444//5535 1442//5536 1443//5537
f 1444//5538 1443//5538 1437//5539
f 1437//5540 1443//5540 1451//5540
f 1437//5541 1451//5542 1435//5543
f 1435//5544 1451//5545 952//5546
f 1435//5547 952//5547 953//5547
f 1429//5548 1448//5549 1452//5550
f 1452//5551 1448//5552 1447//5553
f 1452//5554 1447//5555 1445//5556
f 1445//5557 1447//5557 936//5557
f 1445//5558 936//5559 1446//5560
f 976//5561 1427//5562 972//5563
f 972//5564 1427//5564 1453//5564
f 972//5565 1453//5565 971//5565
f 971//5566 1453//5566 1427//5566
f 971//5567 1427//5568 1429//5567
f 1429//5569 1427//5570 1428//5571
f 1429//5572 1428//5573 1448//5572
f 1448//5574 1428//5574 1426//5574
f 1448//5575 1426//5576 1449//5577
f 1449//5578 1426//5579 932//5580
f 1449//5581 932//5582 931//5583
f 969//5584 970//5585 1423//5586
f 1423//5587 970//5587 1429//5587
f 1423//5588 1429//5588 1424//5588
f 1424//5589 1429//5590 1452//5591
f 1424//5592 1452//5592 1431//5592
f 1431//5593 1452//5593 1445//5593
f 1431//5594 1445//5594 1433//5594
f 1433//5595 1445//5595 1444//5595
f 1433//5596 1444//5597 1434//5598
f 1434//5599 1444//5599 1437//5599
f 1434//5600 1437//5600 959//5600
f 959//5601 1437//5602 1436//5603
f 907//5604 1454//5605 905//5606
f 917//5607 1455//5608 916//5609
f 922//5610 924//5610 1456//5610
f 925//5611 1457//5612 923//5613
f 892//5614 893//5614 1458//5614
f 896//5615 895//5615 1459//5615
f 896//5616 1459//5617 897//5616
f 893//5618 894//5618 1458//5618
f 1458//5619 894//5619 1460//5619
f 1458//5620 1460//5620 1461//5620
f 1461//5621 1460//5621 1462//5621
f 927//5622 926//5623 925//5624
f 925//5625 926//5626 892//5627
f 925//5628 892//5629 1457//5630
f 1456//5631 918//5632 1463//5633
f 1463//5634 920//5635 1456//5636
f 1456//5637 920//5638 1464//5639
f 1456//5640 1464//5641 922//5642
f 1455//5643 917//5643 1465//5643
f 912//5644 915//5645 1466//5646
f 1466//5647 915//5648 914//5649
f 1466//5650 914//5651 913//5652
f 1454//5653 1467//5653 905//5653
f 905//5654 1467//5654 1468//5654
f 905//5655 1468//5656 906//5657
f 906//5658 1468//5658 1469//5659
f 899//5660 900//5660 1470//5660
f 1470//5661 900//5662 1471//5663
f 1471//5664 902//5665 1470//5666
f 1470//5667 902//5668 1472//5669
f 1470//5670 1472//5671 904//5672
f 904//5673 906//5673 1470//5673
f 1470//5674 906//5674 1469//5674
f 1470//5675 1469//5675 899//5675
f 899//5676 1469//5676 1473//5676
f 899//5677 1473//5677 898//5677
f 910//5678 909//5679 907//5680
f 907//5681 909//5682 908//5683
f 907//5684 908//5685 1454//5684
f 1454//5686 908//5686 1474//5686
f 1454//5687 1474//5687 1467//5687
f 1467//5688 1474//5688 1475//5688
f 1467//5689 1475//5689 1468//5689
f 1468//5690 1475//5690 1476//5690
f 1477//5691 1478//5691 1479//5691
f 1477//5692 1479//5692 1459//5692
f 1476//5693 1478//5693 1468//5693
f 1468//5694 1478//5694 1477//5694
f 1468//5695 1477//5696 1469//5697
f 1469//5698 1477//5698 1459//5698
f 1469//5699 1459//5699 1473//5699
f 1473//5700 1459//5700 895//5700
f 1473//5701 895//5702 898//5703
f 892//5704 1458//5704 1457//5704
f 1457//5705 1458//5705 1461//5705
f 1457//5706 1461//5707 923//5708
f 923//5709 1461//5709 1462//5709
f 923//5710 1462//5710 924//5710
f 924//5711 1462//5711 1465//5711
f 924//5712 1465//5713 1456//5714
f 1456//5715 1465//5716 917//5717
f 1456//5718 917//5719 918//5720
f 1462//5721 1480//5721 1465//5721
f 1465//5722 1480//5722 1466//5722
f 1465//5723 1466//5723 1455//5723
f 1455//5724 1466//5724 913//5724
f 1455//5725 913//5726 916//5727
f 908//5728 911//5728 1474//5728
f 1474//5729 911//5729 912//5729
f 1474//5730 912//5730 1475//5730
f 1475//5731 912//5731 1466//5731
f 1475//5732 1466//5732 1476//5732
f 1476//5733 1466//5733 1480//5733
f 1476//5734 1480//5734 1478//5734
f 1478//5735 1480//5735 1462//5735
f 1478//5736 1462//5736 1479//5736
f 1479//5737 1462//5738 1460//5739
f 1479//5740 1460//5740 1459//5740
f 1459//5741 1460//5741 894//5741
f 1459//5742 894//5743 897//5744
f 1481//5745 1482//5745 1483//5745
f 844//5746 845//5746 1484//5746
f 870//5747 1485//5748 869//5749
f 878//5750 884//5751 1486//5752
f 886//5753 1487//5754 1488//5755
f 1487//5756 886//5756 887//5757
f 1489//5758 1490//5759 836//5760
f 1491//5761 1492//5761 1493//5761
f 1493//5762 1492//5762 1494//5762
f 1493//5763 1494//5764 1495//5765
f 881//5766 880//5767 879//5768
f 879//5769 878//5770 881//5771
f 881//5772 878//5772 1486//5772
f 881//5773 1486//5773 882//5773
f 882//5774 1486//5775 883//5776
f 872//5777 1496//5778 1497//5779
f 1497//5780 1496//5781 874//5782
f 867//5783 1498//5784 866//5785
f 866//5786 1498//5786 1499//5786
f 866//5787 1499//5788 865//5789
f 864//5790 865//5791 863//5792
f 863//5793 865//5794 1499//5795
f 863//5796 1499//5797 860//5798
f 860//5799 1499//5799 1498//5800
f 860//5801 1498//5802 859//5803
f 859//5804 1498//5805 1500//5804
f 854//5806 1501//5806 855//5806
f 855//5807 1501//5807 1502//5807
f 855//5808 1502//5809 856//5810
f 1503//5811 842//5812 1504//5813
f 1504//5814 842//5814 843//5814
f 1504//5815 843//5816 1505//5817
f 839//5818 1489//5819 1506//5820
f 1506//5821 1489//5822 836//5823
f 1506//5824 836//5825 1507//5826
f 1488//5827 1508//5828 1494//5829
f 1508//5830 1509//5831 1494//5832
f 1494//5833 1509//5834 1510//5835
f 1494//5836 1510//5836 1495//5836
f 1483//5837 1511//5838 1486//5839
f 883//5840 1486//5841 877//5842
f 877//5843 1486//5843 1511//5843
f 877//5844 1511//5844 875//5844
f 875//5845 1511//5845 1483//5845
f 875//5846 1483//5846 876//5846
f 876//5847 1483//5848 1482//5849
f 876//5850 1482//5850 874//5850
f 874//5851 1482//5851 1481//5851
f 874//5852 1481//5853 1497//5854
f 1497//5855 1481//5855 1512//5855
f 1497//5856 1512//5856 1513//5856
f 1514//5857 1515//5858 1516//5859
f 846//5860 847//5860 1517//5860
f 1517//5861 847//5862 848//5863
f 1517//5864 848//5864 1516//5864
f 1516//5865 848//5866 1518//5867
f 1516//5868 1518//5869 1514//5870
f 862//5871 868//5872 1519//5873
f 1519//5874 868//5875 869//5876
f 1519//5877 869//5877 1520//5877
f 1520//5878 869//5879 1485//5880
f 1520//5881 1485//5881 1513//5881
f 1513//5882 1485//5882 870//5882
f 1513//5883 870//5884 1497//5885
f 1497//5886 870//5887 1521//5888
f 1497//5889 1521//5890 872//5891
f 839//5892 1503//5892 1489//5892
f 1489//5893 1503//5893 1504//5893
f 1489//5894 1504//5894 1522//5894
f 1522//5895 1504//5895 1505//5895
f 1522//5896 1505//5896 1523//5896
f 1523//5897 1505//5897 1524//5897
f 1523//5898 1524//5899 1512//5900
f 1512//5901 1524//5901 1525//5901
f 1512//5902 1525//5902 1513//5902
f 1513//5903 1525//5904 1526//5905
f 1513//5906 1526//5906 1520//5906
f 1520//5907 1526//5908 1500//5909
f 1520//5910 1500//5910 1519//5910
f 1519//5911 1500//5912 1498//5913
f 1519//5914 1498//5914 862//5915
f 862//5916 1498//5916 867//5916
f 862//5917 867//5917 861//5917
f 845//5918 840//5919 1484//5918
f 1484//5920 840//5921 846//5922
f 1484//5923 846//5923 1527//5923
f 1527//5924 846//5924 1517//5924
f 1527//5925 1517//5925 1528//5925
f 1528//5926 1517//5927 1516//5928
f 1528//5929 1516//5929 1501//5929
f 1501//5930 1516//5931 1515//5932
f 1501//5933 1515//5934 1502//5935
f 843//5936 844//5937 1505//5938
f 1505//5939 844//5940 1484//5941
f 1505//5942 1484//5943 1524//5944
f 1524//5945 1484//5946 1527//5947
f 1524//5948 1527//5949 1525//5949
f 1525//5950 1527//5950 1528//5950
f 1525//5951 1528//5951 1526//5952
f 1526//5953 1528//5953 1501//5953
f 1526//5954 1501//5954 1500//5954
f 1500//5955 1501//5956 854//5957
f 1500//5958 854//5959 859//5960
f 1529//5961 1530//5962 1531//5963
f 1529//5964 1531//5965 1532//5966
f 1532//5967 1531//5967 1533//5967
f 1532//5968 1533//5968 1534//5968
f 1534//5969 1533//5970 1535//5969
f 1534//5971 1535//5971 1536//5971
f 1536//5972 1535//5973 1537//5973
f 1536//5974 1537//5975 885//5976
f 1538//5977 1539//5978 1540//5979
f 1540//5980 1539//5980 1530//5980
f 1540//5981 1530//5981 1541//5981
f 1541//5982 1530//5983 1529//5984
f 1541//5985 1529//5985 1491//5985
f 1491//5986 1529//5986 1532//5986
f 1491//5987 1532//5987 1492//5987
f 1492//5988 1532//5988 1534//5988
f 1492//5989 1534//5989 1494//5989
f 1494//5990 1534//5990 1536//5990
f 1494//5991 1536//5991 1488//5991
f 1488//5992 1536//5992 885//5993
f 1488//5994 885//5995 886//5996
f 884//5997 885//5997 1486//5998
f 1486//5999 885//6000 1537//6000
f 1486//6001 1537//6002 1483//6003
f 1483//6004 1537//6005 1535//6006
f 1483//6007 1535//6007 1481//6007
f 1481//6008 1535//6009 1533//6010
f 1481//6011 1533//6011 1512//6011
f 1512//6012 1533//6012 1531//6012
f 1512//6013 1531//6014 1523//6015
f 1523//6016 1531//6017 1530//6018
f 1523//6019 1530//6019 1522//6019
f 1522//6020 1530//6020 1539//6020
f 1522//6021 1539//6021 1489//6021
f 1489//6022 1539//6023 1538//6024
f 1489//6025 1538//6025 1490//6025
f 1542//6026 1543//6026 1251//6027
f 1251//6028 1543//6028 1253//6029
f 1251//6030 1253//6031 1252//6032
f 1544//6033 1246//6034 1244//6035
f 1240//6036 1239//6036 1542//6037
f 1542//6038 1239//6039 1238//6039
f 1542//6040 1238//6041 1544//6042
f 1544//6043 1238//6043 1247//6044
f 1544//6045 1247//6046 1246//6047
f 1244//6048 1245//6049 1544//6050
f 1544//6051 1245//6052 1249//6053
f 1544//6054 1249//6055 1542//6055
f 1542//6056 1249//6057 1248//6058
f 1542//6059 1248//6059 1543//6060
f 1543//6061 1248//6062 1254//6063
f 1543//6064 1254//6065 1253//6066
f 1216//6067 1215//6068 1545//6069
f 1546//6070 1231//6071 1547//6072
f 1547//6073 1224//6074 1225//6075
f 1230//6076 1231//6077 1229//6078
f 1229//6079 1231//6080 1546//6081
f 1229//6082 1546//6083 1228//6084
f 1228//6085 1546//6086 1227//6087
f 1547//6088 1225//6089 1546//6090
f 1546//6091 1225//6092 1226//6093
f 1546//6094 1226//6095 1227//6096
f 1224//6097 1547//6098 1548//6099
f 1548//6100 1547//6101 1545//6102
f 1548//6103 1545//6104 1220//6105
f 1215//6106 1222//6107 1545//6108
f 1545//6109 1222//6110 1221//6111
f 1545//6112 1221//6113 1220//6114
f 1217//6115 1216//6116 1549//6117
f 1549//6118 1216//6119 1545//6120
f 1549//6121 1545//6122 1550//6122
f 1550//6123 1545//6123 1547//6123
f 1550//6124 1547//6125 1551//6126
f 1551//6127 1547//6128 1231//6129
f 1551//6130 1231//6130 1232//6130
f 1044//6131 1045//6132 1552//6133
f 1552//6134 1045//6135 1046//6136
f 1553//6137 1044//6138 1049//6137
f 1049//6139 1044//6140 1552//6141
f 1049//6142 1552//6143 1048//6144
f 1048//6145 1552//6146 1046//6147
f 1048//6148 1046//6149 1047//6150
f 1553//6151 1554//6151 1044//6151
f 1044//6152 1554//6153 1555//6152
f 1044//6154 1555//6155 1043//6156
f 1043//6157 1555//6158 1042//6159
f 1058//6160 1059//6161 1556//6162
f 1557//6163 1558//6163 1058//6164
f 1058//6165 1558//6166 1056//6167
f 1058//6168 1056//6169 1057//6170
f 1061//6171 1056//6172 1062//6173
f 1062//6174 1056//6175 1558//6176
f 1062//6177 1558//6178 1055//6179
f 1055//6180 1558//6180 1557//6180
f 1559//6181 1053//6182 1557//6183
f 1557//6184 1053//6185 1054//6186
f 1557//6187 1054//6188 1055//6189
f 1049//6190 1050//6191 1553//6192
f 1553//6193 1050//6194 1051//6195
f 1553//6196 1051//6197 1559//6196
f 1559//6198 1051//6199 1052//6198
f 1559//6200 1052//6201 1053//6202
f 1058//6203 1556//6204 1557//6205
f 1557//6206 1556//6207 1560//6208
f 1557//6209 1560//6210 1559//6211
f 1560//6212 1561//6212 1559//6212
f 1559//6213 1561//6213 1562//6213
f 1559//6214 1562//6214 1553//6214
f 1553//6215 1562//6216 1563//6217
f 1553//6218 1563//6219 1554//6219
f 1564//6220 1209//6221 1208//6222
f 1212//6223 1211//6224 1205//6225
f 1205//6226 1211//6227 1210//6228
f 1205//6229 1210//6230 1206//6231
f 1206//6232 1210//6233 1565//6234
f 1564//6235 1566//6236 1567//6236
f 1567//6237 1568//6238 1564//6239
f 1564//6240 1568//6240 1569//6240
f 1564//6241 1569//6242 1209//6243
f 1566//6244 1564//6245 1570//6246
f 1570//6247 1564//6248 1208//6249
f 1570//6250 1208//6251 1565//6252
f 1565//6253 1208//6254 1207//6255
f 1565//6256 1207//6257 1206//6258
f 1571//6259 1572//6260 1573//6259
f 1574//6261 1566//6262 1575//6263
f 1575//6264 1566//6265 1570//6264
f 1575//6266 1570//6267 1576//6268
f 1576//6269 1570//6270 1565//6271
f 1576//6272 1565//6273 1573//6274
f 1573//6275 1565//6276 1210//6277
f 1573//6278 1210//6279 1571//6280
f 1577//6281 1095//6282 1094//6281
f 1098//6283 1096//6284 1578//6284
f 1578//6285 1096//6286 1097//6287
f 1578//6288 1097//6289 1577//6289
f 1577//6290 1097//6291 1579//6290
f 1577//6292 1579//6293 1580//6294
f 1577//6295 1094//6296 1578//6297
f 1578//6298 1094//6299 1099//6300
f 1578//6301 1099//6302 1098//6303
f 1577//6304 1087//6305 1088//6306
f 1088//6307 1089//6307 1577//6307
f 1577//6308 1089//6309 1090//6310
f 1577//6311 1090//6311 1091//6311
f 1091//6312 1092//6313 1577//6313
f 1577//6314 1092//6315 1093//6316
f 1577//6317 1093//6318 1095//6319
f 1581//6320 1582//6321 1583//6322
f 1105//6323 1104//6323 1584//6324
f 1105//6325 1584//6326 1106//6327
f 1585//6328 1586//6329 1587//6330
f 1588//6331 1589//6332 1587//6333
f 1587//6334 1589//6335 1590//6336
f 1587//6337 1590//6338 1585//6339
f 1586//6340 1100//6341 1587//6342
f 1587//6343 1100//6344 1103//6345
f 1587//6346 1103//6347 1588//6346
f 1588//6348 1103//6349 1102//6350
f 1588//6351 1102//6351 1584//6351
f 1584//6352 1102//6353 1101//6354
f 1584//6355 1101//6356 1106//6357
f 1591//6358 1589//6358 1592//6358
f 1592//6359 1589//6360 1588//6359
f 1592//6361 1588//6361 1583//6361
f 1583//6362 1588//6362 1584//6362
f 1583//6363 1584//6363 1581//6363
f 1581//6364 1584//6365 1104//6366
f 1204//6367 1203//6368 1593//6369
f 1203//6370 1201//6371 1593//6372
f 1593//6373 1201//6374 1202//6375
f 1593//6376 1202//6377 1594//6378
f 1594//6379 1202//6379 1595//6379
f 1594//6380 1595//6381 1596//6382
f 1594//6383 1597//6384 1598//6385
f 1598//6386 1597//6387 1599//6388
f 1598//6389 1599//6390 1600//6389
f 1204//6391 1593//6392 1198//6391
f 1198//6393 1593//6394 1594//6395
f 1198//6396 1594//6396 1199//6396
f 1199//6397 1594//6397 1598//6397
f 1199//6398 1598//6399 1200//6400
f 1200//6401 1598//6402 1600//6403
f 1200//6404 1600//6405 1601//6406
f 1110//6407 1109//6407 1602//6407
f 1118//6408 1603//6409 1604//6410
f 1604//6411 1603//6412 1125//6413
f 1125//6414 1603//6415 1123//6416
f 1125//6417 1123//6418 1124//6419
f 1118//6420 1121//6420 1603//6420
f 1603//6421 1121//6422 1122//6423
f 1603//6424 1122//6425 1123//6426
f 1602//6427 1120//6428 1604//6429
f 1604//6430 1120//6431 1119//6432
f 1604//6433 1119//6434 1118//6435
f 1116//6436 1115//6437 1109//6438
f 1109//6439 1115//6440 1114//6441
f 1109//6442 1114//6443 1602//6444
f 1602//6445 1114//6445 1117//6445
f 1602//6446 1117//6446 1120//6446
f 1111//6447 1110//6448 1605//6449
f 1605//6450 1110//6450 1602//6450
f 1605//6451 1602//6451 1606//6451
f 1606//6452 1602//6452 1604//6452
f 1606//6453 1604//6454 1126//6455
f 1126//6456 1604//6457 1125//6458
f 1607//6459 1608//6459 1609//6459
f 1191//6460 1194//6460 1610//6460
f 1610//6461 1194//6461 1195//6461
f 1610//6462 1195//6462 1611//6462
f 1611//6463 1195//6463 1193//6463
f 1611//6464 1193//6465 1192//6466
f 1612//6467 1177//6468 1178//6469
f 1175//6470 1179//6471 1613//6472
f 1613//6473 1179//6473 1180//6473
f 1613//6474 1180//6474 1614//6474
f 1614//6475 1180//6476 1182//6477
f 1614//6478 1182//6478 1181//6478
f 1177//6479 1612//6480 1176//6481
f 1176//6482 1612//6482 1615//6482
f 1176//6483 1615//6484 1174//6485
f 1169//6486 1168//6486 1616//6487
f 1616//6488 1168//6489 1167//6490
f 1616//6491 1167//6492 1166//6493
f 1166//6494 1165//6495 1616//6496
f 1616//6497 1165//6497 1171//6497
f 1616//6498 1171//6498 1617//6498
f 1617//6499 1171//6500 1173//6501
f 1617//6502 1173//6503 1172//6502
f 1158//6504 1162//6505 1618//6506
f 1618//6507 1162//6508 1163//6509
f 1163//6510 1164//6511 1616//6512
f 1616//6513 1164//6514 1170//6515
f 1616//6516 1170//6517 1169//6518
f 1160//6519 1159//6520 1619//6521
f 1619//6522 1159//6523 1620//6524
f 1621//6525 1156//6525 1161//6526
f 1161//6527 1160//6528 1621//6529
f 1621//6530 1160//6531 1619//6532
f 1621//6533 1619//6534 1622//6535
f 1622//6536 1619//6536 1623//6536
f 1615//6537 1624//6538 1625//6538
f 1625//6539 1624//6539 1626//6539
f 1625//6540 1626//6541 1620//6541
f 1620//6542 1626//6542 1627//6542
f 1620//6543 1627//6543 1619//6543
f 1619//6544 1627//6544 1628//6544
f 1619//6545 1628//6546 1623//6547
f 1629//6548 1612//6548 1613//6548
f 1613//6549 1612//6549 1178//6549
f 1613//6550 1178//6551 1175//6552
f 1630//6553 1631//6553 1632//6553
f 1632//6554 1633//6555 1630//6556
f 1630//6557 1633//6557 1634//6557
f 1630//6558 1634//6558 1635//6558
f 1635//6559 1634//6560 1609//6561
f 1635//6562 1609//6563 1636//6564
f 1188//6565 1187//6566 1189//6567
f 1189//6568 1187//6569 1632//6570
f 1189//6571 1632//6572 1183//6572
f 1183//6573 1632//6573 1631//6573
f 1183//6574 1631//6575 1181//6576
f 1181//6577 1631//6578 1630//6579
f 1181//6580 1630//6580 1614//6580
f 1614//6581 1630//6582 1635//6583
f 1614//6584 1635//6584 1613//6584
f 1613//6585 1635//6585 1636//6585
f 1613//6586 1636//6586 1629//6586
f 1163//6587 1616//6588 1618//6589
f 1618//6590 1616//6591 1617//6592
f 1618//6593 1617//6593 1637//6593
f 1637//6594 1617//6594 1172//6594
f 1637//6595 1172//6596 1638//6597
f 1172//6598 1174//6599 1638//6600
f 1638//6601 1174//6602 1615//6603
f 1638//6604 1615//6605 1637//6606
f 1637//6607 1615//6607 1625//6607
f 1637//6608 1625//6608 1618//6608
f 1618//6609 1625//6609 1620//6609
f 1618//6610 1620//6611 1158//6612
f 1158//6613 1620//6614 1159//6615
f 1186//6616 1185//6617 1187//6618
f 1187//6619 1185//6620 1184//6620
f 1187//6621 1184//6622 1632//6623
f 1632//6624 1184//6625 1190//6626
f 1632//6627 1190//6628 1633//6629
f 1633//6630 1190//6631 1191//6631
f 1633//6632 1191//6633 1634//6634
f 1634//6635 1191//6636 1610//6637
f 1634//6638 1610//6638 1609//6638
f 1609//6639 1610//6639 1611//6639
f 1609//6640 1611//6640 1607//6640
f 1629//6641 1639//6641 1612//6641
f 1612//6642 1639//6642 1640//6642
f 1612//6643 1640//6643 1615//6643
f 1615//6644 1640//6644 1641//6644
f 1615//6645 1641//6645 1624//6645
f 1146//6646 1144//6647 1147//6648
f 1147//6649 1144//6650 1642//6649
f 1147//6651 1642//6652 1148//6653
f 1643//6654 1140//6655 1139//6656
f 1134//6657 1133//6658 1642//6659
f 1642//6660 1133//6661 1132//6662
f 1642//6663 1132//6664 1643//6665
f 1643//6666 1132//6667 1141//6668
f 1643//6669 1141//6670 1140//6671
f 1149//6672 1148//6673 1142//6674
f 1142//6675 1148//6675 1642//6676
f 1142//6677 1642//6677 1143//6677
f 1143//6678 1642//6678 1643//6678
f 1143//6679 1643//6680 1138//6681
f 1138//6682 1643//6683 1139//6684
f 1644//6685 1645//6686 125//6686
f 1644//6687 125//6687 1495//6687
f 1495//6688 125//6689 126//6689
f 1495//6690 126//6691 1493//6690
f 1493//6692 126//6693 136//6692
f 1493//6694 136//6695 1491//6696
f 136//6697 135//6698 1491//6699
f 1491//6700 135//6701 134//6702
f 1491//6703 134//6703 1541//6703
f 134//6704 139//6704 1541//6704
f 1541//6705 139//6705 141//6705
f 1541//6706 141//6706 1540//6706
f 1540//6707 141//6707 143//6707
f 1540//6708 143//6708 1538//6708
f 143//6709 144//6710 1538//6711
f 1538//6712 144//6713 150//6714
f 1538//6715 150//6715 1490//6715
f 1490//6716 150//6716 149//6716
f 1490//6717 149//6717 836//6717
f 1645//6718 1646//6719 125//6720
f 125//6721 1646//6721 1647//6721
f 125//6722 1647//6723 124//6723
f 570//6724 1041//6724 568//6724
f 568//6725 1041//6725 1648//6726
f 1648//6727 1649//6728 568//6729
f 568//6730 1649//6731 1650//6731
f 568//6732 1650//6732 565//6732
f 565//6733 1650//6734 1651//6735
f 565//6736 1651//6737 566//6737
f 660//6738 1652//6738 661//6738
f 661//6739 1652//6739 1653//6739
f 1653//6740 1654//6740 661//6740
f 661//6741 1654//6742 1655//6743
f 661//6744 1655//6744 662//6745
f 662//6746 1655//6746 1656//6747
f 662//6748 1656//6749 663//6750
f 1652//6751 660//6752 1657//6753
f 1657//6754 660//6755 659//6756
f 1657//6757 659//6758 1658//6759
f 654//6760 1659//6761 653//6762
f 653//6763 1659//6764 1660//6765
f 653//6766 1660//6767 652//6768
f 652//6769 1660//6770 1658//6769
f 652//6771 1658//6772 658//6773
f 658//6774 1658//6775 659//6776
f 651//6777 1661//6778 654//6779
f 654//6780 1661//6781 1662//6782
f 654//6783 1662//6784 1659//6785
f 651//6786 650//6787 1661//6788
f 1661//6789 650//6790 666//6791
f 1661//6792 666//6793 1067//6794
f 1663//6795 86//6796 1086//6797
f 1086//6798 86//6798 84//6798
f 1663//6799 1664//6799 86//6800
f 86//6801 1664//6801 1665//6801
f 86//6802 1665//6803 88//6804
f 99//6805 111//6805 1666//6806
f 1097//6807 101//6807 1579//6807
f 1579//6808 101//6809 100//6810
f 1579//6811 100//6812 1580//6813
f 1666//6814 1667//6815 99//6816
f 99//6817 1667//6818 1668//6819
f 99//6820 1668//6820 100//6820
f 100//6821 1668//6822 1669//6823
f 100//6824 1669//6825 1580//6826
f 1670//6827 114//6828 113//6829
f 109//6830 1671//6830 110//6831
f 110//6832 1671//6832 1672//6832
f 110//6833 1672//6834 113//6835
f 113//6836 1672//6837 1673//6838
f 113//6839 1673//6840 1670//6841
f 108//6842 1671//6843 109//6844
f 1671//6845 108//6846 1591//6847
f 108//6848 107//6848 1591//6849
f 1591//6850 107//6851 106//6852
f 1591//6853 106//6854 1589//6855
f 106//6856 105//6857 1589//6858
f 1589//6859 105//6860 103//6861
f 1589//6862 103//6863 1590//6864
f 1590//6865 103//6866 102//6867
f 1590//6868 102//6869 1585//6870
f 1585//6871 102//6871 115//6871
f 1585//6872 115//6873 1586//6874
f 1586//6875 115//6876 117//6877
f 1586//6878 117//6879 1100//6880
f 16//6881 14//6882 1674//6881
f 1104//6883 17//6884 1581//6885
f 1581//6886 17//6887 127//6888
f 1674//6889 1675//6889 16//6889
f 16//6890 1675//6891 1676//6892
f 16//6893 1676//6893 127//6893
f 127//6894 1676//6895 1582//6894
f 127//6896 1582//6897 1581//6898
f 1196//6899 310//6900 308//6899
f 306//6901 1677//6902 308//6903
f 308//6904 1677//6905 1678//6906
f 308//6907 1678//6908 1196//6909
f 1679//6910 305//6911 307//6912
f 309//6913 1680//6914 1681//6914
f 309//6915 1681//6915 307//6915
f 307//6916 1681//6917 1682//6918
f 307//6919 1682//6920 1679//6920
f 1680//6921 309//6922 311//6923
f 1680//6924 311//6925 1597//6926
f 311//6927 312//6928 1597//6929
f 1597//6930 312//6931 304//6932
f 1597//6933 304//6934 1599//6935
f 1599//6936 304//6937 319//6937
f 1599//6938 319//6939 1600//6940
f 1600//6941 319//6942 318//6943
f 1600//6944 318//6945 1601//6946
f 318//6947 317//6948 1601//6949
f 1601//6950 317//6950 315//6950
f 1601//6951 315//6952 1200//6953
f 1202//6954 331//6955 1595//6956
f 1595//6957 331//6958 329//6959
f 1595//6960 329//6961 1596//6962
f 341//6963 1683//6964 328//6965
f 328//6966 1683//6967 1684//6968
f 328//6969 1684//6970 329//6971
f 329//6972 1684//6973 1685//6973
f 329//6974 1685//6975 1596//6976
f 1686//6977 344//6978 343//6979
f 339//6980 1687//6981 340//6982
f 340//6983 1687//6983 1688//6983
f 340//6984 1688//6984 343//6984
f 343//6985 1688//6985 1689//6985
f 343//6986 1689//6987 1686//6988
f 1566//6989 336//6990 334//6991
f 1566//6992 334//6993 1567//6994
f 1567//6995 334//6996 333//6997
f 1567//6998 333//6999 1568//7000
f 1568//7001 333//7001 345//7002
f 1568//7003 345//7004 1569//7005
f 1569//7006 345//7007 347//7006
f 1569//7008 347//7009 1209//7010
f 336//7011 1566//7012 337//7013
f 337//7014 1566//7015 1574//7016
f 337//7017 1574//7018 338//7019
f 338//7020 1574//7021 1687//7022
f 338//7023 1687//7024 339//7025
f 301//7026 299//7027 1690//7028
f 1210//7029 355//7030 1571//7031
f 1571//7032 355//7033 364//7034
f 1690//7035 1691//7036 301//7037
f 301//7038 1691//7039 1692//7040
f 301//7041 1692//7042 364//7043
f 364//7044 1692//7045 1572//7046
f 364//7047 1572//7048 1571//7049
f 1301//7050 83//7051 85//7052
f 87//7053 1693//7054 85//7055
f 85//7056 1693//7057 1694//7058
f 85//7059 1694//7060 1301//7061
f 1658//7062 1660//7063 1695//7062
f 1696//7064 1076//7064 1697//7065
f 1697//7066 1073//7066 1072//7067
f 1077//7068 1076//7069 1078//7070
f 1078//7071 1076//7072 1696//7073
f 1078//7074 1696//7075 1079//7076
f 1079//7077 1696//7078 1081//7079
f 1697//7080 1072//7081 1696//7082
f 1696//7083 1072//7084 1080//7085
f 1696//7086 1080//7087 1081//7086
f 1698//7088 1067//7089 1068//7090
f 1661//7091 1067//7092 1662//7093
f 1662//7094 1067//7095 1698//7096
f 1662//7097 1698//7098 1659//7099
f 1659//7100 1698//7100 1660//7101
f 1660//7102 1698//7103 1068//7104
f 1660//7105 1068//7106 1695//7105
f 1695//7107 1068//7108 1069//7109
f 1695//7110 1069//7110 1699//7110
f 1699//7111 1069//7112 1070//7111
f 1699//7113 1070//7114 1697//7115
f 1697//7116 1070//7117 1071//7118
f 1697//7119 1071//7119 1073//7119
f 1657//7120 1658//7121 1700//7122
f 1700//7123 1658//7123 1695//7123
f 1700//7124 1695//7124 1701//7124
f 1701//7125 1695//7125 1699//7125
f 1701//7126 1699//7127 1702//7126
f 1075//7128 1703//7129 1076//7130
f 1076//7131 1703//7132 1704//7132
f 1076//7133 1704//7133 1697//7133
f 1697//7134 1704//7134 1705//7134
f 1697//7135 1705//7135 1699//7135
f 1699//7136 1705//7137 1706//7138
f 1699//7139 1706//7139 1702//7140
f 1361//7141 1360//7141 1640//7141
f 1640//7142 1360//7142 1641//7142
f 1641//7143 1360//7143 1355//7143
f 1641//7144 1355//7145 1624//7146
f 1640//7147 1365//7148 1364//7149
f 1355//7150 1623//7151 1628//7152
f 1707//7153 1708//7154 1640//7155
f 1640//7156 1708//7156 1709//7156
f 1364//7157 1363//7157 1640//7157
f 1640//7158 1363//7158 1362//7158
f 1640//7159 1362//7159 1361//7159
f 1710//7160 1711//7160 1639//7160
f 1639//7161 1711//7161 1712//7161
f 1639//7162 1712//7162 1640//7162
f 1640//7163 1712//7163 1713//7163
f 1640//7164 1713//7164 1707//7164
f 1714//7165 1715//7166 1355//7167
f 1355//7168 1715//7168 1716//7168
f 1628//7169 1627//7169 1355//7169
f 1355//7170 1627//7170 1626//7170
f 1355//7171 1626//7171 1624//7171
f 1709//7172 1717//7172 1640//7172
f 1640//7173 1717//7174 1718//7175
f 1640//7176 1718//7177 1719//7178
f 1720//7179 1721//7179 1354//7179
f 1354//7180 1721//7180 1722//7180
f 1354//7181 1722//7181 1355//7181
f 1355//7182 1722//7182 1723//7182
f 1355//7183 1723//7183 1714//7183
f 1716//7184 1724//7184 1355//7184
f 1355//7185 1724//7186 1725//7187
f 1355//7188 1725//7188 1726//7188
f 1629//7189 1727//7189 1639//7189
f 1639//7190 1727//7190 1728//7190
f 1639//7191 1728//7191 1710//7191
f 1719//7192 1729//7192 1640//7192
f 1640//7193 1729//7193 1730//7193
f 1640//7194 1730//7194 1731//7194
f 1732//7195 1733//7196 1640//7197
f 1640//7198 1733//7198 1734//7198
f 1640//7199 1734//7200 1365//7201
f 1367//7202 1735//7202 1354//7202
f 1354//7203 1735//7203 1736//7203
f 1354//7204 1736//7204 1720//7204
f 1726//7205 1737//7205 1355//7205
f 1355//7206 1737//7206 1738//7206
f 1355//7207 1738//7207 1739//7207
f 1740//7208 1741//7209 1355//7210
f 1355//7211 1741//7211 1742//7211
f 1355//7212 1742//7213 1623//7214
f 1743//7215 1744//7215 1629//7215
f 1629//7216 1744//7217 1745//7218
f 1629//7219 1745//7220 1727//7221
f 1731//7222 1746//7222 1640//7222
f 1640//7223 1746//7223 1747//7223
f 1640//7224 1747//7224 1732//7224
f 1748//7225 1749//7225 1367//7225
f 1367//7226 1749//7227 1750//7228
f 1367//7229 1750//7230 1735//7231
f 1609//7232 1608//7233 1636//7234
f 1636//7235 1608//7236 1751//7237
f 1636//7238 1751//7238 1629//7238
f 1629//7239 1751//7240 1752//7241
f 1629//7242 1752//7242 1743//7242
f 1739//7222 1753//7222 1355//7222
f 1355//7243 1753//7243 1754//7243
f 1355//7244 1754//7244 1740//7244
f 1357//7245 1359//7246 1368//7247
f 1368//7248 1359//7249 1755//7250
f 1368//7251 1755//7251 1367//7251
f 1367//7252 1755//7253 1756//7254
f 1367//7255 1756//7255 1748//7255
f 1757//7256 1758//7256 1759//7256
f 1760//7257 1761//7257 1762//7257
f 1762//7258 1761//7258 1763//7258
f 1764//7259 1765//7259 1766//7259
f 282//7260 1767//7261 1768//7262
f 1156//7263 1769//7264 1157//7265
f 1621//7266 1622//7266 1770//7266
f 1753//7267 1771//7268 1772//7269
f 1726//7270 1773//7271 1774//7271
f 1775//7272 1776//7272 1777//7272
f 1778//7273 834//7273 1779//7273
f 1779//7274 834//7274 835//7274
f 1779//7275 835//7275 296//7275
f 1417//7276 831//7277 832//7278
f 1417//7279 832//7280 1418//7281
f 1418//7282 832//7283 833//7283
f 1418//7284 833//7285 1381//7286
f 1381//7287 833//7287 1780//7287
f 1381//7288 1780//7288 1379//7288
f 1379//7289 1780//7289 1781//7289
f 1379//7290 1781//7291 770//7292
f 1782//7293 1783//7293 1784//7293
f 1784//7294 1783//7294 772//7294
f 1784//7295 772//7295 1785//7296
f 1785//7297 772//7298 771//7299
f 598//7300 774//7301 1783//7302
f 1783//7303 774//7303 773//7304
f 1783//7305 773//7306 772//7305
f 1059//7307 1060//7308 1556//7309
f 1556//7310 1060//7310 1064//7310
f 1556//7311 1064//7311 1560//7312
f 1560//7313 1064//7313 1063//7313
f 1786//7314 1562//7314 1561//7314
f 1561//7315 1787//7315 1786//7315
f 1786//7316 1787//7316 1788//7316
f 1786//7317 1788//7317 1789//7317
f 1790//7318 1791//7318 1792//7318
f 1792//7319 1791//7320 1793//7320
f 1792//7321 1793//7321 1794//7321
f 1794//7322 1793//7323 1795//7324
f 1794//7325 1795//7325 1796//7325
f 1797//7326 1798//7327 1799//7328
f 1799//7329 1798//7329 1800//7329
f 1799//7330 1800//7331 1801//7332
f 1801//7333 1800//7334 1802//7335
f 1716//7336 1715//7336 1803//7336
f 1773//7337 1726//7338 1804//7339
f 1804//7340 1726//7340 1725//7340
f 1804//7341 1725//7341 1805//7341
f 1805//7342 1725//7342 1724//7342
f 1805//7343 1724//7343 1806//7343
f 1806//7344 1724//7344 1716//7344
f 1806//7345 1716//7345 1807//7345
f 1807//7346 1716//7346 1803//7346
f 1807//7347 1803//7348 1808//7347
f 1809//7349 1738//7349 1737//7349
f 1753//7350 1772//7350 1754//7350
f 1754//7351 1772//7351 1810//7351
f 1754//7352 1810//7352 1740//7352
f 1740//7353 1810//7354 1770//7355
f 1740//7356 1770//7357 1741//7358
f 1741//7359 1770//7359 1742//7359
f 1742//7360 1770//7360 1622//7360
f 1742//7361 1622//7361 1623//7362
f 1157//7363 1769//7364 1153//7365
f 1153//7366 1769//7367 1811//7366
f 1153//7368 1811//7368 1154//7368
f 1811//7369 1812//7369 1154//7369
f 1154//7370 1812//7370 1813//7370
f 1154//7371 1813//7371 1155//7371
f 1155//7372 1813//7373 281//7374
f 281//7375 1813//7376 1814//7376
f 281//7377 1814//7378 282//7377
f 282//7379 1768//7380 1150//7381
f 1150//7382 1768//7382 1815//7382
f 1150//7383 1815//7384 1151//7385
f 1151//7386 1815//7387 1816//7387
f 1151//7388 1816//7389 1152//7388
f 1642//7390 1144//7391 1145//7392
f 1129//7393 1131//7394 1817//7395
f 1817//7396 1131//7397 1130//7398
f 1606//7399 1818//7400 1605//7401
f 1605//7402 1818//7402 1819//7402
f 1605//7403 1819//7403 1820//7403
f 1821//7404 1112//7405 1111//7406
f 1108//7407 1113//7408 1822//7407
f 1822//7409 1113//7409 1112//7409
f 1823//7410 293//7411 1824//7412
f 1824//7413 293//7414 1107//7415
f 1824//7416 1107//7416 1825//7416
f 1825//7417 1107//7417 1108//7417
f 1825//7418 1108//7418 1826//7418
f 1826//7419 1108//7420 1822//7421
f 1827//7422 296//7422 1823//7422
f 1823//7423 296//7424 295//7425
f 1823//7426 295//7426 293//7426
f 1828//7427 1809//7428 1774//7429
f 1774//7430 1809//7431 1737//7431
f 1774//7432 1737//7432 1726//7432
f 1156//7433 1621//7433 1769//7433
f 1769//7434 1621//7434 1770//7434
f 1769//7435 1770//7436 1811//7437
f 1811//7438 1770//7438 1810//7438
f 1811//7439 1810//7439 1812//7439
f 1812//7440 1810//7440 1772//7440
f 1812//7441 1772//7441 1813//7441
f 1813//7442 1772//7442 1771//7442
f 1813//7443 1771//7443 1814//7443
f 1767//7444 282//7445 1829//7446
f 1829//7447 282//7448 1814//7449
f 1829//7450 1814//7450 1830//7450
f 1831//7451 1832//7452 1833//7453
f 1833//7454 1832//7454 1834//7454
f 1833//7455 1834//7455 1835//7455
f 1835//7456 1834//7456 1836//7456
f 1837//7457 1816//7458 1838//7459
f 1838//7460 1816//7460 1815//7460
f 1838//7461 1815//7461 1839//7461
f 1839//7462 1815//7462 1768//7462
f 1839//7463 1768//7463 1840//7463
f 1840//7464 1768//7464 1767//7464
f 1840//7465 1767//7466 1841//7466
f 1841//7467 1767//7467 1829//7467
f 1841//7468 1829//7468 1836//7469
f 1836//7470 1829//7470 1830//7470
f 1836//7471 1830//7472 1835//7473
f 1832//7474 1764//7474 1834//7474
f 1834//7475 1764//7475 1766//7475
f 1834//7476 1766//7476 1836//7476
f 1836//7477 1766//7478 461//7479
f 1836//7480 461//7480 1841//7480
f 1841//7481 461//7481 1137//7481
f 1841//7482 1137//7482 1840//7482
f 1840//7483 1137//7483 1136//7483
f 1840//7484 1136//7484 1839//7485
f 1839//7486 1136//7486 1135//7486
f 1839//7487 1135//7487 1838//7487
f 1838//7488 1135//7488 1134//7488
f 1838//7489 1134//7490 1837//7490
f 1837//7491 1134//7492 1642//7493
f 1837//7494 1642//7495 1816//7496
f 1816//7497 1642//7498 1145//7499
f 1816//7500 1145//7501 1152//7502
f 1842//7503 1843//7504 1765//7505
f 1843//7506 1842//7506 1819//7506
f 1819//7507 1842//7508 1821//7509
f 1819//7510 1821//7510 1820//7510
f 1820//7511 1821//7511 1111//7511
f 1820//7512 1111//7512 1605//7512
f 1126//7513 1127//7514 1606//7515
f 1606//7516 1127//7516 1128//7516
f 1606//7517 1128//7517 1818//7517
f 1818//7518 1128//7518 1129//7518
f 1818//7519 1129//7519 1819//7519
f 1819//7520 1129//7521 1817//7522
f 1819//7523 1817//7523 1843//7523
f 1843//7524 1817//7525 1130//7526
f 1843//7527 1130//7528 1765//7529
f 1765//7530 1130//7531 463//7532
f 1765//7533 463//7534 1766//7535
f 1766//7536 463//7536 462//7536
f 1766//7537 462//7537 461//7538
f 1844//7539 1845//7539 1846//7539
f 1846//7540 1845//7540 1847//7540
f 1846//7541 1847//7541 1848//7541
f 1849//7542 1850//7542 1797//7542
f 1797//7543 1850//7544 1851//7545
f 1797//7546 1851//7547 1798//7548
f 1798//7549 1851//7549 1852//7549
f 1798//7550 1852//7550 1800//7550
f 1800//7551 1852//7552 1853//7553
f 1800//7554 1853//7554 1802//7554
f 1802//7555 1853//7556 1854//7557
f 1802//7558 1854//7559 1855//7560
f 1855//7561 1854//7561 1856//7561
f 1855//7562 1856//7562 1857//7562
f 1858//7563 1831//7563 1859//7563
f 1859//7564 1831//7564 1833//7564
f 1859//7565 1833//7565 1860//7565
f 1860//7566 1833//7566 1835//7566
f 1860//7567 1835//7568 1861//7567
f 1861//7569 1835//7570 1830//7571
f 1861//7572 1830//7572 1862//7572
f 1862//7573 1830//7573 1814//7573
f 1862//7574 1814//7574 1863//7574
f 1863//7575 1814//7575 1771//7575
f 1863//7576 1771//7576 1739//7576
f 1739//7577 1771//7577 1753//7577
f 600//7578 599//7579 1760//7580
f 1760//7581 599//7582 598//7583
f 1760//7584 598//7584 1761//7584
f 1761//7585 598//7586 1783//7586
f 1761//7587 1783//7587 1763//7587
f 1763//7588 1783//7588 1782//7588
f 1112//7589 1821//7589 1822//7589
f 1822//7590 1821//7591 1842//7592
f 1822//7593 1842//7594 1826//7595
f 1826//7596 1842//7597 1765//7597
f 1826//7598 1765//7599 1825//7600
f 1825//7601 1765//7601 1764//7601
f 1825//7602 1764//7602 1824//7603
f 1824//7604 1764//7605 1832//7606
f 1824//7607 1832//7608 1823//7609
f 1823//7610 1832//7610 1831//7610
f 1823//7611 1831//7611 1827//7611
f 1827//7612 1831//7612 1858//7612
f 1827//7613 1858//7614 1864//7615
f 1849//7616 1790//7616 1850//7616
f 1850//7617 1790//7617 1792//7617
f 1850//7618 1792//7618 1865//7618
f 1865//7619 1792//7619 1794//7619
f 1865//7620 1794//7620 1789//7620
f 1789//7621 1794//7622 1796//7623
f 1789//7624 1796//7624 1786//7624
f 296//7625 1866//7625 1779//7625
f 1779//7626 1866//7627 1780//7628
f 1779//7629 1780//7629 1778//7629
f 1778//7630 1780//7630 833//7630
f 1778//7631 833//7631 834//7631
f 770//7632 1781//7633 771//7634
f 771//7635 1781//7635 1780//7636
f 771//7637 1780//7637 1785//7637
f 1785//7638 1780//7639 1866//7638
f 1785//7640 1866//7641 1784//7642
f 1784//7643 1866//7643 296//7643
f 1784//7644 296//7644 1782//7644
f 1782//7645 296//7645 1827//7645
f 1782//7646 1827//7646 1763//7646
f 1763//7647 1827//7647 1864//7647
f 1763//7648 1864//7648 1762//7648
f 1777//7649 1776//7649 1867//7649
f 1867//7650 1776//7650 1845//7650
f 1867//7651 1845//7651 1868//7651
f 1868//7652 1845//7652 1844//7652
f 1868//7653 1844//7653 1759//7653
f 1759//7654 1758//7655 1868//7656
f 1868//7657 1758//7657 1869//7657
f 1868//7658 1869//7658 1867//7658
f 1867//7659 1869//7659 1870//7659
f 1867//7660 1870//7660 1777//7660
f 1828//7661 1871//7661 1872//7661
f 1872//7662 1871//7662 1873//7662
f 1872//7663 1873//7663 1874//7663
f 1874//7664 1873//7664 1875//7664
f 1874//7665 1875//7665 1876//7665
f 1876//7666 1875//7666 1877//7666
f 1876//7667 1877//7667 1878//7667
f 1878//7668 1877//7668 1879//7668
f 1878//7669 1879//7669 1880//7669
f 1880//7670 1879//7670 1881//7670
f 1880//7671 1881//7672 1882//7673
f 1871//7674 1757//7674 1873//7674
f 1873//7675 1757//7675 1759//7675
f 1873//7676 1759//7676 1875//7676
f 1875//7677 1759//7677 1844//7677
f 1875//7678 1844//7679 1877//7680
f 1877//7681 1844//7681 1846//7681
f 1877//7682 1846//7682 1879//7682
f 1879//7683 1846//7683 1848//7683
f 1879//7684 1848//7684 1881//7684
f 1828//7685 1774//7686 1871//7687
f 1871//7688 1774//7688 1773//7688
f 1871//7689 1773//7689 1757//7689
f 1757//7690 1773//7690 1804//7690
f 1757//7691 1804//7692 1758//7693
f 1758//7694 1804//7695 1805//7696
f 1758//7697 1805//7697 1869//7697
f 1869//7698 1805//7698 1806//7698
f 1869//7699 1806//7699 1870//7699
f 1870//7700 1806//7701 1807//7702
f 1870//7703 1807//7704 1777//7705
f 1777//7706 1807//7706 1808//7706
f 1777//7707 1808//7707 1775//7707
f 1850//7708 1882//7709 1851//7709
f 1851//7710 1882//7711 1881//7712
f 1851//7713 1881//7713 1852//7713
f 1852//7714 1881//7715 1848//7716
f 1852//7717 1848//7718 1853//7719
f 1853//7720 1848//7721 1847//7722
f 1853//7723 1847//7724 1854//7725
f 1854//7726 1847//7727 1845//7728
f 1854//7729 1845//7729 1856//7729
f 1856//7730 1845//7731 1776//7730
f 1856//7732 1776//7733 1857//7734
f 1857//7735 1776//7736 1775//7737
f 1561//7738 1560//7738 1787//7738
f 1787//7739 1560//7739 1063//7740
f 1787//7741 1063//7742 1788//7743
f 1788//7744 1063//7745 1066//7746
f 1788//7747 1066//7747 1789//7747
f 1789//7748 1066//7749 1065//7750
f 1789//7751 1065//7751 1865//7752
f 1865//7753 1065//7754 600//7755
f 1865//7756 600//7757 1850//7758
f 1850//7759 600//7759 1760//7760
f 1850//7761 1760//7762 1882//7763
f 1882//7764 1760//7764 1762//7764
f 1882//7765 1762//7765 1880//7765
f 1880//7766 1762//7766 1864//7766
f 1880//7767 1864//7768 1878//7769
f 1878//7770 1864//7770 1858//7771
f 1878//7772 1858//7772 1876//7772
f 1876//7773 1858//7773 1859//7773
f 1876//7774 1859//7774 1874//7774
f 1874//7775 1859//7775 1860//7775
f 1874//7776 1860//7777 1872//7778
f 1872//7779 1860//7779 1861//7779
f 1872//7780 1861//7780 1828//7780
f 1828//7781 1861//7782 1862//7783
f 1828//7784 1862//7785 1809//7786
f 1809//7787 1862//7788 1863//7789
f 1809//7790 1863//7790 1738//7790
f 1738//7791 1863//7792 1739//7793
f 1883//7794 1884//7794 1885//7794
f 1886//7795 1887//7795 1888//7795
f 1888//7796 1887//7797 1889//7798
f 1890//7799 1891//7800 1892//7801
f 1893//7802 1894//7803 1895//7804
f 1896//7805 1897//7805 1898//7805
f 1899//7806 1900//7806 1901//7806
f 1756//7807 1902//7807 1903//7807
f 888//7808 889//7809 1904//7810
f 1904//7811 889//7811 891//7811
f 566//7812 1651//7813 1905//7814
f 1905//7815 1651//7816 1650//7817
f 1554//7818 1648//7818 1555//7818
f 1555//7819 1648//7819 1041//7819
f 1555//7820 1041//7821 1042//7822
f 1906//7823 567//7824 1907//7825
f 1907//7826 567//7827 566//7828
f 1645//7829 1644//7829 1908//7829
f 1908//7830 1644//7830 1508//7830
f 1908//7831 1508//7832 1909//7833
f 1909//7834 1508//7835 1488//7836
f 1909//7837 1488//7837 1910//7837
f 1910//7838 1488//7839 1487//7840
f 1495//7841 1510//7841 1644//7841
f 1644//7842 1510//7843 1509//7844
f 1644//7845 1509//7846 1508//7847
f 1911//7848 1646//7848 1645//7848
f 1646//7849 1911//7850 1647//7849
f 1647//7851 1911//7851 1912//7851
f 1647//7852 1912//7853 124//7854
f 14//7855 13//7855 1913//7855
f 1914//7856 1583//7857 1915//7858
f 1915//7859 1583//7859 1582//7859
f 1915//7860 1582//7860 1676//7861
f 1916//7862 1672//7863 1592//7862
f 1592//7864 1672//7865 1671//7866
f 1592//7867 1671//7868 1591//7869
f 1592//7870 1583//7870 1916//7870
f 1916//7871 1583//7871 1914//7871
f 1916//7872 1914//7872 1672//7872
f 1672//7873 1914//7873 1917//7873
f 114//7874 1670//7874 1918//7875
f 1918//7876 1670//7877 1673//7876
f 1919//7878 1920//7878 111//7878
f 111//7879 1920//7880 1921//7881
f 111//7882 1921//7882 1666//7882
f 1666//7883 1921//7883 1922//7883
f 1666//7884 1922//7884 1667//7884
f 1667//7885 1922//7886 1923//7887
f 1667//7888 1923//7888 1668//7888
f 1668//7889 1923//7889 1669//7889
f 1669//7890 1923//7890 1924//7890
f 1669//7891 1924//7892 1580//7893
f 1087//7894 1577//7895 1086//7896
f 1086//7897 1577//7898 1925//7899
f 1086//7900 1925//7900 1663//7900
f 1663//7901 1925//7901 1926//7901
f 1663//7902 1926//7903 1927//7904
f 88//7905 1665//7906 1927//7906
f 1927//7907 1665//7908 1664//7909
f 1927//7910 1664//7911 1663//7911
f 1927//7912 1928//7912 88//7913
f 88//7914 1928//7915 1929//7916
f 88//7917 1929//7917 87//7917
f 87//7918 1930//7918 1693//7919
f 1693//7920 1930//7921 1931//7920
f 1693//7922 1931//7923 1694//7924
f 1932//7925 1302//7926 1301//7927
f 1297//7928 1302//7929 1335//7930
f 1335//7931 1302//7932 1932//7933
f 1335//7934 1932//7934 1358//7934
f 1359//7935 1358//7935 1755//7935
f 1755//7936 1358//7937 1932//7938
f 1755//7939 1932//7939 1931//7939
f 1931//7940 1932//7941 1301//7942
f 1931//7943 1301//7944 1694//7945
f 1756//7946 1903//7946 1748//7946
f 1748//7947 1903//7947 1933//7947
f 1748//7948 1933//7948 1749//7948
f 1749//7949 1933//7949 1934//7949
f 1749//7950 1934//7950 1750//7950
f 1750//7951 1934//7951 1935//7951
f 1750//7952 1935//7953 1735//7954
f 1735//7955 1935//7956 1936//7957
f 1735//7958 1936//7959 1736//7960
f 1736//7961 1936//7962 1937//7963
f 1736//7964 1937//7964 1720//7964
f 1720//7965 1937//7966 1938//7967
f 1720//7968 1938//7968 1721//7968
f 1938//7969 1939//7970 1721//7971
f 1721//7972 1939//7973 1940//7974
f 1721//7975 1940//7975 1722//7975
f 1722//7976 1940//7976 1941//7976
f 1722//7977 1941//7977 1723//7977
f 1723//7978 1941//7978 1714//7978
f 1714//7979 1941//7979 1803//7979
f 1714//7980 1803//7980 1715//7980
f 1900//7981 1899//7982 1942//7983
f 1808//7984 1884//7985 1775//7986
f 1775//7987 1884//7987 1883//7987
f 1775//7988 1883//7988 1857//7988
f 1857//7989 1883//7989 1943//7989
f 1857//7990 1943//7990 1855//7990
f 1855//7991 1943//7992 1942//7993
f 1855//7994 1942//7994 1802//7994
f 1802//7995 1942//7995 1899//7995
f 1797//7996 1799//7997 1944//7998
f 1944//7999 1799//8000 1801//8001
f 1791//8002 1790//8002 1898//8002
f 1898//8003 1790//8004 1945//8004
f 1897//8005 1795//8006 1898//8007
f 1898//8008 1795//8008 1793//8008
f 1898//8009 1793//8010 1791//8011
f 1946//8012 1947//8012 1896//8012
f 1896//8013 1947//8013 1786//8013
f 1896//8014 1786//8014 1897//8014
f 1897//8015 1786//8016 1796//8017
f 1897//8018 1796//8018 1795//8019
f 1649//8020 1648//8020 1946//8020
f 1946//8021 1648//8021 1554//8021
f 1946//8022 1554//8022 1947//8022
f 1947//8023 1554//8023 1563//8023
f 1947//8024 1563//8024 1786//8024
f 1786//8025 1563//8025 1562//8025
f 1790//8026 1849//8027 1945//8028
f 1945//8029 1849//8030 1797//8031
f 1945//8032 1797//8033 1901//8034
f 1901//8035 1797//8036 1944//8036
f 1901//8037 1944//8038 1899//8039
f 1899//8040 1944//8040 1801//8041
f 1899//8042 1801//8042 1802//8042
f 1948//8043 1949//8043 1950//8043
f 1950//8044 1949//8044 1951//8044
f 1950//8045 1951//8045 1952//8045
f 1952//8046 1951//8046 1913//8046
f 1952//8047 1913//8047 124//8047
f 124//8048 1913//8048 13//8048
f 1953//8049 1894//8050 1954//8051
f 1954//8052 1894//8052 1893//8053
f 1954//8054 1893//8054 1955//8054
f 1956//8055 1957//8056 1958//8055
f 1958//8057 1957//8057 1959//8057
f 1958//8058 1959//8058 1960//8058
f 1960//8059 1959//8059 1961//8059
f 1949//8060 1956//8061 1951//8062
f 1951//8063 1956//8063 1958//8063
f 1951//8064 1958//8064 1913//8064
f 1913//8065 1958//8065 1960//8065
f 1913//8066 1960//8066 14//8066
f 14//8067 1960//8067 1961//8068
f 14//8069 1961//8070 1674//8071
f 1674//8072 1961//8073 1675//8074
f 1955//8075 1962//8075 1954//8075
f 1954//8076 1962//8076 1906//8076
f 1954//8077 1906//8077 1953//8077
f 1953//8078 1906//8079 1907//8080
f 1487//8081 887//8082 1910//8083
f 1910//8084 887//8085 888//8084
f 1910//8086 888//8087 1909//8088
f 1909//8089 888//8089 1904//8089
f 1909//8090 1904//8090 1962//8090
f 1962//8091 1904//8092 891//8093
f 1962//8094 891//8094 1906//8094
f 1906//8095 891//8095 890//8095
f 1906//8096 890//8096 567//8096
f 1645//8097 1908//8098 1911//8099
f 1911//8100 1908//8100 1909//8100
f 1911//8101 1909//8101 1912//8101
f 1912//8102 1909//8103 1962//8104
f 1912//8105 1962//8106 124//8107
f 124//8108 1962//8108 1955//8108
f 124//8109 1955//8109 1952//8109
f 1952//8110 1955//8111 1893//8111
f 1952//8112 1893//8113 1950//8112
f 1950//8114 1893//8115 1895//8116
f 1950//8117 1895//8117 1948//8117
f 112//8118 114//8118 1963//8118
f 1963//8119 114//8120 1891//8121
f 1963//8122 1891//8122 1964//8122
f 1964//8123 1891//8123 1890//8123
f 1964//8124 1890//8124 1965//8124
f 114//8125 1918//8126 1891//8127
f 1891//8128 1918//8128 1966//8128
f 1891//8129 1966//8130 1892//8131
f 1892//8132 1966//8132 1967//8132
f 1892//8133 1967//8134 1968//8135
f 1969//8136 1888//8136 1970//8137
f 1970//8138 1888//8139 1889//8140
f 1970//8141 1889//8141 1971//8141
f 1971//8142 1889//8142 1972//8142
f 1971//8143 1972//8144 1929//8145
f 1929//8146 1972//8147 1973//8148
f 1929//8149 1973//8150 87//8151
f 87//8152 1973//8152 1974//8152
f 87//8153 1974//8153 1930//8153
f 1975//8154 1976//8154 1977//8154
f 1977//8155 1976//8155 1978//8155
f 1977//8156 1978//8156 1979//8156
f 1808//8157 1975//8157 1884//8157
f 1884//8158 1975//8158 1977//8158
f 1884//8159 1977//8159 1885//8159
f 1885//8160 1977//8160 1979//8160
f 1885//8161 1979//8161 1980//8161
f 1980//8162 1979//8162 1981//8162
f 1980//8163 1981//8163 1982//8163
f 1982//8164 1981//8165 1983//8166
f 1982//8167 1983//8167 1965//8167
f 1965//8168 1983//8168 1984//8168
f 1965//8169 1984//8169 1964//8169
f 1964//8170 1984//8170 1919//8171
f 1964//8172 1919//8172 1963//8172
f 1963//8173 1919//8174 111//8175
f 1963//8176 111//8177 112//8176
f 1978//8178 1886//8178 1979//8178
f 1979//8179 1886//8180 1888//8179
f 1979//8181 1888//8182 1981//8183
f 1981//8184 1888//8184 1969//8184
f 1981//8185 1969//8185 1983//8185
f 1983//8186 1969//8186 1970//8186
f 1983//8187 1970//8187 1984//8187
f 1984//8188 1970//8188 1971//8189
f 1984//8190 1971//8190 1919//8190
f 1919//8191 1971//8192 1929//8192
f 1919//8193 1929//8194 1920//8193
f 1920//8195 1929//8195 1928//8195
f 1920//8196 1928//8196 1921//8196
f 1921//8197 1928//8198 1927//8199
f 1921//8200 1927//8200 1922//8200
f 1922//8201 1927//8202 1926//8203
f 1922//8204 1926//8204 1923//8204
f 1923//8205 1926//8206 1925//8207
f 1923//8208 1925//8208 1924//8208
f 1924//8209 1925//8210 1577//8211
f 1924//8212 1577//8213 1580//8214
f 566//8215 1985//8215 1907//8215
f 1907//8216 1985//8216 1986//8216
f 1907//8217 1986//8217 1953//8217
f 1953//8218 1986//8219 1987//8220
f 1953//8221 1987//8221 1894//8221
f 1894//8222 1987//8223 1988//8224
f 1894//8225 1988//8225 1895//8225
f 1895//8226 1988//8226 1989//8226
f 1895//8227 1989//8227 1948//8227
f 1948//8228 1989//8228 1990//8228
f 1948//8229 1990//8230 1949//8231
f 1949//8232 1990//8232 1991//8232
f 1949//8233 1991//8234 1956//8235
f 1956//8236 1991//8236 1992//8236
f 1956//8237 1992//8238 1957//8239
f 1756//8240 1755//8240 1902//8240
f 1902//8241 1755//8241 1931//8241
f 1902//8242 1931//8242 1903//8242
f 1903//8243 1931//8244 1930//8245
f 1903//8246 1930//8246 1933//8246
f 1933//8247 1930//8247 1974//8247
f 1933//8248 1974//8248 1934//8248
f 1934//8249 1974//8249 1973//8250
f 1934//8251 1973//8252 1935//8253
f 1935//8254 1973//8254 1972//8254
f 1935//8255 1972//8255 1936//8255
f 1936//8256 1972//8257 1889//8258
f 1936//8259 1889//8260 1937//8261
f 1937//8262 1889//8262 1887//8262
f 1937//8263 1887//8263 1938//8263
f 1938//8264 1887//8264 1886//8264
f 1938//8265 1886//8266 1939//8267
f 1939//8268 1886//8268 1978//8268
f 1939//8269 1978//8269 1940//8269
f 1940//8270 1978//8270 1976//8270
f 1940//8271 1976//8271 1941//8271
f 1941//8272 1976//8272 1975//8272
f 1941//8273 1975//8273 1803//8273
f 1803//8274 1975//8274 1808//8274
f 1649//8275 1946//8275 1650//8275
f 1650//8276 1946//8276 1896//8276
f 1650//8277 1896//8278 1905//8279
f 1905//8280 1896//8281 1898//8282
f 1905//8283 1898//8283 566//8283
f 566//8284 1898//8284 1945//8284
f 566//8285 1945//8285 1985//8285
f 1985//8286 1945//8287 1901//8288
f 1985//8289 1901//8289 1986//8289
f 1986//8290 1901//8291 1900//8292
f 1986//8293 1900//8293 1987//8293
f 1987//8294 1900//8294 1942//8294
f 1987//8295 1942//8296 1988//8297
f 1988//8298 1942//8299 1943//8300
f 1988//8301 1943//8301 1989//8301
f 1989//8302 1943//8302 1883//8302
f 1989//8303 1883//8303 1990//8303
f 1990//8304 1883//8304 1885//8304
f 1990//8305 1885//8305 1991//8305
f 1991//8306 1885//8306 1980//8306
f 1991//8307 1980//8307 1992//8308
f 1992//8309 1980//8309 1982//8309
f 1992//8310 1982//8310 1957//8310
f 1957//8311 1982//8312 1965//8313
f 1957//8314 1965//8314 1959//8314
f 1959//8315 1965//8315 1890//8315
f 1959//8316 1890//8317 1961//8318
f 1961//8319 1890//8320 1892//8321
f 1961//8322 1892//8322 1675//8322
f 1675//8323 1892//8323 1968//8324
f 1675//8325 1968//8326 1676//8327
f 1676//8328 1968//8329 1967//8330
f 1676//8331 1967//8331 1915//8331
f 1915//8332 1967//8333 1966//8334
f 1915//8335 1966//8335 1914//8335
f 1914//8336 1966//8336 1918//8336
f 1914//8337 1918//8337 1917//8337
f 1917//8338 1918//8339 1673//8340
f 1917//8341 1673//8342 1672//8343
f 1993//8344 1994//8344 1995//8344
f 1996//8345 1997//8345 1998//8345
f 1998//8346 1997//8346 1999//8346
f 2000//8347 2001//8348 2002//8347
f 2003//8349 2004//8350 2005//8351
f 807//8352 806//8353 2006//8354
f 2006//8355 806//8355 805//8356
f 663//8357 1656//8357 2007//8358
f 2007//8359 1656//8360 1655//8359
f 1653//8361 2008//8361 1654//8361
f 1701//8362 2009//8362 1700//8362
f 1702//8363 1706//8363 2010//8363
f 1752//8364 2011//8364 2012//8364
f 305//8365 2013//8365 2014//8365
f 305//8366 2014//8367 306//8367
f 306//8368 2015//8369 1677//8370
f 1677//8371 2015//8372 2016//8373
f 1677//8374 2016//8375 1678//8376
f 2017//8377 1197//8378 1196//8379
f 1192//8380 1197//8381 1611//8382
f 1611//8383 1197//8384 2017//8384
f 1611//8385 2017//8385 1607//8385
f 1608//8386 1607//8386 1751//8386
f 1751//8387 1607//8387 2017//8387
f 1751//8388 2017//8388 2016//8388
f 2016//8389 2017//8390 1196//8391
f 2016//8392 1196//8393 1678//8394
f 1752//8395 2012//8395 1743//8395
f 1743//8396 2012//8396 2018//8396
f 1743//8397 2018//8398 1744//8399
f 1744//8400 2018//8401 2019//8402
f 1744//8403 2019//8404 1745//8405
f 1745//8406 2019//8406 2020//8406
f 1745//8407 2020//8407 1727//8407
f 1727//8408 2020//8408 2021//8408
f 1727//8409 2021//8409 1728//8409
f 1728//8410 2021//8410 2022//8410
f 1728//8411 2022//8411 1710//8411
f 1710//8412 2022//8412 2023//8412
f 1710//8413 2023//8413 1711//8413
f 2023//8414 2024//8415 1711//8416
f 1711//8417 2024//8417 2025//8417
f 1711//8418 2025//8418 1712//8418
f 1712//8419 2025//8419 2026//8419
f 1712//8420 2026//8421 1713//8422
f 1713//8423 2026//8423 1707//8423
f 1707//8424 2026//8424 2027//8424
f 1707//8425 2027//8426 1708//8427
f 2028//8428 2029//8429 2030//8430
f 2030//8431 2029//8432 2031//8433
f 2032//8434 2033//8435 2029//8435
f 2029//8436 2033//8437 2034//8438
f 2029//8439 2034//8440 2031//8441
f 2035//8442 2036//8442 2037//8443
f 2035//8444 2037//8444 2038//8444
f 2036//8445 2035//8445 2039//8445
f 2039//8446 2035//8446 2040//8446
f 2039//8447 2040//8448 2041//8449
f 2040//8450 2042//8450 2043//8450
f 2043//8451 2042//8451 2009//8451
f 1701//8452 1702//8452 2009//8452
f 2009//8453 1702//8454 2010//8453
f 2009//8455 2010//8455 2043//8455
f 2043//8456 2010//8457 2044//8458
f 2043//8459 2044//8460 2040//8461
f 2040//8462 2044//8463 2045//8464
f 2040//8465 2045//8465 2041//8465
f 2042//8466 2008//8466 2009//8466
f 2009//8467 2008//8467 1653//8467
f 2009//8468 1653//8468 1700//8468
f 1700//8469 1653//8470 1652//8470
f 1700//8471 1652//8472 1657//8472
f 2046//8473 657//8474 2047//8473
f 2047//8475 657//8476 663//8477
f 818//8478 817//8479 2048//8480
f 2048//8481 817//8482 1422//8483
f 2048//8484 1422//8484 2049//8484
f 2049//8485 1422//8485 1392//8485
f 2049//8486 1392//8486 2050//8486
f 2050//8487 1392//8488 1391//8488
f 808//8489 1370//8490 817//8489
f 817//8491 1370//8492 1369//8493
f 817//8494 1369//8495 1422//8496
f 2051//8497 819//8497 818//8498
f 819//8499 2051//8499 816//8500
f 816//8501 2051//8501 2052//8501
f 816//8502 2052//8503 361//8504
f 299//8505 298//8506 2053//8507
f 2054//8508 1572//8508 1692//8508
f 2055//8509 1576//8510 2054//8511
f 2054//8512 1576//8513 1573//8514
f 2054//8515 1573//8516 1572//8517
f 2056//8518 1688//8519 1575//8520
f 1575//8521 1688//8522 1687//8523
f 1575//8524 1687//8525 1574//8526
f 1575//8527 1576//8528 2056//8529
f 2056//8530 1576//8531 2055//8532
f 2056//8533 2055//8534 1688//8535
f 1688//8536 2055//8537 2057//8537
f 344//8538 1686//8539 2058//8540
f 2058//8541 1686//8542 1689//8543
f 2059//8544 2060//8545 341//8546
f 341//8547 2060//8547 2061//8547
f 341//8548 2061//8549 1683//8550
f 1683//8551 2061//8551 2062//8551
f 1683//8552 2062//8552 1684//8552
f 1684//8553 2062//8553 2063//8553
f 1684//8554 2063//8554 1685//8554
f 1685//8555 2063//8555 2064//8555
f 1685//8556 2064//8557 1596//8558
f 1597//8559 1594//8560 1680//8560
f 1680//8561 1594//8561 2065//8561
f 1680//8562 2065//8562 1681//8562
f 2065//8563 2066//8564 1681//8563
f 1681//8565 2066//8566 2067//8566
f 1681//8567 2067//8568 1682//8568
f 2013//8569 305//8569 2067//8569
f 2067//8570 305//8571 1679//8572
f 2067//8573 1679//8574 1682//8574
f 2068//8575 1994//8575 2069//8575
f 2069//8576 1994//8576 1993//8576
f 2069//8577 1993//8578 2070//8579
f 2070//8580 1993//8580 2071//8580
f 2070//8581 2071//8582 2072//8583
f 2072//8584 2071//8584 2073//8584
f 2072//8585 2073//8585 2028//8585
f 2028//8586 2073//8586 2074//8586
f 2028//8587 2074//8588 2029//8589
f 2029//8590 2074//8591 2038//8592
f 2029//8593 2038//8593 2032//8593
f 2032//8594 2038//8594 2037//8594
f 2032//8595 2037//8596 2033//8597
f 2075//8598 2076//8598 2077//8598
f 2077//8599 2076//8599 2078//8599
f 2077//8600 2078//8601 2079//8602
f 2079//8603 2078//8604 2053//8603
f 2079//8605 2053//8606 361//8605
f 361//8607 2053//8608 298//8609
f 2080//8610 2004//8611 2081//8612
f 2081//8613 2004//8613 2003//8613
f 2081//8614 2003//8615 2082//8616
f 2083//8617 2084//8618 2085//8619
f 2085//8620 2084//8620 2086//8620
f 2085//8621 2086//8622 2087//8621
f 2087//8623 2086//8623 2088//8623
f 2076//8624 2083//8625 2078//8624
f 2078//8626 2083//8627 2085//8628
f 2078//8629 2085//8630 2053//8629
f 2053//8631 2085//8631 2087//8631
f 2053//8632 2087//8632 299//8632
f 299//8633 2087//8633 2088//8633
f 299//8634 2088//8634 1690//8634
f 1690//8635 2088//8635 1691//8635
f 2082//8636 2089//8636 2081//8636
f 2081//8637 2089//8637 2046//8637
f 2081//8638 2046//8638 2080//8638
f 2080//8639 2046//8639 2047//8639
f 1391//8640 803//8641 2050//8642
f 2050//8643 803//8644 807//8644
f 2050//8645 807//8645 2049//8645
f 2049//8646 807//8647 2006//8648
f 2049//8649 2006//8650 2089//8649
f 2089//8651 2006//8652 805//8652
f 2089//8653 805//8653 2046//8653
f 2046//8654 805//8655 804//8656
f 2046//8657 804//8658 657//8659
f 818//8660 2048//8660 2051//8660
f 2051//8661 2048//8661 2049//8661
f 2051//8662 2049//8662 2052//8662
f 2052//8663 2049//8664 2089//8664
f 2052//8665 2089//8665 361//8665
f 361//8666 2089//8666 2082//8666
f 361//8667 2082//8667 2079//8667
f 2079//8668 2082//8669 2003//8670
f 2079//8671 2003//8671 2077//8671
f 2077//8672 2003//8672 2005//8672
f 2077//8673 2005//8673 2075//8673
f 342//8674 344//8674 2090//8674
f 2090//8675 344//8676 2001//8677
f 2090//8678 2001//8678 2091//8678
f 2091//8679 2001//8679 2000//8679
f 2091//8680 2000//8680 2092//8680
f 344//8681 2058//8682 2001//8683
f 2001//8684 2058//8685 2093//8686
f 2001//8687 2093//8688 2002//8689
f 2002//8690 2093//8690 2094//8690
f 2002//8691 2094//8692 2095//8693
f 2096//8694 1998//8694 2097//8694
f 2097//8695 1998//8695 1999//8695
f 2097//8696 1999//8697 2098//8697
f 2098//8698 1999//8699 2099//8700
f 2098//8701 2099//8702 2014//8703
f 2014//8704 2099//8705 2100//8706
f 2014//8707 2100//8707 306//8707
f 306//8708 2100//8709 2101//8708
f 306//8710 2101//8710 2015//8710
f 2102//8711 2103//8711 2104//8711
f 2104//8712 2103//8712 2105//8712
f 2104//8713 2105//8713 2106//8713
f 2068//8714 2102//8714 1994//8714
f 1994//8715 2102//8715 2104//8715
f 1994//8716 2104//8716 1995//8716
f 1995//8717 2104//8717 2106//8717
f 1995//8718 2106//8718 2107//8718
f 2107//8719 2106//8719 2108//8719
f 2107//8720 2108//8721 2109//8722
f 2109//8723 2108//8724 2110//8725
f 2109//8726 2110//8727 2092//8728
f 2092//8729 2110//8729 2111//8729
f 2092//8730 2111//8730 2091//8730
f 2091//8731 2111//8731 2059//8731
f 2091//8732 2059//8732 2090//8732
f 2090//8733 2059//8734 341//8735
f 2090//8736 341//8736 342//8736
f 2105//8737 1996//8737 2106//8737
f 2106//8738 1996//8738 1998//8738
f 2106//8739 1998//8739 2108//8739
f 2108//8740 1998//8740 2096//8740
f 2108//8741 2096//8741 2110//8741
f 2110//8742 2096//8742 2097//8742
f 2110//8743 2097//8743 2111//8743
f 2111//8744 2097//8745 2098//8746
f 2111//8747 2098//8747 2059//8747
f 2059//8748 2098//8748 2014//8748
f 2059//8749 2014//8749 2060//8749
f 2060//8750 2014//8750 2013//8750
f 2060//8751 2013//8751 2061//8751
f 2061//8752 2013//8752 2067//8752
f 2061//8753 2067//8753 2062//8753
f 2062//8754 2067//8754 2066//8754
f 2062//8755 2066//8756 2063//8755
f 2063//8757 2066//8757 2065//8757
f 2063//8758 2065//8758 2064//8758
f 2064//8759 2065//8759 1594//8759
f 2064//8760 1594//8761 1596//8762
f 663//8763 2112//8764 2047//8765
f 2047//8766 2112//8766 2113//8766
f 2047//8767 2113//8767 2080//8767
f 2080//8768 2113//8768 2114//8768
f 2080//8769 2114//8769 2004//8769
f 2004//8770 2114//8771 2115//8772
f 2004//8773 2115//8774 2005//8775
f 2005//8776 2115//8777 2116//8778
f 2005//8779 2116//8780 2075//8781
f 2075//8782 2116//8783 2117//8783
f 2075//8784 2117//8785 2076//8786
f 2076//8787 2117//8787 2118//8787
f 2076//8788 2118//8789 2083//8790
f 2083//8791 2118//8791 2119//8791
f 2083//8792 2119//8793 2084//8794
f 1752//8795 1751//8796 2011//8795
f 2011//8797 1751//8798 2016//8798
f 2011//8799 2016//8799 2012//8799
f 2012//8800 2016//8800 2015//8800
f 2012//8801 2015//8801 2018//8801
f 2018//8802 2015//8802 2101//8802
f 2018//8803 2101//8804 2019//8804
f 2019//8805 2101//8805 2100//8805
f 2019//8806 2100//8806 2020//8806
f 2020//8807 2100//8808 2099//8809
f 2020//8810 2099//8810 2021//8810
f 2021//8811 2099//8811 1999//8811
f 2021//8812 1999//8812 2022//8812
f 2022//8813 1999//8813 1997//8813
f 2022//8814 1997//8815 2023//8814
f 2023//8816 1997//8816 1996//8816
f 2023//8817 1996//8818 2024//8819
f 2024//8820 1996//8821 2105//8822
f 2024//8823 2105//8823 2025//8823
f 2025//8824 2105//8824 2103//8824
f 2025//8825 2103//8826 2026//8827
f 2026//8828 2103//8828 2102//8828
f 2026//8829 2102//8830 2027//8831
f 2027//8832 2102//8832 2068//8832
f 1654//8833 2008//8833 1655//8833
f 1655//8834 2008//8834 2042//8834
f 1655//8835 2042//8836 2007//8837
f 2007//8838 2042//8838 2040//8838
f 2007//8839 2040//8839 663//8839
f 663//8840 2040//8840 2035//8840
f 663//8841 2035//8841 2112//8841
f 2112//8842 2035//8842 2038//8842
f 2112//8843 2038//8843 2113//8843
f 2113//8844 2038//8845 2074//8846
f 2113//8847 2074//8847 2114//8847
f 2114//8848 2074//8849 2073//8849
f 2114//8850 2073//8850 2115//8850
f 2115//8851 2073//8851 2071//8851
f 2115//8852 2071//8853 2116//8854
f 2116//8855 2071//8855 1993//8855
f 2116//8856 1993//8856 2117//8856
f 2117//8857 1993//8857 1995//8857
f 2117//8858 1995//8858 2118//8858
f 2118//8859 1995//8859 2107//8859
f 2118//8860 2107//8860 2119//8860
f 2119//8861 2107//8862 2109//8863
f 2119//8864 2109//8864 2084//8864
f 2084//8865 2109//8866 2092//8867
f 2084//8868 2092//8869 2086//8870
f 2086//8871 2092//8871 2000//8871
f 2086//8872 2000//8872 2088//8872
f 2088//8873 2000//8873 2002//8873
f 2088//8874 2002//8874 1691//8874
f 1691//8875 2002//8876 2095//8877
f 1691//8878 2095//8879 1692//8880
f 1692//8881 2095//8882 2094//8883
f 1692//8884 2094//8884 2054//8885
f 2054//8886 2094//8886 2093//8886
f 2054//8887 2093//8888 2055//8889
f 2055//8890 2093//8891 2058//8892
f 2055//8893 2058//8894 2057//8895
f 2057//8896 2058//8897 1689//8898
f 2057//8899 1689//8900 1688//8900
f 2120//8901 2121//8901 2122//8901
f 2123//8902 2124//8903 2125//8903
f 2125//8904 2124//8905 2126//8904
f 2127//8906 2128//8906 2129//8906
f 1518//8907 848//8908 849//8909
f 26//8910 2130//8910 2131//8910
f 1261//8911 2132//8912 1262//8912
f 1346//8913 1366//8913 2133//8914
f 1746//8915 2134//8916 2135//8917
f 1719//8918 2136//8918 2137//8918
f 2069//8919 2138//8920 2139//8921
f 1075//8922 1074//8923 1703//8924
f 1703//8925 1074//8926 1083//8927
f 1703//8928 1083//8928 1704//8928
f 1704//8929 1083//8929 1082//8929
f 2010//8930 1706//8930 1705//8930
f 2140//8931 2141//8931 2142//8931
f 2039//8932 2041//8932 2143//8933
f 2143//8934 2041//8935 2045//8934
f 2143//8936 2045//8936 2144//8936
f 2144//8937 2045//8938 2044//8939
f 2144//8940 2044//8941 2010//8942
f 2145//8943 2034//8943 2146//8943
f 2146//8944 2034//8945 2033//8946
f 2146//8947 2033//8948 2037//8949
f 2028//8950 2030//8950 2145//8950
f 2145//8951 2030//8952 2031//8953
f 2145//8954 2031//8955 2034//8956
f 1709//8957 1708//8957 2027//8957
f 2136//8958 1719//8959 2147//8960
f 2147//8961 1719//8961 1718//8961
f 2147//8962 1718//8962 2148//8962
f 2148//8963 1718//8964 1717//8965
f 2148//8966 1717//8966 2149//8966
f 2149//8967 1717//8968 1709//8969
f 2149//8970 1709//8970 2150//8970
f 2150//8971 1709//8971 2027//8971
f 2150//8972 2027//8972 2068//8972
f 2151//8973 1730//8973 1729//8973
f 1746//8974 2135//8975 1747//8975
f 1747//8976 2135//8977 2152//8978
f 1747//8979 2152//8979 1732//8979
f 1732//8980 2152//8980 2133//8980
f 1732//8981 2133//8981 1733//8981
f 1733//8982 2133//8982 1734//8982
f 1734//8983 2133//8984 1366//8985
f 1734//8986 1366//8987 1365//8988
f 1262//8989 2132//8990 1258//8991
f 1258//8992 2132//8992 2153//8993
f 1258//8994 2153//8995 1259//8994
f 2153//8996 2154//8997 1259//8998
f 1259//8999 2154//9000 2155//8999
f 1259//9001 2155//9001 1260//9001
f 1260//9002 2155//9003 28//9004
f 28//9005 2155//9006 2156//9007
f 28//9008 2156//9008 26//9008
f 26//9009 2131//9010 1255//9011
f 1255//9012 2131//9012 2157//9012
f 1255//9013 2157//9014 1256//9015
f 1256//9016 2157//9017 2158//9018
f 1256//9019 2158//9020 1257//9021
f 1542//9022 1251//9023 1250//9024
f 1237//9025 1236//9026 2159//9027
f 2159//9028 1236//9029 1235//9030
f 2160//9031 1550//9031 1551//9031
f 1550//9032 2160//9032 1549//9032
f 1549//9033 2160//9033 2161//9033
f 1549//9034 2161//9035 2162//9036
f 2163//9037 1218//9038 1217//9039
f 1213//9040 1219//9040 2164//9040
f 2164//9041 1219//9042 1218//9043
f 2165//9044 8//9045 2166//9046
f 2166//9047 8//9048 1214//9049
f 2166//9050 1214//9051 2167//9052
f 2167//9053 1214//9054 1213//9055
f 2167//9056 1213//9056 2168//9056
f 2168//9057 1213//9058 2164//9058
f 2169//9059 11//9059 2165//9059
f 2165//9060 11//9061 10//9062
f 2165//9063 10//9063 8//9063
f 2170//9064 851//9065 11//9066
f 851//9067 2170//9068 850//9069
f 850//9070 2170//9071 2171//9072
f 850//9073 2171//9074 849//9075
f 1515//9076 2172//9077 1502//9078
f 1502//9079 2172//9079 2173//9079
f 1502//9080 2173//9081 856//9082
f 2174//9083 2175//9083 2176//9083
f 2176//9084 2175//9085 853//9084
f 2176//9086 853//9086 2177//9086
f 2177//9087 853//9087 852//9087
f 684//9088 858//9089 2175//9090
f 2175//9091 858//9091 857//9092
f 2175//9093 857//9094 853//9094
f 2178//9095 2151//9095 2137//9095
f 2137//9096 2151//9096 1729//9096
f 2137//9097 1729//9097 1719//9097
f 1261//9098 1346//9099 2132//9100
f 2132//9101 1346//9102 2133//9103
f 2132//9104 2133//9105 2153//9106
f 2153//9107 2133//9108 2152//9109
f 2153//9110 2152//9110 2154//9110
f 2154//9111 2152//9111 2135//9111
f 2154//9112 2135//9113 2155//9114
f 2155//9115 2135//9116 2134//9117
f 2155//9118 2134//9118 2156//9118
f 2130//9119 26//9120 2179//9119
f 2179//9121 26//9122 2156//9123
f 2179//9124 2156//9124 2180//9124
f 2181//9125 2182//9126 2183//9127
f 2183//9128 2182//9128 2184//9128
f 2183//9129 2184//9130 2185//9131
f 2185//9132 2184//9133 2186//9134
f 2187//9135 2158//9135 2188//9135
f 2188//9136 2158//9136 2157//9136
f 2188//9137 2157//9138 2189//9138
f 2189//9139 2157//9139 2131//9139
f 2189//9140 2131//9141 2190//9142
f 2190//9143 2131//9143 2130//9143
f 2190//9144 2130//9144 2191//9144
f 2191//9145 2130//9145 2179//9145
f 2191//9146 2179//9146 2186//9146
f 2186//9147 2179//9147 2180//9147
f 2186//9148 2180//9148 2185//9148
f 2182//9149 2127//9149 2184//9149
f 2184//9150 2127//9150 2129//9150
f 2184//9151 2129//9152 2186//9153
f 2186//9154 2129//9155 219//9156
f 2186//9157 219//9157 2191//9157
f 2191//9158 219//9159 1243//9160
f 2191//9161 1243//9162 2190//9162
f 2190//9163 1243//9163 1242//9163
f 2190//9164 1242//9164 2189//9165
f 2189//9166 1242//9167 1241//9168
f 2189//9169 1241//9170 2188//9171
f 2188//9172 1241//9172 1240//9173
f 2188//9174 1240//9175 2187//9175
f 2187//9176 1240//9177 1542//9178
f 2187//9179 1542//9179 2158//9179
f 2158//9180 1542//9180 1250//9180
f 2158//9181 1250//9182 1257//9183
f 2192//9184 2193//9184 2128//9184
f 2193//9185 2192//9186 2161//9187
f 2161//9188 2192//9188 2163//9188
f 2161//9189 2163//9190 2162//9191
f 2162//9192 2163//9193 1217//9194
f 2162//9195 1217//9195 1549//9196
f 1232//9197 1233//9198 1551//9197
f 1551//9199 1233//9199 1234//9199
f 1551//9200 1234//9201 2160//9202
f 2160//9203 1234//9204 1237//9205
f 2160//9206 1237//9207 2161//9208
f 2161//9209 1237//9210 2159//9210
f 2161//9211 2159//9212 2193//9213
f 2193//9214 2159//9215 1235//9216
f 2193//9217 1235//9218 2128//9219
f 2128//9220 1235//9221 221//9222
f 2128//9223 221//9224 2129//9225
f 2129//9226 221//9227 220//9228
f 2129//9229 220//9230 219//9229
f 2194//9231 2195//9232 2196//9233
f 2196//9234 2195//9235 2197//9236
f 2196//9237 2197//9238 2198//9239
f 2036//9240 2199//9240 2037//9241
f 2037//9242 2199//9242 2200//9242
f 2037//9243 2200//9244 2146//9245
f 2146//9246 2200//9246 2201//9247
f 2146//9248 2201//9248 2145//9248
f 2145//9249 2201//9250 2202//9251
f 2145//9252 2202//9252 2028//9252
f 2028//9253 2202//9253 2203//9253
f 2028//9254 2203//9254 2072//9254
f 2072//9255 2203//9255 2204//9255
f 2072//9256 2204//9256 2070//9256
f 2205//9257 2181//9258 2206//9259
f 2206//9260 2181//9261 2183//9262
f 2206//9263 2183//9263 2207//9263
f 2207//9264 2183//9264 2185//9264
f 2207//9265 2185//9266 2208//9267
f 2208//9268 2185//9269 2180//9270
f 2208//9271 2180//9272 2209//9272
f 2209//9273 2180//9273 2156//9273
f 2209//9274 2156//9274 2210//9274
f 2210//9275 2156//9275 2134//9275
f 2210//9276 2134//9276 1731//9276
f 1731//9277 2134//9277 1746//9277
f 686//9278 685//9279 2123//9280
f 2123//9281 685//9282 684//9283
f 2123//9284 684//9285 2124//9286
f 2124//9287 684//9288 2175//9289
f 2124//9290 2175//9290 2126//9290
f 2126//9291 2175//9291 2174//9291
f 1218//9292 2163//9293 2164//9294
f 2164//9295 2163//9295 2192//9296
f 2164//9297 2192//9297 2168//9297
f 2168//9298 2192//9298 2128//9298
f 2168//9299 2128//9299 2167//9299
f 2167//9300 2128//9300 2127//9300
f 2167//9301 2127//9301 2166//9301
f 2166//9302 2127//9302 2182//9302
f 2166//9303 2182//9303 2165//9304
f 2165//9305 2182//9306 2181//9307
f 2165//9308 2181//9309 2169//9309
f 2169//9310 2181//9311 2205//9312
f 2169//9313 2205//9313 2211//9313
f 1705//9314 2140//9314 2010//9314
f 2010//9315 2140//9315 2142//9315
f 2010//9316 2142//9316 2144//9316
f 2144//9317 2142//9318 2212//9319
f 2144//9320 2212//9321 2143//9322
f 2143//9323 2212//9323 2199//9323
f 2143//9324 2199//9324 2039//9324
f 2039//9325 2199//9325 2036//9325
f 11//9326 2213//9326 2170//9326
f 2170//9327 2213//9327 2172//9327
f 2170//9328 2172//9328 2171//9328
f 2171//9329 2172//9330 1515//9331
f 2171//9332 1515//9332 849//9332
f 849//9333 1515//9334 1514//9335
f 849//9336 1514//9337 1518//9338
f 856//9339 2173//9339 852//9339
f 852//9340 2173//9340 2172//9340
f 852//9341 2172//9342 2177//9343
f 2177//9344 2172//9345 2213//9346
f 2177//9347 2213//9347 2176//9347
f 2176//9348 2213//9348 11//9348
f 2176//9349 11//9349 2174//9349
f 2174//9350 11//9350 2169//9350
f 2174//9351 2169//9351 2126//9351
f 2126//9352 2169//9353 2211//9352
f 2126//9354 2211//9354 2125//9354
f 2139//9355 2138//9355 2214//9355
f 2214//9356 2138//9356 2195//9356
f 2214//9357 2195//9357 2215//9357
f 2215//9358 2195//9359 2194//9358
f 2215//9360 2194//9361 2122//9360
f 2122//9362 2121//9362 2215//9362
f 2215//9363 2121//9364 2216//9363
f 2215//9365 2216//9365 2214//9365
f 2214//9366 2216//9366 2217//9366
f 2214//9367 2217//9367 2139//9367
f 2178//9368 2218//9368 2219//9368
f 2219//9369 2218//9369 2220//9369
f 2219//9370 2220//9370 2221//9370
f 2221//9371 2220//9372 2222//9373
f 2221//9374 2222//9375 2223//9376
f 2223//9377 2222//9377 2224//9377
f 2223//9378 2224//9379 2225//9380
f 2225//9381 2224//9381 2226//9381
f 2225//9382 2226//9382 2227//9383
f 2227//9384 2226//9385 2228//9386
f 2227//9387 2228//9387 2229//9388
f 2218//9389 2120//9389 2220//9389
f 2220//9390 2120//9390 2122//9391
f 2220//9392 2122//9392 2222//9392
f 2222//9393 2122//9393 2194//9393
f 2222//9394 2194//9395 2224//9396
f 2224//9397 2194//9397 2196//9397
f 2224//9398 2196//9398 2226//9398
f 2226//9399 2196//9400 2198//9401
f 2226//9402 2198//9403 2228//9404
f 2178//9405 2137//9405 2218//9405
f 2218//9406 2137//9406 2136//9406
f 2218//9407 2136//9407 2120//9407
f 2120//9408 2136//9408 2147//9408
f 2120//9409 2147//9409 2121//9409
f 2121//9410 2147//9411 2148//9412
f 2121//9413 2148//9413 2216//9413
f 2216//9414 2148//9414 2149//9414
f 2216//9415 2149//9415 2217//9415
f 2217//9416 2149//9416 2150//9416
f 2217//9417 2150//9417 2139//9417
f 2139//9418 2150//9418 2068//9418
f 2139//9419 2068//9419 2069//9419
f 2199//9420 2229//9420 2200//9420
f 2200//9421 2229//9421 2228//9421
f 2200//9422 2228//9422 2201//9422
f 2201//9423 2228//9423 2198//9423
f 2201//9424 2198//9425 2202//9426
f 2202//9427 2198//9427 2197//9427
f 2202//9428 2197//9429 2203//9430
f 2203//9431 2197//9432 2195//9433
f 2203//9434 2195//9434 2204//9434
f 2204//9435 2195//9436 2138//9436
f 2204//9437 2138//9437 2070//9437
f 2070//9438 2138//9438 2069//9438
f 1705//9439 1704//9439 2140//9439
f 2140//9440 1704//9440 1082//9440
f 2140//9441 1082//9442 2141//9443
f 2141//9444 1082//9444 1085//9444
f 2141//9445 1085//9445 2142//9445
f 2142//9446 1085//9446 1084//9446
f 2142//9447 1084//9448 2212//9449
f 2212//9450 1084//9450 686//9451
f 2212//9452 686//9453 2199//9454
f 2199//9455 686//9456 2123//9455
f 2199//9457 2123//9457 2229//9457
f 2229//9458 2123//9458 2125//9458
f 2229//9459 2125//9459 2227//9459
f 2227//9460 2125//9461 2211//9462
f 2227//9463 2211//9464 2225//9465
f 2225//9466 2211//9466 2205//9466
f 2225//9467 2205//9467 2223//9467
f 2223//9468 2205//9469 2206//9470
f 2223//9471 2206//9471 2221//9471
f 2221//9472 2206//9473 2207//9474
f 2221//9475 2207//9475 2219//9475
f 2219//9476 2207//9476 2208//9476
f 2219//9477 2208//9478 2178//9479
f 2178//9480 2208//9481 2209//9481
f 2178//9482 2209//9483 2151//9482
f 2151//9484 2209//9485 2210//9486
f 2151//9487 2210//9487 1730//9487
f 1730//9488 2210//9488 1731//9488
