# calf_mirror.dae material 黑色足端_006-effect
# rgba 0 0 0 1
v 0.004892 0.018267 -0.212453
v 0.009595 0.017349 -0.215443
v 0.005022 0.017913 -0.212181
v 0.009688 0.016998 -0.215123
v 0.000116 0.018558 -0.209464
v 0.004681 0.018448 -0.212826
v 0.000114 0.018562 -0.209469
v 0.009343 0.017527 -0.215816
v 0.000280 0.018203 -0.209205
v 0.004694 0.018447 -0.212834
v -0.002909 0.019372 -0.214281
v 0.001855 0.019149 -0.217697
v -0.005762 0.019609 -0.218816
v -0.001242 0.019297 -0.222447
v 0.006614 0.017954 -0.220836
v 0.011074 0.015185 -0.223261
v 0.003518 0.017790 -0.225773
v 0.009016 0.015068 -0.226418
v 0.009855 0.015071 -0.225321
v 0.009392 0.017512 -0.215847
v 0.013690 0.015212 -0.218637
v 0.013757 0.015153 -0.218681
v 0.013940 0.015035 -0.218225
v 0.017037 0.010737 -0.220198
v 0.013942 0.014738 -0.217810
v 0.017037 0.010737 -0.220199
v 0.016955 0.010563 -0.219711
v 0.013764 0.014350 -0.217551
v 0.016655 0.010332 -0.219368
v 0.016957 0.010566 -0.219716
v 0.018189 0.007203 -0.220924
v 0.018086 0.007107 -0.220425
v 0.018793 0.003544 -0.221302
v 0.018680 0.003499 -0.220798
v 0.017751 0.006976 -0.220057
v 0.018331 0.003436 -0.220421
v 0.018527 -0.000209 -0.220543
v 0.018332 -0.003838 -0.220420
v 0.005041 0.017467 -0.212068
v 0.009650 0.016551 -0.214965
v -0.004365 0.017467 -0.206155
v 0.000338 0.017746 -0.209112
v 0.005043 -0.017869 -0.212064
v -0.004362 -0.017869 -0.206152
v 0.000340 -0.018148 -0.209108
v -0.008972 -0.016952 -0.203254
v -0.017654 -0.003837 -0.197798
v -0.004457 -0.018314 -0.206217
v -0.004646 -0.018669 -0.206452
v 0.000281 -0.018604 -0.209201
v -0.009131 -0.017399 -0.203288
v 0.000282 -0.018601 -0.209200
v -0.009379 -0.017750 -0.203510
v -0.013397 -0.015139 -0.200620
v -0.013086 -0.014751 -0.200668
v -0.015977 -0.010733 -0.198851
v -0.017074 -0.007373 -0.198162
v -0.016416 -0.010964 -0.198730
v -0.017555 -0.007505 -0.198019
v -0.016422 -0.010967 -0.198730
v -0.016891 -0.011138 -0.198867
v -0.018049 -0.007601 -0.198141
v -0.013771 -0.015436 -0.200802
v -0.014032 -0.015613 -0.201206
v -0.014102 -0.015554 -0.201164
v -0.016892 -0.011138 -0.198868
v -0.017258 -0.011201 -0.199228
v -0.018422 -0.007636 -0.198498
v -0.019024 -0.003976 -0.198119
v -0.022150 -0.003977 -0.203166
v -0.019735 -0.011201 -0.203204
v -0.020131 -0.011201 -0.203860
v -0.017066 -0.015588 -0.205568
v -0.019392 -0.013080 -0.204885
v -0.018752 -0.012697 -0.205259
v -0.018110 -0.015473 -0.207043
v -0.020496 -0.011201 -0.204477
v -0.021465 -0.008843 -0.204156
v -0.020129 -0.009879 -0.204794
v -0.020646 -0.008521 -0.204632
v -0.022588 -0.008515 -0.208451
v -0.020647 -0.008521 -0.204631
v -0.023458 -0.008843 -0.208088
v -0.020646 -0.008521 -0.204631
v -0.020647 -0.008521 -0.204631
v -0.020647 -0.008521 -0.204631
v -0.020648 -0.008521 -0.204630
v -0.020650 -0.008522 -0.204629
v -0.020654 -0.008523 -0.204627
v -0.020661 -0.008526 -0.204623
v -0.020676 -0.008532 -0.204615
v -0.020705 -0.008543 -0.204598
v -0.020763 -0.008566 -0.204564
v -0.020880 -0.008612 -0.204496
v -0.020997 -0.008659 -0.204428
v -0.021114 -0.008705 -0.204360
v -0.021231 -0.008751 -0.204292
v -0.021348 -0.008797 -0.204224
v -0.020647 -0.008520 -0.204631
v -0.020646 -0.008520 -0.204631
v -0.020646 -0.008520 -0.204631
v -0.020646 -0.008520 -0.204631
v -0.023891 -0.004236 -0.206409
v -0.023921 -0.007982 -0.208505
v -0.023594 -0.008762 -0.208353
v -0.023738 -0.008554 -0.208533
v -0.023856 -0.008272 -0.208589
v -0.022852 -0.008240 -0.208867
v -0.022722 -0.009877 -0.210522
v -0.022715 -0.008438 -0.208696
v -0.022964 -0.007972 -0.208920
v -0.023030 -0.007694 -0.208853
v -0.023778 -0.006835 -0.210430
v -0.023003 -0.004096 -0.206842
v -0.023861 -0.003977 -0.206268
v -0.023857 -0.003501 -0.208599
v -0.023901 -0.004393 -0.209080
v -0.022930 -0.003504 -0.206519
v -0.023385 -0.000492 -0.207005
v -0.022298 -0.000492 -0.204929
v -0.023170 -0.000503 -0.204437
v -0.022261 -0.000201 -0.204859
v -0.023132 -0.000201 -0.204366
v -0.023170 0.000100 -0.204437
v -0.022929 0.003099 -0.206520
v -0.022298 0.000090 -0.204929
v -0.023862 0.003573 -0.206268
v -0.022150 0.003574 -0.203167
v -0.020132 0.010799 -0.203862
v -0.019734 0.010799 -0.203203
v -0.023892 0.003832 -0.206410
v -0.018421 0.007242 -0.198500
v -0.021466 0.008440 -0.204158
v -0.019024 0.003575 -0.198120
v -0.018045 0.007206 -0.198146
v -0.018649 0.003544 -0.197765
v -0.019228 -0.000192 -0.197990
v -0.019026 0.003561 -0.198119
v -0.018849 -0.000192 -0.197638
v -0.018648 -0.003945 -0.197764
v -0.018344 -0.000192 -0.197523
v -0.019025 -0.003961 -0.198118
v -0.018145 -0.003899 -0.197648
v -0.018146 0.003499 -0.197648
v -0.017849 -0.000192 -0.197676
v -0.017654 0.003437 -0.197799
v -0.015978 0.010332 -0.198854
v -0.008974 0.016551 -0.203257
v -0.017073 0.006978 -0.198165
v -0.017550 0.007110 -0.198023
v -0.016423 0.010566 -0.198732
v -0.016421 0.010565 -0.198732
v -0.016892 0.010737 -0.198869
v -0.016899 0.010739 -0.198874
v -0.017259 0.010799 -0.199230
v -0.013777 0.015037 -0.200809
v -0.009385 0.017352 -0.203518
v -0.013401 0.014740 -0.200624
v -0.014103 0.015152 -0.201167
v -0.014033 0.015212 -0.201209
v -0.017064 0.015186 -0.205567
v -0.009658 0.017512 -0.203872
v -0.009606 0.017528 -0.203904
v -0.012944 0.017955 -0.208536
v -0.019018 0.015068 -0.208792
v -0.008051 0.019149 -0.211465
v -0.016051 0.017791 -0.213467
v -0.010989 0.019298 -0.216315
v -0.018395 0.015072 -0.207563
v -0.020209 0.010452 -0.205885
v -0.018113 0.015069 -0.207047
v -0.020250 0.010319 -0.205819
v -0.020306 0.010182 -0.205779
v -0.020132 0.009476 -0.204795
v -0.021021 0.010798 -0.205395
v -0.020462 0.009927 -0.205801
v -0.021088 0.010635 -0.205343
v -0.021253 0.010361 -0.205363
v -0.020647 0.009737 -0.205949
v -0.021445 0.010158 -0.205512
v -0.021619 0.010078 -0.205757
v -0.023337 0.010078 -0.209692
v -0.022296 0.010798 -0.207927
v -0.022478 0.009662 -0.209976
v -0.020817 0.009664 -0.206190
v -0.020738 0.009681 -0.206060
v -0.022725 0.009472 -0.210523
v -0.022677 0.009523 -0.216766
v -0.022624 0.010460 -0.212769
v -0.022406 0.010141 -0.210559
v -0.022590 0.008110 -0.208452
v -0.023026 0.007295 -0.208845
v -0.022829 0.010037 -0.212722
v -0.022924 0.009849 -0.212818
v -0.022965 0.007568 -0.208921
v -0.023022 0.009674 -0.213206
v -0.022481 0.009924 -0.210426
v -0.023531 0.007838 -0.211240
v -0.022726 0.010247 -0.212713
v -0.022996 0.009715 -0.212992
v -0.023016 0.009680 -0.213096
v -0.022513 0.009788 -0.210300
v -0.023498 0.008078 -0.211518
v -0.023503 0.007982 -0.211356
v -0.022853 0.007836 -0.208868
v -0.022716 0.008035 -0.208698
v -0.022512 0.009694 -0.210139
v -0.023779 0.006431 -0.210431
v -0.023002 0.003692 -0.206843
v -0.023900 0.003988 -0.209081
v -0.024831 0.004141 -0.208759
v -0.024461 0.008153 -0.211058
v -0.024429 0.008404 -0.211359
v -0.024433 0.008304 -0.211185
v -0.024445 0.008439 -0.211532
v -0.025694 0.002725 -0.211510
v -0.025612 0.003878 -0.214476
v -0.025932 0.000099 -0.212313
v -0.025800 0.002725 -0.213823
v -0.024288 0.000099 -0.206576
v -0.025694 -0.003129 -0.211509
v -0.025928 -0.000203 -0.212233
v -0.024737 0.002725 -0.207980
v -0.023385 0.000090 -0.207005
v -0.023857 0.003096 -0.208599
v -0.023353 -0.000202 -0.206936
v -0.024255 -0.000202 -0.206504
v -0.024288 -0.000503 -0.206576
v -0.024737 -0.003129 -0.207979
v -0.024830 -0.004546 -0.208759
v -0.024460 -0.008558 -0.211057
v -0.023529 -0.008244 -0.211237
v -0.024432 -0.008709 -0.211184
v -0.024428 -0.008809 -0.211357
v -0.024444 -0.008844 -0.211530
v -0.023512 -0.008516 -0.211697
v -0.024448 -0.008844 -0.211554
v -0.025612 -0.004283 -0.214475
v -0.023496 -0.008482 -0.211516
v -0.022673 -0.009929 -0.216765
v -0.023502 -0.008386 -0.211355
v -0.023968 -0.004915 -0.216944
v -0.023392 -0.008544 -0.215767
v -0.022485 -0.010117 -0.217183
v -0.023030 -0.010072 -0.213205
v -0.021717 -0.009964 -0.219361
v -0.022603 -0.010109 -0.216757
v -0.023668 -0.005802 -0.217393
v -0.023366 -0.008488 -0.215990
v -0.023405 -0.008151 -0.216285
v -0.023464 -0.007927 -0.216312
v -0.021157 -0.010896 -0.219755
v -0.022378 -0.010194 -0.217435
v -0.023370 -0.008350 -0.216173
v -0.024324 -0.008793 -0.216195
v -0.024326 -0.008647 -0.216393
v -0.024355 -0.008844 -0.215959
v -0.024361 -0.008438 -0.216516
v -0.024422 -0.008204 -0.216546
v -0.024500 -0.007982 -0.216484
v -0.023537 -0.007723 -0.216250
v -0.024598 -0.004139 -0.214379
v -0.024712 -0.003504 -0.214036
v -0.024361 -0.003511 -0.216219
v -0.024851 -0.000494 -0.214593
v -0.025874 -0.000504 -0.214722
v -0.025271 -0.003930 -0.216634
v -0.022917 -0.003930 -0.221788
v -0.024613 -0.005990 -0.217715
v -0.022001 -0.011203 -0.220168
v -0.021609 -0.011203 -0.220902
v -0.021984 -0.011230 -0.220180
v -0.019115 -0.014869 -0.221426
v -0.019206 -0.013209 -0.223065
v -0.018008 -0.015960 -0.221581
v -0.018407 -0.016741 -0.218571
v -0.018874 -0.015825 -0.220168
v -0.013503 -0.018749 -0.221429
v -0.015851 -0.015107 -0.225438
v -0.017760 -0.012710 -0.225136
v -0.014659 -0.016365 -0.225337
v -0.014726 -0.016299 -0.225349
v -0.017114 -0.012433 -0.224517
v -0.016548 -0.011023 -0.225666
v -0.018696 -0.010023 -0.223838
v -0.013808 -0.015345 -0.226444
v -0.018822 -0.011203 -0.224749
v -0.020301 -0.008845 -0.223989
v -0.019007 -0.011203 -0.224540
v -0.021410 -0.011203 -0.221246
v -0.019431 -0.004265 -0.226009
v -0.017461 -0.007983 -0.227173
v -0.019552 -0.008624 -0.223373
v -0.019593 -0.003930 -0.225889
v -0.017701 -0.008845 -0.226730
v -0.017033 -0.008642 -0.226014
v -0.017499 -0.008766 -0.226937
v -0.017363 -0.008265 -0.227191
v -0.016802 -0.007807 -0.226441
v -0.016721 -0.008359 -0.226374
v -0.017375 -0.008552 -0.227107
v -0.016710 -0.008080 -0.226456
v -0.014821 -0.010053 -0.227478
v -0.009635 -0.010053 -0.230737
v -0.012282 -0.010247 -0.229201
v -0.016378 -0.010230 -0.226114
v -0.016841 -0.008567 -0.226210
v -0.014310 -0.008652 -0.228247
v -0.014735 -0.008374 -0.227999
v -0.015169 -0.007629 -0.227836
v -0.014789 -0.010241 -0.227445
v -0.014547 -0.008577 -0.228091
v -0.015133 -0.008768 -0.228878
v -0.014891 -0.008845 -0.229038
v -0.013372 -0.003100 -0.230936
v -0.012989 -0.008845 -0.230326
v -0.015329 -0.008559 -0.228781
v -0.017537 -0.004553 -0.227732
v -0.016888 -0.004457 -0.226976
v -0.017360 -0.003509 -0.226672
v -0.018258 -0.003100 -0.227254
v -0.018722 -0.000498 -0.225570
v -0.019426 -0.000505 -0.226281
v -0.019484 -0.000203 -0.226225
v -0.019426 0.000098 -0.226281
v -0.018780 -0.000203 -0.225514
v -0.018722 0.000091 -0.225570
v -0.020332 0.000091 -0.223862
v -0.019043 0.003098 -0.225068
v -0.021130 -0.000203 -0.224460
v -0.020376 -0.000203 -0.223813
v -0.021077 0.000098 -0.224520
v -0.020326 -0.000492 -0.223869
v -0.019041 -0.003506 -0.225068
v -0.021077 -0.000505 -0.224520
v -0.018725 -0.004172 -0.225307
v -0.019594 0.003523 -0.225889
v -0.022918 0.003524 -0.221789
v -0.025272 0.003524 -0.216634
v -0.025874 0.000098 -0.214722
v -0.020302 0.008438 -0.223990
v -0.021411 0.010797 -0.221248
v -0.019007 0.010797 -0.224544
v -0.021611 0.010797 -0.220902
v -0.024613 0.005584 -0.217716
v -0.022002 0.010797 -0.220170
v -0.021720 0.009557 -0.219363
v -0.021985 0.010824 -0.220182
v -0.021155 0.010489 -0.219756
v -0.019115 0.014465 -0.221430
v -0.019206 0.012805 -0.223068
v -0.018010 0.015554 -0.221585
v -0.018875 0.015421 -0.220172
v -0.013501 0.018345 -0.221432
v -0.015851 0.014702 -0.225441
v -0.018406 0.016338 -0.218573
v -0.022231 0.013032 -0.215295
v -0.020336 0.015183 -0.215247
v -0.020332 0.015117 -0.213353
v -0.019036 0.015396 -0.219865
v -0.022245 0.009989 -0.217605
v -0.022722 0.011035 -0.218246
v -0.022871 0.010797 -0.218129
v -0.023393 0.010077 -0.217456
v -0.023629 0.010798 -0.213602
v -0.023140 0.010349 -0.217903
v -0.023231 0.010211 -0.217801
v -0.022335 0.009845 -0.217509
v -0.022420 0.009749 -0.217362
v -0.023321 0.010113 -0.217645
v -0.022487 0.009712 -0.217184
v -0.022606 0.009704 -0.216758
v -0.023956 0.010077 -0.213179
v -0.023629 0.010698 -0.212631
v -0.023842 0.010274 -0.212749
v -0.023921 0.010130 -0.212938
v -0.023739 0.010475 -0.212643
v -0.023540 0.010885 -0.212702
v -0.023581 0.010798 -0.212658
v -0.021921 0.013503 -0.214309
v -0.020088 0.014702 -0.210347
v -0.021274 0.014113 -0.212686
v -0.023191 0.010798 -0.210458
v -0.023346 0.010350 -0.210173
v -0.023380 0.010212 -0.210053
v -0.023379 0.010112 -0.209882
v -0.019108 0.014958 -0.208689
v -0.020997 0.010886 -0.205446
v -0.017761 0.012303 -0.225139
v -0.017114 0.012026 -0.224518
v -0.014725 0.015896 -0.225352
v -0.014660 0.015958 -0.225341
v -0.013810 0.014938 -0.226447
v -0.013142 0.016046 -0.226586
v -0.013599 0.016027 -0.226232
v -0.008722 0.018983 -0.223525
v -0.008723 0.018982 -0.223527
v -0.004764 0.018343 -0.226927
v -0.010163 0.017953 -0.225817
v -0.011364 0.016155 -0.227728
v -0.009553 0.016047 -0.228839
v -0.013601 0.015571 -0.226701
v -0.011365 0.016154 -0.227729
v -0.014843 0.014128 -0.226819
v -0.016547 0.010623 -0.225665
v -0.017210 0.010884 -0.226367
v -0.012709 0.010797 -0.229866
v -0.014483 0.010797 -0.228662
v -0.017033 0.010077 -0.226831
v -0.017323 0.010633 -0.226359
v -0.017263 0.010797 -0.226352
v -0.012801 0.010076 -0.230026
v -0.012284 0.009840 -0.229203
v -0.008085 0.010077 -0.232453
v -0.014791 0.009836 -0.227447
v -0.009620 0.009836 -0.230696
v -0.012703 0.010797 -0.229870
v -0.010852 0.010796 -0.230944
v -0.009028 0.014138 -0.230467
v -0.007534 0.010633 -0.232509
v -0.007590 0.010885 -0.232411
v -0.007554 0.010797 -0.232452
v -0.007190 0.010361 -0.231609
v -0.007251 0.010619 -0.231507
v -0.007265 0.010095 -0.231659
v -0.007613 0.010356 -0.232561
v -0.004674 0.009617 -0.232653
v -0.007722 0.009828 -0.231553
v -0.005437 0.010797 -0.233162
v -0.004116 0.008438 -0.234163
v -0.007349 0.008236 -0.232100
v -0.003886 0.008218 -0.233221
v -0.005967 0.012027 -0.231520
v -0.007463 0.009897 -0.231638
v -0.009636 0.009647 -0.230740
v -0.007590 0.009844 -0.231603
v -0.007810 0.007953 -0.231974
v -0.007888 0.007673 -0.232000
v -0.014824 0.009647 -0.227481
v -0.009806 0.007238 -0.231205
v -0.007834 0.007400 -0.232077
v -0.014311 0.008245 -0.228249
v -0.010134 0.007967 -0.230891
v -0.007610 0.008160 -0.232012
v -0.010299 0.008170 -0.230762
v -0.010543 0.008245 -0.230616
v -0.011003 0.008438 -0.231482
v -0.012991 0.008438 -0.230328
v -0.014892 0.008438 -0.229039
v -0.013372 0.002693 -0.230936
v -0.008678 0.004145 -0.233299
v -0.015330 0.008152 -0.228783
v -0.006552 0.000098 -0.234370
v -0.018258 0.002693 -0.227254
v -0.007935 0.002693 -0.233740
v -0.017538 0.004145 -0.227732
v -0.010582 0.008152 -0.231766
v -0.010754 0.008361 -0.231631
v -0.016889 0.004050 -0.226977
v -0.015170 0.007222 -0.227837
v -0.017361 0.003102 -0.226672
v -0.018726 0.003765 -0.225308
v -0.016806 0.007402 -0.226440
v -0.017462 0.007576 -0.227175
v -0.019432 0.003859 -0.226010
v -0.017364 0.007858 -0.227193
v -0.017376 0.008145 -0.227108
v -0.017702 0.008438 -0.226732
v -0.017034 0.008236 -0.226016
v -0.019553 0.008218 -0.223375
v -0.017500 0.008359 -0.226939
v -0.016722 0.007953 -0.226375
v -0.016842 0.008161 -0.226212
v -0.016712 0.007674 -0.226456
v -0.018697 0.009617 -0.223840
v -0.018824 0.010797 -0.224751
v -0.016380 0.009828 -0.226115
v -0.016662 0.010361 -0.225659
v -0.016674 0.010094 -0.225748
v -0.016568 0.009897 -0.225918
v -0.017335 0.010356 -0.226453
v -0.017225 0.010149 -0.226630
v -0.014736 0.007967 -0.228001
v -0.015134 0.008361 -0.228880
v -0.014548 0.008171 -0.228092
v -0.006215 0.000092 -0.233428
v -0.007800 0.003102 -0.232679
v -0.005626 0.003099 -0.233498
v -0.005979 0.003765 -0.233316
v -0.008279 0.004050 -0.232386
v -0.008209 0.007576 -0.232988
v -0.006126 0.003524 -0.234351
v -0.006305 0.003859 -0.234258
v -0.004252 0.000098 -0.235092
v -0.001006 0.003524 -0.235564
v -0.001006 -0.003930 -0.235563
v 0.004647 0.003524 -0.235453
v 0.000051 0.010797 -0.234037
v -0.001180 0.010797 -0.233971
v 0.003390 0.005583 -0.235328
v -0.005180 0.010797 -0.233235
v 0.006629 0.000098 -0.235170
v 0.006705 -0.000203 -0.235146
v 0.006629 -0.000504 -0.235170
v 0.004628 0.003104 -0.234455
v 0.006301 0.000089 -0.234194
v 0.008328 -0.000493 -0.233303
v 0.008328 0.000089 -0.233303
v 0.006367 -0.000203 -0.234174
v 0.006745 0.003098 -0.233827
v 0.006737 0.003879 -0.234828
v 0.007407 0.002725 -0.234715
v 0.006386 0.003735 -0.233873
v 0.003825 0.004475 -0.234416
v 0.004447 0.007577 -0.234695
v 0.004240 0.007317 -0.233726
v 0.004358 0.007798 -0.234651
v 0.004154 0.007521 -0.233688
v 0.003425 0.009522 -0.233169
v 0.004152 0.007745 -0.233623
v 0.004238 0.007944 -0.233543
v 0.004452 0.008240 -0.234499
v 0.004358 0.008031 -0.234583
v 0.004629 0.008386 -0.234412
v 0.004857 0.008439 -0.234338
v 0.004611 0.008138 -0.233389
v 0.004400 0.008083 -0.233461
v 0.008865 0.008439 -0.232518
v 0.008332 0.008110 -0.231738
v 0.008896 0.008439 -0.232497
v 0.009316 0.008154 -0.232317
v 0.009033 0.008404 -0.232416
v 0.009456 0.002725 -0.233614
v 0.011548 0.004134 -0.231657
v 0.009456 -0.003129 -0.233613
v 0.013296 0.000099 -0.230206
v 0.008896 -0.000202 -0.234142
v 0.012215 0.002725 -0.231231
v 0.008826 0.000099 -0.234180
v 0.008391 -0.000202 -0.233269
v 0.011273 0.003095 -0.230707
v 0.012518 0.000090 -0.229579
v 0.012759 0.003099 -0.228957
v 0.012568 -0.000202 -0.229519
v 0.013924 -0.000492 -0.227692
v 0.013924 0.000090 -0.227692
v 0.014743 0.000100 -0.228267
v 0.013969 -0.000202 -0.227630
v 0.014790 -0.000202 -0.228202
v 0.015436 -0.003976 -0.226810
v 0.014743 -0.000503 -0.228267
v 0.012760 -0.003503 -0.228957
v 0.013390 -0.003977 -0.229688
v 0.012501 -0.004097 -0.229163
v 0.013276 -0.004236 -0.229776
v 0.011566 -0.008843 -0.230122
v 0.011384 -0.007981 -0.230726
v 0.014260 -0.008843 -0.226603
v 0.010694 -0.007694 -0.230065
v 0.009620 -0.006759 -0.231427
v 0.009071 -0.009875 -0.230498
v 0.010596 -0.007973 -0.230043
v 0.011280 -0.008274 -0.230704
v 0.010597 -0.008243 -0.229917
v 0.011281 -0.008556 -0.230571
v 0.011384 -0.008763 -0.230361
v 0.010694 -0.008440 -0.229717
v 0.010867 -0.008515 -0.229490
v 0.013106 -0.009878 -0.225676
v 0.013476 -0.008521 -0.226072
v 0.013480 -0.008522 -0.226074
v 0.013551 -0.011201 -0.225869
v 0.013477 -0.008520 -0.226072
v 0.013477 -0.008521 -0.226072
v 0.013478 -0.008521 -0.226073
v 0.013484 -0.008523 -0.226077
v 0.013505 -0.008532 -0.226091
v 0.013532 -0.008543 -0.226110
v 0.013588 -0.008566 -0.226148
v 0.013700 -0.008612 -0.226224
v 0.013924 -0.008705 -0.226376
v 0.013477 -0.008520 -0.226072
v 0.013478 -0.008521 -0.226073
v 0.013491 -0.008526 -0.226081
v 0.013812 -0.008658 -0.226300
v 0.014036 -0.008751 -0.226452
v 0.014148 -0.008797 -0.226527
v 0.013477 -0.008520 -0.226072
v 0.013477 -0.008520 -0.226072
v 0.013477 -0.008520 -0.226072
v 0.013477 -0.008520 -0.226072
v 0.012705 -0.013080 -0.225051
v 0.012090 -0.012697 -0.224637
v 0.013937 -0.011201 -0.225290
v 0.014365 -0.011201 -0.224636
v 0.011077 -0.015589 -0.223254
v 0.016872 -0.011201 -0.220683
v 0.018033 -0.007643 -0.221415
v 0.013760 -0.015553 -0.218679
v 0.013942 -0.015438 -0.218229
v 0.017037 -0.011138 -0.220205
v 0.013691 -0.015614 -0.218633
v 0.009395 -0.017913 -0.215845
v 0.009597 -0.017753 -0.215446
v 0.004893 -0.018672 -0.212454
v 0.009343 -0.017929 -0.215811
v 0.013945 -0.015141 -0.217810
v 0.009691 -0.017402 -0.215122
v 0.005024 -0.018317 -0.212179
v 0.013767 -0.014751 -0.217549
v 0.009653 -0.016952 -0.214963
v 0.016656 -0.010734 -0.219366
v 0.018086 -0.007511 -0.220423
v 0.017751 -0.007379 -0.220055
v 0.016958 -0.010965 -0.219712
v 0.017038 -0.011136 -0.220196
v 0.016959 -0.010966 -0.219714
v 0.018189 -0.007607 -0.220922
v 0.018794 -0.003945 -0.221302
v 0.018637 -0.003976 -0.221794
v 0.015436 0.003574 -0.226811
v 0.018637 0.003575 -0.221794
v 0.018842 -0.000209 -0.221922
v 0.018639 -0.003962 -0.221795
v 0.018994 -0.000209 -0.221428
v 0.018879 -0.000209 -0.220923
v 0.018638 0.003561 -0.221795
v 0.018681 -0.003900 -0.220798
v 0.018033 0.007239 -0.221417
v 0.016871 0.010799 -0.220685
v 0.014362 0.010799 -0.224641
v 0.013936 0.010799 -0.225292
v 0.012704 0.012677 -0.225053
v 0.013550 0.010799 -0.225871
v 0.012084 0.012298 -0.224635
v 0.010202 0.015068 -0.224839
v 0.013107 0.009475 -0.225679
v 0.012292 0.010181 -0.226269
v 0.012150 0.010447 -0.226237
v 0.012891 0.010886 -0.226746
v 0.009149 0.014957 -0.226454
v 0.012948 0.010798 -0.226745
v 0.013024 0.010633 -0.226784
v 0.011215 0.010798 -0.228997
v 0.010056 0.010078 -0.230719
v 0.009305 0.010798 -0.230916
v 0.008079 0.014701 -0.228057
v 0.012880 0.010078 -0.227444
v 0.012144 0.009664 -0.226906
v 0.013025 0.010158 -0.227179
v 0.009440 0.009662 -0.230055
v 0.013077 0.010360 -0.226941
v 0.012339 0.009927 -0.226420
v 0.012286 0.009738 -0.226651
v 0.009071 0.009471 -0.230501
v 0.009297 0.009693 -0.230166
v 0.009154 0.009786 -0.230236
v 0.009753 0.010210 -0.230912
v 0.009905 0.010111 -0.230837
v 0.009627 0.010350 -0.230934
v 0.009034 0.009924 -0.230253
v 0.008913 0.010094 -0.230248
v 0.006479 0.014109 -0.230145
v 0.005462 0.015117 -0.229585
v 0.006968 0.010454 -0.231416
v 0.007441 0.010885 -0.232193
v 0.005296 0.013497 -0.231432
v 0.007079 0.010249 -0.231464
v 0.003758 0.015183 -0.230407
v -0.000062 0.016336 -0.230107
v 0.004548 0.013030 -0.232132
v 0.006678 0.010798 -0.232657
v 0.002262 0.010797 -0.233937
v -0.000966 0.015392 -0.231235
v 0.002097 0.011027 -0.233856
v 0.002463 0.009989 -0.233146
v 0.002581 0.010349 -0.234082
v 0.000059 0.010487 -0.233095
v 0.002588 0.009846 -0.233185
v 0.002713 0.010211 -0.234119
v 0.002892 0.010113 -0.234132
v 0.002757 0.009749 -0.233198
v 0.002946 0.009719 -0.233179
v 0.003400 0.009707 -0.233100
v 0.003094 0.010077 -0.234116
v 0.007190 0.010077 -0.232774
v 0.006763 0.009668 -0.231955
v 0.007542 0.010699 -0.232242
v 0.007529 0.010275 -0.232485
v 0.007393 0.010131 -0.232638
v 0.006944 0.009715 -0.231829
v 0.007070 0.009850 -0.231688
v 0.007116 0.010039 -0.231560
v 0.007580 0.010476 -0.232346
v 0.007498 0.010798 -0.232211
v -0.002943 0.015552 -0.231055
v 0.000035 0.010822 -0.234027
v -0.002334 0.014457 -0.231987
v 0.000658 0.009556 -0.233434
v -0.001301 0.015418 -0.231222
v 0.003271 0.005396 -0.234338
v -0.003765 0.012803 -0.232774
v -0.000774 0.010797 -0.234002
v -0.006245 0.012305 -0.232373
v -0.007756 0.015905 -0.229721
v -0.007342 0.014692 -0.230792
v -0.007771 0.015959 -0.229667
v -0.009042 0.016028 -0.229095
v -0.009143 0.014951 -0.229375
v -0.009456 0.015564 -0.229310
v 0.010693 0.007290 -0.230066
v 0.008753 0.007838 -0.231555
v 0.010693 0.008036 -0.229719
v 0.010596 0.007839 -0.229919
v 0.008636 0.007982 -0.231580
v 0.008488 0.008078 -0.231644
v 0.009620 0.006355 -0.231428
v 0.010866 0.008113 -0.229492
v 0.010595 0.007569 -0.230045
v 0.011383 0.007578 -0.230727
v 0.011279 0.007870 -0.230705
v 0.011280 0.008152 -0.230573
v 0.011382 0.008359 -0.230363
v 0.011565 0.008440 -0.230123
v 0.013275 0.003833 -0.229777
v 0.014259 0.008440 -0.226605
v 0.013476 0.008117 -0.226074
v 0.013390 0.003574 -0.229689
v 0.012499 0.003693 -0.229163
v 0.010856 0.003981 -0.230958
v 0.009191 0.008304 -0.232346
v 0.004693 -0.018849 -0.212829
v 0.001856 -0.019552 -0.217687
v 0.006616 -0.018358 -0.220828
v 0.009017 -0.015472 -0.226414
v 0.009855 -0.015475 -0.225320
v -0.001240 -0.019702 -0.222438
v 0.003520 -0.018195 -0.225765
v 0.005465 -0.015521 -0.229582
v 0.009150 -0.015361 -0.226451
v 0.008081 -0.015106 -0.228051
v -0.000061 -0.016743 -0.230102
v -0.004763 -0.018750 -0.226920
v -0.002940 -0.015958 -0.231052
v 0.004551 -0.013437 -0.232128
v -0.000954 -0.015801 -0.231229
v -0.001300 -0.015826 -0.231218
v 0.003760 -0.015588 -0.230403
v 0.006986 -0.010853 -0.231408
v 0.005297 -0.013903 -0.231429
v 0.007442 -0.011290 -0.232191
v 0.006682 -0.011202 -0.232654
v 0.002263 -0.011203 -0.233934
v 0.003095 -0.010483 -0.234114
v 0.007192 -0.010482 -0.232772
v 0.007547 -0.011094 -0.232243
v 0.007499 -0.011202 -0.232209
v 0.007085 -0.010645 -0.231468
v 0.007581 -0.010874 -0.232348
v 0.007118 -0.010437 -0.231563
v 0.007069 -0.010251 -0.231690
v 0.007528 -0.010676 -0.232486
v 0.007392 -0.010534 -0.232637
v 0.006943 -0.010119 -0.231828
v 0.006760 -0.010071 -0.231948
v 0.003400 -0.010110 -0.233101
v 0.003424 -0.009928 -0.233165
v 0.000061 -0.010894 -0.233096
v 0.004155 -0.007927 -0.233686
v 0.004402 -0.008487 -0.233461
v 0.008332 -0.008516 -0.231735
v 0.004615 -0.008537 -0.233399
v 0.003827 -0.004879 -0.234415
v 0.000658 -0.009963 -0.233430
v 0.002946 -0.010119 -0.233185
v 0.004153 -0.008150 -0.233621
v 0.004239 -0.008349 -0.233542
v 0.008489 -0.008482 -0.231642
v 0.003271 -0.005802 -0.234336
v 0.002674 -0.010195 -0.233192
v 0.002803 -0.010559 -0.234127
v 0.002462 -0.010385 -0.233148
v 0.002583 -0.010755 -0.234080
v 0.002098 -0.011434 -0.233854
v 0.003391 -0.005989 -0.235327
v 0.004647 -0.003930 -0.235453
v 0.000053 -0.011203 -0.234035
v 0.000037 -0.011227 -0.234026
v -0.000771 -0.011203 -0.234000
v -0.002333 -0.014865 -0.231982
v -0.003765 -0.013211 -0.232771
v -0.001179 -0.011203 -0.233969
v -0.005182 -0.011203 -0.233232
v -0.005436 -0.011203 -0.233160
v -0.004115 -0.008845 -0.234161
v -0.004672 -0.010023 -0.232650
v -0.003884 -0.008624 -0.233220
v -0.007705 -0.008845 -0.233011
v -0.008208 -0.007983 -0.232987
v -0.006305 -0.004266 -0.234257
v -0.006126 -0.003930 -0.234350
v -0.005979 -0.004172 -0.233316
v -0.004252 -0.000505 -0.235092
v -0.005626 -0.003505 -0.233497
v -0.006216 -0.000498 -0.233427
v -0.007800 -0.003509 -0.232678
v -0.003983 -0.000497 -0.234135
v -0.004174 -0.000203 -0.235114
v -0.003991 0.000086 -0.234133
v -0.003919 -0.000203 -0.234154
v -0.006141 -0.000203 -0.233455
v -0.006551 -0.000505 -0.234370
v -0.006476 -0.000203 -0.234398
v -0.007935 -0.003100 -0.233740
v -0.008678 -0.004552 -0.233298
v -0.008279 -0.004456 -0.232385
v -0.010581 -0.008559 -0.231764
v -0.009805 -0.007645 -0.231204
v -0.007831 -0.007808 -0.232077
v -0.010133 -0.008374 -0.230890
v -0.010298 -0.008577 -0.230760
v -0.010753 -0.008768 -0.231629
v -0.011002 -0.008845 -0.231481
v -0.010541 -0.008653 -0.230614
v -0.008267 -0.008265 -0.232906
v -0.007886 -0.008080 -0.231999
v -0.008185 -0.008552 -0.232880
v -0.007809 -0.008359 -0.231973
v -0.007610 -0.008567 -0.232010
v -0.007979 -0.008766 -0.232919
v -0.007348 -0.008643 -0.232098
v -0.007265 -0.010498 -0.231657
v -0.007463 -0.010302 -0.231635
v -0.007189 -0.010763 -0.231609
v -0.005966 -0.012434 -0.231520
v -0.007245 -0.011023 -0.231510
v -0.007722 -0.010229 -0.231552
v -0.008084 -0.010483 -0.232451
v -0.009619 -0.010242 -0.230693
v -0.012799 -0.010483 -0.230024
v -0.014484 -0.011203 -0.228657
v -0.017032 -0.010483 -0.226829
v -0.012701 -0.011203 -0.229868
v -0.012708 -0.011203 -0.229864
v -0.010853 -0.011203 -0.230940
v -0.009028 -0.014548 -0.230462
v -0.007532 -0.011036 -0.232509
v -0.007553 -0.011203 -0.232450
v -0.007588 -0.011291 -0.232409
v -0.007614 -0.010760 -0.232559
v -0.007820 -0.010556 -0.232537
v -0.009454 -0.015972 -0.229306
v -0.011363 -0.016561 -0.227725
v -0.009141 -0.015358 -0.229372
v -0.009550 -0.016454 -0.228836
v -0.009040 -0.016435 -0.229091
v -0.007768 -0.016365 -0.229664
v -0.007340 -0.015100 -0.230788
v -0.007754 -0.016315 -0.229714
v -0.008721 -0.019387 -0.223523
v -0.008720 -0.019388 -0.223521
v -0.010992 -0.019701 -0.216312
v -0.005761 -0.020013 -0.218815
v -0.005760 -0.020013 -0.218812
v -0.002910 -0.019775 -0.214275
v -0.008054 -0.019552 -0.211463
v -0.009605 -0.017929 -0.203900
v -0.012946 -0.018357 -0.208535
v -0.004902 -0.018848 -0.206796
v -0.004889 -0.018850 -0.206805
v -0.002908 -0.019775 -0.214272
v -0.000114 -0.019137 -0.209830
v 0.000116 -0.018963 -0.209465
v 0.004682 -0.018850 -0.212822
v 0.000118 -0.018960 -0.209460
v -0.009655 -0.017913 -0.203869
v -0.016053 -0.018194 -0.213465
v -0.019016 -0.015472 -0.208789
v -0.018384 -0.015475 -0.207545
v -0.020219 -0.010842 -0.205878
v -0.021019 -0.011202 -0.205393
v -0.020996 -0.011289 -0.205444
v -0.019107 -0.015360 -0.208685
v -0.020313 -0.010577 -0.205774
v -0.020466 -0.010325 -0.205801
v -0.021092 -0.011027 -0.205339
v -0.021256 -0.010758 -0.205363
v -0.021446 -0.010559 -0.205512
v -0.021618 -0.010482 -0.205755
v -0.022480 -0.010056 -0.209974
v -0.020648 -0.010138 -0.205950
v -0.023336 -0.010482 -0.209690
v -0.022296 -0.011202 -0.207928
v -0.020818 -0.010059 -0.206187
v -0.023190 -0.011202 -0.210456
v -0.020088 -0.015105 -0.210346
v -0.021273 -0.014517 -0.212682
v -0.020330 -0.015522 -0.213350
v -0.022410 -0.010542 -0.210557
v -0.020334 -0.015588 -0.215244
v -0.022641 -0.010848 -0.212783
v -0.022732 -0.010644 -0.212709
v -0.023539 -0.011290 -0.212700
v -0.021920 -0.013907 -0.214305
v -0.023628 -0.011203 -0.213603
v -0.022230 -0.013435 -0.215294
v -0.022870 -0.011203 -0.218127
v -0.019033 -0.015800 -0.219866
v -0.022722 -0.011439 -0.218244
v -0.022247 -0.010385 -0.217606
v -0.023139 -0.010755 -0.217901
v -0.023392 -0.010483 -0.217454
v -0.023278 -0.010559 -0.217723
v -0.023955 -0.010482 -0.213177
v -0.023632 -0.011093 -0.212628
v -0.023920 -0.010534 -0.212938
v -0.023843 -0.010676 -0.212750
v -0.023741 -0.010873 -0.212643
v -0.022925 -0.010251 -0.212819
v -0.022832 -0.010436 -0.212721
v -0.022995 -0.010118 -0.212992
v -0.023580 -0.011202 -0.212656
v -0.022486 -0.010317 -0.210424
v -0.023345 -0.010754 -0.210171
v -0.022512 -0.010187 -0.210293
v -0.023379 -0.010611 -0.210045
v -0.023377 -0.010515 -0.209876
v -0.022510 -0.010097 -0.210134
v -0.010161 -0.018359 -0.225813
v -0.006244 -0.012712 -0.232371
v -0.013140 -0.016453 -0.226582
v -0.011364 -0.016560 -0.227725
v -0.014844 -0.014531 -0.226816
v -0.013601 -0.015976 -0.226698
v -0.017209 -0.011291 -0.226364
v -0.017261 -0.011203 -0.226350
v -0.017323 -0.011036 -0.226358
v -0.016662 -0.010764 -0.225658
v -0.016673 -0.010498 -0.225748
v -0.017333 -0.010760 -0.226453
v -0.017223 -0.010556 -0.226630
v -0.016566 -0.010302 -0.225917
v -0.013597 -0.016433 -0.226229
v 0.004628 -0.003510 -0.234455
v 0.006387 -0.004140 -0.233873
v 0.006745 -0.003504 -0.233827
v 0.006302 -0.000491 -0.234207
v 0.006737 -0.004284 -0.234827
v 0.007407 -0.003130 -0.234715
v 0.008826 -0.000504 -0.234180
v 0.004448 -0.007982 -0.234693
v 0.008866 -0.008844 -0.232516
v 0.008897 -0.008843 -0.232496
v 0.004858 -0.008844 -0.234336
v 0.004630 -0.008792 -0.234410
v 0.004359 -0.008436 -0.234582
v 0.004359 -0.008203 -0.234650
v 0.004453 -0.008645 -0.234497
v 0.004238 -0.007723 -0.233734
v 0.009317 -0.008558 -0.232315
v 0.009034 -0.008809 -0.232414
v 0.009192 -0.008708 -0.232344
v 0.008636 -0.008386 -0.231579
v 0.008754 -0.008243 -0.231553
v 0.011549 -0.004539 -0.231657
v 0.010857 -0.004386 -0.230958
v 0.012215 -0.003129 -0.231230
v 0.011274 -0.003500 -0.230708
v 0.012518 -0.000492 -0.229579
v 0.013297 -0.000503 -0.230206
v 0.013348 -0.000201 -0.230145
v 0.008917 -0.010492 -0.230251
v 0.009306 -0.011202 -0.230914
v 0.009629 -0.010754 -0.230932
v 0.006480 -0.014515 -0.230142
v 0.009038 -0.010317 -0.230257
v 0.009157 -0.010187 -0.230234
v 0.009757 -0.010611 -0.230909
v 0.009907 -0.010515 -0.230834
v 0.010058 -0.010482 -0.230717
v 0.012881 -0.010482 -0.227442
v 0.011218 -0.011202 -0.228992
v 0.009440 -0.010065 -0.230053
v 0.012147 -0.010059 -0.226906
v 0.009299 -0.010097 -0.230163
v 0.013025 -0.010559 -0.227180
v 0.012286 -0.010139 -0.226652
v 0.012341 -0.010324 -0.226423
v 0.012300 -0.010575 -0.226273
v 0.013078 -0.010757 -0.226945
v 0.013029 -0.011025 -0.226786
v 0.012949 -0.011202 -0.226743
v 0.012167 -0.010842 -0.226230
v 0.012892 -0.011289 -0.226744
v 0.010204 -0.015472 -0.224835
v -0.007706 0.008438 -0.233013
v -0.008267 0.007858 -0.232908
v -0.007980 0.008360 -0.232920
v -0.008186 0.008146 -0.232882
v -0.007820 0.010150 -0.232539
v -0.005764 0.019609 -0.218819
v -0.023668 0.005397 -0.217394
v -0.023968 0.004511 -0.216945
v -0.023538 0.007317 -0.216252
v -0.024362 0.003104 -0.216219
v -0.024598 0.003733 -0.214379
v -0.023465 0.007522 -0.216314
v -0.023406 0.007745 -0.216287
v -0.024423 0.007798 -0.216549
v -0.024501 0.007577 -0.216486
v -0.024362 0.008032 -0.216517
v -0.024356 0.008439 -0.215961
v -0.024327 0.008241 -0.216395
v -0.023371 0.007944 -0.216175
v -0.024325 0.008388 -0.216196
v -0.023370 0.008082 -0.215992
v -0.023407 0.008132 -0.215772
v -0.023514 0.008111 -0.211698
v -0.024449 0.008439 -0.211556
v -0.024712 0.003098 -0.214036
v -0.024924 0.000088 -0.212378
v -0.024866 0.000085 -0.214601
v -0.024861 -0.000203 -0.214527
v -0.025885 -0.000203 -0.214643
v -0.024928 -0.000490 -0.212383
v -0.024921 -0.000203 -0.212311
v -0.025932 -0.000504 -0.212313
v -0.025800 -0.003130 -0.213823
v -0.023595 0.008358 -0.208355
v -0.023739 0.008150 -0.208534
v -0.023857 0.007869 -0.208590
v -0.023922 0.007578 -0.208507
v -0.023459 0.008440 -0.208089
v -0.022676 0.010352 -0.212741
v -0.020648 0.008117 -0.204633
v -0.018748 0.012298 -0.205264
v -0.020497 0.010799 -0.204479
v -0.019394 0.012676 -0.204887
v -0.002907 0.019372 -0.214277
v -0.004902 0.018447 -0.206802
v -0.004891 0.018449 -0.206809
v -0.000116 0.018736 -0.209834
v -0.004651 0.018271 -0.206460
v -0.004460 0.017916 -0.206222
v -0.009135 0.017001 -0.203292
v -0.013088 0.014350 -0.200671
v 0.000280 0.018200 -0.209204
vn 0.3839 0.8000 0.4611
vn 0.4776 0.7975 0.3687
vn 0.2725 0.9616 -0.0338
vn 0.5708 0.4471 0.6887
vn 0.4733 0.4562 0.7536
vn 0.5135 0.4454 0.7334
vn 0.3101 0.8119 0.4946
vn 0.3080 0.8157 0.4897
vn 0.1717 0.9811 0.0889
vn 0.1719 0.9811 0.0889
vn 0.1361 0.9906 0.0129
vn 0.0478 0.9960 0.0756
vn -0.0061 0.9999 -0.0098
vn 0.2971 0.9461 -0.1290
vn 0.0807 0.9906 -0.1104
vn 0.2740 0.9611 -0.0356
vn 0.5431 0.7679 -0.3397
vn 0.5313 0.7543 -0.3856
vn 0.2547 0.9177 -0.3050
vn 0.5094 0.7528 -0.4169
vn 0.5202 0.8073 -0.2787
vn 0.5253 0.8023 -0.2834
vn 0.7084 0.6845 0.1722
vn 0.7097 0.3881 0.5880
vn 0.9158 0.4014 0.0146
vn 0.9049 0.4256 0.0022
vn 0.8335 0.2283 0.5031
vn 0.5322 0.0001 0.8466
vn 0.5321 0.0000 0.8467
vn 0.8360 0.2316 0.4974
vn 0.8693 0.1322 0.4763
vn 0.9732 0.2288 -0.0222
vn 0.9934 0.1093 -0.0341
vn 0.5352 0.0011 0.8447
vn 0.8808 0.0631 0.4693
vn 0.5320 0.0001 0.8467
vn 0.5322 -0.0001 0.8466
vn 0.5322 0.0001 0.8466
vn 0.5321 0.0001 0.8467
vn 0.5322 0.0001 0.8466
vn 0.5322 0.0001 0.8466
vn 0.5322 0.0001 0.8466
vn 0.5322 0.0001 0.8466
vn 0.5322 0.0001 0.8466
vn 0.4384 -0.4452 0.7808
vn 0.5322 0.0001 0.8466
vn 0.5317 0.0001 0.8469
vn 0.5323 0.0003 0.8466
vn 0.4787 -0.4539 0.7516
vn 0.3732 -0.4469 0.8130
vn 0.2492 -0.7998 0.5461
vn 0.4738 -0.4565 0.7531
vn 0.1251 -0.7973 0.5904
vn 0.2223 -0.3880 0.8945
vn 0.5322 0.0001 0.8466
vn 0.5321 0.0000 0.8467
vn 0.5324 0.0002 0.8465
vn 0.0932 -0.2312 0.9684
vn 0.0523 -0.1302 0.9901
vn 0.0871 -0.2338 0.9684
vn -0.4423 -0.2257 0.8680
vn -0.3733 -0.4045 0.8349
vn -0.1516 -0.6846 0.7130
vn -0.3746 -0.4048 0.8341
vn -0.4762 -0.8075 0.3480
vn -0.4828 -0.8025 0.3506
vn -0.8182 -0.2606 0.5125
vn -0.7482 -0.4680 0.4702
vn -0.7574 -0.4623 0.4611
vn -0.8401 -0.1264 0.5276
vn -0.8520 -0.1284 0.5076
vn -0.7612 -0.4617 0.4554
vn -0.5414 -0.7679 0.3423
vn -0.6954 -0.5877 0.4135
vn -0.6189 0.3402 -0.7080
vn -0.5865 0.3138 -0.7467
vn -0.6199 0.3448 -0.7049
vn -0.4656 -0.0822 -0.8812
vn -0.4657 -0.0822 -0.8811
vn -0.4666 -0.0814 -0.8807
vn -0.5705 -0.7552 0.3229
vn -0.7659 -0.4613 0.4479
vn -0.4799 -0.0713 -0.8744
vn -0.4810 -0.0678 -0.8741
vn -0.8185 -0.3224 0.4755
vn -0.4703 -0.0814 -0.8787
vn 0.3118 -0.9445 -0.1037
vn 0.3048 -0.9447 -0.1210
vn 0.2785 -0.9466 -0.1624
vn -0.7919 -0.4036 0.4583
vn -0.8199 -0.3221 0.4733
vn -0.8746 -0.3273 0.3577
vn 0.0000 -1.0000 -0.0000
vn -0.4870 -0.0902 -0.8688
vn -0.4868 -0.0908 -0.8688
vn 0.3540 -0.9349 -0.0252
vn 0.3043 -0.9456 -0.1150
vn 0.2614 -0.9470 -0.1865
vn 0.2642 -0.9439 -0.1981
vn 0.3070 -0.9444 -0.1178
vn -0.4109 -0.0995 -0.9062
vn -0.4071 -0.1022 -0.9076
vn -0.4010 -0.1064 -0.9099
vn 0.2789 -0.9466 -0.1618
vn 0.1629 -0.9197 -0.3573
vn 0.2340 -0.9420 -0.2407
vn 0.2955 -0.9465 -0.1300
vn -0.7009 -0.1637 -0.6942
vn -0.6807 -0.1203 -0.7226
vn -0.6637 -0.0903 -0.7425
vn -0.4494 -0.0618 -0.8912
vn -0.4473 -0.0638 -0.8921
vn -0.4474 -0.0637 -0.8921
vn 0.2753 -0.9466 -0.1680
vn 0.2796 -0.9466 -0.1605
vn 0.2734 -0.9465 -0.1712
vn 0.0000 -1.0000 -0.0000
vn -0.4663 -0.0463 -0.8834
vn -0.4675 -0.0463 -0.8828
vn 0.3306 -0.9393 -0.0916
vn 0.2344 -0.9436 -0.2339
vn 0.2217 -0.9408 -0.2564
vn 0.2486 -0.9450 -0.2126
vn 0.2633 -0.9463 -0.1876
vn -0.5136 -0.0208 -0.8578
vn -0.5136 -0.0201 -0.8578
vn -0.5137 -0.0184 -0.8578
vn 0.2744 -0.9467 -0.1686
vn 0.2794 -0.9466 -0.1606
vn 0.2846 -0.9465 -0.1521
vn -0.4971 -0.0770 -0.8643
vn -0.4973 -0.0764 -0.8642
vn -0.4975 -0.0758 -0.8642
vn 0.2982 -0.9459 -0.1281
vn 0.2966 -0.9460 -0.1310
vn 0.2965 -0.9460 -0.1310
vn -0.4673 -0.1061 -0.8777
vn -0.4673 -0.1061 -0.8777
vn -0.4672 -0.1065 -0.8777
vn 0.2427 -0.9441 -0.2232
vn 0.2601 -0.9458 -0.1946
vn 0.2760 -0.9464 -0.1678
vn -0.5174 -0.0479 -0.8544
vn -0.5174 -0.0460 -0.8545
vn -0.5175 -0.0442 -0.8545
vn 0.2524 -0.9455 -0.2057
vn 0.2705 -0.9466 -0.1755
vn 0.2879 -0.9466 -0.1452
vn -0.5136 -0.0695 -0.8552
vn -0.5133 -0.0680 -0.8555
vn -0.5131 -0.0666 -0.8558
vn 0.3095 -0.9448 -0.1079
vn 0.2688 -0.9466 -0.1782
vn 0.2245 -0.9418 -0.2502
vn -0.4189 -0.0232 -0.9078
vn -0.4135 -0.0258 -0.9101
vn -0.4074 -0.0289 -0.9128
vn 0.2513 -0.9451 -0.2089
vn 0.2702 -0.9462 -0.1780
vn 0.2880 -0.9462 -0.1477
vn -0.5147 -0.0672 -0.8548
vn -0.5147 -0.0655 -0.8549
vn -0.5147 -0.0639 -0.8550
vn 0.2808 -0.9447 -0.1692
vn 0.3090 -0.9437 -0.1185
vn 0.3338 -0.9399 -0.0717
vn -0.5707 -0.1543 -0.8065
vn -0.5659 -0.1402 -0.8124
vn -0.5616 -0.1289 -0.8173
vn 0.3105 -0.9451 -0.1020
vn 0.2991 -0.9466 -0.1208
vn 0.2864 -0.9476 -0.1415
vn -0.4759 -0.1048 -0.8732
vn -0.4760 -0.1044 -0.8732
vn -0.4760 -0.1050 -0.8732
vn 0.2367 -0.9422 -0.2371
vn 0.2205 -0.9387 -0.2650
vn 0.2036 -0.9341 -0.2933
vn -0.4638 0.0545 -0.8843
vn -0.4649 0.0556 -0.8836
vn -0.4654 0.0550 -0.8834
vn 0.2000 -0.9368 -0.2870
vn 0.2463 -0.9461 -0.2103
vn 0.2898 -0.9478 -0.1332
vn -0.4952 -0.0456 -0.8676
vn -0.4949 -0.0457 -0.8678
vn -0.4939 -0.0479 -0.8682
vn -0.7348 -0.0831 -0.6732
vn -0.7000 -0.0685 -0.7109
vn -0.6719 -0.0606 -0.7381
vn 0.0071 -0.8694 -0.4940
vn 0.2082 -0.9469 -0.2448
vn 0.3712 -0.9285 0.0118
vn 0.3536 -0.9354 0.0010
vn 0.3099 -0.9475 -0.0790
vn 0.1504 -0.9157 -0.3728
vn -0.2573 0.0139 -0.9662
vn -0.1739 0.0002 -0.9848
vn -0.1252 -0.0043 -0.9921
vn 0.0000 0.0000 0.0000
vn 0.7934 -0.5989 -0.1092
vn 0.0000 1.0000 0.0000
vn -0.8902 -0.1402 0.4335
vn -0.8966 -0.2876 0.3366
vn -0.8747 -0.3279 0.3568
vn -0.8883 -0.3145 0.3347
vn 0.0678 -0.8067 -0.5871
vn -0.8812 -0.3245 0.3438
vn -0.8940 -0.3011 0.3319
vn -0.1498 -0.4905 -0.8585
vn -0.1504 -0.4895 -0.8589
vn -0.3257 -0.0725 -0.9427
vn -0.8836 -0.4063 0.2329
vn -0.8809 -0.3236 0.3453
vn -0.8880 -0.3136 0.3364
vn -0.8937 -0.2999 0.3337
vn 0.0672 -0.8060 -0.5880
vn -0.3253 -0.0734 -0.9428
vn -0.8966 -0.2865 0.3378
vn -0.4326 0.4073 -0.8043
vn -0.9393 -0.2507 0.2341
vn -0.8897 -0.1410 0.4342
vn -0.4453 0.4664 -0.7643
vn -0.4454 0.4656 -0.7647
vn -0.4343 0.4117 -0.8012
vn -0.4451 0.4694 -0.7626
vn -0.4447 0.4734 -0.7604
vn -0.8871 -0.1189 0.4461
vn -0.9276 -0.1211 0.3534
vn -0.9329 -0.1551 0.3251
vn -0.9028 -0.0103 0.4299
vn -0.8717 -0.0101 0.4899
vn -0.4233 0.5247 -0.7386
vn -0.4206 0.5303 -0.7361
vn -0.8714 -0.0106 0.4904
vn -0.8891 -0.1311 0.4386
vn -0.8705 -0.0000 0.4922
vn -0.4918 -0.0008 -0.8707
vn -0.4917 -0.0004 -0.8707
vn -0.4297 -0.4983 -0.7530
vn -0.8715 0.0106 0.4903
vn -0.4446 -0.4736 -0.7603
vn -0.4284 -0.5045 -0.7496
vn -0.4451 -0.4697 -0.7624
vn -0.8520 0.1284 0.5076
vn -0.8891 0.1312 0.4386
vn -0.7613 0.4617 0.4553
vn -0.8185 0.3225 0.4754
vn -0.7575 0.4623 0.4610
vn -0.8174 0.2644 0.5119
vn -0.8399 0.1267 0.5277
vn -0.8902 0.1402 0.4335
vn -0.4613 0.1096 0.8805
vn -0.4418 0.2291 0.8674
vn -0.8361 0.1154 0.5364
vn -0.8464 0.0001 0.5325
vn -0.4671 0.0004 0.8842
vn 0.0377 0.0003 0.9993
vn -0.4613 -0.1092 0.8805
vn -0.8332 -0.1251 0.5386
vn 0.0412 -0.0629 0.9972
vn 0.0412 0.0633 0.9971
vn 0.5321 0.0001 0.8467
vn 0.5324 0.0001 0.8465
vn 0.5323 0.0001 0.8466
vn 0.5293 0.0010 0.8484
vn 0.5323 -0.0001 0.8466
vn 0.0524 0.1323 0.9898
vn 0.0827 0.2375 0.9679
vn -0.3825 0.4045 0.8307
vn 0.0935 0.2418 0.9658
vn -0.3911 0.4057 0.8261
vn -0.7487 0.4671 0.4704
vn -0.1570 0.6874 0.7091
vn 0.1215 0.8011 0.5861
vn -0.4764 0.8073 0.3483
vn 0.2196 0.3905 0.8940
vn -0.4832 0.8022 0.3507
vn -0.5414 0.7680 0.3422
vn -0.1509 0.9611 0.2315
vn -0.2449 0.9461 0.2118
vn -0.1484 0.9616 0.2308
vn -0.5963 0.7530 0.2782
vn -0.5778 0.7544 0.3116
vn -0.3850 0.9178 0.0973
vn -0.0473 0.9906 0.1283
vn -0.1342 0.9906 0.0250
vn -0.7823 0.4597 0.4203
vn -0.8035 0.4596 0.3783
vn -0.7780 0.4555 0.4327
vn -0.7821 0.4496 0.4314
vn -0.7752 0.4599 0.4331
vn -0.5707 0.7551 0.3228
vn 0.4537 -0.0718 0.8883
vn 0.5508 0.1627 0.8186
vn 0.6085 0.3654 0.7044
vn -0.7812 0.4473 0.4356
vn 0.5631 0.1959 0.8028
vn -0.7907 0.4067 0.4576
vn -0.7870 0.4357 0.4368
vn 0.4554 -0.0687 0.8876
vn 0.2194 -0.4663 0.8570
vn 0.2064 -0.4835 0.8507
vn -0.0617 -0.7729 0.6316
vn -0.0719 -0.7808 0.6207
vn -0.8010 0.4154 0.4311
vn -0.7960 0.4202 0.4358
vn -0.7883 0.4327 0.4374
vn -0.7799 0.4503 0.4348
vn -0.3659 -0.9097 0.1966
vn -0.3885 -0.9080 0.1568
vn -0.4017 -0.9086 0.1146
vn -0.8122 0.4619 0.3564
vn -0.8676 0.4177 0.2696
vn -0.3657 -0.9096 0.1971
vn -0.7987 0.4202 0.4306
vn -0.8657 0.4220 0.2692
vn -0.8824 0.4091 0.2325
vn -0.2178 -0.8727 0.4369
vn -0.7968 0.4210 0.4335
vn -0.9040 0.3591 -0.2320
vn -0.9119 0.4095 0.0265
vn -0.9335 0.3255 0.1507
vn -0.8643 0.4462 0.2323
vn -0.8926 0.4457 0.0681
vn -0.8951 0.4403 0.0700
vn -0.8668 0.4370 0.2403
vn -0.8751 0.3259 0.3578
vn -0.8814 0.3224 0.3453
vn -0.9394 0.2506 0.2340
vn -0.8964 0.2865 0.3382
vn -0.8937 0.2997 0.3338
vn -0.8992 0.4323 0.0671
vn -0.9045 0.4226 0.0578
vn -0.9093 0.4140 0.0431
vn -0.8883 0.3127 0.3364
vn -0.9109 0.4111 0.0349
vn -0.8682 0.4296 0.2482
vn -0.9328 0.3210 0.1639
vn -0.9335 0.3141 0.1731
vn -0.8679 0.4240 0.2588
vn 0.3257 0.4329 0.8406
vn 0.3078 0.4252 0.8512
vn 0.3093 0.4322 0.8471
vn -0.8897 0.1409 0.4342
vn -0.9329 0.1549 0.3251
vn 0.3571 0.4613 0.8122
vn 0.3573 0.4521 0.8173
vn -0.9851 0.1050 0.1361
vn -0.9337 0.1540 0.3232
vn -0.9319 0.3153 0.1794
vn -0.9316 0.3269 0.1589
vn -0.9331 0.3284 0.1465
vn -0.9312 0.3220 0.1708
vn 0.3563 0.7034 0.6150
vn -0.9856 0.1405 -0.0944
vn -0.9937 0.1023 -0.0459
vn -0.9974 0.0108 0.0713
vn -0.9970 -0.0001 0.0776
vn -0.9031 0.0107 0.4292
vn -0.9247 0.1036 0.3664
vn -0.9851 -0.1051 0.1362
vn 0.3698 0.4738 0.7992
vn 0.3706 0.5244 0.7666
vn 0.3665 0.4613 0.8080
vn 0.3704 0.5252 0.7662
vn -0.9276 0.1212 0.3535
vn -0.8870 0.1189 0.4461
vn -0.9028 0.0106 0.4299
vn -0.8717 0.0105 0.4899
vn 0.4320 0.0006 0.9019
vn -0.9016 0.0002 0.4326
vn 0.3769 -0.4988 0.7805
vn 0.4317 0.0005 0.9020
vn 0.3770 -0.4984 0.7807
vn -0.9031 -0.0107 0.4292
vn -0.9020 0.0000 0.4317
vn 0.3698 -0.4736 0.7993
vn -0.9247 -0.1037 0.3664
vn 0.3666 -0.4611 0.8081
vn 0.3571 -0.4611 0.8123
vn -0.9337 -0.1541 0.3232
vn 0.3573 -0.4519 0.8174
vn -0.9318 -0.3154 0.1795
vn 0.3257 -0.4326 0.8407
vn 0.3028 -0.4035 0.8634
vn 0.3019 -0.3997 0.8655
vn 0.3565 -0.7031 0.6153
vn -0.9315 -0.3271 0.1590
vn -0.9311 -0.3221 0.1710
vn -0.9332 -0.3281 0.1465
vn 0.3246 -0.9446 -0.0482
vn 0.3621 -0.8729 0.3271
vn 0.3275 -0.9444 -0.0276
vn 0.3242 -0.9446 -0.0517
vn -0.9856 -0.1406 -0.0944
vn -0.9335 -0.3279 0.1448
vn 0.3618 -0.8765 0.3174
vn -0.9048 -0.3569 -0.2322
vn -0.9330 -0.3269 0.1507
vn -0.9347 -0.3284 0.1357
vn -0.9324 -0.3221 0.1640
vn 0.3554 -0.6953 0.6247
vn -0.9331 -0.3151 0.1733
vn -0.9144 -0.4040 0.0264
vn -0.9470 -0.1561 -0.2809
vn -0.9339 -0.1831 -0.3072
vn -0.9372 -0.2696 -0.2214
vn -0.9366 -0.3020 -0.1779
vn -0.9349 -0.2972 -0.1941
vn -0.8966 -0.3597 -0.2582
vn -0.9023 -0.3650 -0.2294
vn -0.8920 -0.3590 -0.2746
vn -0.8561 -0.3211 -0.4049
vn -0.8384 -0.3474 -0.4199
vn -0.9344 -0.2891 -0.2081
vn -0.9351 -0.2795 -0.2179
vn 0.3534 -0.8583 -0.3721
vn 0.3513 -0.5963 -0.7218
vn 0.3536 -0.8562 -0.3767
vn 0.3528 -0.6084 -0.7109
vn 0.2921 -0.2286 -0.9287
vn 0.2955 -0.2432 -0.9239
vn -0.9327 -0.2899 -0.2146
vn -0.9336 -0.2977 -0.1996
vn -0.9356 -0.3021 -0.1825
vn -0.9333 -0.2801 -0.2246
vn -0.9383 -0.2622 -0.2256
vn -0.9354 -0.2701 -0.2282
vn 0.2019 0.1227 -0.9717
vn 0.0162 0.4761 -0.8793
vn 0.0751 0.4823 -0.8728
vn 0.0672 0.5017 -0.8624
vn 0.0131 0.4916 -0.8707
vn -0.9401 -0.2616 -0.2185
vn -0.9851 -0.1407 -0.0990
vn 0.0023 0.4765 -0.8792
vn -0.9902 -0.1187 -0.0740
vn -0.9654 -0.1118 -0.2358
vn -0.9926 -0.0102 -0.1211
vn -0.1606 -0.4873 0.8583
vn -0.0983 -0.4867 0.8680
vn -0.0964 -0.5019 0.8595
vn -0.1624 -0.5012 0.8500
vn -0.1821 -0.4917 0.8515
vn -0.8345 -0.1003 -0.5419
vn -0.9599 -0.1213 -0.2528
vn -0.9929 -0.0105 -0.1183
vn -0.9305 -0.1825 -0.3175
vn -0.1885 -0.5004 0.8450
vn -0.2172 -0.4918 0.8432
vn -0.1907 -0.4945 0.8480
vn -0.8339 -0.3563 -0.4215
vn -0.2280 -0.5012 0.8347
vn -0.8175 -0.3453 -0.4609
vn -0.8332 -0.3575 -0.4218
vn -0.2266 -0.5017 0.8348
vn -0.2329 -0.4903 0.8398
vn -0.3353 -0.4874 0.8062
vn -0.7036 -0.5844 -0.4043
vn -0.3790 -0.4698 0.7973
vn -0.7277 -0.4290 -0.5352
vn -0.6415 -0.6721 -0.3698
vn -0.7962 -0.3224 -0.5120
vn -0.8375 -0.3458 -0.4230
vn -0.5964 -0.7831 -0.1764
vn -0.6631 -0.6857 -0.3002
vn -0.3261 -0.9232 -0.2033
vn -0.6066 -0.5259 -0.5962
vn 0.5408 0.4802 -0.6906
vn 0.4740 0.5054 -0.7211
vn 0.4838 0.4908 -0.7246
vn -0.6810 -0.3629 -0.6361
vn 0.5754 0.4606 -0.6758
vn 0.5762 0.4606 -0.6751
vn -0.5379 -0.6441 -0.5439
vn -0.6601 -0.2708 -0.7007
vn -0.6963 -0.2885 -0.6572
vn -0.7268 -0.2635 -0.6343
vn -0.6040 -0.2657 -0.7514
vn -0.6521 -0.2726 -0.7075
vn 0.4462 0.5148 -0.7321
vn 0.4429 0.5205 -0.7300
vn 0.4524 0.5092 -0.7322
vn -0.7527 -0.2222 -0.6197
vn -0.7124 -0.2937 -0.6373
vn -0.7189 -0.2961 -0.6289
vn -0.8094 -0.3402 -0.4787
vn -0.7109 -0.0864 -0.6980
vn -0.7063 -0.0939 -0.7017
vn -0.6542 -0.1777 -0.7352
vn -0.6645 -0.2023 -0.7194
vn 0.4540 0.5064 -0.7331
vn 0.1671 -0.9750 0.1466
vn 0.1715 -0.9750 0.1412
vn 0.1221 -0.9791 0.1626
vn 0.1268 -0.9792 0.1583
vn 0.5002 -0.8365 -0.2237
vn -0.6520 -0.1847 -0.7354
vn -0.6579 -0.1991 -0.7263
vn 0.5818 0.5028 -0.6393
vn 0.7433 0.0357 -0.6680
vn 0.7438 0.0326 -0.6676
vn 0.5823 0.5042 -0.6377
vn -0.6532 -0.1926 -0.7322
vn 0.7208 -0.4544 -0.5234
vn 0.7217 -0.4508 -0.5253
vn -0.5977 -0.2348 -0.7665
vn -0.6523 -0.1847 -0.7351
vn -0.6545 -0.1776 -0.7349
vn -0.6536 -0.1926 -0.7319
vn -0.5784 -0.1928 -0.7927
vn -0.4314 -0.2349 -0.8710
vn -0.5169 -0.2357 -0.8230
vn -0.5973 -0.2400 -0.7653
vn -0.6496 -0.2481 -0.7187
vn -0.6647 -0.2025 -0.7192
vn -0.6582 -0.1992 -0.7260
vn -0.5855 -0.1912 -0.7878
vn -0.6029 -0.1676 -0.7800
vn -0.5910 -0.1861 -0.7849
vn -0.3022 -0.8502 0.4310
vn 0.1135 -0.9813 0.1555
vn -0.3045 -0.8488 0.4322
vn -0.6441 -0.4769 0.5980
vn 0.1122 -0.9813 0.1565
vn 0.1015 -0.9816 0.1615
vn -0.5310 -0.0611 -0.8452
vn -0.5222 -0.1908 -0.8312
vn -0.5785 -0.1925 -0.7926
vn -0.5910 -0.1860 -0.7849
vn -0.5857 -0.1910 -0.7877
vn -0.6467 -0.4722 0.5989
vn -0.6310 -0.4980 0.5948
vn -0.6221 -0.5048 0.5986
vn -0.6487 -0.0959 -0.7550
vn -0.6232 -0.5026 0.5992
vn -0.6207 -0.5030 0.6014
vn -0.6187 -0.5051 0.6017
vn -0.6682 -0.0645 -0.7412
vn -0.6143 -0.4997 0.6107
vn -0.6130 -0.5028 0.6095
vn -0.7021 -0.0070 -0.7120
vn -0.7102 0.0002 0.7040
vn -0.7021 0.0068 -0.7120
vn -0.7040 -0.0001 -0.7102
vn -0.7104 0.0001 0.7038
vn -0.7547 0.0072 -0.6561
vn -0.7030 -0.0001 -0.7112
vn -0.7013 -0.0070 -0.7129
vn -0.6034 0.5253 0.5999
vn -0.6019 0.5287 0.5985
vn -0.7013 0.0067 -0.7129
vn -0.7545 -0.0072 -0.6563
vn 0.5721 -0.5047 -0.6465
vn 0.5635 -0.4983 -0.6589
vn 0.5619 -0.5026 -0.6571
vn -0.7140 0.0784 -0.6957
vn 0.6510 0.0000 -0.7591
vn 0.6509 0.0000 -0.7591
vn -0.7563 -0.0001 -0.6543
vn -0.7140 -0.0786 -0.6957
vn 0.5574 0.5135 -0.6523
vn 0.5526 0.5297 -0.6434
vn 0.5716 0.5048 -0.6469
vn -0.7572 -0.0074 -0.6531
vn -0.7591 -0.0001 -0.6510
vn 0.5716 0.5073 -0.6449
vn -0.6620 -0.0749 -0.7457
vn -0.7053 -0.0939 -0.7027
vn 0.5736 0.5050 -0.6450
vn -0.6491 -0.0959 -0.7546
vn 0.5724 0.5075 -0.6441
vn 0.5716 -0.5075 -0.6448
vn -0.8344 0.1001 -0.5419
vn -0.7573 0.0072 -0.6531
vn -0.7110 0.0862 -0.6979
vn -0.9599 0.1212 -0.2528
vn -0.9306 0.1823 -0.3175
vn -0.9929 0.0104 -0.1184
vn -0.7528 0.2220 -0.6197
vn -0.7189 0.2959 -0.6290
vn -0.8095 0.3400 -0.4787
vn -0.8176 0.3452 -0.4608
vn -0.8339 0.3562 -0.4216
vn -0.2172 0.4919 0.8431
vn -0.2246 0.5023 0.8350
vn -0.2213 0.5028 0.8356
vn -0.1886 0.5006 0.8449
vn -0.8333 0.3574 -0.4218
vn -0.2330 0.4904 0.8398
vn -0.3356 0.4875 0.8061
vn -0.7035 0.5844 -0.4044
vn -0.7277 0.4289 -0.5352
vn -0.6416 0.6719 -0.3700
vn -0.3792 0.4699 0.7971
vn -0.8376 0.3454 -0.4233
vn -0.7962 0.3221 -0.5121
vn -0.8371 0.3515 -0.4191
vn -0.6630 0.6857 -0.3004
vn -0.5963 0.7832 -0.1764
vn -0.3259 0.9233 -0.2033
vn -0.6066 0.5259 -0.5962
vn -0.8126 0.5781 -0.0736
vn -0.6765 0.7360 -0.0263
vn -0.6666 0.6890 -0.2846
vn -0.6614 0.7458 0.0794
vn -0.8847 0.3705 -0.2828
vn -0.8456 0.3506 -0.4025
vn 0.0972 -0.4871 -0.8679
vn 0.2749 -0.4649 -0.8416
vn 0.0865 -0.4861 -0.8696
vn -0.8645 0.3997 -0.3048
vn 0.0915 -0.4881 -0.8680
vn -0.8714 0.3872 -0.3014
vn -0.8826 0.3675 -0.2933
vn -0.8936 0.3602 -0.2679
vn -0.8960 0.4438 0.0116
vn 0.0836 -0.4911 -0.8671
vn -0.8863 0.3622 -0.2885
vn -0.0639 -0.7127 -0.6986
vn -0.0600 -0.7076 -0.7040
vn -0.2079 -0.8671 -0.4528
vn -0.2017 -0.8617 -0.4656
vn -0.8920 0.3628 -0.2697
vn -0.8882 0.3656 -0.2783
vn -0.3544 -0.9324 -0.0715
vn -0.8903 0.3595 -0.2794
vn -0.3506 -0.9327 -0.0849
vn -0.8950 0.3639 -0.2579
vn -0.3502 -0.9305 -0.1076
vn -0.9006 0.3694 -0.2289
vn -0.4055 -0.9141 0.0078
vn -0.4051 -0.9141 0.0162
vn -0.3817 -0.8845 0.2682
vn -0.3365 -0.8095 0.4811
vn -0.3373 -0.8114 0.4773
vn -0.9134 0.4056 0.0354
vn -0.8918 0.4452 0.0802
vn -0.9051 0.4196 0.0683
vn -0.9104 0.4102 0.0535
vn -0.2055 -0.5729 0.7935
vn -0.2021 -0.5667 0.7988
vn -0.0327 -0.2419 0.9697
vn -0.0285 -0.2337 0.9719
vn -0.8988 0.4314 0.0777
vn 0.1367 0.0959 0.9860
vn 0.1353 0.0933 0.9864
vn 0.2882 0.4235 0.8588
vn 0.2134 0.2584 0.9422
vn -0.8890 0.4510 0.0792
vn -0.8867 0.4559 0.0771
vn 0.2770 0.4005 0.8734
vn 0.1557 0.4103 0.8986
vn -0.7818 0.6235 -0.0002
vn 0.0592 0.4006 0.9143
vn -0.8913 0.4450 0.0872
vn -0.9042 0.4238 -0.0535
vn -0.2733 -0.3730 -0.8867
vn -0.2153 -0.3654 -0.9056
vn -0.4148 -0.3730 -0.8299
vn -0.6491 0.7265 0.2254
vn -0.7258 0.6794 0.1075
vn -0.8585 0.4604 0.2257
vn -0.4140 -0.3797 -0.8273
vn -0.4212 -0.3832 -0.8220
vn -0.8681 0.4335 0.2419
vn -0.4847 -0.6480 -0.5875
vn -0.4847 -0.6480 -0.5875
vn -0.8700 0.4256 0.2489
vn -0.8701 0.4196 0.2586
vn -0.4191 -0.3790 -0.8251
vn -0.4817 -0.8349 -0.2662
vn -0.4819 -0.8350 -0.2657
vn -0.6036 0.7453 0.2833
vn 0.5275 0.3094 0.7912
vn 0.6096 0.3704 0.7008
vn 0.5240 0.3075 0.7943
vn -0.7732 0.4657 0.4303
vn -0.7752 0.4611 0.4318
vn 0.4839 -0.4908 -0.7245
vn 0.4741 -0.5055 -0.7209
vn 0.5409 -0.4803 -0.6904
vn -0.6810 0.3627 -0.6361
vn 0.5752 -0.4610 -0.6758
vn -0.5378 0.6442 -0.5439
vn 0.5746 -0.4623 -0.6754
vn -0.6967 0.2870 -0.6575
vn -0.6521 0.2723 -0.7076
vn -0.6041 0.2653 -0.7515
vn -0.6067 0.2653 -0.7494
vn -0.1312 0.9697 -0.2060
vn -0.4734 0.6485 -0.5961
vn -0.5333 0.6505 -0.5407
vn -0.4916 0.6491 -0.5805
vn -0.1315 0.9699 -0.2051
vn -0.0419 0.9231 -0.3822
vn -0.2547 0.8778 -0.4058
vn -0.3983 0.6578 -0.6392
vn -0.3313 0.6487 -0.6851
vn -0.3934 0.6587 -0.6413
vn -0.5066 0.5942 -0.6248
vn -0.5778 0.4562 -0.6768
vn -0.5879 0.4795 0.6515
vn -0.5030 0.5299 0.6828
vn -0.5111 0.5185 0.6855
vn -0.6136 0.4608 0.6412
vn -0.6581 0.2799 -0.6990
vn -0.5699 0.2623 -0.7787
vn -0.6230 0.4581 0.6340
vn -0.5129 0.2599 -0.8182
vn -0.5169 0.2363 -0.8228
vn -0.6492 0.2491 -0.7187
vn -0.6607 0.2715 -0.6998
vn -0.6593 0.2773 -0.6989
vn -0.1257 -0.9717 -0.2001
vn -0.1257 -0.9717 -0.2001
vn -0.1459 -0.9706 -0.1917
vn -0.1095 -0.9705 -0.2146
vn -0.1142 -0.9682 -0.2224
vn -0.3657 0.2492 -0.8967
vn -0.4546 0.2624 -0.8512
vn -0.1666 -0.9685 -0.1851
vn -0.5127 0.2598 -0.8183
vn -0.3588 0.4571 -0.8138
vn -0.3439 0.2801 -0.8962
vn -0.3437 0.2715 -0.8990
vn -0.3433 0.2774 -0.8973
vn 0.9387 0.0701 -0.3376
vn 0.9030 0.3597 -0.2349
vn 0.9389 0.0756 -0.3359
vn 0.8333 0.5301 -0.1565
vn 0.8393 0.5187 -0.1626
vn -0.3438 0.2697 -0.8995
vn -0.3448 0.2739 -0.8978
vn -0.2562 0.2650 -0.9296
vn 0.7890 -0.4370 -0.4318
vn 0.7901 -0.4351 -0.4317
vn -0.3477 0.2625 -0.9001
vn -0.2902 0.2871 -0.9129
vn -0.3653 0.2512 -0.8963
vn -0.3606 0.2525 -0.8979
vn -0.4313 0.2362 -0.8708
vn -0.8540 -0.5133 0.0852
vn -0.8560 -0.5090 0.0901
vn -0.8507 -0.5190 0.0832
vn -0.8631 -0.4902 0.1218
vn -0.8575 -0.5063 0.0911
vn -0.2356 0.2212 -0.9463
vn -0.3597 0.2015 -0.9111
vn -0.3560 0.2552 -0.8990
vn 0.3979 -0.8299 -0.3910
vn 0.1526 -0.9344 -0.3219
vn -0.1201 -0.9681 -0.2200
vn -0.3686 0.1983 -0.9082
vn -0.3759 0.1919 -0.9066
vn -0.3794 0.1842 -0.9067
vn -0.3783 0.1773 -0.9086
vn -0.5975 0.2361 -0.7663
vn -0.5165 0.2383 -0.8224
vn -0.5785 0.1917 -0.7928
vn -0.4302 0.2429 -0.8694
vn -0.4412 0.1678 -0.8816
vn -0.4506 0.1853 -0.8733
vn -0.4631 0.1918 -0.8653
vn -0.4555 0.1903 -0.8696
vn 0.0922 0.9813 0.1688
vn 0.1014 0.9817 0.1614
vn 0.1375 0.9809 0.1376
vn 0.0908 0.9813 0.1695
vn 0.5220 0.8485 -0.0871
vn 0.1387 0.9809 0.1367
vn -0.5785 0.1923 -0.7927
vn -0.5223 0.1906 -0.8312
vn -0.5310 0.0608 -0.8452
vn -0.4631 0.1924 -0.8652
vn -0.3987 0.0957 -0.9121
vn -0.3778 0.0643 -0.9237
vn -0.4507 0.1858 -0.8731
vn -0.6487 0.0957 -0.7550
vn -0.5911 0.1858 -0.7849
vn -0.3368 0.0068 -0.9415
vn -0.6682 0.0643 -0.7412
vn 0.8202 0.4723 -0.3228
vn 0.8193 0.4745 -0.3219
vn 0.8097 0.4980 -0.3106
vn 0.8092 0.5048 -0.3007
vn -0.4555 0.1909 -0.8695
vn 0.5196 0.8501 -0.0858
vn -0.6220 0.5049 0.5984
vn -0.6233 0.5024 0.5992
vn -0.6311 0.4981 0.5947
vn -0.6207 0.5033 0.6012
vn -0.6326 0.4970 0.5940
vn -0.6188 0.5051 0.6016
vn -0.6621 0.0747 -0.7457
vn -0.7053 0.0937 -0.7026
vn -0.6491 0.0957 -0.7546
vn 0.5709 -0.5217 -0.6339
vn 0.5751 -0.5146 -0.6359
vn 0.5737 -0.5051 -0.6447
vn -0.6546 0.1773 -0.7349
vn 0.5725 -0.5075 -0.6440
vn -0.6542 0.1775 -0.7352
vn -0.7064 0.0936 -0.7016
vn 0.7438 -0.0326 -0.6676
vn -0.6533 0.1924 -0.7323
vn -0.6520 0.1846 -0.7354
vn -0.6645 0.2022 -0.7194
vn 0.5000 0.8366 -0.2237
vn 0.1372 0.9794 0.1484
vn 0.1342 0.9793 0.1512
vn 0.1670 0.9750 0.1464
vn 0.1714 0.9750 0.1411
vn -0.6579 0.1989 -0.7264
vn 0.5002 0.8364 -0.2241
vn 0.7207 0.4545 -0.5234
vn 0.7216 0.4510 -0.5253
vn -0.6584 0.1982 -0.7261
vn -0.6648 0.2014 -0.7193
vn -0.6537 0.1918 -0.7320
vn -0.6526 0.1841 -0.7350
vn 0.7433 -0.0356 -0.6680
vn 0.4430 -0.5206 -0.7299
vn 0.4539 -0.5066 -0.7330
vn 0.4524 -0.5094 -0.7320
vn -0.7505 0.2212 -0.6228
vn -0.7265 0.2650 -0.6340
vn 0.4462 -0.5149 -0.7320
vn -0.6491 0.2511 -0.7181
vn -0.6556 0.2550 -0.7107
vn -0.6595 0.2738 -0.7000
vn -0.6613 0.2696 -0.7000
vn -0.6601 0.2624 -0.7039
vn -0.1628 -0.9685 -0.1885
vn -0.5239 -0.8309 0.1875
vn -0.7318 -0.4357 0.5240
vn -0.7314 -0.4377 0.5230
vn -0.5249 -0.8299 0.1890
vn -0.6558 0.2530 -0.7113
vn -0.6600 0.2611 -0.7044
vn -0.7102 0.0757 0.6999
vn -0.7116 0.0700 0.6991
vn -0.5968 0.2427 -0.7648
vn -0.7125 0.2936 -0.6373
vn -0.6030 0.1673 -0.7800
vn -0.5911 0.1853 -0.7850
vn -0.6332 0.4959 0.5942
vn -0.5857 0.1902 -0.7879
vn -0.3023 0.8504 0.4307
vn -0.3044 0.8490 0.4319
vn -0.5857 0.1909 -0.7877
vn 0.8106 0.5050 -0.2964
vn 0.8110 0.5033 -0.2983
vn 0.8168 0.4995 -0.2886
vn 0.8151 0.5026 -0.2880
vn 0.8102 0.5026 -0.3015
vn -0.3380 0.0068 -0.9411
vn -0.3847 0.0748 -0.9200
vn -0.3170 0.0784 -0.9452
vn -0.3270 0.0937 -0.9404
vn -0.3982 0.0958 -0.9123
vn -0.8301 -0.5046 0.2371
vn -0.8282 -0.5033 0.2466
vn -0.8276 -0.5044 0.2462
vn -0.8289 -0.5070 0.2363
vn -0.8293 -0.5067 0.2354
vn -0.8312 -0.5040 0.2349
vn -0.3256 0.0937 -0.9409
vn -0.3784 0.1776 -0.9084
vn -0.2317 0.2220 -0.9471
vn -0.3204 0.0862 -0.9434
vn -0.8203 -0.5294 0.2167
vn -0.2597 0.0072 -0.9657
vn -0.1267 0.1000 -0.9869
vn -0.2551 0.2960 -0.9205
vn -0.1267 -0.1003 -0.9869
vn 0.3226 0.0104 -0.9465
vn 0.1167 0.1822 -0.9763
vn 0.1873 0.1211 -0.9748
vn -0.0810 0.3400 -0.9369
vn -0.0187 0.3562 -0.9342
vn 0.9445 0.0001 0.3284
vn 0.8023 0.5276 0.2792
vn 0.8140 0.5072 0.2830
vn 0.3284 -0.0001 -0.9445
vn 0.3226 -0.0105 -0.9465
vn 0.8435 0.4871 0.2263
vn 0.8367 0.5010 0.2211
vn 0.3198 0.0103 -0.9474
vn 0.4856 0.0108 -0.8741
vn 0.4856 -0.0106 -0.8741
vn 0.3248 0.0000 -0.9458
vn 0.2048 0.1117 -0.9724
vn 0.3616 0.1186 -0.9248
vn 0.9445 0.0001 0.3284
vn -0.7937 -0.4763 -0.3784
vn -0.7908 -0.4915 -0.3647
vn -0.7793 -0.4937 -0.3860
vn -0.8000 -0.4757 -0.3657
vn -0.7449 -0.5092 -0.4310
vn 0.3367 0.1406 -0.9311
vn 0.1573 0.1548 -0.9753
vn 0.2091 0.2613 -0.9423
vn -0.8189 -0.4831 -0.3098
vn -0.8235 -0.4760 -0.3088
vn -0.9632 -0.1241 -0.2386
vn -0.9622 -0.1290 -0.2398
vn 0.2055 0.2690 -0.9410
vn 0.1829 0.3592 -0.9152
vn 0.2075 0.2786 -0.9377
vn -0.9641 0.2260 -0.1392
vn 0.2163 0.2880 -0.9329
vn -0.7959 0.6053 0.0089
vn -0.8051 0.5932 0.0030
vn -0.9613 0.2404 -0.1342
vn 0.2024 0.2620 -0.9436
vn 0.1980 0.2703 -0.9422
vn 0.2013 0.2799 -0.9387
vn 0.2400 0.3019 -0.9226
vn 0.2237 0.2974 -0.9282
vn 0.2095 0.2897 -0.9339
vn -0.1857 0.9446 0.2706
vn -0.0560 0.9531 0.2974
vn -0.0454 0.9529 0.3000
vn -0.4970 0.8540 0.1540
vn 0.3411 0.1404 -0.9295
vn -0.4925 0.8562 0.1559
vn 0.5346 0.3281 -0.7788
vn -0.1836 0.9446 0.2719
vn -0.1417 0.9432 0.3004
vn 0.5361 0.3281 -0.7778
vn 0.5454 0.3267 -0.7719
vn 0.5635 0.3154 -0.7635
vn 0.5483 0.1050 -0.8296
vn 0.1330 0.8755 0.4646
vn 0.6957 0.1538 -0.7017
vn 0.3887 0.1023 -0.9157
vn 0.4955 0.0108 -0.8686
vn 0.7300 0.1037 -0.6755
vn 0.5483 -0.1051 -0.8296
vn 0.7779 0.0107 -0.6282
vn 0.5006 0.0000 -0.8657
vn -0.8657 -0.0002 -0.5006
vn -0.7361 -0.5265 -0.4255
vn -0.8657 -0.0001 -0.5006
vn -0.7569 0.4855 -0.4376
vn 0.4906 0.0001 -0.8714
vn 0.5676 0.4669 0.6781
vn 0.5397 0.5004 0.6770
vn 0.5585 0.4790 0.6772
vn 0.5757 0.4658 0.6720
vn 0.5397 0.5005 0.6769
vn 0.7785 0.0106 -0.6276
vn 0.7196 0.1212 -0.6837
vn 0.7863 0.1189 -0.6063
vn 0.8198 0.0105 -0.5726
vn 0.6257 0.0005 0.7800
vn 0.8198 -0.0101 -0.5726
vn 0.7804 0.0002 -0.6253
vn 0.8210 0.0002 -0.5709
vn -0.5717 -0.0001 -0.8204
vn -0.4799 -0.5331 -0.6968
vn -0.4829 -0.5275 -0.6989
vn -0.4924 -0.4734 -0.7304
vn -0.5718 -0.0001 -0.8204
vn -0.4889 0.5078 -0.7093
vn 0.8265 -0.1284 -0.5481
vn 0.8206 0.0001 -0.5715
vn 0.8198 0.0106 -0.5726
vn 0.8198 -0.0106 -0.5725
vn -0.4913 0.5010 -0.7125
vn -0.4924 0.4732 -0.7305
vn -0.4941 0.4698 -0.7315
vn 0.7806 -0.1312 -0.6111
vn 0.7764 -0.1402 -0.6145
vn -0.4962 0.4658 -0.7327
vn -0.4957 0.4669 -0.7323
vn 0.6999 -0.3279 -0.6345
vn 0.6914 -0.2876 -0.6627
vn 0.7833 -0.3225 -0.5315
vn -0.5197 0.4394 -0.7327
vn -0.5217 0.4359 -0.7334
vn 0.5936 -0.4062 -0.6947
vn 0.6193 -0.2475 -0.7451
vn 0.6925 -0.2865 -0.6621
vn 0.7767 -0.1410 -0.6139
vn 0.6870 -0.3002 -0.6618
vn -0.7097 -0.0765 -0.7004
vn 0.6871 -0.3137 -0.6553
vn -0.7097 -0.0754 -0.7004
vn -0.7073 -0.4990 -0.5007
vn 0.6922 -0.3238 -0.6450
vn -0.7072 -0.4996 -0.5003
vn -0.5538 -0.8119 -0.1848
vn -0.5541 -0.8116 -0.1852
vn 0.7010 -0.3274 -0.6336
vn -0.2440 -0.9447 0.2191
vn 0.7570 -0.4035 -0.5140
vn 0.7827 -0.3220 -0.5327
vn -0.2669 -0.9466 0.1809
vn -0.2430 -0.9447 0.2203
vn -0.5915 -0.0815 -0.8022
vn -0.5881 -0.0815 -0.8047
vn -0.5801 -0.0714 -0.8114
vn -0.2964 -0.9459 0.1319
vn -0.2609 -0.9472 0.1862
vn -0.2264 -0.9449 0.2365
vn -0.5347 -0.0716 -0.8420
vn -0.5340 -0.0732 -0.8423
vn -0.5332 -0.0746 -0.8427
vn -0.6308 -0.0597 -0.7736
vn -0.6279 -0.0564 -0.7762
vn -0.6252 -0.0532 -0.7787
vn -0.2359 -0.9460 0.2222
vn -0.2754 -0.9474 0.1629
vn -0.3143 -0.9439 0.1010
vn -0.5793 -0.0680 -0.8123
vn -0.3335 -0.9389 0.0856
vn -0.3650 -0.9304 0.0332
vn -0.4377 -0.0537 -0.8975
vn -0.4088 -0.0711 -0.9099
vn -0.2697 -0.9468 0.1756
vn -0.2862 -0.9457 0.1540
vn -0.3235 -0.9408 0.1013
vn -0.6212 -0.0553 -0.7817
vn -0.6192 -0.0551 -0.7833
vn -0.6163 -0.0545 -0.7856
vn -0.5786 -0.0376 -0.8147
vn -0.5775 -0.0393 -0.8154
vn -0.5779 -0.0388 -0.8152
vn -0.2748 -0.9466 0.1685
vn -0.2709 -0.9465 0.1751
vn -0.2743 -0.9466 0.1694
vn -0.2827 -0.9461 0.1578
vn -0.2937 -0.9454 0.1412
vn -0.5465 -0.0346 -0.8367
vn -0.5466 -0.0391 -0.8365
vn -0.6563 -0.0890 -0.7492
vn -0.6519 -0.0833 -0.7537
vn -0.6480 -0.0783 -0.7576
vn -0.2884 -0.9467 0.1433
vn -0.2409 -0.9472 0.2114
vn -0.1935 -0.9415 0.2761
vn -0.2668 -0.9465 0.1815
vn -0.2720 -0.9465 0.1736
vn -0.2774 -0.9464 0.1654
vn -0.6544 -0.0773 -0.7522
vn -0.6500 -0.0700 -0.7567
vn -0.6460 -0.0633 -0.7607
vn -0.5703 -0.0654 -0.8188
vn -0.5704 -0.0659 -0.8187
vn -0.5706 -0.0663 -0.8185
vn -0.2951 -0.9465 0.1305
vn -0.2465 -0.9484 0.1995
vn -0.1997 -0.9440 0.2625
vn -0.5873 -0.0674 -0.8065
vn -0.5872 -0.0669 -0.8066
vn -0.5872 -0.0664 -0.8067
vn -0.2733 -0.9464 0.1722
vn -0.2678 -0.9465 0.1801
vn -0.2622 -0.9465 0.1879
vn -0.6485 -0.0767 -0.7574
vn -0.6451 -0.0724 -0.7607
vn -0.6419 -0.0686 -0.7637
vn -0.2938 -0.9456 0.1398
vn -0.2498 -0.9467 0.2033
vn -0.2060 -0.9426 0.2628
vn -0.5023 -0.0741 -0.8615
vn -0.5001 -0.0831 -0.8620
vn -0.4978 -0.0937 -0.8622
vn -0.2306 -0.9408 0.2485
vn -0.2836 -0.9436 0.1709
vn -0.3399 -0.9369 0.0822
vn -0.3524 -0.9334 0.0681
vn -0.3000 -0.9427 0.1458
vn -0.2438 -0.9435 0.2244
vn -0.3817 -0.1163 -0.9170
vn -0.3575 -0.1576 -0.9205
vn -0.3237 -0.2155 -0.9213
vn -0.6841 -0.0050 -0.7294
vn -0.6763 -0.0057 -0.7366
vn -0.6697 -0.0074 -0.7426
vn -0.1733 -0.9167 0.3600
vn -0.2815 -0.9337 0.2211
vn -0.4056 -0.9133 0.0357
vn -0.2666 -0.9466 0.1814
vn -0.9862 -0.1648 -0.0134
vn -0.9163 -0.0312 -0.3992
vn -0.8338 0.0295 -0.5513
vn -0.4047 -0.8616 -0.3063
vn -0.1965 -0.9750 0.1037
vn -0.0211 -0.9236 0.3829
vn -0.5827 -0.1449 -0.7997
vn -0.5822 -0.1429 -0.8004
vn -0.5822 -0.1429 -0.8004
vn -0.2017 -0.9401 0.2747
vn -0.2152 -0.9426 0.2552
vn -0.2284 -0.9447 0.2351
vn 0.0000 1.0000 0.0000
vn -0.5919 -0.0827 -0.8017
vn -0.5921 -0.0825 -0.8016
vn 0.6742 -0.5877 -0.4473
vn 0.7356 -0.4613 -0.4961
vn 0.7402 -0.4617 -0.4888
vn 0.7439 -0.4623 -0.4827
vn 0.8156 -0.2644 -0.5147
vn 0.5431 -0.7680 -0.3394
vn 0.5253 -0.8024 -0.2832
vn 0.7514 -0.4607 -0.4725
vn 0.9166 -0.3998 0.0073
vn 0.7070 -0.6874 0.1662
vn 0.5202 -0.8075 -0.2780
vn 0.2742 -0.9610 -0.0353
vn 0.4757 -0.8009 0.3637
vn 0.7104 -0.3903 0.5857
vn 0.3816 -0.8035 0.4568
vn 0.2725 -0.9616 -0.0334
vn 0.5707 -0.4497 0.6871
vn 0.5130 -0.4480 0.7322
vn 0.5322 0.0001 0.8466
vn 0.5322 0.0003 0.8466
vn 0.5326 -0.0002 0.8464
vn 0.8693 -0.1321 0.4764
vn 0.5351 -0.0008 0.8448
vn 0.8378 -0.2280 0.4961
vn 0.8480 -0.2177 0.4832
vn 0.9171 -0.3985 0.0138
vn 0.9732 -0.2290 -0.0222
vn 0.9934 -0.1095 -0.0341
vn 0.8395 -0.1269 -0.5283
vn 0.8265 0.1284 -0.5481
vn 0.8395 0.1269 -0.5283
vn 0.8467 -0.0001 -0.5320
vn 0.8135 -0.1326 -0.5663
vn 0.9993 -0.0002 -0.0376
vn 0.8841 0.0001 0.4673
vn 0.8395 0.1254 -0.5286
vn 0.8808 -0.0631 0.4693
vn 0.8157 0.2640 -0.5148
vn 0.7484 0.4671 -0.4708
vn 0.7438 0.4623 -0.4828
vn 0.7401 0.4617 -0.4889
vn 0.6741 0.5877 -0.4474
vn -0.5921 0.0823 -0.8016
vn -0.5922 0.0824 -0.8016
vn -0.5915 0.0813 -0.8022
vn 0.7356 0.4613 -0.4961
vn 0.5384 0.7550 -0.3743
vn -0.3675 -0.3437 -0.8642
vn -0.4181 -0.3140 -0.8524
vn -0.3645 -0.3479 -0.8638
vn 0.7265 0.4599 -0.5106
vn 0.7366 0.4615 -0.4944
vn 0.7558 0.4065 -0.5133
vn 0.7314 0.4473 -0.5148
vn 0.7270 0.4559 -0.5135
vn 0.7179 0.4597 -0.5228
vn 0.3694 0.3671 0.8537
vn 0.4835 0.3119 0.8179
vn 0.4877 0.3102 0.8160
vn 0.6891 0.4596 -0.5603
vn 0.4784 0.1967 0.8558
vn 0.3655 0.3720 0.8532
vn 0.6044 -0.0742 0.7932
vn 0.6027 -0.0712 0.7948
vn 0.7254 0.4611 -0.5110
vn 0.7301 0.4503 -0.5140
vn 0.6726 0.4619 -0.5781
vn 0.7231 0.4656 -0.5103
vn 0.6185 0.4177 -0.6656
vn 0.5744 0.4605 -0.6768
vn 0.7361 0.4153 -0.5345
vn 0.4845 0.7264 -0.4874
vn 0.5170 0.7452 -0.4212
vn 0.3254 -0.9095 -0.2587
vn 0.3227 -0.9094 -0.2623
vn 0.5955 -0.7733 0.2177
vn 0.2842 -0.9086 -0.3062
vn 0.7360 0.4327 -0.5206
vn 0.7382 0.4199 -0.5279
vn 0.2845 -0.9086 -0.3058
vn 0.6769 -0.4688 0.5674
vn 0.6768 -0.4862 0.5528
vn 0.5900 -0.7813 0.2037
vn 0.7350 0.4357 -0.5196
vn 0.7365 0.4248 -0.5264
vn 0.7344 0.4202 -0.5330
vn 0.5928 0.4090 -0.6938
vn 0.6083 0.4241 -0.6710
vn 0.6173 0.4221 -0.6639
vn -0.0290 -0.8360 -0.5479
vn 0.5991 0.4294 -0.6758
vn -0.3168 -0.6510 -0.6898
vn -0.3171 -0.6506 -0.6900
vn -0.0282 -0.8364 -0.5474
vn 0.6097 0.4194 -0.6726
vn 0.5933 0.4334 -0.6783
vn 0.6014 0.4249 -0.6766
vn -0.5799 -0.3543 -0.7336
vn -0.5693 -0.3770 -0.7306
vn -0.5701 -0.3710 -0.7330
vn -0.5795 -0.3548 -0.7337
vn 0.4462 0.4454 -0.7763
vn 0.5851 0.4442 -0.6785
vn 0.5919 0.4366 -0.6775
vn -0.6812 -0.3735 -0.6297
vn -0.7229 -0.3664 -0.5858
vn 0.4639 0.4449 -0.7661
vn 0.6627 0.4067 0.6288
vn 0.6824 0.3804 0.6242
vn 0.8290 0.0980 0.5505
vn 0.7425 0.4107 0.5292
vn 0.7986 0.4010 0.4488
vn 0.4505 0.4403 -0.7766
vn 0.3426 0.4238 -0.8385
vn 0.3576 0.7457 -0.5622
vn 0.2689 0.7359 -0.6214
vn 0.0995 0.7830 -0.6140
vn 0.3382 0.6229 -0.7054
vn 0.2859 0.5780 -0.7643
vn 0.3991 0.4438 -0.8023
vn 0.1056 0.3870 -0.9160
vn 0.0317 0.6885 -0.7246
vn 0.0996 0.3991 -0.9115
vn -0.8248 -0.4866 -0.2880
vn -0.8224 -0.4877 -0.2930
vn -0.8359 -0.4648 -0.2918
vn -0.8768 -0.4663 -0.1176
vn -0.6092 -0.7072 -0.3587
vn -0.8374 -0.4626 -0.2911
vn 0.1277 0.3704 -0.9201
vn 0.1335 0.3655 -0.9212
vn -0.0149 0.3514 -0.9361
vn 0.0033 0.3504 -0.9366
vn -0.6026 -0.7124 -0.3598
vn -0.3187 -0.8669 -0.3832
vn -0.3331 -0.8616 -0.3830
vn 0.1426 0.3630 -0.9208
vn 0.0414 -0.9328 -0.3580
vn 0.1539 0.3638 -0.9187
vn 0.1844 0.3697 -0.9107
vn 0.0551 -0.9304 -0.3624
vn 0.0558 -0.9329 -0.3558
vn 0.1900 -0.9141 -0.3581
vn 0.4274 0.4054 -0.8081
vn 0.1452 0.3601 -0.9215
vn 0.1175 0.3674 -0.9226
vn 0.1334 0.3592 -0.9237
vn 0.1238 0.3620 -0.9239
vn 0.1827 -0.9141 -0.3620
vn 0.5762 -0.8115 -0.0975
vn 0.4581 0.4452 -0.7694
vn 0.4532 0.4194 -0.7866
vn 0.4427 0.4100 -0.7974
vn 0.5791 -0.8097 -0.0951
vn 0.8078 -0.5664 0.1633
vn 0.8044 -0.5726 0.1584
vn 0.4435 0.4226 -0.7904
vn 0.4497 0.4323 -0.7816
vn 0.4326 0.4137 -0.8011
vn 0.8886 -0.2325 0.3953
vn 0.8885 -0.2407 0.3907
vn 0.8302 0.0955 0.5492
vn 0.4591 0.4317 -0.7764
vn 0.4181 0.4090 -0.8111
vn 0.7571 0.2583 0.6001
vn 0.4560 0.4510 -0.7673
vn 0.4530 0.4559 -0.7661
vn 0.0060 0.3228 -0.9464
vn -0.0181 0.3454 -0.9383
vn 0.8713 0.4884 0.0477
vn 0.8825 0.4703 0.0044
vn 0.8577 0.4906 0.1539
vn -0.1161 0.3221 -0.9396
vn 0.8500 0.5025 0.1583
vn 0.8541 0.4917 0.1695
vn 0.0166 0.6854 -0.7280
vn -0.0551 0.6718 -0.7386
vn 0.1267 0.1827 -0.9750
vn 0.8473 0.4940 0.1950
vn 0.8438 0.4998 0.1957
vn 0.8496 0.5029 0.1589
vn 0.8467 0.4912 0.2046
vn -0.0599 0.5837 -0.8098
vn -0.0192 0.3573 -0.9338
vn -0.0609 0.3462 -0.9362
vn -0.1669 0.4288 -0.8879
vn -0.2652 0.2937 -0.9184
vn -0.2775 0.3630 -0.8895
vn -0.2738 0.5252 -0.8057
vn -0.2561 0.6453 -0.7197
vn -0.8583 -0.4615 0.2243
vn -0.8578 -0.4634 0.2225
vn -0.8567 -0.4807 0.1871
vn -0.8556 -0.5048 0.1146
vn -0.2550 0.6512 -0.7148
vn -0.4149 0.2653 -0.8703
vn -0.4119 0.2653 -0.8717
vn -0.3545 0.2724 -0.8945
vn -0.3094 0.6499 -0.6942
vn 0.8421 0.4793 -0.2473
vn 0.8440 0.4606 -0.2749
vn 0.8416 0.4581 -0.2860
vn 0.8416 0.4493 -0.2999
vn -0.4346 0.2633 -0.8613
vn -0.3430 0.5935 -0.7281
vn 0.4112 0.6791 -0.6081
vn 0.6925 0.2863 -0.6622
vn 0.6193 0.2474 -0.7452
vn 0.6869 0.2998 -0.6620
vn 0.5599 0.3141 -0.7667
vn 0.5513 0.3210 -0.7701
vn 0.7013 0.3261 -0.6339
vn 0.6925 0.3226 -0.6453
vn 0.6874 0.3128 -0.6555
vn 0.5399 0.3255 -0.7763
vn -0.5302 -0.4212 -0.7358
vn -0.5322 -0.4178 -0.7364
vn -0.7095 0.0754 -0.7007
vn -0.7094 0.0745 -0.7008
vn -0.7074 0.4990 -0.5006
vn -0.7073 0.4989 -0.5009
vn 0.6913 0.2876 -0.6629
vn 0.6862 0.3011 -0.6622
vn 0.6860 0.3145 -0.6561
vn -0.5539 0.8117 -0.1851
vn -0.5542 0.8114 -0.1855
vn 0.6999 0.3280 -0.6345
vn 0.6913 0.3242 -0.6458
vn 0.7763 0.1402 -0.6145
vn 0.7832 0.3225 -0.5316
vn -0.2324 0.9446 0.2318
vn -0.2287 0.9445 0.2359
vn -0.2667 0.9466 0.1813
vn -0.5792 0.0678 -0.8124
vn -0.5881 0.0813 -0.8047
vn -0.2671 0.9466 0.1807
vn -0.5800 0.0712 -0.8115
vn 0.7830 0.3206 -0.5330
vn 0.7805 0.1312 -0.6112
vn -0.4956 -0.4672 -0.7322
vn -0.4962 -0.4659 -0.7326
vn -0.4941 -0.4700 -0.7314
vn 0.7767 0.1410 -0.6139
vn 0.6963 0.1547 -0.7009
vn 0.6173 0.4313 0.6580
vn 0.5800 0.4570 0.6744
vn 0.6502 0.4006 0.6455
vn 0.6546 0.3932 0.6457
vn 0.1417 0.8716 0.4692
vn 0.4147 0.6914 0.5916
vn 0.5271 0.3264 -0.7846
vn 0.4055 0.6997 0.5882
vn 0.5551 0.3223 -0.7668
vn 0.2971 -0.9461 -0.1287
vn 0.1362 -0.9906 0.0132
vn 0.1721 -0.9811 0.0888
vn 0.5092 -0.7529 -0.4169
vn 0.2548 -0.9178 -0.3046
vn 0.5313 -0.7544 -0.3855
vn 0.0808 -0.9907 -0.1099
vn 0.3577 -0.7458 -0.5620
vn 0.4846 -0.7266 -0.4871
vn 0.0996 -0.7832 -0.6137
vn 0.5170 -0.7453 -0.4211
vn 0.2690 -0.7360 -0.6212
vn -0.0418 -0.9233 -0.3817
vn -0.0550 -0.6720 -0.7385
vn 0.0168 -0.6857 -0.7277
vn 0.2861 -0.5782 -0.7641
vn 0.0324 -0.6890 -0.7240
vn 0.7987 -0.4007 0.4489
vn 0.7426 -0.4104 0.5292
vn 0.6672 -0.4007 0.6279
vn 0.4640 -0.4453 -0.7658
vn 0.3427 -0.4242 -0.8382
vn 0.4483 -0.4406 -0.7777
vn 0.3383 -0.6231 -0.7052
vn 0.6498 -0.4234 0.6313
vn 0.4530 -0.4560 -0.7661
vn 0.3994 -0.4439 -0.8022
vn 0.1056 -0.3872 -0.9159
vn 0.1453 -0.3603 -0.9215
vn 0.4560 -0.4511 -0.7672
vn 0.4274 -0.4055 -0.8080
vn 0.4583 -0.4446 -0.7696
vn 0.7570 -0.2581 0.6003
vn 0.8356 -0.0793 0.5435
vn 0.8345 -0.0826 0.5448
vn 0.4519 -0.4341 -0.7793
vn 0.4511 -0.4253 -0.7846
vn 0.8882 0.2523 0.3840
vn 0.8884 0.2443 0.3886
vn 0.8007 0.5793 0.1526
vn 0.8040 0.5734 0.1576
vn 0.4448 -0.4159 -0.7932
vn 0.5727 0.8135 -0.1007
vn 0.4531 -0.4192 -0.7867
vn 0.4583 -0.4314 -0.7771
vn 0.4419 -0.4101 -0.7978
vn 0.5754 0.8119 -0.0983
vn 0.1826 0.9140 -0.3622
vn 0.1899 0.9141 -0.3583
vn 0.4334 -0.4080 -0.8035
vn 0.4191 -0.4041 -0.8131
vn 0.1830 -0.3570 -0.9160
vn 0.0549 0.9304 -0.3625
vn 0.1844 -0.3653 -0.9124
vn 0.5396 -0.3268 -0.7759
vn -0.0150 -0.3473 -0.9376
vn 0.0061 -0.3209 -0.9471
vn 0.1382 -0.3591 -0.9230
vn 0.1572 -0.1549 -0.9753
vn 0.2055 -0.2695 -0.9408
vn 0.2084 -0.2792 -0.9374
vn 0.2160 -0.2890 -0.9326
vn 0.2290 -0.2970 -0.9270
vn 0.2442 -0.3014 -0.9217
vn 0.5267 -0.3282 -0.7841
vn 0.1267 -0.1831 -0.9749
vn 0.1547 -0.3593 -0.9203
vn -0.4632 0.8020 -0.3772
vn -0.4742 0.7959 -0.3763
vn 0.0695 0.9328 -0.3537
vn -0.8182 0.4909 -0.2992
vn 0.1276 -0.3643 -0.9225
vn -0.8214 0.4860 -0.2985
vn -0.8224 0.4875 -0.2931
vn 0.1177 -0.3675 -0.9225
vn 0.1284 -0.3604 -0.9239
vn -0.8248 0.4865 -0.2881
vn -0.8769 0.4661 -0.1177
vn 0.0044 -0.3510 -0.9364
vn 0.0996 -0.3993 -0.9114
vn 0.0889 0.9323 -0.3505
vn 0.8468 -0.4910 0.2047
vn 0.8474 -0.4938 0.1951
vn 0.8438 -0.4996 0.1958
vn 0.8543 -0.4914 0.1695
vn 0.8368 -0.5008 0.2212
vn 0.8507 -0.5011 0.1588
vn 0.1873 -0.1213 -0.9748
vn 0.1167 -0.1824 -0.9763
vn -0.0186 -0.3562 -0.9342
vn 0.8504 -0.5018 0.1583
vn -0.0607 -0.3454 -0.9365
vn -0.0191 -0.3572 -0.9338
vn -0.0598 -0.5840 -0.8096
vn -0.1668 -0.4291 -0.8877
vn -0.0808 -0.3402 -0.9369
vn -0.2552 -0.2961 -0.9204
vn -0.2316 -0.2222 -0.9471
vn -0.2651 -0.2939 -0.9183
vn -0.8508 0.5189 0.0831
vn -0.8562 0.5088 0.0899
vn -0.8540 0.5133 0.0851
vn -0.8577 0.5061 0.0910
vn 0.0743 -0.9793 0.1883
vn 0.0528 -0.9750 0.2158
vn 0.0596 -0.9750 0.2142
vn -0.3596 -0.2024 -0.9109
vn -0.3784 -0.1778 -0.9084
vn -0.3257 -0.0939 -0.9408
vn -0.3204 -0.0864 -0.9433
vn -0.8293 0.5069 0.2353
vn -0.8290 0.5068 0.2365
vn -0.8298 0.5051 0.2371
vn -0.8310 0.5042 0.2349
vn -0.8361 0.5021 0.2210
vn -0.2597 -0.0074 -0.9657
vn -0.3170 -0.0786 -0.9452
vn -0.3847 -0.0750 -0.9200
vn -0.3380 -0.0070 -0.9411
vn -0.2636 -0.0074 -0.9646
vn -0.3271 -0.0939 -0.9403
vn -0.8385 0.4977 0.2217
vn -0.2639 0.0070 -0.9645
vn -0.3357 -0.0001 -0.9420
vn -0.9664 -0.0001 0.2570
vn -0.9665 -0.0001 0.2568
vn -0.2613 -0.0001 -0.9653
vn 0.9424 -0.0003 -0.3345
vn 0.8025 -0.5252 -0.2832
vn 0.8006 -0.5284 -0.2825
vn 0.9424 0.0002 -0.3345
vn -0.3347 -0.0001 -0.9423
vn -0.3368 -0.0070 -0.9415
vn 0.8106 -0.5051 -0.2963
vn -0.3778 -0.0645 -0.9236
vn 0.8111 -0.5033 -0.2980
vn 0.8092 -0.5048 -0.3006
vn -0.3986 -0.0959 -0.9121
vn 0.8103 -0.5026 -0.3013
vn 0.8098 -0.4979 -0.3105
vn -0.4507 -0.1860 -0.8731
vn 0.8098 -0.4967 -0.3122
vn -0.4413 -0.1680 -0.8815
vn -0.3781 -0.1777 -0.9085
vn -0.4506 -0.1861 -0.8731
vn 0.8103 -0.4956 -0.3127
vn -0.3982 -0.0960 -0.9123
vn -0.4555 -0.1912 -0.8695
vn 0.5198 -0.8500 -0.0855
vn 0.5219 -0.8485 -0.0874
vn 0.0909 -0.9813 0.1697
vn -0.4559 -0.1909 -0.8693
vn -0.4631 -0.1925 -0.8652
vn 0.0923 -0.9813 0.1689
vn -0.4630 -0.1928 -0.8651
vn -0.3792 -0.1848 -0.9067
vn -0.8225 0.5147 0.2419
vn -0.8190 0.5216 0.2391
vn -0.9243 0.0326 0.3803
vn -0.9244 0.0348 0.3799
vn -0.3759 -0.1927 -0.9064
vn -0.7843 -0.4547 0.4221
vn -0.7864 -0.4509 0.4222
vn -0.3686 -0.1993 -0.9080
vn -0.4183 -0.8368 0.3534
vn -0.4188 -0.8364 0.3536
vn 0.0781 -0.9793 0.1867
vn -0.3687 -0.1991 -0.9080
vn -0.3762 -0.1926 -0.9063
vn -0.3595 -0.2027 -0.9109
vn -0.2562 -0.2635 -0.9300
vn -0.2355 -0.2224 -0.9461
vn -0.3793 -0.1848 -0.9066
vn -0.8292 -0.5142 0.2192
vn -0.2569 -0.0001 -0.9664
vn -0.3442 -0.2658 -0.9005
vn -0.3483 -0.2584 -0.9011
vn -0.3562 -0.2518 -0.8998
vn -0.3657 -0.2482 -0.8970
vn -0.8631 0.4901 0.1217
vn -0.3450 -0.2709 -0.8987
vn -0.2901 -0.2886 -0.9124
vn -0.0946 0.9684 -0.2307
vn -0.0993 0.9684 -0.2287
vn 0.3950 0.8315 -0.3905
vn -0.1096 0.9705 -0.2147
vn -0.4305 -0.2401 -0.8701
vn -0.1258 0.9716 -0.2003
vn -0.1254 0.9718 -0.1999
vn -0.5169 -0.2365 -0.8227
vn -0.5120 -0.2605 -0.8185
vn -0.5700 -0.2626 -0.7786
vn -0.6491 -0.2492 -0.7187
vn -0.4546 -0.2625 -0.8511
vn -0.3657 -0.2494 -0.8967
vn -0.1667 0.9684 -0.1853
vn -0.1460 0.9705 -0.1919
vn -0.5118 -0.2605 -0.8187
vn -0.3436 -0.2716 -0.8990
vn -0.3439 -0.2804 -0.8962
vn -0.3587 -0.4576 -0.8136
vn -0.3433 -0.2776 -0.8973
vn 0.8401 -0.5181 -0.1608
vn 0.8334 -0.5301 -0.1564
vn 0.9031 -0.3596 -0.2349
vn 0.8422 -0.4791 -0.2473
vn 0.9386 -0.0678 -0.3382
vn 0.9384 -0.0621 -0.3399
vn -0.3482 -0.2613 -0.9003
vn 0.7856 0.4428 -0.4322
vn -0.3562 -0.2532 -0.8994
vn 0.7866 0.4410 -0.4322
vn 0.3962 0.8309 -0.3907
vn 0.8441 -0.4604 -0.2748
vn 0.8417 -0.4580 -0.2859
vn -0.3429 -0.5938 -0.7278
vn -0.4032 -0.6579 -0.6360
vn -0.4148 -0.2658 -0.8702
vn -0.3544 -0.2727 -0.8944
vn 0.8415 -0.4493 -0.2999
vn -0.4118 -0.2656 -0.8717
vn -0.4343 -0.2636 -0.8613
vn -0.3313 -0.6489 -0.6849
vn -0.3094 -0.6494 -0.6947
vn -0.2550 -0.6512 -0.7148
vn -0.8568 0.4806 0.1870
vn -0.8587 0.4609 0.2242
vn -0.8591 0.4609 0.2225
vn -0.1301 -0.9695 -0.2076
vn -0.2559 -0.6460 -0.7192
vn -0.1222 -0.9706 -0.2072
vn -0.0058 -0.9999 -0.0109
vn -0.1343 -0.9906 0.0251
vn -0.0058 -0.9999 -0.0108
vn -0.0473 -0.9906 0.1284
vn 0.0483 -0.9960 0.0758
vn -0.2450 -0.9461 0.2120
vn -0.1485 -0.9616 0.2310
vn 0.0064 -0.9811 0.1934
vn 0.0068 -0.9811 0.1934
vn 0.0485 -0.9959 0.0764
vn 0.0776 -0.9892 0.1246
vn 0.3074 -0.8161 0.4894
vn 0.1719 -0.9811 0.0887
vn 0.3106 -0.8124 0.4936
vn -0.3851 -0.9177 0.0975
vn -0.1508 -0.9610 0.2316
vn -0.5774 -0.7545 0.3120
vn -0.5966 -0.7527 0.2785
vn -0.7801 -0.4503 0.4343
vn -0.7819 -0.4601 0.4207
vn -0.7750 -0.4603 0.4331
vn -0.8033 -0.4600 0.3783
vn -0.7842 -0.4402 0.4374
vn 0.6048 -0.3470 0.7168
vn 0.5271 -0.3094 0.7915
vn 0.5235 -0.3075 0.7946
vn 0.5634 -0.1954 0.8027
vn 0.6065 -0.3545 0.7116
vn 0.4456 0.0887 0.8908
vn -0.7903 -0.4279 0.4386
vn 0.2123 0.4762 0.8533
vn 0.1992 0.4933 0.8468
vn 0.4481 0.0853 0.8899
vn -0.0653 0.7758 0.6276
vn -0.7801 -0.4496 0.4351
vn -0.7885 -0.4323 0.4374
vn -0.8009 -0.4154 0.4312
vn -0.7960 -0.4198 0.4361
vn -0.3992 0.9085 0.1234
vn -0.3990 0.9086 0.1237
vn -0.3660 0.9096 0.1965
vn -0.3658 0.9096 0.1969
vn -0.0754 0.7835 0.6168
vn -0.8676 -0.4178 0.2697
vn -0.8122 -0.4619 0.3563
vn -0.8012 -0.4140 0.4321
vn -0.7964 -0.4183 0.4369
vn -0.8682 -0.4163 0.2700
vn -0.8585 -0.4605 0.2258
vn -0.6492 -0.7265 0.2254
vn -0.7751 -0.4610 0.4320
vn -0.7733 -0.4655 0.4304
vn -0.6036 -0.7452 0.2835
vn -0.7258 -0.6795 0.1077
vn -0.6613 -0.7459 0.0796
vn -0.4150 0.3730 -0.8299
vn -0.2151 0.3653 -0.9057
vn -0.2732 0.3728 -0.8868
vn -0.8953 -0.4404 0.0667
vn -0.8911 -0.4454 0.0874
vn -0.8675 -0.4394 0.2331
vn -0.9040 -0.4242 -0.0534
vn -0.6764 -0.7361 -0.0261
vn 0.2679 -0.3799 0.8854
vn 0.1558 -0.4101 0.8986
vn 0.0592 -0.4004 0.9144
vn 0.2804 -0.4061 0.8697
vn 0.1296 -0.0814 0.9882
vn -0.8981 -0.4341 0.0701
vn -0.8960 -0.4438 0.0115
vn -0.8127 -0.5781 -0.0736
vn -0.7818 -0.6235 -0.0001
vn -0.8866 -0.4560 0.0772
vn -0.8713 -0.3873 -0.3013
vn -0.8645 -0.3998 -0.3047
vn -0.6666 -0.6889 -0.2849
vn 0.0972 0.4870 -0.8680
vn 0.0914 0.4879 -0.8681
vn 0.0986 0.4650 -0.8798
vn 0.2749 0.4647 -0.8417
vn -0.8455 -0.3509 -0.4026
vn -0.8868 -0.3645 -0.2840
vn -0.1343 0.7962 -0.5899
vn 0.0999 0.4626 -0.8809
vn -0.1399 0.8023 -0.5803
vn -0.8935 -0.3604 -0.2679
vn -0.8825 -0.3678 -0.2932
vn -0.8883 -0.3607 -0.2844
vn -0.3408 0.9327 -0.1180
vn -0.3450 0.9328 -0.1041
vn -0.4053 0.9140 0.0160
vn -0.3503 0.9304 -0.1078
vn -0.9134 -0.4056 0.0355
vn -0.4057 0.9140 0.0078
vn -0.3387 0.8134 0.4730
vn -0.8921 -0.4447 0.0803
vn -0.9053 -0.4194 0.0681
vn -0.9105 -0.4100 0.0534
vn -0.8987 -0.4316 0.0775
vn -0.2089 0.5794 0.7878
vn -0.0382 0.2530 0.9667
vn -0.0340 0.2447 0.9690
vn -0.2059 0.5730 0.7933
vn -0.9026 -0.4253 0.0671
vn -0.9076 -0.4159 0.0577
vn -0.9119 -0.4080 0.0431
vn -0.3376 0.8116 0.4768
vn 0.1281 -0.0781 0.9887
vn 0.2146 -0.2576 0.9421
vn -0.8889 -0.4512 0.0793
vn -0.8704 -0.4292 0.2412
vn -0.4117 0.3563 -0.8388
vn -0.4121 0.3574 -0.8381
vn -0.4140 0.3795 -0.8274
vn -0.8702 -0.4249 0.2493
vn -0.8681 -0.4335 0.2419
vn -0.4860 0.6570 -0.5763
vn -0.4860 0.6570 -0.5763
vn -0.8699 -0.4198 0.2590
vn -0.4812 0.8373 -0.2596
vn -0.4810 0.8376 -0.2591
vn -0.8704 -0.4182 0.2597
vn -0.8712 -0.4228 0.2495
vn -0.2545 -0.8779 -0.4056
vn -0.2737 -0.5255 -0.8056
vn -0.8557 0.5047 0.1146
vn -0.2774 -0.3632 -0.8894
vn -0.4733 -0.6487 -0.5959
vn -0.4174 -0.6461 -0.6390
vn -0.5066 -0.5942 -0.6248
vn -0.5779 -0.4561 -0.6767
vn -0.6231 -0.4580 0.6340
vn -0.6355 -0.4493 0.6279
vn -0.6135 -0.4608 0.6413
vn -0.5878 -0.4795 0.6516
vn -0.5242 -0.4986 0.6903
vn -0.5154 -0.5118 0.6873
vn -0.6581 -0.2803 -0.6988
vn -0.6035 -0.3594 0.7117
vn -0.6593 -0.2776 -0.6988
vn -0.7121 -0.0680 0.6988
vn -0.7133 -0.0621 0.6981
vn -0.6607 -0.2715 -0.6999
vn -0.6621 -0.2657 -0.7008
vn -0.7303 0.4434 0.5197
vn -0.7306 0.4416 0.5207
vn -0.6608 -0.2583 -0.7047
vn -0.6599 -0.2612 -0.7045
vn -0.5236 0.8313 0.1867
vn -0.6556 -0.2531 -0.7115
vn -0.5222 0.8325 0.1852
vn -0.1618 0.9689 -0.1873
vn -0.6562 -0.2516 -0.7114
vn -0.5871 -0.2635 -0.7654
vn -0.6066 -0.2655 -0.7493
vn -0.5331 -0.6512 -0.5400
vn -0.4915 -0.6498 -0.5798
vn 0.8577 -0.4905 0.1540
vn 0.8826 -0.4702 0.0045
vn 0.8714 -0.4883 0.0476
vn 0.8023 -0.5275 0.2793
vn 0.8435 -0.4870 0.2264
vn 0.2047 -0.1118 -0.9724
vn 0.3615 -0.1187 -0.9248
vn 0.3367 -0.1407 -0.9311
vn 0.8144 -0.5065 0.2833
vn 0.3195 -0.0102 -0.9475
vn -0.7793 0.4936 -0.3860
vn -0.7909 0.4913 -0.3648
vn -0.7938 0.4761 -0.3784
vn -0.8000 0.4756 -0.3658
vn 0.3411 -0.1406 -0.9295
vn 0.3887 -0.1024 -0.9157
vn 0.4952 -0.0109 -0.8687
vn -0.7487 0.5017 -0.4332
vn 0.5354 -0.3283 -0.7782
vn -0.8190 0.4829 -0.3099
vn 0.2400 -0.3020 -0.9226
vn 0.2025 -0.2621 -0.9436
vn 0.5331 -0.3282 -0.7798
vn 0.2237 -0.2977 -0.9281
vn 0.2011 -0.2800 -0.9387
vn -0.4921 -0.8564 0.1560
vn -0.0752 -0.9533 0.2925
vn -0.4964 -0.8542 0.1544
vn -0.0653 -0.9532 0.2951
vn -0.2117 -0.9441 0.2526
vn 0.1980 -0.2703 -0.9422
vn -0.9632 0.1238 -0.2386
vn -0.9613 -0.2408 -0.1342
vn -0.9641 -0.2262 -0.1391
vn 0.2090 -0.2897 -0.9340
vn -0.7958 -0.6055 0.0090
vn -0.8048 -0.5935 0.0033
vn -0.9622 0.1289 -0.2398
vn -0.8235 0.4758 -0.3088
vn 0.2082 -0.2615 -0.9425
vn 0.5637 -0.3154 -0.7634
vn 0.5454 -0.3268 -0.7718
vn -0.2102 -0.9442 0.2537
vn -0.1414 -0.9432 0.3005
vn 0.1331 -0.8755 0.4646
vn 0.5559 -0.3224 -0.7662
vn 0.4051 -0.7000 0.5882
vn 0.4142 -0.6918 0.5915
vn 0.1417 -0.8716 0.4692
vn 0.5512 -0.3221 -0.7697
vn 0.5599 -0.3150 -0.7663
vn 0.6413 -0.4152 0.6452
vn 0.6174 -0.4310 0.6581
vn 0.6361 -0.4237 0.6448
vn 0.6956 -0.1538 -0.7017
vn 0.5758 -0.4656 0.6721
vn 0.5801 -0.4568 0.6744
vn 0.5677 -0.4667 0.6782
vn 0.7300 -0.1037 -0.6755
vn 0.5586 -0.4789 0.6773
vn 0.5304 -0.5249 0.6657
vn 0.7863 -0.1188 -0.6063
vn 0.7196 -0.1211 -0.6838
vn 0.7785 -0.0103 -0.6276
vn 0.6962 -0.1548 -0.7009
vn 0.5299 -0.5260 0.6652
vn 0.7780 -0.0107 -0.6282
vn 0.6259 0.0005 0.7799
vn 0.7797 -0.0000 -0.6262
vn -0.0179 -0.3458 -0.9381
vn -0.1160 -0.3224 -0.9395
vn 0.5873 -0.4372 -0.6811
vn 0.5941 -0.4291 -0.6803
vn -0.5700 0.3709 -0.7331
vn -0.5615 0.3804 -0.7348
vn -0.5694 0.3768 -0.7306
vn -0.6813 0.3732 -0.6297
vn -0.5651 0.3757 -0.7345
vn -0.7230 0.3661 -0.5858
vn 0.6012 -0.4227 -0.6781
vn -0.3116 0.6552 -0.6882
vn -0.3112 0.6556 -0.6880
vn -0.0259 0.8374 -0.5460
vn 0.6013 -0.4250 -0.6766
vn 0.6100 -0.4197 -0.6721
vn 0.6186 -0.4177 -0.6655
vn 0.5934 -0.4333 -0.6783
vn 0.3087 0.9081 -0.2831
vn 0.3091 0.9081 -0.2826
vn 0.3361 0.9097 -0.2441
vn 0.6728 -0.4620 -0.5779
vn 0.7361 -0.4154 -0.5345
vn 0.5745 -0.4605 -0.6767
vn 0.6190 -0.4167 -0.6657
vn 0.6101 -0.4183 -0.6729
vn 0.7368 -0.4141 -0.5345
vn -0.0265 0.8371 -0.5465
vn 0.3365 0.9096 -0.2436
vn 0.7391 -0.4182 -0.5281
vn 0.5934 0.7763 0.2125
vn 0.5880 0.7841 0.1986
vn 0.7380 -0.4280 -0.5217
vn 0.6764 0.4962 0.5443
vn 0.7343 -0.4401 -0.5168
vn 0.6768 0.4789 0.5591
vn 0.6102 0.0914 0.7869
vn 0.6089 0.0874 0.7885
vn 0.7382 -0.4201 -0.5279
vn 0.7361 -0.4323 -0.5208
vn 0.7305 -0.4495 -0.5141
vn 0.4787 -0.1964 0.8557
vn 0.7255 -0.4611 -0.5109
vn 0.3693 -0.3668 0.8538
vn 0.3658 -0.3717 0.8532
vn 0.7231 -0.4657 -0.5102
vn 0.4841 -0.3115 0.8177
vn 0.7263 -0.4603 -0.5105
vn 0.7177 -0.4601 -0.5227
vn 0.7301 -0.4500 -0.5143
vn 0.6890 -0.4600 -0.5601
vn 0.4884 -0.3098 0.8158
vn 0.5385 -0.7551 -0.3739
vn -0.3645 0.3477 -0.8639
vn -0.4181 0.3138 -0.8525
vn -0.3674 0.3435 -0.8643
vn 0.7358 -0.4634 -0.4937
vn 0.4112 -0.6792 -0.6079
vn 0.6911 -0.3242 -0.6460
vn 0.6861 -0.3145 -0.6560
vn 0.6861 -0.3012 -0.6623
vn 0.2443 0.3005 -0.9220
vn 0.2289 0.2959 -0.9274
vn -0.3795 0.1846 -0.9066
vn -0.3596 0.2022 -0.9109
vn -0.9243 -0.0326 0.3803
vn -0.3764 0.1924 -0.9062
vn -0.3688 0.1989 -0.9080
vn -0.9244 -0.0357 0.3798
vn -0.7842 0.4548 0.4221
vn -0.7863 0.4510 0.4222
vn -0.4183 0.8368 0.3533
vn -0.4187 0.8365 0.3534
vn 0.0900 0.9792 0.1818
vn 0.0934 0.9791 0.1805
vn 0.0595 0.9750 0.2140
vn 0.0527 0.9750 0.2157
vn 0.3998 -0.8287 -0.3916
vn -0.3480 0.2612 -0.9004
vn -0.3562 0.2530 -0.8995
vn -0.6027 0.3592 0.7125
vn -0.6354 0.4494 0.6279
vn -0.0059 0.9999 -0.0098
vn -0.5872 0.2632 -0.7654
vn -0.8555 0.3230 -0.4046
vn -0.1907 0.4948 0.8478
vn -0.9339 0.1828 -0.3073
vn -0.1822 0.4918 0.8514
vn -0.9470 0.1559 -0.2809
vn -0.9851 0.1406 -0.0990
vn -0.9402 0.2614 -0.2186
vn -0.9373 0.2691 -0.2214
vn -0.1606 0.4874 0.8583
vn -0.1624 0.5014 0.8499
vn -0.9654 0.1117 -0.2357
vn 0.2018 -0.1228 -0.9717
vn 0.2004 -0.1278 -0.9713
vn 0.0746 -0.4838 -0.8720
vn 0.2920 0.2287 -0.9287
vn -0.9354 0.2786 -0.2179
vn 0.0671 -0.5019 -0.8623
vn -0.9333 0.2801 -0.2247
vn -0.9353 0.2704 -0.2284
vn -0.9383 0.2621 -0.2256
vn 0.2954 0.2432 -0.9239
vn -0.9356 0.3021 -0.1826
vn -0.9328 0.2896 -0.2147
vn 0.3526 0.6085 -0.7109
vn 0.3515 0.5962 -0.7218
vn 0.3536 0.8562 -0.3767
vn -0.9335 0.2977 -0.1998
vn 0.3533 0.8583 -0.3721
vn -0.9347 0.2881 -0.2083
vn -0.9353 0.2959 -0.1943
vn 0.2964 0.9533 0.0581
vn 0.2945 0.9532 0.0681
vn -0.9371 0.3001 -0.1782
vn 0.3192 0.9441 -0.0825
vn 0.3202 0.9443 -0.0756
vn -0.9354 0.3266 0.1356
vn 0.3280 0.9443 -0.0272
vn -0.9333 0.3286 0.1449
vn 0.3620 0.8730 0.3267
vn 0.0162 -0.4762 -0.8792
vn 0.0132 -0.4918 -0.8706
vn 0.0023 -0.4766 -0.8791
vn -0.9902 0.1186 -0.0740
vn -0.9925 0.0102 -0.1215
vn -0.0677 -0.4844 -0.8722
vn -0.0107 -0.4939 -0.8695
vn -0.9982 0.0108 0.0598
vn -0.9932 0.0000 -0.1160
vn -0.0951 0.5281 0.8438
vn -0.0968 0.5055 0.8574
vn -0.1123 0.0001 0.9937
vn -0.1123 0.0001 0.9937
vn -0.9937 0.0000 -0.1124
vn -0.9982 -0.0105 0.0593
vn -0.9979 0.0000 0.0655
vn -0.0776 0.0000 -0.9970
vn -0.0776 -0.0001 -0.9970
vn -0.0672 -0.5014 -0.8626
vn -0.0672 0.5035 -0.8614
vn -0.0107 0.4937 -0.8696
vn -0.0650 0.5271 -0.8473
vn -0.9974 -0.0109 0.0713
vn -0.9937 -0.1025 -0.0459
vn 0.5004 -0.8363 -0.2240
vn -0.7503 -0.2224 -0.6226
vn 0.2004 0.1277 -0.9714
vn 0.2925 -0.9531 0.0783
vn 0.2904 -0.9528 0.0891
vn 0.3618 0.8766 0.3173
vn 0.3554 0.6956 0.6244
vn -0.4340 -0.4212 -0.7964
vn -0.4453 -0.4659 -0.7646
vn -0.4452 -0.4667 -0.7642
vn -0.1498 0.4905 -0.8584
vn 0.0673 0.8060 -0.5881
vn -0.1502 0.4896 -0.8589
vn 0.3029 0.9447 -0.1256
vn 0.0678 0.8066 -0.5872
vn -0.3257 0.0724 -0.9427
vn -0.8883 0.3144 0.3347
vn -0.8939 0.3012 0.3321
vn -0.8967 0.2876 0.3366
vn -0.8748 0.3279 0.3568
vn -0.8813 0.3241 0.3438
vn 0.3035 0.9447 -0.1241
vn 0.2789 0.9466 -0.1619
vn -0.4354 -0.4342 -0.7886
vn -0.3254 0.0733 -0.9427
vn -0.8843 0.4612 0.0732
vn -0.8852 0.4589 0.0765
vn -0.8862 0.4563 0.0799
vn 0.1337 0.1016 0.9858
vn 0.2300 0.2621 0.9372
vn 0.3058 0.3902 0.8685
vn -0.8203 0.3207 0.4735
vn 0.2785 0.9466 -0.1626
vn -0.4703 0.0811 -0.8788
vn -0.4799 0.0711 -0.8744
vn -0.4811 0.0676 -0.8741
vn -0.7937 0.4247 0.4354
vn -0.7653 0.4616 0.4487
vn -0.4656 0.0821 -0.8812
vn -0.4665 0.0812 -0.8808
vn -0.4656 0.0821 -0.8812
vn -0.6955 0.5877 0.4134
vn -0.7660 0.4613 0.4477
vn -0.6198 -0.3450 -0.7048
vn -0.5864 -0.3140 -0.7467
vn -0.6188 -0.3404 -0.7080
vn 0.0476 0.9959 0.0768
vn 0.0057 0.9813 0.1925
vn 0.0056 0.9812 0.1927
vn 0.2462 0.8037 0.5417
vn 0.0776 0.9892 0.1243
vn 0.4375 0.4482 0.7796
vn 0.3718 0.4499 0.8120
vn 0.5321 0.0001 0.8467
vn 0.4743 0.4533 0.7547
vn -0.8711 0.0002 0.4911
vn -0.7644 -0.4635 0.4482
f 1//1 2//2 8//3
f 4//4 2//2 1//1
f 9//5 3//6 1//1
f 3//6 4//4 1//1
f 1//1 5//7 9//5
f 7//8 5//7 1//1
f 7//8 1//1 6//9
f 10//10 6//9 1//1
f 8//3 10//10 1//1
f 12//11 10//10 8//3
f 10//10 12//11 11//12
f 11//12 6//9 10//10
f 13//13 11//12 12//11
f 15//14 12//11 8//3
f 13//13 12//11 14//15
f 15//14 14//15 12//11
f 20//16 16//17 15//14
f 15//14 16//17 19//18
f 15//14 17//19 14//15
f 17//19 15//14 18//20
f 15//14 19//18 18//20
f 15//14 8//3 20//16
f 20//16 21//21 16//17
f 2//2 20//16 8//3
f 21//21 20//16 2//2
f 16//17 21//21 22//22
f 2//2 23//23 21//21
f 23//23 22//22 21//21
f 25//24 23//23 2//2
f 24//25 26//26 23//23
f 23//23 27//27 24//25
f 23//23 25//24 27//27
f 23//23 26//26 22//22
f 25//24 28//28 27//27
f 28//28 29//29 27//27
f 30//30 27//27 29//29
f 27//27 30//30 24//25
f 32//31 30//30 29//29
f 31//32 24//25 30//30
f 32//31 31//32 30//30
f 32//31 33//33 31//32
f 29//29 35//34 32//31
f 32//31 34//35 33//33
f 34//35 32//31 35//34
f 36//36 35//34 29//29
f 34//35 35//34 36//36
f 36//36 29//29 40//37
f 34//35 36//36 37//38
f 38//39 37//38 36//36
f 38//39 36//36 39//40
f 36//36 40//37 39//40
f 4//4 3//6 40//37
f 3//6 39//40 40//37
f 4//4 40//37 28//28
f 29//29 28//28 40//37
f 3//6 42//41 39//40
f 41//42 44//43 39//40
f 39//40 42//41 41//42
f 43//44 38//39 39//40
f 44//43 43//44 39//40
f 48//45 45//46 44//43
f 44//43 45//46 43//44
f 47//47 46//48 44//43
f 48//45 44//43 46//48
f 41//42 47//47 44//43
f 48//45 52//49 45//46
f 48//45 51//50 49//51
f 50//52 48//45 49//51
f 50//52 52//49 48//45
f 51//50 48//45 46//48
f 45//46 52//49 50//52
f 51//50 53//53 49//51
f 51//50 54//54 53//53
f 54//54 51//50 55//55
f 51//50 46//48 55//55
f 54//54 55//55 56//56
f 56//56 55//55 46//48
f 47//47 57//57 56//56
f 58//58 56//56 57//57
f 47//47 56//56 46//48
f 54//54 56//56 58//58
f 59//59 58//58 57//57
f 54//54 58//58 60//60
f 59//59 60//60 58//58
f 62//61 61//62 60//60
f 63//63 60//60 61//62
f 59//59 62//61 60//60
f 63//63 54//54 60//60
f 61//62 66//64 63//63
f 53//53 63//63 64//65
f 54//54 63//63 53//53
f 63//63 65//66 64//65
f 63//63 66//64 65//66
f 66//64 61//62 62//61
f 68//67 67//68 66//64
f 66//64 67//68 65//66
f 66//64 62//61 68//67
f 71//69 67//68 68//67
f 68//67 69//70 70//71
f 62//61 69//70 68//67
f 71//69 68//67 70//71
f 65//66 67//68 71//69
f 70//71 72//72 71//69
f 65//66 71//69 73//73
f 71//69 72//72 74//74
f 73//73 71//69 74//74
f 75//75 76//76 74//77
f 75//78 74//79 77//80
f 73//73 74//74 76//81
f 72//72 77//82 74//74
f 80//83 77//80 78//84
f 78//85 77//82 72//72
f 80//83 79//86 77//80
f 79//86 75//78 77//80
f 83//87 81//88 80//89
f 79//90 80//91 81//92
f 82//93 86//94 80//95
f 80//96 82//97 87//98
f 80//99 86//93 82//100
f 87//101 82//102 80//103
f 78//104 83//87 80//89
f 80//105 98//106 78//107
f 78//108 98//109 80//110
f 85//111 84//112 80//113
f 80//114 84//115 85//116
f 86//117 85//118 80//119
f 80//120 85//117 86//121
f 80//122 87//123 88//124
f 88//125 87//126 80//127
f 80//128 88//129 89//130
f 89//131 88//132 80//133
f 80//134 89//135 90//136
f 90//137 89//138 80//139
f 80//140 90//141 91//142
f 91//143 90//144 80//145
f 80//146 91//147 92//148
f 92//149 91//150 80//151
f 80//152 92//153 93//154
f 93//155 92//156 80//157
f 80//158 93//159 94//160
f 94//161 93//162 80//163
f 80//164 94//165 95//166
f 95//167 94//168 80//169
f 80//170 95//171 96//172
f 96//173 95//174 80//175
f 80//176 96//177 97//178
f 97//179 96//180 80//181
f 80//182 97//183 98//184
f 98//185 97//186 80//187
f 85//188 99//189 84//190
f 84//191 99//192 85//193
f 84//194 100//195 99//196
f 99//197 100//198 84//199
f 100//200 101//200 84//200
f 84//201 102//202 100//200
f 100//200 102//117 101//200
f 84//201 101//200 102//202
f 103//203 104//204 83//205
f 103//203 83//205 78//85
f 104//204 106//206 83//205
f 81//88 83//87 105//207
f 106//206 105//208 83//205
f 104//204 107//209 106//206
f 105//207 106//210 108//211
f 106//210 107//212 108//211
f 109//213 110//214 108//215
f 109//213 108//215 111//216
f 108//211 110//217 105//207
f 107//212 111//218 108//211
f 109//213 111//216 112//219
f 112//220 111//218 107//212
f 112//219 113//221 109//213
f 112//219 114//222 113//221
f 103//223 114//224 112//220
f 112//220 104//225 103//223
f 107//212 104//225 112//220
f 114//224 103//223 115//226
f 118//227 114//224 115//226
f 114//222 118//228 116//229
f 114//222 116//229 117//230
f 114//222 117//230 113//221
f 119//231 116//229 118//228
f 119//231 118//228 120//232
f 121//233 120//234 118//227
f 115//226 121//233 118//227
f 121//235 115//236 70//71
f 123//237 121//235 70//71
f 122//238 121//233 123//239
f 122//238 120//234 121//233
f 123//239 124//240 122//238
f 70//71 124//241 123//237
f 125//242 126//243 124//240
f 125//242 124//240 127//244
f 124//240 126//243 122//238
f 128//245 127//246 124//241
f 70//71 128//245 124//241
f 128//245 70//71 69//70
f 128//245 129//247 133//248
f 128//245 130//249 129//247
f 128//245 132//250 130//249
f 134//251 128//245 69//70
f 131//252 127//246 128//245
f 133//248 131//252 128//245
f 128//245 134//251 132//250
f 134//251 136//253 135//254
f 135//254 132//250 134//251
f 134//251 138//255 136//253
f 69//70 137//256 134//251
f 137//256 138//255 134//251
f 139//257 136//253 138//255
f 139//257 138//255 137//256
f 141//258 139//257 140//259
f 140//259 139//257 142//260
f 141//258 136//253 139//257
f 139//257 137//256 142//260
f 140//259 142//260 69//70
f 69//70 142//260 137//256
f 143//261 141//258 140//259
f 141//258 144//262 136//253
f 141//258 143//261 145//263
f 144//262 141//258 145//263
f 143//261 47//47 145//263
f 146//264 145//263 47//47
f 144//262 145//263 146//264
f 147//265 149//266 146//264
f 148//267 147//265 146//264
f 41//42 148//267 146//264
f 41//42 146//264 47//47
f 144//262 146//264 149//266
f 150//268 149//266 147//265
f 150//268 144//262 149//266
f 150//268 147//265 151//269
f 135//254 150//268 151//269
f 150//268 135//254 136//253
f 144//262 150//268 136//253
f 135//254 151//269 153//270
f 147//265 152//271 151//269
f 153//270 151//269 152//271
f 153//270 154//272 155//273
f 156//274 154//272 153//270
f 153//270 155//273 132//250
f 156//274 153//270 152//271
f 132//250 135//254 153//270
f 156//274 157//275 160//276
f 158//277 157//275 156//274
f 152//271 158//277 156//274
f 156//274 159//278 154//272
f 160//276 159//278 156//274
f 161//279 159//278 160//276
f 161//279 160//276 162//280
f 157//275 162//280 160//276
f 164//281 162//280 163//282
f 163//282 162//280 157//275
f 164//281 161//279 162//280
f 165//283 169//284 164//281
f 165//283 164//281 167//285
f 166//286 164//281 163//282
f 168//287 164//281 166//286
f 169//284 161//279 164//281
f 168//287 167//285 164//281
f 169//288 165//289 170//290
f 169//288 170//290 172//291
f 171//292 169//288 172//291
f 161//279 169//284 171//293
f 173//294 172//295 170//296
f 171//292 172//291 173//297
f 175//298 173//294 170//296
f 174//299 171//292 173//297
f 173//297 176//300 174//299
f 175//298 177//301 173//294
f 178//302 176//303 173//294
f 177//301 178//302 173//294
f 178//302 180//304 179//305
f 178//302 179//305 176//303
f 181//306 180//307 178//308
f 181//306 178//308 177//309
f 181//310 182//311 184//312
f 183//313 182//314 181//306
f 183//313 181//306 177//309
f 180//304 181//310 185//315
f 184//312 185//315 181//310
f 185//316 184//317 187//318
f 180//304 185//315 186//319
f 186//320 185//316 174//299
f 185//316 187//318 174//299
f 188//321 187//318 196//322
f 203//323 187//318 188//321
f 187//318 190//324 189//325
f 187//318 189//325 199//326
f 197//327 190//324 187//318
f 191//328 174//299 187//318
f 206//329 191//328 187//318
f 187//318 208//330 192//331
f 192//331 195//332 187//318
f 187//318 199//326 193//333
f 187//318 193//333 194//334
f 187//318 194//334 200//335
f 195//332 205//336 187//318
f 187//318 201//337 196//322
f 202//338 197//327 187//318
f 204//339 198//340 187//318
f 198//340 208//330 187//318
f 187//318 200//335 201//337
f 207//341 202//338 187//318
f 203//323 204//339 187//318
f 205//336 206//329 187//318
f 184//317 207//341 187//318
f 208//342 198//343 212//344
f 208//330 209//345 192//331
f 208//330 210//346 209//345
f 211//347 210//348 208//342
f 208//342 212//344 211//347
f 216//349 211//350 212//351
f 212//351 213//352 215//353
f 212//351 214//354 213//352
f 214//355 212//344 198//343
f 216//349 212//351 215//353
f 217//356 219//357 216//349
f 217//356 216//349 215//353
f 216//349 219//357 218//358
f 216//349 218//358 222//359
f 220//360 223//361 216//349
f 220//360 216//349 221//362
f 222//359 221//362 216//349
f 216//349 223//361 211//350
f 223//363 224//364 225//365
f 223//363 220//366 224//364
f 225//365 211//347 223//363
f 225//367 125//368 209//345
f 125//368 225//367 224//369
f 225//365 210//348 211//347
f 210//346 225//367 209//345
f 126//370 125//368 224//369
f 226//371 224//364 220//366
f 120//232 126//370 224//369
f 120//232 224//369 226//372
f 119//373 226//371 227//374
f 226//372 119//231 120//232
f 226//371 220//366 227//374
f 227//374 228//375 119//373
f 228//376 227//377 220//360
f 119//373 228//375 229//378
f 221//362 229//379 228//376
f 221//362 228//376 220//360
f 116//380 119//373 229//378
f 229//378 230//381 116//380
f 230//382 229//379 221//362
f 230//381 117//383 116//380
f 231//384 230//382 221//362
f 113//385 117//383 230//381
f 230//381 231//386 113//385
f 232//387 231//386 233//388
f 231//386 232//387 113//385
f 234//389 233//390 231//384
f 235//391 234//389 231//384
f 221//362 235//391 231//384
f 236//392 239//393 235//394
f 235//394 237//395 236//392
f 238//396 237//397 235//391
f 239//393 234//398 235//394
f 235//391 221//362 238//396
f 240//399 109//213 239//400
f 240//399 239//400 236//401
f 109//213 241//402 239//400
f 234//398 239//393 241//403
f 109//213 232//404 241//402
f 233//388 241//403 232//387
f 233//388 234//398 241//403
f 109//213 240//399 245//405
f 240//399 242//406 248//407
f 251//408 242//406 240//399
f 243//409 249//410 240//399
f 236//401 243//409 240//399
f 244//411 247//412 240//399
f 253//413 244//411 240//399
f 240//399 247//412 245//405
f 248//407 246//414 240//399
f 240//399 246//414 252//415
f 249//410 254//416 240//399
f 250//417 251//408 240//399
f 254//416 250//417 240//399
f 253//413 240//399 252//415
f 255//418 254//419 249//420
f 256//421 250//422 254//419
f 255//418 256//421 254//419
f 256//421 258//423 250//422
f 256//424 255//425 257//426
f 258//427 256//424 257//426
f 260//428 259//429 258//427
f 258//423 259//430 250//422
f 260//428 258//427 257//426
f 262//431 261//432 260//433
f 259//430 260//433 261//432
f 238//396 260//428 257//426
f 262//431 260//433 238//434
f 261//435 262//436 242//406
f 263//437 262//431 238//434
f 262//436 263//438 264//439
f 262//436 264//439 242//406
f 265//440 264//439 263//438
f 264//441 265//442 266//443
f 267//444 242//445 264//441
f 264//441 266//443 267//444
f 268//446 267//447 266//448
f 269//449 267//447 268//446
f 267//444 269//450 242//445
f 246//451 248//452 269//450
f 269//450 248//452 242//445
f 270//453 269//449 268//446
f 269//450 270//454 246//451
f 268//446 271//455 270//453
f 272//456 270//453 271//455
f 270//454 272//457 246//451
f 252//458 272//457 273//459
f 272//457 252//458 246//451
f 273//460 272//456 271//455
f 273//459 275//461 252//458
f 271//455 274//462 273//460
f 275//463 273//460 274//462
f 252//415 275//464 277//465
f 276//466 277//467 275//463
f 278//468 276//466 275//463
f 275//463 274//462 279//469
f 279//469 278//468 275//463
f 279//470 280//471 283//472
f 280//473 279//469 274//462
f 281//474 282//475 279//470
f 283//472 281//474 279//470
f 279//469 282//476 278//468
f 284//477 283//478 285//479
f 284//477 286//480 283//478
f 286//480 281//481 283//478
f 287//482 285//483 283//472
f 283//472 280//471 287//482
f 287//482 288//484 285//483
f 288//485 287//486 289//487
f 287//486 280//473 274//462
f 274//462 289//487 287//486
f 290//488 289//487 274//462
f 289//487 290//488 268//446
f 268//446 288//485 289//487
f 268//446 290//488 271//455
f 274//462 271//455 290//488
f 268//446 294//489 288//485
f 294//489 291//490 288//485
f 291//490 292//491 288//485
f 292//491 295//492 288//485
f 288//484 293//493 285//483
f 293//494 288//495 295//496
f 295//496 296//497 293//494
f 296//497 295//496 297//498
f 292//491 298//499 295//492
f 298//499 297//500 295//492
f 299//501 302//502 298//503
f 298//503 292//504 299//501
f 298//499 301//505 297//500
f 301//506 298//503 300//507
f 298//503 302//502 300//507
f 303//508 302//509 299//510
f 303//508 300//511 302//509
f 308//512 304//513 303//508
f 303//508 304//513 305//514
f 305//514 311//515 303//508
f 303//508 311//515 306//516
f 285//479 303//508 306//516
f 303//508 296//517 307//518
f 303//508 307//518 300//511
f 312//519 308//512 303//508
f 303//508 310//520 309//521
f 303//508 309//521 312//519
f 299//510 310//520 303//508
f 303//508 285//479 296//517
f 313//522 314//523 312//524
f 312//524 309//525 313//522
f 314//523 308//526 312//524
f 308//526 314//523 316//527
f 315//528 316//529 314//530
f 315//528 314//530 317//531
f 314//530 313//532 317//531
f 317//533 309//525 310//534
f 318//535 317//533 310//534
f 309//525 317//533 313//522
f 317//531 318//536 315//528
f 310//534 319//537 318//535
f 318//535 319//537 320//538
f 321//539 318//535 320//538
f 318//536 321//540 315//528
f 320//538 322//541 321//539
f 322//541 323//542 321//539
f 315//528 321//540 323//543
f 323//542 322//541 326//544
f 315//528 323//543 325//545
f 323//543 324//546 325//545
f 324//547 323//542 326//544
f 328//548 326//549 322//550
f 326//544 327//551 325//552
f 328//548 327//553 326//549
f 326//544 325//552 324//547
f 322//550 333//554 328//548
f 329//555 328//556 332//557
f 328//548 329//558 327//553
f 328//556 331//559 330//560
f 330//560 332//557 328//556
f 333//554 331//561 328//548
f 322//550 334//562 333//554
f 330//560 331//559 333//563
f 333//563 335//564 330//560
f 335//564 333//563 334//565
f 335//566 294//489 268//446
f 330//567 335//566 268//446
f 294//568 335//564 334//565
f 322//550 320//569 334//562
f 336//570 334//562 320//569
f 334//565 336//571 294//568
f 336//571 299//501 292//504
f 299//510 336//570 319//572
f 336//570 320//569 319//572
f 336//571 291//573 294//568
f 336//571 292//504 291//573
f 329//555 332//557 337//574
f 268//446 338//575 332//576
f 268//446 332//576 330//567
f 338//575 337//577 332//576
f 338//575 339//578 345//579
f 340//580 339//578 338//575
f 340//580 338//575 268//446
f 341//581 337//577 338//575
f 338//575 343//582 341//581
f 338//575 342//583 343//582
f 344//584 342//583 338//575
f 338//575 346//585 344//584
f 338//575 345//579 346//585
f 347//586 348//587 346//588
f 346//588 345//589 347//586
f 344//584 346//585 348//590
f 347//586 349//591 348//587
f 350//592 348//587 349//591
f 344//584 348//590 350//593
f 350//593 351//594 344//584
f 351//594 350//593 352//595
f 349//591 352//596 350//592
f 353//597 352//598 349//599
f 352//595 353//600 356//601
f 352//595 356//601 354//602
f 352//595 354//602 355//603
f 355//603 351//594 352//595
f 354//602 356//601 168//287
f 356//601 357//604 358//605
f 360//606 357//604 356//601
f 356//601 358//605 359//607
f 167//285 356//601 359//607
f 356//601 353//600 360//606
f 356//601 167//285 168//287
f 349//599 361//608 360//609
f 360//609 353//597 349//599
f 362//610 360//611 361//612
f 360//606 362//613 357//604
f 361//612 363//614 362//610
f 357//604 362//613 363//615
f 363//615 366//616 364//617
f 365//618 363//615 364//617
f 363//615 365//618 357//604
f 361//612 366//619 363//614
f 366//616 367//620 364//617
f 367//621 366//619 368//622
f 366//619 361//612 368//622
f 370//623 368//622 369//624
f 349//599 369//625 368//626
f 370//623 367//621 368//622
f 349//599 368//626 361//608
f 369//624 364//627 370//623
f 367//620 370//628 364//617
f 349//599 188//321 369//625
f 369//624 371//629 364//627
f 188//321 371//630 369//625
f 364//627 371//629 372//631
f 188//321 372//632 371//630
f 196//322 372//632 188//321
f 372//631 196//633 373//634
f 373//634 364//627 372//631
f 373//634 196//633 201//635
f 200//636 376//637 373//634
f 373//634 201//635 200//636
f 365//618 364//617 373//638
f 365//618 373//638 374//639
f 373//638 375//640 374//639
f 373//638 376//641 375//640
f 375//642 376//637 194//643
f 376//637 200//636 194//643
f 377//644 375//642 193//645
f 375//642 194//643 193//645
f 375//640 377//646 374//639
f 377//644 193//645 199//647
f 374//648 377//644 199//647
f 378//649 374//648 199//647
f 378//649 379//650 374//648
f 374//639 379//651 365//618
f 365//618 379//651 378//652
f 189//653 378//649 199//647
f 380//654 378//649 189//653
f 378//652 380//655 365//618
f 358//656 380//654 189//653
f 357//604 380//655 358//605
f 380//655 357//604 365//618
f 359//657 358//658 189//325
f 190//324 359//657 189//325
f 382//659 359//660 190//661
f 359//607 381//662 167//285
f 359//607 382//663 381//662
f 381//662 382//663 383//664
f 190//661 383//665 382//659
f 190//661 384//666 383//665
f 183//313 383//664 182//314
f 381//662 383//664 183//313
f 383//664 384//667 182//314
f 202//668 385//669 384//666
f 384//667 385//670 386//671
f 384//667 386//671 182//314
f 384//666 197//672 202//668
f 190//661 197//672 384//666
f 207//673 184//312 386//674
f 386//674 385//669 207//673
f 184//312 182//311 386//674
f 385//669 202//668 207//673
f 167//285 381//662 387//675
f 387//675 381//662 183//313
f 387//676 388//677 170//296
f 165//678 387//676 170//296
f 388//679 387//675 183//313
f 167//285 387//675 165//283
f 170//296 388//677 175//298
f 183//313 175//680 388//679
f 390//681 389//682 355//683
f 351//594 355//603 389//684
f 355//683 392//685 390//681
f 354//602 391//686 355//603
f 355//683 391//687 392//685
f 390//688 392//689 393//690
f 392//689 395//691 393//690
f 397//692 394//693 392//694
f 394//693 395//695 392//694
f 396//696 392//694 391//686
f 396//696 397//692 392//694
f 14//15 398//697 397//692
f 14//15 397//692 396//696
f 399//698 397//692 398//697
f 397//692 399//698 394//693
f 400//699 399//698 398//697
f 399//698 400//699 394//693
f 401//700 400//699 398//697
f 401//700 403//701 400//699
f 400//699 402//702 394//693
f 404//703 402//702 400//699
f 400//699 403//701 404//703
f 404//704 406//705 405//706
f 404//704 405//706 393//707
f 406//708 404//703 408//709
f 393//707 402//710 404//704
f 403//701 407//711 404//703
f 407//711 408//709 404//703
f 408//709 412//712 409//713
f 408//709 409//713 410//714
f 410//714 411//715 408//709
f 408//709 411//715 406//708
f 408//709 407//711 412//712
f 412//716 413//717 415//718
f 416//719 413//717 412//716
f 412//716 414//720 416//719
f 414//721 412//712 418//722
f 415//718 409//723 412//716
f 412//712 417//724 418//722
f 407//711 417//724 412//712
f 418//722 419//725 421//726
f 419//725 418//722 417//724
f 420//727 414//721 418//722
f 418//722 422//728 420//727
f 421//726 422//728 418//722
f 420//729 422//730 423//731
f 422//730 421//732 423//731
f 421//732 424//733 423//731
f 423//734 424//735 427//736
f 426//737 423//731 425//738
f 425//739 423//734 427//736
f 426//737 420//729 423//731
f 424//735 433//740 427//736
f 428//741 436//742 427//736
f 427//736 435//743 428//741
f 429//744 430//745 427//746
f 429//744 427//746 433//747
f 430//745 432//748 427//746
f 427//736 432//749 431//750
f 435//743 427//736 431//750
f 434//751 425//739 427//736
f 436//742 434//751 427//736
f 434//752 436//753 414//720
f 436//753 428//754 414//720
f 435//743 431//750 444//755
f 435//743 444//755 437//756
f 435//743 437//756 438//757
f 435//743 438//757 441//758
f 435//743 439//759 413//760
f 439//759 435//743 442//761
f 435//743 416//762 428//741
f 413//760 416//762 435//743
f 441//758 440//763 435//743
f 435//743 440//763 443//764
f 435//743 446//765 442//761
f 435//743 443//764 445//766
f 435//743 445//766 446//765
f 446//767 448//768 442//769
f 446//767 447//770 448//768
f 447//770 446//767 445//771
f 448//768 449//772 442//769
f 449//773 448//774 450//775
f 450//775 448//774 447//776
f 451//777 455//778 450//775
f 457//779 451//777 450//775
f 450//775 456//780 452//781
f 450//775 452//781 449//773
f 450//775 455//778 453//782
f 315//528 450//775 453//782
f 450//775 454//783 456//780
f 325//545 454//783 450//775
f 450//775 447//776 457//779
f 325//545 450//775 315//528
f 457//784 443//785 440//786
f 451//787 457//784 440//786
f 447//776 458//788 457//779
f 443//785 457//784 458//789
f 458//789 447//770 445//771
f 458//789 445//771 443//785
f 456//790 459//791 460//792
f 461//793 459//791 456//790
f 460//792 452//794 456//790
f 461//793 456//790 454//795
f 461//796 329//558 462//797
f 329//558 461//796 327//553
f 454//795 327//551 461//793
f 459//798 461//796 462//797
f 464//799 463//800 462//801
f 459//798 462//797 463//802
f 337//574 462//801 329//555
f 465//803 464//799 462//801
f 337//574 465//803 462//801
f 341//581 464//804 465//805
f 341//581 465//805 337//577
f 463//800 464//799 466//806
f 467//807 466//808 464//804
f 468//809 467//807 464//804
f 341//581 468//809 464//804
f 471//810 468//811 469//812
f 470//813 469//812 468//811
f 468//811 341//814 470//813
f 468//809 471//815 467//807
f 469//812 473//816 471//810
f 467//817 471//810 472//818
f 471//810 473//816 472//818
f 473//819 469//820 439//759
f 472//821 473//819 439//759
f 474//822 472//821 439//759
f 466//806 472//818 474//823
f 466//806 467//817 472//818
f 463//802 474//822 439//759
f 466//806 474//823 463//800
f 475//824 470//825 341//826
f 469//820 470//827 475//828
f 475//824 341//826 476//829
f 390//681 475//824 476//829
f 477//830 439//759 475//828
f 469//820 475//828 439//759
f 475//828 480//831 477//830
f 475//828 390//688 405//832
f 475//828 405//832 478//833
f 475//828 478//833 479//834
f 475//828 479//834 480//831
f 409//723 477//835 480//836
f 480//836 479//837 481//838
f 482//839 409//723 480//836
f 481//838 482//839 480//836
f 409//713 482//840 481//841
f 409//713 481//841 410//714
f 481//838 479//837 478//842
f 410//843 481//838 478//842
f 410//843 478//842 406//705
f 478//842 405//706 406//705
f 477//830 415//844 439//759
f 415//718 477//835 409//723
f 476//829 389//682 390//681
f 351//594 389//684 476//845
f 351//594 476//845 343//582
f 343//582 476//845 341//581
f 439//759 460//846 463//802
f 460//846 459//798 463//802
f 483//847 460//846 439//759
f 460//792 483//848 452//794
f 439//759 485//849 483//847
f 484//850 452//794 483//848
f 483//848 485//851 484//850
f 439//759 442//761 485//849
f 485//851 449//772 484//850
f 485//851 442//769 449//772
f 452//781 484//852 449//773
f 455//853 451//787 487//854
f 486//855 453//856 455//853
f 487//854 486//855 455//853
f 451//787 490//857 487//854
f 486//858 487//859 488//860
f 489//861 488//860 487//859
f 489//861 487//859 490//862
f 441//758 489//861 490//862
f 440//786 490//857 451//787
f 441//758 490//862 440//763
f 489//863 441//864 491//865
f 489//863 491//865 493//866
f 489//863 493//866 492//867
f 488//868 489//863 492//867
f 493//869 491//870 430//871
f 492//872 493//869 430//871
f 492//867 494//873 488//868
f 494//874 492//872 495//875
f 495//875 492//872 430//871
f 495//875 430//871 501//876
f 494//874 495//875 496//877
f 496//877 495//875 502//878
f 500//879 497//880 495//875
f 495//875 497//880 502//878
f 495//875 499//881 498//882
f 498//882 500//879 495//875
f 501//876 499//881 495//875
f 503//883 502//884 506//885
f 502//878 503//886 504//887
f 496//877 502//878 504//887
f 505//888 506//885 502//884
f 505//888 502//884 497//889
f 506//890 508//891 507//892
f 509//893 506//890 507//892
f 506//890 505//894 510//895
f 506//890 510//895 508//891
f 506//885 509//896 503//883
f 510//897 511//898 512//899
f 510//897 513//900 511//898
f 512//899 508//901 510//897
f 513//902 510//895 505//894
f 513//902 505//894 514//903
f 516//904 513//902 514//903
f 513//900 515//905 511//898
f 513//900 516//906 515//905
f 517//907 515//905 516//906
f 516//906 518//908 517//907
f 518//909 516//904 514//903
f 518//909 514//903 519//910
f 520//911 518//909 519//910
f 517//907 518//908 520//912
f 521//913 520//911 519//910
f 522//914 520//912 521//915
f 522//914 523//916 520//912
f 523//916 517//907 520//912
f 515//917 517//918 523//919
f 515//917 523//919 525//920
f 523//919 524//921 525//920
f 523//919 522//922 524//921
f 528//923 525//924 526//925
f 527//926 526//925 525//924
f 511//927 515//917 525//920
f 527//926 525//924 524//928
f 511//927 525//920 528//929
f 526//925 529//930 528//923
f 530//931 528//923 529//930
f 511//927 528//929 530//932
f 530//932 532//933 531//934
f 533//935 530//932 531//934
f 532//936 530//931 529//930
f 530//932 533//935 511//927
f 531//934 534//937 533//935
f 533//935 512//938 511//927
f 539//939 512//938 533//935
f 534//937 538//940 533//935
f 535//941 533//935 536//942
f 533//935 535//941 537//943
f 533//935 538//940 536//942
f 533//935 537//943 539//939
f 540//944 508//901 539//945
f 540//944 539//945 537//946
f 512//899 539//945 508//901
f 507//947 540//944 537//946
f 508//891 540//948 507//892
f 541//949 542//950 538//951
f 538//951 534//952 541//949
f 542//950 536//953 538//951
f 542//954 541//955 543//956
f 542//954 543//956 546//957
f 536//953 542//950 544//958
f 545//959 544//960 542//954
f 542//954 546//957 545//959
f 546//957 548//961 545//959
f 548//962 546//963 547//964
f 547//964 546//963 543//965
f 548//962 547//964 549//966
f 545//967 548//962 549//966
f 550//968 549//969 547//970
f 550//968 551//971 549//969
f 549//966 551//972 545//967
f 552//973 551//972 553//974
f 552//973 545//967 551//972
f 550//968 553//975 551//971
f 555//976 553//975 550//968
f 553//974 554//977 552//973
f 553//974 555//978 554//977
f 556//979 557//980 555//976
f 558//981 556//979 555//976
f 555//978 557//982 559//983
f 558//981 555//976 550//968
f 555//978 559//983 554//977
f 561//984 560//985 559//986
f 560//985 554//987 559//986
f 559//986 562//988 561//984
f 562//989 559//983 557//982
f 562//988 564//990 561//984
f 562//989 557//982 563//991
f 563//991 564//992 562//989
f 564//990 567//993 561//984
f 563//991 565//994 564//992
f 565//994 566//995 564//992
f 566//995 567//996 564//992
f 567//993 568//997 561//984
f 568//998 567//996 566//995
f 568//997 569//999 561//984
f 568//997 570//1000 569//999
f 570//1001 568//998 556//1002
f 566//995 556//1002 568//998
f 572//1003 569//1004 570//1005
f 571//1006 575//1007 570//1008
f 570//1009 571//1010 576//1011
f 570//1012 575//1013 571//1014
f 576//1015 571//1016 570//1017
f 558//1018 572//1003 570//1005
f 582//117 573//1019 570//1020
f 570//1021 573//117 582//1022
f 574//1023 582//1024 570//1025
f 570//1026 574//1027 583//1028
f 570//1029 582//1030 574//1031
f 583//1032 574//1033 570//1034
f 575//117 583//1035 570//1036
f 570//1037 583//117 575//1038
f 570//1039 576//1040 584//1041
f 584//1042 576//1043 570//1044
f 577//1045 584//1046 570//1047
f 570//1048 577//1049 578//1050
f 570//1051 584//1052 577//1053
f 578//1054 577//1055 570//1056
f 570//1057 578//1058 579//1059
f 579//1060 578//1061 570//1062
f 570//1063 579//1064 580//1065
f 580//1066 579//1067 570//1068
f 570//1069 580//1070 585//1071
f 585//1072 580//1073 570//1074
f 581//1075 585//1076 570//1077
f 570//1078 581//1079 586//1080
f 570//1081 585//1082 581//1083
f 586//1084 581//1085 570//1086
f 570//1001 556//1002 558//1087
f 570//1088 587//1089 558//1090
f 558//1091 587//1092 570//1093
f 570//1094 586//1095 587//1096
f 587//1097 586//1098 570//1099
f 582//117 588//117 573//117
f 573//1100 588//1100 582//1100
f 588//93 589//117 573//93
f 573//117 589//117 588//117
f 573//117 590//202 589//1100
f 589//117 591//117 573//117
f 590//202 591//117 589//1100
f 591//117 590//117 573//117
f 572//1003 592//1101 593//1102
f 592//1103 572//1104 594//1105
f 572//1003 593//1102 569//1004
f 594//1105 572//1104 558//981
f 550//968 595//1106 594//1105
f 550//968 594//1105 558//981
f 592//1103 594//1105 595//1106
f 550//968 598//1107 595//1106
f 592//1103 595//1106 596//1108
f 596//1108 595//1106 599//1109
f 595//1106 597//1110 599//1109
f 598//1107 597//1110 595//1106
f 601//1111 600//1112 599//1109
f 602//1113 599//1109 600//1112
f 599//1109 597//1110 601//1111
f 596//1108 599//1109 602//1113
f 596//1108 602//1113 603//1114
f 604//1115 603//1114 602//1113
f 600//1112 604//1115 602//1113
f 607//1116 604//1115 600//1112
f 604//1115 605//1117 606//1118
f 608//1119 605//1117 604//1115
f 606//1118 603//1114 604//1115
f 607//1116 608//1119 604//1115
f 608//1119 609//1120 605//1117
f 608//1119 607//1116 610//1121
f 609//1120 608//1119 611//1122
f 608//1119 610//1121 611//1122
f 611//1122 612//1123 38//39
f 43//44 611//1122 38//39
f 609//1120 611//1122 43//44
f 611//1122 610//1121 612//1123
f 613//1124 614//1125 612//1123
f 613//1124 612//1123 615//1126
f 612//1123 614//1125 38//39
f 612//1123 610//1121 607//1116
f 607//1116 615//1126 612//1123
f 615//1126 617//1127 613//1124
f 601//1111 616//1128 615//1126
f 600//1112 601//1111 615//1126
f 615//1126 607//1116 600//1112
f 616//1128 617//1127 615//1126
f 618//1129 613//1124 617//1127
f 618//1129 617//1127 616//1128
f 613//1124 618//1129 619//1130
f 620//1131 619//1130 618//1129
f 618//1129 598//1107 620//1131
f 598//1107 618//1129 616//1128
f 620//1131 621//1132 622//1133
f 620//1131 550//968 621//1132
f 622//1133 623//1134 620//1131
f 550//968 620//1131 598//1107
f 623//1134 624//1135 620//1131
f 620//1131 624//1135 619//1130
f 625//1136 619//1130 624//1135
f 625//1136 624//1135 623//1134
f 626//1137 625//1136 33//33
f 33//33 625//1136 627//1138
f 626//1137 619//1130 625//1136
f 625//1136 623//1134 627//1138
f 33//33 627//1138 622//1133
f 622//1133 627//1138 623//1134
f 34//35 626//1137 33//33
f 626//1137 628//1139 619//1130
f 626//1137 34//35 37//38
f 628//1139 626//1137 37//38
f 628//1139 38//39 614//1125
f 613//1124 628//1139 614//1125
f 628//1139 613//1124 619//1130
f 628//1139 37//38 38//39
f 31//32 33//33 622//1133
f 31//32 622//1133 629//1140
f 629//1140 622//1133 621//1132
f 24//25 31//32 629//1140
f 629//1140 630//1141 24//25
f 631//1142 630//1141 629//1140
f 631//1142 629//1140 621//1132
f 22//22 630//1141 631//1142
f 621//1132 632//1143 631//1142
f 631//1142 632//1143 633//1144
f 22//22 631//1142 16//17
f 16//17 631//1142 633//1144
f 635//1145 633//1146 634//1147
f 632//1143 634//1148 633//1144
f 16//17 633//1144 636//1149
f 635//1150 636//1151 633//1152
f 636//1153 635//1154 637//1155
f 638//1156 636//1153 637//1155
f 16//17 636//1149 19//18
f 639//1157 19//1158 636//1153
f 638//1156 639//1157 636//1153
f 639//1159 641//1160 18//1161
f 639//1157 18//1162 19//1158
f 642//1163 640//1164 639//1159
f 639//1159 640//1164 641//1160
f 639//1159 638//1165 642//1163
f 638//1165 643//1166 642//1163
f 642//1167 643//1168 644//1169
f 640//1170 642//1167 644//1169
f 645//1171 646//1172 644//1169
f 648//1173 645//1171 644//1169
f 647//1174 644//1169 646//1172
f 644//1169 647//1174 641//1175
f 644//1169 641//1175 640//1170
f 643//1168 648//1173 644//1169
f 649//1176 648//1177 650//1178
f 648//1177 649//1176 651//1179
f 652//1180 650//1181 648//1173
f 651//1179 645//1182 648//1177
f 643//1168 652//1180 648//1173
f 652//1183 638//1165 653//1184
f 650//1178 652//1183 653//1184
f 652//1183 643//1166 638//1165
f 653//1184 654//1185 650//1178
f 637//1155 653//1186 638//1156
f 637//1155 654//1187 653//1186
f 650//1178 654//1185 649//1176
f 637//1155 649//1188 654//1187
f 655//1189 656//1190 651//1191
f 655//1189 651//1191 649//1188
f 645//1182 651//1179 656//1192
f 655//1189 657//1193 656//1190
f 658//1194 656//1192 657//1195
f 659//1196 645//1182 656//1192
f 658//1194 659//1196 656//1192
f 645//1171 659//1197 660//1198
f 659//1197 658//1199 660//1198
f 645//1171 660//1198 646//1172
f 657//1195 660//1200 658//1194
f 646//1201 660//1200 662//1202
f 660//1200 661//1203 662//1202
f 657//1195 661//1203 660//1200
f 665//1204 662//1205 655//1189
f 655//1189 662//1205 661//1206
f 663//1207 646//1201 662//1202
f 662//1202 664//1208 663//1207
f 665//1204 664//1209 662//1205
f 666//1210 665//1211 668//1212
f 665//1211 666//1210 667//1213
f 665//1211 667//1213 669//1214
f 668//1215 665//1204 655//1189
f 665//1204 669//1216 664//1209
f 664//1217 669//1218 670//1219
f 669//1218 667//1220 671//1221
f 669//1218 671//1221 670//1219
f 672//1222 671//1221 667//1220
f 671//1221 672//1222 673//1223
f 670//1219 671//1221 674//1224
f 671//1221 673//1223 675//1225
f 671//1221 675//1225 674//1224
f 675//1226 673//1227 676//1228
f 676//1228 674//1229 675//1226
f 679//1230 676//1228 677//1231
f 673//1227 677//1231 676//1228
f 676//1232 679//1233 678//1234
f 674//1235 676//1232 678//1234
f 680//1236 681//1237 679//1230
f 679//1230 677//1231 680//1236
f 681//1237 682//1238 679//1230
f 679//1233 682//1239 678//1234
f 683//1240 682//1238 681//1237
f 682//1239 683//1241 519//910
f 682//1239 519//910 678//1234
f 683//1241 684//1242 519//910
f 684//1243 683//1240 685//1244
f 681//1237 685//1244 683//1240
f 685//1244 686//1245 684//1243
f 686//1246 685//1247 672//1222
f 685//1247 677//1248 673//1223
f 685//1247 673//1223 672//1222
f 685//1247 681//1249 680//1250
f 685//1247 680//1250 677//1248
f 686//1245 687//1251 684//1243
f 687//1251 686//1245 690//1252
f 688//1253 686//1246 672//1222
f 688//1253 689//1254 686//1246
f 689//1254 690//1255 686//1246
f 690//1252 691//1256 687//1251
f 690//1252 692//1257 691//1256
f 690//1252 689//1258 692//1257
f 692//1259 693//1260 655//1189
f 691//1261 692//1259 655//1189
f 689//1258 693//1262 692//1257
f 693//1260 668//1215 655//1189
f 689//1258 694//1263 693//1262
f 694//1263 668//1212 693//1262
f 694//1263 688//1264 668//1212
f 688//1253 694//1265 689//1254
f 687//1266 691//1261 655//1189
f 668//1212 688//1264 695//1267
f 695//1268 688//1253 672//1222
f 695//1267 666//1210 668//1212
f 666//1269 695//1268 672//1222
f 655//1189 519//910 687//1266
f 519//910 684//1242 687//1266
f 519//910 699//1270 678//1234
f 678//1234 700//1271 674//1235
f 698//1272 696//1273 678//1274
f 678//1234 696//1275 700//1271
f 678//1274 697//1276 698//1272
f 697//1276 678//1274 699//1277
f 670//1219 674//1224 700//1278
f 670//1219 700//1278 696//1279
f 701//1280 699//1270 519//910
f 699//1277 701//1281 500//1282
f 500//1282 498//1283 699//1277
f 498//1283 697//1276 699//1277
f 519//910 514//903 701//1280
f 500//1282 701//1281 514//1284
f 698//1285 697//1286 703//1287
f 703//1287 702//1288 698//1285
f 696//1279 698//1285 702//1288
f 499//881 703//1287 498//882
f 697//1286 498//882 703//1287
f 702//1288 703//1287 499//881
f 702//1288 501//876 429//1289
f 499//881 501//876 702//1288
f 704//1290 706//1291 702//1288
f 429//1289 704//1290 702//1288
f 702//1288 706//1291 705//1292
f 696//1279 702//1288 705//1292
f 707//1293 705//1294 706//1295
f 433//747 707//1293 706//1295
f 706//1295 704//1296 433//747
f 707//1297 401//700 398//697
f 398//697 705//1292 707//1297
f 709//1298 708//1299 707//1300
f 707//1297 708//1301 401//700
f 709//1298 707//1300 433//740
f 424//733 419//1302 709//1303
f 419//1302 710//1304 709//1303
f 710//1304 401//1305 709//1303
f 424//735 709//1298 433//740
f 709//1298 401//1306 708//1299
f 401//700 710//1307 403//701
f 403//701 710//1307 419//725
f 705//1292 398//697 696//1279
f 433//747 704//1296 429//744
f 398//697 670//1219 696//1279
f 672//1222 667//1220 666//1269
f 17//19 670//1219 14//15
f 670//1219 17//19 664//1217
f 670//1219 398//697 14//15
f 647//1174 663//1308 664//1217
f 17//19 647//1174 664//1217
f 646//1172 663//1308 647//1174
f 655//1189 661//1206 657//1193
f 637//1155 655//1189 649//1188
f 711//1309 717//1310 655//1189
f 655//1189 719//1311 711//1309
f 655//1189 717//1310 712//1312
f 655//1189 712//1312 715//1313
f 655//1189 718//1314 713//1315
f 655//1189 713//1315 714//1316
f 655//1189 714//1316 719//1311
f 655//1189 715//1313 716//1317
f 519//910 655//1189 716//1317
f 655//1189 637//1155 718//1314
f 720//1318 711//1319 719//1320
f 721//1321 719//1320 714//1322
f 721//1321 720//1318 719//1320
f 722//1323 721//1321 714//1322
f 720//1324 721//1325 722//1326
f 723//1327 722//1323 713//1328
f 722//1323 714//1322 713//1328
f 720//1324 722//1326 724//1329
f 722//1326 723//1330 724//1329
f 725//1331 720//1324 724//1329
f 725//1331 724//1329 726//1332
f 718//1333 724//1334 723//1327
f 726//1335 724//1334 718//1333
f 634//1147 726//1336 637//1337
f 726//1332 634//1148 632//1143
f 621//1132 725//1331 726//1332
f 621//1132 726//1332 632//1143
f 718//1333 727//1338 726//1335
f 726//1336 727//1339 637//1337
f 637//1155 727//1340 718//1314
f 621//1132 728//1341 725//1331
f 711//1319 720//1318 725//1342
f 729//1343 725//1342 728//1344
f 725//1342 729//1343 711//1319
f 729//1345 730//1346 717//1310
f 711//1309 729//1345 717//1310
f 729//1345 541//955 730//1346
f 729//1345 543//956 541//955
f 543//965 729//1343 728//1344
f 717//1347 730//1348 534//952
f 534//952 730//1348 541//949
f 728//1344 547//964 543//965
f 547//970 728//1341 621//1132
f 723//1327 713//1328 718//1333
f 531//1349 712//1350 717//1347
f 534//952 531//1349 717//1347
f 532//936 716//1351 715//1352
f 529//930 716//1351 532//936
f 519//910 716//1317 529//1353
f 715//1352 531//1349 731//1354
f 731//1354 532//936 715//1352
f 715//1352 712//1350 531//1349
f 532//933 731//1355 531//934
f 641//1175 647//1174 17//19
f 17//19 18//20 641//1175
f 635//1145 634//1147 637//1337
f 630//1141 26//26 24//25
f 26//26 630//1141 22//22
f 547//970 621//1132 550//968
f 616//1128 597//1110 598//1107
f 616//1128 601//1111 597//1110
f 605//1117 609//1120 50//52
f 609//1120 43//44 45//46
f 609//1120 45//46 50//52
f 734//1356 603//1114 606//1118
f 733//1357 606//1118 732//1358
f 605//1117 732//1358 606//1118
f 733//1357 734//1356 606//1118
f 734//1356 596//1108 603//1114
f 735//1359 734//1356 738//1360
f 735//1359 736//1361 734//1356
f 736//1361 596//1108 734//1356
f 737//1362 734//1356 733//1357
f 737//1362 738//1360 734//1356
f 739//1363 741//1364 738//1360
f 738//1360 742//1365 739//1363
f 738//1360 740//1366 735//1359
f 738//1360 741//1364 740//1366
f 742//1365 738//1360 737//1362
f 742//1365 748//1367 739//1363
f 743//1368 742//1365 737//1362
f 744//1369 742//1365 743//1368
f 744//1369 747//1370 742//1365
f 742//1365 745//1371 748//1367
f 746//1372 745//1371 742//1365
f 742//1365 747//1370 746//1372
f 748//1373 750//1374 749//1375
f 739//1376 748//1377 749//1378
f 745//1371 750//1379 748//1367
f 750//1374 751//1380 749//1375
f 751//1381 750//1379 752//1382
f 750//1379 745//1371 752//1382
f 752//1382 753//1383 754//1384
f 753//1383 752//1382 745//1371
f 752//1382 757//1385 751//1381
f 752//1382 754//1384 755//1386
f 752//1382 755//1386 756//1387
f 756//1387 757//1385 752//1382
f 757//1388 756//1389 758//1390
f 758//1390 751//1380 757//1388
f 561//984 749//1378 758//1391
f 561//984 758//1391 760//1392
f 758//1390 749//1375 751//1380
f 756//1389 759//1393 758//1390
f 759//1393 760//1394 758//1390
f 762//1395 761//1396 760//1394
f 561//984 760//1392 761//1397
f 759//1393 762//1395 760//1394
f 762//1395 763//1398 761//1396
f 762//1399 759//1400 756//1387
f 755//1386 763//1401 762//1399
f 755//1386 762//1399 756//1387
f 763//1398 764//1402 761//1396
f 765//1403 764//1402 763//1398
f 763//1398 755//1404 765//1403
f 561//984 764//1405 765//1406
f 767//1407 561//984 765//1406
f 766//1408 765//1403 755//1404
f 765//1406 766//1409 767//1407
f 778//1410 561//984 767//1407
f 768//1411 774//1412 767//1407
f 768//1411 767//1407 780//1413
f 767//1407 773//1414 769//1415
f 767//1407 769//1415 776//1416
f 767//1407 777//1417 770//1418
f 767//1407 770//1418 772//1419
f 767//1407 772//1419 771//1420
f 767//1407 771//1420 778//1410
f 767//1407 779//1421 773//1414
f 767//1407 774//1412 779//1421
f 767//1407 766//1409 775//1422
f 767//1407 775//1422 780//1413
f 767//1407 776//1416 777//1417
f 781//1423 780//1424 775//1425
f 781//1423 783//1426 780//1424
f 768//1411 780//1413 782//1427
f 783//1426 782//1428 780//1424
f 782//1428 783//1426 753//1429
f 753//1383 783//1430 754//1384
f 783//1430 781//1431 754//1384
f 784//1432 746//1433 782//1428
f 768//1411 782//1427 746//1434
f 782//1428 753//1429 784//1432
f 745//1371 784//1435 753//1383
f 746//1372 784//1435 745//1371
f 775//1425 754//1436 781//1423
f 773//1437 779//1438 785//1439
f 785//1439 779//1438 774//1440
f 773//1437 785//1439 786//1441
f 787//1442 785//1439 774//1440
f 496//877 786//1443 785//1444
f 496//877 785//1444 787//1445
f 774//1440 788//1446 787//1442
f 789//1447 787//1445 788//1448
f 496//877 787//1445 789//1447
f 790//1449 791//1450 789//1447
f 789//1447 788//1448 790//1449
f 789//1447 792//1451 496//877
f 791//1450 792//1451 789//1447
f 496//877 792//1451 793//1452
f 791//1450 793//1452 792//1451
f 496//877 793//1452 795//1453
f 791//1450 794//1454 793//1452
f 793//1452 794//1454 795//1453
f 796//1455 795//1456 794//1457
f 796//1455 797//1458 795//1456
f 798//1459 795//1460 797//1461
f 795//1453 798//1462 799//1463
f 795//1453 799//1463 800//1464
f 795//1453 800//1464 801//1465
f 795//1453 801//1465 496//877
f 801//1466 800//1467 802//1468
f 801//1466 802//1468 804//1469
f 804//1469 803//1470 801//1466
f 496//877 801//1465 803//1471
f 804//1472 806//1473 805//1474
f 807//1475 804//1472 805//1474
f 806//1473 804//1472 802//1476
f 804//1469 807//1477 803//1470
f 486//858 809//1478 807//1475
f 807//1475 811//1479 486//858
f 807//1475 805//1474 811//1479
f 808//1480 803//1470 807//1477
f 807//1477 810//1481 808//1480
f 809//1478 810//1482 807//1475
f 811//1483 805//1484 812//1485
f 811//1483 812//1485 813//1486
f 453//856 486//855 811//1483
f 813//1486 453//856 811//1483
f 453//782 813//1487 812//1488
f 315//528 453//782 812//1488
f 814//1489 812//1485 805//1484
f 812//1488 814//1490 315//528
f 814//1489 805//1484 806//1491
f 806//1491 815//1492 814//1489
f 315//528 814//1490 815//1493
f 815//1492 816//1494 818//1495
f 806//1491 816//1494 815//1492
f 315//528 815//1493 817//1496
f 818//1495 817//1497 815//1492
f 304//513 818//1498 819//1499
f 820//1500 818//1498 304//513
f 818//1495 820//1501 817//1497
f 818//1498 816//1502 819//1499
f 821//1503 820//1500 304//513
f 822//1504 817//1497 820//1501
f 822//1504 820//1501 821//1505
f 821//1505 823//1506 822//1504
f 817//1496 822//1507 823//1508
f 821//1505 824//1509 823//1506
f 316//527 823//1506 824//1509
f 823//1508 316//529 315//528
f 315//528 817//1496 823//1508
f 824//1510 821//1503 304//513
f 308//512 824//1510 304//513
f 308//526 316//527 824//1509
f 819//1499 826//1511 304//513
f 819//1512 799//1513 825//1514
f 825//1514 826//1515 819//1512
f 799//1513 819//1512 802//1468
f 816//1502 802//1476 819//1499
f 826//1511 828//1516 304//513
f 825//1514 827//1517 826//1515
f 827//1517 828//1518 826//1515
f 828//1516 829//1519 304//513
f 827//1517 830//1520 828//1518
f 830//1520 829//1521 828//1518
f 831//1522 829//1521 830//1520
f 830//1520 798//1459 831//1522
f 798//1462 830//1523 827//1524
f 831//1525 796//1526 304//513
f 831//1525 797//1527 796//1526
f 829//1519 831//1525 304//513
f 797//1461 831//1522 798//1459
f 827//1524 825//1528 799//1463
f 798//1462 827//1524 799//1463
f 816//1502 806//1473 802//1476
f 808//1480 810//1481 809//1529
f 809//1529 494//873 808//1480
f 494//873 809//1529 488//868
f 486//858 488//860 809//1478
f 496//877 803//1471 808//1530
f 496//877 808//1530 494//874
f 800//1467 799//1513 802//1468
f 796//1526 834//1531 832//1532
f 796//1526 832//1532 833//1533
f 796//1526 833//1533 837//1534
f 835//1535 796//1455 794//1457
f 796//1526 836//1536 834//1531
f 796//1526 835//1537 836//1536
f 837//1534 304//513 796//1526
f 838//1538 837//1539 833//1540
f 839//1541 837//1539 838//1538
f 837//1534 839//1542 304//513
f 304//513 839//1542 305//514
f 840//1543 305//1544 839//1541
f 839//1541 838//1538 840//1543
f 840//1545 844//1546 841//1547
f 842//1548 840//1545 841//1547
f 845//1549 840//1545 838//1550
f 840//1543 842//1551 311//1552
f 840//1545 843//1553 844//1546
f 845//1549 843//1553 840//1545
f 311//1552 305//1544 840//1543
f 845//1549 838//1550 847//1554
f 849//1555 846//1556 845//1549
f 843//1553 845//1549 846//1556
f 847//1554 848//1557 845//1549
f 845//1549 848//1557 849//1555
f 836//1558 849//1559 848//1560
f 846//1561 849//1559 836//1558
f 848//1560 834//1562 836//1558
f 848//1560 847//1563 834//1562
f 838//1550 850//1564 847//1554
f 847//1563 850//1565 834//1562
f 838//1550 851//1566 850//1564
f 850//1565 832//1567 834//1562
f 850//1565 851//1568 832//1567
f 851//1568 838//1538 833//1540
f 851//1568 833//1540 832//1567
f 854//1569 852//1570 846//1561
f 846//1556 852//1571 853//1572
f 843//1553 846//1556 853//1572
f 846//1561 836//1558 854//1569
f 835//1537 854//1573 836//1536
f 835//1537 857//1574 854//1573
f 854//1569 855//1575 852//1570
f 856//1576 855//1577 854//1573
f 857//1574 856//1576 854//1573
f 855//1578 856//1579 857//1580
f 858//1581 857//1582 835//1535
f 858//1581 859//1583 857//1582
f 861//1584 857//1580 859//1585
f 861//1584 860//1586 857//1580
f 860//1586 855//1578 857//1580
f 861//1584 863//1587 862//1588
f 862//1588 860//1586 861//1584
f 863//1587 861//1584 737//1362
f 859//1585 743//1368 861//1584
f 861//1584 743//1368 737//1362
f 862//1588 863//1587 864//1589
f 737//1362 864//1589 863//1587
f 864//1589 866//1590 862//1588
f 865//1591 864//1589 733//1357
f 864//1589 865//1591 866//1590
f 864//1589 737//1362 733//1357
f 868//1592 866//1590 867//1593
f 866//1590 869//1594 867//1593
f 869//1594 866//1590 865//1591
f 868//1592 862//1588 866//1590
f 865//1591 870//1595 869//1594
f 869//1594 870//1595 49//51
f 867//1593 869//1594 49//51
f 865//1591 871//1596 870//1595
f 871//1596 872//1597 870//1595
f 870//1595 872//1597 873//1598
f 873//1598 49//51 870//1595
f 873//1598 872//1597 874//1599
f 874//1599 605//1117 873//1598
f 873//1598 875//1600 49//51
f 875//1600 873//1598 605//1117
f 605//1117 50//52 875//1600
f 49//51 875//1600 50//52
f 874//1599 872//1597 871//1596
f 733//1357 732//1358 874//1599
f 605//1117 874//1599 732//1358
f 874//1599 871//1596 733//1357
f 733//1357 871//1596 865//1591
f 868//1592 877//1601 862//1588
f 876//1602 73//73 868//1592
f 868//1592 867//1593 876//1602
f 868//1592 73//73 879//1603
f 877//1601 868//1592 878//1604
f 868//1592 879//1603 878//1604
f 880//1605 879//1606 76//1607
f 73//73 76//81 879//1603
f 880//1605 878//1608 879//1606
f 884//1609 880//1605 76//1607
f 880//1610 883//1611 878//1612
f 881//1613 882//1614 880//1610
f 880//1610 884//1615 881//1613
f 880//1610 882//1614 883//1611
f 79//90 885//1616 884//1609
f 884//1609 76//1607 79//90
f 887//1617 884//1615 885//1618
f 884//1615 886//1619 881//1613
f 887//1617 886//1619 884//1615
f 888//1620 887//1617 885//1618
f 886//1621 887//1622 889//1623
f 887//1622 888//1624 889//1623
f 890//1625 892//1626 889//1627
f 889//1627 894//1628 890//1625
f 891//1629 894//1628 889//1627
f 891//1629 889//1627 888//1620
f 889//1623 892//1630 893//1631
f 886//1621 889//1623 893//1631
f 79//90 894//1632 891//1633
f 79//90 109//213 894//1632
f 109//213 890//1634 894//1632
f 892//1630 895//1635 893//1631
f 896//1636 893//1631 895//1635
f 881//1637 886//1621 893//1631
f 882//1638 881//1637 893//1631
f 893//1631 883//1639 882//1638
f 893//1631 896//1636 883//1639
f 883//1639 896//1636 877//1601
f 895//1635 897//1640 896//1636
f 896//1636 897//1640 898//1641
f 877//1601 896//1636 898//1641
f 899//1642 898//1643 897//1644
f 901//1645 898//1646 899//1647
f 901//1645 900//1648 898//1646
f 898//1641 900//1649 276//466
f 276//466 877//1601 898//1641
f 901//1650 904//1651 900//1652
f 903//1653 901//1650 902//1654
f 902//1655 901//1645 109//213
f 901//1645 899//1647 109//213
f 901//1650 903//1653 904//1651
f 905//1656 906//1657 904//1658
f 905//1656 904//1658 903//1659
f 900//1649 904//1658 906//1657
f 906//1657 905//1656 907//1660
f 900//1649 906//1657 276//466
f 906//1657 907//1660 909//1661
f 276//466 906//1657 908//1662
f 906//1657 909//1661 908//1662
f 909//1663 907//1664 910//1665
f 910//1665 908//1666 909//1663
f 908//1667 910//1668 252//415
f 910//1668 253//413 252//415
f 253//1669 910//1665 911//1670
f 907//1664 911//1670 910//1665
f 253//1669 911//1670 913//1671
f 912//1672 911//1673 907//1660
f 912//1672 913//1674 911//1673
f 244//1675 253//1669 913//1671
f 913//1671 912//1676 244//1675
f 912//1676 914//1677 247//1678
f 247//1678 244//1675 912//1676
f 914//1679 912//1672 905//1656
f 912//1672 907//1660 905//1656
f 914//1677 245//1680 247//1678
f 245//1680 914//1677 916//1681
f 915//1682 914//1679 905//1656
f 915//1682 917//1683 914//1679
f 917//1683 916//1684 914//1679
f 915//1682 918//1685 917//1683
f 917//1686 918//1687 920//1688
f 916//1681 917//1686 919//1689
f 917//1686 920//1688 919//1689
f 920//1690 902//1655 109//213
f 919//1691 920//1690 109//213
f 918//1687 902//1654 920//1688
f 921//1692 919//1691 109//213
f 916//1681 919//1689 921//1693
f 245//405 921//1692 109//213
f 916//1681 921//1693 245//1680
f 918//1687 915//1694 902//1654
f 903//1653 902//1654 915//1694
f 915//1694 922//1695 903//1653
f 922//1696 915//1682 905//1656
f 903//1659 922//1696 905//1656
f 252//415 277//465 908//1667
f 276//466 908//1662 277//467
f 109//213 899//1647 923//1697
f 924//1698 923//1699 899//1642
f 895//1700 924//1698 899//1642
f 897//1644 895//1700 899//1642
f 892//1630 926//1701 924//1702
f 892//1630 924//1702 895//1635
f 925//1703 923//1699 924//1698
f 925//1703 924//1698 926//1704
f 892//1630 927//1705 926//1701
f 928//1706 925//1703 926//1704
f 926//1704 927//1707 928//1706
f 927//1707 890//1625 928//1706
f 109//213 928//1708 890//1634
f 109//213 925//1709 928//1708
f 927//1707 892//1626 890//1625
f 109//213 923//1697 925//1709
f 79//90 891//1633 885//1616
f 888//1620 885//1618 891//1629
f 877//1601 878//1604 883//1639
f 877//1601 276//466 862//1588
f 53//53 876//1602 867//1593
f 64//65 876//1602 53//53
f 876//1602 64//65 73//73
f 49//51 53//53 867//1593
f 276//466 278//468 862//1588
f 862//1588 278//468 860//1586
f 929//1710 860//1586 278//468
f 860//1586 929//1710 855//1578
f 853//1572 929//1710 278//468
f 929//1710 853//1572 855//1578
f 744//1369 743//1368 859//1585
f 859//1585 791//1450 744//1369
f 859//1585 858//1711 791//1450
f 835//1535 930//1712 858//1581
f 791//1450 858//1711 930//1713
f 791//1450 930//1713 794//1454
f 794//1457 930//1712 835//1535
f 853//1572 852//1571 855//1578
f 931//1714 853//1572 278//468
f 931//1714 932//1715 853//1572
f 853//1572 932//1715 844//1546
f 853//1572 844//1546 843//1553
f 931//1714 934//1716 932//1715
f 844//1546 932//1715 933//1717
f 932//1715 934//1716 933//1717
f 934//1718 931//1719 286//1720
f 933//1721 934//1718 286//1720
f 284//1722 935//1723 933//1721
f 284//1722 933//1721 286//1720
f 841//1547 933//1717 935//1724
f 933//1717 841//1547 844//1546
f 936//1725 935//1723 284//1722
f 935//1724 936//1726 841//1547
f 284//1722 938//1727 936//1725
f 938//1727 937//1728 936//1725
f 841//1547 936//1726 937//1729
f 938//1730 284//477 285//479
f 940//1731 938//1727 939//1732
f 939//1733 938//1730 285//479
f 940//1731 937//1728 938//1727
f 937//1729 940//1734 842//1548
f 941//1735 940//1731 939//1732
f 940//1734 941//1736 842//1548
f 941//1735 939//1732 942//1737
f 942//1737 842//1551 941//1735
f 942//1737 306//1738 842//1551
f 306//516 942//1739 285//479
f 942//1739 939//1733 285//479
f 937//1729 842//1548 841//1547
f 286//480 931//1740 943//1741
f 281//1742 943//1743 931//1714
f 281//1742 931//1714 278//468
f 286//480 943//1741 281//481
f 842//1551 306//1738 311//1552
f 791//1450 790//1449 744//1369
f 768//1744 744//1745 790//1746
f 790//1746 788//1446 768//1744
f 774//1440 768//1744 788//1446
f 786//1441 504//1747 944//1748
f 944//1748 773//1437 786//1441
f 504//887 786//1443 496//877
f 944//1749 946//1750 945//1751
f 773//1414 944//1749 945//1751
f 504//1747 947//1752 944//1748
f 946//1750 944//1749 947//1753
f 507//892 946//1750 947//1753
f 507//892 947//1753 509//893
f 947//1752 504//1747 503//883
f 503//883 509//896 947//1752
f 949//1754 948//1755 946//1756
f 948//1755 945//1757 946//1756
f 946//1756 507//947 949//1754
f 948//1758 949//1759 535//941
f 535//941 949//1759 950//1760
f 507//947 950//1761 949//1754
f 535//941 950//1760 537//943
f 537//946 950//1761 507//947
f 948//1758 535//941 953//1762
f 948//1755 951//1763 945//1757
f 954//1764 951//1765 948//1758
f 952//1766 954//1764 948//1758
f 953//1762 952//1766 948//1758
f 954//1764 955//1767 956//1768
f 955//1769 954//1770 770//1771
f 954//1764 956//1768 951//1765
f 772//1772 954//1770 952//1773
f 954//1770 772//1772 770//1771
f 956//1768 957//1774 951//1765
f 957//1775 956//1776 776//1777
f 955//1767 958//1778 956//1768
f 956//1776 958//1779 776//1777
f 958//1779 777//1780 776//1777
f 958//1779 955//1769 770//1771
f 958//1779 770//1771 777//1780
f 957//1775 769//1781 959//1782
f 959//1782 951//1763 957//1775
f 957//1775 776//1777 769//1781
f 951//1763 959//1782 945//1757
f 773//1414 945//1751 959//1783
f 773//1414 959//1783 769//1415
f 535//941 960//1784 953//1762
f 960//1784 961//1785 953//1762
f 771//1786 953//1787 961//1788
f 771//1786 952//1773 953//1787
f 960//1784 962//1789 961//1785
f 961//1788 962//1790 963//1791
f 961//1788 778//1792 771//1786
f 961//1788 963//1791 778//1792
f 963//1793 964//1794 561//984
f 778//1410 963//1793 561//984
f 964//1795 963//1791 962//1790
f 560//1796 964//1795 960//1797
f 964//1794 560//985 561//984
f 962//1790 960//1797 964//1795
f 535//941 965//1798 960//1784
f 560//1796 960//1797 965//1799
f 965//1799 966//1800 560//1796
f 968//1801 966//1800 965//1799
f 535//941 967//1802 965//1798
f 968//1801 965//1799 967//1803
f 967//1803 969//1804 968//1801
f 552//1805 968//1806 969//1807
f 968//1806 552//1805 554//987
f 966//1808 968//1806 554//987
f 545//959 552//1805 969//1807
f 545//959 969//1807 544//960
f 544//958 969//1804 970//1809
f 967//1803 970//1809 969//1804
f 970//1810 967//1802 535//941
f 535//941 536//942 970//1810
f 544//958 970//1809 971//1811
f 536//942 971//1812 970//1810
f 971//1811 536//953 544//958
f 560//985 966//1808 554//987
f 952//1773 771//1786 772//1772
f 754//1436 775//1425 766//1408
f 747//1813 744//1814 768//1411
f 746//1434 747//1813 768//1411
f 755//1404 754//1436 766//1408
f 561//984 761//1397 764//1405
f 561//984 972//1815 749//1378
f 972//1815 739//1376 749//1378
f 976//1816 972//1815 561//984
f 972//1817 974//1818 973//1819
f 972//1817 973//1819 975//1820
f 972//1817 976//1821 974//1818
f 975//1820 739//1822 972//1817
f 977//1823 976//1816 561//984
f 976//1821 977//1824 978//1825
f 978//1825 974//1818 976//1821
f 979//1826 978//1825 977//1824
f 978//1827 979//1828 980//1829
f 974//1830 978//1827 980//1829
f 983//1831 980//1832 979//1826
f 981//1833 980//1832 983//1831
f 982//1834 980//1829 981//1835
f 982//1834 973//1836 980//1829
f 973//1836 974//1830 980//1829
f 983//1837 985//1838 561//984
f 984//1839 983//1837 561//984
f 979//1826 985//1840 983//1831
f 983//1831 984//1841 981//1833
f 985//1838 977//1823 561//984
f 979//1826 977//1824 985//1840
f 987//1842 984//1839 569//999
f 984//1839 561//984 569//999
f 986//1843 981//1833 984//1841
f 984//1841 987//1844 986//1843
f 988//1845 987//1842 569//999
f 986//1843 987//1844 988//1846
f 989//1847 988//1845 569//999
f 990//1848 988//1846 989//1849
f 990//1848 986//1843 988//1846
f 991//1850 990//1848 989//1849
f 981//1835 986//1851 990//1852
f 981//1835 990//1852 991//1853
f 992//1854 991//1850 989//1849
f 982//1834 981//1835 991//1853
f 991//1853 992//1855 982//1834
f 993//1856 994//1857 992//1854
f 992//1854 989//1849 993//1856
f 982//1834 992//1855 994//1858
f 740//1859 994//1857 993//1856
f 994//1858 740//1366 982//1834
f 995//1860 736//1861 993//1862
f 736//1861 735//1863 993//1862
f 735//1864 740//1859 993//1856
f 995//1860 993//1862 989//1847
f 995//1865 592//1103 596//1108
f 596//1108 736//1361 995//1865
f 592//1866 995//1867 593//1868
f 569//999 593//1869 995//1860
f 569//999 995//1860 989//1847
f 740//1366 741//1364 982//1834
f 741//1364 973//1836 982//1834
f 739//1363 975//1870 741//1364
f 741//1364 975//1870 973//1836
f 556//979 566//1871 565//1872
f 556//979 565//1872 557//980
f 565//1872 563//1873 557//980
f 529//1353 526//1874 519//910
f 526//1874 527//1875 519//910
f 524//928 521//915 527//926
f 527//1875 521//913 519//910
f 524//928 522//914 521//915
f 497//889 514//1284 505//888
f 497//889 500//1282 514//1284
f 430//871 429//1289 501//876
f 491//870 997//1876 996//1877
f 491//870 996//1877 430//871
f 997//1878 491//865 441//864
f 997//1876 999//1879 998//1880
f 997//1876 998//1880 996//1877
f 441//864 438//1881 997//1878
f 999//1882 997//1878 437//1883
f 997//1878 438//1881 437//1883
f 998//1884 999//1882 444//1885
f 999//1882 437//1883 444//1885
f 431//1886 996//1887 998//1884
f 998//1884 444//1885 431//1886
f 432//1888 430//1889 996//1887
f 996//1887 431//1886 432//1888
f 454//795 325//552 327//551
f 439//759 415//844 413//760
f 1000//1890 426//737 434//752
f 414//720 1000//1890 434//752
f 426//737 425//738 434//752
f 426//1891 1000//1892 414//721
f 414//720 428//754 416//719
f 420//727 426//1891 414//721
f 424//733 421//732 419//1302
f 403//701 419//725 417//724
f 417//724 407//711 403//701
f 406//705 411//1893 410//843
f 390//688 393//690 405//832
f 393//707 394//1894 402//710
f 396//696 354//602 168//287
f 391//686 354//602 396//696
f 1001//1895 396//696 168//287
f 396//696 1001//1895 14//15
f 14//15 1001//1895 13//13
f 168//287 13//13 1001//1895
f 395//691 394//1896 393//690
f 351//594 343//582 342//583
f 351//594 342//583 344//584
f 349//599 347//1897 188//321
f 345//589 1002//1898 347//586
f 188//321 347//1897 1002//1899
f 1003//1900 1002//1898 345//589
f 188//321 1002//1899 1003//1901
f 1003//1901 1006//1902 1004//1903
f 1003//1901 1004//1903 1007//1904
f 1005//1905 1003//1900 339//1906
f 1003//1901 1005//1907 1006//1902
f 1003//1900 345//589 339//1906
f 188//321 1003//1901 1007//1904
f 1009//1908 1007//1909 1004//1910
f 1009//1908 1008//1911 1007//1909
f 188//321 1007//1904 1008//1912
f 1004//1910 1010//1913 1009//1908
f 1011//1914 1009//1915 1010//1916
f 1009//1908 1011//1917 1008//1911
f 1012//1918 1013//1919 1011//1914
f 1012//1918 1011//1914 1010//1916
f 1011//1917 1013//1920 1008//1911
f 1013//1920 1014//1921 1008//1911
f 1013//1920 1016//1922 1014//1921
f 1012//1918 1015//1923 1013//1919
f 1013//1920 1015//1924 1016//1922
f 188//321 1014//1925 1016//1926
f 1012//1927 1017//1928 1016//1922
f 188//321 1016//1926 1017//1929
f 1015//1924 1012//1927 1016//1922
f 1019//1930 1018//1931 1017//1928
f 188//321 1017//1929 1018//1932
f 1017//1928 1012//1927 1019//1930
f 1018//1931 1019//1930 215//1933
f 215//353 1019//1934 217//356
f 1019//1934 1012//1918 217//356
f 215//1933 203//1935 1018//1931
f 188//321 1018//1932 203//323
f 188//321 1008//1912 1014//1925
f 1012//1918 1010//1916 217//356
f 1010//1913 1004//1910 1006//1936
f 217//1937 1010//1913 1006//1936
f 217//1937 1006//1936 1020//1938
f 1005//1907 1020//1939 1006//1902
f 1020//1939 1005//1907 1022//1940
f 1020//1938 1021//1941 219//1942
f 1021//1943 1020//1939 1022//1940
f 219//1942 217//1937 1020//1938
f 1021//1943 1022//1940 1023//1944
f 340//1945 1022//1946 1005//1905
f 1023//1947 1022//1946 1024//1948
f 1022//1946 340//1945 1024//1948
f 265//442 1023//1947 1024//1948
f 266//448 1024//1949 340//580
f 1024//1948 266//443 265//442
f 1023//1944 265//440 1021//1943
f 265//440 1025//1950 1021//1943
f 1025//1950 1026//1951 1021//1943
f 1021//1941 1026//1952 222//1953
f 1021//1941 218//1954 219//1942
f 222//1953 218//1954 1021//1941
f 222//1953 1026//1952 1025//1955
f 1028//1956 1025//1955 263//437
f 265//440 263//438 1025//1950
f 1028//1956 1027//1957 1025//1955
f 1025//1955 1027//1957 222//1953
f 1027//1958 1028//1959 221//362
f 221//362 1028//1959 238//396
f 263//437 238//434 1028//1956
f 222//359 1027//1958 221//362
f 339//1906 340//1945 1005//1905
f 268//446 266//448 340//580
f 299//510 319//572 310//520
f 297//498 307//1960 296//497
f 297//498 300//507 307//1960
f 297//498 301//506 300//507
f 285//479 293//1961 296//517
f 278//468 282//476 281//1742
f 261//432 251//1962 259//430
f 251//408 261//435 242//406
f 259//430 251//1962 250//422
f 249//420 257//1963 255//418
f 249//420 243//1964 257//1963
f 237//395 257//1963 243//1964
f 238//396 257//426 237//397
f 243//1964 236//392 237//395
f 109//213 113//221 232//404
f 215//1933 213//1965 203//1935
f 213//1965 214//355 204//1966
f 198//343 204//1966 214//355
f 213//1965 204//1966 203//1935
f 192//1967 209//1968 131//1969
f 127//244 209//1968 125//242
f 127//244 131//1969 209//1968
f 1030//1970 206//1971 205//1972
f 191//1973 206//1971 1029//1974
f 1030//1970 1029//1974 206//1971
f 1031//1975 1030//1970 205//1972
f 1030//1976 1031//1977 1032//1978
f 1033//1979 1030//1976 1032//1978
f 1033//1979 1029//1980 1030//1976
f 191//1973 1033//1981 133//1982
f 133//248 1033//1979 131//252
f 1029//1974 1033//1981 191//1973
f 1033//1979 1032//1978 131//252
f 192//1967 1032//1983 1031//1975
f 131//1969 1032//1983 192//1967
f 1031//1975 195//1984 192//1967
f 1031//1975 205//1972 195//1984
f 189//1985 1034//1986 199//1987
f 199//1988 1034//1989 189//1990
f 191//328 1035//1991 174//299
f 133//1982 1035//1992 191//1973
f 174//1993 1035//1994 133//1995
f 186//319 179//305 180//304
f 179//1996 186//320 174//299
f 177//309 175//680 183//313
f 176//300 179//1996 174//299
f 174//299 1036//1997 171//292
f 1036//1998 174//1993 1037//1999
f 174//1993 133//1995 1037//1999
f 1037//1999 1038//2000 1036//1998
f 1038//2001 1037//2002 129//247
f 129//247 1037//2002 133//248
f 1038//2003 171//2004 1036//2005
f 171//293 1038//2001 161//279
f 1038//2001 129//247 130//249
f 1038//2001 130//249 161//279
f 13//13 168//287 166//286
f 166//286 1039//2006 11//12
f 1041//2007 1039//2006 166//286
f 11//12 13//13 166//286
f 166//286 1040//2008 1041//2007
f 166//286 163//282 1040//2008
f 1041//2007 1043//2009 7//8
f 7//8 1042//2010 1041//2007
f 1041//2007 1042//2010 1039//2006
f 1043//2009 1041//2007 1040//2008
f 5//7 7//8 1043//2009
f 1043//2009 9//5 5//7
f 1043//2009 1044//2011 9//5
f 157//275 1043//2009 163//282
f 1045//2012 1043//2009 157//275
f 1043//2009 1040//2008 163//282
f 1045//2012 1044//2011 1043//2009
f 1044//2011 1045//2012 148//267
f 1045//2012 1046//2013 148//267
f 1045//2012 158//277 1046//2013
f 158//277 1045//2012 157//275
f 148//267 1046//2013 147//265
f 152//271 147//265 1046//2013
f 158//277 152//271 1046//2013
f 1044//2011 148//267 41//42
f 1044//2011 41//42 42//41
f 1044//2011 42//41 1047//2014
f 1047//2014 9//5 1044//2011
f 9//5 1047//2014 3//6
f 3//6 1047//2014 42//41
f 1039//2006 1042//2010 6//9
f 6//9 1042//2010 7//8
f 11//12 1039//2006 6//9
f 161//279 130//249 159//278
f 159//278 155//273 154//272
f 130//249 155//273 159//278
f 132//250 155//273 130//249
f 59//59 143//261 140//259
f 143//261 59//59 57//57
f 143//261 57//57 47//47
f 59//59 140//259 62//61
f 62//61 140//259 69//70
f 120//232 122//2015 126//370
f 70//71 115//236 103//203
f 109//213 81//92 110//214
f 105//207 110//217 81//88
f 109//213 79//90 81//92
f 70//71 103//203 78//85
f 76//1607 75//2016 79//90
f 70//71 78//85 72//72
f 73//73 64//65 65//66
f 25//24 4//4 28//28
f 4//4 25//24 2//2
