# calf.dae material 深色橡胶_005-effect
# rgba 0.671705 0.692426 0.77427 1
v -0.005454 0.005305 0.023586
v -0.010297 0.005338 0.018043
v -0.000146 0.005273 0.028716
v -0.000361 0.003009 0.028842
v -0.005716 0.003009 0.023730
v -0.005450 0.005332 0.023584
v -0.010063 0.003009 0.018938
v -0.005828 0.005338 0.023187
v -0.010277 0.005438 0.018033
v -0.005565 0.006196 0.022937
v -0.010660 0.006261 0.016880
v -0.005049 0.006796 0.022446
v 0.000089 0.006158 0.028457
v 0.000569 0.006783 0.027929
v 0.000091 0.006161 0.028456
v 0.003910 0.005245 0.030907
v 0.003990 0.006143 0.030579
v 0.004161 0.006779 0.029884
v 0.008435 0.006123 0.030514
v 0.008244 0.006774 0.029821
v 0.000569 0.006784 0.027929
v 0.001189 0.007009 0.027244
v 0.004383 0.007009 0.028978
v 0.011152 0.007009 0.027133
v 0.007993 0.007009 0.028913
v -0.004398 0.007009 0.021828
v 0.011187 0.007009 0.013347
v 0.012970 0.007009 0.024107
v 0.011816 0.006762 0.027829
v 0.012912 0.007009 0.020549
v 0.013567 0.006891 0.020364
v 0.011785 0.006914 0.013229
v 0.013798 0.006786 0.020299
v 0.011184 0.006675 0.005905
v 0.012354 0.006618 0.013117
v 0.010645 0.006928 0.005960
v 0.010756 0.006689 -0.001389
v 0.010083 0.007009 0.006017
v -0.011796 0.007009 -0.004017
v 0.009670 0.007009 -0.001374
v -0.009409 0.007009 0.015949
v -0.010100 0.006814 0.016463
v -0.014142 0.006840 0.009792
v -0.013418 0.007009 0.009440
v -0.016658 0.006859 0.002431
v -0.015916 0.007009 0.002267
v -0.016935 0.007204 -0.001392
v -0.015664 0.007786 -0.005163
v -0.016605 0.007887 -0.005233
v -0.015434 0.008005 -0.006402
v -0.015833 0.008712 -0.008969
v -0.015397 0.008038 -0.006581
v -0.007676 0.007009 -0.010302
v -0.013762 0.009217 -0.012450
v -0.011370 0.008038 -0.012724
v -0.010930 0.010712 -0.019506
v -0.007249 0.008038 -0.019008
v -0.013232 0.009535 -0.013944
v -0.003555 0.007009 -0.016586
v 0.000565 0.007009 -0.022871
v 0.010408 0.007009 -0.016096
v 0.009821 0.007009 -0.008753
v 0.010908 0.006687 -0.008696
v 0.011484 0.005830 -0.002581
v 0.011645 0.005824 -0.008658
v 0.011629 0.005824 -0.008346
v 0.012048 0.005814 -0.014084
v 0.011497 0.006683 -0.015982
v 0.012694 0.005800 -0.019805
v 0.012424 0.006677 -0.023232
v 0.011330 0.007009 -0.023390
v 0.012231 0.005810 -0.015904
v 0.012848 0.005438 -0.019816
v 0.012219 0.005417 -0.014103
v 0.012795 0.002007 -0.008512
v 0.013357 0.000009 -0.014211
v 0.011809 0.005409 -0.008374
v 0.011666 0.005412 -0.002617
v 0.012553 0.003009 -0.007509
v 0.012531 -0.003044 -0.007424
v 0.012791 -0.001988 -0.008493
v 0.012457 0.003009 -0.002766
v 0.010890 0.003009 -0.002169
v 0.007513 0.003009 0.004658
v 0.010890 -0.003044 -0.002169
v 0.012615 0.003009 0.002958
v 0.011846 0.005423 0.003149
v 0.013095 0.003009 0.008657
v 0.012424 0.005438 0.008874
v 0.013900 0.003011 0.014307
v 0.013418 0.005459 0.014508
v -0.004170 0.003009 0.014359
v 0.014041 0.003011 0.015108
v 0.001940 0.003009 0.009787
v 0.001940 -0.003044 0.009787
v 0.007513 -0.003044 0.004658
v 0.013081 -0.003044 0.008670
v 0.012598 -0.003044 0.002974
v 0.013891 -0.003046 0.014314
v 0.013417 -0.005440 0.014513
v 0.012420 -0.005419 0.008884
v 0.014033 -0.003046 0.015115
v -0.004170 -0.003044 0.014359
v 0.014984 -0.003046 0.019691
v -0.000357 -0.003044 0.028840
v 0.014846 -0.003047 0.019098
v 0.014669 -0.003047 0.018304
v 0.014499 -0.003047 0.017509
v 0.015029 -0.003044 0.019889
v 0.014337 -0.003047 0.016712
v -0.010198 0.000009 0.019042
v 0.014181 -0.003046 0.015914
v -0.010059 -0.003044 0.018934
v -0.005707 -0.003044 0.023730
v -0.005451 -0.005285 0.023590
v -0.003196 -0.005285 0.025854
v -0.000146 -0.005254 0.028717
v -0.005447 -0.005313 0.023588
v -0.006132 -0.005324 0.022866
v -0.010293 -0.005318 0.018051
v -0.010803 0.000009 0.018314
v -0.014351 -0.005353 0.011949
v -0.009320 -0.008175 0.017989
v -0.013112 -0.008371 0.011802
v -0.009546 -0.008184 0.017678
v -0.009093 -0.008697 0.017819
v -0.008734 -0.009129 0.017550
v -0.012456 -0.009188 0.011466
v -0.013269 -0.008381 0.011482
v -0.014979 -0.009237 0.004797
v -0.011514 -0.009491 0.010983
v -0.008381 -0.009491 0.012969
v -0.014039 -0.009491 0.004537
v -0.009260 -0.009491 0.011416
v -0.008286 -0.009403 0.017215
v -0.007815 -0.009491 0.016864
v -0.010061 -0.009491 0.009828
v -0.010778 -0.009491 0.008200
v -0.011407 -0.009491 0.006540
v -0.011171 -0.009424 0.006458
v -0.011711 -0.009424 0.004771
v -0.011951 -0.009491 0.004841
v -0.012408 -0.009491 0.003105
v -0.012164 -0.009424 0.003048
v -0.012771 -0.009491 0.001358
v -0.013048 -0.009491 -0.000410
v -0.012525 -0.009424 0.001313
v -0.012345 -0.009241 0.001280
v -0.011986 -0.009241 0.003006
v -0.012800 -0.009424 -0.000442
v -0.012618 -0.009241 -0.000466
v -0.013240 -0.009491 -0.002181
v -0.012991 -0.009424 -0.002202
v -0.013105 -0.009424 -0.003966
v -0.012809 -0.009241 -0.002218
v -0.013355 -0.009491 -0.003956
v -0.013396 -0.009491 -0.005734
v -0.015237 -0.009491 -0.002312
v -0.013060 -0.009491 -0.012685
v -0.015272 -0.009491 -0.009312
v -0.015916 -0.009384 -0.009352
v -0.016171 -0.009258 -0.002235
v -0.013370 -0.009491 -0.007503
v -0.013287 -0.009491 -0.009274
v -0.013151 -0.009491 -0.011048
v -0.013121 -0.009424 -0.007495
v -0.013037 -0.009424 -0.009259
v -0.012902 -0.009424 -0.011026
v -0.012722 -0.009425 -0.012796
v -0.012969 -0.009491 -0.012824
v -0.012720 -0.009424 -0.012796
v -0.012720 -0.009241 -0.011009
v -0.012855 -0.009241 -0.009247
v -0.012788 -0.008991 -0.009243
v -0.012871 -0.008991 -0.007487
v -0.012938 -0.009241 -0.007489
v -0.012895 -0.008991 -0.006146
v -0.012963 -0.009241 -0.005735
v -0.012896 -0.008991 -0.005735
v -0.012855 -0.008991 -0.003977
v -0.012922 -0.009241 -0.003974
v -0.013146 -0.009424 -0.005734
v -0.012742 -0.008991 -0.002224
v -0.012486 -0.007491 -0.000001
v -0.012814 -0.007491 -0.003195
v -0.012552 -0.008991 -0.000475
v -0.012333 -0.008991 0.000965
v -0.012333 -0.007491 0.000965
v -0.012279 -0.008991 0.001268
v -0.011921 -0.008991 0.002991
v -0.011887 -0.007491 0.003135
v -0.011471 -0.008991 0.004701
v -0.010935 -0.008991 0.006375
v -0.011535 -0.009241 0.004720
v -0.010440 -0.007491 0.007701
v -0.010998 -0.007491 0.006196
v -0.010391 -0.007491 0.007824
v -0.010391 -0.008991 0.007824
v -0.009807 -0.007491 0.009185
v -0.009746 -0.007241 0.009158
v -0.010378 -0.007241 0.007676
v -0.010761 -0.007058 0.006115
v -0.010934 -0.007241 0.006175
v -0.009580 -0.007058 0.009082
v -0.009352 -0.006991 0.008978
v -0.008284 -0.007241 0.012012
v -0.008125 -0.007058 0.011921
v -0.007908 -0.006991 0.011797
v -0.006444 -0.007058 0.014608
v -0.006595 -0.007241 0.014711
v -0.004761 -0.007491 0.017323
v -0.004708 -0.007241 0.017281
v -0.006651 -0.007491 0.014749
v -0.007064 -0.007491 0.014130
v -0.007064 -0.008991 0.014130
v -0.008342 -0.007491 0.012045
v -0.007952 -0.008991 0.012712
v -0.008819 -0.008991 0.011181
v -0.008010 -0.009241 0.012747
v -0.008879 -0.009241 0.011212
v -0.007067 -0.009241 0.014248
v -0.008167 -0.009424 0.012840
v -0.007220 -0.009424 0.014349
v -0.007428 -0.009491 0.014486
v -0.006217 -0.009424 0.015805
v -0.006420 -0.009491 0.015951
v -0.005354 -0.009491 0.017376
v -0.004240 -0.009491 0.018761
v -0.005157 -0.009424 0.017222
v -0.004048 -0.009424 0.018602
v -0.006068 -0.009241 0.015698
v -0.005012 -0.009241 0.017110
v -0.006014 -0.008991 0.015659
v -0.004959 -0.008991 0.017069
v -0.003907 -0.009241 0.018485
v -0.003856 -0.008991 0.018442
v -0.002758 -0.009241 0.019827
v -0.002896 -0.009424 0.019948
v -0.002504 -0.009424 0.020710
v -0.002748 -0.009491 0.020766
v -0.003083 -0.009491 0.020113
v -0.003085 -0.009491 0.022098
v -0.003287 -0.009491 0.022208
v -0.002762 -0.009491 0.021500
v -0.002521 -0.009424 0.021566
v -0.002927 -0.009428 0.022285
v -0.003190 -0.009432 0.022421
v -0.003189 -0.009431 0.022423
v -0.004078 -0.009188 0.022754
v -0.003892 -0.009392 0.022470
v -0.004561 -0.009087 0.022610
v -0.004169 -0.009290 0.022546
v -0.005188 -0.008612 0.022595
v -0.004924 -0.008646 0.022771
v -0.005007 -0.008771 0.022616
v -0.005108 -0.008485 0.022735
v -0.004677 -0.008716 0.022847
v -0.004897 -0.008607 0.022799
v -0.005122 -0.006481 0.023250
v -0.004076 -0.008939 0.022886
v -0.004906 -0.006665 0.023273
v -0.003965 -0.007263 0.023180
v -0.004113 -0.007190 0.023215
v -0.003956 -0.008970 0.022879
v -0.003968 -0.008994 0.022873
v -0.003113 -0.009265 0.022588
v -0.002803 -0.009241 0.022431
v -0.002808 -0.009253 0.022425
v -0.003538 -0.009041 0.022814
v -0.003115 -0.009271 0.022584
v -0.003080 -0.009045 0.022660
v -0.003235 -0.007470 0.022869
v -0.002761 -0.008991 0.022484
v -0.002760 -0.009013 0.022482
v -0.002324 -0.008991 0.021772
v -0.002921 -0.007728 0.022635
v -0.002324 -0.007491 0.021772
v -0.002280 -0.008991 0.021632
v -0.002344 -0.009241 0.021614
v -0.002245 -0.008991 0.020725
v -0.002326 -0.009241 0.020668
v -0.002922 -0.009424 0.022290
v -0.002261 -0.008991 0.020653
v -0.002708 -0.008991 0.019783
v -0.002708 -0.007491 0.019783
v -0.002245 -0.007491 0.020725
v -0.002180 -0.007241 0.020712
v -0.002658 -0.007241 0.019738
v -0.002521 -0.007058 0.019617
v -0.004564 -0.007058 0.017168
v -0.006237 -0.006991 0.014467
v -0.004367 -0.006991 0.017014
v 0.010076 -0.006991 0.006021
v -0.002333 -0.006991 0.019452
v -0.001754 -0.006991 0.020630
v -0.002000 -0.007058 0.020677
v -0.001852 -0.006991 0.021939
v -0.001817 -0.006991 0.024437
v -0.002088 -0.007058 0.021855
v -0.002260 -0.007241 0.021794
v -0.002760 -0.007058 0.022826
v -0.002599 -0.006991 0.023017
v -0.002815 -0.007058 0.022872
v -0.002878 -0.007241 0.022686
v -0.002933 -0.007241 0.022732
v -0.002921 -0.007491 0.022635
v -0.002976 -0.007491 0.022681
v -0.003214 -0.007292 0.022904
v -0.004057 -0.007061 0.023247
v -0.003197 -0.007229 0.022932
v -0.003155 -0.007130 0.023000
v -0.003996 -0.006944 0.023320
v -0.003983 -0.006773 0.023564
v -0.004815 -0.006514 0.023359
v -0.003940 -0.006855 0.023430
v -0.003101 -0.007054 0.023087
v -0.003067 -0.007024 0.023141
v -0.002654 -0.006991 0.023063
v -0.002973 -0.006991 0.023294
v -0.003896 -0.006805 0.023558
v -0.002454 -0.006770 0.025092
v 0.000565 -0.006766 0.027934
v -0.002950 -0.006156 0.025602
v 0.000569 -0.006769 0.027929
v 0.003991 -0.006124 0.030579
v 0.004383 -0.006991 0.028978
v 0.001185 -0.006991 0.027253
v 0.004162 -0.006761 0.029882
v 0.008244 -0.006755 0.029820
v 0.011817 -0.006744 0.027830
v 0.008436 -0.006105 0.030514
v 0.007994 -0.006991 0.028913
v 0.011152 -0.006991 0.027134
v 0.012911 -0.006991 0.020551
v 0.012972 -0.006991 0.024109
v 0.011184 -0.006991 0.013350
v 0.011781 -0.006896 0.013232
v 0.010637 -0.006910 0.005964
v 0.011177 -0.006657 0.005909
v 0.010746 -0.006671 -0.001385
v 0.009661 -0.006991 -0.001369
v 0.010896 -0.006670 -0.008691
v 0.009810 -0.006991 -0.008747
v 0.011676 -0.005794 0.003205
v 0.011474 -0.005813 -0.002562
v 0.011485 -0.005812 -0.001395
v 0.011840 -0.005403 0.003163
v 0.011658 -0.005392 -0.002598
v 0.011800 -0.005389 -0.008352
v 0.012439 -0.003044 -0.002747
v 0.011617 -0.005808 -0.008323
v 0.011634 -0.005807 -0.008652
v 0.012208 -0.005395 -0.014077
v 0.012034 -0.005798 -0.014057
v 0.011484 -0.006666 -0.015975
v 0.012218 -0.005795 -0.015897
v 0.012836 -0.005416 -0.019787
v 0.012679 -0.005785 -0.019776
v 0.012411 -0.006660 -0.023224
v 0.013142 -0.005773 -0.023119
v 0.013499 -0.005763 -0.025476
v 0.013626 -0.005455 -0.025480
v 0.014747 0.000009 -0.025525
v 0.014743 0.000009 -0.025498
v 0.013975 0.000009 -0.019876
v 0.014524 -0.005515 -0.031154
v 0.014294 -0.005735 -0.030319
v 0.013567 -0.006648 -0.030441
v 0.014439 -0.005730 -0.031156
v 0.014863 -0.006632 -0.037633
v 0.015458 -0.005687 -0.036818
v 0.015585 -0.005682 -0.037502
v 0.015305 -0.006202 -0.037552
v 0.015493 -0.005593 -0.036816
v 0.015614 0.000009 -0.031157
v 0.016536 0.000009 -0.036745
v 0.016168 -0.005656 -0.040590
v 0.016686 -0.006163 -0.044725
v 0.017507 0.000009 -0.042348
v 0.016541 0.000009 -0.036777
v 0.016528 -0.005640 -0.042460
v 0.016958 -0.005622 -0.044673
v 0.017615 -0.005680 -0.048139
v 0.017513 0.000009 -0.042384
v 0.018529 0.000009 -0.047993
v 0.018536 0.000009 -0.048032
v 0.016967 0.005637 -0.044685
v 0.016543 0.005655 -0.042500
v 0.017628 0.005697 -0.048181
v 0.016696 0.006179 -0.044737
v 0.015316 0.006218 -0.037563
v 0.016121 0.005674 -0.040303
v 0.016552 0.006358 -0.044765
v 0.017341 0.006388 -0.048665
v 0.016252 0.006631 -0.044823
v 0.014875 0.006649 -0.037644
v 0.015905 0.006835 -0.044890
v 0.015474 0.005702 -0.036856
v 0.014455 0.005745 -0.031192
v 0.013580 0.006665 -0.030450
v 0.014325 0.006922 -0.037744
v 0.015102 0.007009 -0.045044
v 0.015691 0.006917 -0.044931
v 0.013749 0.007009 -0.037850
v 0.012475 0.007009 -0.030637
v 0.004685 0.007009 -0.029155
v 0.008805 0.007009 -0.035440
v 0.012926 0.007009 -0.041724
v 0.000991 0.008038 -0.031577
v 0.005111 0.008038 -0.037861
v 0.002177 0.010912 -0.039785
v 0.006297 0.010912 -0.046070
v 0.009232 0.008038 -0.044146
v 0.010417 0.010912 -0.052354
v 0.013352 0.008038 -0.050430
v 0.017801 0.007854 -0.056499
v 0.014538 0.010912 -0.058638
v 0.017472 0.008038 -0.056715
v 0.016014 0.007085 -0.048685
v 0.016961 0.007360 -0.052669
v 0.017583 0.007087 -0.052598
v 0.018064 0.006644 -0.052569
v 0.018304 0.007565 -0.056446
v 0.018696 0.007173 -0.056467
v 0.018866 0.008390 -0.060248
v 0.018010 0.008038 -0.057536
v 0.018486 0.008645 -0.060199
v 0.018802 0.009997 -0.063689
v 0.019027 0.009844 -0.063817
v 0.018597 0.010912 -0.064830
v 0.018629 0.011097 -0.065159
v 0.018501 0.011132 -0.064985
v 0.015166 0.013941 -0.062500
v 0.017500 0.012469 -0.064952
v 0.018075 0.011830 -0.065180
v 0.018150 0.011880 -0.065374
v 0.017531 0.012607 -0.065160
v 0.018205 0.011915 -0.065564
v 0.017538 0.012722 -0.065366
v 0.018246 0.011941 -0.065773
v 0.017522 0.012826 -0.065595
v 0.014949 0.014660 -0.062967
v 0.015092 0.014336 -0.062720
v 0.012802 0.015201 -0.059690
v 0.013047 0.014610 -0.059616
v 0.012952 0.014630 -0.059479
v 0.008847 0.015036 -0.053384
v 0.008336 0.015830 -0.053246
v 0.008632 0.015036 -0.053055
v 0.004769 0.014799 -0.047071
v 0.003970 0.015642 -0.046677
v 0.004398 0.014756 -0.046487
v 0.000780 0.014195 -0.040701
v -0.000289 0.014987 -0.040054
v 0.000259 0.014095 -0.039851
v -0.003097 0.013347 -0.034257
v -0.001943 0.010912 -0.033501
v -0.006063 0.010912 -0.027216
v -0.003129 0.008038 -0.025292
v -0.003740 0.013183 -0.033155
v -0.004401 0.014027 -0.033376
v -0.006808 0.012290 -0.027705
v -0.008296 0.012804 -0.026620
v -0.007517 0.012055 -0.026385
v -0.010248 0.011013 -0.020974
v -0.010184 0.010912 -0.020932
v -0.011824 0.011309 -0.019735
v -0.010481 0.010912 -0.020478
v -0.012849 0.011343 -0.020156
v -0.014391 0.010407 -0.016606
v -0.014728 0.009593 -0.012636
v -0.011135 0.012220 -0.023643
v -0.012004 0.011751 -0.024140
v -0.010177 0.012634 -0.027613
v -0.011998 0.011755 -0.024154
v -0.009290 0.013021 -0.027079
v -0.008239 0.013439 -0.031048
v -0.005335 0.014390 -0.033839
v -0.007476 0.013726 -0.032351
v -0.001139 0.015461 -0.040499
v -0.004212 0.014793 -0.037684
v -0.006248 0.014156 -0.034398
v -0.005917 0.013857 -0.037753
v -0.008787 0.011455 -0.037848
v -0.006590 0.011618 -0.044639
v -0.003853 0.014033 -0.044405
v -0.002044 0.015378 -0.041058
v -0.000827 0.015665 -0.042899
v -0.000060 0.015829 -0.044042
v -0.000472 0.015698 -0.044085
v -0.001713 0.014203 -0.051002
v 0.001503 0.015877 -0.050528
v 0.002397 0.016270 -0.047611
v 0.003505 0.016029 -0.056980
v 0.006289 0.016626 -0.052968
v 0.004193 0.016493 -0.050117
v 0.003244 0.016190 -0.047084
v 0.007802 0.016390 -0.053594
v 0.010142 0.016174 -0.056801
v 0.008524 0.016585 -0.055875
v 0.007106 0.016636 -0.054050
v 0.007203 0.016702 -0.056165
v 0.005457 0.016130 -0.063346
v 0.009576 0.016484 -0.057204
v 0.008961 0.016809 -0.062412
v 0.011888 0.016041 -0.060046
v 0.012266 0.016063 -0.061534
v 0.012523 0.015651 -0.059969
v 0.012117 0.015978 -0.060317
v 0.012995 0.015697 -0.061342
v 0.014728 0.014936 -0.063258
v 0.013850 0.016110 -0.067952
v 0.018603 0.011781 -0.066918
v 0.018360 0.011775 -0.065761
v 0.012258 0.016798 -0.074968
v 0.015356 0.016077 -0.074425
v 0.010656 0.016847 -0.068679
v 0.007270 0.016160 -0.069464
v 0.008984 0.016103 -0.075569
v 0.004071 0.011980 -0.076380
v 0.005871 0.011867 -0.082324
v 0.010598 0.015955 -0.081734
v 0.012082 0.015720 -0.087916
v 0.013741 0.016657 -0.081268
v 0.007545 0.011686 -0.088267
v 0.005069 0.006080 -0.088191
v 0.009075 0.011447 -0.094218
v 0.006641 0.005982 -0.093974
v 0.008059 0.005859 -0.099812
v 0.005724 0.000009 -0.093773
v 0.007139 0.000009 -0.099547
v 0.005736 0.000009 -0.093817
v 0.006646 -0.005963 -0.093940
v 0.008067 -0.005839 -0.099779
v 0.005069 -0.006061 -0.088154
v 0.007533 -0.011676 -0.088223
v 0.009065 -0.011440 -0.094174
v 0.010442 -0.011154 -0.100164
v 0.012067 -0.015712 -0.087869
v 0.013408 -0.015399 -0.094068
v 0.015076 -0.016409 -0.087548
v 0.016290 -0.016095 -0.093901
v 0.014599 -0.015018 -0.100293
v 0.015629 -0.014579 -0.106539
v 0.011640 -0.010830 -0.106182
v 0.017357 -0.015709 -0.100275
v 0.020099 -0.015085 -0.100311
v 0.019111 -0.015439 -0.093787
v 0.018274 -0.015260 -0.106668
v 0.020947 -0.014672 -0.106852
v 0.019038 -0.014757 -0.113077
v 0.016489 -0.014090 -0.112802
v 0.012635 -0.010475 -0.112224
v 0.017169 -0.013556 -0.119080
v 0.013403 -0.010095 -0.118286
v 0.011062 -0.005364 -0.117510
v 0.013917 -0.009701 -0.124360
v 0.011524 -0.005184 -0.123472
v 0.010522 0.000009 -0.123045
v 0.010621 0.000009 -0.128987
v 0.011663 -0.005005 -0.129446
v 0.010524 0.000009 -0.123088
v 0.011503 0.005205 -0.123501
v 0.011043 0.005385 -0.117539
v 0.012640 0.010478 -0.112267
v 0.013406 0.010098 -0.118329
v 0.010294 0.005557 -0.111599
v 0.010095 0.000009 -0.117165
v 0.010091 0.000009 -0.117122
v 0.009365 0.000009 -0.111270
v 0.010309 -0.005536 -0.111569
v 0.009359 0.000009 -0.111226
v 0.009300 -0.005696 -0.105657
v 0.008363 0.000009 -0.105367
v 0.008371 0.000009 -0.105411
v 0.009288 0.005716 -0.105689
v 0.011647 0.010834 -0.106226
v 0.010450 0.011160 -0.100208
v 0.014611 0.015021 -0.100341
v 0.013421 0.015405 -0.094115
v 0.015094 0.016425 -0.087595
v 0.016307 0.016111 -0.093948
v 0.017372 0.015724 -0.100323
v 0.017995 0.015749 -0.087330
v 0.019121 0.015465 -0.093836
v 0.020107 0.015111 -0.100359
v 0.022424 0.011590 -0.087052
v 0.023487 0.011407 -0.093796
v 0.026205 0.005994 -0.094021
v 0.024430 0.011178 -0.100551
v 0.025077 0.006052 -0.087115
v 0.023860 0.006083 -0.080258
v 0.026107 0.000009 -0.087167
v 0.024843 0.000009 -0.080289
v 0.026117 0.000009 -0.087220
v 0.026213 -0.005982 -0.093976
v 0.025081 -0.006039 -0.087069
v 0.027301 0.000009 -0.094144
v 0.027310 0.000009 -0.094197
v 0.028392 0.000009 -0.101125
v 0.027238 -0.005901 -0.100888
v 0.027226 0.005911 -0.100930
v 0.025252 0.010909 -0.107322
v 0.028138 0.005807 -0.107854
v 0.028400 0.000009 -0.101177
v 0.029375 0.000009 -0.108117
v 0.028153 -0.005799 -0.107813
v 0.029382 0.000009 -0.108169
v 0.028957 -0.005679 -0.114757
v 0.025263 -0.010897 -0.107280
v 0.025971 -0.010596 -0.114071
v 0.026560 -0.010265 -0.120878
v 0.021656 -0.014206 -0.113409
v 0.022226 -0.013694 -0.119979
v 0.020086 -0.013611 -0.125927
v 0.019645 -0.014204 -0.119499
v 0.022649 -0.013144 -0.126553
v 0.027023 -0.009913 -0.127698
v 0.022912 -0.012575 -0.133132
v 0.020346 -0.012999 -0.132358
v 0.017958 -0.011846 -0.137954
v 0.017927 -0.012408 -0.131654
v 0.020399 -0.012400 -0.138801
v 0.022992 -0.012020 -0.139719
v 0.020209 -0.011873 -0.145251
v 0.017714 -0.011360 -0.144251
v 0.013660 -0.008657 -0.142579
v 0.017152 -0.011022 -0.150534
v 0.012881 -0.008498 -0.148591
v 0.009918 -0.004658 -0.147220
v 0.008545 -0.004699 -0.153123
v 0.011694 -0.008528 -0.154624
v 0.006751 -0.004862 -0.159017
v 0.016229 -0.010907 -0.156813
v 0.010083 -0.008791 -0.160635
v 0.004565 -0.005155 -0.164758
v 0.014922 -0.011072 -0.163053
v 0.008071 -0.009302 -0.166510
v 0.008334 -0.011475 -0.173653
v 0.005676 -0.010048 -0.172234
v 0.003564 -0.008071 -0.171131
v 0.013240 -0.011538 -0.169190
v 0.011207 -0.012291 -0.175201
v 0.020721 -0.011215 -0.165967
v 0.019376 -0.011661 -0.172383
v 0.014424 -0.012609 -0.176940
v 0.012307 -0.013567 -0.182985
v 0.008863 -0.013279 -0.181070
v 0.017732 -0.012388 -0.178703
v 0.020845 -0.011631 -0.180344
v 0.015828 -0.013348 -0.184913
v 0.019163 -0.012596 -0.186720
v 0.017859 -0.013129 -0.187987
v 0.015232 -0.013614 -0.186312
v 0.012562 -0.013786 -0.184633
v 0.015339 -0.013601 -0.186379
v 0.015082 -0.013591 -0.186543
v 0.017703 -0.013113 -0.188221
v 0.017548 -0.012950 -0.188393
v 0.020240 -0.012208 -0.189882
v 0.018652 -0.012900 -0.188499
v 0.020402 -0.012212 -0.189644
v 0.020331 -0.012230 -0.189762
v 0.021530 -0.011580 -0.190564
v 0.021436 -0.011562 -0.190684
v 0.021335 -0.011506 -0.190779
v 0.022460 -0.010725 -0.191554
v 0.022568 -0.010777 -0.191460
v 0.023501 -0.009799 -0.192289
v 0.023614 -0.009845 -0.192197
v 0.022665 -0.010791 -0.191338
v 0.021769 -0.011454 -0.190557
v 0.022733 -0.010768 -0.191216
v 0.023713 -0.009856 -0.192074
v 0.024274 -0.009299 -0.192305
v 0.023779 -0.009832 -0.191949
v 0.024557 -0.008774 -0.192883
v 0.024658 -0.008781 -0.192760
v 0.025206 -0.008030 -0.193173
v 0.025104 -0.008027 -0.193296
v 0.024722 -0.008757 -0.192632
v 0.024833 -0.008987 -0.189735
v 0.025269 -0.008005 -0.193045
v 0.026779 -0.006239 -0.190739
v 0.025768 -0.007202 -0.193470
v 0.025704 -0.007234 -0.193593
v 0.025600 -0.007240 -0.193711
v 0.026133 -0.006491 -0.193893
v 0.027983 -0.003231 -0.191348
v 0.026024 -0.006435 -0.194195
v 0.026194 -0.006356 -0.193987
v 0.026469 -0.005561 -0.194755
v 0.026311 -0.005703 -0.194881
v 0.026087 -0.005758 -0.194954
v 0.026355 -0.005272 -0.195827
v 0.026179 -0.005374 -0.195828
v 0.025971 -0.005399 -0.195809
v 0.025881 -0.005648 -0.195080
v 0.025965 -0.005376 -0.195952
v 0.026046 -0.005295 -0.196805
v 0.026203 -0.005187 -0.196835
v 0.026044 -0.005296 -0.196805
v 0.025583 -0.005325 -0.198139
v 0.025775 -0.005285 -0.198178
v 0.025853 -0.005334 -0.196768
v 0.020104 -0.005334 -0.193162
v 0.020503 -0.005376 -0.192525
v 0.025010 -0.005306 -0.200875
v 0.014355 -0.005334 -0.189556
v 0.014754 -0.005376 -0.188919
v 0.007306 -0.005257 -0.197596
v 0.008605 -0.005334 -0.185950
v 0.009005 -0.005376 -0.185313
v 0.002856 -0.005334 -0.182344
v 0.001527 -0.005257 -0.193972
v -0.005980 -0.005296 -0.183045
v -0.005190 -0.005305 -0.181982
v -0.004411 -0.005315 -0.180909
v -0.004578 -0.005271 -0.180789
v -0.003646 -0.005325 -0.179828
v -0.003812 -0.005281 -0.179711
v -0.003950 -0.005159 -0.179614
v -0.003060 -0.005292 -0.178624
v -0.002619 -0.005334 -0.177997
v -0.002462 -0.005376 -0.178124
v -0.002893 -0.005334 -0.178738
v -0.003061 -0.005292 -0.178623
v -0.003197 -0.005173 -0.178530
v -0.003197 -0.005173 -0.178529
v -0.002813 -0.005042 -0.177797
v -0.003284 -0.004996 -0.178469
v -0.005152 -0.003416 -0.180438
v -0.004034 -0.004979 -0.179554
v -0.001870 -0.003122 -0.175257
v -0.000935 -0.006091 -0.175734
v -0.002187 0.000009 -0.175097
v 0.000720 0.000009 -0.169750
v 0.001998 -0.005572 -0.170337
v 0.000739 0.000009 -0.169712
v 0.001063 -0.002864 -0.169872
v -0.001577 -0.006207 -0.176811
v -0.001694 -0.006033 -0.176839
v -0.002248 -0.005376 -0.177170
v -0.002742 -0.005218 -0.177883
v -0.002229 -0.005515 -0.177327
v -0.002144 -0.005596 -0.177500
v -0.001729 -0.006103 -0.177054
v -0.001677 -0.006115 -0.177277
v -0.001299 -0.006786 -0.177045
v -0.000819 -0.007468 -0.176922
v -0.001235 -0.006766 -0.176810
v -0.001261 -0.006743 -0.177285
v -0.000898 -0.007462 -0.177162
v -0.000867 -0.007387 -0.177405
v -0.000485 -0.008110 -0.177337
v -0.000035 -0.008628 -0.177789
v -0.000396 -0.008126 -0.177095
v -0.000051 -0.008730 -0.177550
v -0.000461 -0.008020 -0.177580
v -0.000034 -0.008627 -0.177790
v -0.000050 -0.008730 -0.177548
v 0.000212 -0.008970 -0.177391
v 0.000042 -0.008751 -0.177307
v 0.000681 -0.008842 -0.176580
v 0.002141 -0.010883 -0.178405
v 0.002925 -0.010989 -0.177791
v 0.005781 -0.012477 -0.179362
v 0.004588 -0.012334 -0.179791
v 0.002490 -0.011142 -0.178597
v 0.002031 -0.010854 -0.178645
v 0.004464 -0.012302 -0.180027
v 0.007078 -0.013188 -0.181578
v 0.002011 -0.010718 -0.178870
v 0.005354 -0.012650 -0.180239
v 0.004410 -0.012147 -0.180238
v 0.002086 -0.010513 -0.179021
v 0.004441 -0.011913 -0.180364
v 0.006998 -0.013024 -0.181776
v 0.009639 -0.013469 -0.183389
v 0.009739 -0.013636 -0.183200
v 0.006994 -0.012776 -0.181883
v 0.004047 -0.008473 -0.180444
v 0.009608 -0.013216 -0.183481
v 0.015546 -0.008473 -0.187657
v 0.009797 -0.008473 -0.184051
v 0.012301 -0.013591 -0.185046
v 0.012248 -0.013334 -0.185126
v 0.014874 -0.013166 -0.186789
v 0.017446 -0.012693 -0.188447
v 0.014949 -0.013424 -0.186720
v 0.012417 -0.013758 -0.184864
v 0.011850 -0.013783 -0.184189
v 0.009878 -0.013667 -0.182969
v 0.008425 -0.013470 -0.182079
v 0.007211 -0.013220 -0.181345
v 0.019916 -0.011804 -0.190081
v 0.020056 -0.012054 -0.190047
v 0.019974 -0.011931 -0.190082
v 0.021295 -0.008473 -0.191263
v 0.024079 -0.008473 -0.193009
v 0.021073 -0.011176 -0.190866
v 0.022163 -0.010413 -0.191623
v 0.023170 -0.009511 -0.192340
v 0.021261 -0.007722 -0.191317
v 0.015512 -0.007722 -0.187711
v 0.024607 -0.007755 -0.193412
v 0.024629 -0.007722 -0.193430
v 0.021210 -0.006975 -0.191398
v 0.021105 -0.006250 -0.191566
v 0.025114 -0.006975 -0.193846
v 0.015461 -0.006975 -0.187792
v 0.025090 -0.007013 -0.193824
v 0.025203 -0.007095 -0.193854
v 0.024715 -0.007845 -0.193445
v 0.024850 -0.007931 -0.193437
v 0.025342 -0.007169 -0.193846
v 0.024982 -0.007993 -0.193385
v 0.025770 -0.006414 -0.194315
v 0.025476 -0.007218 -0.193797
v 0.025542 -0.006250 -0.194349
v 0.025514 -0.006299 -0.194309
v 0.020872 -0.005649 -0.191938
v 0.025844 -0.005716 -0.194960
v 0.015123 -0.005649 -0.188332
v 0.015356 -0.006250 -0.187960
v 0.009712 -0.006975 -0.184186
v 0.009606 -0.006250 -0.184354
v 0.009373 -0.005649 -0.184725
v 0.003857 -0.006250 -0.180748
v 0.003962 -0.006975 -0.180580
v -0.000916 -0.006975 -0.177520
v 0.004013 -0.007722 -0.180499
v -0.000439 -0.007722 -0.177706
v -0.000332 -0.007884 -0.177756
v -0.000733 -0.007263 -0.177582
v 0.000087 -0.008473 -0.177960
v 0.009762 -0.007722 -0.184105
v -0.001128 -0.006648 -0.177468
v -0.001406 -0.006250 -0.177446
v 0.003624 -0.005649 -0.181119
v -0.001951 -0.005649 -0.177623
v -0.001548 -0.006066 -0.177461
v 0.003255 -0.005376 -0.181707
v -0.002460 -0.005377 -0.178122
v -0.002007 -0.005605 -0.177661
v 0.024438 -0.008734 -0.192974
v 0.024310 -0.008665 -0.193028
v 0.023381 -0.009722 -0.192347
v 0.024181 -0.008571 -0.193039
v 0.023263 -0.009618 -0.192364
v 0.022244 -0.010529 -0.191639
v 0.022350 -0.010641 -0.191615
v 0.021235 -0.011416 -0.190845
v 0.021142 -0.011298 -0.190875
v 0.020146 -0.012147 -0.189978
v 0.003286 0.000009 -0.164186
v 0.003302 0.000009 -0.164147
v 0.004576 0.005166 -0.164813
v 0.001062 0.002881 -0.169920
v 0.003591 0.008086 -0.171196
v 0.010081 0.008828 -0.160680
v 0.006752 0.004876 -0.159066
v 0.002022 0.005579 -0.170400
v 0.008069 0.009350 -0.166556
v 0.008321 0.011560 -0.173693
v 0.014918 0.011106 -0.163097
v 0.013234 0.011584 -0.169234
v 0.005675 0.010108 -0.172281
v 0.000722 0.008854 -0.176654
v 0.002926 0.011063 -0.177839
v 0.005765 0.012585 -0.179401
v 0.002512 0.011211 -0.178607
v 0.002183 0.010954 -0.178427
v 0.004629 0.012451 -0.179805
v 0.004505 0.012419 -0.180041
v 0.005361 0.012752 -0.180233
v 0.007140 0.013287 -0.181607
v 0.007274 0.013318 -0.181373
v 0.008435 0.013537 -0.182078
v 0.008853 0.013351 -0.181113
v 0.011199 0.012349 -0.175243
v 0.012301 0.013591 -0.183030
v 0.014419 0.012632 -0.176985
v 0.009950 0.013714 -0.183009
v 0.009809 0.013684 -0.183240
v 0.011859 0.013801 -0.184194
v 0.012498 0.013767 -0.184914
v 0.012643 0.013795 -0.184684
v 0.015321 0.013585 -0.186371
v 0.015169 0.013562 -0.186602
v 0.015823 0.013336 -0.184959
v 0.019168 0.012577 -0.186773
v 0.015347 0.013581 -0.186388
v 0.017727 0.012385 -0.178748
v 0.020848 0.011623 -0.180394
v 0.017953 0.013072 -0.188053
v 0.017797 0.013057 -0.188287
v 0.018668 0.012871 -0.188515
v 0.020440 0.012199 -0.189837
v 0.020350 0.012176 -0.189957
v 0.020511 0.012182 -0.189719
v 0.021722 0.011555 -0.190524
v 0.021652 0.011575 -0.190644
v 0.021821 0.011496 -0.190590
v 0.022804 0.010806 -0.191427
v 0.022707 0.010791 -0.191548
v 0.021558 0.011556 -0.190764
v 0.022601 0.010739 -0.191643
v 0.021459 0.011499 -0.190860
v 0.020258 0.012115 -0.190054
v 0.022492 0.010654 -0.191705
v 0.021361 0.011408 -0.190926
v 0.020169 0.012021 -0.190123
v 0.022388 0.010540 -0.191730
v 0.021269 0.011288 -0.190957
v 0.020089 0.011897 -0.190159
v 0.022309 0.010423 -0.191715
v 0.021202 0.011165 -0.190950
v 0.021343 0.008492 -0.191293
v 0.020032 0.011771 -0.190159
v 0.017539 0.012637 -0.188513
v 0.015596 0.008492 -0.187688
v 0.014958 0.013138 -0.186846
v 0.017642 0.012894 -0.188459
v 0.015034 0.013396 -0.186779
v 0.012380 0.013599 -0.185096
v 0.012324 0.013343 -0.185175
v 0.009673 0.013263 -0.183519
v 0.009707 0.013517 -0.183429
v 0.007048 0.012873 -0.181910
v 0.007056 0.013123 -0.181805
v 0.004483 0.012030 -0.180381
v 0.004451 0.012265 -0.180253
v 0.002058 0.010793 -0.178894
v 0.002138 0.010591 -0.179047
v 0.000042 0.008644 -0.177838
v 0.004101 0.008492 -0.180478
v 0.000164 0.008492 -0.178009
v 0.004067 0.007741 -0.180532
v -0.000356 0.007741 -0.177759
v -0.000254 0.007894 -0.177805
v -0.000384 0.008032 -0.177632
v -0.000409 0.008123 -0.177391
v -0.000788 0.007400 -0.177457
v -0.000654 0.007280 -0.177633
v -0.000820 0.007473 -0.177216
v -0.000837 0.006994 -0.177569
v -0.001185 0.006756 -0.177329
v -0.001056 0.006661 -0.177515
v -0.001334 0.006269 -0.177491
v -0.001222 0.006800 -0.177089
v -0.001608 0.006134 -0.177322
v -0.001481 0.006083 -0.177505
v -0.002081 0.005615 -0.177537
v -0.001660 0.006124 -0.177102
v -0.001891 0.005667 -0.177661
v 0.003678 0.005667 -0.181153
v -0.002403 0.005396 -0.178158
v -0.001946 0.005624 -0.177696
v 0.003309 0.005395 -0.181741
v 0.008657 0.005353 -0.185982
v 0.002910 0.005353 -0.182377
v 0.009057 0.005395 -0.185346
v 0.009425 0.005667 -0.184758
v 0.015406 0.006269 -0.187991
v 0.009658 0.006269 -0.184386
v 0.015173 0.005667 -0.188363
v 0.021153 0.006269 -0.191596
v 0.020920 0.005667 -0.191968
v 0.014804 0.005395 -0.188951
v 0.020152 0.005353 -0.193192
v 0.014405 0.005353 -0.189587
v 0.020551 0.005395 -0.192555
v 0.025941 0.005666 -0.195117
v 0.026013 0.005396 -0.195982
v 0.025900 0.005353 -0.196797
v 0.026094 0.005313 -0.196834
v 0.026018 0.005416 -0.195852
v 0.026231 0.005390 -0.195871
v 0.026408 0.005282 -0.195871
v 0.026380 0.005705 -0.194934
v 0.026156 0.005766 -0.195005
v 0.026255 0.005199 -0.196865
v 0.026096 0.005311 -0.196835
v 0.025825 0.005302 -0.198207
v 0.025347 0.005333 -0.199537
v 0.025629 0.005343 -0.198168
v 0.025545 0.005291 -0.199579
v 0.025988 0.005185 -0.198240
v 0.026164 0.005015 -0.197898
v 0.025709 0.005172 -0.199612
v 0.026257 0.005198 -0.196865
v 0.026092 0.005011 -0.198260
v 0.026580 0.003538 -0.198112
v 0.025812 0.004995 -0.199633
v 0.025520 0.004980 -0.201004
v 0.025418 0.005159 -0.200983
v 0.024949 0.005270 -0.202314
v 0.025253 0.005281 -0.200947
v 0.025114 0.005147 -0.202350
v 0.024632 0.005260 -0.203676
v 0.024797 0.005134 -0.203715
v 0.025216 0.004965 -0.202372
v 0.024945 0.003830 -0.204772
v 0.024898 0.004950 -0.203737
v 0.024682 0.004940 -0.204630
v 0.024565 0.004935 -0.205099
v 0.024466 0.005121 -0.205076
v 0.024300 0.005249 -0.205035
v 0.023952 0.005238 -0.206390
v 0.024118 0.005109 -0.206433
v 0.024217 0.004920 -0.206458
v 0.023752 0.005098 -0.207786
v 0.023754 0.005096 -0.207787
v 0.023458 0.005065 -0.208850
v 0.023562 0.004869 -0.208863
v 0.023851 0.004905 -0.207812
v 0.023158 0.004098 -0.210795
v 0.023013 0.004400 -0.210803
v 0.022996 0.003517 -0.211381
v 0.025346 0.000009 -0.204985
v 0.023331 0.001367 -0.211477
v 0.023313 0.004697 -0.209851
v 0.023169 0.004238 -0.210666
v 0.023169 0.003441 -0.211166
v 0.023247 0.002457 -0.211399
v 0.023213 0.001368 -0.211667
v 0.023073 0.002468 -0.211638
v 0.022791 0.002454 -0.211740
v 0.022876 0.001353 -0.211815
v 0.022723 0.003540 -0.211476
v 0.023158 0.001366 -0.211715
v 0.023025 0.001361 -0.211787
v 0.022845 0.000009 -0.211839
v 0.023066 0.000009 -0.211813
v 0.023024 -0.001343 -0.211787
v 0.023158 -0.001348 -0.211716
v 0.023025 -0.001343 -0.211787
v 0.023255 0.000009 -0.211693
v 0.023373 0.000009 -0.211504
v 0.023213 -0.001350 -0.211667
v 0.023331 -0.001350 -0.211477
v 0.023243 -0.002433 -0.211394
v 0.023069 -0.002451 -0.211630
v 0.022707 -0.003526 -0.211469
v 0.022980 -0.003507 -0.211374
v 0.022936 -0.002449 -0.211701
v 0.023153 -0.003434 -0.211158
v 0.023131 -0.004057 -0.210808
v 0.023140 -0.004231 -0.210649
v 0.023271 -0.004691 -0.209835
v 0.023517 -0.004866 -0.208836
v 0.023807 -0.004901 -0.207781
v 0.022982 -0.004388 -0.210786
v 0.024941 -0.003790 -0.204716
v 0.025358 0.000009 -0.204938
v 0.026993 0.000009 -0.198324
v 0.027003 0.000009 -0.198277
v 0.026578 -0.003502 -0.198058
v 0.028403 0.000009 -0.191608
v 0.028412 0.000009 -0.191561
v 0.027984 0.003264 -0.191400
v 0.026829 0.006301 -0.190821
v 0.029186 0.003022 -0.184648
v 0.026290 0.006352 -0.194044
v 0.026535 0.005561 -0.194809
v 0.026532 0.005106 -0.195851
v 0.026205 0.006554 -0.193909
v 0.029607 0.000009 -0.184853
v 0.029615 0.000009 -0.184807
v 0.029051 0.005410 -0.177310
v 0.029848 0.005132 -0.170503
v 0.026197 0.008336 -0.183164
v 0.025026 0.009557 -0.175314
v 0.028041 0.005807 -0.184087
v 0.030605 0.000009 -0.178059
v 0.031390 0.000009 -0.171240
v 0.030612 0.000009 -0.178013
v 0.029030 -0.005371 -0.177247
v 0.029186 -0.002993 -0.184598
v 0.029838 -0.005101 -0.170448
v 0.028006 -0.005757 -0.184015
v 0.026142 -0.008264 -0.183080
v 0.025011 -0.009526 -0.175256
v 0.031394 0.000009 -0.171194
v 0.031955 0.000009 -0.164427
v 0.031959 0.000009 -0.164381
v 0.030423 0.004978 -0.163700
v 0.030779 0.004938 -0.156781
v 0.026755 0.008824 -0.161946
v 0.026019 0.009071 -0.168642
v 0.032304 0.000009 -0.157486
v 0.032305 0.000009 -0.157439
v 0.030422 -0.004955 -0.163652
v 0.030785 -0.004921 -0.156736
v 0.030933 -0.004978 -0.149693
v 0.027244 -0.008783 -0.155109
v 0.026756 -0.008804 -0.161898
v 0.032435 0.000009 -0.150399
v 0.030922 0.004990 -0.149734
v 0.032436 0.000009 -0.150350
v 0.032351 0.000009 -0.143328
v 0.030870 -0.005093 -0.142672
v 0.032350 0.000009 -0.143279
v 0.030855 0.005102 -0.142711
v 0.030601 0.005247 -0.135720
v 0.027503 0.009228 -0.141403
v 0.027481 0.008954 -0.148269
v 0.032068 0.000009 -0.136284
v 0.032065 0.000009 -0.136234
v 0.030618 -0.005240 -0.135682
v 0.030203 -0.005394 -0.128694
v 0.027349 -0.009555 -0.134527
v 0.027515 -0.009216 -0.141363
v 0.031610 0.000009 -0.129238
v 0.030184 0.005400 -0.128732
v 0.031606 0.000009 -0.129187
v 0.030999 0.000009 -0.122200
v 0.029625 0.005549 -0.121756
v 0.029643 -0.005543 -0.121717
v 0.030994 0.000009 -0.122148
v 0.030251 0.000009 -0.115177
v 0.028940 0.005686 -0.114796
v 0.030245 0.000009 -0.115125
v 0.026546 0.010276 -0.120919
v 0.025958 0.010607 -0.114112
v 0.021661 0.014234 -0.113456
v 0.022229 0.013721 -0.120025
v 0.019656 0.014219 -0.119547
v 0.022651 0.013171 -0.126600
v 0.020095 0.013626 -0.125974
v 0.017662 0.012988 -0.125411
v 0.017932 0.012409 -0.131700
v 0.020353 0.013014 -0.132405
v 0.022913 0.012601 -0.133177
v 0.017962 0.011850 -0.137999
v 0.020405 0.012415 -0.138847
v 0.022992 0.012044 -0.139764
v 0.020213 0.011888 -0.145297
v 0.017716 0.011369 -0.144296
v 0.012879 0.008517 -0.148633
v 0.017152 0.011038 -0.150578
v 0.013658 0.008670 -0.142621
v 0.009905 0.004675 -0.147256
v 0.010856 0.004734 -0.141385
v 0.014072 0.008954 -0.136565
v 0.014151 0.009314 -0.130482
v 0.011430 0.004861 -0.135453
v 0.010356 0.000009 -0.134973
v 0.009725 0.000009 -0.140870
v 0.009731 0.000009 -0.140830
v 0.011642 0.005025 -0.129476
v 0.013919 0.009704 -0.124402
v 0.010359 0.000009 -0.134932
v 0.010621 0.000009 -0.129029
v 0.011450 -0.004841 -0.135422
v 0.010873 -0.004715 -0.141352
v 0.014150 -0.009309 -0.130440
v 0.014073 -0.008946 -0.136523
v 0.017655 -0.012989 -0.125365
v 0.008728 0.000009 -0.146664
v 0.008720 0.000009 -0.146703
v 0.007317 0.000009 -0.152543
v 0.008538 0.004715 -0.153166
v 0.007306 0.000009 -0.152583
v 0.005498 0.000009 -0.158422
v 0.005484 0.000009 -0.158461
v 0.011691 0.008556 -0.154668
v 0.016227 0.010931 -0.156857
v 0.021740 0.011082 -0.159528
v 0.019733 0.011508 -0.151744
v 0.022444 0.011212 -0.152973
v 0.027238 0.008800 -0.155154
v 0.022850 0.011557 -0.146367
v 0.020717 0.011225 -0.166012
v 0.019371 0.011665 -0.172429
v 0.017177 0.013555 -0.119127
v 0.016498 0.014089 -0.112849
v 0.019050 0.014772 -0.113125
v 0.020954 0.014699 -0.106900
v 0.018288 0.015276 -0.106716
v 0.015640 0.014580 -0.106586
v 0.027335 0.009566 -0.134566
v 0.027009 0.009924 -0.127738
v 0.027491 -0.008940 -0.148227
v 0.022851 -0.011536 -0.146321
v 0.022446 -0.011193 -0.152928
v 0.019731 -0.011491 -0.151698
v 0.021744 -0.011067 -0.159483
v 0.026013 -0.009045 -0.168590
v 0.023765 -0.010234 -0.181864
v 0.022301 -0.011129 -0.188402
v 0.021601 -0.011560 -0.190444
v 0.024911 0.009078 -0.189834
v 0.022873 0.010783 -0.191304
v 0.023935 0.009856 -0.192044
v 0.025412 0.008016 -0.193131
v 0.024373 0.009391 -0.192357
v 0.024882 0.008770 -0.192729
v 0.022337 0.011173 -0.188474
v 0.023789 0.010271 -0.181928
v 0.025349 0.008042 -0.193260
v 0.024819 0.008795 -0.192858
v 0.024718 0.008789 -0.192982
v 0.023869 0.009881 -0.192170
v 0.025247 0.008040 -0.193383
v 0.025720 0.007249 -0.193787
v 0.025124 0.008007 -0.193473
v 0.025596 0.007228 -0.193872
v 0.025862 0.006421 -0.194376
v 0.025997 0.006442 -0.194330
v 0.025459 0.007181 -0.193921
v 0.025225 0.006994 -0.193916
v 0.025318 0.007111 -0.193927
v 0.024990 0.007947 -0.193524
v 0.024854 0.007863 -0.193531
v 0.024598 0.008750 -0.193073
v 0.024469 0.008682 -0.193127
v 0.023657 0.009824 -0.192386
v 0.023537 0.009747 -0.192444
v 0.024339 0.008589 -0.193137
v 0.024235 0.008492 -0.193106
v 0.024743 0.007774 -0.193497
v 0.023420 0.009642 -0.192461
v 0.023328 0.009534 -0.192438
v 0.024766 0.007741 -0.193515
v 0.021309 0.007741 -0.191347
v 0.015562 0.007741 -0.187742
v 0.021258 0.006994 -0.191428
v 0.015511 0.006994 -0.187823
v 0.009763 0.006994 -0.184219
v 0.004016 0.006994 -0.180614
v 0.003911 0.006269 -0.180781
v 0.009814 0.007741 -0.184137
v 0.009848 0.008492 -0.184083
v 0.025202 0.007034 -0.193894
v 0.023770 0.009870 -0.192293
v 0.025623 0.006269 -0.194400
v 0.025602 0.006308 -0.194368
v 0.025909 0.005731 -0.195005
v 0.026119 0.006437 -0.194254
v 0.025823 0.007241 -0.193668
v 0.025885 0.007210 -0.193544
v 0.026362 0.005026 -0.196884
v 0.026123 -0.005009 -0.197822
v 0.026311 -0.005019 -0.196855
v 0.025763 -0.004989 -0.199603
v 0.025168 -0.004960 -0.202342
v 0.025472 -0.004974 -0.200974
v 0.026042 -0.005004 -0.198230
v 0.026480 -0.005103 -0.195807
v 0.026205 -0.005185 -0.196835
v 0.025937 -0.005173 -0.198209
v 0.025496 -0.005275 -0.199549
v 0.025658 -0.005160 -0.199582
v 0.025205 -0.005265 -0.200917
v 0.025368 -0.005148 -0.200952
v 0.024902 -0.005254 -0.202283
v 0.025065 -0.005135 -0.202320
v 0.024585 -0.005244 -0.203645
v 0.024749 -0.005123 -0.203683
v 0.024646 -0.004936 -0.204555
v 0.024254 -0.005234 -0.205004
v 0.024851 -0.004945 -0.203707
v 0.024418 -0.005111 -0.205044
v 0.024519 -0.004930 -0.205068
v 0.023907 -0.005223 -0.206359
v 0.024071 -0.005099 -0.206401
v 0.024171 -0.004916 -0.206427
v 0.023707 -0.005086 -0.207755
v 0.023706 -0.005088 -0.207754
v 0.023544 -0.005212 -0.207711
v 0.023412 -0.005056 -0.208822
v 0.023243 -0.005181 -0.208786
v 0.023147 -0.004886 -0.209867
v 0.022954 -0.005008 -0.209862
v 0.022729 -0.005037 -0.209821
v 0.022741 -0.004470 -0.210844
v 0.023028 -0.005220 -0.208760
v 0.017702 -0.005028 -0.206700
v 0.018278 -0.005224 -0.205781
v 0.023036 -0.005222 -0.208735
v 0.023543 -0.005213 -0.207710
v 0.023343 -0.005257 -0.207655
v 0.023708 -0.005267 -0.206307
v 0.018864 -0.005257 -0.204846
v 0.013085 -0.005257 -0.201221
v 0.024706 -0.005296 -0.202239
v 0.024388 -0.005286 -0.203599
v 0.024055 -0.005277 -0.204955
v 0.012499 -0.005224 -0.202156
v 0.006720 -0.005224 -0.198532
v 0.011922 -0.005028 -0.203075
v 0.011425 -0.004462 -0.203868
v 0.017204 -0.004462 -0.207493
v 0.006143 -0.005028 -0.199450
v 0.000364 -0.005028 -0.195826
v 0.005646 -0.004462 -0.200243
v 0.000940 -0.005224 -0.194907
v -0.004252 -0.005257 -0.190347
v -0.004839 -0.005224 -0.191282
v -0.005415 -0.005028 -0.192201
v -0.009960 -0.005224 -0.188069
v -0.009951 -0.005225 -0.188058
v -0.009251 -0.005257 -0.187211
v -0.007595 -0.005276 -0.185144
v -0.007762 -0.005229 -0.185013
v -0.009418 -0.005209 -0.187074
v -0.009419 -0.005208 -0.187074
v -0.010115 -0.005177 -0.187913
v -0.009551 -0.005073 -0.186964
v -0.010241 -0.005040 -0.187792
v -0.007897 -0.005096 -0.184905
v -0.008521 -0.004892 -0.185534
v -0.006363 -0.004932 -0.182753
v -0.006283 -0.005121 -0.182815
v -0.009552 -0.005071 -0.186964
v -0.007974 -0.004902 -0.184843
v -0.008748 -0.003730 -0.185410
v -0.005485 0.000009 -0.180312
v -0.009051 0.000009 -0.185246
v -0.005461 0.000009 -0.180277
v -0.009627 -0.004873 -0.186901
v -0.011673 -0.003975 -0.189087
v -0.010307 -0.004838 -0.187716
v -0.010471 -0.004813 -0.187906
v -0.010637 -0.004778 -0.188093
v -0.010969 -0.004661 -0.188452
v -0.011535 -0.004190 -0.188982
v -0.010411 -0.005016 -0.187988
v -0.010289 -0.005152 -0.188116
v -0.010454 -0.005009 -0.188037
v -0.010333 -0.005146 -0.188166
v -0.010497 -0.005000 -0.188087
v -0.010554 -0.004797 -0.188000
v -0.010584 -0.004981 -0.188184
v -0.010938 -0.004863 -0.188570
v -0.010466 -0.005117 -0.188320
v -0.010377 -0.005137 -0.188217
v -0.010356 -0.005138 -0.188192
v -0.010215 -0.005183 -0.188369
v -0.010193 -0.005184 -0.188344
v -0.010170 -0.005193 -0.188317
v -0.010126 -0.005199 -0.188265
v -0.010680 -0.005035 -0.188901
v -0.005912 -0.004462 -0.192994
v -0.011335 -0.004461 -0.189591
v -0.010675 -0.005037 -0.188895
v -0.010305 -0.005162 -0.188474
v -0.011511 -0.004433 -0.189409
v -0.011353 -0.004436 -0.189608
v -0.012011 -0.003456 -0.189476
v -0.011577 -0.004343 -0.189180
v -0.010833 -0.004997 -0.188728
v -0.011777 -0.003507 -0.189946
v -0.011964 -0.003482 -0.189746
v -0.011992 -0.002418 -0.190016
v -0.012179 -0.002410 -0.189809
v -0.011791 -0.003458 -0.189954
v -0.011996 -0.002385 -0.190016
v -0.012266 -0.001329 -0.189784
v -0.012223 -0.002417 -0.189531
v -0.012311 -0.001339 -0.189505
v -0.012267 -0.001329 -0.189782
v -0.012311 -0.001339 -0.189506
v -0.012340 0.000009 -0.189488
v -0.012229 0.000009 -0.189232
v -0.009078 0.000009 -0.185280
v -0.012187 0.001366 -0.189258
v -0.012298 0.001363 -0.189514
v -0.012298 0.001363 -0.189514
v -0.012201 -0.001342 -0.189249
v -0.012115 -0.002404 -0.189277
v -0.011915 -0.003389 -0.189230
v -0.012198 0.002439 -0.189549
v -0.012089 0.002426 -0.189293
v -0.011632 0.003987 -0.189124
v -0.011877 0.003411 -0.189255
v -0.011971 0.003477 -0.189503
v -0.011924 0.003499 -0.189772
v -0.012153 0.002430 -0.189826
v -0.011458 0.004446 -0.189444
v -0.011524 0.004362 -0.189216
v -0.011484 0.004213 -0.189017
v -0.010773 0.005009 -0.188770
v -0.010877 0.004881 -0.188612
v -0.010053 0.005193 -0.187957
v -0.010909 0.004685 -0.188493
v -0.010177 0.005061 -0.187837
v -0.009489 0.005094 -0.187009
v -0.009487 0.005095 -0.187010
v -0.009356 0.005226 -0.187118
v -0.010245 0.004864 -0.187760
v -0.008734 0.003745 -0.185470
v -0.009565 0.004900 -0.186945
v -0.008484 0.004919 -0.185607
v -0.007834 0.005118 -0.184949
v -0.007912 0.004929 -0.184885
v -0.007102 0.004944 -0.183844
v -0.005143 0.003431 -0.180494
v -0.006303 0.004959 -0.182794
v -0.007022 0.005131 -0.183907
v -0.006887 0.005258 -0.184012
v -0.006221 0.005143 -0.182857
v -0.007700 0.005248 -0.185055
v -0.006723 0.005303 -0.184139
v -0.009191 0.005274 -0.187253
v -0.007535 0.005293 -0.185185
v -0.009355 0.005227 -0.187119
v -0.009891 0.005238 -0.188101
v -0.004829 0.005240 -0.191291
v -0.009899 0.005237 -0.188111
v -0.005405 0.005044 -0.192209
v -0.010618 0.005045 -0.188936
v -0.010620 0.005044 -0.188938
v -0.005902 0.004478 -0.193001
v -0.011282 0.004475 -0.189623
v -0.011304 0.004445 -0.189643
v -0.011737 0.003523 -0.189970
v -0.006184 0.003523 -0.193452
v -0.000407 0.003523 -0.197075
v -0.006279 0.002436 -0.193602
v -0.000125 0.004478 -0.196624
v 0.005652 0.004478 -0.200248
v 0.006149 0.005044 -0.199456
v 0.000372 0.005044 -0.195833
v 0.006725 0.005240 -0.198538
v 0.000948 0.005240 -0.194915
v 0.001534 0.005274 -0.193980
v 0.007311 0.005274 -0.197604
v 0.025055 0.005323 -0.200904
v 0.013088 0.005274 -0.201227
v 0.012502 0.005240 -0.202162
v 0.018865 0.005274 -0.204851
v 0.024749 0.005314 -0.202268
v 0.024431 0.005304 -0.203628
v 0.024098 0.005294 -0.204985
v 0.023749 0.005284 -0.206337
v 0.023384 0.005274 -0.207685
v 0.018278 0.005240 -0.205785
v 0.023076 0.005237 -0.208762
v 0.023588 0.005228 -0.207741
v 0.023288 0.005194 -0.208814
v 0.023589 0.005227 -0.207742
v 0.023068 0.005236 -0.208789
v 0.022994 0.005020 -0.209885
v 0.023190 0.004894 -0.209888
v 0.022763 0.005049 -0.209845
v 0.022771 0.004487 -0.210861
v 0.022447 0.003522 -0.211409
v 0.022511 0.004476 -0.210823
v 0.022756 0.005040 -0.209871
v 0.022511 0.004477 -0.210821
v 0.017206 0.004478 -0.207495
v 0.016923 0.003523 -0.207945
v 0.016829 0.002436 -0.208096
v 0.011052 0.002436 -0.204472
v 0.011146 0.003523 -0.204322
v 0.011429 0.004478 -0.203871
v 0.005275 0.002436 -0.200849
v 0.005370 0.003523 -0.200699
v -0.000502 0.002436 -0.197225
v 0.005262 0.001333 -0.200869
v -0.000514 0.001333 -0.197246
v 0.005256 -0.001314 -0.200865
v -0.000523 -0.001314 -0.197241
v -0.006291 0.001333 -0.193622
v -0.011967 0.002436 -0.190033
v -0.012068 0.001333 -0.189999
v -0.012109 0.000006 -0.189973
v -0.006302 -0.001314 -0.193616
v -0.006290 -0.002418 -0.193596
v -0.012082 -0.001314 -0.189991
v -0.000511 -0.002418 -0.197220
v -0.006195 -0.003506 -0.193445
v -0.000416 -0.003506 -0.197070
v 0.005363 -0.003506 -0.200695
v 0.005269 -0.002418 -0.200845
v -0.000133 -0.004462 -0.196619
v 0.011048 -0.002418 -0.204470
v 0.005262 -0.001314 -0.200869
v 0.011035 -0.001314 -0.204490
v 0.016814 -0.001314 -0.208115
v 0.011039 0.001333 -0.204493
v 0.005263 0.001333 -0.200869
v 0.016816 0.001333 -0.208116
v 0.022508 0.002436 -0.211665
v 0.022634 0.000009 -0.211765
v 0.022593 0.001333 -0.211739
v 0.022509 0.002422 -0.211667
v 0.022804 0.001348 -0.211813
v 0.022593 -0.001314 -0.211740
v 0.022507 -0.002418 -0.211656
v 0.022804 -0.001330 -0.211813
v 0.022509 -0.002403 -0.211658
v 0.022789 -0.002439 -0.211730
v 0.022875 -0.001335 -0.211816
v 0.022431 -0.003507 -0.211402
v 0.022432 -0.003484 -0.211410
v 0.016827 -0.002418 -0.208095
v 0.016921 -0.003506 -0.207944
v 0.011142 -0.003506 -0.204320
v 0.022484 -0.004461 -0.210803
v 0.022483 -0.004454 -0.210810
v 0.022721 -0.005028 -0.209849
v 0.022447 0.003501 -0.211417
v -0.012295 0.000008 -0.189764
v -0.012253 0.001351 -0.189793
v -0.012254 0.001351 -0.189790
v -0.011972 0.002401 -0.190033
v -0.011753 0.003470 -0.189979
v 0.017703 0.005044 -0.206703
v 0.011926 0.005044 -0.203079
v -0.004243 0.005274 -0.190357
v -0.004354 0.005333 -0.180946
v -0.005922 0.005313 -0.183084
v -0.005132 0.005323 -0.182020
v -0.005296 0.005279 -0.181898
v -0.006086 0.005269 -0.182959
v -0.004518 0.005290 -0.180828
v -0.003754 0.005301 -0.179749
v -0.003890 0.005182 -0.179653
v -0.004654 0.005169 -0.180730
v -0.004760 0.004990 -0.180697
v -0.005432 0.005156 -0.181798
v -0.004739 0.004990 -0.180668
v -0.003975 0.005006 -0.179592
v -0.003225 0.005023 -0.178506
v -0.001866 0.003138 -0.175308
v -0.002753 0.005077 -0.177835
v -0.001626 0.006055 -0.176887
v -0.000898 0.006095 -0.175807
v -0.002208 0.000009 -0.175133
v -0.001521 0.006207 -0.176860
v -0.002187 0.005400 -0.177210
v -0.002166 0.005536 -0.177366
v -0.002681 0.005246 -0.177922
v -0.002560 0.005357 -0.178035
v -0.003138 0.005196 -0.178567
v -0.003138 0.005195 -0.178567
v -0.003003 0.005311 -0.178660
v -0.003002 0.005312 -0.178660
v -0.002838 0.005353 -0.178772
v -0.002403 0.005396 -0.178159
v -0.003589 0.005343 -0.179864
v -0.001157 0.006780 -0.176853
v -0.000742 0.007479 -0.176977
v -0.000322 0.008139 -0.177150
v 0.000115 0.008765 -0.177356
v 0.000024 0.008745 -0.177597
v 0.000275 0.008977 -0.177434
v 0.000023 0.008744 -0.177599
v 0.000041 0.008645 -0.177837
v 0.002074 0.010926 -0.178667
v -0.005515 0.004975 -0.181735
v -0.005493 -0.005134 -0.181757
v -0.005575 -0.004948 -0.181695
v -0.006147 -0.005250 -0.182919
v -0.005356 -0.005260 -0.181858
v -0.004715 -0.005146 -0.180690
v -0.004798 -0.004963 -0.180629
v -0.004795 -0.004963 -0.180625
v 0.025302 -0.005315 -0.199508
v 0.024438 -0.011165 -0.100507
v 0.023492 -0.011394 -0.093750
v 0.022426 -0.011575 -0.087005
v 0.023861 -0.006068 -0.080209
v 0.021251 -0.011700 -0.080305
v 0.017983 -0.015726 -0.087282
v 0.016723 -0.015934 -0.080810
v 0.019980 -0.011763 -0.073653
v 0.015341 -0.016056 -0.074376
v 0.013722 -0.016640 -0.081220
v 0.012237 -0.016781 -0.074921
v 0.010583 -0.015944 -0.081687
v 0.008968 -0.016089 -0.075522
v 0.005858 -0.011854 -0.082278
v 0.004056 -0.011964 -0.076335
v 0.003349 -0.006130 -0.082373
v 0.004157 0.000009 -0.088058
v 0.001506 -0.006164 -0.076587
v 0.002460 0.000009 -0.082393
v 0.002446 0.000009 -0.082348
v 0.003353 0.006148 -0.082413
v 0.000629 0.000009 -0.076676
v 0.001514 0.006182 -0.076628
v -0.000347 0.006180 -0.071055
v 0.002217 0.012022 -0.070585
v 0.000614 0.000009 -0.076632
v -0.000358 -0.006162 -0.071016
v -0.001212 0.000009 -0.071192
v -0.001226 0.000009 -0.071151
v -0.002331 -0.006125 -0.065339
v -0.003165 0.000009 -0.065597
v -0.002316 0.006143 -0.065384
v -0.004682 0.006076 -0.058723
v 0.000261 0.011995 -0.064723
v -0.003180 0.000009 -0.065553
v -0.001978 0.011907 -0.058167
v -0.004314 0.011775 -0.051365
v -0.007189 0.005988 -0.051715
v -0.008118 0.000009 -0.051830
v -0.005579 0.000009 -0.058856
v -0.008135 0.000009 -0.051782
v -0.009623 0.005888 -0.044831
v -0.010615 0.000009 -0.044849
v -0.011986 0.005788 -0.037872
v -0.010600 0.000009 -0.044893
v -0.009643 -0.005871 -0.044784
v -0.007209 -0.005970 -0.051665
v -0.012005 -0.005771 -0.037828
v -0.006608 -0.011593 -0.044594
v -0.008804 -0.011430 -0.037806
v -0.010840 -0.011278 -0.030968
v -0.005935 -0.013827 -0.037714
v -0.007516 -0.013687 -0.032278
v -0.007492 -0.013696 -0.032318
v -0.004497 -0.014611 -0.035217
v -0.006615 -0.013968 -0.031728
v -0.005404 -0.014407 -0.035774
v -0.004237 -0.014762 -0.037644
v -0.002319 -0.015176 -0.038680
v -0.003223 -0.015048 -0.039238
v -0.000981 -0.015608 -0.042669
v -0.000836 -0.015641 -0.042888
v -0.003873 -0.014003 -0.044362
v -0.000090 -0.015655 -0.042119
v -0.000088 -0.015802 -0.044003
v 0.000745 -0.015153 -0.041675
v 0.002191 -0.016038 -0.045545
v -0.001430 -0.014724 -0.038222
v -0.003565 -0.014219 -0.034750
v 0.000562 -0.014132 -0.040344
v -0.000856 -0.013845 -0.038016
v -0.002932 -0.013366 -0.034534
v -0.003360 -0.013258 -0.033804
v -0.002234 -0.010899 -0.033065
v 0.001945 -0.010899 -0.039438
v 0.000701 -0.008021 -0.031141
v -0.006412 -0.010899 -0.026692
v -0.003477 -0.008021 -0.024768
v -0.004956 -0.012829 -0.031033
v -0.006912 -0.012234 -0.027509
v -0.005648 -0.013644 -0.031257
v -0.007664 -0.012999 -0.027740
v -0.008662 -0.013245 -0.028207
v -0.009591 -0.012281 -0.024195
v -0.007107 -0.012170 -0.027148
v -0.008777 -0.011582 -0.023962
v -0.010468 -0.010899 -0.020506
v -0.007655 -0.008021 -0.018395
v -0.010529 -0.010872 -0.020376
v -0.011401 -0.011490 -0.020605
v -0.010563 -0.010857 -0.020302
v -0.012142 -0.008581 -0.013356
v -0.012063 -0.010116 -0.016855
v -0.012132 -0.010116 -0.016749
v -0.013055 -0.010633 -0.016965
v -0.011833 -0.008021 -0.012022
v -0.003958 -0.006991 -0.015971
v -0.012242 -0.008278 -0.012290
v -0.012322 -0.008020 -0.011277
v -0.012257 -0.008233 -0.012119
v -0.012350 -0.007925 -0.010871
v -0.008137 -0.006991 -0.009598
v -0.011992 -0.006991 -0.000073
v -0.012463 -0.007429 -0.008342
v -0.012460 -0.007109 -0.005797
v -0.012315 -0.006991 -0.003225
v -0.012564 -0.007058 -0.003210
v -0.012563 -0.007057 -0.003210
v -0.012681 -0.007193 -0.005789
v -0.012839 -0.007373 -0.005773
v -0.012657 -0.007528 -0.008335
v -0.012747 -0.007241 -0.003199
v -0.012239 -0.007058 -0.000037
v -0.012420 -0.007241 -0.000010
v -0.012748 -0.007242 -0.003199
v -0.011822 -0.007241 0.003119
v -0.011644 -0.007058 0.003077
v -0.011401 -0.006991 0.003018
v -0.010524 -0.006991 0.006034
v -0.012791 -0.007698 -0.008315
v -0.012517 -0.008030 -0.010862
v -0.012410 -0.008340 -0.012108
v -0.012629 -0.008189 -0.010837
v -0.012840 -0.007907 -0.008284
v -0.012513 -0.008492 -0.012080
v -0.012672 -0.008378 -0.010799
v -0.012552 -0.008671 -0.012039
v -0.012653 -0.008991 -0.011004
v -0.012537 -0.009239 -0.012775
v -0.012472 -0.008991 -0.012767
v -0.012413 -0.009001 -0.013268
v -0.012240 -0.009372 -0.014880
v -0.012375 -0.008833 -0.013312
v -0.012233 -0.009356 -0.014881
v -0.012335 -0.008757 -0.013328
v -0.012220 -0.009393 -0.015010
v -0.012117 -0.009781 -0.016128
v -0.012359 -0.009536 -0.014868
v -0.012511 -0.009654 -0.014963
v -0.012531 -0.009640 -0.014874
v -0.013721 -0.009654 -0.013118
v -0.014040 -0.009654 -0.012632
v -0.013809 -0.009703 -0.013176
v -0.013852 -0.009693 -0.013075
v -0.014722 -0.009869 -0.013259
v -0.015564 -0.009639 -0.013503
v -0.014088 -0.010589 -0.017362
v -0.012437 -0.011550 -0.021039
v -0.013268 -0.011032 -0.021524
v -0.015215 -0.009763 -0.016928
v -0.014878 -0.010001 -0.017804
v -0.016150 -0.005597 -0.023745
v -0.013134 -0.011111 -0.021812
v -0.012628 -0.011146 -0.024064
v -0.012018 -0.011724 -0.024104
v -0.011476 -0.012000 -0.025166
v -0.010612 -0.012440 -0.024651
v -0.009548 -0.012886 -0.028744
v -0.008255 -0.013409 -0.031014
v -0.014207 -0.005678 -0.030820
v -0.015278 0.000009 -0.030811
v -0.015290 0.000009 -0.030774
v -0.013030 0.000009 -0.037838
v -0.013016 0.000009 -0.037879
v -0.014191 0.005695 -0.030861
v -0.016136 0.005615 -0.023782
v -0.012615 0.011171 -0.024099
v -0.010825 0.011303 -0.031006
v -0.013125 0.011133 -0.021839
v -0.013678 0.010803 -0.020635
v -0.015177 0.009802 -0.017040
v -0.015208 0.009779 -0.016959
v -0.017681 0.005549 -0.016604
v -0.018873 0.000009 -0.016405
v -0.017288 0.000009 -0.023640
v -0.018605 0.005495 -0.009322
v -0.018868 0.000009 -0.016435
v -0.016456 0.008778 -0.013335
v -0.015719 0.009432 -0.012961
v -0.016773 0.008461 -0.009217
v -0.017444 0.007788 -0.009557
v -0.017453 0.007777 -0.009513
v -0.018085 0.006863 -0.005576
v -0.017469 0.007558 -0.005381
v -0.017694 0.006812 -0.001409
v -0.018246 0.006215 -0.002078
v -0.018577 0.005449 -0.001989
v -0.018230 0.006125 -0.001474
v -0.017719 0.005778 0.002664
v -0.017289 0.006431 0.002570
v -0.017294 0.006427 0.002571
v -0.016670 0.006854 0.002433
v -0.016239 0.006398 0.006411
v -0.017085 0.005745 0.005164
v -0.016645 0.005721 0.006553
v -0.017207 0.005409 0.005207
v -0.014355 0.005372 0.011936
v -0.018182 0.000009 0.005550
v -0.015086 0.000009 0.012260
v -0.019714 0.000009 -0.001665
v -0.018177 0.000009 0.005567
v -0.015125 0.005639 0.010270
v -0.014748 0.006355 0.010087
v -0.014293 0.005596 0.011908
v -0.012855 0.006307 0.013598
v -0.013199 0.005545 0.013812
v -0.010972 0.005460 0.017113
v -0.017205 -0.005390 0.005226
v -0.015079 0.000009 0.012272
v -0.018579 -0.005430 -0.001964
v -0.015751 -0.008544 0.004723
v -0.016887 -0.008612 -0.002176
v -0.015681 -0.008539 0.004991
v -0.016905 -0.008613 -0.002408
v -0.018611 -0.005476 -0.009293
v -0.016477 -0.009085 -0.009388
v -0.016926 -0.008609 -0.009416
v -0.016912 -0.008610 -0.009634
v -0.016205 -0.009051 -0.013759
v -0.017691 -0.005531 -0.016571
v -0.016209 -0.009257 -0.009371
v -0.019804 0.000009 -0.009059
v -0.019803 0.000009 -0.009086
v -0.019717 0.000009 -0.001687
v -0.010808 0.000009 0.018307
v -0.017279 0.000009 -0.023674
v -0.012283 -0.008689 -0.013342
v -0.012538 -0.009241 -0.012775
v -0.012895 -0.007638 -0.006146
v -0.012896 -0.007603 -0.005753
v 0.000220 -0.006991 -0.022344
v 0.010397 -0.006991 -0.016089
v 0.011319 -0.006991 -0.023382
v 0.004398 -0.006991 -0.028717
v 0.012464 -0.006991 -0.030627
v 0.008576 -0.006991 -0.035090
v 0.014313 -0.006904 -0.037734
v 0.013739 -0.006991 -0.037840
v 0.015095 -0.006991 -0.045033
v 0.012755 -0.006991 -0.041463
v 0.009058 -0.008021 -0.043887
v 0.004880 -0.008021 -0.037514
v 0.006123 -0.010899 -0.045811
v 0.010301 -0.010899 -0.052184
v 0.004602 -0.014761 -0.046808
v 0.005594 -0.014864 -0.048363
v 0.003416 -0.014608 -0.044932
v 0.002961 -0.015497 -0.045121
v 0.001261 -0.014262 -0.041479
v 0.005206 -0.015728 -0.048549
v 0.004521 -0.016295 -0.048946
v 0.004161 -0.016471 -0.050076
v 0.006894 -0.016390 -0.052330
v 0.003710 -0.016423 -0.049454
v 0.001328 -0.016075 -0.046080
v 0.001484 -0.015853 -0.050483
v -0.000489 -0.015674 -0.044044
v 0.003487 -0.016006 -0.056935
v -0.001733 -0.014176 -0.050957
v 0.006163 -0.016604 -0.052801
v 0.006272 -0.016607 -0.052947
v 0.008488 -0.016571 -0.055836
v 0.007180 -0.016682 -0.056123
v 0.008692 -0.016556 -0.056094
v 0.011320 -0.016162 -0.059358
v 0.008938 -0.016791 -0.062369
v 0.005440 -0.016110 -0.063301
v 0.007253 -0.016142 -0.069419
v 0.000244 -0.011974 -0.064678
v 0.002201 -0.012004 -0.070542
v -0.001998 -0.011884 -0.058118
v -0.004701 -0.006058 -0.058672
v -0.004334 -0.011751 -0.051318
v -0.005561 0.000009 -0.058907
v 0.010634 -0.016829 -0.068634
v 0.013834 -0.016091 -0.067904
v 0.012249 -0.016044 -0.061489
v 0.012957 -0.015692 -0.061302
v 0.011883 -0.016023 -0.060038
v 0.014012 -0.015269 -0.062489
v 0.016857 -0.013454 -0.065198
v 0.014283 -0.014972 -0.062184
v 0.014465 -0.014604 -0.061925
v 0.016923 -0.013295 -0.064955
v 0.012099 -0.015354 -0.058701
v 0.011776 -0.015837 -0.058995
v 0.009767 -0.015720 -0.055345
v 0.009306 -0.016268 -0.055674
v 0.007479 -0.015818 -0.051965
v 0.008734 -0.015018 -0.053211
v 0.007798 -0.015002 -0.051778
v 0.010013 -0.014987 -0.055151
v 0.012270 -0.014742 -0.058496
v 0.014479 -0.010899 -0.058557
v 0.017414 -0.008021 -0.056633
v 0.013236 -0.008021 -0.050260
v 0.012990 -0.014602 -0.059533
v 0.018600 -0.010899 -0.064843
v 0.018011 -0.008021 -0.057543
v 0.014560 -0.014158 -0.061708
v 0.018573 -0.008789 -0.060771
v 0.018760 -0.010359 -0.064274
v 0.018930 -0.008545 -0.060830
v 0.018949 -0.010243 -0.064418
v 0.019214 -0.008249 -0.060912
v 0.018706 -0.010925 -0.065069
v 0.019105 -0.010114 -0.064566
v 0.018919 -0.010786 -0.065420
v 0.019243 -0.009959 -0.064730
v 0.018819 -0.010864 -0.065237
v 0.018313 -0.011748 -0.065562
v 0.018364 -0.011757 -0.065766
v 0.018362 -0.011759 -0.065767
v 0.017630 -0.012692 -0.065644
v 0.018595 -0.011763 -0.066867
v 0.017638 -0.012598 -0.065419
v 0.018249 -0.011726 -0.065373
v 0.017624 -0.012492 -0.065213
v 0.017588 -0.012366 -0.065007
v 0.016955 -0.013117 -0.064734
v 0.018166 -0.011691 -0.065183
v 0.018569 -0.010975 -0.064901
v 0.016955 -0.012909 -0.064520
v 0.021185 -0.006032 -0.066385
v 0.019808 -0.005969 -0.059507
v 0.019435 -0.007889 -0.061021
v 0.020706 0.000009 -0.059330
v 0.022570 -0.006065 -0.073399
v 0.022085 0.000009 -0.066244
v 0.020697 0.000009 -0.059281
v 0.019816 0.005990 -0.059554
v 0.019564 0.000009 -0.053485
v 0.018647 -0.005885 -0.053652
v 0.018656 0.005907 -0.053693
v 0.018388 0.006044 -0.052583
v 0.018076 0.005857 -0.050711
v 0.018568 0.006189 -0.053712
v 0.018977 0.006665 -0.056524
v 0.019335 0.007455 -0.059678
v 0.019395 0.007696 -0.060423
v 0.019163 0.008081 -0.060321
v 0.019369 0.009471 -0.064104
v 0.019210 0.009675 -0.063950
v 0.018823 0.010990 -0.065517
v 0.018732 0.011051 -0.065329
v 0.021192 0.006051 -0.066437
v 0.022573 0.006083 -0.073450
v 0.019985 0.011781 -0.073703
v 0.022096 0.000009 -0.066299
v 0.023499 0.000009 -0.073354
v 0.023510 0.000009 -0.073408
v 0.024833 0.000009 -0.080236
v 0.016737 0.015956 -0.080859
v 0.021253 0.011716 -0.080353
v 0.017710 0.005718 -0.048634
v 0.019556 0.000009 -0.053446
v 0.018055 -0.005833 -0.050617
v 0.017731 -0.005710 -0.048778
v 0.017367 -0.006373 -0.048808
v 0.017635 -0.007099 -0.052892
v 0.018115 -0.006653 -0.052866
v 0.016547 -0.006337 -0.044752
v 0.016798 -0.006848 -0.048884
v 0.016242 -0.006614 -0.044811
v 0.016087 -0.007082 -0.048999
v 0.017026 -0.007371 -0.052959
v 0.015959 -0.007059 -0.048475
v 0.015891 -0.006819 -0.044879
v 0.015682 -0.006899 -0.044919
v 0.017779 -0.007819 -0.056394
v 0.017883 -0.007904 -0.056900
v 0.018375 -0.007624 -0.056890
v 0.018761 -0.007235 -0.056916
v 0.019331 -0.007422 -0.059629
v 0.019035 -0.006742 -0.056978
v 0.018559 -0.006166 -0.053671
v 0.018434 -0.006063 -0.052883
v 0.004169 0.000009 -0.088101
v 0.007149 0.000009 -0.099591
v 0.013515 0.005778 -0.025509
v 0.014306 0.005750 -0.030328
v 0.014537 0.005537 -0.031190
v 0.013639 0.005478 -0.025513
v 0.013154 0.005788 -0.023126
v 0.015609 0.000009 -0.031127
v 0.015506 0.005616 -0.036853
v 0.015596 0.005697 -0.037512
v 0.013972 0.000009 -0.019853
v 0.013355 0.000009 -0.014191
v 0.012939 -0.001069 -0.009150
v 0.013007 0.000009 -0.009494
v 0.012941 0.001086 -0.009158
v 0.011911 -0.005764 0.005834
v 0.012318 -0.005703 0.008917
v 0.011618 -0.006255 0.005864
v 0.012795 -0.006133 0.013032
v 0.012350 -0.006600 0.013120
v 0.014177 -0.006498 0.020196
v 0.013797 -0.006767 0.020301
v 0.014610 -0.006050 0.024546
v 0.013908 -0.006740 0.024359
v 0.013565 -0.006872 0.020366
v 0.012318 -0.006063 0.028355
v 0.012530 -0.005119 0.028578
v 0.008523 -0.005193 0.030831
v 0.008541 -0.005192 0.030826
v 0.008492 -0.003044 0.031026
v 0.003910 -0.005227 0.030907
v -0.000145 -0.005259 0.028716
v 0.000084 -0.006141 0.028463
v 0.003794 -0.003044 0.031086
v 0.003911 -0.005227 0.030907
v 0.000086 -0.006146 0.028461
v 0.012572 -0.003044 0.028684
v 0.014994 -0.003044 0.024628
v 0.012568 -0.005118 0.028541
v 0.014901 -0.005096 0.024623
v 0.014485 -0.006144 0.020110
v 0.014910 -0.005097 0.024590
v 0.014617 -0.005919 0.020074
v 0.014819 -0.005263 0.020012
v 0.013762 -0.005450 0.016062
v 0.015029 -0.003044 0.019889
v 0.015029 -0.003044 0.019889
v 0.015029 -0.003044 0.019889
v 0.015029 -0.003044 0.019888
v 0.015029 -0.003044 0.019886
v 0.015029 -0.003044 0.019889
v 0.015027 -0.003045 0.019876
v 0.015018 -0.003045 0.019839
v 0.013397 -0.005516 0.014521
v 0.013060 -0.005577 0.012979
v -0.005117 -0.006172 0.023412
v -0.004754 -0.006400 0.023507
v -0.005536 -0.005955 0.023194
v -0.005502 -0.005891 0.023260
v -0.005580 -0.006025 0.023142
v -0.005686 -0.008054 0.022439
v -0.007011 -0.008991 0.014211
v -0.009040 -0.009424 0.011298
v -0.009835 -0.009424 0.009721
v -0.009669 -0.009241 0.009643
v -0.009609 -0.008991 0.009614
v -0.010377 -0.009241 0.008036
v -0.010315 -0.008991 0.008010
v -0.010547 -0.009424 0.008105
v -0.010998 -0.009241 0.006398
v 0.014189 0.003012 0.015908
v 0.014344 0.003012 0.016707
v 0.013766 0.005468 0.016066
v 0.014618 0.005939 0.020067
v 0.012799 0.006151 0.013030
v 0.014819 0.005282 0.020012
v 0.013399 0.005534 0.014516
v 0.014505 0.003012 0.017504
v 0.014674 0.003012 0.018300
v 0.014851 0.003012 0.019095
v 0.014987 0.003011 0.019689
v 0.015022 0.003010 0.019837
v 0.015033 0.003010 0.019884
v 0.015033 0.003009 0.019887
v 0.014995 0.003009 0.024628
v 0.012572 0.003009 0.028686
v 0.015031 0.003010 0.019874
v 0.015033 0.003009 0.019886
v 0.015033 0.003009 0.019887
v 0.015033 0.003009 0.019887
v 0.015033 0.003009 0.019887
v 0.015033 0.003009 0.019887
v 0.012567 0.005136 0.028541
v 0.008491 0.003009 0.031030
v 0.003792 0.003009 0.031089
v 0.014900 0.005115 0.024621
v 0.012530 0.005137 0.028577
v 0.008541 0.005211 0.030826
v 0.012318 0.006081 0.028355
v 0.014610 0.006068 0.024544
v 0.013906 0.006759 0.024357
v 0.014485 0.006165 0.020105
v 0.014178 0.006517 0.020192
v 0.014909 0.005115 0.024589
v 0.008522 0.005211 0.030831
v -0.000145 0.005277 0.028716
v 0.013064 0.005595 0.012978
v 0.012323 0.005721 0.008907
v 0.011918 0.005782 0.005830
v 0.011625 0.006273 0.005860
v 0.011683 0.005811 0.003190
v 0.011494 0.005829 -0.001400
v -0.000840 0.001510 -0.182575
v -0.001763 0.001510 -0.182743
v -0.000514 0.001510 -0.183267
v -0.001763 0.005333 -0.182743
v -0.000840 0.005337 -0.182575
v -0.000514 0.005334 -0.183267
v 0.000056 0.005333 -0.183852
v 0.003108 0.005353 -0.182502
v 0.003508 0.005395 -0.181865
v 0.001369 0.005333 -0.184753
v 0.002709 0.005333 -0.185594
v 0.004054 0.005333 -0.186438
v 0.008714 0.005353 -0.186018
v 0.005399 0.005333 -0.187281
v -0.002059 0.005392 -0.178373
v -0.002497 0.005353 -0.178986
v 0.009113 0.005395 -0.185381
v 0.014718 0.005395 -0.188897
v 0.015087 0.005667 -0.188309
v 0.009481 0.005667 -0.184793
v 0.009715 0.006269 -0.184421
v 0.003876 0.005667 -0.181277
v 0.015320 0.006269 -0.187937
v 0.020925 0.006269 -0.191453
v 0.015425 0.006994 -0.187770
v 0.021030 0.006994 -0.191285
v 0.021081 0.007741 -0.191204
v 0.025081 0.007741 -0.193714
v 0.025489 0.006993 -0.194080
v 0.025415 0.007514 -0.194003
v 0.025581 0.006784 -0.194194
v 0.025720 0.006917 -0.194305
v 0.025769 0.006266 -0.194484
v 0.025290 0.007383 -0.193888
v 0.020692 0.005667 -0.191825
v 0.025961 0.006304 -0.194654
v 0.025812 0.005675 -0.195043
v 0.025796 0.006158 -0.194555
v 0.025925 0.005670 -0.195150
v 0.025801 0.005616 -0.195131
v 0.026038 0.005761 -0.195188
v 0.025959 0.005498 -0.195891
v 0.026066 0.005625 -0.195919
v 0.026117 0.005876 -0.195241
v 0.026032 0.006468 -0.194821
v 0.026124 0.005782 -0.195945
v 0.026154 0.006005 -0.195304
v 0.026127 0.005948 -0.195966
v 0.026148 0.006138 -0.195373
v 0.026093 0.006298 -0.195357
v 0.025991 0.006611 -0.195015
v 0.024691 0.008847 -0.193787
v 0.026102 0.006251 -0.195435
v 0.021177 0.011844 -0.197680
v 0.025090 0.006664 -0.199805
v 0.025751 0.007141 -0.194673
v 0.026083 0.006092 -0.195978
v 0.025975 0.006059 -0.196651
v 0.022550 0.010995 -0.192267
v 0.021485 0.011703 -0.191545
v 0.022653 0.010917 -0.192338
v 0.022711 0.010819 -0.192148
v 0.021555 0.011601 -0.191356
v 0.023730 0.009970 -0.193090
v 0.023775 0.009878 -0.192897
v 0.022698 0.010663 -0.191994
v 0.024725 0.008762 -0.193593
v 0.023747 0.009736 -0.192738
v 0.022618 0.010478 -0.191904
v 0.023651 0.009568 -0.192638
v 0.024682 0.008637 -0.193428
v 0.024682 0.008637 -0.193427
v 0.025065 0.008089 -0.193719
v 0.024571 0.008492 -0.193317
v 0.025113 0.008209 -0.193887
v 0.025469 0.007632 -0.194174
v 0.025440 0.007716 -0.194371
v 0.025084 0.008290 -0.194083
v 0.025781 0.007044 -0.194476
v 0.021115 0.008492 -0.191150
v 0.024947 0.007953 -0.193605
v 0.015510 0.008492 -0.187634
v 0.017763 0.012732 -0.188644
v 0.019045 0.012348 -0.189485
v 0.020299 0.011852 -0.190319
v 0.021493 0.011234 -0.191126
v 0.020347 0.012064 -0.190391
v 0.021558 0.011434 -0.191208
v 0.019078 0.012570 -0.189548
v 0.020329 0.012239 -0.190535
v 0.019047 0.012751 -0.189689
v 0.020249 0.012343 -0.190723
v 0.018958 0.012855 -0.189878
v 0.015570 0.014350 -0.194545
v 0.017421 0.013306 -0.188883
v 0.009566 0.015101 -0.191147
v 0.016317 0.013543 -0.188175
v 0.014976 0.013756 -0.187321
v 0.017646 0.013249 -0.189028
v 0.013278 0.015585 -0.200871
v 0.006880 0.016352 -0.197140
v 0.000541 0.017590 -0.200950
v 0.003654 0.016332 -0.195236
v 0.007358 0.017325 -0.205077
v 0.003984 0.017568 -0.203041
v 0.003767 0.018437 -0.210582
v -0.002723 0.018700 -0.206505
v 0.000883 0.018631 -0.208772
v 0.002197 0.018558 -0.209597
v 0.003616 0.018398 -0.210817
v 0.002046 0.018519 -0.209832
v 0.003490 0.018214 -0.210990
v 0.001924 0.018334 -0.210008
v 0.000358 0.018419 -0.209025
v 0.000477 0.018603 -0.208847
v -0.001093 0.018653 -0.207861
v 0.000627 0.018642 -0.208611
v -0.001210 0.018469 -0.208041
v -0.001256 0.018198 -0.208106
v -0.002821 0.018208 -0.207124
v -0.002780 0.018480 -0.207055
v -0.004338 0.018436 -0.206077
v -0.002667 0.018664 -0.206872
v -0.004371 0.018164 -0.206152
v -0.005918 0.018044 -0.205182
v -0.007455 0.017816 -0.204217
v -0.018073 0.004212 -0.197556
v -0.008976 0.017442 -0.203263
v -0.011813 0.016132 -0.201483
v -0.016052 0.011047 -0.198824
v -0.007449 0.018086 -0.204124
v -0.005896 0.018316 -0.205099
v -0.005794 0.018500 -0.204906
v -0.004230 0.018621 -0.205890
v -0.004081 0.018657 -0.205650
v -0.005647 0.018535 -0.204664
v -0.006319 0.018451 -0.204241
v -0.002867 0.017282 -0.198879
v -0.007211 0.018302 -0.203679
v 0.000478 0.015977 -0.193361
v -0.006215 0.016339 -0.196845
v -0.013030 0.015537 -0.200019
v -0.013079 0.015493 -0.199988
v -0.010266 0.017352 -0.201754
v -0.008768 0.017918 -0.202698
v -0.011701 0.016560 -0.200853
v -0.009874 0.017523 -0.202001
v -0.009224 0.014409 -0.195021
v -0.002627 0.015038 -0.191529
v -0.005420 0.013230 -0.189890
v -0.001830 0.012046 -0.184617
v 0.003623 0.014652 -0.187732
v 0.004131 0.012612 -0.180658
v 0.005464 0.013124 -0.181441
v 0.006814 0.013490 -0.182250
v 0.006482 0.013412 -0.182050
v 0.008171 0.013736 -0.183075
v 0.009530 0.013889 -0.183911
v 0.009654 0.013791 -0.183724
v 0.010895 0.013966 -0.184757
v 0.008300 0.013638 -0.182890
v 0.008399 0.013446 -0.182774
v 0.007056 0.013203 -0.181955
v 0.006947 0.013393 -0.182066
v 0.005602 0.013030 -0.181259
v 0.005725 0.012842 -0.181155
v 0.004513 0.012112 -0.180392
v 0.005802 0.012608 -0.181153
v 0.004416 0.012339 -0.180382
v 0.003289 0.011463 -0.179686
v 0.003168 0.011680 -0.179663
v 0.004277 0.012521 -0.180479
v 0.003011 0.011853 -0.179752
v 0.002857 0.011939 -0.179929
v 0.001993 0.010839 -0.179008
v 0.001816 0.011000 -0.179088
v 0.000719 0.009966 -0.178503
v 0.001654 0.011079 -0.179264
v 0.001472 0.010925 -0.179165
v 0.000915 0.009820 -0.178430
v 0.000151 0.008492 -0.178001
v -0.000040 0.008650 -0.177943
v -0.000042 0.008651 -0.177943
v 0.001086 0.009639 -0.178478
v 0.002139 0.010638 -0.179043
v 0.004300 0.008492 -0.180603
v 0.007116 0.012964 -0.181944
v 0.009905 0.008492 -0.184118
v 0.009871 0.007741 -0.184173
v 0.004265 0.007741 -0.180657
v -0.000351 0.007741 -0.177763
v 0.004215 0.006994 -0.180738
v 0.004109 0.006269 -0.180906
v -0.000789 0.006993 -0.177596
v 0.009820 0.006994 -0.184254
v 0.015476 0.007741 -0.187688
v -0.000779 0.007519 -0.177601
v -0.001124 0.006918 -0.177490
v -0.001192 0.006269 -0.177583
v -0.000571 0.007376 -0.177671
v -0.000909 0.006778 -0.177573
v -0.001608 0.005673 -0.177843
v -0.001257 0.006154 -0.177599
v -0.001476 0.006297 -0.177484
v -0.001356 0.006216 -0.177525
v -0.001888 0.005752 -0.177729
v -0.001764 0.005667 -0.177799
v -0.002208 0.005413 -0.178320
v -0.002335 0.005494 -0.178235
v -0.001656 0.005625 -0.177892
v -0.002434 0.005618 -0.178179
v -0.002747 0.005456 -0.178812
v -0.002842 0.005581 -0.178748
v -0.002692 0.005413 -0.178850
v -0.004230 0.005392 -0.181005
v -0.004376 0.005554 -0.180900
v -0.002897 0.005736 -0.178710
v -0.004444 0.005783 -0.180853
v -0.006028 0.005752 -0.182967
v -0.005959 0.005529 -0.183017
v -0.007656 0.005722 -0.185047
v -0.007587 0.005504 -0.185100
v -0.005817 0.005370 -0.183125
v -0.007447 0.005349 -0.185210
v -0.005632 0.005313 -0.183266
v -0.004041 0.005333 -0.181144
v -0.004672 0.005290 -0.187776
v -0.002621 0.005376 -0.178899
v -0.002087 0.005387 -0.178410
v -0.008943 0.005274 -0.187408
v -0.007268 0.005294 -0.185353
v -0.004672 0.001510 -0.187776
v -0.005686 0.005276 -0.189447
v -0.006267 0.005244 -0.190386
v -0.007727 0.002437 -0.192695
v -0.007630 0.003524 -0.192544
v -0.006843 0.005044 -0.191304
v -0.009665 0.005240 -0.188254
v -0.009055 0.005296 -0.187316
v -0.009814 0.005258 -0.188205
v -0.009706 0.005236 -0.188300
v -0.010443 0.005044 -0.189046
v -0.010601 0.005049 -0.189004
v -0.010497 0.005019 -0.189095
v -0.007344 0.004480 -0.192095
v -0.011236 0.004481 -0.189656
v -0.011804 0.003524 -0.189925
v -0.011256 0.004458 -0.189668
v -0.011794 0.003549 -0.189922
v -0.011470 0.004557 -0.189540
v -0.010712 0.005121 -0.188926
v -0.009925 0.005331 -0.188114
v -0.010014 0.005442 -0.188046
v -0.011678 0.004726 -0.189538
v -0.010809 0.005225 -0.188879
v -0.010886 0.005352 -0.188863
v -0.010075 0.005581 -0.188008
v -0.009330 0.005782 -0.187092
v -0.009324 0.005694 -0.187096
v -0.009311 0.005621 -0.187106
v -0.010102 0.005740 -0.188002
v -0.009622 0.005918 -0.187478
v -0.010937 0.005495 -0.188882
v -0.010094 0.005884 -0.188027
v -0.009189 0.007278 -0.187723
v -0.010955 0.005625 -0.188929
v -0.011821 0.004916 -0.189663
v -0.013193 0.007905 -0.192641
v -0.017396 0.007907 -0.197297
v -0.017221 0.008478 -0.197405
v -0.014139 0.004028 -0.192081
v -0.011580 0.011470 -0.193602
v -0.007637 0.010537 -0.188607
v -0.016818 0.009633 -0.197656
v -0.016229 0.011276 -0.198357
v -0.016941 0.009619 -0.197912
v -0.016102 0.011293 -0.198100
v -0.015556 0.012325 -0.198440
v -0.015366 0.012841 -0.198895
v -0.015237 0.012860 -0.198639
v -0.014212 0.014295 -0.199279
v -0.014345 0.014273 -0.199533
v -0.014351 0.014145 -0.199793
v -0.013166 0.015514 -0.200272
v -0.013189 0.015368 -0.200521
v -0.011840 0.016535 -0.201104
v -0.011883 0.016374 -0.201341
v -0.010409 0.017324 -0.202003
v -0.010471 0.017152 -0.202227
v -0.008912 0.017887 -0.202944
v -0.007358 0.018268 -0.203922
v -0.008990 0.017709 -0.203156
v -0.010430 0.016894 -0.202350
v -0.013090 0.015148 -0.200681
v -0.014227 0.013953 -0.199968
v -0.015214 0.012567 -0.199349
v -0.015358 0.012731 -0.199161
v -0.016210 0.011184 -0.198628
v -0.016914 0.009544 -0.198186
v -0.016746 0.009432 -0.198388
v -0.017483 0.007835 -0.197830
v -0.017516 0.007895 -0.197554
v -0.017849 0.006119 -0.197016
v -0.017967 0.006109 -0.197273
v -0.017930 0.006064 -0.197550
v -0.018297 0.004290 -0.197068
v -0.018179 0.004311 -0.196812
v -0.018181 0.004296 -0.196811
v -0.018502 0.000009 -0.196612
v -0.018394 0.002451 -0.196679
v -0.018509 0.002448 -0.196937
v -0.018493 0.000595 -0.196618
v -0.018608 0.000594 -0.196875
v -0.018598 -0.001293 -0.196881
v -0.018555 -0.001285 -0.197160
v -0.018565 0.000588 -0.197154
v -0.018467 0.002429 -0.197215
v -0.018257 0.004258 -0.197346
v -0.018281 0.002403 -0.197425
v -0.018378 0.000581 -0.197364
v -0.018368 -0.001274 -0.197371
v -0.018251 -0.003124 -0.197445
v -0.018436 -0.003154 -0.197234
v -0.018026 -0.004960 -0.197586
v -0.017224 -0.008525 -0.198090
v -0.015840 -0.011805 -0.198958
v -0.006569 -0.017776 -0.204776
v -0.000260 -0.018149 -0.208734
v -0.001847 -0.018149 -0.207738
v 0.001869 0.018064 -0.210067
v -0.001808 -0.018420 -0.207669
v -0.000215 -0.018420 -0.208668
v 0.001327 -0.018111 -0.209730
v 0.002912 -0.018032 -0.210725
v -0.003433 -0.018100 -0.206743
v -0.005004 -0.017982 -0.205757
v -0.003401 -0.018371 -0.206669
v -0.003293 -0.018556 -0.206482
v -0.001695 -0.018604 -0.207486
v -0.004981 -0.018253 -0.205677
v -0.004879 -0.018437 -0.205485
v -0.006558 -0.018047 -0.204687
v -0.008124 -0.017726 -0.203703
v -0.006464 -0.018229 -0.204489
v -0.008119 -0.017458 -0.203803
v -0.009644 -0.016998 -0.202846
v -0.012486 -0.015549 -0.201063
v -0.011101 -0.016374 -0.201931
v -0.009668 -0.017261 -0.202734
v -0.011149 -0.016627 -0.201804
v -0.008040 -0.017906 -0.203498
v -0.009597 -0.017437 -0.202518
v -0.011092 -0.016797 -0.201577
v -0.007895 -0.017940 -0.203253
v -0.009907 -0.017297 -0.201986
v -0.009453 -0.017469 -0.202271
v -0.006242 -0.016142 -0.196825
v -0.002905 -0.017113 -0.198853
v 0.000445 -0.015832 -0.193333
v 0.003610 -0.016260 -0.195202
v -0.006362 -0.018257 -0.204219
v 0.000490 -0.017509 -0.200916
v -0.002779 -0.018610 -0.206474
v -0.001547 -0.018643 -0.207248
v 0.000049 -0.018644 -0.208251
v 0.003928 -0.017563 -0.203004
v 0.006829 -0.016344 -0.197101
v 0.009520 -0.015090 -0.191107
v 0.013222 -0.015657 -0.200829
v 0.007297 -0.017381 -0.205038
v 0.015521 -0.014405 -0.194502
v 0.021072 -0.011773 -0.197601
v 0.017375 -0.013348 -0.188847
v 0.017552 -0.013303 -0.188961
v 0.018859 -0.012900 -0.189808
v 0.020137 -0.012377 -0.190646
v 0.014886 -0.013793 -0.187260
v 0.016224 -0.013596 -0.188110
v 0.016326 -0.013493 -0.187921
v 0.014994 -0.013692 -0.187072
v 0.015056 -0.013501 -0.186940
v 0.017647 -0.013199 -0.188772
v 0.016379 -0.013305 -0.187787
v 0.016370 -0.013072 -0.187736
v 0.015057 -0.013265 -0.186894
v 0.017689 -0.013014 -0.188635
v 0.017668 -0.012786 -0.188578
v 0.018977 -0.012616 -0.189479
v 0.018948 -0.012797 -0.189620
v 0.020216 -0.012273 -0.190458
v 0.021358 -0.011718 -0.191461
v 0.021425 -0.011616 -0.191271
v 0.020231 -0.012100 -0.190313
v 0.021425 -0.011451 -0.191121
v 0.021359 -0.011253 -0.191038
v 0.020180 -0.011889 -0.190239
v 0.018942 -0.012396 -0.189414
v 0.021040 -0.008473 -0.191103
v 0.024410 -0.008473 -0.193216
v 0.021006 -0.007722 -0.191157
v 0.023489 -0.009535 -0.192538
v 0.022467 -0.010468 -0.191808
v 0.015436 -0.008473 -0.187587
v 0.013729 -0.013377 -0.186051
v 0.012393 -0.013420 -0.185209
v 0.009831 -0.008473 -0.184072
v 0.015402 -0.007722 -0.187642
v 0.020955 -0.006975 -0.191238
v 0.009797 -0.007722 -0.184126
v 0.015351 -0.006975 -0.187723
v 0.009746 -0.006975 -0.184208
v 0.020850 -0.006250 -0.191406
v 0.015245 -0.006250 -0.187891
v 0.020617 -0.005649 -0.191778
v 0.015012 -0.005649 -0.188262
v 0.009641 -0.006250 -0.184375
v 0.009408 -0.005649 -0.184747
v 0.004036 -0.006250 -0.180860
v 0.004141 -0.006975 -0.180692
v 0.004192 -0.007722 -0.180611
v -0.000871 -0.006975 -0.177548
v -0.000438 -0.007722 -0.177707
v 0.000070 -0.008473 -0.177950
v -0.000653 -0.007364 -0.177618
v -0.000303 -0.007932 -0.177769
v -0.000861 -0.007506 -0.177548
v -0.000503 -0.008084 -0.177706
v -0.001082 -0.007626 -0.177612
v -0.000120 -0.008634 -0.177893
v -0.000718 -0.008206 -0.177772
v -0.000121 -0.008634 -0.177893
v -0.000329 -0.008763 -0.177960
v 0.000854 -0.009795 -0.178391
v 0.001944 -0.010767 -0.178982
v 0.001771 -0.010931 -0.179064
v 0.000662 -0.009944 -0.178466
v 0.001020 -0.009609 -0.178438
v 0.002087 -0.010563 -0.179016
v 0.004226 -0.008473 -0.180557
v 0.007063 -0.012869 -0.181918
v 0.005756 -0.012489 -0.181134
v 0.004471 -0.011985 -0.180376
v 0.003245 -0.011349 -0.179668
v 0.003126 -0.011568 -0.179647
v 0.004374 -0.012213 -0.180367
v 0.005678 -0.012724 -0.181136
v 0.004235 -0.012395 -0.180464
v 0.005553 -0.012911 -0.181240
v 0.006447 -0.013315 -0.182038
v 0.007000 -0.013108 -0.181928
v 0.006887 -0.013298 -0.182038
v 0.005414 -0.013004 -0.181422
v 0.003595 -0.014528 -0.187702
v 0.004088 -0.012485 -0.180644
v 0.002818 -0.011828 -0.179914
v 0.002971 -0.011742 -0.179736
v -0.001876 -0.011971 -0.184575
v -0.005486 -0.006637 -0.182574
v 0.001426 -0.010864 -0.179139
v -0.000504 -0.008827 -0.178136
v -0.005478 -0.013145 -0.189846
v -0.002649 -0.014869 -0.191508
v -0.007756 -0.010531 -0.188523
v 0.001611 -0.011011 -0.179241
v 0.000495 -0.010016 -0.178642
v -0.000331 -0.008764 -0.177961
v -0.000895 -0.008268 -0.177949
v -0.001606 -0.007116 -0.177687
v -0.001260 -0.007692 -0.177792
v -0.001939 -0.006588 -0.177675
v -0.001875 -0.006528 -0.177568
v -0.001431 -0.007033 -0.177500
v -0.002440 -0.006108 -0.178004
v -0.002949 -0.006030 -0.178681
v -0.002249 -0.006229 -0.177821
v -0.004494 -0.005996 -0.180824
v -0.002571 -0.006065 -0.178161
v -0.002591 -0.005918 -0.178121
v -0.002224 -0.006113 -0.177734
v -0.002161 -0.005975 -0.177673
v -0.001780 -0.006449 -0.177483
v -0.001670 -0.006366 -0.177438
v -0.001203 -0.006903 -0.177440
v -0.002070 -0.005846 -0.177656
v -0.001552 -0.006282 -0.177435
v -0.001273 -0.006251 -0.177531
v -0.001432 -0.006202 -0.177475
v -0.001958 -0.005734 -0.177682
v -0.002405 -0.005469 -0.178190
v -0.002505 -0.005593 -0.178133
v -0.001835 -0.005650 -0.177751
v -0.002131 -0.005371 -0.178328
v -0.001681 -0.005653 -0.177796
v -0.002279 -0.005390 -0.178274
v -0.001727 -0.005608 -0.177844
v -0.002693 -0.005358 -0.178854
v -0.002817 -0.005436 -0.178768
v -0.002158 -0.005365 -0.178364
v -0.002763 -0.005393 -0.178806
v -0.004304 -0.005373 -0.180958
v -0.005892 -0.005352 -0.183076
v -0.004449 -0.005533 -0.180853
v -0.006034 -0.005507 -0.182968
v -0.004116 -0.005315 -0.181096
v -0.001763 -0.005314 -0.182743
v -0.005710 -0.005296 -0.183216
v -0.002569 -0.005334 -0.178941
v -0.000840 -0.005319 -0.182575
v -0.004672 -0.005272 -0.187776
v -0.001763 -0.001491 -0.182743
v -0.004672 -0.001491 -0.187776
v -0.007347 -0.005276 -0.185301
v -0.005686 -0.005257 -0.189447
v -0.009024 -0.005257 -0.187354
v -0.006267 -0.005225 -0.190386
v -0.009750 -0.005224 -0.188201
v -0.009134 -0.005278 -0.187262
v -0.009893 -0.005242 -0.188148
v -0.009197 -0.005311 -0.187210
v -0.007524 -0.005331 -0.185159
v -0.007663 -0.005483 -0.185049
v -0.009246 -0.005349 -0.187170
v -0.010003 -0.005312 -0.188058
v -0.009333 -0.005458 -0.187099
v -0.009389 -0.005597 -0.187053
v -0.010092 -0.005421 -0.187992
v -0.010785 -0.005104 -0.188876
v -0.010153 -0.005557 -0.187953
v -0.010881 -0.005205 -0.188828
v -0.011740 -0.004704 -0.189495
v -0.010958 -0.005330 -0.188811
v -0.011883 -0.004892 -0.189615
v -0.011030 -0.005602 -0.188872
v -0.010175 -0.005855 -0.187966
v -0.010182 -0.005713 -0.187945
v -0.009289 -0.007273 -0.187651
v -0.013318 -0.007906 -0.192558
v -0.011726 -0.011469 -0.193508
v -0.017370 -0.008484 -0.197311
v -0.014188 -0.004008 -0.192045
v -0.018132 -0.005049 -0.196840
v -0.017783 -0.006898 -0.197056
v -0.017902 -0.006888 -0.197313
v -0.018249 -0.005042 -0.197098
v -0.017398 -0.008618 -0.197884
v -0.017429 -0.008681 -0.197608
v -0.017866 -0.006841 -0.197591
v -0.017686 -0.006771 -0.197800
v -0.018210 -0.005009 -0.197376
v -0.018478 -0.003174 -0.196956
v -0.018483 -0.001294 -0.196624
v -0.018363 -0.003178 -0.196698
v -0.018239 -0.004292 -0.196774
v -0.014461 0.000009 -0.191890
v -0.014458 0.000009 -0.191887
v -0.012424 0.003788 -0.190008
v -0.012719 0.002563 -0.190071
v -0.012384 0.003895 -0.189992
v -0.012242 0.003701 -0.189865
v -0.012015 0.003616 -0.189834
v -0.012527 0.002539 -0.189929
v -0.012297 0.002506 -0.189891
v -0.012639 0.001360 -0.189890
v -0.012408 0.001348 -0.189853
v -0.012640 0.001360 -0.189891
v -0.012653 -0.001336 -0.189882
v -0.012421 -0.001327 -0.189845
v -0.012652 -0.001336 -0.189882
v -0.012324 -0.002484 -0.189874
v -0.012554 -0.002515 -0.189911
v -0.012745 -0.002540 -0.190052
v -0.012471 -0.003764 -0.189980
v -0.012288 -0.003680 -0.189837
v -0.012844 -0.001341 -0.190023
v -0.012872 0.000009 -0.190006
v -0.012830 0.001366 -0.190031
v -0.012061 -0.003597 -0.189806
v -0.012432 -0.003875 -0.189962
v -0.011532 -0.004539 -0.189498
v -0.011840 -0.003535 -0.189894
v -0.011850 -0.003506 -0.189897
v -0.007630 -0.003506 -0.192544
v -0.007727 -0.002418 -0.192695
v -0.011302 -0.004462 -0.189614
v -0.012099 -0.002454 -0.189949
v -0.012104 -0.002418 -0.189949
v -0.007739 -0.001491 -0.192713
v -0.012195 -0.001314 -0.189920
v -0.012420 -0.001326 -0.189845
v -0.012182 0.001333 -0.189928
v -0.012406 0.001348 -0.189853
v -0.012077 0.002437 -0.189965
v -0.012072 0.002470 -0.189966
v -0.007739 0.001510 -0.192713
v -0.006354 0.001333 -0.193583
v -0.006353 0.001510 -0.193583
v -0.000525 0.001510 -0.197238
v -0.000526 0.001333 -0.197239
v 0.005296 -0.001314 -0.200890
v -0.000535 -0.001314 -0.197233
v 0.005301 0.001333 -0.200893
v 0.005303 0.001510 -0.200894
v 0.005301 -0.001314 -0.200894
v 0.005303 0.001333 -0.200894
v 0.011126 -0.001314 -0.204547
v 0.016956 -0.001314 -0.208204
v 0.011126 -0.001491 -0.204547
v 0.011131 0.001333 -0.204550
v 0.011131 0.001510 -0.204550
v 0.016959 0.001333 -0.208205
v 0.022826 0.000009 -0.211886
v 0.018551 0.001510 -0.209204
v 0.016959 0.001510 -0.208205
v 0.022787 0.001333 -0.211861
v 0.022701 0.002437 -0.211779
v 0.022944 0.001348 -0.212019
v 0.022832 0.002772 -0.211891
v 0.022984 0.000009 -0.212044
v 0.022945 0.001348 -0.212020
v 0.023017 0.001360 -0.212228
v 0.022903 0.002814 -0.212098
v 0.023017 0.001360 -0.212230
v 0.023058 0.000009 -0.212256
v 0.023017 -0.001342 -0.212230
v 0.023017 -0.001342 -0.212228
v 0.022991 0.001367 -0.212452
v 0.022991 -0.001349 -0.212452
v 0.023031 0.000009 -0.212478
v 0.022440 0.000009 -0.214068
v 0.019222 -0.003759 -0.220332
v 0.022096 -0.003948 -0.213870
v 0.019160 -0.004196 -0.220292
v 0.022112 0.003982 -0.213885
v 0.022867 -0.002842 -0.212312
v 0.022439 0.000009 -0.214073
v 0.019245 0.003722 -0.220347
v 0.019407 0.001871 -0.220452
v 0.019405 -0.001879 -0.220451
v 0.019463 0.000009 -0.220489
v 0.019274 0.000009 -0.220679
v 0.019219 0.001867 -0.220643
v 0.019217 -0.001875 -0.220642
v 0.018960 -0.001861 -0.220708
v 0.018778 -0.003721 -0.220593
v 0.019034 -0.003750 -0.220525
v 0.018464 -0.005558 -0.220395
v 0.018719 -0.005602 -0.220323
v 0.018262 -0.007415 -0.220032
v 0.018010 -0.007354 -0.220109
v 0.018905 -0.005615 -0.220127
v 0.018447 -0.007433 -0.219831
v 0.021037 -0.007741 -0.213254
v 0.018186 -0.008252 -0.219664
v 0.017845 -0.009180 -0.219445
v 0.017664 -0.009160 -0.219651
v 0.016671 -0.010731 -0.219266
v 0.016914 -0.010827 -0.219174
v 0.017415 -0.009082 -0.219734
v 0.016436 -0.010593 -0.219210
v 0.017172 -0.008969 -0.219671
v 0.017761 -0.007267 -0.220040
v 0.014517 -0.013480 -0.218006
v 0.018523 -0.003681 -0.220518
v 0.018211 -0.005494 -0.220323
v 0.009151 -0.017021 -0.214639
v 0.006053 -0.017717 -0.212695
v 0.007613 -0.017434 -0.213674
v 0.010624 -0.016442 -0.215563
v 0.012029 -0.015657 -0.216444
v 0.007699 -0.017701 -0.213632
v 0.009256 -0.017284 -0.214609
v 0.009413 -0.017462 -0.214451
v 0.007843 -0.017883 -0.213467
v 0.010752 -0.016696 -0.215547
v 0.012183 -0.015897 -0.216446
v 0.012374 -0.016058 -0.216309
v 0.010925 -0.016868 -0.215399
v 0.009572 -0.017497 -0.214217
v 0.011086 -0.016901 -0.215166
v 0.011096 -0.016896 -0.215172
v 0.013917 -0.015819 -0.209019
v 0.012539 -0.016089 -0.216078
v 0.013894 -0.015063 -0.216932
v 0.016869 -0.013917 -0.210786
v 0.014096 -0.014883 -0.217060
v 0.013726 -0.015034 -0.217159
v 0.013517 -0.014886 -0.217283
v 0.014944 -0.013805 -0.217927
v 0.014721 -0.013673 -0.218039
v 0.016008 -0.012388 -0.218600
v 0.015773 -0.012274 -0.218701
v 0.015552 -0.012109 -0.218655
v 0.016183 -0.012415 -0.218383
v 0.016514 -0.011891 -0.218594
v 0.017092 -0.010851 -0.218963
v 0.019297 -0.011127 -0.212229
v 0.023227 -0.007179 -0.206558
v 0.019136 -0.012853 -0.204244
v 0.025014 -0.006606 -0.199743
v 0.025272 -0.006017 -0.199881
v 0.025374 -0.006023 -0.199367
v 0.024807 -0.005992 -0.202123
v 0.026014 -0.006253 -0.195365
v 0.025893 -0.006054 -0.196602
v 0.026001 -0.006088 -0.195919
v 0.025938 -0.005907 -0.196609
v 0.025417 -0.005780 -0.199373
v 0.026049 -0.005944 -0.195909
v 0.026050 -0.005775 -0.195889
v 0.025943 -0.005810 -0.196609
v 0.025933 -0.005733 -0.196607
v 0.025993 -0.005615 -0.195864
v 0.025870 -0.005570 -0.196594
v 0.025342 -0.005545 -0.199357
v 0.025164 -0.005377 -0.199320
v 0.025754 -0.005440 -0.196573
v 0.024845 -0.005751 -0.202129
v 0.024766 -0.005521 -0.202110
v 0.024217 -0.005722 -0.204872
v 0.024137 -0.005496 -0.204851
v 0.024591 -0.005356 -0.202071
v 0.024930 -0.005315 -0.199273
v 0.023963 -0.005335 -0.204808
v 0.024360 -0.005296 -0.202020
v 0.023735 -0.005277 -0.204753
v 0.020888 -0.005271 -0.203879
v 0.020888 -0.001491 -0.203879
v 0.022616 -0.001491 -0.198325
v 0.022616 -0.005312 -0.198325
v 0.023049 -0.005257 -0.207471
v 0.020189 -0.005257 -0.205677
v 0.019749 -0.005225 -0.206704
v 0.018562 -0.002418 -0.209183
v 0.019296 -0.005026 -0.207699
v 0.022762 -0.005224 -0.208594
v 0.022699 -0.005198 -0.208870
v 0.022838 -0.005224 -0.208907
v 0.023192 -0.005280 -0.207509
v 0.023273 -0.005315 -0.207531
v 0.023335 -0.005355 -0.207548
v 0.022975 -0.005300 -0.208949
v 0.022616 -0.004883 -0.210251
v 0.022730 -0.004960 -0.210306
v 0.023445 -0.005472 -0.207578
v 0.023078 -0.005415 -0.208988
v 0.023140 -0.005558 -0.209019
v 0.022810 -0.005061 -0.210369
v 0.023512 -0.005619 -0.207597
v 0.023527 -0.005694 -0.207601
v 0.023530 -0.005785 -0.207603
v 0.023702 -0.005940 -0.206821
v 0.024185 -0.005961 -0.204866
v 0.023500 -0.005931 -0.207596
v 0.023153 -0.005718 -0.209040
v 0.023122 -0.005861 -0.209049
v 0.022821 -0.005433 -0.210557
v 0.022856 -0.005314 -0.210502
v 0.022854 -0.005181 -0.210435
v 0.022787 -0.004194 -0.211562
v 0.022895 -0.002804 -0.212089
v 0.022706 -0.004069 -0.211372
v 0.022751 -0.004323 -0.211768
v 0.022577 -0.003506 -0.211492
v 0.022484 -0.004463 -0.210805
v 0.022525 -0.003976 -0.211237
v 0.022824 -0.002759 -0.211882
v 0.022944 -0.001330 -0.212019
v 0.022665 -0.002714 -0.211727
v 0.022945 -0.001330 -0.212020
v 0.022695 -0.002418 -0.211776
v 0.022787 -0.001314 -0.211861
v 0.018551 -0.001491 -0.209204
v 0.016957 -0.001491 -0.208204
v 0.022491 -0.004844 -0.210214
v 0.018644 -0.003506 -0.209025
v 0.018887 -0.004462 -0.208548
v 0.022542 -0.005027 -0.209736
v 0.022095 -0.005317 -0.197240
v 0.022095 -0.001491 -0.197240
v 0.021569 -0.001491 -0.197243
v 0.021569 -0.005315 -0.197243
v 0.020989 -0.005314 -0.197026
v 0.019970 -0.005314 -0.196421
v 0.019849 -0.005334 -0.193002
v 0.020989 -0.001491 -0.197026
v 0.019970 -0.001491 -0.196421
v 0.005296 -0.001491 -0.200890
v 0.002709 -0.001491 -0.185594
v 0.017990 -0.001491 -0.195179
v 0.001363 -0.001491 -0.184750
v 0.016010 -0.001491 -0.193937
v 0.000056 -0.001491 -0.183852
v -0.000514 -0.001491 -0.183267
v -0.000534 -0.001491 -0.197233
v -0.006364 -0.001491 -0.193576
v -0.006365 -0.001314 -0.193577
v -0.000840 -0.001491 -0.182575
v -0.000514 -0.005315 -0.183267
v 0.000056 -0.005314 -0.183852
v 0.001369 -0.005314 -0.184753
v 0.003035 -0.005334 -0.182456
v 0.002709 -0.005314 -0.185594
v 0.008640 -0.005334 -0.185971
v 0.004054 -0.005314 -0.186438
v 0.005399 -0.005314 -0.187281
v 0.003434 -0.005376 -0.181819
v 0.009039 -0.005376 -0.185335
v 0.014644 -0.005376 -0.188850
v 0.003803 -0.005649 -0.181232
v 0.020248 -0.005376 -0.192365
v 0.014244 -0.005334 -0.189487
v 0.016010 -0.005314 -0.193937
v 0.017990 -0.005314 -0.195179
v 0.012050 -0.005314 -0.191453
v 0.014030 -0.005314 -0.192695
v 0.014030 -0.001491 -0.192695
v 0.012050 -0.001491 -0.191453
v 0.010070 -0.001491 -0.190211
v 0.004054 -0.001491 -0.186438
v 0.010070 -0.005314 -0.190211
v 0.008089 -0.005314 -0.188969
v 0.008089 -0.001491 -0.188969
v 0.006744 -0.005314 -0.188125
v 0.006744 -0.001491 -0.188125
v 0.005399 -0.001491 -0.187281
v 0.025606 -0.005376 -0.195726
v 0.025731 -0.005652 -0.194988
v 0.025593 -0.005368 -0.195787
v 0.025453 -0.005334 -0.196517
v 0.025741 -0.005398 -0.195809
v 0.025603 -0.005359 -0.196545
v 0.025691 -0.005397 -0.196561
v 0.025849 -0.005656 -0.195085
v 0.025886 -0.005484 -0.195837
v 0.025962 -0.005750 -0.195123
v 0.026039 -0.005868 -0.195176
v 0.025864 -0.006303 -0.194591
v 0.025677 -0.006247 -0.194424
v 0.025700 -0.006152 -0.194493
v 0.025605 -0.006909 -0.194230
v 0.025933 -0.006470 -0.194758
v 0.026064 -0.006134 -0.195312
v 0.026074 -0.006000 -0.195241
v 0.025888 -0.006612 -0.194952
v 0.025663 -0.007042 -0.194400
v 0.025282 -0.007504 -0.193920
v 0.025629 -0.007142 -0.194598
v 0.025333 -0.007626 -0.194091
v 0.024962 -0.008198 -0.193795
v 0.024916 -0.008076 -0.193626
v 0.025302 -0.007711 -0.194288
v 0.024930 -0.008281 -0.193990
v 0.024525 -0.008834 -0.193686
v 0.024561 -0.008749 -0.193492
v 0.023586 -0.009702 -0.192640
v 0.024520 -0.008622 -0.193326
v 0.023615 -0.009843 -0.192800
v 0.022549 -0.010651 -0.191900
v 0.023570 -0.009935 -0.192992
v 0.022564 -0.010805 -0.192056
v 0.022509 -0.010903 -0.192246
v 0.022461 -0.010941 -0.192214
v 0.024520 -0.008622 -0.193326
v 0.024800 -0.007935 -0.193513
v 0.024940 -0.007722 -0.193625
v 0.025368 -0.006976 -0.194010
v 0.025158 -0.007368 -0.193806
v 0.025467 -0.006770 -0.194120
v 0.026015 -0.006247 -0.195375
v 0.025723 -0.005599 -0.195067
v 0.015116 -0.013833 -0.217705
v 0.013337 -0.014668 -0.217265
v 0.007756 -0.017970 -0.213081
v 0.010661 -0.016883 -0.207064
v 0.004825 -0.018401 -0.211247
v 0.006411 -0.018207 -0.212240
v 0.006258 -0.018170 -0.212475
v 0.006125 -0.017987 -0.212645
v 0.004673 -0.018362 -0.211482
v 0.004547 -0.018179 -0.211656
v 0.003089 -0.018487 -0.210489
v 0.004297 -0.018449 -0.210916
v 0.003239 -0.018526 -0.210253
v 0.001644 -0.018605 -0.209253
v 0.000820 -0.018630 -0.208735
v 0.001494 -0.018566 -0.209489
v 0.001376 -0.018381 -0.209667
v 0.002967 -0.018303 -0.210665
v -0.000100 -0.018605 -0.208488
v 0.004485 -0.017908 -0.211712
v 0.007998 -0.017919 -0.213232
v 0.018704 -0.001842 -0.220632
v 0.018545 0.003654 -0.220532
v 0.008056 0.017241 -0.213949
v 0.018761 0.000009 -0.220668
v 0.019018 0.000009 -0.220744
v 0.018706 0.001836 -0.220633
v 0.018962 0.001854 -0.220709
v 0.018801 0.003689 -0.220607
v 0.018279 0.005454 -0.220364
v 0.018533 0.005508 -0.220438
v 0.019057 0.003714 -0.220539
v 0.018789 0.005546 -0.220367
v 0.019181 0.004233 -0.220305
v 0.018976 0.005558 -0.220171
v 0.018404 0.007353 -0.220120
v 0.018589 0.007368 -0.219919
v 0.018322 0.008344 -0.219746
v 0.021152 0.007821 -0.213329
v 0.019495 0.011267 -0.212357
v 0.023322 0.007247 -0.206626
v 0.022882 0.005437 -0.210586
v 0.018075 0.009118 -0.219587
v 0.023195 0.005865 -0.209092
v 0.023222 0.005723 -0.209082
v 0.023576 0.005932 -0.207646
v 0.023601 0.005787 -0.207652
v 0.023576 0.005932 -0.207646
v 0.023776 0.005941 -0.206878
v 0.023596 0.005699 -0.207649
v 0.023595 0.005699 -0.207650
v 0.023595 0.005698 -0.207649
v 0.023510 0.005482 -0.207625
v 0.023579 0.005625 -0.207645
v 0.024204 0.005507 -0.204898
v 0.024288 0.005727 -0.204919
v 0.024917 0.005757 -0.202177
v 0.024263 0.005963 -0.204915
v 0.024836 0.005532 -0.202157
v 0.025413 0.005557 -0.199404
v 0.025236 0.005393 -0.199367
v 0.024661 0.005372 -0.202118
v 0.025005 0.005333 -0.199321
v 0.024032 0.005351 -0.204855
v 0.024434 0.005314 -0.202068
v 0.020888 0.005290 -0.203879
v 0.023808 0.005294 -0.204801
v 0.023339 0.005329 -0.207578
v 0.023120 0.005274 -0.207519
v 0.020189 0.005276 -0.205677
v 0.019749 0.005244 -0.206704
v 0.023120 0.005274 -0.207519
v 0.023260 0.005296 -0.207557
v 0.022832 0.005240 -0.208637
v 0.022904 0.005240 -0.208949
v 0.023339 0.005329 -0.207579
v 0.023401 0.005368 -0.207595
v 0.023039 0.005314 -0.208990
v 0.023340 0.005330 -0.207578
v 0.023510 0.005482 -0.207626
v 0.022672 0.004904 -0.210280
v 0.022784 0.004978 -0.210337
v 0.023142 0.005426 -0.209027
v 0.023205 0.005565 -0.209059
v 0.022864 0.005075 -0.210400
v 0.022733 0.004079 -0.211386
v 0.022908 0.005191 -0.210467
v 0.022816 0.004201 -0.211576
v 0.022782 0.004332 -0.211779
v 0.022798 0.003905 -0.212004
v 0.022875 0.002848 -0.212321
v 0.022551 0.003992 -0.211252
v 0.022525 0.004481 -0.210831
v 0.022595 0.003524 -0.211501
v 0.018645 0.003524 -0.209025
v 0.018562 0.002437 -0.209183
v 0.022674 0.002729 -0.211733
v 0.019296 0.005045 -0.207699
v 0.020888 0.001510 -0.203879
v 0.022616 0.001510 -0.198325
v 0.021569 0.001510 -0.197243
v 0.022095 0.001510 -0.197240
v 0.020989 0.001510 -0.197026
v 0.020989 0.005333 -0.197026
v 0.021569 0.005334 -0.197243
v 0.022095 0.005336 -0.197240
v 0.022616 0.005331 -0.198325
v 0.025529 0.005353 -0.196565
v 0.019924 0.005353 -0.193049
v 0.017990 0.005333 -0.195179
v 0.014319 0.005353 -0.189533
v 0.025671 0.005385 -0.195842
v 0.020323 0.005395 -0.192412
v 0.019970 0.005333 -0.196421
v 0.019970 0.001510 -0.196421
v 0.017990 0.001510 -0.195179
v 0.016010 0.001510 -0.193937
v 0.016010 0.005333 -0.193937
v 0.014030 0.005333 -0.192695
v 0.014030 0.001510 -0.192695
v 0.012050 0.005333 -0.191453
v 0.010070 0.005333 -0.190211
v 0.012050 0.001510 -0.191453
v 0.002709 0.001510 -0.185594
v 0.004054 0.001510 -0.186438
v 0.010070 0.001510 -0.190211
v 0.008089 0.001510 -0.188969
v 0.005399 0.001510 -0.187281
v 0.006744 0.001510 -0.188125
v 0.008089 0.005333 -0.188969
v 0.006744 0.005333 -0.188125
v 0.001363 0.001510 -0.184750
v 0.000056 0.001510 -0.183852
v 0.025685 0.005392 -0.195775
v 0.025816 0.005415 -0.195863
v 0.025677 0.005376 -0.196592
v 0.025826 0.005455 -0.196619
v 0.025763 0.005414 -0.196608
v 0.025941 0.005582 -0.196641
v 0.025942 0.005583 -0.196641
v 0.026007 0.005741 -0.196654
v 0.026018 0.005818 -0.196657
v 0.025492 0.005787 -0.199421
v 0.026016 0.005912 -0.196657
v 0.025455 0.006027 -0.199416
v 0.025351 0.006021 -0.199943
v 0.024887 0.005995 -0.202172
v 0.022604 0.005044 -0.209774
v 0.022766 0.005215 -0.208914
v 0.018887 0.004480 -0.208548
v 0.022551 0.004866 -0.210238
v 0.017224 0.010779 -0.219366
v 0.017892 0.009100 -0.219792
v 0.017404 0.010801 -0.219155
v 0.016746 0.012052 -0.218734
v 0.016547 0.012378 -0.218607
v 0.016372 0.012353 -0.218825
v 0.016134 0.012242 -0.218925
v 0.015108 0.013636 -0.218280
v 0.015331 0.013768 -0.218166
v 0.013909 0.014819 -0.217526
v 0.014115 0.014969 -0.217399
v 0.015503 0.013796 -0.217943
v 0.014283 0.014998 -0.217172
v 0.014280 0.015000 -0.217170
v 0.012761 0.015940 -0.216548
v 0.017024 0.014018 -0.210886
v 0.012925 0.015971 -0.216318
v 0.011482 0.016728 -0.215412
v 0.011193 0.016853 -0.215231
v 0.014002 0.015786 -0.209075
v 0.011321 0.016694 -0.215645
v 0.011150 0.016522 -0.215795
v 0.009831 0.017262 -0.214711
v 0.012573 0.015776 -0.216688
v 0.013732 0.014596 -0.217511
v 0.012424 0.015533 -0.216690
v 0.011025 0.016266 -0.215812
v 0.009674 0.017084 -0.214869
v 0.009570 0.016821 -0.214899
v 0.008144 0.017508 -0.213909
v 0.006599 0.017820 -0.212940
v 0.006735 0.018003 -0.212772
v 0.008289 0.017689 -0.213746
v 0.008445 0.017726 -0.213511
v 0.007826 0.017863 -0.213124
v 0.006889 0.018040 -0.212537
v 0.004362 0.018379 -0.210955
v 0.010725 0.016793 -0.207106
v 0.005329 0.018270 -0.211560
v 0.005176 0.018231 -0.211795
v 0.005046 0.018048 -0.211966
v 0.006523 0.017551 -0.212987
v 0.004979 0.017778 -0.212019
v 0.003430 0.017944 -0.211047
v 0.009989 0.017297 -0.214477
v 0.015909 0.012081 -0.218877
v 0.014904 0.013442 -0.218247
v 0.017392 0.008931 -0.219808
v 0.017897 0.007225 -0.220125
v 0.018149 0.007300 -0.220195
v 0.017640 0.009031 -0.219874
v 0.016738 0.010562 -0.219397
v 0.016977 0.010691 -0.219456
v 0.019265 0.012938 -0.204333
v -0.007344 -0.004462 -0.192096
v -0.011318 -0.004445 -0.189624
v -0.010572 -0.005005 -0.189043
v -0.010522 -0.005027 -0.188997
v -0.009785 -0.005219 -0.188240
v -0.006843 -0.005026 -0.191305
v -0.016805 -0.010416 -0.197996
v -0.017307 -0.008693 -0.197350
v -0.016781 -0.010335 -0.198271
v -0.015990 -0.011957 -0.198766
v -0.016616 -0.010213 -0.198471
v -0.016002 -0.012060 -0.198497
v -0.015016 -0.013440 -0.199377
v -0.014886 -0.013255 -0.199556
v -0.013762 -0.014510 -0.200262
v -0.013865 -0.014725 -0.200099
v -0.012561 -0.015787 -0.200918
v -0.012522 -0.015946 -0.200679
v -0.013158 -0.015381 -0.199940
v -0.013845 -0.014868 -0.199848
v -0.010951 -0.016826 -0.201328
v -0.012382 -0.015972 -0.200428
v -0.009295 -0.014313 -0.194973
v -0.013708 -0.014892 -0.199595
v -0.014880 -0.013585 -0.198861
v -0.015013 -0.013564 -0.199116
v -0.015727 -0.012329 -0.198332
v -0.015873 -0.012078 -0.198241
v -0.016679 -0.010431 -0.197740
v -0.009703 -0.005892 -0.187419
v -0.009395 -0.005900 -0.187051
v -0.007721 -0.005931 -0.185007
v -0.009410 -0.005756 -0.187037
v -0.007734 -0.005698 -0.184995
v -0.006104 -0.005727 -0.182916
v -0.006086 -0.005963 -0.182932
v -0.005716 -0.005970 -0.182451
v -0.004518 -0.005758 -0.180804
v -0.002979 -0.005882 -0.178659
v -0.002979 -0.005790 -0.178658
v -0.002968 -0.005712 -0.178665
v -0.002569 -0.005747 -0.178109
v -0.002912 -0.005559 -0.178703
v -0.009404 -0.005669 -0.187042
v -0.001332 -0.006142 -0.177548
v -0.000989 -0.006765 -0.177523
v 0.006754 -0.013393 -0.182222
v 0.009455 -0.013843 -0.183868
v 0.008102 -0.013668 -0.183039
v 0.009579 -0.013746 -0.183681
v 0.008230 -0.013572 -0.182853
v 0.008333 -0.013379 -0.182737
v 0.008383 -0.013139 -0.182721
v 0.009673 -0.013553 -0.183561
v 0.009712 -0.013311 -0.183538
v 0.011024 -0.013642 -0.184400
v 0.010939 -0.013835 -0.184524
v 0.010817 -0.013933 -0.184711
v 0.011861 -0.013953 -0.185361
v 0.012296 -0.013852 -0.185371
v 0.013648 -0.013807 -0.186221
v 0.012178 -0.013951 -0.185559
v 0.013535 -0.013908 -0.186409
v 0.013719 -0.013615 -0.186091
v 0.012375 -0.013659 -0.185245
v 0.011053 -0.013401 -0.184370
v -0.004732 -0.018474 -0.205245
v -0.003145 -0.018594 -0.206243
v -0.006318 -0.018265 -0.204246
v 0.000307 0.018148 -0.209087
v -0.017750 0.005997 -0.197758
v -0.017308 0.007746 -0.198035
v -0.005407 0.006646 -0.182638
v -0.002387 0.006124 -0.178075
v -0.004417 0.006022 -0.180874
v -0.001526 0.007131 -0.177739
v -0.007639 0.005957 -0.185062
v -0.000427 0.008842 -0.178187
v -0.006007 0.005989 -0.182985
v -0.005643 0.005997 -0.182511
v -0.000253 0.008779 -0.178011
v 0.000550 0.010036 -0.178679
v -0.000814 0.008280 -0.178003
v -0.001178 0.007705 -0.177846
v -0.000637 0.008219 -0.177825
v -0.000252 0.008779 -0.178010
v -0.001001 0.007640 -0.177665
v -0.000421 0.008097 -0.177759
v -0.000220 0.007947 -0.177821
v -0.001351 0.007048 -0.177551
v -0.001704 0.006469 -0.177532
v -0.001799 0.006550 -0.177619
v -0.001594 0.006383 -0.177487
v -0.001999 0.005866 -0.177703
v -0.002090 0.005997 -0.177721
v -0.002519 0.005944 -0.178169
v -0.002498 0.005774 -0.178156
v -0.002152 0.006136 -0.177783
v -0.002175 0.006252 -0.177871
v -0.001861 0.006610 -0.177727
v -0.002907 0.005908 -0.178705
v -0.002908 0.005815 -0.178704
v -0.002498 0.006091 -0.178211
v -0.002874 0.006056 -0.178729
v -0.009312 0.005927 -0.187108
v -0.009255 0.005480 -0.187152
v -0.009168 0.005368 -0.187223
v -0.009118 0.005329 -0.187263
v 0.012468 0.013435 -0.185256
v 0.008445 0.013206 -0.182754
v 0.009780 0.013357 -0.183577
v 0.011125 0.013433 -0.184414
v 0.011098 0.013674 -0.184444
v 0.012450 0.013675 -0.185292
v 0.013801 0.013605 -0.186145
v 0.012374 0.013868 -0.185420
v 0.013732 0.013797 -0.186275
v 0.015084 0.013654 -0.187133
v 0.013620 0.013898 -0.186464
v 0.012258 0.013968 -0.185609
v 0.011909 0.013974 -0.185390
v 0.011015 0.013867 -0.184569
v 0.009744 0.013598 -0.183603
v 0.016471 0.013252 -0.187851
v 0.016420 0.013441 -0.187987
v 0.015144 0.013464 -0.187000
v 0.015142 0.013229 -0.186953
v 0.016460 0.013021 -0.187799
v 0.013809 0.013368 -0.186103
v 0.017741 0.013146 -0.188839
v 0.017783 0.012960 -0.188701
v -0.000944 0.018692 -0.207624
v -0.002518 0.018702 -0.206634
vn 0.0000 1.0000 0.0000
vn 0.0000 1.0000 0.0000
vn 0.0000 -1.0000 -0.0000
vn 0.0000 -1.0000 -0.0000
vn -0.7707 0.2103 0.6015
vn -0.7643 0.1131 0.6349
vn -0.7112 0.1605 0.6845
vn -0.7150 0.1643 0.6796
vn -0.7111 0.1615 0.6843
vn -0.6661 0.1338 0.7338
vn -0.6673 0.0736 0.7412
vn -0.7120 0.0880 0.6966
vn -0.7705 0.2145 0.6003
vn -0.5833 0.5934 0.5546
vn -0.6251 0.6263 0.4658
vn -0.5504 0.5778 0.6026
vn -0.3256 0.8934 0.3096
vn -0.3071 0.8885 0.3409
vn -0.5498 0.5792 0.6019
vn -0.2365 0.1180 0.9644
vn -0.1960 0.5667 0.8003
vn -0.3069 0.8887 0.3407
vn -0.1110 0.8847 0.4527
vn 0.1252 0.8822 0.4540
vn 0.2207 0.5570 0.8006
vn -0.0000 1.0000 -0.0000
vn 0.0000 1.0000 -0.0000
vn 0.0000 1.0000 -0.0000
vn 0.0000 1.0000 0.0000
vn 0.0000 1.0000 -0.0000
vn -0.0000 1.0000 -0.0000
vn -0.0000 1.0000 0.0000
vn 0.0000 1.0000 -0.0000
vn 0.3324 0.8765 0.3481
vn 0.3283 0.9402 -0.0909
vn 0.2987 0.9526 -0.0586
vn 0.4441 0.8875 -0.1230
vn 0.5832 0.8042 -0.1148
vn 0.2811 0.9592 -0.0287
vn 0.5507 0.8328 -0.0562
vn 0.5427 0.8399 -0.0078
vn 0.0000 1.0000 -0.0000
vn -0.0000 1.0000 0.0000
vn -0.0000 1.0000 -0.0000
vn 0.0000 1.0000 0.0000
vn 0.0000 1.0000 0.0000
vn -0.3454 0.9025 0.2573
vn -0.3622 0.9153 0.1762
vn 0.0000 1.0000 -0.0000
vn -0.3709 0.9251 0.0817
vn -0.2564 0.9572 0.1346
vn 0.3231 0.9223 0.2118
vn 0.3638 0.9004 0.2385
vn -0.1473 0.9732 0.1768
vn -0.0495 0.9754 0.2150
vn 0.3694 0.8972 0.2422
vn 0.0000 1.0000 -0.0000
vn 0.3694 0.8972 0.2422
vn 0.5242 0.7792 0.3437
vn 0.5556 0.7474 0.3643
vn 0.3694 0.8972 0.2422
vn 0.6497 0.6297 0.4259
vn -0.0000 1.0000 -0.0000
vn -0.0000 1.0000 0.0000
vn 0.0000 1.0000 0.0000
vn 0.0000 1.0000 -0.0000
vn 0.5433 0.8391 0.0285
vn 0.9119 0.4103 -0.0013
vn 0.9122 0.4073 0.0455
vn 0.9122 0.4070 0.0478
vn 0.9115 0.4024 0.0851
vn 0.5442 0.8370 0.0573
vn 0.9112 0.4005 0.0964
vn 0.9110 0.3954 0.1174
vn 0.5465 0.8337 0.0787
vn 0.0000 1.0000 -0.0000
vn 0.9197 0.3744 0.1181
vn 0.9214 0.3791 0.0858
vn 0.9958 -0.0011 0.0912
vn 0.9226 0.3831 0.0459
vn 0.9865 0.1567 0.0478
vn 0.9224 0.3863 -0.0017
vn 0.9724 0.2298 0.0395
vn 0.9696 0.0000 0.2446
vn 0.9741 -0.0000 0.2262
vn 0.9741 0.0000 0.2259
vn 0.9692 0.0000 0.2462
vn 0.9364 0.0002 0.3510
vn 0.0000 -1.0000 -0.0000
vn 0.0000 -1.0000 -0.0000
vn 0.9726 0.2326 -0.0008
vn 0.0000 -1.0000 -0.0000
vn 0.0000 -1.0000 0.0001
vn 0.9364 -0.0000 0.3510
vn 0.8291 -0.0000 0.5591
vn 0.9720 0.2287 -0.0536
vn 0.9234 0.3792 -0.0596
vn 0.9730 0.2026 -0.1105
vn -0.0002 -1.0000 0.0003
vn 0.9309 0.3411 -0.1310
vn 0.9747 0.1480 -0.1673
vn 0.0001 -1.0000 0.0001
vn 0.9444 0.2592 -0.2023
vn 0.9747 0.1383 -0.1758
vn 0.0000 -1.0000 -0.0000
vn 0.0001 -1.0000 0.0001
vn 0.0000 -1.0000 0.0001
vn 0.5687 0.0000 0.8226
vn 0.5687 -0.0000 0.8226
vn 0.6135 -0.0000 0.7897
vn 0.8291 -0.0000 0.5591
vn 0.0000 1.0000 0.0001
vn 0.0000 1.0000 0.0000
vn 0.0000 1.0000 0.0000
vn 0.0001 1.0000 -0.0001
vn 0.0001 1.0000 0.0001
vn 0.0001 1.0000 0.0001
vn 0.9741 -0.1510 -0.1683
vn 0.9443 -0.2592 -0.2028
vn 0.9307 -0.3414 -0.1314
vn 0.9741 -0.1410 -0.1768
vn 0.9721 -0.2067 -0.1112
vn 0.0000 1.0000 -0.0000
vn 0.0001 1.0000 -0.0000
vn 0.0000 1.0000 -0.0001
vn 0.2905 0.2672 0.9188
vn -0.0000 1.0000 0.0001
vn 0.0000 1.0000 0.0000
vn 0.0000 1.0000 0.0000
vn 0.0002 1.0000 -0.0000
vn 0.0002 1.0000 -0.0000
vn 0.0001 1.0000 0.0005
vn -0.0000 1.0000 -0.0001
vn 0.6135 -0.0000 0.7897
vn 0.6135 -0.0001 0.7897
vn 0.6135 -0.0000 0.7897
vn 0.0000 1.0000 0.0000
vn -0.7643 -0.1148 0.6346
vn -0.7110 -0.1603 0.6847
vn -0.7119 -0.0894 0.6965
vn -0.6672 -0.0750 0.7411
vn -0.6897 -0.1472 0.7090
vn -0.7110 -0.1613 0.6845
vn -0.6661 -0.1329 0.7339
vn -0.7179 -0.1666 0.6759
vn -0.7706 -0.2100 0.6018
vn -0.7740 0.0004 0.6332
vn -0.8400 -0.2821 0.4635
vn -0.7993 -0.4403 0.4090
vn -0.7527 -0.3421 0.5625
vn -0.7555 -0.3468 0.5558
vn -0.4594 -0.8192 0.3433
vn -0.6390 -0.6030 0.4776
vn -0.4709 -0.8486 0.2410
vn -0.8008 -0.4452 0.4006
vn -0.4701 -0.8729 0.1302
vn -0.0000 -1.0000 0.0000
vn -0.0000 -1.0000 0.0000
vn -0.0000 -1.0000 0.0000
vn 0.0000 -1.0000 -0.0000
vn -0.0000 -1.0000 0.0000
vn -0.0000 -1.0000 0.0000
vn 0.0000 -1.0000 -0.0000
vn -0.2353 -0.9559 0.1758
vn -0.0000 -1.0000 -0.0000
vn 0.4720 -0.8660 -0.1649
vn 0.4799 -0.8661 -0.1399
vn -0.0000 -1.0000 -0.0000
vn 0.0000 -1.0000 0.0000
vn 0.0000 -1.0000 -0.0000
vn 0.4867 -0.8660 -0.1144
vn -0.0000 -1.0000 -0.0000
vn 0.4919 -0.8661 -0.0893
vn 0.4957 -0.8660 -0.0655
vn 0.8521 -0.5000 -0.1548
vn 0.8429 -0.5002 -0.1982
vn 0.4980 -0.8661 -0.0428
vn 0.8586 -0.4999 -0.1135
vn -0.0000 -1.0000 -0.0000
vn 0.4994 -0.8661 -0.0215
vn 0.8628 -0.5000 -0.0742
vn 0.0000 -1.0000 0.0000
vn 0.0000 -1.0000 -0.0000
vn -0.0000 -1.0000 -0.0000
vn -0.0000 -1.0000 0.0000
vn -0.0000 -1.0000 -0.0000
vn 0.0000 -1.0000 0.0000
vn -0.3221 -0.9465 -0.0204
vn -0.4671 -0.8834 0.0386
vn 0.0000 -1.0000 -0.0000
vn 0.4997 -0.8661 0.0157
vn -0.0000 -1.0000 -0.0000
vn 0.4979 -0.8661 0.0449
vn 0.4989 -0.8661 0.0311
vn -0.0000 -1.0000 -0.0000
vn 0.4936 -0.8678 0.0570
vn 0.4980 -0.8653 0.0575
vn 0.8625 -0.5001 0.0777
vn 0.8642 -0.5002 0.0538
vn 0.9980 -0.0000 0.0625
vn 0.9995 0.0000 0.0314
vn 0.8654 -0.5003 0.0272
vn 1.0000 0.0000 0.0049
vn 0.8660 -0.5000 -0.0034
vn 1.0000 0.0000 -0.0037
vn 0.9991 0.0000 -0.0430
vn 0.8651 -0.5002 -0.0373
vn 0.5000 -0.8660 -0.0019
vn 0.9963 0.0000 -0.0857
vn 0.9896 0.0000 -0.1437
vn 0.9980 -0.0000 -0.0636
vn 0.9914 -0.0000 -0.1309
vn 0.9854 -0.0000 -0.1702
vn 0.9854 -0.0000 -0.1702
vn 0.9839 0.0000 -0.1787
vn 0.9735 -0.0000 -0.2287
vn 0.9725 0.0000 -0.2330
vn 0.9601 -0.0000 -0.2798
vn 0.9277 -0.0000 -0.3733
vn 0.9440 -0.0000 -0.3298
vn 0.8314 -0.5001 -0.2423
vn 0.9291 -0.0000 -0.3697
vn 0.9459 -0.0000 -0.3245
vn 0.8047 -0.5000 -0.3201
vn 0.9101 0.0000 -0.4144
vn 0.9277 -0.0000 -0.3733
vn 0.7881 -0.5000 -0.3589
vn 0.4729 -0.8660 -0.1622
vn 0.8192 -0.5000 -0.2810
vn 0.4550 -0.8660 -0.2073
vn 0.0001 -1.0000 0.0002
vn 0.4344 -0.8660 -0.2476
vn 0.7524 -0.5000 -0.4289
vn 0.0002 -1.0000 0.0003
vn 0.4131 -0.8661 -0.2815
vn 0.7156 -0.5001 -0.4877
vn 0.8265 0.0000 -0.5630
vn 0.7860 -0.0000 -0.6183
vn 0.6809 -0.4999 -0.5353
vn 0.8364 -0.0000 -0.5482
vn 0.8363 0.0000 -0.5482
vn 0.8585 0.0000 -0.5128
vn 0.8687 0.0000 -0.4953
vn 0.8817 -0.0000 -0.4719
vn 0.7435 -0.5001 -0.4440
vn 0.7636 -0.4999 -0.4087
vn 0.4292 -0.8661 -0.2563
vn 0.7230 -0.5001 -0.4766
vn 0.4175 -0.8661 -0.2751
vn 0.0000 -1.0000 -0.0000
vn 0.0000 -1.0000 -0.0000
vn 0.4060 -0.8660 -0.2918
vn -0.0000 -1.0000 -0.0000
vn 0.0000 -1.0000 -0.0000
vn 0.3950 -0.8660 -0.3067
vn 0.6840 -0.5000 -0.5311
vn 0.3846 -0.8661 -0.3194
vn 0.7032 -0.5000 -0.5055
vn 0.7899 0.0000 -0.6133
vn 0.8120 -0.0000 -0.5837
vn 0.6662 -0.5001 -0.5533
vn 0.7693 0.0000 -0.6389
vn 0.6499 -0.5000 -0.5724
vn 0.3752 -0.8660 -0.3305
vn 0.0000 -1.0000 -0.0000
vn 0.4871 -0.8660 -0.1128
vn -0.0000 -1.0000 0.0001
vn -0.0000 -1.0000 0.0000
vn -0.0000 -1.0000 -0.0000
vn 0.1962 -0.8809 0.4307
vn 0.0000 -1.0000 0.0000
vn 0.4823 -0.8660 0.1320
vn 0.3580 -0.8738 0.3290
vn 0.2665 -0.8749 0.4045
vn -0.2264 -0.9507 0.2118
vn 0.1980 -0.8786 0.4346
vn -0.1823 -0.6777 0.7124
vn -0.4418 -0.7981 0.4097
vn -0.3197 -0.8994 0.2981
vn -0.6104 -0.5606 0.5595
vn -0.5653 -0.6401 0.5203
vn -0.4295 -0.3651 0.8260
vn -0.4709 -0.2895 0.8333
vn -0.3814 -0.2857 0.8791
vn -0.2878 -0.2784 0.9163
vn -0.2960 -0.1807 0.9379
vn -0.0282 -0.2394 0.9705
vn -0.2044 -0.1763 0.9629
vn 0.1356 -0.1366 0.9813
vn 0.2005 -0.1247 0.9717
vn 0.0245 -0.2284 0.9733
vn 0.0059 -0.2714 0.9625
vn 0.3490 -0.5486 0.7597
vn 0.4833 -0.5000 0.7187
vn 0.4150 -0.1075 0.9034
vn 0.4746 -0.5253 0.7063
vn 0.3455 -0.5612 0.7521
vn 0.2084 -0.1799 0.9614
vn 0.5258 -0.0414 0.8496
vn 0.5626 -0.0423 0.8256
vn 0.5602 -0.0437 0.8272
vn 0.7243 -0.0432 0.6881
vn 0.9427 -0.0000 0.3336
vn 0.7241 0.0002 0.6897
vn 0.6296 -0.5005 0.5942
vn 0.9427 0.0000 0.3336
vn 0.6439 0.0000 0.7651
vn 0.9646 0.0000 0.2636
vn 0.8353 -0.5000 0.2285
vn 0.9818 0.0000 -0.1898
vn 0.8437 -0.5000 -0.1954
vn 0.3683 -0.8657 0.3390
vn 0.6188 -0.5260 0.5835
vn 0.2747 -0.8665 0.4169
vn 0.9742 0.0000 -0.2257
vn 0.7504 -0.0000 -0.6609
vn 0.7504 0.0000 -0.6610
vn 0.9818 0.0000 -0.1898
vn 0.8503 -0.5000 -0.1644
vn 0.6499 -0.5000 -0.5724
vn 0.3752 -0.8660 -0.3305
vn 0.3930 -0.8660 -0.3091
vn -0.0001 -1.0000 -0.0001
vn -0.0000 -1.0000 0.0000
vn 0.0000 -1.0000 -0.0000
vn 0.0000 -1.0000 -0.0000
vn 0.0000 -1.0000 -0.0000
vn -0.0000 -1.0000 -0.0000
vn 0.4713 -0.8660 0.1668
vn 0.4909 -0.8660 -0.0951
vn -0.0000 -1.0000 -0.0000
vn 0.3220 -0.8660 0.3825
vn 0.8164 -0.5000 0.2889
vn 0.3218 -0.8662 0.3823
vn -0.0000 -1.0000 -0.0000
vn 0.5576 -0.5000 0.6626
vn 0.5577 -0.4997 0.6627
vn 0.6440 -0.0000 0.7650
vn 0.6440 0.0000 0.7650
vn 0.4826 -0.3981 0.7801
vn 0.0214 -0.3948 0.9185
vn 0.4481 -0.5241 0.7243
vn 0.3642 -0.7216 0.5887
vn -0.0997 -0.6296 0.7705
vn -0.3237 -0.8910 0.3185
vn -0.2113 -0.8068 0.5518
vn -0.3868 -0.4768 0.7893
vn 0.2568 -0.8727 0.4153
vn 0.1892 -0.9331 0.3058
vn -0.0000 -1.0000 -0.0000
vn -0.0000 -1.0000 0.0000
vn -0.2998 -0.9071 0.2953
vn -0.3185 -0.8895 0.3276
vn -0.3120 -0.8853 0.3447
vn -0.5667 -0.5824 0.5827
vn -0.3097 -0.8871 0.3423
vn -0.1961 -0.5666 0.8003
vn -0.1109 -0.8849 0.4524
vn 0.0000 -1.0000 0.0000
vn -0.0000 -1.0000 0.0000
vn 0.1251 -0.8822 0.4540
vn 0.3325 -0.8763 0.3486
vn 0.2206 -0.5571 0.8006
vn -0.0000 -1.0000 -0.0000
vn 0.0000 -1.0000 -0.0000
vn 0.0000 -1.0000 0.0000
vn 0.0000 -1.0000 0.0000
vn -0.0000 -1.0000 -0.0000
vn 0.2982 -0.9527 -0.0588
vn 0.2805 -0.9594 -0.0288
vn 0.5421 -0.8402 -0.0078
vn 0.5502 -0.8331 -0.0564
vn 0.0000 -1.0000 -0.0000
vn -0.0000 -1.0000 0.0003
vn 0.9138 -0.4015 -0.0613
vn 0.5425 -0.8396 0.0284
vn 0.9115 -0.4112 -0.0024
vn 0.9117 -0.4107 -0.0131
vn 0.9232 -0.3797 -0.0600
vn 0.9220 -0.3871 -0.0020
vn 0.9712 -0.2352 0.0388
vn 0.9221 -0.3842 0.0456
vn 0.9117 -0.4084 0.0452
vn 0.9709 -0.2335 -0.0539
vn 0.9713 -0.2378 -0.0010
vn 0.9117 -0.4082 0.0476
vn 0.9109 -0.4037 0.0849
vn 0.9208 -0.3805 0.0856
vn 0.9106 -0.4019 0.0962
vn 0.5435 -0.8375 0.0568
vn 0.9103 -0.3970 0.1172
vn 0.9192 -0.3758 0.1179
vn 0.9108 -0.3912 0.1318
vn 0.5455 -0.8344 0.0788
vn 0.9118 -0.3859 0.1404
vn 0.9189 -0.3686 0.1408
vn 0.9894 -0.0008 0.1451
vn 0.9206 -0.3577 0.1568
vn 0.9894 -0.0008 0.1451
vn 0.9923 -0.0008 0.1239
vn 0.9152 -0.3722 0.1547
vn 0.5519 -0.8287 0.0933
vn 0.9160 -0.3694 0.1567
vn 0.5621 -0.8206 0.1031
vn 0.9222 -0.3482 0.1682
vn 0.9231 -0.3454 0.1693
vn 0.9241 -0.3434 0.1676
vn 0.7828 -0.6055 0.1436
vn 0.9874 -0.0007 0.1582
vn 0.9860 -0.0005 0.1669
vn 0.9269 -0.3325 0.1742
vn 0.7958 -0.5858 0.1536
vn 0.9292 -0.3246 0.1769
vn 0.9847 -0.0003 0.1744
vn 0.9860 -0.0007 0.1670
vn 0.9318 -0.3154 0.1798
vn 0.9342 -0.3058 0.1838
vn 0.9834 -0.0002 0.1817
vn 0.9847 -0.0003 0.1745
vn 0.9833 -0.0001 0.1819
vn 0.9323 0.3139 0.1796
vn 0.9347 0.3045 0.1835
vn 0.7966 0.5847 0.1535
vn 0.9297 0.3230 0.1768
vn 0.7249 0.6745 0.1397
vn 0.7838 0.6042 0.1435
vn 0.9271 0.3321 0.1736
vn 0.7505 0.6391 0.1682
vn 0.5748 0.8108 0.1107
vn 0.5631 0.8199 0.1031
vn 0.4012 0.9127 0.0773
vn 0.2880 0.9562 0.0528
vn 0.9229 0.3464 0.1681
vn 0.9167 0.3676 0.1567
vn 0.5530 0.8279 0.0934
vn 0.0000 1.0000 0.0000
vn 0.0000 1.0000 -0.0000
vn 0.2944 0.9540 0.0567
vn 0.0000 1.0000 0.0000
vn 0.0000 1.0000 0.0000
vn -0.0000 1.0000 0.0000
vn 0.3695 0.8971 0.2422
vn 0.3695 0.8971 0.2422
vn 0.0000 1.0000 -0.0000
vn 0.6628 0.6098 0.4346
vn 0.6628 0.6098 0.4346
vn 0.3694 0.8971 0.2422
vn 0.6628 0.6098 0.4346
vn 0.3694 0.8971 0.2422
vn 0.6627 0.6099 0.4346
vn 0.3365 0.9155 0.2206
vn 0.2196 0.9649 0.1440
vn 0.3694 0.8972 0.2422
vn 0.1032 0.9924 0.0677
vn 0.5304 0.8285 0.1797
vn 0.5901 0.7744 0.2282
vn 0.7707 0.6069 0.1943
vn 0.7860 0.5784 0.2181
vn 0.6487 0.7092 0.2761
vn 0.3694 0.8972 0.2422
vn 0.4583 0.8365 0.3005
vn 0.5962 0.7013 0.3909
vn 0.7090 0.6248 0.3270
vn 0.6629 0.6097 0.4345
vn 0.7402 0.5701 0.3565
vn 0.6766 0.5877 0.4436
vn 0.7960 0.3068 0.5218
vn 0.7451 0.4540 0.4885
vn 0.7154 0.5180 0.4690
vn 0.7530 0.5430 0.3717
vn 0.7643 0.5803 0.2813
vn 0.7607 0.5232 0.3842
vn 0.7803 0.5608 0.2769
vn 0.7563 0.6326 0.1668
vn 0.8022 0.5716 0.1724
vn 0.6876 0.6663 0.2886
vn 0.7589 0.5042 0.4120
vn 0.8118 0.2400 0.5323
vn 0.7372 0.5234 0.4273
vn 0.8123 0.2379 0.5325
vn 0.8198 0.1974 0.5375
vn 0.8198 0.1974 0.5375
vn 0.6720 0.5942 0.4420
vn 0.8156 0.2210 0.5347
vn 0.8148 0.2253 0.5342
vn 0.6004 0.6681 0.4395
vn 0.8025 0.2815 0.5261
vn 0.5262 0.7377 0.4231
vn 0.8000 0.2914 0.5245
vn 0.7782 0.3663 0.5102
vn 0.6628 0.6098 0.4346
vn 0.6628 0.6098 0.4346
vn 0.3695 0.8971 0.2422
vn 0.7726 0.3826 0.5066
vn 0.4422 0.8049 0.3958
vn 0.7373 0.4719 0.4834
vn 0.7264 0.4955 0.4763
vn 0.3374 0.8702 0.3591
vn 0.6692 0.5997 0.4388
vn 0.6628 0.6097 0.4346
vn 0.6628 0.6098 0.4346
vn 0.2027 0.9284 0.3114
vn -0.3841 0.9188 0.0913
vn -0.3100 0.9454 0.1006
vn -0.2338 0.9656 0.1137
vn 0.0411 0.9672 0.2506
vn -0.6659 0.7323 -0.1422
vn -0.6654 0.7328 -0.1419
vn -0.6036 0.7853 -0.1380
vn -0.1599 0.9786 0.1294
vn -0.0249 0.9861 0.1643
vn -0.5418 0.8307 -0.1284
vn -0.5182 0.8463 -0.1236
vn -0.4809 0.8692 -0.1151
vn -0.4199 0.9022 -0.0990
vn 0.1009 0.9745 0.2004
vn -0.5271 0.8388 -0.1366
vn -0.7222 0.6589 -0.2104
vn -0.7317 0.6424 -0.2279
vn -0.5397 0.8284 -0.1501
vn -0.3515 0.9329 -0.0787
vn -0.3105 0.9483 -0.0660
vn -0.2834 0.9573 -0.0576
vn -0.3124 0.9476 -0.0673
vn -0.5537 0.8168 -0.1619
vn -0.3236 0.9432 -0.0754
vn -0.3361 0.9380 -0.0851
vn -0.1862 0.9821 -0.0277
vn -0.0998 0.9950 -0.0022
vn 0.0091 0.9996 0.0278
vn 0.4050 0.8742 0.2680
vn 0.2378 0.9422 0.2360
vn 0.1490 0.9868 0.0630
vn 0.5027 0.8176 0.2807
vn 0.0564 0.9976 0.0401
vn 0.0089 0.9997 0.0243
vn -0.3489 0.9323 -0.0953
vn 0.0094 0.9998 0.0147
vn 0.2197 0.9723 0.0792
vn 0.3784 0.9190 0.1108
vn 0.3824 0.9176 0.1086
vn 0.3948 0.9117 0.1138
vn 0.5979 0.7482 0.2877
vn 0.4573 0.8805 0.1246
vn 0.5770 0.8041 0.1432
vn 0.3987 0.9119 0.0973
vn 0.0103 0.9999 0.0022
vn 0.8080 0.5632 0.1733
vn 0.8098 0.5609 0.1718
vn 0.4124 0.9074 0.0815
vn 0.0096 0.9999 -0.0128
vn -0.3758 0.9192 -0.1175
vn -0.3617 0.9262 -0.1063
vn -0.7812 0.5714 -0.2514
vn -0.7913 0.5599 -0.2457
vn -0.3913 0.9115 -0.1268
vn -0.8014 0.5497 -0.2358
vn -0.4078 0.9033 -0.1335
vn 0.0068 0.9996 -0.0281
vn -0.9286 0.2564 -0.2683
vn -0.9339 0.2594 -0.2460
vn -0.8109 0.5415 -0.2218
vn -0.9390 0.2650 -0.2191
vn -0.9749 -0.0008 -0.2228
vn -0.9677 -0.0007 -0.2520
vn -0.9678 -0.0007 -0.2518
vn -0.9332 -0.2614 -0.2465
vn -0.9280 -0.2580 -0.2688
vn -0.9382 -0.2676 -0.2194
vn -0.8140 -0.5367 -0.2223
vn -0.8038 -0.5460 -0.2363
vn -0.4212 -0.8967 -0.1362
vn -0.8228 -0.5305 -0.2040
vn -0.4053 -0.9045 -0.1327
vn -0.4363 -0.8894 -0.1365
vn 0.0037 -0.9991 -0.0425
vn -0.0029 -0.9984 -0.0557
vn -0.8290 -0.5290 -0.1812
vn -0.4490 -0.8835 -0.1337
vn -0.0115 -0.9977 -0.0672
vn 0.4273 -0.9041 0.0067
vn -0.0218 -0.9968 -0.0771
vn 0.4308 -0.9021 0.0254
vn 0.4184 -0.9082 -0.0113
vn -0.0334 -0.9958 -0.0858
vn -0.4573 -0.8800 -0.1283
vn -0.8309 -0.5346 -0.1541
vn -0.8263 -0.5496 -0.1231
vn -0.4588 -0.8804 -0.1201
vn -0.8129 -0.5757 -0.0883
vn -0.9437 -0.3131 -0.1064
vn -0.9384 -0.3407 -0.0584
vn -0.9990 -0.0013 -0.0455
vn -0.9990 -0.0013 -0.0451
vn -0.9999 -0.0012 0.0131
vn -0.9272 -0.3746 -0.0059
vn -0.9397 0.3370 -0.0582
vn -0.9450 0.3095 -0.1061
vn -0.8207 0.5581 -0.1228
vn -0.9457 0.2889 -0.1491
vn -0.8259 0.5425 -0.1537
vn -0.9951 -0.0013 -0.0985
vn -0.9951 -0.0014 -0.0989
vn -0.9893 -0.0012 -0.1460
vn -0.9446 -0.2922 -0.1495
vn -0.9424 -0.2774 -0.1872
vn -0.9892 -0.0014 -0.1464
vn -0.9822 -0.0008 -0.1878
vn -0.9823 -0.0010 -0.1875
vn -0.9434 0.2743 -0.1862
vn -0.8191 0.5364 -0.2035
vn -0.8246 0.5360 -0.1807
vn -0.4404 0.8872 -0.1373
vn -0.4246 0.8949 -0.1371
vn 0.0018 0.9991 -0.0429
vn -0.0056 0.9984 -0.0563
vn -0.0151 0.9976 -0.0678
vn 0.4292 0.9029 0.0251
vn 0.4282 0.9026 0.0444
vn 0.4252 0.9051 0.0064
vn 0.8216 0.5603 0.1049
vn 0.8246 0.5518 0.1246
vn 0.9385 0.3069 0.1583
vn 0.9351 0.3245 0.1423
vn 0.8145 0.5739 0.0850
vn 0.9403 0.2937 0.1721
vn 0.9826 -0.0001 0.1860
vn 0.9845 -0.0002 0.1752
vn 0.9846 -0.0000 0.1750
vn 0.9868 -0.0001 0.1618
vn 0.9367 -0.3195 0.1431
vn 0.9397 -0.3028 0.1591
vn 0.9869 -0.0001 0.1616
vn 0.9299 0.3457 0.1253
vn 0.9891 -0.0002 0.1470
vn 0.9320 -0.3397 0.1262
vn 0.8031 0.5923 0.0655
vn 0.9229 0.3695 0.1081
vn 0.9892 -0.0002 0.1468
vn 0.9913 -0.0002 0.1313
vn 0.9255 -0.3627 0.1089
vn 0.9914 -0.0002 0.1312
vn 0.9172 -0.3878 0.0913
vn 0.7973 -0.6001 0.0648
vn 0.7804 -0.6236 0.0454
vn 0.7588 -0.6508 0.0260
vn 0.4034 -0.9146 -0.0290
vn 0.3820 -0.9230 -0.0459
vn -0.0453 -0.9947 -0.0926
vn -0.0567 -0.9937 -0.0970
vn 0.3543 -0.9331 -0.0613
vn 0.7323 -0.6809 0.0069
vn 0.3214 -0.9441 -0.0729
vn -0.0656 -0.9932 -0.0962
vn -0.4332 -0.8965 -0.0931
vn -0.4032 -0.9123 -0.0711
vn -0.0698 -0.9937 -0.0880
vn 0.2859 -0.9551 -0.0779
vn -0.0667 -0.9954 -0.0687
vn -0.3617 -0.9314 -0.0401
vn -0.7012 -0.7118 0.0409
vn -0.6427 -0.7602 0.0949
vn -0.3101 -0.9507 0.0001
vn -0.8602 -0.4813 0.1686
vn -0.8343 -0.5001 0.2320
vn -0.5805 -0.7997 0.1534
vn -0.8116 -0.5028 0.2974
vn -0.5221 -0.8259 0.2129
vn -0.2510 -0.9668 0.0474
vn -0.7921 -0.4902 0.3637
vn -0.4713 -0.8393 0.2709
vn -0.1912 -0.9768 0.0960
vn -0.2390 -0.9396 0.2449
vn -0.4299 -0.8429 0.3235
vn -0.1357 -0.9807 0.1408
vn -0.6254 -0.6755 0.3906
vn 0.0499 -0.9913 0.1218
vn -0.0875 -0.9802 0.1778
vn 0.1940 -0.9810 0.0094
vn 0.1904 -0.9806 0.0462
vn 0.1907 -0.9785 0.0791
vn 0.0720 -0.9865 0.1470
vn -0.0486 -0.9778 0.2037
vn 0.1916 -0.9759 0.1040
vn 0.3460 -0.9373 0.0418
vn 0.3396 -0.9387 0.0600
vn 0.2976 -0.9517 0.0761
vn 0.1915 -0.9755 0.1085
vn 0.1876 -0.9761 0.1097
vn 0.0977 -0.9851 0.1416
vn -0.0164 -0.9199 -0.3919
vn -0.1141 -0.9289 -0.3522
vn -0.3254 -0.5939 -0.7358
vn 0.1210 -0.8860 -0.4476
vn 0.3380 -0.9390 0.0636
vn 0.4432 -0.8959 0.0297
vn 0.3033 -0.9300 -0.2077
vn 0.3854 -0.8912 -0.2392
vn 0.1972 -0.8545 -0.4806
vn -0.0031 -0.7414 -0.6711
vn 0.0629 -0.7062 -0.7052
vn 0.2767 -0.8098 -0.5174
vn 0.1293 -0.6575 -0.7422
vn 0.3567 -0.7498 -0.5572
vn 0.4704 -0.8388 -0.2741
vn 0.5382 -0.8428 -0.0037
vn 0.6101 -0.7917 -0.0306
vn 0.5555 -0.7709 -0.3117
vn 0.7243 -0.6851 -0.0773
vn 0.6878 -0.7233 -0.0618
vn 0.6305 -0.6938 -0.3480
vn 0.4281 -0.6802 -0.5950
vn 0.7567 -0.6472 -0.0919
vn 0.4646 -0.6408 -0.6111
vn 0.6692 -0.6470 -0.3654
vn 0.7958 -0.5955 -0.1099
vn 0.7204 -0.6899 -0.0715
vn 0.8560 -0.5003 -0.1303
vn 0.8318 -0.5402 -0.1275
vn 0.7028 -0.6048 -0.3746
vn 0.8596 -0.4908 -0.1419
vn 0.4953 -0.6183 -0.6103
vn 0.8646 -0.4812 -0.1446
vn 0.9456 -0.2756 -0.1726
vn 0.5245 -0.6388 -0.5628
vn 0.8922 -0.4222 -0.1607
vn 0.5732 -0.7092 -0.4106
vn 0.1225 -0.8209 -0.5577
vn 0.3038 -0.9286 -0.2129
vn 0.6567 -0.7242 -0.2102
vn -0.3229 -0.7942 -0.5148
vn -0.0818 -0.9881 -0.1304
vn -0.1116 -0.9778 -0.1775
vn 0.3757 -0.9231 -0.0820
vn 0.6946 -0.7051 -0.1427
vn 0.3803 -0.9212 -0.0829
vn -0.0039 -1.0000 -0.0062
vn 0.3803 -0.9211 -0.0832
vn -0.0040 -1.0000 -0.0063
vn -0.0040 -1.0000 -0.0063
vn -0.0818 -0.9881 -0.1304
vn -0.0040 -1.0000 -0.0063
vn -0.0039 -1.0000 -0.0062
vn -0.0818 -0.9881 -0.1304
vn -0.0040 -1.0000 -0.0063
vn -0.0039 -1.0000 -0.0062
vn -0.0818 -0.9881 -0.1304
vn -0.0040 -1.0000 -0.0063
vn -0.0039 -1.0000 -0.0062
vn -0.0039 -1.0000 -0.0062
vn -0.0039 -1.0000 -0.0062
vn -0.0039 -1.0000 -0.0062
vn -0.0039 -1.0000 -0.0062
vn -0.3376 -0.9119 0.2335
vn -0.3373 -0.9135 0.2275
vn -0.3344 -0.9155 0.2238
vn -0.6117 -0.6695 0.4214
vn -0.4023 -0.9058 0.1332
vn -0.0606 -0.9916 -0.1139
vn -0.3375 -0.9136 0.2269
vn -0.0040 -1.0000 -0.0064
vn -0.6131 -0.6452 0.4560
vn -0.6139 -0.6756 0.4082
vn -0.7846 -0.3337 0.5225
vn -0.7839 -0.3227 0.5304
vn -0.8346 -0.2246 0.5030
vn -0.8042 -0.2031 0.5586
vn -0.7808 -0.3095 0.5427
vn -0.7741 -0.4664 0.4280
vn -0.7546 -0.4371 0.4894
vn -0.7503 -0.4311 0.5012
vn -0.8941 0.0025 0.4479
vn -0.8623 0.0036 0.5063
vn -0.8941 0.0027 0.4479
vn -0.8617 -0.2470 0.4433
vn -0.7565 -0.4175 0.5034
vn -0.7771 -0.3647 0.5129
vn -0.6438 -0.6764 0.3578
vn -0.7399 -0.6449 0.1913
vn -0.5669 -0.8085 -0.1579
vn -0.8242 -0.5616 0.0728
vn -0.7209 -0.5841 -0.3730
vn -0.8596 -0.5104 0.0233
vn -0.7281 -0.4745 0.4946
vn -0.6954 -0.5299 0.4854
vn -0.8533 -0.5214 -0.0005
vn -0.7809 -0.4269 -0.4560
vn -0.7886 -0.3726 -0.4892
vn -0.8322 -0.5545 -0.0061
vn -0.7882 -0.3715 -0.4906
vn -0.7715 -0.3922 -0.5010
vn -0.8046 -0.5933 -0.0255
vn -0.7819 -0.3897 -0.4867
vn -0.6587 -0.5838 0.4746
vn -0.8035 -0.5949 -0.0220
vn -0.6179 -0.6365 0.4616
vn -0.6018 -0.6555 0.4563
vn -0.6048 -0.6583 0.4481
vn -0.3960 -0.8410 0.3687
vn -0.4217 -0.8199 0.3872
vn -0.1959 -0.9407 0.2770
vn -0.2364 -0.9230 0.3035
vn -0.3915 -0.8405 0.3744
vn -0.4838 -0.8588 -0.1683
vn -0.6419 -0.7612 -0.0923
vn -0.5915 -0.5489 -0.5906
vn -0.3601 -0.9033 -0.2331
vn -0.1900 -0.9407 0.2809
vn -0.6813 -0.4902 -0.5436
vn -0.5296 -0.0803 -0.8444
vn -0.5297 -0.0803 -0.8444
vn -0.5206 -0.5761 -0.6302
vn -0.2675 -0.9213 -0.2823
vn -0.5296 -0.0803 -0.8444
vn -0.4673 -0.5876 -0.6606
vn -0.5296 -0.0805 -0.8444
vn -0.5297 -0.0803 -0.8444
vn -0.5296 -0.0803 -0.8444
vn -0.5297 -0.0803 -0.8444
vn -0.5296 -0.0804 -0.8444
vn -0.4244 -0.5929 -0.6844
vn -0.5296 -0.0803 -0.8444
vn -0.5297 -0.0803 -0.8444
vn -0.3805 -0.5956 -0.7074
vn -0.1918 -0.9281 -0.3190
vn 0.0757 -0.9857 0.1506
vn 0.0117 -0.9836 0.1800
vn -0.0428 -0.9774 0.2069
vn -0.0948 -0.9678 0.2332
vn -0.5296 -0.0803 -0.8444
vn -0.5296 -0.0803 -0.8444
vn -0.4122 -0.3324 -0.8483
vn -0.2475 -0.5782 -0.7774
vn -0.5297 -0.0803 -0.8444
vn -0.5297 -0.0803 -0.8444
vn -0.5289 -0.0963 -0.8432
vn -0.5296 -0.0803 -0.8444
vn -0.5296 -0.0803 -0.8444
vn -0.5289 -0.0963 -0.8432
vn -0.5234 -0.1728 -0.8344
vn -0.5290 -0.0946 -0.8433
vn -0.5290 -0.0962 -0.8431
vn -0.4903 -0.3854 -0.7817
vn -0.5233 -0.1727 -0.8345
vn -0.5234 -0.1727 -0.8344
vn -0.5238 -0.1664 -0.8355
vn -0.2995 -0.3269 -0.8963
vn -0.0223 -0.4747 -0.8799
vn -0.3121 -0.2769 -0.9088
vn -0.0438 -0.4491 -0.8924
vn 0.0191 -0.5958 -0.8029
vn 0.2208 -0.5724 -0.7897
vn 0.2481 -0.5730 -0.7811
vn -0.4971 -0.3636 -0.7878
vn -0.4902 -0.3855 -0.7817
vn -0.3229 -0.7942 -0.5148
vn -0.3596 -0.7362 -0.5734
vn -0.3229 -0.7942 -0.5148
vn -0.4903 -0.3854 -0.7817
vn -0.4903 -0.3854 -0.7817
vn -0.5234 -0.1727 -0.8344
vn -0.3229 -0.7942 -0.5148
vn -0.4903 -0.3854 -0.7817
vn -0.5234 -0.1727 -0.8344
vn -0.5233 -0.1727 -0.8345
vn -0.5289 -0.0963 -0.8432
vn -0.5289 -0.0963 -0.8432
vn -0.5296 -0.0803 -0.8444
vn -0.5277 -0.1313 -0.8392
vn -0.5318 -0.0893 -0.8422
vn -0.5289 -0.0963 -0.8432
vn -0.5154 -0.2429 -0.8218
vn -0.4903 -0.3854 -0.7817
vn -0.3228 -0.7942 -0.5148
vn -0.3229 -0.7942 -0.5148
vn -0.4653 -0.4825 -0.7421
vn -0.0817 -0.9883 -0.1288
vn -0.0818 -0.9881 -0.1304
vn -0.2949 -0.8316 -0.4707
vn 0.1896 -0.6005 -0.7768
vn -0.0673 -0.4630 -0.8838
vn -0.1101 -0.5033 -0.8571
vn -0.3247 -0.2752 -0.9049
vn -0.3455 -0.2952 -0.8908
vn -0.3682 -0.3124 -0.8757
vn -0.1569 -0.5377 -0.8284
vn -0.2030 -0.5622 -0.8017
vn -0.0662 -0.7653 -0.6402
vn -0.3906 -0.3246 -0.8614
vn -0.9211 0.0021 0.3892
vn -0.9213 0.0020 0.3889
vn -0.7904 0.4950 0.3610
vn -0.8597 0.2565 0.4418
vn -0.7718 0.4735 0.4245
vn -0.6338 0.6673 0.3912
vn -0.4812 0.8322 0.2755
vn -0.8108 0.5054 0.2954
vn -0.5273 0.8218 0.2157
vn -0.1856 0.9779 0.0965
vn -0.1273 0.9819 0.1404
vn -0.2350 0.9401 0.2471
vn -0.4441 0.8329 0.3302
vn -0.6152 0.6477 0.4495
vn -0.4141 0.8282 0.3776
vn -0.4405 0.8059 0.3956
vn -0.1914 0.9410 0.2791
vn -0.2356 0.9222 0.3066
vn -0.4104 0.8273 0.3836
vn -0.4838 0.8593 -0.1658
vn -0.1857 0.9410 0.2828
vn -0.0795 0.9701 0.2295
vn -0.3480 0.9071 -0.2370
vn -0.0290 0.9787 0.2033
vn -0.0351 0.9791 0.2004
vn -0.0766 0.9814 0.1762
vn 0.0578 0.9912 0.1194
vn 0.0815 0.9863 0.1435
vn 0.0260 0.9842 0.1750
vn -0.2551 0.9234 -0.2867
vn 0.0854 0.9855 0.1468
vn 0.1085 0.9846 0.1369
vn -0.1822 0.9283 -0.3242
vn 0.1970 0.9748 0.1050
vn -0.1045 0.9282 -0.3571
vn 0.1976 0.9751 0.1004
vn 0.1955 0.9777 0.0763
vn 0.3403 0.9394 0.0422
vn 0.3324 0.9412 0.0609
vn 0.2982 0.9516 0.0742
vn 0.1979 0.9746 0.1047
vn -0.0165 0.9200 -0.3916
vn 0.3304 0.9416 0.0646
vn 0.4292 0.9026 0.0346
vn 0.2880 0.9359 -0.2027
vn 0.1069 0.8906 -0.4421
vn 0.5093 0.8605 0.0083
vn 0.3703 0.8994 -0.2324
vn 0.5165 0.8563 0.0060
vn 0.4595 0.8471 -0.2670
vn 0.1833 0.8614 -0.4737
vn 0.2667 0.8175 -0.5105
vn 0.0545 0.7128 -0.6992
vn -0.0145 0.7469 -0.6648
vn -0.2111 0.5662 -0.7968
vn -0.0775 0.7687 -0.6349
vn -0.1627 0.5428 -0.8240
vn -0.2554 0.5806 -0.7731
vn -0.3710 0.3150 -0.8736
vn -0.3946 0.3266 -0.8589
vn -0.5297 0.0803 -0.8444
vn -0.4160 0.3337 -0.8459
vn -0.5296 0.0803 -0.8444
vn -0.5296 0.0804 -0.8444
vn -0.5296 0.0803 -0.8444
vn -0.5297 0.0803 -0.8444
vn -0.5296 0.0804 -0.8444
vn -0.5296 0.0803 -0.8444
vn -0.3750 0.5956 -0.7104
vn -0.3254 0.5939 -0.7358
vn -0.4186 0.5937 -0.6872
vn -0.5296 0.0803 -0.8444
vn -0.5297 0.0803 -0.8444
vn -0.4605 0.5894 -0.6637
vn -0.5297 0.0803 -0.8444
vn -0.5140 0.5789 -0.6330
vn -0.5296 0.0803 -0.8444
vn -0.5919 0.5497 -0.5895
vn -0.5296 0.0803 -0.8444
vn -0.6906 0.4828 -0.5385
vn -0.5296 0.0805 -0.8444
vn -0.7736 0.3824 -0.5053
vn -0.5297 0.0803 -0.8444
vn -0.5289 0.0963 -0.8432
vn -0.5288 0.0963 -0.8433
vn -0.5276 0.0901 -0.8447
vn -0.7841 0.3680 -0.4997
vn -0.7917 0.3679 -0.4878
vn -0.8348 0.5505 -0.0122
vn -0.5276 0.1324 -0.8391
vn -0.8558 0.5173 0.0002
vn -0.5234 0.1727 -0.8344
vn -0.7813 0.4344 -0.4481
vn -0.5153 0.2435 -0.8217
vn -0.8544 0.5190 0.0244
vn -0.4903 0.3853 -0.7817
vn -0.7121 0.5937 -0.3748
vn -0.4651 0.4837 -0.7414
vn -0.8168 0.5728 0.0688
vn -0.3230 0.7942 -0.5148
vn -0.5655 0.8095 -0.1576
vn -0.3229 0.7942 -0.5148
vn -0.0818 0.9881 -0.1305
vn -0.0798 0.9887 -0.1267
vn -0.2963 0.8300 -0.4725
vn -0.0040 1.0000 -0.0064
vn -0.0040 1.0000 -0.0064
vn -0.0818 0.9881 -0.1305
vn -0.3229 0.7941 -0.5148
vn -0.3229 0.7942 -0.5148
vn -0.4903 0.3854 -0.7817
vn -0.4903 0.3854 -0.7817
vn -0.0818 0.9881 -0.1305
vn -0.4903 0.3853 -0.7817
vn -0.3229 0.7942 -0.5148
vn -0.0040 1.0000 -0.0063
vn -0.0040 1.0000 -0.0063
vn -0.0818 0.9881 -0.1305
vn -0.0818 0.9881 -0.1305
vn -0.3229 0.7942 -0.5148
vn -0.0040 1.0000 -0.0064
vn 0.3849 0.9194 -0.0809
vn -0.1086 0.9789 -0.1731
vn 0.3155 0.9249 -0.2124
vn 0.7078 0.6921 -0.1416
vn 0.6717 0.7097 -0.2125
vn 0.5860 0.6951 -0.4165
vn 0.1345 0.8164 -0.5617
vn 0.3897 0.9173 -0.0819
vn 0.3877 0.9178 -0.0850
vn -0.0040 1.0000 -0.0063
vn -0.0040 1.0000 -0.0061
vn 0.3909 0.9161 -0.0887
vn 0.7147 0.6833 -0.1494
vn 0.9225 0.3380 -0.1866
vn 0.9231 0.3351 -0.1888
vn 0.7111 0.6886 -0.1421
vn 0.7186 0.6778 -0.1558
vn 0.9481 0.2443 -0.2035
vn 0.9253 0.3239 -0.1971
vn 0.9272 0.3129 -0.2059
vn 0.7227 0.6717 -0.1630
vn 0.3961 0.9130 -0.0975
vn 0.7255 0.6667 -0.1710
vn 0.3932 0.9148 -0.0927
vn 0.3980 0.9117 -0.1021
vn 0.7285 0.6611 -0.1796
vn 0.9286 0.3023 -0.2151
vn 0.9440 0.2236 -0.2428
vn 0.9297 0.2918 -0.2247
vn 0.9302 0.2851 -0.2314
vn 0.9303 0.2816 -0.2350
vn 0.7315 0.6552 -0.1889
vn 0.4000 0.9102 -0.1073
vn 0.7332 0.6503 -0.1988
vn 0.4015 0.9089 -0.1127
vn 0.9302 0.2717 -0.2467
vn 0.7408 0.6445 -0.1894
vn 0.7380 0.6480 -0.1884
vn 0.7213 0.6507 -0.2374
vn 0.9286 0.2533 -0.2712
vn 0.9294 0.2620 -0.2598
vn 0.9317 0.2044 -0.3001
vn 0.9654 0.0009 -0.2608
vn 0.5907 0.3238 -0.7391
vn 0.6185 0.5373 -0.5734
vn 0.9310 0.2115 -0.2973
vn 0.9354 0.1713 -0.3092
vn 0.9440 0.0697 -0.3224
vn 0.9403 0.1231 -0.3174
vn 0.9287 0.2387 -0.2839
vn 0.7090 0.0699 -0.7017
vn 0.5973 0.1445 -0.7889
vn 0.0341 0.0402 -0.9986
vn 0.0340 0.1148 -0.9928
vn 0.0439 0.3704 -0.9278
vn 0.3320 0.0562 -0.9416
vn 0.5984 0.0669 -0.7984
vn -0.1097 0.0003 -0.9940
vn 0.3342 0.0001 -0.9425
vn 0.3444 -0.0220 -0.9386
vn 0.3464 -0.0221 -0.9378
vn 0.5990 -0.0421 -0.7996
vn 0.7104 0.0005 -0.7038
vn 0.7098 -0.0501 -0.7026
vn 0.9459 0.0004 -0.3245
vn 0.9394 -0.1301 -0.3171
vn 0.9439 -0.0714 -0.3223
vn 0.5921 -0.1540 -0.7910
vn 0.0410 -0.3682 -0.9288
vn 0.5872 -0.3317 -0.7384
vn 0.3265 -0.1462 -0.9338
vn 0.9330 -0.1858 -0.3081
vn 0.9281 -0.2220 -0.2990
vn 0.9655 0.0003 -0.2603
vn 0.9228 -0.2627 -0.2818
vn 0.9266 -0.2325 -0.2956
vn 0.6089 -0.5553 -0.5665
vn 0.9220 -0.2787 -0.2688
vn 0.9226 -0.2874 -0.2574
vn 0.9404 -0.2394 -0.2415
vn 0.9753 0.0001 -0.2210
vn 0.9753 0.0002 -0.2209
vn 0.9447 -0.2578 -0.2025
vn 0.9817 -0.0003 -0.1903
vn 0.9487 0.2645 -0.1733
vn 0.9818 -0.0000 -0.1901
vn 0.8666 0.4815 -0.1307
vn 0.9480 0.2833 -0.1450
vn 0.8710 0.4702 -0.1425
vn 0.9870 -0.0000 -0.1607
vn 0.8780 0.4556 -0.1466
vn 0.9032 0.3972 -0.1627
vn 0.9167 0.3595 -0.1743
vn 0.8480 0.5228 -0.0868
vn 0.9870 0.0000 -0.1605
vn 0.5269 0.8498 -0.0114
vn 0.8422 0.5348 -0.0679
vn 0.9951 -0.0003 -0.0987
vn 0.7106 0.7015 -0.0554
vn 0.8568 0.5043 -0.1076
vn 0.9915 -0.0003 -0.1299
vn 0.9916 -0.0003 -0.1297
vn 0.8416 -0.5329 -0.0878
vn 0.9455 -0.2919 -0.1446
vn 0.8480 -0.5188 -0.1080
vn 0.9951 -0.0002 -0.0984
vn 0.8383 -0.5407 -0.0694
vn 0.5385 -0.8425 -0.0156
vn 0.7109 -0.7007 -0.0599
vn 0.9978 -0.0002 -0.0666
vn 0.8410 0.5387 -0.0497
vn 0.9978 -0.0003 -0.0664
vn 0.5653 0.8241 -0.0350
vn 0.8454 0.5333 -0.0309
vn 0.9994 -0.0004 -0.0342
vn 0.5418 0.8402 -0.0241
vn 0.8397 -0.5407 -0.0512
vn 0.9994 -0.0004 -0.0339
vn 0.8462 -0.5319 -0.0321
vn 1.0000 -0.0004 -0.0032
vn 0.8568 -0.5155 -0.0116
vn 0.5951 -0.8026 -0.0408
vn 0.5674 -0.8226 -0.0363
vn 0.8544 0.5196 -0.0108
vn 1.0000 -0.0004 -0.0030
vn 0.9996 -0.0003 0.0266
vn 0.8663 0.4995 0.0109
vn 0.8697 -0.4935 0.0106
vn 0.9996 -0.0003 0.0268
vn 0.6728 0.7393 -0.0262
vn 0.8791 0.4755 0.0323
vn 0.9986 -0.0005 0.0530
vn 0.6344 0.7721 -0.0369
vn 0.9986 -0.0006 0.0532
vn 0.8830 -0.4683 0.0324
vn 0.9971 -0.0004 0.0761
vn 0.8957 -0.4416 0.0532
vn 0.7010 -0.7131 -0.0113
vn 0.6659 -0.7456 -0.0269
vn 0.8918 0.4493 0.0528
vn 0.9971 -0.0004 0.0763
vn 0.9953 -0.0003 0.0966
vn 0.9036 0.4222 0.0723
vn 0.9953 -0.0003 0.0967
vn 0.9072 -0.4144 0.0729
vn 0.9934 -0.0004 0.1148
vn 0.9141 0.3953 0.0906
vn 0.9934 -0.0004 0.1149
vn 0.7871 0.6151 0.0462
vn 0.7662 0.6420 0.0269
vn 0.4004 0.9159 -0.0294
vn 0.3788 0.9243 -0.0464
vn -0.0503 0.9944 -0.0930
vn -0.0616 0.9934 -0.0972
vn 0.3509 0.9344 -0.0618
vn -0.4567 0.8829 -0.1089
vn -0.4380 0.8942 -0.0926
vn -0.0700 0.9929 -0.0962
vn -0.4070 0.9107 -0.0703
vn 0.3182 0.9452 -0.0734
vn -0.0732 0.9934 -0.0878
vn 0.2830 0.9559 -0.0784
vn -0.0687 0.9953 -0.0684
vn -0.3640 0.9306 -0.0389
vn -0.6962 0.7167 0.0410
vn -0.6400 0.7624 0.0955
vn -0.3101 0.9507 0.0014
vn -0.8876 0.4480 0.1066
vn -0.8609 0.4803 0.1677
vn -0.7445 0.6676 -0.0067
vn -0.9109 0.4097 0.0496
vn -0.7817 0.6217 -0.0494
vn -0.9905 -0.0008 0.1376
vn -0.9972 -0.0013 0.0754
vn -0.9286 0.3711 -0.0058
vn -0.9905 -0.0008 0.1372
vn -0.8067 0.5844 -0.0882
vn -0.9972 -0.0014 0.0749
vn -0.9999 -0.0014 0.0135
vn -0.9095 -0.4127 0.0497
vn -0.7882 -0.6134 -0.0493
vn -0.7507 -0.6606 -0.0066
vn -0.8865 -0.4502 0.1071
vn -0.4514 -0.8856 -0.1091
vn -0.9795 -0.0003 0.2014
vn -0.9794 -0.0003 0.2019
vn -0.9644 0.0003 0.2644
vn -0.9643 0.0003 0.2648
vn -0.8343 0.5007 0.2306
vn -0.9451 0.0011 0.3269
vn -0.9449 0.0011 0.3273
vn -0.5814 0.7988 0.1547
vn -0.2483 0.9675 0.0485
vn -0.0547 0.9978 -0.0382
vn 0.2224 0.9734 -0.0555
vn 0.2047 0.9785 -0.0270
vn 0.5971 0.8012 -0.0401
vn 0.2497 0.9656 -0.0727
vn 0.1959 0.9806 0.0083
vn 0.1937 0.9801 0.0444
vn -0.4642 0.8775 -0.1203
vn -0.4625 0.8772 -0.1287
vn -0.0380 0.9956 -0.0862
vn 0.4158 0.9094 -0.0117
vn -0.0261 0.9966 -0.0777
vn -0.4538 0.8809 -0.1343
vn 0.7088 0.7053 -0.0104
vn 0.7401 0.6724 0.0078
vn 0.6294 -0.7762 -0.0375
vn 0.2517 -0.9651 -0.0723
vn -0.0545 -0.9978 -0.0384
vn 0.2232 -0.9732 -0.0554
vn 0.2043 -0.9786 -0.0263
vn 0.5485 -0.8357 -0.0265
vn 0.5358 -0.8443 -0.0069
vn 0.5374 -0.8433 -0.0033
vn 0.5259 -0.8505 0.0008
vn 0.7197 0.6911 -0.0663
vn 0.5169 0.8560 0.0054
vn 0.5977 0.8014 -0.0227
vn 0.6865 0.7249 -0.0567
vn 0.7235 0.6866 -0.0718
vn 0.8088 0.5777 -0.1101
vn 0.7661 0.6364 -0.0904
vn 0.5196 0.8544 -0.0005
vn 0.6419 0.6829 -0.3487
vn 0.6824 0.6323 -0.3667
vn 0.4765 0.6300 -0.6132
vn 0.4412 0.6684 -0.5988
vn 0.5531 0.7747 -0.3065
vn 0.5133 0.5950 -0.6185
vn 0.2632 0.5529 -0.7906
vn 0.2303 0.5650 -0.7923
vn 0.2959 0.6343 -0.7142
vn 0.0281 0.5921 -0.8054
vn -0.0120 0.4598 -0.8879
vn -0.5233 0.1727 -0.8345
vn -0.2955 0.3193 -0.9004
vn -0.0378 0.4441 -0.8952
vn -0.3098 0.2728 -0.9108
vn -0.0575 0.4560 -0.8881
vn 0.2023 0.5899 -0.7818
vn 0.1280 0.6618 -0.7387
vn -0.1108 0.5067 -0.8550
vn -0.3213 0.2736 -0.9066
vn -0.5292 0.0946 -0.8432
vn -0.5296 0.0803 -0.8444
vn -0.3459 0.2969 -0.8900
vn -0.5296 0.0803 -0.8444
vn -0.5290 0.0963 -0.8432
vn -0.5289 0.0963 -0.8432
vn -0.5289 0.0963 -0.8432
vn -0.5234 0.1727 -0.8344
vn -0.5234 0.1727 -0.8344
vn -0.5234 0.1728 -0.8344
vn -0.4903 0.3853 -0.7817
vn -0.5234 0.1728 -0.8344
vn -0.5289 0.0962 -0.8432
vn -0.5296 0.0804 -0.8444
vn -0.5168 0.1684 -0.8394
vn 0.3547 0.7542 -0.5526
vn -0.4965 0.3663 -0.7870
vn -0.4904 0.3854 -0.7816
vn -0.3581 0.7390 -0.5706
vn 0.5395 0.6242 -0.5651
vn 0.7200 0.5808 -0.3798
vn 0.8458 0.5177 -0.1288
vn 0.9205 0.3464 -0.1808
vn 0.9117 -0.3698 -0.1790
vn 0.9137 -0.3620 -0.1845
vn 0.9145 -0.3588 -0.1869
vn 0.9075 -0.3831 -0.1724
vn 0.9170 -0.3480 -0.1951
vn 0.9191 -0.3373 -0.2038
vn 0.9207 -0.3269 -0.2130
vn 0.6984 -0.7012 -0.1434
vn 0.7033 -0.6957 -0.1463
vn 0.3833 -0.9196 -0.0867
vn 0.7073 -0.6901 -0.1531
vn 0.3857 -0.9182 -0.0906
vn 0.7111 -0.6846 -0.1603
vn 0.7146 -0.6790 -0.1683
vn 0.3885 -0.9165 -0.0954
vn 0.3907 -0.9151 -0.1001
vn 0.7175 -0.6739 -0.1764
vn 0.9227 -0.3104 -0.2288
vn 0.9220 -0.3167 -0.2226
vn 0.7202 -0.6685 -0.1857
vn 0.3928 -0.9136 -0.1054
vn 0.9229 -0.3067 -0.2328
vn 0.7219 -0.6638 -0.1955
vn 0.3941 -0.9124 -0.1105
vn 0.9231 -0.2969 -0.2444
vn 0.7246 -0.6578 -0.2055
vn 0.7210 -0.6620 -0.2046
vn 0.7085 -0.6633 -0.2410
vn 0.3976 -0.9102 -0.1157
vn 0.3688 -0.9138 -0.1703
vn 0.6753 -0.6499 -0.3488
vn 0.2904 -0.8936 -0.3423
vn -0.0406 -0.9971 -0.0646
vn -0.1613 -0.9528 -0.2572
vn 0.1272 -0.7241 -0.6779
vn -0.1658 -0.9500 -0.2646
vn -0.0407 -0.9971 -0.0649
vn -0.0389 -0.9973 -0.0619
vn 0.3952 -0.9114 -0.1150
vn -0.0039 -1.0000 -0.0062
vn -0.0038 -1.0000 -0.0062
vn -0.0039 -1.0000 -0.0062
vn -0.0039 -1.0000 -0.0062
vn -0.0039 -1.0000 -0.0062
vn -0.0039 -1.0000 -0.0062
vn -0.0039 -1.0000 -0.0062
vn -0.0407 -0.9971 -0.0649
vn -0.0407 -0.9971 -0.0649
vn -0.1659 -0.9500 -0.2646
vn -0.3833 -0.6926 -0.6111
vn -0.3833 -0.6926 -0.6111
vn -0.1659 -0.9500 -0.2645
vn -0.3833 -0.6926 -0.6111
vn -0.1659 -0.9500 -0.2646
vn -0.0407 -0.9971 -0.0649
vn -0.0039 -1.0000 -0.0062
vn -0.0407 -0.9971 -0.0649
vn -0.1656 -0.9500 -0.2648
vn -0.0409 -0.9970 -0.0653
vn -0.0039 -1.0000 -0.0062
vn -0.0399 -0.9972 -0.0638
vn -0.0039 -1.0000 -0.0062
vn -0.3378 -0.9054 0.2571
vn -0.3364 -0.9024 0.2693
vn -0.3383 -0.9015 0.2700
vn -0.3696 -0.9011 0.2267
vn -0.6209 -0.6280 0.4691
vn -0.6028 -0.6312 0.4881
vn -0.6078 -0.6389 0.4716
vn -0.6097 -0.6505 0.4528
vn -0.6046 -0.6283 0.4897
vn -0.7592 -0.2448 0.6031
vn -0.7620 -0.2515 0.5967
vn -0.7701 -0.2730 0.5766
vn -0.7740 -0.1847 0.6057
vn -0.8273 0.0043 0.5617
vn -0.7938 0.0049 0.6081
vn -0.8276 0.0043 0.5613
vn -0.7553 -0.1732 0.6321
vn -0.7540 -0.2322 0.6145
vn -0.7513 -0.2240 0.6207
vn -0.7515 -0.2218 0.6214
vn -0.6218 -0.6283 0.4676
vn -0.7508 -0.2181 0.6235
vn -0.7508 -0.2096 0.6264
vn -0.7538 -0.1836 0.6309
vn -0.3629 -0.9033 0.2289
vn -0.6472 -0.6229 0.4395
vn -0.4226 -0.8918 0.1615
vn -0.5765 -0.6342 0.5151
vn -0.7515 -0.2177 0.6228
vn -0.6512 -0.6222 0.4345
vn -0.6884 -0.6073 0.3967
vn -0.4233 -0.8926 0.1555
vn -0.2397 -0.9052 0.3509
vn -0.1235 -0.9768 -0.1750
vn -0.4322 -0.8901 0.1448
vn 0.1482 -0.9794 0.1371
vn -0.0747 -0.9906 -0.1150
vn -0.0663 -0.9922 -0.1058
vn -0.0708 -0.9914 -0.1105
vn -0.1095 -0.9820 -0.1538
vn -0.0604 -0.9935 -0.0963
vn -0.1657 -0.9497 -0.2658
vn -0.3833 -0.6926 -0.6111
vn -0.3833 -0.6926 -0.6111
vn -0.7021 -0.6766 -0.2218
vn -0.0873 -0.9863 -0.1399
vn -0.1753 -0.9492 -0.2614
vn -0.5088 -0.2883 -0.8112
vn -0.3897 -0.6798 -0.6213
vn -0.9508 -0.2753 0.1423
vn -0.8373 -0.4942 0.2339
vn -0.8589 -0.3225 -0.3979
vn -0.4773 -0.8745 0.0859
vn -0.5304 -0.0653 -0.8452
vn -0.5091 -0.2743 -0.8158
vn -0.8963 -0.1012 -0.4318
vn -0.5445 -0.0604 -0.8366
vn -0.8984 -0.0652 -0.4344
vn -0.8999 -0.0654 -0.4311
vn -0.9851 -0.1195 0.1234
vn -0.9890 -0.0752 0.1277
vn -0.9892 -0.0757 0.1259
vn -0.7713 0.0054 0.6364
vn -0.9924 0.0050 0.1228
vn -0.7935 0.0049 0.6085
vn -0.7690 0.0672 0.6357
vn -0.7695 -0.0548 0.6363
vn -0.9901 0.0659 0.1243
vn -0.9902 0.0654 0.1234
vn -0.7652 -0.1016 0.6357
vn -0.7593 -0.1458 0.6342
vn -0.9831 0.1359 0.1225
vn -0.7642 0.1166 0.6344
vn -0.7531 0.1919 0.6293
vn -0.7576 0.1634 0.6319
vn -0.9470 0.2894 0.1391
vn -0.8554 0.3292 -0.3999
vn -0.8943 0.1142 -0.4327
vn -0.6918 0.6862 -0.2247
vn -0.8289 0.5106 0.2283
vn -0.7512 0.2036 0.6279
vn -0.6845 0.6207 0.3824
vn -0.4798 0.8750 0.0644
vn -0.3638 0.9056 0.2180
vn -0.6134 0.6414 0.4608
vn -0.7476 0.2305 0.6228
vn -0.3309 0.9058 0.2647
vn -0.7480 0.2449 0.6169
vn -0.5983 0.6392 0.4832
vn -0.5959 0.6429 0.4813
vn -0.7716 0.2017 0.6033
vn -0.7504 0.2530 0.6106
vn -0.7554 0.2648 0.5993
vn -0.7582 0.2715 0.5928
vn -0.6010 0.6495 0.4657
vn -0.7623 0.2816 0.5828
vn -0.8017 0.2180 0.5565
vn -0.7661 0.2922 0.5725
vn -0.6022 0.6550 0.4564
vn -0.6031 0.6608 0.4469
vn -0.3331 0.9099 0.2473
vn -0.3330 0.9084 0.2528
vn -0.0040 1.0000 -0.0064
vn -0.0040 1.0000 -0.0064
vn -0.3300 0.9063 0.2642
vn -0.0040 1.0000 -0.0063
vn -0.0400 0.9972 -0.0633
vn -0.0409 0.9970 -0.0651
vn -0.0408 0.9971 -0.0647
vn -0.1663 0.9498 -0.2650
vn -0.1651 0.9499 -0.2655
vn -0.1607 0.9492 -0.2706
vn -0.3835 0.6921 -0.6115
vn -0.3834 0.6919 -0.6117
vn -0.3912 0.6763 -0.6242
vn -0.5088 0.2882 -0.8112
vn -0.5088 0.2881 -0.8112
vn -0.3835 0.6921 -0.6115
vn -0.5088 0.2881 -0.8112
vn -0.5302 0.0654 -0.8453
vn -0.1662 0.9498 -0.2650
vn -0.3836 0.6920 -0.6116
vn -0.1662 0.9498 -0.2650
vn -0.0409 0.9970 -0.0652
vn -0.0409 0.9970 -0.0651
vn -0.0040 1.0000 -0.0063
vn -0.0040 1.0000 -0.0063
vn -0.0040 1.0000 -0.0063
vn -0.0040 1.0000 -0.0063
vn -0.0040 1.0000 -0.0063
vn -0.0409 0.9970 -0.0652
vn -0.0040 1.0000 -0.0063
vn -0.0040 1.0000 -0.0064
vn -0.0040 1.0000 -0.0064
vn -0.0040 1.0000 -0.0063
vn -0.0040 1.0000 -0.0064
vn -0.0407 0.9970 -0.0653
vn -0.0391 0.9973 -0.0622
vn 0.4154 0.9068 -0.0722
vn 0.0150 0.9980 0.0620
vn 0.3809 0.9117 -0.1543
vn 0.4183 0.9054 -0.0732
vn 0.6818 0.6395 -0.3551
vn -0.0409 0.9970 -0.0651
vn 0.2906 0.8904 -0.3504
vn 0.1351 0.7136 -0.6874
vn -0.1617 0.9526 -0.2576
vn -0.1659 0.9498 -0.2652
vn -0.5089 0.2881 -0.8112
vn -0.3680 0.6935 -0.6194
vn -0.3842 0.6934 -0.6096
vn -0.3835 0.6921 -0.6115
vn -0.5088 0.2881 -0.8112
vn -0.5088 0.2881 -0.8112
vn -0.5302 0.0654 -0.8453
vn -0.5302 0.0654 -0.8453
vn -0.3835 0.6921 -0.6115
vn -0.5088 0.2881 -0.8112
vn -0.5302 0.0654 -0.8453
vn -0.5302 0.0654 -0.8453
vn -0.5314 0.0001 -0.8471
vn -0.5247 -0.0005 -0.8513
vn -0.5299 0.0001 -0.8480
vn -0.5314 0.0001 -0.8471
vn -0.5314 0.0001 -0.8471
vn -0.5302 0.0654 -0.8454
vn -0.5314 0.0001 -0.8471
vn -0.5313 0.0001 -0.8472
vn -0.5314 0.0001 -0.8471
vn -0.5302 -0.0652 -0.8453
vn -0.5313 0.0001 -0.8472
vn -0.5302 -0.0652 -0.8453
vn -0.5085 -0.2882 -0.8114
vn -0.5088 -0.2882 -0.8112
vn -0.3833 -0.6925 -0.6111
vn -0.5302 -0.0652 -0.8453
vn -0.5088 -0.2882 -0.8112
vn -0.5299 0.0001 -0.8480
vn -0.5302 -0.0652 -0.8454
vn -0.5314 0.0001 -0.8471
vn -0.5313 0.0001 -0.8472
vn -0.5314 0.0001 -0.8471
vn -0.5275 -0.0054 -0.8495
vn -0.5315 0.0001 -0.8470
vn -0.5303 0.0653 -0.8453
vn -0.5314 0.0001 -0.8471
vn -0.5314 0.0001 -0.8471
vn -0.1105 0.0313 -0.9934
vn -0.5392 0.0673 -0.8395
vn -0.5314 0.0001 -0.8471
vn -0.5302 -0.0653 -0.8454
vn -0.5298 -0.0627 -0.8458
vn -0.1082 0.0075 -0.9941
vn 0.0318 -0.1252 -0.9916
vn 0.0349 -0.0019 -0.9994
vn -0.5302 -0.0653 -0.8453
vn -0.5087 -0.2882 -0.8113
vn -0.5108 -0.2812 -0.8124
vn -0.5088 -0.2883 -0.8112
vn -0.5088 -0.2882 -0.8112
vn -0.3832 -0.6926 -0.6111
vn -0.3855 -0.6904 -0.6122
vn -0.1670 -0.9498 -0.2645
vn -0.5062 0.2829 -0.8147
vn -0.9023 0.0353 -0.4297
vn -0.9031 0.0031 -0.4294
vn -0.9047 0.0353 -0.4246
vn -0.5299 0.0611 -0.8458
vn -0.5112 0.2722 -0.8152
vn -0.1662 0.9498 -0.2650
vn -0.1660 0.9498 -0.2652
vn -0.0040 1.0000 -0.0063
vn -0.0040 1.0000 -0.0064
vn -0.0040 1.0000 -0.0064
vn -0.0040 1.0000 -0.0063
vn -0.3336 0.9113 0.2414
vn -0.3333 0.9128 0.2359
vn -0.3333 0.9142 0.2304
vn -0.3329 0.9160 0.2238
vn -0.6053 0.6786 0.4160
vn -0.6048 0.6725 0.4266
vn -0.7733 0.3145 0.5506
vn -0.7730 0.3150 0.5506
vn -0.6042 0.6663 0.4370
vn -0.7766 0.3269 0.5385
vn -0.8323 0.2369 0.5012
vn -0.7797 0.3394 0.5261
vn -0.8622 0.0036 0.5065
vn -0.7802 0.3504 0.5181
vn -0.7729 0.3797 0.5084
vn -0.7527 0.4299 0.4986
vn -0.7475 0.4411 0.4967
vn -0.7518 0.4464 0.4853
vn -0.7332 0.6530 0.1897
vn -0.6385 0.6884 0.3441
vn -0.3954 0.9109 0.1180
vn -0.6011 0.6864 0.4092
vn -0.6015 0.6850 0.4111
vn -0.3335 0.9189 0.2106
vn -0.3322 0.9196 0.2096
vn -0.0040 1.0000 -0.0063
vn -0.0923 0.9938 -0.0627
vn -0.0040 1.0000 -0.0063
vn -0.7259 0.4826 0.4901
vn -0.6957 0.5328 0.4817
vn -0.6627 0.5811 0.4724
vn -0.6261 0.6284 0.4616
vn -0.8156 0.5782 -0.0237
vn -0.8155 0.5782 -0.0257
vn -0.6125 0.6447 0.4574
vn -0.7735 0.3842 -0.5040
vn -0.6583 0.7480 -0.0842
vn -0.7698 0.3032 0.5616
vn -0.3378 -0.9085 0.2461
vn -0.6106 -0.6566 0.4427
vn -0.7739 -0.2846 0.5658
vn -0.3380 -0.9100 0.2401
vn -0.6110 -0.6632 0.4323
vn -0.7758 -0.2976 0.5564
vn -0.7758 -0.2977 0.5563
vn -0.0039 -1.0000 -0.0059
vn 0.8097 -0.5808 0.0845
vn 0.8177 -0.5660 0.1046
vn 0.8216 -0.5563 0.1245
vn 0.9411 -0.2906 0.1728
vn 0.8214 -0.5521 0.1429
vn 0.4293 -0.9021 0.0445
vn 0.4230 -0.9039 0.0635
vn 0.8173 -0.5538 0.1593
vn 0.4126 -0.9073 0.0815
vn 0.0079 -0.9996 -0.0278
vn 0.0100 -0.9999 -0.0126
vn -0.3896 -0.9123 -0.1260
vn -0.3748 -0.9197 -0.1168
vn -0.7931 -0.5572 -0.2461
vn -0.7824 -0.5697 -0.2516
vn -0.9227 -0.2569 -0.2874
vn -0.9549 -0.0003 -0.2968
vn -0.9610 -0.0006 -0.2764
vn -0.9181 -0.2577 -0.3012
vn -0.9549 -0.0003 -0.2969
vn -0.9232 0.2557 -0.2869
vn -0.9185 0.2569 -0.3007
vn -0.9499 -0.0002 -0.3124
vn -0.9499 -0.0002 -0.3125
vn -0.9145 0.2592 -0.3107
vn -0.7717 0.5833 -0.2534
vn -0.9142 -0.2597 -0.3111
vn -0.9460 -0.0001 -0.3242
vn -0.9459 -0.0001 -0.3244
vn -0.9105 -0.2635 -0.3187
vn -0.9425 -0.0000 -0.3341
vn -0.9107 0.2633 -0.3184
vn -0.9074 0.2711 -0.3211
vn -0.7522 0.6104 -0.2482
vn -0.9424 -0.0000 -0.3346
vn -0.7624 0.5958 -0.2525
vn -0.7417 0.6262 -0.2402
vn -0.9048 0.2817 -0.3193
vn -0.9407 0.0001 -0.3391
vn -0.9405 0.0002 -0.3397
vn -0.9406 0.0002 -0.3394
vn -0.9038 0.2947 -0.3105
vn -0.9431 0.0003 -0.3326
vn -0.9430 0.0003 -0.3327
vn -0.9043 0.3103 -0.2933
vn -0.9038 -0.2944 -0.3105
vn -0.9048 -0.2815 -0.3195
vn -0.7309 -0.6435 -0.2275
vn -0.7213 -0.6601 -0.2100
vn -0.9044 -0.3099 -0.2933
vn -0.7126 -0.6765 -0.1860
vn -0.5192 -0.8456 -0.1240
vn -0.5274 -0.8385 -0.1366
vn -0.5185 -0.8461 -0.1238
vn -0.4562 -0.8832 -0.1089
vn -0.0027 -0.9855 0.1697
vn -0.0689 -0.9861 0.1512
vn -0.4213 -0.9015 -0.0993
vn -0.3900 -0.9164 -0.0902
vn 0.0624 -0.9800 0.1887
vn -0.3166 -0.9461 -0.0678
vn -0.3116 -0.9479 -0.0663
vn 0.1291 -0.9697 0.2074
vn -0.5401 -0.8281 -0.1501
vn -0.2852 -0.9567 -0.0581
vn 0.1998 -0.9534 0.2262
vn 0.5468 -0.7188 0.4293
vn 0.5066 -0.7543 0.4176
vn 0.7794 -0.3625 0.5110
vn 0.4631 -0.7893 0.4033
vn 0.8014 -0.2859 0.5254
vn 0.7938 -0.3145 0.5205
vn 0.6632 -0.6092 0.4348
vn 0.7758 -0.3733 0.5087
vn 0.6632 -0.6092 0.4348
vn 0.3697 -0.8970 0.2424
vn 0.3697 -0.8970 0.2424
vn 0.6632 -0.6092 0.4348
vn 0.7604 -0.4162 0.4985
vn 0.7356 -0.4757 0.4823
vn 0.4147 -0.8239 0.3863
vn 0.3597 -0.8579 0.3668
vn 0.7327 -0.4821 0.4803
vn -0.1388 -0.9813 0.1333
vn 0.2967 -0.8907 0.3445
vn 0.7034 -0.5409 0.4612
vn 0.6632 -0.6092 0.4348
vn 0.3694 -0.8971 0.2424
vn 0.6604 -0.6135 0.4331
vn 0.6869 -0.6174 0.3834
vn 0.2251 -0.9206 0.3191
vn 0.3696 -0.8970 0.2424
vn 0.4524 -0.8410 0.2966
vn 0.6073 -0.6875 0.3982
vn 0.6073 -0.6875 0.3981
vn 0.1459 -0.9458 0.2900
vn 0.0000 -1.0000 0.0000
vn 0.0000 -1.0000 0.0000
vn 0.4105 -0.8712 0.2691
vn 0.4037 -0.8758 0.2647
vn 0.3697 -0.8970 0.2423
vn 0.3530 -0.9065 0.2314
vn -0.0000 -1.0000 0.0000
vn 0.0000 -1.0000 -0.0000
vn 0.2449 -0.9562 0.1606
vn 0.1280 -0.9882 0.0839
vn 0.4990 -0.8660 -0.0309
vn 0.4981 -0.8665 -0.0313
vn 0.5714 -0.8179 0.0678
vn 0.8645 -0.4998 -0.0535
vn 0.8872 -0.4599 0.0363
vn 0.6331 -0.7599 0.1478
vn 0.4948 -0.8660 -0.0718
vn 0.8570 -0.5000 -0.1244
vn 0.8653 -0.4980 -0.0568
vn 0.8422 -0.5000 -0.2019
vn 0.4863 -0.8660 -0.1165
vn 0.0000 -1.0000 -0.0001
vn 0.0000 -1.0000 -0.0000
vn 0.9014 -0.4196 0.1070
vn 0.6867 -0.6948 0.2136
vn 0.9111 -0.3786 0.1631
vn 0.7105 -0.6605 0.2426
vn 0.9962 -0.0000 0.0866
vn 0.9990 -0.0001 0.0452
vn 0.9151 -0.3573 0.1870
vn 0.9945 0.0001 0.1047
vn 0.9960 0.0000 0.0896
vn 0.9934 -0.0001 0.1143
vn 0.8628 -0.4956 0.0995
vn 0.9927 0.0000 0.1210
vn 0.8997 -0.3893 0.1974
vn 0.9139 -0.3567 0.1935
vn 0.9186 -0.3359 0.2084
vn 0.8385 -0.4880 0.2423
vn 0.9014 -0.3828 0.2023
vn 0.7530 -0.5851 0.3011
vn 0.6624 -0.7159 0.2207
vn 0.3305 -0.9186 0.2167
vn 0.3171 -0.9253 0.2078
vn 0.3305 -0.9186 0.2167
vn 0.3306 -0.9186 0.2167
vn 0.3665 -0.8988 0.2403
vn 0.3744 -0.8942 0.2455
vn -0.0685 -0.9865 0.1485
vn -0.3708 -0.9242 0.0914
vn -0.4896 -0.8716 0.0262
vn -0.7087 -0.6915 -0.1399
vn -0.2924 -0.9508 0.1023
vn -0.7657 -0.6300 -0.1294
vn -0.7776 -0.6162 -0.1249
vn -0.9107 -0.3480 -0.2227
vn -0.7038 -0.6964 -0.1407
vn -0.7056 -0.6918 -0.1535
vn -0.6648 -0.7334 -0.1419
vn -0.6463 -0.7499 -0.1413
vn -0.2143 -0.9697 0.1174
vn -0.5823 -0.8017 -0.1351
vn -0.5418 -0.8306 -0.1283
vn -0.9066 -0.3281 -0.2653
vn -0.9484 0.0003 -0.3171
vn -0.9570 0.0004 -0.2902
vn -0.9571 0.0004 -0.2899
vn -0.9064 0.3285 -0.2654
vn -0.9484 0.0003 -0.3172
vn -0.9104 0.3485 -0.2230
vn -0.7065 0.6907 -0.1539
vn -0.7136 0.6753 -0.1864
vn -0.7047 0.6953 -0.1410
vn -0.7244 0.6752 -0.1391
vn -0.7774 0.6163 -0.1258
vn -0.9161 0.3680 -0.1590
vn -0.7785 0.6150 -0.1254
vn -0.9693 0.0004 -0.2459
vn -0.9843 0.0004 -0.1765
vn -0.9219 0.3824 -0.0626
vn -0.9842 0.0003 -0.1769
vn -0.8227 0.5597 -0.0993
vn -0.4545 0.8864 0.0877
vn -0.5196 0.8496 0.0905
vn -0.8593 0.5082 -0.0580
vn -0.8597 0.5076 -0.0574
vn -0.8873 0.4611 0.0055
vn -0.5794 0.8085 0.1031
vn -0.9022 0.4239 0.0796
vn -0.6358 0.7614 0.1263
vn -0.9204 0.3819 0.0841
vn -0.9036 0.4179 0.0939
vn -0.9015 0.3845 0.1986
vn -0.6886 0.7090 0.1520
vn -0.6905 0.7077 0.1496
vn -0.8908 0.3676 0.2671
vn -0.6796 0.6943 0.2368
vn -0.3761 0.9229 0.0826
vn -0.8966 0.3496 0.2717
vn -0.8826 0.3556 0.3076
vn -0.9947 0.0004 0.1032
vn -0.8602 -0.0007 0.5100
vn -0.8401 0.2825 0.4631
vn -0.8536 0.3145 0.4153
vn -0.9495 0.0003 0.3139
vn -0.9493 0.0005 0.3145
vn -0.8390 0.2935 0.4583
vn -0.6650 0.6731 0.3235
vn -0.8189 0.2681 0.5075
vn -0.6468 0.6488 0.4009
vn -0.7813 0.2253 0.5821
vn -0.8966 -0.3491 0.2724
vn -0.9205 -0.3814 0.0847
vn -0.8599 0.0000 0.5104
vn -0.8253 -0.5606 0.0680
vn -0.8209 -0.5241 0.2270
vn -0.8213 -0.5263 0.2202
vn -0.8253 -0.5611 0.0635
vn -0.9221 -0.3820 -0.0621
vn -0.8274 -0.5592 -0.0523
vn -0.6029 -0.7969 -0.0381
vn -0.8274 -0.5589 -0.0553
vn -0.8100 -0.5776 -0.1014
vn -0.9164 -0.3676 -0.1587
vn -0.4688 -0.8828 -0.0297
vn -0.9977 0.0003 -0.0678
vn -0.9977 0.0005 -0.0673
vn -0.9947 0.0003 0.1026
vn -0.7741 0.0009 0.6330
vn -0.9692 0.0003 -0.2461
vn 0.7328 -0.6251 0.2688
vn 0.8604 -0.4999 0.0992
vn 1.0000 0.0000 0.0049
vn 1.0000 0.0000 -0.0034
vn -0.0000 -1.0000 0.0000
vn -0.0000 -1.0000 -0.0000
vn 0.0000 -1.0000 -0.0000
vn -0.0000 -1.0000 0.0000
vn -0.0000 -1.0000 0.0000
vn -0.0000 -1.0000 -0.0000
vn 0.0000 -1.0000 0.0000
vn 0.2871 -0.9565 0.0527
vn -0.0000 -1.0000 -0.0000
vn 0.0000 -1.0000 0.0000
vn 0.3697 -0.8970 0.2424
vn 0.3697 -0.8970 0.2424
vn 0.6632 -0.6092 0.4348
vn 0.6632 -0.6092 0.4348
vn 0.8172 -0.2127 0.5357
vn 0.8122 -0.2383 0.5325
vn 0.8152 -0.2231 0.5345
vn 0.5850 -0.6827 0.4378
vn 0.8045 -0.2729 0.5275
vn 0.6231 -0.6448 0.4427
vn 0.2806 -0.9282 0.2444
vn 0.3677 -0.8926 0.2609
vn -0.1023 -0.9947 -0.0029
vn -0.1251 -0.9921 -0.0095
vn -0.3245 -0.9429 -0.0755
vn -0.2316 -0.9719 -0.0414
vn -0.3134 -0.9472 -0.0675
vn -0.5540 -0.8167 -0.1618
vn -0.3367 -0.9378 -0.0850
vn 0.0019 -0.9997 0.0259
vn 0.0079 -0.9996 0.0275
vn 0.0078 -0.9997 0.0241
vn 0.1450 -0.9875 0.0619
vn 0.1588 -0.9852 0.0652
vn 0.3392 -0.9350 0.1034
vn 0.0087 -0.9999 0.0146
vn -0.3492 -0.9322 -0.0951
vn -0.7625 -0.5957 -0.2524
vn -0.3614 -0.9264 -0.1059
vn -0.7724 -0.5824 -0.2535
vn -0.7519 -0.6108 -0.2480
vn -0.7412 -0.6270 -0.2399
vn -0.9073 -0.2711 -0.3213
vn -0.9407 0.0001 -0.3392
vn 0.0101 -0.9999 0.0023
vn 0.3820 -0.9178 0.1084
vn 0.3986 -0.9120 0.0971
vn 0.5281 -0.8383 0.1357
vn 0.4534 -0.8827 0.1236
vn 0.3780 -0.9192 0.1105
vn 0.7147 -0.6805 0.1615
vn 0.6638 -0.6903 0.2879
vn 0.7476 -0.6007 0.2833
vn 0.7548 -0.5059 0.4176
vn 0.7294 -0.5308 0.4316
vn 0.5675 -0.7725 0.2850
vn 0.4655 -0.8411 0.2753
vn 0.6962 -0.5672 0.4401
vn 0.6597 -0.6066 0.4436
vn 0.8198 -0.1973 0.5375
vn 0.8196 -0.1988 0.5373
vn 0.8193 -0.2004 0.5372
vn 0.6632 -0.6092 0.4348
vn 0.8149 -0.2249 0.5343
vn 0.3689 -0.8968 0.2442
vn 0.3697 -0.8970 0.2424
vn 0.3696 -0.8970 0.2424
vn 0.8121 -0.2389 0.5324
vn 0.8020 -0.2832 0.5259
vn 0.6632 -0.6092 0.4348
vn 0.6259 -0.6632 0.4103
vn 0.4784 -0.8202 0.3136
vn 0.6568 -0.6985 0.2841
vn 0.7204 -0.6054 0.3384
vn 0.7989 -0.5502 0.2430
vn 0.7365 -0.5764 0.3540
vn 0.7987 -0.5406 0.2644
vn 0.8673 -0.4633 0.1822
vn 0.8432 -0.5071 0.1785
vn 0.7932 -0.5459 0.2700
vn 0.8079 -0.5631 0.1737
vn 0.7823 -0.5586 0.2755
vn 0.8125 -0.5570 0.1723
vn 0.8090 -0.5621 0.1720
vn 0.7623 -0.6252 0.1676
vn 0.7663 -0.5782 0.2800
vn 0.7506 -0.5476 0.3698
vn 0.7596 -0.5255 0.3833
vn 0.7415 -0.4625 0.4861
vn 0.7091 -0.5301 0.4649
vn 0.7634 -0.5122 0.3935
vn 0.6680 -0.6016 0.4380
vn 0.7635 -0.4082 0.5005
vn 0.9401 -0.2832 0.1897
vn 0.9095 -0.3703 0.1888
vn 0.9809 0.0004 0.1947
vn 0.9382 -0.2886 0.1911
vn 0.9411 -0.2841 0.1833
vn 0.9809 -0.0001 0.1945
vn 0.9806 0.0003 0.1958
vn 0.9382 0.2888 0.1907
vn 0.9360 0.2975 0.1882
vn 0.9821 -0.0002 0.1886
vn 0.9358 -0.2979 0.1885
vn 0.9331 0.3069 0.1874
vn 0.9319 0.3102 0.1882
vn 0.9344 0.3038 0.1859
vn 0.9268 0.3244 0.1894
vn 0.9164 0.3528 0.1891
vn 0.9129 0.3620 0.1887
vn 0.7970 0.5544 0.2397
vn 0.8799 0.4383 0.1836
vn 0.8002 0.5403 0.2604
vn 0.8375 0.5168 0.1773
vn 0.7917 0.5473 0.2715
vn 0.9399 0.2842 0.1891
vn 0.8188 0.5516 0.1591
vn 0.9407 0.2857 0.1828
vn 0.9806 -0.0001 0.1961
vn 0.9811 -0.0000 0.1936
vn 0.9811 0.0001 0.1936
vn 0.9825 -0.0001 0.1863
vn 0.8237 0.5488 0.1428
vn 0.4224 0.9042 0.0634
vn 0.9347 0.3040 0.1840
vn 0.9822 -0.0001 0.1879
vn 0.9343 -0.3050 0.1844
vn 0.9341 -0.3047 0.1861
vn 0.7523 -0.6366 0.1696
vn 0.5332 -0.8258 0.1837
vn 0.7730 -0.6032 0.1965
vn 0.4678 -0.8740 0.1314
vn 0.7260 -0.6733 0.1401
vn 0.5738 -0.8114 0.1108
vn 0.3984 -0.9140 0.0769
vn 0.0974 -0.9932 0.0639
vn 0.1124 -0.9909 0.0739
vn 0.2284 -0.9620 0.1497
vn 0.2934 -0.9543 0.0566
vn 0.3332 -0.9172 0.2185
vn 0.3492 -0.9087 0.2289
vn 0.5954 -0.7686 0.2340
vn 0.7885 -0.5740 0.2209
vn 0.9316 -0.3106 0.1886
vn 0.9165 -0.3522 0.1897
vn 0.9255 -0.3278 0.1900
vn 0.9325 -0.3083 0.1880
vn -0.9611 -0.0006 -0.2761
vn -0.9749 -0.0008 -0.2226
vn 0.9125 0.3842 0.1405
vn 0.9159 0.3704 0.1546
vn 0.9194 0.3671 0.1409
vn 0.9212 0.3562 0.1568
vn 0.9115 0.3896 0.1318
vn 0.9246 0.3419 0.1681
vn 0.9874 -0.0007 0.1583
vn 0.9237 0.3436 0.1692
vn 0.9923 -0.0008 0.1238
vn 0.9958 -0.0016 0.0911
vn 0.9947 -0.0875 0.0532
vn 0.9863 -0.1582 0.0477
vn 0.9768 0.0000 0.2141
vn 0.9768 -0.0000 0.2142
vn 0.9781 0.0000 0.2080
vn 0.9984 -0.0010 0.0560
vn 0.9949 0.0857 0.0532
vn 0.0000 1.0000 0.0000
vn 0.0000 1.0000 0.0000
vn 0.9174 -0.3868 -0.0940
vn 0.7707 -0.6322 -0.0791
vn 0.9247 -0.3562 -0.1344
vn 0.5827 -0.8045 -0.1151
vn 0.8053 -0.5711 -0.1591
vn 0.4415 -0.8886 -0.1245
vn 0.6319 -0.7542 -0.1782
vn 0.8193 -0.5301 0.2184
vn 0.4687 -0.8745 0.1250
vn 0.3258 -0.9410 -0.0919
vn 0.5825 -0.5365 0.6107
vn 0.6889 -0.0639 0.7221
vn 0.2669 -0.1017 0.9583
vn 0.2644 -0.1009 0.9591
vn -0.2266 -0.1049 0.9683
vn 0.2668 -0.0595 0.9619
vn -0.2420 -0.0689 0.9678
vn -0.6659 -0.1331 0.7340
vn -0.5503 -0.5733 0.6070
vn -0.2684 -0.0629 0.9612
vn -0.5492 -0.5755 0.6059
vn 0.0000 1.0000 0.0000
vn 0.0000 1.0000 0.0000
vn 0.0000 1.0000 0.0000
vn -0.0000 1.0000 0.0000
vn 0.9649 -0.0527 0.2573
vn 0.9637 -0.0318 0.2652
vn 0.6957 -0.0380 0.7174
vn 0.6929 -0.0635 0.7182
vn 0.7859 -0.5772 -0.2216
vn 0.9659 -0.0529 0.2533
vn 0.9533 -0.1361 -0.2697
vn 0.8521 -0.4649 -0.2403
vn 0.9723 -0.0982 -0.2123
vn 0.9475 -0.2294 -0.2226
vn 0.6849 0.0021 -0.7286
vn 0.6845 -0.7290 -0.0000
vn 0.9702 -0.0750 -0.2305
vn 0.9701 -0.0752 -0.2306
vn 0.9704 -0.0783 -0.2286
vn 0.9713 -0.0869 -0.2216
vn 0.0181 0.9995 -0.0247
vn -0.0237 0.9997 0.0110
vn -0.0181 0.9998 0.0018
vn 0.0280 0.9995 -0.0177
vn 0.9695 -0.0818 -0.2311
vn 0.9652 -0.0939 -0.2439
vn -0.0062 1.0000 0.0067
vn 0.9730 -0.1093 -0.2032
vn 0.9736 -0.1202 -0.1942
vn 0.9739 -0.1308 -0.1854
vn 0.9431 -0.2625 -0.2040
vn 0.9380 -0.2930 -0.1853
vn -0.5808 -0.5902 0.5606
vn -0.5088 -0.7047 0.4945
vn -0.6454 -0.4496 0.6175
vn -0.5782 -0.3220 0.7496
vn -0.4893 -0.1816 0.8530
vn -0.7113 -0.2815 0.6440
vn 0.8351 -0.0000 -0.5501
vn 0.4408 -0.8660 -0.2359
vn 0.7830 -0.5002 -0.3698
vn 0.4521 -0.8661 -0.2135
vn 0.9042 -0.0000 -0.4272
vn 0.9254 -0.0000 -0.3789
vn 0.8014 -0.5000 -0.3283
vn 0.4627 -0.8660 -0.1895
vn 0.8175 -0.5002 -0.2856
vn -0.7643 0.0002 0.6449
vn 0.6135 0.0001 0.7897
vn 0.9745 0.1282 -0.1844
vn 0.0001 -1.0000 0.0005
vn 0.0002 -1.0000 -0.0000
vn 0.9476 0.2292 -0.2223
vn 0.9741 0.1179 -0.1932
vn 0.9432 0.2625 -0.2035
vn 0.8057 0.5707 -0.1586
vn 0.8536 0.4641 -0.2366
vn 0.9534 0.1360 -0.2692
vn 0.9727 0.0963 -0.2112
vn 0.9735 0.1072 -0.2021
vn 0.9717 0.0852 -0.2205
vn 0.0002 -1.0000 -0.0000
vn 0.0002 -1.0000 -0.0000
vn 0.0000 -1.0000 -0.0001
vn 0.9707 0.0769 -0.2275
vn 0.0000 -1.0000 0.0001
vn 0.9704 0.0742 -0.2300
vn -0.0972 -0.9953 -0.0010
vn -0.0034 -1.0000 -0.0007
vn 0.9710 0.0633 -0.2305
vn 0.0000 -1.0000 -0.0000
vn 0.9636 0.0315 0.2655
vn 0.7259 -0.6878 0.0058
vn -0.0085 -0.9999 0.0082
vn -0.0055 -0.9999 0.0147
vn -0.0761 -0.9958 0.0503
vn 0.9701 0.0773 -0.2300
vn 0.9705 0.0733 -0.2295
vn 0.9754 0.0596 -0.2123
vn 0.9649 0.0528 0.2571
vn 0.6959 0.0375 0.7172
vn 0.6932 0.0635 0.7180
vn 0.6891 0.0639 0.7219
vn 0.2669 0.0585 0.9619
vn 0.2668 0.1009 0.9584
vn 0.5831 0.5359 0.6106
vn 0.8197 0.5295 0.2184
vn 0.4681 0.8748 0.1247
vn 0.7869 0.5771 -0.2182
vn 0.9660 0.0532 0.2532
vn 0.6338 0.7533 -0.1756
vn 0.2643 0.1008 0.9592
vn -0.2421 0.0676 0.9679
vn -0.6659 0.1340 0.7339
vn 0.9382 0.2927 -0.1849
vn 0.9249 0.3560 -0.1338
vn 0.7711 0.6319 -0.0788
vn 0.9176 0.3864 -0.0936
vn 0.9141 0.4010 -0.0609
vn 0.9120 0.4100 -0.0129
vn 0.0000 -1.0000 -0.0000
vn 0.0000 -1.0000 -0.0000
vn -0.1791 -0.0000 0.9838
vn -0.1791 -0.0000 0.9838
vn -0.1791 -0.0000 0.9838
vn 0.0000 -1.0000 -0.0000
vn -0.0000 -1.0000 -0.0000
vn 0.8039 -0.0000 0.5947
vn 0.8039 0.0001 0.5947
vn 0.9732 -0.0000 0.2300
vn -0.1791 -0.0000 0.9838
vn 0.9732 -0.0008 0.2300
vn 0.0039 -1.0000 0.0060
vn 0.0040 -1.0000 0.0064
vn 0.0040 -1.0000 0.0060
vn 0.6367 -0.0001 0.7711
vn 0.0039 -1.0000 0.0061
vn 0.0818 -0.9881 0.1304
vn 0.0817 -0.9881 0.1305
vn 0.0819 -0.9881 0.1305
vn 0.0039 -1.0000 0.0059
vn 0.0040 -1.0000 0.0064
vn 0.0040 -1.0000 0.0064
vn 0.0038 -1.0000 0.0060
vn 0.0040 -1.0000 0.0063
vn 0.0040 -1.0000 0.0063
vn 0.0818 -0.9881 0.1305
vn 0.3229 -0.7942 0.5148
vn 0.3229 -0.7941 0.5149
vn 0.4903 -0.3853 0.7817
vn 0.4903 -0.3853 0.7817
vn 0.3229 -0.7942 0.5148
vn 0.4903 -0.3853 0.7817
vn 0.5234 -0.1727 0.8344
vn 0.5234 -0.1727 0.8344
vn 0.5289 -0.0962 0.8432
vn 0.5289 -0.0962 0.8432
vn 0.5233 -0.1727 0.8344
vn 0.4903 -0.3853 0.7817
vn 0.5280 -0.1219 0.8405
vn 0.7989 0.0356 0.6004
vn 0.7754 0.1479 0.6139
vn 0.5177 -0.2147 0.8282
vn 0.3229 -0.7941 0.5149
vn 0.3228 -0.7942 0.5148
vn 0.8137 -0.1391 0.5644
vn 0.4779 -0.4383 0.7612
vn 0.2860 -0.8428 0.4560
vn 0.5316 -0.7203 0.4456
vn 0.7567 -0.5412 0.3668
vn 0.6407 -0.7677 -0.0161
vn 0.9144 -0.3140 0.2556
vn 0.8557 -0.5131 -0.0671
vn 0.9546 0.1853 0.2332
vn 0.9909 -0.0574 0.1215
vn 0.9735 -0.2001 -0.1107
vn 0.9805 0.1343 -0.1434
vn 0.9778 0.2082 -0.0246
vn 0.8848 0.4398 -0.1542
vn 0.8735 0.4640 -0.1476
vn 0.8541 0.5020 -0.1360
vn 0.7752 0.6240 -0.0981
vn 0.5900 0.8071 -0.0204
vn 0.8861 0.4366 -0.1553
vn 0.8924 0.4214 -0.1615
vn 0.5942 0.8037 -0.0295
vn 0.8889 0.4231 -0.1755
vn 0.8953 0.4135 -0.1656
vn 0.6892 0.7224 -0.0565
vn 0.6494 0.6556 0.3854
vn 0.5108 0.8597 0.0068
vn 0.5987 0.8006 -0.0234
vn 0.7131 0.6036 0.3567
vn 0.7782 0.5371 0.3254
vn 0.6887 0.2917 0.6637
vn 0.7224 0.2544 0.6430
vn 0.8407 0.4566 0.2912
vn 0.5297 -0.0803 0.8444
vn 0.5297 -0.0803 0.8444
vn 0.7463 0.2100 0.6317
vn 0.7482 0.2108 0.6291
vn 0.5296 -0.0803 0.8445
vn 0.8617 0.4231 0.2802
vn 0.7662 0.1833 0.6159
vn 0.8850 0.3789 0.2707
vn 0.8293 0.5450 -0.1236
vn 0.7985 0.5925 -0.1062
vn 0.9177 0.3002 0.2604
vn 0.5296 -0.0804 0.8444
vn 0.5318 -0.0869 0.8424
vn 0.5296 -0.0803 0.8444
vn 0.5296 -0.0804 0.8444
vn 0.5296 -0.0803 0.8444
vn 0.5297 -0.0803 0.8444
vn 0.5296 -0.0803 0.8444
vn 0.6252 0.3443 0.7004
vn 0.6558 0.3214 0.6831
vn 0.5900 0.6947 0.4114
vn 0.5972 0.3616 0.7160
vn 0.5361 0.7239 0.4342
vn 0.4307 0.9018 0.0337
vn 0.3587 0.9317 0.0567
vn 0.2807 0.9558 0.0870
vn 0.2416 0.9658 0.0945
vn 0.2853 0.9551 0.0798
vn 0.2951 0.9524 0.0766
vn 0.1131 0.9818 0.1527
vn 0.1203 0.9814 0.1499
vn 0.1969 0.9744 0.1087
vn 0.2699 0.9591 0.0853
vn 0.0613 0.9804 0.1873
vn 0.0713 0.9830 0.1694
vn 0.1200 0.9837 0.1339
vn 0.1706 0.9795 0.1068
vn 0.1419 0.9864 0.0834
vn 0.1235 0.9879 0.0941
vn 0.0722 0.9879 0.1369
vn 0.1103 0.9886 0.1028
vn -0.1614 0.9079 -0.3868
vn -0.1766 0.9093 -0.3769
vn -0.4117 0.5402 -0.7340
vn -0.4214 0.5409 -0.7279
vn -0.4301 0.5416 -0.7223
vn -0.1920 0.9102 -0.3671
vn 0.1048 0.9887 0.1068
vn -0.2052 0.9114 -0.3568
vn -0.4384 0.5425 -0.7166
vn -0.5313 0.0002 -0.8472
vn -0.5315 0.0001 -0.8471
vn -0.4497 0.5436 -0.7087
vn -0.5315 -0.0000 -0.8471
vn -0.4651 0.5445 -0.6980
vn -0.2231 0.9127 -0.3424
vn -0.5315 0.0001 -0.8471
vn -0.5314 0.0001 -0.8471
vn -0.4876 0.5445 -0.6825
vn -0.5315 0.0001 -0.8470
vn -0.5315 0.0001 -0.8471
vn -0.5315 0.0001 -0.8471
vn -0.5316 0.0000 -0.8470
vn -0.5191 0.5415 -0.6613
vn -0.2480 0.9134 -0.3227
vn -0.2849 0.9119 -0.2955
vn 0.0492 0.9864 0.1566
vn 0.0102 0.9824 0.1867
vn -0.0114 0.9791 0.2031
vn -0.0172 0.9718 0.2351
vn -0.0439 0.9726 0.2284
vn -0.1830 0.9193 0.3485
vn -0.0336 0.9675 0.2508
vn -0.4047 0.7813 0.4752
vn -0.3024 0.8589 0.4133
vn -0.4087 0.7778 0.4775
vn -0.4084 0.7720 0.4871
vn -0.1138 0.9525 0.2824
vn -0.2015 0.9162 0.3463
vn -0.1764 0.9279 0.3285
vn -0.1985 0.9140 0.3539
vn -0.4360 0.7793 0.4502
vn -0.4183 0.7732 0.4766
vn -0.0586 0.9658 0.2527
vn -0.2337 0.9207 0.3125
vn -0.1476 0.9516 0.2695
vn -0.0914 0.9661 0.2414
vn -0.0748 0.9696 0.2331
vn -0.0165 0.9790 0.2030
vn 0.0279 0.9835 0.1790
vn 0.2755 0.7868 0.5523
vn 0.0695 0.9852 0.1570
vn 0.2386 0.7840 0.5731
vn 0.4367 0.3999 0.8058
vn 0.4099 0.3959 0.8218
vn 0.1907 0.7770 0.5999
vn 0.3760 0.3882 0.8414
vn 0.1299 0.7635 0.6326
vn 0.5296 -0.0803 0.8444
vn 0.5297 -0.0803 0.8444
vn 0.3352 0.3752 0.8642
vn 0.5296 -0.0803 0.8444
vn 0.2880 0.3537 0.8899
vn 0.0575 0.7394 0.6708
vn -0.0264 0.7007 0.7130
vn -0.3332 0.8718 0.3590
vn -0.1184 0.6434 0.7564
vn 0.2364 0.3215 0.9169
vn 0.1888 0.2821 0.9406
vn -0.2032 0.5738 0.7934
vn -0.4580 0.7881 0.4113
vn -0.4416 0.8007 0.4048
vn 0.5296 -0.0803 0.8444
vn 0.5295 -0.0803 0.8445
vn 0.1409 0.2376 0.9611
vn 0.1385 0.2395 0.9610
vn 0.5296 -0.0805 0.8444
vn 0.5296 -0.0803 0.8444
vn 0.5296 -0.0803 0.8444
vn 0.5296 -0.0804 0.8444
vn 0.5288 -0.0963 0.8432
vn 0.5288 -0.0963 0.8433
vn 0.5288 -0.0962 0.8433
vn 0.5234 -0.1727 0.8344
vn 0.5234 -0.1727 0.8344
vn 0.5234 -0.1728 0.8344
vn 0.4904 -0.3854 0.7817
vn 0.5289 -0.0962 0.8432
vn 0.4904 -0.3853 0.7817
vn 0.5279 -0.1225 0.8404
vn 0.1149 0.1706 0.9786
vn 0.0843 0.0607 0.9946
vn 0.5189 -0.2158 0.8272
vn 0.3230 -0.7941 0.5149
vn 0.4765 -0.4423 0.7598
vn 0.2968 -0.3003 0.9065
vn 0.0531 -0.1401 0.9887
vn -0.1668 -0.5777 0.7990
vn 0.0779 -0.7463 0.6610
vn 0.2934 -0.8340 0.4672
vn -0.2011 -0.9457 0.2554
vn -0.4522 -0.7832 0.4268
vn -0.5501 -0.7900 0.2708
vn -0.6453 -0.5325 0.5477
vn -0.7266 -0.5436 0.4202
vn -0.6672 -0.5574 0.4941
vn -0.4961 -0.7931 0.3534
vn -0.6855 -0.5445 0.4833
vn -0.3751 -0.8827 0.2830
vn -0.3863 -0.8796 0.2776
vn -0.4435 -0.8757 0.1910
vn -0.8204 -0.2339 0.5218
vn -0.6499 -0.5691 0.5038
vn -0.8020 -0.1005 0.5887
vn -0.7870 -0.1224 0.6047
vn -0.7723 -0.1422 0.6191
vn -0.6338 -0.5794 0.5125
vn -0.3646 -0.8855 0.2879
vn 0.0040 -1.0000 0.0063
vn -0.3548 -0.8881 0.2923
vn 0.0040 -1.0000 0.0063
vn 0.0042 -1.0000 0.0060
vn 0.0040 -1.0000 0.0065
vn -0.2451 -0.9527 0.1798
vn 0.0716 -0.9907 0.1154
vn -0.3034 -0.9483 0.0934
vn -0.0486 -0.9964 -0.0689
vn 0.0040 -1.0000 0.0063
vn 0.0040 -1.0000 0.0064
vn 0.0040 -1.0000 0.0063
vn -0.8576 -0.0000 0.5143
vn -0.8738 -0.0000 0.4863
vn -0.8738 -0.0001 0.4863
vn -0.8521 0.0001 0.5234
vn -0.8577 0.0001 0.5142
vn -0.8490 0.0000 0.5285
vn 0.0407 -0.9971 0.0648
vn -0.8411 -0.0000 0.5408
vn -0.8417 0.0000 0.5400
vn -0.8458 -0.0000 0.5334
vn 0.0406 -0.9971 0.0648
vn 0.1659 -0.9501 0.2642
vn -0.2197 -0.9565 0.1919
vn -0.1733 -0.9509 0.2565
vn 0.0449 -0.9964 0.0716
vn 0.1658 -0.9500 0.2644
vn -0.0293 -0.8817 0.4710
vn 0.1783 -0.9420 0.2844
vn 0.3832 -0.6927 0.6110
vn 0.3834 -0.6926 0.6110
vn 0.5088 -0.2885 0.8111
vn -0.8432 -0.0000 0.5376
vn 0.5087 -0.2884 0.8112
vn 0.3894 -0.6808 0.6204
vn -0.0348 -0.4790 0.8771
vn 0.5088 -0.2960 0.8084
vn -0.2499 -0.7378 0.6271
vn -0.3979 -0.8060 0.4382
vn -0.5769 -0.5842 0.5708
vn -0.4413 -0.5310 0.7234
vn -0.4551 -0.1436 0.8788
vn -0.5938 -0.2763 0.7557
vn -0.6986 -0.3055 0.6470
vn -0.7691 0.0168 0.6389
vn -0.7516 0.0102 0.6595
vn -0.7586 -0.1597 0.6317
vn -0.7311 -0.3048 0.6104
vn -0.7330 0.3027 0.6091
vn -0.7327 0.2954 0.6131
vn -0.6961 0.0123 0.7178
vn -0.7327 0.2755 0.6222
vn -0.7058 0.3749 0.6011
vn -0.7428 0.2323 0.6279
vn -0.6923 0.3588 0.6261
vn -0.7074 0.3210 0.6297
vn -0.6980 0.3470 0.6263
vn -0.7446 0.1784 0.6433
vn -0.6756 0.4026 0.6176
vn -0.5988 0.5708 0.5618
vn -0.5900 0.5587 0.5829
vn -0.6329 0.4904 0.5991
vn -0.8853 0.4568 0.0867
vn -0.9216 0.3738 0.1042
vn -0.5982 0.5502 0.5827
vn -0.8361 0.5452 0.0606
vn -0.5768 0.5834 0.5718
vn -0.7685 0.6395 0.0216
vn -0.5019 0.6827 0.5310
vn -0.7793 0.3829 -0.4961
vn -0.6794 0.7331 -0.0310
vn -0.7268 0.4390 -0.5283
vn -0.5839 0.8069 -0.0893
vn -0.6698 0.4831 -0.5639
vn -0.4881 0.8594 -0.1522
vn -0.6119 0.5141 -0.6010
vn -0.4036 0.8905 -0.2099
vn -0.5605 0.5325 -0.6342
vn -0.3363 0.9057 -0.2581
vn -0.5314 0.0001 -0.8471
vn -0.5315 0.0001 -0.8470
vn -0.5314 0.0001 -0.8471
vn -0.5315 0.0001 -0.8471
vn -0.8190 0.3262 -0.4720
vn -0.8473 0.2731 -0.4555
vn -0.8678 0.2231 -0.4441
vn -0.5316 0.0001 -0.8470
vn -0.8821 0.1772 -0.4364
vn -0.9478 0.2971 0.1156
vn -0.7307 0.2440 0.6376
vn -0.9665 0.2253 0.1231
vn -0.8922 0.1342 -0.4313
vn -0.9794 0.1560 0.1279
vn -0.7470 0.1700 0.6427
vn -0.7575 0.0970 0.6456
vn -0.7514 0.1664 0.6385
vn -0.7624 0.0067 0.6471
vn -0.9874 0.0893 0.1306
vn -0.7627 0.0279 0.6462
vn -0.9909 0.0257 0.1318
vn -0.9049 -0.0220 -0.4251
vn -0.9906 -0.0370 0.1318
vn -0.9050 0.0153 -0.4251
vn -0.9032 0.0532 -0.4259
vn -0.8990 0.0928 -0.4280
vn -0.5318 0.0001 -0.8468
vn -0.5314 -0.0000 -0.8471
vn -0.5315 0.0001 -0.8471
vn -0.5320 0.0001 -0.8468
vn -0.9029 -0.0588 -0.4258
vn -0.5314 0.0000 -0.8471
vn -0.5315 0.0001 -0.8471
vn -0.5315 0.0001 -0.8471
vn -0.5315 0.0000 -0.8471
vn -0.5315 0.0000 -0.8471
vn -0.5315 0.0001 -0.8470
vn -0.5314 -0.0001 -0.8471
vn -0.4516 -0.5425 -0.7083
vn -0.5315 0.0000 -0.8471
vn -0.5315 -0.0000 -0.8471
vn -0.4421 -0.5418 -0.7149
vn -0.5315 0.0003 -0.8470
vn -0.5315 -0.0000 -0.8471
vn -0.4661 -0.5430 -0.6985
vn -0.2508 -0.9117 -0.3254
vn -0.4851 -0.5429 -0.6856
vn -0.2273 -0.9115 -0.3427
vn -0.5092 -0.5411 -0.6693
vn -0.2817 -0.9106 -0.3023
vn -0.3211 -0.9067 -0.2733
vn -0.5315 -0.0000 -0.8471
vn -0.5406 -0.5361 -0.6483
vn -0.5315 0.0001 -0.8471
vn -0.5315 0.0001 -0.8471
vn -0.5314 0.0001 -0.8471
vn -0.5797 -0.5257 -0.6226
vn -0.4362 -0.8792 -0.1917
vn -0.6270 -0.5068 -0.5917
vn -0.3723 -0.8975 -0.2364
vn -0.5141 -0.8465 -0.1385
vn -0.1721 -0.9324 0.3178
vn -0.0825 -0.9642 0.2519
vn -0.1493 -0.9417 0.3014
vn -0.0355 -0.9697 0.2417
vn -0.1779 -0.9231 0.3408
vn -0.0505 -0.9653 0.2562
vn 0.0436 -0.9798 0.1950
vn 0.0520 -0.9825 0.1786
vn -0.0303 -0.9768 0.2119
vn 0.0698 -0.9888 0.1320
vn 0.0516 -0.9878 0.1468
vn 0.0862 -0.9892 0.1187
vn 0.1056 -0.9842 0.1418
vn 0.1073 -0.9818 0.1565
vn 0.2817 -0.9554 0.0887
vn 0.1013 -0.9822 0.1581
vn 0.2713 -0.9586 0.0870
vn 0.1590 -0.9806 0.1145
vn 0.6141 -0.7881 -0.0412
vn 0.4433 -0.8959 0.0302
vn 0.1869 -0.9759 0.1125
vn 0.2878 -0.9543 0.0809
vn 0.2963 -0.9519 0.0783
vn 0.2376 -0.9666 0.0965
vn 0.3647 -0.9294 0.0565
vn 0.4436 -0.7607 0.4739
vn 0.4016 -0.7727 0.4916
vn 0.5262 -0.3917 0.7548
vn 0.5484 -0.3844 0.7426
vn 0.4903 -0.7442 0.4535
vn 0.5297 0.0803 0.8444
vn 0.5296 0.0803 0.8444
vn 0.5731 -0.3743 0.7290
vn 0.5297 0.0803 0.8444
vn 0.5999 -0.3606 0.7142
vn 0.5412 -0.7217 0.4315
vn 0.5979 -0.6903 0.4075
vn 0.5273 -0.8497 0.0002
vn 0.6606 -0.6475 0.3799
vn 0.6294 -0.3419 0.6978
vn 0.6619 -0.3173 0.6792
vn 0.5296 0.0803 0.8444
vn 0.5296 0.0803 0.8444
vn 0.5296 0.0804 0.8444
vn 0.5296 0.0803 0.8444
vn 0.5297 0.0803 0.8444
vn 0.5289 0.0963 0.8432
vn 0.5296 0.0803 0.8444
vn 0.5296 0.0805 0.8444
vn 0.5296 0.0803 0.8444
vn 0.5289 0.0963 0.8432
vn 0.5297 0.0803 0.8444
vn 0.5296 0.0803 0.8444
vn 0.5296 0.0804 0.8444
vn 0.5235 0.1727 0.8343
vn 0.5234 0.1727 0.8344
vn 0.5289 0.0962 0.8432
vn 0.5234 0.1727 0.8344
vn 0.4903 0.3854 0.7817
vn 0.4901 0.3854 0.7818
vn 0.3229 0.7942 0.5148
vn 0.3229 0.7942 0.5148
vn 0.4903 0.3854 0.7817
vn 0.3229 0.7942 0.5148
vn 0.4903 0.3854 0.7817
vn 0.5234 0.1727 0.8344
vn 0.5289 0.0962 0.8432
vn 0.5289 0.0963 0.8432
vn 0.5235 0.1727 0.8344
vn 0.5297 0.0803 0.8444
vn 0.5285 0.1215 0.8402
vn 0.5294 0.0875 0.8438
vn 0.1122 -0.1635 0.9801
vn 0.1309 -0.2138 0.9681
vn -0.3312 -0.4031 0.8531
vn -0.2999 -0.4573 0.8372
vn 0.1360 -0.2421 0.9607
vn 0.1348 -0.2434 0.9605
vn -0.2619 -0.5015 0.8246
vn 0.1978 -0.2896 0.9365
vn 0.5296 0.0803 0.8444
vn -0.0989 -0.6588 0.7458
vn 0.2476 -0.3302 0.9108
vn -0.1887 -0.5880 0.7865
vn 0.5296 0.0803 0.8444
vn 0.5296 0.0804 0.8444
vn 0.5296 0.0803 0.8444
vn 0.5297 0.0803 0.8444
vn 0.5297 0.0803 0.8444
vn 0.5296 0.0803 0.8444
vn 0.2936 -0.3587 0.8861
vn 0.3344 -0.3772 0.8636
vn 0.1197 -0.7626 0.6357
vn 0.3703 -0.3887 0.8437
vn 0.0565 -0.7410 0.6691
vn 0.4016 -0.3954 0.8260
vn -0.1050 -0.9640 0.2444
vn 0.1751 -0.7760 0.6059
vn -0.1566 -0.9498 0.2708
vn -0.0739 -0.9637 0.2567
vn -0.2340 -0.9217 0.3093
vn -0.4127 -0.7981 0.4389
vn -0.3226 -0.8789 0.3514
vn -0.0160 -0.7080 0.7060
vn -0.1942 -0.9174 0.3473
vn -0.6188 -0.6283 0.4715
vn -0.7323 -0.3824 0.5635
vn -0.5898 -0.5803 0.5616
vn -0.4377 -0.8041 0.4023
vn -0.4214 -0.8161 0.3954
vn -0.5238 -0.7311 0.4372
vn -0.3923 -0.7949 0.4628
vn -0.2647 -0.5028 0.8229
vn -0.6548 -0.5812 0.4832
vn -0.7143 -0.4889 0.5008
vn -0.6868 -0.5343 0.4928
vn -0.7532 -0.4073 0.5165
vn -0.7362 -0.4477 0.5075
vn -0.6075 -0.3330 0.7211
vn -0.3647 -0.3224 0.8735
vn -0.7527 -0.3619 0.5499
vn -0.7551 -0.3924 0.5252
vn -0.7545 -0.4020 0.5187
vn -0.7492 -0.4187 0.5132
vn -0.7032 -0.1800 0.6878
vn -0.7955 -0.1110 0.5957
vn -0.5796 0.1024 0.8084
vn -0.4138 -0.1815 0.8921
vn -0.1904 -0.0198 0.9815
vn 0.0890 -0.0624 0.9941
vn 0.0493 0.1438 0.9884
vn -0.3988 0.3661 0.8408
vn 0.4903 0.3854 0.7817
vn 0.2924 0.3006 0.9078
vn -0.1783 0.5908 0.7869
vn 0.0652 0.7577 0.6494
vn -0.4345 0.7835 0.4441
vn -0.6314 0.5353 0.5611
vn 0.0818 0.9881 0.1305
vn 0.2943 0.8330 0.4685
vn -0.1820 0.9444 0.2737
vn 0.3229 0.7942 0.5148
vn -0.2433 0.9533 0.1788
vn 0.0723 0.9907 0.1151
vn -0.3831 0.8816 0.2759
vn -0.4924 0.7962 0.3517
vn -0.3716 0.8848 0.2811
vn 0.0048 1.0000 0.0075
vn -0.3609 0.8878 0.2855
vn -0.6449 0.5770 0.5011
vn -0.6625 0.5646 0.4922
vn 0.0038 1.0000 0.0060
vn 0.0040 1.0000 0.0062
vn 0.0038 1.0000 0.0064
vn 0.0039 1.0000 0.0062
vn 0.0039 1.0000 0.0062
vn -0.8738 -0.0000 0.4863
vn -0.8576 -0.0000 0.5143
vn -0.8738 0.0001 0.4863
vn -0.8576 -0.0000 0.5143
vn -0.8521 -0.0001 0.5234
vn 0.0039 1.0000 0.0062
vn 0.0039 1.0000 0.0062
vn 0.0039 1.0000 0.0062
vn 0.0408 0.9971 0.0648
vn 0.0407 0.9971 0.0649
vn -0.2187 0.9575 0.1883
vn -0.1715 0.9514 0.2557
vn -0.3434 0.8928 0.2915
vn -0.3511 0.8904 0.2896
vn -0.4410 0.8167 0.3722
vn -0.6286 0.5878 0.5093
vn -0.3922 0.8107 0.4348
vn -0.6145 0.5976 0.5151
vn -0.5697 0.5946 0.5673
vn -0.7277 0.3195 0.6070
vn -0.2484 0.7453 0.6187
vn -0.4411 0.5429 0.7147
vn -0.6927 0.3217 0.6455
vn -0.4561 0.1639 0.8747
vn -0.5951 0.2927 0.7485
vn -0.7446 -0.2124 0.6328
vn -0.7378 -0.2531 0.6258
vn -0.6961 -0.3403 0.6322
vn -0.7498 0.0102 0.6616
vn -0.7364 -0.2742 0.6184
vn -0.7095 -0.3584 0.6067
vn -0.5801 -0.5695 0.5823
vn -0.7023 -0.3256 0.6331
vn -0.7254 -0.2524 0.6404
vn -0.7467 -0.1584 0.6460
vn -0.7439 -0.1767 0.6445
vn -0.9642 -0.2335 0.1256
vn -0.8918 -0.1391 -0.4305
vn -0.9781 -0.1629 0.1294
vn -0.8802 -0.1864 -0.4364
vn -0.9427 -0.3124 0.1171
vn -0.5316 0.0001 -0.8470
vn -0.8989 -0.0969 -0.4274
vn -0.9864 -0.0989 0.1311
vn -0.7614 -0.0403 0.6470
vn -0.7555 -0.1075 0.6463
vn -0.7494 -0.1478 0.6455
vn -0.7620 0.0054 0.6476
vn -0.7630 0.0049 0.6464
vn -0.7597 0.1180 0.6395
vn -0.7504 0.1853 0.6344
vn -0.7511 0.1804 0.6351
vn -0.3888 0.0043 0.9213
vn 0.0645 -0.1698 0.9834
vn -0.3798 0.0683 0.9225
vn 0.0773 0.0024 0.9970
vn -0.3872 0.0522 0.9205
vn 0.0835 0.0273 0.9961
vn 0.0508 -0.0245 0.9984
vn -0.3883 0.0525 0.9200
vn -0.3664 -0.0445 0.9294
vn -0.3634 -0.0443 0.9306
vn 0.0805 0.0076 0.9967
vn -0.3797 -0.0538 0.9235
vn -0.7615 -0.1047 0.6397
vn -0.7662 -0.0532 0.6404
vn -0.3895 0.0088 0.9210
vn -0.7540 -0.1586 0.6375
vn -0.7679 0.0057 0.6405
vn -0.7656 0.0692 0.6396
vn 0.0647 0.1727 0.9828
vn -0.7532 -0.1637 0.6371
vn -0.0390 0.4945 0.8683
vn 0.5079 0.2970 0.8086
vn 0.5090 0.2882 0.8111
vn 0.5303 0.0652 0.8453
vn 0.5089 0.2882 0.8111
vn 0.3831 0.6926 0.6112
vn 0.5302 0.0697 0.8450
vn 0.5325 0.0651 0.8439
vn 0.5314 0.0016 0.8471
vn 0.5313 0.0014 0.8472
vn 0.0494 -0.0251 0.9985
vn 0.5314 -0.0001 0.8471
vn 0.0858 0.0271 0.9959
vn 0.5317 -0.0653 0.8444
vn 0.5314 -0.0018 0.8471
vn 0.5304 -0.0655 0.8452
vn 0.5301 -0.0696 0.8451
vn 0.5313 -0.0002 0.8472
vn 0.5313 -0.0021 0.8472
vn 0.0000 -1.0000 -0.0000
vn 0.0000 -1.0000 -0.0000
vn -0.8411 0.0000 0.5409
vn 0.5313 -0.0003 0.8472
vn 0.5313 -0.0017 0.8472
vn 0.0000 -1.0000 -0.0000
vn 0.5313 0.0001 0.8472
vn 0.5314 -0.0002 0.8471
vn 0.5308 -0.0015 0.8475
vn 0.5314 -0.0016 0.8471
vn 0.5269 -0.0104 0.8498
vn 0.5313 -0.0000 0.8472
vn 0.5314 -0.0000 0.8471
vn 0.5314 -0.0005 0.8471
vn 0.5313 -0.0000 0.8472
vn 0.5314 0.0017 0.8471
vn 0.5314 -0.0001 0.8471
vn 0.5314 -0.0018 0.8471
vn 0.5313 -0.0019 0.8472
vn 0.5313 -0.0001 0.8472
vn 0.5313 -0.0001 0.8472
vn 0.5313 -0.0018 0.8472
vn 0.5303 -0.0655 0.8453
vn 0.8396 0.0280 0.5425
vn 0.8477 0.0001 0.5305
vn 0.8512 -0.0199 0.5244
vn 0.8417 0.0281 0.5393
vn 0.9922 0.0518 0.1133
vn 0.9912 0.0645 0.1154
vn 0.9925 0.0519 0.1103
vn 0.9942 0.0003 0.1073
vn 0.9921 -0.0559 0.1124
vn 0.9925 -0.0561 0.1088
vn 0.9397 -0.0694 -0.3350
vn 0.9397 0.0690 -0.3350
vn 0.9415 0.0005 -0.3371
vn 0.9328 0.0013 -0.3603
vn 0.8662 -0.1561 -0.4747
vn 0.9330 0.0042 -0.3600
vn 0.8646 -0.1757 -0.4707
vn 0.9182 -0.1998 -0.3420
vn 0.9333 -0.1487 -0.3268
vn 0.9213 0.1825 -0.3434
vn 0.8682 0.1373 -0.4769
vn 0.8708 0.0698 -0.4866
vn 0.8717 0.0013 -0.4901
vn 0.8707 -0.0751 -0.4861
vn 0.4941 -0.0663 -0.8669
vn 0.4945 0.0012 -0.8692
vn 0.4943 0.0617 -0.8671
vn -0.0193 -0.0388 -0.9991
vn -0.0212 -0.0810 -0.9965
vn 0.4912 -0.1381 -0.8600
vn -0.0253 -0.1263 -0.9917
vn 0.4846 -0.2151 -0.8479
vn -0.0330 -0.1743 -0.9841
vn 0.4719 -0.2961 -0.8304
vn 0.8567 -0.2417 -0.4556
vn 0.8400 -0.3310 -0.4299
vn 0.8297 -0.3731 -0.4151
vn 0.8676 -0.4029 -0.2914
vn 0.4525 -0.3803 -0.8066
vn 0.8156 -0.4222 -0.3957
vn -0.0451 -0.2245 -0.9734
vn -0.0631 -0.2766 -0.9589
vn 0.4234 -0.4676 -0.7760
vn -0.5317 0.0000 -0.8469
vn -0.5315 0.0001 -0.8471
vn -0.5315 0.0001 -0.8471
vn -0.5314 0.0001 -0.8471
vn -0.5315 0.0001 -0.8470
vn -0.5315 -0.0000 -0.8471
vn -0.5313 0.0001 -0.8472
vn -0.5315 0.0001 -0.8471
vn -0.5314 0.0000 -0.8471
vn -0.3615 -0.5356 -0.7632
vn -0.5314 -0.0000 -0.8471
vn -0.5315 0.0000 -0.8471
vn -0.3230 -0.5260 -0.7868
vn -0.2737 -0.5075 -0.8170
vn -0.0746 -0.8986 -0.4323
vn -0.0093 -0.8821 -0.4710
vn -0.2213 -0.4782 -0.8499
vn 0.1618 -0.8015 -0.5757
vn 0.0736 -0.8504 -0.5210
vn 0.3071 -0.9517 -0.0025
vn 0.3974 -0.9159 -0.0566
vn 0.3967 -0.9162 -0.0562
vn 0.4162 -0.9093 -0.0045
vn 0.4914 -0.8633 -0.1150
vn 0.5807 -0.7943 -0.1784
vn 0.6136 -0.7817 -0.1113
vn 0.5942 -0.7818 -0.1889
vn 0.2445 -0.7351 -0.6323
vn -0.1715 -0.4380 -0.8824
vn -0.1253 -0.3865 -0.9137
vn 0.3205 -0.6498 -0.6892
vn 0.3806 -0.5580 -0.7374
vn -0.0891 -0.3310 -0.9394
vn -0.5316 0.0001 -0.8470
vn 0.7317 -0.6102 -0.3037
vn 0.7506 -0.5772 -0.3216
vn 0.7722 -0.5982 -0.2143
vn 0.7809 -0.5151 -0.3533
vn 0.8782 -0.4264 -0.2169
vn 0.6173 -0.7840 -0.0652
vn 0.8767 -0.4487 -0.1735
vn 0.8983 -0.3921 -0.1984
vn 0.8733 -0.4625 -0.1532
vn 0.8916 -0.4156 -0.1798
vn 0.8930 -0.4112 -0.1831
vn 0.8831 -0.4399 -0.1631
vn 0.8800 -0.4476 -0.1589
vn 0.9733 -0.1451 -0.1781
vn 0.9786 0.0696 -0.1935
vn 0.9827 0.0485 -0.1785
vn 0.9774 -0.1603 -0.1378
vn 0.9790 0.1781 -0.0989
vn 0.9638 0.2021 -0.1740
vn 0.8267 0.5394 -0.1603
vn 0.8659 0.4979 -0.0484
vn 0.8361 0.5281 -0.1485
vn 0.4723 0.8771 -0.0875
vn 0.8168 0.5501 -0.1740
vn 0.6060 0.7885 -0.1048
vn 0.9733 0.0898 -0.2114
vn 0.9668 0.1091 -0.2312
vn 0.8061 0.5606 -0.1895
vn 0.4657 0.8798 -0.0951
vn 0.0039 1.0000 0.0062
vn 0.0039 1.0000 0.0061
vn 0.4589 0.8824 -0.1038
vn 0.0040 1.0000 0.0062
vn 0.0039 1.0000 0.0062
vn 0.9388 0.0001 -0.3443
vn 0.9389 0.0000 -0.3443
vn 0.9671 -0.0000 -0.2542
vn 0.9247 0.0000 -0.3806
vn 0.9671 0.0000 -0.2542
vn 0.0039 1.0000 0.0064
vn 0.0039 1.0000 0.0062
vn 0.0039 1.0000 0.0062
vn 0.0407 0.9971 0.0649
vn 0.9152 0.0000 -0.4031
vn 0.8861 0.0000 -0.4634
vn 0.9046 -0.0000 -0.4263
vn 0.0407 0.9971 0.0649
vn 0.1659 0.9500 0.2646
vn 0.2884 0.9548 -0.0715
vn 0.0616 0.9933 0.0982
vn 0.3378 0.9409 0.0253
vn 0.4512 0.8849 -0.1159
vn 0.6116 0.7890 -0.0594
vn 0.5742 0.8050 -0.1494
vn 0.5009 0.8012 0.3273
vn 0.7298 0.6479 0.2180
vn 0.8178 0.5591 -0.1363
vn 0.7938 0.5709 -0.2096
vn 0.9412 0.2727 -0.1994
vn 0.8909 0.4446 0.0932
vn 0.9289 0.2758 -0.2470
vn 0.9584 0.1271 -0.2555
vn 0.9646 -0.0548 -0.2579
vn 0.9051 -0.3536 -0.2362
vn 0.9032 -0.3693 -0.2188
vn 0.9054 -0.3476 -0.2440
vn 0.9062 -0.3333 -0.2603
vn 0.9689 -0.0477 -0.2429
vn 0.9112 -0.2992 -0.2830
vn 0.9830 -0.0604 -0.1736
vn 0.9781 0.2045 -0.0398
vn 0.9946 0.0253 0.1003
vn 0.9904 -0.0717 0.1179
vn 0.8320 0.2738 0.4824
vn 0.9225 -0.2312 -0.3091
vn 0.5088 0.2882 0.8112
vn 0.4718 0.4604 0.7519
vn 0.8477 0.0180 0.5301
vn 0.3833 0.6925 0.6112
vn 0.8492 -0.0314 0.5272
vn 0.5302 0.0652 0.8454
vn 0.8505 -0.0315 0.5250
vn 0.5282 0.1066 0.8424
vn 0.5313 -0.0001 0.8472
vn 0.5313 0.0016 0.8472
vn 0.5300 0.0652 0.8455
vn 0.5313 0.0015 0.8472
vn 0.0000 1.0000 0.0000
vn 0.8859 -0.0000 -0.4639
vn 0.0000 1.0000 0.0000
vn 0.5088 0.2883 0.8112
vn 0.3833 0.6925 0.6111
vn 0.2531 0.8792 0.4036
vn 0.8883 -0.0000 -0.4592
vn 0.8945 -0.0000 -0.4471
vn 0.1659 0.9500 0.2646
vn 0.0038 1.0000 0.0061
vn 0.9012 -0.0000 0.4335
vn 0.9013 -0.0000 0.4333
vn 0.9013 -0.0000 0.4333
vn 0.9012 -0.0000 0.4333
vn 0.0000 1.0000 0.0000
vn 0.0000 1.0000 0.0000
vn 0.0000 1.0000 0.0000
vn 0.2114 0.0000 0.9774
vn 0.2114 -0.0001 0.9774
vn -0.2672 -0.0000 0.9636
vn -0.2671 0.0010 0.9637
vn 0.0038 1.0000 0.0060
vn 0.0039 1.0000 0.0062
vn 0.4469 -0.0000 0.8946
vn 0.0039 1.0000 0.0062
vn 0.0040 1.0000 0.0063
vn 0.4470 -0.0000 0.8945
vn 0.5314 -0.0000 0.8471
vn 0.0000 1.0000 0.0000
vn 0.0000 1.0000 0.0000
vn 0.5314 -0.0000 0.8471
vn 0.0000 1.0000 0.0000
vn 0.5315 0.0018 0.8471
vn 0.5314 0.0016 0.8471
vn 0.0000 1.0000 0.0000
vn -0.0000 1.0000 0.0000
vn -0.0000 1.0000 0.0000
vn 0.0000 1.0000 0.0000
vn 0.0000 1.0000 0.0000
vn 0.0000 1.0000 0.0000
vn 0.0000 1.0000 0.0000
vn 0.0000 1.0000 0.0000
vn 0.0000 1.0000 0.0000
vn 0.5313 0.0017 0.8472
vn 0.5314 -0.0000 0.8471
vn 0.0000 1.0000 0.0000
vn 0.8039 -0.0001 0.5947
vn 0.8039 -0.0000 0.5947
vn 0.9732 -0.0000 0.2300
vn 0.0000 1.0000 0.0000
vn 0.0000 1.0000 0.0000
vn 0.6367 0.0000 0.7711
vn 0.6366 -0.0000 0.7712
vn 0.0039 1.0000 0.0062
vn 0.0039 1.0000 0.0062
vn 0.0039 1.0000 0.0062
vn 0.5316 0.0001 0.8470
vn 0.5316 0.0000 0.8470
vn 0.0039 1.0000 0.0061
vn 0.0038 1.0000 0.0060
vn 0.0038 1.0000 0.0060
vn 0.0818 0.9881 0.1304
vn 0.0039 1.0000 0.0062
vn 0.0038 1.0000 0.0060
vn 0.0818 0.9881 0.1304
vn 0.0818 0.9881 0.1304
vn 0.3229 0.7942 0.5147
vn 0.0039 1.0000 0.0062
vn 0.0818 0.9881 0.1304
vn 0.0039 1.0000 0.0063
vn 0.0039 1.0000 0.0063
vn 0.0038 1.0000 0.0060
vn 0.0039 1.0000 0.0063
vn 0.5314 -0.0000 0.8471
vn 0.5314 -0.0000 0.8471
vn 0.5314 -0.0000 0.8471
vn 0.5314 -0.0000 0.8471
vn 0.5314 -0.0000 0.8471
vn 0.0295 0.7078 0.7058
vn 0.5314 -0.0000 0.8471
vn 0.0339 0.8910 0.4527
vn 0.5313 -0.0000 0.8472
vn 0.5313 -0.0000 0.8472
vn 0.2074 0.8756 0.4362
vn -0.0830 0.9398 -0.3315
vn 0.0038 1.0000 0.0060
vn 0.0038 1.0000 0.0060
vn 0.5314 -0.0000 0.8471
vn 0.5314 -0.0000 0.8471
vn 0.5315 -0.0000 0.8470
vn 0.0038 1.0000 0.0060
vn 0.5312 -0.0000 0.8472
vn 0.5313 -0.0000 0.8472
vn -0.0384 0.8695 -0.4925
vn 0.5315 -0.0000 0.8471
vn -0.2903 0.5793 0.7617
vn 0.5316 -0.0000 0.8470
vn 0.5316 -0.0000 0.8470
vn 0.5317 -0.0000 0.8469
vn 0.5314 0.0001 0.8471
vn 0.5312 0.0000 0.8473
vn 0.5314 -0.0000 0.8471
vn 0.5314 -0.0000 0.8471
vn 0.3228 0.7943 0.5147
vn 0.0697 0.9914 0.1110
vn 0.0818 0.9881 0.1303
vn 0.0039 1.0000 0.0062
vn 0.3040 0.9514 -0.0487
vn 0.3605 0.9306 0.0635
vn 0.4786 0.8743 -0.0811
vn 0.5390 0.7097 0.4536
vn 0.6507 0.7593 0.0080
vn 0.7654 0.5226 0.3755
vn 0.9204 0.2887 0.2636
vn 0.8213 0.1438 0.5521
vn 0.4903 0.3854 0.7817
vn 0.4789 0.4328 0.7638
vn 0.7872 -0.0666 0.6131
vn 0.9523 -0.2005 0.2300
vn 0.9711 -0.2378 -0.0204
vn 0.9914 0.0280 0.1276
vn 0.9061 -0.3287 0.2664
vn 0.8599 -0.4893 -0.1454
vn 0.7766 -0.1507 0.6117
vn 0.8781 -0.3945 0.2709
vn 0.8395 -0.5265 -0.1345
vn 0.8149 -0.5665 -0.1224
vn 0.8535 -0.4387 0.2812
vn 0.7616 -0.1943 0.6182
vn 0.7876 -0.6067 -0.1073
vn 0.8317 -0.4721 0.2924
vn 0.7607 -0.6420 -0.0958
vn 0.7818 -0.5354 0.3197
vn 0.7780 -0.2170 0.5896
vn 0.7247 -0.2532 0.6409
vn 0.6954 -0.2867 0.6590
vn 0.6915 -0.7195 -0.0649
vn 0.7251 -0.5938 0.3487
vn 0.6091 -0.7925 -0.0310
vn 0.6141 -0.7885 -0.0332
vn 0.7753 -0.2150 0.5938
vn 0.5301 0.0881 0.8434
vn 0.5289 0.0963 0.8432
vn 0.5234 0.1727 0.8344
vn 0.5279 0.1218 0.8405
vn 0.5188 0.2136 0.8278
vn 0.8738 -0.4616 -0.1530
vn 0.2906 0.8373 0.4632
vn 0.9732 0.0011 0.2300
vn -0.1791 -0.0000 0.9838
vn -0.1791 -0.0000 0.9838
vn 0.6643 -0.7062 -0.2451
vn -0.5316 0.0000 -0.8470
vn 0.2272 -0.9729 0.0426
vn 0.2548 -0.9643 0.0721
vn 0.1483 -0.9855 0.0824
vn 0.1859 -0.9805 0.0636
vn -0.1203 -0.9056 -0.4068
vn -0.3884 -0.5394 -0.7471
vn -0.1547 -0.9083 -0.3886
vn -0.4085 -0.5407 -0.7354
vn -0.1784 -0.9095 -0.3754
vn 0.1382 -0.9865 0.0875
vn 0.1220 -0.9879 0.0961
vn 0.1033 -0.9889 0.1069
vn -0.1957 -0.9100 -0.3655
vn 0.0943 -0.9891 0.1129
vn -0.4225 -0.5409 -0.7273
vn -0.4326 -0.5412 -0.7211
vn -0.2120 -0.9107 -0.3544
vn -0.5314 -0.0000 -0.8471
vn 0.2362 -0.9710 0.0380
vn -0.5315 0.0001 -0.8470
vn -0.5314 0.0001 -0.8471
vn -0.5315 0.0001 -0.8470
vn -0.5315 0.0001 -0.8471
vn -0.0188 0.0007 -0.9998
vn -0.0189 0.0362 -0.9992
vn -0.5312 0.0001 -0.8473
vn -0.0201 0.0713 -0.9973
vn -0.5315 0.0001 -0.8471
vn -0.0218 0.1085 -0.9939
vn 0.4928 0.1216 -0.8616
vn 0.4902 0.1848 -0.8518
vn 0.8671 0.1560 -0.4730
vn 0.8631 0.2077 -0.4604
vn 0.4839 0.2556 -0.8370
vn 0.8531 0.2855 -0.4366
vn 0.8444 0.3320 -0.4205
vn 0.8815 0.3682 -0.2957
vn 0.7801 0.5888 -0.2117
vn 0.8914 0.3963 -0.2198
vn 0.8342 0.3736 -0.4055
vn 0.9161 0.3015 -0.2642
vn 0.9192 0.2709 -0.2858
vn 0.9154 0.3157 -0.2497
vn 0.9691 0.0194 -0.2460
vn 0.9139 0.3177 -0.2527
vn 0.9665 0.0262 -0.2554
vn 0.9159 0.3225 -0.2392
vn 0.9536 -0.1525 -0.2595
vn 0.9498 -0.1600 -0.2689
vn 0.9524 -0.1567 -0.2614
vn 0.7939 -0.5680 -0.2172
vn 0.9243 -0.2968 -0.2401
vn 0.7971 -0.5738 -0.1879
vn 0.9639 -0.1334 -0.2305
vn 0.8081 -0.5632 -0.1723
vn 0.9708 -0.1136 -0.2112
vn 0.9142 0.3389 -0.2224
vn 0.4657 -0.8807 -0.0862
vn 0.8185 -0.5522 -0.1585
vn 0.4593 -0.8833 -0.0940
vn 0.0040 -1.0000 0.0063
vn 0.0039 -1.0000 0.0063
vn 0.4523 -0.8860 -0.1025
vn 0.0034 -1.0000 0.0064
vn 0.0040 -1.0000 0.0063
vn 0.0016 -1.0000 0.0027
vn 0.4467 -0.8880 -0.1094
vn 0.0040 -1.0000 0.0063
vn 0.0406 -0.9971 0.0648
vn 0.0420 -0.9991 0.0043
vn 0.2839 -0.9564 -0.0686
vn 0.4507 -0.8862 -0.1077
vn 0.0407 -0.9971 0.0648
vn 0.3333 -0.9425 0.0246
vn 0.6040 -0.7947 -0.0604
vn 0.5673 -0.8110 -0.1431
vn 0.4490 -0.8881 -0.0983
vn 0.7944 -0.5687 -0.2133
vn 0.8090 -0.5715 -0.1379
vn 0.5043 -0.8037 0.3159
vn 0.7251 -0.6569 0.2066
vn 0.8830 -0.4618 0.0839
vn 0.9346 -0.2931 -0.2016
vn 0.8254 -0.2872 0.4860
vn 0.9723 -0.2291 -0.0460
vn 0.9268 0.2100 -0.3112
vn 0.9942 -0.0433 0.0980
vn 0.9292 0.1905 -0.3166
vn 0.9353 0.1376 -0.3261
vn 0.5086 -0.2885 0.8112
vn 0.4717 -0.4603 0.7521
vn 0.3832 -0.6927 0.6110
vn 0.5088 -0.2885 0.8111
vn 0.5302 -0.0655 0.8453
vn 0.5283 -0.1064 0.8424
vn 0.9389 -0.0000 -0.3443
vn 0.8861 -0.0000 -0.4634
vn 0.9152 -0.0000 -0.4031
vn 0.9046 0.0000 -0.4263
vn 0.8883 -0.0000 -0.4592
vn 0.8859 -0.0000 -0.4639
vn 0.9389 -0.0001 -0.3443
vn 0.9671 0.0000 -0.2542
vn 0.0000 -1.0000 -0.0000
vn 0.0000 -1.0000 -0.0000
vn -0.0000 -1.0000 -0.0000
vn 0.0000 -1.0000 -0.0000
vn 0.0000 -1.0000 -0.0000
vn 0.9247 -0.0000 -0.3806
vn 0.2114 0.0001 0.9774
vn 0.2114 -0.0000 0.9774
vn -0.2672 -0.0000 0.9636
vn 0.4469 -0.0000 0.8946
vn 0.4470 -0.0000 0.8945
vn -0.0000 -1.0000 -0.0000
vn 0.0000 -1.0000 -0.0000
vn -0.2672 -0.0010 0.9636
vn 0.0037 -1.0000 0.0061
vn 0.0038 -1.0000 0.0060
vn 0.0039 -1.0000 0.0062
vn 0.9013 -0.0000 0.4332
vn 0.9012 0.0000 0.4334
vn 0.9012 -0.0000 0.4334
vn 0.0040 -1.0000 0.0063
vn 0.0035 -1.0000 0.0063
vn 0.0040 -1.0000 0.0063
vn 0.0688 -0.9916 0.1097
vn 0.0036 -1.0000 0.0060
vn 0.0038 -1.0000 0.0060
vn 0.0040 -1.0000 0.0064
vn 0.0818 -0.9881 0.1305
vn 0.5314 -0.0000 0.8471
vn 0.5313 -0.0000 0.8472
vn 0.5314 -0.0000 0.8471
vn 0.5314 -0.0000 0.8471
vn 0.0000 -1.0000 -0.0000
vn 0.0000 -1.0000 -0.0000
vn 0.5314 -0.0000 0.8471
vn 0.0000 -1.0000 -0.0000
vn 0.0038 -1.0000 0.0060
vn 0.0038 -1.0000 0.0060
vn 0.0040 -1.0000 0.0062
vn 0.5314 -0.0000 0.8471
vn 0.0038 -1.0000 0.0060
vn 0.5317 -0.0000 0.8469
vn 0.0000 -1.0000 -0.0000
vn -0.0094 -0.9835 -0.1806
vn 0.1349 -0.8278 -0.5445
vn 0.0377 -0.9991 -0.0170
vn -0.0177 -0.9994 -0.0282
vn 0.5316 -0.0000 0.8470
vn 0.5314 -0.0000 0.8471
vn -0.0896 -0.7768 -0.6233
vn 0.5312 0.0157 0.8471
vn -0.1486 -0.9092 -0.3890
vn 0.5311 -0.0000 0.8473
vn 0.0040 -1.0000 0.0062
vn 0.0038 -1.0000 0.0060
vn 0.5311 0.0000 0.8473
vn 0.5316 -0.0000 0.8470
vn 0.5316 -0.0000 0.8470
vn 0.5313 -0.0000 0.8472
vn 0.5317 -0.0000 0.8469
vn 0.5316 -0.0000 0.8470
vn 0.5314 -0.0001 0.8471
vn 0.5316 -0.0001 0.8470
vn 0.5316 -0.0000 0.8470
vn 0.0000 -1.0000 -0.0000
vn 0.6366 -0.0000 0.7712
vn -0.0000 -1.0000 -0.0000
vn 0.0818 -0.9881 0.1304
vn 0.3554 -0.9340 0.0367
vn 0.5932 -0.7952 -0.1259
vn 0.2951 -0.9527 -0.0728
vn 0.4677 -0.8777 -0.1040
vn 0.8219 -0.5451 -0.1653
vn 0.8228 -0.5437 -0.1654
vn 0.9574 -0.2239 -0.1824
vn 0.9803 -0.0704 -0.1844
vn 0.9768 -0.0925 -0.1933
vn 0.9762 0.1188 -0.1816
vn 0.9050 0.3828 -0.1856
vn 0.9036 0.3876 -0.1822
vn 0.9100 0.3627 -0.2011
vn 0.9013 -0.0000 0.4333
vn 0.9671 -0.0000 -0.2542
vn 0.1658 -0.9501 0.2644
vn 0.0617 -0.9932 0.0984
vn 0.1658 -0.9501 0.2644
vn 0.3832 -0.6928 0.6109
vn 0.8945 -0.0000 -0.4470
vn 0.2511 -0.8814 0.4002
vn 0.4406 0.4356 -0.7849
vn 0.7994 0.4793 -0.3622
vn 0.4693 0.3370 -0.8162
vn 0.7578 0.5693 -0.3188
vn 0.7444 0.5935 -0.3060
vn 0.3931 0.5440 -0.7413
vn -0.1241 0.3876 -0.9134
vn -0.0819 0.3231 -0.9428
vn 0.3232 0.6508 -0.6870
vn -0.1783 0.4451 -0.8776
vn 0.2332 0.7464 -0.6233
vn 0.6667 0.7054 -0.2407
vn 0.5692 0.8054 -0.1654
vn 0.5686 0.8057 -0.1659
vn 0.1434 0.8131 -0.5642
vn 0.4717 0.8758 -0.1025
vn 0.5881 0.8034 -0.0935
vn 0.3816 0.9231 -0.0472
vn 0.0599 0.8565 -0.5127
vn 0.3656 0.9300 -0.0376
vn 0.3901 0.9207 0.0078
vn -0.2817 0.5111 -0.8120
vn -0.0094 0.8820 -0.4711
vn -0.2321 0.4853 -0.8430
vn -0.5315 0.0001 -0.8471
vn -0.5316 0.0001 -0.8470
vn -0.5315 0.0000 -0.8471
vn -0.3231 0.5260 -0.7867
vn -0.5315 0.0001 -0.8470
vn -0.3552 0.5339 -0.7673
vn -0.0643 0.8957 -0.4400
vn -0.3799 0.5378 -0.7526
vn -0.1066 0.9027 -0.4168
vn 0.2272 0.9731 0.0393
vn 0.2471 0.9686 0.0288
vn 0.1972 0.9788 0.0549
vn 0.2530 0.9649 0.0704
vn 0.1700 0.9831 0.0682
vn 0.1504 0.9855 0.0788
vn -0.1375 0.9062 -0.3998
vn -0.3981 0.5394 -0.7420
vn -0.5315 0.0001 -0.8471
vn -0.5315 -0.0001 -0.8471
vn -0.5314 0.0000 -0.8471
vn 0.3064 0.9519 -0.0033
vn -0.5314 0.0001 -0.8471
vn -0.5315 0.0001 -0.8471
vn -0.5315 0.0001 -0.8471
vn -0.5315 0.0001 -0.8470
vn -0.0262 0.1505 -0.9883
vn -0.0352 0.1990 -0.9794
vn -0.5317 0.0001 -0.8469
vn -0.0529 0.2579 -0.9647
vn 0.5945 0.8025 -0.0509
vn -0.8411 0.0000 0.5408
vn -0.8411 0.0000 0.5409
vn 0.3833 0.6925 0.6112
vn 0.1775 0.9426 0.2830
vn 0.3843 0.6850 0.6189
vn 0.1659 0.9500 0.2645
vn 0.0443 0.9965 0.0706
vn 0.1657 0.9500 0.2647
vn -0.8490 0.0000 0.5285
vn -0.8417 0.0000 0.5400
vn -0.8458 -0.0000 0.5334
vn -0.8432 -0.0000 0.5376
vn -0.8610 -0.2428 -0.4469
vn -0.9081 -0.4063 0.1011
vn -0.6984 -0.3365 0.6317
vn -0.5316 -0.0000 -0.8470
vn -0.8316 -0.3058 -0.4637
vn -0.8563 -0.5110 0.0749
vn -0.7903 -0.3698 -0.4885
vn -0.5315 0.0001 -0.8471
vn -0.5315 0.0001 -0.8471
vn -0.6809 -0.4757 -0.5568
vn -0.7366 -0.4303 -0.5217
vn -0.6028 -0.7939 -0.0792
vn -0.6955 -0.7182 -0.0202
vn -0.2309 -0.9042 0.3592
vn -0.3797 -0.8030 0.4594
vn -0.3241 -0.8461 0.4231
vn -0.3800 -0.7963 0.4706
vn -0.4222 -0.7651 0.4861
vn -0.5197 -0.6584 0.5444
vn -0.5864 -0.5642 0.5811
vn -0.7859 -0.6174 0.0347
vn -0.5975 -0.5464 0.5869
vn -0.6571 -0.4362 0.6148
vn -0.7437 -0.3083 0.5931
vn -0.7382 -0.2853 0.6112
vn -0.7373 -0.2814 0.6142
vn -0.7488 -0.3338 0.5725
vn -0.7693 0.0025 0.6388
vn -0.7699 0.1577 0.6184
vn -0.7848 0.1368 0.6045
vn -0.7498 -0.3401 0.5675
vn -0.8001 0.1137 0.5890
vn -0.8158 -0.0965 0.5703
vn -0.8157 0.0880 0.5718
vn -0.7934 0.2445 0.5575
vn -0.7558 0.2274 0.6141
vn -0.6813 0.5511 0.4818
vn -0.7566 0.1760 0.6298
vn 0.4773 0.4389 0.7613
vn 0.5191 0.2144 0.8274
vn 0.0147 -0.9830 0.1831
vn -0.0910 -0.9672 0.2371
vn -0.0345 -0.9775 0.2079
vn 0.2674 -0.7875 0.5552
vn 0.2246 -0.7838 0.5789
vn 0.4293 -0.3996 0.8099
vn 0.5296 0.0803 0.8444
vn 0.4531 -0.4018 0.7958
vn 0.5296 0.0803 0.8444
vn 0.4733 -0.4023 0.7837
vn 0.3036 -0.7882 0.5354
vn 0.0582 -0.9850 0.1623
vn 0.0896 -0.9849 0.1484
vn 0.3338 -0.7861 0.5202
vn 0.5065 -0.3974 0.7652
vn 0.3645 -0.7812 0.5069
vn 0.1410 -0.9816 0.1284
vn 0.0990 -0.9845 0.1445
vn 0.4899 -0.4009 0.7742
vn 0.5296 0.0803 0.8444
vn 0.0400 -0.9870 0.1555
vn 0.0124 -0.9839 0.1783
vn -0.0248 -0.9777 0.2087
vn -0.5313 0.0002 -0.8472
vn -0.5317 -0.0000 -0.8469
vn -0.5314 0.0001 -0.8471
vn -0.7285 0.3968 0.5584
vn -0.7393 0.3279 0.5881
vn -0.6292 0.6172 0.4725
vn -0.7493 0.4199 0.5121
vn -0.7483 0.3782 0.5450
vn -0.7128 0.4959 0.4960
vn -0.7453 0.3579 0.5626
vn -0.7443 0.3521 0.5675
vn -0.2924 0.4912 0.8205
vn -0.5408 0.7158 0.4419
vn -0.6586 0.5788 0.4808
vn -0.3050 0.4541 0.8371
vn -0.6876 0.5366 0.4891
vn -0.2908 0.4902 0.8217
vn 0.1265 0.2101 0.9695
vn -0.3304 0.4083 0.8509
vn 0.5277 -0.0884 0.8448
vn -0.3666 0.3255 0.8716
vn -0.1874 0.0270 0.9819
vn -0.4111 0.1915 0.8912
vn -0.6044 0.3444 0.7184
vn -0.3900 -0.3521 0.8509
vn -0.5737 -0.0883 0.8143
vn -0.6997 0.1934 0.6878
vn -0.7974 0.1221 0.5909
vn -0.7644 -0.2207 0.6058
vn -0.7456 0.4309 0.5083
vn -0.7330 0.4579 0.5031
vn -0.8238 0.1100 0.5561
vn -0.8335 -0.0766 0.5472
vn -0.7505 0.4156 0.5139
vn -0.7514 0.4066 0.5197
vn -0.7336 0.3064 0.6066
vn -0.6190 -0.5885 0.5201
vn -0.4448 -0.8122 0.3774
vn -0.3460 -0.8903 0.2961
vn 0.5296 -0.0803 0.8444
vn 0.5297 -0.0803 0.8444
vn 0.5296 -0.0803 0.8444
vn 0.5305 -0.0802 0.8439
vn 0.4770 0.4005 0.7823
vn 0.4956 0.3988 0.7716
vn 0.5136 0.3958 0.7613
vn 0.3443 0.7843 0.5161
vn 0.3778 0.7791 0.5003
vn 0.4116 0.7711 0.4858
vn 0.1536 0.9805 0.1226
vn 0.1111 0.9842 0.1380
vn 0.1005 0.9847 0.1425
vn 0.3102 0.7868 0.5336
vn 0.4575 0.4011 0.7936
vn 0.5317 0.3910 0.7513
vn 0.5502 0.3841 0.7415
vn 0.4464 0.7604 0.4717
vn 0.5296 -0.0803 0.8444
vn 0.5296 -0.0803 0.8444
vn 0.5296 -0.0803 0.8444
vn 0.4880 0.7452 0.4544
vn 0.5721 0.3743 0.7298
vn 0.0741 0.9881 0.1350
vn 0.0943 0.9887 0.1162
f 2//5 7//6 1//7
f 8//8 2//5 1//7
f 6//9 1//7 3//10
f 3//10 1//7 4//11
f 4//11 1//7 5//12
f 1//7 7//6 5//12
f 8//8 1//7 6//9
f 2//5 8//8 9//13
f 10//14 9//13 8//8
f 6//9 10//14 8//8
f 9//13 10//14 11//15
f 13//16 10//14 6//9
f 11//15 10//14 12//17
f 10//14 14//18 12//17
f 15//19 10//14 13//16
f 14//18 10//14 15//19
f 15//19 16//20 17//21
f 16//20 15//19 13//16
f 17//21 14//18 15//19
f 21//22 17//21 18//23
f 17//21 20//24 18//23
f 16//20 19//25 17//21
f 17//21 19//25 20//24
f 14//18 17//21 21//22
f 21//22 12//17 14//18
f 21//22 23//26 22//27
f 22//27 12//17 21//22
f 21//22 18//23 23//26
f 24//28 22//27 23//26
f 24//28 23//26 25//29
f 23//26 20//24 25//29
f 23//26 18//23 20//24
f 25//29 20//24 24//28
f 24//28 26//30 22//27
f 27//31 26//30 24//28
f 27//31 24//28 30//32
f 30//32 24//28 28//33
f 24//28 29//34 28//33
f 24//28 20//24 29//34
f 28//33 31//35 30//32
f 31//35 32//36 30//32
f 30//32 32//36 27//31
f 33//37 32//36 31//35
f 33//37 35//38 32//36
f 27//31 32//36 36//39
f 35//38 34//40 32//36
f 32//36 34//40 36//39
f 37//41 36//39 34//40
f 37//41 38//42 36//39
f 27//31 36//39 38//42
f 41//43 38//42 39//44
f 39//44 38//42 40//45
f 38//42 37//41 40//45
f 38//42 41//43 27//31
f 27//31 41//43 26//30
f 41//43 12//17 26//30
f 41//43 39//44 44//46
f 41//43 42//47 12//17
f 41//43 43//48 42//47
f 44//46 43//48 41//43
f 44//46 39//44 46//49
f 45//50 43//48 44//46
f 45//50 44//46 46//49
f 47//51 45//50 46//49
f 47//51 46//49 48//52
f 39//44 48//52 46//49
f 48//52 39//44 50//53
f 50//53 49//54 48//52
f 47//51 48//52 49//54
f 50//53 51//55 49//54
f 52//56 51//55 50//53
f 39//44 52//56 50//53
f 52//56 39//44 53//57
f 52//56 53//57 55//58
f 51//55 52//56 54//59
f 55//58 54//59 52//56
f 54//59 55//58 58//60
f 57//61 56//62 55//58
f 55//58 56//62 58//60
f 55//58 59//63 57//61
f 55//58 53//57 59//63
f 57//61 59//63 60//64
f 53//57 62//65 59//63
f 59//63 61//66 60//64
f 59//63 62//65 61//66
f 53//57 40//45 62//65
f 62//65 63//67 61//66
f 40//45 37//41 62//65
f 62//65 37//41 63//67
f 63//67 64//68 66//69
f 64//68 63//67 37//41
f 63//67 66//69 65//70
f 67//71 63//67 65//70
f 67//71 68//72 63//67
f 61//66 63//67 68//72
f 68//72 67//71 72//73
f 69//74 68//72 72//73
f 69//74 70//75 68//72
f 71//76 68//72 70//75
f 61//66 68//72 71//76
f 72//73 73//77 69//74
f 72//73 74//78 73//77
f 74//78 72//73 67//71
f 76//79 73//77 74//78
f 65//70 77//80 74//78
f 65//70 74//78 67//71
f 75//81 76//79 74//78
f 75//81 74//78 77//80
f 77//80 65//70 66//69
f 66//69 78//82 77//80
f 79//83 77//80 78//82
f 77//80 79//83 75//81
f 79//84 81//85 75//86
f 79//84 80//87 81//85
f 83//88 80//87 79//84
f 82//89 83//90 79//3
f 79//83 78//82 82//91
f 86//92 84//93 83//90
f 85//94 83//88 84//95
f 80//87 83//88 85//94
f 86//92 83//90 82//89
f 86//96 87//97 88//98
f 86//96 78//82 87//97
f 82//91 78//82 86//96
f 88//99 84//93 86//92
f 88//98 87//97 89//100
f 88//98 89//100 90//101
f 90//102 84//93 88//99
f 90//101 89//100 91//103
f 91//103 93//104 90//101
f 90//102 92//105 94//106
f 93//107 92//105 90//102
f 90//102 94//106 84//93
f 95//108 94//109 92//110
f 96//111 94//109 95//108
f 96//111 84//95 94//109
f 85//94 84//95 96//111
f 96//112 98//113 85//114
f 96//112 97//115 98//113
f 96//112 99//116 97//115
f 95//117 99//116 96//112
f 99//118 100//119 101//120
f 102//121 100//119 99//118
f 99//118 101//120 97//122
f 103//123 102//124 99//116
f 103//123 99//116 95//117
f 104//125 103//123 109//126
f 103//123 104//125 106//127
f 105//128 103//123 114//129
f 109//126 103//123 105//128
f 103//123 106//127 107//130
f 103//123 107//130 108//131
f 103//123 108//131 110//132
f 103//123 110//132 112//133
f 103//134 92//110 111//135
f 95//108 92//110 103//134
f 103//134 111//135 113//136
f 103//123 112//133 102//124
f 114//129 103//123 113//137
f 113//138 115//139 114//140
f 114//140 115//139 105//141
f 116//142 115//139 118//143
f 117//144 115//139 116//142
f 105//141 115//139 117//144
f 115//139 119//145 118//143
f 119//145 115//139 120//146
f 113//138 120//146 115//139
f 121//147 122//148 120//146
f 120//146 113//138 121//147
f 122//148 124//149 120//146
f 119//145 120//146 123//150
f 123//150 120//146 125//151
f 120//146 124//149 125//151
f 125//151 127//152 126//153
f 125//151 126//153 123//150
f 125//151 128//154 127//152
f 124//149 128//154 125//151
f 129//155 130//156 128//154
f 129//155 128//154 124//149
f 131//157 127//152 128//154
f 131//157 128//154 130//156
f 131//157 132//158 136//159
f 131//157 134//160 132//158
f 133//161 139//162 131//157
f 131//157 130//156 133//161
f 131//157 137//163 134//160
f 135//164 131//157 136//159
f 127//152 131//157 135//164
f 131//157 138//165 137//163
f 131//157 139//162 138//165
f 139//162 140//166 138//165
f 139//162 141//167 140//166
f 142//168 141//167 139//162
f 133//161 142//168 139//162
f 133//161 143//169 142//168
f 143//169 141//167 142//168
f 145//170 144//171 143//169
f 143//169 144//171 141//167
f 133//161 145//170 143//169
f 133//161 146//172 145//170
f 146//172 147//173 145//170
f 145//170 147//173 144//171
f 146//172 150//174 147//173
f 150//174 148//175 147//173
f 148//175 149//176 147//173
f 147//173 149//176 144//171
f 153//177 151//178 150//174
f 151//178 148//175 150//174
f 152//179 150//174 146//172
f 152//179 153//177 150//174
f 154//180 155//181 153//177
f 156//182 154//180 153//177
f 155//181 151//178 153//177
f 156//182 153//177 152//179
f 158//183 156//182 152//179
f 157//184 154//180 156//182
f 158//183 157//184 156//182
f 159//185 158//183 160//186
f 164//187 158//183 159//185
f 158//183 161//188 160//186
f 133//161 162//189 158//183
f 158//183 146//172 133//161
f 158//183 162//189 161//188
f 158//183 152//179 146//172
f 158//183 163//190 157//184
f 158//183 164//187 163//190
f 164//187 166//191 163//190
f 164//187 159//185 165//192
f 165//192 168//193 164//187
f 164//187 167//194 166//191
f 164//187 168//193 167//194
f 168//193 170//195 169//196
f 168//193 169//196 171//197
f 170//195 168//193 165//192
f 171//197 172//198 168//193
f 172//198 173//199 168//193
f 168//193 173//199 167//194
f 174//200 173//199 172//198
f 175//201 173//199 174//200
f 175//201 176//202 173//199
f 173//199 176//202 167//194
f 177//203 176//202 175//201
f 177//203 178//204 176//202
f 176//202 178//204 166//191
f 167//194 176//202 166//191
f 178//204 177//203 179//205
f 180//206 178//204 179//205
f 180//206 181//207 178//204
f 178//204 181//207 182//208
f 166//191 178//204 182//208
f 182//208 181//207 154//180
f 157//184 182//208 154//180
f 163//190 166//191 182//208
f 163//190 182//208 157//184
f 183//209 181//207 180//206
f 183//209 155//181 181//207
f 181//207 155//181 154//180
f 184//210 183//209 185//211
f 183//209 184//210 186//212
f 185//211 183//209 180//206
f 186//212 151//178 183//209
f 183//209 151//178 155//181
f 186//212 184//210 187//213
f 187//213 151//178 186//212
f 187//213 184//210 188//214
f 188//214 189//215 187//213
f 187//213 148//175 151//178
f 148//175 187//213 189//215
f 188//214 190//216 189//215
f 190//216 149//176 189//215
f 189//215 149//176 148//175
f 191//217 190//216 188//214
f 191//217 192//218 190//216
f 192//218 149//176 190//216
f 192//218 197//219 193//220
f 193//220 194//221 192//218
f 192//218 194//221 149//176
f 195//222 192//218 196//223
f 197//219 192//218 195//222
f 196//223 192//218 191//217
f 201//224 197//219 195//222
f 199//225 198//226 197//219
f 193//220 197//219 198//226
f 197//219 200//227 199//225
f 197//219 201//224 200//227
f 202//228 201//224 203//229
f 204//230 201//224 202//228
f 196//223 203//229 201//224
f 204//230 200//227 201//224
f 196//223 201//224 195//222
f 205//231 204//230 202//228
f 205//231 207//232 204//230
f 204//230 206//233 200//227
f 207//232 206//233 204//230
f 208//234 207//232 205//231
f 208//234 209//235 207//232
f 209//235 210//236 207//232
f 207//232 210//236 206//233
f 213//237 210//236 211//238
f 211//238 210//236 212//239
f 209//235 212//239 210//236
f 214//240 210//236 213//237
f 214//240 206//233 210//236
f 213//237 215//241 214//240
f 217//242 214//240 215//241
f 206//233 214//240 216//243
f 217//242 216//243 214//240
f 218//244 216//243 217//242
f 217//242 219//245 218//244
f 215//241 219//245 217//242
f 218//244 219//245 220//246
f 220//246 219//245 222//247
f 215//241 221//248 219//245
f 219//245 221//248 223//249
f 219//245 223//249 222//247
f 224//250 223//249 226//251
f 132//158 223//249 224//250
f 132//158 222//247 223//249
f 221//248 225//252 223//249
f 226//251 223//249 225//252
f 136//159 226//251 227//253
f 226//251 225//252 227//253
f 136//159 224//250 226//251
f 136//159 227//253 228//254
f 227//253 229//255 228//254
f 227//253 225//252 229//255
f 232//256 230//257 229//255
f 228//254 229//255 230//257
f 231//258 229//255 225//252
f 231//258 232//256 229//255
f 234//259 232//256 233//260
f 233//260 232//256 231//258
f 234//259 235//261 232//256
f 232//256 235//261 230//257
f 236//262 235//261 234//259
f 237//263 235//261 236//262
f 238//264 230//257 235//261
f 238//264 235//261 237//263
f 241//265 230//257 238//264
f 237//263 239//266 238//264
f 238//264 239//266 240//267
f 238//264 240//267 241//265
f 242//268 241//265 240//267
f 242//268 228//254 241//265
f 228//254 230//257 241//265
f 243//269 228//254 242//268
f 242//268 247//270 243//269
f 242//268 240//267 244//271
f 245//272 242//268 244//271
f 245//272 246//273 242//268
f 246//274 247//270 242//268
f 247//270 250//275 243//269
f 246//274 248//276 247//270
f 248//276 249//277 247//270
f 247//270 249//277 250//275
f 250//275 136//159 243//269
f 250//275 135//164 136//159
f 251//278 250//275 252//279
f 251//278 135//164 250//275
f 250//275 249//277 252//279
f 249//277 251//278 252//279
f 253//280 127//152 251//278
f 135//164 251//278 127//152
f 253//280 251//278 255//281
f 251//278 249//277 254//282
f 251//278 254//282 255//281
f 254//282 253//280 255//281
f 256//283 253//280 254//282
f 256//283 254//282 258//284
f 254//282 257//285 258//284
f 257//285 254//282 249//277
f 257//285 256//283 258//284
f 256//283 257//285 259//286
f 260//287 259//286 257//285
f 257//285 249//277 260//287
f 259//286 260//287 261//288
f 261//288 260//287 263//289
f 262//290 260//287 264//291
f 263//289 260//287 262//290
f 260//287 265//292 264//291
f 260//287 249//277 265//292
f 249//277 266//293 265//292
f 264//291 265//292 266//293
f 266//293 267//294 271//295
f 266//293 268//296 267//294
f 268//296 266//293 270//297
f 264//291 266//293 269//298
f 269//298 266//293 271//295
f 266//293 249//277 270//297
f 271//295 272//299 269//298
f 271//295 273//300 272//299
f 273//300 271//295 274//301
f 271//295 267//294 274//301
f 274//302 275//303 273//304
f 275//303 274//302 267//305
f 275//303 277//306 276//307
f 275//303 276//307 273//304
f 277//306 275//303 278//308
f 275//303 279//309 278//308
f 275//303 267//305 279//309
f 279//309 280//310 278//308
f 280//310 279//309 281//311
f 281//311 279//309 239//266
f 239//266 279//309 245//272
f 279//309 282//312 245//272
f 268//313 279//309 267//305
f 279//309 268//313 282//312
f 270//297 282//314 268//296
f 248//276 282//314 270//297
f 248//276 246//274 282//314
f 246//273 245//272 282//312
f 280//310 281//311 283//315
f 283//315 281//311 284//316
f 284//316 281//311 237//263
f 237//263 281//311 239//266
f 237//263 236//262 284//316
f 236//262 285//317 284//316
f 285//317 283//315 284//316
f 286//318 283//315 285//317
f 285//317 287//319 286//318
f 288//320 287//319 285//317
f 285//317 212//239 288//320
f 211//238 212//239 285//317
f 236//262 211//238 285//317
f 289//321 287//319 288//320
f 288//320 290//322 289//321
f 288//320 212//239 290//322
f 292//323 290//322 291//324
f 291//324 290//322 209//235
f 289//321 290//322 292//323
f 290//322 212//239 209//235
f 293//325 292//323 208//234
f 293//325 294//326 292//323
f 208//234 292//323 291//324
f 289//321 292//323 294//326
f 293//325 295//327 294//326
f 295//327 289//321 294//326
f 293//325 298//328 295//327
f 295//327 299//329 296//330
f 295//327 296//330 289//321
f 295//327 298//328 297//331
f 297//331 299//329 295//327
f 301//332 300//333 299//329
f 300//333 296//330 299//329
f 301//332 299//329 297//331
f 303//334 301//332 302//335
f 301//332 297//331 302//335
f 303//334 304//336 301//332
f 304//336 300//333 301//332
f 304//336 305//337 306//338
f 305//337 304//336 303//334
f 277//306 300//333 304//336
f 277//306 304//336 306//338
f 306//338 305//337 307//339
f 276//307 277//306 306//338
f 306//338 307//339 276//307
f 272//299 276//307 307//339
f 305//337 308//340 307//339
f 307//339 308//340 272//299
f 308//340 309//341 262//290
f 310//342 309//341 308//340
f 308//340 262//290 272//299
f 308//340 305//337 310//342
f 305//337 311//343 310//342
f 312//344 310//342 311//343
f 310//342 312//344 309//341
f 313//345 312//344 315//346
f 313//345 314//347 312//344
f 261//288 309//341 312//344
f 261//288 312//344 314//347
f 316//348 315//346 312//344
f 316//348 312//344 311//343
f 311//343 303//334 316//348
f 303//334 317//349 316//348
f 315//346 316//348 317//349
f 317//349 303//334 318//350
f 317//349 318//350 319//351
f 320//352 317//349 319//351
f 320//352 315//346 317//349
f 320//352 321//353 313//345
f 313//345 315//346 320//352
f 321//353 320//352 319//351
f 322//354 323//355 321//353
f 322//354 321//353 324//356
f 321//353 319//351 298//328
f 323//355 313//345 321//353
f 324//356 321//353 298//328
f 325//357 324//356 328//358
f 324//356 325//357 322//354
f 326//359 324//356 327//360
f 326//359 328//358 324//356
f 324//356 298//328 327//360
f 329//361 325//357 328//358
f 326//359 329//361 328//358
f 330//362 331//363 329//361
f 333//364 330//362 329//361
f 331//363 325//357 329//361
f 332//365 329//361 326//359
f 333//364 329//361 332//365
f 326//359 333//364 332//365
f 327//360 333//364 326//359
f 298//328 333//364 327//360
f 333//364 334//366 335//367
f 333//364 336//368 334//366
f 335//367 330//362 333//364
f 298//328 336//368 333//364
f 336//368 337//369 334//366
f 336//368 338//370 337//369
f 293//325 338//370 336//368
f 298//328 293//325 336//368
f 338//370 340//371 339//372
f 337//369 338//370 339//372
f 293//325 340//371 338//370
f 341//373 340//371 293//325
f 343//374 340//371 341//373
f 344//375 339//372 340//371
f 343//374 342//376 340//371
f 345//377 340//371 342//376
f 344//375 340//371 346//378
f 340//371 345//377 346//378
f 346//378 347//379 344//375
f 346//378 348//380 347//379
f 348//380 346//378 345//377
f 80//381 348//380 349//382
f 351//383 349//382 348//380
f 98//384 347//379 348//380
f 348//380 80//381 350//385
f 98//384 348//380 350//385
f 351//383 348//380 345//377
f 352//386 349//382 351//383
f 351//383 342//376 352//386
f 345//377 342//376 351//383
f 342//376 354//387 352//386
f 352//386 353//388 349//382
f 353//388 352//386 354//387
f 356//389 353//388 354//387
f 354//387 342//376 355//390
f 354//387 355//390 356//389
f 355//390 358//391 356//389
f 357//392 356//389 358//391
f 356//389 357//392 353//388
f 360//393 357//392 358//391
f 358//391 359//394 360//393
f 358//391 355//390 359//394
f 359//394 361//395 360//393
f 360//393 362//396 357//392
f 362//396 360//393 361//395
f 363//397 362//396 366//398
f 364//399 362//396 363//397
f 365//400 362//396 364//399
f 365//400 357//392 362//396
f 367//401 366//398 362//396
f 367//401 362//396 361//395
f 361//395 368//402 367//401
f 368//402 369//403 367//401
f 366//398 367//401 369//403
f 369//403 370//404 371//405
f 369//403 368//402 370//404
f 371//405 366//398 369//403
f 372//406 374//407 371//405
f 371//405 373//408 372//406
f 371//405 370//404 373//408
f 371//405 374//407 366//398
f 375//409 366//398 374//407
f 375//409 374//407 376//410
f 377//411 376//410 374//407
f 377//411 374//407 372//406
f 373//408 377//411 372//406
f 377//411 373//408 378//412
f 377//411 378//412 381//413
f 379//414 377//411 381//413
f 380//415 377//411 379//414
f 376//410 377//411 380//415
f 382//416 379//414 381//413
f 381//413 378//412 382//416
f 378//412 383//417 382//416
f 385//418 382//416 383//417
f 379//414 382//416 384//419
f 384//419 382//416 385//418
f 383//417 386//420 385//418
f 387//421 385//418 386//420
f 385//418 387//421 384//419
f 387//421 386//420 389//422
f 390//423 388//424 387//421
f 384//419 387//421 388//424
f 389//422 390//423 387//421
f 393//425 391//426 390//423
f 390//423 391//426 392//427
f 390//423 392//427 388//424
f 390//423 389//422 393//425
f 393//425 389//422 394//428
f 394//428 395//429 393//425
f 396//430 393//425 395//429
f 393//425 396//430 391//426
f 397//431 401//432 396//430
f 397//431 396//430 395//429
f 396//430 398//433 391//426
f 396//430 399//434 398//433
f 399//434 396//430 400//435
f 401//432 400//435 396//430
f 404//436 401//432 402//437
f 402//437 401//432 403//438
f 401//432 397//431 403//438
f 405//439 401//432 404//436
f 405//439 400//435 401//432
f 406//440 71//76 405//439
f 406//440 405//439 407//441
f 407//441 405//439 404//436
f 71//76 70//75 405//439
f 405//439 70//75 400//435
f 409//442 406//440 407//441
f 410//443 407//441 408//444
f 407//441 404//436 408//444
f 409//442 407//441 410//443
f 411//445 409//442 410//443
f 412//446 411//445 410//443
f 410//443 408//444 413//447
f 412//446 410//443 413//447
f 414//448 412//446 413//447
f 402//437 413//447 408//444
f 413//447 402//437 415//449
f 414//448 413//447 415//449
f 417//450 414//448 415//449
f 416//451 415//449 420//452
f 415//449 416//451 418//453
f 417//450 415//449 418//453
f 415//449 402//437 419//454
f 420//452 415//449 419//454
f 419//454 421//455 420//452
f 420//452 421//455 416//451
f 397//431 421//455 419//454
f 416//451 421//455 423//456
f 394//428 421//455 397//431
f 421//455 394//428 422//457
f 422//457 423//456 421//455
f 422//457 424//458 423//456
f 424//458 425//459 423//456
f 426//460 423//456 425//459
f 416//451 423//456 426//460
f 418//453 416//451 426//460
f 426//460 417//450 418//453
f 427//461 417//450 426//460
f 426//460 425//459 427//461
f 427//461 425//459 428//462
f 428//462 417//450 427//461
f 428//462 425//459 429//463
f 417//450 428//462 430//464
f 429//463 430//464 428//462
f 430//464 429//463 431//465
f 430//464 431//465 432//466
f 417//450 430//464 432//466
f 433//467 432//466 434//468
f 417//450 432//466 433//467
f 434//468 432//466 435//469
f 432//466 436//470 435//469
f 432//466 431//465 436//470
f 436//470 439//471 437//472
f 435//469 436//470 437//472
f 431//465 438//473 436//470
f 438//473 439//471 436//470
f 441//474 439//471 440//475
f 440//475 439//471 438//473
f 441//474 442//476 439//471
f 439//471 442//476 443//477
f 439//471 443//477 437//472
f 434//468 443//477 433//467
f 443//477 445//478 433//467
f 434//468 437//472 443//477
f 442//476 444//479 443//477
f 445//478 443//477 444//479
f 445//478 414//448 417//450
f 414//448 445//478 446//480
f 445//478 444//479 446//480
f 417//450 433//467 445//478
f 414//448 446//480 447//481
f 444//479 447//481 446//480
f 414//448 447//481 449//482
f 447//481 444//479 448//483
f 447//481 448//483 449//482
f 412//446 449//482 450//484
f 414//448 449//482 412//446
f 448//483 450//484 449//482
f 412//446 450//484 452//485
f 450//484 448//483 451//486
f 450//484 451//486 452//485
f 412//446 452//485 411//445
f 451//486 453//487 452//485
f 411//445 452//485 453//487
f 453//487 451//486 454//488
f 453//487 454//488 455//489
f 455//489 411//445 453//487
f 454//488 456//490 455//489
f 457//491 455//489 456//490
f 411//445 455//489 457//491
f 457//491 458//492 459//493
f 457//491 460//494 458//492
f 457//491 459//493 409//442
f 460//494 457//491 456//490
f 411//445 457//491 409//442
f 456//490 461//495 460//494
f 461//495 462//496 460//494
f 458//492 460//494 462//496
f 464//497 458//492 462//496
f 462//496 461//495 463//498
f 462//496 463//498 464//497
f 463//498 465//499 464//497
f 465//499 458//492 464//497
f 466//500 465//499 468//501
f 458//492 465//499 466//500
f 465//499 463//498 467//502
f 465//499 467//502 468//501
f 466//500 468//501 57//61
f 57//61 468//501 56//62
f 468//501 467//502 56//62
f 467//502 58//60 56//62
f 470//503 467//502 469//504
f 467//502 472//505 469//504
f 467//502 470//503 471//506
f 58//60 467//502 471//506
f 463//498 472//505 467//502
f 472//505 473//507 469//504
f 473//507 472//505 475//508
f 475//508 472//505 474//509
f 474//509 472//505 476//510
f 472//505 463//498 476//510
f 478//511 477//512 476//510
f 476//510 477//512 474//509
f 478//511 476//510 463//498
f 479//513 478//511 482//514
f 477//512 478//511 479//513
f 481//515 478//511 480//516
f 480//516 478//511 461//495
f 478//511 481//515 482//514
f 478//511 463//498 461//495
f 482//514 483//517 479//513
f 483//517 482//514 481//515
f 484//518 479//513 483//517
f 484//518 483//517 485//519
f 485//519 483//517 486//520
f 487//521 486//520 483//517
f 487//521 483//517 481//515
f 480//516 488//522 487//521
f 486//520 487//521 488//522
f 481//515 480//516 487//521
f 488//522 480//516 489//523
f 489//523 490//524 488//522
f 486//520 488//522 490//524
f 486//520 490//524 491//525
f 491//525 490//524 492//526
f 489//523 492//526 490//524
f 494//527 491//525 492//526
f 492//526 489//523 493//528
f 492//526 493//528 496//529
f 495//530 494//527 492//526
f 495//530 492//526 496//529
f 496//529 498//531 495//530
f 496//529 497//532 498//531
f 497//532 496//529 493//528
f 500//533 498//531 499//534
f 448//483 499//534 498//531
f 498//531 451//486 448//483
f 495//530 498//531 501//535
f 498//531 500//533 501//535
f 498//531 497//532 451//486
f 502//536 501//535 500//533
f 501//535 502//536 495//530
f 494//527 502//536 503//537
f 494//527 495//530 502//536
f 503//537 502//536 505//538
f 504//539 502//536 500//533
f 506//540 502//536 504//539
f 506//540 505//538 502//536
f 505//538 506//540 507//541
f 509//542 507//541 506//540
f 506//540 508//543 509//542
f 506//540 499//534 508//543
f 499//534 506//540 504//539
f 508//543 510//544 509//542
f 507//541 509//542 510//544
f 511//545 507//541 510//544
f 508//543 511//545 510//544
f 511//545 442//476 441//474
f 441//474 512//546 511//545
f 511//545 508//543 442//476
f 511//545 512//546 507//541
f 517//547 507//541 512//546
f 512//546 514//548 513//549
f 512//546 513//549 516//550
f 514//548 512//546 440//475
f 517//547 512//546 515//551
f 515//551 512//546 516//550
f 440//475 512//546 441//474
f 519//552 517//547 515//551
f 518//553 505//538 517//547
f 518//553 517//547 519//552
f 505//538 507//541 517//547
f 520//554 519//552 521//555
f 520//554 518//553 519//552
f 521//555 519//552 522//556
f 519//552 515//551 522//556
f 525//557 522//556 523//558
f 522//556 524//559 523//558
f 522//556 515//551 524//559
f 521//555 522//556 525//557
f 526//560 525//557 528//561
f 526//560 521//555 525//557
f 525//557 523//558 527//562
f 528//561 525//557 527//562
f 528//561 527//562 529//563
f 529//563 531//564 528//561
f 528//561 530//565 526//560
f 530//565 528//561 532//566
f 528//561 531//564 532//566
f 533//567 532//566 531//564
f 532//566 533//567 530//565
f 535//568 530//565 533//567
f 533//567 531//564 534//569
f 537//570 533//567 534//569
f 536//571 535//568 533//567
f 536//571 533//567 537//570
f 540//572 537//570 538//573
f 537//570 534//569 538//573
f 539//574 536//571 537//570
f 539//574 537//570 540//572
f 540//572 538//573 543//575
f 541//576 540//572 542//577
f 541//576 539//574 540//572
f 542//577 540//572 543//575
f 543//575 545//578 544//579
f 546//580 543//575 544//579
f 543//575 538//573 545//578
f 542//577 543//575 546//580
f 547//581 546//580 549//582
f 548//583 546//580 547//581
f 548//583 542//577 546//580
f 546//580 544//579 549//582
f 547//581 549//582 550//584
f 550//584 549//582 551//585
f 549//582 552//586 551//585
f 549//582 544//579 552//586
f 544//579 553//587 552//586
f 552//586 553//587 555//588
f 551//585 552//586 554//589
f 552//586 555//588 554//589
f 554//589 555//588 557//590
f 553//587 556//591 555//588
f 555//588 556//591 558//592
f 555//588 558//592 557//590
f 556//591 559//593 558//592
f 562//594 558//592 559//593
f 558//592 560//595 561//596
f 558//592 562//594 560//595
f 557//590 558//592 561//596
f 563//597 560//595 562//594
f 562//594 564//598 563//597
f 559//593 564//598 562//594
f 564//598 566//599 563//597
f 567//600 565//601 564//598
f 564//598 565//601 566//599
f 564//598 559//593 568//602
f 568//602 567//600 564//598
f 569//603 567//600 568//602
f 568//602 556//591 569//603
f 556//591 568//602 559//593
f 567//600 569//603 570//604
f 571//605 570//604 569//603
f 571//605 569//603 556//591
f 553//587 571//605 556//591
f 545//578 573//606 571//605
f 545//578 571//605 553//587
f 570//604 571//605 572//607
f 573//606 572//607 571//605
f 534//569 574//608 573//606
f 538//573 534//569 573//606
f 573//606 575//609 572//607
f 575//609 573//606 574//608
f 538//573 573//606 545//578
f 575//609 529//563 576//610
f 576//610 572//607 575//609
f 574//608 529//563 575//609
f 576//610 578//611 577//612
f 576//610 577//612 567//600
f 572//607 576//610 570//604
f 529//563 578//611 576//610
f 570//604 576//610 567//600
f 529//563 527//562 578//611
f 578//611 579//613 577//612
f 578//611 580//614 579//613
f 527//562 580//614 578//611
f 523//558 581//615 580//614
f 527//562 523//558 580//614
f 580//614 582//616 579//613
f 580//614 581//615 582//616
f 579//613 582//616 583//617
f 582//616 585//618 583//617
f 581//615 584//619 582//616
f 582//616 584//619 585//618
f 583//617 585//618 586//620
f 585//618 588//621 586//620
f 584//619 587//622 585//618
f 585//618 587//622 588//621
f 588//621 591//623 589//624
f 588//621 589//624 590//625
f 586//620 588//621 590//625
f 587//622 591//623 588//621
f 587//622 592//626 591//623
f 594//627 591//623 592//626
f 593//628 591//623 594//627
f 595//629 591//623 593//628
f 595//629 589//624 591//623
f 598//630 589//624 595//629
f 595//629 596//631 598//630
f 595//629 597//632 596//631
f 593//628 597//632 595//629
f 599//633 589//624 598//630
f 598//630 596//631 599//633
f 599//633 602//634 589//624
f 600//635 602//634 599//633
f 599//633 601//636 600//635
f 599//633 596//631 601//636
f 590//625 602//634 603//637
f 603//637 602//634 604//638
f 605//639 604//638 602//634
f 590//625 589//624 602//634
f 605//639 602//634 600//635
f 606//640 604//638 605//639
f 605//639 607//641 606//640
f 600//635 601//636 605//639
f 605//639 601//636 607//641
f 606//640 607//641 608//642
f 608//642 607//641 609//643
f 601//636 610//644 607//641
f 607//641 611//645 609//643
f 607//641 610//644 611//645
f 609//643 611//645 612//646
f 610//644 613//647 611//645
f 611//645 614//648 612//646
f 611//645 613//647 614//648
f 614//648 616//649 615//650
f 614//648 615//650 617//651
f 613//647 616//649 614//648
f 612//646 614//648 617//651
f 618//652 617//651 619//653
f 612//646 617//651 618//652
f 617//651 615//650 620//654
f 617//651 620//654 619//653
f 615//650 622//655 620//654
f 620//654 622//655 621//656
f 620//654 621//656 623//657
f 619//653 620//654 623//657
f 624//658 623//657 625//659
f 619//653 623//657 624//658
f 623//657 626//660 625//659
f 623//657 621//656 626//660
f 621//656 627//661 626//660
f 626//660 627//661 629//662
f 625//659 626//660 628//663
f 626//660 629//662 628//663
f 627//661 630//664 629//662
f 629//662 630//664 631//665
f 629//662 631//665 632//666
f 628//663 629//662 632//666
f 632//666 631//665 633//667
f 632//666 633//667 635//668
f 628//663 632//666 634//669
f 634//669 632//666 635//668
f 635//668 633//667 636//670
f 635//668 636//670 638//671
f 634//669 635//668 637//672
f 637//672 635//668 638//671
f 639//673 638//671 640//674
f 642//675 638//671 639//673
f 638//671 641//676 640//674
f 638//671 636//670 641//676
f 637//672 638//671 642//675
f 646//677 642//675 643//678
f 642//675 639//673 643//678
f 644//679 642//675 645//680
f 644//679 637//672 642//675
f 645//680 642//675 646//677
f 649//681 646//677 647//682
f 646//677 648//683 647//682
f 646//677 643//678 648//683
f 645//680 646//677 649//681
f 649//681 647//682 651//684
f 650//685 649//681 651//684
f 650//685 645//680 649//681
f 650//685 651//684 652//686
f 653//687 652//686 651//684
f 653//687 651//684 656//688
f 656//688 651//684 654//689
f 654//689 651//684 655//690
f 655//690 651//684 647//682
f 656//688 658//691 653//687
f 657//692 656//688 654//689
f 656//688 657//692 658//691
f 657//692 659//693 658//691
f 659//693 660//694 658//691
f 658//691 661//695 653//687
f 661//695 658//691 660//694
f 662//696 652//686 661//695
f 661//695 663//697 662//696
f 652//686 653//687 661//695
f 661//695 660//694 663//697
f 662//696 663//697 664//698
f 660//694 665//699 663//697
f 663//697 665//699 664//698
f 660//694 666//700 665//699
f 666//700 667//701 665//699
f 665//699 667//701 668//702
f 665//699 668//702 664//698
f 667//701 669//703 668//702
f 668//702 669//703 670//704
f 668//702 670//704 671//705
f 664//698 668//702 671//705
f 672//706 671//705 673//707
f 672//706 664//698 671//705
f 671//705 670//704 674//708
f 673//707 671//705 674//708
f 674//708 675//709 676//710
f 675//709 674//708 678//711
f 677//712 674//708 670//704
f 673//707 674//708 676//710
f 678//711 674//708 677//712
f 675//709 678//711 681//713
f 677//712 680//714 678//711
f 678//711 680//714 679//715
f 678//711 679//715 681//713
f 683//716 682//717 681//713
f 681//713 682//717 675//709
f 681//713 679//715 683//716
f 684//718 683//716 685//719
f 683//716 684//718 682//717
f 683//716 686//720 685//719
f 683//716 679//715 686//720
f 688//721 686//720 687//722
f 679//715 687//722 686//720
f 686//720 688//721 685//719
f 691//723 689//724 688//721
f 688//721 689//724 684//718
f 684//718 685//719 688//721
f 688//721 690//725 691//723
f 688//721 687//722 690//725
f 689//724 691//723 692//726
f 691//723 693//727 692//726
f 691//723 690//725 693//727
f 690//725 694//728 693//727
f 694//728 696//729 693//727
f 692//726 693//727 695//730
f 693//727 696//729 695//730
f 698//731 696//729 694//728
f 699//732 696//729 697//733
f 696//729 698//731 697//733
f 702//734 696//729 699//732
f 701//735 695//730 696//729
f 701//735 696//729 700//736
f 700//736 696//729 702//734
f 703//737 704//738 702//734
f 703//737 702//734 705//739
f 704//738 700//736 702//734
f 702//734 699//732 705//739
f 699//732 706//740 705//739
f 706//740 703//737 705//739
f 699//732 707//741 706//740
f 706//740 707//741 709//742
f 706//740 708//743 703//737
f 709//742 708//743 706//740
f 709//742 707//741 710//744
f 709//742 710//744 712//745
f 709//742 711//746 708//743
f 712//745 711//746 709//742
f 712//745 713//747 714//748
f 712//745 710//744 713//747
f 718//749 712//745 714//748
f 712//745 715//750 711//746
f 712//745 716//751 715//750
f 716//751 712//745 717//752
f 717//752 712//745 718//749
f 718//749 714//748 720//753
f 718//749 719//754 717//752
f 718//749 721//755 719//754
f 720//753 721//755 718//749
f 723//756 721//755 720//753
f 719//754 721//755 722//757
f 723//756 722//757 721//755
f 724//758 723//756 725//759
f 723//756 724//758 727//760
f 723//756 720//753 726//761
f 725//759 723//756 726//761
f 728//762 723//756 727//760
f 729//763 723//756 728//762
f 722//757 723//756 729//763
f 729//763 730//764 731//765
f 728//762 730//764 729//763
f 731//765 722//757 729//763
f 731//765 734//766 732//767
f 731//765 732//767 733//768
f 733//768 722//757 731//765
f 730//764 734//766 731//765
f 738//769 734//766 735//770
f 734//766 741//771 735//770
f 734//766 737//772 736//773
f 736//773 732//767 734//766
f 737//772 734//766 739//774
f 738//769 740//775 734//766
f 739//774 734//766 740//775
f 734//766 742//776 741//771
f 734//766 743//777 742//776
f 734//766 730//764 743//777
f 730//764 744//778 743//777
f 743//777 744//778 745//779
f 743//777 745//779 742//776
f 724//758 745//779 744//778
f 724//758 746//780 745//779
f 746//780 747//781 745//779
f 742//776 745//779 747//781
f 746//780 748//782 747//781
f 747//781 741//771 742//776
f 741//771 747//781 749//783
f 748//782 749//783 747//781
f 751//784 749//783 750//785
f 750//785 749//783 753//786
f 741//771 749//783 751//784
f 748//782 752//787 749//783
f 752//787 753//786 749//783
f 754//788 755//789 753//786
f 752//787 754//788 753//786
f 750//785 753//786 755//789
f 754//788 759//790 755//789
f 755//789 756//791 758//792
f 756//791 755//789 760//793
f 750//785 755//789 757//794
f 757//794 755//789 761//795
f 755//789 758//792 761//795
f 760//793 755//789 759//790
f 757//794 761//795 763//796
f 758//792 762//797 761//795
f 761//795 762//797 763//796
f 764//798 763//796 762//797
f 764//798 757//794 763//796
f 640//674 764//798 766//799
f 640//674 641//676 764//798
f 641//676 735//770 764//798
f 750//785 764//798 735//770
f 765//800 764//798 762//797
f 764//798 750//785 757//794
f 765//800 766//799 764//798
f 639//673 766//799 767//801
f 768//802 767//801 766//799
f 768//802 766//799 769//803
f 766//799 765//800 769//803
f 639//673 640//674 766//799
f 769//803 771//804 768//802
f 770//805 769//803 765//800
f 769//803 770//805 771//804
f 775//806 772//807 771//804
f 774//808 771//804 772//807
f 773//809 771//804 770//805
f 773//809 775//806 771//804
f 771//804 774//808 768//802
f 777//810 775//806 776//811
f 776//811 775//806 773//809
f 777//810 778//812 775//806
f 775//806 778//812 772//807
f 778//812 780//813 772//807
f 781//814 779//815 778//812
f 778//812 779//815 780//813
f 781//814 778//812 777//810
f 782//816 783//817 781//814
f 782//816 781//814 777//810
f 783//817 779//815 781//814
f 783//817 784//818 787//819
f 784//818 783//817 785//820
f 785//820 783//817 782//816
f 783//817 786//821 779//815
f 787//819 786//821 783//817
f 787//819 784//818 788//822
f 788//822 786//821 787//819
f 788//822 784//818 789//823
f 789//823 790//824 788//822
f 788//822 790//824 786//821
f 789//823 659//693 790//824
f 786//821 790//824 791//825
f 791//825 790//824 657//692
f 790//824 659//693 657//692
f 792//826 791//825 655//690
f 655//690 791//825 657//692
f 792//826 780//813 791//825
f 780//813 786//821 791//825
f 655//690 647//682 792//826
f 647//682 793//827 792//826
f 780//813 792//826 793//827
f 793//827 647//682 648//683
f 793//827 648//683 794//828
f 794//828 780//813 793//827
f 648//683 795//829 794//828
f 772//807 794//828 795//829
f 794//828 772//807 780//813
f 795//829 648//683 767//801
f 795//829 767//801 774//808
f 774//808 772//807 795//829
f 789//823 784//818 799//830
f 789//823 799//830 796//831
f 798//832 789//823 796//831
f 789//823 797//833 659//693
f 797//833 789//823 798//832
f 803//834 799//830 800//835
f 804//836 800//835 799//830
f 784//818 804//836 799//830
f 796//831 799//830 801//837
f 801//837 799//830 802//838
f 802//838 799//830 803//834
f 784//818 805//839 804//836
f 808//840 804//836 805//839
f 804//836 806//841 800//835
f 806//841 804//836 807//842
f 808//840 807//842 804//836
f 809//843 810//844 808//840
f 809//843 808//840 811//845
f 812//846 808//840 810//844
f 808//840 805//839 811//845
f 808//840 812//846 807//842
f 810//844 813//847 812//846
f 813//847 807//842 812//846
f 810//844 816//848 813//847
f 814//849 813//847 815//850
f 807//842 813//847 814//849
f 815//850 813//847 816//848
f 810//844 818//851 816//848
f 815//850 816//848 817//852
f 817//852 816//848 819//853
f 690//725 816//848 818//851
f 816//848 690//725 819//853
f 819//853 690//725 687//722
f 680//714 819//853 687//722
f 817//852 819//853 680//714
f 818//851 810//844 821//854
f 820//855 818//851 821//854
f 820//855 694//728 818//851
f 818//851 694//728 690//725
f 810//844 820//855 821//854
f 822//856 820//855 809//843
f 820//855 822//856 698//731
f 810//844 809//843 820//855
f 820//855 698//731 823//857
f 694//728 820//855 823//857
f 698//731 694//728 823//857
f 707//741 822//856 824//858
f 822//856 825//859 824//858
f 822//856 809//843 825//859
f 707//741 698//731 822//856
f 824//858 825//859 827//860
f 809//843 811//845 825//859
f 825//859 811//845 826//861
f 825//859 826//861 827//860
f 824//858 827//860 828//862
f 828//862 827//860 829//863
f 827//860 830//864 829//863
f 827//860 826//861 830//864
f 831//865 829//863 830//864
f 826//861 832//866 830//864
f 831//865 830//864 833//867
f 833//867 830//864 832//866
f 833//867 832//866 836//868
f 831//865 833//867 835//869
f 833//867 754//788 835//869
f 833//867 759//790 754//788
f 759//790 833//867 834//870
f 833//867 836//868 834//870
f 760//793 834//870 836//868
f 836//868 756//791 760//793
f 776//811 756//791 836//868
f 782//816 776//811 836//868
f 836//868 832//866 782//816
f 754//788 831//865 835//869
f 760//793 759//790 834//870
f 826//861 837//871 832//866
f 782//816 832//866 837//871
f 782//816 837//871 785//820
f 785//820 837//871 805//839
f 811//845 805//839 837//871
f 811//845 837//871 826//861
f 831//865 752//787 838//872
f 831//865 754//788 752//787
f 839//873 831//865 838//872
f 839//873 829//863 831//865
f 841//874 840//875 839//873
f 839//873 840//875 829//863
f 841//874 839//873 842//876
f 839//873 748//782 842//876
f 839//873 752//787 748//782
f 752//787 839//873 838//872
f 748//782 841//874 842//876
f 844//877 843//878 841//874
f 841//874 843//878 840//875
f 844//877 841//874 845//879
f 841//874 746//780 845//879
f 841//874 748//782 746//780
f 746//780 844//877 845//879
f 844//877 714//748 843//878
f 714//748 844//877 726//761
f 726//761 844//877 725//759
f 724//758 844//877 746//780
f 844//877 724//758 725//759
f 714//748 713//747 843//878
f 713//747 840//875 843//878
f 713//747 828//862 840//875
f 828//862 829//863 840//875
f 710//744 828//862 713//747
f 710//744 824//858 828//862
f 707//741 824//858 710//744
f 846//880 815//850 817//852
f 677//712 817//852 680//714
f 846//880 817//852 677//712
f 847//881 815//850 846//880
f 846//880 669//703 847//881
f 846//880 670//704 669//703
f 677//712 670//704 846//880
f 847//881 848//882 849//883
f 847//881 669//703 848//882
f 849//883 814//849 847//881
f 847//881 814//849 815//850
f 849//883 848//882 850//884
f 806//841 814//849 849//883
f 806//841 849//883 800//835
f 849//883 850//884 800//835
f 800//835 850//884 803//834
f 803//834 850//884 851//885
f 851//885 850//884 852//886
f 852//886 850//884 848//882
f 853//887 852//886 666//700
f 853//887 851//885 852//886
f 852//886 848//882 667//701
f 666//700 852//886 667//701
f 855//888 853//887 666//700
f 797//833 854//889 853//887
f 854//889 851//885 853//887
f 797//833 853//887 855//888
f 660//694 659//693 855//888
f 855//888 659//693 797//833
f 855//888 666//700 660//694
f 801//837 854//889 796//831
f 796//831 854//889 798//832
f 802//838 854//889 801//837
f 798//832 854//889 797//833
f 802//838 851//885 854//889
f 803//834 851//885 802//838
f 667//701 848//882 669//703
f 807//842 814//849 806//841
f 785//820 805//839 784//818
f 779//815 786//821 780//813
f 782//816 777//810 776//811
f 776//811 773//809 756//791
f 767//801 768//802 774//808
f 756//791 773//809 758//792
f 758//792 773//809 770//805
f 758//792 770//805 762//797
f 762//797 770//805 765//800
f 643//678 767//801 648//683
f 643//678 639//673 767//801
f 750//785 735//770 751//784
f 751//784 735//770 741//771
f 728//762 724//758 744//778
f 730//764 728//762 744//778
f 636//670 856//890 740//775
f 740//775 856//890 739//774
f 636//670 740//775 738//769
f 857//891 858//892 856//890
f 856//890 636//670 857//891
f 858//892 739//774 856//890
f 737//772 858//892 859//893
f 859//893 858//892 863//894
f 858//892 860//895 863//894
f 858//892 864//896 860//895
f 862//897 861//898 858//892
f 858//892 861//898 864//896
f 858//892 857//891 862//897
f 739//774 858//892 737//772
f 861//898 866//899 864//896
f 864//896 867//900 865//901
f 864//896 865//901 868//902
f 864//896 866//899 867//900
f 860//895 864//896 868//902
f 860//895 868//902 869//903
f 869//903 868//902 870//904
f 868//902 865//901 870//904
f 873//905 869//903 870//904
f 870//904 865//901 871//906
f 874//907 870//904 871//906
f 873//905 870//904 872//908
f 870//904 874//907 872//908
f 875//909 872//908 874//907
f 876//910 875//909 874//907
f 874//907 871//906 876//910
f 871//906 878//911 876//910
f 877//912 876//910 878//911
f 876//910 877//912 875//909
f 879//913 877//912 878//911
f 878//911 880//914 879//913
f 878//911 871//906 880//914
f 871//906 881//915 880//914
f 881//915 883//916 880//914
f 880//914 883//916 882//917
f 884//918 880//914 882//917
f 880//914 884//918 879//913
f 885//919 879//913 884//918
f 886//920 885//919 884//918
f 884//918 882//917 886//920
f 882//917 888//921 886//920
f 886//920 887//922 885//919
f 887//922 886//920 888//921
f 889//923 890//924 888//921
f 891//925 889//923 888//921
f 888//921 890//924 887//922
f 891//925 888//921 882//917
f 882//917 894//926 891//925
f 891//925 895//927 892//928
f 896//929 891//925 892//928
f 889//923 891//925 893//930
f 891//925 896//929 893//930
f 894//926 895//927 891//925
f 897//931 893//930 896//929
f 898//932 897//931 896//929
f 896//929 892//928 898//932
f 892//928 901//933 898//932
f 899//934 898//932 901//933
f 900//935 898//932 899//934
f 898//932 900//935 897//931
f 892//928 902//936 901//933
f 902//936 903//937 901//933
f 901//933 903//937 899//934
f 904//938 903//937 902//936
f 904//938 905//939 903//937
f 907//940 899//934 903//937
f 906//941 903//937 905//939
f 906//941 907//940 903//937
f 907//940 900//935 899//934
f 908//942 907//940 906//941
f 908//942 909//943 907//940
f 909//943 900//935 907//940
f 912//944 910//945 909//943
f 909//943 910//945 900//935
f 911//946 909//943 908//942
f 911//946 912//944 909//943
f 912//944 913//947 910//945
f 914//948 912//944 911//946
f 915//949 913//947 912//944
f 914//948 915//949 912//944
f 918//950 916//951 915//949
f 915//949 916//951 913//947
f 918//950 915//949 917//952
f 917//952 915//949 914//948
f 919//953 918//950 917//952
f 919//953 920//954 918//950
f 920//954 916//951 918//950
f 919//953 921//955 920//954
f 921//955 916//951 920//954
f 922//956 921//955 919//953
f 922//956 923//957 921//955
f 923//957 925//958 921//955
f 921//955 913//947 916//951
f 921//955 924//959 913//947
f 921//955 925//958 924//959
f 923//957 926//960 925//958
f 925//958 926//960 887//922
f 925//958 887//922 890//924
f 924//959 925//958 890//924
f 928//961 926//960 927//962
f 927//962 926//960 923//957
f 928//961 929//963 926//960
f 926//960 885//919 887//922
f 926//960 929//963 885//919
f 930//964 929//963 928//961
f 930//964 931//965 929//963
f 929//963 931//965 885//919
f 932//966 931//965 930//964
f 932//966 933//967 931//965
f 885//919 931//965 877//912
f 931//965 933//967 877//912
f 935//968 934//969 933//967
f 933//967 934//969 875//909
f 877//912 933//967 875//909
f 935//968 933//967 932//966
f 932//966 937//970 935//968
f 936//971 934//969 935//968
f 936//971 935//968 938//972
f 935//968 937//970 938//972
f 939//973 938//972 937//970
f 938//972 939//973 940//974
f 941//975 936//971 938//972
f 938//972 940//974 941//975
f 941//975 942//976 936//971
f 940//974 942//976 941//975
f 940//974 944//977 942//976
f 943//978 936//971 942//976
f 942//976 944//977 943//978
f 944//977 940//974 945//979
f 943//978 944//977 946//980
f 947//981 944//977 945//979
f 944//977 948//982 946//980
f 947//981 948//982 944//977
f 948//982 947//981 949//983
f 946//980 948//982 951//984
f 950//985 948//982 949//983
f 950//985 952//986 948//982
f 948//982 952//986 951//984
f 952//986 950//985 953//987
f 951//984 952//986 955//988
f 956//989 952//986 953//987
f 956//989 954//990 952//986
f 952//986 954//990 955//988
f 950//985 956//989 953//987
f 950//985 957//991 956//989
f 960//992 956//989 957//991
f 956//989 958//993 959//994
f 956//989 960//992 958//993
f 954//990 956//989 959//994
f 962//995 960//992 961//996
f 961//996 960//992 963//997
f 964//998 960//992 957//991
f 962//995 958//993 960//992
f 964//998 963//997 960//992
f 967//999 963//997 964//998
f 965//1000 964//998 966//1001
f 965//1000 967//999 964//998
f 966//1001 964//998 957//991
f 967//999 970//1002 963//997
f 968//1003 967//999 965//1000
f 968//1003 969//1004 967//999
f 969//1004 970//1002 967//999
f 972//1005 970//1002 971//1006
f 971//1006 970//1002 973//1007
f 972//1005 963//997 970//1002
f 969//1004 973//1007 970//1002
f 971//1006 973//1007 975//1008
f 974//1009 973//1007 969//1004
f 975//1008 973//1007 974//1009
f 971//1006 975//1008 976//1010
f 975//1008 977//1011 976//1010
f 975//1008 974//1009 978//1012
f 979//1013 977//1011 975//1008
f 979//1013 975//1008 978//1012
f 983//1014 979//1013 980//1015
f 979//1013 981//1016 980//1015
f 979//1013 982//1017 981//1016
f 974//1009 982//1017 979//1013
f 977//1011 979//1013 984//1018
f 974//1009 979//1013 978//1012
f 984//1018 979//1013 983//1014
f 984//1018 985//1019 977//1011
f 983//1014 985//1019 984//1018
f 987//1020 985//1019 986//1021
f 986//1021 985//1019 988//1022
f 977//1011 985//1019 987//1020
f 988//1022 985//1019 989//1023
f 983//1014 989//1023 985//1019
f 989//1023 990//1024 993//1025
f 990//1024 989//1023 992//1026
f 988//1022 989//1023 991//1027
f 993//1025 991//1027 989//1023
f 989//1023 983//1014 992//1026
f 994//1028 993//1025 990//1024
f 994//1028 995//1029 993//1025
f 995//1029 991//1027 993//1025
f 994//1028 996//1030 995//1029
f 996//1030 997//1031 995//1029
f 995//1029 997//1031 991//1027
f 998//1032 997//1031 1000//1033
f 998//1032 999//1034 997//1031
f 999//1034 991//1027 997//1031
f 996//1030 1000//1033 997//1031
f 1001//1035 998//1032 1000//1033
f 1001//1035 1000//1033 1002//1036
f 1003//1037 1002//1036 1000//1033
f 1003//1037 1000//1033 996//1030
f 1003//1037 994//1028 1004//1038
f 1003//1037 1004//1038 1005//1039
f 996//1030 994//1028 1003//1037
f 1005//1039 1002//1036 1003//1037
f 1005//1039 1004//1038 1006//1040
f 1006//1040 1002//1036 1005//1039
f 1004//1038 1007//1041 1006//1040
f 1008//1042 1006//1040 1007//1041
f 1006//1040 1008//1042 1002//1036
f 1009//1043 1002//1036 1008//1042
f 1007//1041 1011//1044 1008//1042
f 1010//1045 1009//1043 1008//1042
f 1010//1045 1008//1042 1011//1044
f 1012//1046 1011//1044 1007//1041
f 1014//1047 1011//1044 1012//1046
f 1013//1048 1011//1044 1014//1047
f 1013//1048 1010//1045 1011//1044
f 1015//1049 1014//1047 1016//1050
f 1014//1047 1015//1049 1013//1048
f 1014//1047 1012//1046 1017//1051
f 1016//1050 1014//1047 1017//1051
f 1018//1052 1017//1051 1004//1038
f 1004//1038 1017//1051 1012//1046
f 1017//1051 1018//1052 1016//1050
f 1021//1053 1018//1052 1004//1038
f 1018//1052 1020//1054 1019//1055
f 1018//1052 1019//1055 1024//1056
f 1020//1054 1018//1052 1025//1057
f 1022//1058 1018//1052 1021//1053
f 1018//1052 1022//1058 1026//1059
f 1016//1050 1018//1052 1023//1060
f 1023//1060 1018//1052 1024//1056
f 1018//1052 1026//1059 1025//1057
f 1027//1061 1026//1059 1022//1058
f 1026//1059 1028//1062 1025//1057
f 1027//1061 1028//1062 1026//1059
f 1028//1062 1030//1063 1029//1064
f 1029//1064 1031//1065 1028//1062
f 1030//1063 1028//1062 1033//1066
f 1028//1062 1031//1065 1020//1054
f 1025//1057 1028//1062 1020//1054
f 1033//1066 1028//1062 1032//1067
f 1032//1067 1028//1062 1027//1061
f 1033//1066 1034//1068 1030//1063
f 1033//1066 1035//1069 1034//1068
f 1032//1067 1035//1069 1033//1066
f 1036//1070 1035//1069 1038//1071
f 1035//1069 1036//1070 1034//1068
f 1035//1069 1037//1072 1038//1071
f 1039//1073 1037//1072 1035//1069
f 1032//1067 1039//1073 1035//1069
f 1037//1072 1039//1073 1041//1074
f 1041//1074 1039//1073 1040//1075
f 1039//1073 1027//1061 1040//1075
f 1039//1073 1032//1067 1027//1061
f 1043//1076 1041//1074 1042//1077
f 1041//1074 1040//1075 1042//1077
f 1041//1074 1044//1078 1037//1072
f 1044//1078 1041//1074 1043//1076
f 1045//1079 1044//1078 1046//1080
f 1045//1079 1047//1081 1044//1078
f 1048//1082 1046//1080 1044//1078
f 1048//1082 1044//1078 1043//1076
f 1038//1071 1044//1078 1047//1081
f 1044//1078 1038//1071 1037//1072
f 1043//1076 1049//1083 1048//1082
f 1049//1083 1046//1080 1048//1082
f 1043//1076 1056//1084 1049//1083
f 1049//1083 1051//1085 1050//1086
f 1054//1087 1049//1083 1050//1086
f 1049//1083 1052//1088 1051//1085
f 1049//1083 1053//1089 1052//1088
f 1053//1089 1049//1083 1055//1090
f 1049//1083 1054//1087 1046//1080
f 1049//1083 1056//1084 1055//1090
f 1056//1084 994//1028 1057//1091
f 1057//1091 1055//1090 1056//1084
f 1056//1084 1004//1038 994//1028
f 1021//1053 1004//1038 1056//1084
f 1056//1084 1043//1076 1042//1077
f 1056//1084 1042//1077 1021//1053
f 1058//1092 1055//1090 1057//1091
f 1057//1091 994//1028 1058//1092
f 1055//1090 1058//1092 1059//1093
f 1060//1094 1059//1093 1058//1092
f 1058//1092 994//1028 1060//1094
f 1060//1094 1062//1095 1061//1096
f 1061//1096 1059//1093 1060//1094
f 1060//1094 994//1028 1062//1095
f 1063//1097 1064//1098 1062//1095
f 1062//1095 1068//1099 1063//1097
f 1069//1100 1062//1095 1064//1098
f 1061//1096 1062//1095 1069//1100
f 1065//1101 1062//1095 1066//1102
f 1068//1099 1062//1095 1065//1101
f 1066//1102 1062//1095 1067//1103
f 1067//1103 1062//1095 994//1028
f 1069//1100 1071//1104 1070//1105
f 1070//1105 689//724 1069//1100
f 1069//1100 689//724 1061//1096
f 1071//1104 1069//1100 1064//1098
f 1074//1106 1072//1107 1071//1104
f 1077//1108 1071//1104 1072//1107
f 1074//1106 1071//1104 1073//1109
f 1073//1109 1071//1104 1075//1110
f 1071//1104 1064//1098 1075//1110
f 1076//1111 1071//1104 1078//1112
f 1070//1105 1071//1104 1076//1111
f 1078//1112 1071//1104 1077//1108
f 1078//1112 1079//1113 1076//1111
f 1077//1108 1079//1113 1078//1112
f 1080//1114 1079//1113 1082//1115
f 1076//1111 1079//1113 1080//1114
f 1079//1113 1085//1116 1081//1117
f 1081//1117 1084//1118 1079//1113
f 1079//1113 1083//1119 1082//1115
f 1079//1113 1084//1118 1083//1119
f 1085//1116 1079//1113 1077//1108
f 1085//1116 1072//1107 1086//1120
f 1077//1108 1072//1107 1085//1116
f 1086//1120 1081//1117 1085//1116
f 1086//1120 1072//1107 1088//1121
f 1087//1122 1081//1117 1086//1120
f 1086//1120 1088//1121 1087//1122
f 1090//1123 1089//1124 1088//1121
f 1092//1125 1088//1121 1089//1124
f 1090//1123 1088//1121 1091//1126
f 1091//1126 1088//1121 1072//1107
f 1087//1122 1088//1121 1092//1125
f 1092//1125 1094//1127 1087//1122
f 1092//1125 1089//1124 1093//1128
f 1093//1128 1095//1129 1092//1125
f 1092//1125 1095//1129 1094//1127
f 1099//1130 1096//1131 1095//1129
f 1096//1131 1097//1132 1095//1129
f 1095//1129 1097//1132 1098//1133
f 1095//1129 1098//1133 1094//1127
f 1099//1130 1095//1129 1093//1128
f 1099//1130 1089//1124 1100//1134
f 1099//1130 1100//1134 1101//1135
f 1101//1135 1096//1131 1099//1130
f 1093//1128 1089//1124 1099//1130
f 1101//1135 1100//1134 1102//1136
f 1102//1136 1096//1131 1101//1135
f 1102//1136 1100//1134 1105//1137
f 1102//1136 1103//1138 1096//1131
f 1104//1139 1103//1138 1102//1136
f 1102//1136 1105//1137 1104//1139
f 1107//1140 1106//1141 1105//1137
f 1109//1142 1105//1137 1106//1141
f 1107//1140 1105//1137 1108//1143
f 1108//1143 1105//1137 1100//1134
f 1104//1139 1105//1137 1109//1142
f 1109//1142 1106//1141 1110//1144
f 1110//1144 1111//1145 1109//1142
f 1109//1142 1103//1138 1104//1139
f 1109//1142 1111//1145 1103//1138
f 1115//1146 1111//1145 1110//1144
f 1115//1146 1112//1147 1111//1145
f 1112//1147 1113//1148 1111//1145
f 1111//1145 1114//1149 1103//1138
f 1111//1145 1113//1148 1114//1149
f 1115//1146 1106//1141 1116//1150
f 1115//1146 1116//1150 1117//1151
f 1110//1144 1106//1141 1115//1146
f 1117//1151 1112//1147 1115//1146
f 1118//1152 1112//1147 1117//1151
f 1117//1151 1116//1150 1118//1152
f 1118//1152 1119//1153 1121//1154
f 1118//1152 1116//1150 1119//1153
f 1118//1152 1120//1155 1112//1147
f 1121//1154 1120//1155 1118//1152
f 1121//1154 1119//1153 1122//1156
f 1122//1156 1120//1155 1121//1154
f 1122//1156 1119//1153 1123//1157
f 1122//1156 1123//1157 1124//1158
f 1124//1158 609//643 1122//1156
f 1122//1156 609//643 1120//1155
f 1124//1158 1123//1157 608//642
f 608//642 609//643 1124//1158
f 1126//1159 1123//1157 1125//1160
f 1125//1160 1123//1157 1119//1153
f 608//642 1123//1157 604//638
f 1126//1159 604//638 1123//1157
f 1127//1161 1126//1159 1128//1162
f 1127//1161 603//637 1126//1159
f 1128//1162 1126//1159 1125//1160
f 603//637 604//638 1126//1159
f 1129//1163 1127//1161 1128//1162
f 1129//1163 1128//1162 1131//1164
f 1128//1162 1125//1160 1130//1165
f 1131//1164 1128//1162 1130//1165
f 1132//1166 1131//1164 1133//1167
f 1132//1166 1129//1163 1131//1164
f 1133//1167 1131//1164 1134//1168
f 1131//1164 1130//1165 1134//1168
f 1133//1167 1134//1168 1136//1169
f 1134//1168 1130//1165 1135//1170
f 1134//1168 1135//1170 1137//1171
f 1136//1169 1134//1168 1137//1171
f 1137//1171 1138//1172 1139//1173
f 1137//1171 1135//1170 1138//1172
f 1140//1174 1137//1171 1139//1173
f 1136//1169 1137//1171 1140//1174
f 1143//1175 1140//1174 1141//1176
f 1141//1176 1140//1174 1142//1177
f 1140//1174 1139//1173 1142//1177
f 1143//1175 1136//1169 1140//1174
f 1145//1178 1143//1175 1144//1179
f 1144//1179 1143//1175 1141//1176
f 1145//1178 1146//1180 1143//1175
f 1146//1180 1136//1169 1143//1175
f 1148//1181 1147//1182 1146//1180
f 1147//1182 1133//1167 1146//1180
f 1148//1181 1146//1180 1145//1178
f 1146//1180 1133//1167 1136//1169
f 1150//1183 1148//1181 1145//1178
f 1149//1184 1152//1185 1148//1181
f 1148//1181 1151//1186 1149//1184
f 1151//1186 1148//1181 1150//1183
f 1152//1185 1147//1182 1148//1181
f 563//597 1153//1187 1152//1185
f 1152//1185 1153//1187 1147//1182
f 1154//1188 1152//1185 1149//1184
f 1152//1185 1154//1188 1155//1189
f 1155//1189 563//597 1152//1185
f 560//595 563//597 1155//1189
f 1155//1189 561//596 560//595
f 561//596 1155//1189 1154//1188
f 1149//1184 1156//1190 1154//1188
f 561//596 1154//1188 1156//1190
f 1158//1191 561//596 1156//1190
f 1156//1190 1149//1184 1151//1186
f 1159//1192 1156//1190 1157//1193
f 1156//1190 1151//1186 1157//1193
f 1158//1191 1156//1190 1159//1192
f 622//655 1159//1192 621//656
f 621//656 1159//1192 627//661
f 1159//1192 1157//1193 627//661
f 622//655 1158//1191 1159//1192
f 557//590 561//596 1158//1191
f 1160//1194 557//590 1158//1191
f 1160//1194 1158//1191 622//655
f 616//649 1160//1194 615//650
f 615//650 1160//1194 622//655
f 554//589 557//590 1160//1194
f 616//649 554//589 1160//1194
f 1157//1193 1161//1195 630//664
f 627//661 1157//1193 630//664
f 1157//1193 1150//1183 1161//1195
f 1150//1183 1157//1193 1151//1186
f 1162//1196 630//664 1161//1195
f 1161//1195 1144//1179 1162//1196
f 1144//1179 1161//1195 1145//1178
f 1145//1178 1161//1195 1150//1183
f 630//664 1162//1196 1163//1197
f 1144//1179 1163//1197 1162//1196
f 630//664 1163//1197 631//665
f 1165//1198 631//665 1163//1197
f 1164//1199 1163//1197 1144//1179
f 1163//1197 1164//1199 1165//1198
f 1164//1199 1166//1200 1165//1198
f 631//665 1165//1198 1166//1200
f 1167//1201 633//667 1166//1200
f 1166//1200 862//897 1167//1201
f 862//897 1166//1200 1164//1199
f 631//665 1166//1200 633//667
f 633//667 1167//1201 857//891
f 862//897 857//891 1167//1201
f 1144//1179 1141//1176 1164//1199
f 1164//1199 1141//1176 1168//1202
f 1164//1199 1168//1202 862//897
f 1141//1176 1142//1177 1168//1202
f 1168//1202 1142//1177 1169//1203
f 1168//1202 1169//1203 861//898
f 862//897 1168//1202 861//898
f 1171//1204 1169//1203 1142//1177
f 1169//1203 1172//1205 1170//1206
f 1169//1203 1170//1206 866//899
f 1172//1205 1169//1203 1171//1204
f 861//898 1169//1203 866//899
f 1172//1205 1173//1207 1170//1206
f 1171//1204 1174//1208 1172//1205
f 1172//1205 1108//1143 1173//1207
f 1174//1208 1108//1143 1172//1205
f 1139//1173 1174//1208 1171//1204
f 1139//1173 1138//1172 1174//1208
f 1138//1172 1107//1140 1174//1208
f 1174//1208 1107//1140 1108//1143
f 1108//1143 1100//1134 1173//1207
f 1170//1206 1173//1207 1090//1123
f 1173//1207 1100//1134 1089//1124
f 1173//1207 1089//1124 1090//1123
f 1142//1177 1139//1173 1171//1204
f 1170//1206 1090//1123 1175//1209
f 866//899 1170//1206 1175//1209
f 1175//1209 1090//1123 1091//1126
f 866//899 1175//1209 867//900
f 867//900 1175//1209 1176//1210
f 1175//1209 1091//1126 1176//1210
f 883//916 1176//1210 894//926
f 1176//1210 895//927 894//926
f 867//900 1176//1210 883//916
f 1176//1210 1074//1106 895//927
f 1176//1210 1091//1126 1074//1106
f 563//597 566//599 1153//1187
f 1153//1187 1132//1166 1147//1182
f 1153//1187 1177//1211 1132//1166
f 566//599 1177//1211 1153//1187
f 566//599 1178//1212 1177//1211
f 1178//1212 1179//1213 1177//1211
f 1177//1211 1129//1163 1132//1166
f 1177//1211 1179//1213 1129//1163
f 1179//1213 1127//1161 1129//1163
f 1179//1213 1180//1214 1127//1161
f 1181//1215 1180//1214 1179//1213
f 1178//1212 1181//1215 1179//1213
f 1182//1216 583//617 1181//1215
f 1182//1216 1181//1215 1178//1212
f 583//617 586//620 1181//1215
f 1181//1215 586//620 1180//1214
f 577//612 579//613 1182//1216
f 577//612 1182//1216 565//601
f 579//613 583//617 1182//1216
f 565//601 1182//1216 1178//1212
f 586//620 590//625 1180//1214
f 1180//1214 590//625 603//637
f 1180//1214 603//637 1127//1161
f 565//601 1178//1212 566//599
f 1147//1182 1132//1166 1133//1167
f 1138//1172 1183//1217 1107//1140
f 1135//1170 1183//1217 1138//1172
f 1184//1218 1116//1150 1183//1217
f 1183//1217 1116//1150 1106//1141
f 1183//1217 1106//1141 1107//1140
f 1135//1170 1184//1218 1183//1217
f 1184//1218 1119//1153 1116//1150
f 1125//1160 1119//1153 1184//1218
f 1130//1165 1184//1218 1135//1170
f 1130//1165 1125//1160 1184//1218
f 609//643 612//646 1120//1155
f 1120//1155 612//646 618//652
f 1120//1155 618//652 1112//1147
f 1103//1138 1114//1149 1185//1219
f 1114//1149 1186//1220 1185//1219
f 1114//1149 624//658 1186//1220
f 1113//1148 624//658 1114//1149
f 1186//1220 1188//1221 1187//1222
f 1185//1219 1186//1220 1187//1222
f 1186//1220 625//659 1188//1221
f 624//658 625//659 1186//1220
f 634//669 1187//1222 1188//1221
f 634//669 1188//1221 628//663
f 625//659 628//663 1188//1221
f 1097//1132 1187//1222 1189//1223
f 1187//1222 634//669 1189//1223
f 1185//1219 1187//1222 1097//1132
f 1097//1132 1189//1223 1098//1133
f 1098//1133 1189//1223 644//679
f 1189//1223 637//672 644//679
f 1189//1223 634//669 637//672
f 1103//1138 1185//1219 1096//1131
f 1096//1131 1185//1219 1097//1132
f 1112//1147 618//652 1113//1148
f 618//652 619//653 1113//1148
f 1113//1148 619//653 624//658
f 1098//1133 644//679 1190//1224
f 1094//1127 1098//1133 1190//1224
f 1081//1117 1190//1224 1084//1118
f 1094//1127 1190//1224 1081//1117
f 1190//1224 645//680 1084//1118
f 1190//1224 644//679 645//680
f 1081//1117 1087//1122 1094//1127
f 1091//1126 1072//1107 1074//1106
f 1083//1119 1084//1118 1191//1225
f 1084//1118 650//685 1191//1225
f 1084//1118 645//680 650//685
f 1083//1119 1191//1225 1192//1226
f 1191//1225 650//685 652//686
f 1191//1225 652//686 1192//1226
f 1083//1119 1192//1226 682//717
f 673//707 682//717 1192//1226
f 673//707 1192//1226 672//706
f 1193//1227 1192//1226 652//686
f 672//706 1192//1226 1193//1227
f 664//698 672//706 1193//1227
f 1193//1227 652//686 662//696
f 662//696 664//698 1193//1227
f 1082//1115 1083//1119 682//717
f 1080//1114 1082//1115 684//718
f 1082//1115 682//717 684//718
f 689//724 1070//1105 1080//1114
f 1076//1111 1080//1114 1070//1105
f 1080//1114 684//718 689//724
f 1194//1228 1075//1110 1063//1097
f 1073//1109 1075//1110 1194//1228
f 1075//1110 1064//1098 1063//1097
f 1200//1229 1073//1109 1194//1228
f 1195//1230 1194//1228 1196//1231
f 1195//1230 1200//1229 1194//1228
f 1196//1231 1194//1228 1198//1232
f 1194//1228 1197//1233 1199//1234
f 1197//1233 1194//1228 1063//1097
f 1194//1228 1199//1234 1198//1232
f 892//928 1201//1235 1200//1229
f 1200//1229 902//936 892//928
f 1200//1229 1195//1230 904//938
f 902//936 1200//1229 904//938
f 1201//1235 1073//1109 1200//1229
f 895//927 1074//1106 1201//1235
f 895//927 1201//1235 892//928
f 1074//1106 1073//1109 1201//1235
f 1203//1236 1198//1232 1199//1234
f 1197//1233 1202//1237 1199//1234
f 1199//1234 1202//1237 1203//1236
f 1203//1236 1206//1238 1204//1239
f 1204//1239 1205//1240 1203//1236
f 1203//1236 1205//1240 1198//1232
f 1203//1236 1202//1237 1206//1238
f 1207//1241 1206//1238 1202//1237
f 1209//1242 1206//1238 1207//1241
f 1209//1242 1208//1243 1206//1238
f 1204//1239 1206//1238 1208//1243
f 1211//1244 1209//1242 1207//1241
f 1210//1245 1209//1242 1211//1244
f 1210//1245 1212//1246 1209//1242
f 1212//1246 1208//1243 1209//1242
f 1213//1247 1212//1246 1210//1245
f 1212//1246 1213//1247 1214//1248
f 1214//1248 1215//1249 1212//1246
f 1212//1246 1215//1249 1208//1243
f 1214//1248 1216//1250 1215//1249
f 1218//1251 1215//1249 1216//1250
f 1217//1252 1208//1243 1215//1249
f 1217//1252 1215//1249 1218//1251
f 1218//1251 1219//1253 1217//1252
f 1218//1251 1220//1254 1219//1253
f 1221//1255 1220//1254 1218//1251
f 1218//1251 1216//1250 1221//1255
f 1221//1255 1223//1256 1222//1257
f 1222//1257 1224//1258 1221//1255
f 1221//1255 1216//1250 1223//1256
f 1221//1255 1224//1258 1220//1254
f 1225//1259 914//948 1224//1258
f 1225//1259 1224//1258 1222//1257
f 1224//1258 914//948 911//946
f 1224//1258 911//946 1220//1254
f 919//953 917//952 1225//1259
f 917//952 914//948 1225//1259
f 919//953 1225//1259 1222//1257
f 1216//1250 1226//1260 1223//1256
f 1226//1260 1227//1261 1223//1256
f 1223//1256 1227//1261 1222//1257
f 919//953 1227//1261 1228//1262
f 1227//1261 1230//1263 1228//1262
f 1226//1260 1229//1264 1227//1261
f 1227//1261 1229//1264 1230//1263
f 1222//1257 1227//1261 919//953
f 1228//1262 1230//1263 1231//1265
f 1230//1263 966//1001 1231//1265
f 1229//1264 965//1000 1230//1263
f 1230//1263 965//1000 966//1001
f 1231//1265 1233//1266 1232//1267
f 1234//1268 1231//1265 1232//1267
f 1231//1265 966//1001 1233//1266
f 1228//1262 1231//1265 1234//1268
f 922//956 1228//1262 1234//1268
f 1234//1268 1232//1267 939//973
f 1235//1269 1234//1268 939//973
f 922//956 1234//1268 1235//1269
f 1235//1269 928//961 922//956
f 1235//1269 939//973 937//970
f 928//961 1235//1269 937//970
f 1233//1266 947//981 1232//1267
f 957//991 950//985 1233//1266
f 966//1001 957//991 1233//1266
f 947//981 1233//1266 950//985
f 1232//1267 940//974 939//973
f 940//974 1232//1267 947//981
f 1226//1260 1213//1247 1229//1264
f 1213//1247 968//1003 1229//1264
f 1229//1264 968//1003 965//1000
f 919//953 1228//1262 922//956
f 1213//1247 1226//1260 1236//1270
f 1226//1260 1216//1250 1214//1248
f 1226//1260 1214//1248 1236//1270
f 1214//1248 1213//1247 1236//1270
f 1220//1254 911//946 908//942
f 1220//1254 908//942 1219//1253
f 1217//1252 1219//1253 1237//1271
f 1219//1253 908//942 906//941
f 1219//1253 906//941 1237//1271
f 1217//1252 1237//1271 1204//1239
f 1204//1239 1237//1271 1205//1240
f 1237//1271 905//939 1205//1240
f 1237//1271 906//941 905//939
f 1204//1239 1208//1243 1217//1252
f 1213//1247 1210//1245 1239//1272
f 1238//1273 968//1003 1213//1247
f 1238//1273 1213//1247 1239//1272
f 1210//1245 1238//1273 1239//1272
f 1238//1273 969//1004 968//1003
f 1238//1273 982//1017 1240//1274
f 1238//1273 1210//1245 982//1017
f 974//1009 1238//1273 1240//1274
f 974//1009 969//1004 1238//1273
f 982//1017 974//1009 1240//1274
f 1211//1244 1207//1241 1241//1275
f 981//1016 1210//1245 1211//1244
f 981//1016 1211//1244 1241//1275
f 1065//1101 981//1016 1241//1275
f 1068//1099 1241//1275 1207//1241
f 1241//1275 1068//1099 1065//1101
f 1210//1245 981//1016 982//1017
f 1068//1099 1207//1241 1242//1276
f 1207//1241 1202//1237 1242//1276
f 1197//1233 1242//1276 1202//1237
f 1243//1277 1242//1276 1197//1233
f 1068//1099 1242//1276 1243//1277
f 1243//1277 1063//1097 1068//1099
f 1197//1233 1063//1097 1243//1277
f 1195//1230 1205//1240 905//939
f 1196//1231 1205//1240 1195//1230
f 1198//1232 1205//1240 1196//1231
f 905//939 904//938 1195//1230
f 1067//1103 980//1015 1066//1102
f 992//1026 1067//1103 1244//1278
f 983//1014 1067//1103 992//1026
f 1067//1103 983//1014 980//1015
f 1067//1103 994//1028 1244//1278
f 1244//1278 994//1028 990//1024
f 990//1024 992//1026 1244//1278
f 1066//1102 980//1015 981//1016
f 1066//1102 981//1016 1065//1101
f 1059//1093 1061//1096 689//724
f 1059//1093 1246//1279 1245//1280
f 1250//1281 1059//1093 1245//1280
f 1059//1093 1251//1282 1246//1279
f 1247//1283 1059//1093 1250//1281
f 1249//1284 1059//1093 1247//1283
f 1248//1285 1059//1093 1249//1284
f 1059//1093 1248//1285 1055//1090
f 689//724 1251//1282 1059//1093
f 689//724 692//726 1251//1282
f 692//726 695//730 1251//1282
f 701//735 1251//1282 695//730
f 1251//1282 701//735 1252//1286
f 1251//1282 1252//1286 1246//1279
f 701//735 1253//1287 1252//1286
f 1252//1286 1245//1280 1246//1279
f 1252//1286 1253//1287 1245//1280
f 701//735 704//738 1253//1287
f 704//738 1254//1288 1253//1287
f 1245//1280 1253//1287 1250//1281
f 1250//1281 1253//1287 1255//1289
f 1253//1287 1254//1288 1255//1289
f 1254//1288 1256//1290 1255//1289
f 1255//1289 1256//1290 1257//1291
f 1250//1281 1255//1289 1247//1283
f 1247//1283 1255//1289 1257//1291
f 1247//1283 1257//1291 1249//1284
f 1249//1284 1257//1291 1259//1292
f 1256//1290 1258//1293 1257//1291
f 1257//1291 1258//1293 1259//1292
f 1249//1284 1259//1292 1248//1285
f 1258//1293 1260//1294 1259//1292
f 1259//1292 1260//1294 1261//1295
f 1248//1285 1259//1292 1261//1295
f 1261//1295 1262//1296 1264//1297
f 1262//1296 1261//1295 1265//1298
f 1260//1294 1263//1299 1261//1295
f 1261//1295 1263//1299 1265//1298
f 1248//1285 1261//1295 1264//1297
f 1262//1296 1265//1298 1266//1300
f 1266//1300 1265//1298 1268//1301
f 1263//1299 1267//1302 1265//1298
f 1265//1298 1267//1302 1268//1301
f 1266//1300 1268//1301 1269//1303
f 1269//1303 1268//1301 1270//1304
f 1271//1305 1268//1301 1267//1302
f 1268//1301 1271//1305 1270//1304
f 1271//1305 1273//1306 1270//1304
f 1271//1305 1267//1302 1272//1307
f 1272//1307 1273//1306 1271//1305
f 1270//1304 1273//1306 1052//1088
f 1052//1088 1273//1306 1051//1085
f 1272//1307 1274//1308 1273//1306
f 1274//1308 1275//1309 1273//1306
f 1051//1085 1273//1306 1275//1309
f 1274//1308 1276//1310 1275//1309
f 1276//1310 1054//1087 1275//1309
f 1051//1085 1275//1309 1050//1086
f 1050//1086 1275//1309 1054//1087
f 1276//1310 1279//1311 1277//1312
f 1277//1312 1278//1313 1276//1310
f 1274//1308 1279//1311 1276//1310
f 1276//1310 1278//1313 1054//1087
f 1280//1314 1279//1311 1281//1315
f 1280//1314 1277//1312 1279//1311
f 1282//1316 1281//1315 1279//1311
f 1279//1311 1274//1308 1282//1316
f 1282//1316 1283//1317 1284//1318
f 1274//1308 1283//1317 1282//1316
f 1281//1315 1282//1316 1284//1318
f 1285//1319 1286//1320 1284//1318
f 1284//1318 1267//1302 1285//1319
f 1283//1317 1267//1302 1284//1318
f 1281//1315 1284//1318 1286//1320
f 1288//1321 1287//1322 1286//1320
f 1287//1322 1281//1315 1286//1320
f 1288//1321 1286//1320 1289//1323
f 1289//1323 1286//1320 1290//1324
f 1290//1324 1286//1320 1285//1319
f 1290//1324 1263//1299 1289//1323
f 1285//1319 1267//1302 1290//1324
f 1290//1324 1267//1302 1263//1299
f 1289//1323 1260//1294 1288//1321
f 1289//1323 1263//1299 1260//1294
f 708//743 1287//1322 1288//1321
f 1288//1321 1256//1290 708//743
f 1288//1321 1260//1294 1258//1293
f 1288//1321 1258//1293 1256//1290
f 708//743 711//746 1287//1322
f 711//746 1291//1325 1287//1322
f 1287//1322 1291//1325 1281//1315
f 711//746 1292//1326 1291//1325
f 1280//1314 1291//1325 1293//1327
f 1280//1314 1281//1315 1291//1325
f 1293//1327 1291//1325 1292//1326
f 1295//1328 1280//1314 1293//1327
f 1295//1328 1293//1327 1294//1329
f 1294//1329 1293//1327 1296//1330
f 1293//1327 1292//1326 1296//1330
f 1298//1331 1296//1330 1297//1332
f 1296//1330 1299//1333 1297//1332
f 1294//1329 1296//1330 1298//1331
f 1296//1330 1292//1326 1299//1333
f 715//750 1299//1333 1292//1326
f 1300//1334 1299//1333 715//750
f 1300//1334 1301//1335 1299//1333
f 1297//1332 1299//1333 1301//1335
f 1297//1332 1301//1335 1302//1336
f 1303//1337 1302//1336 1301//1335
f 1305//1338 1301//1335 1300//1334
f 1303//1337 1301//1335 1304//1339
f 1304//1339 1301//1335 1305//1338
f 1300//1334 1306//1340 1305//1338
f 1306//1340 1307//1341 1305//1338
f 1308//1342 1304//1339 1305//1338
f 1305//1338 1307//1341 1308//1342
f 1309//1343 1304//1339 1308//1342
f 1307//1341 1309//1343 1308//1342
f 1304//1339 1309//1343 1310//1344
f 1309//1343 1312//1345 1310//1344
f 1311//1346 1312//1345 1309//1343
f 1309//1343 1313//1347 1311//1346
f 1309//1343 1307//1341 1313//1347
f 1307//1341 1316//1348 1313//1347
f 1317//1349 1313//1347 1314//1350
f 1314//1350 1313//1347 1318//1351
f 1318//1351 1313//1347 1315//1352
f 1315//1352 1313//1347 1316//1348
f 1311//1346 1313//1347 1317//1349
f 1318//1351 1319//1353 1314//1350
f 1315//1352 1319//1353 1318//1351
f 1319//1353 1320//1354 1321//1355
f 1320//1354 1319//1353 1322//1356
f 1321//1355 1324//1357 1319//1353
f 1322//1356 1319//1353 732//767
f 1315//1352 732//767 1319//1353
f 1319//1353 1323//1358 1314//1350
f 1319//1353 1325//1359 1323//1358
f 1324//1357 1325//1359 1319//1353
f 1326//1360 1330//1361 1325//1359
f 1325//1359 1327//1362 1326//1360
f 1325//1359 1328//1363 1327//1362
f 1325//1359 1329//1364 1328//1363
f 1325//1359 1324//1357 1329//1364
f 1312//1345 1317//1349 1325//1359
f 1325//1359 1317//1349 1323//1358
f 1325//1359 1330//1361 1312//1345
f 1330//1361 1310//1344 1312//1345
f 1331//1365 1310//1344 1330//1361
f 1332//1366 1331//1365 1330//1361
f 1326//1360 1332//1366 1330//1361
f 1333//1367 1331//1365 1332//1366
f 1334//1368 1333//1367 1332//1366
f 1335//1369 1332//1366 1326//1360
f 1332//1366 1335//1369 1334//1368
f 1326//1360 1327//1362 1335//1369
f 1327//1362 1336//1370 1335//1369
f 1335//1369 1336//1370 1334//1368
f 1337//1371 1338//1372 1336//1370
f 1328//1363 1337//1371 1336//1370
f 1338//1372 1339//1373 1336//1370
f 1336//1370 1339//1373 1334//1368
f 1328//1363 1336//1370 1327//1362
f 1342//1374 1340//1375 1339//1373
f 1340//1375 1334//1368 1339//1373
f 1342//1374 1339//1373 1341//1376
f 1341//1376 1339//1373 1338//1372
f 1341//1377 1343//1378 1342//1379
f 1342//1374 1333//1367 1340//1375
f 1343//1380 1333//1367 1342//1374
f 1343//1378 1302//1336 1344//1381
f 1345//1382 1302//1336 1343//1378
f 1345//1382 1343//1378 1341//1377
f 1344//1381 1333//1367 1343//1380
f 1347//1383 1346//1384 1345//1382
f 1345//1382 1346//1384 1302//1336
f 1345//1382 1350//1385 1347//1383
f 1345//1382 1349//1386 1348//1387
f 1348//1387 1350//1385 1345//1382
f 1345//1382 1341//1377 1349//1386
f 1350//1385 1355//1388 1351//1389
f 1347//1383 1350//1385 1351//1389
f 1352//1390 1350//1385 1353//1391
f 1356//1392 1350//1385 1352//1390
f 1350//1385 1354//1393 1353//1391
f 1350//1385 1348//1387 1354//1393
f 1355//1388 1350//1385 1356//1392
f 1356//1392 1357//1394 1359//1395
f 1358//1396 1357//1394 1356//1392
f 1355//1388 1356//1392 1359//1395
f 1358//1396 1356//1392 1352//1390
f 1357//1394 1355//1388 1359//1395
f 1357//1394 1358//1396 1360//1397
f 1360//1397 1358//1396 1361//1398
f 1358//1396 1364//1399 1361//1398
f 1358//1396 1352//1390 1362//1400
f 1363//1401 1358//1396 1362//1400
f 1365//1402 1358//1396 1363//1401
f 1358//1396 1365//1402 1364//1399
f 1367//1403 1365//1402 1363//1401
f 1365//1402 1366//1404 1364//1399
f 1365//1402 1367//1403 1366//1404
f 1368//1405 1369//1406 1367//1403
f 1372//1407 1368//1405 1367//1403
f 1371//1408 1367//1403 1369//1406
f 1367//1403 1370//1409 1366//1404
f 1370//1409 1367//1403 1371//1408
f 1367//1403 1363//1401 1372//1407
f 1363//1401 1373//1410 1372//1407
f 1373//1410 1368//1405 1372//1407
f 1324//1357 1373//1410 1374//1411
f 1373//1410 1362//1400 1374//1411
f 1363//1401 1362//1400 1373//1410
f 1324//1357 1368//1405 1373//1410
f 1352//1390 1324//1357 1374//1411
f 1374//1411 1362//1400 1352//1390
f 1375//1412 1370//1409 1371//1408
f 1376//1413 1375//1412 1371//1408
f 1376//1413 1371//1408 1369//1406
f 1368//1405 1376//1413 1369//1406
f 1377//1414 1376//1413 1368//1405
f 1376//1413 1377//1414 1378//1415
f 1378//1415 1375//1412 1376//1413
f 1378//1415 1379//1416 1375//1412
f 1377//1414 1379//1416 1378//1415
f 1380//1417 1381//1418 1379//1416
f 1382//1419 1380//1417 1379//1416
f 1379//1416 1381//1418 1375//1412
f 1377//1414 1383//1420 1379//1416
f 1382//1419 1379//1416 1383//1420
f 1383//1420 1377//1414 1384//1421
f 1384//1421 1386//1422 1383//1420
f 1385//1423 1382//1419 1383//1420
f 1385//1423 1383//1420 1386//1422
f 1387//1424 1385//1423 1386//1422
f 1387//1424 1386//1422 1389//1425
f 1388//1426 1386//1422 1384//1421
f 1388//1426 1389//1425 1386//1422
f 1392//1427 1387//1424 1389//1425
f 1393//1428 1389//1425 1388//1426
f 1390//1429 1389//1425 1393//1428
f 1391//1430 1389//1425 1390//1429
f 1392//1427 1389//1425 1391//1430
f 1393//1428 1394//1431 1395//1432
f 1384//1421 1394//1431 1393//1428
f 1384//1421 1393//1428 1388//1426
f 1390//1429 1393//1428 1395//1432
f 1395//1432 1394//1431 1396//1433
f 1396//1433 1390//1429 1395//1432
f 1394//1431 1398//1434 1396//1433
f 1396//1433 1397//1435 1390//1429
f 1397//1435 1396//1433 1398//1434
f 1394//1431 1399//1436 1398//1434
f 1399//1436 1397//1435 1398//1434
f 1400//1437 1399//1436 1394//1431
f 1399//1436 1400//1437 1401//1438
f 1401//1438 1402//1439 1399//1436
f 1399//1436 1402//1439 1397//1435
f 1401//1438 1404//1440 1402//1439
f 1403//1441 1405//1442 1402//1439
f 1404//1440 1403//1441 1402//1439
f 1402//1439 1405//1442 1397//1435
f 1392//1427 1397//1435 1405//1442
f 1408//1443 1405//1442 1406//1444
f 1406//1444 1405//1442 1403//1441
f 1409//1445 1405//1442 1407//1446
f 1407//1446 1405//1442 1408//1443
f 1392//1427 1405//1442 1409//1445
f 1410//1447 1409//1445 1407//1446
f 1410//1447 1392//1427 1409//1445
f 1411//1448 1410//1447 1407//1446
f 1410//1447 1411//1448 1412//1449
f 1412//1449 1385//1423 1410//1447
f 1392//1427 1410//1447 1387//1424
f 1410//1447 1385//1423 1387//1424
f 1413//1450 1412//1449 1411//1448
f 1413//1450 1414//1451 1412//1449
f 1385//1423 1412//1449 1414//1451
f 1414//1451 1382//1419 1385//1423
f 1415//1452 1382//1419 1414//1451
f 1414//1451 1413//1450 1415//1452
f 1415//1452 1413//1450 1416//1453
f 1415//1452 1416//1453 1417//1454
f 1382//1419 1415//1452 1417//1454
f 1382//1419 1417//1454 1418//1455
f 1416//1453 1418//1455 1417//1454
f 1419//1456 1382//1419 1418//1455
f 1418//1455 1420//1457 1419//1456
f 1420//1457 1418//1455 1416//1453
f 1423//1458 1420//1457 1416//1453
f 1421//1459 1422//1460 1420//1457
f 1423//1458 1421//1459 1420//1457
f 1422//1460 1419//1456 1420//1457
f 1425//1461 1424//1462 1423//1458
f 1424//1462 1421//1459 1423//1458
f 1426//1463 1423//1458 1416//1453
f 1425//1461 1423//1458 1426//1463
f 1428//1464 1426//1463 1413//1450
f 1426//1463 1416//1453 1413//1450
f 1427//1465 1426//1463 1428//1464
f 1427//1465 1425//1461 1426//1463
f 1430//1466 1427//1465 1428//1464
f 1429//1467 1428//1464 1411//1448
f 1430//1466 1428//1464 1429//1467
f 1428//1464 1413//1450 1411//1448
f 1429//1467 961//996 1430//1466
f 1430//1466 961//996 972//1005
f 1430//1466 972//1005 1431//1468
f 1430//1466 1431//1468 1432//1469
f 1432//1469 1427//1465 1430//1466
f 1434//1470 1433//1471 1432//1469
f 1432//1469 1433//1471 1427//1465
f 1432//1469 1435//1472 1434//1470
f 1432//1469 1431//1468 1435//1472
f 1434//1470 1435//1472 1436//1473
f 1435//1472 998//1032 1436//1473
f 1435//1472 999//1034 998//1032
f 1431//1468 999//1034 1435//1472
f 1436//1473 1009//1043 1437//1474
f 1434//1470 1436//1473 1437//1474
f 1436//1473 1001//1035 1009//1043
f 1436//1473 998//1032 1001//1035
f 1437//1474 1010//1045 1438//1475
f 1434//1470 1437//1474 1438//1475
f 1437//1474 1009//1043 1010//1045
f 1438//1475 1010//1045 1439//1476
f 1434//1470 1438//1475 1439//1476
f 1439//1476 1440//1477 1434//1470
f 1441//1478 1440//1477 1439//1476
f 1442//1479 1441//1478 1439//1480
f 1439//1476 1010//1045 1442//1479
f 1442//1479 1443//1481 1441//1478
f 1444//1482 1443//1481 1442//1479
f 1010//1045 1444//1482 1442//1479
f 1444//1482 1015//1049 1443//1481
f 1013//1048 1015//1049 1444//1482
f 1010//1045 1013//1048 1444//1482
f 1447//1483 1443//1481 1015//1049
f 1445//1484 1443//1481 1446//1485
f 1441//1478 1443//1481 1445//1484
f 1446//1485 1443//1481 1447//1483
f 1019//1055 1446//1485 1447//1483
f 1024//1056 1019//1055 1447//1483
f 1024//1056 1447//1483 1023//1060
f 1023//1060 1447//1483 1015//1049
f 1449//1486 1448//1487 1446//1485
f 1445//1484 1446//1485 1448//1487
f 1449//1486 1446//1485 1019//1055
f 1448//1487 1449//1486 1452//1488
f 1031//1065 1450//1489 1449//1486
f 1449//1486 1450//1489 1451//1490
f 1031//1065 1449//1486 1020//1054
f 1453//1491 1449//1486 1451//1490
f 1020//1054 1449//1486 1019//1055
f 1452//1488 1449//1486 1453//1491
f 1453//1491 1454//1492 1452//1488
f 1453//1491 1455//1493 1454//1492
f 1450//1489 1455//1493 1453//1491
f 1450//1489 1453//1491 1451//1490
f 1454//1492 1455//1493 1458//1494
f 1450//1489 1456//1495 1455//1493
f 1455//1493 1456//1495 1457//1496
f 1455//1493 1457//1496 1458//1494
f 1454//1492 1458//1494 1459//1497
f 1459//1497 1458//1494 1461//1498
f 1458//1494 1457//1496 1460//1499
f 1458//1494 1460//1499 1461//1498
f 1459//1497 1461//1498 1424//1462
f 1424//1462 1461//1498 1421//1459
f 1461//1498 1460//1499 1462//1500
f 1461//1498 1462//1500 1421//1459
f 1421//1459 1462//1500 1422//1460
f 1464//1501 1422//1460 1462//1500
f 1462//1500 1463//1502 1464//1501
f 1463//1502 1462//1500 1460//1499
f 1463//1502 1465//1503 1464//1501
f 1464//1501 1465//1503 1466//1504
f 1464//1501 1466//1504 1467//1505
f 1467//1505 1422//1460 1464//1501
f 1467//1505 1468//1506 1422//1460
f 1468//1506 1467//1505 1469//1507
f 1467//1505 1470//1508 1469//1507
f 1467//1505 1471//1509 1470//1508
f 1467//1505 1466//1504 1471//1509
f 1466//1504 1472//1510 1471//1509
f 1357//1394 1471//1509 1472//1510
f 1471//1509 1357//1394 1473//1511
f 1470//1508 1471//1509 1473//1511
f 1360//1397 1361//1398 1473//1511
f 1361//1398 1470//1508 1473//1511
f 1473//1511 1357//1394 1360//1397
f 1466//1504 1474//1512 1472//1510
f 1474//1512 1475//1513 1472//1510
f 1355//1388 1472//1510 1475//1513
f 1357//1394 1472//1510 1355//1388
f 1474//1512 1476//1514 1475//1513
f 1476//1514 1346//1384 1475//1513
f 1351//1389 1475//1513 1346//1384
f 1355//1388 1475//1513 1351//1389
f 1476//1514 1479//1515 1346//1384
f 1478//1516 1477//1517 1476//1514
f 1477//1517 1479//1515 1476//1514
f 1478//1516 1476//1514 1474//1512
f 1479//1515 1302//1336 1346//1384
f 1477//1517 1298//1331 1479//1515
f 1479//1515 1297//1332 1302//1336
f 1298//1331 1297//1332 1479//1515
f 1481//1518 1480//1519 1478//1516
f 1480//1519 1477//1517 1478//1516
f 1465//1503 1478//1516 1474//1512
f 1481//1518 1478//1516 1465//1503
f 1480//1519 1481//1518 1482//1520
f 1463//1502 1481//1518 1465//1503
f 1463//1502 1482//1520 1481//1518
f 1483//1521 1480//1519 1482//1520
f 1482//1520 1484//1522 1483//1521
f 1482//1520 1463//1502 1485//1523
f 1482//1520 1485//1523 1484//1522
f 1463//1502 1460//1499 1485//1523
f 1485//1523 1460//1499 1484//1522
f 1483//1521 1484//1522 1486//1524
f 1484//1522 1457//1496 1486//1524
f 1484//1522 1460//1499 1457//1496
f 1487//1525 1486//1524 1456//1495
f 1486//1524 1457//1496 1456//1495
f 1486//1524 1487//1525 1489//1526
f 1483//1521 1486//1524 1488//1527
f 1488//1527 1486//1524 1489//1526
f 1491//1528 1488//1527 1489//1526
f 1489//1526 1487//1525 1490//1529
f 1490//1529 1491//1528 1489//1526
f 1491//1528 1034//1068 1488//1527
f 1030//1063 1034//1068 1491//1528
f 1491//1528 1029//1064 1030//1063
f 1029//1064 1491//1528 1490//1529
f 1487//1525 1029//1064 1490//1529
f 1483//1521 1488//1527 1492//1530
f 1034//1068 1492//1530 1488//1527
f 1493//1531 1483//1521 1492//1530
f 1493//1531 1492//1530 1495//1532
f 1494//1533 1495//1532 1492//1530
f 1034//1068 1494//1533 1492//1530
f 1495//1532 1496//1534 1493//1531
f 1494//1533 1496//1534 1495//1532
f 1493//1531 1496//1534 1045//1079
f 1047//1081 1045//1079 1496//1534
f 1497//1535 1047//1081 1496//1534
f 1497//1535 1496//1534 1494//1533
f 1036//1070 1047//1081 1497//1535
f 1034//1068 1036//1070 1497//1535
f 1034//1068 1497//1535 1494//1533
f 1483//1521 1493//1531 1500//1536
f 1498//1537 1493//1531 1499//1538
f 1498//1537 1500//1536 1493//1531
f 1493//1531 1045//1079 1499//1538
f 1483//1521 1500//1536 1480//1519
f 1500//1536 1498//1537 1501//1539
f 1500//1536 1502//1540 1480//1519
f 1500//1536 1501//1539 1502//1540
f 1502//1540 1298//1331 1477//1517
f 1480//1519 1502//1540 1477//1517
f 1502//1540 1294//1329 1298//1331
f 1501//1539 1294//1329 1502//1540
f 1501//1539 1503//1541 1295//1328
f 1501//1539 1295//1328 1294//1329
f 1503//1541 1501//1539 1498//1537
f 1503//1541 1498//1537 1504//1542
f 1278//1313 1503//1541 1504//1542
f 1278//1313 1505//1543 1503//1541
f 1505//1543 1295//1328 1503//1541
f 1277//1312 1280//1314 1505//1543
f 1505//1543 1280//1314 1295//1328
f 1505//1543 1278//1313 1277//1312
f 1498//1537 1278//1313 1504//1542
f 1499//1538 1045//1079 1498//1537
f 1498//1537 1045//1079 1278//1313
f 1487//1525 1450//1489 1506//1544
f 1487//1525 1456//1495 1450//1489
f 1031//1065 1487//1525 1506//1544
f 1029//1064 1487//1525 1031//1065
f 1450//1489 1031//1065 1506//1544
f 1465//1503 1474//1512 1466//1504
f 1470//1508 1508//1545 1469//1507
f 1361//1398 1507//1546 1470//1508
f 1507//1546 1508//1545 1470//1508
f 1507//1546 1509//1547 1508//1545
f 1509//1547 1375//1412 1508//1545
f 1508//1545 1510//1548 1469//1507
f 1508//1545 1381//1418 1510//1548
f 1508//1545 1375//1412 1381//1418
f 1468//1506 1469//1507 1510//1548
f 1510//1548 1381//1418 1468//1506
f 1366//1404 1370//1409 1509//1547
f 1366//1404 1509//1547 1507//1546
f 1375//1412 1509//1547 1370//1409
f 1364//1399 1507//1546 1361//1398
f 1364//1399 1366//1404 1507//1546
f 1419//1456 1422//1460 1468//1506
f 1419//1456 1468//1506 1511//1549
f 1468//1506 1380//1417 1511//1549
f 1468//1506 1381//1418 1380//1417
f 1380//1417 1419//1456 1511//1549
f 1513//1550 1459//1497 1424//1462
f 1512//1551 1459//1497 1513//1550
f 1512//1551 1454//1492 1459//1497
f 1440//1477 1512//1551 1513//1550
f 1440//1477 1513//1550 1433//1471
f 1433//1471 1513//1550 1425//1461
f 1513//1550 1424//1462 1425//1461
f 1452//1488 1454//1492 1512//1551
f 1445//1484 1512//1551 1440//1477
f 1448//1487 1512//1551 1445//1484
f 1452//1488 1512//1551 1448//1487
f 1445//1484 1440//1477 1441//1478
f 1434//1470 1440//1477 1433//1471
f 1433//1471 1425//1461 1427//1465
f 986//1021 988//1022 1431//1468
f 1431//1468 987//1020 986//1021
f 1431//1468 971//1006 987//1020
f 1431//1468 988//1022 999//1034
f 1431//1468 972//1005 971//1006
f 1429//1467 1411//1448 1514//1552
f 1406//1444 1429//1467 1514//1552
f 1429//1467 1515//1553 961//996
f 1515//1553 1429//1467 1517//1554
f 1517//1554 1429//1467 1516//1555
f 1516//1555 1429//1467 1406//1444
f 1517//1554 1519//1556 1518//1557
f 1517//1554 1518//1557 1520//1558
f 1516//1555 1519//1556 1517//1554
f 1517//1554 1520//1558 1515//1553
f 1515//1553 1520//1558 1521//1559
f 1521//1559 1520//1558 1522//1560
f 1522//1560 1520//1558 1523//1561
f 1520//1558 1518//1557 1523//1561
f 1523//1561 1524//1562 1526//1563
f 1524//1562 1523//1561 1525//1564
f 1523//1561 1518//1557 1525//1564
f 1527//1565 1522//1560 1523//1561
f 1527//1565 1523//1561 1526//1563
f 1527//1565 1529//1566 1528//1567
f 1528//1567 1522//1560 1527//1565
f 1526//1563 1529//1566 1527//1565
f 1529//1566 1322//1356 1533//1568
f 1400//1437 1322//1356 1529//1566
f 1530//1569 1529//1566 1535//1570
f 1528//1567 1529//1566 1530//1569
f 1531//1571 1529//1566 1534//1572
f 1535//1570 1529//1566 1531//1571
f 1529//1566 736//773 859//893
f 859//893 863//894 1529//1566
f 1529//1566 863//894 1532//1573
f 1529//1566 1524//1562 1400//1437
f 1534//1572 1529//1566 1532//1573
f 736//773 1529//1566 1533//1568
f 1529//1566 1526//1563 1524//1562
f 1531//1571 1536//1574 1535//1570
f 1535//1570 1536//1574 1537//1575
f 1535//1570 1537//1575 1530//1569
f 1536//1574 1538//1576 1537//1575
f 1539//1577 1537//1575 1538//1576
f 1539//1577 1530//1569 1537//1575
f 1539//1577 1522//1560 1540//1578
f 1541//1579 1522//1560 1539//1577
f 1530//1569 1539//1577 1540//1578
f 1539//1577 1538//1576 1541//1579
f 1541//1579 1521//1559 1522//1560
f 1521//1559 1541//1579 1542//1580
f 1541//1579 1538//1576 1542//1580
f 1545//1581 1521//1559 1542//1580
f 1542//1580 1544//1582 1543//1583
f 1545//1581 1542//1580 1543//1583
f 1542//1580 1538//1576 1544//1582
f 962//995 1545//1581 1543//1583
f 962//995 1515//1553 1545//1581
f 1515//1553 1521//1559 1545//1581
f 958//993 1543//1583 1544//1582
f 1544//1582 1538//1576 958//993
f 958//993 962//995 1543//1583
f 1540//1578 1522//1560 1528//1567
f 1530//1569 1540//1578 1528//1567
f 958//993 1538//1576 954//990
f 954//990 1538//1576 1536//1574
f 955//988 954//990 1536//1574
f 1531//1571 955//988 1536//1574
f 1534//1572 955//988 1531//1571
f 1532//1573 1546//1584 1534//1572
f 951//984 1534//1572 1546//1584
f 1534//1572 951//984 955//988
f 1532//1573 1547//1585 1546//1584
f 1547//1585 951//984 1546//1584
f 1547//1585 1532//1573 869//903
f 1547//1585 869//903 1548//1586
f 1547//1585 943//978 946//980
f 1548//1586 943//978 1547//1585
f 1547//1585 946//980 951//984
f 1548//1586 869//903 1549//1587
f 1550//1588 1548//1586 1549//1587
f 1550//1588 943//978 1548//1586
f 1552//1589 943//978 1550//1588
f 1551//1590 1550//1588 1549//1587
f 1551//1590 1552//1589 1550//1588
f 1553//1591 943//978 1552//1589
f 1551//1590 1554//1592 1552//1589
f 1552//1589 934//969 1553//1591
f 1552//1589 1554//1592 934//969
f 872//908 1554//1592 873//905
f 1554//1592 1551//1590 873//905
f 875//909 934//969 1554//1592
f 872//908 875//909 1554//1592
f 936//971 943//978 1553//1591
f 934//969 936//971 1553//1591
f 869//903 873//905 1551//1590
f 1549//1587 869//903 1551//1590
f 1533//1568 732//767 736//773
f 732//767 1533//1568 1322//1356
f 1532//1573 860//895 869//903
f 863//894 860//895 1532//1573
f 1524//1562 1525//1564 1555//1593
f 1518//1557 1519//1556 1525//1564
f 1525//1564 1519//1556 1404//1440
f 1555//1593 1525//1564 1404//1440
f 1555//1593 1400//1437 1524//1562
f 1401//1438 1400//1437 1555//1593
f 1555//1593 1404//1440 1401//1438
f 1516//1555 1403//1441 1519//1556
f 1519//1556 1403//1441 1404//1440
f 1406//1444 1403//1441 1516//1555
f 961//996 1515//1553 962//995
f 1411//1448 1407//1446 1514//1552
f 1406//1444 1514//1552 1408//1443
f 1408//1443 1514//1552 1407//1446
f 1419//1456 1380//1417 1382//1419
f 1394//1431 1321//1355 1400//1437
f 1400//1437 1321//1355 1320//1354
f 1322//1356 1400//1437 1320//1354
f 1397//1435 1392//1427 1391//1430
f 1397//1435 1391//1430 1390//1429
f 1321//1355 1394//1431 1368//1405
f 1377//1414 1368//1405 1394//1431
f 1377//1414 1394//1431 1384//1421
f 1324//1357 1321//1355 1368//1405
f 1349//1386 1354//1393 1348//1387
f 1353//1391 1354//1393 1337//1371
f 1349//1386 1338//1372 1354//1393
f 1354//1393 1338//1372 1337//1371
f 1324//1357 1352//1390 1353//1391
f 1324//1357 1353//1391 1329//1364
f 1329//1364 1353//1391 1337//1371
f 1351//1389 1346//1384 1347//1383
f 1341//1376 1338//1372 1349//1386
f 1303//1337 1331//1365 1344//1381
f 1344//1381 1302//1336 1303//1337
f 1344//1381 1331//1365 1333//1367
f 1334//1368 1340//1375 1333//1367
f 1329//1364 1337//1371 1328//1363
f 1303//1337 1310//1344 1331//1365
f 1317//1349 1314//1350 1323//1358
f 1317//1349 1312//1345 1311//1346
f 1558//1594 1556//1595 1316//1348
f 1557//1596 1316//1348 1556//1595
f 1315//1352 1316//1348 1557//1596
f 1307//1341 1558//1594 1316//1348
f 716//751 1558//1594 1307//1341
f 717//752 1558//1594 716//751
f 717//752 1559//1597 1558//1594
f 1558//1594 1559//1597 1556//1595
f 717//752 719//754 1559//1597
f 1559//1597 719//754 1560//1598
f 1559//1597 1560//1598 1556//1595
f 1561//1599 1556//1595 1560//1598
f 719//754 722//757 1560//1598
f 1560//1598 1562//1600 1561//1599
f 1562//1600 1560//1598 722//757
f 1562//1600 732//767 1561//1599
f 733//768 732//767 1562//1600
f 1562//1600 722//757 733//768
f 1561//1599 732//767 1557//1596
f 1557//1596 1556//1595 1561//1599
f 1557//1596 732//767 1315//1352
f 1304//1339 1310//1344 1303//1337
f 716//751 1307//1341 1306//1340
f 1300//1334 716//751 1306//1340
f 715//750 716//751 1300//1334
f 715//750 1292//1326 711//746
f 1272//1307 1267//1302 1283//1317
f 1283//1317 1274//1308 1272//1307
f 1278//1313 1045//1079 1046//1080
f 1278//1313 1046//1080 1054//1087
f 1270//1304 1052//1088 1053//1089
f 1269//1303 1270//1304 1053//1089
f 1269//1303 1055//1090 1266//1300
f 1053//1089 1055//1090 1269//1303
f 1266//1300 1055//1090 1262//1296
f 1055//1090 1264//1297 1262//1296
f 1055//1090 1248//1285 1264//1297
f 708//743 1256//1290 1254//1288
f 708//743 1254//1288 1563//1601
f 1563//1601 1254//1288 704//738
f 703//737 708//743 1563//1601
f 1563//1601 704//738 703//737
f 1038//1071 1047//1081 1036//1070
f 1021//1053 1042//1077 1040//1075
f 1022//1058 1021//1053 1040//1075
f 1040//1075 1027//1061 1022//1058
f 1023//1060 1015//1049 1016//1050
f 1004//1038 1012//1046 1007//1041
f 1009//1043 1001//1035 1002//1036
f 999//1034 988//1022 991//1027
f 987//1020 971//1006 976//1010
f 977//1011 987//1020 976//1010
f 961//996 963//997 972//1005
f 958//993 954//990 959//994
f 947//981 950//985 949//983
f 940//974 947//981 945//979
f 928//961 937//970 930//964
f 930//964 937//970 932//966
f 922//956 928//961 927//962
f 922//956 927//962 923//957
f 924//959 910//945 913//947
f 924//959 900//935 910//945
f 900//935 924//959 897//931
f 924//959 890//924 897//931
f 893//930 897//931 890//924
f 883//916 894//926 882//917
f 893//930 890//924 889//923
f 879//913 885//919 877//912
f 867//900 883//916 881//915
f 865//901 867//900 881//915
f 865//901 881//915 871//906
f 859//893 736//773 737//772
f 633//667 857//891 636//670
f 641//676 738//769 735//770
f 641//676 636//670 738//769
f 727//760 724//758 728//762
f 720//753 714//748 726//761
f 698//731 707//741 699//732
f 704//738 701//735 700//736
f 698//731 699//732 697//733
f 680//714 687//722 679//715
f 682//717 676//710 675//709
f 682//717 673//707 676//710
f 655//690 657//692 654//689
f 613//647 551//585 616//649
f 551//585 554//589 616//649
f 550//584 551//585 613//647
f 610//644 550//584 613//647
f 601//636 1564//1602 610//644
f 1564//1602 550//584 610//644
f 1564//1602 547//581 550//584
f 1565//1603 547//581 1564//1602
f 596//631 1565//1603 1564//1602
f 596//631 1564//1602 601//636
f 597//632 1566//1604 1565//1603
f 1566//1604 548//583 1565//1603
f 1565//1603 548//583 547//581
f 597//632 1565//1603 596//631
f 1567//1605 1568//1606 1566//1604
f 1567//1605 1566//1604 597//632
f 1566//1604 1569//1607 548//583
f 1568//1606 1569//1607 1566//1604
f 1568//1606 1570//1608 1569//1607
f 1570//1608 541//576 1569//1607
f 1569//1607 542//577 548//583
f 1569//1607 541//576 542//577
f 1571//1609 1570//1608 1568//1606
f 1571//1609 1572//1610 1570//1608
f 1572//1610 1573//1611 1570//1608
f 1570//1608 1573//1611 541//576
f 1572//1610 1574//1612 1573//1611
f 1574//1612 1575//1613 1573//1611
f 1573//1611 1575//1613 539//574
f 1573//1611 539//574 541//576
f 1576//1614 1577//1615 1575//1613
f 1574//1612 1576//1614 1575//1613
f 1575//1613 1577//1615 536//571
f 1575//1613 536//571 539//574
f 1576//1614 1578//1616 1577//1615
f 1578//1616 1579//1617 1577//1615
f 1577//1615 1579//1617 535//568
f 1577//1615 535//568 536//571
f 1579//1617 1582//1618 1580//1619
f 1579//1617 1580//1619 535//568
f 1578//1616 1581//1620 1579//1617
f 1581//1620 1583//1621 1579//1617
f 1582//1618 1579//1617 1583//1621
f 1584//1622 1583//1621 1586//1623
f 1583//1621 1584//1622 1582//1618
f 1581//1620 1585//1624 1583//1621
f 1586//1623 1583//1621 1585//1624
f 1586//1623 520//554 1584//1622
f 1586//1623 1589//1625 1587//1626
f 1587//1626 1588//1627 1586//1623
f 1589//1625 1586//1623 1585//1624
f 1586//1623 1588//1627 520//554
f 1585//1624 1581//1620 1589//1625
f 1590//1628 1589//1625 1581//1620
f 1590//1628 1591//1629 1589//1625
f 1587//1626 1589//1625 1591//1629
f 1592//1630 1587//1626 1591//1629
f 1591//1629 1590//1628 1592//1630
f 1593//1631 1592//1630 1590//1628
f 1593//1631 1594//1632 1592//1630
f 1587//1626 1592//1630 1595//1633
f 1595//1633 1592//1630 1594//1632
f 1596//1634 1599//1635 1595//1633
f 1595//1633 1598//1636 1596//1634
f 1595//1633 1597//1637 1587//1626
f 1595//1633 1599//1635 1597//1637
f 1598//1636 1595//1633 1594//1632
f 1599//1635 491//525 494//527
f 1599//1635 494//527 1597//1637
f 1596//1634 1600//1638 1599//1635
f 491//525 1599//1635 1600//1638
f 1601//1639 1600//1638 1596//1634
f 1601//1639 485//519 1600//1638
f 485//519 486//520 1600//1638
f 1600//1638 486//520 491//525
f 1596//1634 1603//1640 1601//1639
f 1601//1639 1603//1640 1602//1641
f 1604//1642 1601//1639 1602//1641
f 1601//1639 1604//1642 1605//1643
f 1605//1643 485//519 1601//1639
f 1606//1644 1605//1643 1608//1645
f 1605//1643 1606//1644 1607//1646
f 1607//1646 484//518 1605//1643
f 1605//1643 484//518 485//519
f 1605//1643 1604//1642 1608//1645
f 1608//1645 1609//1647 1606//1644
f 1609//1647 1608//1645 1604//1642
f 1609//1647 1604//1642 1610//1648
f 1612//1649 1609//1647 1610//1648
f 1613//1650 1611//1651 1609//1647
f 1611//1651 1606//1644 1609//1647
f 1613//1650 1609//1647 1612//1649
f 1614//1652 1611//1651 1613//1650
f 1613//1650 1616//1653 1614//1652
f 1615//1654 1613//1650 1612//1649
f 1617//1655 1613//1650 1615//1654
f 1616//1653 1613//1650 1617//1655
f 1617//1655 1615//1654 1620//1656
f 1618//1657 1617//1655 1620//1656
f 1619//1658 1617//1655 1618//1657
f 1617//1655 1619//1658 1616//1653
f 1620//1656 1615//1654 1621//1659
f 1621//1659 1618//1657 1620//1656
f 1615//1654 1623//1660 1621//1659
f 1621//1659 1622//1661 1618//1657
f 1622//1661 1621//1659 1623//1660
f 1615//1654 1624//1662 1623//1660
f 1624//1662 1622//1661 1623//1660
f 1625//1663 1627//1664 1624//1662
f 1624//1662 1626//1665 1625//1663
f 1626//1665 1624//1662 1615//1654
f 1624//1662 1627//1664 1622//1661
f 1628//1666 1627//1664 1625//1663
f 1628//1666 1630//1667 1627//1664
f 1630//1667 1629//1668 1627//1664
f 1629//1668 1631//1669 1627//1664
f 1627//1664 1631//1669 1622//1661
f 1635//1670 1632//1671 1631//1669
f 1631//1669 1632//1671 1622//1661
f 1633//1672 1631//1669 1629//1668
f 1631//1669 1633//1672 1634//1673
f 1635//1670 1631//1669 1634//1673
f 1635//1670 1637//1674 1636//1675
f 1636//1675 1632//1671 1635//1670
f 1634//1673 1637//1674 1635//1670
f 1637//1674 1638//1676 1639//1677
f 1637//1674 1634//1673 1638//1676
f 1641//1678 1637//1674 1639//1677
f 1640//1679 1642//1680 1637//1674
f 1640//1679 1637//1674 1641//1678
f 1637//1674 1642//1680 1636//1675
f 1642//1680 1640//1679 1643//1681
f 1643//1681 1644//1682 1642//1680
f 1644//1682 1636//1675 1642//1680
f 1643//1681 1645//1683 1644//1682
f 1632//1671 1644//1682 1618//1657
f 1636//1675 1644//1682 1632//1671
f 1618//1657 1644//1682 1619//1658
f 1644//1682 1645//1683 1619//1658
f 1648//1684 1645//1683 1643//1681
f 1619//1658 1645//1683 1646//1685
f 1645//1683 1647//1686 1646//1685
f 1648//1684 1647//1686 1645//1683
f 1640//1679 1649//1687 1648//1684
f 1643//1681 1640//1679 1648//1684
f 1647//1686 1648//1684 1649//1687
f 1640//1679 1650//1688 1649//1687
f 1650//1688 1647//1686 1649//1687
f 1641//1678 1650//1688 1640//1679
f 1651//1689 1650//1688 1641//1678
f 1651//1689 1654//1690 1650//1688
f 1650//1688 1654//1690 1652//1691
f 1652//1691 1653//1692 1650//1688
f 1650//1688 1653//1692 1647//1686
f 1659//1693 1655//1694 1654//1690
f 1654//1690 1655//1694 1656//1695
f 1654//1690 1656//1695 1657//1696
f 1658//1697 1654//1690 1657//1696
f 1654//1690 1653//1692 1652//1691
f 1653//1692 1654//1690 1658//1697
f 1659//1693 1654//1690 1651//1689
f 1651//1689 1660//1698 1659//1693
f 1659//1693 1660//1698 1665//1699
f 1655//1694 1659//1693 1661//1700
f 1659//1693 1663//1701 1661//1700
f 1659//1693 1662//1702 1663//1701
f 1659//1693 1664//1703 1662//1702
f 1665//1699 1664//1703 1659//1693
f 293//325 1665//1699 341//373
f 293//325 1666//1704 1665//1699
f 341//373 1665//1699 343//374
f 343//374 1665//1699 1660//1698
f 1665//1699 1666//1704 1669//1705
f 1665//1699 1667//1706 1664//1703
f 1665//1699 1668//1707 1667//1706
f 1668//1707 1665//1699 1669//1705
f 1669//1705 1670//1708 1671//1709
f 1666//1704 1670//1708 1669//1705
f 1671//1709 1668//1707 1669//1705
f 1670//1708 1672//1710 1671//1709
f 1671//1709 1672//1710 1668//1707
f 1672//1710 1675//1711 1673//1712
f 1673//1712 1674//1713 1672//1710
f 1667//1706 1672//1710 1674//1713
f 1675//1711 1672//1710 1670//1708
f 1668//1707 1672//1710 1667//1706
f 1670//1708 1676//1714 1675//1711
f 1675//1711 1676//1714 1677//1715
f 1675//1711 185//211 1678//1716
f 1677//1715 185//211 1675//1711
f 1673//1712 1675//1711 1678//1716
f 185//211 1673//1712 1678//1716
f 1677//1715 188//214 184//210
f 188//214 1677//1715 1679//1717
f 1680//1718 1679//1717 1677//1715
f 1680//1718 1677//1715 1676//1714
f 185//211 1677//1715 184//210
f 202//228 1679//1717 1680//1718
f 1681//1719 202//228 1680//1718
f 1681//1719 1680//1718 1676//1714
f 1666//1704 1682//1720 1681//1719
f 1681//1719 1676//1714 1666//1704
f 1682//1720 202//228 1681//1719
f 293//325 1682//1720 1666//1704
f 293//325 208//234 1682//1720
f 1682//1720 208//234 205//231
f 205//231 202//228 1682//1720
f 202//228 203//229 1679//1717
f 188//214 1679//1717 191//217
f 191//217 1679//1717 203//229
f 1666//1704 1676//1714 1670//1708
f 1683//1721 1674//1713 1673//1712
f 1683//1721 1684//1722 1674//1713
f 1664//1703 1674//1713 1684//1722
f 1667//1706 1674//1713 1664//1703
f 1686//1723 1684//1722 1683//1721
f 1686//1723 1685//1724 1684//1722
f 1662//1702 1684//1722 1685//1724
f 1684//1722 1662//1702 1664//1703
f 1689//1725 1686//1723 1687//1726
f 1687//1726 1686//1723 1683//1721
f 1689//1725 1688//1727 1686//1723
f 1688//1727 1685//1724 1686//1723
f 174//200 1689//1725 1687//1726
f 1690//1728 1688//1727 1689//1725
f 1691//1729 1690//1728 1689//1725
f 1691//1729 1689//1725 174//200
f 1693//1730 1690//1728 1691//1729
f 1691//1729 172//198 1692//1731
f 1691//1729 1692//1731 1693//1730
f 174//200 172//198 1691//1729
f 1690//1728 1693//1730 1694//1732
f 1692//1731 1694//1732 1693//1730
f 1694//1732 1695//1733 1697//1734
f 1692//1731 1695//1733 1694//1732
f 1697//1734 1696//1735 1694//1732
f 1696//1735 1690//1728 1694//1732
f 1697//1734 1698//1736 1696//1735
f 1699//1737 1698//1736 1697//1734
f 1697//1734 1695//1733 1699//1737
f 1656//1695 1698//1736 1699//1737
f 1656//1695 1699//1737 1700//1738
f 1699//1737 1701//1739 1700//1738
f 1699//1737 1695//1733 1701//1739
f 1702//1740 1700//1738 1701//1739
f 1702//1740 1701//1739 1703//1741
f 1695//1733 171//197 1701//1739
f 1701//1739 171//197 169//196
f 1703//1741 1701//1739 169//196
f 1704//1742 1703//1741 170//195
f 1703//1741 169//196 170//195
f 1704//1742 1702//1740 1703//1741
f 1704//1742 170//195 159//185
f 1704//1742 159//185 1705//1743
f 1704//1742 1705//1743 1707//1744
f 1704//1742 1707//1744 1706//1745
f 1657//1696 1704//1742 1706//1745
f 1704//1742 1656//1695 1702//1740
f 1704//1742 1657//1696 1656//1695
f 1705//1743 1708//1746 1707//1744
f 1707//1744 1708//1746 1706//1745
f 160//186 1708//1746 1705//1743
f 161//188 1708//1746 160//186
f 1658//1697 1708//1746 1710//1747
f 1706//1745 1708//1746 1658//1697
f 161//188 1709//1748 1708//1746
f 1710//1747 1708//1746 1709//1748
f 1712//1749 1711//1750 1710//1747
f 1710//1747 1711//1750 1658//1697
f 1712//1749 1710//1747 1714//1751
f 1710//1747 1709//1748 1713//1752
f 1710//1747 1713//1752 1714//1751
f 1713//1752 1715//1753 1714//1751
f 1714//1751 1716//1754 1712//1749
f 1714//1751 1715//1753 1716//1754
f 1716//1754 1715//1753 1717//1755
f 1716//1754 1717//1755 1718//1756
f 1716//1754 1711//1750 1712//1749
f 1718//1756 1711//1750 1716//1754
f 1717//1755 1719//1757 1718//1756
f 1720//1758 1718//1756 1719//1757
f 1718//1756 1720//1758 1711//1750
f 1647//1686 1653//1692 1720//1758
f 1646//1685 1647//1686 1720//1758
f 1721//1759 1720//1758 1719//1757
f 1720//1758 1653//1692 1711//1750
f 1721//1759 1646//1685 1720//1758
f 1719//1757 1614//1652 1721//1759
f 1722//1760 1646//1685 1721//1759
f 1721//1759 1614//1652 1722//1760
f 1614//1652 1616//1653 1722//1760
f 1722//1760 1619//1658 1646//1685
f 1619//1658 1722//1760 1616//1653
f 1719//1757 1717//1755 1614//1652
f 1717//1755 1723//1761 1614//1652
f 1717//1755 1715//1753 1723//1761
f 1614//1652 1723//1761 1611//1651
f 1723//1761 1726//1762 1611//1651
f 1724//1763 1723//1761 1725//1764
f 1723//1761 1724//1763 1726//1762
f 1715//1753 1725//1764 1723//1761
f 1728//1765 1726//1762 1724//1763
f 1727//1766 1611//1651 1726//1762
f 1726//1762 1607//1646 1727//1766
f 1607//1646 1726//1762 1728//1765
f 1728//1765 1725//1764 1729//1767
f 1725//1764 1728//1765 1724//1763
f 1729//1767 1730//1768 1728//1765
f 1728//1765 1730//1768 1731//1769
f 1728//1765 1731//1769 1607//1646
f 475//508 1731//1769 1730//1768
f 1607//1646 1731//1769 484//518
f 479//513 484//518 1731//1769
f 1731//1769 474//509 477//512
f 479//513 1731//1769 477//512
f 1731//1769 475//508 474//509
f 1729//1767 1732//1770 1730//1768
f 475//508 1730//1768 473//507
f 473//507 1730//1768 1732//1770
f 1729//1767 1733//1771 1732//1770
f 469//504 473//507 1732//1770
f 469//504 1732//1770 1733//1771
f 1729//1767 1734//1772 1733//1771
f 1734//1772 470//503 1733//1771
f 1733//1771 470//503 469//504
f 1736//1773 1734//1772 1729//1767
f 1735//1774 470//503 1734//1772
f 1734//1772 1736//1773 1735//1774
f 1729//1767 1738//1775 1736//1773
f 1736//1773 1737//1776 1739//1777
f 1737//1776 1736//1773 1740//1778
f 1736//1773 1738//1775 1740//1778
f 1741//1779 1736//1773 1739//1777
f 1736//1773 1741//1779 1735//1774
f 1742//1780 1735//1774 1741//1779
f 1741//1779 1743//1781 1742//1780
f 1744//1782 1743//1781 1741//1779
f 1741//1779 1739//1777 1744//1782
f 1745//1783 1743//1781 1744//1782
f 1744//1782 1739//1777 1745//1783
f 1745//1783 1739//1777 1746//1784
f 1746//1784 1747//1785 1745//1783
f 1745//1783 1747//1785 1743//1781
f 1749//1786 1748//1787 1747//1785
f 1747//1785 1748//1787 47//51
f 1747//1785 47//51 49//54
f 1749//1786 1747//1785 1746//1784
f 1743//1781 1747//1785 49//54
f 1750//1788 1751//1789 1749//1786
f 1746//1784 1750//1788 1749//1786
f 1748//1787 1749//1786 1751//1789
f 1750//1788 1752//1790 1751//1789
f 1754//1791 1751//1789 1752//1790
f 1751//1789 1753//1792 1748//1787
f 1753//1792 1751//1789 1754//1791
f 1757//1793 1754//1791 1752//1790
f 45//50 1754//1791 1756//1794
f 1754//1791 45//50 1755//1795
f 1754//1791 1755//1795 1753//1792
f 1757//1793 1756//1794 1754//1791
f 1752//1790 1759//1796 1757//1793
f 1756//1794 1757//1793 1758//1797
f 1759//1796 1758//1797 1757//1793
f 1750//1788 1763//1798 1759//1796
f 1752//1790 1750//1788 1759//1796
f 1759//1796 1762//1799 1760//1800
f 1765//1801 1759//1796 1760//1800
f 1759//1796 1763//1798 1761//1802
f 1764//1803 1759//1796 1761//1802
f 1759//1796 1764//1803 1762//1799
f 1759//1796 1765//1801 1758//1797
f 1765//1801 1760//1800 1767//1804
f 1765//1801 1766//1805 1758//1797
f 1767//1804 1766//1805 1765//1801
f 1760//1800 1769//1806 1767//1804
f 1767//1804 1768//1807 1766//1805
f 1768//1807 1767//1804 1769//1806
f 1769//1806 1760//1800 2//5
f 1769//1806 2//5 1770//1808
f 1770//1808 11//15 1769//1806
f 1769//1806 11//15 1768//1807
f 1770//1808 2//5 9//13
f 9//13 11//15 1770//1808
f 43//48 1768//1807 42//47
f 1768//1807 43//48 1766//1805
f 42//47 1768//1807 11//15
f 43//48 1756//1794 1766//1805
f 1758//1797 1766//1805 1756//1794
f 1771//1809 1762//1799 1764//1803
f 1761//1802 1771//1809 1764//1803
f 1771//1809 1763//1798 1773//1810
f 1771//1809 1761//1802 1763//1798
f 1762//1799 1771//1809 1772//1811
f 1772//1811 1771//1809 122//148
f 1773//1810 1775//1812 1771//1809
f 1771//1809 1776//1813 122//148
f 1771//1809 1775//1812 1774//1814
f 1776//1813 1771//1809 1774//1814
f 130//156 129//155 1776//1813
f 122//148 1776//1813 129//155
f 1774//1814 130//156 1776//1813
f 1777//1815 162//189 1775//1812
f 162//189 1774//1814 1775//1812
f 1775//1812 1773//1810 1777//1815
f 1778//1816 1777//1815 1773//1810
f 1778//1816 1780//1817 1777//1815
f 1779//1818 162//189 1777//1815
f 1779//1818 1777//1815 1780//1817
f 1780//1817 1778//1816 1781//1819
f 1781//1819 1779//1818 1780//1817
f 1778//1816 1782//1820 1781//1819
f 1709//1748 1781//1819 1782//1820
f 1781//1819 1709//1748 1779//1818
f 1782//1820 1778//1816 1783//1821
f 1782//1820 1783//1821 1713//1752
f 1713//1752 1709//1748 1782//1820
f 1740//1778 1783//1821 1737//1776
f 1778//1816 1737//1776 1783//1821
f 1715//1753 1713//1752 1783//1821
f 1783//1821 1738//1775 1715//1753
f 1783//1821 1740//1778 1738//1775
f 1779//1818 1709//1748 1784//1822
f 162//189 1779//1818 1784//1822
f 1784//1822 1709//1748 161//188
f 161//188 162//189 1784//1822
f 1778//1816 1786//1823 1737//1776
f 1773//1810 1785//1824 1778//1816
f 1786//1823 1778//1816 1785//1824
f 1785//1824 1739//1777 1786//1823
f 1739//1777 1737//1776 1786//1823
f 1773//1810 1787//1825 1785//1824
f 1739//1777 1785//1824 1750//1788
f 1750//1788 1785//1824 1787//1825
f 1763//1798 1750//1788 1787//1825
f 1787//1825 1773//1810 1763//1798
f 1774//1814 162//189 130//156
f 1760//1800 1772//1811 1788//1826
f 1772//1811 1760//1800 1762//1799
f 122//148 1788//1826 1772//1811
f 1760//1800 1788//1826 2//5
f 121//147 2//5 1788//1826
f 1788//1826 122//148 121//147
f 45//50 1756//1794 43//48
f 45//50 47//51 1755//1795
f 1755//1795 1748//1787 1753//1792
f 1755//1795 47//51 1748//1787
f 1746//1784 1739//1777 1750//1788
f 1742//1780 1743//1781 51//55
f 1743//1781 49//54 51//55
f 470//503 1735//1774 1742//1780
f 471//506 470//503 1742//1780
f 1742//1780 51//55 471//506
f 1738//1775 1729//1767 1789//1827
f 1789//1827 1715//1753 1738//1775
f 1729//1767 1725//1764 1789//1827
f 1715//1753 1789//1827 1725//1764
f 1607//1646 1606//1644 1727//1766
f 1611//1651 1727//1766 1606//1644
f 1658//1697 1711//1750 1653//1692
f 1706//1745 1658//1697 1657//1696
f 1705//1743 159//185 160//186
f 1700//1738 1702//1740 1656//1695
f 1698//1736 1688//1727 1696//1735
f 1698//1736 1685//1724 1688//1727
f 1685//1724 1698//1736 1790//1828
f 1656//1695 1790//1828 1698//1736
f 1661//1700 1685//1724 1790//1828
f 1661//1700 1790//1828 1655//1694
f 1790//1828 1656//1695 1655//1694
f 1696//1735 1688//1727 1690//1728
f 1791//1829 1695//1733 1692//1731
f 171//197 1695//1733 1791//1829
f 1692//1731 172//198 1791//1829
f 1791//1829 172//198 171//197
f 174//200 1687//1726 175//201
f 175//201 1687//1726 1792//1830
f 1683//1721 1792//1830 1687//1726
f 175//201 1792//1830 177//203
f 1792//1830 1673//1712 1793//1831
f 1792//1830 1683//1721 1673//1712
f 1792//1830 179//205 177//203
f 1793//1831 179//205 1792//1830
f 1793//1831 1673//1712 185//211
f 185//211 180//206 1793//1831
f 1793//1831 180//206 179//205
f 1685//1724 1661//1700 1663//1701
f 1662//1702 1685//1724 1663//1701
f 1795//1832 1660//1698 1794//1833
f 1651//1689 1794//1833 1660//1698
f 343//374 1660//1698 1795//1832
f 1795//1832 342//376 343//374
f 1795//1832 1794//1833 1796//1834
f 1795//1832 355//390 342//376
f 1796//1834 355//390 1795//1832
f 1796//1834 359//394 355//390
f 1796//1834 1797//1835 1798//1836
f 1796//1834 1794//1833 1797//1835
f 1798//1836 359//394 1796//1834
f 1798//1836 368//402 359//394
f 1798//1836 1799//1837 1801//1838
f 1798//1836 1797//1835 1799//1837
f 1798//1836 1800//1839 368//402
f 1800//1839 1798//1836 1801//1838
f 1801//1838 1803//1840 1802//1841
f 1802//1841 1800//1839 1801//1838
f 1801//1838 1799//1837 1803//1840
f 1804//1842 1802//1841 1803//1840
f 1805//1843 1803//1840 1799//1837
f 1804//1842 1803//1840 1805//1843
f 1805//1843 1799//1837 1639//1677
f 1638//1676 1806//1844 1805//1843
f 1805//1843 1806//1844 1804//1842
f 1639//1677 1638//1676 1805//1843
f 1806//1844 1807//1845 1804//1842
f 1806//1844 1809//1846 1807//1845
f 1638//1676 1810//1847 1806//1844
f 1809//1846 1806//1844 1808//1848
f 1806//1844 1810//1847 1808//1848
f 1811//1849 1808//1848 1810//1847
f 1812//1850 1811//1849 1810//1847
f 1810//1847 1638//1676 1812//1850
f 1633//1672 1629//1668 1812//1850
f 1812//1850 1638//1676 1633//1672
f 1812//1850 1629//1668 1811//1849
f 1808//1848 1811//1849 1813//1851
f 1813//1851 1811//1849 1814//1852
f 1814//1852 1811//1849 1630//1667
f 1811//1849 1629//1668 1630//1667
f 1816//1853 1813//1851 1814//1852
f 1815//1854 1814//1852 1817//1855
f 1815//1854 1816//1853 1814//1852
f 1817//1855 1814//1852 1630//1667
f 1817//1855 1819//1856 1815//1854
f 1817//1855 1630//1667 1818//1857
f 1818//1857 1819//1856 1817//1855
f 1628//1666 1820//1858 1819//1856
f 1820//1858 1822//1859 1819//1856
f 1628//1666 1819//1856 1818//1857
f 1822//1859 1821//1860 1819//1856
f 1821//1860 1823//1861 1819//1856
f 1819//1856 1823//1861 1815//1854
f 1823//1861 1821//1860 1824//1862
f 1824//1862 1816//1853 1823//1861
f 1816//1853 1815//1854 1823//1861
f 1824//1862 1821//1860 1826//1863
f 1824//1862 1826//1863 1825//1864
f 1825//1864 1816//1853 1824//1862
f 1826//1863 1827//1865 1825//1864
f 1826//1863 1828//1866 1827//1865
f 1828//1866 1826//1863 1829//1867
f 1826//1863 1821//1860 1830//1868
f 1826//1863 1830//1868 1829//1867
f 1821//1860 1832//1869 1830//1868
f 1829//1867 1830//1868 1831//1870
f 1830//1868 1833//1871 1831//1870
f 1830//1868 1832//1869 1833//1871
f 1832//1869 1590//1628 1833//1871
f 1833//1871 1590//1628 1581//1620
f 1833//1871 1581//1620 1578//1616
f 1831//1870 1833//1871 1578//1616
f 1834//1872 1593//1631 1832//1869
f 1821//1860 1834//1872 1832//1869
f 1832//1869 1593//1631 1590//1628
f 1834//1872 1822//1859 1836//1873
f 1821//1860 1822//1859 1834//1872
f 1834//1872 1835//1874 1593//1631
f 1836//1873 1835//1874 1834//1872
f 1836//1873 1610//1648 1835//1874
f 1612//1649 1610//1648 1836//1873
f 1626//1665 1612//1649 1836//1873
f 1626//1665 1836//1873 1822//1859
f 1835//1874 1837//1875 1598//1636
f 1835//1874 1598//1636 1593//1631
f 1610//1648 1603//1640 1835//1874
f 1837//1875 1835//1874 1603//1640
f 1603//1640 1596//1634 1837//1875
f 1596//1634 1598//1636 1837//1875
f 1829//1867 1831//1870 1838//1876
f 1838//1876 1831//1870 1576//1614
f 1831//1870 1578//1616 1576//1614
f 1840//1877 1829//1867 1838//1876
f 1838//1876 1576//1614 1574//1612
f 1840//1877 1838//1876 1839//1878
f 1839//1878 1838//1876 1574//1612
f 1839//1878 1843//1879 1840//1877
f 1828//1866 1829//1867 1840//1877
f 1840//1877 1843//1879 1841//1880
f 1842//1881 1840//1877 1841//1880
f 1828//1866 1840//1877 1842//1881
f 1839//1878 1844//1882 1843//1879
f 1844//1882 1845//1883 1843//1879
f 1845//1883 1841//1880 1843//1879
f 1844//1882 1847//1884 1845//1883
f 1846//1885 1848//1886 1845//1883
f 1847//1884 1846//1885 1845//1883
f 1845//1883 1848//1886 1849//1887
f 1841//1880 1845//1883 1849//1887
f 1828//1866 1849//1887 1851//1888
f 1842//1881 1849//1887 1828//1866
f 1848//1886 1850//1889 1849//1887
f 1841//1880 1849//1887 1842//1881
f 1849//1887 1850//1889 1851//1888
f 1828//1866 1851//1888 1827//1865
f 1851//1888 1825//1864 1827//1865
f 1825//1864 1851//1888 1816//1853
f 1850//1889 1852//1890 1851//1888
f 1851//1888 1852//1890 1816//1853
f 1809//1846 1813//1851 1852//1890
f 1852//1890 1813//1851 1816//1853
f 1853//1891 1852//1890 1850//1889
f 1852//1890 1853//1891 1854//1892
f 1809//1846 1852//1890 1854//1892
f 1807//1845 1854//1892 1853//1891
f 1807//1845 1809//1846 1854//1892
f 1855//1893 1807//1845 1853//1891
f 1853//1891 1850//1889 1855//1893
f 1807//1845 1855//1893 1857//1894
f 1857//1894 1855//1893 1856//1895
f 1855//1893 1848//1886 1856//1895
f 1855//1893 1850//1889 1848//1886
f 1857//1894 1862//1896 1858//1897
f 1859//1898 1857//1894 1858//1897
f 1807//1845 1857//1894 1859//1898
f 1857//1894 1856//1895 1860//1899
f 1863//1900 1857//1894 1860//1899
f 1863//1900 1861//1901 1857//1894
f 1857//1894 1861//1901 1865//1902
f 1857//1894 1864//1903 1862//1896
f 1857//1894 1865//1902 1864//1903
f 1865//1902 1866//1904 1864//1903
f 1865//1902 1867//1905 1866//1904
f 1861//1901 1867//1905 1865//1902
f 1866//1904 1867//1905 1868//1906
f 1861//1901 1869//1907 1867//1905
f 1868//1906 1867//1905 1870//1908
f 1867//1905 1869//1907 1870//1908
f 1872//1909 1870//1908 1871//1910
f 1871//1910 1870//1908 1873//1911
f 1872//1909 1868//1906 1870//1908
f 1870//1908 1869//1907 1873//1911
f 1876//1912 1873//1911 1874//1913
f 1869//1907 1874//1913 1873//1911
f 1875//1914 1873//1911 1876//1912
f 1873//1911 1875//1914 1871//1910
f 1878//1915 1876//1912 1877//1916
f 1876//1912 1879//1917 1877//1916
f 1876//1912 1878//1915 1875//1914
f 1876//1912 1874//1913 1879//1917
f 1880//1918 1879//1917 1874//1913
f 1877//1916 1879//1917 1847//1884
f 1881//1919 1847//1884 1879//1917
f 1880//1918 1881//1919 1879//1917
f 1882//1920 1881//1919 1884//1921
f 1882//1920 1883//1922 1881//1919
f 1881//1919 1883//1922 1847//1884
f 1884//1921 1881//1919 1880//1918
f 1885//1923 1882//1920 1884//1921
f 1884//1921 1880//1918 1885//1923
f 1869//1907 1861//1901 1885//1923
f 1861//1901 1863//1900 1885//1923
f 1885//1923 1880//1918 1869//1907
f 1885//1923 1886//1924 1882//1920
f 1885//1923 1863//1900 1886//1924
f 1886//1924 1883//1922 1882//1920
f 1863//1900 1846//1885 1886//1924
f 1886//1924 1846//1885 1883//1922
f 1883//1922 1846//1885 1847//1884
f 1869//1907 1880//1918 1874//1913
f 1887//1925 1871//1910 1878//1915
f 1887//1925 1878//1915 1571//1609
f 1878//1915 1877//1916 1839//1878
f 1878//1915 1839//1878 1572//1610
f 1878//1915 1871//1910 1875//1914
f 1878//1915 1572//1610 1571//1609
f 1887//1925 1872//1909 1871//1910
f 1887//1925 1889//1926 1872//1909
f 1887//1925 1893//1927 1888//1928
f 1889//1926 1887//1925 1888//1928
f 1887//1925 1571//1609 1891//1929
f 1890//1930 1887//1925 1892//1931
f 1893//1927 1887//1925 1890//1930
f 1891//1929 1892//1931 1887//1925
f 1890//1930 1894//1932 1893//1927
f 1893//1927 1894//1932 1897//1933
f 1895//1934 1896//1935 1893//1927
f 1893//1927 1897//1933 1895//1934
f 1893//1927 1896//1935 1888//1928
f 1898//1936 1897//1933 1900//1937
f 1899//1938 1897//1933 1898//1936
f 1900//1937 1897//1933 1894//1932
f 1899//1938 1895//1934 1897//1933
f 1900//1937 424//458 422//457
f 1900//1937 422//457 1898//1936
f 424//458 1900//1937 1901//1939
f 1900//1937 1894//1932 1901//1939
f 1902//1940 424//458 1901//1939
f 1901//1939 1894//1932 1902//1940
f 1894//1932 1903//1941 1902//1940
f 1904//1942 1902//1940 1903//1941
f 1902//1940 1904//1942 424//458
f 424//458 1904//1942 425//459
f 1905//1943 1904//1942 1903//1941
f 1905//1943 1906//1944 1904//1942
f 1904//1942 429//463 425//459
f 1904//1942 1906//1944 429//463
f 1907//1945 1906//1944 1905//1943
f 1907//1945 1908//1946 1906//1944
f 1906//1944 431//465 429//463
f 1906//1944 1908//1946 431//465
f 514//548 1908//1946 1907//1945
f 1908//1946 438//473 431//465
f 514//548 438//473 1908//1946
f 1905//1943 1909//1947 1907//1945
f 1907//1945 1909//1947 513//549
f 1907//1945 513//549 514//548
f 1911//1948 1909//1947 1910//1949
f 1912//1950 1910//1949 1909//1947
f 513//549 1909//1947 1911//1948
f 1905//1943 1894//1932 1909//1947
f 1892//1931 1909//1947 1894//1932
f 1912//1950 1909//1947 1892//1931
f 1892//1931 1891//1929 1912//1950
f 1913//1951 1910//1949 1912//1950
f 1912//1950 1891//1929 1913//1951
f 1913//1951 1891//1929 1914//1952
f 1914//1952 1910//1949 1913//1951
f 1914//1952 592//626 1910//1949
f 1915//1953 592//626 1914//1952
f 1914//1952 1567//1605 1915//1953
f 1914//1952 1891//1929 1567//1605
f 594//627 592//626 1915//1953
f 1915//1953 1567//1605 594//627
f 1911//1948 1910//1949 1917//1954
f 516//550 1911//1948 1916//1955
f 516//550 513//549 1911//1948
f 1916//1955 1911//1948 1917//1954
f 1917//1954 1910//1949 592//626
f 1917//1954 592//626 587//622
f 1916//1955 1917//1954 584//619
f 584//619 1917//1954 587//622
f 524//559 516//550 1916//1955
f 524//559 1916//1955 581//615
f 581//615 1916//1955 584//619
f 1894//1932 1905//1943 1903//1941
f 1899//1938 394//428 1918//1956
f 1899//1938 422//457 394//428
f 422//457 1899//1938 1898//1936
f 1918//1956 1895//1934 1899//1938
f 389//422 1919//1957 1918//1956
f 394//428 389//422 1918//1956
f 1918//1956 1919//1957 1895//1934
f 1919//1957 389//422 386//420
f 386//420 1921//1958 1919//1957
f 1919//1957 1920//1959 1896//1935
f 1919//1957 1896//1935 1895//1934
f 1919//1957 1921//1958 1920//1959
f 386//420 383//417 1921//1958
f 1922//1960 1920//1959 1921//1958
f 383//417 1922//1960 1921//1958
f 1922//1960 1923//1961 1924//1962
f 1926//1963 1923//1961 1922//1960
f 1920//1959 1922//1960 1924//1962
f 383//417 1925//1964 1922//1960
f 1925//1964 1926//1963 1922//1960
f 1926//1963 1927//1965 1931//1966
f 1927//1965 1926//1963 1925//1964
f 1926//1963 1930//1967 1928//1968
f 1929//1969 1926//1963 1928//1968
f 1929//1969 1923//1961 1926//1963
f 1931//1966 1930//1967 1926//1963
f 370//404 1931//1966 1927//1965
f 1931//1966 370//404 1800//1839
f 1931//1966 1800//1839 1932//1970
f 1932//1970 1930//1967 1931//1966
f 1932//1970 1800//1839 1802//1841
f 1930//1967 1932//1970 1802//1841
f 1858//1897 1930//1967 1859//1898
f 1858//1897 1929//1969 1930//1967
f 1802//1841 1859//1898 1930//1967
f 1930//1967 1929//1969 1928//1968
f 1929//1969 1858//1897 1933//1971
f 1933//1971 1923//1961 1929//1969
f 1858//1897 1934//1972 1933//1971
f 1935//1973 1933//1971 1934//1972
f 1933//1971 1935//1973 1923//1961
f 1923//1961 1935//1973 1924//1962
f 1924//1962 1935//1973 1936//1974
f 1935//1973 1866//1904 1936//1974
f 1862//1896 1866//1904 1935//1973
f 1862//1896 1935//1973 1934//1972
f 1936//1974 1939//1975 1924//1962
f 1936//1974 1866//1904 1868//1906
f 1937//1976 1936//1974 1868//1906
f 1936//1974 1937//1976 1938//1977
f 1939//1975 1936//1974 1938//1977
f 1896//1935 1940//1978 1939//1975
f 1939//1975 1888//1928 1896//1935
f 1888//1928 1939//1975 1938//1977
f 1924//1962 1939//1975 1940//1978
f 1940//1978 1896//1935 1920//1959
f 1920//1959 1924//1962 1940//1978
f 1888//1928 1938//1977 1937//1976
f 1889//1926 1888//1928 1937//1976
f 1937//1976 1868//1906 1889//1926
f 1858//1897 1862//1896 1934//1972
f 1925//1964 370//404 1927//1965
f 1925//1964 373//408 370//404
f 383//417 378//412 1925//1964
f 373//408 1925//1964 378//412
f 1892//1931 1894//1932 1890//1930
f 1891//1929 1568//1606 1567//1605
f 1891//1929 1571//1609 1568//1606
f 1889//1926 1868//1906 1872//1909
f 1839//1878 1877//1916 1844//1882
f 1877//1916 1847//1884 1844//1882
f 1866//1904 1862//1896 1864//1903
f 1860//1899 1846//1885 1863//1900
f 1860//1899 1848//1886 1846//1885
f 1848//1886 1860//1899 1856//1895
f 1804//1842 1807//1845 1859//1898
f 1859//1898 1802//1841 1804//1842
f 1839//1878 1574//1612 1572//1610
f 1820//1858 1626//1665 1822//1859
f 1625//1663 1820//1858 1628//1666
f 1625//1663 1626//1665 1820//1858
f 1630//1667 1628//1666 1818//1857
f 1808//1848 1813//1851 1809//1846
f 368//402 1800//1839 370//404
f 1639//1677 1799//1837 1797//1835
f 1641//1678 1797//1835 1794//1833
f 1639//1677 1797//1835 1641//1678
f 1641//1678 1794//1833 1651//1689
f 1638//1676 1634//1673 1633//1672
f 1622//1661 1632//1671 1618//1657
f 1615//1654 1612//1649 1626//1665
f 1602//1641 1610//1648 1604//1642
f 1610//1648 1602//1641 1603//1640
f 1594//1632 1593//1631 1598//1636
f 1597//1637 494//527 503//537
f 1587//1626 1597//1637 1588//1627
f 1597//1637 503//537 1588//1627
f 1588//1627 503//537 518//553
f 1588//1627 518//553 520//554
f 1584//1622 1580//1619 1582//1618
f 526//560 1580//1619 1584//1622
f 1584//1622 521//555 526//560
f 1584//1622 520//554 521//555
f 1580//1619 526//560 1941//1979
f 1941//1979 535//568 1580//1619
f 526//560 530//565 1941//1979
f 535//568 1941//1979 530//565
f 594//627 1567//1605 597//632
f 608//642 604//638 606//640
f 594//627 597//632 593//628
f 523//558 524//559 581//615
f 567//600 577//612 565//601
f 534//569 1942//1980 574//608
f 529//563 574//608 1942//1980
f 1942//1980 534//569 531//564
f 531//564 529//563 1942//1980
f 544//579 545//578 553//587
f 515//551 516//550 524//559
f 503//537 505//538 518//553
f 438//473 514//548 440//475
f 508//543 499//534 444//479
f 442//476 508//543 444//479
f 500//533 499//534 504//539
f 444//479 499//534 448//483
f 489//523 497//532 493//528
f 489//523 480//516 497//532
f 497//532 454//488 451//486
f 497//532 480//516 454//488
f 480//516 461//495 454//488
f 58//60 471//506 54//59
f 51//55 54//59 471//506
f 458//492 466//500 57//61
f 456//490 454//488 461//495
f 458//492 57//61 459//493
f 57//61 60//64 459//493
f 459//493 406//440 409//442
f 459//493 60//64 406//440
f 435//469 437//472 434//468
f 403//438 419//454 402//437
f 397//431 419//454 403//438
f 408//444 404//436 402//437
f 60//64 71//76 406//440
f 1943//1981 400//435 70//75
f 400//435 1943//1981 1944//1982
f 399//434 400//435 1944//1982
f 1946//1983 1944//1982 1943//1981
f 1944//1982 1945//1984 399//434
f 1944//1982 1946//1983 1945//1984
f 363//397 1945//1984 1946//1983
f 363//397 1946//1983 364//399
f 364//399 1946//1983 365//400
f 1947//1985 73//77 1946//1983
f 365//400 1946//1983 73//77
f 1947//1985 1946//1983 1943//1981
f 70//75 69//74 1947//1985
f 1943//1981 70//75 1947//1985
f 73//77 1947//1985 69//74
f 399//434 1945//1984 398//433
f 398//433 1945//1984 1949//1986
f 375//409 1945//1984 1948//1987
f 1948//1987 1945//1984 363//397
f 375//409 1949//1986 1945//1984
f 376//410 1949//1986 375//409
f 1949//1986 1950//1988 398//433
f 1950//1988 1949//1986 392//427
f 380//415 392//427 1949//1986
f 380//415 1949//1986 376//410
f 391//426 398//433 1950//1988
f 392//427 391//426 1950//1988
f 1948//1987 366//398 375//409
f 363//397 366//398 1948//1987
f 394//428 397//431 395//429
f 379//414 392//427 380//415
f 392//427 384//419 388//424
f 392//427 379//414 384//419
f 361//395 359//394 368//402
f 365//400 73//77 1951//1989
f 1951//1989 357//392 365//400
f 1951//1989 73//77 76//79
f 76//79 357//392 1951//1989
f 76//79 353//388 357//392
f 1952//1990 353//388 76//79
f 1953//1991 353//388 1952//1990
f 353//388 81//1992 349//382
f 81//1992 353//388 1953//1991
f 1955//1993 1953//1994 1954//1995
f 1953//1991 1952//1990 1954//1996
f 75//86 1953//1994 1955//1993
f 75//86 81//85 1953//1994
f 1952//1990 1955//1997 1954//1996
f 76//79 75//81 1955//1997
f 76//79 1955//1997 1952//1990
f 85//114 98//113 350//1998
f 85//114 350//1998 80//1999
f 80//381 349//382 81//1992
f 347//379 1956//2000 344//375
f 1956//2000 347//379 101//120
f 97//122 101//120 347//379
f 97//122 347//379 98//384
f 1958//2001 344//375 1956//2000
f 1956//2000 101//120 1957//2002
f 1957//2002 1958//2001 1956//2000
f 1960//2003 339//372 1958//2001
f 339//372 344//375 1958//2001
f 1957//2002 1959//2004 1958//2001
f 1960//2003 1958//2001 1959//2004
f 337//369 339//372 1960//2003
f 1962//2005 337//369 1960//2003
f 1961//2006 1960//2003 1959//2004
f 1962//2005 1960//2003 1961//2006
f 1962//2005 1963//2007 1964//2008
f 1961//2006 1963//2007 1962//2005
f 1962//2005 1964//2008 1965//2009
f 337//369 1962//2005 1965//2009
f 1965//2009 1964//2008 335//367
f 334//366 337//369 1965//2009
f 1965//2009 335//367 334//366
f 1963//2007 1966//2010 1964//2008
f 1964//2008 1966//2010 330//362
f 335//367 1964//2008 330//362
f 1963//2007 1967//2011 1966//2010
f 1969//2012 1966//2010 1967//2011
f 1966//2010 1968//2013 331//363
f 1968//2013 1966//2010 1969//2012
f 1966//2010 331//363 330//362
f 1971//2014 1969//2012 1970//2015
f 1967//2011 1970//2015 1969//2012
f 1969//2012 1971//2014 1968//2013
f 1974//2016 1972//2017 1971//2014
f 1973//2018 1971//2014 1972//2017
f 1971//2014 1970//2015 1974//2016
f 1973//2018 1975//2019 1971//2014
f 1968//2013 1971//2014 1975//2019
f 1975//2019 331//363 1968//2013
f 1975//2019 325//357 331//363
f 1975//2019 1976//2020 325//357
f 1976//2020 1975//2019 1973//2018
f 322//354 325//357 1976//2020
f 1973//2018 323//355 1976//2020
f 1976//2020 323//355 322//354
f 1977//2021 105//128 1974//2022
f 117//144 1974//2016 105//141
f 1972//2017 1974//2016 117//144
f 1977//2021 1974//2022 1970//2023
f 109//126 1977//2021 1978//2024
f 1980//2025 1978//2026 1977//2027
f 109//126 105//128 1977//2021
f 1979//2028 1977//2027 1967//2011
f 1980//2025 1977//2027 1979//2028
f 1967//2011 1977//2027 1970//2015
f 1981//2029 1980//2025 1963//2007
f 1981//2029 1982//2030 1980//2025
f 1979//2028 1963//2007 1980//2025
f 1982//2030 1978//2026 1980//2025
f 1984//2031 1978//2026 1982//2030
f 1983//2032 1982//2030 1981//2029
f 1982//2030 1983//2032 1984//2031
f 107//2033 1984//2031 1985//2034
f 1983//2032 1985//2034 1984//2031
f 1984//2031 1986//1 109//2035
f 1978//2026 1984//2031 109//2035
f 1984//2031 1987//3 1986//1
f 1984//2031 1988//3 1987//3
f 1984//2031 1991//2036 1988//3
f 1984//2031 1989//2037 1991//2036
f 1984//2031 1990//2038 1989//2037
f 1984//2031 104//2039 1990//2038
f 104//2039 1984//2031 106//2040
f 106//2040 1984//2031 107//2033
f 1991//2041 109//126 1986//2
f 1991//2041 1986//2 1987//1
f 1991//2041 1987//1 1988//1
f 1989//2042 109//126 1991//2041
f 1990//2043 109//126 1989//2042
f 1992//2044 109//126 1990//2043
f 1990//2038 104//2039 1993//2045
f 1990//2038 1993//2045 1992//2046
f 1993//2047 109//126 1992//2044
f 104//125 109//126 1993//2047
f 108//2048 1985//2034 110//2049
f 107//2033 1985//2034 108//2048
f 112//2050 1985//2034 100//119
f 110//2049 1985//2034 112//2050
f 1985//2034 1959//2004 1994//2051
f 1983//2032 1959//2004 1985//2034
f 1994//2051 100//119 1985//2034
f 1995//2052 100//119 1994//2051
f 1994//2051 1959//2004 1995//2052
f 1995//2052 101//120 100//119
f 101//120 1995//2052 1957//2002
f 1959//2004 1957//2002 1995//2052
f 1981//2029 1959//2004 1983//2032
f 1981//2029 1963//2007 1961//2006
f 1961//2006 1959//2004 1981//2029
f 1967//2011 1963//2007 1979//2028
f 116//142 1973//2018 1972//2017
f 1973//2018 116//142 323//355
f 117//144 116//142 1972//2017
f 116//142 1996//2053 323//355
f 1997//2054 323//355 1996//2053
f 323//355 1997//2054 313//345
f 314//347 313//345 1997//2054
f 1996//2053 314//347 1997//2054
f 1996//2053 116//142 118//143
f 1996//2053 118//143 1999//2055
f 1996//2053 1998//2056 314//347
f 1998//2056 1996//2053 1999//2055
f 1999//2055 118//143 119//145
f 119//145 1998//2056 1999//2055
f 2000//2057 1998//2056 119//145
f 2000//2057 314//347 1998//2056
f 2001//2058 2000//2057 119//145
f 314//347 2000//2057 259//286
f 2001//2058 259//286 2000//2057
f 119//145 123//150 2001//2058
f 123//150 126//153 2001//2058
f 256//283 259//286 2001//2058
f 253//280 256//283 2001//2058
f 2001//2058 126//153 253//280
f 318//350 298//328 319//351
f 302//335 298//328 318//350
f 303//334 302//335 318//350
f 314//347 259//286 261//288
f 311//343 305//337 303//334
f 309//341 261//288 263//289
f 262//290 309//341 263//289
f 297//331 298//328 302//335
f 287//319 296//330 300//333
f 277//306 287//319 300//333
f 289//321 296//330 287//319
f 291//324 209//235 208//234
f 286//318 287//319 277//306
f 277//306 278//308 286//318
f 286//318 280//310 283//315
f 286//318 278//308 280//310
f 272//299 273//300 276//307
f 269//298 272//299 262//290
f 270//297 249//277 248//276
f 262//290 264//291 269//298
f 127//152 253//280 126//153
f 240//267 245//272 244//271
f 240//267 239//266 245//272
f 136//159 228//254 243//269
f 234//259 211//238 236//262
f 233//260 211//238 234//259
f 233//260 213//237 211//238
f 2002//2059 213//237 233//260
f 233//260 231//258 2002//2059
f 215//241 213//237 2002//2059
f 221//248 215//241 2002//2059
f 2002//2059 231//258 221//248
f 221//248 231//258 225//252
f 136//159 132//158 224//250
f 132//158 2003//2060 222//247
f 220//246 222//247 2003//2060
f 2005//2061 2003//2060 2004//2062
f 134//160 2004//2062 2003//2060
f 134//160 2003//2060 132//158
f 2005//2061 220//246 2003//2060
f 2006//2063 220//246 2005//2061
f 2006//2063 2005//2061 2008//2064
f 2008//2064 2005//2061 2007//2065
f 2007//2065 2005//2061 2004//2062
f 2008//2064 199//225 2006//2063
f 199//225 2008//2064 198//226
f 2007//2065 198//226 2008//2064
f 2007//2065 2004//2062 2009//2066
f 2010//2067 2007//2065 2009//2066
f 198//226 2007//2065 2010//2067
f 193//220 2010//2067 194//221
f 198//226 2010//2067 193//220
f 2010//2067 2009//2066 140//166
f 194//221 2010//2067 141//167
f 141//167 2010//2067 140//166
f 137//163 2009//2066 2004//2062
f 138//165 140//166 2009//2066
f 138//165 2009//2066 137//163
f 218//244 220//246 2006//2063
f 2006//2063 216//243 218//244
f 2006//2063 199//225 216//243
f 137//163 2004//2062 134//160
f 199//225 200//227 216//243
f 216//243 200//227 206//233
f 191//217 203//229 196//223
f 149//176 194//221 144//171
f 144//171 194//221 141//167
f 165//192 159//185 170//195
f 133//161 130//156 162//189
f 124//149 122//148 129//155
f 2//5 121//147 7//6
f 7//6 121//147 111//2068
f 121//147 113//138 111//2068
f 112//2050 100//119 102//121
f 111//135 92//110 7//2069
f 91//103 2011//2070 93//104
f 2011//2071 92//105 93//107
f 2012//2072 92//105 2011//2071
f 2013//2073 2012//2074 2011//2070
f 2013//2073 2011//2070 91//103
f 2013//2073 91//103 2017//2075
f 2013//2073 2015//2076 2014//2077
f 2013//2073 2014//2077 2016//2078
f 2015//2076 2013//2073 2017//2075
f 2016//2078 2019//2079 2013//2073
f 2013//2073 2018//2080 2012//2074
f 2013//2073 2019//2079 2018//2080
f 2016//2078 2020//2081 2019//2079
f 2019//2082 92//105 2018//2083
f 2020//2084 92//105 2019//2082
f 2016//2078 2021//2085 2020//2081
f 2021//2086 92//105 2020//2084
f 2021//2085 2016//2078 2023//2087
f 2024//2088 2021//2086 2022//2089
f 2021//2085 2023//2087 2022//2090
f 92//105 2021//2086 2024//2088
f 92//105 2024//2088 4//2091
f 4//2091 2024//2088 2026//3
f 2026//3 2024//2088 2025//3
f 2016//2078 2025//2092 2024//2093
f 2024//2088 2022//2089 2027//2094
f 2024//2088 2027//2094 2023//2095
f 2024//2088 2023//2095 2028//2096
f 2024//2088 2028//2096 2030//3
f 2024//2088 2030//3 2029//3
f 2029//2 2016//2078 2024//2093
f 2030//2097 2016//2078 2031//1
f 2028//2098 2016//2078 2030//2097
f 2032//4 2030//3 2031//3
f 2029//3 2030//3 2032//4
f 2032//1 2016//2078 2029//2
f 2031//1 2016//2078 2032//1
f 2023//2087 2016//2078 2028//2098
f 2022//2090 2023//2087 2027//2099
f 4//2091 2026//3 2035//3
f 2025//2092 2036//2100 2026//2101
f 2026//2101 2036//2100 2033//2102
f 2037//2103 2026//2101 2033//2102
f 2035//3 2026//3 2034//3
f 2026//2101 2037//2103 2034//2104
f 2034//2104 2037//2103 2038//2105
f 2039//2106 2038//2105 2037//2103
f 2037//2103 2040//2107 2039//2106
f 2033//2102 2040//2107 2037//2103
f 2039//2106 2040//2107 2041//2108
f 2036//2100 2042//2109 2040//2107
f 2040//2107 2033//2102 2036//2100
f 2040//2107 33//37 2041//2108
f 2042//2109 33//37 2040//2107
f 2042//2109 2016//2078 2014//2077
f 2042//2109 2044//2110 2016//2078
f 33//37 2042//2109 2043//2111
f 2015//2076 2042//2109 2014//2077
f 2015//2076 2043//2111 2042//2109
f 2042//2109 2036//2100 2044//2110
f 2025//2092 2016//2078 2044//2110
f 2036//2100 2025//2092 2044//2110
f 35//38 33//37 2043//2111
f 2043//2111 2015//2076 35//38
f 2041//2108 31//35 28//33
f 28//33 29//34 2041//2108
f 2039//2106 2041//2108 29//34
f 31//35 2041//2108 33//37
f 2038//2105 2039//2106 2045//2112
f 19//25 2039//2106 29//34
f 2045//2112 2039//2106 19//25
f 2045//2112 2034//2104 2038//2105
f 2034//2104 2045//2112 16//20
f 2045//2112 19//25 16//20
f 2034//2104 16//20 2035//2113
f 2035//2113 3//10 4//11
f 2035//2113 2046//2114 3//10
f 2046//2114 2035//2113 16//20
f 6//9 3//10 2046//2114
f 13//16 6//9 2046//2114
f 16//20 13//16 2046//2114
f 2018//2083 92//105 2012//2072
f 91//103 2047//2115 2017//2075
f 2015//2076 2017//2075 2047//2115
f 2047//2115 89//100 2048//2116
f 2048//2116 2015//2076 2047//2115
f 2047//2115 91//103 89//100
f 2050//2117 2048//2116 2049//2118
f 89//100 2049//2118 2048//2116
f 2048//2116 2050//2117 2015//2076
f 2051//2119 34//40 2050//2117
f 2051//2119 2050//2117 2049//2118
f 2015//2076 2050//2117 35//38
f 35//38 2050//2117 34//40
f 2049//2118 87//97 2051//2119
f 87//97 2052//2120 2051//2119
f 37//41 2051//2119 2052//2120
f 2051//2119 37//41 34//40
f 64//68 37//41 2052//2120
f 2052//2120 78//82 64//68
f 2052//2120 87//97 78//82
f 2049//2118 89//100 87//97
f 92//105 4//2091 5//2121
f 92//105 5//2121 7//2122
f 64//68 78//82 66//69
f 60//64 61//66 71//76
f 39//44 40//45 53//57
f 11//15 12//17 42//47
f 19//25 29//34 20//24
f 12//17 22//27 26//30
f 2053//2123 2056//2124 2054//2125
f 2054//2126 2055//2127 2053//3
f 2055//2128 2058//2129 2053//2130
f 2056//2124 2053//2123 2057//2131
f 2053//2130 2058//2129 2057//2132
f 2059//2133 2060//2134 2058//2135
f 2055//2128 2059//2136 2058//2129
f 2058//2135 2060//2134 2057//2137
f 2060//2134 2069//2138 2061//2139
f 2067//2140 2060//2134 2061//2139
f 2062//2141 2060//2134 2059//2133
f 2063//2142 2060//2134 2062//2141
f 2064//2143 2060//2134 2063//2142
f 2066//2144 2060//2134 2064//2143
f 2065//2145 2069//2138 2060//2134
f 2066//2144 2065//2145 2060//2134
f 2060//2134 2067//2140 2068//2146
f 2057//2137 2060//2134 2068//2146
f 2065//2145 2070//2147 2069//2138
f 2071//2148 2069//2138 2070//2147
f 2071//2148 2072//2149 2069//2138
f 2072//2149 2061//2139 2069//2138
f 2075//2150 2073//2151 2072//2149
f 2073//2151 2074//2152 2072//2149
f 2072//2149 2074//2152 2061//2139
f 2075//2150 2072//2149 2071//2148
f 2076//2153 2075//2150 2071//2148
f 2078//2154 2075//2150 2076//2153
f 2078//2154 2077//2155 2075//2150
f 2077//2155 2073//2151 2075//2150
f 2079//2156 2077//2155 2078//2154
f 2078//2154 2080//2157 2079//2156
f 2076//2153 2081//2158 2078//2154
f 2080//2157 2078//2154 2081//2158
f 2081//2158 2076//2153 2085//2159
f 2080//2157 2081//2158 2086//2160
f 2081//2158 2084//2161 2082//2162
f 2081//2158 2082//2162 2086//2160
f 2084//2161 2081//2158 2083//2163
f 2081//2158 2085//2159 2083//2163
f 2082//2162 2080//2157 2086//2160
f 2087//2164 2085//2159 2076//2153
f 2085//2159 2087//2164 2089//2165
f 2088//2166 2085//2159 2090//2167
f 2085//2159 2088//2166 2084//2161
f 2085//2159 2089//2165 2090//2167
f 2085//2159 2084//2161 2083//2163
f 2089//2165 2088//2166 2090//2167
f 2087//2164 2092//2168 2089//2165
f 2091//2169 2089//2165 2092//2168
f 2093//2170 2089//2165 2091//2169
f 2089//2165 2093//2170 2088//2166
f 2091//2169 2094//2171 2093//2170
f 2096//2172 2088//2166 2093//2170
f 2094//2171 2095//2173 2093//2170
f 2093//2170 2095//2173 2096//2172
f 2097//2174 2096//2172 2099//2175
f 2088//2166 2096//2172 2097//2174
f 2095//2173 2098//2176 2096//2172
f 2096//2172 2098//2176 2099//2175
f 2098//2176 2100//2177 2099//2175
f 2099//2175 2100//2177 2101//2178
f 2102//2179 2099//2175 2101//2178
f 2102//2179 2097//2174 2099//2175
f 2097//2174 2102//2179 2103//2180
f 2102//2179 2108//2181 2103//2180
f 2102//2179 2104//2182 2108//2181
f 2102//2179 2111//2183 2104//2182
f 2102//2179 2101//2178 2105//2184
f 2109//2185 2102//2179 2105//2184
f 2106//2186 2102//2179 2107//2187
f 2111//2183 2102//2179 2106//2186
f 2110//2188 2107//2187 2102//2179
f 2110//2188 2102//2179 2109//2185
f 2104//2182 2111//2183 2116//2189
f 2115//2190 2111//2183 2112//2191
f 2106//2186 2112//2191 2111//2183
f 2116//2189 2111//2183 2113//2192
f 2111//2183 2114//2193 2113//2192
f 2111//2183 2115//2190 2114//2193
f 2116//2189 2117//2194 2104//2182
f 2116//2189 2114//2193 2117//2194
f 2113//2192 2114//2193 2116//2189
f 2118//2195 2117//2194 2114//2193
f 2120//2196 2117//2194 2118//2195
f 2119//2197 2117//2194 2120//2196
f 2104//2182 2117//2194 2119//2197
f 2122//2198 2120//2196 2121//2199
f 2121//2199 2120//2196 2118//2195
f 2124//2200 2120//2196 2122//2198
f 2119//2197 2120//2196 2123//2201
f 2120//2196 2124//2200 2123//2201
f 2124//2200 2122//2198 2126//2202
f 2124//2200 2127//2203 2123//2201
f 2127//2203 2124//2200 2125//2204
f 2126//2202 2125//2204 2124//2200
f 2125//2204 2128//2205 2127//2203
f 2129//2206 2127//2203 2128//2205
f 2130//2207 2127//2203 2129//2206
f 2119//2197 2127//2203 2130//2207
f 2123//2201 2127//2203 2119//2197
f 2108//2181 2104//2182 2130//2207
f 2119//2197 2130//2207 2104//2182
f 2108//2181 2130//2207 2129//2206
f 2129//2206 2128//2205 2108//2181
f 2082//2162 2128//2205 2125//2204
f 2082//2162 2131//2208 2128//2205
f 2108//2181 2128//2205 2131//2208
f 2084//2161 2097//2174 2131//2208
f 2103//2180 2131//2208 2097//2174
f 2108//2181 2131//2208 2103//2180
f 2084//2161 2131//2208 2082//2162
f 2122//2198 2132//2209 2126//2202
f 2079//2156 2126//2202 2132//2209
f 2080//2157 2126//2202 2079//2156
f 2126//2202 2080//2157 2133//2210
f 2133//2210 2125//2204 2126//2202
f 2080//2157 2125//2204 2133//2210
f 2121//2199 2132//2209 2122//2198
f 2138//2211 2132//2209 2121//2199
f 2134//2212 2079//2156 2132//2209
f 2135//2213 2134//2212 2132//2209
f 2135//2213 2132//2209 2136//2214
f 2136//2214 2132//2209 2137//2215
f 2137//2215 2132//2209 2138//2211
f 2138//2211 2139//2216 2137//2215
f 2138//2211 2140//2217 2139//2216
f 2121//2199 2140//2217 2138//2211
f 2121//2199 2118//2195 2140//2217
f 2140//2217 2115//2190 2139//2216
f 2118//2195 2114//2193 2140//2217
f 2140//2217 2114//2193 2115//2190
f 2139//2216 2142//2218 2141//2219
f 2136//2214 2139//2216 2141//2219
f 2139//2216 2115//2190 2142//2218
f 2137//2215 2139//2216 2136//2214
f 2141//2219 2142//2218 2143//2220
f 2144//2221 2143//2220 2142//2218
f 2112//2191 2142//2218 2115//2190
f 2144//2221 2142//2218 2112//2191
f 2145//2222 2143//2220 2144//2221
f 2146//2223 2145//2222 2144//2221
f 2106//2186 2144//2221 2112//2191
f 2146//2223 2144//2221 2106//2186
f 2146//2223 2149//2224 2147//2225
f 2151//2226 2146//2223 2147//2225
f 2146//2223 2151//2226 2145//2222
f 2148//2227 2146//2223 2153//2228
f 2148//2227 2150//2229 2146//2223
f 2146//2223 2150//2229 2149//2224
f 2146//2223 2106//2186 2152//2230
f 2153//2228 2146//2223 2152//2230
f 2155//2231 2148//2227 2153//2228
f 2154//2232 2153//2228 2157//2233
f 2155//2231 2153//2228 2154//2232
f 2153//2228 2152//2230 2156//2234
f 2153//2228 2156//2234 2157//2233
f 2157//2233 2158//2235 2161//2236
f 2156//2234 2158//2235 2157//2233
f 2157//2233 2159//2237 2154//2232
f 2160//2238 2159//2237 2157//2233
f 2157//2233 2161//2236 2160//2238
f 2158//2235 2162//2239 2161//2236
f 2161//2236 2162//2239 2163//2240
f 2163//2240 2160//2238 2161//2236
f 2164//2241 2163//2240 2162//2239
f 2165//2242 2163//2240 2164//2241
f 2166//2243 2163//2240 2165//2242
f 2166//2243 2167//2244 2163//2240
f 2160//2238 2163//2240 2167//2244
f 2169//2245 2167//2244 2168//2246
f 2170//2247 2168//2246 2167//2244
f 2170//2247 2167//2244 2166//2243
f 2160//2238 2167//2244 2169//2245
f 2172//2248 2170//2247 2171//2249
f 2171//2249 2170//2247 2166//2243
f 2172//2248 2173//2250 2170//2247
f 2173//2250 2168//2246 2170//2247
f 2176//2251 2174//2252 2173//2250
f 2174//2252 2175//2253 2173//2250
f 2173//2250 2175//2253 2168//2246
f 2176//2251 2173//2250 2172//2248
f 2171//2249 2178//2254 2176//2251
f 2171//2249 2176//2251 2172//2248
f 2177//2255 2174//2252 2176//2251
f 2176//2251 2178//2254 2177//2255
f 2178//2254 2184//2256 2177//2255
f 2171//2249 2179//2257 2178//2254
f 2178//2254 2179//2257 2182//2258
f 2178//2254 2181//2259 2180//2260
f 2180//2260 2183//2261 2178//2254
f 2178//2254 2182//2258 2181//2259
f 2178//2254 2183//2261 2184//2256
f 2177//2255 2184//2256 2174//2252
f 2184//2256 2186//2262 2174//2252
f 2184//2256 2185//2263 2186//2262
f 2183//2261 2185//2263 2184//2256
f 2187//2264 2186//2262 2185//2263
f 2159//2237 2175//2253 2186//2262
f 2174//2252 2186//2262 2175//2253
f 2159//2237 2186//2262 2187//2264
f 2187//2264 2185//2263 2188//2265
f 2188//2265 2154//2232 2187//2264
f 2187//2264 2154//2232 2159//2237
f 2185//2263 2189//2266 2188//2265
f 2189//2266 2190//2267 2188//2265
f 2188//2265 2190//2267 2154//2232
f 2191//2268 2190//2267 2189//2266
f 2190//2267 2155//2231 2154//2232
f 2190//2267 2191//2268 2193//2269
f 2193//2269 2192//2270 2190//2267
f 2192//2270 2155//2231 2190//2267
f 2194//2271 2193//2269 2198//2272
f 2195//2273 2193//2269 2194//2271
f 2193//2269 2195//2273 2200//2274
f 2193//2269 2191//2268 2197//2275
f 2196//2276 2193//2269 2199//2277
f 2198//2272 2193//2269 2196//2276
f 2193//2269 2197//2275 2199//2277
f 2200//2274 2201//2278 2193//2269
f 2201//2278 2192//2270 2193//2269
f 2203//2279 2201//2278 2202//2280
f 2202//2280 2201//2278 2200//2274
f 2201//2278 2204//2281 2192//2270
f 2203//2279 2204//2281 2201//2278
f 2204//2281 2205//2282 2206//2283
f 2203//2279 2205//2282 2204//2281
f 2204//2281 2206//2283 2208//2284
f 2204//2281 2207//2285 2209//2286
f 2207//2285 2204//2281 2208//2284
f 2204//2281 2209//2286 2210//2287
f 2204//2281 2210//2287 2148//2227
f 2204//2281 2148//2227 2155//2231
f 2204//2281 2155//2231 2192//2270
f 2210//2287 2211//2288 2212//2289
f 2210//2287 2213//2290 2211//2288
f 2209//2286 2213//2290 2210//2287
f 2148//2227 2210//2287 2212//2289
f 2214//2291 2211//2288 2213//2290
f 2214//2291 2213//2290 2215//2292
f 2215//2292 2213//2290 2216//2293
f 2209//2286 2216//2293 2213//2290
f 2218//2294 2216//2293 2217//2295
f 2208//2284 2217//2295 2216//2293
f 2207//2285 2216//2293 2209//2286
f 2208//2284 2216//2293 2207//2285
f 2215//2292 2216//2293 2218//2294
f 2220//2296 2218//2294 2219//2297
f 2219//2297 2218//2294 2221//2298
f 2220//2296 2215//2292 2218//2294
f 2218//2294 2217//2295 2221//2298
f 2219//2297 2221//2298 2222//2299
f 2222//2299 2221//2298 2223//2300
f 2221//2298 2224//2301 2223//2300
f 2221//2298 2217//2295 2224//2301
f 2223//2300 2224//2301 2225//2302
f 2205//2282 2224//2301 2206//2283
f 2205//2282 2225//2302 2224//2301
f 2206//2283 2224//2301 2217//2295
f 2226//2303 2225//2302 2205//2282
f 2226//2303 2228//2304 2225//2302
f 2223//2300 2225//2302 2227//2305
f 2227//2305 2225//2302 2228//2304
f 2232//2306 2228//2304 2229//2307
f 2231//2308 2229//2307 2228//2304
f 2230//2309 2228//2304 2226//2303
f 2231//2308 2228//2304 2230//2309
f 2227//2305 2228//2304 2232//2306
f 2236//2310 2232//2306 2233//2311
f 2233//2311 2232//2306 2234//2312
f 2236//2310 2227//2305 2232//2306
f 2229//2307 2235//2313 2232//2306
f 2232//2306 2235//2313 2234//2312
f 2238//2314 2236//2310 2233//2311
f 2238//2314 2237//2315 2236//2310
f 2237//2315 2227//2305 2236//2310
f 2238//2314 2222//2299 2237//2315
f 2238//2314 2219//2297 2222//2299
f 2238//2314 2220//2296 2219//2297
f 2238//2314 2239//2316 2220//2296
f 2240//2317 2239//2316 2238//2314
f 2238//2314 2241//2318 2240//2317
f 2233//2311 2242//2319 2238//2314
f 2238//2314 2242//2319 2241//2318
f 2243//2320 2242//2319 2233//2311
f 2241//2318 2242//2319 2244//2321
f 2243//2320 2244//2321 2242//2319
f 2246//2322 2244//2321 2243//2320
f 2247//2323 2244//2321 2245//2324
f 2246//2322 2245//2324 2244//2321
f 2241//2318 2244//2321 2247//2323
f 2247//2323 2245//2324 2073//2151
f 2248//2325 2247//2323 2077//2155
f 2248//2325 2241//2318 2247//2323
f 2077//2155 2247//2323 2073//2151
f 2079//2156 2248//2325 2077//2155
f 2240//2317 2248//2325 2134//2212
f 2134//2212 2248//2325 2079//2156
f 2240//2317 2241//2318 2248//2325
f 2251//2326 2245//2324 2246//2322
f 2246//2322 2243//2320 2252//2327
f 2246//2322 2249//2328 2250//2329
f 2249//2328 2246//2322 2252//2327
f 2246//2322 2250//2329 2253//2330
f 2251//2326 2246//2322 2253//2330
f 2250//2329 2251//2326 2253//2330
f 2243//2320 2249//2328 2252//2327
f 2254//2331 2251//2326 2255//2332
f 2254//2331 2074//2152 2251//2326
f 2251//2326 2257//2333 2255//2332
f 2251//2326 2250//2329 2256//2334
f 2251//2326 2256//2334 2257//2333
f 2251//2326 2074//2152 2245//2324
f 2257//2333 2256//2334 2258//2335
f 2257//2333 2258//2335 2259//2336
f 2254//2331 2257//2333 2259//2336
f 2257//2333 2254//2331 2255//2332
f 2254//2331 2259//2336 2262//2337
f 2259//2336 2067//2140 2262//2337
f 2067//2140 2259//2336 2260//2338
f 2259//2336 2258//2335 2261//2339
f 2259//2336 2261//2339 2260//2338
f 2067//2140 2254//2331 2262//2337
f 2264//2340 2260//2338 2261//2339
f 2258//2335 2263//2341 2261//2339
f 2264//2340 2261//2339 2263//2341
f 2264//2340 2263//2341 2265//2342
f 2268//2343 2264//2344 2265//2345
f 2264//2344 2267//2346 2266//2347
f 2266//2348 2260//2338 2264//2340
f 2264//2344 2268//2343 2267//2346
f 2269//2349 2268//2343 2265//2345
f 2267//2346 2268//2343 2272//2350
f 2269//2349 2270//2351 2268//2343
f 2268//2343 2270//2351 2271//2352
f 2268//2343 2271//2352 2272//2350
f 2272//2350 2271//2352 2273//2353
f 2272//2350 2273//2353 2274//2354
f 2275//2355 2272//2350 2274//2354
f 2267//2346 2272//2350 2275//2355
f 2278//2356 2267//2346 2275//2355
f 2275//2355 2274//2354 2276//2357
f 2277//2358 2275//2355 2276//2357
f 2278//2356 2275//2355 2277//2358
f 2279//2359 2278//2356 2277//2358
f 2056//2360 2278//2356 2279//2359
f 2057//2137 2278//2356 2056//2360
f 2057//2137 2068//2146 2278//2356
f 2280//2361 2278//2356 2068//2146
f 2280//2361 2267//2346 2278//2356
f 2281//2362 2280//2363 2068//2364
f 2281//2362 2260//2338 2280//2363
f 2260//2338 2266//2348 2280//2363
f 2267//2346 2280//2361 2266//2347
f 2068//2146 2067//2140 2281//2362
f 2067//2140 2260//2338 2281//2362
f 2279//2359 2283//2365 2282//2366
f 2279//2359 2282//2366 2285//2367
f 2279//2359 2277//2358 2283//2365
f 2279//2368 2054//2369 2056//2370
f 2285//2371 2284//2372 2279//2368
f 2279//2368 2284//2372 2054//2369
f 2286//2373 2284//2372 2285//2371
f 2282//2366 2286//2374 2285//2367
f 2287//2375 2284//2372 2286//2373
f 2287//2375 2286//2373 2288//2376
f 2288//2376 2286//2373 2289//2377
f 2290//2378 2289//2379 2286//2374
f 2290//2378 2286//2374 2282//2366
f 2291//2380 2292//2381 2290//2378
f 2291//2380 2290//2378 2282//2366
f 2290//2378 2292//2381 2293//2382
f 2289//2379 2290//2378 2293//2382
f 2289//2379 2293//2382 2294//2383
f 2292//2381 2294//2383 2293//2382
f 2294//2383 2295//2384 2296//2385
f 2294//2383 2292//2381 2295//2384
f 2297//2386 2294//2383 2296//2385
f 2294//2383 2297//2386 2289//2379
f 2298//2387 2288//2388 2297//2386
f 2288//2376 2289//2377 2297//2389
f 2297//2386 2296//2385 2298//2387
f 2298//2387 2299//2390 2288//2388
f 2296//2385 2300//2391 2298//2387
f 2299//2390 2298//2387 2300//2391
f 2295//2384 2300//2391 2296//2385
f 2300//2391 2302//2392 2301//2393
f 2299//2390 2300//2391 2301//2393
f 2300//2391 2295//2384 2303//2394
f 2300//2391 2303//2394 2302//2392
f 2295//2384 2304//2395 2303//2394
f 2304//2395 2305//2396 2303//2394
f 2303//2394 2305//2396 2307//2397
f 2307//2397 2306//2398 2303//2394
f 2303//2394 2306//2398 2302//2392
f 2306//2398 2307//2397 2308//2399
f 2307//2397 2309//2400 2308//2399
f 2305//2396 2309//2400 2307//2397
f 2310//2401 2313//2402 2309//2400
f 2310//2401 2309//2400 2311//2403
f 2311//2403 2309//2400 2312//2404
f 2312//2404 2309//2400 2305//2396
f 2309//2400 2313//2402 2308//2399
f 2314//2405 2313//2402 2310//2401
f 2313//2402 2314//2405 2316//2406
f 2308//2399 2313//2402 2315//2407
f 2316//2406 2315//2407 2313//2402
f 2318//2408 2315//2407 2316//2406
f 2317//2409 2316//2406 2314//2405
f 2317//2409 2318//2408 2316//2406
f 2319//2410 2315//2407 2318//2408
f 2318//2408 2320//2411 2319//2410
f 2318//2408 2317//2409 2320//2411
f 2321//2412 2320//2411 2322//2413
f 2320//2411 2321//2412 2323//2414
f 2320//2411 2326//2415 2322//2413
f 2317//2409 2325//2416 2320//2411
f 2319//2410 2320//2411 2323//2414
f 2326//2415 2320//2411 2324//2417
f 2320//2411 2325//2416 2324//2417
f 2329//2418 2327//2419 2326//2415
f 2326//2415 2327//2419 2328//2420
f 2328//2420 2322//2413 2326//2415
f 2326//2415 2324//2417 2329//2418
f 2330//2421 2327//2419 2329//2418
f 2329//2418 2324//2417 2330//2421
f 2330//2421 2331//2422 2327//2419
f 2331//2422 2330//2421 2332//2423
f 2330//2421 2324//2417 2332//2423
f 2332//2423 2334//2424 2331//2422
f 2332//2423 2324//2417 2200//2274
f 2332//2423 2200//2274 2333//2425
f 2333//2425 2334//2424 2332//2423
f 2335//2426 2334//2424 2336//2427
f 2335//2426 2331//2422 2334//2424
f 2195//2273 2336//2427 2334//2424
f 2195//2273 2334//2424 2333//2425
f 2335//2426 2336//2427 2337//2428
f 2337//2428 2336//2427 2338//2429
f 2198//2272 2338//2429 2336//2427
f 2198//2272 2336//2427 2194//2271
f 2336//2427 2195//2273 2194//2271
f 2339//2430 2338//2429 2340//2431
f 2337//2428 2338//2429 2339//2430
f 2196//2276 2338//2429 2198//2272
f 2196//2276 2340//2431 2338//2429
f 2341//2432 2340//2431 2342//2433
f 2339//2430 2340//2431 2341//2432
f 2199//2277 2342//2433 2340//2431
f 2199//2277 2340//2431 2196//2276
f 2344//2434 2342//2433 2343//2435
f 2191//2268 2343//2435 2342//2433
f 2191//2268 2342//2433 2197//2275
f 2342//2433 2199//2277 2197//2275
f 2341//2432 2342//2433 2344//2434
f 2345//2436 2344//2434 2180//2260
f 2180//2260 2344//2434 2183//2261
f 2345//2436 2341//2432 2344//2434
f 2344//2434 2343//2435 2183//2261
f 2180//2260 2181//2259 2345//2436
f 2181//2259 2341//2432 2345//2436
f 2183//2261 2343//2435 2185//2263
f 2189//2266 2185//2263 2343//2435
f 2189//2266 2343//2435 2191//2268
f 2181//2259 2339//2430 2341//2432
f 2346//2437 2337//2428 2339//2430
f 2346//2437 2339//2430 2181//2259
f 2181//2259 2347//2438 2346//2437
f 2347//2438 2337//2428 2346//2437
f 2181//2259 2182//2258 2347//2438
f 2347//2438 2182//2258 2348//2439
f 2348//2439 2349//2440 2347//2438
f 2347//2438 2349//2440 2335//2426
f 2347//2438 2335//2426 2337//2428
f 2350//2441 2327//2419 2349//2440
f 2349//2440 2327//2419 2331//2422
f 2349//2440 2331//2422 2335//2426
f 2348//2439 2350//2441 2349//2440
f 2182//2258 2351//2442 2350//2441
f 2182//2258 2350//2441 2348//2439
f 2351//2442 2328//2420 2350//2441
f 2350//2441 2328//2420 2327//2419
f 2352//2443 2351//2442 2182//2258
f 2352//2443 2353//2444 2351//2442
f 2353//2444 2354//2445 2351//2442
f 2351//2442 2354//2445 2328//2420
f 2322//2413 2328//2420 2354//2445
f 2321//2412 2354//2445 2355//2446
f 2322//2413 2354//2445 2321//2412
f 2355//2446 2354//2445 2356//2447
f 2353//2444 2356//2447 2354//2445
f 2357//2448 2356//2447 2353//2444
f 2357//2448 2358//2449 2356//2447
f 2359//2450 2356//2447 2358//2449
f 2356//2447 2359//2450 2355//2446
f 2362//2451 2359//2450 2360//2452
f 2359//2450 2358//2449 2360//2452
f 2359//2450 2361//2453 2323//2414
f 2323//2414 2355//2446 2359//2450
f 2361//2453 2359//2450 2362//2451
f 2362//2451 2363//2454 2364//2455
f 2362//2451 2358//2449 2363//2454
f 2361//2453 2362//2451 2364//2455
f 2360//2452 2358//2449 2362//2451
f 2364//2455 2363//2454 2365//2456
f 2365//2456 2361//2453 2364//2455
f 2365//2456 2367//2457 2366//2458
f 2365//2456 2366//2458 2361//2453
f 2368//2459 2367//2457 2365//2456
f 2365//2456 2369//2460 2368//2459
f 2365//2456 2363//2454 2369//2460
f 2369//2460 2363//2454 2370//2461
f 2179//2257 2369//2460 2370//2461
f 2368//2459 2369//2460 2371//2462
f 2371//2462 2369//2460 2179//2257
f 2179//2257 2372//2463 2371//2462
f 2368//2459 2371//2462 2372//2463
f 2372//2463 2374//2464 2373//2465
f 2373//2465 2368//2459 2372//2463
f 2179//2257 2374//2464 2372//2463
f 2374//2464 2375//2466 2373//2465
f 2376//2467 2375//2466 2374//2464
f 2374//2464 2377//2468 2376//2467
f 2374//2464 2378//2469 2377//2468
f 2374//2464 2379//2470 2378//2469
f 2374//2464 2380//2471 2379//2470
f 2171//2249 2380//2471 2374//2464
f 2171//2249 2374//2464 2179//2257
f 2387//2472 2380//2471 2381//2473
f 2380//2471 2383//2474 2381//2473
f 2380//2471 2171//2249 2382//2475
f 2380//2471 2382//2475 2386//2476
f 2380//2471 2384//2477 2383//2474
f 2385//2478 2384//2477 2380//2471
f 2380//2471 2386//2476 2385//2478
f 2379//2470 2380//2471 2387//2472
f 2379//2470 2387//2472 2388//2479
f 2387//2472 2389//2480 2388//2479
f 2381//2473 2383//2474 2387//2472
f 2387//2472 2383//2474 2389//2480
f 2389//2480 2390//2481 2392//2482
f 2389//2480 2391//2483 2390//2481
f 2383//2474 2391//2483 2389//2480
f 2388//2479 2389//2480 2392//2482
f 2388//2479 2392//2482 2379//2470
f 2379//2470 2392//2482 2394//2484
f 2392//2482 2390//2481 2393//2485
f 2392//2482 2393//2485 2394//2484
f 2394//2484 2393//2485 2396//2486
f 2397//2487 2394//2484 2395//2488
f 2394//2484 2396//2486 2395//2488
f 2379//2470 2394//2484 2397//2487
f 2398//2489 2379//2470 2397//2487
f 2397//2487 2395//2488 2398//2489
f 2399//2490 2398//2489 2400//2491
f 2399//2490 2379//2470 2398//2489
f 2398//2489 2401//2492 2400//2491
f 2398//2489 2395//2488 2401//2492
f 2401//2492 2404//2493 2402//2494
f 2400//2491 2401//2492 2402//2494
f 2395//2488 2403//2495 2401//2492
f 2401//2492 2403//2495 2404//2493
f 2402//2494 2404//2493 2405//2496
f 2407//2497 2405//2496 2404//2493
f 2406//2498 2404//2493 2403//2495
f 2408//2499 2404//2493 2406//2498
f 2407//2497 2404//2493 2408//2499
f 2410//2500 2408//2499 2406//2498
f 2408//2499 2409//2501 2407//2497
f 2409//2501 2408//2499 2410//2500
f 2411//2502 2409//2501 2410//2500
f 2412//2503 2411//2502 2410//2500
f 2412//2503 2410//2500 2414//2504
f 2413//2505 2414//2504 2410//2500
f 2410//2500 2406//2498 2413//2505
f 2416//2506 2414//2504 2415//2507
f 2413//2505 2415//2507 2414//2504
f 2417//2508 2414//2504 2416//2506
f 2417//2508 2418//2509 2414//2504
f 2419//2510 2414//2504 2418//2509
f 2419//2510 2412//2503 2414//2504
f 2423//2511 2420//2512 2419//2510
f 2420//2512 2412//2503 2419//2510
f 2423//2511 2419//2510 2421//2513
f 2421//2513 2419//2510 2422//2514
f 2422//2514 2419//2510 2418//2509
f 2424//2515 2423//2511 2421//2513
f 2428//2516 2423//2511 2424//2515
f 2429//2517 2420//2512 2423//2511
f 2425//2518 2423//2511 2426//2519
f 2430//2520 2423//2511 2425//2518
f 2426//2519 2423//2511 2427//2521
f 2427//2521 2423//2511 2428//2516
f 2429//2517 2423//2511 2430//2520
f 2425//2518 2431//2522 2430//2520
f 2430//2520 2431//2522 2429//2517
f 2429//2517 2431//2522 2432//2523
f 2433//2524 2432//2523 2431//2522
f 2433//2524 2431//2522 2435//2525
f 2425//2518 2434//2526 2431//2522
f 2435//2525 2431//2522 2434//2526
f 2437//2527 2435//2525 2436//2528
f 2436//2528 2435//2525 2438//2529
f 2437//2527 2433//2524 2435//2525
f 2435//2525 2434//2526 2438//2529
f 2439//2530 2438//2529 2440//2531
f 2436//2528 2438//2529 2439//2530
f 2438//2529 2441//2532 2440//2531
f 2438//2529 2434//2526 2441//2532
f 2427//2521 2441//2532 2434//2526
f 2428//2516 2441//2532 2427//2521
f 2428//2516 2442//2533 2441//2532
f 2440//2531 2441//2532 2442//2533
f 2443//2534 2442//2533 2428//2516
f 2443//2534 2444//2535 2442//2533
f 2440//2531 2442//2533 2445//2536
f 2445//2536 2442//2533 2444//2535
f 2445//2536 2444//2535 2446//2537
f 2447//2538 2445//2536 2446//2537
f 2448//2539 2445//2536 2447//2538
f 2448//2539 2440//2531 2445//2536
f 2450//2540 2448//2539 2447//2538
f 2449//2541 2440//2531 2448//2539
f 2450//2540 2449//2541 2448//2539
f 2451//2542 2452//2543 2450//2540
f 2450//2540 2453//2544 2451//2542
f 2450//2540 2452//2543 2455//2545
f 2450//2540 2454//2546 2453//2544
f 2450//2540 2447//2538 2454//2546
f 2455//2545 2449//2541 2450//2540
f 2455//2545 2452//2543 2459//2547
f 2455//2545 2439//2530 2449//2541
f 2455//2545 2436//2528 2439//2530
f 2455//2545 2437//2527 2436//2528
f 2455//2545 2456//2548 2437//2527
f 2455//2545 2457//2549 2456//2548
f 2457//2549 2455//2545 2458//2550
f 2455//2545 2459//2547 2458//2550
f 2460//2551 2462//2552 2459//2547
f 2460//2551 2459//2547 2452//2543
f 2458//2550 2459//2547 2461//2553
f 2462//2552 2461//2553 2459//2547
f 2462//2552 2463//2554 2461//2553
f 2465//2555 2463//2554 2462//2552
f 2464//2556 2462//2552 2460//2551
f 2464//2556 2465//2555 2462//2552
f 2466//2557 2467//2558 2465//2555
f 2466//2557 2465//2555 2464//2556
f 2467//2558 2468//2559 2465//2555
f 2465//2555 2468//2559 2463//2554
f 2467//2558 2469//2560 2468//2559
f 2469//2560 2470//2561 2468//2559
f 2468//2559 2471//2562 2463//2554
f 2468//2559 2470//2561 2471//2562
f 2471//2562 2474//2563 2472//2564
f 2463//2554 2471//2562 2472//2564
f 2470//2561 2473//2565 2471//2562
f 2474//2563 2471//2562 2473//2565
f 2475//2566 2472//2564 2474//2563
f 2474//2563 2473//2565 2476//2567
f 2475//2566 2474//2563 2477//2568
f 2478//2569 2474//2563 2476//2567
f 2474//2563 2479//2570 2477//2568
f 2474//2563 2478//2569 2479//2570
f 2478//2569 2480//2571 2479//2570
f 2479//2570 2480//2571 2482//2572
f 2481//2573 2479//2570 2483//2574
f 2479//2570 2481//2573 2477//2568
f 2483//2574 2479//2570 2482//2572
f 2483//2574 2482//2572 2484//2575
f 2484//2575 2485//2576 2483//2574
f 2483//2574 2485//2576 2481//2573
f 2481//2573 2485//2576 2489//2577
f 2485//2576 2487//2578 2486//2579
f 2489//2577 2485//2576 2486//2579
f 2485//2576 2488//2580 2487//2578
f 2484//2575 2488//2580 2485//2576
f 2489//2577 2486//2579 2490//2581
f 2490//2581 2491//2582 2489//2577
f 2481//2573 2489//2577 2475//2566
f 2489//2577 2491//2582 2475//2566
f 2458//2550 2461//2553 2491//2582
f 2491//2582 2461//2553 2472//2564
f 2472//2564 2475//2566 2491//2582
f 2492//2583 2458//2550 2491//2582
f 2492//2583 2491//2582 2493//2584
f 2493//2584 2491//2582 2494//2585
f 2494//2585 2491//2582 2495//2586
f 2495//2586 2491//2582 2490//2581
f 2490//2581 2496//2587 2495//2586
f 2495//2586 2496//2587 2497//2588
f 2495//2586 2497//2588 2494//2585
f 2497//2588 2500//2589 2498//2590
f 2493//2584 2497//2588 2498//2590
f 2497//2588 2499//2591 2500//2589
f 2496//2587 2499//2591 2497//2588
f 2494//2585 2497//2588 2493//2584
f 2498//2590 2500//2589 2502//2592
f 2501//2593 2503//2594 2500//2589
f 2501//2593 2500//2589 2504//2595
f 2504//2595 2500//2589 2499//2591
f 2502//2592 2500//2589 2503//2594
f 2504//2595 2505//2596 2501//2593
f 2506//2597 2505//2596 2504//2595
f 2504//2595 2499//2591 2506//2597
f 2506//2597 2509//2598 2505//2596
f 2507//2599 2509//2598 2506//2597
f 2506//2597 2508//2600 2507//2599
f 2506//2597 2499//2591 2508//2600
f 2505//2596 2509//2598 2514//2601
f 2512//2602 2510//2603 2509//2598
f 2509//2598 2510//2603 2515//2604
f 2511//2605 2509//2598 2516//2606
f 2517//2607 2509//2598 2511//2605
f 2512//2602 2509//2598 2517//2607
f 2514//2601 2509//2598 2513//2608
f 2509//2598 2515//2604 2513//2608
f 2516//2606 2509//2598 2507//2599
f 2517//2607 2518//2609 2512//2602
f 2517//2607 2488//2580 2518//2609
f 2511//2605 2488//2580 2517//2607
f 2488//2580 2484//2575 2518//2609
f 2518//2609 2482//2572 2519//2610
f 2484//2575 2482//2572 2518//2609
f 2518//2609 2519//2610 2512//2602
f 2520//2611 2519//2610 2521//2612
f 2520//2611 2512//2602 2519//2610
f 2519//2610 2482//2572 2521//2612
f 2521//2612 2480//2571 2520//2611
f 2521//2612 2482//2572 2480//2571
f 2525//2613 2520//2611 2522//2614
f 2520//2611 2523//2615 2522//2614
f 2520//2611 2524//2616 2523//2615
f 2520//2611 2480//2571 2524//2616
f 2512//2602 2520//2611 2525//2613
f 2512//2602 2525//2613 2510//2603
f 2528//2617 2510//2603 2525//2613
f 2528//2617 2525//2613 2526//2618
f 2526//2618 2525//2613 2529//2619
f 2525//2613 2522//2614 2527//2620
f 2531//2621 2525//2613 2527//2620
f 2525//2613 2530//2622 2529//2619
f 2525//2613 2531//2621 2530//2622
f 2532//2623 2530//2622 2531//2621
f 2532//2623 2531//2621 2533//2624
f 2533//2624 2531//2621 2523//2615
f 2527//2620 2523//2615 2531//2621
f 2523//2615 2524//2616 2533//2624
f 2524//2616 2534//2625 2533//2624
f 2534//2625 2532//2623 2533//2624
f 2534//2625 2535//2626 2537//2627
f 2535//2626 2534//2625 2524//2616
f 2537//2627 2536//2628 2534//2625
f 2536//2628 2532//2623 2534//2625
f 2537//2627 2538//2629 2539//2630
f 2538//2629 2537//2627 2535//2626
f 2539//2630 2540//2631 2537//2627
f 2540//2631 2536//2628 2537//2627
f 2543//2632 2541//2633 2540//2631
f 2541//2633 2542//2634 2540//2631
f 2540//2631 2542//2634 2536//2628
f 2543//2632 2540//2631 2539//2630
f 2544//2635 2543//2632 2547//2636
f 2544//2635 2546//2637 2543//2632
f 2543//2632 2545//2638 2547//2636
f 2545//2638 2543//2632 2539//2630
f 2546//2637 2541//2633 2543//2632
f 2545//2638 2544//2635 2547//2636
f 2548//2639 2546//2637 2550//2640
f 2551//2641 2546//2637 2548//2639
f 2546//2637 2544//2635 2550//2640
f 2546//2637 2549//2642 2541//2633
f 2549//2642 2546//2637 2551//2641
f 2548//2639 2552//2643 2551//2641
f 2552//2643 2549//2642 2551//2641
f 2556//2644 2553//2645 2552//2643
f 2553//2645 2555//2646 2552//2643
f 2552//2643 2555//2646 2554//2647
f 2549//2642 2552//2643 2554//2647
f 2556//2644 2552//2643 2548//2639
f 2556//2644 2557//2648 2561//2649
f 2556//2644 2560//2650 2557//2648
f 2558//2651 2553//2645 2556//2644
f 2556//2644 2561//2649 2558//2651
f 2556//2644 2548//2639 2559//2652
f 2559//2652 2560//2650 2556//2644
f 2562//2653 2561//2654 2557//2655
f 2563//2656 2561//2654 2562//2653
f 2563//2656 2565//2657 2561//2654
f 2564//2658 2561//2649 2566//2659
f 2558//2651 2561//2649 2564//2658
f 2566//2659 2561//2649 2565//2660
f 2567//2661 2568//2662 2566//2659
f 2567//2661 2566//2659 2565//2660
f 2568//2662 2569//2663 2566//2659
f 2569//2663 2564//2658 2566//2659
f 2568//2662 2570//2664 2569//2663
f 2570//2664 2571//2665 2569//2663
f 2572//2666 2569//2663 2571//2665
f 2569//2663 2572//2666 2564//2658
f 2574//2667 2572//2666 2571//2665
f 2558//2651 2572//2666 2553//2645
f 2572//2666 2573//2668 2553//2645
f 2574//2667 2573//2668 2572//2666
f 2564//2658 2572//2666 2558//2651
f 2574//2667 2575//2669 2576//2670
f 2571//2665 2575//2669 2574//2667
f 2573//2668 2574//2667 2576//2670
f 2576//2670 2575//2669 2578//2671
f 2576//2670 2578//2671 2577//2672
f 2577//2672 2573//2668 2576//2670
f 2579//2673 2581//2674 2578//2671
f 2579//2673 2578//2671 2575//2669
f 2581//2674 2580//2675 2578//2671
f 2577//2672 2578//2671 2580//2675
f 2582//2676 2581//2674 2579//2673
f 2581//2674 2582//2676 2583//2677
f 2581//2674 2583//2677 2580//2675
f 2584//2678 2583//2677 2582//2676
f 2585//2679 2583//2677 2584//2678
f 2585//2679 2580//2675 2583//2677
f 2589//2680 2585//2679 2584//2678
f 2587//2681 2585//2679 2586//2682
f 2585//2679 2588//2683 2586//2682
f 2585//2679 2587//2681 2580//2675
f 2585//2679 2589//2680 2588//2683
f 2515//2604 2589//2680 2590//2684
f 2591//2685 2590//2684 2589//2680
f 2589//2680 2594//2686 2591//2685
f 2515//2604 2588//2683 2589//2680
f 2589//2680 2584//2678 2592//2687
f 2592//2687 2593//2688 2589//2680
f 2589//2680 2593//2688 2594//2686
f 2593//2688 2595//2689 2594//2686
f 2595//2689 2591//2685 2594//2686
f 2599//2690 2595//2689 2596//2691
f 2593//2688 2596//2691 2595//2689
f 2597//2692 2595//2689 2599//2690
f 2597//2692 2598//2693 2595//2689
f 2591//2685 2595//2689 2598//2693
f 2600//2694 2599//2690 2601//2695
f 2377//2468 2599//2690 2600//2694
f 2377//2468 2597//2692 2599//2690
f 2599//2690 2596//2691 2601//2695
f 2376//2467 2601//2695 2375//2466
f 2600//2694 2601//2695 2376//2467
f 2601//2695 2596//2691 2602//2696
f 2601//2695 2602//2696 2375//2466
f 2375//2466 2602//2696 2366//2458
f 2603//2697 2366//2458 2602//2696
f 2603//2697 2602//2696 2604//2698
f 2602//2696 2605//2699 2604//2698
f 2605//2699 2602//2696 2596//2691
f 2592//2687 2604//2698 2605//2699
f 2593//2688 2592//2687 2605//2699
f 2605//2699 2596//2691 2593//2688
f 2592//2687 2603//2697 2604//2698
f 2361//2453 2366//2458 2603//2697
f 2592//2687 2606//2700 2603//2697
f 2603//2697 2606//2700 2361//2453
f 2606//2700 2592//2687 2607//2701
f 2609//2702 2606//2700 2607//2701
f 2323//2414 2361//2453 2606//2700
f 2606//2700 2610//2703 2323//2414
f 2608//2704 2606//2700 2609//2702
f 2610//2703 2606//2700 2608//2704
f 2611//2705 2610//2703 2608//2704
f 2610//2703 2306//2398 2319//2410
f 2610//2703 2611//2705 2306//2398
f 2319//2410 2323//2414 2610//2703
f 2302//2392 2611//2705 2612//2706
f 2612//2706 2611//2705 2613//2707
f 2302//2392 2306//2398 2611//2705
f 2609//2702 2611//2705 2608//2704
f 2609//2702 2613//2707 2611//2705
f 2612//2706 2613//2707 2614//2708
f 2615//2709 2614//2708 2613//2707
f 2609//2702 2615//2709 2613//2707
f 2616//2710 2614//2708 2615//2709
f 2615//2709 2619//2711 2616//2710
f 2615//2709 2609//2702 2617//2712
f 2618//2713 2615//2709 2617//2712
f 2620//2714 2615//2709 2618//2713
f 2619//2711 2615//2709 2620//2714
f 2620//2714 2621//2715 2619//2711
f 2620//2714 2622//2716 2621//2715
f 2620//2714 2623//2717 2622//2716
f 2623//2717 2620//2714 2618//2713
f 2607//2701 2623//2717 2626//2718
f 2592//2687 2623//2717 2607//2701
f 2623//2717 2625//2719 2622//2716
f 2592//2687 2624//2720 2623//2717
f 2624//2720 2625//2719 2623//2717
f 2623//2717 2618//2713 2626//2718
f 2607//2701 2626//2718 2627//2721
f 2618//2713 2627//2721 2626//2718
f 2628//2722 2607//2701 2627//2721
f 2627//2721 2617//2712 2628//2722
f 2617//2712 2627//2721 2618//2713
f 2617//2712 2609//2702 2628//2722
f 2609//2702 2607//2701 2628//2722
f 2629//2723 2625//2719 2582//2676
f 2629//2723 2622//2716 2625//2719
f 2630//2724 2625//2719 2624//2720
f 2630//2724 2582//2676 2625//2719
f 2582//2676 2630//2724 2584//2678
f 2592//2687 2584//2678 2630//2724
f 2624//2720 2592//2687 2630//2724
f 2629//2723 2582//2676 2631//2725
f 2632//2726 2629//2723 2631//2725
f 2621//2715 2622//2716 2629//2723
f 2633//2727 2629//2723 2632//2726
f 2629//2723 2633//2727 2621//2715
f 2635//2728 2633//2727 2634//2729
f 2633//2727 2636//2730 2634//2729
f 2635//2728 2637//2731 2633//2727
f 2636//2730 2633//2727 2632//2726
f 2621//2715 2633//2727 2637//2731
f 2635//2728 2638//2732 2637//2731
f 2619//2711 2637//2731 2638//2732
f 2637//2731 2619//2711 2621//2715
f 2639//2733 2638//2732 2635//2728
f 2639//2733 2640//2734 2638//2732
f 2641//2735 2638//2732 2640//2734
f 2619//2711 2638//2732 2641//2735
f 2642//2736 2641//2735 2640//2734
f 2643//2737 2641//2735 2642//2736
f 2643//2737 2619//2711 2641//2735
f 2644//2738 2616//2710 2643//2737
f 2616//2710 2619//2711 2643//2737
f 2644//2738 2643//2737 2642//2736
f 2644//2738 2646//2739 2287//2740
f 2287//2740 2645//2741 2644//2738
f 2642//2736 2646//2739 2644//2738
f 2645//2741 2616//2710 2644//2738
f 2647//2742 2646//2739 2642//2736
f 2646//2739 2647//2742 2648//2743
f 2648//2744 2284//2745 2646//3
f 2284//2372 2287//2375 2646//2746
f 2650//2747 2649//2748 2648//2743
f 2649//2749 2284//2745 2648//2744
f 2650//2747 2648//2743 2647//2742
f 2651//2750 2650//2747 2652//2751
f 2651//2750 2653//2752 2650//2747
f 2653//2752 2649//2748 2650//2747
f 2652//2751 2650//2747 2647//2742
f 2654//2753 2653//2752 2656//2754
f 2653//2752 2654//2753 2649//2748
f 2655//2755 2653//2752 2651//2750
f 2657//2756 2653//2752 2655//2755
f 2653//2752 2657//2756 2656//2754
f 2660//2757 2657//2756 2658//2758
f 2659//2759 2658//2758 2657//2756
f 2655//2755 2659//2759 2657//2756
f 2656//2754 2657//2756 2660//2757
f 2662//2760 2661//2761 2660//2757
f 2660//2757 2661//2761 2654//2753
f 2660//2757 2654//2753 2656//2754
f 2660//2757 2658//2758 2662//2760
f 2662//2760 2665//2762 2661//2761
f 2662//2760 2658//2758 2663//2763
f 2662//2760 2663//2763 2666//2764
f 2662//2760 2664//2765 2665//2762
f 2666//2764 2664//2765 2662//2760
f 2664//2765 2666//2764 2667//2766
f 2668//2767 2667//2766 2666//2764
f 2663//2763 2668//2767 2666//2764
f 2670//2768 2668//2767 2663//2763
f 2668//2767 2669//2769 2667//2766
f 2671//2770 2669//2769 2668//2767
f 2670//2768 2671//2770 2668//2767
f 2672//2771 2669//2769 2671//2770
f 2670//2768 2672//2771 2671//2770
f 2672//2771 2673//2772 2669//2769
f 2674//2773 2673//2772 2672//2771
f 2672//2771 2675//2774 2674//2773
f 2672//2771 2670//2768 2675//2774
f 2670//2768 2677//2775 2675//2774
f 2675//2774 2677//2775 2676//2776
f 2675//2774 2676//2776 2679//2777
f 2674//2773 2675//2774 2678//2778
f 2678//2778 2675//2774 2680//2779
f 2675//2774 2679//2777 2680//2779
f 2679//2777 2681//2780 2680//2779
f 2681//2780 2678//2778 2680//2779
f 2681//2780 2682//2781 2687//2782
f 2681//2780 2684//2783 2682//2781
f 2684//2783 2681//2780 2683//2784
f 2686//2785 2683//2784 2681//2780
f 2686//2785 2681//2780 2679//2777
f 2687//2782 2685//2786 2681//2780
f 2681//2780 2685//2786 2678//2778
f 2688//2787 2687//2782 2689//2788
f 2688//2787 2685//2786 2687//2782
f 2689//2788 2687//2782 2691//2789
f 2687//2782 2682//2781 2690//2790
f 2687//2782 2690//2790 2691//2789
f 2691//2789 2694//2791 2692//2792
f 2692//2792 2693//2793 2691//2789
f 2690//2790 2694//2791 2691//2789
f 2691//2789 2693//2793 2689//2788
f 2692//2792 2694//2791 2695//2794
f 2695//2794 2694//2791 2696//2795
f 2696//2795 2694//2791 2697//2796
f 2690//2790 2697//2796 2694//2791
f 2696//2795 2697//2796 2698//2797
f 2698//2797 2697//2796 2699//2798
f 2684//2783 2699//2798 2697//2796
f 2682//2781 2697//2796 2690//2790
f 2684//2783 2697//2796 2682//2781
f 2701//2799 2699//2798 2700//2800
f 2702//2801 2700//2800 2699//2798
f 2698//2797 2699//2798 2701//2799
f 2699//2798 2684//2783 2702//2801
f 2683//2784 2702//2801 2684//2783
f 2703//2802 2700//2800 2702//2801
f 2683//2784 2703//2802 2702//2801
f 2705//2803 2700//2800 2703//2802
f 2703//2802 2704//2804 2705//2803
f 2704//2804 2703//2802 2683//2784
f 2707//2805 2705//2803 2706//2806
f 2705//2803 2704//2804 2706//2806
f 2705//2803 2707//2805 2700//2800
f 2710//2807 2700//2800 2707//2805
f 2708//2808 2707//2805 2709//2809
f 2710//2807 2707//2805 2708//2808
f 2706//2806 2709//2809 2707//2805
f 2712//2810 2710//2807 2711//2811
f 2711//2811 2710//2807 2708//2808
f 2712//2810 2701//2799 2710//2807
f 2701//2799 2700//2800 2710//2807
f 2711//2811 2713//2812 2712//2810
f 2713//2812 2701//2799 2712//2810
f 2714//2813 2713//2812 2711//2811
f 2717//2814 2713//2812 2714//2813
f 2386//2476 2713//2812 2717//2814
f 2386//2476 2715//2815 2713//2812
f 2713//2812 2715//2815 2716//2816
f 2713//2812 2698//2797 2701//2799
f 2716//2816 2698//2797 2713//2812
f 2386//2476 2717//2814 2718//2817
f 2718//2817 2717//2814 2719//2818
f 2717//2814 2722//2819 2719//2818
f 2717//2814 2721//2820 2720//2821
f 2720//2821 2723//2822 2717//2814
f 2717//2814 2714//2813 2721//2820
f 2717//2814 2723//2822 2722//2819
f 2720//2821 2726//2823 2723//2822
f 2723//2822 2725//2824 2722//2819
f 2723//2822 2724//2825 2725//2824
f 2726//2823 2724//2825 2723//2822
f 2720//2821 2727//2826 2726//2823
f 2727//2826 2728//2827 2726//2823
f 2726//2823 2728//2827 2729//2828
f 2726//2823 2729//2828 2724//2825
f 2730//2829 2724//2825 2729//2828
f 2732//2830 2729//2828 2728//2827
f 2730//2829 2729//2828 2731//2831
f 2729//2828 2732//2830 2731//2831
f 2732//2830 2733//2832 2731//2831
f 2732//2830 2728//2827 2734//2833
f 2734//2833 2733//2832 2732//2830
f 2734//2833 2728//2827 2735//2834
f 2735//2834 2733//2832 2734//2833
f 2735//2834 2736//2835 2733//2832
f 2737//2836 2736//2835 2735//2834
f 2738//2837 2737//2836 2735//2834
f 2735//2834 2728//2827 2738//2837
f 2739//2838 2738//2837 2728//2827
f 2741//2839 2738//2837 2739//2838
f 2741//2839 2740//2840 2738//2837
f 2737//2836 2738//2837 2740//2840
f 2714//2813 2741//2839 2739//2838
f 2741//2839 2742//2841 2740//2840
f 2743//2842 2742//2841 2741//2839
f 2714//2813 2743//2842 2741//2839
f 2743//2842 2709//2809 2742//2841
f 2708//2808 2709//2809 2743//2842
f 2744//2843 2708//2808 2743//2842
f 2744//2843 2743//2842 2714//2813
f 2714//2813 2711//2811 2744//2843
f 2711//2811 2708//2808 2744//2843
f 2745//2844 2740//2840 2742//2841
f 2746//2845 2742//2841 2709//2809
f 2742//2841 2746//2845 2745//2844
f 2746//2845 2748//2846 2745//2844
f 2746//2845 2709//2809 2747//2847
f 2747//2847 2748//2846 2746//2845
f 2706//2806 2748//2846 2747//2847
f 2706//2806 2704//2804 2748//2846
f 2749//2848 2748//2846 2704//2804
f 2749//2848 2750//2849 2748//2846
f 2745//2844 2748//2846 2736//2835
f 2748//2846 2750//2849 2736//2835
f 2751//2850 2750//2849 2749//2848
f 2751//2850 2424//2515 2750//2849
f 2424//2515 2421//2513 2750//2849
f 2750//2849 2733//2832 2736//2835
f 2750//2849 2421//2513 2733//2832
f 2754//2851 2751//2850 2749//2848
f 2755//2852 2424//2515 2751//2850
f 2753//2853 2751//2850 2752//2854
f 2751//2850 2754//2851 2752//2854
f 2756//2855 2751//2850 2753//2853
f 2755//2852 2751//2850 2756//2855
f 2755//2852 2756//2855 2757//2856
f 2758//2857 2757//2856 2756//2855
f 2753//2853 2758//2857 2756//2855
f 2758//2857 2759//2858 2762//2859
f 2753//2853 2759//2858 2758//2857
f 2758//2857 2760//2860 2757//2856
f 2758//2857 2761//2861 2760//2860
f 2762//2859 2761//2861 2758//2857
f 2759//2858 2763//2862 2762//2859
f 2761//2861 2762//2859 2763//2862
f 2763//2862 2759//2858 2766//2863
f 2763//2862 2764//2864 2761//2861
f 2765//2865 2764//2864 2763//2862
f 2763//2862 2766//2863 2765//2865
f 2767//2866 2766//2863 2770//2867
f 2768//2868 2766//2863 2767//2866
f 2766//2863 2759//2858 2769//2869
f 2766//2863 2768//2868 2765//2865
f 2766//2863 2769//2869 2770//2867
f 2770//2867 2769//2869 2771//2870
f 2770//2867 2771//2870 2772//2871
f 2773//2872 2770//2867 2772//2871
f 2767//2866 2770//2867 2773//2872
f 2774//2873 2773//2872 2776//2874
f 2774//2873 2767//2866 2773//2872
f 2776//2874 2773//2872 2775//2875
f 2773//2872 2772//2871 2775//2875
f 2778//2876 2776//2874 2777//2877
f 2776//2874 2775//2875 2777//2877
f 2778//2876 2774//2873 2776//2874
f 2778//2878 2779//2879 2780//2880
f 2783//2881 2779//2879 2778//2878
f 2778//2878 2780//2880 2781//2882
f 2781//2883 2774//2873 2778//2876
f 2778//2876 2777//2877 2782//2884
f 2778//2876 2782//2884 2783//2885
f 2782//2884 2784//2886 2783//2885
f 2784//2887 2779//2879 2783//2881
f 2785//2888 2779//2879 2784//2887
f 2785//2888 2784//2887 2786//2889
f 2787//2890 2786//2891 2784//2886
f 2787//2890 2784//2886 2782//2884
f 2790//2892 2787//2890 2782//2884
f 2786//2891 2787//2890 2788//2893
f 2787//2890 2789//2894 2788//2893
f 2790//2892 2789//2894 2787//2890
f 2791//2895 2789//2894 2790//2892
f 2777//2877 2790//2892 2782//2884
f 2777//2877 2775//2875 2790//2892
f 2790//2892 2775//2875 2791//2895
f 2793//2896 2791//2895 2792//2897
f 2775//2875 2792//2897 2791//2895
f 2791//2895 2793//2896 2789//2894
f 2789//2894 2793//2896 2794//2898
f 2794//2898 2793//2896 2795//2899
f 2793//2896 2797//2900 2795//2899
f 2796//2901 2797//2900 2793//2896
f 2796//2901 2793//2896 2792//2897
f 2797//2900 2798//2902 2799//2903
f 2800//2904 2798//2902 2797//2900
f 2800//2904 2797//2900 2796//2901
f 2795//2899 2797//2900 2799//2903
f 2772//2871 2800//2904 2796//2901
f 2801//2905 2798//2902 2800//2904
f 2800//2904 2771//2870 2801//2905
f 2800//2904 2772//2871 2771//2870
f 2802//2906 2798//2902 2801//2905
f 2801//2905 2803//2907 2802//2906
f 2801//2905 2771//2870 2803//2907
f 2804//2908 2749//2848 2803//2907
f 2749//2848 2805//2909 2803//2907
f 2803//2907 2771//2870 2804//2908
f 2802//2906 2803//2907 2805//2909
f 2749//2848 2807//2910 2805//2909
f 2805//2909 2806//2911 2802//2906
f 2807//2910 2806//2911 2805//2909
f 2807//2910 2749//2848 2704//2804
f 2807//2910 2704//2804 2808//2912
f 2807//2910 2809//2913 2806//2911
f 2808//2912 2809//2913 2807//2910
f 2810//2914 2806//2911 2809//2913
f 2809//2913 2811//2915 2810//2914
f 2808//2912 2811//2915 2809//2913
f 2686//2785 2812//2916 2811//2915
f 2813//2917 2811//2915 2812//2916
f 2813//2917 2810//2914 2811//2915
f 2814//2918 2811//2915 2808//2912
f 2686//2785 2811//2915 2814//2918
f 2814//2918 2683//2784 2686//2785
f 2808//2912 2683//2784 2814//2918
f 2813//2917 2815//2919 2817//2920
f 2815//2919 2813//2917 2818//2921
f 2816//2922 2813//2917 2817//2920
f 2816//2922 2795//2899 2813//2917
f 2810//2914 2813//2917 2799//2903
f 2799//2903 2813//2917 2795//2899
f 2813//2917 2812//2916 2818//2921
f 2818//2921 2819//2923 2822//2924
f 2819//2923 2818//2921 2821//2925
f 2815//2919 2818//2921 2820//2926
f 2818//2921 2822//2924 2820//2926
f 2821//2925 2818//2921 2677//2775
f 2677//2775 2818//2921 2812//2916
f 2823//2927 2824//2928 2822//2924
f 2822//2924 2819//2923 2823//2927
f 2822//2924 2824//2928 2785//2929
f 2815//2919 2822//2924 2785//2929
f 2822//2924 2815//2919 2820//2926
f 2824//2928 2658//2758 2825//2930
f 2825//1 2779//2931 2824//1
f 2779//2879 2785//2888 2824//2932
f 2824//2928 2823//2927 2658//2758
f 2825//2930 2658//2758 2659//2759
f 2659//2933 2779//2931 2825//1
f 2663//2763 2658//2758 2823//2927
f 2823//2927 2670//2768 2663//2763
f 2819//2923 2670//2768 2823//2927
f 2821//2925 2670//2768 2819//2923
f 2677//2775 2670//2768 2821//2925
f 2815//2919 2816//2922 2817//2920
f 2816//2922 2815//2919 2827//2934
f 2828//2935 2826//2936 2816//2922
f 2794//2898 2816//2922 2826//2936
f 2795//2899 2816//2922 2794//2898
f 2816//2922 2827//2934 2828//2935
f 2827//2937 2786//2889 2828//2938
f 2829//2939 2828//2935 2786//2891
f 2826//2936 2828//2935 2829//2939
f 2829//2939 2794//2898 2826//2936
f 2786//2891 2788//2893 2829//2939
f 2788//2893 2789//2894 2829//2939
f 2829//2939 2789//2894 2794//2898
f 2815//2919 2785//2929 2827//2934
f 2785//2888 2786//2889 2827//2937
f 2812//2916 2676//2776 2677//2775
f 2812//2916 2679//2777 2676//2776
f 2679//2777 2812//2916 2686//2785
f 2798//2902 2806//2911 2810//2914
f 2799//2903 2798//2902 2810//2914
f 2808//2912 2704//2804 2683//2784
f 2802//2906 2806//2911 2798//2902
f 2754//2851 2749//2848 2804//2908
f 2804//2908 2769//2869 2754//2851
f 2804//2908 2771//2870 2769//2869
f 2792//2897 2772//2871 2796//2901
f 2792//2897 2775//2875 2772//2871
f 2830//2940 2774//2873 2781//2883
f 2781//2941 2831//2942 2830//2943
f 2781//2941 2780//2944 2831//2942
f 2780//2945 2832//2946 2831//2947
f 2832//2948 2833//2949 2831//2950
f 2831//2950 2833//2949 2830//2951
f 2834//2952 2830//2940 2833//2953
f 2832//2948 2834//2954 2833//2949
f 2836//2955 2834//2952 2835//2956
f 2837//2957 2835//2958 2834//2954
f 2830//2940 2834//2952 2836//2955
f 2837//2957 2834//2954 2832//2948
f 2839//2959 2837//2960 2832//2946
f 2838//2961 2835//2958 2837//2957
f 2839//2959 2838//2962 2837//2960
f 2839//2963 2651//2750 2846//2964
f 2839//2963 2655//2755 2651//2750
f 2659//2759 2655//2755 2839//2963
f 2839//2959 2832//2946 2659//2933
f 2839//2959 2841//2965 2838//2962
f 2839//2959 2840//2966 2843//2967
f 2839//2959 2842//2968 2840//2966
f 2839//2959 2843//2967 2841//2965
f 2839//2959 2844//2969 2842//2968
f 2844//2969 2839//2959 2845//2970
f 2845//2970 2839//2959 2846//2971
f 2845//2970 2846//2971 2563//2972
f 2563//2972 2846//2971 2847//2973
f 2846//2964 2652//2751 2847//2974
f 2846//2964 2651//2750 2652//2751
f 2848//2975 2639//2733 2847//2974
f 2563//2972 2847//2973 2639//2976
f 2847//2974 2652//2751 2848//2975
f 2848//2975 2642//2736 2640//2734
f 2639//2733 2848//2975 2640//2734
f 2652//2751 2647//2742 2848//2975
f 2848//2975 2647//2742 2642//2736
f 2850//2977 2845//2978 2849//2979
f 2845//2970 2562//2980 2849//2981
f 2845//2970 2563//2972 2562//2980
f 2845//2978 2851//2982 2844//2983
f 2845//2978 2850//2977 2851//2982
f 2853//2984 2852//2985 2851//2986
f 2842//2987 2851//2982 2852//2988
f 2853//2984 2851//2986 2850//2989
f 2844//2983 2851//2982 2842//2987
f 2853//2984 2854//2990 2852//2985
f 2853//2984 2856//2991 2854//2990
f 2853//2984 2859//2992 2855//2993
f 2855//2993 2857//2994 2853//2984
f 2853//2984 2857//2994 2856//2991
f 2853//2984 2858//2995 2859//2992
f 2853//2984 2544//2635 2858//2995
f 2544//2635 2853//2984 2559//2652
f 2853//2984 2560//2650 2559//2652
f 2853//2984 2850//2989 2560//2650
f 2855//2993 2859//2992 2860//2996
f 2860//2996 2859//2992 2469//2560
f 2859//2992 2858//2995 2861//2997
f 2859//2992 2861//2997 2469//2560
f 2858//2995 2545//2638 2861//2997
f 2538//2629 2861//2997 2545//2638
f 2861//2997 2538//2629 2470//2561
f 2469//2560 2861//2997 2470//2561
f 2863//2998 2860//2996 2862//2999
f 2862//2999 2860//2996 2467//2558
f 2855//2993 2860//2996 2863//2998
f 2860//2996 2469//2560 2467//2558
f 2863//2998 2864//3000 2867//3001
f 2863//2998 2865//3002 2864//3000
f 2836//2955 2865//3002 2863//2998
f 2863//2998 2862//2999 2836//2955
f 2863//2998 2866//3003 2855//2993
f 2863//2998 2867//3001 2866//3003
f 2868//3004 2867//3005 2843//3006
f 2843//3006 2867//3005 2864//3007
f 2868//3004 2866//3008 2867//3005
f 2843//2967 2840//2966 2868//3009
f 2869//3010 2866//3008 2868//3004
f 2868//3009 2840//2966 2869//3011
f 2870//3012 2872//3013 2869//3010
f 2869//3011 2871//3014 2870//3015
f 2869//3011 2840//2966 2871//3014
f 2869//3010 2872//3013 2866//3008
f 2855//2993 2872//3016 2873//3017
f 2872//3013 2870//3012 2873//3018
f 2855//2993 2866//3003 2872//3016
f 2873//3018 2870//3012 2874//3019
f 2874//3019 2875//3020 2873//3018
f 2855//2993 2873//3017 2875//3021
f 2876//3022 2875//3020 2874//3019
f 2855//2993 2875//3021 2857//2994
f 2876//3022 2857//3023 2875//3020
f 2870//3015 2876//3024 2874//3025
f 2870//3015 2877//3026 2876//3024
f 2877//3027 2857//3023 2876//3022
f 2870//3015 2871//3014 2877//3026
f 2871//3028 2856//3029 2877//3027
f 2877//3027 2856//3029 2857//3023
f 2840//3030 2854//3031 2871//3028
f 2871//3028 2854//3031 2856//3029
f 2841//3032 2864//3007 2865//3033
f 2841//3032 2865//3033 2838//2961
f 2838//2961 2865//3033 2835//2958
f 2836//2955 2835//2956 2865//3002
f 2843//3006 2864//3007 2841//3032
f 2879//3034 2862//2999 2466//2557
f 2862//2999 2467//2558 2466//2557
f 2880//3035 2862//2999 2878//3036
f 2878//3036 2862//2999 2879//3034
f 2880//3035 2836//2955 2862//2999
f 2836//2955 2880//3035 2881//3037
f 2880//3035 2883//3038 2881//3037
f 2878//3036 2882//3039 2880//3035
f 2880//3035 2882//3039 2883//3038
f 2883//3038 2882//3039 2884//3040
f 2883//3038 2774//2873 2881//3037
f 2883//3038 2767//2866 2774//2873
f 2767//2866 2883//3038 2884//3040
f 2768//2868 2767//2866 2884//3040
f 2884//3040 2882//3039 2768//2868
f 2885//3041 2886//3042 2882//3039
f 2878//3036 2885//3041 2882//3039
f 2768//2868 2882//3039 2886//3042
f 2885//3041 2887//3043 2886//3042
f 2768//2868 2886//3042 2765//2865
f 2887//3043 2764//2864 2886//3042
f 2765//2865 2886//3042 2764//2864
f 2879//3034 2887//3043 2885//3041
f 2887//3043 2888//3044 2764//2864
f 2889//3045 2888//3044 2887//3043
f 2879//3034 2889//3045 2887//3043
f 2890//3046 2889//3045 2891//3047
f 2890//3046 2892//3048 2889//3045
f 2889//3045 2879//3034 2891//3047
f 2892//3048 2893//3049 2889//3045
f 2889//3045 2893//3049 2888//3044
f 2755//2852 2894//3050 2893//3049
f 2893//3049 2894//3050 2895//3051
f 2888//3044 2893//3049 2895//3051
f 2892//3048 2897//3052 2893//3049
f 2755//2852 2893//3049 2896//3053
f 2896//3053 2893//3049 2897//3052
f 2898//3054 2897//3052 2892//3048
f 2898//3054 2900//3055 2897//3052
f 2899//3056 2897//3052 2900//3055
f 2896//3053 2897//3052 2899//3056
f 2903//3057 2900//3055 2901//3058
f 2902//3059 2901//3058 2900//3055
f 2902//3059 2900//3055 2898//3054
f 2899//3056 2900//3055 2903//3057
f 2904//3060 2899//3056 2903//3057
f 2903//3057 2901//3058 2904//3060
f 2904//3060 2906//3061 2905//3062
f 2905//3062 2899//3056 2904//3060
f 2904//3060 2901//3058 2906//3061
f 2906//3061 2909//3063 2905//3062
f 2901//3058 2908//3064 2906//3061
f 2906//3061 2907//3065 2909//3063
f 2908//3064 2907//3065 2906//3061
f 2910//3066 2909//3063 2907//3065
f 2905//3062 2909//3063 2911//3067
f 2910//3066 2912//3068 2909//3063
f 2911//3067 2909//3063 2912//3068
f 2446//2537 2912//3068 2910//3066
f 2446//2537 2444//2535 2912//3068
f 2912//3068 2914//3069 2913//3070
f 2911//3067 2912//3068 2913//3070
f 2914//3069 2912//3068 2444//2535
f 2443//2534 2424//2515 2914//3069
f 2755//2852 2914//3069 2424//2515
f 2914//3069 2755//2852 2905//3062
f 2914//3069 2444//2535 2443//2534
f 2914//3069 2911//3067 2913//3070
f 2914//3069 2905//3062 2911//3067
f 2454//2546 2910//3066 2907//3065
f 2447//2538 2910//3066 2454//2546
f 2447//2538 2446//2537 2910//3066
f 2915//3071 2907//3065 2908//3064
f 2908//3064 2901//3058 2915//3071
f 2453//2544 2915//3071 2451//2542
f 2453//2544 2907//3065 2915//3071
f 2915//3071 2902//3059 2451//2542
f 2915//3071 2901//3058 2902//3059
f 2454//2546 2907//3065 2453//2544
f 2905//3062 2755//2852 2899//3056
f 2451//2542 2902//3059 2916//3072
f 2902//3059 2917//3073 2916//3072
f 2917//3073 2902//3059 2898//3054
f 2918//3074 2460//2551 2917//3073
f 2918//3074 2917//3073 2919//3075
f 2917//3073 2898//3054 2919//3075
f 2917//3073 2451//2542 2916//3072
f 2451//2542 2917//3073 2452//2543
f 2917//3073 2460//2551 2452//2543
f 2898//3054 2918//3074 2919//3075
f 2890//3046 2918//3074 2920//3076
f 2890//3046 2464//2556 2918//3074
f 2918//3074 2898//3054 2892//3048
f 2918//3074 2892//3048 2920//3076
f 2918//3074 2464//2556 2460//2551
f 2892//3048 2890//3046 2920//3076
f 2899//3056 2755//2852 2896//3053
f 2888//3044 2895//3051 2761//2861
f 2895//3051 2894//3050 2760//2860
f 2895//3051 2760//2860 2761//2861
f 2757//2856 2894//3050 2921//3077
f 2757//2856 2760//2860 2894//3050
f 2921//3077 2894//3050 2755//2852
f 2755//2852 2757//2856 2921//3077
f 2879//3034 2890//3046 2891//3047
f 2890//3046 2466//2557 2464//2556
f 2879//3034 2466//2557 2890//3046
f 2888//3044 2761//2861 2764//2864
f 2879//3034 2885//3041 2922//3078
f 2885//3041 2878//3036 2922//3078
f 2878//3036 2879//3034 2922//3078
f 2830//2940 2881//3037 2774//2873
f 2830//2940 2836//2955 2881//3037
f 2545//2638 2858//2995 2544//2635
f 2840//3030 2852//2988 2854//3031
f 2842//2987 2852//2988 2840//3030
f 2850//2977 2849//2979 2560//3079
f 2557//2123 2849//3080 2562//3081
f 2560//2123 2849//3080 2557//2123
f 2779//2931 2832//2946 2780//2945
f 2659//2933 2832//2946 2779//2931
f 2752//2854 2769//2869 2759//2858
f 2769//2869 2752//2854 2754//2851
f 2752//2854 2759//2858 2753//2853
f 2747//2847 2709//2809 2706//2806
f 2923//3082 2740//2840 2745//2844
f 2745//2844 2736//2835 2923//3082
f 2737//2836 2740//2840 2923//3082
f 2923//3082 2736//2835 2737//2836
f 2739//2838 2728//2827 2727//2826
f 2924//3083 2739//2838 2727//2826
f 2714//2813 2739//2838 2924//3083
f 2721//2820 2714//2813 2924//3083
f 2924//3083 2727//2826 2721//2820
f 2731//2831 2733//2832 2730//2829
f 2925//3084 2733//2832 2926//3085
f 2730//2829 2733//2832 2925//3084
f 2733//2832 2421//2513 2926//3085
f 2422//2514 2927//3086 2926//3085
f 2421//2513 2422//2514 2926//3085
f 2926//3085 2928//3087 2925//3084
f 2926//3085 2927//3086 2928//3087
f 2927//3086 2929//3088 2928//3087
f 2929//3088 2925//3084 2928//3087
f 2930//3089 2929//3088 2931//3090
f 2722//2819 2929//3088 2930//3089
f 2722//2819 2725//2824 2929//3088
f 2925//3084 2929//3088 2725//2824
f 2927//3086 2931//3090 2929//3088
f 2932//3091 2931//3090 2933//3092
f 2930//3089 2931//3090 2932//3091
f 2934//3093 2933//3092 2931//3090
f 2934//3093 2931//3090 2927//3086
f 2927//3086 2422//2514 2934//3093
f 2933//3092 2934//3093 2935//3094
f 2422//2514 2935//3094 2934//3093
f 2936//3095 2933//3092 2935//3094
f 2422//2514 2936//3095 2935//3094
f 2936//3095 2938//3096 2933//3092
f 2418//2509 2936//3095 2422//2514
f 2936//3095 2418//2509 2937//3097
f 2937//3097 2938//3096 2936//3095
f 2940//3098 2938//3096 2939//3099
f 2939//3099 2938//3096 2941//3100
f 2940//3098 2933//3092 2938//3096
f 2937//3097 2941//3100 2938//3096
f 2384//2477 2941//3100 2383//2474
f 2383//2474 2941//3100 2391//2483
f 2939//3099 2941//3100 2384//2477
f 2417//2508 2391//2483 2941//3100
f 2941//3100 2937//3097 2417//2508
f 2386//2476 2940//3098 2385//2478
f 2385//2478 2940//3098 2939//3099
f 2942//3101 2940//3098 2386//2476
f 2942//3101 2932//3091 2940//3098
f 2932//3091 2933//3092 2940//3098
f 2386//2476 2718//2817 2942//3101
f 2718//2817 2932//3091 2942//3101
f 2385//2478 2939//3099 2384//2477
f 2937//3097 2418//2509 2417//2508
f 2718//2817 2930//3089 2932//3091
f 2719//2818 2722//2819 2930//3089
f 2719//2818 2930//3089 2718//2817
f 2925//3084 2725//2824 2943//3102
f 2730//2829 2925//3084 2943//3102
f 2943//3102 2724//2825 2730//2829
f 2943//3102 2725//2824 2724//2825
f 2721//2820 2727//2826 2720//2821
f 2715//2815 2696//2795 2716//2816
f 2716//2816 2696//2795 2698//2797
f 2715//2815 2695//2794 2696//2795
f 2715//2815 2947//3103 2944//3104
f 2944//3104 2695//2794 2715//2815
f 2715//2815 2945//3105 2947//3103
f 2715//2815 2946//3106 2945//3105
f 2715//2815 2382//2475 2946//3106
f 2386//2476 2382//2475 2715//2815
f 2948//3107 2944//3104 2947//3103
f 2947//3103 2950//3108 2948//3107
f 2947//3103 2945//3105 2949//3109
f 2949//3109 2950//3108 2947//3103
f 2945//3105 2950//3108 2949//3109
f 2948//3107 2950//3108 2692//2792
f 2945//3105 2951//3110 2950//3108
f 2692//2792 2950//3108 2693//2793
f 2951//3110 2693//2793 2950//3108
f 2952//3111 2951//3110 2945//3105
f 2952//3111 2953//3112 2951//3110
f 2953//3112 2954//3113 2951//3110
f 2951//3110 2954//3113 2693//2793
f 2953//3112 2955//3114 2954//3113
f 2956//3115 2954//3113 2955//3114
f 2689//2788 2693//2793 2954//3113
f 2689//2788 2954//3113 2688//2787
f 2954//3113 2956//3115 2688//2787
f 2956//3115 2685//2786 2688//2787
f 2956//3115 2955//3114 2957//3116
f 2957//3116 2685//2786 2956//3115
f 2957//3116 2958//3117 2959//3118
f 2957//3116 2955//3114 2958//3117
f 2959//3118 2685//2786 2957//3116
f 2958//3117 2960//3119 2959//3118
f 2960//3119 2961//3120 2959//3118
f 2959//3118 2961//3120 2685//2786
f 2962//3121 2963//3122 2961//3120
f 2961//3120 2965//3123 2962//3121
f 2963//3122 2966//3124 2961//3120
f 2961//3120 2964//3125 2685//2786
f 2961//3120 2966//3124 2964//3125
f 2965//3123 2961//3120 2960//3119
f 2968//3126 2967//3127 2966//3124
f 2966//3124 2967//3127 2964//3125
f 2963//3122 2968//3126 2966//3124
f 2970//3128 2969//3129 2968//3126
f 2969//3129 2967//3127 2968//3126
f 2968//3126 2963//3122 2970//3128
f 2971//3130 2972//3131 2970//3128
f 2970//3128 2963//3122 2971//3130
f 2972//3131 2969//3129 2970//3128
f 2971//3130 2974//3132 2972//3131
f 2969//3129 2972//3131 2973//3133
f 2974//3132 2973//3133 2972//3131
f 2975//3134 2976//3135 2974//3132
f 2974//3132 2977//3136 2975//3134
f 2971//3130 2978//3137 2974//3132
f 2974//3132 2976//3135 2973//3133
f 2974//3132 2978//3137 2977//3136
f 2977//3136 2978//3137 2981//3138
f 2981//3138 2978//3137 2979//3139
f 2980//3140 2979//3139 2978//3137
f 2978//3137 2971//3130 2980//3140
f 2983//3141 2981//3138 2982//3142
f 2981//3138 2979//3139 2982//3142
f 2984//3143 2981//3138 2983//3141
f 2984//3143 2977//3136 2981//3138
f 2985//3144 2984//3143 2983//3141
f 2987//3145 2984//3143 2985//3144
f 2987//3145 2986//3146 2984//3143
f 2986//3146 2977//3136 2984//3143
f 2985//3144 2988//3147 2987//3145
f 2987//3145 2988//3147 2989//3148
f 2989//3148 2986//3146 2987//3145
f 2989//3148 2988//3147 2991//3149
f 2990//3150 2986//3146 2989//3148
f 2990//3150 2989//3148 2991//3149
f 2991//3149 2988//3147 2992//3151
f 2993//3152 2991//3149 2992//3151
f 2993//3152 2994//3153 2991//3149
f 2995//3154 2991//3149 2994//3153
f 2995//3154 2990//3150 2991//3149
f 2990//3150 2995//3154 2998//3155
f 2996//3156 2995//3154 2994//3153
f 2996//3156 2997//3157 2995//3154
f 2997//3157 2998//3155 2995//3154
f 2998//3155 3000//3158 2999//3159
f 2999//3159 3001//3160 2998//3155
f 2998//3155 2997//3157 3000//3158
f 2998//3155 3001//3160 2990//3150
f 2986//3146 2990//3150 3001//3160
f 2975//3134 2986//3146 3001//3160
f 3001//3160 2999//3159 2975//3134
f 2999//3159 3000//3158 3002//3161
f 3002//3161 3000//3158 3005//3162
f 3003//3163 3000//3158 2997//3157
f 3003//3163 3004//3164 3000//3158
f 3004//3164 3005//3162 3000//3158
f 3004//3164 3007//3165 3005//3162
f 3007//3165 3006//3166 3005//3162
f 2976//3135 3005//3162 3006//3166
f 3002//3161 3005//3162 2976//3135
f 3008//3167 3007//3165 3004//3164
f 3008//3167 3009//3168 3007//3165
f 3007//3165 3009//3168 3006//3166
f 3011//3169 3009//3168 3010//3170
f 3008//3167 3010//3170 3009//3168
f 2964//3125 3009//3168 3011//3169
f 2964//3125 2967//3127 3009//3168
f 3009//3168 2967//3127 3006//3166
f 3010//3170 3012//3171 3011//3169
f 2685//2786 2964//3125 3011//3169
f 2685//2786 3011//3169 3012//3171
f 3012//3171 3010//3170 2673//2772
f 3012//3171 2673//2772 3013//3172
f 3013//3172 2685//2786 3012//3171
f 2678//2778 2685//2786 3013//3172
f 3013//3172 2673//2772 2678//2778
f 3008//3167 2673//2772 3010//3170
f 3016//3173 3008//3167 3014//3174
f 3008//3167 3015//3175 3014//3174
f 2669//2769 2673//2772 3008//3167
f 3016//3173 2669//2769 3008//3167
f 3015//3175 3008//3167 3004//3164
f 3016//3173 3015//3175 3017//3176
f 3018//3177 3016//3173 3017//3176
f 3015//3175 3016//3173 3014//3174
f 2667//2766 3016//3173 3018//3177
f 3016//3173 2667//2766 3019//3178
f 2669//2769 3016//3173 3019//3178
f 2667//2766 2669//2769 3019//3178
f 3021//3179 3018//3180 2993//3181
f 2993//3181 3018//3180 3020//3182
f 3020//3182 3018//3180 3017//3183
f 2664//2765 2667//2766 3018//3177
f 3018//3180 3021//3179 2664//3184
f 3021//3179 2988//3185 3022//3186
f 3023//3187 3021//3188 3022//3189
f 3021//3188 2665//3190 2664//3
f 3023//3187 2661//3191 3021//3188
f 3021//3188 2661//3191 2665//3190
f 3021//3179 2992//3192 2988//3185
f 3021//3179 2993//3181 2992//3192
f 3027//3193 3023//3194 3024//3195
f 3023//3187 3022//3189 3024//3
f 3023//3194 3026//3196 3025//3197
f 3025//3198 2654//3199 3023//3187
f 3023//3187 2654//3199 2661//3191
f 3023//3194 3027//3193 3026//3196
f 3027//3193 3024//3195 3028//3200
f 3028//3201 3026//3202 3027//3203
f 3024//3204 3029//3205 3028//3206
f 3026//3202 3028//3201 3031//3207
f 2985//3144 3028//3201 3029//3208
f 3030//3209 3028//3201 2985//3144
f 3031//3207 3028//3201 3030//3209
f 3034//3210 3031//3207 3030//3209
f 3036//3211 3031//3207 3032//3212
f 3032//3212 3031//3207 3033//3213
f 3031//3207 3035//3214 3033//3213
f 3031//3207 3034//3210 3035//3214
f 3026//3202 3031//3207 3036//3211
f 3037//3215 3036//3216 3032//3217
f 3025//3197 3026//3196 3036//3216
f 3025//3197 3036//3216 3037//3215
f 3037//3215 3032//3217 3038//3218
f 3038//3219 2654//3199 3037//3220
f 3037//3220 2654//3199 3025//3198
f 3038//3218 3040//3221 3039//3007
f 3039//3222 2654//3199 3038//3219
f 3038//3218 3032//3217 3040//3221
f 3040//3223 3033//3213 3041//3224
f 3039//3007 3040//3221 3041//3005
f 3032//3212 3033//3213 3040//3223
f 3041//3224 3033//3213 3043//3225
f 3042//3008 3041//3005 3043//3226
f 3039//3007 3041//3005 3042//3008
f 3042//3008 3043//3226 3045//3008
f 3043//3225 2065//2145 3044//3227
f 3045//3008 3043//3226 3044//3228
f 3043//3225 3033//3213 2065//2145
f 3046//3229 3045//3230 3047//3231
f 3046//3229 3042//3232 3045//3230
f 3047//3231 3045//3230 3048//3233
f 3045//3008 3044//3228 3048//3234
f 3048//3234 3052//3235 3049//3018
f 3051//3236 3048//3233 3049//3237
f 3047//3231 3048//3233 3050//3238
f 3050//3238 3048//3233 3051//3236
f 3048//3234 3044//3228 3052//3235
f 3053//3239 3049//3018 3052//3235
f 3052//3240 2065//2145 3053//3241
f 3044//3227 2065//2145 3052//3240
f 3053//3239 3051//3242 3049//3018
f 3053//3241 2065//2145 2066//2144
f 3051//3242 3053//3239 2066//3243
f 3051//3242 2066//3243 3050//3244
f 3050//3244 2064//3245 3047//3246
f 3050//3244 2066//3243 2064//3245
f 3047//3246 2063//3247 3046//3248
f 3047//3246 2064//3245 2063//3247
f 3046//3248 2062//3249 3054//3250
f 3054//3251 2654//3199 3046//3229
f 3046//3229 3039//3222 3042//3232
f 3046//3229 2654//3199 3039//3222
f 3046//3248 2063//3247 2062//3249
f 3054//3250 2059//2136 3055//3252
f 3055//3253 2654//3199 3054//3251
f 3054//3250 2062//3249 2059//2136
f 2055//2127 2654//3199 3055//3253
f 3055//3252 2059//2136 2055//2128
f 3035//3214 2092//2168 2087//2164
f 2087//2164 2070//2147 3035//3214
f 3033//3213 3035//3214 2070//2147
f 2092//2168 3035//3214 3056//3254
f 3035//3214 3034//3210 3056//3254
f 3057//3255 3056//3254 3034//3210
f 3056//3254 3057//3255 2091//2169
f 3056//3254 2091//2169 2092//2168
f 3057//3255 2094//2171 2091//2169
f 3057//3255 3059//3256 2094//2171
f 3058//3257 3057//3255 3034//3210
f 3060//3258 3057//3255 3058//3257
f 3057//3255 3060//3258 3059//3256
f 2983//3141 3059//3256 3060//3258
f 3058//3257 2983//3141 3060//3258
f 3061//3259 2094//2171 3059//3256
f 3059//3256 2982//3142 3061//3259
f 3059//3256 2983//3141 2982//3142
f 3061//3259 2095//2173 2094//2171
f 3062//3260 2095//2173 3061//3259
f 3061//3259 2982//3142 3062//3260
f 2095//2173 3062//3260 3063//3261
f 2982//3142 3063//3261 3062//3260
f 2095//2173 3063//3261 2098//2176
f 3064//3262 2098//2176 3063//3261
f 3063//3261 2982//3142 3065//3263
f 3063//3261 3065//3263 3064//3262
f 3065//3263 3066//3264 3064//3262
f 2982//3142 2979//3139 3065//3263
f 3068//3265 3065//3263 2979//3139
f 3066//3264 3065//3263 3067//3266
f 3065//3263 3068//3265 3067//3266
f 3069//3267 2107//2187 3068//3265
f 2107//2187 3067//3266 3068//3265
f 3068//3265 2979//3139 3069//3267
f 2963//3122 3069//3267 2980//3140
f 3069//3267 2979//3139 2980//3140
f 3069//3267 2963//3122 2107//2187
f 2107//2187 2110//2188 3067//3266
f 3066//3264 3067//3266 2110//2188
f 2098//2176 3066//3264 2100//2177
f 3066//3264 2098//2176 3064//3262
f 2109//2185 2100//2177 3066//3264
f 2109//2185 3066//3264 2110//2188
f 2985//3144 3058//3257 3030//3209
f 2985//3144 2983//3141 3058//3257
f 3058//3257 3034//3210 3030//3209
f 3033//3213 2070//2147 2065//2145
f 3024//3204 3022//3268 3029//3205
f 3022//3186 2988//3185 3029//3269
f 2985//3144 3029//3208 2988//3147
f 3020//3270 2996//3156 2993//3152
f 2996//3156 3020//3270 3071//3271
f 3071//3271 3020//3270 3070//3272
f 3072//3273 3070//3272 3020//3270
f 3020//3182 3017//3183 3072//3274
f 3015//3175 3070//3272 3072//3273
f 3017//3176 3015//3175 3072//3273
f 2997//3157 2996//3156 3071//3271
f 3070//3272 2997//3157 3071//3271
f 3070//3272 3003//3163 2997//3157
f 3003//3163 3070//3272 3073//3275
f 3070//3272 3015//3175 3073//3275
f 3015//3175 3003//3163 3073//3275
f 3015//3175 3004//3164 3003//3163
f 3006//3166 2973//3133 2976//3135
f 2969//3129 3006//3166 2967//3127
f 3006//3166 2969//3129 2973//3133
f 2975//3134 2999//3159 3002//3161
f 2976//3135 2975//3134 3002//3161
f 2994//3153 2993//3152 2996//3156
f 2975//3134 2977//3136 2986//3146
f 2963//3122 2980//3140 2971//3130
f 2965//3123 3074//3276 3076//3277
f 2965//3123 3075//3278 3074//3276
f 2960//3119 3075//3278 2965//3123
f 2962//3121 2965//3123 3076//3277
f 3074//3276 3077//3279 3076//3277
f 2962//3121 3076//3277 3077//3279
f 3078//3280 2962//3121 3077//3279
f 3077//3279 3079//3281 3078//3280
f 3077//3279 3074//3276 3079//3281
f 3081//3282 3079//3281 3080//3283
f 3080//3283 3079//3281 3074//3276
f 3081//3282 3082//3284 3079//3281
f 3078//3280 3079//3281 3082//3284
f 3083//3285 3082//3284 3081//3282
f 3083//3285 3084//3286 3082//3284
f 3085//3287 3082//3284 3084//3286
f 3078//3280 3082//3284 3085//3287
f 3085//3287 3084//3286 3086//3288
f 3085//3287 2962//3121 3078//3280
f 3086//3288 2962//3121 3085//3287
f 3084//3286 3087//3289 3086//3288
f 3087//3289 2962//3121 3086//3288
f 3088//3290 3087//3289 3084//3286
f 3087//3289 3088//3290 3090//3291
f 2962//3121 3087//3289 3089//3292
f 3090//3291 3089//3292 3087//3289
f 3090//3291 3088//3290 3091//3293
f 3091//3293 3089//3292 3090//3291
f 3091//3293 3088//3290 3094//3294
f 3094//3294 3092//3295 3091//3293
f 3092//3295 3093//3296 3091//3293
f 3091//3293 3093//3296 3089//3292
f 3095//3297 3096//3298 3094//3294
f 3095//3297 3094//3294 3097//3299
f 3092//3295 3094//3294 3096//3298
f 3097//3299 3094//3294 3088//3290
f 3097//3299 3088//3290 3083//3285
f 3098//3300 3097//3299 3083//3285
f 3099//3301 3095//3297 3097//3299
f 3099//3301 3097//3299 3098//3300
f 3098//3300 3100//3302 3099//3301
f 3100//3302 3095//3297 3099//3301
f 3098//3300 2946//3106 3100//3302
f 3100//3302 3101//3303 3095//3297
f 3102//3304 3101//3303 3100//3302
f 3100//3302 2946//3106 3102//3304
f 3102//3304 3103//3305 3101//3303
f 2946//3106 3103//3305 3102//3304
f 3103//3305 3106//3306 3101//3303
f 3104//3307 3105//3308 3103//3305
f 2946//3106 3104//3307 3103//3305
f 3103//3305 3105//3308 3106//3306
f 3108//3309 3106//3306 3105//3308
f 3106//3306 3108//3309 3107//3310
f 3107//3310 3096//3298 3106//3306
f 3101//3303 3106//3306 3096//3298
f 3108//3309 3105//3308 3109//3311
f 3108//3309 3111//3312 3107//3310
f 3112//3313 3108//3309 3109//3311
f 3108//3309 3110//3314 3111//3312
f 3110//3314 3108//3309 3112//3313
f 3109//3311 3105//3308 3112//3313
f 3112//3313 3105//3308 3113//3315
f 3113//3315 3110//3314 3112//3313
f 3114//3316 2162//2239 3113//3315
f 3114//3316 3113//3315 3104//3307
f 3110//3314 3113//3315 2162//2239
f 3104//3307 3113//3315 3105//3308
f 3116//3317 3114//3316 3115//3318
f 3115//3318 3114//3316 3104//3307
f 2164//2241 2162//2239 3114//3316
f 3116//3317 2164//2241 3114//3316
f 2946//3106 3116//3317 3115//3318
f 3117//3319 2164//2241 3116//3317
f 3116//3317 2382//2475 3117//3319
f 2946//3106 2382//2475 3116//3317
f 3117//3319 2165//2242 2164//2241
f 2382//2475 2165//2242 3117//3319
f 3115//3318 3104//3307 2946//3106
f 3107//3310 3111//3312 3093//3296
f 2152//2230 3093//3296 3111//3312
f 2156//2234 2152//2230 3111//3312
f 3111//3312 3110//3314 2156//2234
f 3110//3314 2162//2239 2158//2235
f 2158//2235 2156//2234 3110//3314
f 3107//3310 3093//3296 3118//3320
f 3118//3320 3096//3298 3107//3310
f 3118//3320 3093//3296 3092//3295
f 3092//3295 3096//3298 3118//3320
f 3101//3303 3096//3298 3095//3297
f 3121//3321 3098//3300 3119//3322
f 3119//3322 3098//3300 3120//3323
f 3098//3300 3083//3285 3120//3323
f 3121//3321 2946//3106 3098//3300
f 2945//3105 3121//3321 2952//3111
f 2945//3105 2946//3106 3121//3321
f 2952//3111 3121//3321 3122//3324
f 3121//3321 3123//3325 3122//3324
f 3121//3321 3124//3326 3123//3325
f 3125//3327 3124//3326 3121//3321
f 3121//3321 3119//3322 3125//3327
f 3125//3327 3126//3328 3124//3326
f 3119//3322 3126//3328 3125//3327
f 3119//3322 3080//3283 3126//3328
f 3126//3328 3075//3278 3124//3326
f 3080//3283 3074//3276 3126//3328
f 3126//3328 3074//3276 3075//3278
f 3124//3326 2958//3117 3123//3325
f 3124//3326 3075//3278 2958//3117
f 3123//3325 2958//3117 2955//3114
f 3123//3325 2955//3114 2953//3112
f 3122//3324 3123//3325 2953//3112
f 3122//3324 2953//3112 2952//3111
f 3120//3323 3080//3283 3119//3322
f 3120//3323 3081//3282 3080//3283
f 3120//3323 3083//3285 3081//3282
f 3093//3296 3127//3329 3089//3292
f 2152//2230 3127//3329 3093//3296
f 2106//2186 2107//2187 3127//3329
f 3127//3329 2107//2187 2963//3122
f 3127//3329 2963//3122 2962//3121
f 3127//3329 2962//3121 3089//3292
f 2152//2230 2106//2186 3127//3329
f 3083//3285 3088//3290 3084//3286
f 2960//3119 2958//3117 3075//3278
f 2948//3107 2695//2794 2944//3104
f 2692//2792 2695//2794 2948//3107
f 2678//2778 2673//2772 2674//2773
f 2654//3199 2055//2127 2649//2749
f 2649//2749 2055//2127 2284//2745
f 2645//2741 2287//2740 2299//2390
f 2299//2390 2614//2708 2645//2741
f 2616//2710 2645//2741 2614//2708
f 2635//3330 2563//2656 2639//3331
f 2634//2729 2636//2730 3128//3332
f 3130//3333 3128//3332 2636//2730
f 2636//2730 2632//2726 3129//3334
f 3129//3334 2631//2725 2636//2730
f 2636//2730 2579//2673 3130//3333
f 2636//2730 2631//2725 2579//2673
f 3128//3332 3130//3333 3131//3335
f 2579//2673 3131//3335 3130//3333
f 2575//2669 3131//3335 2579//2673
f 3131//3335 2575//2669 2570//2664
f 3131//3335 2570//2664 3132//3336
f 3132//3336 3133//3337 3131//3335
f 3128//3332 3131//3335 3133//3337
f 3133//3337 2568//2662 2567//2661
f 2567//3338 2634//3339 3133//3340
f 3133//3337 3132//3336 2568//2662
f 3133//3340 2634//3339 3128//3341
f 2570//2664 2568//2662 3132//3336
f 2632//2726 2631//2725 3129//3334
f 2563//2656 2635//3330 2567//3338
f 2567//3338 2635//3330 2634//3339
f 2582//2676 2579//2673 2631//2725
f 2299//2390 2612//2706 2614//2708
f 2301//2393 2612//2706 2299//2390
f 2301//2393 2302//2392 2612//2706
f 2376//2467 2377//2468 2600//2694
f 3136//3342 3134//3343 2598//2693
f 3135//3344 2598//2693 3134//3343
f 3136//3342 2598//2693 2597//2692
f 2591//2685 2598//2693 3135//3344
f 3138//3345 3136//3342 2597//2692
f 3137//3346 3134//3343 3136//3342
f 2378//2469 3137//3346 3136//3342
f 2378//2469 3136//3342 3138//3345
f 3138//3345 2597//2692 2377//2468
f 2377//2468 2378//2469 3138//3345
f 3137//3346 3139//3347 3134//3343
f 3140//3348 3139//3347 3137//3346
f 3141//3349 3140//3348 3137//3346
f 3141//3349 3137//3346 2378//2469
f 2378//2469 2399//2490 3141//3349
f 3141//3349 2399//2490 3142//3350
f 3142//3350 3140//3348 3141//3349
f 2399//2490 3144//3351 3142//3350
f 3142//3350 3143//3352 3140//3348
f 3142//3350 3144//3351 3143//3352
f 3144//3351 3145//3353 3143//3352
f 3144//3351 2405//2496 3145//3353
f 2399//2490 2402//2494 3144//3351
f 2402//2494 2405//2496 3144//3351
f 3143//3352 3145//3353 3147//3354
f 3148//3355 3145//3353 2405//2496
f 3146//3356 3145//3353 3149//3357
f 3146//3356 3147//3354 3145//3353
f 3149//3357 3145//3353 3148//3355
f 2409//2501 3149//3357 3148//3355
f 3150//3358 3149//3357 2409//2501
f 3149//3357 3150//3358 3146//3356
f 2513//2608 2590//2684 3150//3358
f 3151//3359 3150//3358 2590//2684
f 3146//3356 3150//3358 3151//3359
f 2514//2601 3150//3358 2409//2501
f 2514//2601 2513//2608 3150//3358
f 3151//3359 2590//2684 3152//3360
f 3152//3360 3147//3354 3151//3359
f 3147//3354 3146//3356 3151//3359
f 3154//3361 3153//3362 3152//3360
f 3152//3360 3153//3362 3147//3354
f 3152//3360 2590//2684 3154//3361
f 2590//2684 3155//3363 3154//3361
f 3154//3361 3139//3347 3153//3362
f 3139//3347 3154//3361 3155//3363
f 2590//2684 3156//3364 3155//3363
f 3156//3364 3139//3347 3155//3363
f 3135//3344 3134//3343 3156//3364
f 2590//2684 3135//3344 3156//3364
f 3156//3364 3134//3343 3139//3347
f 3140//3348 3153//3362 3139//3347
f 3143//3352 3147//3354 3153//3362
f 3143//3352 3153//3362 3140//3348
f 2409//2501 3148//3355 2407//2497
f 2405//2496 2407//2497 3148//3355
f 3135//3344 2590//2684 2591//2685
f 2513//2608 2515//2604 2590//2684
f 3159//3365 2588//2683 2510//2603
f 2515//2604 2510//2603 2588//2683
f 2588//2683 3158//3366 3157//3367
f 2586//2682 2588//2683 3157//3367
f 2588//2683 3159//3365 3158//3366
f 3159//3365 2510//2603 3163//3368
f 3159//3365 3160//3369 3158//3366
f 3159//3365 3161//3370 3160//3369
f 3159//3365 3162//3371 3161//3370
f 3163//3368 3162//3371 3159//3365
f 3164//3372 3162//3371 3163//3368
f 3163//3368 2510//2603 3164//3372
f 2510//2603 2528//2617 3164//3372
f 3164//3372 3165//3373 3162//3371
f 3165//3373 3164//3372 2528//2617
f 2554//2647 3162//3371 3165//3373
f 3165//3373 3166//3374 3167//3375
f 3166//3374 3165//3373 2528//2617
f 3168//3376 2554//2647 3165//3373
f 3168//3376 3165//3373 3167//3375
f 3167//3375 3169//3377 3168//3376
f 3168//3376 3169//3377 3170//3378
f 2554//2647 3168//3376 3170//3378
f 2549//2642 2554//2647 3170//3378
f 3170//3378 2542//2634 2549//2642
f 3170//3378 3169//3377 2542//2634
f 2542//2634 3169//3377 2536//2628
f 3169//3377 3166//3374 2530//2622
f 3169//3377 2530//2622 2532//2623
f 2536//2628 3169//3377 2532//2623
f 3166//3374 3169//3377 3167//3375
f 3166//3374 2528//2617 2526//2618
f 2529//2619 3166//3374 2526//2618
f 2529//2619 2530//2622 3166//3374
f 2555//2646 3161//3370 3162//3371
f 2555//2646 3162//3371 2554//2647
f 3160//3369 3161//3370 3171//3379
f 2573//2668 3161//3370 2555//2646
f 3161//3370 2577//2672 3171//3379
f 2577//2672 3161//3370 2573//2668
f 2580//2675 3160//3369 3171//3379
f 2580//2675 3171//3379 2577//2672
f 3160//3369 3157//3367 3158//3366
f 3160//3369 2587//2681 3157//3367
f 3160//3369 2580//2675 2587//2681
f 3157//3367 2587//2681 2586//2682
f 2571//2665 2570//2664 2575//2669
f 2553//2645 2573//2668 2555//2646
f 2563//2656 2567//3338 2565//2657
f 2548//2639 2550//2640 2559//2652
f 2544//2635 2559//2652 2550//2640
f 2549//2642 2542//2634 2541//2633
f 2538//2629 2545//2638 3172//3380
f 2545//2638 2539//2630 3172//3380
f 2539//2630 2538//2629 3172//3380
f 2538//2629 2535//2626 3173//3381
f 2473//2565 2538//2629 3173//3381
f 2473//2565 2470//2561 2538//2629
f 2535//2626 2473//2565 3173//3381
f 2473//2565 2535//2626 2478//2569
f 2535//2626 2524//2616 2478//2569
f 2522//2614 2523//2615 2527//2620
f 2478//2569 2524//2616 2480//2571
f 2487//2578 2511//2605 2516//2606
f 2507//2599 2487//2578 2516//2606
f 2505//2596 2514//2601 2411//2502
f 2411//2502 2514//2601 2409//2501
f 2511//2605 2487//2578 2488//2580
f 2486//2579 2487//2578 2508//2600
f 2507//2599 2508//2600 2487//2578
f 2486//2579 2508//2600 2496//2587
f 2496//2587 2508//2600 2499//2591
f 2420//2512 2505//2596 2412//2503
f 3175//3382 2505//2596 2420//2512
f 2501//2593 2505//2596 3174//3383
f 3174//3383 2505//2596 3176//3384
f 3176//3384 2505//2596 3175//3382
f 2412//2503 2505//2596 2411//2502
f 3175//3382 3177//3385 3176//3384
f 3176//3384 3177//3385 3178//3386
f 3176//3384 3178//3386 3174//3383
f 3179//3387 2503//2594 3178//3386
f 3174//3383 3178//3386 2503//2594
f 3179//3387 3178//3386 3177//3385
f 2492//2583 3179//3387 3180//3388
f 3180//3388 3179//3387 3181//3389
f 2492//2583 2502//2592 3179//3387
f 2502//2592 2503//2594 3179//3387
f 3179//3387 3177//3385 3181//3389
f 3182//3390 3181//3389 3183//3391
f 3180//3388 3181//3389 3182//3390
f 3181//3389 3184//3392 3183//3391
f 3181//3389 3177//3385 3184//3392
f 3185//3393 3184//3392 3177//3385
f 3186//3394 3184//3392 3185//3393
f 3186//3394 3187//3395 3184//3392
f 3183//3391 3184//3392 3187//3395
f 3191//3396 3187//3395 3188//3397
f 3190//3398 3188//3397 3187//3395
f 3187//3395 3186//3394 3189//3399
f 3190//3398 3187//3395 3189//3399
f 3192//3400 3187//3395 3191//3396
f 3183//3391 3187//3395 3192//3400
f 2457//2549 3192//3400 2456//2548
f 2456//2548 3192//3400 3191//3396
f 3193//3401 3192//3400 2457//2549
f 3193//3401 3183//3391 3192//3400
f 2457//2549 2458//2550 3193//3401
f 3182//3390 3183//3391 3193//3401
f 3193//3401 2458//2550 3182//3390
f 2456//2548 3191//3396 2437//2527
f 3191//3396 3188//3397 2433//2524
f 2437//2527 3191//3396 2433//2524
f 3190//3398 2420//2512 2429//2517
f 3189//3399 2420//2512 3190//3398
f 2429//2517 3188//3397 3190//3398
f 3186//3394 2420//2512 3189//3399
f 2429//2517 2432//2523 3188//3397
f 2433//2524 3188//3397 2432//2523
f 3185//3393 2420//2512 3186//3394
f 3175//3382 2420//2512 3185//3393
f 3185//3393 3177//3385 3175//3382
f 3182//3390 2458//2550 3180//3388
f 3180//3388 2458//2550 2492//2583
f 2503//2594 2501//2593 3174//3383
f 2492//2583 2498//2590 2502//2592
f 2493//2584 2498//2590 2492//2583
f 2490//2581 2486//2579 2496//2587
f 2477//2568 2481//2573 2475//2566
f 2473//2565 2478//2569 2476//2567
f 2463//2554 2472//2564 2461//2553
f 2439//2530 2440//2531 2449//2541
f 2428//2516 2424//2515 2443//2534
f 2427//2521 2434//2526 2426//2519
f 2434//2526 2425//2518 2426//2519
f 2416//2506 2391//2483 2417//2508
f 2415//2507 2391//2483 2416//2506
f 2390//2481 2415//2507 3195//3402
f 2415//2507 2390//2481 2391//2483
f 2415//2507 2413//2505 3194//3403
f 2415//2507 3194//3403 3195//3402
f 3194//3403 2393//2485 3195//3402
f 3195//3402 2393//2485 2390//2481
f 3196//3404 2396//2486 3194//3403
f 3194//3403 2413//2505 3196//3404
f 3194//3403 2396//2486 2393//2485
f 2413//2505 2396//2486 3196//3404
f 2403//2495 2413//2505 2406//2498
f 2413//2505 2403//2495 2396//2486
f 2395//2488 2396//2486 2403//2495
f 2400//2491 2402//2494 2399//2490
f 2378//2469 2379//2470 2399//2490
f 2382//2475 2171//2249 3197//3405
f 3197//3405 2165//2242 2382//2475
f 3197//3405 2166//2243 2165//2242
f 2171//2249 2166//2243 3197//3405
f 2373//2465 2375//2466 2367//2457
f 2375//2466 2366//2458 2367//2457
f 2373//2465 2367//2457 2368//2459
f 2370//2461 2363//2454 2358//2449
f 3198//3406 2370//2461 2357//2448
f 2370//2461 2358//2449 2357//2448
f 2179//2257 2370//2461 3198//3406
f 3199//3407 2179//2257 3198//3406
f 3198//3406 2357//2448 3199//3407
f 2182//2258 3199//3407 2352//2443
f 2182//2258 2179//2257 3199//3407
f 3199//3407 2353//2444 2352//2443
f 3199//3407 2357//2448 2353//2444
f 2323//2414 2321//2412 2355//2446
f 2333//2425 2200//2274 2195//2273
f 2325//2416 2203//2279 2202//2280
f 2325//2416 2202//2280 2324//2417
f 3200//3408 2203//2279 2325//2416
f 3200//3408 2325//2416 2317//2409
f 3204//3409 3200//3408 2317//2409
f 3200//3408 3205//3410 2203//2279
f 3201//3411 3200//3408 3202//3412
f 3203//3413 3200//3408 3201//3411
f 3202//3412 3200//3408 3207//3414
f 3203//3413 3205//3410 3200//3408
f 3200//3408 3204//3409 3206//3415
f 3200//3408 3206//3415 3207//3414
f 3207//3414 2270//2351 3202//3412
f 3207//3414 2271//2352 2270//2351
f 2271//2352 3207//3414 3206//3415
f 3204//3409 2271//2352 3206//3415
f 3208//3416 3209//3417 3205//3410
f 3210//3418 3208//3416 3205//3410
f 2203//2279 3205//3410 3209//3417
f 3205//3410 3203//3413 3210//3418
f 3212//3419 3208//3416 3210//3418
f 3210//3418 3203//3413 3211//3420
f 3211//3420 3212//3419 3210//3418
f 3208//3416 3212//3419 3213//3421
f 3213//3421 3212//3419 2235//2313
f 2235//2313 3212//3419 3215//3422
f 3215//3422 3212//3419 3214//3423
f 3211//3420 3214//3423 3212//3419
f 3215//3422 2243//2320 3216//3424
f 2234//2312 3215//3422 3216//3424
f 2235//2313 3215//3422 2234//2312
f 2243//2320 3215//3422 2249//2328
f 3215//3422 3214//3423 2249//2328
f 2234//2312 3216//3424 2233//2311
f 2243//2320 2233//2311 3216//3424
f 3203//3413 3217//3425 3214//3423
f 2249//2328 3214//3423 3217//3425
f 3203//3413 3214//3423 3211//3420
f 2249//2328 3217//3425 2250//2329
f 2250//2329 3217//3425 3220//3426
f 3220//3426 3217//3425 3218//3427
f 3217//3425 3219//3428 3218//3427
f 3203//3413 3219//3428 3217//3425
f 2250//2329 3220//3426 2256//2334
f 2256//2334 3220//3426 3221//3429
f 3220//3426 3218//3427 3222//3430
f 3220//3426 3222//3430 3221//3429
f 3218//3427 3225//3431 3222//3430
f 3222//3430 3223//3432 3224//3433
f 3222//3430 3225//3431 3223//3432
f 3221//3429 3222//3430 3224//3433
f 3218//3427 3219//3428 3225//3431
f 3226//3434 3225//3431 3219//3428
f 3201//3411 3223//3432 3225//3431
f 3201//3411 3225//3431 3226//3434
f 3227//3435 3201//3411 3226//3434
f 3226//3434 3219//3428 3227//3435
f 3219//3428 3203//3413 3227//3435
f 3203//3413 3201//3411 3227//3435
f 3228//3436 3224//3433 3223//3432
f 3221//3429 3224//3433 2263//2341
f 2265//2342 2263//2341 3224//3433
f 2265//2342 3224//3433 2269//2349
f 3224//3433 3229//3437 2269//2349
f 3229//3437 3224//3433 3228//3436
f 2270//2351 2269//2349 3229//3437
f 3228//3436 2270//2351 3229//3437
f 3228//3436 3223//3432 3230//3438
f 3228//3436 3230//3438 3231//3439
f 3202//3412 3228//3436 3231//3439
f 3202//3412 2270//2351 3228//3436
f 3201//3411 3231//3439 3230//3438
f 3201//3411 3202//3412 3231//3439
f 3223//3432 3201//3411 3230//3438
f 2256//2334 3221//3429 2258//2335
f 2258//2335 3221//3429 2263//2341
f 3213//3421 2229//2307 3208//3416
f 2235//2313 2229//2307 3213//3421
f 3208//3416 2229//2307 3209//3417
f 2229//2307 2231//2308 3209//3417
f 2203//2279 3209//3417 2231//2308
f 3204//3409 2273//2353 2271//2352
f 2310//2401 2273//2353 3204//3409
f 2310//2401 3204//3409 3232//3440
f 3204//3409 2317//2409 3232//3440
f 3232//3440 2317//2409 2314//2405
f 2314//2405 2310//2401 3232//3440
f 2324//2417 2202//2280 2200//2274
f 2315//2407 2319//2410 2308//2399
f 2308//2399 2319//2410 2306//2398
f 2274//2354 2312//2404 3233//3441
f 2312//2404 2305//2396 3233//3441
f 2312//2404 2273//2353 2311//2403
f 2312//2404 2274//2354 2273//2353
f 3233//3441 2305//2396 2304//2395
f 3233//3441 2304//2395 3234//3442
f 3234//3442 2274//2354 3233//3441
f 3234//3442 2276//2357 2274//2354
f 2276//2357 3234//3442 3235//3443
f 2304//2395 3235//3443 3234//3442
f 2291//2380 2276//2357 3235//3443
f 3235//3443 2292//2381 2291//2380
f 3235//3443 2304//2395 2292//2381
f 2273//2353 2310//2401 2311//2403
f 2292//2381 2304//2395 2295//2384
f 2299//2390 2287//2740 2288//2388
f 2283//2365 2291//2380 2282//2366
f 2283//2365 2276//2357 2291//2380
f 2284//2745 2055//2127 2054//2126
f 2277//2358 2276//2357 2283//2365
f 2254//2331 2061//2139 2074//2152
f 2067//2140 2061//2139 2254//2331
f 2073//2151 2245//2324 2074//2152
f 2240//2317 3236//3444 3239//3445
f 3236//3444 2240//2317 2134//2212
f 2240//2317 3237//3446 2239//2316
f 2240//2317 3238//3447 3237//3446
f 2240//2317 3239//3445 3238//3447
f 3239//3445 3240//3448 3238//3447
f 3239//3445 3241//3449 3240//3448
f 3236//3444 3241//3449 3239//3445
f 3236//3444 3242//3450 3241//3449
f 3241//3449 3243//3451 3240//3448
f 3242//3450 3244//3452 3241//3449
f 3241//3449 3244//3452 3243//3451
f 3242//3450 3245//3453 3244//3452
f 2150//2229 3244//3452 3245//3453
f 3246//3454 3244//3452 2150//2229
f 3246//3454 3243//3451 3244//3452
f 2148//2227 3246//3454 2150//2229
f 2148//2227 3247//3455 3246//3454
f 3247//3455 3243//3451 3246//3454
f 3248//3456 3243//3451 3247//3455
f 3247//3455 2148//2227 3248//3456
f 3249//3457 3248//3456 2212//2289
f 3248//3456 3249//3457 3243//3451
f 2148//2227 2212//2289 3248//3456
f 2212//2289 2211//2288 3249//3457
f 3240//3448 3243//3451 3249//3457
f 3240//3448 3249//3457 3250//3458
f 3250//3458 3249//3457 2211//2288
f 3250//3458 2211//2288 2214//2291
f 3238//3447 3250//3458 2214//2291
f 3238//3447 3240//3448 3250//3458
f 3253//3459 3245//3453 3242//3450
f 2150//2229 3245//3453 2149//2224
f 3251//3460 3252//3461 3245//3453
f 3251//3460 3245//3453 3253//3459
f 2149//2224 3245//3453 3252//3461
f 3254//3462 3253//3459 3242//3450
f 3255//3463 3253//3459 3254//3462
f 3255//3463 3251//3460 3253//3459
f 3254//3462 2134//2212 3255//3463
f 2135//2213 3251//3460 3255//3463
f 3255//3463 2134//2212 2135//2213
f 3256//3464 2134//2212 3254//3462
f 3254//3462 3242//3450 3256//3464
f 3236//3444 2134//2212 3256//3464
f 3256//3464 3242//3450 3236//3444
f 3252//3461 2147//2225 2149//2224
f 2147//2225 3252//3461 3257//3465
f 3251//3460 3257//3465 3252//3461
f 3258//3466 2143//2220 3257//3465
f 2145//2222 3257//3465 2143//2220
f 3258//3466 3257//3465 3251//3460
f 2151//2226 3257//3465 2145//2222
f 2147//2225 3257//3465 2151//2226
f 2141//2219 2143//2220 3258//3466
f 2135//2213 2141//2219 3258//3466
f 2135//2213 3258//3466 3251//3460
f 3238//3447 2214//2291 3237//3446
f 3237//3446 2214//2291 2239//2316
f 2239//2316 2215//2292 2220//2296
f 2239//2316 2214//2291 2215//2292
f 2222//2299 2223//2300 2237//2315
f 2237//2315 2223//2300 2227//2305
f 2230//2309 2203//2279 2231//2308
f 2203//2279 2230//2309 2226//2303
f 2203//2279 2226//2303 2205//2282
f 2217//2295 2208//2284 2206//2283
f 2175//2253 2159//2237 3260//3467
f 3259//3468 2168//2246 2175//2253
f 3259//3468 2175//2253 3260//3467
f 2159//2237 3259//3468 3260//3467
f 2169//2245 2168//2246 3259//3468
f 3259//3468 2160//2238 2169//2245
f 2159//2237 2160//2238 3259//3468
f 2136//2214 2141//2219 2135//2213
f 2080//2157 2082//2162 2125//2204
f 2105//2184 2101//2178 2109//2185
f 2109//2185 2101//2178 2100//2177
f 2088//2166 2097//2174 2084//2161
f 2076//2153 2071//2148 2087//2164
f 2087//2164 2071//2148 2070//2147
