# base.dae material 白色logo_001-effect
# rgba 1 1 1 1
v 0.015925 -0.079757 0.046041
v 0.012330 -0.079196 0.046493
v 0.021024 -0.082625 0.043472
v 0.020349 -0.081997 0.044069
v 0.016339 -0.079877 0.045941
v 0.008322 -0.079350 0.046370
v 0.006097 -0.079755 0.046040
v 0.011189 -0.079166 0.046515
v 0.004313 -0.080254 0.045621
v 0.000303 -0.081979 0.044087
v -0.000808 -0.082626 0.043472
v -0.003707 -0.084776 0.041248
v 0.022719 -0.085280 0.040684
v 0.023104 -0.087694 0.037698
v -0.004260 -0.085280 0.040684
v -0.006391 -0.087697 0.037701
v 0.022625 -0.089880 0.034515
v 0.021522 -0.091783 0.031195
v -0.007664 -0.089880 0.034515
v -0.007716 -0.089998 0.034325
v -0.008272 -0.091781 0.031194
v 0.020349 -0.092954 0.028787
v 0.019699 -0.093435 0.027690
v 0.017002 -0.094779 0.024120
v -0.008144 -0.093434 0.027689
v -0.007716 -0.094175 0.025830
v -0.007072 -0.094778 0.024120
v 0.012726 -0.095853 0.020384
v 0.016340 -0.095008 0.023410
v 0.012330 -0.095915 0.020126
v 0.008321 -0.096332 0.018202
v 0.004312 -0.096471 0.017462
v 0.000302 -0.096399 0.017852
v -0.004363 -0.095853 0.020384
v -0.003707 -0.095984 0.019832
v 0.012670 -0.079217 0.046476
v 0.014067 -0.079369 0.046358
v 0.015495 -0.079645 0.046133
v 0.016822 -0.080036 0.045807
v 0.018101 -0.080564 0.045356
v 0.019260 -0.081205 0.044793
v 0.020294 -0.081951 0.044112
v 0.008308 -0.079352 0.046369
v 0.005506 -0.079903 0.045917
v 0.000404 -0.081924 0.044138
v 0.002854 -0.080781 0.045167
v -0.003701 -0.084770 0.041254
v -0.001793 -0.083275 0.042831
v 0.021172 -0.082782 0.043319
v 0.021870 -0.083655 0.042443
v 0.022422 -0.084592 0.041450
v 0.022798 -0.085507 0.040423
v 0.023028 -0.086442 0.039307
v 0.023108 -0.087322 0.038190
v -0.005303 -0.086347 0.039427
v 0.023060 -0.088212 0.036991
v 0.022639 -0.089843 0.034574
v 0.021875 -0.091304 0.032091
v -0.007499 -0.089531 0.035062
v -0.006570 -0.087952 0.037356
v -0.008102 -0.091037 0.032568
v 0.020776 -0.092583 0.029587
v 0.019335 -0.093668 0.027127
v 0.017571 -0.094556 0.024775
v -0.008246 -0.093095 0.028468
v -0.008322 -0.092435 0.029891
v -0.007129 -0.094736 0.024247
v -0.007652 -0.094252 0.025622
v -0.008033 -0.093688 0.027077
v 0.016191 -0.095055 0.023259
v 0.015515 -0.095255 0.022600
v 0.013185 -0.095775 0.020699
v 0.010625 -0.096135 0.019158
v 0.007888 -0.096358 0.018067
v 0.006475 -0.096424 0.017721
v 0.005035 -0.096462 0.017513
v 0.002144 -0.096460 0.017521
v 0.000680 -0.096417 0.017760
v -0.004511 -0.095819 0.020522
v -0.005542 -0.095528 0.021636
v -0.006416 -0.095170 0.022882
v -0.006635 -0.095054 0.023259
v -0.000694 -0.096340 0.018162
v -0.002061 -0.096219 0.018767
v -0.003325 -0.096050 0.019547
v 0.021060 0.080668 0.042151
v 0.014191 0.080668 0.042151
v 0.017626 0.080668 0.042151
v 0.021060 0.094310 0.015538
v 0.021060 0.093313 0.020513
v 0.021060 0.091774 0.025348
v 0.021060 0.089712 0.029984
v 0.021060 0.087152 0.034365
v 0.021060 0.084125 0.038437
v 0.014191 0.094310 0.015538
v 0.017626 0.094310 0.015538
v 0.014191 0.084125 0.038437
v 0.014191 0.087152 0.034365
v 0.014191 0.089712 0.029984
v 0.014191 0.091774 0.025348
v 0.014191 0.093313 0.020513
v 0.017626 0.084125 0.038437
v 0.017626 0.087152 0.034365
v 0.017626 0.089712 0.029984
v 0.017626 0.091774 0.025348
v 0.017626 0.093313 0.020513
v 0.017610 0.071415 0.049044
v 0.018242 0.071448 0.049026
v 0.018865 0.071553 0.048966
v 0.019463 0.071743 0.048857
v 0.019748 0.071872 0.048782
v 0.020018 0.072022 0.048695
v 0.020272 0.072193 0.048595
v 0.020511 0.072384 0.048481
v 0.020928 0.072813 0.048221
v 0.021104 0.073048 0.048075
v 0.021256 0.073296 0.047920
v 0.021486 0.073817 0.047587
v 0.021621 0.074355 0.047233
v 0.021674 0.074898 0.046865
v 0.021657 0.075434 0.046489
v 0.021564 0.075957 0.046111
v 0.021383 0.076457 0.045739
v 0.021104 0.076920 0.045386
v 0.020929 0.077132 0.045221
v 0.020730 0.077331 0.045065
v 0.020273 0.077679 0.044787
v 0.020018 0.077828 0.044667
v 0.019747 0.077957 0.044562
v 0.019168 0.078157 0.044398
v 0.018556 0.078280 0.044294
v 0.017927 0.078336 0.044246
v 0.017294 0.078336 0.044246
v 0.016665 0.078280 0.044294
v 0.016053 0.078157 0.044398
v 0.015474 0.077957 0.044562
v 0.015203 0.077828 0.044667
v 0.014948 0.077679 0.044787
v 0.014491 0.077331 0.045065
v 0.014292 0.077132 0.045221
v 0.014117 0.076920 0.045386
v 0.013838 0.076457 0.045739
v 0.013656 0.075957 0.046111
v 0.013564 0.075434 0.046489
v 0.013546 0.074898 0.046865
v 0.013600 0.074355 0.047233
v 0.013735 0.073817 0.047587
v 0.013965 0.073296 0.047920
v 0.014117 0.073048 0.048075
v 0.014292 0.072813 0.048221
v 0.014710 0.072384 0.048481
v 0.014948 0.072193 0.048595
v 0.015203 0.072022 0.048695
v 0.015472 0.071872 0.048782
v 0.015758 0.071743 0.048857
v 0.016356 0.071553 0.048966
v 0.016978 0.071448 0.049026
v 0.019169 0.071637 0.048918
v 0.020730 0.072591 0.048356
v 0.021676 0.074989 0.046802
v 0.021256 0.076694 0.045560
v 0.020511 0.077513 0.044920
v 0.019463 0.078067 0.044472
v 0.017610 0.078342 0.044241
v 0.015758 0.078067 0.044472
v 0.014710 0.077513 0.044920
v 0.013965 0.076694 0.045560
v 0.013545 0.074989 0.046802
v 0.014490 0.072591 0.048356
v 0.016052 0.071637 0.048918
v 0.017610 0.074989 0.046801
v -0.092282 0.089460 0.030468
v -0.092205 0.090312 0.028770
v -0.092284 0.089739 0.029932
v -0.066252 0.091867 0.025100
v -0.066817 0.092400 0.023596
v -0.067854 0.093025 0.021576
v -0.069190 0.093516 0.019697
v -0.069965 0.093713 0.018839
v -0.070810 0.093879 0.018046
v -0.072665 0.094129 0.016695
v -0.074693 0.094288 0.015692
v -0.076833 0.094376 0.015061
v -0.079028 0.094413 0.014784
v -0.081234 0.094407 0.014839
v -0.083407 0.094349 0.015296
v -0.085486 0.094221 0.016155
v -0.086474 0.094125 0.016732
v -0.087404 0.094005 0.017397
v -0.088282 0.093858 0.018153
v -0.089087 0.093680 0.018985
v -0.089814 0.093467 0.019892
v -0.090451 0.093219 0.020862
v -0.090985 0.092936 0.021876
v -0.091418 0.092613 0.022940
v -0.091733 0.092260 0.024006
v -0.092184 0.088362 0.032428
v -0.091863 0.087193 0.034298
v -0.091283 0.085976 0.036058
v -0.090412 0.084747 0.037674
v -0.089239 0.083553 0.039111
v -0.088534 0.082986 0.039754
v -0.087761 0.082459 0.040331
v -0.086918 0.081972 0.040845
v -0.086006 0.081531 0.041298
v -0.085046 0.081151 0.041681
v -0.084033 0.080831 0.041997
v -0.081912 0.080389 0.042422
v -0.079720 0.080197 0.042598
v -0.077514 0.080238 0.042561
v -0.075345 0.080535 0.042283
v -0.074294 0.080783 0.042044
v -0.073280 0.081095 0.041737
v -0.071386 0.081891 0.040929
v -0.069710 0.082873 0.039879
v -0.068297 0.083988 0.038601
v -0.067161 0.085176 0.037128
v -0.066310 0.086387 0.035486
v -0.065753 0.087582 0.033700
v -0.065472 0.088727 0.031803
v -0.065433 0.089797 0.029818
v -0.065624 0.090774 0.027767
v -0.066077 0.091647 0.025678
v -0.066263 0.091880 0.025067
v -0.068954 0.093446 0.019987
v -0.071708 0.094016 0.017333
v -0.073656 0.094219 0.016150
v -0.076168 0.094356 0.015216
v -0.080132 0.094415 0.014764
v -0.081542 0.094402 0.014878
v -0.084466 0.094295 0.015678
v -0.091808 0.087048 0.034516
v -0.089569 0.083852 0.038762
v -0.082986 0.080578 0.042243
v -0.081542 0.080339 0.042468
v -0.076168 0.080389 0.042421
v -0.072308 0.081466 0.041364
v -0.070795 0.082204 0.040602
v -0.068449 0.083852 0.038762
v -0.065967 0.087050 0.034517
v -0.065429 0.089739 0.029932
v -0.086916 0.081971 0.040846
v -0.070795 0.093877 0.018059
v -0.086914 0.094072 0.017030
v -0.089883 0.093444 0.019988
v -0.091937 0.091880 0.025067
v -0.085438 0.092248 0.024041
v -0.084770 0.092579 0.023047
v -0.084369 0.092723 0.022591
v -0.083934 0.092848 0.022183
v -0.083460 0.092954 0.021824
v -0.082938 0.093042 0.021521
v -0.082403 0.093107 0.021290
v -0.081823 0.093157 0.021109
v -0.080656 0.093209 0.020912
v -0.079475 0.093217 0.020880
v -0.078299 0.093184 0.021005
v -0.077155 0.093098 0.021317
v -0.076603 0.093032 0.021551
v -0.076080 0.092952 0.021832
v -0.075582 0.092854 0.022162
v -0.075113 0.092740 0.022540
v -0.074682 0.092611 0.022951
v -0.074283 0.092464 0.023405
v -0.073613 0.092126 0.024392
v -0.073104 0.091734 0.025454
v -0.072738 0.091296 0.026554
v -0.072494 0.090820 0.027665
v -0.072352 0.090312 0.028770
v -0.085935 0.091880 0.025067
v -0.081542 0.093175 0.021043
v -0.077720 0.093148 0.021137
v -0.073269 0.091880 0.025067
v -0.076168 0.092967 0.021780
v -0.086916 0.090312 0.028770
v -0.081542 0.090312 0.028770
v -0.076168 0.090312 0.028770
v -0.072491 0.087906 0.033185
v -0.072688 0.087330 0.034092
v -0.072983 0.086746 0.034964
v -0.073391 0.086169 0.035788
v -0.073928 0.085614 0.036549
v -0.074603 0.085101 0.037224
v -0.074996 0.084865 0.037526
v -0.075410 0.084654 0.037790
v -0.075862 0.084463 0.038026
v -0.076336 0.084302 0.038224
v -0.076834 0.084170 0.038383
v -0.077355 0.084069 0.038505
v -0.078424 0.083959 0.038635
v -0.079506 0.083959 0.038635
v -0.080578 0.084059 0.038517
v -0.081106 0.084152 0.038405
v -0.081606 0.084274 0.038258
v -0.082091 0.084429 0.038069
v -0.082545 0.084612 0.037842
v -0.082965 0.084822 0.037580
v -0.083353 0.085059 0.037278
v -0.083694 0.085310 0.036952
v -0.084006 0.085582 0.036591
v -0.084508 0.086149 0.035815
v -0.084875 0.086736 0.034977
v -0.085129 0.087326 0.034097
v -0.085289 0.087906 0.033185
v -0.072817 0.087049 0.034516
v -0.077885 0.083999 0.038588
v -0.085022 0.087048 0.034516
v -0.076168 0.084355 0.038159
v -0.081542 0.084256 0.038279
v -0.076168 0.087906 0.033185
v -0.081542 0.087906 0.033185
v -0.070795 0.083852 0.038762
v -0.070795 0.087051 0.034518
v -0.070795 0.089739 0.029932
v -0.070795 0.091880 0.025067
v -0.070795 0.093446 0.019988
v -0.076168 0.083852 0.038762
v -0.076168 0.089739 0.029932
v -0.076168 0.093446 0.019988
v -0.081542 0.083852 0.038762
v -0.081542 0.089739 0.029932
v -0.081542 0.093446 0.019988
v -0.086916 0.083852 0.038762
v -0.086916 0.087051 0.034518
v -0.086916 0.089739 0.029932
v -0.086916 0.091880 0.025067
v -0.086916 0.093446 0.019988
v -0.060847 0.089460 0.030468
v -0.060785 0.090312 0.028770
v -0.060859 0.089739 0.029932
v -0.034817 0.091867 0.025100
v -0.035382 0.092400 0.023596
v -0.036419 0.093025 0.021576
v -0.037755 0.093516 0.019697
v -0.038530 0.093713 0.018839
v -0.039375 0.093879 0.018046
v -0.041230 0.094129 0.016695
v -0.043257 0.094288 0.015692
v -0.045397 0.094376 0.015061
v -0.047592 0.094413 0.014784
v -0.049799 0.094407 0.014839
v -0.051971 0.094349 0.015296
v -0.054050 0.094221 0.016155
v -0.055038 0.094125 0.016732
v -0.055969 0.094005 0.017397
v -0.056847 0.093858 0.018153
v -0.057652 0.093680 0.018985
v -0.058378 0.093467 0.019892
v -0.059016 0.093219 0.020862
v -0.059549 0.092936 0.021876
v -0.059983 0.092613 0.022940
v -0.060298 0.092260 0.024006
v -0.060748 0.088362 0.032428
v -0.060428 0.087193 0.034298
v -0.059848 0.085976 0.036058
v -0.058977 0.084747 0.037674
v -0.057804 0.083553 0.039111
v -0.057099 0.082986 0.039754
v -0.056325 0.082459 0.040331
v -0.055482 0.081972 0.040845
v -0.054571 0.081531 0.041298
v -0.053611 0.081151 0.041681
v -0.052598 0.080831 0.041997
v -0.050477 0.080389 0.042422
v -0.048285 0.080197 0.042598
v -0.046079 0.080238 0.042561
v -0.043909 0.080535 0.042283
v -0.042859 0.080783 0.042044
v -0.041845 0.081095 0.041737
v -0.039950 0.081891 0.040929
v -0.038275 0.082873 0.039879
v -0.036862 0.083988 0.038601
v -0.035726 0.085176 0.037128
v -0.034874 0.086387 0.035486
v -0.034318 0.087582 0.033700
v -0.034037 0.088727 0.031803
v -0.033997 0.089797 0.029818
v -0.034188 0.090774 0.027767
v -0.034642 0.091647 0.025678
v -0.034828 0.091880 0.025067
v -0.037519 0.093446 0.019987
v -0.040273 0.094016 0.017333
v -0.042221 0.094219 0.016150
v -0.044737 0.094356 0.015215
v -0.048697 0.094415 0.014764
v -0.050112 0.094402 0.014879
v -0.053031 0.094295 0.015678
v -0.060373 0.087048 0.034516
v -0.058134 0.083852 0.038762
v -0.055487 0.081975 0.040843
v -0.051551 0.080578 0.042243
v -0.050112 0.080340 0.042468
v -0.044736 0.080389 0.042421
v -0.040873 0.081466 0.041364
v -0.039361 0.082203 0.040603
v -0.037014 0.083852 0.038762
v -0.034532 0.087050 0.034517
v -0.033994 0.089739 0.029932
v -0.039361 0.093877 0.018057
v -0.055485 0.094071 0.017035
v -0.058448 0.093444 0.019988
v -0.060502 0.091880 0.025067
v -0.054003 0.092248 0.024041
v -0.053335 0.092579 0.023047
v -0.052934 0.092723 0.022591
v -0.052499 0.092848 0.022183
v -0.052025 0.092954 0.021824
v -0.051502 0.093042 0.021521
v -0.050968 0.093107 0.021290
v -0.050388 0.093157 0.021109
v -0.049221 0.093209 0.020912
v -0.048039 0.093217 0.020880
v -0.046864 0.093184 0.021005
v -0.045720 0.093098 0.021317
v -0.045168 0.093032 0.021551
v -0.044644 0.092952 0.021832
v -0.044147 0.092854 0.022162
v -0.043677 0.092740 0.022540
v -0.043247 0.092611 0.022951
v -0.042848 0.092464 0.023405
v -0.042178 0.092126 0.024392
v -0.041669 0.091734 0.025454
v -0.041303 0.091296 0.026554
v -0.041059 0.090820 0.027665
v -0.040917 0.090312 0.028770
v -0.054500 0.091880 0.025067
v -0.050112 0.093174 0.021045
v -0.046284 0.093148 0.021137
v -0.041834 0.091880 0.025067
v -0.044736 0.092967 0.021778
v -0.055487 0.090312 0.028770
v -0.050112 0.090312 0.028770
v -0.044736 0.090312 0.028770
v -0.041071 0.087906 0.033185
v -0.041267 0.087329 0.034092
v -0.041560 0.086746 0.034965
v -0.041966 0.086168 0.035790
v -0.042504 0.085613 0.036551
v -0.043182 0.085102 0.037223
v -0.043575 0.084865 0.037525
v -0.043989 0.084655 0.037790
v -0.044440 0.084464 0.038026
v -0.044915 0.084302 0.038223
v -0.045413 0.084171 0.038383
v -0.045934 0.084069 0.038505
v -0.046457 0.084000 0.038587
v -0.047003 0.083959 0.038635
v -0.048085 0.083959 0.038635
v -0.049157 0.084059 0.038517
v -0.049686 0.084152 0.038405
v -0.050185 0.084274 0.038258
v -0.050671 0.084428 0.038069
v -0.051125 0.084612 0.037843
v -0.051545 0.084822 0.037580
v -0.051933 0.085058 0.037279
v -0.052274 0.085310 0.036952
v -0.052585 0.085582 0.036591
v -0.053088 0.086149 0.035815
v -0.053455 0.086736 0.034977
v -0.053709 0.087326 0.034097
v -0.053870 0.087906 0.033185
v -0.041395 0.087049 0.034516
v -0.042825 0.085350 0.036900
v -0.053603 0.087048 0.034516
v -0.044736 0.084359 0.038154
v -0.050112 0.084254 0.038282
v -0.044736 0.087906 0.033185
v -0.050112 0.087906 0.033185
v -0.039361 0.083852 0.038762
v -0.039361 0.087051 0.034518
v -0.039361 0.089739 0.029932
v -0.039361 0.091880 0.025067
v -0.039361 0.093446 0.019988
v -0.044736 0.083852 0.038762
v -0.044736 0.089739 0.029932
v -0.044736 0.093446 0.019988
v -0.050112 0.083852 0.038762
v -0.050112 0.089739 0.029932
v -0.050112 0.093446 0.019988
v -0.055487 0.083852 0.038762
v -0.055487 0.087051 0.034518
v -0.055487 0.089739 0.029932
v -0.055487 0.091880 0.025067
v -0.055487 0.093446 0.019988
v -0.030120 0.080433 0.042376
v -0.030009 0.080386 0.042420
v -0.028814 0.080197 0.042598
v -0.027459 0.080208 0.042588
v -0.026119 0.080361 0.042445
v -0.024830 0.080666 0.042155
v -0.023627 0.081115 0.041716
v -0.022537 0.081685 0.041141
v -0.021582 0.082352 0.040444
v -0.020769 0.083085 0.039643
v -0.020093 0.083858 0.038755
v -0.029586 0.080277 0.042523
v -0.029230 0.080227 0.042570
v -0.029884 0.080345 0.042459
v -0.024771 0.080684 0.042137
v -0.020165 0.083767 0.038862
v -0.020093 0.080668 0.042151
v -0.020093 0.083767 0.038862
v -0.014071 0.080668 0.042151
v -0.019421 0.080668 0.042151
v -0.014071 0.094310 0.015538
v -0.014071 0.093285 0.020621
v -0.014071 0.091695 0.025556
v -0.014071 0.089559 0.030280
v -0.014071 0.086905 0.034734
v -0.014071 0.083767 0.038862
v -0.020940 0.094310 0.015538
v -0.019421 0.094310 0.015538
v -0.020940 0.088813 0.031654
v -0.020940 0.089559 0.030280
v -0.020940 0.091695 0.025556
v -0.020940 0.093285 0.020621
v -0.021002 0.088163 0.032761
v -0.021209 0.087494 0.033832
v -0.021596 0.086826 0.034845
v -0.021871 0.086497 0.035324
v -0.022193 0.086188 0.035765
v -0.022574 0.085890 0.036178
v -0.023005 0.085615 0.036550
v -0.023483 0.085360 0.036888
v -0.023994 0.085136 0.037179
v -0.024540 0.084942 0.037428
v -0.025121 0.084780 0.037632
v -0.025713 0.084656 0.037788
v -0.026337 0.084563 0.037904
v -0.027596 0.084473 0.038015
v -0.028862 0.084489 0.037995
v -0.030120 0.084584 0.037877
v -0.021541 0.086902 0.034732
v -0.024770 0.084873 0.037515
v -0.030120 0.083767 0.038862
v -0.019421 0.083767 0.038862
v -0.019421 0.086905 0.034734
v -0.019421 0.089559 0.030280
v -0.019421 0.091695 0.025556
v -0.019421 0.093285 0.020621
v -0.024770 0.083767 0.038862
v -0.008604 0.084370 0.038140
v -0.002058 0.084370 0.038140
v -0.002807 0.084370 0.038140
v -0.008604 0.080668 0.042151
v -0.008604 0.083379 0.039311
v -0.002058 0.080668 0.042151
v -0.002807 0.080668 0.042151
v -0.002058 0.075281 0.046598
v -0.002058 0.079546 0.043195
v 0.004811 0.075281 0.046598
v 0.002989 0.075281 0.046598
v 0.004811 0.080668 0.042151
v 0.004811 0.079546 0.043195
v 0.008785 0.080668 0.042151
v 0.008785 0.084361 0.038152
v 0.008785 0.083379 0.039311
v 0.004811 0.084361 0.038152
v 0.004811 0.091979 0.024801
v 0.004811 0.091774 0.025349
v 0.004811 0.089536 0.030325
v 0.004811 0.086724 0.035001
v 0.004455 0.092993 0.021672
v 0.004428 0.093023 0.021564
v 0.004184 0.093247 0.020748
v 0.002546 0.093928 0.017798
v 0.001975 0.094046 0.017171
v 0.001350 0.094144 0.016608
v 0.000678 0.094224 0.016118
v -0.000027 0.094285 0.015711
v -0.000778 0.094333 0.015376
v -0.002327 0.094392 0.014945
v -0.003913 0.094412 0.014784
v -0.005504 0.094404 0.014849
v -0.007076 0.094366 0.015140
v -0.008604 0.094292 0.015664
v 0.004723 0.092531 0.023191
v 0.002989 0.093810 0.018380
v -0.001542 0.094368 0.015125
v -0.002807 0.094402 0.014870
v 0.003954 0.093404 0.020141
v -0.008604 0.093020 0.021593
v -0.008604 0.093408 0.020143
v -0.007812 0.093080 0.021380
v -0.007004 0.093117 0.021250
v -0.006189 0.093132 0.021192
v -0.005372 0.093130 0.021200
v -0.004563 0.093097 0.021320
v -0.004160 0.093063 0.021441
v -0.003792 0.093018 0.021599
v -0.003432 0.092957 0.021814
v -0.003114 0.092881 0.022074
v -0.002835 0.092789 0.022379
v -0.002599 0.092680 0.022729
v -0.002416 0.092564 0.023094
v -0.002271 0.092432 0.023496
v -0.002105 0.092155 0.024307
v -0.002058 0.091859 0.025123
v -0.004965 0.093118 0.021243
v -0.002807 0.092778 0.022415
v -0.002058 0.086724 0.035001
v -0.002058 0.089536 0.030325
v -0.002058 0.091774 0.025349
v 0.002989 0.079546 0.043195
v 0.002989 0.083379 0.039311
v 0.002989 0.086724 0.035001
v 0.002989 0.089536 0.030325
v 0.002989 0.091774 0.025349
v 0.002989 0.093408 0.020143
v -0.002807 0.083379 0.039311
v -0.002807 0.093408 0.020143
v 0.028084 0.087085 0.034467
v 0.028171 0.086072 0.035928
v 0.028463 0.085021 0.037327
v 0.029009 0.083959 0.038635
v 0.029396 0.083433 0.039248
v 0.029851 0.082935 0.039810
v 0.030387 0.082457 0.040332
v 0.030990 0.082012 0.040804
v 0.031658 0.081603 0.041226
v 0.032380 0.081243 0.041589
v 0.033147 0.080936 0.041892
v 0.033967 0.080679 0.042140
v 0.034797 0.080484 0.042327
v 0.035675 0.080337 0.042467
v 0.037436 0.080194 0.042601
v 0.039208 0.080212 0.042584
v 0.040966 0.080374 0.042433
v 0.042680 0.080701 0.042120
v 0.044304 0.081209 0.041622
v 0.045066 0.081532 0.041298
v 0.045782 0.081896 0.040925
v 0.047067 0.082731 0.040035
v 0.048137 0.083668 0.038978
v 0.028086 0.086905 0.034735
v 0.028701 0.084489 0.037995
v 0.029141 0.083767 0.038862
v 0.038587 0.080190 0.042604
v 0.043840 0.081041 0.041789
v 0.046451 0.082298 0.040503
v 0.033336 0.080871 0.041955
v 0.048152 0.080668 0.042151
v 0.054344 0.080668 0.042151
v 0.049092 0.080668 0.042151
v 0.054344 0.094305 0.015574
v 0.054344 0.093285 0.020621
v 0.054344 0.091695 0.025556
v 0.054344 0.089559 0.030280
v 0.054344 0.086905 0.034734
v 0.054344 0.083767 0.038862
v 0.047475 0.094305 0.015574
v 0.049092 0.094305 0.015574
v 0.047475 0.088634 0.031966
v 0.047475 0.089559 0.030280
v 0.047475 0.091695 0.025556
v 0.047475 0.093285 0.020621
v 0.047433 0.088086 0.032890
v 0.047298 0.087522 0.033791
v 0.047051 0.086952 0.034659
v 0.046674 0.086389 0.035479
v 0.046157 0.085849 0.036233
v 0.045497 0.085351 0.036899
v 0.045115 0.085124 0.037194
v 0.044706 0.084920 0.037456
v 0.044266 0.084737 0.037687
v 0.043799 0.084578 0.037885
v 0.042809 0.084340 0.038177
v 0.041771 0.084203 0.038343
v 0.040714 0.084155 0.038401
v 0.039654 0.084185 0.038368
v 0.038610 0.084302 0.038229
v 0.038092 0.084403 0.038106
v 0.037614 0.084530 0.037949
v 0.037146 0.084693 0.037745
v 0.036723 0.084885 0.037502
v 0.036340 0.085108 0.037215
v 0.036004 0.085359 0.036888
v 0.035726 0.085624 0.036535
v 0.035490 0.085912 0.036143
v 0.035168 0.086500 0.035319
v 0.035002 0.087094 0.034450
v 0.034953 0.087676 0.033555
v 0.047023 0.086902 0.034732
v 0.045844 0.085594 0.036578
v 0.043312 0.084446 0.038048
v 0.038588 0.084306 0.038224
v 0.035307 0.086204 0.035738
v 0.035041 0.086903 0.034733
v 0.043840 0.084591 0.037869
v 0.034953 0.094310 0.015538
v 0.034953 0.093285 0.020621
v 0.034953 0.091695 0.025556
v 0.034953 0.089559 0.030280
v 0.028084 0.094310 0.015538
v 0.033336 0.094310 0.015538
v 0.028084 0.089559 0.030280
v 0.028084 0.091695 0.025556
v 0.028084 0.093285 0.020621
v 0.049092 0.083767 0.038862
v 0.049092 0.086905 0.034734
v 0.049092 0.089559 0.030280
v 0.049092 0.091695 0.025556
v 0.049092 0.093285 0.020621
v 0.043840 0.083767 0.038862
v 0.038588 0.083767 0.038862
v 0.033336 0.083767 0.038862
v 0.033336 0.086905 0.034734
v 0.033336 0.089559 0.030280
v 0.033336 0.091695 0.025556
v 0.033336 0.093285 0.020621
v 0.077139 0.094408 0.014816
v 0.074687 0.094392 0.014963
v 0.072266 0.094329 0.015439
v 0.069925 0.094198 0.016289
v 0.067728 0.093980 0.017531
v 0.066698 0.093828 0.018300
v 0.065752 0.093646 0.019147
v 0.064876 0.093424 0.020082
v 0.064088 0.093161 0.021091
v 0.063398 0.092858 0.022151
v 0.062796 0.092509 0.023266
v 0.062621 0.092386 0.023638
v 0.062303 0.092124 0.024395
v 0.061906 0.091690 0.025563
v 0.061410 0.090720 0.027886
v 0.061259 0.089621 0.030161
v 0.071861 0.094312 0.015556
v 0.068799 0.094100 0.016864
v 0.061713 0.091406 0.026280
v 0.066560 0.093805 0.018414
v 0.064418 0.093280 0.020646
v 0.061259 0.072420 0.048459
v 0.061259 0.077306 0.045085
v 0.061259 0.081716 0.041110
v 0.061259 0.085578 0.036599
v 0.061259 0.088827 0.031629
v 0.068698 0.072420 0.048459
v 0.066560 0.072420 0.048459
v 0.068698 0.089350 0.030677
v 0.068698 0.088827 0.031629
v 0.068698 0.085578 0.036599
v 0.068698 0.081716 0.041110
v 0.068698 0.077306 0.045085
v 0.068754 0.090001 0.029410
v 0.068939 0.090614 0.028123
v 0.069284 0.091178 0.026838
v 0.069820 0.091682 0.025587
v 0.070171 0.091911 0.024984
v 0.070570 0.092115 0.024423
v 0.071030 0.092300 0.023892
v 0.071539 0.092461 0.023414
v 0.072092 0.092600 0.022987
v 0.072690 0.092717 0.022613
v 0.073308 0.092812 0.022303
v 0.073968 0.092889 0.022045
v 0.075319 0.092990 0.021700
v 0.076702 0.093034 0.021545
v 0.078093 0.093034 0.021546
v 0.079476 0.092990 0.021701
v 0.080827 0.092889 0.022046
v 0.081487 0.092812 0.022304
v 0.082105 0.092717 0.022613
v 0.082703 0.092600 0.022988
v 0.083255 0.092460 0.023416
v 0.083762 0.092299 0.023897
v 0.084222 0.092113 0.024427
v 0.084623 0.091910 0.024987
v 0.084977 0.091682 0.025589
v 0.085515 0.091178 0.026838
v 0.085861 0.090614 0.028124
v 0.086047 0.090001 0.029410
v 0.086103 0.089350 0.030677
v 0.069494 0.091408 0.026281
v 0.071861 0.092546 0.023154
v 0.077162 0.093038 0.021530
v 0.082462 0.092650 0.022827
v 0.085304 0.091408 0.026281
v 0.086103 0.072420 0.048459
v 0.086103 0.077306 0.045085
v 0.086103 0.081716 0.041110
v 0.086103 0.085578 0.036599
v 0.086103 0.088827 0.031629
v 0.093064 0.072420 0.048459
v 0.087763 0.072420 0.048459
v 0.093064 0.089621 0.030161
v 0.093064 0.088827 0.031629
v 0.093064 0.085578 0.036599
v 0.093064 0.081716 0.041110
v 0.093064 0.077306 0.045085
v 0.091511 0.092512 0.023259
v 0.090904 0.092861 0.022140
v 0.090215 0.093163 0.021081
v 0.089426 0.093427 0.020070
v 0.088550 0.093649 0.019132
v 0.087603 0.093832 0.018284
v 0.086570 0.093983 0.017514
v 0.084367 0.094200 0.016275
v 0.082020 0.094330 0.015432
v 0.079595 0.094392 0.014961
v 0.092912 0.090722 0.027883
v 0.092411 0.091693 0.025557
v 0.092009 0.092126 0.024390
v 0.091690 0.092386 0.023637
v 0.089893 0.093280 0.020646
v 0.087763 0.093804 0.018417
v 0.085496 0.094103 0.016848
v 0.082462 0.094312 0.015558
v 0.077162 0.094408 0.014816
v 0.092607 0.091407 0.026280
v 0.087763 0.077306 0.045085
v 0.087763 0.081716 0.041110
v 0.087763 0.085578 0.036599
v 0.087763 0.088827 0.031628
v 0.087763 0.091408 0.026281
v 0.087763 0.093279 0.020645
v 0.082463 0.093279 0.020645
v 0.077162 0.093279 0.020645
v 0.071861 0.093279 0.020645
v 0.066560 0.077306 0.045085
v 0.066560 0.081716 0.041110
v 0.066560 0.085578 0.036599
v 0.066560 0.088827 0.031628
v 0.066560 0.091408 0.026281
v 0.066560 0.093279 0.020645
v -0.015886 -0.073268 0.048215
v -0.015886 -0.077968 0.044913
v -0.015886 -0.085956 0.036689
v -0.015886 -0.089120 0.031896
v -0.021414 -0.073268 0.048215
v -0.021414 -0.085956 0.036689
v -0.021414 -0.091662 0.026745
v -0.021414 -0.093543 0.021318
v -0.026942 -0.073268 0.048215
v -0.026942 -0.085956 0.036689
v -0.026942 -0.093543 0.021318
v -0.032471 -0.073268 0.048215
v -0.032471 -0.093543 0.021318
v -0.037999 -0.073268 0.048215
v -0.037999 -0.077968 0.044913
v -0.037999 -0.093543 0.021318
v -0.043527 -0.082219 0.041051
v -0.043527 -0.085956 0.036689
v -0.043527 -0.089120 0.031896
v -0.043527 -0.091662 0.026745
v -0.043527 -0.093543 0.021318
v -0.015886 -0.069655 0.050214
v -0.011623 -0.073268 0.048214
v -0.010357 -0.077135 0.045564
v -0.012819 -0.077968 0.044913
v -0.015886 -0.078981 0.044077
v -0.015886 -0.084412 0.038626
v -0.011713 -0.084412 0.038626
v -0.012281 -0.085956 0.036689
v -0.013172 -0.088182 0.033457
v -0.013638 -0.089120 0.031895
v -0.015886 -0.091604 0.026882
v -0.021414 -0.068274 0.050870
v -0.018006 -0.077965 0.044910
v -0.021415 -0.074718 0.047292
v -0.017654 -0.079554 0.043584
v -0.021414 -0.084412 0.038626
v -0.020904 -0.089120 0.031895
v -0.020509 -0.088405 0.033098
v -0.021414 -0.088405 0.033098
v -0.021414 -0.089825 0.030620
v -0.015965 -0.091662 0.026745
v -0.020166 -0.093542 0.021318
v -0.021414 -0.093839 0.020195
v -0.026942 -0.068456 0.050787
v -0.026942 -0.074301 0.047563
v -0.026942 -0.084412 0.038626
v -0.026942 -0.088405 0.033098
v -0.023841 -0.091662 0.026745
v -0.026942 -0.092596 0.024322
v -0.026942 -0.094540 0.016894
v -0.032470 -0.070007 0.050037
v -0.032471 -0.076382 0.046126
v -0.027578 -0.085956 0.036689
v -0.027010 -0.084412 0.038626
v -0.028565 -0.088405 0.033098
v -0.032471 -0.092981 0.023185
v -0.032471 -0.094728 0.015728
v -0.037999 -0.073079 0.048331
v -0.034628 -0.077967 0.044912
v -0.037999 -0.081736 0.041539
v -0.037999 -0.092183 0.025444
v -0.037999 -0.094640 0.016299
v -0.038262 -0.073268 0.048216
v -0.043370 -0.077967 0.044913
v -0.038318 -0.082218 0.041050
v -0.043527 -0.078149 0.044767
v -0.040119 -0.085955 0.036689
v -0.040619 -0.089118 0.031895
v -0.039046 -0.091660 0.026744
v -0.043527 -0.094024 0.019431
v -0.046418 -0.082219 0.041051
v -0.048127 -0.085955 0.036689
v -0.048737 -0.089117 0.031894
v -0.047989 -0.091662 0.026745
v -0.045259 -0.093541 0.021318
v -0.011806 -0.072992 0.048382
v -0.012288 -0.072362 0.048756
v -0.012838 -0.071765 0.049098
v -0.013435 -0.071218 0.049400
v -0.014082 -0.070714 0.049671
v -0.015552 -0.069819 0.050132
v -0.010584 -0.075697 0.046618
v -0.011047 -0.074342 0.047535
v -0.011392 -0.073653 0.047976
v -0.015549 -0.091345 0.027483
v -0.014147 -0.089894 0.030489
v -0.017079 -0.069163 0.050454
v -0.018777 -0.068672 0.050686
v -0.020419 -0.068381 0.050821
v -0.020868 -0.074937 0.047144
v -0.020451 -0.075144 0.047002
v -0.020056 -0.075379 0.046840
v -0.019681 -0.075646 0.046654
v -0.019338 -0.075938 0.046446
v -0.019025 -0.076254 0.046218
v -0.018744 -0.076594 0.045967
v -0.018307 -0.077283 0.045445
v -0.017976 -0.078049 0.044843
v -0.017774 -0.078776 0.044248
v -0.020774 -0.088904 0.032267
v -0.021088 -0.089397 0.031405
v -0.019693 -0.093408 0.021791
v -0.017396 -0.092519 0.024538
v -0.015978 -0.091671 0.026723
v -0.021002 -0.093750 0.020547
v -0.022193 -0.068223 0.050893
v -0.025642 -0.068297 0.050859
v -0.026702 -0.074268 0.047584
v -0.025714 -0.074184 0.047638
v -0.024722 -0.074174 0.047645
v -0.023732 -0.074231 0.047610
v -0.022719 -0.074372 0.047520
v -0.021797 -0.074594 0.047375
v -0.021846 -0.090296 0.029712
v -0.022820 -0.091087 0.028060
v -0.024044 -0.091755 0.026522
v -0.024762 -0.092038 0.025819
v -0.025531 -0.092278 0.025193
v -0.026365 -0.092482 0.024640
v -0.025464 -0.094423 0.017541
v -0.023894 -0.094250 0.018410
v -0.022411 -0.094029 0.019412
v -0.029038 -0.068874 0.050591
v -0.032301 -0.069937 0.050072
v -0.031315 -0.075726 0.046598
v -0.029558 -0.074956 0.047128
v -0.028631 -0.074658 0.047328
v -0.027676 -0.074427 0.047480
v -0.027251 -0.092649 0.024172
v -0.028167 -0.092777 0.023800
v -0.029132 -0.092873 0.023514
v -0.030106 -0.092937 0.023321
v -0.031095 -0.092973 0.023212
v -0.032174 -0.094725 0.015747
v -0.030451 -0.094695 0.015945
v -0.028756 -0.094639 0.016307
v -0.027075 -0.094549 0.016843
v -0.035361 -0.071411 0.049295
v -0.034378 -0.077756 0.045080
v -0.032926 -0.076675 0.045910
v -0.037775 -0.081415 0.041857
v -0.036796 -0.080159 0.043043
v -0.035666 -0.078930 0.044120
v -0.033078 -0.092968 0.023224
v -0.034084 -0.092921 0.023370
v -0.035024 -0.092839 0.023616
v -0.035963 -0.092711 0.023992
v -0.036824 -0.092540 0.024480
v -0.037621 -0.092317 0.025089
v -0.037366 -0.094667 0.016131
v -0.035622 -0.094715 0.015820
v -0.034049 -0.094731 0.015706
v -0.038171 -0.073202 0.048256
v -0.040683 -0.075231 0.046942
v -0.042874 -0.077410 0.045352
v -0.039826 -0.085159 0.037715
v -0.039282 -0.083931 0.039187
v -0.038601 -0.082678 0.040570
v -0.040636 -0.088905 0.032262
v -0.040643 -0.088576 0.032812
v -0.040530 -0.087487 0.034525
v -0.040245 -0.086347 0.036161
v -0.039448 -0.091365 0.027433
v -0.039843 -0.090977 0.028295
v -0.040161 -0.090539 0.029220
v -0.040537 -0.089601 0.031034
v -0.038331 -0.092045 0.025799
v -0.038934 -0.091730 0.026576
v -0.042146 -0.094271 0.018309
v -0.040636 -0.094455 0.017371
v -0.039004 -0.094585 0.016632
v -0.044733 -0.079659 0.043491
v -0.046241 -0.081916 0.041359
v -0.047397 -0.084122 0.038967
v -0.048216 -0.086224 0.036329
v -0.048674 -0.088182 0.033452
v -0.048670 -0.089963 0.030355
v -0.048453 -0.090782 0.028717
v -0.048089 -0.091513 0.027098
v -0.047982 -0.091671 0.026724
v -0.047539 -0.092193 0.025413
v -0.046834 -0.092768 0.023818
v -0.045917 -0.093274 0.022238
v -0.044826 -0.093687 0.020782
v -0.043568 -0.094015 0.019469
v 0.018074 -0.082051 0.041223
v 0.018074 -0.085839 0.036843
v 0.018074 -0.089047 0.032022
v 0.018074 -0.091624 0.026837
v 0.012746 -0.082051 0.041223
v 0.012746 -0.091624 0.026837
v 0.012746 -0.093529 0.021368
v 0.007418 -0.082051 0.041223
v 0.007418 -0.093529 0.021368
v 0.002090 -0.082051 0.041223
v 0.002090 -0.093529 0.021368
v -0.003238 -0.085839 0.036843
v -0.003238 -0.089047 0.032022
v -0.003238 -0.091624 0.026837
v -0.003238 -0.093529 0.021368
v 0.018074 -0.079133 0.043949
v 0.021735 -0.082051 0.041223
v 0.023107 -0.085836 0.036841
v 0.022342 -0.089047 0.032022
v 0.020104 -0.091624 0.026837
v 0.018074 -0.092768 0.023826
v 0.012746 -0.077799 0.045049
v 0.015513 -0.085839 0.036843
v 0.012746 -0.082593 0.040661
v 0.014891 -0.089047 0.032022
v 0.012747 -0.091370 0.027421
v 0.015912 -0.093528 0.021368
v 0.012746 -0.094182 0.018729
v 0.007418 -0.078064 0.044839
v 0.011189 -0.077743 0.045092
v 0.009833 -0.082109 0.041163
v 0.007418 -0.082373 0.040892
v 0.012334 -0.091622 0.026836
v 0.007418 -0.093076 0.022891
v 0.007418 -0.094655 0.016207
v 0.002090 -0.079685 0.043468
v 0.002089 -0.085264 0.037580
v 0.002090 -0.092978 0.023195
v 0.002090 -0.094719 0.015787
v -0.002062 -0.082051 0.041223
v 0.001521 -0.085836 0.036842
v -0.003238 -0.082960 0.040270
v -0.000477 -0.089047 0.032022
v -0.000455 -0.091623 0.026836
v -0.003238 -0.094374 0.017796
v -0.006070 -0.085839 0.036843
v -0.007924 -0.089047 0.032022
v -0.008234 -0.091622 0.026836
v -0.006475 -0.093527 0.021368
v 0.021172 -0.081368 0.041905
v 0.020294 -0.080536 0.042697
v 0.019260 -0.079788 0.043377
v 0.018101 -0.079146 0.043938
v 0.023028 -0.085020 0.037885
v 0.022798 -0.084089 0.039005
v 0.022422 -0.083177 0.040034
v 0.021870 -0.082240 0.041029
v 0.022640 -0.088391 0.033122
v 0.023060 -0.086778 0.035557
v 0.023108 -0.085895 0.036763
v 0.020776 -0.091078 0.028082
v 0.021875 -0.089828 0.030615
v 0.019335 -0.092128 0.025587
v 0.019960 -0.091727 0.026589
v 0.016822 -0.078616 0.044387
v 0.015495 -0.078224 0.044712
v 0.014067 -0.077946 0.044935
v 0.012769 -0.082602 0.040652
v 0.013128 -0.082761 0.040483
v 0.013462 -0.082941 0.040290
v 0.013773 -0.083141 0.040073
v 0.014066 -0.083366 0.039826
v 0.014329 -0.083604 0.039560
v 0.014753 -0.084090 0.039004
v 0.015096 -0.084622 0.038375
v 0.015330 -0.085141 0.037737
v 0.015484 -0.085686 0.037042
v 0.015562 -0.086731 0.035629
v 0.015406 -0.087725 0.034170
v 0.015079 -0.088657 0.032685
v 0.014758 -0.089286 0.031602
v 0.014614 -0.089521 0.031177
v 0.014002 -0.090314 0.029667
v 0.013224 -0.091030 0.028179
v 0.017571 -0.092977 0.023196
v 0.013185 -0.094114 0.019038
v 0.015515 -0.093634 0.020980
v 0.012670 -0.077794 0.045053
v 0.008308 -0.077929 0.044946
v 0.008106 -0.082242 0.041028
v 0.008959 -0.082142 0.041130
v 0.010732 -0.082146 0.041126
v 0.011557 -0.082257 0.041013
v 0.011979 -0.082348 0.040918
v 0.012388 -0.082464 0.040796
v 0.012269 -0.091659 0.026749
v 0.011134 -0.092193 0.025417
v 0.009824 -0.092628 0.024231
v 0.009090 -0.092806 0.023713
v 0.008335 -0.092949 0.023283
v 0.007525 -0.093063 0.022929
v 0.007888 -0.094633 0.016342
v 0.009282 -0.094550 0.016840
v 0.010625 -0.094438 0.017460
v 0.005506 -0.078483 0.044497
v 0.002854 -0.079364 0.043749
v 0.002537 -0.084865 0.038077
v 0.003670 -0.084013 0.039094
v 0.004977 -0.083249 0.039954
v 0.005710 -0.082915 0.040318
v 0.006464 -0.082636 0.040616
v 0.007274 -0.082406 0.040857
v 0.006692 -0.093143 0.022676
v 0.005839 -0.093190 0.022524
v 0.004964 -0.093205 0.022473
v 0.004065 -0.093188 0.022530
v 0.003240 -0.093136 0.022701
v 0.002816 -0.093091 0.022843
v 0.002408 -0.093034 0.023022
v 0.002144 -0.094720 0.015781
v 0.003589 -0.094731 0.015704
v 0.005035 -0.094721 0.015773
v 0.006236 -0.094696 0.015940
v 0.000404 -0.080509 0.042723
v -0.001793 -0.081860 0.041417
v 0.001581 -0.085771 0.036927
v -0.000281 -0.088563 0.032840
v 0.000186 -0.087642 0.034294
v 0.000801 -0.086705 0.035660
v -0.000544 -0.091475 0.027185
v -0.000696 -0.091094 0.028045
v -0.000770 -0.090298 0.029707
v -0.000611 -0.089449 0.031311
v -0.000560 -0.089286 0.031604
v 0.002027 -0.092965 0.023233
v 0.001668 -0.092884 0.023479
v 0.001332 -0.092791 0.023757
v 0.001019 -0.092685 0.024067
v 0.000461 -0.092430 0.024783
v 0.000033 -0.092146 0.025539
v -0.000311 -0.091817 0.026370
v -0.002061 -0.094511 0.017059
v -0.000694 -0.094617 0.016439
v 0.000680 -0.094683 0.016026
v -0.003701 -0.083354 0.039839
v -0.005303 -0.084925 0.038005
v -0.006570 -0.086520 0.035924
v -0.007499 -0.088083 0.033614
v -0.008102 -0.089566 0.031098
v -0.008322 -0.090934 0.028390
v -0.008246 -0.091575 0.026948
v -0.008205 -0.091726 0.026588
v -0.008033 -0.092147 0.025536
v -0.007652 -0.092688 0.024058
v -0.007129 -0.093147 0.022659
v -0.006416 -0.093555 0.021267
v -0.005542 -0.093888 0.019995
v -0.004511 -0.094154 0.018857
v -0.003325 -0.094362 0.017859
v -0.007652 -0.093473 0.024843
v -0.008032 -0.092464 0.025852
v -0.007129 -0.094403 0.023914
v 0.017570 -0.094049 0.024268
v 0.019335 -0.092429 0.025888
v 0.054285 -0.073177 0.048271
v 0.054285 -0.077797 0.045049
v 0.054285 -0.081988 0.041286
v 0.048316 -0.073177 0.048271
v 0.048316 -0.085689 0.037040
v 0.048316 -0.093329 0.022062
v 0.042347 -0.073177 0.048271
v 0.042347 -0.088842 0.032373
v 0.042347 -0.093329 0.022062
v 0.036377 -0.073177 0.048271
v 0.036377 -0.077797 0.045049
v 0.036377 -0.091402 0.027355
v 0.036377 -0.093329 0.022062
v 0.030408 -0.093329 0.022062
v 0.054285 -0.069211 0.050432
v 0.059064 -0.073177 0.048271
v 0.060008 -0.077796 0.045048
v 0.058299 -0.081989 0.041286
v 0.054285 -0.085374 0.037444
v 0.054285 -0.092840 0.023612
v 0.054436 -0.092840 0.023612
v 0.054285 -0.093068 0.022914
v 0.048316 -0.068199 0.050903
v 0.052307 -0.077795 0.045047
v 0.048316 -0.074011 0.047750
v 0.050481 -0.081989 0.041286
v 0.053752 -0.085689 0.037039
v 0.048316 -0.083692 0.039456
v 0.048316 -0.088396 0.033113
v 0.054104 -0.093329 0.022063
v 0.048316 -0.092840 0.023612
v 0.053002 -0.094595 0.016574
v 0.048316 -0.094595 0.016574
v 0.042347 -0.069091 0.050488
v 0.042348 -0.074817 0.047223
v 0.044750 -0.085689 0.037040
v 0.045049 -0.085537 0.037235
v 0.048044 -0.088515 0.032919
v 0.047300 -0.088842 0.032373
v 0.042347 -0.086868 0.035436
v 0.042347 -0.090853 0.028568
v 0.042347 -0.092840 0.023612
v 0.042347 -0.094595 0.016574
v 0.036377 -0.072279 0.048805
v 0.038368 -0.077796 0.045048
v 0.037461 -0.078934 0.044117
v 0.036377 -0.078356 0.044599
v 0.037998 -0.088842 0.032373
v 0.036378 -0.089523 0.031178
v 0.040847 -0.091402 0.027355
v 0.036433 -0.092840 0.023612
v 0.036377 -0.094595 0.016574
v 0.035347 -0.073177 0.048271
v 0.035346 -0.077797 0.045049
v 0.032667 -0.076309 0.046180
v 0.031455 -0.091402 0.027356
v 0.030409 -0.091762 0.026504
v 0.030408 -0.094595 0.016574
v 0.025543 -0.093329 0.022063
v 0.025618 -0.093222 0.022417
v 0.024439 -0.094595 0.016574
v 0.058413 -0.072211 0.048845
v 0.057539 -0.071259 0.049380
v 0.056488 -0.070407 0.049832
v 0.055349 -0.069710 0.050186
v 0.060016 -0.077726 0.045103
v 0.060061 -0.076649 0.045928
v 0.059935 -0.075498 0.046756
v 0.059624 -0.074379 0.047511
v 0.059107 -0.073253 0.048224
v 0.058500 -0.081716 0.041561
v 0.059060 -0.080811 0.042439
v 0.059473 -0.079916 0.043262
v 0.059819 -0.078823 0.044211
v 0.054310 -0.085359 0.037463
v 0.056191 -0.084062 0.039037
v 0.057821 -0.082560 0.040695
v 0.054083 -0.069130 0.050471
v 0.052801 -0.068714 0.050670
v 0.051421 -0.068418 0.050807
v 0.050049 -0.068253 0.050880
v 0.048666 -0.068198 0.050904
v 0.048454 -0.074033 0.047736
v 0.049292 -0.074227 0.047611
v 0.049670 -0.074355 0.047528
v 0.050034 -0.074509 0.047427
v 0.050397 -0.074698 0.047302
v 0.050732 -0.074913 0.047158
v 0.051037 -0.075152 0.046996
v 0.051314 -0.075415 0.046815
v 0.051560 -0.075699 0.046616
v 0.051772 -0.075997 0.046404
v 0.051948 -0.076309 0.046178
v 0.052089 -0.076634 0.045938
v 0.052259 -0.077275 0.045452
v 0.052307 -0.077960 0.044915
v 0.052250 -0.078590 0.044404
v 0.052100 -0.079250 0.043848
v 0.051612 -0.080451 0.042776
v 0.050879 -0.081544 0.041732
v 0.049923 -0.082513 0.040745
v 0.048805 -0.083365 0.039823
v 0.050179 -0.087545 0.034441
v 0.052276 -0.086500 0.035950
v 0.045904 -0.068348 0.050836
v 0.043188 -0.068851 0.050602
v 0.042706 -0.074666 0.047324
v 0.043481 -0.074393 0.047505
v 0.044279 -0.074181 0.047643
v 0.045107 -0.074029 0.047740
v 0.046781 -0.073908 0.047816
v 0.047652 -0.073937 0.047797
v 0.047600 -0.084140 0.038940
v 0.046342 -0.084860 0.038082
v 0.040585 -0.069739 0.050172
v 0.039349 -0.070327 0.049873
v 0.038174 -0.071000 0.049518
v 0.039384 -0.076767 0.045840
v 0.040590 -0.075810 0.046538
v 0.041255 -0.075382 0.046838
v 0.041961 -0.074998 0.047101
v 0.038345 -0.077822 0.045027
v 0.036023 -0.072572 0.048633
v 0.034183 -0.074373 0.047515
v 0.297633 0.038698 0.021627
v 0.298234 0.038348 0.021770
v 0.297013 0.039037 0.021566
v 0.295750 0.039677 0.021643
v 0.294641 0.040192 0.021891
v 0.294491 0.040259 0.021939
v 0.293875 0.040520 0.022174
v 0.293276 0.040758 0.022472
v 0.292700 0.040968 0.022834
v 0.292160 0.041145 0.023254
v 0.291657 0.041290 0.023730
v 0.291192 0.041402 0.024257
v 0.290393 0.041530 0.025422
v 0.289757 0.041543 0.026690
v 0.289267 0.041458 0.028018
v 0.289212 0.041441 0.028193
v 0.292517 0.039954 0.027507
v 0.288898 0.041292 0.029379
v 0.288632 0.041058 0.030753
v 0.288448 0.040767 0.032130
v 0.288334 0.040428 0.033504
v 0.288334 0.040427 0.033508
v 0.291593 0.038983 0.032813
v 0.288289 0.040041 0.034868
v 0.288331 0.039600 0.036216
v 0.288483 0.039097 0.037534
v 0.288676 0.038696 0.038439
v 0.288779 0.038522 0.038797
v 0.288994 0.038206 0.039395
v 0.289260 0.037872 0.039961
v 0.289582 0.037520 0.040486
v 0.277411 0.046006 0.032575
v 0.276604 0.046125 0.033537
v 0.278230 0.045873 0.031626
v 0.279045 0.045738 0.030673
v 0.279859 0.045596 0.029721
v 0.280022 0.045567 0.029530
v 0.280673 0.045449 0.028769
v 0.281386 0.045315 0.027936
v 0.280950 0.045174 0.029368
v 0.281487 0.045296 0.027818
v 0.282300 0.045137 0.026867
v 0.281672 0.045408 0.026961
v 0.282490 0.045686 0.023958
v 0.278452 0.046788 0.027443
v 0.277774 0.047081 0.027544
v 0.274614 0.048466 0.028017
v 0.274856 0.048982 0.025101
v 0.278670 0.047319 0.024530
v 0.278919 0.047212 0.024493
v 0.282994 0.045468 0.023883
v 0.286284 0.044010 0.023390
v 0.285243 0.043572 0.027516
v 0.287043 0.043666 0.023277
v 0.286846 0.043226 0.025667
v 0.285925 0.043427 0.026729
v 0.285003 0.043621 0.027792
v 0.284137 0.043795 0.028791
v 0.284081 0.043806 0.028856
v 0.283158 0.043983 0.029920
v 0.282234 0.044151 0.030986
v 0.281309 0.044310 0.032052
v 0.279457 0.044600 0.034187
v 0.279226 0.044632 0.034457
v 0.280384 0.044460 0.033119
v 0.278963 0.044667 0.034771
v 0.275188 0.046262 0.035416
v 0.278558 0.044710 0.035280
v 0.277757 0.044741 0.036450
v 0.277440 0.044698 0.037083
v 0.277211 0.044600 0.037748
v 0.277077 0.044448 0.038429
v 0.277035 0.044247 0.039107
v 0.277054 0.044128 0.039441
v 0.277105 0.043995 0.039767
v 0.277193 0.043848 0.040079
v 0.277318 0.043690 0.040368
v 0.277481 0.043521 0.040630
v 0.277682 0.043342 0.040864
v 0.277916 0.043160 0.041060
v 0.278179 0.042978 0.041214
v 0.278464 0.042800 0.041322
v 0.278767 0.042628 0.041388
v 0.279082 0.042464 0.041414
v 0.279402 0.042309 0.041405
v 0.280046 0.042027 0.041304
v 0.280680 0.041785 0.041100
v 0.280990 0.041684 0.040954
v 0.281287 0.041598 0.040781
v 0.281569 0.041528 0.040580
v 0.281836 0.041475 0.040352
v 0.282086 0.041439 0.040101
v 0.282317 0.041417 0.039832
v 0.282720 0.041417 0.039250
v 0.282904 0.041436 0.038923
v 0.284508 0.040739 0.038608
v 0.283051 0.041464 0.038624
v 0.283317 0.041548 0.037972
v 0.285561 0.040019 0.039170
v 0.285054 0.039874 0.040314
v 0.284741 0.039837 0.040859
v 0.284385 0.039827 0.041380
v 0.283989 0.039847 0.041868
v 0.283552 0.039898 0.042321
v 0.283080 0.039980 0.042733
v 0.282580 0.040092 0.043097
v 0.282055 0.040234 0.043414
v 0.281510 0.040404 0.043683
v 0.280386 0.040812 0.044080
v 0.279342 0.041248 0.044301
v 0.280697 0.041780 0.041093
v 0.279244 0.041291 0.044315
v 0.278107 0.041829 0.044384
v 0.277549 0.042121 0.044342
v 0.277008 0.042426 0.044243
v 0.276487 0.042742 0.044084
v 0.275993 0.043066 0.043864
v 0.275533 0.043395 0.043584
v 0.275115 0.043722 0.043245
v 0.275425 0.043476 0.043505
v 0.274747 0.044045 0.042848
v 0.274435 0.044356 0.042399
v 0.274181 0.044654 0.041905
v 0.273989 0.044932 0.041373
v 0.273860 0.045188 0.040810
v 0.273822 0.045297 0.040546
v 0.273792 0.045418 0.040230
v 0.277013 0.043958 0.040007
v 0.277109 0.043988 0.039784
v 0.277161 0.043896 0.039981
v 0.273780 0.045622 0.039635
v 0.273818 0.045802 0.039031
v 0.273907 0.045955 0.038424
v 0.274047 0.046078 0.037824
v 0.274243 0.046168 0.037234
v 0.274491 0.046226 0.036656
v 0.275100 0.046264 0.035554
v 0.275823 0.046218 0.034522
v 0.264567 0.056428 0.034860
v 0.262908 0.056298 0.038100
v 0.264106 0.057151 0.034220
v 0.263010 0.058926 0.032699
v 0.262155 0.058906 0.034438
v 0.261426 0.058876 0.035868
v 0.262999 0.058943 0.032685
v 0.260584 0.060420 0.034600
v 0.260014 0.061502 0.033740
v 0.261500 0.061507 0.030605
v 0.263967 0.061516 0.024336
v 0.264549 0.060643 0.025033
v 0.264965 0.061521 0.021202
v 0.266710 0.059121 0.023157
v 0.266718 0.059110 0.023166
v 0.267455 0.058804 0.021873
v 0.265907 0.060838 0.020208
v 0.269035 0.056823 0.023571
v 0.270122 0.056939 0.019781
v 0.266722 0.056608 0.030013
v 0.265328 0.056490 0.033243
v 0.266255 0.057265 0.029434
v 0.264338 0.059003 0.029650
v 0.265044 0.059021 0.027930
v 0.265034 0.059035 0.027918
v 0.263411 0.061514 0.025903
v 0.262178 0.061510 0.029038
v 0.267358 0.056664 0.028401
v 0.265640 0.059052 0.026341
v 0.268513 0.056771 0.025180
v 0.268051 0.057361 0.024661
v 0.266146 0.059090 0.024871
v 0.265631 0.059065 0.026330
v 0.262760 0.060534 0.029815
v 0.263720 0.058974 0.031095
v 0.263730 0.058958 0.031109
v 0.255511 -0.059059 0.045474
v 0.254392 -0.061930 0.043147
v 0.256476 -0.061936 0.040011
v 0.257697 -0.059172 0.042249
v 0.257708 -0.059148 0.042270
v 0.256486 -0.059125 0.044056
v 0.258572 -0.057301 0.043855
v 0.254896 -0.060613 0.044194
v 0.255500 -0.059087 0.045451
v 0.258984 -0.056447 0.044610
v 0.256671 -0.056276 0.047885
v 0.260047 -0.056526 0.042979
v 0.270122 -0.057385 0.019781
v 0.257436 -0.061939 0.038443
v 0.257982 -0.060745 0.039391
v 0.259203 -0.061945 0.035308
v 0.260570 -0.059287 0.037461
v 0.260581 -0.059266 0.037479
v 0.261563 -0.057463 0.039025
v 0.259558 -0.059246 0.039239
v 0.262007 -0.056674 0.039724
v 0.258708 -0.059212 0.040652
v 0.258719 -0.059189 0.040671
v 0.261437 -0.059303 0.035884
v 0.261426 -0.059322 0.035868
v 0.262908 -0.056744 0.038100
v 0.264567 -0.056874 0.034860
v 0.264106 -0.057597 0.034220
v 0.266718 -0.059556 0.023166
v 0.266710 -0.059567 0.023157
v 0.268051 -0.057807 0.024661
v 0.266146 -0.059536 0.024871
v 0.268513 -0.057217 0.025180
v 0.267358 -0.057110 0.028401
v 0.265640 -0.059497 0.026341
v 0.265044 -0.059467 0.027930
v 0.266255 -0.057710 0.029434
v 0.265034 -0.059481 0.027918
v 0.264338 -0.059448 0.029650
v 0.263411 -0.061960 0.025903
v 0.262178 -0.061955 0.029038
v 0.262760 -0.060980 0.029815
v 0.263720 -0.059420 0.031095
v 0.263730 -0.059404 0.031109
v 0.265328 -0.056936 0.033243
v 0.266722 -0.057053 0.030013
v 0.263010 -0.059372 0.032699
v 0.261500 -0.061953 0.030605
v 0.260014 -0.061948 0.033740
v 0.260584 -0.060866 0.034600
v 0.262155 -0.059352 0.034438
v 0.262999 -0.059389 0.032685
v 0.264965 -0.061967 0.021202
v 0.263967 -0.061962 0.024336
v 0.264549 -0.061089 0.025033
v 0.265631 -0.059510 0.026330
v 0.267455 -0.059250 0.021873
v 0.269035 -0.057269 0.023571
v 0.265907 -0.061284 0.020208
v 0.247436 0.061463 0.051663
v 0.249476 0.061469 0.049420
v 0.250117 0.059016 0.051427
v 0.250034 0.059013 0.051519
v 0.250123 0.058992 0.051446
v 0.250788 0.056567 0.053528
v 0.247992 0.058948 0.053700
v 0.245307 0.061456 0.053822
v 0.251722 0.058462 0.050300
v 0.251711 0.058497 0.050271
v 0.252668 0.055531 0.052832
v 0.255413 0.055736 0.049528
v 0.255051 0.056655 0.048718
v 0.254319 0.058566 0.047079
v 0.252854 0.058540 0.048899
v 0.251242 0.060017 0.049014
v 0.254308 0.058595 0.047054
v 0.253262 0.061481 0.044715
v 0.250808 0.061473 0.047851
v 0.260047 0.056080 0.042979
v 0.262007 0.056228 0.039724
v 0.258719 0.058743 0.040671
v 0.258708 0.058766 0.040652
v 0.259558 0.058800 0.039239
v 0.257982 0.060299 0.039391
v 0.257436 0.061494 0.038443
v 0.259203 0.061499 0.035308
v 0.260581 0.058820 0.037479
v 0.261563 0.057017 0.039025
v 0.260570 0.058841 0.037461
v 0.261437 0.058857 0.035884
v 0.257708 0.058702 0.042270
v 0.258572 0.056855 0.043855
v 0.257697 0.058726 0.042249
v 0.256486 0.058679 0.044056
v 0.256476 0.061491 0.040011
v 0.254392 0.061484 0.043147
v 0.254896 0.060167 0.044194
v 0.255500 0.058642 0.045451
v 0.255511 0.058614 0.045474
v 0.256671 0.055830 0.047885
v 0.258984 0.056001 0.044610
v 0.301509 0.034637 0.029657
v 0.301519 0.034997 0.028284
v 0.301429 0.035395 0.026924
v 0.301207 0.035846 0.025598
v 0.301195 0.035865 0.025546
v 0.297996 0.037414 0.026297
v 0.300812 0.036366 0.024339
v 0.300534 0.036655 0.023754
v 0.300196 0.036966 0.023213
v 0.299793 0.037295 0.022731
v 0.299326 0.037640 0.022323
v 0.298801 0.037994 0.022000
v 0.298700 0.038059 0.021951
v 0.297989 0.037423 0.026275
v 0.297943 0.037484 0.026126
v 0.297827 0.037622 0.025815
v 0.298112 0.037231 0.026783
v 0.298272 0.036795 0.028150
v 0.298293 0.036414 0.029544
v 0.298227 0.036064 0.030945
v 0.298200 0.035977 0.031303
v 0.298102 0.035731 0.032346
v 0.297912 0.035418 0.033744
v 0.297630 0.035140 0.035134
v 0.297207 0.034928 0.036498
v 0.297198 0.034925 0.036519
v 0.300560 0.033384 0.035696
v 0.296912 0.034868 0.037155
v 0.296538 0.034859 0.037773
v 0.296316 0.034879 0.038057
v 0.296071 0.034920 0.038318
v 0.295801 0.034982 0.038551
v 0.295512 0.035065 0.038750
v 0.295208 0.035168 0.038913
v 0.294891 0.035290 0.039040
v 0.294569 0.035426 0.039131
v 0.294245 0.035576 0.039189
v 0.293922 0.035735 0.039215
v 0.293602 0.035905 0.039203
v 0.293294 0.036085 0.039148
v 0.293003 0.036271 0.039045
v 0.292733 0.036465 0.038892
v 0.292497 0.036654 0.038696
v 0.292296 0.036838 0.038464
v 0.292126 0.037015 0.038200
v 0.291987 0.037183 0.037915
v 0.291874 0.037343 0.037610
v 0.291917 0.037280 0.037735
v 0.291711 0.037639 0.036971
v 0.291557 0.038116 0.035731
v 0.291551 0.038151 0.035630
v 0.290944 0.037707 0.037950
v 0.290035 0.037090 0.041030
v 0.290409 0.036776 0.041362
v 0.289965 0.037153 0.040957
v 0.290910 0.036396 0.041690
v 0.291460 0.036021 0.041932
v 0.292049 0.035656 0.042091
v 0.292663 0.035308 0.042169
v 0.293291 0.034978 0.042175
v 0.294564 0.034375 0.042009
v 0.294600 0.034359 0.042002
v 0.295198 0.034104 0.041845
v 0.295825 0.033859 0.041619
v 0.296436 0.033644 0.041330
v 0.297024 0.033464 0.040976
v 0.297581 0.033322 0.040558
v 0.300291 0.033277 0.036482
v 0.299724 0.033153 0.037777
v 0.298999 0.033124 0.038995
v 0.298571 0.033154 0.039560
v 0.298097 0.033219 0.040084
v 0.300722 0.033471 0.035144
v 0.301041 0.033715 0.033783
v 0.301269 0.033997 0.032411
v 0.301422 0.034306 0.031034
v 0.301463 0.034431 0.030504
v 0.295394 0.035103 0.038819
v 0.291528 0.038589 0.034253
v 0.291590 0.038971 0.032861
v 0.291712 0.039309 0.031461
v 0.291900 0.039601 0.030058
v 0.292179 0.039830 0.028659
v 0.292599 0.039968 0.027284
v 0.292890 0.039985 0.026622
v 0.293258 0.039950 0.026003
v 0.293475 0.039908 0.025718
v 0.293716 0.039849 0.025455
v 0.293979 0.039771 0.025221
v 0.294017 0.039758 0.025191
v 0.294263 0.039674 0.025018
v 0.294562 0.039560 0.024850
v 0.294873 0.039431 0.024719
v 0.295191 0.039290 0.024622
v 0.295513 0.039139 0.024559
v 0.295836 0.038979 0.024526
v 0.296155 0.038812 0.024530
v 0.296467 0.038638 0.024576
v 0.296767 0.038458 0.024671
v 0.297048 0.038276 0.024819
v 0.297293 0.038100 0.025013
v 0.297503 0.037932 0.025248
v 0.297682 0.037772 0.025520
v 0.247992 -0.059394 0.053700
v 0.250034 -0.059459 0.051519
v 0.250788 -0.057013 0.053528
v 0.245307 -0.061902 0.053822
v 0.247436 -0.061909 0.051663
v 0.253262 -0.061927 0.044715
v 0.250808 -0.061919 0.047851
v 0.254308 -0.059041 0.047054
v 0.252854 -0.058986 0.048899
v 0.254319 -0.059012 0.047079
v 0.255051 -0.057101 0.048718
v 0.255413 -0.056182 0.049528
v 0.252668 -0.055977 0.052832
v 0.251722 -0.058908 0.050300
v 0.251711 -0.058942 0.050271
v 0.251242 -0.060463 0.049014
v 0.250123 -0.059438 0.051446
v 0.250117 -0.059462 0.051427
v 0.249476 -0.061915 0.049420
v 0.326964 0.003729 0.023250
v 0.326964 0.003545 0.023297
v 0.326964 0.003919 0.023230
v 0.326964 0.004109 0.023234
v 0.326964 0.004297 0.023268
v 0.326964 0.004476 0.023332
v 0.326964 0.004561 0.023375
v 0.326964 0.004642 0.023426
v 0.326964 0.004718 0.023484
v 0.326964 0.004787 0.023549
v 0.326964 0.004850 0.023620
v 0.326964 0.004905 0.023698
v 0.326964 0.004951 0.023781
v 0.326964 0.004988 0.023869
v 0.326964 0.005015 0.023959
v 0.326964 0.005034 0.024054
v 0.326964 0.004516 0.024054
v 0.326964 0.004472 0.023962
v 0.326964 0.004414 0.023878
v 0.326964 0.004380 0.023840
v 0.326964 0.004342 0.023806
v 0.326964 0.004301 0.023777
v 0.326964 0.004256 0.023752
v 0.326964 0.004210 0.023733
v 0.326964 0.004160 0.023718
v 0.326964 0.004059 0.023702
v 0.326964 0.003957 0.023700
v 0.326964 0.003856 0.023710
v 0.326964 0.003757 0.023735
v 0.326964 0.003709 0.023754
v 0.326964 0.003664 0.023777
v 0.326964 0.003621 0.023804
v 0.326964 0.003581 0.023836
v 0.326964 0.003544 0.023870
v 0.326964 0.003509 0.023908
v 0.326964 0.003451 0.023992
v 0.326964 0.003407 0.024084
v 0.326964 0.003376 0.024181
v 0.326964 0.003355 0.024281
v 0.326964 0.003342 0.024382
v 0.326964 0.005057 0.024382
v 0.326964 0.005063 0.024542
v 0.326964 0.005054 0.024732
v 0.326964 0.005027 0.024921
v 0.326964 0.004979 0.025098
v 0.326964 0.004977 0.025105
v 0.326964 0.004901 0.025280
v 0.326964 0.004800 0.025441
v 0.326964 0.004739 0.025515
v 0.326964 0.004673 0.025583
v 0.326964 0.004600 0.025644
v 0.326964 0.004521 0.025698
v 0.326964 0.004438 0.025745
v 0.326964 0.004351 0.025783
v 0.326964 0.004168 0.025836
v 0.326964 0.003979 0.025858
v 0.326964 0.003788 0.025853
v 0.326964 0.003601 0.025818
v 0.326964 0.003510 0.025789
v 0.326964 0.003423 0.025751
v 0.326964 0.003259 0.025654
v 0.326964 0.003114 0.025530
v 0.326964 0.002992 0.025383
v 0.326964 0.002894 0.025220
v 0.326964 0.002840 0.025098
v 0.326964 0.003444 0.025098
v 0.326964 0.002821 0.025044
v 0.326964 0.002773 0.024860
v 0.326964 0.002749 0.024671
v 0.326964 0.002745 0.024480
v 0.326964 0.002762 0.024290
v 0.326964 0.002801 0.024104
v 0.326964 0.002865 0.023924
v 0.326964 0.002954 0.023756
v 0.326964 0.003070 0.023605
v 0.326964 0.003137 0.023537
v 0.326964 0.003209 0.023475
v 0.326964 0.003369 0.023372
v 0.326964 0.003433 0.025077
v 0.326964 0.003479 0.025158
v 0.326964 0.003538 0.025231
v 0.326964 0.003572 0.025264
v 0.326964 0.003608 0.025293
v 0.326964 0.003647 0.025319
v 0.326964 0.003688 0.025341
v 0.326964 0.003731 0.025359
v 0.326964 0.003776 0.025373
v 0.326964 0.003821 0.025382
v 0.326964 0.003868 0.025387
v 0.326964 0.003961 0.025387
v 0.326964 0.004054 0.025374
v 0.326964 0.004099 0.025361
v 0.326964 0.004143 0.025345
v 0.326964 0.004184 0.025324
v 0.326964 0.004224 0.025299
v 0.326964 0.004260 0.025270
v 0.326964 0.004293 0.025237
v 0.326964 0.004323 0.025201
v 0.326964 0.004350 0.025162
v 0.326964 0.004393 0.025079
v 0.326964 0.004425 0.024991
v 0.326964 0.004447 0.024900
v 0.326964 0.004461 0.024808
v 0.326964 0.003356 0.024808
v 0.326964 0.003373 0.024900
v 0.326964 0.003398 0.024990
v 0.326964 0.004384 0.025098
v 0.326964 0.006501 0.025853
v 0.326964 0.006692 0.025858
v 0.326964 0.006314 0.025818
v 0.326964 0.006224 0.025789
v 0.326964 0.006136 0.025751
v 0.326964 0.005973 0.025654
v 0.326964 0.005828 0.025530
v 0.326964 0.005706 0.025383
v 0.326964 0.005608 0.025220
v 0.326964 0.005534 0.025044
v 0.326964 0.005554 0.025098
v 0.326964 0.005486 0.024860
v 0.326964 0.005462 0.024671
v 0.326964 0.005459 0.024480
v 0.326964 0.005475 0.024290
v 0.326964 0.005514 0.024104
v 0.326964 0.005578 0.023924
v 0.326964 0.005668 0.023756
v 0.326964 0.005783 0.023605
v 0.326964 0.005850 0.023537
v 0.326964 0.005923 0.023475
v 0.326964 0.006083 0.023372
v 0.326964 0.006258 0.023297
v 0.326964 0.006443 0.023250
v 0.326964 0.006632 0.023230
v 0.326964 0.006823 0.023234
v 0.326964 0.007010 0.023268
v 0.326964 0.007190 0.023332
v 0.326964 0.007275 0.023375
v 0.326964 0.007355 0.023426
v 0.326964 0.007431 0.023484
v 0.326964 0.007500 0.023549
v 0.326964 0.007563 0.023620
v 0.326964 0.007618 0.023698
v 0.326964 0.007664 0.023781
v 0.326964 0.007702 0.023869
v 0.326964 0.007729 0.023959
v 0.326964 0.007747 0.024054
v 0.326964 0.007230 0.024054
v 0.326964 0.007185 0.023962
v 0.326964 0.007128 0.023878
v 0.326964 0.007093 0.023840
v 0.326964 0.007056 0.023806
v 0.326964 0.007015 0.023777
v 0.326964 0.006970 0.023752
v 0.326964 0.006924 0.023733
v 0.326964 0.006873 0.023718
v 0.326964 0.006773 0.023702
v 0.326964 0.006671 0.023700
v 0.326964 0.006569 0.023710
v 0.326964 0.006470 0.023735
v 0.326964 0.006423 0.023754
v 0.326964 0.006378 0.023777
v 0.326964 0.006335 0.023804
v 0.326964 0.006294 0.023836
v 0.326964 0.006257 0.023870
v 0.326964 0.006223 0.023908
v 0.326964 0.006165 0.023992
v 0.326964 0.006121 0.024084
v 0.326964 0.006089 0.024181
v 0.326964 0.006068 0.024281
v 0.326964 0.006056 0.024382
v 0.326964 0.007770 0.024382
v 0.326964 0.007776 0.024542
v 0.326964 0.007768 0.024732
v 0.326964 0.007740 0.024921
v 0.326964 0.007692 0.025098
v 0.326964 0.007096 0.025098
v 0.326964 0.007690 0.025105
v 0.326964 0.007615 0.025280
v 0.326964 0.007514 0.025441
v 0.326964 0.007453 0.025515
v 0.326964 0.007386 0.025583
v 0.326964 0.007313 0.025644
v 0.326964 0.007235 0.025698
v 0.326964 0.007152 0.025745
v 0.326964 0.007064 0.025783
v 0.326964 0.006881 0.025836
v 0.326964 0.007062 0.025162
v 0.326964 0.007105 0.025079
v 0.326964 0.007137 0.024991
v 0.326964 0.007159 0.024900
v 0.326964 0.007173 0.024808
v 0.326964 0.006068 0.024808
v 0.326964 0.006085 0.024900
v 0.326964 0.006110 0.024990
v 0.326964 0.006146 0.025076
v 0.326964 0.006192 0.025157
v 0.326964 0.006250 0.025231
v 0.326964 0.006284 0.025264
v 0.326964 0.006320 0.025293
v 0.326964 0.006359 0.025319
v 0.326964 0.006400 0.025341
v 0.326964 0.006443 0.025359
v 0.326964 0.006488 0.025373
v 0.326964 0.006580 0.025387
v 0.326964 0.006673 0.025387
v 0.326964 0.006766 0.025374
v 0.326964 0.006812 0.025361
v 0.326964 0.006855 0.025345
v 0.326964 0.006897 0.025324
v 0.326964 0.006936 0.025299
v 0.326964 0.006972 0.025270
v 0.326964 0.007006 0.025237
v 0.326964 0.007035 0.025201
v 0.326964 0.006157 0.025098
v 0.326964 0.001756 0.025679
v 0.326964 0.001850 0.025749
v 0.326964 0.001674 0.025596
v 0.326964 0.001603 0.025502
v 0.326964 0.001545 0.025401
v 0.326964 0.001545 0.025802
v 0.326964 0.001025 0.025802
v 0.326964 0.001025 0.023286
v 0.326964 0.001618 0.023286
v 0.326964 0.001618 0.024656
v 0.326964 0.001624 0.024766
v 0.326964 0.001641 0.024873
v 0.326964 0.001675 0.024977
v 0.326964 0.001698 0.025027
v 0.326964 0.001726 0.025074
v 0.326964 0.001759 0.025118
v 0.326964 0.001796 0.025158
v 0.326964 0.001838 0.025194
v 0.326964 0.001882 0.025226
v 0.326964 0.001929 0.025253
v 0.326964 0.001979 0.025275
v 0.326964 0.002030 0.025293
v 0.326964 0.002084 0.025305
v 0.326964 0.002193 0.025318
v 0.326964 0.002302 0.025316
v 0.326964 0.002411 0.025302
v 0.326964 0.002411 0.025830
v 0.326964 0.002401 0.025836
v 0.326964 0.002390 0.025841
v 0.326964 0.002364 0.025849
v 0.326964 0.002334 0.025854
v 0.326964 0.002298 0.025858
v 0.326964 0.002181 0.025857
v 0.326964 0.002065 0.025839
v 0.326964 0.001954 0.025803
v 0.326964 -0.000012 0.024055
v 0.326964 -0.000008 0.023985
v 0.326964 0.000007 0.023916
v 0.326964 0.000019 0.023882
v 0.326964 0.000035 0.023852
v 0.326964 0.000055 0.023822
v 0.326964 0.000079 0.023797
v 0.326964 0.000107 0.023776
v 0.326964 0.000138 0.023758
v 0.326964 0.000170 0.023745
v 0.326964 0.000205 0.023735
v 0.326964 0.000274 0.023726
v 0.326964 0.000345 0.023725
v 0.326964 0.000415 0.023730
v 0.326964 0.000485 0.023740
v 0.326964 0.000553 0.023758
v 0.326964 0.000553 0.023295
v 0.326964 0.000421 0.023256
v 0.326964 0.000286 0.023235
v 0.326964 0.000148 0.023230
v 0.326964 0.000011 0.023242
v 0.326964 -0.000122 0.023274
v 0.326964 -0.000187 0.023298
v 0.326964 -0.000248 0.023329
v 0.326964 -0.000306 0.023366
v 0.326964 -0.000360 0.023408
v 0.326964 -0.000409 0.023456
v 0.326964 -0.000453 0.023509
v 0.326964 -0.000491 0.023566
v 0.326964 -0.000524 0.023626
v 0.326964 -0.000550 0.023689
v 0.326964 -0.000571 0.023755
v 0.326964 -0.000597 0.023890
v 0.326964 -0.000605 0.024027
v 0.326964 -0.000605 0.025333
v 0.326964 -0.000948 0.025333
v 0.326964 -0.000948 0.025802
v 0.326964 -0.000605 0.025802
v 0.326964 -0.000605 0.026395
v 0.326964 -0.000012 0.026395
v 0.326964 -0.000012 0.025802
v 0.326964 0.000553 0.025802
v 0.326964 0.000553 0.025332
v 0.326964 -0.000012 0.025332
v 0.326964 -0.001414 0.023286
v 0.326964 -0.002007 0.023286
v 0.326964 -0.002007 0.025802
v 0.326964 -0.001737 0.026070
v 0.326964 -0.001682 0.026070
v 0.326964 -0.001791 0.026077
v 0.326964 -0.001844 0.026090
v 0.326964 -0.001894 0.026112
v 0.326964 -0.001917 0.026126
v 0.326964 -0.001939 0.026142
v 0.326964 -0.001979 0.026180
v 0.326964 -0.001996 0.026202
v 0.326964 -0.002011 0.026224
v 0.326964 -0.002035 0.026273
v 0.326964 -0.002051 0.026326
v 0.326964 -0.002059 0.026380
v 0.326964 -0.002060 0.026434
v 0.326964 -0.002056 0.026489
v 0.326964 -0.002044 0.026542
v 0.326964 -0.002024 0.026593
v 0.326964 -0.002011 0.026617
v 0.326964 -0.001996 0.026640
v 0.326964 -0.001960 0.026681
v 0.326964 -0.001939 0.026699
v 0.326964 -0.001917 0.026715
v 0.326964 -0.001894 0.026729
v 0.326964 -0.001869 0.026741
v 0.326964 -0.001818 0.026759
v 0.326964 -0.001764 0.026768
v 0.326964 -0.001709 0.026772
v 0.326964 -0.001655 0.026768
v 0.326964 -0.001601 0.026759
v 0.326964 -0.001550 0.026741
v 0.326964 -0.001525 0.026729
v 0.326964 -0.001502 0.026715
v 0.326964 -0.001480 0.026699
v 0.326964 -0.001459 0.026681
v 0.326964 -0.001423 0.026640
v 0.326964 -0.001408 0.026617
v 0.326964 -0.001395 0.026593
v 0.326964 -0.001375 0.026542
v 0.326964 -0.001363 0.026489
v 0.326964 -0.001359 0.026434
v 0.326964 -0.001360 0.026380
v 0.326964 -0.001368 0.026326
v 0.326964 -0.001384 0.026273
v 0.326964 -0.001408 0.026224
v 0.326964 -0.001423 0.026202
v 0.326964 -0.001440 0.026180
v 0.326964 -0.001480 0.026142
v 0.326964 -0.001502 0.026126
v 0.326964 -0.001525 0.026112
v 0.326964 -0.001575 0.026090
v 0.326964 -0.001628 0.026077
v 0.326964 -0.001414 0.025802
v 0.326964 -0.003795 0.025354
v 0.326964 -0.003885 0.025336
v 0.326964 -0.003970 0.025303
v 0.326964 -0.004010 0.025281
v 0.326964 -0.004048 0.025256
v 0.326964 -0.004084 0.025227
v 0.326964 -0.004117 0.025195
v 0.326964 -0.004174 0.025124
v 0.326964 -0.004218 0.025044
v 0.326964 -0.004251 0.024958
v 0.326964 -0.004272 0.024869
v 0.326964 -0.004284 0.024778
v 0.326964 -0.004287 0.024687
v 0.326964 -0.004287 0.023288
v 0.326964 -0.004880 0.023288
v 0.326964 -0.004880 0.025802
v 0.326964 -0.004346 0.025802
v 0.326964 -0.004344 0.025426
v 0.326964 -0.004252 0.025548
v 0.326964 -0.004141 0.025653
v 0.326964 -0.004079 0.025698
v 0.326964 -0.004014 0.025737
v 0.326964 -0.003873 0.025798
v 0.326964 -0.003725 0.025837
v 0.326964 -0.006930 0.023754
v 0.326964 -0.006810 0.023754
v 0.326964 -0.007050 0.023766
v 0.326964 -0.007166 0.023795
v 0.326964 -0.007223 0.023816
v 0.326964 -0.007277 0.023842
v 0.326964 -0.007328 0.023873
v 0.326964 -0.007376 0.023909
v 0.326964 -0.007420 0.023950
v 0.326964 -0.007459 0.023995
v 0.326964 -0.007494 0.024044
v 0.326964 -0.007524 0.024096
v 0.326964 -0.007571 0.024207
v 0.326964 -0.007601 0.024323
v 0.326964 -0.007617 0.024442
v 0.326964 -0.007622 0.024562
v 0.326964 -0.007622 0.026677
v 0.326964 -0.008222 0.026677
v 0.326964 -0.008222 0.024513
v 0.326964 -0.008209 0.024301
v 0.326964 -0.008166 0.024093
v 0.326964 -0.008131 0.023992
v 0.326964 -0.008088 0.023896
v 0.326964 -0.008036 0.023803
v 0.326964 -0.007977 0.023716
v 0.326964 -0.007908 0.023634
v 0.326964 -0.007833 0.023560
v 0.326964 -0.007751 0.023494
v 0.326964 -0.007662 0.023434
v 0.326964 -0.007472 0.023341
v 0.326964 -0.007269 0.023278
v 0.326964 -0.007060 0.023243
v 0.326964 -0.006848 0.023232
v 0.326964 -0.006636 0.023243
v 0.326964 -0.006427 0.023278
v 0.326964 -0.006225 0.023342
v 0.326964 -0.006035 0.023436
v 0.326964 -0.005947 0.023495
v 0.326964 -0.005865 0.023561
v 0.326964 -0.005789 0.023635
v 0.326964 -0.005721 0.023717
v 0.326964 -0.005662 0.023804
v 0.326964 -0.005610 0.023897
v 0.326964 -0.005567 0.023993
v 0.326964 -0.005533 0.024094
v 0.326964 -0.005490 0.024301
v 0.326964 -0.005477 0.024513
v 0.326964 -0.005477 0.026677
v 0.326964 -0.006119 0.026677
v 0.326964 -0.006119 0.024562
v 0.326964 -0.006124 0.024442
v 0.326964 -0.006140 0.024323
v 0.326964 -0.006170 0.024207
v 0.326964 -0.006216 0.024096
v 0.326964 -0.006246 0.024043
v 0.326964 -0.006281 0.023995
v 0.326964 -0.006320 0.023950
v 0.326964 -0.006364 0.023909
v 0.326964 -0.006412 0.023873
v 0.326964 -0.006464 0.023842
v 0.326964 -0.006517 0.023816
v 0.326964 -0.006574 0.023795
v 0.326964 -0.006691 0.023766
v 0.326964 -0.003574 0.025856
v 0.326964 -0.003421 0.025858
v 0.326964 -0.003269 0.025842
v 0.326964 -0.003193 0.025824
v 0.326964 -0.003121 0.025801
v 0.326964 -0.003051 0.025770
v 0.326964 -0.002984 0.025733
v 0.326964 -0.002922 0.025689
v 0.326964 -0.002864 0.025639
v 0.326964 -0.002812 0.025583
v 0.326964 -0.002766 0.025522
v 0.326964 -0.002727 0.025457
v 0.326964 -0.002693 0.025387
v 0.326964 -0.002646 0.025242
v 0.326964 -0.002621 0.025091
v 0.326964 -0.002613 0.024938
v 0.326964 -0.002613 0.023286
v 0.326964 -0.003206 0.023286
v 0.326964 -0.003206 0.024845
v 0.326964 -0.003211 0.024937
v 0.326964 -0.003225 0.025027
v 0.326964 -0.003253 0.025114
v 0.326964 -0.003273 0.025156
v 0.326964 -0.003297 0.025194
v 0.326964 -0.003326 0.025230
v 0.326964 -0.003359 0.025261
v 0.326964 -0.003396 0.025288
v 0.326964 -0.003436 0.025310
v 0.326964 -0.003477 0.025328
v 0.326964 -0.003522 0.025341
v 0.326964 -0.003612 0.025357
v 0.326964 -0.003704 0.025361
vn 1.0000 0.0000 0.0000
vn -0.0000 0.9370 0.3493
vn -0.0000 0.9370 0.3492
vn 0.0000 0.9790 0.2039
vn 0.0000 0.9702 0.2423
vn -0.0000 0.9371 0.3492
vn 0.0000 0.9371 0.3492
vn -0.0000 0.9370 0.3494
vn 0.0000 0.9370 0.3493
vn 0.0000 0.9702 0.2422
vn -0.0000 0.6933 0.7207
vn 0.0000 0.7684 0.6399
vn 0.0000 0.7684 0.6399
vn 0.0000 0.8342 0.5514
vn 0.0000 0.8342 0.5514
vn 0.0000 0.8899 0.4562
vn 0.0000 0.8342 0.5514
vn 0.0000 0.9347 0.3554
vn 0.0000 0.8899 0.4562
vn 0.0000 0.9347 0.3554
vn 0.0000 0.9682 0.2503
vn 0.0000 0.9347 0.3554
vn 0.0000 0.9898 0.1421
vn 0.0000 0.9682 0.2503
vn 0.0000 0.9898 0.1421
vn -0.0000 0.9898 0.1421
vn 0.0000 0.9682 0.2503
vn 0.0000 0.8899 0.4562
vn 0.0000 0.7684 0.6399
vn -0.0000 0.5678 0.8232
vn -0.0000 0.5698 0.8218
vn 0.0000 0.5698 0.8218
vn -0.0000 0.5795 0.8150
vn 0.0000 0.5698 0.8218
vn 0.0000 0.6426 0.7662
vn 0.0000 0.6427 0.7661
vn 0.0000 0.4929 0.8701
vn 0.0000 0.4921 0.8705
vn 0.0000 0.7412 0.6713
vn -0.0000 0.7625 0.6470
vn 0.0000 0.7267 0.6870
vn -0.0000 0.7845 0.6201
vn 0.0000 0.7799 0.6259
vn 0.0000 0.8320 0.5548
vn -0.0000 0.8685 0.4957
vn 0.0000 0.8905 0.4550
vn 0.0000 0.9140 0.4058
vn -0.0000 0.9029 0.4298
vn 0.0001 0.9370 0.3492
vn -0.0000 0.9619 0.2734
vn -0.0000 0.9710 0.2389
vn 0.0000 0.9710 0.2389
vn 0.0000 0.9835 0.1811
vn -0.0000 0.9653 0.2610
vn -0.0000 0.9646 0.2638
vn -0.0000 0.9711 0.2389
vn -0.0000 0.9710 0.2389
vn 0.0000 0.9878 0.1555
vn 0.0000 0.9662 0.2579
vn 0.0000 0.9716 0.2367
vn -0.0000 0.9710 0.2389
vn -0.0000 0.9581 0.2866
vn 0.0000 0.9603 0.2788
vn 0.0000 0.9919 0.1269
vn 0.0000 0.9918 0.1277
vn 0.0000 0.9769 0.2139
vn -0.0000 0.9804 0.1970
vn -0.0000 0.8507 0.5257
vn -0.0000 0.8904 0.4551
vn -0.0000 0.8506 0.5258
vn 0.0000 0.9029 0.4298
vn 0.0000 0.9029 0.4298
vn 0.0000 0.8321 0.5547
vn -0.0000 0.8905 0.4550
vn -0.0000 0.8606 0.5093
vn 0.0000 0.7887 0.6147
vn 0.0000 0.7942 0.6077
vn 0.0000 0.7625 0.6470
vn 0.0000 0.7215 0.6924
vn 0.0000 0.7322 0.6811
vn 0.0000 0.7625 0.6470
vn 0.0000 0.7120 0.7021
vn 0.0000 0.7819 0.6234
vn 0.0000 0.9029 0.4298
vn -0.0000 0.8507 0.5257
vn 0.0000 0.8904 0.4551
vn 0.0000 0.9029 0.4298
vn 0.0000 0.9529 0.3033
vn 0.0000 0.9497 0.3131
vn 0.0000 0.9368 0.3500
vn 0.0000 0.9370 0.3492
vn -0.0000 0.7625 0.6470
vn 0.0000 0.6831 0.7304
vn 0.0001 0.7649 0.6441
vn -0.0000 0.8506 0.5258
vn -0.0000 0.7913 0.6114
vn -0.0000 0.7199 0.6941
vn 0.0000 0.7412 0.6713
vn -0.0000 0.7625 0.6470
vn 0.0000 0.7266 0.6870
vn 0.0000 0.7897 0.6135
vn -0.0000 0.7845 0.6201
vn -0.0000 0.8320 0.5548
vn -0.0000 0.8685 0.4957
vn 0.0000 0.8905 0.4550
vn 0.0000 0.9140 0.4058
vn -0.0000 0.9029 0.4298
vn 0.0000 0.9370 0.3492
vn -0.0000 0.9619 0.2734
vn -0.0000 0.9710 0.2389
vn 0.0000 0.9710 0.2389
vn -0.0000 0.9835 0.1811
vn -0.0000 0.9653 0.2610
vn -0.0000 0.9646 0.2638
vn 0.0000 0.9710 0.2389
vn 0.0000 0.9710 0.2389
vn 0.0000 0.9878 0.1555
vn -0.0000 0.9662 0.2579
vn -0.0000 0.9716 0.2368
vn -0.0000 0.9710 0.2389
vn -0.0000 0.9581 0.2866
vn -0.0000 0.9604 0.2788
vn -0.0000 0.9919 0.1269
vn -0.0000 0.9918 0.1278
vn -0.0000 0.9769 0.2139
vn -0.0000 0.9804 0.1969
vn -0.0000 0.8506 0.5258
vn 0.0000 0.8904 0.4551
vn -0.0000 0.8506 0.5258
vn 0.0000 0.9029 0.4298
vn 0.0000 0.9029 0.4298
vn -0.0001 0.8320 0.5547
vn 0.0000 0.8905 0.4550
vn 0.0000 0.8606 0.5093
vn -0.0000 0.7887 0.6148
vn 0.0000 0.7942 0.6077
vn 0.0000 0.7625 0.6470
vn 0.0000 0.7322 0.6811
vn 0.0013 0.7214 0.6925
vn -0.0000 0.6872 0.7265
vn -0.0000 0.6861 0.7275
vn -0.0000 0.7625 0.6470
vn 0.0000 0.7820 0.6233
vn 0.0000 0.9029 0.4298
vn -0.0000 0.8506 0.5258
vn 0.0000 0.8905 0.4551
vn 0.0000 0.9029 0.4298
vn 0.0000 0.9529 0.3033
vn 0.0000 0.9497 0.3131
vn -0.0000 0.9368 0.3499
vn 0.0000 0.9371 0.3491
vn 0.0000 0.7625 0.6470
vn 0.0000 0.6830 0.7304
vn -0.0000 0.7649 0.6441
vn -0.0000 0.8506 0.5258
vn -0.0000 0.7913 0.6115
vn -0.0000 0.7199 0.6941
vn -0.0000 0.6933 0.7207
vn -0.0000 0.7606 0.6492
vn 0.0001 0.7607 0.6491
vn -0.0000 0.7626 0.6468
vn 0.0000 0.8008 0.5989
vn -0.0000 0.7953 0.6062
vn 0.0000 0.8865 0.4627
vn -0.0000 0.8289 0.5594
vn 0.0000 0.8289 0.5594
vn 0.0000 0.9330 0.3599
vn 0.0000 0.8866 0.4626
vn 0.0000 0.9330 0.3599
vn 0.0000 0.9676 0.2526
vn 0.0000 0.9898 0.1421
vn 0.0000 0.9898 0.1421
vn -0.0000 0.9898 0.1421
vn 0.0000 0.9676 0.2526
vn 0.0000 0.6932 0.7208
vn -0.0001 0.6936 0.7204
vn -0.0000 0.7607 0.6491
vn -0.0000 0.7458 0.6662
vn -0.0000 0.7607 0.6492
vn -0.0000 0.7779 0.6284
vn 0.0000 0.7759 0.6308
vn -0.0000 0.8417 0.5399
vn 0.0000 0.8562 0.5166
vn 0.0000 0.7607 0.6491
vn -0.0000 0.5762 0.8173
vn 0.0000 0.6689 0.7434
vn -0.0000 0.5762 0.8173
vn 0.0000 0.7522 0.6590
vn 0.0000 0.7522 0.6589
vn 0.0000 0.6933 0.7207
vn 0.0000 0.7738 0.6335
vn 0.0000 0.7738 0.6335
vn -0.0000 0.8249 0.5653
vn -0.0000 0.7737 0.6335
vn 0.0000 0.8861 0.4636
vn -0.0000 0.8249 0.5652
vn 0.0000 0.9347 0.3554
vn 0.0000 0.8861 0.4636
vn 0.0000 0.9347 0.3554
vn 0.0000 0.9613 0.2755
vn -0.0000 0.9702 0.2422
vn 0.0000 0.9815 0.1913
vn 0.0000 0.9635 0.2678
vn 0.0000 0.9627 0.2704
vn -0.0000 0.9702 0.2422
vn -0.0000 0.9911 0.1335
vn 0.0000 0.9491 0.3151
vn 0.0000 0.9430 0.3327
vn 0.0000 0.9347 0.3554
vn -0.0000 0.7736 0.6337
vn 0.0000 0.7522 0.6589
vn -0.0000 0.6933 0.7207
vn 0.0000 0.6933 0.7207
vn 0.0000 0.5762 0.8173
vn 0.0000 0.6689 0.7434
vn 0.0000 0.6933 0.7207
vn -0.0000 0.7606 0.6492
vn 0.0000 0.7607 0.6492
vn 0.0000 0.7951 0.6065
vn 0.0000 0.7901 0.6129
vn 0.0000 0.8865 0.4627
vn 0.0000 0.8289 0.5594
vn 0.0000 0.8289 0.5594
vn 0.0000 0.9330 0.3599
vn 0.0000 0.8866 0.4626
vn 0.0000 0.9675 0.2528
vn 0.0000 0.9330 0.3599
vn 0.0000 0.9897 0.1429
vn 0.0000 0.9675 0.2528
vn 0.0000 0.9897 0.1429
vn -0.0000 0.9897 0.1429
vn 0.0000 0.9675 0.2528
vn -0.0000 0.7606 0.6492
vn -0.0000 0.7606 0.6492
vn -0.0000 0.6940 0.7200
vn -0.0000 0.7953 0.6063
vn -0.0000 0.8010 0.5986
vn 0.0001 0.7606 0.6492
vn -0.0000 0.6991 0.7150
vn 0.0000 0.6977 0.7164
vn -0.0000 0.8328 0.5536
vn 0.0000 0.8289 0.5594
vn 0.0000 0.8866 0.4626
vn 0.0000 0.9330 0.3599
vn 0.0000 0.8866 0.4626
vn 0.0000 0.9676 0.2526
vn -0.0000 0.9898 0.1421
vn 0.0000 0.9676 0.2526
vn 0.0000 0.9898 0.1421
vn 0.0000 0.9898 0.1421
vn 0.0000 0.7649 0.6442
vn 0.0000 0.7609 0.6489
vn -0.0000 0.8456 0.5338
vn -0.0000 0.6861 0.7275
vn -0.0000 0.7701 0.6379
vn -0.0000 0.7691 0.6392
vn 0.0000 0.8423 0.5390
vn -0.0000 0.8545 0.5194
vn 0.0000 0.7585 0.6517
vn -0.0000 0.5140 0.8578
vn 0.0000 0.6202 0.7845
vn -0.0000 0.5140 0.8578
vn 0.0000 0.6202 0.7845
vn 0.0000 0.7161 0.6980
vn 0.0000 0.7161 0.6980
vn 0.0000 0.8000 0.6000
vn 0.0000 0.7161 0.6980
vn 0.0000 0.8706 0.4919
vn 0.0000 0.8000 0.6000
vn 0.0000 0.8706 0.4919
vn 0.0000 0.9119 0.4105
vn -0.0000 0.9267 0.3757
vn 0.0000 0.9421 0.3354
vn -0.0000 0.9376 0.3476
vn -0.0000 0.9674 0.2532
vn -0.0000 0.9674 0.2531
vn 0.0000 0.9916 0.1296
vn -0.0000 0.9674 0.2532
vn 0.0000 0.9589 0.2836
vn 0.0000 0.9611 0.2761
vn 0.0000 0.9674 0.2532
vn -0.0000 0.9674 0.2532
vn -0.0000 0.9827 0.1854
vn 0.0001 0.9329 0.3601
vn -0.0000 0.9267 0.3757
vn 0.0000 0.9268 0.3757
vn -0.0000 0.9095 0.4157
vn -0.0000 0.8962 0.4437
vn -0.0000 0.8706 0.4919
vn -0.0000 0.8000 0.6000
vn 0.0000 0.8706 0.4919
vn 0.0000 0.8000 0.6000
vn 0.0000 0.7161 0.6980
vn 0.0000 0.7161 0.6980
vn 0.0000 0.6202 0.7845
vn 0.0000 0.7161 0.6980
vn -0.0000 0.5140 0.8578
vn 0.0000 0.6202 0.7845
vn -0.0000 0.5140 0.8578
vn 0.0000 0.5140 0.8578
vn 0.0000 0.6202 0.7845
vn 0.0000 0.8000 0.6000
vn -0.0002 0.8706 0.4919
vn -0.0000 0.9118 0.4106
vn -0.0000 0.9706 0.2409
vn 0.0000 0.9674 0.2533
vn 0.0000 0.9421 0.3353
vn -0.0000 0.9461 0.3238
vn -0.0000 0.9916 0.1296
vn -0.0000 0.9874 0.1581
vn -0.0000 0.9898 0.1426
vn 0.0000 0.9755 0.2202
vn 0.0000 0.9788 0.2047
vn 0.0000 0.9611 0.2762
vn 0.0000 0.9589 0.2836
vn 0.0000 0.9583 0.2857
vn -0.0000 0.9095 0.4157
vn -0.0000 0.8962 0.4437
vn -0.0001 0.8706 0.4919
vn 0.0000 0.8000 0.6000
vn 0.0000 0.6202 0.7845
vn 0.0000 0.5140 0.8578
vn -0.0000 -0.4782 0.8783
vn 0.0000 -0.4672 0.8841
vn -0.0000 -0.5228 0.8525
vn 0.0000 -0.5744 0.8186
vn 0.0000 -0.5808 0.8141
vn 0.0000 -0.5228 0.8525
vn 0.0000 -0.5424 0.8401
vn -0.0000 -0.5437 0.8393
vn -0.0001 -0.5229 0.8524
vn -0.0000 -0.5594 0.8289
vn -0.0000 -0.5529 0.8332
vn 0.0000 -0.5228 0.8525
vn -0.0000 -0.6203 0.7844
vn -0.0000 -0.5968 0.8024
vn -0.0000 -0.7173 0.6968
vn 0.0000 -0.7173 0.6968
vn 0.0000 -0.7068 0.7074
vn -0.0000 -0.7173 0.6967
vn 0.0000 -0.7587 0.6515
vn -0.0000 -0.8044 0.5941
vn -0.0000 -0.8470 0.5316
vn -0.0001 -0.7985 0.6019
vn 0.0000 -0.8857 0.4643
vn -0.0000 -0.9035 0.4286
vn -0.0001 -0.8673 0.4977
vn 0.0000 -0.9467 0.3222
vn -0.0000 -0.9577 0.2878
vn 0.0000 -0.9226 0.3857
vn 0.0000 -0.9738 0.2276
vn -0.0000 -0.9635 0.2678
vn 0.0000 -0.9666 0.2561
vn 0.0000 -0.9793 0.2024
vn 0.0000 -0.9833 0.1820
vn -0.0000 -0.9635 0.2678
vn 0.0000 -0.9879 0.1550
vn 0.0000 -0.9890 0.1482
vn -0.0000 -0.9873 0.1588
vn -0.0000 -0.9854 0.1705
vn -0.0000 -0.9635 0.2677
vn -0.0000 -0.9788 0.2046
vn -0.0000 -0.9740 0.2264
vn -0.0000 -0.9635 0.2678
vn 0.0000 -0.9680 0.2510
vn 0.0000 -0.9635 0.2678
vn -0.0000 -0.9606 0.2780
vn 0.0000 -0.9412 0.3378
vn -0.0000 -0.9226 0.3858
vn 0.0000 -0.8929 0.4502
vn -0.0000 -0.9101 0.4144
vn -0.0000 -0.8734 0.4871
vn 0.0000 -0.8827 0.4700
vn -0.0000 -0.8673 0.4977
vn -0.0000 -0.7986 0.6019
vn -0.0000 -0.8518 0.5239
vn -0.0000 -0.8518 0.5239
vn -0.0000 -0.7986 0.6019
vn 0.0000 -0.7986 0.6019
vn -0.0000 -0.8518 0.5239
vn 0.0000 -0.7650 0.6440
vn 0.0000 -0.7650 0.6440
vn -0.0000 -0.7986 0.6019
vn 0.0000 -0.7650 0.6441
vn 0.0000 -0.7986 0.6019
vn 0.0000 -0.7650 0.6441
vn 0.0000 -0.8673 0.4977
vn 0.0000 -0.8469 0.5317
vn -0.0000 -0.8842 0.4672
vn 0.0000 -0.9157 0.4018
vn 0.0000 -0.9308 0.3656
vn -0.0000 -0.9360 0.3520
vn 0.0000 -0.9489 0.3155
vn 0.0000 -0.9503 0.3113
vn -0.0000 -0.9482 0.3178
vn 0.0000 -0.9454 0.3259
vn 0.0000 -0.9339 0.3575
vn -0.0000 -0.9309 0.3652
vn 0.0000 -0.9078 0.4195
vn -0.0000 -0.8982 0.4396
vn 0.0000 -0.8556 0.5177
vn 0.0000 -0.8319 0.5549
vn -0.0000 -0.7812 0.6242
vn 0.0000 -0.7546 0.6562
vn -0.0000 -0.7107 0.7035
vn 0.0000 -0.6617 0.7498
vn -0.0000 -0.6249 0.7807
vn 0.0000 -0.6725 0.7401
vn -0.0000 -0.6458 0.7635
vn -0.0000 -0.5654 0.8248
vn -0.0000 -0.6128 0.7903
vn -0.0000 -0.5214 0.8533
vn 0.0000 -0.5227 0.8525
vn -0.0000 -0.4518 0.8921
vn -0.0000 -0.4824 0.8760
vn -0.0000 -0.5227 0.8525
vn -0.0000 -0.4181 0.9084
vn 0.0000 -0.4272 0.9041
vn 0.0000 -0.4131 0.9107
vn 0.0000 -0.4147 0.9100
vn -0.0000 -0.6425 0.7663
vn 0.0000 -0.6594 0.7518
vn 0.0000 -0.6469 0.7625
vn 0.0000 -0.6249 0.7807
vn 0.0000 -0.6249 0.7807
vn 0.0000 -0.4335 0.9012
vn -0.0000 -0.4228 0.9062
vn -0.0000 -0.5461 0.8377
vn -0.0000 -0.6808 0.7325
vn -0.0000 -0.6645 0.7473
vn 0.0000 -0.7136 0.7005
vn -0.0000 -0.7423 0.6701
vn -0.0000 -0.7474 0.6644
vn 0.0000 -0.7137 0.7005
vn 0.0001 -0.7158 0.6983
vn 0.0000 -0.7180 0.6960
vn 0.0000 -0.7137 0.7005
vn 0.0000 -0.7397 0.6729
vn -0.0000 -0.7325 0.6808
vn 0.0000 -0.7961 0.6052
vn 0.0000 -0.7960 0.6053
vn -0.0000 -0.7946 0.6072
vn -0.0000 -0.8108 0.5853
vn 0.0000 -0.8448 0.5351
vn -0.0001 -0.8657 0.5005
vn -0.0000 -0.8771 0.4804
vn 0.0000 -0.9068 0.4215
vn 0.0000 -0.9449 0.3274
vn -0.0000 -0.9549 0.2969
vn -0.0002 -0.9218 0.3876
vn -0.0000 -0.9710 0.2390
vn -0.0000 -0.9768 0.2143
vn -0.0000 -0.9632 0.2689
vn -0.0000 -0.9845 0.1752
vn 0.0000 -0.9868 0.1617
vn 0.0000 -0.9632 0.2689
vn 0.0000 -0.9891 0.1472
vn -0.0000 -0.9885 0.1509
vn -0.0000 -0.9632 0.2688
vn -0.0000 -0.9854 0.1704
vn -0.0000 -0.9829 0.1839
vn 0.0000 -0.9655 0.2604
vn 0.0000 -0.9632 0.2689
vn 0.0000 -0.9759 0.2182
vn -0.0000 -0.9512 0.3086
vn 0.0000 -0.9466 0.3223
vn 0.0000 -0.9218 0.3877
vn 0.0000 -0.9163 0.4005
vn 0.0000 -0.9217 0.3878
vn 0.0001 -0.8657 0.5005
vn -0.0000 -0.8761 0.4821
vn 0.0000 -0.8934 0.4493
vn -0.0000 -0.9240 0.3823
vn -0.0000 -0.9218 0.3877
vn -0.0000 -0.9327 0.3606
vn 0.0000 -0.9099 0.4148
vn 0.0000 -0.8827 0.4699
vn -0.0000 -0.9436 0.3311
vn 0.0000 -0.9475 0.3198
vn 0.0000 -0.9558 0.2941
vn 0.0000 -0.9546 0.2978
vn -0.0000 -0.9449 0.3275
vn 0.0000 -0.9393 0.3431
vn -0.0000 -0.9103 0.4140
vn -0.0000 -0.8929 0.4502
vn -0.0000 -0.8552 0.5183
vn -0.0000 -0.8352 0.5499
vn -0.0000 -0.7762 0.6305
vn 0.0000 -0.7420 0.6704
vn 0.0000 -0.7095 0.7047
vn -0.0000 -0.6801 0.7331
vn -0.0000 -0.6361 0.7716
vn 0.0000 -0.6553 0.7554
vn 0.0000 -0.7136 0.7005
vn 0.0000 -0.6211 0.7837
vn -0.0000 -0.6200 0.7846
vn 0.0002 -0.7960 0.6053
vn 0.0000 -0.8154 0.5789
vn -0.0000 -0.8370 0.5472
vn -0.0000 -0.8515 0.5244
vn -0.0000 -0.8165 0.5774
vn -0.0000 -0.6390 0.7692
vn 0.0000 -0.6304 0.7763
vn 0.0000 -0.7381 0.6747
vn -0.0000 -0.7178 0.6963
vn 0.9497 0.2213 0.2217
vn 0.9795 0.1426 0.1426
vn 0.9795 0.1426 0.1426
vn 0.9041 0.3021 0.3021
vn 0.9042 0.3020 0.3020
vn 0.8988 0.3100 0.3100
vn 0.8567 0.3647 0.3647
vn 0.9042 0.3020 0.3020
vn 0.8348 0.3893 0.3893
vn 0.8408 0.3828 0.3828
vn 0.7450 0.4717 0.4717
vn 0.8348 0.3893 0.3893
vn 0.6396 0.5436 0.5436
vn 0.7450 0.4717 0.4717
vn 0.6396 0.5436 0.5436
vn 0.6248 0.5521 0.5521
vn 0.5615 0.5851 0.5852
vn 0.4106 0.6447 0.6447
vn 0.5180 0.6049 0.6048
vn 0.5261 0.6014 0.6013
vn 0.2931 0.6761 0.6761
vn 0.4106 0.6448 0.6448
vn 0.2144 0.6907 0.6907
vn 0.1863 0.6947 0.6947
vn 0.2930 0.6761 0.6761
vn 0.0864 0.7045 0.7045
vn 0.0898 0.7042 0.7043
vn -0.0786 0.7049 0.7049
vn 0.0015 0.7071 0.7071
vn -0.0382 0.7066 0.7066
vn -0.2154 0.6905 0.6905
vn -0.1471 0.6994 0.6994
vn -0.1609 0.6979 0.6979
vn -0.3221 0.6694 0.6694
vn -0.2425 0.6860 0.6860
vn -0.2674 0.6814 0.6814
vn -0.5074 0.6093 0.6093
vn -0.4858 0.6181 0.6181
vn -0.5301 0.5996 0.5996
vn -0.5301 0.5996 0.5996
vn -0.6504 0.5371 0.5371
vn -0.7506 0.4672 0.4672
vn -0.6705 0.5246 0.5246
vn -0.6844 0.5156 0.5156
vn -0.8311 0.3932 0.3932
vn -0.7506 0.4672 0.4672
vn -0.8311 0.3932 0.3932
vn -0.8787 0.3376 0.3376
vn -0.8984 0.3106 0.3105
vn -0.8673 0.3520 0.3521
vn -0.9319 0.2566 0.2565
vn -0.9471 0.2269 0.2269
vn -0.9472 0.2266 0.2271
vn -0.9775 0.1493 0.1493
vn -0.9781 0.1473 0.1473
vn -0.9663 0.1819 0.1819
vn -0.9780 0.1474 0.1473
vn -0.9972 0.0526 0.0526
vn -0.9997 0.0183 0.0183
vn -0.9999 -0.0076 -0.0076
vn -0.9999 -0.0076 -0.0076
vn -0.9999 -0.0118 -0.0119
vn -0.9946 -0.0733 -0.0735
vn -0.9946 -0.0733 -0.0732
vn -0.9777 -0.1485 -0.1486
vn -0.9715 -0.1676 -0.1676
vn -0.9481 -0.2249 -0.2247
vn -0.9482 -0.2247 -0.2247
vn -0.9014 -0.3061 -0.3061
vn -0.8358 -0.3882 -0.3882
vn -0.8358 -0.3883 -0.3882
vn -0.8892 -0.3235 -0.3235
vn -0.7483 -0.4691 -0.4690
vn -0.8213 -0.4034 -0.4034
vn -0.6456 -0.5400 -0.5400
vn -0.7484 -0.4690 -0.4690
vn -0.5355 -0.5972 -0.5972
vn -0.6454 -0.5402 -0.5400
vn -0.4154 -0.6432 -0.6432
vn -0.4154 -0.6432 -0.6432
vn -0.5329 -0.5984 -0.5984
vn -0.3351 -0.6662 -0.6662
vn -0.2983 -0.6749 -0.6749
vn -0.1850 -0.6949 -0.6949
vn -0.2983 -0.6749 -0.6749
vn -0.0882 -0.7043 -0.7044
vn -0.0882 -0.7043 -0.7044
vn -0.0931 -0.7040 -0.7041
vn -0.0667 -0.7055 -0.7055
vn 0.0000 -0.7071 -0.7071
vn 0.1629 -0.6977 -0.6976
vn 0.1635 -0.6975 -0.6977
vn -0.0000 -0.7073 -0.7069
vn 0.3246 -0.6688 -0.6688
vn 0.2151 -0.6906 -0.6906
vn 0.2912 -0.6765 -0.6765
vn 0.3906 -0.6509 -0.6509
vn 0.4671 -0.6252 -0.6252
vn 0.5923 -0.5697 -0.5698
vn 0.5923 -0.5697 -0.5697
vn 0.5057 -0.6100 -0.6100
vn 0.6543 -0.5347 -0.5347
vn 0.7037 -0.5024 -0.5024
vn 0.7940 -0.4299 -0.4299
vn 0.7940 -0.4298 -0.4298
vn 0.7729 -0.4486 -0.4487
vn 0.8192 -0.4055 -0.4055
vn 0.8679 -0.3513 -0.3513
vn 0.9175 -0.2812 -0.2812
vn 0.9254 -0.2679 -0.2679
vn 0.9031 -0.3036 -0.3036
vn 0.9645 -0.1868 -0.1868
vn 0.9254 -0.2679 -0.2679
vn 0.9811 -0.1366 -0.1367
vn 0.9645 -0.1868 -0.1868
vn 0.9729 -0.1634 -0.1634
vn 0.9972 -0.0525 -0.0525
vn 1.0000 0.0032 0.0032
vn 0.9889 -0.1050 -0.1050
vn 0.9950 0.0706 0.0706
vn 1.0000 0.0032 0.0032
vn -0.8605 0.3603 0.3603
vn -0.8311 0.3932 0.3932
vn -0.7736 0.4481 0.4481
vn -0.7238 0.4879 0.4879
vn -0.7506 0.4672 0.4672
vn 0.9498 0.2213 0.2213
vn 0.9942 0.0761 0.0761
vn 0.9950 0.0707 0.0706
vn 0.9878 0.1103 0.1102
vn 0.9922 0.0884 0.0884
vn 0.9795 0.1426 0.1426
vn 0.9550 0.2098 0.2098
vn -0.0000 -0.4791 0.8778
vn 0.0000 -0.4605 0.8876
vn -0.0000 -0.5208 0.8537
vn 0.0000 -0.5585 0.8295
vn 0.0000 -0.5637 0.8260
vn -0.0000 -0.5208 0.8537
vn -0.0000 -0.5426 0.8400
vn 0.0000 -0.5393 0.8421
vn 0.0000 -0.5207 0.8537
vn 0.0000 -0.5780 0.8161
vn 0.0000 -0.5687 0.8226
vn 0.0000 -0.6212 0.7837
vn 0.0000 -0.6212 0.7837
vn 0.0000 -0.6333 0.7739
vn 0.0000 -0.6459 0.7634
vn 0.0000 -0.6217 0.7832
vn 0.0000 -0.5468 0.8373
vn -0.0000 -0.5888 0.8083
vn 0.0000 -0.5076 0.8616
vn 0.0000 -0.5207 0.8537
vn 0.0000 -0.4588 0.8885
vn 0.0000 -0.4734 0.8808
vn -0.0000 -0.4158 0.9095
vn 0.0000 -0.4267 0.9044
vn -0.0000 -0.6212 0.7837
vn -0.0000 -0.6385 0.7696
vn -0.0000 -0.6528 0.7575
vn 0.0000 -0.7423 0.6701
vn -0.0000 -0.7493 0.6622
vn 0.0000 -0.7927 0.6096
vn 0.0000 -0.8542 0.5200
vn -0.0000 -0.8516 0.5242
vn -0.0000 -0.7927 0.6096
vn -0.0000 -0.8613 0.5081
vn 0.0000 -0.8761 0.4821
vn -0.0000 -0.9169 0.3990
vn -0.0000 -0.9588 0.2840
vn -0.0000 -0.9169 0.3990
vn 0.0000 -0.9248 0.3805
vn 0.0000 -0.9588 0.2840
vn -0.0000 -0.9864 0.1646
vn -0.0000 -0.9864 0.1646
vn -0.0000 -0.9864 0.1646
vn -0.0000 -0.9588 0.2840
vn 0.0000 -0.9864 0.1646
vn 0.0000 -0.9588 0.2840
vn 0.0000 -0.9482 0.3176
vn -0.0001 -0.9532 0.3024
vn 0.0000 -0.9482 0.3177
vn 0.0000 -0.9482 0.3176
vn 0.0000 -0.9482 0.3176
vn 0.0000 -0.9588 0.2840
vn 0.0000 -0.9864 0.1646
vn 0.0000 -0.9588 0.2840
vn -0.0000 -0.9565 0.2917
vn -0.0000 -0.9170 0.3990
vn -0.0001 -0.9482 0.3177
vn -0.0000 -0.8612 0.5082
vn -0.0000 -0.9050 0.4254
vn -0.0000 -0.8613 0.5081
vn 0.0000 -0.8184 0.5747
vn -0.0000 -0.8104 0.5859
vn -0.0000 -0.8331 0.5531
vn -0.0000 -0.7748 0.6322
vn 0.0000 -0.7895 0.6137
vn -0.0000 -0.7574 0.6530
vn -0.0000 -0.7247 0.6891
vn 0.0000 -0.7123 0.7019
vn -0.0000 -0.6673 0.7448
vn -0.0000 -0.6435 0.7654
vn -0.0000 -0.4173 0.9088
vn 0.0000 -0.4137 0.9104
vn 0.0000 -0.5207 0.8537
vn 0.0000 -0.5712 0.8208
vn -0.0000 -0.5469 0.8372
vn 0.4583 0.8681 0.1907
vn 0.4536 0.8672 0.2052
vn 0.4547 0.8665 0.2057
vn 0.4431 0.8711 0.2117
vn 0.4373 0.8767 0.2005
vn 0.4422 0.8708 0.2149
vn 0.4400 0.8669 0.2343
vn 0.4407 0.8687 0.2261
vn 0.4349 0.8711 0.2283
vn 0.4392 0.8624 0.2517
vn 0.4326 0.8652 0.2537
vn 0.4388 0.8599 0.2607
vn 0.4332 0.8464 0.3098
vn 0.4333 0.8461 0.3105
vn 0.4363 0.8529 0.2868
vn 0.4117 0.8834 0.2237
vn 0.4119 0.8819 0.2293
vn 0.4147 0.8747 0.2508
vn 0.4128 0.8855 0.2134
vn 0.4142 0.8837 0.2178
vn 0.4138 0.8860 0.2091
vn 0.4265 0.8773 0.2200
vn 0.4282 0.8778 0.2149
vn 0.4158 0.8863 0.2039
vn 0.4120 0.8885 0.2020
vn 0.4134 0.8876 0.2033
vn 0.4112 0.8928 0.1842
vn 0.4099 0.8940 0.1810
vn 0.4141 0.8874 0.2024
vn 0.4121 0.8923 0.1842
vn 0.4312 0.8788 0.2043
vn 0.4297 0.8826 0.1907
vn 0.4277 0.8837 0.1902
vn 0.4195 0.8762 0.2371
vn 0.4220 0.8766 0.2314
vn 0.4124 0.8693 0.2726
vn 0.4126 0.8706 0.2681
vn 0.4155 0.8706 0.2636
vn 0.4141 0.8494 0.3272
vn 0.4176 0.8564 0.3037
vn 0.4167 0.8575 0.3019
vn 0.4255 0.8530 0.3024
vn 0.4250 0.8527 0.3038
vn 0.4253 0.8449 0.3244
vn 0.4293 0.8558 0.2887
vn 0.4282 0.8566 0.2880
vn 0.4279 0.8560 0.2902
vn 0.4102 0.8551 0.3172
vn 0.4108 0.8537 0.3200
vn 0.4129 0.8629 0.2914
vn 0.4134 0.8627 0.2913
vn 0.4132 0.8634 0.2894
vn 0.6403 0.6936 0.3300
vn 0.6605 0.6683 0.3423
vn 0.6556 0.6652 0.3573
vn 0.6643 0.6739 0.3235
vn 0.6771 0.6460 0.3525
vn 0.6556 0.6652 0.3572
vn 0.6647 0.6734 0.3236
vn 0.6916 0.6326 0.3487
vn 0.6981 0.6711 0.2497
vn 0.6793 0.6979 0.2269
vn 0.7097 0.6609 0.2441
vn 0.6496 0.7356 0.1919
vn 0.6758 0.7054 0.2139
vn 0.6483 0.7272 0.2258
vn 0.6499 0.7055 0.2828
vn 0.6716 0.6809 0.2922
vn 0.6685 0.6773 0.3072
vn 0.6736 0.6862 0.2745
vn 0.6900 0.6585 0.3005
vn 0.6741 0.6857 0.2746
vn 0.7031 0.6467 0.2958
vn 0.6553 0.7171 0.2374
vn 0.6782 0.6932 0.2440
vn 0.6763 0.6897 0.2587
vn 0.6789 0.6983 0.2268
vn 0.6762 0.6898 0.2587
vn 0.6686 0.6773 0.3071
vn 0.6521 -0.6037 0.4586
vn 0.6678 -0.6136 0.4214
vn 0.6317 -0.6470 0.4270
vn 0.6231 -0.6416 0.4474
vn 0.6313 -0.6474 0.4270
vn 0.6071 -0.6678 0.4306
vn 0.5959 -0.6767 0.4324
vn 0.5798 -0.6665 0.4686
vn 0.6154 -0.6376 0.4634
vn 0.6158 -0.6373 0.4633
vn 0.6354 -0.6197 0.4608
vn 0.6747 -0.6184 0.4030
vn 0.6866 -0.6279 0.3666
vn 0.6508 -0.6605 0.3744
vn 0.6444 -0.6556 0.3936
vn 0.6505 -0.6609 0.3743
vn 0.6262 -0.6813 0.3792
vn 0.6155 -0.6899 0.3811
vn 0.6030 -0.6813 0.4150
vn 0.6385 -0.6517 0.4093
vn 0.6389 -0.6514 0.4093
vn 0.6590 -0.6332 0.4059
vn 0.6302 -0.7017 0.3323
vn 0.6209 -0.6940 0.3646
vn 0.6556 -0.6653 0.3573
vn 0.6782 -0.6932 0.2440
vn 0.6787 -0.6984 0.2270
vn 0.6553 -0.7171 0.2374
vn 0.6432 -0.7164 0.2704
vn 0.6763 -0.6897 0.2586
vn 0.6715 -0.6809 0.2923
vn 0.6737 -0.6861 0.2746
vn 0.6499 -0.7055 0.2828
vn 0.7031 -0.6467 0.2958
vn 0.7080 -0.6561 0.2612
vn 0.6742 -0.6856 0.2746
vn 0.6687 -0.6771 0.3073
vn 0.6900 -0.6585 0.3005
vn 0.6406 -0.7128 0.2856
vn 0.6341 -0.7055 0.3166
vn 0.6685 -0.6773 0.3074
vn 0.6916 -0.6326 0.3487
vn 0.6998 -0.6419 0.3133
vn 0.6646 -0.6735 0.3236
vn 0.6604 -0.6685 0.3420
vn 0.6556 -0.6653 0.3571
vn 0.6770 -0.6460 0.3526
vn 0.6641 -0.6740 0.3235
vn 0.6403 -0.6936 0.3300
vn 0.7097 -0.6609 0.2441
vn 0.7114 -0.6705 0.2104
vn 0.6792 -0.6980 0.2270
vn 0.6763 -0.6897 0.2585
vn 0.6981 -0.6710 0.2497
vn 0.6758 -0.7054 0.2139
vn 0.6496 -0.7356 0.1919
vn 0.6482 -0.7272 0.2259
vn 0.6118 0.5820 0.5357
vn 0.5812 0.6081 0.5407
vn 0.5820 0.6084 0.5396
vn 0.5817 0.6087 0.5395
vn 0.5941 0.5732 0.5643
vn 0.5642 0.5991 0.5681
vn 0.5823 0.6522 0.4854
vn 0.5956 0.6258 0.5037
vn 0.5861 0.6211 0.5203
vn 0.6064 0.6323 0.4821
vn 0.6053 0.6044 0.5180
vn 0.6068 0.6320 0.4821
vn 0.6231 0.5877 0.5161
vn 0.5865 0.6208 0.5202
vn 0.6262 0.6813 0.3792
vn 0.6444 0.6557 0.3935
vn 0.6385 0.6517 0.4094
vn 0.6590 0.6332 0.4059
vn 0.6389 0.6513 0.4094
vn 0.6509 0.6604 0.3744
vn 0.6747 0.6184 0.4030
vn 0.6506 0.6607 0.3745
vn 0.6314 0.6473 0.4270
vn 0.6231 0.6416 0.4473
vn 0.6071 0.6678 0.4306
vn 0.6354 0.6197 0.4608
vn 0.6317 0.6470 0.4270
vn 0.6521 0.6037 0.4586
vn 0.6157 0.6374 0.4633
vn 0.6154 0.6376 0.4634
vn 0.4585 0.8579 0.2318
vn 0.4574 0.8562 0.2400
vn 0.4702 0.8520 0.2303
vn 0.4634 0.8650 0.1925
vn 0.4630 0.8653 0.1923
vn 0.4588 0.8624 0.2140
vn 0.4545 0.8526 0.2577
vn 0.4527 0.8507 0.2671
vn 0.4617 0.8463 0.2658
vn 0.4465 0.8385 0.3123
vn 0.4457 0.8461 0.2923
vn 0.4448 0.8461 0.2938
vn 0.4350 0.8421 0.3187
vn 0.4395 0.8482 0.2956
vn 0.4390 0.8489 0.2943
vn 0.4382 0.8527 0.2843
vn 0.4381 0.8543 0.2797
vn 0.5521 -0.6315 0.5445
vn 0.5642 -0.5991 0.5681
vn 0.5813 -0.6081 0.5406
vn 0.5941 -0.5732 0.5643
vn 0.6231 -0.5877 0.5161
vn 0.6432 -0.5985 0.4776
vn 0.6067 -0.6321 0.4820
vn 0.5955 -0.6257 0.5038
vn 0.6063 -0.6324 0.4821
vn 0.5823 -0.6522 0.4854
vn 0.5708 -0.6609 0.4872
vn 0.5501 -0.6482 0.5265
vn 0.5860 -0.6212 0.5203
vn 0.5864 -0.6208 0.5203
vn 0.6053 -0.6044 0.5180
vn 0.6119 -0.5820 0.5357
vn 0.5821 -0.6083 0.5396
vn 1.0000 -0.0000 0.0000
vn 1.0000 0.0000 -0.0002
vn 1.0000 0.0000 -0.0000
vn 1.0000 0.0000 -0.0000
vn 1.0000 -0.0000 0.0000
vn 1.0000 0.0000 -0.0000
vn 1.0000 0.0000 -0.0000
vn 1.0000 -0.0000 0.0000
vn 1.0000 -0.0000 0.0000
vn 1.0000 0.0000 -0.0000
vn 1.0000 0.0000 -0.0000
vn 1.0000 0.0003 0.0000
vn 1.0000 0.0000 -0.0000
vn 1.0000 0.0000 -0.0000
vn 1.0000 0.0000 -0.0001
vn 1.0000 -0.0003 -0.0000
vn 1.0000 0.0001 0.0000
vn 1.0000 0.0000 -0.0002
vn 1.0000 0.0000 -0.0000
vn 1.0000 0.0000 -0.0000
vn 1.0000 0.0000 -0.0001
vn 1.0000 -0.0003 -0.0000
vn 1.0000 0.0000 -0.0000
vn 1.0000 -0.0000 0.0001
vn 1.0000 0.0000 -0.0000
vn 1.0000 0.0000 -0.0000
vn -0.0000 0.6933 0.7207
vn 0.0000 0.6933 0.7207
vn -0.0000 0.4929 0.8701
vn 0.0000 0.4951 0.8688
vn -0.0000 0.4970 0.8678
vn -0.0000 0.4993 0.8664
vn 0.0000 0.5021 0.8648
vn -0.0000 0.5053 0.8629
vn -0.0000 0.5090 0.8608
vn -0.0000 0.5132 0.8583
vn -0.0000 0.5177 0.8556
vn 0.0000 0.5225 0.8526
vn -0.0000 0.5277 0.8494
vn 0.0000 0.5330 0.8461
vn -0.0000 0.5443 0.8389
vn -0.0000 0.5560 0.8312
vn 0.0000 0.6426 0.7662
vn 0.0000 0.6413 0.7673
vn 0.0000 0.6386 0.7695
vn -0.0000 0.6367 0.7711
vn -0.0000 0.6344 0.7730
vn -0.0000 0.6316 0.7753
vn 0.0000 0.6283 0.7779
vn -0.0000 0.6247 0.7809
vn -0.0000 0.6207 0.7840
vn -0.0000 0.6164 0.7874
vn -0.0000 0.6118 0.7910
vn -0.0000 0.6069 0.7948
vn 0.0000 0.6017 0.7987
vn -0.0000 0.5909 0.8068
vn 0.0000 0.5795 0.8149
vn -0.0001 0.5909 0.8068
vn -0.0000 0.6017 0.7987
vn 0.0000 0.6069 0.7948
vn 0.0000 0.6118 0.7910
vn -0.0000 0.6164 0.7874
vn -0.0000 0.6207 0.7840
vn 0.0000 0.6247 0.7809
vn -0.0000 0.6283 0.7779
vn 0.0000 0.6316 0.7753
vn 0.0000 0.6344 0.7730
vn 0.0000 0.6367 0.7711
vn -0.0000 0.6386 0.7695
vn -0.0000 0.6413 0.7673
vn -0.0000 0.5678 0.8232
vn -0.0000 0.5560 0.8312
vn 0.0000 0.5443 0.8389
vn -0.0000 0.5330 0.8461
vn 0.0000 0.5276 0.8495
vn -0.0000 0.5225 0.8526
vn 0.0000 0.5177 0.8556
vn 0.0000 0.5132 0.8583
vn 0.0000 0.5090 0.8608
vn 0.0000 0.5053 0.8629
vn -0.0000 0.5021 0.8648
vn -0.0000 0.4992 0.8665
vn 0.0000 0.4969 0.8678
vn -0.0000 0.4951 0.8688
vn 0.0000 0.7625 0.6470
vn 0.0000 0.8321 0.5547
vn -0.0000 0.8255 0.5645
vn -0.0000 0.8129 0.5824
vn 0.0000 0.7896 0.6136
vn 0.0000 0.7758 0.6310
vn -0.0000 0.7734 0.6339
vn -0.0000 0.8008 0.5989
vn -0.0000 0.8321 0.5547
vn -0.0000 0.8436 0.5370
vn 0.0000 0.8905 0.4551
vn 0.0000 0.9370 0.3493
vn -0.0000 0.9338 0.3577
vn 0.0000 0.9243 0.3816
vn -0.0000 0.9483 0.3173
vn 0.0000 0.9710 0.2389
vn -0.0000 0.9805 0.1967
vn -0.0000 0.9859 0.1673
vn -0.0000 0.9879 0.1554
vn 0.0000 0.9894 0.1455
vn -0.0000 0.9908 0.1352
vn -0.0000 0.9651 0.2618
vn 0.0000 0.9659 0.2590
vn -0.0000 0.9661 0.2582
vn 0.0000 0.9621 0.2728
vn 0.0000 0.9606 0.2779
vn 0.0000 0.9635 0.2677
vn 0.0000 0.9906 0.1369
vn -0.0000 0.9894 0.1452
vn -0.0000 0.9858 0.1680
vn -0.0000 0.9847 0.1745
vn 0.0000 0.9600 0.2800
vn 0.0000 0.9530 0.3031
vn 0.0000 0.9453 0.3262
vn 0.0000 0.9832 0.1825
vn 0.0000 0.9800 0.1990
vn -0.0000 0.9762 0.2171
vn -0.0000 0.9450 0.3270
vn 0.0000 0.9522 0.3054
vn -0.0000 0.9647 0.2633
vn -0.0000 0.9622 0.2722
vn -0.0000 0.9636 0.2672
vn 0.0000 0.9553 0.2955
vn -0.0000 0.9913 0.1318
vn 0.0000 0.9921 0.1258
vn -0.0000 0.9921 0.1253
vn -0.0000 0.9726 0.2325
vn 0.0000 0.8905 0.4550
vn 0.0000 0.8844 0.4667
vn 0.0000 0.8352 0.5500
vn -0.0000 0.8320 0.5548
vn 0.0000 0.7713 0.6365
vn 0.0000 0.7717 0.6360
vn -0.0000 0.7750 0.6319
vn -0.0000 0.8125 0.5830
vn 0.0000 0.7790 0.6270
vn -0.0000 0.7836 0.6213
vn -0.0000 0.8252 0.5648
vn 0.0000 0.8320 0.5547
vn 0.0000 0.8001 0.5998
vn 0.0000 0.7625 0.6470
vn -0.0000 0.7560 0.6546
vn 0.0000 0.7437 0.6685
vn -0.0020 0.7155 0.6987
vn 0.0000 0.7037 0.7105
vn -0.0000 0.6968 0.7173
vn 0.0000 0.6913 0.7226
vn -0.0000 0.6872 0.7265
vn 0.0000 0.6861 0.7275
vn -0.0000 0.8087 0.5882
vn -0.0000 0.8380 0.5456
vn 0.0000 0.9603 0.2790
vn -0.0000 0.9582 0.2861
vn -0.0000 0.9424 0.3346
vn 0.0000 0.9557 0.2943
vn 0.0000 0.8917 0.4526
vn -0.0000 0.9130 0.4080
vn 0.0000 0.9319 0.3626
vn 0.0000 0.6839 0.7296
vn 0.0000 0.6872 0.7265
vn 0.0000 0.7723 0.6353
vn -0.0000 0.7694 0.6388
vn -0.0000 0.7690 0.6392
vn 0.0000 0.7670 0.6416
vn -0.0000 0.7672 0.6414
vn 0.0000 0.7656 0.6433
vn 0.0000 0.7647 0.6444
vn -0.0000 0.8381 0.5455
vn -0.0000 0.7654 0.6435
vn -0.0000 0.8176 0.5758
vn -0.0000 0.6903 0.7235
vn 0.0000 0.6957 0.7183
vn 0.0000 0.7025 0.7117
vn 0.0000 0.7106 0.7036
vn 0.0000 0.7625 0.6469
vn 0.0000 0.8321 0.5547
vn 0.0000 0.8254 0.5645
vn 0.0000 0.8129 0.5824
vn 0.0000 0.7799 0.6259
vn -0.0000 0.7951 0.6065
vn -0.0000 0.7758 0.6310
vn -0.0000 0.7735 0.6338
vn 0.0000 0.8008 0.5989
vn -0.0000 0.8320 0.5547
vn -0.0000 0.8436 0.5370
vn -0.0000 0.8904 0.4551
vn 0.0000 0.9370 0.3492
vn -0.0000 0.9339 0.3577
vn -0.0000 0.9243 0.3816
vn -0.0000 0.9483 0.3173
vn -0.0000 0.9710 0.2389
vn 0.0000 0.9805 0.1966
vn -0.0000 0.9859 0.1673
vn 0.0000 0.9879 0.1554
vn -0.0000 0.9894 0.1455
vn 0.0000 0.9908 0.1351
vn -0.0000 0.9651 0.2618
vn -0.0000 0.9659 0.2590
vn 0.0000 0.9661 0.2582
vn -0.0000 0.9620 0.2729
vn -0.0000 0.9606 0.2778
vn 0.0000 0.9635 0.2678
vn -0.0000 0.9906 0.1368
vn -0.0000 0.9894 0.1452
vn -0.0000 0.9858 0.1681
vn 0.0000 0.9846 0.1747
vn -0.0000 0.9600 0.2799
vn -0.0000 0.9530 0.3031
vn 0.0000 0.9453 0.3262
vn -0.0000 0.9832 0.1825
vn 0.0000 0.9800 0.1990
vn 0.0000 0.9762 0.2171
vn 0.0000 0.9450 0.3270
vn 0.0000 0.9522 0.3054
vn 0.0000 0.9647 0.2632
vn -0.0000 0.9622 0.2722
vn 0.0000 0.9637 0.2671
vn -0.0000 0.9554 0.2954
vn -0.0000 0.9913 0.1318
vn 0.0000 0.9921 0.1258
vn 0.0000 0.9921 0.1253
vn -0.0001 0.9726 0.2324
vn 0.0000 0.8905 0.4550
vn -0.0000 0.8844 0.4667
vn 0.0000 0.8352 0.5500
vn -0.0000 0.8320 0.5547
vn 0.0000 0.7712 0.6366
vn -0.0000 0.7716 0.6361
vn -0.0000 0.7750 0.6319
vn 0.0000 0.8125 0.5830
vn -0.0000 0.7790 0.6270
vn 0.0000 0.7836 0.6213
vn -0.0000 0.8252 0.5648
vn 0.0000 0.8320 0.5547
vn 0.0000 0.8001 0.5998
vn 0.0000 0.7625 0.6470
vn -0.0001 0.7559 0.6547
vn 0.0000 0.7437 0.6685
vn 0.0005 0.7215 0.6924
vn -0.0000 0.7120 0.7022
vn -0.0000 0.7038 0.7104
vn 0.0000 0.6968 0.7173
vn 0.0000 0.6913 0.7226
vn -0.0000 0.8087 0.5882
vn 0.0000 0.8380 0.5456
vn -0.0000 0.9603 0.2790
vn 0.0000 0.9582 0.2861
vn -0.0000 0.9424 0.3346
vn -0.0000 0.9557 0.2943
vn 0.0000 0.8917 0.4526
vn -0.0000 0.9130 0.4080
vn 0.0000 0.9319 0.3626
vn 0.0000 0.6839 0.7296
vn -0.0000 0.6872 0.7265
vn -0.0000 0.7723 0.6353
vn 0.0000 0.7694 0.6387
vn -0.0000 0.7690 0.6392
vn 0.0000 0.7670 0.6417
vn -0.0000 0.7672 0.6414
vn -0.0000 0.7657 0.6432
vn 0.0000 0.7647 0.6444
vn 0.0000 0.8381 0.5455
vn 0.0000 0.7655 0.6435
vn 0.0000 0.8176 0.5758
vn -0.0000 0.6903 0.7235
vn 0.0000 0.6957 0.7183
vn 0.0000 0.7025 0.7117
vn 0.0000 0.7106 0.7036
vn -0.0000 0.6933 0.7207
vn 0.0000 0.8289 0.5594
vn 0.0000 0.8272 0.5619
vn 0.0001 0.8200 0.5724
vn -0.0000 0.7904 0.6126
vn 0.0000 0.8133 0.5819
vn 0.0000 0.8068 0.5908
vn 0.0000 0.7862 0.6180
vn -0.0000 0.7847 0.6199
vn 0.0000 0.8866 0.4626
vn 0.0000 0.7606 0.6492
vn -0.0000 0.6833 0.7302
vn 0.0000 0.6881 0.7256
vn -0.0000 0.6837 0.7298
vn 0.0000 0.6847 0.7288
vn 0.0001 0.6869 0.7268
vn -0.0000 0.6860 0.7276
vn 0.0000 0.6830 0.7304
vn 0.0000 0.6866 0.7270
vn -0.0000 0.7030 0.7112
vn 0.0000 0.7154 0.6987
vn -0.0000 0.7299 0.6836
vn -0.0000 0.7826 0.6225
vn 0.0000 0.7800 0.6258
vn 0.0000 0.7784 0.6278
vn 0.0000 0.7763 0.6304
vn 0.0000 0.8704 0.4924
vn 0.0000 0.6933 0.7207
vn 0.0000 0.6689 0.7434
vn 0.0000 0.8249 0.5652
vn 0.0000 0.9391 0.3435
vn 0.0000 0.9512 0.3085
vn -0.0000 0.9620 0.2730
vn -0.0000 0.9668 0.2555
vn -0.0000 0.9841 0.1777
vn 0.0000 0.9862 0.1654
vn 0.0000 0.9880 0.1547
vn -0.0000 0.9893 0.1459
vn 0.0000 0.9903 0.1386
vn -0.0000 0.9911 0.1332
vn 0.0000 0.9916 0.1293
vn -0.0000 0.9918 0.1276
vn 0.0000 0.9618 0.2738
vn -0.0000 0.9631 0.2691
vn 0.0000 0.9639 0.2663
vn -0.0000 0.9568 0.2908
vn 0.0000 0.9565 0.2916
vn -0.0000 0.9588 0.2842
vn 0.0000 0.9642 0.2652
vn -0.0000 0.9642 0.2650
vn 0.0000 0.9604 0.2786
vn 0.0000 0.9618 0.2739
vn -0.0000 0.9639 0.2662
vn 0.0000 0.9921 0.1257
vn 0.0000 0.9919 0.1272
vn 0.0000 0.9895 0.1448
vn 0.0000 0.9544 0.2985
vn -0.0000 0.9519 0.3064
vn 0.0000 0.9366 0.3505
vn 0.0000 0.7522 0.6589
vn -0.0000 0.7735 0.6338
vn 0.0000 0.6933 0.7207
vn -0.0000 0.6933 0.7207
vn -0.0000 0.6933 0.7207
vn -0.0000 0.8288 0.5595
vn -0.0000 0.8177 0.5757
vn 0.0000 0.8059 0.5920
vn 0.0000 0.7857 0.6186
vn -0.0000 0.7817 0.6236
vn 0.0000 0.7786 0.6276
vn 0.0000 0.8004 0.5995
vn 0.0000 0.8866 0.4626
vn -0.0000 0.6829 0.7305
vn -0.0000 0.6834 0.7301
vn -0.0000 0.6869 0.7268
vn 0.0000 0.7014 0.7128
vn 0.0001 0.7723 0.6352
vn -0.0000 0.7744 0.6327
vn -0.0000 0.7771 0.6294
vn -0.0000 0.8288 0.5595
vn 0.0000 0.8201 0.5722
vn -0.0000 0.8073 0.5901
vn -0.0000 0.8137 0.5813
vn -0.0000 0.7807 0.6249
vn -0.0000 0.7849 0.6196
vn 0.0000 0.7898 0.6134
vn -0.0000 0.7534 0.6576
vn 0.0000 0.7426 0.6698
vn 0.0000 0.7322 0.6811
vn -0.0000 0.7225 0.6914
vn -0.0000 0.7136 0.7006
vn -0.0000 0.7058 0.7084
vn 0.0000 0.8866 0.4626
vn 0.0000 0.8289 0.5594
vn -0.0000 0.8108 0.5854
vn 0.0000 0.7879 0.6158
vn -0.0000 0.7763 0.6303
vn -0.0000 0.8330 0.5533
vn -0.0000 0.6935 0.7205
vn 0.0000 0.6893 0.7245
vn 0.0000 0.6829 0.7305
vn 0.0000 0.7783 0.6279
vn -0.0000 0.7754 0.6315
vn 0.0001 0.7722 0.6353
vn -0.0000 0.7697 0.6384
vn 0.0000 0.7731 0.6343
vn -0.0000 0.8664 0.4993
vn -0.0000 0.8300 0.5578
vn 0.0000 0.7050 0.7092
vn 0.0000 0.7121 0.7021
vn -0.0000 0.7200 0.6940
vn 0.0000 0.7287 0.6849
vn -0.0000 0.7381 0.6747
vn 0.0000 0.6933 0.7207
vn 0.0000 0.8879 0.4600
vn 0.0000 0.9268 0.3757
vn -0.0000 0.9538 0.3006
vn 0.0000 0.9526 0.3041
vn 0.0000 0.9496 0.3134
vn -0.0000 0.9327 0.3606
vn 0.0000 0.9268 0.3756
vn -0.0000 0.9461 0.3238
vn 0.0000 0.9902 0.1398
vn -0.0000 0.9920 0.1265
vn -0.0000 0.9515 0.3077
vn -0.0000 0.9526 0.3041
vn -0.0000 0.9552 0.2959
vn -0.0000 0.9622 0.2724
vn -0.0000 0.9621 0.2727
vn 0.0000 0.9573 0.2892
vn 0.0000 0.9898 0.1425
vn -0.0000 0.9874 0.1584
vn -0.0000 0.9853 0.1710
vn 0.0000 0.9793 0.2022
vn 0.0000 0.9788 0.2047
vn -0.0000 0.9648 0.2628
vn -0.0000 0.9583 0.2859
vn 0.0000 0.9507 0.3101
vn -0.0000 0.9480 0.3182
vn 0.0000 0.9423 0.3347
vn -0.0000 0.8820 0.4712
vn 0.0000 0.9267 0.3757
vn 0.0000 0.9218 0.3878
vn -0.0000 0.8879 0.4600
vn -0.0000 0.9754 0.2206
vn 0.0000 0.9327 0.3606
vn 0.0000 0.9377 0.3475
vn 0.0000 0.9496 0.3133
vn -0.0000 0.9920 0.1265
vn -0.0000 0.9902 0.1399
vn 0.0000 0.9794 0.2018
vn -0.0000 0.9827 0.1851
vn -0.0000 0.9853 0.1706
vn -0.0000 0.9674 0.2532
vn 0.0000 0.9706 0.2406
vn 0.0000 0.9621 0.2728
vn -0.0000 0.9552 0.2959
vn -0.0000 0.9573 0.2892
vn -0.0000 0.9330 0.3600
vn 0.0000 0.9424 0.3346
vn -0.0000 0.9480 0.3182
vn 0.0000 0.9507 0.3100
vn -0.0000 0.9649 0.2626
vn 0.0000 0.9217 0.3879
vn 0.0000 0.8820 0.4713
vn 0.0000 -0.4442 0.8959
vn -0.0000 -0.4477 0.8942
vn 0.0000 -0.5227 0.8525
vn -0.0001 -0.5167 0.8562
vn 0.0000 -0.5031 0.8642
vn 0.0000 -0.4901 0.8717
vn -0.0000 -0.6249 0.7807
vn 0.0000 -0.6101 0.7923
vn -0.0000 -0.5951 0.8037
vn 0.0000 -0.5635 0.8261
vn 0.0000 -0.5542 0.8324
vn 0.0000 -0.5590 0.8292
vn -0.0000 -0.5686 0.8226
vn -0.0000 -0.5877 0.8091
vn -0.0000 -0.5452 0.8383
vn 0.0000 -0.5445 0.8388
vn 0.0000 -0.5427 0.8399
vn -0.0000 -0.5515 0.8342
vn 0.0000 -0.5467 0.8373
vn -0.0000 -0.5479 0.8365
vn 0.0000 -0.5904 0.8071
vn 0.0000 -0.5762 0.8173
vn 0.0000 -0.6249 0.7807
vn 0.0000 -0.6289 0.7775
vn -0.0000 -0.6248 0.7808
vn -0.0000 -0.7985 0.6019
vn -0.0000 -0.8673 0.4978
vn -0.0000 -0.9226 0.3857
vn -0.0000 -0.9193 0.3935
vn 0.0000 -0.9635 0.2678
vn -0.0000 -0.9228 0.3853
vn 0.0000 -0.9342 0.3568
vn -0.0000 -0.9739 0.2268
vn 0.0000 -0.9873 0.1587
vn 0.0000 -0.9861 0.1659
vn 0.0000 -0.9892 0.1463
vn 0.0000 -0.9635 0.2678
vn -0.0000 -0.9893 0.1458
vn -0.0000 -0.9852 0.1716
vn 0.0000 -0.9892 0.1467
vn 0.0000 -0.9885 0.1510
vn 0.0000 -0.9699 0.2434
vn -0.0000 -0.9826 0.1857
vn 0.0000 -0.9225 0.3860
vn 0.0000 -0.9228 0.3853
vn -0.0000 -0.9226 0.3857
vn 0.0000 -0.9214 0.3887
vn 0.0000 -0.8674 0.4977
vn 0.0000 -0.8627 0.5058
vn 0.0000 -0.8518 0.5239
vn 0.0000 -0.7650 0.6441
vn 0.0000 -0.9429 0.3331
vn 0.0000 -0.9404 0.3400
vn 0.0000 -0.9246 0.3809
vn 0.0000 -0.9513 0.3084
vn 0.0000 -0.9511 0.3089
vn -0.0000 -0.9440 0.3298
vn 0.0000 -0.9468 0.3217
vn 0.0000 -0.9500 0.3124
vn 0.0000 -0.9510 0.3092
vn -0.0000 -0.9368 0.3498
vn 0.0000 -0.9417 0.3365
vn -0.0000 -0.9226 0.3857
vn 0.0000 -0.9241 0.3821
vn -0.0000 -0.8674 0.4977
vn -0.0000 -0.8778 0.4790
vn -0.0000 -0.9162 0.4007
vn 0.0000 -0.7985 0.6019
vn -0.0000 -0.8071 0.5905
vn -0.0000 -0.8627 0.5058
vn -0.0000 -0.7273 0.6863
vn -0.0000 -0.6998 0.7143
vn 0.0000 -0.5186 0.8550
vn 0.0000 -0.4503 0.8929
vn 0.0000 -0.4142 0.9102
vn -0.0000 -0.6267 0.7792
vn -0.0000 -0.4165 0.9091
vn -0.0000 -0.5311 0.8473
vn -0.0000 -0.6068 0.7949
vn -0.0000 -0.5755 0.8178
vn -0.0000 -0.6502 0.7598
vn -0.0001 -0.6505 0.7595
vn 0.0000 -0.7137 0.7005
vn -0.0000 -0.6988 0.7153
vn 0.0000 -0.7960 0.6053
vn -0.0000 -0.7927 0.6096
vn -0.0000 -0.7696 0.6386
vn 0.0000 -0.7808 0.6247
vn 0.0000 -0.7330 0.6802
vn -0.0001 -0.7254 0.6883
vn 0.0000 -0.7256 0.6881
vn 0.0000 -0.7291 0.6844
vn 0.0000 -0.7580 0.6523
vn 0.0000 -0.7374 0.6755
vn 0.0000 -0.7207 0.6933
vn -0.0000 -0.7178 0.6963
vn 0.0000 -0.7156 0.6985
vn -0.0000 -0.7226 0.6913
vn -0.0000 -0.7201 0.6939
vn 0.0000 -0.7149 0.6992
vn -0.0000 -0.7214 0.6925
vn -0.0000 -0.7264 0.6873
vn -0.0000 -0.7836 0.6213
vn -0.0000 -0.7749 0.6321
vn -0.0000 -0.7563 0.6542
vn -0.0000 -0.7137 0.7005
vn 0.0000 -0.7334 0.6798
vn 0.0000 -0.8657 0.5006
vn 0.0000 -0.7960 0.6053
vn -0.0003 -0.9217 0.3878
vn 0.0000 -0.9207 0.3902
vn -0.0000 -0.9632 0.2688
vn 0.0000 -0.9240 0.3824
vn 0.0000 -0.9332 0.3595
vn -0.0000 -0.9816 0.1912
vn 0.0000 -0.9813 0.1926
vn -0.0000 -0.9638 0.2666
vn 0.0000 -0.9891 0.1475
vn -0.0000 -0.9883 0.1528
vn 0.0000 -0.9876 0.1567
vn -0.0000 -0.9891 0.1474
vn 0.0000 -0.9893 0.1457
vn -0.0000 -0.9774 0.2115
vn -0.0000 -0.9872 0.1596
vn 0.0000 -0.9632 0.2689
vn 0.0000 -0.9089 0.4170
vn 0.0000 -0.8661 0.4998
vn -0.0000 -0.8710 0.4913
vn 0.0000 -0.9218 0.3877
vn 0.0000 -0.8657 0.5006
vn 0.0000 -0.9533 0.3019
vn 0.0000 -0.9531 0.3028
vn -0.0000 -0.9506 0.3105
vn -0.0000 -0.9341 0.3569
vn -0.0000 -0.9226 0.3859
vn 0.0000 -0.9548 0.2973
vn 0.0000 -0.9558 0.2940
vn 0.0000 -0.9524 0.3048
vn -0.0000 -0.9512 0.3086
vn -0.0000 -0.9537 0.3009
vn -0.0000 -0.9561 0.2929
vn 0.0001 -0.9218 0.3876
vn -0.0000 -0.9260 0.3776
vn -0.0000 -0.9331 0.3596
vn -0.0000 -0.9472 0.3208
vn -0.0000 -0.9509 0.3094
vn 0.0000 -0.9492 0.3148
vn 0.0000 -0.8657 0.5005
vn 0.0000 -0.8709 0.4914
vn -0.0000 -0.8745 0.4850
vn 0.0000 -0.9185 0.3954
vn 0.0000 -0.8149 0.5796
vn -0.0000 -0.6622 0.7493
vn 0.0000 -0.6270 0.7790
vn 0.0000 -0.6241 0.7814
vn -0.0000 -0.6212 0.7836
vn -0.0000 -0.8572 0.5149
vn 0.0000 -0.7960 0.6053
vn 0.0000 -0.7973 0.6035
vn 0.0000 -0.6244 0.7811
vn 0.0000 -0.7783 0.6279
vn 0.0000 -0.7580 0.6523
vn 0.9498 0.2213 0.2213
vn 0.5261 0.6013 0.6014
vn 0.1863 0.6947 0.6947
vn 0.0864 0.7045 0.7045
vn -0.0786 0.7049 0.7049
vn -0.2425 0.6860 0.6860
vn -0.3965 0.6491 0.6492
vn -0.3964 0.6492 0.6492
vn -0.5063 0.6098 0.6098
vn -0.6504 0.5371 0.5371
vn -0.8482 0.3745 0.3745
vn -0.8984 0.3106 0.3106
vn -0.9972 0.0526 0.0526
vn -0.9777 -0.1485 -0.1485
vn -0.9014 -0.3061 -0.3062
vn -0.7539 -0.4646 -0.4646
vn -0.5354 -0.5972 -0.5972
vn -0.3716 -0.6565 -0.6565
vn -0.1850 -0.6949 -0.6949
vn 0.1637 -0.6976 -0.6976
vn 0.3247 -0.6688 -0.6688
vn 0.4671 -0.6252 -0.6252
vn 0.5975 -0.5670 -0.5670
vn 0.7037 -0.5024 -0.5024
vn 0.7170 -0.4929 -0.4929
vn 0.7943 -0.4296 -0.4296
vn 0.8679 -0.3513 -0.3513
vn 0.9709 -0.1693 -0.1693
vn 0.9889 -0.1050 -0.1050
vn -0.6916 0.5107 0.5107
vn -0.0000 -0.4345 0.9007
vn -0.0000 -0.4454 0.8953
vn 0.0000 -0.5208 0.8537
vn -0.0000 -0.4997 0.8662
vn -0.0000 -0.6212 0.7837
vn 0.0000 -0.6099 0.7925
vn 0.0000 -0.5888 0.8083
vn 0.0000 -0.5959 0.8030
vn 0.0000 -0.5463 0.8376
vn -0.0000 -0.5389 0.8424
vn -0.0000 -0.5393 0.8421
vn 0.0000 -0.5436 0.8394
vn -0.0000 -0.5821 0.8131
vn -0.0000 -0.5497 0.8354
vn 0.0000 -0.5538 0.8326
vn 0.0000 -0.5756 0.8177
vn 0.0000 -0.5694 0.8220
vn -0.0000 -0.5372 0.8434
vn -0.0000 -0.5366 0.8438
vn -0.0000 -0.5564 0.8309
vn 0.0000 -0.5531 0.8331
vn -0.0000 -0.5471 0.8371
vn 0.0000 -0.5603 0.8283
vn -0.0000 -0.5988 0.8009
vn 0.0000 -0.6212 0.7837
vn 0.0000 -0.5012 0.8653
vn -0.0000 -0.4319 0.9019
vn -0.0000 -0.4460 0.8950
vn -0.0000 -0.4125 0.9110
vn 0.0000 -0.7123 0.7019
vn -0.0000 -0.7026 0.7116
vn 0.0000 -0.6789 0.7343
vn -0.0000 -0.6248 0.7808
vn 0.0000 -0.7859 0.6184
vn -0.0000 -0.7237 0.6901
vn 0.0000 -0.7927 0.6096
vn 0.0000 -0.9863 0.1647
vn 0.0000 -0.7591 0.6510
vn -0.0000 -0.7125 0.7017
vn 0.0001 -0.7855 0.6189
vn 0.0000 -0.6213 0.7836
vn -0.0000 -0.6867 0.7269
vn -0.0000 -0.7064 0.7078
vn -0.0000 -0.4125 0.9109
vn -0.0000 -0.4327 0.9015
vn -0.0000 -0.4237 0.9058
vn 0.0000 -0.5224 0.8527
vn 0.0000 -0.6197 0.7848
vn 0.0000 -0.5963 0.8028
vn 0.4463 0.8743 0.1909
vn 0.4452 0.8710 0.2076
vn 0.4459 0.8709 0.2068
vn 0.4470 0.8705 0.2061
vn 0.4556 0.8696 0.1904
vn 0.4504 0.8723 0.1903
vn 0.4525 0.8679 0.2049
vn 0.4501 0.8691 0.2049
vn 0.4490 0.8697 0.2051
vn 0.4609 0.8665 0.1915
vn 0.4580 0.8629 0.2136
vn 0.4589 0.8625 0.2132
vn 0.4557 0.8658 0.2065
vn 0.4584 0.8632 0.2116
vn 0.4580 0.8638 0.2101
vn 0.4480 0.8701 0.2055
vn 0.4575 0.8644 0.2087
vn 0.4567 0.8651 0.2075
vn 0.4513 0.8685 0.2049
vn 0.4352 0.8727 0.2215
vn 0.4414 0.8700 0.2197
vn 0.4352 0.8729 0.2205
vn 0.4416 0.8702 0.2184
vn 0.4356 0.8746 0.2131
vn 0.4362 0.8759 0.2063
vn 0.4437 0.8712 0.2102
vn 0.4391 0.8768 0.1960
vn 0.4382 0.8768 0.1981
vn 0.4443 0.8712 0.2089
vn 0.4419 0.8761 0.1929
vn 0.4404 0.8765 0.1943
vn 0.4452 0.8710 0.2078
vn 0.4458 0.8745 0.1910
vn 0.4437 0.8754 0.1918
vn 0.4391 0.8626 0.2513
vn 0.4344 0.8667 0.2453
vn 0.4396 0.8647 0.2428
vn 0.4348 0.8689 0.2367
vn 0.2460 0.9518 0.1831
vn 0.4383 0.8570 0.2709
vn 0.4330 0.8560 0.2825
vn 0.4384 0.8572 0.2702
vn 0.4333 0.8589 0.2729
vn 0.4337 0.8617 0.2634
vn 0.4328 0.8537 0.2894
vn 0.4329 0.8528 0.2921
vn 0.4328 0.8512 0.2968
vn 0.4328 0.8496 0.3014
vn 0.4330 0.8480 0.3058
vn 0.4154 0.8733 0.2547
vn 0.4142 0.8744 0.2527
vn 0.4143 0.8756 0.2482
vn 0.4125 0.8801 0.2352
vn 0.4134 0.8779 0.2415
vn 0.4123 0.8848 0.2173
vn 0.4120 0.8846 0.2183
vn 0.4286 0.8779 0.2135
vn 0.4138 0.8910 0.1867
vn 0.4118 0.8921 0.1861
vn 0.4140 0.8861 0.2085
vn 0.4176 0.8859 0.2020
vn 0.4298 0.8783 0.2096
vn 0.4152 0.8749 0.2492
vn 0.4171 0.8758 0.2430
vn 0.4263 0.8773 0.2204
vn 0.4242 0.8770 0.2258
vn 0.4130 0.8636 0.2893
vn 0.4128 0.8645 0.2867
vn 0.4122 0.8635 0.2906
vn 0.4114 0.8630 0.2933
vn 0.4139 0.8657 0.2814
vn 0.4131 0.8646 0.2861
vn 0.4126 0.8656 0.2839
vn 0.4152 0.8680 0.2723
vn 0.4147 0.8668 0.2768
vn 0.4122 0.8675 0.2784
vn 0.4156 0.8692 0.2679
vn 0.4154 0.8730 0.2557
vn 0.4137 0.8737 0.2559
vn 0.4128 0.8718 0.2637
vn 0.4210 0.8438 0.3329
vn 0.4238 0.8526 0.3057
vn 0.4234 0.8529 0.3055
vn 0.4227 0.8527 0.3070
vn 0.4186 0.8452 0.3323
vn 0.4208 0.8439 0.3329
vn 0.4204 0.8539 0.3067
vn 0.4212 0.8534 0.3071
vn 0.4158 0.8477 0.3295
vn 0.4172 0.8463 0.3312
vn 0.4186 0.8554 0.3051
vn 0.4195 0.8546 0.3061
vn 0.4124 0.8514 0.3242
vn 0.4111 0.8533 0.3208
vn 0.4157 0.8587 0.2998
vn 0.4135 0.8623 0.2922
vn 0.4141 0.8611 0.2949
vn 0.4148 0.8600 0.2974
vn 0.4275 0.8554 0.2926
vn 0.4285 0.8515 0.3022
vn 0.4268 0.8542 0.2969
vn 0.4280 0.8502 0.3065
vn 0.4274 0.8490 0.3106
vn 0.4295 0.8541 0.2935
vn 0.4263 0.8468 0.3181
vn 0.4269 0.8479 0.3145
vn 0.4264 0.8537 0.2989
vn 0.4260 0.8533 0.3007
vn 0.4258 0.8458 0.3215
vn 0.4241 0.8438 0.3289
vn 0.4247 0.8442 0.3269
vn 0.4245 0.8525 0.3050
vn 0.4227 0.8434 0.3318
vn 0.4285 0.8580 0.2832
vn 0.4113 0.8623 0.2953
vn 0.4107 0.8610 0.3000
vn 0.4101 0.8597 0.3045
vn 0.4097 0.8583 0.3090
vn 0.4098 0.8567 0.3132
vn 0.6209 0.6940 0.3646
vn 0.6302 0.7017 0.3323
vn 0.6998 0.6420 0.3133
vn 0.7114 0.6706 0.2104
vn 0.7027 0.6829 0.1996
vn 0.6341 0.7055 0.3166
vn 0.6406 0.7128 0.2856
vn 0.7080 0.6561 0.2612
vn 0.6432 0.7164 0.2704
vn 0.6470 0.7236 0.2405
vn 0.6470 -0.7236 0.2405
vn 0.7027 -0.6829 0.1996
vn 0.5520 0.6315 0.5445
vn 0.5753 0.5641 0.5924
vn 0.5501 0.6482 0.5265
vn 0.5708 0.6609 0.4872
vn 0.6432 0.5985 0.4776
vn 0.6030 0.6813 0.4150
vn 0.6155 0.6899 0.3811
vn 0.6866 0.6279 0.3666
vn 0.6678 0.6136 0.4214
vn 0.5798 0.6665 0.4686
vn 0.5960 0.6766 0.4323
vn 0.4724 0.8564 0.2084
vn 0.4592 0.8615 0.2166
vn 0.4725 0.8563 0.2087
vn 0.4592 0.8596 0.2240
vn 0.4724 0.8547 0.2154
vn 0.4715 0.8533 0.2226
vn 0.4571 0.8558 0.2422
vn 0.4691 0.8512 0.2352
vn 0.4716 0.8582 0.2028
vn 0.4707 0.8593 0.2002
vn 0.4694 0.8606 0.1977
vn 0.4678 0.8619 0.1956
vn 0.4658 0.8634 0.1939
vn 0.4684 0.8507 0.2384
vn 0.4561 0.8545 0.2486
vn 0.4664 0.8494 0.2470
vn 0.4641 0.8479 0.2562
vn 0.4505 0.8487 0.2770
vn 0.4605 0.8457 0.2698
vn 0.4505 0.8488 0.2768
vn 0.4589 0.8446 0.2757
vn 0.4493 0.8478 0.2817
vn 0.4560 0.8429 0.2858
vn 0.4480 0.8469 0.2864
vn 0.4529 0.8411 0.2957
vn 0.4513 0.8403 0.3004
vn 0.4472 0.8466 0.2885
vn 0.4497 0.8396 0.3048
vn 0.4481 0.8390 0.3088
vn 0.4464 0.8463 0.2905
vn 0.4449 0.8382 0.3153
vn 0.4419 0.8382 0.3195
vn 0.4434 0.8381 0.3177
vn 0.4446 0.8460 0.2944
vn 0.4406 0.8385 0.3207
vn 0.4441 0.8460 0.2951
vn 0.4433 0.8461 0.2960
vn 0.4380 0.8394 0.3217
vn 0.4405 0.8385 0.3207
vn 0.4419 0.8464 0.2971
vn 0.4359 0.8410 0.3204
vn 0.4369 0.8402 0.3213
vn 0.4400 0.8476 0.2965
vn 0.4406 0.8472 0.2970
vn 0.4412 0.8468 0.2972
vn 0.4343 0.8434 0.3164
vn 0.4337 0.8448 0.3134
vn 0.4387 0.8496 0.2928
vn 0.4381 0.8524 0.2854
vn 0.4383 0.8519 0.2866
vn 0.4385 0.8504 0.2909
vn 0.4384 0.8511 0.2889
vn 0.4426 0.8463 0.2966
vn 0.5818 -0.6086 0.5396
vn 0.5753 -0.5641 0.5924
vn 1.0000 -0.0000 0.0001
vn 1.0000 0.0000 -0.0001
vn 1.0000 0.0000 -0.0000
vn 1.0000 0.0000 -0.0001
vn 1.0000 -0.0000 0.0000
vn 1.0000 -0.0000 0.0001
vn 1.0000 0.0000 -0.0001
vn 1.0000 -0.0000 0.0000
vn 1.0000 0.0000 -0.0000
vn 1.0000 0.0000 -0.0002
vn 1.0000 -0.0000 0.0000
vn 1.0000 -0.0000 0.0001
vn 1.0000 -0.0001 -0.0001
vn 1.0000 0.0000 -0.0000
vn 1.0000 -0.0002 0.0002
vn 1.0000 -0.0000 0.0000
vn 1.0000 -0.0000 0.0000
vn 1.0000 -0.0000 0.0001
vn 1.0000 -0.0000 0.0001
vn 1.0000 0.0000 -0.0000
vn 1.0000 0.0000 -0.0002
vn 1.0000 0.0000 -0.0000
vn 1.0000 -0.0003 -0.0000
vn 1.0000 -0.0000 0.0000
vn 1.0000 -0.0000 0.0002
vn 1.0000 -0.0000 0.0000
vn 1.0000 -0.0000 0.0000
vn 1.0000 -0.0000 0.0000
vn 1.0000 -0.0000 0.0000
vn 1.0000 -0.0000 0.0000
vn 1.0000 0.0000 -0.0001
vn 1.0000 -0.0003 0.0000
vn 1.0000 -0.0000 0.0001
vn 1.0000 -0.0003 -0.0001
vn 1.0000 -0.0005 -0.0000
vn 1.0000 -0.0000 0.0001
vn 1.0000 0.0000 -0.0002
vn 1.0000 -0.0000 0.0001
vn 1.0000 0.0000 -0.0000
vn 1.0000 0.0000 -0.0000
vn 1.0000 0.0000 -0.0003
vn 1.0000 0.0000 -0.0001
vn 1.0000 0.0000 -0.0000
vn 1.0000 0.0000 -0.0000
vn 1.0000 -0.0000 0.0002
vn 1.0000 0.0000 -0.0000
vn 1.0000 0.0000 -0.0001
vn 1.0000 0.0000 -0.0002
vn 1.0000 -0.0000 0.0003
vn 1.0000 -0.0000 0.0000
vn 1.0000 0.0000 -0.0000
vn 1.0000 0.0003 -0.0000
vn 1.0000 0.0000 -0.0000
vn 1.0000 -0.0000 0.0000
vn 1.0000 -0.0000 0.0001
vn 1.0000 0.0000 -0.0000
vn 1.0000 0.0000 0.0000
vn 1.0000 0.0000 -0.0000
vn 1.0000 0.0000 -0.0001
vn 1.0000 0.0000 -0.0000
vn 1.0000 0.0000 -0.0001
vn 1.0000 -0.0005 0.0000
vn 1.0000 -0.0000 0.0001
vn 1.0000 -0.0007 -0.0000
vn 1.0000 -0.0000 0.0001
vn 1.0000 -0.0000 0.0000
vn 1.0000 -0.0000 0.0001
vn 1.0000 -0.0000 0.0001
vn 1.0000 0.0000 -0.0000
vn 1.0000 0.0000 -0.0002
vn 1.0000 0.0003 0.0001
vn 1.0000 -0.0000 0.0001
vn 1.0000 0.0000 -0.0000
vn 1.0000 -0.0003 -0.0000
vn 1.0000 -0.0000 0.0000
vn 1.0000 0.0000 -0.0001
vn 1.0000 0.0000 -0.0000
vn 1.0000 0.0002 -0.0000
vn 1.0000 -0.0000 0.0000
vn 1.0000 -0.0000 0.0001
vn 1.0000 0.0000 -0.0001
vn 1.0000 -0.0002 -0.0001
vn 1.0000 -0.0000 0.0000
vn 1.0000 0.0003 -0.0000
vn 1.0000 0.0000 -0.0000
vn 1.0000 0.0000 -0.0001
vn 1.0000 0.0000 -0.0001
vn 1.0000 0.0003 0.0000
vn 1.0000 -0.0000 0.0000
vn 1.0000 0.0000 -0.0000
vn 1.0000 -0.0000 0.0001
vn 1.0000 -0.0000 0.0001
vn 1.0000 0.0000 -0.0001
vn 1.0000 -0.0000 0.0000
vn 1.0000 -0.0005 0.0000
vn 1.0000 0.0000 -0.0001
vn 1.0000 -0.0000 0.0002
vn 1.0000 0.0000 -0.0001
vn 1.0000 0.0005 0.0000
vn 1.0000 -0.0000 0.0003
vn 1.0000 0.0000 -0.0001
vn 1.0000 0.0000 -0.0000
vn 1.0000 0.0000 -0.0001
vn 1.0000 -0.0000 0.0001
vn 1.0000 0.0000 -0.0000
vn 1.0000 -0.0000 0.0000
vn 1.0000 -0.0000 0.0000
vn 1.0000 -0.0002 -0.0001
vn 1.0000 -0.0000 0.0001
vn 1.0000 -0.0000 0.0001
vn 1.0000 -0.0000 0.0000
vn 1.0000 0.0000 -0.0001
vn 1.0000 0.0000 -0.0000
vn 1.0000 0.0000 -0.0001
vn 1.0000 -0.0000 0.0001
vn 1.0000 0.0000 -0.0000
vn 1.0000 -0.0000 0.0002
vn 1.0000 0.0000 -0.0002
vn 1.0000 0.0000 -0.0000
vn 1.0000 -0.0002 0.0002
vn 1.0000 0.0000 -0.0000
vn 1.0000 -0.0000 0.0002
vn 1.0000 0.0001 0.0001
vn 1.0000 0.0001 0.0000
vn 1.0000 -0.0000 0.0002
vn 1.0000 -0.0000 0.0001
vn 1.0000 0.0002 -0.0002
vn 1.0000 -0.0000 0.0000
vn 1.0000 0.0000 -0.0002
vn 1.0000 -0.0000 0.0002
vn 1.0000 0.0003 0.0000
vn 1.0000 -0.0000 0.0001
vn 1.0000 -0.0000 0.0000
vn 1.0000 0.0000 -0.0001
vn 1.0000 0.0000 -0.0000
vn 1.0000 -0.0000 0.0001
vn 1.0000 -0.0000 0.0000
vn 1.0000 -0.0000 0.0000
vn 1.0000 0.0000 -0.0000
vn 1.0000 -0.0000 0.0002
vn 1.0000 -0.0000 0.0001
vn 1.0000 0.0000 -0.0000
vn 1.0000 -0.0000 0.0001
vn 1.0000 -0.0003 -0.0001
vn 1.0000 -0.0005 -0.0000
vn 1.0000 0.0000 -0.0000
vn 1.0000 0.0000 -0.0001
vn 1.0000 0.0000 -0.0001
vn 1.0000 -0.0000 0.0001
vn 1.0000 0.0000 -0.0001
vn 1.0000 0.0000 -0.0001
vn 1.0000 -0.0000 0.0002
vn 1.0000 -0.0000 0.0001
vn 1.0000 0.0000 -0.0000
vn 1.0000 0.0000 -0.0000
vn 1.0000 0.0000 -0.0001
vn 1.0000 -0.0000 0.0001
vn 1.0000 0.0001 0.0000
vn 1.0000 -0.0000 0.0000
vn 1.0000 0.0000 -0.0001
vn 1.0000 0.0000 -0.0001
vn 1.0000 -0.0017 -0.0000
vn 0.9998 -0.0176 0.0000
vn 1.0000 -0.0010 -0.0000
vn 1.0000 -0.0023 -0.0000
vn 1.0000 -0.0000 0.0001
vn 1.0000 -0.0000 0.0000
vn 1.0000 0.0000 -0.0001
vn 1.0000 -0.0000 0.0001
vn 1.0000 -0.0000 0.0000
vn 1.0000 0.0000 -0.0001
vn 1.0000 -0.0000 0.0001
vn 1.0000 -0.0002 0.0000
vn 1.0000 0.0003 -0.0001
vn 1.0000 0.0000 -0.0003
vn 1.0000 -0.0000 0.0000
vn 1.0000 -0.0000 0.0002
vn 1.0000 0.0000 -0.0000
vn 1.0000 -0.0000 0.0001
vn 1.0000 0.0002 -0.0002
vn 1.0000 -0.0000 0.0000
vn 1.0000 -0.0000 0.0001
vn 1.0000 0.0000 -0.0001
vn 1.0000 0.0000 -0.0003
vn 1.0000 0.0000 -0.0000
vn 1.0000 0.0000 -0.0002
vn 1.0000 -0.0000 0.0000
vn 1.0000 0.0002 -0.0000
vn 1.0000 -0.0000 0.0001
vn 1.0000 -0.0000 0.0001
vn 1.0000 0.0000 -0.0003
vn 1.0000 0.0002 0.0002
vn 1.0000 -0.0002 0.0000
vn 1.0000 -0.0000 0.0003
vn 1.0000 -0.0003 -0.0001
vn 1.0000 0.0007 0.0000
vn 1.0000 -0.0000 0.0000
vn 1.0000 -0.0003 -0.0000
vn 1.0000 0.0000 -0.0001
vn 1.0000 0.0000 -0.0001
vn 1.0000 -0.0000 0.0002
vn 1.0000 -0.0003 -0.0001
vn 1.0000 0.0000 -0.0000
vn 1.0000 0.0000 -0.0000
vn 1.0000 0.0000 -0.0000
vn 1.0000 -0.0007 -0.0000
vn 1.0000 -0.0000 0.0000
vn 1.0000 -0.0000 0.0000
vn 1.0000 -0.0005 -0.0000
vn 1.0000 -0.0000 0.0001
vn 1.0000 -0.0000 0.0002
vn 1.0000 -0.0003 0.0000
vn 1.0000 -0.0036 0.0000
vn 1.0000 -0.0000 0.0000
vn 1.0000 0.0000 0.0000
vn 1.0000 -0.0036 0.0000
vn 1.0000 0.0046 0.0000
vn 1.0000 -0.0005 -0.0000
vn 0.9998 -0.0190 -0.0000
vn 1.0000 0.0000 -0.0000
vn 1.0000 0.0093 -0.0000
vn 0.9999 -0.0102 -0.0000
vn 1.0000 0.0007 0.0000
vn 1.0000 0.0000 -0.0002
vn 1.0000 0.0000 -0.0000
vn 1.0000 -0.0038 -0.0000
vn 1.0000 -0.0093 0.0000
vn 1.0000 0.0003 -0.0000
vn 1.0000 0.0019 0.0000
vn 1.0000 -0.0003 -0.0000
vn 0.9999 0.0137 -0.0000
vn 1.0000 0.0002 0.0000
vn 1.0000 -0.0017 0.0000
vn 1.0000 0.0012 0.0000
vn 1.0000 0.0085 -0.0000
vn 1.0000 -0.0000 0.0000
vn 1.0000 -0.0000 0.0000
vn 1.0000 0.0013 -0.0000
vn 0.9999 0.0137 0.0000
vn 1.0000 0.0002 0.0000
vn 1.0000 -0.0000 0.0002
vn 1.0000 -0.0006 0.0000
vn 0.9999 -0.0138 0.0000
vn 1.0000 -0.0000 0.0002
vn 1.0000 0.0037 0.0000
vn 1.0000 -0.0000 0.0001
vn 1.0000 0.0000 -0.0000
vn 1.0000 0.0000 -0.0002
vn 1.0000 0.0000 -0.0000
vn 1.0000 -0.0000 0.0000
vn 1.0000 0.0000 -0.0000
vn 1.0000 -0.0000 0.0001
vn 1.0000 -0.0000 0.0002
vn 1.0000 -0.0000 0.0000
vn 1.0000 -0.0000 0.0001
vn 1.0000 -0.0000 0.0001
vn 1.0000 0.0000 -0.0002
vn 1.0000 -0.0000 0.0000
vn 1.0000 -0.0000 0.0001
vn 1.0000 -0.0000 0.0001
vn 1.0000 0.0000 -0.0001
vn 1.0000 -0.0000 0.0002
vn 1.0000 -0.0000 0.0000
vn 1.0000 0.0000 -0.0001
vn 1.0000 0.0000 -0.0000
vn 1.0000 -0.0003 0.0000
vn 1.0000 -0.0000 0.0000
vn 1.0000 -0.0000 0.0001
vn 1.0000 0.0000 -0.0000
vn 1.0000 0.0000 -0.0000
vn 1.0000 0.0000 -0.0001
vn 1.0000 0.0000 -0.0000
vn 1.0000 0.0003 -0.0001
vn 1.0000 -0.0000 0.0000
vn 1.0000 0.0000 -0.0000
vn 1.0000 -0.0005 -0.0000
vn 1.0000 0.0000 -0.0001
vn 1.0000 0.0000 -0.0001
vn 1.0000 -0.0000 0.0001
vn 1.0000 0.0000 -0.0001
vn 1.0000 0.0004 0.0000
vn 1.0000 -0.0001 -0.0001
vn 1.0000 -0.0006 -0.0001
vn 1.0000 0.0000 -0.0000
vn 1.0000 0.0000 -0.0002
vn 1.0000 -0.0000 0.0000
vn 1.0000 0.0000 -0.0001
vn 1.0000 0.0000 -0.0000
vn 1.0000 0.0000 -0.0001
vn 1.0000 0.0000 -0.0002
vn 1.0000 0.0000 -0.0002
vn 1.0000 -0.0000 0.0000
vn 1.0000 0.0000 -0.0001
vn 1.0000 0.0000 -0.0001
vn 1.0000 -0.0000 0.0001
vn 1.0000 0.0000 -0.0000
vn 1.0000 -0.0007 -0.0000
vn 1.0000 0.0000 -0.0000
vn 1.0000 -0.0003 0.0001
vn 1.0000 -0.0005 -0.0000
vn 1.0000 0.0000 -0.0001
vn 1.0000 -0.0000 0.0000
vn 1.0000 0.0000 -0.0000
vn 1.0000 0.0000 -0.0000
vn 1.0000 0.0000 -0.0000
vn 1.0000 0.0000 -0.0000
vn 1.0000 0.0000 -0.0000
vn 1.0000 -0.0000 0.0000
vn 1.0000 -0.0000 0.0000
vn 1.0000 -0.0003 0.0001
vn 1.0000 -0.0003 -0.0001
vn 1.0000 0.0003 0.0000
vn 1.0000 0.0002 0.0001
vn 1.0000 -0.0000 0.0000
vn 1.0000 0.0000 -0.0000
vn 1.0000 0.0000 -0.0001
vn 1.0000 0.0000 -0.0003
vn 1.0000 -0.0000 0.0001
vn 1.0000 0.0000 -0.0000
vn 1.0000 -0.0000 0.0000
vn 1.0000 0.0000 -0.0002
vn 1.0000 0.0000 -0.0001
vn 1.0000 0.0000 -0.0000
vn 1.0000 0.0000 -0.0001
vn 1.0000 -0.0000 0.0001
vn 1.0000 -0.0000 0.0002
vn 1.0000 0.0000 -0.0001
vn 1.0000 -0.0000 0.0002
vn 1.0000 0.0000 -0.0002
f 88//11 94//12 102//13
f 98//14 102//13 103//15
f 92//16 103//15 93//17
f 100//18 104//19 105//20
f 90//21 105//20 91//22
f 95//23 106//24 96//25
f 89//26 106//24 90//21
f 101//27 105//20 106//24
f 91//22 104//19 92//16
f 99//28 103//15 104//19
f 93//17 102//13 94//12
f 97//29 88//11 102//13
f 120//30 160//31 171//32
f 144//33 168//34 171//32
f 132//35 164//36 171//32
f 157//37 107//38 171//32
f 215//39 312//40 238//41
f 284//42 285//43 312//40
f 313//44 220//45 314//46
f 268//47 269//48 314//46
f 315//49 177//50 316//51
f 319//52 316//51 226//53
f 257//54 272//55 319//52
f 327//56 322//57 187//58
f 326//2 327//56 193//59
f 192//60 245//61 327//56
f 250//62 251//63 327//56
f 185//64 230//65 322//57
f 179//66 243//67 316//51
f 310//68 321//69 311//70
f 275//71 321//69 276//72
f 324//73 325//74 197//75
f 298//76 299//77 323//78
f 242//79 323//78 203//80
f 320//81 323//78 205//82
f 324//73 200//83 323//78
f 173//84 325//74 275//71
f 325//74 324//73 304//85
f 276//72 318//86 277//87
f 263//88 264//89 316//51
f 175//90 224//91 315//49
f 317//92 320//81 209//93
f 290//94 320//81 317//92
f 278//95 313//44 314//46
f 313//44 312//40 217//96
f 214//97 238//41 312//40
f 371//98 469//99 395//100
f 439//101 440//102 469//99
f 470//103 376//104 471//105
f 424//106 425//107 471//105
f 472//108 333//109 473//110
f 476//111 473//110 382//112
f 413//113 428//114 476//111
f 484//115 479//116 343//117
f 483//3 484//115 349//118
f 348//119 401//120 484//115
f 406//121 407//122 484//115
f 341//123 386//124 479//116
f 335//125 399//126 473//110
f 467//127 478//128 468//129
f 431//130 478//128 432//131
f 481//132 482//133 353//134
f 455//135 456//136 480//137
f 359//138 390//139 480//137
f 364//140 392//141 477//142
f 481//132 356//143 480//137
f 329//144 482//133 431//130
f 482//133 481//132 461//145
f 432//131 475//146 433//147
f 419//148 420//149 473//110
f 331//150 380//151 472//108
f 474//152 477//142 365//153
f 447//154 477//142 474//152
f 434//155 470//103 471//105
f 470//103 469//99 373//156
f 370//157 395//100 469//99
f 504//158 510//159 536//160
f 495//161 523//162 524//163
f 508//164 537//165 509//166
f 515//167 538//168 539//169
f 506//170 539//169 507//169
f 511//171 540//170 512//172
f 505//173 540//170 506//170
f 516//174 539//169 540//170
f 507//169 538//168 508//164
f 490//175 499//176 541//177
f 494//178 500//179 541//177
f 529//180 530//181 541//177
f 518//182 537//165 517//183
f 509//166 536//160 510//159
f 502//184 504//158 536//160
f 551//185 604//186 552//187
f 605//188 610//189 547//190
f 542//191 610//189 544//192
f 605//188 606//193 543//194
f 561//195 606//193 562//196
f 603//197 607//198 608//199
f 609//5 608//199 563//200
f 611//201 609//5 566//202
f 588//203 589//204 611//201
f 583//205 611//201 575//206
f 596//207 597//208 608//199
f 560//209 607//198 561//195
f 602//195 606//193 607//198
f 558//210 606//193 605//188
f 546//211 548//212 610//189
f 605//188 604//186 553//213
f 549//214 604//186 550//215
f 644//216 650//217 699//218
f 699//218 662//219 663//220
f 648//221 700//222 649//223
f 655//224 701//225 702//169
f 646//226 702//169 647//227
f 651//228 703//229 652//230
f 645//231 703//229 646//226
f 656//232 702//169 703//229
f 647//227 701//225 648//221
f 704//233 705//234 629//235
f 677//236 678//237 706//238
f 622//239 641//240 706//238
f 612//241 707//242 708//243
f 692//244 708//243 693//245
f 698//246 709//167 710//246
f 690//247 710//246 691//248
f 694//249 710//246 695//250
f 691//248 709//167 692//244
f 697//169 708//243 709//167
f 615//251 637//252 706//238
f 682//253 708//243 707//242
f 705//234 706//238 625//254
f 704//233 668//255 669//256
f 658//257 700//222 657//258
f 649//223 699//218 650//217
f 634//259 699//218 704//233
f 783//260 810//261 784//262
f 779//263 811//264 780//265
f 787//266 811//264 788//267
f 782//268 812//269 813//270
f 813//270 800//271 814//272
f 766//273 767//274 815//275
f 816//276 799//277 817//278
f 755//279 756//280 818//281
f 824//282 818//281 715//283
f 724//284 729//285 823//286
f 745//287 823//286 744//288
f 736//289 821//290 822//291
f 741//292 820//293 742//294
f 733//295 820//293 734//296
f 737//297 819//298 738//299
f 732//300 819//298 733//295
f 743//301 820//293 819//298
f 735//302 820//293 821//290
f 740//303 821//290 741//292
f 822//291 823//286 725//304
f 718//305 731//306 824//282
f 749//307 750//308 824//282
f 818//281 817//278 712//309
f 797//310 807//311 816//276
f 794//312 805//313 815//275
f 759//314 760//315 816//276
f 815//275 814//272 791//316
f 814//272 770//317 771//318
f 786//319 812//269 787//266
f 781//320 811//264 812//269
f 789//321 811//264 810//261
f 778//322 810//261 779//263
f 904//323 905//324 825//325
f 825//325 918//326 919//327
f 829//328 935//329 936//330
f 836//331 951//332 952//333
f 838//334 964//335 965//336
f 841//337 890//338 885//339
f 841//337 896//340 999//341
f 1000//342 1001//343 842//344
f 1002//345 1003//346 843//347
f 1007//348 1008//349 844//350
f 1010//351 845//352 1009//353
f 994//354 995//355 840//356
f 975//357 976//358 840//356
f 961//359 962//360 835//361
f 946//362 947//363 835//361
f 832//364 930//365 867//366
f 927//367 928//368 831//369
f 831//369 939//370 940//371
f 926//372 865//373 828//374
f 830//375 864//376 863//377
f 834//378 864//376 830//375
f 878//379 872//380 834//378
f 834//378 879//381 878//379
f 830//375 871//382 834//378
f 827//383 861//384 830//375
f 853//385 851//386 827//383
f 828//374 855//387 854//388
f 911//389 828//374 910//390
f 832//364 942//391 943//392
f 835//361 956//393 957//394
f 840//356 971//395 972//396
f 845//352 886//397 992//398
f 844//350 989//399 990//400
f 843//347 985//401 986//402
f 981//403 982//404 841//337
f 998//405 841//337 997//406
f 839//407 967//408 968//409
f 979//410 980//411 839//407
f 838//334 978//412 888//413
f 836//331 876//414 963//415
f 833//416 869//417 948//418
f 931//419 932//420 829//328
f 924//421 860//422 850//423
f 826//424 850//423 849//425
f 912//426 913//427 829//328
f 825//325 849//425 908//428
f 1061//429 1062//430 1011//431
f 1011//431 1082//432 1083//433
f 1015//434 1102//435 1103//436
f 1020//437 1119//438 1120//439
f 1022//440 1051//441 1136//442
f 1157//443 1158//444 1023//445
f 1159//446 1160//447 1023//445
f 1164//448 1165//449 1024//450
f 1167//451 1168//452 1025//453
f 1152//454 1153//455 1021//456
f 1132//457 1133//458 1019//459
f 1113//460 1114//461 1019//459
f 1097//462 1017//463 1096//464
f 1095//465 1031//466 1016//467
f 1016//467 1036//468 1043//469
f 1013//470 1092//471 1093//472
f 1074//473 1014//474 1073//475
f 1071//476 1072//477 1013//470
f 1017//463 1108//478 1109//479
f 1021//456 1126//480 1127//481
f 1025//453 1148//482 1149//483
f 1024//450 1141//484 1142//485
f 1023//445 1137//486 1138//487
f 1156//488 1022//440 1155//489
f 1135//490 1020//437 1134//491
f 1115//492 1116//493 1018//494
f 1098//495 1040//496 1015//434
f 1012//497 1088//498 1089//499
f 1068//500 1069//501 1012//497
f 1075//502 1076//503 1015//434
f 1066//504 1067//505 1011//431
f 1170//506 1163//507 1171//508
f 1170//506 67//509 1172//510
f 1172//510 27//511 82//512
f 1165//513 81//514 1059//515
f 80//516 1166//517 81//514
f 79//518 1167//519 80//516
f 1168//520 34//521 35//522
f 84//523 1055//524 1169//525
f 83//526 1152//527 84//523
f 33//528 1154//529 1153//530
f 77//531 1049//532 1154//529
f 1132//533 1131//534 32//535
f 1045//536 1133//537 75//538
f 1113//539 1112//540 31//541
f 1038//542 30//543 1096//544
f 72//545 1097//546 1096//544
f 1095//547 1037//548 70//549
f 1174//550 64//551 63//552
f 22//553 1071//554 1030//555
f 18//556 58//557 1072//558
f 17//559 1068//560 1029//561
f 57//562 1069//563 1068//560
f 14//564 54//565 1070//566
f 1028//567 54//565 1064//568
f 53//569 1065//570 1064//568
f 13//571 1066//572 1065//570
f 51//573 1067//574 1066//572
f 49//575 1060//576 1027//577
f 1061//578 1060//576 3//579
f 41//580 1061//578 42//581
f 40//582 1062//583 41//580
f 39//584 1075//585 1026//586
f 1//587 1076//588 1075//585
f 37//589 1076//588 38//590
f 36//591 1098//592 1032//593
f 2//594 1040//595 1098//592
f 6//596 1099//597 8//598
f 1115//599 1039//600 7//601
f 9//602 1116//603 1115//599
f 45//604 1134//605 1046//606
f 1134//605 11//607 1135//608
f 47//609 1155//610 1052//611
f 1155//610 15//612 1156//613
f 16//614 1157//615 1056//616
f 59//617 1157//615 60//618
f 1057//619 1158//620 20//621
f 21//622 1160//623 1159//624
f 65//625 1160//623 66//626
f 1174//550 1074//627 1073//628
f 1174//550 1073//628 1031//629
f 24//630 64//551 1173//631
f 1172//510 1164//632 1170//506
f 1058//633 1161//634 25//635
f 1171//508 1163//507 1162//636
f 1171//508 69//637 26//638
f 1237//639 1238//640 1175//641
f 1175//641 1262//642 1263//643
f 1181//644 1283//645 1284//646
f 1184//647 1293//648 1294//649
f 1185//650 1228//651 1221//652
f 1221//652 1220//653 1296//654
f 1298//655 1229//656 1228//651
f 1184//647 1297//657 1227//658
f 1290//659 1291//660 1181//644
f 1279//661 1280//662 1181//644
f 1176//663 1271//664 1272//665
f 1276//666 1202//667 1179//668
f 1212//669 1203//670 1210//671
f 1222//672 1223//673 1224//674
f 1187//675 1230//676 1231//677
f 1183//678 1226//679 1217//680
f 1183//678 1207//681 1180//682
f 1180//682 1206//683 1204//684
f 1205//685 1204//684 1196//686
f 1196//686 1195//687 1194//688
f 1180//682 1216//689 1183//678
f 1233//690 1232//691 1188//692
f 1188//692 1234//693 1233//690
f 1188//692 1226//679 1187//675
f 1186//694 1223//673 1230//676
f 1186//694 1187//675 1225//695
f 1182//696 1215//697 1213//698
f 1182//696 1214//699 1222//672
f 1278//700 1179//668 1277//701
f 1179//668 1288//702 1211//703
f 1250//704 1251//705 1177//706
f 1247//707 1248//708 1176//663
f 1254//709 1255//710 1178//711
f 1242//712 1243//713 1176//663
f 1299//714 1671//715 1672//716
f 1659//717 1310//718 1658//719
f 1655//720 1656//721 1316//722
f 1653//723 1320//724 1652//725
f 1628//726 1626//727 1625//728
f 1333//729 1332//730 1362//731
f 1336//732 1338//733 1337//734
f 1356//735 1355//736 1340//737
f 1343//738 1341//739 1348//740
f 1346//741 1344//742 1347//743
f 1353//744 1352//745 1350//746
f 1360//747 1359//748 1338//733
f 1369//749 1368//750 1434//751
f 1414//752 1379//753 1378//754
f 1388//755 1387//756 1404//757
f 1394//758 1395//759 1393//760
f 1417//761 1418//762 1426//763
f 1428//764 1427//765 1426//763
f 1439//766 1441//767 1562//768
f 1440//769 1441//767 1439//766
f 1444//770 1442//771 1441//767
f 1444//770 1443//772 1445//773
f 1448//774 1450//775 1447//776
f 1455//777 1452//778 1454//779
f 1458//780 1459//781 1472//782
f 1460//783 1459//781 1458//780
f 1470//784 1461//785 1463//786
f 1467//787 1468//788 1465//789
f 1451//790 1468//788 1467//787
f 1448//774 1469//791 1468//788
f 1470//784 1471//792 1459//781
f 1474//793 1475//794 1476//795
f 1478//796 1477//797 1479//798
f 1482//799 1483//800 1473//801
f 1478//796 1481//802 1480//803
f 1486//804 1488//805 1489//806
f 1492//807 1490//808 1491//809
f 1493//810 1484//811 1495//812
f 1492//807 1494//813 1487//814
f 1499//815 1498//816 1496//817
f 1504//818 1501//819 1503//820
f 1503//820 1506//821 1507//822
f 1511//823 1508//824 1509//825
f 1513//826 1512//827 1510//828
f 1511//823 1515//829 1514//830
f 1518//831 1517//832 1516//833
f 1521//834 1520//835 1524//836
f 1523//837 1497//838 1522//839
f 1523//837 1519//840 1500//841
f 1526//842 1525//843 1502//844
f 1504//818 1528//845 1527//846
f 1529//847 1485//848 1530//849
f 1533//850 1535//851 1534//852
f 1536//853 1534//852 1535//851
f 1532//854 1538//855 1535//851
f 1544//856 1546//857 1540//858
f 1545//859 1546//857 1544//856
f 1547//860 1548//861 1550//862
f 1547//860 1541//863 1546//857
f 1560//864 1555//865 1553//866
f 1556//867 1554//868 1555//865
f 1556//867 1561//869 1557//870
f 1559//871 1555//865 1560//864
f 1563//872 1566//873 1564//874
f 1569//875 1565//876 1568//877
f 1569//875 1570//878 1566//873
f 1564//874 1566//873 1571//879
f 1592//880 1593//881 1574//882
f 1585//883 1586//884 1579//885
f 1596//886 1597//887 1646//888
f 1639//889 1605//890 1606//891
f 1630//892 1614//893 1615//894
f 1620//895 1622//896 1625//728
f 1679//897 1677//898 1678//899
f 1677//898 1681//900 1678//899
f 1683//901 1682//902 1684//903
f 1685//904 1686//905 1687//906
f 1688//907 1689//908 1690//909
f 1685//904 1691//910 1692//911
f 1678//899 1695//912 1694//913
f 1773//914 1726//915 1727//916
f 1784//917 1785//918 1751//919
f 1898//920 1899//921 1804//922
f 1824//923 1855//924 1856//925
f 1913//926 1923//927 1924//928
f 1949//929 1948//930 1975//931
f 2031//932 2004//933 1991//934
f 2042//1 1989//1 1988//1
f 2065//1 2043//935 2161//936
f 2099//937 2068//938 2067//939
f 88//11 86//940 94//12
f 98//14 97//29 102//13
f 92//16 104//19 103//15
f 100//18 99//28 104//19
f 90//21 106//24 105//20
f 95//23 101//27 106//24
f 89//26 96//25 106//24
f 101//27 100//18 105//20
f 91//22 105//20 104//19
f 99//28 98//14 103//15
f 93//17 103//15 102//13
f 97//29 87//941 88//11
f 171//32 107//38 108//942
f 108//942 109//943 171//32
f 109//943 158//944 171//32
f 158//944 110//945 171//32
f 110//945 111//946 171//32
f 111//946 112//947 171//32
f 112//947 113//948 171//32
f 113//948 114//949 171//32
f 114//949 159//950 171//32
f 159//950 115//951 171//32
f 115//951 116//952 171//32
f 116//952 117//953 171//32
f 117//953 118//954 171//32
f 118//954 119//955 171//32
f 119//955 120//30 171//32
f 171//32 164//36 133//956
f 133//956 134//957 171//32
f 134//957 135//958 171//32
f 135//958 165//959 171//32
f 165//959 136//960 171//32
f 136//960 137//961 171//32
f 137//961 138//962 171//32
f 138//962 166//963 171//32
f 166//963 139//964 171//32
f 139//964 140//965 171//32
f 140//965 141//966 171//32
f 141//966 167//967 171//32
f 167//967 142//968 171//32
f 142//968 143//969 171//32
f 143//969 144//33 171//32
f 171//32 160//31 121//970
f 121//970 122//971 171//32
f 122//971 123//972 171//32
f 123//972 161//973 171//32
f 161//973 124//974 171//32
f 124//974 125//975 171//32
f 125//975 126//976 171//32
f 126//976 162//977 171//32
f 162//977 127//978 171//32
f 127//978 128//979 171//32
f 128//979 129//980 171//32
f 129//980 163//981 171//32
f 163//981 130//982 171//32
f 130//982 131//983 171//32
f 131//983 132//35 171//32
f 171//32 168//34 145//984
f 145//984 146//985 171//32
f 146//985 147//986 171//32
f 147//986 148//987 171//32
f 148//987 149//988 171//32
f 149//988 150//989 171//32
f 150//989 169//990 171//32
f 169//990 151//991 171//32
f 151//991 152//992 171//32
f 152//992 153//993 171//32
f 153//993 154//994 171//32
f 154//994 155//995 171//32
f 155//995 170//996 171//32
f 170//996 156//997 171//32
f 156//997 157//37 171//32
f 215//39 239//998 312//40
f 313//44 305//999 280//1000
f 313//44 280//1000 281//1001
f 317//92 312//40 285//43
f 312//40 313//44 281//1001
f 284//42 312//40 283//1002
f 286//1003 308//1004 317//92
f 285//43 286//1003 317//92
f 281//1001 282//1005 312//40
f 282//1005 283//1002 312//40
f 313//44 240//1006 219//1007
f 219//1007 220//45 313//44
f 220//45 241//1008 314//46
f 315//49 273//1009 266//1010
f 315//49 266//1010 267//1011
f 277//87 318//86 269//48
f 318//86 314//46 269//48
f 314//46 315//49 268//47
f 315//49 267//1011 268//47
f 315//49 224//91 176//1012
f 176//1012 177//50 315//49
f 177//50 225//1013 316//51
f 316//51 243//67 180//1014
f 180//1014 226//53 316//51
f 226//53 181//1015 319//52
f 181//1015 227//1016 319//52
f 227//1016 182//1017 319//52
f 182//1017 228//1018 319//52
f 322//57 271//1019 255//1020
f 322//57 255//1020 256//1021
f 259//1022 274//1023 319//52
f 258//1024 259//1022 319//52
f 319//52 322//57 256//1021
f 319//52 256//1021 257//54
f 272//55 258//1024 319//52
f 322//57 230//65 186//1025
f 186//1025 231//1026 322//57
f 231//1026 187//58 322//57
f 187//58 188//1027 327//56
f 188//1027 244//1028 327//56
f 327//56 245//61 193//59
f 193//59 194//1029 326//2
f 194//1029 195//1030 326//2
f 195//1030 196//1031 326//2
f 196//1031 246//7 326//2
f 327//56 244//1028 189//1032
f 189//1032 190//1033 327//56
f 190//1033 191//1034 327//56
f 191//1034 192//60 327//56
f 326//2 270//6 247//1035
f 326//2 247//1035 327//56
f 247//1035 248//1036 327//56
f 271//1019 322//57 254//1037
f 322//57 327//56 252//1038
f 254//1037 322//57 253//1039
f 253//1039 322//57 252//1038
f 327//56 248//1036 249//1040
f 327//56 249//1040 250//62
f 251//63 252//1038 327//56
f 319//52 228//1018 183//1041
f 183//1041 184//1042 319//52
f 184//1042 229//1043 322//57
f 319//52 184//1042 322//57
f 229//1043 185//64 322//57
f 316//51 225//1013 178//1044
f 178//1044 179//66 316//51
f 310//68 318//86 321//69
f 275//71 325//74 321//69
f 325//74 174//1045 172//1046
f 172//1046 197//75 325//74
f 197//75 198//1047 324//73
f 198//1047 232//1048 324//73
f 320//81 309//1049 294//1050
f 320//81 294//1050 295//1051
f 324//73 323//78 301//1052
f 323//78 320//81 296//1053
f 297//1054 323//78 296//1053
f 302//1055 307//1056 324//73
f 301//1052 302//1055 324//73
f 320//81 295//1051 296//1053
f 300//1057 301//1052 323//78
f 299//77 300//1057 323//78
f 323//78 297//1054 298//76
f 323//78 233//1058 201//1059
f 201//1059 202//1060 323//78
f 202//1060 203//80 323//78
f 203//80 204//1061 242//79
f 323//78 242//79 205//82
f 205//82 206//1062 320//81
f 206//1062 207//1063 320//81
f 207//1063 234//1064 320//81
f 234//1064 208//1065 320//81
f 208//1065 235//1066 320//81
f 324//73 232//1048 199//1067
f 199//1067 200//83 324//73
f 200//83 233//1058 323//78
f 173//84 174//1045 325//74
f 324//73 307//1056 303//1068
f 304//85 311//70 321//69
f 324//73 303//1068 304//85
f 321//69 325//74 304//85
f 276//72 321//69 318//86
f 319//52 274//1023 260//1069
f 319//52 260//1069 261//1070
f 315//49 316//51 265//1071
f 316//51 319//52 262//1072
f 262//1072 319//52 261//1070
f 265//1071 273//1009 315//49
f 264//89 265//1071 316//51
f 316//51 262//1072 263//88
f 314//46 241//1008 221//1073
f 221//1073 222//1074 314//46
f 222//1074 223//1075 315//49
f 314//46 222//1074 315//49
f 223//1075 175//90 315//49
f 320//81 235//1066 209//93
f 209//93 210//1076 317//92
f 210//1076 236//1077 317//92
f 317//92 308//1004 287//1078
f 317//92 287//1078 288//1079
f 293//1080 309//1049 320//81
f 292//1081 293//1080 320//81
f 317//92 288//1079 289//1082
f 317//92 289//1082 306//1083
f 291//1084 292//1081 320//81
f 317//92 306//1083 290//94
f 290//94 291//1084 320//81
f 318//86 310//68 278//95
f 279//1085 305//999 313//44
f 314//46 318//86 278//95
f 278//95 279//1085 313//44
f 312//40 239//998 216//1086
f 216//1086 217//96 312//40
f 217//96 218//1087 313//44
f 218//1087 240//1006 313//44
f 317//92 236//1077 211//1088
f 211//1088 212//1089 317//92
f 212//1089 213//1090 317//92
f 213//1090 237//1091 317//92
f 237//1091 214//97 312//40
f 317//92 237//1091 312//40
f 371//98 396//1092 469//99
f 470//103 462//1093 436//1094
f 470//103 436//1094 437//1095
f 474//152 469//99 441//1096
f 469//99 470//103 437//1095
f 439//101 469//99 463//1097
f 442//1098 465//1099 474//152
f 441//1096 442//1098 474//152
f 437//1095 438//1100 469//99
f 438//1100 463//1097 469//99
f 440//102 441//1096 469//99
f 470//103 397//1101 375//1102
f 375//1102 376//104 470//103
f 376//104 398//1103 471//105
f 472//108 429//1104 422//1105
f 472//108 422//1105 423//1106
f 433//147 475//146 425//107
f 475//146 471//105 425//107
f 471//105 472//108 424//106
f 472//108 423//1106 424//106
f 472//108 380//151 332//1107
f 332//1107 333//109 472//108
f 333//109 381//1108 473//110
f 473//110 399//126 336//1109
f 336//1109 382//112 473//110
f 382//112 337//1110 476//111
f 337//1110 383//1111 476//111
f 383//1111 338//1112 476//111
f 338//1112 384//1113 476//111
f 479//116 427//1114 411//1115
f 479//116 411//1115 412//1116
f 415//1117 430//1118 476//111
f 414//1119 415//1117 476//111
f 476//111 479//116 412//1116
f 476//111 412//1116 413//113
f 428//114 414//1119 476//111
f 479//116 386//124 342//1120
f 342//1120 387//1121 479//116
f 387//1121 343//117 479//116
f 343//117 344//1122 484//115
f 344//1122 400//1123 484//115
f 484//115 401//120 349//118
f 349//118 350//1124 483//3
f 350//1124 351//1125 483//3
f 351//1125 352//1126 483//3
f 352//1126 402//9 483//3
f 484//115 400//1123 345//1127
f 345//1127 346//1128 484//115
f 346//1128 347//1129 484//115
f 347//1129 348//119 484//115
f 483//3 426//8 403//1130
f 483//3 403//1130 484//115
f 403//1130 404//1131 484//115
f 427//1114 479//116 410//1132
f 479//116 484//115 408//1133
f 410//1132 479//116 409//1134
f 409//1134 479//116 408//1133
f 484//115 404//1131 405//1135
f 484//115 405//1135 406//121
f 407//122 408//1133 484//115
f 476//111 384//1113 339//1136
f 339//1136 340//1137 476//111
f 340//1137 385//1138 479//116
f 476//111 340//1137 479//116
f 385//1138 341//123 479//116
f 473//110 381//1108 334//1139
f 334//1139 335//125 473//110
f 467//127 475//146 478//128
f 431//130 482//133 478//128
f 482//133 330//1140 328//1141
f 328//1141 353//134 482//133
f 353//134 354//1142 481//132
f 354//1142 388//1143 481//132
f 477//142 466//1144 451//1145
f 477//142 451//1145 452//1146
f 481//132 480//137 458//1147
f 480//137 477//142 453//1148
f 454//1149 480//137 453//1148
f 459//1150 464//1151 481//132
f 458//1147 459//1150 481//132
f 477//142 452//1146 453//1148
f 457//1152 458//1147 480//137
f 456//136 457//1152 480//137
f 480//137 454//1149 455//135
f 480//137 389//1153 357//1154
f 357//1154 358//1155 480//137
f 358//1155 359//138 480//137
f 480//137 390//139 360//1156
f 360//1156 361//1157 480//137
f 361//1157 362//1158 477//142
f 480//137 361//1157 477//142
f 362//1158 363//1159 477//142
f 363//1159 391//1160 477//142
f 391//1160 364//140 477//142
f 481//132 388//1143 355//1161
f 355//1161 356//143 481//132
f 356//143 389//1153 480//137
f 329//144 330//1140 482//133
f 481//132 464//1151 460//1162
f 461//145 468//129 478//128
f 481//132 460//1162 461//145
f 478//128 482//133 461//145
f 432//131 478//128 475//146
f 476//111 430//1118 416//1163
f 476//111 416//1163 417//1164
f 472//108 473//110 421//1165
f 473//110 476//111 418//1166
f 418//1166 476//111 417//1164
f 421//1165 429//1104 472//108
f 420//149 421//1165 473//110
f 473//110 418//1166 419//148
f 471//105 398//1103 377//1167
f 377//1167 378//1168 471//105
f 378//1168 379//1169 472//108
f 471//105 378//1168 472//108
f 379//1169 331//150 472//108
f 477//142 392//141 365//153
f 365//153 366//1170 474//152
f 366//1170 393//1171 474//152
f 474//152 465//1099 443//1172
f 474//152 443//1172 444//1173
f 450//1174 466//1144 477//142
f 449//1175 450//1174 477//142
f 474//152 444//1173 445//1176
f 474//152 445//1176 446//1177
f 448//1178 449//1175 477//142
f 474//152 446//1177 447//154
f 447//154 448//1178 477//142
f 475//146 467//127 434//155
f 435//1179 462//1093 470//103
f 471//105 475//146 434//155
f 434//155 435//1179 470//103
f 469//99 396//1092 372//1180
f 372//1180 373//156 469//99
f 373//156 374//1181 470//103
f 374//1181 397//1101 470//103
f 474//152 393//1171 367//1182
f 367//1182 368//1183 474//152
f 368//1183 369//1184 474//152
f 369//1184 394//1185 474//152
f 394//1185 370//157 469//99
f 474//152 394//1185 469//99
f 504//158 503//1186 510//159
f 537//165 533//1187 519//1188
f 537//165 519//1188 520//1189
f 502//184 536//160 495//161
f 536//160 537//165 495//161
f 541//177 500//179 525//1190
f 500//179 495//161 524//163
f 537//165 520//1189 521//1191
f 537//165 521//1191 495//161
f 521//1191 522//1192 495//161
f 500//179 524//163 525//1190
f 526//1193 534//1194 541//177
f 525//1190 526//1193 541//177
f 495//161 522//1192 523//162
f 508//164 538//168 537//165
f 515//167 514//1195 538//168
f 506//170 540//170 539//169
f 511//171 516//174 540//170
f 505//173 512//172 540//170
f 516//174 515//167 539//169
f 507//169 539//169 538//168
f 541//177 535//1196 488//1197
f 535//1196 485//1198 497//1199
f 497//1199 485//1198 496//1200
f 485//1198 486//1201 498//1202
f 498//1202 496//1200 485//1198
f 497//1199 487//1203 535//1196
f 487//1203 488//1197 535//1196
f 488//1197 489//1204 541//177
f 489//1204 490//175 541//177
f 541//177 499//176 491//1205
f 491//1205 492//1206 541//177
f 492//1206 493//1207 541//177
f 493//1207 494//178 541//177
f 541//177 534//1194 527//1208
f 541//177 527//1208 528//1209
f 532//1210 535//1196 531//1211
f 535//1196 541//177 530//181
f 531//1211 535//1196 530//181
f 541//177 528//1209 529//180
f 538//168 514//1195 513//1212
f 538//168 513//1212 517//183
f 533//1187 537//165 518//182
f 537//165 538//168 517//183
f 509//166 537//165 536//160
f 502//184 501//1213 504//158
f 551//185 554//1214 604//186
f 610//189 548//212 547//190
f 547//190 550//215 604//186
f 604//186 605//188 547//190
f 542//191 546//211 610//189
f 606//193 601//1215 543//194
f 543//194 544//192 610//189
f 610//189 605//188 543//194
f 561//195 607//198 606//193
f 603//197 602//195 607//198
f 608//199 560//209 559//1216
f 559//1216 577//1217 608//199
f 577//1217 563//200 608//199
f 563//200 564//1218 609//5
f 564//1218 565//1219 609//5
f 565//1219 581//10 609//5
f 609//5 578//4 566//202
f 566//202 567//1220 611//201
f 567//1220 568//1221 611//201
f 568//1221 569//1222 611//201
f 569//1222 570//1223 611//201
f 570//1223 571//1224 611//201
f 571//1224 579//1225 611//201
f 579//1225 572//1226 611//201
f 572//1226 580//1227 611//201
f 583//205 582//1228 584//1229
f 583//205 584//1229 585//1230
f 593//1231 600//1232 611//201
f 592//1233 593//1231 611//201
f 611//201 583//205 587//1234
f 583//205 585//1230 586//1235
f 583//205 586//1235 587//1234
f 591//1236 592//1233 611//201
f 590//1237 591//1236 611//201
f 611//201 587//1234 599//1238
f 589//204 590//1237 611//201
f 611//201 599//1238 588//203
f 611//201 580//1227 573//1239
f 573//1239 574//1240 611//201
f 574//1240 575//206 611//201
f 575//206 576//1241 583//205
f 611//201 600//1232 594//1242
f 611//201 594//1242 609//5
f 594//1242 595//1243 609//5
f 608//199 609//5 596//207
f 598//1244 603//197 608//199
f 597//208 598//1244 608//199
f 609//5 595//1243 596//207
f 560//209 608//199 607//198
f 602//195 601//1215 606//193
f 605//188 557//1245 558//210
f 557//1245 556//1246 558//210
f 558//210 562//196 606//193
f 546//211 545//1247 548//212
f 604//186 554//1214 553//213
f 553//213 555//1248 557//1245
f 557//1245 605//188 553//213
f 549//214 552//187 604//186
f 644//216 643//1249 650//217
f 700//222 683//1250 660//1251
f 700//222 660//1251 699//218
f 660//1251 661//1252 699//218
f 704//233 699//218 664//1253
f 665//1254 689//1255 704//233
f 664//1253 665//1254 704//233
f 699//218 661//1252 684//1256
f 699//218 684//1256 662//219
f 663//220 664//1253 699//218
f 648//221 701//225 700//222
f 655//224 654//1257 701//225
f 646//226 703//229 702//169
f 651//228 656//232 703//229
f 645//231 652//230 703//229
f 656//232 655//224 702//169
f 647//227 702//169 701//225
f 705//234 638//1258 627//1259
f 627//1259 628//1260 705//234
f 628//1260 629//235 705//234
f 629//235 639//1261 704//233
f 705//234 686//1262 672//1263
f 705//234 672//1263 673//1264
f 688//1265 707//242 680//1266
f 707//242 706//238 679//1267
f 680//1266 707//242 687//1268
f 687//1268 707//242 679//1267
f 706//238 705//234 674//1269
f 705//234 673//1264 674//1269
f 706//238 674//1269 675//1270
f 706//238 675//1270 676//1271
f 678//237 679//1267 706//238
f 706//238 676//1271 677//236
f 706//238 637//252 616//1272
f 616//1272 617//1273 706//238
f 617//1273 618//1274 706//238
f 618//1274 619//1275 706//238
f 619//1275 620//1276 706//238
f 620//1276 621//1277 706//238
f 621//1277 622//239 706//238
f 708//243 696//1278 612//241
f 612//241 635//1279 707//242
f 692//244 709//167 708//243
f 698//246 697//169 709//167
f 690//247 695//250 710//246
f 694//249 698//246 710//246
f 691//248 710//246 709//167
f 697//169 696//1278 708//243
f 707//242 635//1279 613//1280
f 613//1280 614//1281 707//242
f 614//1281 636//1282 706//238
f 707//242 614//1281 706//238
f 636//1282 615//251 706//238
f 707//242 688//1265 681//1283
f 682//253 693//245 708//243
f 707//242 681//1283 682//253
f 706//238 641//240 623//1284
f 623//1284 624//1285 706//238
f 624//1285 625//254 706//238
f 625//254 626//1286 705//234
f 626//1286 638//1258 705//234
f 704//233 689//1255 666//1287
f 704//233 666//1287 685//1288
f 671//1289 686//1262 705//234
f 670//1290 671//1289 705//234
f 704//233 685//1288 667//1291
f 704//233 667//1291 668//255
f 670//1290 705//234 669//256
f 705//234 704//233 669//256
f 701//225 654//1257 653//1292
f 701//225 653//1292 657//258
f 683//1250 700//222 659//1293
f 700//222 701//225 657//258
f 659//1293 700//222 658//257
f 649//223 700//222 699//218
f 704//233 639//1261 630//1294
f 630//1294 631//1295 704//233
f 631//1295 632//1296 704//233
f 632//1296 640//1297 704//233
f 640//1297 633//1298 704//233
f 634//259 642//1299 644//216
f 633//1298 634//259 704//233
f 634//259 644//216 699//218
f 783//260 789//321 810//261
f 779//263 810//261 811//264
f 787//266 812//269 811//264
f 782//268 781//320 812//269
f 813//270 786//319 785//1300
f 785//1300 800//271 813//270
f 800//271 809//1301 814//272
f 816//276 776//1302 763//1303
f 816//276 763//1303 764//1304
f 814//272 815//275 767//274
f 815//275 816//276 764//1304
f 768//1305 777//1306 814//272
f 767//274 768//1305 814//272
f 815//275 764//1304 765//1307
f 815//275 765//1307 766//273
f 816//276 807//311 798//1308
f 798//1308 799//277 816//276
f 799//277 808//1309 817//278
f 818//281 774//1310 752//1311
f 818//281 752//1311 753//1312
f 775//1313 817//278 757//1314
f 817//278 818//281 756//280
f 757//1314 817//278 756//280
f 818//281 753//1312 754//1315
f 818//281 754//1315 755//279
f 818//281 727//1316 714//1317
f 714//1317 728//1318 818//281
f 728//1318 715//283 818//281
f 715//283 716//1319 824//282
f 716//1319 730//1320 824//282
f 824//282 731//306 719//1321
f 719//1321 720//1322 824//282
f 720//1322 721//1323 823//286
f 824//282 720//1322 823//286
f 721//1323 722//1324 823//286
f 722//1324 723//1325 823//286
f 723//1325 724//284 823//286
f 822//291 740//303 739//1326
f 822//291 739//1326 744//288
f 773//1327 823//286 746//1328
f 823//286 822//291 744//288
f 746//1328 823//286 745//287
f 736//289 735//302 821//290
f 741//292 821//290 820//293
f 733//295 819//298 820//293
f 737//297 743//301 819//298
f 732//300 738//299 819//298
f 743//301 742//294 820//293
f 735//302 734//296 820//293
f 740//303 822//291 821//290
f 823//286 729//285 725//304
f 725//304 726//1329 822//291
f 726//1329 736//289 822//291
f 824//282 730//1320 717//1330
f 717//1330 718//305 824//282
f 823//286 773//1327 747//1331
f 823//286 747//1331 748//1332
f 818//281 824//282 750//308
f 824//282 823//286 748//1332
f 751//1333 774//1310 818//281
f 750//308 751//1333 818//281
f 824//282 748//1332 749//307
f 817//278 808//1309 711//1334
f 711//1334 712//309 817//278
f 712//309 713//1335 818//281
f 713//1335 727//1316 818//281
f 815//275 805//313 795//1336
f 795//1336 796//1337 815//275
f 796//1337 806//1338 816//276
f 815//275 796//1337 816//276
f 806//1338 797//310 816//276
f 815//275 804//1339 793//1340
f 793//1340 794//312 815//275
f 817//278 775//1313 758//1341
f 817//278 758//1341 759//314
f 762//1342 776//1302 816//276
f 761//1343 762//1342 816//276
f 816//276 817//278 759//314
f 760//315 761//1343 816//276
f 814//272 809//1301 801//1344
f 801//1344 802//1345 814//272
f 802//1345 803//1346 814//272
f 803//1346 790//1347 814//272
f 790//1347 791//316 814//272
f 791//316 792//1348 815//275
f 792//1348 804//1339 815//275
f 814//272 777//1306 769//1349
f 814//272 769//1349 770//317
f 782//268 813//270 772//1350
f 813//270 814//272 771//318
f 772//1350 813//270 771//318
f 786//319 813//270 812//269
f 781//320 780//265 811//264
f 789//321 788//267 811//264
f 778//322 784//262 810//261
f 846//1351 825//325 906//1352
f 825//325 847//1353 901//1354
f 906//1352 825//325 905//324
f 901//1354 902//1355 825//325
f 902//1355 903//1356 825//325
f 903//1356 904//323 825//325
f 858//1357 826//424 922//1358
f 826//424 825//325 921//1359
f 922//1358 826//424 921//1359
f 825//325 829//328 916//1360
f 829//328 859//1361 915//1362
f 829//328 915//1362 916//1360
f 825//325 916//1360 917//1363
f 920//1364 921//1359 825//325
f 919//327 920//1364 825//325
f 825//325 917//1363 918//326
f 829//328 833//416 935//329
f 833//416 870//1365 933//1366
f 833//416 933//1366 934//1367
f 938//1368 859//1361 829//328
f 937//1369 938//1368 829//328
f 833//416 934//1367 935//329
f 936//330 937//1369 829//328
f 870//1365 833//416 953//1370
f 833//416 836//331 952//333
f 953//1370 833//416 952//333
f 836//331 877//1371 950//1372
f 836//331 950//1372 951//332
f 877//1371 836//331 965//336
f 836//331 838//334 965//336
f 838//334 839//407 964//335
f 839//407 884//1373 964//335
f 885//339 839//407 891//1374
f 839//407 889//1375 891//1374
f 891//1374 841//337 885//339
f 897//1376 842//344 999//341
f 842//344 841//337 999//341
f 898//1377 843//347 1001//343
f 843//347 842//344 1001//343
f 842//344 897//1376 1000//342
f 899//1378 844//350 1004//1379
f 844//350 843//347 1003//346
f 1004//1379 844//350 1003//346
f 843//347 898//1377 1002//345
f 900//1380 845//352 1008//349
f 845//352 844//350 1008//349
f 844//350 899//1378 1005//1381
f 1005//1381 1006//1382 844//350
f 1006//1382 1007//348 844//350
f 895//1383 845//352 1010//351
f 845//352 900//1380 1009//353
f 887//1384 840//356 996//1385
f 840//356 845//352 994//354
f 996//1385 840//356 995//355
f 845//352 895//1383 994//354
f 882//1386 837//1387 977//1388
f 837//1387 840//356 976//358
f 977//1388 837//1387 976//358
f 840//356 887//1384 975//357
f 875//1389 835//361 962//360
f 835//361 837//1387 961//359
f 837//1387 882//1386 959//1390
f 959//1390 960//1391 837//1387
f 960//1391 961//359 837//1387
f 868//1392 832//364 947//363
f 832//364 835//361 947//363
f 835//361 875//1389 945//1393
f 945//1393 946//362 835//361
f 832//364 868//1392 930//365
f 866//1394 831//369 929//1395
f 831//369 832//364 927//367
f 929//1395 831//369 928//368
f 832//364 867//366 927//367
f 831//369 865//373 939//370
f 940//371 873//1396 831//369
f 865//373 831//369 856//1397
f 831//369 866//1394 856//1397
f 856//1397 828//374 865//373
f 828//374 862//1398 926//372
f 862//1398 828//374 925//1399
f 828//374 827//383 863//377
f 925//1399 828//374 863//377
f 827//383 830//375 863//377
f 834//378 872//380 864//376
f 878//379 880//1400 872//380
f 834//378 871//382 879//381
f 830//375 861//384 871//382
f 827//383 851//386 861//384
f 853//385 852//1401 851//386
f 853//385 827//383 854//388
f 827//383 828//374 854//388
f 855//387 828//374 911//389
f 828//374 856//1397 910//390
f 874//1402 835//361 944//1403
f 835//361 832//364 943//392
f 944//1403 835//361 943//392
f 832//364 831//369 942//391
f 831//369 873//1396 941//1404
f 831//369 941//1404 942//391
f 881//1405 837//1387 958//1406
f 837//1387 835//361 957//394
f 958//1406 837//1387 957//394
f 835//361 874//1402 954//1407
f 835//361 954//1407 955//1408
f 835//361 955//1408 956//393
f 840//356 837//1387 970//1409
f 837//1387 881//1405 969//1410
f 837//1387 969//1410 970//1409
f 974//1411 886//397 840//356
f 973//1412 974//1411 840//356
f 840//356 970//1409 971//395
f 972//396 973//1412 840//356
f 894//1413 844//350 993//1414
f 844//350 845//352 992//398
f 993//1414 844//350 992//398
f 845//352 840//356 886//397
f 893//1415 843//347 991//1416
f 843//347 844//350 990//400
f 991//1416 843//347 990//400
f 844//350 894//1413 988//1417
f 844//350 988//1417 989//399
f 892//1418 842//344 987//1419
f 842//344 843//347 986//402
f 987//1419 842//344 986//402
f 843//347 893//1415 984//1420
f 843//347 984//1420 985//401
f 890//338 841//337 983//1421
f 841//337 842//344 981//403
f 983//1421 841//337 982//404
f 842//344 892//1418 981//403
f 896//340 841//337 998//405
f 841//337 891//1374 997//406
f 839//407 885//339 966//1422
f 839//407 966//1422 967//408
f 968//409 884//1373 839//407
f 889//1375 839//407 980//411
f 839//407 838//334 979//410
f 838//334 888//413 979//410
f 838//334 883//1423 978//412
f 883//1423 838//334 963//415
f 838//334 836//331 963//415
f 876//414 836//331 949//1424
f 836//331 833//416 948//418
f 949//1424 836//331 948//418
f 869//417 833//416 932//420
f 833//416 829//328 932//420
f 829//328 857//1425 931//419
f 850//423 826//424 924//421
f 826//424 858//1357 923//1426
f 826//424 923//1426 924//421
f 857//1425 829//328 914//1427
f 829//328 825//325 912//426
f 914//1427 829//328 913//427
f 825//325 846//1351 912//426
f 847//1353 825//325 909//1428
f 825//325 826//424 849//425
f 849//425 848//1429 907//1430
f 825//325 908//428 909//1428
f 907//1430 908//428 849//425
f 1026//1431 1011//431 1063//1432
f 1011//431 1027//1433 1060//1434
f 1063//1432 1011//431 1062//430
f 1060//1434 1061//429 1011//431
f 1033//1435 1012//497 1087//1436
f 1012//497 1011//431 1085//1437
f 1087//1436 1012//497 1086//1438
f 1011//431 1015//434 1080//1439
f 1015//434 1034//1440 1078//1441
f 1015//434 1078//1441 1079//1442
f 1086//1438 1012//497 1085//1437
f 1015//434 1079//1442 1080//1439
f 1084//1443 1085//1437 1011//431
f 1011//431 1080//1439 1081//1444
f 1011//431 1081//1444 1082//432
f 1083//433 1084//1443 1011//431
f 1018//494 1042//1445 1100//1446
f 1018//494 1100//1446 1101//1447
f 1105//1448 1034//1440 1015//434
f 1104//1449 1105//1448 1015//434
f 1018//494 1101//1447 1041//1450
f 1015//434 1018//494 1041//1450
f 1103//436 1104//1449 1015//434
f 1015//434 1041//1450 1102//435
f 1042//1445 1018//494 1122//1451
f 1018//494 1020//437 1121//1452
f 1122//1451 1018//494 1121//1452
f 1020//437 1047//1453 1117//1454
f 1020//437 1117//1454 1118//1455
f 1020//437 1118//1455 1119//438
f 1120//439 1121//1452 1020//437
f 1047//1453 1020//437 1050//1456
f 1050//1456 1052//1457 1047//1453
f 1052//1457 1022//440 1047//1453
f 1047//1453 1022//440 1136//442
f 1057//1458 1023//445 1158//444
f 1023//445 1022//440 1157//443
f 1022//440 1056//1459 1157//443
f 1058//1460 1024//450 1161//1461
f 1024//450 1023//445 1160//447
f 1161//1461 1024//450 1160//447
f 1023//445 1057//1458 1159//446
f 1059//1462 1025//453 1165//449
f 1025//453 1024//450 1165//449
f 1024//450 1058//1460 1162//1463
f 1162//1463 1163//1464 1024//450
f 1163//1464 1164//448 1024//450
f 1055//1465 1025//453 1169//1466
f 1025//453 1059//1462 1166//1467
f 1169//1466 1025//453 1168//452
f 1166//1467 1167//451 1025//453
f 1049//1468 1021//456 1154//1469
f 1021//456 1025//453 1152//454
f 1154//1469 1021//456 1153//455
f 1025//453 1055//1465 1152//454
f 1045//1470 1019//459 1133//458
f 1019//459 1021//456 1132//457
f 1021//456 1049//1468 1130//1471
f 1130//1471 1131//1472 1021//456
f 1131//1472 1132//457 1021//456
f 1038//1473 1017//463 1114//461
f 1017//463 1019//459 1114//461
f 1019//459 1045//1470 1112//1474
f 1112//1474 1113//460 1019//459
f 1037//1475 1017//463 1097//462
f 1017//463 1038//1473 1096//464
f 1031//466 1014//474 1016//467
f 1016//467 1017//463 1037//1475
f 1037//1475 1095//465 1016//467
f 1036//468 1016//467 1094//1476
f 1016//467 1014//474 1094//1476
f 1014//474 1013//470 1093//472
f 1013//470 1035//1477 1091//1478
f 1013//470 1091//1478 1092//471
f 1093//472 1094//1476 1014//474
f 1030//1479 1014//474 1074//473
f 1014//474 1031//466 1073//475
f 1029//1480 1013//470 1072//477
f 1013//470 1014//474 1071//476
f 1014//474 1030//1479 1071//476
f 1044//1481 1019//459 1111//1482
f 1019//459 1017//463 1109//479
f 1111//1482 1019//459 1110//1483
f 1017//463 1016//467 1107//1484
f 1016//467 1043//469 1106//1485
f 1016//467 1106//1485 1107//1484
f 1110//1483 1019//459 1109//479
f 1017//463 1107//1484 1108//478
f 1019//459 1044//1481 1123//1486
f 1019//459 1123//1486 1124//1487
f 1129//1488 1048//1489 1021//456
f 1128//1490 1129//1488 1021//456
f 1021//456 1019//459 1125//1491
f 1019//459 1124//1487 1125//1491
f 1127//481 1128//1490 1021//456
f 1021//456 1125//1491 1126//480
f 1054//1492 1024//450 1151//1493
f 1024//450 1025//453 1150//1494
f 1151//1493 1024//450 1150//1494
f 1025//453 1021//456 1147//1495
f 1021//456 1048//1489 1145//1496
f 1021//456 1145//1496 1146//1497
f 1021//456 1146//1497 1147//1495
f 1149//483 1150//1494 1025//453
f 1025//453 1147//1495 1148//482
f 1053//1498 1023//445 1144//1499
f 1023//445 1024//450 1142//485
f 1144//1499 1023//445 1143//1500
f 1024//450 1054//1492 1140//1501
f 1024//450 1140//1501 1141//484
f 1143//1500 1023//445 1142//485
f 1051//441 1022//440 1139//1502
f 1022//440 1023//445 1138//487
f 1139//1502 1022//440 1138//487
f 1023//445 1053//1498 1137//486
f 1056//1459 1022//440 1156//488
f 1022//440 1052//1457 1155//489
f 1050//1456 1020//437 1135//490
f 1020//437 1046//1503 1134//491
f 1046//1503 1020//437 1116//493
f 1020//437 1018//494 1116//493
f 1018//494 1039//1504 1115//492
f 1039//1504 1018//494 1099//1505
f 1018//494 1015//434 1040//496
f 1099//1505 1018//494 1040//496
f 1015//434 1032//1506 1098//495
f 1035//1477 1013//470 1090//1507
f 1013//470 1012//497 1089//499
f 1090//1507 1013//470 1089//499
f 1012//497 1033//1435 1088//498
f 1028//1508 1012//497 1070//1509
f 1012//497 1013//470 1068//500
f 1070//1509 1012//497 1069//501
f 1013//470 1029//1480 1068//500
f 1032//1506 1015//434 1077//1510
f 1015//434 1011//431 1075//502
f 1077//1510 1015//434 1076//503
f 1011//431 1026//1431 1075//502
f 1027//1433 1011//431 1067//505
f 1011//431 1012//497 1066//504
f 1012//497 1028//1508 1064//1511
f 1064//1511 1065//1512 1012//497
f 1065//1512 1066//504 1012//497
f 1170//506 1164//632 1163//507
f 1170//506 68//1513 67//509
f 1172//510 67//509 27//511
f 1165//513 1172//510 82//512
f 82//512 81//514 1165//513
f 81//514 1166//517 1059//515
f 80//516 1167//519 1166//517
f 79//518 1168//520 1167//519
f 1168//520 79//518 34//521
f 35//522 85//1514 1168//520
f 85//1514 1169//525 1168//520
f 1169//525 85//1514 84//523
f 84//523 1152//527 1055//524
f 83//526 1153//530 1152//527
f 1153//530 83//526 33//528
f 33//528 78//1515 1154//529
f 1154//529 78//1515 77//531
f 77//531 1130//1516 1049//532
f 1130//1516 77//531 1131//534
f 77//531 32//535 1131//534
f 32//535 76//1517 1132//533
f 1132//533 76//1517 1133//537
f 76//1517 75//538 1133//537
f 75//538 74//1518 1045//536
f 74//1518 1112//540 1045//536
f 1112//540 74//1518 31//541
f 31//541 73//1519 1114//1520
f 1114//1520 1113//539 31//541
f 1114//1520 73//1519 1038//542
f 73//1519 30//543 1038//542
f 28//1521 72//545 1096//544
f 30//543 28//1521 1096//544
f 72//545 71//1522 1097//546
f 1097//546 71//1522 1037//548
f 71//1522 70//549 1037//548
f 70//549 1173//631 1095//547
f 1174//550 1173//631 64//551
f 1074//627 1174//550 63//552
f 63//552 23//1523 1074//627
f 23//1523 22//553 1030//555
f 22//553 62//1524 1071//554
f 1030//555 1074//627 23//1523
f 1071//554 62//1524 1072//558
f 62//1524 18//556 1072//558
f 1072//558 58//557 1029//561
f 58//557 17//559 1029//561
f 17//559 57//562 1068//560
f 57//562 56//1525 1069//563
f 1069//563 56//1525 1070//566
f 56//1525 14//564 1070//566
f 1070//566 54//565 1028//567
f 54//565 53//569 1064//568
f 53//569 52//1526 1065//570
f 1065//570 52//1526 13//571
f 13//571 51//573 1066//572
f 51//573 50//1527 1067//574
f 1067//574 50//1527 1027//577
f 50//1527 49//575 1027//577
f 1060//576 49//575 3//579
f 3//579 4//1528 1061//578
f 4//1528 42//581 1061//578
f 41//580 1062//583 1061//578
f 40//582 1063//1529 1062//583
f 1063//1529 40//582 1026//586
f 40//582 39//584 1026//586
f 1075//585 39//584 5//1530
f 1//587 38//590 1076//588
f 1075//585 5//1530 1//587
f 37//589 1077//1531 1076//588
f 1077//1531 37//589 1032//593
f 37//589 36//591 1032//593
f 1098//592 36//591 2//594
f 2//594 8//598 1040//595
f 43//1532 1099//597 6//596
f 1099//597 1040//595 8//598
f 1099//597 43//1532 1039//600
f 43//1532 7//601 1039//600
f 7//601 44//1533 1115//599
f 1115//599 44//1533 9//602
f 9//602 46//1534 1116//603
f 1116//603 46//1534 1046//606
f 46//1534 45//604 1046//606
f 1134//605 45//604 10//1535
f 10//1535 11//607 1134//605
f 11//607 48//1536 1135//608
f 1135//608 48//1536 1050//1537
f 48//1536 47//609 1052//611
f 1050//1537 48//1536 1052//611
f 1155//610 47//609 12//1538
f 12//1538 15//612 1155//610
f 15//612 55//1539 1156//613
f 1156//613 55//1539 1056//616
f 55//1539 16//614 1056//616
f 16//614 60//618 1157//615
f 59//617 1158//620 1157//615
f 1158//620 59//617 19//1540
f 19//1540 20//621 1158//620
f 20//621 61//1541 1057//619
f 61//1541 1159//624 1057//619
f 1159//624 61//1541 21//622
f 21//622 66//626 1160//623
f 65//625 1161//634 1160//623
f 1095//547 1173//631 1031//629
f 1173//631 1174//550 1031//629
f 1173//631 70//549 29//1542
f 29//1542 24//630 1173//631
f 1172//510 1165//513 1164//632
f 1161//634 65//625 25//635
f 25//635 69//637 1162//636
f 69//637 1171//508 1162//636
f 1162//636 1058//633 25//635
f 68//1513 1170//506 26//638
f 1170//506 1171//508 26//638
f 1189//1543 1175//641 1239//1544
f 1175//641 1190//1545 1236//1546
f 1239//1544 1175//641 1238//640
f 1236//1546 1237//639 1175//641
f 1198//1547 1176//663 1269//1548
f 1176//663 1175//641 1267//1549
f 1269//1548 1176//663 1268//1550
f 1175//641 1178//711 1259//1551
f 1178//711 1199//1552 1257//1553
f 1178//711 1257//1553 1258//1554
f 1268//1550 1176//663 1267//1549
f 1178//711 1258//1554 1259//1551
f 1266//1555 1267//1549 1175//641
f 1175//641 1259//1551 1260//1556
f 1175//641 1260//1556 1261//1557
f 1265//1558 1266//1555 1175//641
f 1264//1559 1265//1558 1175//641
f 1175//641 1261//1557 1262//642
f 1263//643 1264//1559 1175//641
f 1199//1552 1178//711 1286//1560
f 1178//711 1181//644 1284//646
f 1286//1560 1178//711 1285//1561
f 1181//644 1209//1562 1281//1563
f 1181//644 1281//1563 1282//1564
f 1285//1561 1178//711 1284//646
f 1181//644 1282//1564 1283//645
f 1209//1562 1181//644 1295//1565
f 1181//644 1184//647 1294//649
f 1295//1565 1181//644 1294//649
f 1184//647 1185//650 1292//1566
f 1185//650 1219//1567 1292//1566
f 1184//647 1292//1566 1293//648
f 1219//1567 1185//650 1296//654
f 1185//650 1221//652 1296//654
f 1228//651 1185//650 1298//655
f 1185//650 1184//647 1298//655
f 1184//647 1227//658 1298//655
f 1184//647 1218//1568 1297//657
f 1218//1568 1184//647 1291//660
f 1184//647 1181//644 1291//660
f 1181//644 1208//1569 1289//1570
f 1289//1570 1290//659 1181//644
f 1208//1569 1181//644 1280//662
f 1181//644 1178//711 1279//661
f 1178//711 1197//1571 1279//661
f 1200//1572 1177//706 1274//1573
f 1177//706 1176//663 1272//665
f 1274//1573 1177//706 1273//1574
f 1176//663 1198//1547 1270//1575
f 1176//663 1270//1575 1271//664
f 1273//1574 1177//706 1272//665
f 1193//1576 1177//706 1275//1577
f 1177//706 1200//1572 1275//1577
f 1179//668 1201//1578 1276//666
f 1201//1578 1193//1576 1275//1577
f 1276//666 1201//1578 1275//1577
f 1203//670 1179//668 1210//671
f 1210//671 1214//699 1213//698
f 1214//699 1182//696 1213//698
f 1210//671 1213//698 1212//669
f 1223//673 1186//694 1224//674
f 1224//674 1215//697 1222//672
f 1215//697 1182//696 1222//672
f 1231//677 1188//692 1187//675
f 1187//675 1186//694 1230//676
f 1183//678 1187//675 1226//679
f 1183//678 1217//680 1207//681
f 1180//682 1207//681 1206//683
f 1196//686 1194//688 1205//685
f 1205//685 1180//682 1204//684
f 1180//682 1205//685 1216//689
f 1233//690 1235//1579 1232//691
f 1188//692 1231//677 1234//693
f 1188//692 1232//691 1226//679
f 1187//675 1183//678 1225//695
f 1183//678 1216//689 1225//695
f 1225//695 1224//674 1186//694
f 1201//1578 1179//668 1278//700
f 1179//668 1203//670 1277//701
f 1179//668 1202//667 1287//1580
f 1179//668 1287//1580 1288//702
f 1211//703 1210//671 1179//668
f 1192//1581 1177//706 1251//705
f 1177//706 1193//1576 1249//1582
f 1250//704 1177//706 1249//1582
f 1191//1583 1176//663 1248//708
f 1176//663 1177//706 1246//1584
f 1246//1584 1177//706 1245//1585
f 1177//706 1192//1581 1245//1585
f 1246//1584 1247//707 1176//663
f 1197//1571 1178//711 1256//1586
f 1178//711 1175//641 1254//709
f 1256//1586 1178//711 1255//710
f 1175//641 1189//1543 1252//1587
f 1252//1587 1253//1588 1175//641
f 1253//1588 1254//709 1175//641
f 1190//1545 1175//641 1244//1589
f 1175//641 1176//663 1243//713
f 1244//1589 1175//641 1243//713
f 1176//663 1191//1583 1240//1590
f 1240//1590 1241//1591 1176//663
f 1241//1591 1242//712 1176//663
f 1303//1592 1663//1593 1664//1594
f 1303//1592 1664//1594 1665//1595
f 1301//1596 1302//1597 1670//1598
f 1302//1597 1303//1592 1668//1599
f 1668//1599 1303//1592 1667//1600
f 1300//1601 1299//714 1672//716
f 1299//714 1301//1596 1671//715
f 1671//715 1301//1596 1670//1598
f 1587//1602 1586//884 1588//1603
f 1586//884 1300//1601 1673//1604
f 1588//1603 1586//884 1589//1605
f 1589//1605 1586//884 1676//1606
f 1303//1592 1665//1595 1666//1607
f 1303//1592 1666//1607 1667//1600
f 1676//1606 1586//884 1675//1608
f 1675//1608 1586//884 1674//1609
f 1302//1597 1668//1599 1669//1610
f 1302//1597 1669//1610 1670//1598
f 1674//1609 1586//884 1673//1604
f 1672//716 1673//1604 1300//1601
f 1314//1611 1315//1612 1313//1613
f 1315//1612 1657//1614 1312//1615
f 1313//1613 1315//1612 1312//1615
f 1657//1614 1658//719 1311//1616
f 1312//1615 1657//1614 1311//1616
f 1310//718 1311//1616 1658//719
f 1310//718 1659//717 1660//1617
f 1308//1618 1309//1619 1661//1620
f 1309//1619 1310//718 1660//1617
f 1306//1621 1307//1622 1663//1593
f 1307//1622 1308//1618 1662//1623
f 1304//1624 1305//1625 1663//1593
f 1305//1625 1306//1621 1663//1593
f 1663//1593 1303//1592 1304//1624
f 1662//1623 1663//1593 1307//1622
f 1308//1618 1661//1620 1662//1623
f 1309//1619 1660//1617 1661//1620
f 1320//724 1321//1626 1318//1627
f 1321//1626 1654//1628 1318//1627
f 1654//1628 1655//720 1317//1629
f 1318//1627 1654//1628 1317//1629
f 1318//1627 1319//1630 1320//724
f 1316//722 1317//1629 1655//720
f 1315//1612 1314//1611 1656//721
f 1314//1611 1316//722 1656//721
f 1625//728 1623//1631 1324//1632
f 1623//1631 1624//1633 1323//1634
f 1324//1632 1623//1631 1323//1634
f 1624//1633 1652//725 1322//1635
f 1324//1632 1325//1636 1625//728
f 1322//1635 1323//1634 1624//1633
f 1321//1626 1320//724 1653//723
f 1320//724 1322//1635 1652//725
f 1625//728 1325//1636 1326//1637
f 1326//1637 1327//1638 1625//728
f 1327//1638 1328//1639 1625//728
f 1328//1639 1329//1640 1625//728
f 1329//1640 1628//726 1625//728
f 1365//1641 1364//1642 1436//1643
f 1364//1642 1362//731 1330//1644
f 1436//1643 1364//1642 1331//1645
f 1362//731 1338//733 1333//729
f 1338//733 1335//1646 1334//1647
f 1333//729 1338//733 1334//1647
f 1332//730 1330//1644 1362//731
f 1330//1644 1331//1645 1364//1642
f 1336//732 1335//1646 1338//733
f 1351//1648 1350//746 1349//1649
f 1349//1649 1342//1650 1340//737
f 1342//1650 1341//739 1340//737
f 1340//737 1339//1651 1356//735
f 1339//1651 1337//734 1356//735
f 1355//736 1351//1648 1340//737
f 1351//1648 1349//1649 1340//737
f 1338//733 1356//735 1337//734
f 1341//739 1342//1650 1348//740
f 1348//740 1347//743 1343//738
f 1347//743 1344//742 1343//738
f 1346//741 1345//1652 1344//742
f 1350//746 1351//1648 1354//1653
f 1354//1653 1353//744 1350//746
f 1338//733 1362//731 1361//1654
f 1338//733 1361//1654 1363//1655
f 1357//1656 1356//735 1338//733
f 1358//1657 1357//1656 1338//733
f 1338//733 1363//1655 1360//747
f 1359//748 1358//1657 1338//733
f 1426//763 1427//765 1373//1658
f 1426//763 1373//1658 1372//1659
f 1425//1660 1424//1661 1426//763
f 1430//1662 1429//1663 1371//1664
f 1429//1663 1425//1660 1371//1664
f 1432//1665 1431//1666 1370//1667
f 1431//1666 1430//1662 1370//1667
f 1370//1667 1430//1662 1371//1664
f 1434//751 1433//1668 1369//749
f 1433//1668 1432//1665 1369//749
f 1369//749 1432//1665 1370//1667
f 1365//1641 1435//1669 1368//750
f 1435//1669 1434//751 1368//750
f 1366//1670 1364//1642 1365//1641
f 1367//1671 1366//1670 1365//1641
f 1425//1660 1426//763 1372//1659
f 1425//1660 1372//1659 1371//1664
f 1368//750 1367//1671 1365//1641
f 1408//1672 1409//1673 1385//1674
f 1408//1672 1385//1674 1384//1675
f 1411//1676 1410//1677 1382//1678
f 1410//1677 1408//1672 1383//1679
f 1382//1678 1410//1677 1383//1679
f 1413//1680 1412//1681 1380//1682
f 1412//1681 1411//1676 1381//1683
f 1381//1683 1411//1676 1382//1678
f 1415//1684 1414//752 1378//754
f 1414//752 1413//1680 1379//753
f 1418//762 1416//1685 1377//1686
f 1416//1685 1415//1684 1378//754
f 1428//764 1426//763 1374//1687
f 1426//763 1418//762 1375//1688
f 1374//1687 1426//763 1375//1688
f 1416//1685 1378//754 1377//1686
f 1413//1680 1380//1682 1379//753
f 1408//1672 1384//1675 1383//1679
f 1376//1689 1375//1688 1418//762
f 1412//1681 1381//1683 1380//1682
f 1377//1686 1376//1689 1418//762
f 1394//758 1393//760 1392//1690
f 1394//758 1392//1690 1398//1691
f 1392//1690 1391//1692 1399//1693
f 1399//1693 1391//1692 1400//1694
f 1398//1691 1397//1695 1394//758
f 1399//1693 1398//1691 1392//1690
f 1402//1696 1401//1697 1390//1698
f 1401//1697 1400//1694 1391//1692
f 1402//1696 1389//1699 1403//1700
f 1404//757 1403//1700 1388//755
f 1388//755 1403//1700 1389//1699
f 1406//1701 1405//1702 1386//1703
f 1405//1702 1404//757 1387//756
f 1408//1672 1407//1704 1409//1673
f 1407//1704 1406//1701 1409//1673
f 1386//1703 1409//1673 1406//1701
f 1387//756 1386//1703 1405//1702
f 1389//1699 1402//1696 1390//1698
f 1391//1692 1390//1698 1401//1697
f 1394//758 1396//1705 1395//759
f 1426//763 1424//1661 1423//1706
f 1423//1706 1422//1707 1426//763
f 1422//1707 1421//1708 1426//763
f 1421//1708 1420//1709 1426//763
f 1420//1709 1419//1710 1426//763
f 1419//1710 1417//761 1426//763
f 1441//767 1442//771 1562//768
f 1562//768 1438//1711 1437//1712
f 1437//1712 1439//766 1562//768
f 1440//769 1443//772 1441//767
f 1441//767 1443//772 1444//770
f 1443//772 1446//1713 1445//773
f 1468//788 1450//775 1448//774
f 1450//775 1449//1714 1447//776
f 1455//777 1453//1715 1452//778
f 1459//781 1471//792 1472//782
f 1472//782 1457//1716 1456//1717
f 1456//1717 1458//780 1472//782
f 1460//783 1461//785 1459//781
f 1459//781 1461//785 1470//784
f 1461//785 1462//1718 1463//786
f 1468//788 1469//791 1465//789
f 1465//789 1464//1719 1466//1720
f 1466//1720 1467//787 1465//789
f 1451//790 1450//775 1468//788
f 1476//795 1478//796 1480//803
f 1480//803 1474//793 1476//795
f 1478//796 1476//795 1477//797
f 1481//802 1478//796 1473//801
f 1478//796 1479//798 1473//801
f 1479//798 1482//799 1473//801
f 1489//806 1492//807 1487//814
f 1487//814 1486//804 1489//806
f 1492//807 1489//806 1490//808
f 1494//813 1492//807 1495//812
f 1492//807 1491//809 1495//812
f 1491//809 1493//810 1495//812
f 1497//838 1523//837 1496//817
f 1523//837 1500//841 1496//817
f 1500//841 1499//815 1496//817
f 1504//818 1502//844 1501//819
f 1528//845 1504//818 1507//822
f 1504//818 1503//820 1507//822
f 1503//820 1505//1721 1506//821
f 1511//823 1510//828 1508//824
f 1510//828 1511//823 1514//830
f 1514//830 1513//826 1510//828
f 1515//829 1511//823 1516//833
f 1511//823 1509//825 1516//833
f 1509//825 1518//831 1516//833
f 1524//836 1523//837 1522//839
f 1522//839 1521//834 1524//836
f 1523//837 1524//836 1519//840
f 1502//844 1504//818 1527//846
f 1527//846 1526//842 1502//844
f 1529//847 1531//1722 1485//848
f 1533//850 1532//854 1535//851
f 1535//851 1538//855 1537//1723
f 1537//1723 1536//853 1535//851
f 1532//854 1539//1724 1538//855
f 1546//857 1541//863 1540//858
f 1540//858 1542//1725 1543//1726
f 1543//1726 1544//856 1540//858
f 1545//859 1548//861 1546//857
f 1546//857 1548//861 1547//860
f 1548//861 1549//1727 1550//862
f 1555//865 1554//868 1553//866
f 1553//866 1551//1728 1552//1729
f 1552//1729 1560//864 1553//866
f 1555//865 1561//869 1556//867
f 1561//869 1558//1730 1557//870
f 1559//871 1561//869 1555//865
f 1563//872 1565//876 1566//873
f 1566//873 1565//876 1569//875
f 1565//876 1567//1731 1568//877
f 1566//873 1570//878 1571//879
f 1571//879 1572//1732 1573//1733
f 1573//1733 1564//874 1571//879
f 1578//1734 1579//885 1590//1735
f 1578//1734 1590//1735 1577//1736
f 1590//1735 1591//1737 1576//1738
f 1576//1738 1577//1736 1590//1735
f 1574//882 1575//1739 1592//880
f 1575//1739 1576//1738 1591//1737
f 1592//880 1575//1739 1591//1737
f 1594//1740 1650//1741 1593//881
f 1650//1741 1574//882 1593//881
f 1586//884 1587//1602 1579//885
f 1579//885 1578//1734 1580//1742
f 1580//1742 1581//1743 1579//885
f 1581//1743 1582//1744 1579//885
f 1582//1744 1583//1745 1579//885
f 1583//1745 1584//1746 1579//885
f 1584//1746 1585//883 1579//885
f 1650//1741 1594//1740 1649//1747
f 1594//1740 1595//1748 1648//1749
f 1649//1747 1594//1740 1648//1749
f 1595//1748 1596//886 1647//1750
f 1648//1749 1595//1748 1647//1750
f 1646//888 1647//1750 1596//886
f 1599//1751 1600//1752 1598//1753
f 1600//1752 1646//888 1597//887
f 1598//1753 1600//1752 1597//887
f 1600//1752 1599//1751 1641//1754
f 1599//1751 1601//1755 1642//1756
f 1641//1754 1599//1751 1642//1756
f 1601//1755 1602//1757 1643//1758
f 1642//1756 1601//1755 1643//1758
f 1644//1759 1643//1758 1602//1757
f 1644//1759 1603//1760 1645//1761
f 1640//1762 1645//1761 1604//1763
f 1604//1763 1645//1761 1603//1760
f 1638//1764 1639//889 1606//891
f 1639//889 1640//1762 1605//890
f 1605//890 1640//1762 1604//1763
f 1636//1765 1637//1766 1651//1767
f 1637//1766 1638//1764 1651//1767
f 1651//1767 1635//1768 1636//1765
f 1606//891 1651//1767 1638//1764
f 1603//1760 1644//1759 1602//1757
f 1635//1768 1651//1767 1607//1769
f 1635//1768 1607//1769 1608//1770
f 1633//1771 1634//1772 1610//1773
f 1634//1772 1635//1768 1610//1773
f 1631//1774 1632//1775 1613//1776
f 1632//1775 1633//1771 1612//1777
f 1611//1778 1633//1771 1610//1773
f 1629//1779 1630//892 1615//894
f 1630//892 1631//1774 1614//893
f 1626//727 1627//1780 1616//1781
f 1627//1780 1629//1779 1615//894
f 1621//1782 1625//728 1619//1783
f 1625//728 1626//727 1617//1784
f 1619//1783 1625//728 1618//1785
f 1618//1785 1625//728 1617//1784
f 1631//1774 1613//1776 1614//893
f 1613//1776 1632//1775 1612//1777
f 1633//1771 1611//1778 1612//1777
f 1635//1768 1608//1770 1609//1786
f 1635//1768 1609//1786 1610//1773
f 1616//1781 1617//1784 1626//727
f 1615//894 1616//1781 1627//1780
f 1625//728 1621//1782 1620//895
f 1622//896 1623//1631 1625//728
f 1678//899 1694//913 1693//1787
f 1693//1787 1679//897 1678//899
f 1677//898 1680//1788 1681//900
f 1684//903 1685//904 1692//911
f 1692//911 1683//901 1684//903
f 1685//904 1684//903 1686//905
f 1691//910 1685//904 1690//909
f 1685//904 1687//906 1690//909
f 1687//906 1688//907 1690//909
f 1678//899 1681//900 1695//912
f 1740//1789 1802//1790 1795//1791
f 1740//1789 1795//1791 1796//1792
f 1738//1 1739//1793 1798//1794
f 1739//1793 1740//1789 1797//1795
f 1797//1795 1740//1789 1796//1792
f 1736//1796 1737//1 1798//1794
f 1737//1 1738//1 1798//1794
f 1735//1797 1736//1796 1798//1794
f 1739//1793 1797//1795 1798//1794
f 1798//1794 1799//1798 1735//1797
f 1711//1799 1712//1800 1710//1801
f 1712//1800 1713//1802 1709//1
f 1709//1 1710//1801 1712//1800
f 1707//1803 1708//1 1713//1802
f 1708//1 1709//1 1713//1802
f 1705//1804 1706//1805 1714//1806
f 1706//1805 1707//1803 1713//1802
f 1705//1804 1714//1806 1715//1807
f 1703//1808 1704//1 1716//1809
f 1704//1 1705//1804 1715//1807
f 1703//1808 1716//1809 1717//1810
f 1701//1811 1702//1812 1718//1813
f 1702//1812 1703//1808 1717//1810
f 1701//1811 1718//1813 1719//1814
f 1699//1 1700//1 1720//1
f 1700//1 1701//1811 1719//1814
f 1696//1815 1698//1816 1723//1817
f 1698//1816 1699//1 1721//1
f 1773//914 1697//1818 1725//1819
f 1697//1818 1696//1815 1724//1820
f 1724//1820 1696//1815 1723//1817
f 1771//1821 1772//1 1730//1822
f 1772//1 1773//914 1728//1
f 1730//1822 1772//1 1729//1823
f 1769//1 1770//1824 1731//1825
f 1770//1824 1771//1821 1730//1822
f 1769//1 1731//1825 1732//1826
f 1767//1827 1768//1828 1733//1829
f 1768//1828 1769//1 1732//1826
f 1767//1827 1733//1829 1734//1830
f 1765//1 1766//1 1735//1797
f 1766//1 1767//1827 1734//1830
f 1735//1797 1766//1 1734//1830
f 1763//1 1764//1 1799//1798
f 1764//1 1765//1 1735//1797
f 1763//1 1799//1798 1762//1831
f 1760//1832 1762//1831 1800//1833
f 1800//1833 1762//1831 1799//1798
f 1774//1834 1761//1835 1760//1832
f 1801//1836 1774//1834 1760//1832
f 1760//1832 1800//1833 1801//1836
f 1699//1 1720//1 1721//1
f 1700//1 1719//1814 1720//1
f 1714//1806 1706//1805 1713//1802
f 1702//1812 1717//1810 1718//1813
f 1799//1798 1764//1 1735//1797
f 1715//1807 1716//1809 1704//1
f 1733//1829 1768//1828 1732//1826
f 1698//1816 1721//1 1722//1
f 1731//1825 1770//1824 1730//1822
f 1698//1816 1722//1 1723//1817
f 1729//1823 1772//1 1728//1
f 1697//1818 1724//1820 1725//1819
f 1773//914 1725//1819 1726//915
f 1727//916 1728//1 1773//914
f 1760//1832 1761//1835 1759//1
f 1761//1835 1775//1837 1758//1838
f 1759//1 1761//1835 1758//1838
f 1775//1837 1776//1 1757//1839
f 1775//1837 1757//1839 1758//1838
f 1756//1 1757//1839 1776//1
f 1756//1 1777//1 1778//1840
f 1754//1841 1755//1842 1779//1843
f 1755//1842 1756//1 1778//1840
f 1752//1844 1753//1845 1782//1846
f 1753//1845 1754//1841 1780//1847
f 1750//1848 1751//919 1786//1849
f 1751//919 1752//1844 1784//917
f 1790//1850 1749//1851 1789//1852
f 1748//1853 1749//1851 1790//1850
f 1749//1851 1750//1848 1788//1854
f 1748//1853 1791//1855 1747//1856
f 1746//1857 1747//1856 1792//1858
f 1792//1858 1747//1856 1791//1855
f 1744//1 1745//1859 1792//1858
f 1745//1859 1746//1857 1792//1858
f 1742//1860 1743//1 1802//1790
f 1743//1 1744//1 1793//1
f 1740//1789 1741//1861 1742//1860
f 1794//1862 1802//1790 1743//1
f 1802//1790 1740//1789 1742//1860
f 1793//1 1794//1862 1743//1
f 1791//1855 1748//1853 1790//1850
f 1754//1841 1779//1843 1780//1847
f 1755//1842 1778//1840 1779//1843
f 1777//1 1756//1 1776//1
f 1792//1858 1793//1 1744//1
f 1789//1852 1749//1851 1788//1854
f 1753//1845 1780//1847 1781//1863
f 1753//1845 1781//1863 1782//1846
f 1788//1854 1750//1848 1787//1864
f 1752//1844 1782//1846 1783//1
f 1787//1864 1750//1848 1786//1849
f 1786//1849 1751//919 1785//918
f 1752//1844 1783//1 1784//917
f 1813//1865 1908//1866 1811//1
f 1908//1866 1890//1867 1810//1868
f 1811//1 1908//1866 1810//1868
f 1890//1867 1891//1869 1809//1870
f 1890//1867 1809//1870 1810//1868
f 1808//1871 1809//1870 1891//1869
f 1808//1871 1892//1872 1893//1873
f 1806//1874 1807//1875 1894//1876
f 1807//1875 1808//1871 1893//1873
f 1803//1877 1805//1878 1897//1879
f 1805//1878 1806//1874 1895//1880
f 1880//1881 1804//922 1900//1882
f 1804//922 1803//1877 1898//920
f 1904//1883 1879//1884 1903//1885
f 1878//1886 1879//1884 1904//1883
f 1879//1884 1880//1881 1902//1887
f 1878//1886 1905//1888 1877//1
f 1876//1889 1877//1 1906//1890
f 1906//1890 1877//1 1905//1888
f 1874//1 1875//1891 1906//1890
f 1875//1891 1876//1889 1906//1890
f 1872//1892 1873//1893 1870//1894
f 1873//1893 1874//1 1907//1
f 1869//1895 1871//1 1872//1892
f 1881//1896 1870//1894 1873//1893
f 1870//1894 1869//1895 1872//1892
f 1907//1 1881//1896 1873//1893
f 1905//1888 1878//1886 1904//1883
f 1806//1874 1894//1876 1895//1880
f 1807//1875 1893//1873 1894//1876
f 1892//1872 1808//1871 1891//1869
f 1906//1890 1907//1 1874//1
f 1903//1885 1879//1884 1902//1887
f 1805//1878 1895//1880 1896//1897
f 1805//1878 1896//1897 1897//1879
f 1902//1887 1880//1881 1901//1898
f 1803//1877 1897//1879 1898//920
f 1901//1898 1880//1881 1900//1882
f 1900//1882 1804//922 1899//921
f 1869//1895 1870//1894 1882//1899
f 1869//1895 1882//1899 1883//1900
f 1867//1 1868//1901 1885//1902
f 1868//1901 1869//1895 1884//1903
f 1884//1903 1869//1895 1883//1900
f 1865//1904 1866//1 1885//1902
f 1866//1 1867//1 1885//1902
f 1864//1905 1865//1904 1885//1902
f 1868//1901 1884//1903 1885//1902
f 1885//1902 1886//1906 1864//1905
f 1840//1 1841//1 1839//1
f 1841//1 1842//1907 1838//1
f 1838//1 1839//1 1841//1
f 1836//1908 1837//1 1842//1907
f 1837//1 1838//1 1842//1907
f 1834//1909 1835//1910 1843//1911
f 1835//1910 1836//1908 1842//1907
f 1834//1909 1843//1911 1844//1912
f 1832//1913 1833//1 1845//1914
f 1833//1 1834//1909 1844//1912
f 1832//1913 1845//1914 1846//1915
f 1830//1916 1831//1917 1847//1918
f 1831//1917 1832//1913 1846//1915
f 1830//1916 1847//1918 1848//1919
f 1828//1920 1829//1921 1849//1922
f 1829//1921 1830//1916 1848//1919
f 1826//1923 1827//1924 1852//1925
f 1827//1924 1828//1920 1850//1926
f 1824//923 1825//1927 1854//1928
f 1825//1927 1826//1923 1853//1929
f 1853//1929 1826//1923 1852//1925
f 1822//1930 1823//1931 1859//1932
f 1823//1931 1824//923 1857//1
f 1859//1932 1823//1931 1858//1933
f 1820//1934 1821//1935 1860//1936
f 1821//1935 1822//1930 1859//1932
f 1820//1934 1860//1936 1861//1937
f 1818//1938 1819//1939 1862//1940
f 1819//1939 1820//1934 1861//1937
f 1818//1938 1862//1940 1863//1941
f 1816//1 1817//1942 1864//1905
f 1817//1942 1818//1938 1863//1941
f 1864//1905 1817//1942 1863//1941
f 1814//1943 1815//1944 1886//1906
f 1815//1944 1816//1 1864//1905
f 1814//1943 1886//1906 1812//1945
f 1813//1865 1812//1945 1887//1946
f 1887//1946 1812//1945 1886//1906
f 1889//1947 1908//1866 1813//1865
f 1888//1948 1889//1947 1813//1865
f 1813//1865 1887//1946 1888//1948
f 1828//1920 1849//1922 1850//1926
f 1829//1921 1848//1919 1849//1922
f 1843//1911 1835//1910 1842//1907
f 1831//1917 1846//1915 1847//1918
f 1886//1906 1815//1944 1864//1905
f 1844//1912 1845//1914 1833//1
f 1862//1940 1819//1939 1861//1937
f 1827//1924 1850//1926 1851//1
f 1860//1936 1821//1935 1859//1932
f 1827//1924 1851//1 1852//1925
f 1858//1933 1823//1931 1857//1
f 1825//1927 1853//1929 1854//1928
f 1824//923 1854//1928 1855//924
f 1856//925 1857//1 1824//923
f 1933//1949 1934//1 1935//1950
f 1935//1950 1936//1951 1937//1952
f 1937//1952 1938//1953 1939//1954
f 1939//1954 1940//1955 1932//1956
f 1940//1955 1941//1957 1932//1956
f 1941//1957 1942//1958 1932//1956
f 1942//1958 1943//1 1931//1959
f 1931//1959 1943//1 1930//1
f 1943//1 1910//1 1930//1
f 1910//1 1909//1 1930//1
f 1909//1 1911//1960 1929//1961
f 1911//1960 1912//1962 1928//1963
f 1909//1 1929//1961 1930//1
f 1913//926 1914//1 1915//1964
f 1912//1962 1913//926 1927//1965
f 1937//1952 1939//1954 1932//1956
f 1933//1949 1935//1950 1937//1952
f 1932//1956 1933//1949 1937//1952
f 1913//926 1915//1964 1920//1966
f 1915//1964 1916//1 1918//1967
f 1942//1958 1931//1959 1932//1956
f 1929//1961 1911//1960 1928//1963
f 1915//1964 1918//1967 1919//1968
f 1916//1 1917//1 1918//1967
f 1928//1963 1912//1962 1927//1965
f 1915//1964 1919//1968 1920//1966
f 1913//926 1920//1966 1921//1969
f 1913//926 1921//1969 1922//1970
f 1926//1971 1927//1965 1913//926
f 1925//1 1926//1971 1913//926
f 1913//926 1922//1970 1923//927
f 1924//928 1925//1 1913//926
f 1987//1 1986//1 1985//1
f 1984//1 1983//1 1982//1
f 1987//1 1985//1 1984//1
f 1944//1972 1987//1 1978//1
f 1987//1 1984//1 1981//1
f 1984//1 1982//1 1981//1
f 1981//1 1980//1 1979//1
f 1978//1 1977//1973 1944//1972
f 1977//1973 1976//1974 1945//1975
f 1981//1 1979//1 1978//1
f 1987//1 1981//1 1978//1
f 1945//1975 1944//1972 1977//1973
f 1976//1974 1975//931 1947//1976
f 1975//931 1974//1977 1949//929
f 1949//929 1974//1977 1973//1978
f 1973//1978 1972//1979 1950//1980
f 1972//1979 1971//1981 1950//1980
f 1971//1981 1970//1982 1950//1980
f 1970//1982 1969//1983 1951//1984
f 1969//1983 1968//1985 1951//1984
f 1968//1985 1967//1986 1952//1987
f 1967//1986 1966//1988 1952//1987
f 1966//1988 1965//1989 1953//1990
f 1965//1989 1964//1991 1953//1990
f 1964//1991 1963//1992 1953//1990
f 1963//1992 1962//1993 1954//1994
f 1953//1990 1963//1992 1954//1994
f 1962//1993 1961//1 1955//1
f 1961//1 1960//1995 1956//1996
f 1960//1995 1959//1997 1958//1
f 1960//1995 1958//1 1957//1998
f 1954//1994 1962//1993 1955//1
f 1973//1978 1950//1980 1949//929
f 1946//1 1945//1975 1976//1974
f 1970//1982 1951//1984 1950//1980
f 1968//1985 1952//1987 1951//1984
f 1966//1988 1953//1990 1952//1987
f 1960//1995 1957//1998 1956//1996
f 1956//1996 1955//1 1961//1
f 1947//1976 1946//1 1976//1974
f 1948//930 1947//1976 1975//931
f 2018//1 2017//1 2019//1
f 2017//1 2016//1 2019//1
f 2016//1 2015//1999 2012//2000
f 2015//1999 2014//2001 2012//2000
f 2014//2001 2013//2002 2012//2000
f 2012//2000 2011//2003 2010//2004
f 2010//2004 2009//2005 2008//2006
f 2008//2006 2007//2007 2006//2008
f 2006//2008 2005//2009 2004//933
f 2004//933 2003//2010 2002//2011
f 2002//2011 2001//1 2000//2012
f 2000//2012 1999//2013 1998//2014
f 1998//2014 1997//2015 1996//1
f 1996//1 1995//1 1994//1
f 1994//1 1993//1 1996//1
f 1993//1 1991//934 1996//1
f 1991//934 1992//1 2041//2016
f 2041//2016 2040//2017 2039//2018
f 2039//2018 2038//2019 2037//2020
f 2037//2020 2036//1 2039//2018
f 2036//1 2035//2021 2039//2018
f 2035//2021 2034//1 2033//2022
f 2033//2022 2032//2023 2031//932
f 2031//932 2030//1 2029//2024
f 2029//2024 2028//2025 2027//2026
f 2027//2026 2026//2027 2025//2028
f 2025//2028 2024//2029 2027//2026
f 2024//2029 2023//2030 2027//2026
f 2023//2030 2022//2031 2021//2032
f 2021//2032 2020//2033 2023//2030
f 2020//2033 2019//1 2023//2030
f 2012//2000 2010//2004 2008//2006
f 2008//2006 2006//2008 2012//2000
f 2006//2008 2004//933 2012//2000
f 2004//933 2002//2011 1996//1
f 2002//2011 2000//2012 1996//1
f 2000//2012 1998//2014 1996//1
f 1991//934 2041//2016 2031//932
f 2041//2016 2039//2018 2031//932
f 2035//2021 2033//2022 2039//2018
f 2033//2022 2031//932 2039//2018
f 2031//932 2029//2024 2023//2030
f 2029//2024 2027//2026 2023//2030
f 2019//1 2016//1 2031//932
f 2016//1 2012//2000 2004//933
f 2031//932 2016//1 2004//933
f 1996//1 1991//934 2004//933
f 2023//2030 2019//1 2031//932
f 2042//1 1990//1 1989//1
f 2147//1 2146//1 2148//1
f 2146//1 2145//1 2148//1
f 2145//1 2144//1 2149//1
f 2144//1 2143//2034 2150//2035
f 2149//1 2144//1 2150//2035
f 2143//2034 2142//2036 2151//2037
f 2142//2036 2141//2038 2151//2037
f 2143//2034 2151//2037 2150//2035
f 2141//2038 2140//2039 2151//2037
f 2140//2039 2139//2040 2151//2037
f 2139//2040 2138//1 2152//2041
f 2138//1 2137//2042 2152//2041
f 2137//2042 2136//2043 2156//2044
f 2136//2043 2135//2045 2156//2044
f 2135//2045 2134//2046 2157//2047
f 2134//2046 2133//2048 2158//2049
f 2133//2048 2132//2050 2158//2049
f 2132//2050 2131//2051 2159//2052
f 2131//2051 2130//1 2159//2052
f 2130//1 2066//2053 2160//2054
f 2160//2054 2066//2053 2161//936
f 2066//2053 2065//1 2161//936
f 2065//1 2064//2055 2043//935
f 2043//935 2064//2055 2044//2056
f 2064//2055 2063//1 2044//2056
f 2063//1 2062//2057 2044//2056
f 2062//2057 2061//2058 2045//2059
f 2061//2058 2060//2060 2047//2061
f 2062//2057 2045//2059 2044//2056
f 2060//2060 2059//1 2058//2062
f 2058//2062 2057//1 2055//2063
f 2057//1 2056//1 2055//2063
f 2060//2060 2058//2062 2053//2064
f 2058//2062 2055//2063 2054//2065
f 2058//2062 2054//2065 2053//2064
f 2132//2050 2159//2052 2158//2049
f 2134//2046 2158//2049 2157//2047
f 2151//2037 2139//2040 2152//2041
f 2149//1 2148//1 2145//1
f 2060//2060 2053//2064 2052//2066
f 2130//1 2160//2054 2159//2052
f 2060//2060 2052//2066 2051//1
f 2060//2060 2051//1 2050//1
f 2060//2060 2050//1 2049//2067
f 2060//2060 2049//2067 2048//2068
f 2153//2069 2152//2041 2137//2042
f 2154//1 2153//2069 2137//2042
f 2060//2060 2048//2068 2047//2061
f 2047//2061 2046//2070 2061//2058
f 2155//2071 2154//1 2137//2042
f 2156//2044 2155//2071 2137//2042
f 2046//2070 2045//2059 2061//2058
f 2157//2047 2156//2044 2135//2045
f 2084//1 2085//2072 2082//2073
f 2085//2072 2086//2074 2081//2075
f 2082//2073 2085//2072 2081//2075
f 2086//2074 2087//2076 2080//2077
f 2087//2076 2088//1 2079//2078
f 2086//2074 2080//2077 2081//2075
f 2088//1 2089//1 2079//2078
f 2089//1 2090//1 2078//1
f 2079//2078 2089//1 2078//1
f 2090//1 2091//1 2078//1
f 2091//1 2092//2079 2077//2080
f 2078//1 2091//1 2077//2080
f 2092//2079 2093//2081 2076//2082
f 2093//2081 2094//2083 2076//2082
f 2094//2083 2095//2084 2073//2085
f 2095//2084 2096//2086 2072//2087
f 2071//2088 2096//2086 2070//2089
f 2096//2086 2097//2090 2070//2089
f 2097//2090 2098//2091 2069//2092
f 2069//2092 2098//2091 2067//939
f 2098//2091 2099//937 2067//939
f 2099//937 2100//2093 2068//938
f 2068//938 2100//2093 2129//2094
f 2100//2093 2101//2095 2128//2096
f 2101//2095 2102//1 2127//2097
f 2128//2096 2101//2095 2127//2097
f 2102//1 2103//2098 2125//1
f 2103//2098 2104//2099 2124//2100
f 2104//2099 2105//1 2123//2101
f 2105//1 2106//2102 2123//2101
f 2106//2102 2107//2103 2122//2104
f 2107//2103 2108//2105 2121//2106
f 2106//2102 2122//2104 2123//2101
f 2108//2105 2109//2107 2120//2108
f 2109//2107 2110//2109 2119//2110
f 2108//2105 2120//2108 2121//2106
f 2110//2109 2111//2111 2119//2110
f 2111//2111 2112//2112 2118//2113
f 2118//2113 2112//2112 2117//2114
f 2112//2112 2113//2115 2117//2114
f 2113//2115 2114//1 2116//1
f 2117//2114 2113//2115 2116//1
f 2114//1 2115//1 2116//1
f 2127//2097 2102//1 2126//1
f 2124//2100 2104//2099 2123//2101
f 2126//1 2102//1 2125//1
f 2096//2086 2071//2088 2072//2087
f 2077//2080 2092//2079 2076//2082
f 2083//1 2084//1 2082//2073
f 2080//2077 2087//2076 2079//2078
f 2097//2090 2069//2092 2070//2089
f 2100//2093 2128//2096 2129//2094
f 2111//2111 2118//2113 2119//2110
f 2119//2110 2120//2108 2109//2107
f 2121//2106 2122//2104 2107//2103
f 2075//2116 2076//2082 2094//2083
f 2124//2100 2125//1 2103//2098
f 2074//2117 2075//2116 2094//2083
f 2073//2085 2074//2117 2094//2083
f 2072//2087 2073//2085 2095//2084
