# FL_hip.dae material 磨砂铝合金_008-effect; written by tools/champ_mesh_assets.py
# rgba 0.85 0.85 0.85 1
v -0.090000 0.003108 -0.053610
v -0.090000 -0.012122 -0.052314
v -0.090000 0.018086 -0.050563
v -0.079000 0.003108 -0.053610
v -0.079000 -0.012122 -0.052314
v -0.079000 0.018086 -0.050563
v -0.070500 0.003108 -0.053610
v -0.070500 -0.012122 -0.052314
v -0.070500 0.018086 -0.050563
v -0.068500 0.003050 -0.052612
v -0.068500 -0.011896 -0.051340
v -0.068500 0.017749 -0.049621
v -0.068500 0.031010 -0.042611
v -0.068500 0.041759 -0.032148
v -0.070500 0.031598 -0.043419
v -0.079000 0.031598 -0.043419
v -0.070500 0.042551 -0.032758
v -0.079000 0.042551 -0.032758
v -0.070500 0.050056 -0.019443
v -0.079000 0.050056 -0.019443
v -0.070500 0.053507 -0.004553
v -0.068500 0.049124 -0.019081
v -0.068500 0.052510 -0.004469
v -0.068500 0.051642 0.010507
v -0.068500 0.046590 0.024630
v -0.070500 0.052622 0.010706
v -0.070500 0.047474 0.025098
v -0.079000 0.052622 0.010706
v -0.090000 0.052622 0.010706
v -0.079000 0.047474 0.025098
v -0.079000 0.053507 -0.004553
v -0.090000 0.053507 -0.004553
v -0.090000 0.050056 -0.019443
v -0.090000 0.042551 -0.032758
v -0.090000 0.031598 -0.043419
v -0.079000 0.038480 0.037456
v -0.090000 0.047474 0.025098
v -0.090000 0.038480 0.037456
v -0.090000 0.026369 0.046780
v -0.090000 0.012122 0.052314
v -0.079000 0.026369 0.046780
v -0.079000 0.012122 0.052314
v -0.070500 0.026369 0.046780
v -0.068500 0.025878 0.045909
v -0.070500 0.038480 0.037456
v -0.070500 0.012122 0.052314
v -0.068500 0.011896 0.051340
v -0.070500 -0.003108 0.053610
v -0.079000 -0.003108 0.053610
v -0.070500 -0.018086 0.050563
v -0.068500 -0.003050 0.052612
v -0.068500 -0.017749 0.049621
v -0.068500 -0.031010 0.042611
v -0.068500 -0.041759 0.032148
v -0.070500 -0.031598 0.043419
v -0.070500 -0.042551 0.032758
v -0.079000 -0.031598 0.043419
v -0.090000 -0.031598 0.043419
v -0.079000 -0.042551 0.032758
v -0.079000 -0.018086 0.050563
v -0.090000 -0.018086 0.050563
v -0.090000 -0.003108 0.053610
v -0.090000 -0.042551 0.032758
v -0.079000 -0.050056 0.019443
v -0.079000 -0.053507 0.004553
v -0.070500 -0.050056 0.019443
v -0.090000 -0.050056 0.019443
v -0.090000 -0.053507 0.004553
v -0.090000 -0.052622 -0.010706
v -0.090000 -0.047474 -0.025098
v -0.079000 -0.052622 -0.010706
v -0.079000 -0.047474 -0.025098
v -0.070500 -0.052622 -0.010706
v -0.070500 -0.047474 -0.025098
v -0.068500 -0.051642 -0.010507
v -0.070500 -0.053507 0.004553
v -0.068500 -0.052510 0.004469
v -0.068500 -0.049124 0.019081
v -0.068500 -0.046590 -0.024630
v -0.068500 -0.037764 -0.036759
v -0.068500 -0.025878 -0.045909
v -0.070500 -0.038480 -0.037456
v -0.079000 -0.038480 -0.037456
v -0.070500 -0.026369 -0.046780
v -0.079000 -0.026369 -0.046780
v -0.090000 -0.026369 -0.046780
v -0.090000 -0.038480 -0.037456
v -0.068500 0.037764 0.036758
v -0.068500 -0.051317 0.011080
v -0.068500 -0.046463 0.024443
v -0.068500 -0.051910 0.009908
v -0.068000 -0.051806 0.011186
v -0.068000 -0.046905 0.024676
v -0.057630 -0.051806 0.011186
v -0.068000 -0.052285 0.010239
v -0.057630 -0.052285 0.010239
v -0.068000 -0.053166 0.009647
v -0.057630 -0.053166 0.009647
v -0.068500 -0.053001 0.009175
v -0.068000 -0.054223 0.009561
v -0.068000 -0.060548 0.010676
v -0.068500 -0.054310 0.009069
v -0.057630 -0.054223 0.009561
v -0.057500 -0.054246 0.009434
v -0.057630 -0.060548 0.010676
v -0.057500 -0.060570 0.010549
v -0.057630 -0.061333 0.010604
v -0.057500 -0.061287 0.010483
v -0.057630 -0.061973 0.010144
v -0.068000 -0.061333 0.010604
v -0.068000 -0.061973 0.010144
v -0.068500 -0.061158 0.010136
v -0.068500 -0.061585 0.009829
v -0.068500 -0.060634 0.010184
v -0.068500 -0.061797 0.009349
v -0.068500 -0.062500 0.000000
v -0.068000 -0.062291 0.009423
v -0.068000 -0.063000 0.000000
v -0.057630 -0.062291 0.009423
v -0.057630 -0.063000 0.000000
v -0.057500 -0.062163 0.009404
v -0.057500 -0.062871 0.000000
v -0.057500 -0.061872 0.010063
v -0.057500 -0.062163 -0.009404
v -0.057500 -0.051467 0.000000
v -0.057583 -0.051384 0.000000
v -0.057500 -0.049884 0.012665
v -0.057500 -0.049885 -0.012664
v -0.057583 -0.049804 -0.012643
v -0.057500 -0.045234 -0.024550
v -0.057583 -0.045162 -0.024510
v -0.057500 -0.037802 -0.034926
v -0.057500 -0.028045 -0.043155
v -0.057583 -0.037741 -0.034870
v -0.057583 -0.028000 -0.043085
v -0.063500 -0.037741 -0.034870
v -0.057583 -0.045161 -0.024511
v -0.063500 -0.045161 -0.024511
v -0.064500 -0.044926 -0.024383
v -0.063500 -0.049804 -0.012644
v -0.063500 -0.051384 0.000000
v -0.064500 -0.049545 -0.012578
v -0.057583 -0.049804 -0.012644
v -0.065232 -0.048835 -0.012398
v -0.064500 -0.051116 0.000000
v -0.065232 -0.050384 0.000000
v -0.064500 -0.049545 0.012578
v -0.065232 -0.048835 0.012398
v -0.064500 -0.044926 0.024383
v -0.063500 -0.049804 0.012644
v -0.063500 -0.049804 0.012643
v -0.063500 -0.045162 0.024510
v -0.057583 -0.045162 0.024510
v -0.063500 -0.045161 0.024511
v -0.063500 -0.037741 0.034870
v -0.063500 -0.028000 0.043085
v -0.064500 -0.037544 0.034689
v -0.057583 -0.037741 0.034870
v -0.057583 -0.045161 0.024511
v -0.057500 -0.037802 0.034926
v -0.057583 -0.028000 0.043085
v -0.057583 -0.027955 0.043114
v -0.057500 -0.028045 0.043155
v -0.057500 -0.028000 0.043184
v -0.057155 -0.026604 0.044146
v -0.057500 -0.028000 0.044848
v -0.057500 -0.027932 0.044890
v -0.057630 -0.028069 0.044957
v -0.057500 -0.038829 0.035884
v -0.057630 -0.038924 0.035971
v -0.057500 -0.046912 0.024383
v -0.057630 -0.047027 0.024443
v -0.057500 -0.051680 0.011159
v -0.057500 -0.052188 0.010153
v -0.057500 -0.053123 0.009525
v -0.057630 -0.046905 0.024676
v -0.057630 -0.038565 0.036356
v -0.068000 -0.038565 0.036356
v -0.068000 -0.027397 0.045370
v -0.068000 -0.038565 0.036356
v -0.068500 -0.038201 0.036013
v -0.068500 -0.027138 0.044942
v -0.068500 -0.014085 0.050575
v -0.068500 0.000000 0.052500
v -0.068000 -0.014219 0.051057
v -0.068000 -0.027396 0.045370
v -0.068000 -0.014218 0.051057
v -0.068000 0.000000 0.053000
v -0.065500 -0.014218 0.051057
v -0.065500 -0.011799 0.051670
v -0.065500 -0.023000 0.047749
v -0.065500 -0.024806 0.046837
v -0.052240 -0.023000 0.048666
v -0.050843 -0.023000 0.048864
v -0.052407 -0.011433 0.052631
v -0.039438 -0.010457 0.055186
v -0.039492 0.000000 0.056144
v -0.014460 -0.007528 0.062861
v -0.039234 -0.021111 0.052043
v -0.050295 -0.022927 0.048982
v -0.032035 -0.019552 0.054669
v -0.014704 -0.015028 0.062260
v -0.031969 -0.019637 0.054552
v -0.050261 -0.023000 0.048866
v -0.030199 -0.019220 0.055257
v -0.014618 -0.015142 0.062142
v -0.030199 -0.019220 0.053668
v -0.050261 -0.023000 0.047268
v -0.023508 -0.017541 0.056511
v -0.023499 -0.017449 0.056435
v -0.019509 -0.016479 0.058151
v -0.015415 -0.015362 0.059491
v -0.019498 -0.016415 0.058076
v -0.018114 -0.016050 0.058580
v -0.015407 -0.015328 0.059429
v -0.028466 -0.016232 0.054479
v -0.045686 -0.016388 0.049650
v -0.028264 -0.015077 0.053917
v -0.028484 -0.017536 0.054528
v -0.023981 -0.017459 0.056241
v -0.043174 -0.017710 0.050157
v -0.043182 -0.021828 0.048995
v -0.045680 -0.017738 0.049622
v -0.063448 -0.017981 0.047970
v -0.063446 -0.016583 0.048106
v -0.064470 -0.017899 0.047734
v -0.063522 -0.023000 0.045950
v -0.051048 -0.023000 0.047023
v -0.064513 -0.022885 0.045700
v -0.063535 -0.024769 0.045063
v -0.063514 -0.026199 0.044224
v -0.054055 -0.023982 0.046058
v -0.052851 -0.023465 0.046526
v -0.054498 -0.024213 0.045859
v -0.054464 -0.024333 0.045927
v -0.055260 -0.024669 0.045480
v -0.055260 -0.024669 0.045480
v -0.055261 -0.024669 0.045480
v -0.055261 -0.024669 0.045480
v -0.055261 -0.024669 0.045480
v -0.055261 -0.024669 0.045480
v -0.055260 -0.024669 0.045480
v -0.055260 -0.024669 0.045480
v -0.055260 -0.024669 0.045480
v -0.055260 -0.024669 0.045480
v -0.055260 -0.024669 0.045480
v -0.055261 -0.024669 0.045480
v -0.055261 -0.024670 0.045480
v -0.055262 -0.024670 0.045479
v -0.055265 -0.024672 0.045478
v -0.055274 -0.024678 0.045473
v -0.055304 -0.024698 0.045457
v -0.055407 -0.024766 0.045401
v -0.055634 -0.024925 0.045274
v -0.055971 -0.025178 0.045073
v -0.055923 -0.025292 0.045140
v -0.056630 -0.025765 0.044623
v -0.057153 -0.026400 0.044159
v -0.057085 -0.026494 0.044226
v -0.057438 -0.026951 0.043775
v -0.063503 -0.027106 0.043658
v -0.056150 -0.025479 0.044993
v -0.056148 -0.025478 0.046606
v -0.055809 -0.025204 0.046816
v -0.057027 -0.026409 0.045920
v -0.057134 -0.026407 0.046027
v -0.057154 -0.026603 0.045782
v -0.056589 -0.025776 0.046474
v -0.057445 -0.026957 0.045658
v -0.057630 -0.028000 0.045000
v -0.065500 -0.027143 0.045522
v -0.065500 -0.026275 0.046029
v -0.065500 -0.027396 0.045370
v -0.065500 -0.028000 0.045000
v -0.055893 -0.025176 0.046922
v -0.054373 -0.024206 0.047695
v -0.053851 -0.023942 0.047919
v -0.054303 -0.024248 0.047589
v -0.054874 -0.024571 0.047320
v -0.053451 -0.023836 0.047947
v -0.053456 -0.023837 0.046363
v -0.052627 -0.023514 0.048247
v -0.052683 -0.023460 0.048357
v -0.051907 -0.023295 0.048473
v -0.050807 -0.023072 0.048748
v -0.051911 -0.023295 0.046887
v -0.051047 -0.023110 0.047100
v -0.052831 -0.023586 0.046596
v -0.050807 -0.023072 0.048748
v -0.052428 -0.023374 0.048440
v -0.052171 -0.023295 0.048520
v -0.051911 -0.023222 0.048597
v -0.051648 -0.023155 0.048670
v -0.051382 -0.023096 0.048738
v -0.051113 -0.023044 0.048803
v -0.050978 -0.023021 0.048834
v -0.050910 -0.023010 0.048849
v -0.050876 -0.023005 0.048857
v -0.050859 -0.023003 0.048860
v -0.050851 -0.023001 0.048862
v -0.050847 -0.023001 0.048863
v -0.050844 -0.023000 0.048864
v -0.050843 -0.023000 0.048864
v -0.050843 -0.023000 0.048864
v -0.050843 -0.023000 0.048864
v -0.050843 -0.023000 0.048864
v -0.050843 -0.023000 0.048864
v -0.050843 -0.023000 0.048864
v -0.050843 -0.023000 0.048864
v -0.050842 -0.023000 0.048864
v -0.050842 -0.023000 0.048864
v -0.050842 -0.023000 0.048864
v -0.050843 -0.023000 0.048864
v -0.050843 -0.023000 0.048864
v -0.054877 -0.024572 0.045725
v -0.051978 -0.023193 0.046798
v -0.051832 -0.023157 0.046837
v -0.051785 -0.023146 0.046849
v -0.051779 -0.023144 0.046851
v -0.051777 -0.023144 0.046852
v -0.051777 -0.023144 0.046852
v -0.051777 -0.023143 0.046852
v -0.051777 -0.023143 0.046852
v -0.051777 -0.023143 0.046852
v -0.051777 -0.023143 0.046852
v -0.051777 -0.023143 0.046852
v -0.051777 -0.023143 0.046852
v -0.051777 -0.023143 0.046852
v -0.051777 -0.023143 0.046852
v -0.051777 -0.023143 0.046852
v -0.051777 -0.023143 0.046852
v -0.051777 -0.023143 0.046852
v -0.051775 -0.023143 0.046852
v -0.051744 -0.023136 0.046860
v -0.051514 -0.023086 0.046917
v -0.064514 -0.022884 0.045700
v -0.064500 -0.027854 0.042861
v -0.065233 -0.027455 0.042247
v -0.065500 -0.026910 0.041408
v -0.065236 -0.022578 0.045037
v -0.065232 -0.037007 0.034192
v -0.065500 -0.036272 0.033513
v -0.065232 -0.044282 0.024034
v -0.065500 -0.043404 0.023557
v -0.065500 -0.047866 0.012152
v -0.065500 -0.049384 0.000000
v -0.065500 -0.016000 0.000000
v -0.065500 -0.047866 -0.012152
v -0.065500 -0.043404 -0.023557
v -0.065500 -0.036272 -0.033513
v -0.065232 -0.044282 -0.024034
v -0.065232 -0.037007 -0.034192
v -0.065233 -0.027455 -0.042247
v -0.064500 -0.037544 -0.034689
v -0.064500 -0.027854 -0.042861
v -0.064513 -0.022885 -0.045700
v -0.063500 -0.028000 -0.043085
v -0.063503 -0.027106 -0.043657
v -0.057438 -0.026951 -0.043775
v -0.063514 -0.026199 -0.044224
v -0.063535 -0.024769 -0.045063
v -0.056630 -0.025765 -0.044623
v -0.055971 -0.025178 -0.045073
v -0.057153 -0.026400 -0.044159
v -0.057085 -0.026494 -0.044226
v -0.056150 -0.025479 -0.044993
v -0.057155 -0.026604 -0.044146
v -0.057154 -0.026603 -0.045782
v -0.057500 -0.028000 -0.043184
v -0.057500 -0.028000 -0.044848
v -0.057583 -0.027955 -0.043114
v -0.057500 -0.027932 -0.044890
v -0.057630 -0.028069 -0.044957
v -0.057500 -0.038829 -0.035884
v -0.057630 -0.038924 -0.035971
v -0.057500 -0.046912 -0.024383
v -0.057630 -0.047027 -0.024443
v -0.057500 -0.051680 -0.011159
v -0.057630 -0.051806 -0.011186
v -0.057500 -0.052188 -0.010153
v -0.057630 -0.052285 -0.010239
v -0.057500 -0.053123 -0.009525
v -0.057630 -0.053166 -0.009647
v -0.057500 -0.054246 -0.009434
v -0.057630 -0.054223 -0.009561
v -0.057500 -0.060570 -0.010549
v -0.057630 -0.060548 -0.010676
v -0.057500 -0.061287 -0.010483
v -0.057630 -0.061333 -0.010604
v -0.057500 -0.061872 -0.010063
v -0.057630 -0.061973 -0.010144
v -0.057630 -0.062291 -0.009423
v -0.068000 -0.061973 -0.010144
v -0.068500 -0.061585 -0.009829
v -0.068000 -0.062291 -0.009423
v -0.068000 -0.061333 -0.010604
v -0.068500 -0.061158 -0.010136
v -0.068000 -0.060548 -0.010676
v -0.068500 -0.060634 -0.010184
v -0.068000 -0.054223 -0.009561
v -0.068000 -0.053166 -0.009647
v -0.068500 -0.054310 -0.009069
v -0.068500 -0.053001 -0.009175
v -0.068500 -0.051910 -0.009908
v -0.068500 -0.051317 -0.011080
v -0.068000 -0.052285 -0.010239
v -0.068000 -0.051806 -0.011186
v -0.068000 -0.046905 -0.024676
v -0.057630 -0.046905 -0.024675
v -0.068500 -0.046463 -0.024443
v -0.068000 -0.038565 -0.036356
v -0.068000 -0.027397 -0.045370
v -0.057630 -0.038565 -0.036355
v -0.068500 -0.038201 -0.036013
v -0.068500 -0.027138 -0.044942
v -0.068500 -0.014085 -0.050575
v -0.068000 -0.014219 -0.051057
v -0.068500 -0.000000 -0.052500
v -0.068500 0.014085 -0.050575
v -0.068000 -0.000000 -0.053000
v -0.065500 -0.000000 -0.053000
v -0.068000 0.014218 -0.051057
v -0.068000 0.014219 -0.051057
v -0.065500 0.014218 -0.051057
v -0.065500 0.023000 -0.047749
v -0.065500 0.011799 -0.051670
v -0.052407 0.011433 -0.052631
v -0.039438 0.010457 -0.055186
v -0.052240 0.023000 -0.048666
v -0.050843 0.023000 -0.048864
v -0.050807 0.023073 -0.048748
v -0.050843 0.023000 -0.048864
v -0.050295 0.022927 -0.048982
v -0.050261 0.023000 -0.048866
v -0.039234 0.021111 -0.052043
v -0.032035 0.019552 -0.054669
v -0.014704 0.015028 -0.062260
v -0.031969 0.019637 -0.054552
v -0.030199 0.019220 -0.055257
v -0.014618 0.015142 -0.062142
v -0.030199 0.019220 -0.053668
v -0.023508 0.017541 -0.056511
v -0.050261 0.023000 -0.047268
v -0.051047 0.023110 -0.047100
v -0.050259 0.022890 -0.047193
v -0.051048 0.023000 -0.047023
v -0.043182 0.021828 -0.048995
v -0.043174 0.017710 -0.050157
v -0.024233 0.017639 -0.056111
v -0.023981 0.017459 -0.056241
v -0.023553 0.017463 -0.056411
v -0.023499 0.017449 -0.056435
v -0.023582 0.017451 -0.056401
v -0.023785 0.017411 -0.056327
v -0.019498 0.016415 -0.058076
v -0.019509 0.016479 -0.058151
v -0.018114 0.016050 -0.058580
v -0.028466 0.016232 -0.054479
v -0.015407 0.015328 -0.059429
v -0.015415 0.015362 -0.059491
v -0.013947 0.014935 -0.059775
v -0.028264 0.015077 -0.053917
v -0.011381 0.014239 -0.059922
v -0.011186 0.014186 -0.059871
v -0.027916 0.014284 -0.052948
v -0.045372 0.014304 -0.048059
v -0.027485 0.014000 -0.051750
v -0.011000 0.014000 -0.058800
v -0.045118 0.014000 -0.046768
v -0.063500 0.014000 -0.045135
v -0.063476 0.014329 -0.046500
v -0.064500 0.014268 -0.045136
v -0.063500 0.014000 -0.022568
v -0.064500 0.014268 -0.022568
v -0.063500 0.014000 -0.000000
v -0.064500 0.014268 -0.000000
v -0.054500 0.014000 -0.000000
v -0.063500 0.014000 0.022568
v -0.064500 0.014268 0.022568
v -0.063500 0.014000 0.045135
v -0.063476 0.014329 0.046500
v -0.045118 0.014000 0.046768
v -0.064500 0.014268 0.045136
v -0.064501 0.014268 0.045136
v -0.064486 0.014567 0.046396
v -0.065232 0.014999 0.045136
v -0.065232 0.015000 0.045136
v -0.065228 0.015217 0.046059
v -0.065500 0.016112 0.045596
v -0.065225 0.015836 0.046778
v -0.065500 0.016422 0.045952
v -0.065223 0.016715 0.047131
v -0.064474 0.015411 0.047377
v -0.064469 0.016612 0.047859
v -0.063456 0.015265 0.047583
v -0.063446 0.016576 0.048105
v -0.063456 0.015260 0.047579
v -0.045576 0.015158 0.049092
v -0.063475 0.014336 0.046515
v -0.045686 0.016388 0.049650
v -0.028264 0.015077 0.053917
v -0.045372 0.014304 0.048059
v -0.027916 0.014284 0.052948
v -0.011381 0.014239 0.059922
v -0.027485 0.014000 0.051750
v -0.011000 0.014000 0.058800
v -0.011186 0.014186 0.059871
v -0.011000 0.014000 0.054984
v -0.011245 0.014000 0.053905
v -0.010500 0.013500 0.054984
v -0.010719 0.013500 0.053860
v -0.010500 0.013500 0.059637
v -0.010500 0.000000 0.054984
v -0.010719 0.000000 0.053860
v -0.010500 -0.013500 0.054984
v -0.010500 0.000000 0.060164
v -0.010823 0.000000 0.061517
v -0.010500 -0.013500 0.059637
v -0.010593 -0.013593 0.060372
v -0.010853 -0.013853 0.061024
v -0.011056 -0.014056 0.061336
v -0.011193 -0.014192 0.061348
v -0.011846 -0.014269 0.062083
v -0.011717 0.000000 0.062576
v -0.012087 -0.014334 0.062222
v -0.013247 -0.014643 0.062538
v -0.012114 -0.014448 0.062108
v -0.013361 -0.014794 0.062415
v -0.013391 -0.014681 0.062544
v -0.014059 -0.014858 0.062477
v -0.014376 -0.014942 0.062391
v -0.014574 -0.014994 0.062317
v -0.014584 -0.014997 0.062313
v -0.014586 -0.014997 0.062312
v -0.014587 -0.014997 0.062312
v -0.014587 -0.014997 0.062312
v -0.014587 -0.014997 0.062312
v -0.014587 -0.014997 0.062312
v -0.014587 -0.014997 0.062312
v -0.014587 -0.014997 0.062312
v -0.014587 -0.014997 0.062312
v -0.014587 -0.014997 0.062312
v -0.014586 -0.014997 0.062312
v -0.014586 -0.014997 0.062312
v -0.014586 -0.014997 0.062312
v -0.014586 -0.014997 0.062312
v -0.014586 -0.014997 0.062312
v -0.014587 -0.014997 0.062312
v -0.014630 -0.015009 0.062294
v -0.012992 0.000000 0.063121
v -0.013247 0.014643 0.062538
v -0.014380 0.000000 0.063032
v -0.014460 0.007528 0.062861
v -0.014704 0.015028 0.062260
v -0.039438 0.010457 0.055186
v -0.039234 0.021111 0.052043
v -0.052407 0.011433 0.052631
v -0.065500 0.011799 0.051670
v -0.052240 0.023000 0.048666
v -0.050843 0.023000 0.048864
v -0.065500 0.023000 0.047749
v -0.065500 0.024733 0.046875
v -0.065500 0.014220 0.051057
v -0.068000 0.014220 0.051057
v -0.068000 0.014219 0.051057
v -0.068000 0.027397 0.045370
v -0.065500 0.027397 0.045370
v -0.068500 0.027138 0.044942
v -0.068000 0.038565 0.036356
v -0.065500 0.038565 0.036355
v -0.068000 0.046905 0.024676
v -0.068500 0.038201 0.036013
v -0.068500 0.046463 0.024443
v -0.068500 0.051317 0.011080
v -0.068500 0.052306 -0.000000
v -0.068000 0.051806 0.011186
v -0.068000 0.052805 -0.000000
v -0.065500 0.051806 0.011186
v -0.065500 0.052803 -0.000000
v -0.065500 0.046905 0.024675
v -0.065500 0.051806 -0.011186
v -0.065500 0.046905 -0.024676
v -0.068000 0.051806 -0.011186
v -0.068500 0.051317 -0.011080
v -0.068000 0.046905 -0.024676
v -0.068000 0.038565 -0.036356
v -0.068500 0.046463 -0.024443
v -0.068500 0.038201 -0.036013
v -0.068500 0.027138 -0.044942
v -0.068000 0.027397 -0.045370
v -0.068000 0.038565 -0.036356
v -0.068000 0.027396 -0.045370
v -0.065500 0.027396 -0.045370
v -0.065500 0.026000 -0.046184
v -0.065500 0.038565 -0.036356
v -0.056805 0.026000 -0.046313
v -0.065500 0.024733 -0.046875
v -0.065500 0.026000 -0.041990
v -0.065234 0.026000 -0.043168
v -0.065500 0.022162 -0.044134
v -0.065236 0.022578 -0.045036
v -0.065500 0.017327 -0.046081
v -0.065500 0.016859 -0.046126
v -0.065224 0.017659 -0.047040
v -0.065236 0.022578 -0.045037
v -0.064470 0.017899 -0.047734
v -0.065223 0.016715 -0.047131
v -0.065225 0.015836 -0.046778
v -0.064469 0.016612 -0.047859
v -0.064474 0.015411 -0.047377
v -0.063446 0.016576 -0.048105
v -0.063456 0.015265 -0.047583
v -0.063446 0.016583 -0.048106
v -0.045686 0.016388 -0.049650
v -0.063448 0.017981 -0.047970
v -0.045680 0.017738 -0.049622
v -0.064470 0.017899 -0.047734
v -0.063522 0.023000 -0.045950
v -0.063535 0.024670 -0.045117
v -0.064513 0.022885 -0.045700
v -0.064514 0.022884 -0.045700
v -0.064508 0.026000 -0.044027
v -0.064037 0.026000 -0.044261
v -0.063517 0.026000 -0.044346
v -0.056847 0.026000 -0.044449
v -0.056695 0.026000 -0.044593
v -0.055675 0.024955 -0.045250
v -0.055288 0.024687 -0.045465
v -0.055266 0.024673 -0.045477
v -0.055261 0.024669 -0.045480
v -0.055261 0.024669 -0.045480
v -0.055261 0.024669 -0.045480
v -0.055260 0.024669 -0.045480
v -0.055260 0.024669 -0.045480
v -0.055260 0.024669 -0.045480
v -0.055261 0.024669 -0.045480
v -0.055261 0.024669 -0.045480
v -0.055261 0.024669 -0.045480
v -0.055261 0.024669 -0.045480
v -0.055261 0.024669 -0.045480
v -0.055261 0.024669 -0.045480
v -0.055260 0.024669 -0.045480
v -0.055253 0.024665 -0.045484
v -0.055240 0.024656 -0.045491
v -0.055141 0.024592 -0.045543
v -0.054959 0.024479 -0.045636
v -0.054261 0.024087 -0.045967
v -0.054229 0.024207 -0.046035
v -0.053856 0.023885 -0.046143
v -0.052510 0.023348 -0.046640
v -0.051781 0.023145 -0.046851
v -0.051777 0.023144 -0.046851
v -0.051777 0.023143 -0.046852
v -0.051777 0.023143 -0.046852
v -0.051777 0.023143 -0.046852
v -0.051777 0.023143 -0.046852
v -0.051777 0.023143 -0.046852
v -0.051777 0.023143 -0.046852
v -0.051777 0.023144 -0.046852
v -0.051777 0.023144 -0.046852
v -0.051777 0.023144 -0.046852
v -0.051777 0.023144 -0.046852
v -0.051777 0.023143 -0.046852
v -0.051771 0.023142 -0.046853
v -0.051746 0.023136 -0.046860
v -0.051698 0.023125 -0.046872
v -0.051608 0.023106 -0.046894
v -0.051421 0.023067 -0.046939
v -0.053818 0.024002 -0.046215
v -0.053814 0.024001 -0.047800
v -0.050807 0.023073 -0.048748
v -0.054060 0.024122 -0.047696
v -0.056694 0.026000 -0.046216
v -0.054128 0.024078 -0.047803
v -0.053703 0.023873 -0.047980
v -0.053317 0.023704 -0.048130
v -0.052924 0.023547 -0.048274
v -0.052522 0.023405 -0.048410
v -0.052113 0.023278 -0.048538
v -0.051696 0.023167 -0.048657
v -0.051272 0.023074 -0.048765
v -0.051058 0.023034 -0.048816
v -0.050950 0.023017 -0.048840
v -0.050896 0.023008 -0.048852
v -0.050869 0.023004 -0.048858
v -0.050856 0.023002 -0.048861
v -0.050849 0.023001 -0.048863
v -0.050846 0.023001 -0.048863
v -0.050844 0.023000 -0.048864
v -0.050843 0.023000 -0.048864
v -0.050843 0.023000 -0.048864
v -0.050843 0.023000 -0.048864
v -0.050843 0.023000 -0.048864
v -0.050843 0.023000 -0.048864
v -0.050843 0.023000 -0.048864
v -0.050843 0.023000 -0.048864
v -0.050842 0.023000 -0.048864
v -0.050843 0.023000 -0.048864
v -0.050843 0.023000 -0.048864
v -0.050843 0.023000 -0.048864
v -0.045576 0.015158 -0.049092
v -0.063456 0.015260 -0.047579
v -0.063475 0.014336 -0.046515
v -0.064486 0.014567 -0.046396
v -0.065228 0.015217 -0.046059
v -0.064501 0.014268 -0.045136
v -0.065232 0.014999 -0.045136
v -0.065232 0.015000 -0.045136
v -0.065500 0.016000 -0.045136
v -0.065232 0.015000 -0.022568
v -0.065232 0.015000 -0.000000
v -0.065500 0.016000 -0.022568
v -0.065500 0.016000 -0.000000
v -0.065500 0.016000 0.022568
v -0.065232 0.015000 0.022568
v -0.065500 0.016000 0.045136
v -0.065500 0.016112 -0.045596
v -0.065500 0.016422 -0.045952
v -0.068500 0.014085 0.050575
v -0.065500 0.026000 0.046184
v -0.065500 0.026000 0.041990
v -0.056805 0.026000 0.046313
v -0.056694 0.026000 0.046216
v -0.054128 0.024078 0.047803
v -0.053703 0.023873 0.047980
v -0.054060 0.024122 0.047696
v -0.053814 0.024001 0.047800
v -0.050807 0.023073 0.048748
v -0.053818 0.024002 0.046215
v -0.054229 0.024207 0.046035
v -0.051047 0.023110 0.047100
v -0.050261 0.023000 0.047268
v -0.051048 0.023000 0.047023
v -0.063522 0.023000 0.045950
v -0.051421 0.023067 0.046939
v -0.050259 0.022890 0.047193
v -0.043182 0.021828 0.048995
v -0.043174 0.017710 0.050157
v -0.024233 0.017639 0.056111
v -0.023981 0.017459 0.056241
v -0.023553 0.017463 0.056411
v -0.023582 0.017451 0.056401
v -0.023499 0.017449 0.056435
v -0.023508 0.017541 0.056511
v -0.019498 0.016415 0.058076
v -0.019509 0.016479 0.058151
v -0.018114 0.016050 0.058580
v -0.028466 0.016232 0.054479
v -0.015407 0.015328 0.059429
v -0.015415 0.015362 0.059491
v -0.013947 0.014935 0.059775
v -0.011193 0.014192 0.059901
v -0.011193 0.014192 0.061348
v -0.012114 0.014448 0.062108
v -0.011056 0.014056 0.061336
v -0.011846 0.014269 0.062083
v -0.010853 0.013853 0.061024
v -0.010593 0.013593 0.060372
v -0.012087 0.014334 0.062222
v -0.013361 0.014794 0.062415
v -0.014618 0.015142 0.062142
v -0.013391 0.014681 0.062544
v -0.014059 0.014858 0.062477
v -0.014376 0.014942 0.062391
v -0.014574 0.014994 0.062317
v -0.014584 0.014997 0.062313
v -0.014586 0.014997 0.062312
v -0.014587 0.014997 0.062312
v -0.014587 0.014997 0.062312
v -0.014587 0.014997 0.062312
v -0.014587 0.014997 0.062312
v -0.014587 0.014997 0.062312
v -0.014587 0.014997 0.062312
v -0.014587 0.014997 0.062312
v -0.014587 0.014997 0.062312
v -0.014586 0.014997 0.062312
v -0.014586 0.014997 0.062312
v -0.014586 0.014997 0.062312
v -0.014586 0.014997 0.062312
v -0.014586 0.014997 0.062312
v -0.014587 0.014998 0.062312
v -0.014630 0.015009 0.062294
v -0.030199 0.019220 0.055257
v -0.030199 0.019220 0.053668
v -0.031969 0.019637 0.054552
v -0.050261 0.023000 0.048866
v -0.032035 0.019552 0.054669
v -0.050295 0.022927 0.048982
v -0.028484 0.017536 0.054528
v -0.023785 0.017411 0.056327
v -0.045680 0.017738 0.049622
v -0.063448 0.017981 0.047970
v -0.063446 0.016583 0.048106
v -0.064470 0.017899 0.047734
v -0.064514 0.022884 0.045700
v -0.064470 0.017899 0.047734
v -0.065224 0.017659 0.047040
v -0.065236 0.022578 0.045037
v -0.065500 0.017327 0.046081
v -0.065500 0.022162 0.044134
v -0.065500 0.016859 0.046126
v -0.065236 0.022578 0.045036
v -0.065234 0.026000 0.043168
v -0.064508 0.026000 0.044027
v -0.064037 0.026000 0.044261
v -0.064513 0.022885 0.045700
v -0.063517 0.026000 0.044346
v -0.063535 0.024670 0.045117
v -0.056847 0.026000 0.044449
v -0.056695 0.026000 0.044593
v -0.055675 0.024955 0.045250
v -0.055288 0.024687 0.045465
v -0.055266 0.024673 0.045477
v -0.055261 0.024669 0.045480
v -0.055260 0.024669 0.045480
v -0.055260 0.024669 0.045480
v -0.055260 0.024669 0.045480
v -0.055260 0.024669 0.045480
v -0.055260 0.024669 0.045480
v -0.055260 0.024669 0.045480
v -0.055261 0.024669 0.045480
v -0.055261 0.024669 0.045480
v -0.055261 0.024669 0.045480
v -0.055261 0.024669 0.045480
v -0.055261 0.024669 0.045480
v -0.055260 0.024669 0.045480
v -0.055253 0.024665 0.045484
v -0.055240 0.024656 0.045491
v -0.055140 0.024592 0.045543
v -0.054959 0.024479 0.045636
v -0.054261 0.024087 0.045967
v -0.053856 0.023885 0.046143
v -0.052510 0.023348 0.046640
v -0.051781 0.023145 0.046851
v -0.051777 0.023144 0.046852
v -0.051777 0.023143 0.046852
v -0.051777 0.023143 0.046852
v -0.051777 0.023143 0.046852
v -0.051777 0.023143 0.046852
v -0.051777 0.023143 0.046852
v -0.051777 0.023143 0.046852
v -0.051777 0.023144 0.046852
v -0.051777 0.023144 0.046852
v -0.051777 0.023144 0.046852
v -0.051777 0.023144 0.046852
v -0.051777 0.023143 0.046852
v -0.051771 0.023142 0.046853
v -0.051746 0.023136 0.046860
v -0.051698 0.023125 0.046872
v -0.051608 0.023106 0.046894
v -0.050807 0.023073 0.048748
v -0.053317 0.023704 0.048130
v -0.052924 0.023547 0.048274
v -0.052522 0.023405 0.048410
v -0.052113 0.023278 0.048538
v -0.051696 0.023167 0.048657
v -0.051272 0.023074 0.048765
v -0.051058 0.023034 0.048816
v -0.050950 0.023017 0.048840
v -0.050896 0.023008 0.048852
v -0.050869 0.023004 0.048858
v -0.050856 0.023002 0.048861
v -0.050849 0.023001 0.048863
v -0.050846 0.023001 0.048863
v -0.050844 0.023000 0.048864
v -0.050843 0.023000 0.048864
v -0.050843 0.023000 0.048864
v -0.050843 0.023000 0.048864
v -0.050843 0.023000 0.048864
v -0.050843 0.023000 0.048864
v -0.050843 0.023000 0.048864
v -0.050843 0.023000 0.048864
v -0.050842 0.023000 0.048864
v -0.050843 0.023000 0.048864
v -0.050843 0.023000 0.048864
v -0.050843 0.023000 0.048864
v -0.050843 0.023000 0.048864
v -0.065500 0.000000 0.053000
v -0.011193 -0.014192 0.059901
v -0.011186 -0.014186 0.059871
v -0.011381 -0.014239 0.059922
v -0.011000 -0.014000 0.058800
v -0.011000 -0.014000 0.054984
v -0.027485 -0.014000 0.051750
v -0.045118 -0.014000 0.046768
v -0.027916 -0.014284 0.052948
v -0.045372 -0.014304 0.048059
v -0.063476 -0.014329 0.046500
v -0.045576 -0.015158 0.049092
v -0.063456 -0.015260 0.047579
v -0.063456 -0.015265 0.047583
v -0.063475 -0.014336 0.046515
v -0.064486 -0.014567 0.046396
v -0.065228 -0.015217 0.046059
v -0.064474 -0.015411 0.047377
v -0.064501 -0.014268 0.045136
v -0.065232 -0.014999 0.045136
v -0.064500 -0.014268 0.045136
v -0.064500 -0.014268 0.022568
v -0.063500 -0.014000 0.045135
v -0.063500 -0.014000 0.022568
v -0.063500 -0.014000 0.000000
v -0.064500 -0.014268 0.000000
v -0.054500 -0.014000 0.000000
v -0.063500 -0.014000 -0.022568
v -0.063500 -0.014000 -0.045135
v -0.064500 -0.014268 -0.022568
v -0.064500 -0.014268 -0.045136
v -0.065232 -0.015000 -0.022568
v -0.065232 -0.015000 0.000000
v -0.065500 -0.016000 -0.022568
v -0.065232 -0.015000 -0.045136
v -0.065500 -0.016000 -0.045136
v -0.065232 -0.014999 -0.045136
v -0.065228 -0.015217 -0.046059
v -0.064501 -0.014268 -0.045136
v -0.064486 -0.014567 -0.046396
v -0.064474 -0.015411 -0.047377
v -0.063475 -0.014336 -0.046515
v -0.063456 -0.015260 -0.047579
v -0.063476 -0.014329 -0.046500
v -0.045372 -0.014304 -0.048059
v -0.045576 -0.015158 -0.049092
v -0.027916 -0.014284 -0.052948
v -0.045118 -0.014000 -0.046768
v -0.027485 -0.014000 -0.051750
v -0.011000 -0.014000 -0.058800
v -0.011000 -0.014000 -0.054984
v -0.011186 -0.014186 -0.059871
v -0.011193 -0.014192 -0.059901
v -0.011381 -0.014239 -0.059922
v -0.013947 -0.014935 -0.059775
v -0.028264 -0.015077 -0.053917
v -0.015407 -0.015328 -0.059429
v -0.018114 -0.016050 -0.058580
v -0.015415 -0.015362 -0.059491
v -0.019509 -0.016479 -0.058151
v -0.019498 -0.016415 -0.058076
v -0.023508 -0.017541 -0.056511
v -0.030199 -0.019220 -0.053668
v -0.023499 -0.017449 -0.056435
v -0.023553 -0.017463 -0.056411
v -0.023582 -0.017451 -0.056401
v -0.023785 -0.017411 -0.056327
v -0.023981 -0.017459 -0.056241
v -0.028484 -0.017536 -0.054528
v -0.024233 -0.017639 -0.056111
v -0.043182 -0.021828 -0.048995
v -0.043174 -0.017710 -0.050157
v -0.050259 -0.022890 -0.047193
v -0.050261 -0.023000 -0.047268
v -0.051048 -0.023000 -0.047023
v -0.051047 -0.023110 -0.047100
v -0.051514 -0.023086 -0.046917
v -0.063522 -0.023000 -0.045950
v -0.063448 -0.017981 -0.047970
v -0.045680 -0.017738 -0.049622
v -0.063446 -0.016583 -0.048106
v -0.064470 -0.017899 -0.047734
v -0.064470 -0.017899 -0.047734
v -0.064514 -0.022884 -0.045700
v -0.065236 -0.022578 -0.045037
v -0.065236 -0.022578 -0.045037
v -0.065224 -0.017659 -0.047040
v -0.065223 -0.016715 -0.047131
v -0.065500 -0.017327 -0.046081
v -0.065500 -0.022162 -0.044134
v -0.065500 -0.016859 -0.046126
v -0.065500 -0.016422 -0.045952
v -0.065500 -0.016112 -0.045596
v -0.065225 -0.015836 -0.046778
v -0.065500 -0.026910 -0.041408
v -0.064469 -0.016612 -0.047859
v -0.063446 -0.016576 -0.048105
v -0.063456 -0.015265 -0.047583
v -0.045686 -0.016388 -0.049650
v -0.028466 -0.016232 -0.054479
v -0.051744 -0.023136 -0.046860
v -0.051775 -0.023143 -0.046852
v -0.051777 -0.023143 -0.046852
v -0.051777 -0.023143 -0.046852
v -0.051777 -0.023143 -0.046852
v -0.051777 -0.023143 -0.046852
v -0.051777 -0.023143 -0.046852
v -0.051777 -0.023143 -0.046852
v -0.051777 -0.023143 -0.046852
v -0.051777 -0.023143 -0.046852
v -0.051777 -0.023143 -0.046852
v -0.051777 -0.023143 -0.046852
v -0.051777 -0.023143 -0.046852
v -0.051777 -0.023144 -0.046852
v -0.051777 -0.023144 -0.046852
v -0.051779 -0.023144 -0.046851
v -0.051785 -0.023146 -0.046849
v -0.051832 -0.023157 -0.046837
v -0.051978 -0.023193 -0.046798
v -0.052851 -0.023465 -0.046526
v -0.052831 -0.023586 -0.046596
v -0.054055 -0.023982 -0.046058
v -0.054498 -0.024213 -0.045859
v -0.054464 -0.024333 -0.045927
v -0.055260 -0.024669 -0.045480
v -0.055261 -0.024669 -0.045480
v -0.055261 -0.024669 -0.045480
v -0.055261 -0.024669 -0.045480
v -0.055261 -0.024669 -0.045480
v -0.055261 -0.024669 -0.045480
v -0.055260 -0.024669 -0.045480
v -0.055260 -0.024669 -0.045480
v -0.055260 -0.024669 -0.045480
v -0.055260 -0.024669 -0.045480
v -0.055261 -0.024669 -0.045480
v -0.055261 -0.024669 -0.045480
v -0.055261 -0.024670 -0.045480
v -0.055262 -0.024670 -0.045479
v -0.055265 -0.024672 -0.045478
v -0.055274 -0.024678 -0.045473
v -0.055304 -0.024698 -0.045457
v -0.055407 -0.024766 -0.045401
v -0.055634 -0.024925 -0.045274
v -0.053456 -0.023837 -0.046363
v -0.054877 -0.024572 -0.045725
v -0.055923 -0.025292 -0.045140
v -0.054874 -0.024571 -0.047320
v -0.055809 -0.025204 -0.046816
v -0.054303 -0.024248 -0.047589
v -0.054373 -0.024206 -0.047695
v -0.053451 -0.023836 -0.047947
v -0.052627 -0.023514 -0.048247
v -0.051907 -0.023295 -0.048473
v -0.052683 -0.023460 -0.048357
v -0.053851 -0.023942 -0.047919
v -0.052428 -0.023374 -0.048440
v -0.052171 -0.023295 -0.048520
v -0.051911 -0.023222 -0.048597
v -0.051648 -0.023155 -0.048670
v -0.051382 -0.023096 -0.048738
v -0.051113 -0.023044 -0.048803
v -0.050978 -0.023021 -0.048834
v -0.050910 -0.023010 -0.048849
v -0.050876 -0.023005 -0.048857
v -0.050859 -0.023003 -0.048860
v -0.050851 -0.023001 -0.048862
v -0.050847 -0.023001 -0.048863
v -0.050844 -0.023000 -0.048864
v -0.050843 -0.023000 -0.048864
v -0.050843 -0.023000 -0.048864
v -0.050843 -0.023000 -0.048864
v -0.050843 -0.023000 -0.048864
v -0.050843 -0.023000 -0.048864
v -0.050843 -0.023000 -0.048864
v -0.050843 -0.023000 -0.048864
v -0.050842 -0.023000 -0.048864
v -0.050842 -0.023000 -0.048864
v -0.050842 -0.023000 -0.048864
v -0.050843 -0.023000 -0.048864
v -0.050843 -0.023000 -0.048864
v -0.050843 -0.023000 -0.048864
v -0.050295 -0.022927 -0.048982
v -0.050807 -0.023072 -0.048748
v -0.052240 -0.023000 -0.048666
v -0.052407 -0.011433 -0.052631
v -0.065500 -0.023000 -0.047749
v -0.065500 -0.024806 -0.046837
v -0.065500 -0.014220 -0.051056
v -0.065500 -0.011799 -0.051670
v -0.068000 -0.014220 -0.051057
v -0.065500 -0.026275 -0.046029
v -0.065500 -0.027143 -0.045522
v -0.056589 -0.025776 -0.046474
v -0.057134 -0.026407 -0.046027
v -0.055893 -0.025176 -0.046922
v -0.057445 -0.026957 -0.045658
v -0.057027 -0.026409 -0.045920
v -0.056148 -0.025478 -0.046606
v -0.057630 -0.028000 -0.045000
v -0.065500 -0.028000 -0.045000
v -0.065500 -0.027397 -0.045370
v -0.039438 -0.010457 -0.055186
v -0.039234 -0.021111 -0.052043
v -0.039492 -0.000000 -0.056144
v -0.014460 -0.007528 -0.062861
v -0.014380 -0.000000 -0.063032
v -0.014704 -0.015028 -0.062260
v -0.014618 -0.015142 -0.062142
v -0.014630 -0.015009 -0.062294
v -0.032035 -0.019552 -0.054669
v -0.031969 -0.019637 -0.054552
v -0.050261 -0.023000 -0.048866
v -0.030199 -0.019220 -0.055257
v -0.050807 -0.023072 -0.048748
v -0.014587 -0.014997 -0.062312
v -0.014586 -0.014997 -0.062312
v -0.014586 -0.014997 -0.062312
v -0.014586 -0.014997 -0.062312
v -0.014586 -0.014997 -0.062312
v -0.014586 -0.014997 -0.062312
v -0.014587 -0.014997 -0.062312
v -0.014587 -0.014997 -0.062312
v -0.014587 -0.014997 -0.062312
v -0.014587 -0.014997 -0.062312
v -0.014587 -0.014997 -0.062312
v -0.014587 -0.014997 -0.062312
v -0.014587 -0.014997 -0.062312
v -0.014587 -0.014997 -0.062312
v -0.014586 -0.014997 -0.062312
v -0.014584 -0.014997 -0.062313
v -0.014574 -0.014994 -0.062317
v -0.014376 -0.014942 -0.062391
v -0.014059 -0.014858 -0.062477
v -0.013391 -0.014681 -0.062544
v -0.013361 -0.014794 -0.062415
v -0.013247 -0.014643 -0.062538
v -0.012992 -0.000000 -0.063121
v -0.012087 -0.014334 -0.062222
v -0.012114 -0.014448 -0.062108
v -0.011846 -0.014269 -0.062083
v -0.011056 -0.014056 -0.061336
v -0.011717 -0.000000 -0.062576
v -0.010823 -0.000000 -0.061517
v -0.011846 0.014269 -0.062083
v -0.012087 0.014334 -0.062222
v -0.011056 0.014056 -0.061336
v -0.011193 0.014192 -0.061348
v -0.010853 0.013853 -0.061024
v -0.010593 0.013593 -0.060372
v -0.010500 0.013500 -0.059637
v -0.010500 -0.000000 -0.060164
v -0.010500 0.013500 -0.054984
v -0.011000 0.014000 -0.054984
v -0.010719 0.013500 -0.053861
v -0.010500 -0.000000 -0.054984
v -0.010719 -0.000000 -0.053861
v -0.010500 -0.013500 -0.054984
v -0.010719 -0.013500 -0.053861
v -0.010500 -0.013500 -0.059637
v -0.010593 -0.013593 -0.060372
v -0.010853 -0.013853 -0.061024
v -0.010794 -0.013500 -0.053690
v -0.011245 -0.014000 -0.053905
v -0.011342 -0.013500 -0.052900
v -0.011752 -0.013714 -0.052815
v -0.011342 -0.000000 -0.052900
v -0.011342 0.013500 -0.052900
v -0.011752 0.013714 -0.052815
v -0.010794 0.013500 -0.053689
v -0.011245 0.014000 -0.053905
v -0.011932 0.014000 -0.053038
v -0.012925 0.014000 -0.052551
v -0.025239 0.014000 -0.048000
v -0.025239 -0.014000 -0.048000
v -0.037293 0.014000 -0.039526
v -0.037293 -0.014000 -0.039526
v -0.046608 0.014000 -0.028108
v -0.052490 0.014000 -0.014598
v -0.046608 -0.014000 -0.028108
v -0.052490 -0.014000 -0.014598
v -0.012925 -0.014000 -0.052551
v -0.011932 -0.014000 -0.053038
v -0.011193 0.014192 -0.059901
v -0.012114 0.014448 -0.062108
v -0.013361 0.014794 -0.062415
v -0.013391 0.014681 -0.062544
v -0.014059 0.014858 -0.062477
v -0.013247 0.014643 -0.062538
v -0.014376 0.014942 -0.062391
v -0.014574 0.014994 -0.062317
v -0.014584 0.014997 -0.062313
v -0.014586 0.014997 -0.062312
v -0.014587 0.014997 -0.062312
v -0.014587 0.014997 -0.062312
v -0.014587 0.014997 -0.062312
v -0.014587 0.014997 -0.062312
v -0.014587 0.014997 -0.062312
v -0.014587 0.014997 -0.062312
v -0.014587 0.014997 -0.062312
v -0.014587 0.014997 -0.062312
v -0.014586 0.014997 -0.062312
v -0.014586 0.014997 -0.062312
v -0.014586 0.014997 -0.062312
v -0.014586 0.014997 -0.062312
v -0.014586 0.014997 -0.062312
v -0.014587 0.014998 -0.062312
v -0.014630 0.015009 -0.062294
v -0.011193 -0.014192 -0.061348
v -0.014460 0.007528 -0.062861
v -0.051911 -0.023295 -0.046887
v -0.065232 -0.015000 0.022568
v -0.065500 -0.016000 0.022568
v -0.065232 -0.015000 0.045136
v -0.065500 -0.016000 0.045136
v -0.065500 -0.016112 0.045596
v -0.065500 -0.016422 0.045952
v -0.065225 -0.015836 0.046778
v -0.065500 -0.016859 0.046126
v -0.065223 -0.016715 0.047131
v -0.065500 -0.017327 0.046081
v -0.065500 -0.022162 0.044134
v -0.065224 -0.017659 0.047040
v -0.064470 -0.017899 0.047734
v -0.065236 -0.022578 0.045037
v -0.064469 -0.016612 0.047859
v -0.063446 -0.016576 0.048105
v -0.052490 -0.014000 0.014598
v -0.052490 0.014000 0.014598
v -0.046608 -0.014000 0.028108
v -0.046608 0.014000 0.028108
v -0.037293 -0.014000 0.039526
v -0.037293 0.014000 0.039526
v -0.025239 -0.014000 0.048000
v -0.025239 0.014000 0.048000
v -0.012925 -0.014000 0.052551
v -0.011932 -0.014000 0.053038
v -0.011752 -0.013714 0.052815
v -0.011342 -0.013500 0.052900
v -0.010794 -0.013500 0.053690
v -0.011342 0.000000 0.052900
v -0.011342 0.013500 0.052900
v -0.010794 0.013500 0.053690
v -0.011752 0.013714 0.052815
v -0.012925 0.014000 0.052551
v -0.011932 0.014000 0.053038
v -0.010719 -0.013500 0.053860
v -0.011245 -0.014000 0.053905
v -0.013947 -0.014935 0.059775
v -0.028484 0.017536 -0.054528
v -0.068500 -0.061797 -0.009349
v -0.050259 -0.022890 0.047193
v -0.024233 -0.017639 0.056111
v -0.023553 -0.017463 0.056411
v -0.023582 -0.017451 0.056401
v -0.023785 -0.017411 0.056327
v -0.057500 -0.045234 0.024551
v -0.057583 -0.049804 0.012644
v -0.057583 -0.049804 0.012643
v -0.000500 0.021400 -0.052000
v -0.000500 0.021400 -0.052500
v 0.006900 0.021400 -0.051471
v -0.007901 0.021400 -0.051471
v -0.022102 0.021400 -0.047301
v -0.007873 0.021200 -0.051273
v 0.006872 0.021200 -0.051273
v -0.022019 0.021200 -0.047119
v -0.007873 0.021000 -0.051273
v 0.006872 0.021000 -0.051273
v -0.022019 0.021000 -0.047119
v -0.034422 0.021000 -0.039148
v -0.044077 0.021000 -0.028005
v -0.034422 0.021200 -0.039148
v -0.034553 0.021400 -0.039299
v -0.044077 0.021200 -0.028005
v -0.044245 0.021400 -0.028113
v -0.050202 0.021200 -0.014594
v -0.050202 0.021000 -0.014594
v -0.050394 0.021400 -0.014650
v -0.052300 0.021200 -0.000000
v -0.052500 0.021400 -0.000000
v -0.050202 0.021200 0.014594
v -0.052300 0.021000 -0.000000
v -0.050202 0.021000 0.014594
v -0.044077 0.021000 0.028005
v -0.034422 0.021000 0.039148
v -0.044077 0.021200 0.028005
v -0.044245 0.021400 0.028113
v -0.034422 0.021200 0.039148
v -0.034553 0.021400 0.039299
v -0.022019 0.021200 0.047119
v -0.007873 0.021200 0.051273
v -0.022019 0.021000 0.047119
v -0.022102 0.021400 0.047301
v -0.007901 0.021400 0.051471
v -0.000500 0.021400 0.052000
v -0.000500 0.021400 0.052500
v 0.006900 0.021400 0.051471
v 0.021101 0.021400 0.047301
v 0.006872 0.021200 0.051273
v 0.021018 0.021200 0.047119
v 0.006872 0.021000 0.051273
v -0.007873 0.021000 0.051273
v 0.021018 0.021000 0.047119
v 0.033421 0.021000 0.039148
v 0.043077 0.021000 0.028005
v 0.033421 0.021200 0.039148
v 0.033552 0.021400 0.039299
v 0.043077 0.021200 0.028005
v 0.043245 0.021400 0.028113
v 0.049201 0.021200 0.014594
v 0.049201 0.021000 0.014594
v 0.051300 0.021200 -0.000000
v 0.049393 0.021400 0.014650
v 0.051500 0.021400 -0.000000
v 0.049393 0.021400 -0.014650
v 0.043245 0.021400 -0.028113
v 0.049201 0.021200 -0.014594
v 0.043077 0.021200 -0.028005
v 0.049201 0.021000 -0.014594
v 0.051300 0.021000 -0.000000
v 0.043077 0.021000 -0.028005
v 0.033421 0.021000 -0.039148
v 0.033421 0.021200 -0.039148
v 0.021018 0.021000 -0.047119
v 0.021018 0.021200 -0.047119
v 0.021101 0.021400 -0.047301
v 0.033552 0.021400 -0.039299
v 0.006971 0.021400 0.051966
v -0.007972 0.021400 0.051966
v -0.022310 0.021400 0.047756
v -0.008185 0.019900 0.053450
v -0.011342 0.019900 0.052900
v 0.004533 0.019900 0.053765
v 0.004533 0.005376 0.053765
v 0.007185 0.019900 0.053450
v 0.019971 0.019900 0.049969
v 0.019972 0.005376 0.049969
v 0.021932 0.019900 0.049120
v 0.033636 0.019900 0.041842
v 0.021309 0.021400 0.047756
v 0.033880 0.021400 0.039677
v 0.043665 0.021400 0.028384
v 0.034862 0.019900 0.040810
v 0.044341 0.019900 0.030087
v 0.044341 0.005376 0.030087
v 0.044927 0.019900 0.029195
v 0.051159 0.019900 0.015725
v 0.051159 0.005376 0.015725
v 0.051312 0.019900 0.015214
v 0.049873 0.021400 0.014791
v 0.053500 0.019900 -0.000000
v 0.051312 0.019900 -0.015214
v 0.053500 -0.001500 0.000000
v 0.052000 0.021400 -0.000000
v 0.049873 0.021400 -0.014791
v 0.043665 0.021400 -0.028384
v 0.033880 0.021400 -0.039677
v 0.044927 0.019900 -0.029195
v 0.044341 0.019900 -0.030087
v 0.051159 0.019900 -0.015725
v 0.051159 0.005376 -0.015725
v 0.053399 0.005376 -0.003302
v 0.044341 0.005376 -0.030087
v 0.033636 0.005376 -0.041842
v 0.033636 0.019900 -0.041842
v 0.019972 0.005376 -0.049969
v 0.019971 0.019900 -0.049969
v 0.004533 0.005376 -0.053765
v -0.011342 0.005376 -0.052900
v 0.004533 0.019900 -0.053765
v -0.008185 0.019900 -0.053450
v 0.007185 0.019900 -0.053450
v 0.006971 0.021400 -0.051966
v 0.021309 0.021400 -0.047756
v 0.021932 0.019900 -0.049120
v -0.011342 0.019900 -0.052900
v -0.007972 0.021400 -0.051966
v -0.022310 0.021400 -0.047756
v -0.034881 0.021400 -0.039677
v -0.022933 0.019900 -0.049120
v -0.025239 0.019900 -0.048000
v -0.025239 0.005300 -0.048000
v -0.035863 0.019900 -0.040810
v -0.037293 0.019900 -0.039526
v -0.037293 0.005300 -0.039526
v -0.045928 0.019900 -0.029195
v -0.044666 0.021400 -0.028384
v -0.046608 0.019900 -0.028108
v -0.046608 0.005300 -0.028108
v -0.052313 0.019900 -0.015214
v -0.050874 0.021400 -0.014791
v -0.052490 0.019900 -0.014598
v -0.052490 0.005300 -0.014598
v -0.054500 0.019900 -0.000000
v -0.052490 0.019900 0.014598
v -0.054500 0.005300 -0.000000
v -0.053000 0.021400 -0.000000
v -0.050874 0.021400 0.014791
v -0.044666 0.021400 0.028384
v -0.052313 0.019900 0.015214
v -0.046608 0.019900 0.028108
v -0.045928 0.019900 0.029195
v -0.046608 0.005300 0.028108
v -0.037293 0.005300 0.039526
v -0.052490 0.005300 0.014598
v -0.025239 0.005300 0.048000
v -0.037293 0.019900 0.039526
v -0.035863 0.019900 0.040810
v -0.034881 0.021400 0.039677
v -0.025239 0.019900 0.048000
v -0.022933 0.019900 0.049120
v -0.011342 0.005300 0.052900
v -0.011342 0.005376 0.052900
v -0.011342 0.005300 -0.052900
v 0.034862 0.019900 -0.040810
v 0.053399 -0.001500 -0.003302
v 0.053399 -0.001500 0.003302
v 0.053399 0.005376 0.003302
v 0.033636 0.005376 0.041842
v -0.050394 0.021400 0.014650
v -0.053950 -0.007700 0.000000
v -0.053950 -0.033600 0.000000
v -0.051785 -0.007700 -0.015059
v -0.051785 -0.007700 0.015059
v -0.045465 -0.007700 0.028897
v -0.051785 -0.033600 0.015059
v -0.050826 -0.034600 0.014777
v -0.045465 -0.033600 0.028897
v -0.044624 -0.034600 0.028357
v -0.035503 -0.033600 0.040395
v -0.022704 -0.033600 0.048620
v -0.034848 -0.034600 0.039639
v -0.035503 -0.007700 0.040395
v -0.022704 -0.007700 0.048620
v -0.008107 -0.007700 0.052906
v 0.007107 -0.007700 0.052906
v -0.008107 -0.033600 0.052906
v -0.007965 -0.034600 0.051916
v 0.007107 -0.033600 0.052906
v 0.021704 -0.033600 0.048620
v 0.006964 -0.034600 0.051916
v 0.021288 -0.034600 0.047710
v 0.033847 -0.034600 0.039639
v 0.034502 -0.033600 0.040395
v 0.043623 -0.034600 0.028357
v 0.044465 -0.033600 0.028897
v 0.049825 -0.034600 0.014777
v 0.051950 -0.034600 0.000000
v 0.050784 -0.033600 0.015059
v 0.050784 -0.007700 0.015059
v 0.052950 -0.033600 0.000000
v 0.050784 -0.033600 -0.015059
v 0.052950 -0.007700 0.000000
v 0.050784 -0.007700 -0.015059
v 0.044465 -0.007700 -0.028897
v 0.034502 -0.007700 -0.040395
v 0.044465 -0.033600 -0.028897
v 0.043623 -0.034600 -0.028357
v 0.034502 -0.033600 -0.040395
v 0.033847 -0.034600 -0.039639
v 0.021704 -0.033600 -0.048620
v 0.007107 -0.033600 -0.052906
v 0.021288 -0.034600 -0.047710
v 0.021704 -0.007700 -0.048620
v 0.007107 -0.007700 -0.052906
v -0.008107 -0.007700 -0.052906
v -0.022704 -0.007700 -0.048620
v -0.008107 -0.033600 -0.052906
v -0.022704 -0.033600 -0.048620
v -0.007965 -0.034600 -0.051916
v 0.006964 -0.034600 -0.051916
v -0.022289 -0.034600 -0.047710
v -0.034848 -0.034600 -0.039639
v -0.035503 -0.033600 -0.040395
v -0.044624 -0.034600 -0.028357
v -0.045465 -0.033600 -0.028897
v -0.050826 -0.034600 -0.014777
v -0.052950 -0.034600 0.000000
v -0.051785 -0.033600 -0.015059
v -0.045465 -0.007700 -0.028897
v -0.035503 -0.007700 -0.040395
v 0.049825 -0.034600 -0.014777
v 0.044465 -0.007700 0.028897
v 0.034502 -0.007700 0.040395
v 0.021704 -0.007700 0.048620
v -0.022289 -0.034600 0.047710
v -0.000666 -0.007700 0.054008
v -0.015875 -0.007700 0.051773
v 0.014557 -0.007700 0.051866
v -0.000687 -0.005700 0.061000
v 0.016506 -0.005700 0.058581
v -0.017865 -0.005700 0.058476
v -0.000687 0.003300 0.061000
v -0.000666 0.005300 0.054008
v -0.017865 0.003300 0.058476
v 0.016506 0.003300 0.058581
v 0.014557 0.005300 0.051866
v 0.032322 0.003300 0.051417
v 0.028559 0.005300 0.045523
v 0.045478 0.003300 0.040088
v 0.032322 -0.005700 0.051417
v 0.028559 -0.007700 0.045523
v 0.045478 -0.005700 0.040088
v 0.040207 -0.007700 0.035492
v 0.054909 -0.005700 0.025510
v 0.048558 -0.007700 0.022586
v 0.059852 -0.005700 0.008866
v 0.054909 0.003300 0.025510
v 0.048558 0.005300 0.022586
v 0.059852 0.003300 0.008866
v 0.059905 0.003300 -0.008497
v 0.052934 0.005300 0.007850
v 0.052981 0.005300 -0.007523
v 0.048695 0.005300 -0.022285
v 0.040424 0.005300 -0.035242
v 0.055064 0.003300 -0.025170
v 0.045722 0.003300 -0.039805
v 0.055064 -0.005700 -0.025170
v 0.059905 -0.005700 -0.008497
v 0.048695 -0.007700 -0.022285
v 0.045722 -0.005700 -0.039805
v 0.040424 -0.007700 -0.035242
v 0.032636 -0.005700 -0.051215
v 0.028838 -0.007700 -0.045345
v 0.016865 -0.005700 -0.058476
v 0.032636 0.003300 -0.051215
v 0.028838 0.005300 -0.045345
v 0.016865 0.003300 -0.058476
v 0.014874 0.005300 -0.051773
v -0.000314 0.003300 -0.061000
v -0.000335 0.005300 -0.054008
v -0.017507 0.003300 -0.058581
v -0.000314 -0.005700 -0.061000
v -0.000335 -0.007700 -0.054008
v -0.017507 -0.005700 -0.058581
v -0.015558 -0.007700 -0.051866
v -0.033322 -0.005700 -0.051417
v -0.029560 -0.007700 -0.045523
v -0.046479 -0.005700 -0.040088
v -0.033322 0.003300 -0.051417
v -0.029560 0.005300 -0.045523
v -0.046479 0.003300 -0.040088
v -0.041208 0.005300 -0.035492
v -0.055910 0.003300 -0.025510
v -0.049559 0.005300 -0.022586
v -0.060853 0.003300 -0.008866
v -0.055910 -0.005700 -0.025510
v -0.049559 -0.007700 -0.022586
v -0.060853 -0.005700 -0.008866
v -0.053935 -0.007700 -0.007850
v -0.060906 -0.005700 0.008497
v -0.053982 -0.007700 0.007523
v -0.056065 -0.005700 0.025170
v -0.060906 0.003300 0.008497
v -0.053982 0.005300 0.007523
v -0.056065 0.003300 0.025170
v -0.049696 0.005300 0.022285
v -0.046723 0.003300 0.039805
v -0.041425 0.005300 0.035242
v -0.033637 0.003300 0.051215
v -0.046723 -0.005700 0.039805
v -0.041425 -0.007700 0.035242
v -0.033637 -0.005700 0.051215
v -0.029838 -0.007700 0.045345
v -0.049696 -0.007700 0.022285
v -0.029838 0.005300 0.045345
v -0.015875 0.005300 0.051773
v -0.053935 0.005300 -0.007850
v -0.041208 -0.007700 -0.035492
v -0.015558 0.005300 -0.051866
v 0.014874 -0.007700 -0.051773
v 0.052981 -0.007700 -0.007523
v 0.052934 -0.007700 0.007850
v 0.040207 0.005300 0.035492
vn 0.0000 -0.2257 -0.9742
vn 0.0000 0.0579 -0.9983
vn 0.0000 0.0579 -0.9983
vn 0.0000 -0.2257 -0.9742
vn -1.0000 0.0000 0.0000
vn 0.0000 0.3368 -0.9416
vn 0.0000 0.3368 -0.9416
vn 0.0000 0.0579 -0.9983
vn 0.0000 -0.2257 -0.9742
vn 0.0000 0.3368 -0.9416
vn 0.4471 -0.2019 -0.8714
vn 0.4472 0.0518 -0.8929
vn 0.4472 0.0518 -0.8929
vn 0.4471 -0.2019 -0.8714
vn 0.4472 0.3012 -0.8422
vn 0.4472 0.3012 -0.8422
vn 1.0000 0.0000 0.0000
vn 0.4471 0.5263 -0.7232
vn 0.4471 0.5263 -0.7232
vn 0.4471 0.7088 -0.5457
vn 0.4471 0.7088 -0.5456
vn 0.0000 0.5884 -0.8085
vn 0.0000 0.5884 -0.8085
vn 0.0000 0.7924 -0.6100
vn 0.0000 0.9321 -0.3621
vn 0.0000 0.9321 -0.3621
vn 0.4472 0.8338 -0.3239
vn 0.4472 0.8338 -0.3239
vn 0.0000 0.9964 -0.0848
vn 0.0000 0.9964 -0.0848
vn 0.4473 0.8912 -0.0758
vn 0.4473 0.8912 -0.0759
vn 0.4473 0.8764 0.1783
vn 0.4473 0.8764 0.1783
vn 0.4472 0.7907 0.4180
vn 0.4472 0.7907 0.4180
vn 0.0000 0.9799 0.1994
vn 0.0000 0.9799 0.1994
vn 0.0000 0.8841 0.4674
vn 0.0000 0.8841 0.4674
vn 0.0000 0.9799 0.1994
vn 0.0000 0.9321 -0.3621
vn 0.0000 0.7924 -0.6100
vn 0.0000 0.5884 -0.8085
vn 0.0000 0.7166 0.6975
vn 0.0000 0.7166 0.6975
vn 0.0000 0.7166 0.6975
vn 0.0000 0.4911 0.8711
vn 0.0000 0.4911 0.8711
vn 0.0000 0.2257 0.9742
vn 0.0000 0.2257 0.9742
vn 0.0000 0.2257 0.9742
vn 0.0000 0.4911 0.8711
vn 0.4472 0.6409 0.6239
vn 0.4472 0.4392 0.7792
vn 0.4472 0.4392 0.7792
vn 0.4472 0.6410 0.6238
vn 0.4471 0.2019 0.8714
vn 0.4471 0.2019 0.8714
vn 0.4472 -0.0518 0.8929
vn 0.4472 -0.0518 0.8929
vn 0.0000 -0.0579 0.9983
vn 0.0000 -0.0579 0.9983
vn 0.0000 -0.3368 0.9416
vn 0.0000 -0.3368 0.9416
vn 0.4472 -0.3012 0.8422
vn 0.4472 -0.3012 0.8422
vn 0.4471 -0.5263 0.7232
vn 0.4471 -0.5263 0.7232
vn 0.4471 -0.7088 0.5457
vn 0.4471 -0.7088 0.5456
vn 0.0000 -0.5884 0.8085
vn 0.0000 -0.5884 0.8085
vn 0.0000 -0.7924 0.6100
vn 0.0000 -0.3368 0.9416
vn 0.0000 -0.5884 0.8085
vn 0.0000 -0.7924 0.6100
vn 0.0000 -0.0579 0.9983
vn 0.0000 -0.9321 0.3621
vn 0.0000 -0.9321 0.3621
vn 0.0000 -0.9321 0.3621
vn 0.0000 -0.9964 0.0848
vn 0.0000 -0.9964 0.0848
vn 0.0000 -0.9799 -0.1994
vn 0.0000 -0.9799 -0.1994
vn 0.0000 -0.8841 -0.4674
vn 0.0000 -0.8841 -0.4674
vn 0.0000 -0.9799 -0.1994
vn 0.4473 -0.8764 -0.1783
vn 0.4472 -0.7907 -0.4181
vn 0.4472 -0.7908 -0.4180
vn 0.4473 -0.8764 -0.1783
vn 0.4473 -0.8912 0.0758
vn 0.4473 -0.8912 0.0759
vn 0.4472 -0.8338 0.3239
vn 0.4472 -0.8338 0.3239
vn 0.4475 -0.6407 -0.6239
vn 0.4471 -0.6410 -0.6239
vn 0.4471 -0.4392 -0.7792
vn 0.4471 -0.4392 -0.7792
vn 0.0000 -0.7166 -0.6975
vn 0.0000 -0.7166 -0.6975
vn 0.0000 -0.4911 -0.8711
vn 0.0000 -0.4911 -0.8711
vn 0.0000 -0.7166 -0.6975
vn 0.0000 -0.4911 -0.8711
vn -0.7071 -0.6258 0.3292
vn -0.7071 -0.6912 0.1493
vn -0.7071 -0.6912 0.1493
vn -0.7071 -0.6258 0.3293
vn -1.0000 0.0000 0.0000
vn -0.7073 -0.5297 0.4682
vn -0.7071 -0.5301 0.4681
vn -0.0001 -0.8850 0.4656
vn -0.0008 -0.9775 0.2111
vn 0.0001 -0.9775 0.2111
vn -0.0017 -0.8873 0.4612
vn -0.0000 -0.8850 0.4656
vn 0.0000 -0.7494 0.6622
vn 0.0000 -0.3301 0.9439
vn -0.7071 -0.2333 0.6676
vn -0.7071 -0.2333 0.6676
vn 0.0000 0.1736 0.9848
vn 0.0000 0.1736 0.9848
vn -0.7071 0.1228 0.6964
vn -0.7071 0.1228 0.6964
vn 0.0000 0.1737 0.9848
vn -0.0001 0.1737 0.9848
vn -0.7068 0.1229 0.6966
vn -0.7071 0.1228 0.6964
vn 0.7070 -0.2334 0.6676
vn 0.7069 0.1228 0.6966
vn 0.7069 0.1228 0.6966
vn 0.7070 -0.2334 0.6676
vn 0.7069 0.1228 0.6965
vn 0.7070 0.1228 0.6965
vn 0.7070 -0.2473 0.6626
vn 0.7070 -0.2473 0.6626
vn 0.0000 -0.3498 0.9368
vn 0.7070 -0.5491 0.4457
vn 0.7070 -0.5491 0.4457
vn 0.0000 -0.7766 0.6300
vn -0.7071 -0.2472 0.6625
vn -0.7069 -0.5493 0.4456
vn -0.7071 -0.5490 0.4456
vn -0.7072 -0.2471 0.6625
vn -0.7071 -0.6992 0.1058
vn -0.7071 -0.6992 0.1057
vn -0.7070 -0.7073 0.0000
vn -0.7070 -0.7073 0.0000
vn 0.0000 -0.9887 0.1496
vn 0.0000 -0.9887 0.1496
vn 0.0000 -1.0000 0.0000
vn 0.7070 -0.6993 0.1058
vn 0.7070 -0.6993 0.1058
vn 0.7070 -0.7072 -0.0000
vn 0.7070 -0.7072 -0.0000
vn 1.0000 -0.0000 0.0000
vn 1.0000 0.0001 0.0000
vn 1.0000 -0.0000 -0.0000
vn 1.0000 -0.0000 -0.0000
vn 1.0000 -0.0000 -0.0000
vn 1.0000 0.0000 0.0000
vn 1.0000 0.0001 -0.0000
vn 1.0000 -0.0000 0.0000
vn 0.7069 -0.6993 -0.1058
vn 0.7069 -0.6993 -0.1058
vn 0.7068 0.6856 -0.1741
vn 0.7071 0.7071 -0.0000
vn 0.7073 0.7069 -0.0001
vn 0.7069 0.6855 -0.1740
vn 0.7070 0.6855 -0.1739
vn 0.7071 0.6854 0.1739
vn 0.7071 0.6854 0.1741
vn 0.7069 0.6216 0.3374
vn 0.7072 0.6214 0.3372
vn 0.7073 0.6852 0.1741
vn 0.7070 0.5195 0.4798
vn 0.7070 0.5194 0.4799
vn 0.7071 0.6214 0.3373
vn 0.7071 0.3852 0.5929
vn 0.7071 0.3852 0.5929
vn 0.0000 0.7345 0.6786
vn -0.0000 0.5449 0.8385
vn 0.0000 0.5449 0.8385
vn 0.0000 0.7345 0.6786
vn 0.0000 0.8789 0.4770
vn -0.0000 0.8789 0.4770
vn 0.0000 0.9693 0.2461
vn 0.0001 0.8789 0.4771
vn 0.0000 0.9692 0.2461
vn 0.5000 0.7612 0.4131
vn 0.5000 0.8394 0.2131
vn 0.5000 0.6361 0.5877
vn 0.0000 1.0000 0.0000
vn -0.0000 1.0000 -0.0000
vn -0.0000 0.9692 0.2462
vn 0.5000 0.8660 -0.0000
vn 0.8660 0.4395 0.2385
vn 0.8660 0.4846 0.1230
vn 0.8660 0.5000 -0.0000
vn 0.8660 0.4846 -0.1230
vn 0.5000 0.8394 -0.2131
vn 0.0002 0.9692 -0.2461
vn -0.0000 0.9692 -0.2461
vn 0.8660 0.4395 -0.2386
vn 0.5000 0.7611 -0.4131
vn -0.0000 0.8789 -0.4770
vn -0.0000 0.8789 -0.4770
vn 0.0000 0.8789 -0.4770
vn 0.0001 0.9692 -0.2462
vn 0.0000 0.9693 -0.2460
vn 0.0000 0.7345 -0.6786
vn 0.0000 0.7345 -0.6786
vn 0.0001 0.8789 -0.4770
vn 0.5000 0.6361 -0.5877
vn 0.4998 0.4720 -0.7262
vn -0.0000 0.5449 -0.8385
vn 0.0005 0.5449 -0.8385
vn 0.7071 0.6215 -0.3373
vn 0.7072 0.5192 -0.4799
vn 0.7072 0.5194 -0.4797
vn 0.7070 0.6216 -0.3373
vn 0.7071 0.3852 -0.5930
vn 0.7071 0.3852 -0.5930
vn 0.7071 0.3848 -0.5933
vn 0.7071 0.3848 -0.5933
vn 0.0039 0.5615 -0.8275
vn 0.0003 0.5442 -0.8389
vn 0.0012 0.5342 -0.8454
vn 0.7227 0.0264 -0.6906
vn 0.7298 0.0548 -0.6815
vn 0.7405 0.1674 -0.6509
vn 0.7184 0.0200 -0.6953
vn 0.8558 -0.5174 0.0004
vn 1.0000 -0.0029 -0.0000
vn 0.8561 -0.5167 0.0004
vn 0.7066 -0.3756 0.5997
vn 0.7071 -0.3747 0.5997
vn 0.7070 -0.3748 0.5997
vn 0.7065 -0.3785 0.5979
vn 0.7070 -0.5193 0.4800
vn 0.7070 -0.5145 0.4852
vn 0.7070 -0.5193 0.4800
vn 0.7070 -0.6275 0.3262
vn 0.7070 -0.6258 0.3294
vn 0.7070 -0.6275 0.3262
vn 0.7070 -0.6913 0.1493
vn 0.7070 -0.6913 0.1493
vn 0.7070 -0.5300 0.4682
vn 0.7070 -0.5300 0.4682
vn -0.0042 -0.7293 0.6841
vn 0.0000 -0.7277 0.6859
vn -0.0000 -0.7344 0.6787
vn -0.0000 -0.7276 0.6860
vn 0.0000 -0.5169 0.8560
vn -0.0000 -0.5169 0.8560
vn 0.0001 -0.5296 0.8482
vn -0.0000 -0.5283 0.8491
vn 0.0000 -0.5283 0.8491
vn 0.0000 -0.5169 0.8561
vn -0.7072 -0.3654 0.6053
vn -0.7072 -0.5145 0.4850
vn -0.7072 -0.5124 0.4872
vn -0.7071 -0.5145 0.4851
vn -0.7071 -0.3655 0.6053
vn -0.7071 -0.1897 0.6811
vn -0.7071 -0.3655 0.6053
vn -0.7071 -0.1898 0.6812
vn -0.7071 -0.1897 0.6812
vn -0.7072 -0.0000 0.7070
vn -0.7072 -0.0000 0.7070
vn -0.0000 -0.2683 0.9633
vn 0.0000 -0.2683 0.9633
vn 0.0001 -0.5121 0.8589
vn 0.0003 -0.4957 0.8685
vn 0.0002 -0.4681 0.8837
vn 0.0000 -0.4339 0.9010
vn 0.0000 -0.2684 0.9633
vn -0.0000 -0.2226 0.9749
vn -0.0000 -0.0001 1.0000
vn -0.0000 -0.0000 1.0000
vn -0.1205 -0.4307 0.8944
vn -0.1254 -0.2128 0.9690
vn -0.0800 -0.5510 0.8307
vn 0.0872 -0.8634 0.4969
vn 0.0274 -0.8589 0.5114
vn -0.1109 -0.5039 0.8566
vn -0.1158 -0.4905 0.8637
vn -0.1208 -0.4735 0.8725
vn -0.1256 -0.4535 0.8824
vn -0.1296 -0.4362 0.8905
vn -0.1311 -0.4313 0.8926
vn -0.1318 -0.4299 0.8932
vn -0.1321 -0.4296 0.8933
vn -0.1322 -0.4294 0.8934
vn -0.1322 -0.4293 0.8934
vn -0.1324 -0.4296 0.8933
vn -0.1326 -0.4292 0.8934
vn -0.0545 -0.4925 0.8686
vn -0.0545 -0.4925 0.8686
vn -0.0545 -0.4925 0.8686
vn -0.0545 -0.4925 0.8686
vn -0.1324 -0.4293 0.8934
vn -0.0545 -0.4925 0.8686
vn -0.1271 -0.4278 0.8949
vn -0.0545 -0.4925 0.8686
vn -0.1226 -0.3440 0.9309
vn -0.1372 -0.4265 0.8940
vn -0.2264 -0.3735 0.8996
vn -0.2193 -0.1830 0.9583
vn -0.2153 0.0031 0.9765
vn -0.3200 -0.0403 0.9466
vn -0.2931 0.0032 0.9561
vn -0.2814 -0.3184 0.9052
vn -0.4013 -0.0850 0.9120
vn -0.0338 -0.8190 0.5727
vn -0.0198 -0.8327 0.5534
vn -0.0081 -0.8437 0.5367
vn -0.0056 -0.8481 0.5298
vn -0.0359 -0.8172 0.5752
vn -0.0395 -0.8140 0.5795
vn -0.0967 -0.7510 0.6531
vn -0.1039 -0.7530 0.6498
vn 0.2327 -0.9726 0.0000
vn 0.2261 -0.9741 -0.0000
vn 0.1253 -0.9921 0.0000
vn 0.1253 -0.9921 -0.0000
vn 0.2327 -0.9725 -0.0000
vn 0.2525 -0.9676 0.0000
vn 0.2604 -0.9655 -0.0000
vn 0.2656 -0.9641 -0.0000
vn 0.2677 -0.9635 -0.0000
vn 0.2677 -0.9635 -0.0000
vn 0.2675 -0.9636 -0.0000
vn 0.2670 -0.9637 0.0000
vn 0.2662 -0.9639 0.0000
vn 0.2399 -0.5588 -0.7939
vn 0.2395 -0.5589 -0.7939
vn 0.3213 -0.5659 -0.7593
vn 0.4469 -0.5924 -0.6703
vn 0.4492 -0.5941 -0.6673
vn 0.4458 -0.5951 -0.6687
vn 0.4498 -0.5941 -0.6669
vn 0.4213 -0.5804 -0.6969
vn 0.4053 -0.7224 -0.5602
vn 0.4017 -0.7234 -0.5616
vn 0.3425 -0.8423 -0.4161
vn 0.3834 -0.7649 -0.5177
vn 0.3392 -0.8432 -0.4170
vn 0.3865 -0.3166 -0.8663
vn 0.3906 -0.1949 -0.8997
vn 0.3668 0.1493 -0.9182
vn 0.3257 0.1416 -0.9348
vn 0.4109 0.1148 -0.9044
vn 0.3635 0.1529 -0.9189
vn 0.3327 0.1787 -0.9259
vn 0.3269 -0.2561 -0.9097
vn 0.3152 -0.6884 -0.6533
vn 0.3530 -0.5573 -0.7516
vn 0.2596 -0.6409 -0.7224
vn 0.1893 -0.2040 -0.9605
vn 0.1526 -0.6141 -0.7743
vn 0.2126 0.2369 -0.9480
vn 0.1874 0.2460 -0.9510
vn 0.3627 0.1560 -0.9188
vn 0.2229 0.2921 -0.9301
vn 0.1553 0.3390 -0.9279
vn 0.1472 0.3454 -0.9268
vn 0.0109 0.4192 -0.9078
vn -0.0260 0.3271 -0.9446
vn -0.0272 -0.1388 -0.9899
vn -0.0272 -0.1412 -0.9896
vn 0.4113 0.2500 -0.8765
vn 0.4849 0.2861 -0.8265
vn 0.4841 -0.1235 -0.8662
vn 0.5063 0.3614 -0.7830
vn 0.5066 0.3614 -0.7828
vn 0.0171 0.4823 -0.8758
vn 0.1397 0.3841 -0.9127
vn 0.1338 0.4175 -0.8988
vn 0.1329 0.4220 -0.8968
vn 0.0622 0.5085 -0.8588
vn 0.0622 0.5085 -0.8588
vn 0.0622 0.5085 -0.8588
vn 0.0622 0.5085 -0.8588
vn 0.1736 0.5387 -0.8244
vn 0.1306 0.4215 -0.8974
vn 0.1335 0.4225 -0.8965
vn 0.1329 0.4222 -0.8967
vn 0.1313 0.4300 -0.8932
vn 0.1272 0.4491 -0.8844
vn 0.1036 0.5214 -0.8470
vn 0.0761 0.5634 -0.8227
vn 0.0067 0.5241 -0.8516
vn 0.5590 -0.2704 -0.7838
vn 0.3350 0.2012 -0.9205
vn 0.0488 0.5844 -0.8100
vn 0.0270 0.5629 -0.8261
vn 0.0508 0.5830 -0.8109
vn 0.0270 0.5629 -0.8261
vn 0.0270 0.5629 -0.8261
vn 0.0560 0.5771 -0.8148
vn 0.0505 0.5830 -0.8109
vn 0.0482 0.5850 -0.8096
vn 0.0513 0.5825 -0.8112
vn 0.0505 0.5832 -0.8108
vn 0.0505 0.5830 -0.8109
vn 0.0498 0.5834 -0.8106
vn 0.0477 0.5844 -0.8101
vn 0.0431 0.5861 -0.8091
vn 0.0361 0.5877 -0.8083
vn 0.0222 0.5859 -0.8101
vn 0.4308 -0.3984 -0.8097
vn 0.4744 -0.3567 -0.8048
vn 0.5345 -0.2938 -0.7925
vn 0.5059 -0.3229 -0.7999
vn 0.4255 -0.4004 -0.8116
vn 0.5580 -0.2668 -0.7858
vn 0.6220 -0.1837 -0.7612
vn 0.6191 -0.1860 -0.7630
vn 0.5974 -0.2160 -0.7723
vn 0.5836 -0.2339 -0.7776
vn 0.5775 -0.2415 -0.7799
vn 0.5757 -0.2436 -0.7805
vn 0.5750 -0.2448 -0.7806
vn 0.5748 -0.2444 -0.7810
vn 0.5760 -0.2457 -0.7797
vn 0.5755 -0.2431 -0.7809
vn 0.5644 -0.2077 -0.7989
vn 0.5644 -0.2077 -0.7989
vn 0.5644 -0.2077 -0.7989
vn 0.5750 -0.2447 -0.7807
vn 0.5644 -0.2077 -0.7989
vn 0.5750 -0.2447 -0.7807
vn 0.5644 -0.2077 -0.7989
vn 0.6382 -0.1594 -0.7532
vn 0.6690 -0.1040 -0.7360
vn 0.0107 0.5760 -0.8174
vn 0.8336 -0.5524 0.0004
vn 0.6491 -0.7607 0.0003
vn 0.6485 -0.7612 0.0004
vn 0.8162 -0.5778 0.0004
vn 0.6205 -0.7842 0.0002
vn 0.5172 -0.8559 -0.0001
vn 0.5168 -0.8561 0.0001
vn 0.6071 -0.7946 0.0003
vn 0.4912 -0.7091 0.5059
vn 0.3635 -0.7953 0.4851
vn 0.3331 -0.8101 0.4826
vn 0.3358 -0.8080 0.4841
vn 0.4053 -0.7704 0.4922
vn 0.4959 -0.7025 0.5105
vn 0.5898 -0.6015 0.5388
vn 0.5242 -0.6793 0.5136
vn -0.0044 -0.5463 0.8376
vn -0.0121 -0.5615 0.8274
vn -0.0248 -0.5716 0.8201
vn -0.0399 -0.5733 0.8184
vn -0.0702 -0.5594 0.8259
vn 0.2667 -0.8351 0.4810
vn 0.2320 -0.8447 0.4824
vn 0.2346 -0.8433 0.4836
vn 0.1815 -0.8545 0.4868
vn 0.1301 -0.8596 0.4942
vn 0.2042 -0.8498 0.4859
vn 0.4824 -0.8759 -0.0002
vn 0.3997 -0.9166 -0.0003
vn 0.3995 -0.9167 -0.0002
vn 0.4693 -0.8830 -0.0001
vn 0.3451 -0.9386 -0.0003
vn 0.2546 -0.9670 -0.0002
vn 0.2547 -0.9670 -0.0001
vn 0.3266 -0.9452 -0.0002
vn 0.0805 -0.8585 0.5064
vn 0.0068 -0.8460 0.5331
vn 0.0068 -0.8460 0.5331
vn 0.0292 -0.8451 0.5339
vn 0.0600 -0.8411 0.5376
vn 0.0084 -0.8431 0.5377
vn 0.0600 -0.8411 0.5376
vn 0.0100 -0.8459 0.5333
vn 0.0600 -0.8411 0.5376
vn 0.0600 -0.8411 0.5376
vn 0.0094 -0.8456 0.5337
vn 0.0091 -0.8462 0.5328
vn 0.0084 -0.8461 0.5329
vn 0.0086 -0.8461 0.5330
vn 0.0093 -0.8461 0.5330
vn 0.0105 -0.8460 0.5331
vn 0.0125 -0.8460 0.5331
vn 0.0170 -0.8460 0.5329
vn 0.0266 -0.8467 0.5314
vn 0.0464 -0.8499 0.5248
vn 0.0651 -0.8539 0.5163
vn 0.0830 -0.8568 0.5090
vn 0.1006 -0.8582 0.5033
vn 0.1656 -0.9862 -0.0000
vn 0.1457 -0.9893 -0.0000
vn 0.3455 -0.4737 -0.8101
vn 0.3302 -0.4884 -0.8077
vn 0.3243 -0.4942 -0.8066
vn 0.3243 -0.4943 -0.8065
vn 0.3481 -0.4567 -0.8187
vn 0.3238 -0.4946 -0.8066
vn 0.3481 -0.4567 -0.8187
vn 0.3481 -0.4567 -0.8187
vn 0.3481 -0.4567 -0.8187
vn 0.3481 -0.4567 -0.8187
vn 0.3481 -0.4567 -0.8187
vn 0.3243 -0.4942 -0.8066
vn 0.3242 -0.4943 -0.8066
vn 0.3208 -0.4976 -0.8059
vn 0.2980 -0.5205 -0.8002
vn 0.2653 -0.5483 -0.7931
vn 0.2687 -0.5477 -0.7923
vn 0.3500 -0.4766 -0.8064
vn 0.9061 0.1994 -0.3731
vn 0.8673 0.2085 -0.4520
vn 0.8661 0.2723 -0.4191
vn 0.8660 0.3673 -0.3393
vn 1.0000 0.0000 -0.0000
vn 1.0000 0.0000 -0.0000
vn 1.0000 -0.0000 0.0000
vn 1.0000 -0.0000 0.0000
vn 1.0000 -0.0000 -0.0000
vn 1.0000 0.0000 -0.0000
vn 1.0000 -0.0000 -0.0000
vn 1.0000 0.0000 -0.0000
vn 1.0000 -0.0000 -0.0000
vn 1.0000 0.0000 0.0000
vn 1.0000 0.0001 0.0000
vn 1.0000 0.0000 -0.0000
vn 1.0000 0.0000 0.0000
vn 1.0000 0.0000 0.0000
vn 1.0000 -0.0000 -0.0000
vn 1.0000 -0.0000 0.0000
vn 1.0000 -0.0000 -0.0000
vn 1.0000 0.0000 0.0000
vn 1.0000 0.0000 0.0000
vn 1.0000 -0.0000 -0.0000
vn 1.0000 -0.0000 0.0000
vn 1.0000 0.0001 -0.0000
vn 1.0000 -0.0000 -0.0000
vn 1.0000 0.0000 -0.0000
vn 0.8660 0.3673 0.3393
vn 0.4998 0.4720 0.7262
vn 0.8661 0.2724 0.4191
vn 0.5063 0.3614 0.7830
vn 0.5066 0.3614 0.7828
vn 0.8172 0.2453 0.5215
vn 0.8676 0.2076 0.4518
vn 0.0012 0.5342 0.8454
vn 0.0067 0.5241 0.8516
vn 0.0171 0.4823 0.8758
vn 0.0109 0.4192 0.9078
vn 0.0001 0.5442 0.8390
vn 0.0039 0.5615 0.8275
vn 0.0107 0.5760 0.8174
vn 0.0222 0.5859 0.8101
vn 0.6218 -0.1643 0.7658
vn 0.7192 0.3223 0.6155
vn 0.0477 0.5844 0.8101
vn 0.0498 0.5834 0.8106
vn 0.0506 0.5831 0.8108
vn 0.0505 0.5832 0.8108
vn 0.0513 0.5825 0.8112
vn 0.0481 0.5849 0.8097
vn 0.0270 0.5629 0.8261
vn 0.0559 0.5771 0.8148
vn 0.0270 0.5629 0.8261
vn 0.0270 0.5629 0.8261
vn 0.0508 0.5830 0.8109
vn 0.0270 0.5629 0.8261
vn 0.0488 0.5844 0.8100
vn 0.0506 0.5830 0.8109
vn 0.0666 0.5723 0.8173
vn 0.0761 0.5634 0.8227
vn 0.6690 -0.1040 0.7359
vn 0.7185 0.0199 0.6953
vn 0.7227 0.0263 0.6906
vn 0.6382 -0.1594 0.7532
vn 0.6220 -0.1836 0.7612
vn 0.7405 0.1673 0.6509
vn 0.7072 0.3847 0.5933
vn 0.7071 0.3847 0.5933
vn 0.7298 0.0546 0.6815
vn 0.8558 -0.5174 -0.0004
vn 0.8162 -0.5778 -0.0004
vn 0.6485 -0.7612 -0.0004
vn 0.6491 -0.7607 -0.0003
vn 0.8336 -0.5524 -0.0004
vn 0.8561 -0.5167 -0.0004
vn 1.0000 -0.0029 0.0000
vn 0.7066 -0.3783 -0.5980
vn 0.7070 -0.3746 -0.5998
vn 0.7070 -0.3746 -0.5998
vn 0.7066 -0.3754 -0.5998
vn 0.7070 -0.5194 -0.4800
vn 0.7070 -0.5145 -0.4852
vn 0.7069 -0.5194 -0.4800
vn 0.7069 -0.6276 -0.3262
vn 0.7068 -0.6261 -0.3293
vn 0.7069 -0.6276 -0.3262
vn 0.7070 -0.6913 -0.1493
vn 0.7070 -0.6913 -0.1493
vn 0.7070 -0.5300 -0.4682
vn 0.7070 -0.5300 -0.4682
vn 0.7070 -0.2334 -0.6676
vn 0.7070 -0.2334 -0.6676
vn 0.7070 0.1228 -0.6965
vn 0.7070 0.1228 -0.6965
vn 0.7070 0.1228 -0.6965
vn 0.7070 0.1228 -0.6965
vn 0.7070 -0.2473 -0.6626
vn 0.7070 -0.2473 -0.6626
vn 0.7066 -0.5494 -0.4459
vn 0.7068 -0.5493 -0.4458
vn 0.0000 -0.3498 -0.9368
vn 0.0000 -0.7766 -0.6300
vn 0.0000 -0.9887 -0.1496
vn 0.0000 -0.9887 -0.1496
vn -0.7071 -0.5490 -0.4457
vn -0.7071 -0.6991 -0.1058
vn -0.7071 -0.6991 -0.1058
vn -0.7071 -0.5490 -0.4457
vn -0.7072 -0.2471 -0.6625
vn -0.7071 -0.2472 -0.6625
vn -0.7068 0.1229 -0.6966
vn -0.7071 0.1228 -0.6964
vn 0.0000 0.1736 -0.9848
vn -0.0001 0.1736 -0.9848
vn -0.7071 0.1228 -0.6964
vn -0.7071 0.1228 -0.6964
vn 0.0000 0.1736 -0.9848
vn 0.0000 0.1736 -0.9848
vn 0.0000 -0.3301 -0.9439
vn -0.7071 -0.2333 -0.6676
vn -0.7071 -0.2333 -0.6676
vn -0.7071 -0.5300 -0.4681
vn -0.7073 -0.5298 -0.4681
vn -0.7071 -0.6912 -0.1493
vn -0.7071 -0.6912 -0.1493
vn 0.0000 -0.7494 -0.6622
vn -0.0000 -0.9775 -0.2111
vn -0.0008 -0.9775 -0.2111
vn -0.0001 -0.8850 -0.4656
vn -0.0000 -0.8873 -0.4612
vn -0.0000 -0.8850 -0.4656
vn -0.7071 -0.6258 -0.3293
vn -0.7071 -0.6258 -0.3292
vn -0.0000 -0.7277 -0.6859
vn -0.0000 -0.7344 -0.6787
vn -0.0000 -0.7276 -0.6860
vn -0.7072 -0.5145 -0.4850
vn -0.7072 -0.5145 -0.4850
vn 0.0001 -0.5169 -0.8560
vn -0.0000 -0.5283 -0.8491
vn -0.0000 -0.5283 -0.8491
vn 0.0001 -0.5296 -0.8483
vn 0.0000 -0.5169 -0.8560
vn -0.7071 -0.3655 -0.6053
vn -0.7073 -0.3654 -0.6051
vn -0.7071 -0.1897 -0.6812
vn -0.7071 -0.1897 -0.6812
vn -0.7073 -0.1897 -0.6810
vn -0.7072 0.0000 -0.7070
vn -0.7072 0.0000 -0.7070
vn -0.7071 0.1898 -0.6812
vn -0.7071 0.1897 -0.6812
vn -0.7071 0.1897 -0.6811
vn 0.0000 -0.2683 -0.9633
vn -0.0000 -0.2683 -0.9633
vn -0.0000 0.0000 -1.0000
vn 0.0000 -0.0001 -1.0000
vn -0.0000 -0.2226 -0.9749
vn -0.0000 -0.2684 -0.9633
vn -0.0000 0.2684 -0.9633
vn -0.0000 0.2226 -0.9749
vn 0.0000 0.2683 -0.9633
vn -0.0000 0.2683 -0.9633
vn -0.0000 0.5169 -0.8560
vn -0.0000 0.5169 -0.8560
vn 0.0003 0.4905 -0.8714
vn 0.0002 0.4667 -0.8844
vn 0.0000 0.4339 -0.9010
vn -0.1209 0.4296 -0.8949
vn -0.1254 0.2128 -0.9690
vn -0.2153 0.0031 -0.9765
vn -0.2193 0.1830 -0.9583
vn -0.1208 0.3510 -0.9285
vn -0.1372 0.4265 -0.8940
vn -0.2264 0.3735 -0.8996
vn 0.0872 0.7992 -0.5947
vn 0.1070 0.8174 -0.5660
vn -0.0970 0.5304 -0.8422
vn -0.1044 0.5180 -0.8490
vn -0.1119 0.5011 -0.8581
vn -0.1199 0.4768 -0.8708
vn -0.1273 0.4456 -0.8861
vn -0.1302 0.4338 -0.8916
vn -0.1314 0.4306 -0.8929
vn -0.1319 0.4298 -0.8932
vn -0.1321 0.4295 -0.8934
vn -0.1322 0.4294 -0.8934
vn -0.1324 0.4293 -0.8934
vn -0.1321 0.4292 -0.8935
vn -0.1323 0.4293 -0.8934
vn -0.0553 0.4899 -0.8700
vn -0.0553 0.4899 -0.8700
vn -0.0553 0.4899 -0.8700
vn -0.1272 0.4235 -0.8969
vn -0.1311 0.4292 -0.8936
vn 0.2175 0.8479 -0.4835
vn 0.2031 0.8508 -0.4847
vn 0.0068 0.8460 -0.5331
vn 0.0068 0.8460 -0.5331
vn 0.0167 0.8032 -0.5955
vn 0.0351 0.7551 -0.6547
vn 0.0100 0.8458 -0.5334
vn -0.0006 0.8449 -0.5349
vn 0.0351 0.7551 -0.6547
vn 0.0351 0.7551 -0.6547
vn 0.0351 0.7551 -0.6547
vn 0.0351 0.7551 -0.6547
vn 0.0096 0.8459 -0.5333
vn 0.0092 0.8460 -0.5331
vn 0.0082 0.8460 -0.5331
vn 0.0083 0.8461 -0.5329
vn 0.0091 0.8461 -0.5330
vn 0.0101 0.8460 -0.5331
vn 0.0116 0.8460 -0.5331
vn 0.0151 0.8460 -0.5330
vn 0.0226 0.8463 -0.5322
vn 0.0384 0.8484 -0.5280
vn 0.0684 0.8545 -0.5149
vn 0.0966 0.8580 -0.5045
vn 0.1236 0.8585 -0.4976
vn 0.1490 0.8572 -0.4929
vn 0.2203 0.8465 -0.4846
vn -0.0081 0.8435 -0.5370
vn -0.0058 0.8483 -0.5294
vn -0.0338 0.8191 -0.5727
vn -0.0198 0.8326 -0.5535
vn -0.0359 0.8173 -0.5751
vn -0.2814 0.3184 -0.9052
vn -0.4014 0.0850 -0.9120
vn -0.3200 0.0403 -0.9466
vn -0.0395 0.8141 -0.5794
vn -0.0967 0.7511 -0.6531
vn -0.1039 0.7530 -0.6498
vn 0.2327 0.9726 -0.0000
vn 0.2261 0.9741 0.0000
vn 0.1253 0.9921 0.0000
vn 0.1253 0.9921 -0.0000
vn 0.2327 0.9725 -0.0000
vn 0.2525 0.9676 -0.0000
vn 0.2604 0.9655 0.0000
vn 0.2656 0.9641 0.0000
vn 0.2677 0.9635 0.0000
vn 0.2677 0.9635 0.0000
vn 0.2675 0.9636 -0.0000
vn 0.2670 0.9637 -0.0000
vn 0.2662 0.9639 -0.0000
vn 0.2399 0.5588 0.7938
vn 0.2395 0.5588 0.7939
vn 0.3213 0.5659 0.7593
vn 0.4470 0.5924 0.6703
vn 0.4492 0.5941 0.6673
vn 0.4458 0.5951 0.6687
vn 0.4498 0.5941 0.6669
vn 0.4213 0.5804 0.6968
vn 0.4298 0.9029 0.0003
vn 0.1655 0.9862 -0.0000
vn 0.1457 0.9893 -0.0000
vn 0.4295 0.9031 0.0002
vn 0.2668 0.5485 0.7924
vn 0.2687 0.5482 0.7920
vn 0.2229 -0.2921 0.9301
vn 0.1553 -0.3390 0.9279
vn 0.1474 -0.3445 0.9271
vn 0.0110 -0.4190 0.9079
vn -0.0260 -0.3271 0.9446
vn 0.1874 -0.2460 0.9510
vn 0.2126 -0.2369 0.9480
vn 0.3327 -0.1787 0.9259
vn 0.3635 -0.1529 0.9189
vn 0.3627 -0.1560 0.9188
vn 0.4916 -0.0000 0.8708
vn 0.4244 0.0000 0.9055
vn 0.3720 0.0000 0.9282
vn 0.3180 -0.0000 0.9481
vn 0.3101 -0.0000 0.9507
vn 0.3668 -0.1493 0.9182
vn 0.3669 -0.1462 0.9187
vn 0.3663 -0.1498 0.9184
vn 0.3865 0.3166 0.8663
vn 0.3906 0.1949 0.8997
vn 0.3657 -0.1365 0.9207
vn 0.3269 0.2561 0.9097
vn 0.4053 0.7224 0.5603
vn 0.4018 0.7233 0.5616
vn 0.3425 0.8423 0.4163
vn 0.3835 0.7648 0.5177
vn 0.3393 0.8432 0.4170
vn 0.3152 0.6884 0.6533
vn 0.3530 0.5573 0.7515
vn 0.2596 0.6409 0.7224
vn 0.3081 0.8847 0.3499
vn 0.2232 0.9585 0.1773
vn 0.2128 0.9645 0.1562
vn 0.2158 0.9635 0.1587
vn 0.1765 0.9199 0.3503
vn 0.1435 0.9054 0.3995
vn -0.0001 1.0000 -0.0002
vn -0.0001 1.0000 -0.0002
vn 0.1563 0.9380 0.3094
vn 0.1526 0.6141 0.7743
vn 0.0848 0.8988 0.4301
vn 0.0000 1.0000 -0.0002
vn -0.0000 1.0000 -0.0002
vn 0.0000 1.0000 -0.0000
vn -0.0000 1.0000 0.0000
vn 0.0000 1.0000 -0.0000
vn 0.0000 1.0000 -0.0000
vn -0.0128 0.8909 0.4541
vn 0.5008 0.8656 0.0014
vn 0.4998 0.8662 -0.0007
vn -0.0126 0.8879 0.4598
vn 0.4929 0.7727 0.4000
vn 0.5000 0.8660 -0.0000
vn 0.5000 0.8660 -0.0000
vn 0.0000 1.0000 0.0000
vn 0.5000 0.8660 0.0000
vn -0.0001 1.0000 0.0002
vn 0.0000 1.0000 -0.0000
vn -0.0000 1.0000 0.0002
vn 0.0000 1.0000 0.0002
vn -0.0001 1.0000 0.0002
vn 0.5002 0.8659 0.0002
vn 0.0848 0.8988 -0.4301
vn -0.0128 0.8909 -0.4541
vn 0.4929 0.7727 -0.4000
vn -0.0126 0.8879 -0.4598
vn 0.5008 0.8656 -0.0014
vn 0.8658 0.5004 0.0005
vn 0.8650 0.5018 -0.0023
vn 0.8660 0.5000 0.0000
vn 0.8639 0.4473 -0.2316
vn 1.0000 -0.0000 0.0000
vn 1.0000 -0.0004 -0.0007
vn 0.8623 0.2930 -0.4130
vn 1.0000 -0.0005 -0.0004
vn 0.4870 0.5053 -0.7124
vn 0.8615 0.0717 -0.5026
vn 1.0000 -0.0002 -0.0000
vn 0.4841 0.1236 -0.8662
vn -0.0272 0.1412 -0.9896
vn -0.0225 0.5780 -0.8157
vn -0.0221 0.5806 -0.8139
vn 0.1893 0.2040 -0.9605
vn 0.1526 0.6141 -0.7743
vn -0.0272 0.1389 -0.9899
vn 0.2596 0.6409 -0.7224
vn 0.3269 0.2561 -0.9097
vn 0.1436 0.9054 -0.3995
vn 0.3152 0.6884 -0.6533
vn 0.1765 0.9199 -0.3503
vn 0.1563 0.9380 -0.3094
vn 0.7071 0.7071 -0.0000
vn 0.7069 0.7073 0.0000
vn 0.9041 -0.0085 0.4273
vn 0.6839 0.6734 0.2806
vn 0.7071 0.7071 0.0000
vn 0.6379 0.7071 -0.3051
vn 0.6556 0.7071 -0.2648
vn 0.6379 0.7071 -0.3051
vn 0.9272 -0.0006 -0.3747
vn 1.0000 -0.0000 -0.0000
vn 1.0000 0.0000 -0.0000
vn 0.9272 -0.0000 -0.3747
vn 1.0000 0.0000 0.0000
vn 1.0000 -0.0000 -0.0001
vn 1.0000 0.0000 -0.0000
vn 0.9272 0.0006 -0.3747
vn 1.0000 -0.0000 0.0000
vn 0.8925 -0.0015 0.4510
vn 0.9041 0.0085 0.4273
vn 0.6839 -0.6734 0.2806
vn 0.7071 -0.7071 0.0000
vn 0.7069 -0.7073 0.0000
vn 0.7071 -0.7071 -0.0000
vn 0.5516 -0.0732 0.8309
vn 0.8147 -0.0502 0.5777
vn 0.5945 -0.0027 0.8041
vn 0.4765 -0.6719 0.5670
vn 0.6666 -0.6396 0.3828
vn 0.6787 -0.6374 0.3648
vn 0.5208 -0.6653 0.5349
vn 0.4720 -0.6731 0.5693
vn 0.0847 -0.0899 0.9923
vn 0.4713 -0.0778 0.8785
vn 0.1695 -0.0033 0.9855
vn 0.2049 -0.7116 0.6720
vn 0.2293 -0.7091 0.6667
vn 0.1979 -0.7135 0.6721
vn 0.0485 -0.7337 0.6778
vn -0.0252 -0.7432 0.6686
vn -0.0725 -0.7493 0.6582
vn -0.0748 -0.7489 0.6584
vn -0.0777 -0.7520 0.6546
vn 0.0935 -0.8120 0.5761
vn 0.0935 -0.8120 0.5761
vn 0.0935 -0.8120 0.5761
vn -0.0706 -0.7448 0.6635
vn 0.0935 -0.8120 0.5761
vn -0.1611 -0.7821 0.6020
vn -0.0756 -0.7495 0.6576
vn -0.0859 -0.7508 0.6549
vn -0.3766 -0.0856 0.9224
vn -0.3623 -0.0862 0.9281
vn -0.0485 -0.0406 0.9980
vn -0.0485 -0.0406 0.9980
vn -0.2954 -0.0937 0.9508
vn -0.0485 -0.0406 0.9980
vn -0.3512 -0.0482 0.9351
vn -0.3643 -0.0941 0.9265
vn -0.3604 -0.0844 0.9290
vn -0.3579 -0.0868 0.9297
vn -0.2918 -0.0880 0.9524
vn -0.1862 -0.0899 0.9784
vn 0.0364 -0.0903 0.9952
vn 0.5516 0.0732 0.8309
vn 0.4713 0.0778 0.8785
vn 0.0847 0.0899 0.9923
vn 0.2653 0.6922 0.6712
vn -0.3415 0.3308 0.8797
vn -0.2918 0.0880 0.9524
vn -0.3579 0.0868 0.9297
vn -0.3604 0.0843 0.9290
vn -0.3644 0.0940 0.9265
vn -0.0485 0.0406 0.9980
vn -0.0485 0.0406 0.9980
vn -0.3584 0.0733 0.9307
vn -0.0485 0.0406 0.9980
vn -0.3579 0.1028 0.9281
vn -0.3622 0.0862 0.9281
vn -0.3766 0.0857 0.9224
vn -0.4013 0.0850 0.9120
vn -0.3200 0.0403 0.9466
vn -0.2193 0.1830 0.9583
vn -0.2814 0.3184 0.9052
vn -0.2264 0.3735 0.8996
vn -0.1254 0.2128 0.9690
vn -0.1372 0.4265 0.8940
vn -0.1376 0.3722 0.9179
vn -0.1209 0.4296 0.8949
vn -0.0000 0.2226 0.9749
vn -0.0000 0.4339 0.9010
vn 0.0000 0.2684 0.9633
vn 0.0002 0.4667 0.8844
vn -0.0553 0.4899 0.8700
vn -0.0553 0.4899 0.8700
vn -0.1323 0.4326 0.8918
vn -0.1394 0.4298 0.8921
vn -0.0553 0.4899 0.8700
vn -0.0553 0.4899 0.8700
vn -0.1324 0.4293 0.8934
vn -0.1324 0.4293 0.8934
vn -0.1321 0.4292 0.8935
vn -0.1324 0.4293 0.8934
vn -0.1322 0.4294 0.8934
vn -0.1321 0.4295 0.8934
vn -0.1319 0.4298 0.8932
vn -0.1314 0.4306 0.8929
vn -0.1302 0.4338 0.8916
vn -0.1273 0.4456 0.8861
vn -0.1199 0.4768 0.8708
vn -0.1120 0.5011 0.8581
vn -0.1043 0.5180 0.8490
vn -0.0970 0.5304 0.8422
vn -0.0899 0.5402 0.8367
vn -0.0828 0.5482 0.8323
vn 0.0004 0.4906 0.8714
vn 0.0000 0.5169 0.8560
vn 0.0000 0.5169 0.8560
vn -0.0000 0.2683 0.9633
vn 0.0000 0.2683 0.9633
vn -0.7071 0.1897 0.6812
vn -0.7071 0.1897 0.6812
vn -0.7071 0.3655 0.6053
vn -0.7073 0.3654 0.6051
vn -0.7073 0.1897 0.6810
vn 0.0002 0.7276 0.6860
vn 0.0002 0.7277 0.6859
vn -0.7072 0.5145 0.4850
vn -0.7072 0.5145 0.4850
vn 0.0002 0.8850 0.4656
vn 0.0002 0.8850 0.4656
vn -0.7071 0.6258 0.3293
vn -0.7071 0.6258 0.3292
vn -0.7071 0.6912 0.1492
vn -0.7071 0.6912 0.1492
vn -0.7067 0.7075 -0.0000
vn -0.7067 0.7075 -0.0000
vn 0.0000 0.9775 0.2111
vn 0.0000 0.9775 0.2111
vn 0.0004 1.0000 -0.0000
vn 0.0004 1.0000 -0.0000
vn 1.0000 -0.0000 -0.0000
vn 1.0000 0.0000 -0.0000
vn 1.0000 -0.0000 -0.0000
vn 1.0000 0.0000 0.0000
vn 1.0000 -0.0000 -0.0000
vn 1.0000 -0.0000 0.0000
vn 1.0000 -0.0000 0.0000
vn 1.0000 -0.0000 -0.0000
vn 1.0000 -0.0000 0.0000
vn 1.0000 0.0000 0.0000
vn 1.0000 -0.0000 0.0000
vn 1.0000 0.0000 0.0000
vn 0.0000 0.9775 -0.2111
vn 0.0000 0.9775 -0.2111
vn 0.0000 0.8850 -0.4656
vn -0.7071 0.6258 -0.3292
vn -0.7071 0.6912 -0.1492
vn -0.7071 0.6912 -0.1493
vn -0.7071 0.6258 -0.3293
vn 0.0001 0.7276 -0.6860
vn 0.0000 0.7276 -0.6860
vn -0.7072 0.5145 -0.4850
vn -0.7072 0.5124 -0.4872
vn -0.7072 0.3654 -0.6053
vn -0.7071 0.5145 -0.4851
vn -0.7071 0.3655 -0.6053
vn -0.7071 0.3655 -0.6053
vn -0.0000 0.5169 -0.8560
vn 0.0000 1.0000 -0.0000
vn 0.4363 -0.4973 0.7499
vn -0.1326 -0.3767 0.9168
vn -0.0199 0.5690 -0.8221
vn -0.0748 0.5556 -0.8281
vn 0.8668 -0.2639 0.4231
vn 0.8679 -0.2082 0.4510
vn 0.8677 -0.2083 0.4514
vn 0.8618 -0.1659 0.4793
vn 0.8615 0.0717 0.5026
vn 0.5068 -0.3608 0.7829
vn 0.5569 -0.1508 0.8168
vn 0.4847 -0.2862 0.8265
vn 0.4842 0.1236 0.8662
vn 0.8623 0.2930 0.4130
vn 0.4870 0.5053 0.7124
vn -0.0225 0.5780 0.8157
vn -0.0272 0.1412 0.9896
vn -0.0272 0.1388 0.9899
vn -0.0233 0.5820 0.8129
vn 0.1893 0.2040 0.9605
vn 0.5064 -0.3611 0.7831
vn 0.0174 -0.4786 0.8779
vn 0.1417 -0.3717 0.9175
vn 0.1374 -0.3977 0.9072
vn 0.1350 -0.4109 0.9016
vn 0.1338 -0.4178 0.8986
vn 0.1331 -0.4216 0.8970
vn 0.1307 -0.4179 0.8991
vn 0.0632 -0.5057 0.8604
vn 0.1203 -0.4151 0.9018
vn 0.0632 -0.5057 0.8604
vn 0.1329 -0.4223 0.8967
vn 0.1329 -0.4223 0.8967
vn 0.1329 -0.4223 0.8967
vn 0.1124 -0.5003 0.8585
vn 0.0804 -0.5585 0.8256
vn 0.0084 -0.5202 0.8540
vn 0.5103 0.2245 0.8302
vn 0.4974 0.1501 0.8544
vn 0.0532 -0.5817 0.8117
vn 0.0512 -0.5828 0.8110
vn 0.0509 -0.5829 0.8109
vn 0.0508 -0.5830 0.8109
vn 0.0278 -0.5653 0.8244
vn 0.0278 -0.5653 0.8244
vn 0.0508 -0.5830 0.8109
vn 0.0278 -0.5653 0.8244
vn 0.0527 -0.5813 0.8120
vn 0.0508 -0.5830 0.8109
vn 0.0507 -0.5830 0.8109
vn 0.0502 -0.5833 0.8107
vn 0.0422 -0.5864 0.8089
vn 0.0175 -0.5832 0.8121
vn 0.5211 0.3084 0.7958
vn 0.6835 0.0781 0.7257
vn 0.6885 0.0634 0.7225
vn 0.5999 0.2126 0.7713
vn 0.5767 0.2428 0.7801
vn 0.5751 0.2446 0.7807
vn 0.4763 -0.0503 0.8778
vn 0.4763 -0.0503 0.8778
vn 0.5666 0.2402 0.7882
vn 0.4763 -0.0503 0.8778
vn 0.5750 0.2447 0.7807
vn 0.4763 -0.0503 0.8778
vn 0.4763 -0.0503 0.8778
vn 0.4763 -0.0503 0.8778
vn 0.6365 0.1118 0.7631
vn 0.5723 0.2485 0.7815
vn 0.5748 0.2453 0.7807
vn 0.5739 0.2460 0.7811
vn 0.5680 0.2533 0.7831
vn 0.4939 0.3350 0.8024
vn 0.3971 0.4262 0.8128
vn 0.3244 0.4943 0.8065
vn 0.3244 0.4943 0.8065
vn 0.3558 0.1473 0.9229
vn 0.3558 0.1473 0.9229
vn 0.2998 0.5003 0.8123
vn 0.3558 0.1473 0.9229
vn 0.3265 0.4800 0.8143
vn 0.3149 0.5077 0.8019
vn 0.3241 0.4946 0.8064
vn 0.3211 0.4975 0.8059
vn 0.3161 0.5024 0.8048
vn 0.3070 0.5115 0.8026
vn 0.2900 0.5287 0.7977
vn 0.4969 0.3339 0.8010
vn 0.4495 0.8933 0.0001
vn 0.7369 0.6760 -0.0005
vn 0.7373 0.6756 -0.0004
vn 0.4632 0.8862 0.0002
vn 0.4349 0.7506 -0.4974
vn 0.4293 0.7560 -0.4941
vn 0.8639 0.4473 0.2316
vn 0.8652 0.5014 0.0033
vn 0.8660 0.5000 -0.0000
vn 0.8658 0.5005 -0.0002
vn 0.8660 0.5000 -0.0000
vn 0.0000 1.0000 -0.0000
vn -0.1593 -0.4997 -0.8515
vn -0.1326 -0.3767 -0.9168
vn -0.0748 0.5557 0.8280
vn -0.0199 0.5690 0.8221
vn 0.2175 0.8479 0.4835
vn 0.4292 0.7560 0.4941
vn 0.4349 0.7506 0.4974
vn 0.2203 0.8465 0.4846
vn 0.1956 0.8513 0.4868
vn 0.1729 0.8547 0.4894
vn 0.1490 0.8572 0.4929
vn 0.1236 0.8585 0.4976
vn 0.0967 0.8580 0.5045
vn 0.0684 0.8545 0.5149
vn 0.0385 0.8484 0.5280
vn 0.0226 0.8463 0.5322
vn 0.0152 0.8460 0.5330
vn 0.0116 0.8460 0.5331
vn 0.0101 0.8460 0.5331
vn 0.0091 0.8461 0.5330
vn 0.0083 0.8461 0.5329
vn 0.0082 0.8460 0.5331
vn 0.0092 0.8460 0.5331
vn 0.0351 0.7551 0.6547
vn 0.0351 0.7551 0.6547
vn 0.0351 0.7551 0.6547
vn 0.0043 0.8441 0.5362
vn 0.0072 0.8491 0.5281
vn 0.0351 0.7551 0.6547
vn 0.0515 0.7455 0.6646
vn 0.0167 0.8033 0.5953
vn 0.0068 0.8460 0.5331
vn 0.2031 0.8508 0.4847
vn 0.4298 0.9029 -0.0003
vn 0.4632 0.8862 -0.0002
vn 0.7373 0.6756 0.0004
vn 0.7369 0.6760 0.0005
vn 0.4495 0.8933 -0.0001
vn 0.4295 0.9031 -0.0002
vn 0.1457 0.9893 0.0000
vn 0.1253 0.9921 -0.0000
vn 0.1253 0.9921 0.0000
vn 0.1655 0.9862 0.0000
vn 0.5211 0.3084 -0.7958
vn 0.4970 0.3337 -0.8010
vn 0.2687 0.5482 -0.7920
vn 0.2471 0.4568 -0.8546
vn 0.2431 0.3480 -0.9054
vn 0.3071 0.5114 -0.8026
vn 0.3161 0.5023 -0.8048
vn 0.3211 0.4974 -0.8059
vn 0.3242 0.4944 -0.8065
vn 0.3099 0.5076 -0.8039
vn 0.3558 0.1473 -0.9229
vn 0.3558 0.1473 -0.9229
vn 0.2836 0.4899 -0.8244
vn 0.3558 0.1473 -0.9229
vn 0.3244 0.4942 -0.8066
vn 0.3244 0.4942 -0.8066
vn 0.3244 0.4942 -0.8066
vn 0.3972 0.4261 -0.8128
vn 0.4940 0.3349 -0.8024
vn 0.5180 0.3101 -0.7972
vn 0.2399 0.5588 -0.7938
vn 0.2395 0.5589 -0.7939
vn 0.0804 -0.5585 -0.8256
vn 0.1123 -0.5003 -0.8585
vn 0.1329 -0.4223 -0.8967
vn 0.1329 -0.4223 -0.8967
vn 0.0632 -0.5057 -0.8604
vn 0.0632 -0.5057 -0.8604
vn 0.1265 -0.4204 -0.8985
vn 0.0632 -0.5057 -0.8604
vn 0.1280 -0.4218 -0.8976
vn 0.1307 -0.4179 -0.8991
vn 0.1331 -0.4216 -0.8970
vn 0.1338 -0.4178 -0.8986
vn 0.1350 -0.4109 -0.9016
vn 0.1374 -0.3977 -0.9072
vn 0.0110 -0.4191 -0.9079
vn 0.0174 -0.4786 -0.8779
vn 0.2126 -0.2369 -0.9480
vn 0.1874 -0.2460 -0.9510
vn -0.0260 -0.3271 -0.9446
vn 0.1553 -0.3390 -0.9279
vn 0.2229 -0.2921 -0.9301
vn 0.4498 0.5941 -0.6669
vn 0.4458 0.5951 -0.6687
vn 0.4492 0.5941 -0.6673
vn 0.4470 0.5924 -0.6703
vn 0.3213 0.5659 -0.7593
vn 0.4213 0.5805 -0.6968
vn 0.3627 -0.1560 -0.9188
vn 0.3635 -0.1529 -0.9189
vn 0.3327 -0.1787 -0.9259
vn 0.3102 0.0001 -0.9507
vn 0.3257 -0.1417 -0.9348
vn 0.4122 -0.1135 -0.9040
vn 0.4245 0.0001 -0.9054
vn 0.4917 0.0001 -0.8708
vn 0.3672 -0.1453 -0.9187
vn 0.3669 -0.1493 -0.9182
vn 0.3906 0.1949 -0.8997
vn 0.3865 0.3166 -0.8663
vn 0.4017 0.7234 -0.5615
vn 0.4053 0.7225 -0.5602
vn 0.3392 0.8433 -0.4169
vn 0.3833 0.7650 -0.5176
vn 0.3424 0.8424 -0.4162
vn 0.3530 0.5573 -0.7515
vn 0.2158 0.9635 -0.1586
vn 0.2128 0.9646 -0.1559
vn 0.2232 0.9585 -0.1771
vn 0.3081 0.8846 -0.3500
vn 0.2327 0.9725 0.0000
vn 0.2662 0.9639 0.0000
vn 0.2670 0.9637 0.0000
vn 0.2675 0.9636 -0.0000
vn 0.2677 0.9635 -0.0000
vn 0.2677 0.9635 -0.0000
vn 0.2656 0.9641 -0.0000
vn 0.2604 0.9655 -0.0000
vn 0.2525 0.9676 0.0000
vn 0.2327 0.9725 0.0000
vn 0.4720 0.6732 0.5693
vn 0.5207 0.6654 0.5349
vn 0.6787 0.6374 0.3648
vn 0.6666 0.6397 0.3828
vn 0.4765 0.6719 0.5670
vn 0.8147 0.0502 0.5777
vn 0.2293 0.7092 0.6667
vn 0.2048 0.7116 0.6720
vn -0.0967 0.7511 0.6531
vn -0.1039 0.7530 0.6498
vn -0.0859 0.7508 0.6549
vn -0.0756 0.7496 0.6576
vn 0.0936 0.8121 0.5760
vn 0.0936 0.8121 0.5760
vn -0.1008 0.7969 0.5957
vn 0.0936 0.8121 0.5760
vn 0.0936 0.8121 0.5760
vn -0.0655 0.7380 0.6716
vn -0.0777 0.7520 0.6546
vn -0.0748 0.7489 0.6584
vn -0.0725 0.7493 0.6582
vn -0.0252 0.7432 0.6686
vn -0.0338 0.8191 0.5727
vn -0.0395 0.8141 0.5794
vn -0.0359 0.8172 0.5752
vn 0.2261 0.9741 -0.0000
vn -0.0058 0.8481 0.5298
vn -0.0080 0.8437 0.5368
vn -0.0198 0.8327 0.5534
vn 0.5569 -0.1508 -0.8168
vn 0.4847 -0.2862 -0.8265
vn 0.5068 -0.3610 -0.7829
vn 0.5064 -0.3620 -0.7826
vn 0.8618 -0.1659 -0.4793
vn 0.8677 -0.2083 -0.4514
vn 0.8679 -0.2082 -0.4511
vn 0.8668 -0.2639 -0.4231
vn 0.5040 -0.4518 -0.7361
vn 0.0175 -0.5832 -0.8121
vn 0.0422 -0.5864 -0.8089
vn 0.0501 -0.5833 -0.8107
vn 0.0507 -0.5830 -0.8109
vn 0.0508 -0.5830 -0.8109
vn 0.0278 -0.5653 -0.8244
vn 0.0278 -0.5653 -0.8244
vn 0.0278 -0.5653 -0.8244
vn 0.0508 -0.5830 -0.8109
vn 0.0278 -0.5653 -0.8244
vn 0.0278 -0.5653 -0.8244
vn 0.0278 -0.5653 -0.8244
vn 0.0509 -0.5826 -0.8111
vn 0.0508 -0.5830 -0.8109
vn 0.0509 -0.5829 -0.8109
vn 0.0512 -0.5828 -0.8110
vn 0.0533 -0.5816 -0.8118
vn 0.0570 -0.5794 -0.8130
vn 0.0716 -0.5678 -0.8200
vn 0.5576 0.2657 -0.7864
vn 0.5680 0.2533 -0.7831
vn 0.5740 0.2459 -0.7811
vn 0.5748 0.2454 -0.7807
vn 0.5723 0.2485 -0.7815
vn 0.4764 -0.0502 -0.8778
vn 0.4764 -0.0502 -0.8778
vn 0.4764 -0.0502 -0.8778
vn 0.5750 0.2448 -0.7807
vn 0.4764 -0.0502 -0.8778
vn 0.4764 -0.0502 -0.8778
vn 0.5750 0.2448 -0.7807
vn 0.5750 0.2448 -0.7807
vn 0.5751 0.2446 -0.7806
vn 0.5767 0.2428 -0.7800
vn 0.6000 0.2126 -0.7712
vn 0.6885 0.0634 -0.7224
vn 0.6836 0.0781 -0.7257
vn 0.3081 -0.8847 -0.3499
vn 0.2232 -0.9585 -0.1773
vn 0.2129 -0.9645 -0.1560
vn 0.2158 -0.9635 -0.1587
vn 0.0000 -1.0000 -0.0000
vn 0.0000 -1.0000 0.0000
vn 0.1563 -0.9380 -0.3094
vn 0.1764 -0.9199 -0.3503
vn 0.1436 -0.9054 -0.3995
vn -0.0000 -1.0000 -0.0000
vn 0.0000 -1.0000 0.0000
vn -0.0000 -1.0000 -0.0000
vn 0.0000 -1.0000 0.0000
vn 0.0000 -1.0000 0.0000
vn -0.0013 -1.0000 -0.0003
vn 0.0848 -0.8988 -0.4301
vn -0.0233 -0.5820 -0.8129
vn -0.0126 -0.8879 -0.4598
vn -0.0123 -0.8906 -0.4546
vn -0.0225 -0.5780 -0.8157
vn 0.4870 -0.5053 -0.7124
vn 0.4929 -0.7727 -0.4000
vn 0.5008 -0.8656 -0.0014
vn 0.5002 -0.8659 0.0002
vn 0.8650 -0.5018 -0.0023
vn 0.8639 -0.4473 -0.2316
vn 0.8623 -0.2929 -0.4130
vn 0.8660 -0.5000 0.0000
vn 0.5000 -0.8660 0.0000
vn 0.8658 -0.5004 0.0005
vn 0.5000 -0.8660 0.0000
vn 0.0000 -1.0000 -0.0000
vn 0.5000 -0.8660 -0.0000
vn 0.0000 -1.0000 -0.0000
vn 0.0000 -1.0000 0.0000
vn 0.0000 -1.0000 -0.0000
vn -0.0000 -1.0000 0.0000
vn 0.0000 -1.0000 0.0000
vn 0.5002 -0.8659 -0.0002
vn 0.8658 -0.5004 -0.0005
vn 0.8650 -0.5018 0.0023
vn 0.5004 -0.8658 0.0019
vn 0.8660 -0.5000 -0.0000
vn 0.8660 -0.5000 0.0000
vn 0.8639 -0.4473 0.2316
vn 0.4929 -0.7727 0.4000
vn -0.0126 -0.8879 0.4598
vn -0.0128 -0.8909 0.4541
vn 0.4870 -0.5053 0.7124
vn 0.8623 -0.2929 0.4130
vn -0.0215 -0.5795 0.8147
vn -0.0222 -0.5806 0.8139
vn 0.1526 -0.6141 0.7743
vn 0.0848 -0.8988 0.4301
vn 0.1436 -0.9054 0.3995
vn 0.2596 -0.6409 0.7224
vn 0.1764 -0.9199 0.3503
vn 0.1563 -0.9380 0.3094
vn 0.7071 -0.7071 0.0000
vn 0.7069 -0.7073 -0.0000
vn 0.9041 0.0085 -0.4273
vn 0.6839 -0.6734 -0.2806
vn 0.7071 -0.7071 0.0000
vn 0.3425 -0.8424 0.4160
vn 0.2158 -0.9635 0.1586
vn 0.2128 -0.9645 0.1561
vn 0.2232 -0.9585 0.1773
vn 0.3081 -0.8846 0.3500
vn 0.3393 -0.8432 0.4170
vn 0.3152 -0.6884 0.6533
vn 0.3269 -0.2561 0.9097
vn 0.3865 -0.3166 0.8663
vn 0.3530 -0.5573 0.7515
vn 0.3835 -0.7649 0.5176
vn 0.4018 -0.7233 0.5615
vn 0.4054 -0.7224 0.5602
vn 0.2327 -0.9725 -0.0000
vn 0.2662 -0.9639 -0.0000
vn 0.2670 -0.9637 -0.0000
vn 0.2675 -0.9636 -0.0000
vn 0.2677 -0.9635 0.0000
vn 0.2677 -0.9635 0.0000
vn 0.2656 -0.9641 0.0000
vn 0.2604 -0.9655 0.0000
vn 0.2525 -0.9676 -0.0000
vn 0.2327 -0.9725 -0.0000
vn 0.4458 -0.5951 0.6687
vn 0.4498 -0.5941 0.6669
vn 0.4492 -0.5941 0.6673
vn 0.4469 -0.5924 0.6703
vn 0.3212 -0.5659 0.7593
vn 0.2395 -0.5589 0.7939
vn 0.2399 -0.5588 0.7939
vn 0.4213 -0.5805 0.6968
vn 0.3663 0.1497 0.9184
vn 0.3669 0.1454 0.9188
vn 0.3669 0.1492 0.9182
vn 0.3327 0.1787 0.9259
vn 0.4159 0.1365 0.8991
vn 0.4128 0.1128 0.9038
vn 0.3906 -0.1949 0.8997
vn 0.3102 -0.0002 0.9507
vn 0.3180 -0.0002 0.9481
vn 0.4917 -0.0002 0.8708
vn 0.2229 0.2921 0.9301
vn 0.3627 0.1560 0.9188
vn 0.2126 0.2369 0.9480
vn 0.1874 0.2460 0.9510
vn -0.0260 0.3271 0.9446
vn 0.1472 0.3454 0.9268
vn 0.1553 0.3390 0.9279
vn 0.2687 -0.5477 0.7924
vn 0.2653 -0.5483 0.7931
vn 0.4309 -0.3983 0.8098
vn 0.3500 -0.4766 0.8064
vn 0.2980 -0.5204 0.8002
vn 0.3208 -0.4975 0.8059
vn 0.3242 -0.4942 0.8066
vn 0.3481 -0.4566 0.8187
vn 0.3481 -0.4566 0.8187
vn 0.3481 -0.4566 0.8187
vn 0.3481 -0.4566 0.8187
vn 0.3481 -0.4566 0.8187
vn 0.3481 -0.4566 0.8187
vn 0.3054 -0.4873 0.8181
vn 0.3247 -0.4935 0.8069
vn 0.3243 -0.4942 0.8066
vn 0.3243 -0.4941 0.8067
vn 0.3302 -0.4884 0.8078
vn 0.3455 -0.4736 0.8101
vn 0.4255 -0.4002 0.8116
vn 0.1034 0.5218 0.8468
vn 0.1272 0.4491 0.8844
vn 0.1313 0.4300 0.8932
vn 0.1329 0.4223 0.8967
vn 0.1334 0.4225 0.8965
vn 0.0622 0.5085 0.8588
vn 0.1316 0.4210 0.8975
vn 0.0622 0.5085 0.8588
vn 0.0622 0.5085 0.8588
vn 0.0622 0.5085 0.8588
vn 0.0622 0.5085 0.8588
vn 0.0622 0.5085 0.8588
vn 0.0622 0.5085 0.8588
vn 0.1329 0.4222 0.8967
vn 0.1329 0.4220 0.8968
vn 0.1338 0.4175 0.8988
vn 0.1397 0.3841 0.9127
vn 0.4847 0.2862 0.8265
vn 0.1893 -0.2040 0.9605
vn -0.0272 -0.1389 0.9899
vn 0.4841 -0.1235 0.8662
vn 0.5569 0.1508 0.8168
vn -0.0272 -0.1412 0.9896
vn 0.8618 0.1659 0.4793
vn 0.8615 -0.0717 0.5026
vn 0.5059 -0.3227 0.7999
vn 0.5315 -0.2953 0.7939
vn 0.5345 -0.2937 0.7925
vn 0.4744 -0.3565 0.8049
vn 0.5753 -0.2435 0.7809
vn 0.5644 -0.2077 0.7989
vn 0.5644 -0.2077 0.7989
vn 0.5644 -0.2077 0.7989
vn 0.5749 -0.2446 0.7808
vn 0.5644 -0.2077 0.7989
vn 0.5730 -0.2486 0.7809
vn 0.5644 -0.2077 0.7989
vn 0.5755 -0.2430 0.7809
vn 0.5760 -0.2456 0.7797
vn 0.5747 -0.2443 0.7810
vn 0.5750 -0.2447 0.7807
vn 0.5757 -0.2436 0.7805
vn 0.5774 -0.2415 0.7799
vn 0.5835 -0.2338 0.7777
vn 0.5579 -0.2667 0.7859
vn 0.5168 -0.8561 -0.0001
vn 0.4693 -0.8830 0.0001
vn 0.3995 -0.9167 0.0002
vn 0.3997 -0.9166 0.0003
vn 0.4824 -0.8759 0.0002
vn 0.5172 -0.8559 0.0001
vn 0.6071 -0.7947 -0.0003
vn 0.6205 -0.7842 -0.0002
vn 0.3357 -0.8080 -0.4841
vn 0.2346 -0.8433 -0.4836
vn 0.2319 -0.8447 -0.4824
vn 0.2667 -0.8351 -0.4811
vn 0.3330 -0.8101 -0.4826
vn 0.2042 -0.8498 -0.4859
vn 0.1340 -0.8582 -0.4955
vn 0.1301 -0.8595 -0.4942
vn 0.1815 -0.8545 -0.4868
vn 0.3266 -0.9452 0.0002
vn 0.2547 -0.9670 0.0001
vn 0.2545 -0.9671 0.0002
vn 0.3451 -0.9386 0.0003
vn 0.1176 -0.8586 -0.4990
vn 0.1006 -0.8582 -0.5033
vn 0.0830 -0.8567 -0.5090
vn 0.0651 -0.8539 -0.5164
vn 0.0464 -0.8499 -0.5248
vn 0.0266 -0.8467 -0.5314
vn 0.0170 -0.8460 -0.5329
vn 0.0125 -0.8460 -0.5331
vn 0.0105 -0.8460 -0.5331
vn 0.0094 -0.8460 -0.5330
vn 0.0086 -0.8461 -0.5330
vn 0.0084 -0.8461 -0.5329
vn 0.0090 -0.8462 -0.5328
vn 0.0600 -0.8411 -0.5376
vn 0.0600 -0.8411 -0.5376
vn 0.0600 -0.8411 -0.5376
vn 0.0600 -0.8411 -0.5376
vn 0.0091 -0.8445 -0.5355
vn 0.0600 -0.8411 -0.5376
vn 0.0100 -0.8458 -0.5333
vn 0.0600 -0.8411 -0.5376
vn 0.0507 -0.8337 -0.5500
vn 0.0291 -0.8451 -0.5338
vn 0.0068 -0.8460 -0.5331
vn 0.0805 -0.8585 -0.5064
vn 0.0002 -0.4681 -0.8837
vn -0.0000 -0.4339 -0.9010
vn -0.1205 -0.4307 -0.8944
vn -0.1374 -0.3732 -0.9175
vn -0.0545 -0.4925 -0.8686
vn -0.1324 -0.4293 -0.8934
vn -0.1302 -0.4293 -0.8937
vn -0.0545 -0.4925 -0.8686
vn -0.1318 -0.4297 -0.8933
vn -0.1326 -0.4292 -0.8934
vn -0.1324 -0.4296 -0.8933
vn -0.1322 -0.4293 -0.8934
vn -0.1322 -0.4294 -0.8934
vn -0.1321 -0.4296 -0.8933
vn -0.1318 -0.4299 -0.8932
vn -0.1311 -0.4313 -0.8926
vn -0.1296 -0.4362 -0.8905
vn -0.1256 -0.4535 -0.8824
vn -0.1208 -0.4734 -0.8725
vn -0.1158 -0.4905 -0.8637
vn -0.1109 -0.5039 -0.8566
vn -0.1061 -0.5146 -0.8509
vn -0.1014 -0.5233 -0.8461
vn -0.0800 -0.5510 -0.8307
vn -0.1254 -0.2128 -0.9690
vn -0.2193 -0.1830 -0.9583
vn -0.2264 -0.3735 -0.8996
vn -0.1372 -0.4265 -0.8940
vn -0.0058 -0.8481 -0.5298
vn -0.0079 -0.8438 -0.5366
vn 0.0003 -0.4957 -0.8685
vn 0.0001 -0.5121 -0.8589
vn -0.0702 -0.5594 -0.8259
vn -0.0399 -0.5733 -0.8184
vn -0.0248 -0.5716 -0.8201
vn -0.0121 -0.5615 -0.8274
vn -0.0044 -0.5462 -0.8376
vn 0.4959 -0.7025 -0.5105
vn 0.4053 -0.7704 -0.4922
vn 0.3635 -0.7953 -0.4851
vn 0.4912 -0.7091 -0.5059
vn 0.5242 -0.6792 -0.5137
vn 0.5899 -0.6014 -0.5388
vn -0.3200 -0.0403 -0.9466
vn -0.4014 -0.0849 -0.9120
vn -0.2814 -0.3184 -0.9052
vn -0.2931 0.0032 -0.9561
vn 0.0847 -0.0898 -0.9924
vn 0.2653 -0.6921 -0.6712
vn -0.3415 -0.3309 -0.8797
vn -0.2918 -0.0880 -0.9524
vn -0.3579 -0.0868 -0.9297
vn -0.3604 -0.0843 -0.9290
vn -0.3643 -0.0941 -0.9265
vn -0.0485 -0.0406 -0.9980
vn -0.0485 -0.0406 -0.9980
vn -0.0485 -0.0406 -0.9980
vn -0.0485 -0.0406 -0.9980
vn -0.3584 -0.0728 -0.9307
vn -0.0485 -0.0406 -0.9980
vn -0.0485 -0.0406 -0.9980
vn -0.2710 -0.0848 -0.9588
vn -0.3623 -0.0862 -0.9281
vn -0.3766 -0.0857 -0.9224
vn 0.1695 -0.0033 -0.9855
vn -0.0338 -0.8191 -0.5727
vn -0.1039 -0.7530 -0.6498
vn -0.0967 -0.7510 -0.6531
vn -0.0395 -0.8140 -0.5795
vn -0.0359 -0.8172 -0.5752
vn 0.2048 -0.7116 -0.6721
vn -0.0860 -0.7508 -0.6549
vn -0.0756 -0.7495 -0.6576
vn 0.0935 -0.8120 -0.5761
vn 0.0935 -0.8120 -0.5761
vn 0.0935 -0.8120 -0.5761
vn -0.1085 -0.7946 -0.5973
vn -0.0612 -0.7365 -0.6737
vn -0.0777 -0.7519 -0.6546
vn -0.0748 -0.7489 -0.6584
vn -0.0725 -0.7493 -0.6582
vn -0.0253 -0.7432 -0.6686
vn -0.0198 -0.8327 -0.5534
vn 0.1253 -0.9921 0.0000
vn 0.1253 -0.9921 -0.0000
vn 0.2261 -0.9741 0.0000
vn 0.1457 -0.9893 0.0000
vn 0.1656 -0.9862 0.0000
vn 0.2293 -0.7091 -0.6667
vn 0.4720 -0.6731 -0.5693
vn 0.4765 -0.6719 -0.5670
vn 0.5945 -0.0027 -0.8041
vn 0.5516 -0.0732 -0.8309
vn 0.4713 -0.0778 -0.8785
vn 0.5208 -0.6653 -0.5349
vn 0.6787 -0.6374 -0.3648
vn 0.6666 -0.6396 -0.3828
vn 0.8925 -0.0015 -0.4510
vn 0.8147 -0.0502 -0.5777
vn 0.0847 0.0898 -0.9924
vn 0.4713 0.0778 -0.8785
vn 0.5516 0.0732 -0.8309
vn 0.8147 0.0502 -0.5777
vn 0.8825 0.0401 -0.4687
vn 0.4765 0.6720 -0.5669
vn 0.6665 0.6398 -0.3827
vn 0.6786 0.6376 -0.3647
vn 0.5207 0.6655 -0.5348
vn 0.4720 0.6732 -0.5693
vn 0.7071 0.7071 -0.0000
vn 0.9917 0.0338 0.1241
vn 0.6839 0.6734 -0.2806
vn 0.7069 0.7073 -0.0000
vn 0.7071 0.7071 -0.0000
vn 1.0000 -0.0000 0.0001
vn 1.0000 -0.0000 -0.0000
vn 1.0000 0.0000 0.0000
vn 0.6379 0.7071 0.3051
vn 0.6557 0.7071 0.2648
vn 0.6379 0.7071 0.3051
vn 0.9272 -0.0000 0.3745
vn 0.9272 -0.0006 0.3745
vn 0.9272 0.0006 0.3745
vn 1.0000 -0.0000 -0.0000
vn 1.0000 -0.0000 -0.0000
vn 0.6379 -0.7071 0.3051
vn 0.6556 -0.7071 0.2648
vn 0.6379 -0.7071 0.3051
vn 0.7195 -0.0000 0.6945
vn 0.7194 0.0000 0.6946
vn 0.9021 0.0011 0.4315
vn 0.4437 -0.7071 0.5505
vn 0.5087 -0.7071 0.4911
vn 0.4437 -0.7071 0.5506
vn 0.4582 0.0000 0.8889
vn 0.2301 0.0000 0.9732
vn 0.2083 0.0000 0.9781
vn 0.2008 -0.0000 0.9796
vn 0.2008 -0.0000 0.9796
vn 0.2008 0.0000 0.9796
vn 0.2083 -0.0000 0.9781
vn 0.2301 0.0000 0.9732
vn 0.9021 -0.0001 0.4316
vn 0.7194 0.0000 0.6946
vn 0.4437 0.7071 0.5505
vn 0.5087 0.7071 0.4911
vn 0.4437 0.7071 0.5506
vn 0.1627 0.7071 0.6881
vn 0.6814 0.0000 0.7320
vn 0.8538 0.0000 0.5205
vn 0.9628 0.0000 0.2703
vn 1.0000 0.0000 0.0000
vn 0.1626 -0.7072 0.6881
vn 0.2049 0.7116 -0.6721
vn 0.2293 0.7091 -0.6668
vn 0.1979 0.7135 -0.6721
vn 0.0485 0.7336 -0.6778
vn -0.0252 0.7432 -0.6686
vn -0.0725 0.7493 -0.6583
vn -0.0748 0.7489 -0.6585
vn -0.0777 0.7519 -0.6547
vn 0.0936 0.8121 -0.5760
vn 0.0936 0.8121 -0.5760
vn 0.0936 0.8121 -0.5760
vn 0.0936 0.8121 -0.5760
vn -0.0706 0.7449 -0.6634
vn 0.0936 0.8121 -0.5760
vn 0.0936 0.8121 -0.5760
vn -0.1158 0.7923 -0.5990
vn -0.0756 0.7495 -0.6576
vn -0.0859 0.7508 -0.6549
vn -0.3766 0.0857 -0.9224
vn -0.3623 0.0862 -0.9281
vn -0.0485 0.0406 -0.9980
vn -0.0485 0.0406 -0.9980
vn -0.0485 0.0406 -0.9980
vn -0.2791 0.0955 -0.9555
vn -0.0485 0.0406 -0.9980
vn -0.3468 0.0479 -0.9367
vn -0.3643 0.0940 -0.9265
vn -0.3604 0.0843 -0.9290
vn -0.3579 0.0868 -0.9297
vn -0.2918 0.0881 -0.9524
vn -0.1862 0.0899 -0.9784
vn 0.0365 0.0903 -0.9952
vn 0.8615 -0.0715 -0.5027
vn 0.8618 0.1659 -0.4793
vn 0.9628 -0.0000 -0.2703
vn 0.8538 -0.0000 -0.5205
vn 0.6814 -0.0000 -0.7320
vn 0.4582 -0.0000 -0.8889
vn 0.2301 -0.0000 -0.9732
vn 0.2083 -0.0000 -0.9781
vn 0.2008 0.0000 -0.9796
vn 0.2008 0.0000 -0.9796
vn 0.2008 -0.0000 -0.9796
vn 0.2083 0.0000 -0.9781
vn 0.2301 -0.0000 -0.9732
vn 0.4438 -0.7071 -0.5505
vn 0.1627 -0.7071 -0.6881
vn 0.4437 -0.7071 -0.5506
vn 0.5087 -0.7071 -0.4912
vn 0.6379 -0.7071 -0.3052
vn 0.6379 -0.7071 -0.3052
vn 0.9021 0.0000 -0.4315
vn 0.7194 -0.0000 -0.6946
vn 0.7195 0.0000 -0.6945
vn 0.7194 0.0000 -0.6946
vn 0.9021 -0.0011 -0.4315
vn 0.4437 0.7071 -0.5505
vn 0.5087 0.7071 -0.4911
vn 0.4437 0.7071 -0.5506
vn 0.1627 0.7071 -0.6881
vn 0.6556 -0.7071 -0.2649
vn 0.4917 0.0001 -0.8708
vn 0.4245 0.0001 -0.9054
vn 0.3102 0.0002 -0.9507
vn 0.3667 0.1459 -0.9188
vn 0.7071 0.6215 -0.3373
vn 0.0000 1.0000 -0.0000
vn 0.0000 1.0000 -0.0000
vn 0.0000 1.0000 -0.0000
vn -0.0000 1.0000 -0.0000
vn -0.1007 0.7071 0.6999
vn 0.0000 0.7071 0.7071
vn 0.1006 0.7071 0.6999
vn 0.1006 0.7071 0.6999
vn -0.1006 0.7071 0.6999
vn 0.2938 0.7070 0.6433
vn 0.2938 0.7070 0.6432
vn 0.1423 0.0000 0.9898
vn -0.1423 0.0000 0.9898
vn 0.4154 0.0000 0.9096
vn 0.0000 1.0000 -0.0000
vn 0.6549 0.0000 0.7557
vn 0.8413 0.0000 0.5406
vn 0.4632 0.7069 0.5345
vn 0.4632 0.7069 0.5345
vn 0.5951 0.7068 0.3825
vn 0.5951 0.7068 0.3825
vn 0.6786 0.7070 0.1992
vn 0.6786 0.7070 0.1994
vn 0.9595 0.0000 0.2817
vn 0.7071 0.7071 -0.0000
vn 0.7071 0.7071 -0.0000
vn 0.6786 0.7070 -0.1994
vn 0.6786 0.7070 -0.1992
vn 0.9595 -0.0000 -0.2817
vn 0.8413 -0.0000 -0.5406
vn 0.6549 -0.0000 -0.7557
vn 0.5951 0.7068 -0.3825
vn 0.5951 0.7068 -0.3825
vn 0.4632 0.7069 -0.5345
vn 0.4632 0.7069 -0.5345
vn 0.2938 0.7070 -0.6433
vn 0.2938 0.7070 -0.6432
vn 0.4154 -0.0000 -0.9096
vn 0.1423 -0.0000 -0.9898
vn 0.1006 0.7071 -0.6999
vn 0.1006 0.7071 -0.6999
vn 0.0000 0.7071 -0.7071
vn -0.1006 0.7071 -0.6999
vn -0.1006 0.7072 -0.6999
vn -0.2938 0.7070 -0.6433
vn -0.2938 0.7070 -0.6432
vn -0.1423 -0.0000 -0.9898
vn -0.4154 -0.0000 -0.9096
vn -0.6549 -0.0000 -0.7558
vn -0.8413 -0.0000 -0.5406
vn -0.4630 0.7072 -0.5343
vn -0.4632 0.7069 -0.5346
vn -0.5951 0.7068 -0.3825
vn -0.5951 0.7068 -0.3824
vn -0.6786 0.7070 -0.1992
vn -0.6786 0.7070 -0.1994
vn -0.9595 -0.0000 -0.2817
vn -1.0000 0.0000 0.0000
vn -0.7071 0.7072 -0.0000
vn -0.7071 0.7072 -0.0000
vn -0.6786 0.7070 0.1992
vn -0.6786 0.7070 0.1994
vn -0.5951 0.7068 0.3825
vn -0.5951 0.7068 0.3824
vn -0.9595 0.0000 0.2817
vn -0.8413 0.0000 0.5406
vn -0.6549 0.0000 0.7558
vn -0.4154 0.0000 0.9096
vn -0.4630 0.7072 0.5343
vn -0.2938 0.7071 0.6433
vn -0.2938 0.7071 0.6432
vn -0.4632 0.7069 0.5346
vn 0.1006 0.7071 0.6999
vn 0.0000 0.7071 0.7071
vn -0.1006 0.7071 0.6999
vn -0.1006 0.7071 0.6999
vn 0.0659 0.7071 0.7040
vn 0.1006 0.7071 0.6999
vn -0.2937 0.7071 0.6432
vn -0.2937 0.7071 0.6432
vn -0.1420 0.7071 0.6927
vn 0.0932 0.0000 0.9956
vn -0.1423 -0.0000 0.9898
vn -0.2008 0.0000 0.9796
vn -0.2008 -0.0000 0.9796
vn 0.0932 -0.0000 0.9956
vn 0.3791 -0.0000 0.9254
vn 0.3791 0.0000 0.9254
vn 0.1423 0.0000 0.9898
vn 0.2937 0.7071 0.6432
vn 0.2681 0.7071 0.6543
vn 0.2937 0.7071 0.6432
vn 0.6322 0.0000 0.7748
vn 0.6322 0.0000 0.7748
vn 0.4154 0.0000 0.9096
vn 0.4631 0.7071 0.5344
vn 0.4470 0.7071 0.5479
vn 0.4630 0.7071 0.5344
vn 0.5949 0.7071 0.3823
vn 0.5872 0.7071 0.3940
vn 0.5949 0.7071 0.3823
vn 0.8304 -0.0000 0.5572
vn 0.8304 -0.0000 0.5572
vn 0.6549 -0.0000 0.7557
vn 0.9567 -0.0000 0.2912
vn 0.9567 -0.0000 0.2912
vn 0.8413 0.0000 0.5406
vn 0.6785 0.7071 0.1992
vn 0.6765 0.7071 0.2059
vn 0.6785 0.7071 0.1992
vn 0.9981 0.0000 0.0611
vn 0.9981 -0.0000 0.0612
vn 1.0000 -0.0000 -0.0000
vn 1.0000 -0.0000 0.0000
vn 0.9595 -0.0000 0.2817
vn 0.7071 0.7071 -0.0000
vn 0.9567 -0.0000 -0.2912
vn 0.9595 0.0000 -0.2817
vn 0.9981 -0.0000 -0.0612
vn 0.9981 0.0000 -0.0611
vn 0.9567 -0.0000 -0.2912
vn 0.6785 0.7071 -0.1992
vn 0.6785 0.7071 -0.1992
vn 0.5949 0.7071 -0.3823
vn 0.6765 0.7071 -0.2059
vn 0.5949 0.7071 -0.3823
vn 0.4631 0.7071 -0.5344
vn 0.5872 0.7071 -0.3940
vn 0.4630 0.7071 -0.5344
vn 0.8304 -0.0000 -0.5572
vn 0.8413 -0.0000 -0.5406
vn 0.8304 -0.0000 -0.5572
vn 0.6322 0.0000 -0.7748
vn 0.6549 0.0000 -0.7557
vn 0.6322 0.0000 -0.7748
vn 0.3791 0.0000 -0.9254
vn 0.4154 0.0000 -0.9096
vn 0.3791 -0.0000 -0.9254
vn 0.0932 0.0000 -0.9956
vn 0.1423 -0.0000 -0.9898
vn 0.0932 -0.0000 -0.9956
vn -0.2008 -0.0000 -0.9796
vn -0.2008 0.0000 -0.9796
vn -0.1423 -0.0000 -0.9898
vn -0.1006 0.7071 -0.6999
vn 0.0000 0.7071 -0.7071
vn 0.1006 0.7071 -0.6999
vn 0.1006 0.7071 -0.6999
vn 0.0659 0.7071 -0.7040
vn -0.1006 0.7071 -0.6999
vn 0.2937 0.7071 -0.6432
vn 0.2937 0.7071 -0.6432
vn 0.2681 0.7071 -0.6543
vn 0.4470 0.7071 -0.5479
vn -0.2937 0.7071 -0.6432
vn -0.1420 0.7071 -0.6927
vn -0.2937 0.7071 -0.6432
vn -0.4631 0.7071 -0.5344
vn -0.3239 0.7071 -0.6285
vn -0.4631 0.7071 -0.5344
vn -0.4581 -0.0000 -0.8889
vn -0.4154 0.0000 -0.9096
vn -0.2007 -0.0000 -0.9796
vn -0.4581 -0.0000 -0.8889
vn -0.6813 -0.0000 -0.7320
vn -0.6813 -0.0000 -0.7320
vn -0.6549 -0.0000 -0.7558
vn -0.5948 0.7071 -0.3823
vn -0.4818 0.7071 -0.5176
vn -0.5948 0.7071 -0.3823
vn -0.8539 -0.0000 -0.5205
vn -0.8539 -0.0000 -0.5205
vn -0.8413 -0.0000 -0.5406
vn -0.6785 0.7071 -0.1992
vn -0.6037 0.7071 -0.3681
vn -0.6785 0.7071 -0.1992
vn -0.9628 -0.0000 -0.2703
vn -0.9628 -0.0001 -0.2703
vn -0.9595 -0.0001 -0.2817
vn -0.7071 0.7071 -0.0000
vn -0.6808 0.7071 -0.1911
vn -0.7071 0.7071 -0.0000
vn -0.9628 -0.0000 0.2703
vn -0.9628 -0.0000 0.2703
vn -0.6785 0.7071 0.1992
vn -0.6808 0.7071 0.1911
vn -0.6785 0.7071 0.1992
vn -0.5948 0.7071 0.3823
vn -0.6038 0.7071 0.3681
vn -0.5949 0.7071 0.3823
vn -0.8539 -0.0000 0.5205
vn -0.8539 -0.0000 0.5205
vn -0.9595 -0.0000 0.2817
vn -0.6813 -0.0000 0.7320
vn -0.6813 -0.0000 0.7320
vn -0.8413 -0.0000 0.5406
vn -0.4581 -0.0000 0.8889
vn -0.4581 -0.0000 0.8889
vn -0.6549 -0.0000 0.7558
vn -0.4631 0.7071 0.5344
vn -0.4818 0.7071 0.5176
vn -0.4631 0.7071 0.5344
vn -0.3239 0.7071 0.6285
vn -0.2007 -0.0000 0.9796
vn -0.4154 0.0000 0.9096
vn -0.9595 0.0000 0.2817
vn -0.9595 -0.0000 -0.2817
vn 0.0000 1.0000 -0.0000
vn -0.8413 0.0000 0.5406
vn -0.6786 -0.7070 0.1993
vn -0.7072 -0.7070 0.0000
vn -0.7072 -0.7070 0.0000
vn -0.6786 -0.7070 0.1992
vn -0.5950 -0.7070 0.3823
vn -0.5949 -0.7070 0.3824
vn -0.6549 0.0000 0.7557
vn -0.4631 -0.7071 0.5344
vn -0.4631 -0.7071 0.5344
vn -0.4154 0.0000 0.9096
vn -0.2937 -0.7072 0.6432
vn -0.2937 -0.7072 0.6431
vn -0.1423 0.0000 0.9898
vn 0.1423 0.0000 0.9898
vn -0.1006 -0.7072 0.6999
vn -0.1006 -0.7072 0.6998
vn 0.1006 -0.7072 0.6998
vn 0.1006 -0.7072 0.6998
vn 0.4154 0.0000 0.9096
vn 0.2937 -0.7073 0.6431
vn 0.2937 -0.7073 0.6431
vn 0.0000 -1.0000 0.0000
vn 0.4630 -0.7072 0.5343
vn 0.4630 -0.7072 0.5343
vn 0.5948 -0.7072 0.3822
vn 0.5948 -0.7072 0.3823
vn 0.6785 -0.7071 0.1992
vn 0.6785 -0.7071 0.1992
vn 0.7072 -0.7070 0.0000
vn 0.8413 0.0000 0.5406
vn 0.9595 0.0000 0.2817
vn 0.6785 -0.7071 -0.1992
vn 0.6785 -0.7071 -0.1992
vn 0.9595 -0.0000 -0.2817
vn 0.8413 -0.0000 -0.5406
vn 0.6549 -0.0000 -0.7557
vn 0.5948 -0.7072 -0.3822
vn 0.5948 -0.7072 -0.3823
vn 0.4630 -0.7072 -0.5343
vn 0.4630 -0.7072 -0.5343
vn 0.4154 -0.0000 -0.9096
vn 0.2937 -0.7073 -0.6431
vn 0.2937 -0.7073 -0.6431
vn 0.1423 -0.0000 -0.9898
vn 0.1006 -0.7072 -0.6998
vn 0.1006 -0.7072 -0.6998
vn -0.1423 -0.0000 -0.9898
vn -0.4154 -0.0000 -0.9096
vn -0.1006 -0.7072 -0.6999
vn -0.1006 -0.7072 -0.6998
vn -0.2937 -0.7072 -0.6432
vn -0.2937 -0.7072 -0.6431
vn -0.4631 -0.7071 -0.5344
vn -0.4631 -0.7071 -0.5344
vn -0.5950 -0.7070 -0.3823
vn -0.5949 -0.7070 -0.3824
vn -0.6786 -0.7070 -0.1993
vn -0.6786 -0.7070 -0.1992
vn -0.8413 -0.0000 -0.5406
vn -0.6549 -0.0000 -0.7557
vn 0.6549 0.0000 0.7557
vn -0.0783 -0.9614 0.2636
vn -0.0008 -0.9614 0.2750
vn -0.0008 -0.9614 0.2750
vn -0.0783 -0.9614 0.2636
vn 0.0000 -1.0000 0.0000
vn 0.0767 -0.9614 0.2641
vn 0.0767 -0.9614 0.2641
vn 0.2788 0.0000 0.9603
vn -0.0031 0.0000 1.0000
vn -0.2847 0.0000 0.9586
vn -0.0783 0.9614 0.2636
vn -0.0008 0.9614 0.2750
vn -0.0008 0.9614 0.2750
vn -0.0783 0.9614 0.2636
vn 0.0767 0.9614 0.2641
vn 0.0767 0.9614 0.2641
vn 0.5380 0.0000 0.8429
vn 0.1480 0.9614 0.2318
vn 0.1480 0.9614 0.2318
vn 0.2073 0.9614 0.1807
vn 0.2073 0.9614 0.1807
vn 0.7537 0.0000 0.6572
vn 0.1480 -0.9614 0.2318
vn 0.1480 -0.9614 0.2318
vn 0.2073 -0.9614 0.1807
vn 0.2073 -0.9614 0.1807
vn 0.2498 -0.9614 0.1150
vn 0.2498 -0.9614 0.1150
vn 0.9084 0.0000 0.4182
vn 0.2721 -0.9614 0.0400
vn 0.2721 -0.9614 0.0400
vn 0.9894 0.0000 0.1454
vn 0.2498 0.9614 0.1150
vn 0.2498 0.9614 0.1150
vn 0.2721 0.9614 0.0400
vn 0.2721 0.9614 0.0400
vn 0.9902 -0.0000 -0.1393
vn 0.2723 0.9614 -0.0383
vn 0.2723 0.9614 -0.0383
vn 0.0000 1.0000 -0.0000
vn 0.2505 0.9614 -0.1135
vn 0.2505 0.9614 -0.1135
vn 0.2084 0.9614 -0.1795
vn 0.2084 0.9614 -0.1795
vn 0.9109 -0.0000 -0.4126
vn 0.7578 -0.0000 -0.6525
vn 0.2723 -0.9614 -0.0383
vn 0.2505 -0.9614 -0.1135
vn 0.2505 -0.9614 -0.1135
vn 0.2723 -0.9614 -0.0383
vn 0.2084 -0.9614 -0.1795
vn 0.2084 -0.9614 -0.1795
vn 0.1494 -0.9614 -0.2309
vn 0.1494 -0.9614 -0.2309
vn 0.5432 -0.0000 -0.8396
vn 0.0783 -0.9614 -0.2636
vn 0.0783 -0.9614 -0.2636
vn 0.2847 -0.0000 -0.9586
vn 0.1494 0.9614 -0.2309
vn 0.1494 0.9614 -0.2309
vn 0.0783 0.9614 -0.2636
vn 0.0783 0.9614 -0.2636
vn 0.0008 0.9614 -0.2750
vn 0.0008 0.9614 -0.2750
vn 0.0031 -0.0000 -1.0000
vn -0.0767 0.9614 -0.2641
vn -0.0767 0.9614 -0.2641
vn -0.2788 -0.0000 -0.9603
vn 0.0008 -0.9614 -0.2750
vn 0.0008 -0.9614 -0.2750
vn -0.0767 -0.9614 -0.2641
vn -0.0767 -0.9614 -0.2641
vn -0.1480 -0.9614 -0.2318
vn -0.1480 -0.9614 -0.2318
vn -0.5380 -0.0000 -0.8429
vn -0.2073 -0.9614 -0.1807
vn -0.2073 -0.9614 -0.1807
vn -0.7537 -0.0000 -0.6572
vn -0.1480 0.9614 -0.2318
vn -0.1480 0.9614 -0.2318
vn -0.2073 0.9614 -0.1807
vn -0.2073 0.9614 -0.1807
vn -0.2498 0.9614 -0.1150
vn -0.2498 0.9614 -0.1150
vn -0.9084 -0.0000 -0.4182
vn -0.2721 0.9614 -0.0400
vn -0.2721 0.9614 -0.0400
vn -0.9894 -0.0000 -0.1454
vn -0.2498 -0.9614 -0.1150
vn -0.2498 -0.9614 -0.1150
vn -0.2721 -0.9614 -0.0400
vn -0.2721 -0.9614 -0.0400
vn -0.2723 -0.9614 0.0383
vn -0.2723 -0.9614 0.0383
vn -0.9902 0.0000 0.1393
vn -0.2505 -0.9614 0.1135
vn -0.2505 -0.9614 0.1135
vn -0.9109 0.0000 0.4126
vn -0.2723 0.9614 0.0383
vn -0.2723 0.9614 0.0383
vn -0.2505 0.9614 0.1135
vn -0.2505 0.9614 0.1135
vn -0.2084 0.9614 0.1795
vn -0.2084 0.9614 0.1794
vn -0.7578 0.0000 0.6525
vn -0.1494 0.9614 0.2309
vn -0.1494 0.9614 0.2309
vn -0.5432 0.0000 0.8396
vn -0.2084 -0.9614 0.1795
vn -0.2084 -0.9614 0.1795
vn -0.1494 -0.9614 0.2309
vn -0.1494 -0.9614 0.2309
f 2//1 1//2 4//3
f 2//1 4//3 5//4
f 1//5 2//5 86//5
f 1//5 86//5 87//5
f 1//5 87//5 70//5
f 1//5 70//5 69//5
f 1//5 69//5 68//5
f 1//5 68//5 67//5
f 1//5 67//5 63//5
f 1//5 63//5 58//5
f 1//5 58//5 61//5
f 1//5 61//5 62//5
f 1//5 62//5 40//5
f 1//5 40//5 39//5
f 1//5 39//5 38//5
f 1//5 38//5 37//5
f 1//5 37//5 29//5
f 1//5 29//5 32//5
f 1//5 32//5 33//5
f 1//5 33//5 34//5
f 1//5 34//5 35//5
f 1//5 35//5 3//5
f 6//6 4//3 1//2
f 6//6 1//2 3//7
f 5//4 4//3 7//8
f 5//4 7//8 8//9
f 9//10 7//8 4//3
f 9//10 4//3 6//6
f 8//11 7//12 10//13
f 8//11 10//13 11//14
f 7//12 9//15 12//16
f 7//12 12//16 10//13
f 51//17 52//17 53//17
f 51//17 53//17 54//17
f 51//17 54//17 78//17
f 51//17 78//17 77//17
f 51//17 77//17 75//17
f 51//17 75//17 79//17
f 51//17 79//17 80//17
f 51//17 80//17 81//17
f 51//17 81//17 11//17
f 51//17 11//17 10//17
f 51//17 10//17 12//17
f 51//17 12//17 13//17
f 51//17 13//17 14//17
f 51//17 14//17 22//17
f 51//17 22//17 23//17
f 51//17 23//17 24//17
f 51//17 24//17 25//17
f 51//17 25//17 88//17
f 51//17 88//17 44//17
f 51//17 44//17 47//17
f 9//15 15//18 13//19
f 9//15 13//19 12//16
f 15//18 17//20 14//21
f 15//18 14//21 13//19
f 15//22 9//10 6//6
f 15//22 6//6 16//23
f 17//24 15//22 16//23
f 17//24 16//23 18//24
f 19//25 17//24 18//24
f 19//25 18//24 20//26
f 17//20 19//27 22//28
f 17//20 22//28 14//21
f 21//29 19//25 20//26
f 21//29 20//26 31//30
f 19//27 21//31 23//32
f 19//27 23//32 22//28
f 21//31 26//33 24//34
f 21//31 24//34 23//32
f 26//33 27//35 25//36
f 26//33 25//36 24//34
f 26//37 21//29 31//30
f 26//37 31//30 28//38
f 27//39 26//37 28//38
f 27//39 28//38 30//40
f 29//41 37//40 30//40
f 29//41 30//40 28//38
f 32//30 29//41 28//38
f 32//30 28//38 31//30
f 33//42 32//30 31//30
f 33//42 31//30 20//26
f 34//43 33//42 20//26
f 34//43 20//26 18//24
f 35//44 34//43 18//24
f 35//44 18//24 16//23
f 3//7 35//44 16//23
f 3//7 16//23 6//6
f 45//45 27//39 30//40
f 45//45 30//40 36//46
f 37//40 38//47 36//46
f 37//40 36//46 30//40
f 38//47 39//48 41//49
f 38//47 41//49 36//46
f 39//48 40//50 42//51
f 39//48 42//51 41//49
f 46//52 43//53 41//49
f 46//52 41//49 42//51
f 43//53 45//45 36//46
f 43//53 36//46 41//49
f 45//54 43//55 44//56
f 45//54 44//56 88//57
f 43//55 46//58 47//59
f 43//55 47//59 44//56
f 46//58 48//60 51//61
f 46//58 51//61 47//59
f 48//62 46//52 42//51
f 48//62 42//51 49//63
f 50//64 48//62 49//63
f 50//64 49//63 60//65
f 52//66 51//61 48//60
f 52//66 48//60 50//67
f 50//67 55//68 53//69
f 50//67 53//69 52//66
f 55//68 56//70 54//71
f 55//68 54//71 53//69
f 55//72 50//64 60//65
f 55//72 60//65 57//73
f 56//74 55//72 57//73
f 56//74 57//73 59//74
f 61//75 58//76 57//73
f 61//75 57//73 60//65
f 58//76 63//77 59//74
f 58//76 59//74 57//73
f 62//78 61//75 60//65
f 62//78 60//65 49//63
f 40//50 62//78 49//63
f 40//50 49//63 42//51
f 63//77 67//79 64//80
f 63//77 64//80 59//74
f 66//81 56//74 59//74
f 66//81 59//74 64//80
f 76//82 66//81 64//80
f 76//82 64//80 65//83
f 67//79 68//83 65//83
f 67//79 65//83 64//80
f 68//83 69//84 71//85
f 68//83 71//85 65//83
f 69//84 70//86 72//86
f 69//84 72//86 71//85
f 74//87 73//88 71//85
f 74//87 71//85 72//86
f 73//88 76//82 65//83
f 73//88 65//83 71//85
f 73//89 74//90 79//91
f 73//89 79//91 75//92
f 76//93 73//89 75//92
f 76//93 75//92 77//94
f 66//95 76//93 77//94
f 66//95 77//94 78//96
f 56//70 66//95 78//96
f 56//70 78//96 54//71
f 74//90 82//97 80//98
f 74//90 80//98 79//91
f 82//97 84//99 81//100
f 82//97 81//100 80//98
f 82//101 74//87 72//86
f 82//101 72//86 83//102
f 84//103 82//101 83//102
f 84//103 83//102 85//104
f 8//9 84//103 85//104
f 8//9 85//104 5//4
f 84//99 8//11 11//14
f 84//99 11//14 81//100
f 87//105 86//106 85//104
f 87//105 85//104 83//102
f 86//106 2//1 5//4
f 86//106 5//4 85//104
f 70//86 87//105 83//102
f 70//86 83//102 72//86
f 27//35 45//54 88//57
f 27//35 88//57 25//36
f 90//107 89//108 92//109
f 90//107 92//109 93//110
f 89//111 90//111 181//111
f 89//111 181//111 182//111
f 89//111 182//111 183//111
f 89//111 183//111 184//111
f 89//111 184//111 719//111
f 89//111 719//111 568//111
f 89//111 568//111 572//111
f 89//111 572//111 573//111
f 89//111 573//111 574//111
f 89//111 574//111 575//111
f 89//111 575//111 584//111
f 89//111 584//111 587//111
f 89//111 587//111 588//111
f 89//111 588//111 589//111
f 89//111 589//111 419//111
f 89//111 419//111 418//111
f 89//111 418//111 416//111
f 89//111 416//111 415//111
f 89//111 415//111 414//111
f 89//111 414//111 410//111
f 89//111 410//111 405//111
f 89//111 405//111 404//111
f 89//111 404//111 403//111
f 89//111 403//111 402//111
f 89//111 402//111 399//111
f 89//111 399//111 397//111
f 89//111 397//111 394//111
f 89//111 394//111 1227//111
f 89//111 1227//111 116//111
f 89//111 116//111 115//111
f 89//111 115//111 113//111
f 89//111 113//111 112//111
f 89//111 112//111 114//111
f 89//111 114//111 102//111
f 89//111 102//111 99//111
f 89//111 99//111 91//111
f 95//112 92//109 89//108
f 95//112 89//108 91//113
f 93//114 92//115 94//116
f 93//114 94//116 172//117
f 93//114 172//117 176//118
f 96//119 94//116 92//115
f 96//119 92//115 95//119
f 95//119 97//120 98//120
f 95//119 98//120 96//119
f 91//113 99//121 97//122
f 91//113 97//122 95//112
f 97//120 100//123 103//124
f 97//120 103//124 98//120
f 99//121 102//125 100//126
f 99//121 100//126 97//122
f 105//127 103//124 100//123
f 105//127 100//123 101//128
f 101//129 100//126 102//125
f 101//129 102//125 114//130
f 98//131 103//132 104//133
f 98//131 104//133 175//134
f 103//132 105//135 106//136
f 103//132 106//136 104//133
f 108//137 106//136 105//135
f 108//137 105//135 107//138
f 107//139 105//127 101//128
f 107//139 101//128 110//139
f 123//140 108//137 107//138
f 123//140 107//138 109//141
f 110//139 111//142 109//142
f 110//139 109//142 107//139
f 112//143 113//144 111//145
f 112//143 111//145 110//146
f 110//146 101//129 114//130
f 110//146 114//130 112//143
f 113//144 115//147 117//148
f 113//144 117//148 111//145
f 115//147 116//149 118//150
f 115//147 118//150 117//148
f 111//142 117//151 119//152
f 111//142 119//152 109//142
f 117//151 118//153 120//153
f 117//151 120//153 119//152
f 109//141 119//154 121//155
f 109//141 121//155 123//140
f 119//154 120//156 122//157
f 119//154 122//157 121//155
f 164//158 166//159 169//160
f 164//158 169//160 171//160
f 164//158 171//160 173//160
f 164//158 173//160 174//160
f 164//158 174//160 175//160
f 164//158 175//160 104//160
f 164//158 104//160 106//160
f 164//158 106//160 108//160
f 164//158 108//160 123//160
f 164//158 123//160 121//160
f 164//158 121//160 122//161
f 164//158 122//161 125//162
f 164//158 125//162 127//160
f 164//158 127//160 1233//160
f 164//158 1233//160 160//160
f 164//158 160//160 163//160
f 133//163 132//163 130//163
f 133//163 130//163 128//163
f 133//163 128//163 125//162
f 133//163 125//162 122//161
f 133//163 122//161 124//163
f 133//163 124//163 390//163
f 133//163 390//163 388//163
f 133//163 388//163 386//163
f 133//163 386//163 384//163
f 133//163 384//163 382//163
f 133//163 382//163 380//163
f 133//163 380//163 378//163
f 133//163 378//163 376//163
f 133//163 376//163 374//163
f 133//163 374//163 370//164
f 133//163 370//164 369//165
f 124//166 122//157 120//156
f 124//166 120//156 392//167
f 127//168 125//169 126//170
f 127//168 126//170 1235//171
f 127//168 1235//171 1234//172
f 129//173 126//170 125//169
f 129//173 125//169 128//174
f 128//174 130//175 131//176
f 128//174 131//176 143//177
f 128//174 143//177 129//173
f 130//175 132//178 134//179
f 130//175 134//179 137//180
f 130//175 137//180 131//176
f 132//178 133//181 135//182
f 132//178 135//182 134//179
f 134//183 135//184 357//185
f 134//183 357//185 136//186
f 137//187 134//183 136//186
f 137//187 136//186 138//188
f 143//189 131//190 137//187
f 143//189 137//187 138//188
f 143//189 138//188 140//191
f 139//192 142//193 140//191
f 139//192 140//191 138//188
f 354//194 139//192 138//188
f 354//194 138//188 136//186
f 140//191 141//195 126//196
f 140//191 126//196 129//197
f 140//191 129//197 143//189
f 142//193 145//198 141//195
f 142//193 141//195 140//191
f 142//193 139//192 351//199
f 142//193 351//199 144//200
f 142//193 144//200 146//201
f 142//193 146//201 145//198
f 145//198 146//201 148//202
f 145//198 148//202 147//203
f 150//204 151//205 141//195
f 150//204 141//195 145//198
f 150//204 145//198 147//203
f 148//202 343//206 149//207
f 148//202 149//207 147//203
f 154//208 152//209 150//204
f 154//208 150//204 147//203
f 154//208 147//203 149//207
f 151//205 150//204 152//209
f 151//205 152//209 153//210
f 151//205 153//210 1234//211
f 151//205 1234//211 1235//212
f 152//209 154//208 155//213
f 152//209 155//213 158//214
f 152//209 158//214 159//215
f 152//209 159//215 153//210
f 155//213 154//208 149//207
f 155//213 149//207 157//216
f 337//217 156//218 155//213
f 337//217 155//213 157//216
f 155//213 156//218 161//219
f 155//213 161//219 158//214
f 159//220 158//221 160//222
f 159//220 160//222 1233//223
f 158//221 161//224 163//225
f 158//221 163//225 160//222
f 164//226 163//225 161//224
f 164//226 161//224 162//227
f 260//228 162//229 161//219
f 260//228 161//219 156//218
f 260//228 156//218 261//230
f 259//231 165//232 164//226
f 259//231 164//226 162//227
f 259//231 162//227 260//233
f 259//231 260//233 258//234
f 267//235 167//236 166//159
f 267//235 166//159 164//158
f 267//235 164//158 165//237
f 270//238 168//239 166//240
f 270//238 166//240 167//241
f 169//242 166//240 168//239
f 169//242 168//239 177//243
f 169//242 177//243 170//244
f 171//245 169//242 170//244
f 171//245 170//244 176//246
f 171//245 176//246 172//247
f 172//247 94//248 173//249
f 172//247 173//249 171//245
f 174//250 173//249 94//248
f 174//250 94//248 96//251
f 175//134 174//250 96//251
f 175//134 96//251 98//131
f 178//252 180//253 93//114
f 178//252 93//114 176//118
f 178//252 176//118 170//254
f 178//252 170//254 177//255
f 186//256 179//257 178//252
f 186//256 178//252 177//255
f 186//256 177//255 168//258
f 186//256 168//258 270//259
f 186//256 270//259 274//260
f 186//256 274//260 273//261
f 182//262 181//263 180//264
f 182//262 180//264 178//265
f 182//262 178//265 179//266
f 181//263 90//107 93//110
f 181//263 93//110 180//264
f 183//267 182//262 179//266
f 183//267 179//266 186//268
f 183//267 186//268 185//269
f 185//269 187//270 188//271
f 185//269 188//271 184//272
f 185//269 184//272 183//267
f 187//273 185//274 186//256
f 187//273 186//256 273//261
f 187//273 273//261 271//275
f 187//273 271//275 272//276
f 187//273 272//276 192//277
f 187//273 192//277 191//278
f 187//273 191//278 189//279
f 189//279 190//280 878//281
f 189//279 878//281 188//282
f 189//279 188//282 187//273
f 190//280 189//279 191//278
f 190//280 191//278 193//283
f 190//280 193//283 195//284
f 277//285 283//286 290//287
f 277//285 290//287 291//288
f 277//285 291//288 292//289
f 277//285 292//289 293//290
f 277//285 293//290 294//291
f 277//285 294//291 295//292
f 277//285 295//292 296//293
f 277//285 296//293 297//294
f 277//285 297//294 298//295
f 277//285 298//295 299//296
f 277//285 299//296 300//297
f 277//285 300//297 301//298
f 277//285 301//298 302//299
f 277//285 302//299 303//300
f 277//285 303//300 304//301
f 277//285 304//301 305//302
f 277//285 305//302 306//302
f 277//285 306//302 307//303
f 277//285 307//303 308//303
f 277//285 308//303 309//304
f 277//285 309//304 310//302
f 277//285 310//302 311//305
f 277//285 311//305 312//306
f 277//285 312//306 313//303
f 277//285 313//303 314//307
f 277//285 314//307 194//308
f 277//285 194//308 193//283
f 277//285 193//283 191//278
f 277//285 191//278 192//277
f 193//283 194//308 200//309
f 193//283 200//309 199//310
f 193//283 199//310 196//311
f 193//283 196//311 195//284
f 197//312 878//281 190//280
f 197//312 190//280 195//284
f 197//312 195//284 196//311
f 198//313 552//314 197//312
f 198//313 197//312 196//311
f 199//310 201//315 202//316
f 199//310 202//316 198//313
f 199//310 198//313 196//311
f 201//317 199//318 200//319
f 201//317 200//319 204//320
f 201//317 204//320 203//321
f 203//321 205//322 206//323
f 203//321 206//323 202//324
f 203//321 202//324 201//317
f 205//325 203//326 204//327
f 205//325 204//327 208//328
f 205//325 208//328 207//329
f 207//329 209//330 211//331
f 207//329 211//331 212//332
f 207//329 212//332 879//333
f 207//329 879//333 522//334
f 207//329 522//334 527//335
f 207//329 527//335 528//336
f 207//329 528//336 206//337
f 207//329 206//337 205//325
f 208//338 1228//339 222//340
f 208//338 222//340 1229//341
f 208//338 1229//341 1230//342
f 208//338 1230//342 210//343
f 208//338 210//343 209//344
f 208//338 209//344 207//345
f 211//346 209//344 210//343
f 211//346 210//343 213//347
f 212//348 211//346 213//347
f 212//348 213//347 214//349
f 212//348 214//349 215//350
f 214//351 213//352 210//353
f 214//351 210//353 1231//354
f 214//351 1231//354 1232//355
f 214//351 1232//355 220//356
f 214//351 220//356 219//357
f 214//351 219//357 216//358
f 1225//359 215//360 214//351
f 1225//359 214//351 216//358
f 1225//359 216//358 218//361
f 216//358 217//362 889//363
f 216//358 889//363 218//361
f 219//357 221//364 223//365
f 219//357 223//365 217//362
f 219//357 217//362 216//358
f 221//364 219//357 220//356
f 221//364 220//356 1229//366
f 221//364 1229//366 222//367
f 222//367 1228//368 228//369
f 222//367 228//369 227//370
f 222//367 227//370 224//371
f 222//367 224//371 223//365
f 222//367 223//365 221//364
f 223//365 224//371 225//372
f 223//365 225//372 217//362
f 1203//373 225//372 224//371
f 1203//373 224//371 226//374
f 1203//373 226//374 1200//375
f 1203//373 1200//375 1202//376
f 226//374 224//371 227//370
f 226//374 227//370 229//377
f 226//374 229//377 336//378
f 230//379 227//370 228//369
f 230//379 228//369 335//380
f 230//379 335//380 334//381
f 230//379 334//381 333//382
f 230//379 333//382 332//383
f 230//379 332//383 330//384
f 230//379 330//384 329//383
f 230//379 329//383 328//385
f 230//379 328//385 327//384
f 230//379 327//384 326//386
f 230//379 326//386 325//384
f 230//379 325//384 324//384
f 230//379 324//384 322//387
f 230//379 322//387 321//386
f 230//379 321//386 320//388
f 230//379 320//388 319//389
f 230//379 319//389 318//390
f 230//379 318//390 317//391
f 230//379 317//391 316//392
f 230//379 316//392 233//393
f 230//379 233//393 232//394
f 229//377 227//370 230//379
f 229//377 230//379 231//395
f 229//377 231//395 261//230
f 229//377 261//230 156//218
f 229//377 156//218 337//217
f 231//395 230//379 232//394
f 231//395 232//394 234//396
f 231//395 234//396 236//397
f 231//395 236//397 237//398
f 231//395 237//398 238//399
f 231//395 238//399 240//399
f 231//395 240//399 241//400
f 231//395 241//400 242//401
f 231//395 242//401 244//399
f 231//395 244//399 245//402
f 231//395 245//402 246//403
f 231//395 246//403 247//404
f 231//395 247//404 248//405
f 231//395 248//405 249//406
f 231//395 249//406 250//407
f 231//395 250//407 251//408
f 231//395 251//408 252//409
f 231//395 252//409 253//410
f 231//395 253//410 254//411
f 231//395 254//411 255//412
f 231//395 255//412 257//413
f 288//414 281//415 235//416
f 288//414 235//416 234//396
f 288//414 234//396 232//417
f 288//414 232//417 233//418
f 235//416 315//419 256//420
f 235//416 256//420 255//421
f 235//416 255//421 254//422
f 235//416 254//422 253//423
f 235//416 253//423 252//424
f 235//416 252//424 251//425
f 235//416 251//425 250//426
f 235//416 250//426 249//427
f 235//416 249//427 248//428
f 235//416 248//428 247//429
f 235//416 247//429 246//430
f 235//416 246//430 245//431
f 235//416 245//431 243//432
f 235//416 243//432 242//433
f 235//416 242//433 241//434
f 235//416 241//434 239//432
f 235//416 239//432 238//435
f 235//416 238//435 237//436
f 235//416 237//436 236//397
f 235//416 236//397 234//396
f 256//420 262//437 259//231
f 256//420 259//231 258//234
f 256//420 258//234 257//438
f 256//420 257//438 255//421
f 261//230 231//395 257//413
f 261//230 257//413 258//439
f 261//230 258//439 260//228
f 165//237 259//440 262//441
f 165//237 262//441 263//442
f 165//237 263//442 265//443
f 165//237 265//443 267//235
f 262//441 256//444 315//445
f 262//441 315//445 279//446
f 262//441 279//446 264//447
f 262//441 264//447 263//442
f 265//448 263//449 264//450
f 265//448 264//450 275//451
f 265//448 275//451 268//452
f 265//448 268//452 266//453
f 266//453 269//454 270//238
f 266//453 270//238 167//241
f 266//453 167//241 267//455
f 266//453 267//455 265//448
f 272//276 271//275 269//456
f 272//276 269//456 266//457
f 272//276 266//457 268//458
f 271//275 273//261 274//260
f 271//275 274//260 270//259
f 271//275 270//259 269//456
f 192//277 272//276 268//458
f 192//277 268//458 275//459
f 192//277 275//459 276//460
f 192//277 276//460 277//285
f 264//450 279//461 278//462
f 264//450 278//462 276//463
f 264//450 276//463 275//451
f 278//462 280//464 282//465
f 278//462 282//465 283//286
f 278//462 283//286 277//466
f 278//462 277//466 276//463
f 315//445 235//467 281//468
f 315//445 281//468 280//469
f 315//445 280//469 278//470
f 315//445 278//470 279//446
f 281//468 288//471 286//472
f 281//468 286//472 284//473
f 281//468 284//473 282//474
f 281//468 282//474 280//469
f 282//465 284//475 285//476
f 282//465 285//476 289//477
f 282//465 289//477 194//478
f 282//465 194//478 314//479
f 282//465 314//479 313//480
f 282//465 313//480 312//479
f 282//465 312//479 311//481
f 282//465 311//481 310//482
f 282//465 310//482 309//479
f 282//465 309//479 308//479
f 282//465 308//479 307//481
f 282//465 307//481 306//481
f 282//465 306//481 305//483
f 282//465 305//483 304//484
f 282//465 304//484 303//485
f 282//465 303//485 302//486
f 282//465 302//486 301//487
f 282//465 301//487 300//488
f 282//465 300//488 299//489
f 282//465 299//489 298//490
f 282//465 298//490 297//491
f 282//465 297//491 296//492
f 282//465 296//492 295//493
f 282//465 295//493 294//494
f 282//465 294//494 293//495
f 282//465 293//495 292//496
f 282//465 292//496 291//497
f 282//465 291//497 290//287
f 282//465 290//287 283//286
f 286//472 287//498 208//328
f 286//472 208//328 204//327
f 286//472 204//327 285//499
f 286//472 285//499 284//473
f 233//418 316//500 317//501
f 233//418 317//501 318//502
f 233//418 318//502 319//503
f 233//418 319//503 320//504
f 233//418 320//504 321//505
f 233//418 321//505 322//506
f 233//418 322//506 323//506
f 233//418 323//506 325//507
f 233//418 325//507 326//506
f 233//418 326//506 327//508
f 233//418 327//508 328//509
f 233//418 328//509 329//506
f 233//418 329//506 331//510
f 233//418 331//510 332//511
f 233//418 332//511 333//512
f 233//418 333//512 334//513
f 233//418 334//513 335//514
f 233//418 335//514 228//515
f 233//418 228//515 287//516
f 233//418 287//516 286//517
f 233//418 286//517 288//414
f 228//515 1228//339 208//338
f 228//515 208//338 287//516
f 200//319 194//478 289//477
f 200//319 289//477 285//476
f 200//319 285//476 204//320
f 340//518 1201//519 336//378
f 340//518 336//378 229//377
f 340//518 229//377 337//217
f 340//518 337//217 338//520
f 338//520 337//217 157//216
f 338//520 157//216 341//521
f 342//522 339//523 338//520
f 342//522 338//520 341//521
f 338//520 339//523 1198//524
f 338//520 1198//524 340//518
f 344//525 342//522 341//521
f 344//525 341//521 343//206
f 343//206 341//521 157//216
f 343//206 157//216 149//207
f 345//526 344//525 343//206
f 345//526 343//206 148//202
f 1197//527 1198//524 339//523
f 1197//527 339//523 342//522
f 1197//527 342//522 344//525
f 1197//527 344//525 345//526
f 1197//527 345//526 346//528
f 1197//527 346//528 347//529
f 1197//527 347//529 1189//530
f 1197//527 1189//530 1191//531
f 1197//527 1191//531 1192//532
f 1197//527 1192//532 1193//533
f 1197//527 1193//533 1195//534
f 146//201 346//528 345//526
f 146//201 345//526 148//202
f 913//535 911//536 347//529
f 913//535 347//529 346//528
f 913//535 346//528 348//537
f 913//535 348//537 349//538
f 913//535 349//538 350//539
f 913//535 350//539 972//540
f 913//535 972//540 967//541
f 913//535 967//541 966//542
f 913//535 966//542 968//543
f 913//535 968//543 969//544
f 913//535 969//544 970//545
f 144//200 348//537 346//528
f 144//200 346//528 146//201
f 144//200 351//199 349//538
f 144//200 349//538 348//537
f 351//199 352//546 350//539
f 351//199 350//539 349//538
f 139//192 354//194 352//546
f 139//192 352//546 351//199
f 352//546 354//194 355//547
f 352//546 355//547 353//548
f 352//546 353//548 972//540
f 352//546 972//540 350//539
f 354//194 136//186 357//185
f 354//194 357//185 355//547
f 353//548 355//547 356//549
f 353//548 356//549 961//550
f 353//548 961//550 962//551
f 353//548 962//551 963//552
f 355//547 357//185 358//553
f 355//547 358//553 360//554
f 355//547 360//554 361//555
f 355//547 361//555 955//556
f 355//547 955//556 356//549
f 358//553 357//185 135//184
f 358//553 135//184 371//557
f 358//553 371//557 359//558
f 359//558 364//559 362//560
f 359//558 362//560 360//554
f 359//558 360//554 358//553
f 362//560 363//561 1020//562
f 362//560 1020//562 1019//563
f 362//560 1019//563 1018//564
f 362//560 1018//564 1017//565
f 362//560 1017//565 1016//566
f 362//560 1016//566 1015//567
f 362//560 1015//567 1014//568
f 362//560 1014//568 1013//569
f 362//560 1013//569 1012//570
f 362//560 1012//570 1011//571
f 362//560 1011//571 1010//572
f 362//560 1010//572 1008//573
f 362//560 1008//573 1007//574
f 362//560 1007//574 1005//574
f 362//560 1005//574 1004//574
f 362//560 1004//574 1003//575
f 362//560 1003//575 1002//576
f 362//560 1002//576 1000//577
f 362//560 1000//577 999//578
f 362//560 999//578 361//555
f 362//560 361//555 360//554
f 363//561 362//579 364//580
f 363//561 364//580 365//581
f 363//561 365//581 366//582
f 363//561 366//582 1023//583
f 364//580 359//584 371//585
f 364//580 371//585 369//586
f 364//580 369//586 367//587
f 364//580 367//587 365//581
f 368//588 1074//589 1075//590
f 368//588 1075//590 366//591
f 368//588 366//591 365//592
f 368//588 365//592 367//593
f 367//593 369//165 370//164
f 367//593 370//164 372//594
f 367//593 372//594 368//588
f 371//585 135//182 133//181
f 371//585 133//181 369//586
f 372//595 370//596 373//597
f 372//595 373//597 1076//598
f 375//599 413//600 373//597
f 375//599 373//597 370//596
f 375//599 370//596 374//601
f 377//602 409//603 375//599
f 377//602 375//599 374//601
f 377//602 374//601 376//604
f 376//604 378//605 379//606
f 376//604 379//606 377//602
f 381//607 379//606 378//605
f 381//607 378//605 380//608
f 383//609 381//607 380//608
f 383//609 380//608 382//610
f 382//610 384//611 385//612
f 382//610 385//612 383//609
f 384//611 386//613 387//614
f 384//611 387//614 385//612
f 389//615 387//614 386//613
f 389//615 386//613 388//616
f 391//617 389//615 388//616
f 391//617 388//616 390//618
f 390//618 124//166 392//167
f 390//618 392//167 391//617
f 389//619 391//620 393//620
f 389//619 393//620 396//619
f 391//620 392//621 395//622
f 391//620 395//622 393//620
f 393//623 395//624 1227//625
f 393//623 1227//625 394//626
f 396//627 393//623 394//626
f 396//627 394//626 397//628
f 397//628 399//629 398//630
f 397//628 398//630 396//627
f 396//619 398//631 387//632
f 396//619 387//632 389//619
f 399//629 402//633 400//634
f 399//629 400//634 398//630
f 398//631 400//635 385//636
f 398//631 385//636 387//632
f 383//637 385//636 400//635
f 383//637 400//635 401//637
f 401//638 400//634 402//633
f 401//638 402//633 403//639
f 406//640 401//638 403//639
f 406//640 403//639 404//641
f 404//641 405//642 407//643
f 404//641 407//643 406//640
f 406//644 407//645 379//646
f 406//644 379//646 381//644
f 381//644 383//637 401//637
f 381//644 401//637 406//644
f 409//647 377//648 379//646
f 409//647 379//646 407//645
f 409//647 407//645 408//649
f 408//650 407//643 405//642
f 408//650 405//642 410//651
f 413//652 375//653 409//647
f 413//652 409//647 408//649
f 413//652 408//649 411//654
f 411//655 408//650 410//651
f 411//655 410//651 414//656
f 1078//657 1077//658 1076//659
f 1078//657 1076//659 373//660
f 1078//657 373//660 413//652
f 1078//657 413//652 411//654
f 1078//657 411//654 412//661
f 412//662 411//655 414//656
f 412//662 414//656 415//663
f 417//664 1067//665 412//662
f 417//664 412//662 415//663
f 417//664 415//663 416//666
f 416//666 418//667 420//668
f 416//666 420//668 417//664
f 423//669 422//670 420//668
f 423//669 420//668 418//667
f 423//669 418//667 419//671
f 1067//672 417//673 420//674
f 1067//672 420//674 421//675
f 1067//672 421//675 1066//676
f 1067//672 1066//676 1065//677
f 424//678 426//679 421//675
f 424//678 421//675 420//674
f 424//678 420//674 422//680
f 422//680 423//681 592//682
f 422//680 592//682 593//683
f 422//680 593//683 594//684
f 422//680 594//684 597//685
f 422//680 597//685 425//686
f 422//680 425//686 424//678
f 426//679 424//678 425//686
f 426//679 425//686 429//687
f 426//679 429//687 427//688
f 1081//689 421//675 426//679
f 1081//689 426//679 427//688
f 1081//689 427//688 428//690
f 429//687 430//691 433//692
f 429//687 433//692 435//693
f 429//687 435//693 428//690
f 429//687 428//690 427//688
f 675//694 676//695 677//696
f 675//694 677//696 678//697
f 675//694 678//697 679//698
f 675//694 679//698 680//699
f 675//694 680//699 681//700
f 675//694 681//700 682//701
f 675//694 682//701 683//702
f 675//694 683//702 684//703
f 675//694 684//703 685//704
f 675//694 685//704 686//705
f 675//694 686//705 687//706
f 675//694 687//706 688//707
f 675//694 688//707 689//708
f 675//694 689//708 690//709
f 675//694 690//709 691//710
f 675//694 691//710 692//710
f 675//694 692//710 693//710
f 675//694 693//710 694//711
f 675//694 694//711 695//711
f 675//694 695//711 696//712
f 675//694 696//712 697//713
f 675//694 697//713 698//711
f 675//694 698//711 699//711
f 675//694 699//711 700//711
f 675//694 700//711 432//710
f 675//694 432//710 430//691
f 675//694 430//691 429//687
f 675//694 429//687 425//686
f 675//694 425//686 597//685
f 672//714 670//715 671//716
f 672//714 671//716 431//717
f 672//714 431//717 430//718
f 672//714 430//718 432//719
f 672//714 432//719 700//719
f 672//714 700//719 699//719
f 672//714 699//719 698//720
f 672//714 698//720 697//721
f 672//714 697//721 696//719
f 672//714 696//719 695//719
f 672//714 695//719 694//722
f 672//714 694//722 693//723
f 672//714 693//723 692//724
f 672//714 692//724 691//725
f 672//714 691//725 690//726
f 672//714 690//726 689//727
f 672//714 689//727 688//728
f 672//714 688//728 687//729
f 672//714 687//729 686//730
f 672//714 686//730 685//731
f 672//714 685//731 684//732
f 672//714 684//732 683//733
f 672//714 683//733 682//734
f 672//714 682//734 681//735
f 672//714 681//735 680//736
f 672//714 680//736 679//737
f 672//714 679//737 678//738
f 672//714 678//738 677//739
f 672//714 677//739 676//695
f 672//714 676//695 675//694
f 672//714 675//694 674//740
f 433//741 430//718 431//717
f 433//741 431//717 671//716
f 433//741 671//716 434//742
f 436//743 435//744 433//741
f 436//743 433//741 434//742
f 436//743 434//742 438//745
f 435//693 436//746 437//747
f 435//693 437//747 1186//748
f 435//693 1186//748 428//690
f 438//745 439//749 440//750
f 438//745 440//750 437//751
f 438//745 437//751 436//743
f 439//752 438//753 434//754
f 439//752 434//754 443//755
f 439//752 443//755 441//756
f 441//756 442//757 456//758
f 441//756 456//758 460//759
f 441//756 460//759 1160//760
f 441//756 1160//760 1124//761
f 441//756 1124//761 1161//762
f 441//756 1161//762 1162//763
f 441//756 1162//763 440//764
f 441//756 440//764 439//752
f 443//765 445//766 447//767
f 443//765 447//767 449//768
f 443//765 449//768 451//769
f 443//765 451//769 452//770
f 443//765 452//770 442//771
f 443//765 442//771 441//772
f 669//773 444//774 443//755
f 669//773 443//755 434//754
f 669//773 434//754 671//775
f 669//773 671//775 670//776
f 446//777 445//766 443//765
f 446//777 443//765 444//778
f 447//779 445//780 446//781
f 447//779 446//781 618//782
f 447//779 618//782 615//783
f 447//779 615//783 616//784
f 447//779 616//784 448//785
f 448//785 1226//786 450//787
f 448//785 450//787 449//788
f 448//785 449//788 447//779
f 449//789 450//790 454//791
f 449//789 454//791 453//792
f 449//789 453//792 451//793
f 452//794 451//795 453//796
f 457//797 455//798 452//794
f 457//797 452//794 453//796
f 457//797 453//796 454//799
f 457//797 454//799 450//787
f 457//797 450//787 1226//786
f 457//797 1226//786 458//800
f 456//801 442//771 452//770
f 456//801 452//770 455//802
f 460//803 456//801 455//802
f 460//803 455//802 457//804
f 460//803 457//804 459//805
f 461//806 459//807 457//797
f 461//806 457//797 458//800
f 461//806 458//800 462//808
f 459//805 461//809 463//810
f 459//805 463//810 464//811
f 459//805 464//811 1160//812
f 459//805 1160//812 460//803
f 463//813 461//806 462//808
f 463//813 462//808 465//814
f 467//815 468//816 464//817
f 467//815 464//817 463//813
f 467//815 463//813 465//814
f 462//808 701//818 466//819
f 462//808 466//819 465//814
f 469//820 467//815 465//814
f 469//820 465//814 466//819
f 470//821 473//822 475//823
f 470//821 475//823 477//824
f 470//821 477//824 1155//825
f 470//821 1155//825 1154//825
f 470//821 1154//825 1152//825
f 470//821 1152//825 1150//825
f 470//821 1150//825 1149//825
f 470//821 1149//825 1148//825
f 470//821 1148//825 1147//825
f 470//821 1147//825 1130//825
f 470//821 1130//825 468//816
f 470//821 468//816 467//815
f 470//821 467//815 469//820
f 471//826 470//821 469//820
f 471//826 469//820 466//819
f 706//827 472//828 470//821
f 706//827 470//821 471//826
f 706//827 471//826 703//829
f 706//827 703//829 704//830
f 474//831 473//822 470//821
f 474//831 470//821 472//828
f 474//831 476//832 475//823
f 474//831 475//823 473//822
f 478//833 475//823 476//832
f 478//833 476//832 479//834
f 506//835 508//836 509//836
f 506//835 509//836 1222//836
f 506//835 1222//836 1221//836
f 506//835 1221//836 1211//836
f 506//835 1211//836 1209//836
f 506//835 1209//836 1207//836
f 506//835 1207//836 1205//836
f 506//835 1205//836 477//824
f 506//835 477//824 475//823
f 506//835 475//823 478//833
f 506//835 478//833 480//837
f 506//835 480//837 482//838
f 506//835 482//838 505//839
f 483//840 480//837 478//833
f 483//840 478//833 479//834
f 502//841 482//838 480//837
f 502//841 480//837 481//842
f 485//843 499//844 481//842
f 485//843 481//842 480//837
f 485//843 480//837 483//840
f 485//843 483//840 484//845
f 487//846 486//847 484//845
f 487//846 484//845 483//840
f 487//846 483//840 479//834
f 487//846 479//834 715//848
f 488//849 485//843 484//845
f 488//849 484//845 486//847
f 488//849 486//847 487//846
f 488//849 487//846 716//850
f 488//849 716//850 489//851
f 490//852 488//849 489//851
f 490//852 489//851 491//853
f 493//854 485//843 488//849
f 493//854 488//849 490//852
f 492//855 490//852 491//853
f 492//855 491//853 801//856
f 494//857 493//854 490//852
f 494//857 490//852 492//855
f 493//854 494//857 496//858
f 493//854 496//858 495//859
f 485//843 493//854 495//859
f 485//843 495//859 497//860
f 485//843 497//860 499//844
f 500//861 498//862 497//860
f 500//861 497//860 495//859
f 500//861 495//859 496//858
f 500//861 496//858 793//863
f 498//862 502//841 481//842
f 498//862 481//842 499//844
f 498//862 499//844 497//860
f 501//864 498//862 500//861
f 501//864 500//861 748//865
f 503//866 502//841 498//862
f 503//866 498//862 501//864
f 502//841 503//866 505//839
f 502//841 505//839 482//838
f 503//866 501//864 751//867
f 503//866 751//867 504//868
f 503//866 504//868 507//869
f 503//866 507//869 506//835
f 503//866 506//835 505//839
f 508//870 506//871 507//871
f 508//870 507//871 752//871
f 508//870 752//871 753//871
f 508//870 753//871 755//871
f 508//870 755//871 757//872
f 508//870 757//872 758//873
f 508//870 758//873 512//871
f 508//870 512//871 510//874
f 509//875 508//870 510//874
f 509//875 510//874 511//876
f 509//875 511//876 1219//877
f 511//878 510//879 513//880
f 511//878 513//880 514//881
f 512//882 516//883 513//880
f 512//882 513//880 510//879
f 514//881 513//880 515//884
f 514//881 515//884 1223//885
f 515//884 513//880 516//883
f 515//884 516//883 518//886
f 517//887 516//883 512//882
f 517//887 512//882 758//873
f 517//887 758//873 757//872
f 520//888 519//889 518//886
f 520//888 518//886 516//883
f 520//888 516//883 517//887
f 515//890 518//891 519//889
f 515//890 519//889 520//888
f 515//890 520//888 521//891
f 515//890 521//891 522//891
f 515//890 522//891 879//891
f 515//890 879//891 880//891
f 515//890 880//891 882//891
f 515//890 882//891 883//892
f 523//893 521//894 520//888
f 523//893 520//888 517//887
f 523//893 517//887 524//895
f 527//896 522//897 521//898
f 527//896 521//898 523//899
f 527//896 523//899 525//900
f 526//901 525//902 523//893
f 526//901 523//893 524//895
f 526//901 524//895 550//903
f 528//904 527//896 525//900
f 528//904 525//900 526//905
f 528//904 526//905 529//906
f 529//906 530//907 531//908
f 529//906 531//908 532//909
f 529//906 532//909 533//910
f 529//906 533//910 534//911
f 529//906 534//911 535//912
f 529//906 535//912 536//912
f 529//906 536//912 537//912
f 529//906 537//912 538//913
f 529//906 538//913 540//913
f 529//906 540//913 541//914
f 529//906 541//914 542//915
f 529//906 542//915 543//916
f 529//906 543//916 545//916
f 529//906 545//916 546//914
f 529//906 546//914 547//917
f 529//906 547//917 548//918
f 529//906 548//918 549//919
f 529//906 549//919 202//324
f 529//906 202//324 206//323
f 529//906 206//323 528//904
f 550//903 552//314 198//313
f 550//903 198//313 202//316
f 550//903 202//316 549//920
f 550//903 549//920 548//921
f 550//903 548//921 547//922
f 550//903 547//922 546//923
f 550//903 546//923 544//922
f 550//903 544//922 543//924
f 550//903 543//924 542//925
f 550//903 542//925 541//923
f 550//903 541//923 539//923
f 550//903 539//923 538//923
f 550//903 538//923 537//923
f 550//903 537//923 536//923
f 550//903 536//923 535//926
f 550//903 535//926 534//927
f 550//903 534//927 533//928
f 550//903 533//928 532//929
f 550//903 532//929 531//930
f 550//903 531//930 530//931
f 550//903 530//931 529//932
f 550//903 529//932 526//901
f 550//903 524//895 756//933
f 550//903 756//933 759//934
f 550//903 759//934 551//935
f 551//935 762//936 763//937
f 551//935 763//937 764//938
f 551//935 764//938 765//939
f 551//935 765//939 766//940
f 551//935 766//940 767//941
f 551//935 767//941 768//942
f 551//935 768//942 769//943
f 551//935 769//943 770//943
f 551//935 770//943 771//943
f 551//935 771//943 773//943
f 551//935 773//943 774//942
f 551//935 774//942 775//944
f 551//935 775//944 776//945
f 551//935 776//945 778//943
f 551//935 778//943 779//943
f 551//935 779//943 780//946
f 551//935 780//946 781//947
f 551//935 781//947 782//948
f 551//935 782//948 554//949
f 551//935 554//949 553//950
f 551//935 553//950 552//314
f 551//935 552//314 550//903
f 555//951 197//312 552//314
f 555//951 552//314 553//950
f 555//951 553//950 554//949
f 555//951 554//949 787//952
f 555//951 787//952 556//953
f 557//954 555//951 556//953
f 557//954 556//953 788//955
f 557//954 788//955 560//956
f 557//954 560//956 559//957
f 555//951 557//954 558//958
f 555//951 558//958 878//281
f 555//951 878//281 197//312
f 557//954 559//957 561//959
f 557//954 561//959 563//960
f 557//954 563//960 558//958
f 562//961 561//959 559//957
f 562//961 559//957 560//956
f 562//961 560//956 877//962
f 562//961 877//962 876//962
f 562//961 876//962 875//963
f 562//961 875//963 874//964
f 562//961 874//964 873//965
f 562//961 873//965 872//962
f 562//961 872//962 871//962
f 562//961 871//962 870//963
f 562//961 870//963 869//966
f 562//961 869//966 868//967
f 562//961 868//967 867//963
f 562//961 867//963 866//968
f 562//961 866//968 865//969
f 562//961 865//969 864//970
f 562//961 864//970 863//971
f 562//961 863//971 862//972
f 562//961 862//972 861//973
f 562//961 861//973 860//974
f 562//961 860//974 859//975
f 562//961 859//975 858//976
f 562//961 858//976 857//977
f 562//961 857//977 856//978
f 562//961 856//978 855//979
f 562//961 855//979 854//980
f 562//961 854//980 853//981
f 562//961 853//981 852//982
f 562//961 852//982 725//983
f 563//960 561//959 562//961
f 563//960 562//961 720//984
f 563//960 720//984 567//985
f 563//960 567//985 566//986
f 563//960 566//986 564//987
f 564//987 565//988 188//282
f 564//987 188//282 878//281
f 564//987 878//281 558//958
f 564//987 558//958 563//960
f 565//989 564//990 566//991
f 565//989 566//991 568//992
f 565//989 568//992 719//993
f 569//994 566//986 567//985
f 569//994 567//985 570//995
f 566//991 569//996 572//997
f 566//991 572//997 568//992
f 571//998 569//994 570//995
f 571//998 570//995 580//999
f 569//996 571//1000 573//1001
f 569//996 573//1001 572//997
f 571//1000 576//1002 574//1003
f 571//1000 574//1003 573//1001
f 575//1004 574//1003 576//1002
f 575//1004 576//1002 577//1005
f 580//999 578//1006 576//1007
f 580//999 576//1007 571//998
f 577//1008 576//1007 578//1006
f 577//1008 578//1006 579//1009
f 721//1010 800//1011 799//1012
f 721//1010 799//1012 801//856
f 721//1010 801//856 491//853
f 721//1010 491//853 489//851
f 721//1010 489//851 716//850
f 721//1010 716//850 714//1013
f 721//1010 714//1013 713//1013
f 721//1010 713//1013 712//1013
f 721//1010 712//1013 709//1014
f 721//1010 709//1014 717//1015
f 721//1010 717//1015 718//1016
f 721//1010 718//1016 603//1017
f 721//1010 603//1017 602//1018
f 721//1010 602//1018 600//1019
f 721//1010 600//1019 598//1020
f 721//1010 598//1020 594//1021
f 721//1010 594//1021 593//1021
f 721//1010 593//1021 595//1021
f 721//1010 595//1021 582//1021
f 721//1010 582//1021 581//1021
f 721//1010 581//1021 579//1021
f 721//1010 579//1021 578//1021
f 721//1010 578//1021 580//1021
f 721//1010 580//1021 570//1021
f 721//1010 570//1021 567//1021
f 721//1010 567//1021 720//1021
f 579//1009 581//1022 583//1023
f 579//1009 583//1023 577//1008
f 585//1024 583//1023 581//1022
f 585//1024 581//1022 582//1024
f 587//1025 584//1026 583//1027
f 587//1025 583//1027 585//1028
f 577//1005 583//1027 584//1026
f 577//1005 584//1026 575//1004
f 582//1024 595//1029 591//1029
f 582//1024 591//1029 586//1030
f 582//1024 586//1030 585//1024
f 588//1031 587//1025 585//1028
f 588//1031 585//1028 586//1032
f 589//1033 588//1031 586//1032
f 589//1033 586//1032 591//1034
f 589//1033 591//1034 590//1035
f 419//671 589//1033 590//1035
f 419//671 590//1035 592//1036
f 419//671 592//1036 423//669
f 595//1029 593//683 592//682
f 595//1029 592//682 590//1037
f 595//1029 590//1037 591//1029
f 673//1038 596//1038 594//1038
f 673//1038 594//1038 598//1038
f 673//1038 598//1038 599//1038
f 673//1038 599//1038 622//1039
f 673//1038 622//1039 623//1040
f 673//1038 623//1040 624//1038
f 673//1038 624//1038 625//1038
f 673//1038 625//1038 626//1038
f 597//685 594//684 596//1041
f 597//685 596//1041 674//1042
f 597//685 674//1042 675//694
f 599//1043 598//1020 600//1019
f 599//1043 600//1019 601//1044
f 605//1045 601//1044 600//1019
f 605//1045 600//1019 602//1018
f 605//1045 602//1018 604//1046
f 604//1046 602//1018 603//1017
f 604//1046 603//1017 607//1047
f 621//1048 605//1045 604//1046
f 621//1048 604//1046 606//1049
f 621//1048 606//1049 617//1050
f 606//1049 604//1046 607//1047
f 606//1049 607//1047 609//1051
f 603//1017 718//1016 608//1052
f 603//1017 608//1052 607//1047
f 607//1047 608//1052 610//1053
f 607//1047 610//1053 609//1051
f 612//1054 611//1055 609//1051
f 612//1054 609//1051 610//1053
f 611//1055 613//1056 615//783
f 611//1055 615//783 617//1050
f 611//1055 617//1050 606//1049
f 611//1055 606//1049 609//1051
f 613//1056 611//1055 612//1054
f 613//1056 612//1054 702//1057
f 613//1056 702//1057 701//818
f 613//1056 701//818 614//1058
f 616//784 615//783 613//1056
f 616//784 613//1056 614//1058
f 617//1050 615//783 618//782
f 617//1050 618//782 620//1059
f 617//1050 620//1059 621//1048
f 619//1060 618//782 446//781
f 619//1060 446//781 668//1061
f 619//1060 668//1061 667//1062
f 619//1060 667//1062 666//1063
f 619//1060 666//1063 665//1064
f 619//1060 665//1064 664//1065
f 619//1060 664//1065 663//1066
f 619//1060 663//1066 662//1067
f 619//1060 662//1067 661//1067
f 619//1060 661//1067 660//1068
f 619//1060 660//1068 658//1069
f 619//1060 658//1069 657//1067
f 619//1060 657//1067 656//1067
f 619//1060 656//1067 654//1067
f 619//1060 654//1067 653//1070
f 619//1060 653//1070 652//1071
f 619//1060 652//1071 651//1072
f 619//1060 651//1072 650//1073
f 619//1060 650//1073 649//1074
f 620//1059 618//782 619//1060
f 620//1059 619//1060 624//1075
f 620//1059 624//1075 623//1040
f 620//1059 623//1040 622//1039
f 601//1044 605//1045 621//1048
f 601//1044 621//1048 620//1059
f 601//1044 620//1059 622//1039
f 601//1044 622//1039 599//1043
f 649//1074 647//1076 646//1077
f 649//1074 646//1077 645//1078
f 649//1074 645//1078 644//1079
f 649//1074 644//1079 643//1080
f 649//1074 643//1080 642//1081
f 649//1074 642//1081 641//1082
f 649//1074 641//1082 640//1083
f 649//1074 640//1083 638//1082
f 649//1074 638//1082 637//1082
f 649//1074 637//1082 636//1084
f 649//1074 636//1084 635//1085
f 649//1074 635//1085 634//1086
f 649//1074 634//1086 632//1082
f 649//1074 632//1082 631//1082
f 649//1074 631//1082 630//1087
f 649//1074 630//1087 629//1088
f 649//1074 629//1088 628//1089
f 649//1074 628//1089 627//1090
f 649//1074 627//1090 625//1091
f 649//1074 625//1091 624//1075
f 649//1074 624//1075 619//1060
f 648//1092 626//1093 625//1094
f 648//1092 625//1094 627//1095
f 648//1092 627//1095 628//1096
f 648//1092 628//1096 629//1097
f 648//1092 629//1097 630//1098
f 648//1092 630//1098 631//1099
f 648//1092 631//1099 632//1100
f 648//1092 632//1100 633//1101
f 648//1092 633//1101 635//1102
f 648//1092 635//1102 636//1103
f 648//1092 636//1103 637//1099
f 648//1092 637//1099 638//1104
f 648//1092 638//1104 639//1105
f 648//1092 639//1105 641//1106
f 648//1092 641//1106 642//1107
f 648//1092 642//1107 643//1108
f 648//1092 643//1108 644//1109
f 648//1092 644//1109 645//1110
f 648//1092 645//1110 646//1077
f 648//1092 646//1077 647//1076
f 647//1076 649//1111 650//1112
f 647//1076 650//1112 651//1113
f 647//1076 651//1113 652//1114
f 647//1076 652//1114 653//1115
f 647//1076 653//1115 654//1116
f 647//1076 654//1116 655//1116
f 647//1076 655//1116 657//1115
f 647//1076 657//1115 658//1117
f 647//1076 658//1117 659//1116
f 647//1076 659//1116 661//1118
f 647//1076 661//1118 662//1119
f 647//1076 662//1119 663//1120
f 647//1076 663//1120 664//1121
f 647//1076 664//1121 665//1122
f 647//1076 665//1122 666//1123
f 647//1076 666//1123 667//1124
f 647//1076 667//1124 668//1125
f 647//1076 668//1125 446//777
f 647//1076 446//777 444//778
f 647//1076 444//778 669//1126
f 647//1076 669//1126 648//1092
f 670//776 672//1127 673//1128
f 670//776 673//1128 626//1129
f 670//776 626//1129 648//1130
f 670//776 648//1130 669//773
f 674//740 596//1131 673//1132
f 674//740 673//1132 672//714
f 1226//786 448//785 616//784
f 1226//786 616//784 614//1058
f 1226//786 614//1058 458//800
f 458//800 614//1058 701//818
f 458//800 701//818 462//808
f 702//1057 703//829 471//826
f 702//1057 471//826 466//819
f 702//1057 466//819 701//818
f 703//829 702//1057 612//1054
f 703//829 612//1054 610//1053
f 703//829 610//1053 704//830
f 608//1052 705//1133 704//830
f 608//1052 704//830 610//1053
f 707//1134 706//827 704//830
f 707//1134 704//830 705//1133
f 710//1135 474//831 472//828
f 710//1135 472//828 706//827
f 710//1135 706//827 707//1134
f 710//1135 707//1134 708//1136
f 717//1015 709//1014 708//1136
f 717//1015 708//1136 707//1134
f 717//1015 707//1134 705//1133
f 710//1135 708//1136 709//1014
f 710//1135 709//1014 712//1013
f 474//831 710//1135 711//1137
f 474//831 711//1137 476//832
f 710//1135 712//1013 713//1013
f 710//1135 713//1013 711//1137
f 711//1137 713//1013 714//1013
f 711//1137 714//1013 715//848
f 714//1013 716//850 487//846
f 714//1013 487//846 715//848
f 476//832 711//1137 715//848
f 476//832 715//848 479//834
f 718//1016 717//1015 705//1133
f 718//1016 705//1133 608//1052
f 719//993 184//272 188//271
f 719//993 188//271 565//989
f 720//1138 722//1138 723//1138
f 720//1138 723//1138 810//1138
f 720//1138 810//1138 809//1138
f 720//1138 809//1138 807//1139
f 720//1138 807//1139 805//1140
f 720//1138 805//1140 804//1138
f 720//1138 804//1138 803//1138
f 720//1138 803//1138 721//1138
f 725//983 724//1141 722//1142
f 725//983 722//1142 720//984
f 725//983 720//984 562//961
f 726//1143 723//1144 722//1145
f 726//1143 722//1145 724//1146
f 724//1146 725//1147 852//1148
f 724//1146 852//1148 853//1149
f 724//1146 853//1149 854//1150
f 724//1146 854//1150 855//1151
f 724//1146 855//1151 856//1152
f 724//1146 856//1152 857//1153
f 724//1146 857//1153 858//1154
f 724//1146 858//1154 859//1155
f 724//1146 859//1155 860//1156
f 724//1146 860//1156 861//1157
f 724//1146 861//1157 862//1158
f 724//1146 862//1158 863//1159
f 724//1146 863//1159 864//1160
f 724//1146 864//1160 865//1161
f 724//1146 865//1161 866//1162
f 724//1146 866//1162 867//1163
f 724//1146 867//1163 868//1164
f 724//1146 868//1164 869//1163
f 724//1146 869//1163 870//1163
f 724//1146 870//1163 871//1163
f 724//1146 871//1163 872//1165
f 724//1146 872//1165 873//1166
f 724//1146 873//1166 874//1163
f 724//1146 874//1163 875//1163
f 724//1146 875//1163 876//1163
f 724//1146 876//1163 877//1167
f 724//1146 877//1167 560//1168
f 724//1146 560//1168 851//1169
f 724//1146 851//1169 728//1170
f 724//1146 728//1170 727//1171
f 724//1146 727//1171 726//1143
f 729//1172 730//1173 810//1174
f 729//1172 810//1174 723//1175
f 729//1172 723//1175 726//1176
f 729//1172 726//1176 727//1177
f 727//1177 728//1178 786//1179
f 727//1177 786//1179 732//1180
f 727//1177 732//1180 731//1181
f 727//1177 731//1181 729//1172
f 730//1182 729//1183 731//1184
f 730//1182 731//1184 733//1185
f 730//1182 733//1185 735//1186
f 730//1182 735//1186 850//1187
f 730//1182 850//1187 849//1188
f 730//1182 849//1188 848//1189
f 730//1182 848//1189 847//1190
f 730//1182 847//1190 846//1191
f 730//1182 846//1191 845//1192
f 730//1182 845//1192 844//1193
f 730//1182 844//1193 842//1194
f 730//1182 842//1194 841//1192
f 730//1182 841//1192 840//1193
f 730//1182 840//1193 838//1193
f 730//1182 838//1193 837//1195
f 730//1182 837//1195 836//1196
f 730//1182 836//1196 835//1197
f 730//1182 835//1197 834//1198
f 730//1182 834//1198 833//1199
f 730//1182 833//1199 832//1200
f 730//1182 832//1200 831//1201
f 731//1184 732//1202 736//1203
f 731//1184 736//1203 733//1185
f 832//1204 833//1205 834//1206
f 832//1204 834//1206 835//1207
f 832//1204 835//1207 836//1208
f 832//1204 836//1208 837//1209
f 832//1204 837//1209 839//1209
f 832//1204 839//1209 840//1209
f 832//1204 840//1209 841//1210
f 832//1204 841//1210 843//1209
f 832//1204 843//1209 844//1211
f 832//1204 844//1211 845//1212
f 832//1204 845//1212 846//1213
f 832//1204 846//1213 847//1214
f 832//1204 847//1214 848//1215
f 832//1204 848//1215 849//1216
f 832//1204 849//1216 850//1217
f 832//1204 850//1217 735//1186
f 832//1204 735//1186 733//1185
f 832//1204 733//1185 734//1218
f 832//1204 734//1218 808//1219
f 738//1220 791//1221 792//1222
f 738//1220 792//1222 734//1218
f 738//1220 734//1218 733//1185
f 738//1220 733//1185 736//1223
f 738//1220 736//1223 737//1224
f 744//1225 743//1226 741//1227
f 744//1225 741//1227 739//1228
f 744//1225 739//1228 737//1229
f 744//1225 737//1229 736//1203
f 744//1225 736//1203 732//1202
f 744//1225 732//1202 784//1230
f 737//1224 739//1231 740//1232
f 737//1224 740//1232 789//1233
f 737//1224 789//1233 738//1220
f 741//1234 742//1235 790//1236
f 741//1234 790//1236 740//1237
f 741//1234 740//1237 739//1238
f 742//1235 741//1239 743//1240
f 748//865 789//1233 740//1232
f 748//865 740//1232 790//1236
f 748//865 790//1236 742//1235
f 748//865 742//1235 743//1240
f 748//865 743//1240 745//1241
f 748//865 745//1241 747//1242
f 745//1243 743//1226 744//1225
f 745//1243 744//1225 746//1244
f 749//1245 747//1246 745//1243
f 749//1245 745//1243 746//1244
f 749//1245 746//1244 750//1247
f 501//864 748//865 747//1242
f 501//864 747//1242 749//1248
f 501//864 749//1248 751//867
f 750//1247 752//1249 507//1250
f 750//1247 507//1250 504//1251
f 750//1247 504//1251 751//1252
f 750//1247 751//1252 749//1245
f 783//1253 761//1254 760//1255
f 783//1253 760//1255 754//1256
f 783//1253 754//1256 753//1257
f 783//1253 753//1257 752//1258
f 783//1253 752//1258 750//1259
f 783//1253 750//1259 746//1260
f 783//1253 746//1260 744//1261
f 783//1253 744//1261 784//1262
f 759//1263 756//1264 755//1265
f 759//1263 755//1265 753//1266
f 759//1263 753//1266 754//1267
f 524//895 517//887 757//872
f 524//895 757//872 755//1268
f 524//895 755//1268 756//933
f 762//936 551//1269 759//1263
f 762//936 759//1263 754//1267
f 762//936 754//1267 760//1270
f 760//1270 761//1271 554//1272
f 760//1270 554//1272 782//1273
f 760//1270 782//1273 781//1274
f 760//1270 781//1274 780//1275
f 760//1270 780//1275 779//1276
f 760//1270 779//1276 777//1276
f 760//1270 777//1276 776//1277
f 760//1270 776//1277 775//1278
f 760//1270 775//1278 774//1276
f 760//1270 774//1276 772//1276
f 760//1270 772//1276 771//1276
f 760//1270 771//1276 770//1275
f 760//1270 770//1275 769//1279
f 760//1270 769//1279 768//1280
f 760//1270 768//1280 767//1281
f 760//1270 767//1281 766//1282
f 760//1270 766//1282 765//1283
f 760//1270 765//1283 764//1284
f 760//1270 764//1284 763//937
f 760//1270 763//937 762//936
f 787//1285 554//1272 761//1271
f 787//1285 761//1271 783//1286
f 787//1285 783//1286 785//1287
f 784//1262 732//1180 786//1179
f 784//1262 786//1179 785//1288
f 784//1262 785//1288 783//1253
f 785//1287 786//1289 788//1290
f 785//1287 788//1290 556//1291
f 785//1287 556//1291 787//1285
f 786//1289 728//1170 851//1169
f 786//1289 851//1169 560//1168
f 786//1289 560//1168 788//1290
f 748//865 500//861 791//1221
f 748//865 791//1221 738//1220
f 748//865 738//1220 789//1233
f 500//861 793//863 792//1222
f 500//861 792//1222 791//1221
f 494//857 796//1292 794//1293
f 494//857 794//1293 792//1222
f 494//857 792//1222 793//863
f 494//857 793//863 496//858
f 795//1294 806//1295 734//1218
f 795//1294 734//1218 792//1222
f 795//1294 792//1222 794//1293
f 794//1293 796//1292 797//1296
f 794//1293 797//1296 798//1297
f 794//1293 798//1297 795//1294
f 494//857 492//855 797//1296
f 494//857 797//1296 796//1292
f 797//1296 799//1012 800//1011
f 797//1296 800//1011 802//1298
f 797//1296 802//1298 798//1297
f 492//855 801//856 799//1012
f 492//855 799//1012 797//1296
f 802//1298 800//1011 721//1010
f 802//1298 721//1010 803//1299
f 803//1299 804//1300 806//1295
f 803//1299 806//1295 795//1294
f 803//1299 795//1294 798//1297
f 803//1299 798//1297 802//1298
f 804//1300 805//1140 807//1139
f 804//1300 807//1139 808//1219
f 804//1300 808//1219 734//1218
f 804//1300 734//1218 806//1295
f 808//1219 807//1139 809//1301
f 808//1219 809//1301 811//1302
f 808//1219 811//1302 812//1303
f 808//1219 812//1303 813//1304
f 808//1219 813//1304 814//1305
f 808//1219 814//1305 815//1306
f 808//1219 815//1306 816//1307
f 808//1219 816//1307 818//1306
f 808//1219 818//1306 819//1308
f 808//1219 819//1308 820//1309
f 808//1219 820//1309 821//1310
f 808//1219 821//1310 822//1311
f 808//1219 822//1311 824//1312
f 808//1219 824//1312 825//1313
f 808//1219 825//1313 826//1314
f 808//1219 826//1314 827//1315
f 808//1219 827//1315 828//1316
f 808//1219 828//1316 829//1317
f 808//1219 829//1317 830//1318
f 808//1219 830//1318 831//1319
f 808//1219 831//1319 832//1204
f 831//1201 830//1320 829//1321
f 831//1201 829//1321 828//1322
f 831//1201 828//1322 827//1323
f 831//1201 827//1323 826//1324
f 831//1201 826//1324 825//1325
f 831//1201 825//1325 823//1326
f 831//1201 823//1326 822//1327
f 831//1201 822//1327 821//1328
f 831//1201 821//1328 820//1325
f 831//1201 820//1325 819//1325
f 831//1201 819//1325 817//1329
f 831//1201 817//1329 816//1330
f 831//1201 816//1330 815//1331
f 831//1201 815//1331 814//1332
f 831//1201 814//1332 813//1333
f 831//1201 813//1333 812//1334
f 831//1201 812//1334 811//1335
f 831//1201 811//1335 809//1336
f 831//1201 809//1336 810//1337
f 831//1201 810//1337 730//1182
f 215//350 1225//1338 881//1339
f 215//350 881//1339 880//1340
f 215//350 880//1340 879//1341
f 215//350 879//1341 212//348
f 884//1342 882//1343 880//1344
f 884//1342 880//1344 881//1345
f 884//1342 881//1345 886//1346
f 900//1347 901//1348 902//1349
f 900//1347 902//1349 904//1350
f 900//1347 904//1350 1204//1351
f 900//1347 1204//1351 1206//1351
f 900//1347 1206//1351 1208//1351
f 900//1347 1208//1351 1210//1351
f 900//1347 1210//1351 1212//1351
f 900//1347 1212//1351 1213//1351
f 900//1347 1213//1351 1224//1351
f 900//1347 1224//1351 883//1351
f 900//1347 883//1351 882//1343
f 900//1347 882//1343 884//1342
f 900//1347 884//1342 885//1352
f 885//1352 884//1342 886//1346
f 885//1352 886//1346 887//1353
f 881//1345 1225//359 218//361
f 881//1345 218//361 886//1346
f 218//361 889//363 887//1353
f 218//361 887//1353 886//1346
f 890//1354 892//1355 888//1356
f 890//1354 888//1356 887//1353
f 890//1354 887//1353 889//363
f 888//1356 900//1347 885//1352
f 888//1356 885//1352 887//1353
f 225//372 1203//373 891//1357
f 225//372 891//1357 890//1354
f 225//372 890//1354 889//363
f 225//372 889//363 217//362
f 892//1355 890//1354 891//1357
f 892//1355 891//1357 895//1358
f 892//1355 895//1358 893//1359
f 896//1360 898//1361 900//1347
f 896//1360 900//1347 888//1356
f 896//1360 888//1356 892//1355
f 896//1360 892//1355 893//1359
f 897//1362 896//1360 893//1359
f 897//1362 893//1359 894//1363
f 1194//1364 894//1363 893//1359
f 1194//1364 893//1359 895//1358
f 1188//1365 899//1366 898//1361
f 1188//1365 898//1361 896//1360
f 1188//1365 896//1360 897//1362
f 1188//1365 897//1362 1190//1367
f 899//1366 901//1348 900//1347
f 899//1366 900//1347 898//1361
f 899//1366 903//1368 902//1349
f 899//1366 902//1349 901//1348
f 905//1369 902//1349 903//1368
f 905//1369 903//1368 907//1370
f 927//1371 928//1372 1140//1372
f 927//1371 1140//1372 1159//1372
f 927//1371 1159//1372 1158//1372
f 927//1371 1158//1372 1151//1372
f 927//1371 1151//1372 1153//1372
f 927//1371 1153//1372 1156//1372
f 927//1371 1156//1372 1157//1372
f 927//1371 1157//1372 904//1350
f 927//1371 904//1350 902//1349
f 927//1371 902//1349 905//1369
f 927//1371 905//1369 906//1373
f 927//1371 906//1373 925//1374
f 927//1371 925//1374 926//1375
f 908//1376 906//1373 905//1369
f 908//1376 905//1369 907//1370
f 912//1377 914//1378 916//1379
f 912//1377 916//1379 908//1376
f 912//1377 908//1376 907//1370
f 912//1377 907//1370 909//1380
f 903//1368 910//1381 909//1380
f 903//1368 909//1380 907//1370
f 910//1381 347//529 911//536
f 910//1381 911//536 909//1380
f 911//536 913//535 912//1377
f 911//536 912//1377 909//1380
f 915//1382 914//1378 912//1377
f 915//1382 912//1377 913//535
f 915//1382 913//535 970//545
f 915//1382 917//1383 916//1379
f 915//1382 916//1379 914//1378
f 917//1383 919//1384 921//1385
f 917//1383 921//1385 906//1373
f 917//1383 906//1373 908//1376
f 917//1383 908//1376 916//1379
f 918//1386 917//1383 915//1382
f 918//1386 915//1382 971//1387
f 917//1383 918//1386 975//1388
f 917//1383 975//1388 920//1389
f 917//1383 920//1389 919//1384
f 923//1390 922//1391 921//1385
f 923//1390 921//1385 919//1384
f 923//1390 919//1384 920//1389
f 922//1391 925//1374 906//1373
f 922//1391 906//1373 921//1385
f 924//1392 922//1391 923//1390
f 924//1392 923//1390 933//1393
f 922//1391 924//1392 926//1375
f 922//1391 926//1375 925//1374
f 924//1392 931//1394 929//1395
f 924//1392 929//1395 927//1371
f 924//1392 927//1371 926//1375
f 928//1396 927//1397 929//1397
f 928//1396 929//1397 930//1397
f 928//1396 930//1397 1185//1397
f 928//1396 1185//1397 1118//1397
f 928//1396 1118//1397 1138//1398
f 928//1396 1138//1398 1137//1399
f 928//1396 1137//1399 1136//1397
f 928//1396 1136//1397 1134//1400
f 936//1401 930//1402 929//1403
f 936//1401 929//1403 931//1404
f 936//1401 931//1404 932//1405
f 936//1401 932//1405 934//1406
f 924//1392 933//1393 932//1407
f 924//1392 932//1407 931//1394
f 933//1393 977//1408 935//1409
f 933//1393 935//1409 934//1410
f 933//1393 934//1410 932//1407
f 934//1406 935//1411 938//1412
f 934//1406 938//1412 937//1413
f 934//1406 937//1413 936//1401
f 1090//1414 1085//1415 1112//1416
f 1090//1414 1112//1416 1116//1417
f 1090//1414 1116//1417 1185//1418
f 1090//1414 1185//1418 930//1419
f 1090//1414 930//1419 936//1420
f 1090//1414 936//1420 937//1421
f 1090//1414 937//1421 939//1422
f 1090//1414 939//1422 940//1423
f 938//1412 941//1424 939//1425
f 938//1412 939//1425 937//1413
f 939//1425 941//1424 942//1426
f 939//1425 942//1426 947//1427
f 939//1425 947//1427 948//1428
f 939//1425 948//1428 950//1429
f 939//1425 950//1429 951//1430
f 939//1425 951//1430 940//1431
f 943//1432 942//1433 941//1434
f 977//1408 946//1435 945//1436
f 977//1408 945//1436 944//1437
f 977//1408 944//1437 943//1432
f 977//1408 943//1432 941//1434
f 977//1408 941//1434 938//1438
f 977//1408 938//1438 935//1409
f 942//1439 943//1440 944//1437
f 942//1439 944//1437 945//1436
f 942//1439 945//1436 947//1441
f 948//1442 947//1443 945//1436
f 948//1442 945//1436 946//1435
f 948//1442 946//1435 949//1444
f 949//1444 957//1445 956//1446
f 949//1444 956//1446 955//556
f 949//1444 955//556 952//1447
f 949//1444 952//1447 950//1448
f 949//1444 950//1448 948//1442
f 953//1449 951//1430 950//1429
f 953//1449 950//1429 952//1450
f 998//1451 1187//1452 953//1449
f 998//1451 953//1449 952//1450
f 998//1451 952//1450 954//1453
f 998//1451 954//1453 978//1454
f 998//1451 978//1454 979//1455
f 998//1451 979//1455 980//1456
f 998//1451 980//1456 981//1457
f 998//1451 981//1457 983//1458
f 998//1451 983//1458 984//1459
f 998//1451 984//1459 985//1460
f 998//1451 985//1460 986//1461
f 998//1451 986//1461 987//1457
f 998//1451 987//1457 988//1457
f 998//1451 988//1457 990//1462
f 998//1451 990//1462 991//1456
f 998//1451 991//1456 992//1463
f 998//1451 992//1463 993//1464
f 998//1451 993//1464 994//1465
f 998//1451 994//1465 995//1466
f 998//1451 995//1466 996//1467
f 998//1451 996//1467 997//1468
f 999//578 997//1469 996//1470
f 999//578 996//1470 995//1471
f 999//578 995//1471 994//1472
f 999//578 994//1472 993//1473
f 999//578 993//1473 992//1474
f 999//578 992//1474 991//1475
f 999//578 991//1475 990//1476
f 999//578 990//1476 989//1476
f 999//578 989//1476 987//1477
f 999//578 987//1477 986//1478
f 999//578 986//1478 985//1479
f 999//578 985//1479 984//1480
f 999//578 984//1480 983//1476
f 999//578 983//1476 982//1481
f 999//578 982//1481 980//1482
f 999//578 980//1482 979//1483
f 999//578 979//1483 978//1484
f 999//578 978//1484 954//1485
f 999//578 954//1485 952//1447
f 999//578 952//1447 955//556
f 999//578 955//556 361//555
f 961//550 356//549 955//556
f 961//550 955//556 956//1446
f 961//550 956//1446 959//1486
f 976//1487 958//1488 956//1446
f 976//1487 956//1446 957//1445
f 973//1489 960//1490 959//1486
f 973//1489 959//1486 956//1446
f 973//1489 956//1446 958//1488
f 973//1489 958//1488 974//1491
f 959//1486 960//1490 964//1492
f 959//1486 964//1492 962//551
f 959//1486 962//551 961//550
f 964//1492 966//542 967//541
f 964//1492 967//541 963//552
f 964//1492 963//552 962//551
f 965//1493 968//543 966//542
f 965//1493 966//542 964//1492
f 973//1489 965//1493 964//1492
f 973//1489 964//1492 960//1490
f 965//1493 971//1387 969//544
f 965//1493 969//544 968//543
f 971//1387 915//1382 970//545
f 971//1387 970//545 969//544
f 973//1489 918//1386 971//1387
f 973//1489 971//1387 965//1493
f 963//552 967//541 972//540
f 963//552 972//540 353//548
f 918//1386 973//1489 974//1491
f 918//1386 974//1491 975//1388
f 976//1487 923//1390 920//1389
f 976//1487 920//1389 975//1388
f 976//1487 975//1388 974//1491
f 976//1487 974//1491 958//1488
f 977//1408 976//1487 957//1445
f 977//1408 957//1445 949//1444
f 977//1408 949//1444 946//1435
f 933//1393 923//1390 976//1487
f 933//1393 976//1487 977//1408
f 997//1468 999//1494 1000//1495
f 997//1468 1000//1495 1001//1496
f 997//1468 1001//1496 1021//1497
f 997//1468 1021//1497 998//1451
f 1000//1495 1002//1498 1003//1499
f 1000//1495 1003//1499 1004//1500
f 1000//1495 1004//1500 1006//1501
f 1000//1495 1006//1501 1007//1502
f 1000//1495 1007//1502 1008//1503
f 1000//1495 1008//1503 1009//1500
f 1000//1495 1009//1500 1011//1504
f 1000//1495 1011//1504 1012//1505
f 1000//1495 1012//1505 1013//1506
f 1000//1495 1013//1506 1014//1507
f 1000//1495 1014//1507 1015//1508
f 1000//1495 1015//1508 1016//1509
f 1000//1495 1016//1509 1017//1510
f 1000//1495 1017//1510 1018//1511
f 1000//1495 1018//1511 1019//1512
f 1000//1495 1019//1512 1020//562
f 1000//1495 1020//562 363//561
f 1000//1495 363//561 1023//583
f 1000//1495 1023//583 1022//1513
f 1000//1495 1022//1513 1001//1496
f 1024//1514 1026//1515 1028//1516
f 1024//1514 1028//1516 1021//1517
f 1024//1514 1021//1517 1001//1518
f 1024//1514 1001//1518 1022//1519
f 1075//590 1025//1520 1024//1514
f 1075//590 1024//1514 1022//1519
f 1075//590 1022//1519 1023//1521
f 1075//590 1023//1521 366//591
f 1072//1522 1027//1523 1026//1524
f 1072//1522 1026//1524 1024//1525
f 1072//1522 1024//1525 1025//1526
f 1027//1523 1032//1527 1031//1528
f 1027//1523 1031//1528 1029//1529
f 1027//1523 1029//1529 1028//1530
f 1027//1523 1028//1530 1026//1524
f 1028//1516 1029//1531 1030//1532
f 1028//1516 1030//1532 1187//1533
f 1028//1516 1187//1533 998//1534
f 1028//1516 998//1534 1021//1517
f 1031//1528 1033//1535 1034//1536
f 1031//1528 1034//1536 1035//1537
f 1031//1528 1035//1537 1036//1538
f 1031//1528 1036//1538 1037//1539
f 1031//1528 1037//1539 1038//1540
f 1031//1528 1038//1540 1039//1541
f 1031//1528 1039//1541 1040//1542
f 1031//1528 1040//1542 1041//1543
f 1031//1528 1041//1543 1042//1544
f 1031//1528 1042//1544 1043//1545
f 1031//1528 1043//1545 1044//1546
f 1031//1528 1044//1546 1045//1547
f 1031//1528 1045//1547 1046//1548
f 1031//1528 1046//1548 1047//1548
f 1031//1528 1047//1548 1048//1549
f 1031//1528 1048//1549 1049//1550
f 1031//1528 1049//1550 1050//1551
f 1031//1528 1050//1551 1051//1551
f 1031//1528 1051//1551 1052//1552
f 1031//1528 1052//1552 1053//1553
f 1031//1528 1053//1553 1054//1551
f 1031//1528 1054//1551 1055//1554
f 1031//1528 1055//1554 1056//1551
f 1031//1528 1056//1551 1057//1555
f 1031//1528 1057//1555 1058//1556
f 1031//1528 1058//1556 1060//1557
f 1031//1528 1060//1557 1091//1558
f 1031//1528 1091//1558 1030//1559
f 1031//1528 1030//1559 1029//1529
f 1064//1560 1063//1561 1061//1562
f 1064//1560 1061//1562 1058//1563
f 1064//1560 1058//1563 1057//1564
f 1064//1560 1057//1564 1056//1565
f 1064//1560 1056//1565 1055//1564
f 1064//1560 1055//1564 1054//1564
f 1064//1560 1054//1564 1053//1566
f 1064//1560 1053//1566 1052//1564
f 1064//1560 1052//1564 1051//1564
f 1064//1560 1051//1564 1050//1564
f 1064//1560 1050//1564 1049//1564
f 1064//1560 1049//1564 1048//1564
f 1064//1560 1048//1564 1047//1567
f 1064//1560 1047//1567 1046//1568
f 1064//1560 1046//1568 1045//1569
f 1064//1560 1045//1569 1044//1570
f 1064//1560 1044//1570 1043//1571
f 1064//1560 1043//1571 1042//1572
f 1064//1560 1042//1572 1041//1573
f 1064//1560 1041//1573 1040//1574
f 1064//1560 1040//1574 1039//1575
f 1064//1560 1039//1575 1038//1576
f 1064//1560 1038//1576 1037//1577
f 1064//1560 1037//1577 1036//1578
f 1064//1560 1036//1578 1035//1579
f 1064//1560 1035//1579 1034//1580
f 1064//1560 1034//1580 1033//1581
f 1064//1560 1033//1581 1031//1582
f 1064//1560 1031//1582 1032//1583
f 1062//1584 1079//1585 1080//1586
f 1062//1584 1080//1586 1059//1587
f 1062//1584 1059//1587 1058//1563
f 1062//1584 1058//1563 1061//1562
f 1089//1588 1091//1558 1060//1557
f 1089//1588 1060//1557 1058//1556
f 1089//1588 1058//1556 1059//1589
f 1062//1584 1061//1562 1063//1561
f 1062//1584 1063//1561 1065//677
f 1062//1584 1065//677 1066//676
f 1065//677 1063//1561 1064//1560
f 1065//677 1064//1560 1068//1590
f 1065//677 1068//1590 1069//1591
f 1065//677 1069//1591 1078//657
f 1065//677 1078//657 412//661
f 1065//677 412//661 1067//672
f 1079//1585 1062//1584 1066//676
f 1079//1585 1066//676 421//675
f 1079//1585 421//675 1081//689
f 1032//1583 1027//1592 1072//1593
f 1032//1583 1072//1593 1070//1594
f 1032//1583 1070//1594 1068//1590
f 1032//1583 1068//1590 1064//1560
f 1070//1594 1071//1595 1073//1596
f 1070//1594 1073//1596 1069//1591
f 1070//1594 1069//1591 1068//1590
f 1071//1597 1070//1598 1072//1522
f 1071//1597 1072//1522 1025//1526
f 1071//1597 1025//1526 1075//1599
f 1071//1597 1075//1599 1074//1600
f 1074//1600 368//1601 372//595
f 1074//1600 372//595 1076//598
f 1074//1600 1076//598 1073//1602
f 1074//1600 1073//1602 1071//1597
f 1073//1596 1076//659 1077//658
f 1073//1596 1077//658 1078//657
f 1073//1596 1078//657 1069//1591
f 1079//1585 1082//1603 1084//1604
f 1079//1585 1084//1604 1087//1605
f 1079//1585 1087//1605 1080//1586
f 1079//1585 1081//689 1083//1606
f 1079//1585 1083//1606 1082//1603
f 1113//1607 1111//1608 1110//1609
f 1113//1607 1110//1609 1109//1610
f 1113//1607 1109//1610 1108//1611
f 1113//1607 1108//1611 1107//1612
f 1113//1607 1107//1612 1106//1613
f 1113//1607 1106//1613 1105//1614
f 1113//1607 1105//1614 1104//1615
f 1113//1607 1104//1615 1103//1616
f 1113//1607 1103//1616 1102//1614
f 1113//1607 1102//1614 1100//1614
f 1113//1607 1100//1614 1099//1617
f 1113//1607 1099//1617 1098//1618
f 1113//1607 1098//1618 1097//1619
f 1113//1607 1097//1619 1095//1615
f 1113//1607 1095//1615 1094//1620
f 1113//1607 1094//1620 1093//1621
f 1113//1607 1093//1621 1092//1622
f 1113//1607 1092//1622 1086//1623
f 1113//1607 1086//1623 1084//1604
f 1113//1607 1084//1604 1082//1603
f 1113//1607 1082//1603 1083//1606
f 1113//1607 1083//1606 1114//1624
f 1087//1625 1084//1626 1085//1627
f 1087//1625 1085//1627 1090//1628
f 1087//1625 1090//1628 1088//1629
f 1112//1630 1085//1627 1084//1626
f 1112//1630 1084//1626 1086//1631
f 1112//1630 1086//1631 1092//1632
f 1112//1630 1092//1632 1093//1633
f 1112//1630 1093//1633 1094//1634
f 1112//1630 1094//1634 1096//1635
f 1112//1630 1096//1635 1097//1636
f 1112//1630 1097//1636 1098//1635
f 1112//1630 1098//1635 1099//1635
f 1112//1630 1099//1635 1101//1635
f 1112//1630 1101//1635 1102//1634
f 1112//1630 1102//1634 1103//1634
f 1112//1630 1103//1634 1104//1635
f 1112//1630 1104//1635 1105//1637
f 1112//1630 1105//1637 1106//1638
f 1112//1630 1106//1638 1107//1639
f 1112//1630 1107//1639 1108//1640
f 1112//1630 1108//1640 1109//1641
f 1112//1630 1109//1641 1110//1609
f 1112//1630 1110//1609 1111//1608
f 1088//1629 1089//1588 1059//1589
f 1088//1629 1059//1589 1080//1642
f 1088//1629 1080//1642 1087//1625
f 940//1423 951//1643 1089//1644
f 940//1423 1089//1644 1088//1645
f 940//1423 1088//1645 1090//1414
f 1030//1532 1091//1646 1089//1644
f 1030//1532 1089//1644 951//1643
f 1030//1532 951//1643 953//1647
f 1030//1532 953//1647 1187//1533
f 1111//1608 1113//1648 1115//1649
f 1111//1608 1115//1649 1116//1650
f 1111//1608 1116//1650 1112//1630
f 1114//1624 1119//1651 1117//1652
f 1114//1624 1117//1652 1115//1653
f 1114//1624 1115//1653 1113//1607
f 1115//1649 1117//1654 1118//1655
f 1115//1649 1118//1655 1185//1656
f 1115//1649 1185//1656 1116//1650
f 1119//1651 1120//1657 1138//1398
f 1119//1651 1138//1398 1118//1658
f 1119//1651 1118//1658 1117//1652
f 1165//1659 1122//1660 1121//1661
f 1165//1659 1121//1661 1119//1651
f 1165//1659 1119//1651 1114//1624
f 1121//1661 1123//1662 1125//1663
f 1121//1661 1125//1663 1120//1657
f 1121//1661 1120//1657 1119//1651
f 1161//1664 1124//1665 1123//1666
f 1161//1664 1123//1666 1121//1667
f 1161//1664 1121//1667 1122//1668
f 1129//1669 1127//1670 1126//1671
f 1129//1669 1126//1671 1125//1672
f 1129//1669 1125//1672 1123//1672
f 1129//1669 1123//1672 1124//1672
f 1129//1669 1124//1672 1160//1672
f 1129//1669 1160//1672 464//1672
f 1129//1669 464//1672 468//1672
f 1129//1669 468//1672 1130//1673
f 1125//1663 1126//1671 1127//1670
f 1125//1663 1127//1670 1128//1674
f 1125//1663 1128//1674 1120//1657
f 1129//1675 1132//1676 1128//1674
f 1129//1675 1128//1674 1127//1670
f 1146//1677 1131//1678 1129//1669
f 1146//1677 1129//1669 1130//1673
f 1146//1677 1130//1673 1147//1679
f 1133//1680 1132//1676 1129//1675
f 1133//1680 1129//1675 1131//1681
f 1135//1682 1134//1683 1132//1676
f 1135//1682 1132//1676 1133//1680
f 1136//1684 1128//1674 1132//1676
f 1136//1684 1132//1676 1134//1683
f 1140//1685 928//1396 1134//1400
f 1140//1685 1134//1400 1135//1686
f 1140//1685 1135//1686 1139//1687
f 1120//1657 1128//1674 1136//1684
f 1120//1657 1136//1684 1137//1399
f 1120//1657 1137//1399 1138//1398
f 1133//1680 1143//1688 1141//1689
f 1133//1680 1141//1689 1139//1690
f 1133//1680 1139//1690 1135//1682
f 1159//1691 1140//1685 1139//1687
f 1159//1691 1139//1687 1141//1692
f 1159//1691 1141//1692 1142//1693
f 1151//1694 1158//1695 1142//1696
f 1151//1694 1142//1696 1141//1697
f 1151//1694 1141//1697 1143//1698
f 1151//1694 1143//1698 1144//1699
f 1151//1694 1144//1699 1145//1700
f 1151//1694 1145//1700 1149//1701
f 1151//1694 1149//1701 1150//1694
f 1131//1681 1146//1702 1144//1703
f 1131//1681 1144//1703 1143//1688
f 1131//1681 1143//1688 1133//1680
f 1145//1704 1144//1705 1146//1677
f 1145//1704 1146//1677 1147//1679
f 1145//1704 1147//1679 1148//1706
f 1148//1706 1149//1707 1145//1704
f 1153//1708 1151//1694 1150//1694
f 1153//1708 1150//1694 1152//1708
f 1156//1709 1153//1708 1152//1708
f 1156//1709 1152//1708 1154//1709
f 1157//1710 1156//1709 1154//1709
f 1157//1710 1154//1709 1155//1710
f 1155//1710 477//1711 904//1711
f 1155//1710 904//1711 1157//1710
f 1142//1693 1158//1712 1159//1691
f 1162//1713 1161//1664 1122//1668
f 1162//1713 1122//1668 1165//1714
f 1162//1713 1165//1714 1163//1715
f 1163//1715 1164//1716 1166//1717
f 1163//1715 1166//1717 1167//1718
f 1163//1715 1167//1718 1168//1719
f 1163//1715 1168//1719 1169//1720
f 1163//1715 1169//1720 1170//1721
f 1163//1715 1170//1721 1171//1722
f 1163//1715 1171//1722 1172//1723
f 1163//1715 1172//1723 1173//1723
f 1163//1715 1173//1723 1174//1723
f 1163//1715 1174//1723 1176//1724
f 1163//1715 1176//1724 1177//1725
f 1163//1715 1177//1725 1178//1726
f 1163//1715 1178//1726 1179//1723
f 1163//1715 1179//1723 1181//1727
f 1163//1715 1181//1727 1182//1728
f 1163//1715 1182//1728 1183//1729
f 1163//1715 1183//1729 1184//1730
f 1163//1715 1184//1730 437//751
f 1163//1715 437//751 440//750
f 1163//1715 440//750 1162//1713
f 1114//1624 1083//1606 1186//748
f 1114//1624 1186//748 437//747
f 1114//1624 437//747 1184//1731
f 1114//1624 1184//1731 1183//1732
f 1114//1624 1183//1732 1182//1733
f 1114//1624 1182//1733 1181//1734
f 1114//1624 1181//1734 1180//1735
f 1114//1624 1180//1735 1178//1736
f 1114//1624 1178//1736 1177//1735
f 1114//1624 1177//1735 1176//1734
f 1114//1624 1176//1734 1175//1734
f 1114//1624 1175//1734 1173//1737
f 1114//1624 1173//1737 1172//1737
f 1114//1624 1172//1737 1171//1737
f 1114//1624 1171//1737 1170//1738
f 1114//1624 1170//1738 1169//1739
f 1114//1624 1169//1739 1168//1740
f 1114//1624 1168//1740 1167//1741
f 1114//1624 1167//1741 1166//1742
f 1114//1624 1166//1742 1164//1743
f 1114//1624 1164//1743 1163//1744
f 1114//1624 1163//1744 1165//1659
f 1186//748 1083//1606 1081//689
f 1186//748 1081//689 428//690
f 1188//1365 1189//530 347//529
f 1188//1365 347//529 910//1381
f 899//1366 1188//1365 910//1381
f 899//1366 910//1381 903//1368
f 1188//1365 1190//1367 1191//531
f 1188//1365 1191//531 1189//530
f 1192//532 1191//531 1190//1367
f 1192//532 1190//1367 897//1362
f 1192//532 897//1362 894//1363
f 1193//533 1192//532 894//1363
f 1193//533 894//1363 1194//1364
f 1195//534 1193//533 1194//1364
f 1195//534 1194//1364 1196//1745
f 1199//1746 1197//527 1195//534
f 1199//1746 1195//534 1196//1745
f 1201//519 340//518 1198//524
f 1201//519 1198//524 1197//527
f 1201//519 1197//527 1199//1746
f 336//378 1201//519 1199//1746
f 336//378 1199//1746 1200//375
f 336//378 1200//375 226//374
f 1200//375 1199//1746 1196//1745
f 1200//375 1196//1745 1202//376
f 891//1357 1203//373 1202//376
f 891//1357 1202//376 895//1358
f 1196//1745 1194//1364 895//1358
f 1196//1745 895//1358 1202//376
f 1204//1747 904//1711 477//1711
f 1204//1747 477//1711 1205//1747
f 1205//1747 1207//1748 1206//1748
f 1205//1747 1206//1748 1204//1747
f 1207//1748 1209//1749 1208//1749
f 1207//1748 1208//1749 1206//1748
f 1209//1749 1211//1750 1210//1750
f 1209//1749 1210//1750 1208//1749
f 1211//1750 1221//1751 1220//1752
f 1211//1750 1220//1752 1218//1753
f 1211//1750 1218//1753 1217//1754
f 1211//1750 1217//1754 1215//1755
f 1211//1750 1215//1755 1214//1756
f 1211//1750 1214//1756 1212//1757
f 1211//1750 1212//1757 1210//1750
f 1213//1758 1212//1759 1214//1760
f 1214//1760 1215//1761 1216//1762
f 1214//1760 1216//1762 1224//1763
f 1214//1760 1224//1763 1213//1758
f 1223//885 1216//1764 1215//1765
f 1223//885 1215//1765 1217//1766
f 1223//885 1217//1766 514//881
f 514//881 1217//1766 1218//1767
f 514//881 1218//1767 1219//1768
f 514//881 1219//1768 511//878
f 1222//1769 509//875 1219//877
f 1222//1769 1219//877 1218//1770
f 1222//1769 1218//1770 1220//1771
f 1220//1771 1221//1772 1222//1769
f 1216//1762 1223//1773 515//890
f 1216//1762 515//890 883//892
f 1216//1762 883//892 1224//1763
f 392//621 120//153 118//153
f 392//621 118//153 395//622
f 395//624 118//150 116//149
f 395//624 116//149 1227//625
f 1229//1774 220//1775 1232//355
f 1229//1774 1232//355 1231//354
f 1229//1774 1231//354 1230//1776
f 210//353 1230//1777 1231//354
f 1234//172 153//1778 159//220
f 1234//172 159//220 1233//223
f 1234//172 1233//223 127//168
f 1235//212 126//196 141//195
f 1235//212 141//195 151//205
f 1272//1779 1271//1780 1270//1780
f 1272//1779 1270//1780 1266//1780
f 1272//1779 1266//1780 1264//1780
f 1272//1779 1264//1780 1397//1780
f 1272//1779 1397//1780 1257//1780
f 1272//1779 1257//1780 1255//1780
f 1272//1779 1255//1780 1252//1780
f 1272//1779 1252//1780 1250//1780
f 1272//1779 1250//1780 1240//1780
f 1272//1779 1240//1780 1239//1780
f 1272//1779 1239//1780 1236//1779
f 1272//1779 1236//1779 1237//1781
f 1272//1779 1237//1781 1354//1780
f 1272//1779 1354//1780 1355//1780
f 1272//1779 1355//1780 1356//1780
f 1272//1779 1356//1780 1364//1780
f 1272//1779 1364//1780 1368//1780
f 1272//1779 1368//1780 1374//1780
f 1272//1779 1374//1780 1375//1780
f 1272//1779 1375//1780 1376//1780
f 1272//1779 1376//1780 1386//1780
f 1272//1779 1386//1780 1307//1780
f 1272//1779 1307//1780 1306//1780
f 1272//1779 1306//1780 1273//1781
f 1236//1779 1238//1782 1303//1782
f 1236//1779 1303//1782 1304//1782
f 1236//1779 1304//1782 1293//1782
f 1236//1779 1293//1782 1292//1782
f 1236//1779 1292//1782 1291//1782
f 1236//1779 1291//1782 1290//1782
f 1236//1779 1290//1782 1286//1782
f 1236//1779 1286//1782 1284//1782
f 1236//1779 1284//1782 1275//1782
f 1236//1779 1275//1782 1274//1782
f 1236//1779 1274//1782 1272//1779
f 1236//1779 1272//1779 1273//1781
f 1236//1779 1273//1781 1305//1782
f 1236//1779 1305//1782 1317//1782
f 1236//1779 1317//1782 1318//1782
f 1236//1779 1318//1782 1319//1782
f 1236//1779 1319//1782 1327//1782
f 1236//1779 1327//1782 1331//1782
f 1236//1779 1331//1782 1332//1782
f 1236//1779 1332//1782 1333//1782
f 1236//1779 1333//1782 1334//1782
f 1236//1779 1334//1782 1351//1782
f 1236//1779 1351//1782 1350//1782
f 1236//1779 1350//1782 1237//1781
f 1238//1783 1236//1784 1239//1785
f 1238//1783 1239//1785 1241//1786
f 1238//1783 1241//1786 1242//1787
f 1239//1785 1240//1788 1243//1789
f 1239//1785 1243//1789 1241//1786
f 1244//1790 1245//1791 1242//1791
f 1244//1790 1242//1791 1241//1790
f 1246//1792 1244//1790 1241//1790
f 1246//1792 1241//1790 1243//1792
f 1259//1793 1260//1793 1261//1793
f 1259//1793 1261//1793 1262//1793
f 1259//1793 1262//1793 1269//1793
f 1259//1793 1269//1793 1279//1793
f 1259//1793 1279//1793 1278//1793
f 1259//1793 1278//1793 1280//1793
f 1259//1793 1280//1793 1281//1793
f 1259//1793 1281//1793 1282//1793
f 1259//1793 1282//1793 1288//1793
f 1259//1793 1288//1793 1297//1793
f 1259//1793 1297//1793 1296//1793
f 1259//1793 1296//1793 1298//1793
f 1259//1793 1298//1793 1299//1793
f 1259//1793 1299//1793 1301//1793
f 1259//1793 1301//1793 1245//1793
f 1259//1793 1245//1793 1244//1793
f 1259//1793 1244//1793 1246//1793
f 1259//1793 1246//1793 1247//1793
f 1259//1793 1247//1793 1248//1793
f 1259//1793 1248//1793 1254//1793
f 1247//1794 1246//1792 1243//1792
f 1247//1794 1243//1792 1249//1794
f 1248//1795 1247//1794 1249//1794
f 1248//1795 1249//1794 1251//1795
f 1240//1788 1250//1796 1249//1797
f 1240//1788 1249//1797 1243//1789
f 1250//1796 1252//1798 1251//1799
f 1250//1796 1251//1799 1249//1797
f 1252//1798 1255//1800 1253//1801
f 1252//1798 1253//1801 1251//1799
f 1254//1802 1248//1795 1251//1795
f 1254//1802 1251//1795 1253//1802
f 1253//1802 1256//1711 1259//1711
f 1253//1802 1259//1711 1254//1802
f 1255//1800 1257//1803 1256//1804
f 1255//1800 1256//1804 1253//1801
f 1258//1805 1256//1804 1257//1803
f 1258//1805 1257//1803 1397//1806
f 1260//1807 1259//1711 1256//1711
f 1260//1807 1256//1711 1258//1807
f 1261//1808 1260//1807 1258//1807
f 1261//1808 1258//1807 1263//1808
f 1262//1809 1261//1808 1263//1808
f 1262//1809 1263//1808 1265//1809
f 1397//1806 1264//1810 1263//1811
f 1397//1806 1263//1811 1258//1805
f 1264//1810 1266//1812 1265//1813
f 1264//1810 1265//1813 1263//1811
f 1266//1812 1270//1814 1267//1815
f 1266//1812 1267//1815 1265//1813
f 1269//1816 1262//1809 1265//1809
f 1269//1816 1265//1809 1267//1816
f 1279//1817 1269//1816 1267//1816
f 1279//1817 1267//1816 1268//1817
f 1270//1814 1271//1818 1268//1819
f 1270//1814 1268//1819 1267//1815
f 1271//1818 1272//1820 1274//1821
f 1271//1818 1274//1821 1276//1822
f 1271//1818 1276//1822 1268//1819
f 1274//1821 1275//1823 1277//1824
f 1274//1821 1277//1824 1276//1822
f 1278//1825 1279//1817 1268//1817
f 1278//1825 1268//1817 1276//1825
f 1280//1826 1278//1825 1276//1825
f 1280//1826 1276//1825 1277//1826
f 1281//1827 1280//1826 1277//1826
f 1281//1827 1277//1826 1283//1827
f 1282//1828 1281//1827 1283//1827
f 1282//1828 1283//1827 1285//1828
f 1275//1823 1284//1829 1283//1830
f 1275//1823 1283//1830 1277//1824
f 1284//1829 1286//1831 1285//1832
f 1284//1829 1285//1832 1283//1830
f 1286//1831 1290//1833 1287//1834
f 1286//1831 1287//1834 1285//1832
f 1288//1835 1282//1828 1285//1828
f 1288//1835 1285//1828 1287//1835
f 1297//1836 1288//1835 1287//1835
f 1297//1836 1287//1835 1289//1836
f 1290//1833 1291//1837 1289//1838
f 1290//1833 1289//1838 1287//1834
f 1291//1837 1292//1839 1294//1840
f 1291//1837 1294//1840 1289//1838
f 1292//1839 1293//1841 1295//1842
f 1292//1839 1295//1842 1294//1840
f 1296//1843 1297//1836 1289//1836
f 1296//1843 1289//1836 1294//1843
f 1298//1844 1296//1843 1294//1843
f 1298//1844 1294//1843 1295//1844
f 1299//1845 1298//1844 1295//1844
f 1299//1845 1295//1844 1300//1845
f 1301//1846 1299//1845 1300//1845
f 1301//1846 1300//1845 1302//1846
f 1245//1791 1301//1846 1302//1846
f 1245//1791 1302//1846 1242//1791
f 1304//1847 1303//1848 1302//1849
f 1304//1847 1302//1849 1300//1850
f 1303//1848 1238//1783 1242//1787
f 1303//1848 1242//1787 1302//1849
f 1293//1841 1304//1847 1300//1850
f 1293//1841 1300//1850 1295//1842
f 1305//1851 1273//1852 1306//1853
f 1305//1851 1306//1853 1308//1854
f 1305//1851 1308//1854 1310//1855
f 1305//1851 1310//1855 1312//1856
f 1306//1853 1307//1857 1388//1858
f 1306//1853 1388//1858 1309//1859
f 1306//1853 1309//1859 1308//1854
f 1310//1860 1308//1861 1309//1862
f 1310//1860 1309//1862 1390//1863
f 1310//1860 1390//1863 1311//1864
f 1311//1864 1314//1865 1313//1866
f 1311//1864 1313//1866 1312//1867
f 1311//1864 1312//1867 1310//1860
f 1317//1868 1305//1851 1312//1856
f 1317//1868 1312//1856 1313//1869
f 1317//1868 1313//1869 1315//1870
f 1314//1865 1396//1871 1316//1872
f 1314//1865 1316//1872 1315//1873
f 1314//1865 1315//1873 1313//1866
f 1318//1874 1317//1868 1315//1870
f 1318//1874 1315//1870 1316//1875
f 1318//1874 1316//1875 1320//1876
f 1319//1877 1318//1874 1320//1876
f 1319//1877 1320//1876 1321//1878
f 1319//1877 1321//1878 1323//1879
f 1396//1871 1322//1880 1321//1881
f 1396//1871 1321//1881 1320//1882
f 1396//1871 1320//1882 1316//1872
f 1322//1880 1325//1883 1324//1884
f 1322//1880 1324//1884 1323//1885
f 1322//1880 1323//1885 1321//1881
f 1327//1886 1319//1877 1323//1879
f 1327//1886 1323//1879 1324//1887
f 1327//1886 1324//1887 1326//1888
f 1325//1883 1395//1889 1394//1890
f 1325//1883 1394//1890 1330//1891
f 1325//1883 1330//1891 1328//1892
f 1325//1883 1328//1892 1326//1893
f 1325//1883 1326//1893 1324//1884
f 1326//1888 1328//1894 1331//1894
f 1326//1888 1331//1894 1327//1886
f 1337//1895 1329//1896 1328//1892
f 1337//1895 1328//1892 1330//1891
f 1337//1895 1330//1891 1393//1897
f 1337//1895 1393//1897 1339//1898
f 1337//1895 1339//1898 1338//1899
f 1332//1900 1331//1894 1328//1894
f 1332//1900 1328//1894 1329//1901
f 1333//1902 1332//1900 1329//1901
f 1333//1902 1329//1901 1337//1903
f 1333//1902 1337//1903 1335//1904
f 1334//1905 1333//1902 1335//1904
f 1334//1905 1335//1904 1336//1906
f 1334//1905 1336//1906 1392//1907
f 1336//1908 1335//1909 1337//1895
f 1336//1908 1337//1895 1338//1899
f 1336//1908 1338//1899 1340//1910
f 1342//1911 1392//1912 1336//1908
f 1342//1911 1336//1908 1340//1910
f 1342//1911 1340//1910 1341//1913
f 1344//1914 1352//1915 1342//1911
f 1344//1914 1342//1911 1341//1913
f 1344//1914 1341//1913 1343//1916
f 1347//1917 1349//1918 1344//1914
f 1347//1917 1344//1914 1343//1916
f 1347//1917 1343//1916 1345//1919
f 1345//1919 1346//1920 1353//1921
f 1345//1919 1353//1921 1348//1922
f 1345//1919 1348//1922 1347//1917
f 1354//1923 1237//1924 1350//1925
f 1354//1923 1350//1925 1349//1926
f 1354//1923 1349//1926 1347//1927
f 1354//1923 1347//1927 1348//1928
f 1350//1925 1351//1929 1352//1930
f 1350//1925 1352//1930 1344//1931
f 1350//1925 1344//1931 1349//1926
f 1351//1929 1334//1905 1392//1907
f 1351//1929 1392//1907 1342//1932
f 1351//1929 1342//1932 1352//1930
f 1355//1933 1354//1923 1348//1928
f 1355//1933 1348//1928 1353//1934
f 1355//1933 1353//1934 1357//1935
f 1356//1936 1355//1933 1357//1935
f 1356//1936 1357//1935 1358//1937
f 1356//1936 1358//1937 1360//1938
f 1358//1939 1357//1940 1353//1921
f 1358//1939 1353//1921 1346//1920
f 1358//1939 1346//1920 1391//1941
f 1358//1939 1391//1941 1359//1942
f 1359//1942 1362//1943 1361//1944
f 1359//1942 1361//1944 1360//1945
f 1359//1942 1360//1945 1358//1939
f 1364//1946 1356//1936 1360//1938
f 1364//1946 1360//1938 1361//1947
f 1364//1946 1361//1947 1363//1948
f 1362//1943 1366//1949 1365//1950
f 1362//1943 1365//1950 1363//1951
f 1362//1943 1363//1951 1361//1944
f 1368//1952 1364//1946 1363//1948
f 1368//1952 1363//1948 1365//1953
f 1368//1952 1365//1953 1367//1954
f 1366//1949 1370//1955 1369//1956
f 1366//1949 1369//1956 1367//1957
f 1366//1949 1367//1957 1365//1950
f 1374//1958 1368//1952 1367//1954
f 1374//1958 1367//1954 1369//1959
f 1374//1958 1369//1959 1371//1960
f 1370//1955 1373//1836 1371//1836
f 1370//1955 1371//1836 1369//1956
f 1373//1836 1382//1961 1372//1962
f 1373//1836 1372//1962 1371//1836
f 1375//1963 1374//1958 1371//1960
f 1375//1963 1371//1960 1372//1964
f 1375//1963 1372//1964 1377//1965
f 1376//1966 1375//1963 1377//1965
f 1376//1966 1377//1965 1378//1967
f 1376//1966 1378//1967 1379//1968
f 1382//1961 1380//1969 1378//1970
f 1382//1961 1378//1970 1377//1971
f 1382//1961 1377//1971 1372//1962
f 1380//1969 1381//1972 1384//1973
f 1380//1969 1384//1973 1379//1974
f 1380//1969 1379//1974 1378//1970
f 1381//1972 1383//1975 1387//1976
f 1381//1972 1387//1976 1385//1977
f 1381//1972 1385//1977 1384//1973
f 1386//1978 1376//1966 1379//1968
f 1386//1978 1379//1968 1384//1979
f 1386//1978 1384//1979 1385//1980
f 1307//1857 1386//1978 1385//1980
f 1307//1857 1385//1980 1387//1981
f 1307//1857 1387//1981 1388//1858
f 1383//1975 1389//1982 1390//1863
f 1383//1975 1390//1863 1309//1862
f 1383//1975 1309//1862 1388//1983
f 1383//1975 1388//1983 1387//1976
f 1401//1984 1398//1836 1399//1836
f 1401//1984 1399//1836 1403//1984
f 1456//1985 1399//1836 1398//1836
f 1456//1985 1398//1836 1400//1985
f 1430//1986 1431//1986 1432//1986
f 1430//1986 1432//1986 1433//1986
f 1430//1986 1433//1986 1441//1986
f 1430//1986 1441//1986 1442//1986
f 1430//1986 1442//1986 1443//1986
f 1430//1986 1443//1986 1444//1986
f 1430//1986 1444//1986 1458//1986
f 1430//1986 1458//1986 1457//1986
f 1430//1986 1457//1986 1400//1986
f 1430//1986 1400//1986 1398//1986
f 1430//1986 1398//1986 1401//1986
f 1430//1986 1401//1986 1402//1986
f 1430//1986 1402//1986 1410//1986
f 1430//1986 1410//1986 1411//1986
f 1430//1986 1411//1986 1412//1986
f 1430//1986 1412//1986 1413//1986
f 1430//1986 1413//1986 1462//1986
f 1430//1986 1462//1986 1461//1986
f 1430//1986 1461//1986 1460//1986
f 1430//1986 1460//1986 1427//1986
f 1403//1984 1405//1987 1402//1987
f 1403//1984 1402//1987 1401//1984
f 1403//1988 1399//1989 1455//1990
f 1403//1988 1455//1990 1404//1991
f 1405//1992 1403//1988 1404//1991
f 1405//1992 1404//1991 1406//1993
f 1405//1987 1407//1994 1410//1994
f 1405//1987 1410//1994 1402//1987
f 1407//1995 1405//1992 1406//1993
f 1407//1995 1406//1993 1409//1996
f 1407//1994 1408//1997 1411//1997
f 1407//1994 1411//1997 1410//1994
f 1408//1998 1407//1995 1409//1996
f 1408//1998 1409//1996 1463//1999
f 1408//1997 1414//2000 1412//2000
f 1408//1997 1412//2000 1411//1997
f 1414//2000 1416//2001 1413//2001
f 1414//2000 1413//2001 1412//2000
f 1414//2002 1408//1998 1463//1999
f 1414//2002 1463//1999 1415//2003
f 1416//2004 1414//2002 1415//2003
f 1416//2004 1415//2003 1418//2005
f 1416//2001 1417//2006 1462//2006
f 1416//2001 1462//2006 1413//2001
f 1417//2007 1416//2004 1418//2005
f 1417//2007 1418//2005 1419//2008
f 1455//2009 1454//2009 1452//2009
f 1455//2009 1452//2009 1450//2009
f 1455//2009 1450//2009 1449//2009
f 1455//2009 1449//2009 1447//2009
f 1455//2009 1447//2009 1448//2009
f 1455//2009 1448//2009 1440//2009
f 1455//2009 1440//2009 1437//2009
f 1455//2009 1437//2009 1435//2009
f 1455//2009 1435//2009 1459//2009
f 1455//2009 1459//2009 1425//2009
f 1455//2009 1425//2009 1424//2009
f 1455//2009 1424//2009 1422//2009
f 1455//2009 1422//2009 1420//2009
f 1455//2009 1420//2009 1419//2009
f 1455//2009 1419//2009 1418//2009
f 1455//2009 1418//2009 1415//2009
f 1455//2009 1415//2009 1463//2009
f 1455//2009 1463//2009 1409//2009
f 1455//2009 1409//2009 1406//2009
f 1455//2009 1406//2009 1404//2009
f 1421//2010 1417//2007 1419//2008
f 1421//2010 1419//2008 1420//2011
f 1423//2012 1421//2010 1420//2011
f 1423//2012 1420//2011 1422//2013
f 1426//2014 1423//2012 1422//2013
f 1426//2014 1422//2013 1424//2015
f 1428//2016 1426//2014 1424//2015
f 1428//2016 1424//2015 1425//2016
f 1423//2017 1426//2018 1427//2018
f 1423//2017 1427//2018 1460//2017
f 1426//2018 1428//1711 1430//1711
f 1426//2018 1430//1711 1427//2018
f 1429//2019 1428//2016 1425//2016
f 1429//2019 1425//2016 1459//2020
f 1431//2021 1430//1711 1428//1711
f 1431//2021 1428//1711 1429//2021
f 1429//2021 1434//2022 1432//2022
f 1429//2021 1432//2022 1431//2021
f 1434//2022 1436//2023 1433//2023
f 1434//2022 1433//2023 1432//2022
f 1434//2024 1429//2019 1459//2020
f 1434//2024 1459//2020 1435//2025
f 1436//2026 1434//2024 1435//2025
f 1436//2026 1435//2025 1437//2027
f 1436//2023 1438//2028 1441//2028
f 1436//2023 1441//2028 1433//2023
f 1438//2029 1436//2026 1437//2027
f 1438//2029 1437//2027 1440//2030
f 1438//2028 1439//2031 1442//2031
f 1438//2028 1442//2031 1441//2028
f 1439//2032 1438//2029 1440//2030
f 1439//2032 1440//2030 1448//2033
f 1439//2031 1445//2034 1443//2034
f 1439//2031 1443//2034 1442//2031
f 1445//2034 1446//2035 1444//2035
f 1445//2034 1444//2035 1443//2034
f 1445//2036 1439//2032 1448//2033
f 1445//2036 1448//2033 1447//2037
f 1446//2038 1445//2036 1447//2037
f 1446//2038 1447//2037 1449//2039
f 1451//2040 1446//2038 1449//2039
f 1451//2040 1449//2039 1450//2041
f 1453//2042 1451//2040 1450//2041
f 1453//2042 1450//2041 1452//2043
f 1456//2044 1453//2042 1452//2043
f 1456//2044 1452//2043 1454//2045
f 1454//2045 1455//1990 1399//1989
f 1454//2045 1399//1989 1456//2044
f 1453//2046 1456//1985 1400//1985
f 1453//2046 1400//1985 1457//2046
f 1451//2047 1453//2046 1457//2046
f 1451//2047 1457//2046 1458//2047
f 1446//2035 1451//2047 1458//2047
f 1446//2035 1458//2047 1444//2035
f 1421//2048 1423//2017 1460//2017
f 1421//2048 1460//2017 1461//2048
f 1417//2006 1421//2048 1461//2048
f 1417//2006 1461//2048 1462//2006
f 1465//2049 1464//2050 1467//2051
f 1465//2049 1467//2051 1469//2052
f 1464//2053 1465//2053 1541//2053
f 1464//2053 1541//2053 1539//2053
f 1464//2053 1539//2053 1542//2053
f 1464//2053 1542//2053 1529//2053
f 1464//2053 1529//2053 1527//2053
f 1464//2053 1527//2053 1525//2053
f 1464//2053 1525//2053 1546//2053
f 1464//2053 1546//2053 1515//2053
f 1464//2053 1515//2053 1513//2053
f 1464//2053 1513//2053 1511//2053
f 1464//2053 1511//2053 1548//2053
f 1464//2053 1548//2053 1501//2053
f 1464//2053 1501//2053 1499//2053
f 1464//2053 1499//2053 1497//2053
f 1464//2053 1497//2053 1549//2053
f 1464//2053 1549//2053 1550//2053
f 1464//2053 1550//2053 1483//2053
f 1464//2053 1483//2053 1481//2053
f 1464//2053 1481//2053 1479//2053
f 1464//2053 1479//2053 1466//2053
f 1468//2054 1467//2051 1464//2050
f 1468//2054 1464//2050 1466//2055
f 1473//2056 1470//2057 1467//2057
f 1473//2056 1467//2057 1468//2056
f 1469//2058 1467//2057 1470//2057
f 1469//2058 1470//2057 1472//2058
f 1472//2059 1470//2060 1471//2061
f 1472//2059 1471//2061 1544//2062
f 1474//2063 1471//2061 1470//2060
f 1474//2063 1470//2060 1473//2064
f 1468//2056 1478//2065 1475//2065
f 1468//2056 1475//2065 1473//2056
f 1473//2064 1475//2066 1476//2067
f 1473//2064 1476//2067 1474//2063
f 1475//2066 1477//2068 1551//2069
f 1475//2066 1551//2069 1476//2067
f 1478//2065 1480//2070 1477//2070
f 1478//2065 1477//2070 1475//2065
f 1466//2055 1479//2071 1478//2072
f 1466//2055 1478//2072 1468//2054
f 1479//2071 1481//2073 1480//2074
f 1479//2071 1480//2074 1478//2072
f 1481//2073 1483//2075 1482//2076
f 1481//2073 1482//2076 1480//2074
f 1480//2070 1482//2077 1485//2077
f 1480//2070 1485//2077 1477//2070
f 1483//2075 1550//2078 1484//2079
f 1483//2075 1484//2079 1482//2076
f 1482//2077 1484//2080 1487//2080
f 1482//2077 1487//2080 1485//2077
f 1477//2068 1485//2081 1486//2082
f 1477//2068 1486//2082 1551//2069
f 1485//2081 1487//2083 1489//2084
f 1485//2081 1489//2084 1486//2082
f 1484//2080 1496//2085 1488//2085
f 1484//2080 1488//2085 1487//2080
f 1487//2083 1488//2086 1490//2087
f 1487//2083 1490//2087 1489//2084
f 1471//2088 1474//2088 1476//2088
f 1471//2088 1476//2088 1551//2088
f 1471//2088 1551//2088 1486//2088
f 1471//2088 1486//2088 1489//2088
f 1471//2088 1489//2088 1490//2088
f 1471//2088 1490//2088 1491//2088
f 1471//2088 1491//2088 1492//2088
f 1471//2088 1492//2088 1504//2088
f 1471//2088 1504//2088 1506//2088
f 1471//2088 1506//2088 1508//2088
f 1471//2088 1508//2088 1547//2088
f 1471//2088 1547//2088 1518//2088
f 1471//2088 1518//2088 1520//2088
f 1471//2088 1520//2088 1522//2088
f 1471//2088 1522//2088 1545//2088
f 1471//2088 1545//2088 1532//2088
f 1471//2088 1532//2088 1534//2088
f 1471//2088 1534//2088 1536//2088
f 1471//2088 1536//2088 1543//2088
f 1471//2088 1543//2088 1544//2088
f 1488//2086 1493//2089 1491//2090
f 1488//2086 1491//2090 1490//2087
f 1493//2089 1494//2091 1492//2092
f 1493//2089 1492//2092 1491//2090
f 1496//2085 1495//2093 1493//2093
f 1496//2085 1493//2093 1488//2085
f 1495//2093 1498//2094 1494//2094
f 1495//2093 1494//2094 1493//2093
f 1549//2095 1497//2096 1495//2097
f 1549//2095 1495//2097 1496//2098
f 1497//2096 1499//2099 1498//2100
f 1497//2096 1498//2100 1495//2097
f 1499//2099 1501//2101 1500//2102
f 1499//2099 1500//2102 1498//2100
f 1498//2094 1500//2103 1503//2103
f 1498//2094 1503//2103 1494//2094
f 1501//2101 1548//2104 1502//2105
f 1501//2101 1502//2105 1500//2102
f 1500//2103 1502//2106 1505//2106
f 1500//2103 1505//2106 1503//2103
f 1494//2091 1503//2107 1504//2108
f 1494//2091 1504//2108 1492//2092
f 1503//2107 1505//2109 1506//2110
f 1503//2107 1506//2110 1504//2108
f 1505//2109 1507//2111 1508//2112
f 1505//2109 1508//2112 1506//2110
f 1502//2106 1510//2113 1507//2113
f 1502//2106 1507//2113 1505//2106
f 1507//2111 1509//2114 1547//2115
f 1507//2111 1547//2115 1508//2112
f 1510//2113 1512//2116 1509//2116
f 1510//2113 1509//2116 1507//2113
f 1548//2104 1511//2117 1510//2118
f 1548//2104 1510//2118 1502//2105
f 1511//2117 1513//2119 1512//2120
f 1511//2117 1512//2120 1510//2118
f 1513//2119 1515//2121 1514//2122
f 1513//2119 1514//2122 1512//2120
f 1512//2116 1514//2123 1517//2123
f 1512//2116 1517//2123 1509//2116
f 1515//2121 1546//2124 1516//2125
f 1515//2121 1516//2125 1514//2122
f 1514//2123 1516//2126 1519//2126
f 1514//2123 1519//2126 1517//2123
f 1509//2114 1517//2127 1518//2128
f 1509//2114 1518//2128 1547//2115
f 1517//2127 1519//2129 1520//2130
f 1517//2127 1520//2130 1518//2128
f 1519//2129 1521//2131 1522//2132
f 1519//2129 1522//2132 1520//2130
f 1516//2126 1524//2133 1521//2133
f 1516//2126 1521//2133 1519//2126
f 1521//2131 1523//2134 1545//2135
f 1521//2131 1545//2135 1522//2132
f 1524//2133 1526//2136 1523//2136
f 1524//2133 1523//2136 1521//2133
f 1546//2124 1525//2137 1524//2138
f 1546//2124 1524//2138 1516//2125
f 1525//2137 1527//2139 1526//2140
f 1525//2137 1526//2140 1524//2138
f 1527//2139 1529//2141 1528//2142
f 1527//2139 1528//2142 1526//2140
f 1526//2136 1528//2143 1531//2143
f 1526//2136 1531//2143 1523//2136
f 1529//2141 1542//2144 1530//2145
f 1529//2141 1530//2145 1528//2142
f 1528//2143 1530//2146 1533//2146
f 1528//2143 1533//2146 1531//2143
f 1523//2134 1531//2147 1532//2148
f 1523//2134 1532//2148 1545//2135
f 1531//2147 1533//2149 1534//2150
f 1531//2147 1534//2150 1532//2148
f 1533//2149 1535//2151 1536//2152
f 1533//2149 1536//2152 1534//2150
f 1530//2146 1538//2153 1535//2153
f 1530//2146 1535//2153 1533//2146
f 1535//2151 1537//2154 1543//2155
f 1535//2151 1543//2155 1536//2152
f 1538//2153 1540//2156 1537//2156
f 1538//2153 1537//2156 1535//2153
f 1542//2144 1539//2157 1538//2158
f 1542//2144 1538//2158 1530//2145
f 1539//2157 1541//2159 1540//2160
f 1539//2157 1540//2160 1538//2158
f 1541//2159 1465//2049 1469//2052
f 1541//2159 1469//2052 1540//2160
f 1540//2156 1469//2058 1472//2058
f 1540//2156 1472//2058 1537//2156
f 1537//2154 1472//2059 1544//2062
f 1537//2154 1544//2062 1543//2155
f 1550//2078 1549//2095 1496//2098
f 1550//2078 1496//2098 1484//2079
