# FR_thigh.dae material 磨砂铝合金_008-effect; written by tools/champ_mesh_assets.py
# rgba 0.85 0.85 0.85 1
v -0.005453 0.099000 0.053623
v -0.020074 0.099000 0.050023
v 0.009523 0.099000 0.053052
v 0.023958 0.099000 0.048283
v 0.036886 0.099000 0.039301
v 0.052343 0.099000 0.012863
v 0.053861 0.099000 -0.002046
v 0.051193 0.099000 -0.016866
v 0.044319 0.099000 -0.030677
v 0.033422 0.099000 -0.042287
v 0.020073 0.099000 -0.050023
v 0.005453 0.099000 -0.053623
v -0.009523 0.099000 -0.053052
v -0.023958 0.099000 -0.048283
v -0.036887 0.099000 -0.039301
v -0.046669 0.099000 -0.026967
v -0.053861 0.099000 0.002046
v -0.052343 0.099000 -0.012863
v -0.051193 0.099000 0.016866
v -0.044319 0.099000 0.030677
v -0.033422 0.099000 0.042287
v 0.046668 0.099000 0.026967
v -0.008485 0.016589 -0.370374
v -0.008365 0.016284 -0.370106
v 0.001691 0.016589 -0.372288
v -0.008525 0.017000 -0.370464
v -0.016702 0.016589 -0.364073
v -0.016778 0.017000 -0.364135
v -0.016474 0.016284 -0.363888
v -0.033266 0.016583 -0.343682
v -0.033013 0.016281 -0.343528
v -0.046719 0.016589 -0.321207
v -0.033364 0.016993 -0.343717
v -0.032668 0.017000 -0.344583
v -0.040942 0.016986 -0.332738
v -0.046808 0.017000 -0.321245
v -0.040906 0.019121 -0.332651
v -0.044472 0.019121 -0.326107
v -0.032610 0.019121 -0.344536
v -0.031483 0.023973 -0.343620
v -0.016720 0.019121 -0.364088
v -0.012591 0.019121 -0.368016
v -0.015593 0.023973 -0.363172
v -0.012766 0.027490 -0.360875
v -0.011733 0.023973 -0.366844
v -0.006082 0.023973 -0.369783
v -0.000574 0.023973 -0.370852
v -0.004914 0.027490 -0.366332
v -0.006547 0.019121 -0.371158
v -0.008495 0.019121 -0.370396
v -0.000657 0.019121 -0.372302
v 0.001692 0.019121 -0.372312
v 0.001696 0.017000 -0.372386
v 0.005828 0.019121 -0.371721
v 0.005489 0.023973 -0.370309
v 0.011647 0.019121 -0.369424
v 0.011684 0.017000 -0.369488
v 0.016601 0.019121 -0.365603
v 0.010930 0.023973 -0.368161
v 0.015561 0.023973 -0.364588
v 0.019133 0.023973 -0.359659
v 0.012955 0.027490 -0.362044
v 0.017475 0.027490 -0.353617
v 0.004639 0.027490 -0.366767
v 0.009449 0.028772 -0.358622
v 0.003496 0.028772 -0.362003
v 0.012685 0.028772 -0.352589
v 0.012209 0.028772 -0.345760
v 0.016809 0.027490 -0.344077
v 0.010176 0.028772 -0.340203
v 0.009600 0.028772 -0.338626
v 0.004234 0.028772 -0.346533
v 0.005357 0.028772 -0.348095
v 0.003519 0.028772 -0.345975
v 0.000827 0.028772 -0.345185
v 0.003519 0.016172 -0.345975
v 0.005357 0.016172 -0.348095
v 0.000827 0.016172 -0.345185
v -0.001864 0.016172 -0.345975
v -0.001864 0.028772 -0.345975
v -0.002803 0.016172 -0.346756
v -0.003702 0.016172 -0.348095
v -0.040008 0.016172 -0.311837
v -0.046074 0.016172 -0.320929
v -0.039109 0.016172 -0.310491
v -0.040343 0.016052 -0.309632
v -0.032142 0.016172 -0.300049
v -0.025169 0.016172 -0.289599
v -0.033162 0.016051 -0.299355
v -0.026029 0.016007 -0.289042
v -0.034774 0.015371 -0.298266
v -0.027416 0.015043 -0.288152
v -0.036097 0.014386 -0.297382
v -0.042089 0.015505 -0.308424
v -0.047888 0.015725 -0.316387
v -0.043535 0.014782 -0.307430
v -0.048631 0.015191 -0.314296
v -0.044801 0.013988 -0.306564
v -0.049241 0.014517 -0.312460
v -0.045946 0.013126 -0.305790
v -0.037244 0.013245 -0.296627
v -0.029542 0.012149 -0.286809
v -0.038279 0.012005 -0.295956
v -0.039145 0.010810 -0.295405
v -0.030448 0.010548 -0.286246
v -0.030667 0.010136 -0.286110
v -0.026350 0.009792 -0.281378
v -0.027954 0.009920 -0.283138
v -0.022202 0.009463 -0.276831
v -0.013759 0.008791 -0.267575
v -0.021609 0.011029 -0.277171
v -0.020834 0.012914 -0.277615
v -0.013511 0.009930 -0.267677
v -0.013010 0.012127 -0.267886
v -0.005301 0.008856 -0.258325
v -0.005228 0.011211 -0.258329
v -0.005324 0.008120 -0.258328
v -0.005323 0.001610 -0.258252
v -0.004306 0.007823 -0.256718
v -0.004137 -0.004346 -0.256705
v -0.004302 0.007821 -0.256709
v -0.003795 0.007523 -0.254871
v -0.004176 0.015263 -0.256670
v -0.003778 0.015372 -0.254686
v -0.004996 0.015124 -0.258479
v -0.005133 0.013469 -0.258375
v -0.004958 0.015384 -0.258511
v -0.004952 0.015419 -0.258516
v -0.011799 0.015761 -0.268429
v -0.012463 0.014176 -0.268121
v -0.011408 0.016135 -0.268625
v -0.018917 0.015917 -0.278723
v -0.018314 0.016165 -0.279077
v -0.019968 0.014644 -0.278113
v -0.025243 0.016172 -0.289551
v -0.018195 0.016172 -0.279147
v -0.011234 0.016172 -0.268716
v -0.009891 0.016172 -0.266704
v -0.006837 0.016172 -0.262127
v -0.004720 0.016122 -0.258713
v -0.004734 0.016105 -0.258700
v -0.004678 0.016155 -0.258748
v -0.003144 0.016157 -0.254834
v -0.004670 0.016160 -0.258755
v -0.004617 0.016172 -0.258800
v -0.002995 0.016172 -0.254907
v -0.001663 0.016172 -0.241384
v -0.001482 0.016214 -0.241206
v -0.001982 0.016065 -0.240586
v -0.000499 0.016172 -0.243095
v -0.000162 0.016259 -0.242959
v -0.000091 0.016172 -0.245199
v 0.000212 0.016172 -0.250091
v 0.000228 0.016239 -0.245178
v 0.000319 0.016286 -0.245171
v 0.000619 0.016284 -0.250063
v 0.000487 0.016420 -0.245160
v 0.000101 0.016502 -0.242853
v 0.000613 0.016595 -0.245152
v 0.000913 0.016588 -0.250044
v 0.000655 0.016689 -0.245149
v 0.000234 0.016847 -0.242799
v 0.000706 0.017011 -0.245145
v 0.000851 0.017000 -0.247465
v 0.000747 0.017981 -0.246453
v 0.000495 0.017126 -0.243667
v 0.000207 0.017220 -0.242810
v 0.000059 0.018773 -0.243868
v -0.001467 0.021619 -0.244482
v 0.000144 0.021162 -0.246770
v 0.000055 0.017253 -0.242497
v -0.000548 0.017336 -0.241586
v -0.001175 0.017387 -0.240905
v -0.001440 0.018819 -0.241898
v -0.001401 0.017385 -0.240682
v -0.003660 0.021167 -0.242672
v -0.003585 0.018423 -0.240097
v -0.003667 0.023818 -0.245364
v -0.006382 0.022776 -0.243668
v -0.006317 0.025257 -0.246490
v -0.009414 0.023547 -0.244799
v -0.006397 0.020224 -0.240970
v -0.006386 0.017786 -0.238162
v -0.009551 0.021159 -0.241966
v -0.009635 0.019501 -0.239880
v -0.027540 0.021026 -0.245208
v -0.009665 0.018881 -0.239024
v -0.009754 0.017096 -0.235949
v -0.027632 0.018971 -0.240156
v -0.009760 0.016988 -0.235698
v -0.006370 0.015756 -0.234969
v -0.009834 0.016172 -0.231806
v -0.008827 0.015903 -0.231629
v -0.027719 0.018164 -0.234962
v -0.010199 0.016587 -0.206025
v -0.028031 0.018579 -0.207507
v -0.010320 0.016725 -0.197431
v -0.010563 0.017002 -0.180244
v -0.008887 0.016318 -0.197364
v -0.008905 0.016436 -0.187413
v -0.008865 0.016172 -0.209498
v -0.004087 0.013433 -0.209080
v -0.004256 0.013713 -0.187404
v -0.000603 0.008808 -0.208776
v -0.003920 0.013150 -0.230763
v -0.006389 0.014870 -0.231198
v -0.003382 0.012656 -0.230668
v -0.001387 0.010214 -0.230316
v -0.003389 0.013601 -0.234329
v -0.003482 0.015792 -0.237405
v -0.001919 0.011940 -0.234013
v -0.002018 0.012420 -0.234652
v -0.001836 0.012202 -0.234833
v -0.002408 0.014690 -0.237129
v -0.002580 0.015865 -0.238233
v -0.002548 0.016456 -0.238854
v -0.002358 0.015741 -0.238389
v -0.002030 0.016604 -0.239600
v -0.002281 0.015662 -0.238480
v -0.002227 0.015574 -0.238579
v -0.001962 0.016225 -0.239810
v -0.002195 0.015372 -0.238797
v -0.002181 0.015772 -0.239680
v -0.001787 0.011936 -0.235034
v -0.001265 0.009783 -0.230406
v -0.000118 0.007523 -0.220873
v -0.001299 0.010007 -0.230363
v -0.000133 0.007670 -0.220821
v 0.000387 0.005740 -0.216980
v -0.001774 0.007523 -0.234924
v -0.001750 0.005618 -0.234771
v -0.003788 0.006264 -0.254873
v -0.001687 0.003743 -0.234390
v 0.000531 0.004982 -0.215907
v 0.000773 0.003172 -0.214193
v 0.000827 0.002422 -0.213750
v 0.000773 0.003171 -0.213733
v 0.000773 0.003172 -0.213235
v 0.000396 0.005880 -0.216825
v 0.000386 0.006018 -0.216673
v -0.000172 0.007812 -0.220766
v -0.000551 0.008701 -0.223654
v 0.000765 0.003172 -0.208657
v 0.000726 0.003172 -0.187396
v 0.000902 -0.001745 -0.187407
v 0.000685 0.003172 -0.164022
v -0.000677 0.008963 -0.187398
v -0.000825 0.009269 -0.187398
v -0.000911 0.009459 -0.163885
v -0.005007 0.014497 -0.163530
v -0.001039 0.009724 -0.130735
v -0.002173 0.011635 -0.130508
v 0.000048 0.006913 -0.130953
v 0.000739 0.007435 -0.119445
v 0.000628 0.003172 -0.131069
v 0.000793 -0.002595 -0.131197
v 0.001258 0.003349 -0.119227
v 0.000677 0.003172 -0.159232
v 0.000843 -0.002528 -0.159303
v 0.000852 -0.002516 -0.164153
v 0.000894 -0.002461 -0.187409
v -0.000696 -0.008699 -0.164016
v -0.000845 -0.009119 -0.130875
v -0.000535 -0.008285 -0.197160
v -0.004677 -0.013702 -0.163658
v -0.005094 -0.014407 -0.130028
v -0.010397 -0.016552 -0.163142
v -0.004249 -0.013009 -0.197289
v -0.009602 -0.015744 -0.197472
v -0.003819 -0.012319 -0.230919
v -0.002831 -0.011400 -0.230743
v -0.005604 -0.013582 -0.231236
v -0.005611 -0.014489 -0.235055
v -0.008807 -0.014937 -0.231803
v -0.009403 -0.015542 -0.206055
v -0.027528 -0.017464 -0.235110
v -0.008763 -0.015773 -0.235747
v -0.008764 -0.015874 -0.235975
v -0.008785 -0.017737 -0.239094
v -0.027443 -0.018240 -0.240308
v -0.027543 -0.017464 -0.235113
v -0.027342 -0.020268 -0.245374
v -0.046159 -0.015903 -0.244757
v -0.046047 -0.017047 -0.247993
v -0.046257 -0.014990 -0.238411
v -0.051764 -0.011936 -0.239378
v -0.046282 -0.015599 -0.209250
v -0.052093 -0.012441 -0.209637
v -0.046308 -0.016208 -0.180089
v -0.027839 -0.017933 -0.207655
v -0.028150 -0.018416 -0.180201
v -0.009999 -0.016148 -0.180307
v -0.028461 -0.018900 -0.152746
v -0.046333 -0.016817 -0.150928
v -0.010595 -0.016754 -0.154559
v -0.028772 -0.019393 -0.125292
v -0.028236 -0.019390 -0.125399
v -0.046359 -0.017426 -0.121768
v -0.046433 -0.018060 -0.091979
v -0.053005 -0.014036 -0.120433
v -0.046333 -0.016817 -0.150927
v -0.052755 -0.013454 -0.150156
v -0.053089 -0.013963 -0.120416
v -0.052424 -0.012947 -0.179897
v -0.056838 -0.007458 -0.149659
v -0.057369 -0.007712 -0.119550
v -0.056308 -0.007204 -0.179767
v -0.058084 0.000175 -0.149398
v -0.057503 0.000176 -0.179603
v -0.058664 0.000175 -0.119194
v -0.058562 0.003172 -0.119214
v -0.059187 0.000176 -0.091947
v -0.057847 -0.008090 -0.092223
v -0.059188 0.000176 -0.091905
v -0.059100 0.003689 -0.091930
v -0.059765 0.000175 -0.064705
v -0.058372 -0.008435 -0.064898
v -0.059767 0.000175 -0.064612
v -0.059661 0.005115 -0.064649
v -0.060474 0.000175 -0.037468
v -0.059085 -0.008746 -0.037579
v -0.060478 0.000175 -0.037322
v -0.060334 0.007566 -0.037377
v -0.061316 0.000174 -0.010232
v -0.060063 -0.009060 -0.010267
v -0.061627 0.000176 0.000397
v -0.061127 0.010952 -0.010122
v -0.060484 0.008178 -0.031877
v -0.061306 0.015772 -0.009870
v -0.061438 0.010992 0.000361
v -0.061236 0.022592 0.000323
v -0.060821 0.022588 -0.010082
v -0.061034 0.034192 0.000284
v -0.060877 0.034192 0.004381
v -0.060156 0.034192 -0.010321
v -0.059501 0.034192 -0.013594
v -0.060294 0.025374 -0.010423
v -0.057537 0.028150 -0.020680
v -0.060434 0.024405 -0.010338
v -0.059731 0.025828 -0.014213
v -0.058030 0.026464 -0.020954
v -0.058228 0.022658 -0.029978
v -0.059966 0.018114 -0.030381
v -0.058153 0.022783 -0.029972
v -0.054656 0.026361 -0.030055
v -0.057700 0.022950 -0.031629
v -0.058453 0.021710 -0.031687
v -0.054044 0.026271 -0.031783
v -0.053852 0.026377 -0.031802
v -0.052144 0.021494 -0.061413
v -0.047171 0.023370 -0.062046
v -0.051189 0.017908 -0.091226
v -0.056749 0.017189 -0.061238
v -0.055940 0.013795 -0.090994
v -0.059080 0.011199 -0.061762
v -0.058443 0.008030 -0.091449
v -0.059707 0.005269 -0.062594
v -0.060328 0.015124 -0.032391
v -0.060493 0.013119 -0.032682
v -0.059770 0.018219 -0.031999
v -0.060439 0.007985 -0.033516
v -0.060576 0.013156 -0.031062
v -0.060576 0.013160 -0.031061
v -0.059981 0.018047 -0.030389
v -0.061044 0.021027 -0.009948
v -0.059099 0.003686 -0.092022
v -0.058286 0.005621 -0.119270
v -0.056895 0.009724 -0.119552
v -0.056366 0.009525 -0.149594
v -0.055890 0.011448 -0.119751
v -0.052604 0.014983 -0.120409
v -0.052223 0.014619 -0.150076
v -0.051397 0.015838 -0.120651
v -0.046641 0.017832 -0.121602
v -0.046382 0.017417 -0.150730
v -0.039991 0.019059 -0.122934
v -0.046854 0.018982 -0.097653
v -0.046906 0.019502 -0.091775
v -0.040789 0.019924 -0.102017
v -0.033439 0.020500 -0.106298
v -0.042706 0.021691 -0.081173
v -0.033884 0.022122 -0.088340
v -0.045369 0.024058 -0.060499
v -0.047043 0.021268 -0.076419
v -0.034472 0.024301 -0.070512
v -0.047205 0.023982 -0.058193
v -0.047305 0.025760 -0.047300
v -0.047349 0.026618 -0.042070
v -0.037440 0.026726 -0.051356
v -0.047508 0.026617 -0.041875
v -0.053795 0.026379 -0.031920
v -0.046872 0.027001 -0.041306
v -0.053316 0.026839 -0.031601
v -0.046665 0.027207 -0.041119
v -0.036714 0.027273 -0.050353
v -0.046335 0.027669 -0.040817
v -0.046089 0.028211 -0.040588
v -0.052943 0.027445 -0.031334
v -0.052717 0.028147 -0.031147
v -0.057661 0.027265 -0.020777
v -0.045993 0.028537 -0.040495
v -0.052653 0.028875 -0.031053
v -0.056648 0.028287 -0.022997
v -0.050400 0.029155 -0.034581
v -0.050327 0.034192 -0.034531
v -0.045882 0.029459 -0.040376
v -0.041825 0.029546 -0.044563
v -0.036019 0.029621 -0.049372
v -0.041769 0.034192 -0.044504
v -0.041745 0.047203 -0.044478
v -0.028553 0.034192 -0.053944
v -0.028540 0.047203 -0.053912
v -0.027439 0.034192 -0.054519
v -0.013312 0.034192 -0.059565
v -0.027474 0.029677 -0.054590
v -0.024456 0.029687 -0.056007
v -0.011734 0.029690 -0.059976
v -0.024590 0.028347 -0.056322
v -0.024951 0.027303 -0.057154
v -0.036206 0.028307 -0.049644
v -0.011803 0.028350 -0.060312
v -0.011889 0.027725 -0.060740
v -0.011761 0.028875 -0.060101
v -0.003253 0.028796 -0.061151
v -0.003308 0.027667 -0.061772
v 0.005327 0.028589 -0.060993
v -0.003231 0.029592 -0.061030
v 0.005347 0.029325 -0.060885
v -0.010870 0.029687 -0.060139
v -0.010856 0.034192 -0.060061
v 0.002859 0.034192 -0.060968
v 0.006616 0.034192 -0.060675
v 0.002859 0.047203 -0.060934
v -0.005756 0.047203 -0.060728
v 0.012058 0.047203 -0.059797
v 0.018827 0.047203 -0.058025
v 0.012058 0.047623 -0.059796
v 0.012637 0.047623 -0.059677
v -0.005756 0.047623 -0.060728
v -0.023078 0.047623 -0.056466
v -0.038427 0.047623 -0.047375
v -0.023078 0.047203 -0.056466
v -0.013318 0.047203 -0.059529
v -0.050489 0.047623 -0.034233
v -0.038427 0.047203 -0.047375
v -0.058233 0.047623 -0.018163
v -0.050489 0.047203 -0.034233
v -0.052917 0.047203 -0.030344
v -0.058233 0.047203 -0.018163
v -0.052939 0.034192 -0.030375
v -0.056552 0.034192 -0.022958
v -0.059471 0.047203 -0.013570
v -0.060998 0.047203 -0.000540
v -0.060843 0.047203 0.004377
v -0.060998 0.047623 -0.000540
v -0.058546 0.047623 0.017129
v -0.051087 0.047623 0.033333
v -0.058546 0.047203 0.017129
v -0.056913 0.047203 0.021953
v -0.056945 0.034192 0.021964
v -0.051088 0.047203 0.033333
v -0.048017 0.047203 0.037622
v -0.048056 0.034192 0.037627
v -0.039260 0.047203 0.046687
v -0.034940 0.047203 0.050003
v -0.039260 0.047623 0.046687
v -0.024075 0.047623 0.056048
v -0.023581 0.047623 0.054492
v -0.023613 0.047758 0.056244
v -0.024075 0.047203 0.056049
v -0.018827 0.047203 0.058024
v -0.018836 0.034192 0.058055
v -0.018827 0.055623 0.058024
v -0.012637 0.047203 0.059677
v -0.012637 0.047623 0.059677
v -0.001720 0.047203 0.060976
v -0.001714 0.034192 0.061010
v 0.005227 0.047203 0.060776
v 0.005227 0.047623 0.060776
v 0.015537 0.047203 0.058989
v 0.015535 0.034192 0.059024
v 0.022640 0.047203 0.056644
v 0.022640 0.047623 0.056643
v 0.031527 0.047203 0.052222
v 0.038105 0.047203 0.047635
v 0.031535 0.034192 0.052256
v 0.040857 0.034192 0.045342
v 0.026326 0.034192 0.055065
v 0.026583 0.000176 0.055601
v 0.022399 0.000176 0.057414
v 0.037233 0.000176 0.049110
v 0.041255 0.000176 0.045784
v 0.036761 -0.004505 0.049245
v 0.035870 -0.009007 0.048799
v 0.021814 -0.004522 0.057423
v 0.048888 -0.004488 0.037277
v 0.047987 -0.008972 0.037050
v 0.049234 0.000176 0.037070
v 0.052542 0.000176 0.032209
v 0.052035 0.034192 0.031898
v 0.057489 0.000176 0.022208
v 0.056392 -0.008940 0.022412
v 0.059517 0.000176 0.015992
v 0.058944 0.034192 0.015838
v 0.061369 0.000176 0.005654
v 0.060431 -0.008913 0.006022
v 0.061609 0.000176 -0.001538
v 0.061015 0.034192 -0.001523
v 0.060578 0.000176 -0.011329
v 0.058646 0.000176 -0.018941
v 0.059789 -0.008892 -0.010847
v 0.057995 -0.008886 -0.018174
v 0.060740 -0.008903 -0.000826
v 0.056149 -0.015552 -0.000782
v 0.053614 -0.015536 -0.016813
v 0.048913 -0.019134 -0.000704
v 0.053979 -0.015576 0.015302
v 0.058392 -0.008929 0.016581
v 0.047022 -0.019155 0.013298
v 0.047285 -0.015605 0.030087
v 0.036630 -0.015639 0.042329
v 0.051148 -0.008962 0.032582
v 0.041193 -0.019181 0.026168
v 0.031917 -0.019210 0.036824
v 0.044508 -0.019168 0.020097
v 0.016494 -0.022807 0.020043
v 0.016593 -0.023454 -0.008978
v -0.016163 -0.022861 0.019985
v 0.016196 -0.019248 0.045863
v 0.006366 -0.019267 0.048173
v 0.019973 -0.019239 0.044371
v 0.022910 -0.015672 0.050999
v 0.007279 -0.015703 0.055368
v 0.024769 -0.009034 0.055216
v 0.020982 -0.009042 0.056747
v 0.007851 -0.009067 0.059944
v 0.004481 -0.009073 0.060278
v 0.005197 -0.004537 0.061184
v -0.009711 -0.009096 0.059618
v -0.008948 -0.015730 0.055068
v -0.012353 -0.009100 0.059120
v -0.011814 -0.004550 0.060239
v -0.026440 -0.009117 0.054267
v -0.024407 -0.015749 0.050125
v -0.028212 -0.009118 0.053364
v -0.027912 -0.004559 0.054660
v -0.040931 -0.009128 0.044341
v -0.037797 -0.015759 0.040953
v -0.041868 -0.009128 0.043456
v -0.051964 -0.009129 0.030675
v -0.041861 -0.004564 0.044877
v -0.041310 0.000176 0.045733
v -0.052588 -0.004563 0.031641
v -0.059270 -0.004559 0.015968
v -0.052261 -0.009128 0.030168
v -0.052229 0.000176 0.032715
v -0.059018 0.000176 0.017747
v -0.051565 0.000176 0.033750
v -0.051068 0.034192 0.033425
v -0.058449 0.034192 0.017576
v -0.059177 0.000176 0.017210
v -0.058585 -0.009119 0.014529
v -0.058613 -0.009119 0.014418
v -0.060351 -0.009101 -0.002247
v -0.054136 -0.015751 0.013303
v -0.047993 -0.015760 0.028326
v -0.055738 -0.015735 -0.002218
v -0.047094 -0.019309 0.011557
v -0.048466 -0.019293 -0.002504
v -0.044186 -0.019315 0.019940
v -0.041746 -0.019317 0.024633
v -0.032871 -0.019316 0.035625
v -0.021215 -0.019307 0.043608
v -0.015967 -0.019301 0.045806
v -0.007759 -0.019290 0.047911
v -0.047332 -0.019096 -0.032299
v -0.026006 -0.022742 -0.006070
v -0.016158 -0.023510 -0.008986
v -0.030548 -0.021521 -0.035440
v -0.014849 -0.022231 -0.040423
v -0.034116 -0.020474 -0.064629
v -0.047326 -0.019093 -0.032493
v -0.046705 -0.018651 -0.062129
v -0.046705 -0.018650 -0.062148
v -0.046434 -0.018064 -0.091767
v -0.053840 -0.015037 -0.061314
v -0.054645 -0.015408 -0.031760
v -0.053340 -0.014584 -0.090873
v -0.058462 -0.008482 -0.060931
v -0.057880 -0.008117 -0.090268
v -0.055830 -0.015655 -0.002217
v -0.059274 -0.008812 -0.031584
v -0.026834 -0.020045 -0.096656
v -0.022337 -0.020991 -0.068212
v -0.008361 -0.017958 -0.103785
v -0.008447 -0.017949 -0.104154
v 0.000338 -0.018527 -0.078943
v -0.011150 -0.020400 -0.072703
v 0.000359 -0.018528 -0.078897
v 0.005850 -0.015475 -0.081912
v 0.013780 -0.018953 -0.056264
v -0.000387 -0.021427 -0.047064
v 0.014051 -0.018959 -0.055899
v 0.031067 -0.019116 -0.037845
v 0.018849 -0.015823 -0.060237
v 0.021679 -0.010160 -0.063669
v 0.035675 -0.016074 -0.042550
v 0.036132 -0.015529 -0.043041
v 0.038728 -0.010528 -0.045927
v 0.046584 -0.015529 -0.031442
v 0.050388 -0.008878 -0.034006
v 0.040587 -0.019114 -0.027397
v 0.046706 -0.019120 -0.014660
v 0.048121 -0.019125 -0.008918
v 0.047814 -0.008878 -0.037540
v 0.054516 -0.008880 -0.026884
v 0.055177 0.000176 -0.027451
v 0.050869 0.000176 -0.034790
v 0.050379 0.034192 -0.034455
v 0.048472 0.000176 -0.038059
v 0.039697 0.000176 -0.047140
v 0.024592 0.000177 -0.062659
v 0.039484 0.012172 -0.047046
v 0.039820 -0.003591 -0.047217
v 0.039189 -0.008880 -0.046463
v 0.024697 -0.003380 -0.062741
v 0.022611 -0.003338 -0.065440
v 0.024590 0.000177 -0.062662
v 0.012837 0.000177 -0.080850
v 0.012929 -0.003164 -0.080935
v 0.012836 0.000177 -0.080851
v 0.004891 0.000177 -0.100998
v 0.012708 0.006372 -0.080803
v 0.015944 0.007168 -0.074926
v 0.010465 0.005806 -0.085455
v 0.009890 0.010418 -0.085702
v 0.006226 0.004699 -0.096299
v 0.006141 0.006013 -0.096375
v 0.004794 0.004316 -0.100967
v 0.004640 0.004274 -0.101518
v 0.003145 0.003869 -0.107572
v 0.002401 0.009180 -0.107850
v 0.004899 0.011991 -0.096658
v 0.000175 0.013913 -0.107982
v -0.003570 0.017184 -0.107911
v -0.001399 0.012281 -0.119591
v 0.002322 0.016281 -0.096737
v -0.001706 0.019192 -0.096623
v 0.004832 0.019118 -0.085874
v 0.000364 0.021472 -0.085692
v 0.007421 0.022060 -0.075231
v 0.007976 0.015547 -0.085882
v 0.011310 0.019433 -0.075353
v 0.014908 0.023660 -0.065087
v 0.014129 0.015450 -0.075311
v 0.018731 0.020950 -0.065199
v 0.023250 0.026410 -0.057263
v 0.020726 0.018063 -0.065166
v 0.022015 0.014283 -0.065024
v 0.026697 0.025319 -0.056048
v 0.028516 0.022210 -0.055987
v 0.027464 0.026255 -0.054997
v 0.025600 0.026416 -0.056035
v 0.029661 0.025807 -0.053711
v 0.031067 0.025333 -0.052852
v 0.029730 0.026260 -0.053517
v 0.036016 0.022015 -0.049544
v 0.022037 0.027247 -0.057260
v 0.029852 0.026759 -0.053385
v 0.036103 0.022128 -0.049473
v 0.023587 0.028198 -0.056406
v 0.023547 0.034192 -0.056310
v 0.022022 0.028320 -0.057033
v 0.013823 0.028876 -0.059544
v 0.022010 0.027883 -0.057079
v 0.013805 0.028263 -0.059625
v 0.013835 0.027374 -0.059988
v 0.005330 0.027537 -0.061521
v 0.013934 0.026643 -0.060606
v 0.022116 0.026664 -0.057566
v 0.005377 0.026768 -0.062412
v 0.014013 0.026342 -0.061026
v 0.022180 0.026380 -0.057782
v 0.011173 0.026388 -0.061843
v 0.010197 0.025247 -0.064839
v 0.005417 0.026518 -0.062989
v -0.001325 0.026665 -0.063483
v -0.003417 0.026700 -0.063459
v -0.001433 0.026546 -0.064063
v -0.012217 0.026652 -0.063274
v -0.003217 0.024616 -0.074606
v -0.004986 0.022711 -0.085375
v -0.012067 0.024979 -0.073976
v -0.012054 0.024840 -0.074859
v -0.018035 0.021989 -0.094462
v -0.011912 0.023252 -0.084898
v -0.011795 0.021931 -0.093209
v -0.012392 0.021718 -0.094801
v -0.011773 0.021681 -0.094784
v -0.011755 0.021483 -0.096025
v -0.006763 0.020802 -0.096351
v -0.011593 0.019722 -0.107479
v -0.011547 0.019271 -0.110742
v -0.008403 0.019077 -0.107673
v -0.009631 0.017882 -0.119335
v -0.004985 0.015752 -0.119544
v -0.010148 0.017521 -0.128910
v -0.011427 0.018328 -0.119230
v -0.011293 0.017832 -0.128681
v -0.018732 0.019166 -0.127191
v -0.010928 0.017417 -0.154463
v -0.028655 0.019408 -0.152596
v -0.010806 0.017279 -0.163056
v -0.028967 0.019832 -0.125141
v -0.028343 0.018994 -0.180052
v -0.046123 0.017002 -0.179859
v -0.045864 0.016587 -0.208988
v -0.051842 0.014255 -0.179745
v -0.051461 0.013891 -0.209414
v -0.055838 0.009325 -0.179642
v -0.057401 0.003172 -0.179604
v -0.055310 0.009126 -0.209689
v -0.056820 0.003172 -0.209799
v -0.054782 0.008927 -0.239737
v -0.056240 0.003172 -0.239994
v -0.054504 0.009456 -0.239688
v -0.054284 0.011834 -0.250029
v -0.051080 0.013528 -0.239084
v -0.050827 0.013726 -0.239039
v -0.045605 0.016172 -0.238118
v -0.050630 0.015943 -0.249023
v -0.045496 0.018174 -0.247696
v -0.050406 0.020603 -0.258248
v -0.045358 0.022455 -0.256584
v -0.054133 0.016598 -0.259535
v -0.050055 0.025292 -0.267414
v -0.049454 0.027710 -0.277274
v -0.045197 0.026719 -0.265417
v -0.053814 0.021541 -0.268978
v -0.054869 0.018939 -0.269498
v -0.053063 0.024596 -0.279180
v -0.049865 0.027490 -0.277493
v -0.053472 0.023973 -0.279391
v -0.054377 0.022026 -0.279849
v -0.053388 0.023973 -0.283765
v -0.050593 0.023973 -0.305180
v -0.054840 0.019121 -0.283793
v -0.049746 0.027490 -0.283695
v -0.044848 0.028772 -0.283601
v -0.047055 0.027490 -0.304313
v -0.039910 0.027490 -0.323839
v -0.042297 0.028772 -0.303147
v -0.035523 0.028772 -0.321658
v -0.024854 0.028772 -0.338233
v -0.028656 0.027490 -0.341323
v -0.008965 0.028772 -0.357785
v -0.007636 0.028772 -0.359181
v -0.002580 0.028772 -0.353793
v -0.003343 0.028772 -0.361692
v -0.000575 0.028772 -0.354941
v -0.002935 0.028772 -0.353424
v -0.002935 0.016172 -0.353424
v -0.004101 0.028772 -0.350872
v -0.004101 0.016172 -0.350872
v -0.003702 0.028772 -0.348095
v -0.000575 0.016172 -0.354941
v 0.002230 0.016172 -0.354941
v 0.002230 0.028772 -0.354941
v 0.004457 0.016172 -0.353570
v 0.016392 0.016172 -0.364772
v 0.004590 0.016172 -0.353424
v 0.005756 0.016172 -0.350872
v 0.004590 0.028772 -0.353424
v 0.005756 0.028772 -0.350872
v 0.011289 0.016172 -0.368793
v 0.018622 0.016172 -0.361952
v 0.022078 0.016172 -0.352537
v 0.018962 0.016284 -0.362177
v 0.011490 0.016284 -0.369148
v 0.019207 0.016589 -0.362340
v 0.022484 0.016284 -0.352585
v 0.022776 0.016589 -0.352620
v 0.021296 0.016284 -0.342436
v 0.021570 0.016585 -0.342336
v 0.021295 0.016283 -0.342437
v 0.020913 0.016172 -0.342576
v 0.018686 0.016283 -0.335303
v 0.018304 0.016172 -0.335443
v 0.018687 0.016284 -0.335303
v 0.009985 0.016284 -0.307502
v 0.018961 0.016585 -0.335202
v 0.018963 0.016589 -0.335202
v 0.010269 0.016589 -0.307427
v 0.019055 0.016993 -0.335168
v 0.021664 0.016993 -0.342301
v 0.019055 0.017000 -0.335168
v 0.010364 0.017000 -0.307402
v 0.019041 0.017419 -0.335173
v 0.019027 0.017845 -0.335178
v 0.021650 0.017419 -0.342307
v 0.021664 0.017000 -0.342302
v 0.021636 0.017845 -0.342312
v 0.021622 0.018270 -0.342317
v 0.019013 0.018270 -0.335183
v 0.021608 0.018696 -0.342322
v 0.018999 0.018696 -0.335188
v 0.021594 0.019121 -0.342327
v 0.020230 0.023973 -0.342826
v 0.018986 0.019121 -0.335193
v 0.022853 0.019121 -0.347885
v 0.021407 0.023973 -0.348022
v 0.022799 0.019121 -0.352622
v 0.022456 0.019121 -0.354686
v 0.022873 0.017000 -0.352631
v 0.019289 0.017000 -0.362394
v 0.019227 0.019121 -0.362353
v 0.020421 0.019121 -0.360330
v 0.021036 0.023973 -0.354381
v 0.017622 0.023973 -0.335692
v 0.010292 0.019121 -0.307421
v 0.008887 0.023972 -0.307789
v 0.004258 0.019121 -0.278953
v 0.002824 0.023972 -0.279187
v 0.000936 0.019121 -0.250042
v 0.004331 0.017000 -0.278941
v 0.001010 0.017000 -0.250037
v 0.004234 0.016589 -0.278957
v 0.003944 0.016284 -0.279004
v 0.003542 0.016172 -0.279070
v 0.009590 0.016172 -0.307605
v 0.000406 0.022047 -0.250282
v 0.000825 0.018819 -0.248193
v 0.000787 0.018512 -0.247419
v 0.000250 0.021893 -0.248484
v -0.001212 0.024624 -0.249187
v -0.000989 0.024761 -0.250996
v -0.001359 0.023924 -0.247450
v -0.003539 0.026037 -0.248453
v -0.006157 0.027369 -0.249726
v -0.003150 0.026939 -0.252135
v -0.003992 0.027490 -0.252584
v -0.000771 0.027490 -0.279773
v -0.005830 0.028314 -0.253570
v -0.008708 0.028772 -0.255128
v -0.005606 0.028772 -0.280561
v -0.026865 0.028772 -0.265005
v -0.009014 0.027862 -0.251143
v -0.009023 0.027804 -0.251013
v -0.009242 0.025873 -0.247761
v -0.027100 0.027953 -0.259829
v -0.027296 0.025959 -0.254741
v -0.045137 0.027801 -0.268546
v -0.045015 0.028772 -0.274879
v -0.009283 0.025395 -0.247109
v -0.045255 0.025385 -0.262354
v 0.000624 0.028772 -0.309953
v 0.005363 0.027490 -0.308712
v 0.014201 0.027490 -0.336943
v -0.000473 0.023972 -0.250728
v 0.021572 0.016589 -0.342335
v 0.011636 0.016589 -0.369403
v 0.001677 0.016284 -0.371995
v 0.001657 0.016172 -0.371587
v -0.008199 0.016172 -0.369734
v -0.016157 0.016172 -0.363631
v -0.032674 0.016172 -0.343299
v -0.043171 0.023973 -0.325460
v -0.054911 0.019121 -0.280086
v -0.055501 0.000176 -0.283806
v -0.052004 0.019121 -0.305526
v -0.051042 0.019121 -0.309155
v -0.051231 0.013466 -0.309209
v -0.051195 0.013546 -0.309323
v -0.052546 0.008725 -0.304820
v -0.053169 0.002215 -0.303103
v -0.052387 0.008538 -0.305108
v -0.052071 0.008381 -0.305287
v -0.052986 0.002207 -0.303457
v -0.051076 0.013255 -0.309487
v -0.049156 0.015878 -0.315184
v -0.050826 0.013019 -0.309571
v -0.050498 0.012886 -0.309557
v -0.048965 0.015620 -0.315185
v -0.046606 0.016421 -0.321158
v -0.048698 0.015454 -0.315132
v -0.046377 0.016243 -0.321059
v -0.048377 0.015404 -0.315028
v -0.046449 0.016284 -0.321090
v -0.051682 0.008305 -0.305296
v -0.050160 0.012882 -0.309450
v -0.050205 0.012775 -0.309295
v -0.049760 0.013709 -0.310800
v -0.050585 0.011719 -0.307947
v -0.046982 0.012177 -0.305105
v -0.047620 0.011484 -0.304697
v -0.040211 0.010895 -0.296573
v -0.051335 0.008325 -0.305143
v -0.051456 0.007444 -0.304682
v -0.028390 0.006162 -0.281462
v -0.051835 0.002146 -0.303481
v -0.051860 0.000538 -0.303522
v -0.051992 0.002155 -0.303604
v -0.040167 0.002011 -0.292134
v -0.040154 -0.001339 -0.292362
v -0.028555 0.001877 -0.280843
v -0.028498 0.001877 -0.280787
v -0.028475 -0.001115 -0.280942
v -0.016829 0.001742 -0.269440
v -0.016796 -0.000890 -0.269522
v -0.016706 -0.003507 -0.269815
v -0.005274 -0.000669 -0.258256
v -0.005221 -0.002966 -0.258283
v -0.005194 -0.004320 -0.258312
v -0.005175 -0.005303 -0.258344
v -0.004143 -0.004346 -0.256719
v -0.004076 -0.014890 -0.256997
v -0.003615 -0.014899 -0.255103
v -0.004923 -0.014896 -0.258754
v -0.004946 -0.014263 -0.258733
v -0.004913 -0.014955 -0.258758
v -0.015271 -0.015055 -0.274063
v -0.004894 -0.015024 -0.258764
v -0.003569 -0.015051 -0.255101
v -0.004852 -0.015126 -0.258780
v -0.004783 -0.015233 -0.258807
v -0.003465 -0.015199 -0.255100
v -0.003441 -0.015225 -0.255100
v -0.003556 -0.015075 -0.255100
v -0.002197 -0.015091 -0.241294
v -0.002240 -0.014997 -0.241289
v -0.002171 -0.015133 -0.241296
v -0.002082 -0.015240 -0.241306
v -0.002141 -0.015173 -0.240862
v -0.002194 -0.015052 -0.240823
v -0.001998 -0.015347 -0.240925
v -0.002111 -0.015335 -0.240454
v -0.002150 -0.015239 -0.240387
v -0.002001 -0.015478 -0.240559
v -0.002086 -0.015627 -0.240124
v -0.002116 -0.015522 -0.239973
v -0.002001 -0.015720 -0.240263
v -0.002071 -0.016030 -0.239938
v -0.001999 -0.016059 -0.240097
v -0.002094 -0.016000 -0.239777
v -0.002069 -0.016301 -0.239924
v -0.002012 -0.016439 -0.240092
v -0.002081 -0.016260 -0.239877
v -0.003165 -0.017348 -0.240216
v -0.002092 -0.016142 -0.239760
v -0.001824 -0.013349 -0.237216
v -0.003002 -0.014636 -0.237530
v -0.001689 -0.012162 -0.235960
v -0.001732 -0.011685 -0.236345
v -0.001491 -0.010746 -0.234141
v -0.002859 -0.012369 -0.234446
v -0.001149 -0.009308 -0.231083
v -0.001075 -0.009155 -0.230429
v -0.001221 -0.008924 -0.231714
v -0.001314 -0.008667 -0.232525
v -0.000029 -0.005942 -0.221709
v -0.001527 -0.008521 -0.234436
v -0.001799 -0.011362 -0.236956
v -0.002156 -0.015188 -0.240356
v -0.001971 -0.011174 -0.238548
v -0.002294 -0.014913 -0.241670
v -0.002277 -0.011389 -0.241448
v -0.001911 -0.008720 -0.237949
v -0.002574 -0.011572 -0.244329
v -0.002536 -0.014911 -0.244012
v -0.002552 -0.014911 -0.244169
v -0.002560 -0.014911 -0.244251
v -0.002560 -0.014911 -0.244251
v -0.002560 -0.014911 -0.244251
v -0.002560 -0.014911 -0.244251
v -0.002560 -0.014911 -0.244251
v -0.002560 -0.014911 -0.244251
v -0.002560 -0.014911 -0.244251
v -0.002560 -0.014911 -0.244250
v -0.002560 -0.014911 -0.244250
v -0.002560 -0.014911 -0.244250
v -0.002560 -0.014911 -0.244250
v -0.002560 -0.014911 -0.244250
v -0.002560 -0.014911 -0.244251
v -0.002560 -0.014911 -0.244251
v -0.002560 -0.014911 -0.244251
v -0.002560 -0.014911 -0.244252
v -0.002561 -0.014911 -0.244257
v -0.002575 -0.014911 -0.244398
v -0.002658 -0.014909 -0.245218
v -0.002660 -0.014909 -0.245237
v -0.002660 -0.014909 -0.245240
v -0.002661 -0.014909 -0.245242
v -0.002661 -0.014909 -0.245247
v -0.002663 -0.014909 -0.245265
v -0.002667 -0.014909 -0.245302
v -0.002674 -0.014909 -0.245377
v -0.002689 -0.014909 -0.245526
v -0.002719 -0.014908 -0.245824
v -0.002779 -0.014908 -0.246424
v -0.003017 -0.014906 -0.248831
v -0.003253 -0.014903 -0.251261
v -0.002646 -0.009145 -0.244978
v -0.002284 -0.008914 -0.241464
v -0.002996 -0.009362 -0.248494
v -0.002078 -0.004997 -0.239506
v -0.001512 -0.005265 -0.234331
v -0.002619 -0.004746 -0.244686
v -0.003132 -0.004532 -0.249822
v -0.003336 -0.009529 -0.252014
v -0.003614 -0.004378 -0.254887
v -0.003616 -0.009616 -0.254994
v -0.003620 -0.003399 -0.254877
v -0.001402 -0.004590 -0.233278
v -0.003633 -0.002312 -0.254871
v -0.001378 -0.003725 -0.232930
v -0.003671 -0.000183 -0.254865
v -0.003708 0.001672 -0.254866
v -0.001420 -0.001815 -0.232939
v -0.001507 0.000054 -0.233360
v -0.000096 -0.002583 -0.221765
v -0.001388 -0.002824 -0.232848
v -0.000057 -0.003553 -0.221632
v -0.000055 -0.004401 -0.221759
v 0.000698 -0.004245 -0.215688
v 0.000585 -0.004971 -0.216701
v 0.000793 -0.003421 -0.214789
v 0.000904 -0.001770 -0.213659
v -0.000213 -0.000727 -0.222390
v 0.000913 -0.001508 -0.213546
v 0.000930 0.000137 -0.213208
v -0.001602 0.001895 -0.233887
v -0.003742 0.003332 -0.254866
v -0.003769 0.004863 -0.254868
v 0.000438 -0.005673 -0.217951
v 0.000272 -0.006266 -0.219303
v -0.000105 -0.005194 -0.222286
v -0.000225 -0.005812 -0.223305
v -0.000346 -0.005752 -0.224304
v -0.000932 -0.005535 -0.229244
v -0.001470 -0.005285 -0.233955
v 0.000199 -0.006467 -0.197134
v -0.000400 -0.007941 -0.224718
v 0.000167 -0.006555 -0.187410
v -0.003483 -0.014900 -0.253692
v -0.003444 -0.014901 -0.253273
v -0.003437 -0.014901 -0.253197
v -0.003434 -0.014901 -0.253163
v -0.003432 -0.014901 -0.253147
v -0.003432 -0.014901 -0.253145
v -0.003432 -0.014901 -0.253144
v -0.003432 -0.014901 -0.253144
v -0.003431 -0.014901 -0.253134
v -0.003429 -0.014901 -0.253111
v -0.003393 -0.014901 -0.252738
v -0.002255 -0.014914 -0.241287
v -0.002204 -0.015009 -0.240810
v -0.002156 -0.015189 -0.240354
v -0.002111 -0.015582 -0.239933
v -0.005709 -0.016599 -0.238262
v -0.005824 -0.019127 -0.241069
v -0.005920 -0.021772 -0.243762
v -0.008821 -0.020096 -0.242043
v -0.008846 -0.022567 -0.244878
v -0.008794 -0.018362 -0.239930
v -0.008842 -0.024491 -0.247202
v -0.027089 -0.025185 -0.254916
v -0.008835 -0.024980 -0.247846
v -0.005966 -0.024347 -0.246583
v -0.008749 -0.027001 -0.251137
v -0.008744 -0.027053 -0.251249
v -0.026899 -0.027198 -0.259995
v -0.045001 -0.027034 -0.268714
v -0.026666 -0.028024 -0.265173
v -0.044806 -0.028041 -0.275041
v -0.008498 -0.028006 -0.255289
v -0.005397 -0.027969 -0.280723
v -0.005614 -0.027543 -0.253727
v -0.005901 -0.026551 -0.249833
v -0.003785 -0.026720 -0.252744
v -0.002928 -0.026156 -0.252285
v -0.000564 -0.026680 -0.279933
v 0.003025 -0.023157 -0.279342
v 0.005570 -0.026633 -0.308872
v 0.009088 -0.023111 -0.307945
v 0.000833 -0.027922 -0.310114
v 0.014407 -0.026583 -0.337103
v 0.017016 -0.026569 -0.344237
v 0.017823 -0.023061 -0.335847
v 0.009809 -0.027870 -0.338787
v 0.010284 -0.027868 -0.340088
v 0.004234 -0.027870 -0.346533
v 0.012418 -0.027857 -0.345921
v 0.012894 -0.027848 -0.352750
v 0.009658 -0.027845 -0.358783
v 0.017682 -0.026556 -0.353776
v 0.013162 -0.026553 -0.362204
v 0.021237 -0.023032 -0.354536
v 0.022649 -0.018178 -0.354835
v 0.019335 -0.023028 -0.359814
v 0.021608 -0.023039 -0.348177
v 0.020432 -0.023048 -0.342981
v 0.023046 -0.018186 -0.348034
v 0.022992 -0.018180 -0.352771
v 0.021788 -0.018195 -0.342476
v 0.021854 -0.016074 -0.342448
v 0.019179 -0.018208 -0.335342
v 0.019245 -0.016087 -0.335314
v 0.010485 -0.018258 -0.307570
v 0.004451 -0.018304 -0.279102
v 0.010554 -0.016136 -0.307549
v 0.010458 -0.015725 -0.307573
v 0.004521 -0.016180 -0.279087
v 0.004424 -0.015771 -0.279103
v 0.001200 -0.016218 -0.250184
v 0.001102 -0.015813 -0.250190
v 0.001040 -0.016229 -0.247612
v 0.001129 -0.018346 -0.250191
v 0.001018 -0.018043 -0.248332
v 0.000609 -0.021256 -0.250432
v 0.000453 -0.021099 -0.248620
v -0.000272 -0.023199 -0.250883
v -0.000773 -0.023968 -0.251145
v -0.000994 -0.023825 -0.249318
v -0.003156 -0.025952 -0.250386
v -0.001135 -0.023101 -0.247566
v -0.001221 -0.020734 -0.244597
v 0.000348 -0.020352 -0.246894
v -0.003297 -0.025212 -0.248563
v -0.003372 -0.022910 -0.245467
v -0.003302 -0.020175 -0.242782
v -0.001170 -0.017876 -0.242022
v -0.001126 -0.016639 -0.240996
v -0.000389 -0.016580 -0.241743
v 0.000099 -0.016518 -0.242415
v 0.000150 -0.016133 -0.242386
v 0.000263 -0.016488 -0.242702
v 0.000680 -0.016363 -0.243800
v 0.000266 -0.017931 -0.243993
v 0.000896 -0.016243 -0.245292
v 0.000844 -0.015919 -0.245295
v 0.000938 -0.017199 -0.246583
v 0.000980 -0.017740 -0.247567
v 0.000802 -0.015827 -0.245298
v 0.000676 -0.015653 -0.245306
v 0.000036 -0.015766 -0.242449
v 0.000508 -0.015518 -0.245317
v 0.000808 -0.015509 -0.250209
v 0.000418 -0.015472 -0.245323
v -0.000215 -0.015504 -0.242592
v 0.000097 -0.015405 -0.245345
v 0.000401 -0.015398 -0.250236
v -0.000544 -0.015409 -0.242778
v -0.001757 -0.015413 -0.241340
v -0.003113 -0.015398 -0.255106
v -0.001857 -0.015393 -0.241330
v -0.001804 -0.015453 -0.240975
v -0.001890 -0.015422 -0.240957
v -0.001831 -0.015526 -0.240748
v -0.001843 -0.015578 -0.240642
v -0.001872 -0.015792 -0.240377
v -0.001876 -0.015850 -0.240332
v -0.001887 -0.016082 -0.240230
v -0.001888 -0.016172 -0.240216
v -0.001888 -0.016226 -0.240215
v -0.001888 -0.016249 -0.240216
v -0.001888 -0.016255 -0.240216
v -0.001888 -0.016257 -0.240216
v -0.001888 -0.016262 -0.240217
v -0.001887 -0.016285 -0.240219
v -0.001885 -0.016401 -0.240244
v -0.001872 -0.016615 -0.240360
v -0.001999 -0.016433 -0.240114
v -0.001999 -0.016464 -0.240124
v -0.001866 -0.016680 -0.240416
v -0.001934 -0.015356 -0.241321
v -0.001988 -0.015320 -0.241316
v -0.003290 -0.015339 -0.255102
v -0.003225 -0.015371 -0.255103
v -0.003344 -0.015305 -0.255101
v -0.003163 -0.015391 -0.255105
v -0.004677 -0.015338 -0.258847
v -0.004765 -0.015255 -0.258814
v -0.004648 -0.015358 -0.258859
v -0.014940 -0.015363 -0.274275
v -0.004605 -0.015380 -0.258876
v -0.004529 -0.015395 -0.258908
v -0.014787 -0.015393 -0.274328
v -0.025153 -0.015390 -0.289910
v -0.025294 -0.015370 -0.289784
v -0.035519 -0.015387 -0.305492
v -0.039843 -0.015386 -0.311991
v -0.035773 -0.015347 -0.305089
v -0.035990 -0.015256 -0.304677
v -0.025427 -0.015317 -0.289649
v -0.015081 -0.015286 -0.274209
v -0.025630 -0.015156 -0.289370
v -0.025870 -0.014765 -0.288807
v -0.026316 -0.013883 -0.287677
v -0.036336 -0.015016 -0.303850
v -0.015403 -0.014514 -0.273764
v -0.015639 -0.013375 -0.273155
v -0.016036 -0.011031 -0.272043
v -0.004989 -0.012867 -0.258670
v -0.005065 -0.010216 -0.258552
v -0.005124 -0.007707 -0.258438
v -0.016342 -0.008598 -0.271096
v -0.016561 -0.006085 -0.270342
v -0.027654 -0.009493 -0.283859
v -0.028071 -0.006874 -0.282469
v -0.038966 -0.010389 -0.296622
v -0.027072 -0.011849 -0.285613
v -0.038108 -0.012667 -0.299183
v -0.049143 -0.013485 -0.312753
v -0.036993 -0.014392 -0.302198
v -0.047671 -0.014900 -0.316720
v -0.045886 -0.015384 -0.321074
v -0.048556 -0.014194 -0.314381
v -0.048953 -0.014299 -0.314461
v -0.046258 -0.015495 -0.321235
v -0.051000 -0.010544 -0.308454
v -0.049263 -0.014578 -0.314439
v -0.046527 -0.015796 -0.321351
v -0.049401 -0.014954 -0.314323
v -0.051335 -0.010778 -0.308289
v -0.051483 -0.011082 -0.308006
v -0.052520 -0.004535 -0.304321
v -0.052429 -0.004499 -0.304400
v -0.052591 -0.004570 -0.304239
v -0.052713 -0.004663 -0.304002
v -0.052809 -0.001247 -0.303683
v -0.052568 -0.001231 -0.303754
v -0.053022 -0.001265 -0.303551
v -0.052834 0.002200 -0.303587
v -0.052620 0.002189 -0.303686
v -0.052609 0.002188 -0.303689
v -0.052389 0.002177 -0.303717
v -0.052187 0.002166 -0.303688
v -0.052317 -0.001218 -0.303778
v -0.052248 -0.004445 -0.304504
v -0.052066 -0.001208 -0.303763
v -0.052181 0.002165 -0.303686
v -0.052057 -0.004407 -0.304559
v -0.051843 -0.001201 -0.303719
v -0.051859 -0.000198 -0.303585
v -0.051833 -0.001564 -0.303782
v -0.051796 -0.002518 -0.303984
v -0.051672 -0.004374 -0.304544
v -0.051863 -0.004384 -0.304572
v -0.051598 -0.005151 -0.304850
v -0.051090 -0.008452 -0.306725
v -0.039967 -0.004603 -0.293172
v -0.039580 -0.007663 -0.294597
v -0.028336 -0.004055 -0.281493
v -0.050571 -0.010443 -0.308456
v -0.050278 -0.011285 -0.309385
v -0.051891 0.000536 -0.303539
v -0.052132 -0.004420 -0.304543
v -0.053104 -0.001274 -0.303452
v -0.053089 0.000471 -0.303398
v -0.053042 0.002210 -0.303388
v -0.053175 0.000464 -0.303288
v -0.053127 0.002213 -0.303236
v -0.053216 0.000458 -0.303184
v -0.053218 0.000176 -0.303214
v -0.053144 -0.001281 -0.303350
v -0.052890 -0.003413 -0.303633
v -0.052762 -0.004425 -0.303867
v -0.052730 -0.004687 -0.303939
v -0.055526 -0.004463 -0.280125
v -0.055573 0.000176 -0.280098
v -0.055386 -0.007257 -0.280152
v -0.055756 -0.007434 -0.270186
v -0.055281 -0.009110 -0.280171
v -0.052572 -0.009077 -0.303911
v -0.054892 -0.015064 -0.280224
v -0.054717 -0.018401 -0.280235
v -0.055258 -0.015197 -0.270176
v -0.054708 -0.014907 -0.261440
v -0.054355 -0.019526 -0.270228
v -0.054394 -0.019159 -0.269427
v -0.053752 -0.022354 -0.279791
v -0.053250 -0.023272 -0.279539
v -0.054300 -0.020935 -0.280058
v -0.054225 -0.020924 -0.283937
v -0.054647 -0.018395 -0.283942
v -0.053211 -0.023203 -0.283921
v -0.050329 -0.023170 -0.305317
v -0.053171 -0.023268 -0.283920
v -0.049590 -0.026726 -0.283856
v -0.046824 -0.026696 -0.304464
v -0.049506 -0.026773 -0.283854
v -0.044638 -0.028030 -0.283763
v -0.049625 -0.026781 -0.277636
v -0.049876 -0.026635 -0.277770
v -0.052093 -0.024820 -0.278940
v -0.050639 -0.024006 -0.267797
v -0.045144 -0.025889 -0.265548
v -0.052940 -0.021802 -0.268751
v -0.051167 -0.019081 -0.258646
v -0.053362 -0.016769 -0.259420
v -0.045614 -0.021467 -0.256792
v -0.051536 -0.014227 -0.249450
v -0.051781 -0.011921 -0.239381
v -0.054996 -0.009167 -0.250448
v -0.054753 -0.014065 -0.259961
v -0.055006 -0.008988 -0.250016
v -0.055152 -0.007097 -0.243800
v -0.055513 -0.007224 -0.249987
v -0.056150 0.000176 -0.250009
v -0.055870 -0.007394 -0.260055
v -0.055955 0.000176 -0.260133
v -0.054748 -0.014162 -0.260130
v -0.055764 0.000176 -0.270071
v -0.055957 0.000176 -0.260055
v -0.056150 0.000176 -0.250034
v -0.055575 0.011147 -0.260040
v -0.055946 0.005803 -0.250495
v -0.055571 0.011209 -0.260142
v -0.055200 0.016555 -0.269725
v -0.055194 0.016629 -0.269889
v -0.055956 0.005664 -0.250190
v -0.055761 0.000176 -0.270262
v -0.056342 0.000176 -0.240012
v -0.055248 -0.006696 -0.239984
v -0.056923 0.000176 -0.209808
v -0.055778 -0.006950 -0.209876
v -0.045918 -0.018382 -0.250957
v -0.045298 -0.024517 -0.262540
v -0.042088 -0.028001 -0.303311
v -0.035315 -0.027966 -0.321817
v -0.024645 -0.027927 -0.338394
v -0.039679 -0.026659 -0.323989
v -0.028489 -0.026619 -0.341514
v -0.042910 -0.023132 -0.325590
v -0.031302 -0.023090 -0.343791
v -0.044280 -0.018324 -0.326253
v -0.047608 -0.018339 -0.318806
v -0.040713 -0.018310 -0.332800
v -0.040752 -0.016175 -0.332883
v -0.032417 -0.018281 -0.344685
v -0.016527 -0.018230 -0.364237
v -0.032478 -0.016160 -0.344729
v -0.016588 -0.016109 -0.364281
v -0.033174 -0.016155 -0.343864
v -0.033077 -0.015746 -0.343827
v -0.032966 -0.015575 -0.343763
v -0.046529 -0.015801 -0.321352
v -0.016511 -0.015693 -0.364217
v -0.016513 -0.015698 -0.364219
v -0.016415 -0.015526 -0.364139
v -0.016290 -0.015396 -0.364037
v -0.016285 -0.015393 -0.364033
v -0.032824 -0.015444 -0.343673
v -0.032485 -0.015334 -0.343445
v -0.046253 -0.015492 -0.321232
v -0.015969 -0.015281 -0.363776
v -0.008011 -0.015260 -0.369879
v -0.008177 -0.015372 -0.370251
v 0.001845 -0.015242 -0.371733
v 0.011477 -0.015229 -0.368938
v 0.001865 -0.015353 -0.372140
v 0.011679 -0.015340 -0.369293
v 0.001880 -0.015657 -0.372434
v 0.011825 -0.015644 -0.369549
v -0.008296 -0.015676 -0.370520
v 0.001885 -0.016068 -0.372532
v 0.011873 -0.016056 -0.369634
v -0.008335 -0.016088 -0.370610
v 0.001885 -0.018190 -0.372461
v -0.000464 -0.018193 -0.372451
v 0.006022 -0.018184 -0.371870
v 0.011840 -0.018177 -0.369573
v 0.005690 -0.023037 -0.370464
v 0.004846 -0.026561 -0.366926
v 0.011131 -0.023031 -0.368316
v -0.000373 -0.023046 -0.371007
v -0.005881 -0.023057 -0.369938
v -0.011532 -0.023070 -0.367000
v -0.004707 -0.026577 -0.366492
v -0.006354 -0.018205 -0.371307
v -0.008302 -0.018209 -0.370545
v -0.012398 -0.018219 -0.368165
v -0.003134 -0.027862 -0.361853
v -0.012559 -0.026597 -0.361034
v -0.015392 -0.023081 -0.363327
v -0.028449 -0.026648 -0.341482
v -0.008756 -0.027877 -0.357946
v -0.007621 -0.027873 -0.359165
v -0.002580 -0.027872 -0.353793
v -0.000575 -0.027867 -0.354941
v -0.002935 -0.027873 -0.353424
v -0.002935 -0.015273 -0.353424
v -0.004101 -0.027878 -0.350872
v -0.004101 -0.015278 -0.350872
v -0.003702 -0.027881 -0.348095
v -0.003702 -0.015281 -0.348095
v -0.001864 -0.027880 -0.345975
v -0.001864 -0.015280 -0.345975
v 0.000827 -0.027877 -0.345185
v 0.000827 -0.015277 -0.345185
v 0.003519 -0.027872 -0.345975
v 0.003519 -0.015272 -0.345975
v 0.005357 -0.015266 -0.348095
v 0.005756 -0.015262 -0.350872
v 0.005357 -0.027866 -0.348095
v 0.005756 -0.027862 -0.350872
v 0.004590 -0.027860 -0.353424
v 0.002230 -0.027862 -0.354941
v 0.004590 -0.015260 -0.353424
v 0.004457 -0.015260 -0.353570
v 0.002230 -0.015262 -0.354941
v 0.016565 -0.015226 -0.364933
v 0.018811 -0.015226 -0.362097
v 0.019151 -0.015337 -0.362323
v 0.022267 -0.015232 -0.352683
v 0.022672 -0.015343 -0.352730
v 0.021101 -0.015247 -0.342721
v 0.021485 -0.015358 -0.342581
v 0.018493 -0.015260 -0.335588
v 0.009779 -0.015310 -0.307750
v 0.018876 -0.015372 -0.335448
v 0.019152 -0.015676 -0.335347
v 0.010174 -0.015421 -0.307647
v 0.004133 -0.015467 -0.279149
v 0.003730 -0.015356 -0.279215
v 0.021761 -0.015662 -0.342481
v 0.022965 -0.015647 -0.352765
v 0.019396 -0.015641 -0.362486
v 0.023062 -0.016059 -0.352777
v 0.019478 -0.016052 -0.362540
v 0.019420 -0.018173 -0.362502
v 0.020614 -0.018174 -0.360479
v 0.016794 -0.018174 -0.365752
v 0.015763 -0.023028 -0.364744
v -0.000575 -0.015267 -0.354941
v -0.002803 -0.015281 -0.346756
v -0.031282 -0.023132 -0.343775
v 0.003705 -0.027851 -0.362164
v -0.046619 -0.016204 -0.321392
v -0.047686 -0.016053 -0.318833
v -0.051810 -0.018363 -0.305679
v -0.052239 -0.018366 -0.303851
v -0.046757 0.016679 -0.321223
v -0.049239 0.016197 -0.315126
v -0.045452 0.019481 -0.250717
v -0.045538 0.017080 -0.244486
v -0.027723 0.018164 -0.234963
v -0.057981 0.003172 -0.149408
v -0.026119 0.019780 -0.125712
v -0.033209 0.019718 -0.124292
v -0.025490 0.020540 -0.109421
v -0.023620 0.022145 -0.093209
v -0.017077 0.019981 -0.110841
v -0.028853 0.022187 -0.091157
v -0.017776 0.026783 -0.061118
v -0.012230 0.026779 -0.062460
v -0.025461 0.026776 -0.058324
v -0.026798 0.026773 -0.057717
v -0.035124 0.026741 -0.052997
v -0.012099 0.026967 -0.061801
v -0.011981 0.027305 -0.061204
v -0.003379 0.026905 -0.062808
v -0.005649 0.015227 -0.129812
v -0.005330 0.014983 -0.129876
v 0.006626 0.029268 -0.060760
v 0.018836 0.034192 -0.058055
v 0.034438 0.034192 -0.050391
v 0.034403 0.047203 -0.050375
v 0.038544 0.034192 -0.047324
v 0.038734 0.017006 -0.047557
v 0.047239 0.034192 -0.038648
v 0.047202 0.047203 -0.038641
v 0.051153 0.047203 -0.033235
v 0.039306 0.047203 -0.046650
v 0.039305 0.047623 -0.046649
v 0.051152 0.047623 -0.033234
v 0.024075 0.047623 -0.056048
v 0.023581 0.047623 -0.054492
v 0.023613 0.047757 -0.056245
v 0.024075 0.047203 -0.056049
v 0.023119 0.047757 -0.054690
v 0.023273 0.048123 -0.056386
v 0.023149 0.048623 -0.056437
v 0.022780 0.048123 -0.054832
v 0.022656 0.048623 -0.054883
v 0.022656 0.053623 -0.054883
v 0.023149 0.053623 -0.056437
v 0.022780 0.054123 -0.054832
v 0.023119 0.054489 -0.054690
v 0.023273 0.054123 -0.056386
v 0.023613 0.054489 -0.056245
v 0.024075 0.054623 -0.056048
v 0.023581 0.054623 -0.054492
v 0.039305 0.054623 -0.046649
v 0.024076 0.055623 -0.056049
v 0.039306 0.055623 -0.046650
v 0.018827 0.055623 -0.058025
v 0.024076 0.075723 -0.056049
v 0.018827 0.075723 -0.058025
v 0.031901 0.075723 -0.051994
v 0.031797 0.075923 -0.051823
v 0.039305 0.075723 -0.046649
v 0.045641 0.075723 -0.040471
v 0.045491 0.075923 -0.040338
v 0.051151 0.075723 -0.033235
v 0.051152 0.055623 -0.033235
v 0.055437 0.075723 -0.025451
v 0.055255 0.075923 -0.025368
v 0.058595 0.075723 -0.016960
v 0.058596 0.055623 -0.016960
v 0.060442 0.075723 -0.008232
v 0.060244 0.075923 -0.008205
v 0.060995 0.075723 0.000775
v 0.060996 0.055623 0.000775
v 0.060224 0.075723 0.009699
v 0.060027 0.075923 0.009667
v 0.058145 0.075723 0.018444
v 0.058145 0.055623 0.018444
v 0.054802 0.075723 0.026792
v 0.050290 0.075723 0.034525
v 0.054622 0.075923 0.026703
v 0.044497 0.075923 0.041432
v 0.030527 0.075923 0.052581
v 0.044644 0.075723 0.041569
v 0.038106 0.075723 0.047634
v 0.030628 0.075723 0.052754
v 0.038105 0.055623 0.047633
v 0.038104 0.055623 0.047634
v 0.050288 0.055623 0.034526
v 0.050289 0.054623 0.034526
v 0.050289 0.055623 0.034524
v 0.058145 0.055623 0.018445
v 0.058144 0.054623 0.018445
v 0.060995 0.054623 0.000777
v 0.058595 0.054623 -0.016959
v 0.060996 0.055623 0.000777
v 0.051152 0.054623 -0.033234
v 0.058596 0.055623 -0.016959
v 0.051153 0.055623 -0.033235
v 0.038104 0.054623 0.047635
v 0.022640 0.054623 0.056643
v 0.005227 0.054623 0.060776
v 0.022639 0.055623 0.056642
v 0.005227 0.055623 0.060774
v 0.022640 0.055623 0.056641
v 0.022641 0.075723 0.056643
v 0.013965 0.075723 0.059380
v 0.013919 0.075923 0.059185
v 0.005227 0.075723 0.060776
v -0.003904 0.075723 0.060875
v -0.003892 0.075923 0.060675
v -0.012636 0.075723 0.059675
v -0.012636 0.055623 0.059674
v -0.018063 0.075723 0.058263
v -0.018827 0.075723 0.058024
v -0.018004 0.075923 0.058073
v -0.018063 0.055623 0.058261
v -0.031796 0.075923 0.051823
v -0.045491 0.075923 0.040338
v -0.031901 0.075723 0.051994
v -0.039260 0.075723 0.046687
v -0.024075 0.075723 0.056049
v -0.024075 0.055623 0.056049
v -0.024075 0.054623 0.056048
v -0.039260 0.055623 0.046687
v -0.051087 0.055623 0.033334
v -0.039260 0.054623 0.046687
v -0.051087 0.054623 0.033333
v -0.058546 0.054623 0.017129
v -0.051088 0.055623 0.033333
v -0.058546 0.055623 0.017130
v -0.058546 0.055623 0.017129
v -0.058546 0.075723 0.017130
v -0.060442 0.075723 0.008232
v -0.055437 0.075723 0.025451
v -0.055255 0.075923 0.025368
v -0.051087 0.075723 0.033334
v -0.045641 0.075723 0.040471
v -0.060244 0.075923 0.008205
v -0.048151 0.075923 0.037123
v -0.043162 0.075923 0.033276
v -0.044642 0.075923 0.031262
v -0.034026 0.075923 0.042573
v -0.034026 0.097496 0.042573
v -0.020654 0.075923 0.050435
v -0.005608 0.075923 0.054211
v -0.020654 0.097496 0.050435
v -0.021056 0.097496 0.050268
v -0.005718 0.097496 0.054199
v -0.005608 0.097496 0.054211
v -0.005453 0.099000 0.053623
v -0.020073 0.099000 0.050023
v 0.009523 0.099000 0.053052
v 0.010196 0.097496 0.053538
v 0.023958 0.099000 0.048283
v 0.036887 0.099000 0.039301
v 0.024991 0.097496 0.048433
v 0.037297 0.097496 0.039739
v 0.024591 0.097496 0.048637
v 0.024591 0.075923 0.048637
v 0.009892 0.075923 0.053595
v 0.037297 0.075923 0.039739
v 0.046982 0.075923 0.027621
v 0.052861 0.075923 0.013266
v 0.046982 0.097496 0.027621
v 0.046753 0.097496 0.028008
v 0.052785 0.097496 0.013566
v 0.052343 0.099000 0.012863
v 0.052861 0.097496 0.013266
v 0.054457 0.097496 -0.002164
v 0.054457 0.075923 -0.002164
v 0.054453 0.097496 -0.002275
v 0.053861 0.099000 -0.002046
v 0.051642 0.097496 -0.017419
v 0.051641 0.075923 -0.017419
v 0.051501 0.097496 -0.017831
v 0.051193 0.099000 -0.016866
v 0.044642 0.097497 -0.031262
v 0.044642 0.075923 -0.031262
v 0.044462 0.097497 -0.031518
v 0.034270 0.097497 -0.042377
v 0.044319 0.099000 -0.030677
v 0.033422 0.099000 -0.042287
v 0.020074 0.099000 -0.050022
v 0.005453 0.099000 -0.053623
v 0.021057 0.097497 -0.050268
v 0.034026 0.097497 -0.042573
v 0.020654 0.097497 -0.050435
v 0.005719 0.097497 -0.054199
v 0.020654 0.075923 -0.050435
v 0.034026 0.075923 -0.042573
v 0.005608 0.075923 -0.054211
v -0.009892 0.075923 -0.053595
v 0.005608 0.097497 -0.054211
v -0.009892 0.097497 -0.053595
v -0.010196 0.097497 -0.053538
v -0.009523 0.099000 -0.053052
v -0.024590 0.097497 -0.048637
v -0.024591 0.075923 -0.048637
v -0.024991 0.097497 -0.048433
v -0.023958 0.099000 -0.048283
v -0.037297 0.097497 -0.039739
v -0.037297 0.075923 -0.039739
v -0.036886 0.099000 -0.039301
v -0.046753 0.097497 -0.028008
v -0.046668 0.099000 -0.026967
v -0.046982 0.097497 -0.027621
v -0.052785 0.097497 -0.013566
v -0.046982 0.075923 -0.027621
v -0.052861 0.075923 -0.013266
v -0.054457 0.075923 0.002164
v -0.052861 0.097497 -0.013266
v -0.054457 0.097497 0.002164
v -0.054452 0.097497 0.002275
v -0.051641 0.097497 0.017419
v -0.053861 0.099000 0.002046
v -0.052342 0.099000 -0.012863
v -0.051193 0.099000 0.016866
v -0.044319 0.099000 0.030677
v -0.051500 0.097497 0.017831
v -0.044642 0.097497 0.031262
v -0.044462 0.097497 0.031518
v -0.034270 0.097496 0.042377
v -0.033422 0.099000 0.042287
v -0.051641 0.075923 0.017419
v 0.043162 0.075923 -0.033276
v 0.048151 0.075923 -0.037123
v 0.046669 0.099000 0.026967
v 0.009892 0.097496 0.053595
v -0.060026 0.075923 -0.009667
v -0.054622 0.075923 -0.026703
v -0.060224 0.075723 -0.009699
v -0.058234 0.075723 -0.018162
v -0.060998 0.075723 -0.000539
v -0.060998 0.055623 -0.000539
v -0.060998 0.055623 -0.000540
v -0.058234 0.055623 -0.018162
v -0.060998 0.054623 -0.000540
v -0.058233 0.054623 -0.018163
v -0.050489 0.054623 -0.034233
v -0.058233 0.055623 -0.018163
v -0.050489 0.055623 -0.034232
v -0.050488 0.055623 -0.034233
v -0.050490 0.075723 -0.034232
v -0.044644 0.075723 -0.041569
v -0.054802 0.075723 -0.026792
v -0.044497 0.075923 -0.041432
v -0.038427 0.075723 -0.047375
v -0.030628 0.075723 -0.052754
v -0.038427 0.055623 -0.047374
v -0.038426 0.055623 -0.047375
v -0.038427 0.054623 -0.047375
v -0.023078 0.055623 -0.056464
v -0.023078 0.055623 -0.056465
v -0.023079 0.075723 -0.056466
v -0.013965 0.075723 -0.059380
v -0.013919 0.075923 -0.059185
v -0.005757 0.075723 -0.060728
v -0.005757 0.055623 -0.060726
v 0.003905 0.075723 -0.060875
v 0.012057 0.075723 -0.059795
v 0.003892 0.075923 -0.060675
v 0.018385 0.075923 -0.057955
v 0.018445 0.075723 -0.058143
v 0.018063 0.075723 -0.058262
v 0.018063 0.055623 -0.058262
v 0.012057 0.055623 -0.059795
v 0.012058 0.054623 -0.059796
v 0.012637 0.054623 -0.059677
v -0.005756 0.054623 -0.060728
v -0.023078 0.054623 -0.056466
v 0.012143 0.054623 -0.058121
v 0.013127 0.054488 -0.059571
v 0.012634 0.054489 -0.058016
v 0.013487 0.054124 -0.059490
v 0.013617 0.053623 -0.059461
v 0.012993 0.054123 -0.057937
v 0.013124 0.053623 -0.057907
v 0.013124 0.048623 -0.057907
v 0.012993 0.048123 -0.057937
v 0.013617 0.048623 -0.059461
v 0.013487 0.048122 -0.059490
v 0.013127 0.047758 -0.059571
v 0.012634 0.047757 -0.058016
v 0.012143 0.047623 -0.058121
v -0.004414 0.047623 -0.059211
v -0.021566 0.047623 -0.055320
v -0.004414 0.054623 -0.059211
v -0.021566 0.054623 -0.055320
v -0.036825 0.054623 -0.046576
v -0.048854 0.054623 -0.033745
v -0.036825 0.047623 -0.046576
v -0.048854 0.047623 -0.033745
v -0.056596 0.047623 -0.017954
v -0.056596 0.054623 -0.017954
v -0.059372 0.047623 -0.000587
v -0.059372 0.054623 -0.000587
v -0.056940 0.047623 0.016831
v -0.056940 0.054623 0.016831
v -0.049511 0.047623 0.032773
v -0.037739 0.047623 0.045839
v -0.049511 0.054623 0.032773
v -0.037739 0.054623 0.045839
v -0.023581 0.054623 0.054492
v -0.023120 0.054489 0.054690
v -0.023613 0.054488 0.056244
v -0.022781 0.054123 0.054833
v -0.023272 0.054124 0.056386
v -0.022657 0.053623 0.054886
v -0.023149 0.053623 0.056437
v -0.022658 0.048623 0.054888
v -0.023149 0.048623 0.056437
v -0.022782 0.048123 0.054836
v -0.023120 0.047757 0.054691
v -0.023272 0.048122 0.056386
v -0.030527 0.075923 -0.052581
v 0.005226 0.055623 0.060774
v -0.012637 0.054623 0.059677
v -0.012143 0.054623 0.058121
v -0.013127 0.054488 0.059571
v -0.013487 0.054124 0.059490
v -0.012634 0.054489 0.058016
v -0.012993 0.054123 0.057937
v -0.013124 0.053623 0.057907
v -0.013124 0.048623 0.057907
v -0.013617 0.053623 0.059461
v -0.013617 0.048623 0.059461
v -0.013487 0.048122 0.059490
v -0.013127 0.047758 0.059571
v -0.012993 0.048123 0.057937
v -0.012634 0.047757 0.058016
v -0.012143 0.047623 0.058121
v 0.004414 0.047623 0.059211
v 0.021566 0.047623 0.055320
v 0.004414 0.054623 0.059211
v 0.021566 0.054623 0.055320
v 0.036825 0.054623 0.046576
v 0.048854 0.054623 0.033745
v 0.036825 0.047623 0.046576
v 0.048854 0.047623 0.033745
v 0.056596 0.047623 0.017954
v 0.059372 0.047623 0.000587
v 0.056596 0.054623 0.017954
v 0.059372 0.054623 0.000587
v 0.056940 0.054623 -0.016831
v 0.049512 0.054623 -0.032772
v 0.056940 0.047623 -0.016831
v 0.049512 0.047623 -0.032772
v 0.037740 0.047623 -0.045839
v 0.037740 0.054623 -0.045839
v 0.058595 0.047623 -0.016959
v 0.060995 0.047623 0.000777
v 0.058596 0.047203 -0.016959
v 0.060600 0.047203 -0.006982
v 0.056180 0.047203 -0.023767
v 0.056209 0.034192 -0.023784
v 0.058080 0.034192 -0.018758
v 0.060634 0.034192 -0.006979
v 0.060995 0.047203 0.000776
v 0.060113 0.047203 0.010368
v 0.058145 0.047203 0.018445
v 0.060143 0.034192 0.010391
v 0.054754 0.047203 0.026889
v 0.058144 0.047623 0.018445
v 0.050289 0.047623 0.034526
v 0.038104 0.047623 0.047635
v 0.050289 0.047203 0.034526
v 0.044956 0.047203 0.041231
v 0.044986 0.034192 0.041248
v 0.054782 0.034192 0.026910
v 0.039282 0.014573 -0.047160
v 0.039290 0.014520 -0.047155
v 0.039289 0.014523 -0.047155
v 0.039294 0.014494 -0.047152
v 0.039283 0.014562 -0.047159
v 0.039155 0.015236 -0.047251
v 0.038363 0.017886 -0.047838
v 0.032667 0.010867 -0.053319
v 0.035939 0.021910 -0.049616
v 0.035632 0.022249 -0.049834
v 0.030130 0.015485 -0.055684
v 0.025054 0.009267 -0.061799
v 0.030641 0.010457 -0.055406
v 0.024421 0.009126 -0.062590
v 0.022765 0.008755 -0.064733
v 0.016196 0.007229 -0.074502
v 0.005010 -0.002969 -0.100963
v 0.010968 -0.003128 -0.084946
v 0.003616 -0.002901 -0.106354
v 0.001844 -0.009597 -0.106424
v -0.002435 -0.015019 -0.105770
v 0.009494 -0.009883 -0.083989
v -0.000873 -0.009176 -0.130869
v -0.005087 -0.014401 -0.130030
v 0.016535 -0.022227 -0.025749
v 0.014495 -0.022512 -0.024325
v -0.004330 -0.023781 -0.013690
v -0.016007 -0.023518 -0.009038
v -0.011192 -0.017359 -0.128811
v -0.061391 -0.004550 -0.000937
v -0.039881 0.000176 0.046984
v -0.039497 0.034192 0.046532
v -0.027250 0.000176 0.055276
v -0.024925 0.000176 0.056363
v -0.011117 0.000176 0.060617
v -0.024685 0.034192 0.055820
v -0.034975 0.034192 0.050019
v -0.007923 0.000176 0.061117
v -0.007847 0.034192 0.060528
v 0.005864 0.000176 0.061349
v 0.009729 0.000176 0.060856
v 0.009635 0.034192 0.060269
v 0.039617 -0.008997 0.045832
v -0.055029 -0.011897 -0.120025
v -0.054880 -0.012085 -0.120055
v -0.054842 -0.012132 -0.120063
v -0.054841 -0.012134 -0.120063
v -0.054841 -0.012134 -0.120063
v -0.054841 -0.012134 -0.120063
v -0.054841 -0.012134 -0.120063
v -0.054841 -0.012134 -0.120063
v -0.054841 -0.012133 -0.120063
v -0.054841 -0.012133 -0.120063
v -0.054841 -0.012133 -0.120063
v -0.054841 -0.012134 -0.120063
v -0.054841 -0.012134 -0.120063
v -0.054840 -0.012135 -0.120063
v -0.054839 -0.012136 -0.120064
v -0.054836 -0.012140 -0.120064
v -0.054824 -0.012155 -0.120067
v -0.054772 -0.012219 -0.120077
v -0.054642 -0.012374 -0.120103
v -0.054280 -0.012787 -0.120176
v -0.004781 0.014149 -0.187405
v -0.002114 0.015919 -0.240084
v -0.003671 0.015773 -0.254689
v -0.003751 0.015578 -0.254683
v -0.003667 0.015779 -0.254689
v -0.003515 0.015966 -0.254714
v -0.004897 0.015692 -0.258562
v -0.004827 0.015930 -0.258622
v -0.004810 0.015972 -0.258636
v -0.003381 0.016065 -0.254748
v -0.003286 0.016112 -0.254778
v -0.002015 0.016050 -0.239950
v -0.001968 0.016412 -0.239692
v -0.001299 0.016357 -0.241026
v -0.001166 0.016580 -0.240896
v -0.001380 0.016278 -0.241105
v -0.001099 0.016854 -0.240829
v -0.001619 0.016835 -0.240228
v -0.001093 0.016992 -0.240824
v -0.001107 0.017148 -0.240837
v -0.001701 0.017083 -0.240195
v -0.002148 0.016791 -0.239538
v -0.001826 0.017283 -0.240213
v -0.002206 0.017037 -0.239679
v -0.002297 0.016940 -0.239517
v -0.028553 0.013675 -0.287430
v -0.046932 0.016083 -0.318868
vn 0.0000 1.0000 -0.0000
vn -0.3579 -0.4797 -0.8011
vn -0.2080 -0.8601 -0.4657
vn -0.3958 -0.8602 -0.3217
vn -0.6809 -0.4797 -0.5534
vn 0.0422 -0.4797 -0.8764
vn 0.0246 -0.8602 -0.5094
vn -0.4075 0.0349 -0.9125
vn 0.0481 0.0349 -0.9982
vn -0.7756 0.0349 -0.6303
vn -0.6830 -0.4831 -0.5478
vn -0.7815 0.0319 -0.6231
vn -0.7756 0.0349 -0.6303
vn -0.3931 -0.8632 -0.3168
vn -0.4684 -0.8601 -0.2020
vn -0.6647 -0.6899 -0.2867
vn -0.8057 -0.4798 -0.3474
vn -0.8543 -0.3667 -0.3684
vn -0.9177 0.0349 -0.3957
vn -0.8588 0.0349 -0.5112
vn -0.7756 0.0349 -0.6303
vn -0.8590 0.0349 -0.5107
vn -0.9610 0.0349 -0.2744
vn -0.8949 0.0349 -0.4449
vn -0.9419 0.0350 -0.3341
vn -0.9607 0.0349 -0.2755
vn -0.9610 0.0349 -0.2744
vn -0.7649 0.5200 -0.3801
vn -0.6629 0.5200 -0.5387
vn -0.7756 0.0349 -0.6303
vn -0.6629 0.5200 -0.5387
vn -0.5909 0.0349 -0.8060
vn -0.4076 0.0349 -0.9125
vn -0.5050 0.5200 -0.6889
vn -0.3802 0.8718 -0.3089
vn -0.3802 0.8718 -0.3090
vn -0.1571 0.8718 -0.4640
vn -0.2739 0.5200 -0.8091
vn -0.3205 0.0349 -0.9466
vn -0.0486 0.5200 -0.8528
vn -0.0569 0.0349 -0.9978
vn 0.1143 0.8718 -0.4764
vn 0.1993 0.5200 -0.8306
vn 0.0482 0.0349 -0.9982
vn 0.2332 0.0349 -0.9718
vn 0.4935 0.0349 -0.8690
vn 0.4936 0.0349 -0.8690
vn 0.4218 0.5201 -0.7427
vn 0.7152 0.0349 -0.6981
vn 0.8327 0.0349 -0.5527
vn 0.8327 0.0349 -0.5527
vn 0.6112 0.5200 -0.5966
vn 0.3505 0.8718 -0.3422
vn 0.7573 0.5200 -0.3950
vn 0.8861 0.0349 -0.4622
vn 0.4791 0.8717 -0.1028
vn 0.8351 0.5200 -0.1792
vn -0.0000 1.0000 0.0000
vn -0.0000 1.0000 0.0000
vn -0.0000 1.0000 0.0000
vn 0.0000 1.0000 -0.0000
vn 0.0000 1.0000 -0.0000
vn 0.0000 1.0000 -0.0000
vn -0.0000 1.0000 0.0000
vn -0.0000 1.0000 -0.0000
vn 0.0000 1.0000 -0.0000
vn -0.0000 1.0000 -0.0000
vn 0.4601 0.8718 0.1683
vn -0.0000 1.0000 -0.0000
vn 0.4601 0.8718 0.1683
vn 0.0000 1.0000 -0.0000
vn 0.0000 1.0000 0.0000
vn 0.0000 1.0000 0.0000
vn -0.0000 1.0000 -0.0000
vn -0.0000 1.0000 -0.0000
vn 0.0000 1.0000 -0.0000
vn 0.0000 1.0000 0.0000
vn -0.0000 1.0000 0.0000
vn 0.0000 1.0000 0.0000
vn 0.0000 1.0000 -0.0000
vn -0.0000 1.0000 -0.0000
vn -0.9096 0.0000 -0.4154
vn -0.5406 -0.0000 -0.8413
vn -0.5406 -0.0000 -0.8413
vn -0.6844 0.0000 -0.7291
vn -0.9096 0.0000 -0.4154
vn 0.0001 -0.0000 -1.0000
vn 0.0000 -1.0000 0.0000
vn 0.0000 -1.0000 0.0000
vn 0.0000 -1.0000 0.0000
vn -0.0000 -1.0000 -0.0000
vn 0.0000 -1.0000 -0.0000
vn -0.0000 -1.0000 0.0000
vn -0.0000 -1.0000 -0.0000
vn 0.0000 -1.0000 0.0000
vn 0.0000 -1.0000 0.0000
vn 0.0000 -1.0000 -0.0000
vn 0.0000 -1.0000 -0.0000
vn -0.0000 -1.0000 -0.0000
vn 0.0000 -1.0000 0.0000
vn 0.0000 -1.0000 0.0000
vn 0.0000 -1.0000 -0.0000
vn 0.0008 -1.0000 -0.0009
vn 0.0022 -1.0000 -0.0016
vn 0.0005 -1.0000 -0.0003
vn 0.0007 -1.0000 -0.0005
vn 0.0004 -1.0000 -0.0002
vn -0.0015 -1.0000 0.0010
vn 0.0005 -1.0000 -0.0005
vn 0.0006 -1.0000 -0.0003
vn 0.0017 -1.0000 -0.0010
vn 0.5406 -0.0000 -0.8413
vn 0.5406 -0.0000 -0.8413
vn 0.7291 -0.0000 -0.6844
vn 0.9096 -0.0001 -0.4154
vn 0.9096 -0.0000 -0.4154
vn 0.0000 -1.0000 0.0000
vn -0.0000 -1.0000 -0.0000
vn 0.0056 -1.0000 0.0045
vn -0.0000 -1.0000 -0.0000
vn -0.0000 -1.0000 -0.0000
vn -0.0000 -1.0000 -0.0000
vn 0.0000 -1.0000 -0.0000
vn 0.1296 -0.9878 -0.0868
vn 0.0379 -0.9967 -0.0723
vn 0.1564 -0.9813 -0.1126
vn 0.0218 -0.9997 -0.0146
vn 0.2525 -0.9507 -0.1801
vn 0.5037 -0.7661 -0.3993
vn 0.3519 -0.8937 -0.2783
vn 0.2664 -0.9441 -0.1942
vn 0.5822 -0.6408 -0.5003
vn 0.4534 -0.8035 -0.3857
vn 0.3298 -0.9045 -0.2703
vn 0.1009 -0.9817 -0.1614
vn 0.1668 -0.9561 -0.2410
vn 0.1424 -0.9667 -0.2125
vn 0.3680 -0.8673 -0.3352
vn 0.2344 -0.9194 -0.3159
vn 0.5057 -0.7306 -0.4589
vn 0.4104 -0.8194 -0.4002
vn 0.3024 -0.8706 -0.3881
vn 0.5363 -0.6693 -0.5143
vn 0.6061 -0.5702 -0.5545
vn 0.6129 -0.5261 -0.5896
vn 0.6138 -0.5162 -0.5973
vn 0.5572 -0.6193 -0.5532
vn 0.4626 -0.7544 -0.4657
vn 0.5503 -0.6303 -0.5477
vn 0.6781 -0.4018 -0.6154
vn 0.6691 -0.3812 -0.6380
vn 0.6426 -0.4516 -0.6189
vn 0.6320 -0.4766 -0.6111
vn 0.6798 -0.2508 -0.6892
vn 0.7142 -0.2128 -0.6669
vn 0.7380 -0.0187 -0.6745
vn 0.6972 0.0119 -0.7168
vn 0.6971 -0.0025 -0.7169
vn 0.6970 -0.0136 -0.7169
vn 0.6970 -0.0136 -0.7169
vn 0.7250 -0.2190 -0.6530
vn 0.6827 -0.4473 -0.5778
vn 0.7441 -0.2416 -0.6228
vn 0.7709 -0.0313 -0.6362
vn 0.7459 -0.0203 -0.6658
vn 0.9146 -0.0011 -0.4043
vn 0.9140 -0.0012 -0.4056
vn 0.7935 -0.0664 -0.6049
vn 0.8024 -0.1670 -0.5730
vn 0.9568 -0.0664 -0.2830
vn 0.9091 0.0136 -0.4164
vn 0.9082 0.0139 -0.4184
vn 0.7162 0.0313 -0.6972
vn 0.7076 0.0279 -0.7060
vn 0.6988 0.0207 -0.7150
vn 0.9957 -0.0000 -0.0926
vn 0.9957 0.0100 -0.0925
vn 0.9956 0.0158 -0.0922
vn 0.9956 0.0190 -0.0920
vn 0.9956 0.0203 -0.0918
vn 0.9956 0.0196 -0.0918
vn 0.9956 0.0151 -0.0920
vn 0.9957 0.0102 -0.0922
vn 0.9957 0.0023 -0.0926
vn 0.9957 0.0000 -0.0927
vn 0.9622 -0.2573 -0.0896
vn 0.7989 -0.2094 -0.5638
vn 0.7981 -0.2165 -0.5624
vn 0.7509 -0.3125 -0.5817
vn 0.6561 -0.5933 -0.4664
vn 0.3007 -0.9316 -0.2042
vn 0.7218 -0.4851 -0.4937
vn 0.7402 -0.4412 -0.5074
vn 0.7843 -0.2962 -0.5451
vn 0.6519 -0.5618 -0.5093
vn 0.4273 -0.8517 -0.3033
vn 0.0825 -0.9950 -0.0555
vn 0.5177 -0.7807 -0.3499
vn 0.5672 -0.7288 -0.3837
vn 0.2937 -0.9353 -0.1973
vn 0.3343 -0.9152 -0.2250
vn 0.1934 -0.9809 -0.0180
vn 0.3768 -0.9256 -0.0351
vn 0.4979 -0.8660 -0.0464
vn 0.4972 -0.8661 -0.0521
vn 0.4213 -0.8909 0.1696
vn 0.3547 -0.8675 0.3488
vn 0.2268 -0.9480 0.2231
vn 0.8496 -0.5193 0.0918
vn 0.7259 -0.6835 -0.0764
vn 0.3990 -0.9166 0.0268
vn 0.5125 -0.8580 0.0345
vn 0.5089 -0.8602 0.0342
vn 0.7505 -0.5877 0.3021
vn 0.7225 -0.6897 0.0486
vn 0.8800 -0.4713 0.0591
vn 0.8754 -0.4797 0.0589
vn 0.9162 -0.1564 0.3688
vn 0.9329 -0.3547 0.0627
vn 0.9971 0.0349 0.0671
vn 0.9976 0.0349 0.0606
vn 0.9966 0.0487 0.0669
vn 0.9578 0.1922 0.2139
vn 0.8822 0.3092 0.3552
vn 0.9967 0.0454 0.0666
vn 0.9967 0.0470 0.0669
vn 0.8949 0.3644 0.2576
vn 0.8511 0.3606 0.3816
vn 0.8427 0.3512 0.4080
vn 0.5632 0.5901 0.5785
vn 0.6593 0.6385 0.3970
vn 0.5579 0.5481 0.6231
vn 0.7115 0.4552 0.5353
vn 0.6098 0.5181 0.5997
vn 0.6956 0.2198 0.6840
vn 0.7127 0.0241 0.7010
vn 0.5804 0.5353 0.6137
vn 0.2816 0.6631 0.6935
vn 0.3528 0.6518 0.6714
vn 0.5024 0.5873 0.6346
vn 0.5334 0.5638 0.6306
vn 0.2700 0.7179 0.6416
vn 0.1196 0.7265 0.6767
vn 0.0473 0.7285 0.6834
vn 0.0188 0.7815 0.6236
vn -0.1985 0.8033 0.5615
vn -0.1929 0.7900 0.5820
vn -0.1568 0.7619 0.6285
vn -0.0886 0.7684 0.6338
vn 0.2251 0.7682 0.5993
vn 0.4656 0.6733 0.5743
vn -0.0274 0.8006 0.5985
vn -0.0003 0.8200 0.5724
vn -0.1788 0.8920 0.4152
vn -0.1365 0.8915 0.4319
vn -0.0715 0.9548 0.2886
vn 0.1027 0.9076 0.4070
vn 0.3617 0.8443 0.3953
vn 0.1113 0.9150 0.3878
vn 0.0029 0.9999 -0.0149
vn 0.0026 0.9999 -0.0151
vn 0.2229 0.9748 -0.0125
vn 0.2977 0.9546 -0.0109
vn 0.4775 0.8786 -0.0077
vn 0.3248 0.9457 -0.0107
vn 0.3154 0.9489 -0.0109
vn 0.2224 0.9749 -0.0125
vn 0.2222 0.9749 -0.0125
vn 0.0012 0.9999 -0.0150
vn -0.0002 0.9999 -0.0150
vn 0.2219 0.9750 -0.0126
vn 0.2216 0.9751 -0.0126
vn 0.6196 0.7849 -0.0053
vn 0.6220 0.7830 -0.0053
vn 0.3323 0.9431 -0.0106
vn 0.6572 0.7537 -0.0046
vn 0.6583 0.7528 -0.0046
vn 0.6589 0.7522 -0.0045
vn 0.9052 0.4249 0.0001
vn 0.8944 0.4473 -0.0005
vn 0.9045 0.4264 -0.0000
vn 0.9052 0.4250 0.0001
vn 0.8425 0.5386 -0.0011
vn 0.6979 0.7162 -0.0038
vn 0.6037 0.7113 0.3599
vn 0.7350 0.6003 0.3152
vn 0.7053 0.6059 0.3680
vn 0.5730 0.6151 0.5415
vn 0.9324 0.3324 0.1419
vn 0.9578 0.2811 -0.0602
vn 0.8860 0.3625 0.2892
vn 0.7902 0.4610 0.4039
vn 0.5127 0.6162 0.5978
vn 0.4930 0.6102 0.6202
vn 0.4972 0.5933 0.6331
vn 0.8309 0.1725 0.5290
vn 0.6834 0.4067 0.6062
vn 0.9158 -0.3008 0.2662
vn 0.9081 -0.0667 0.4135
vn 0.9534 0.2523 0.1655
vn 0.9940 -0.0001 -0.1096
vn 0.9944 -0.0000 -0.1060
vn 0.8613 -0.4999 -0.0913
vn 0.8623 -0.5000 -0.0804
vn 0.9934 0.0000 -0.1143
vn 0.9922 0.0001 -0.1248
vn 0.9940 0.0000 -0.1097
vn 0.9324 0.3614 0.0006
vn 0.9760 0.2106 -0.0546
vn 0.9916 0.0044 -0.1292
vn 0.9931 0.0743 -0.0902
vn 0.9939 0.0078 -0.1096
vn 0.9915 0.0057 -0.1303
vn 0.9939 0.0139 -0.1097
vn 0.9913 0.0088 -0.1314
vn 0.9913 0.0102 -0.1313
vn 0.9964 0.0835 0.0172
vn 0.9991 -0.0388 0.0161
vn 0.9997 0.0106 0.0240
vn 0.9967 0.0797 0.0154
vn 0.9976 0.0693 0.0052
vn 0.9994 0.0346 0.0018
vn 0.9994 0.0347 0.0017
vn 0.9993 0.0374 0.0022
vn 1.0000 0.0030 0.0017
vn 0.9719 0.2354 0.0013
vn 0.9994 -0.0340 0.0017
vn 0.9994 -0.0336 0.0017
vn 0.9995 -0.0318 0.0017
vn 0.9993 0.0374 0.0017
vn 0.9993 0.0374 0.0017
vn 0.8941 0.4479 -0.0001
vn 0.6164 0.7874 -0.0071
vn 0.8214 0.5703 -0.0037
vn 0.8937 0.4486 -0.0023
vn 0.9629 0.2699 -0.0006
vn 0.9993 0.0373 0.0018
vn 0.8087 0.5677 -0.1538
vn 0.9672 0.2233 -0.1208
vn 0.9937 0.0313 -0.1080
vn 0.9614 -0.0096 -0.2750
vn 0.9741 -0.0142 -0.2258
vn 0.9994 -0.0359 0.0017
vn 0.9765 0.0272 -0.2137
vn 0.9629 0.0260 -0.2688
vn 0.9614 0.0259 -0.2738
vn 0.9617 0.0245 -0.2731
vn 0.8969 -0.4421 -0.0021
vn 0.8984 -0.4392 -0.0011
vn 0.9504 -0.3112 0.0003
vn 0.9501 -0.3119 0.0003
vn 0.9000 -0.4359 -0.0011
vn 0.8952 -0.4457 -0.0021
vn 0.6220 -0.7829 -0.0089
vn 0.6215 -0.7833 -0.0089
vn 0.6283 -0.7780 -0.0080
vn 0.6348 -0.7727 -0.0078
vn 0.2228 -0.9747 -0.0178
vn 0.2344 -0.9720 -0.0174
vn 0.2381 -0.9711 -0.0173
vn 0.2454 -0.9693 -0.0171
vn 0.2526 -0.9674 -0.0169
vn 0.2561 -0.9665 -0.0168
vn 0.2662 -0.9638 -0.0165
vn 0.5102 -0.8600 -0.0108
vn 0.6424 -0.7664 -0.0076
vn 0.7163 -0.6977 -0.0058
vn 0.8499 -0.5269 -0.0024
vn 0.9015 -0.4328 -0.0010
vn 0.3904 -0.8317 0.3949
vn 0.6233 -0.6965 0.3555
vn 0.1469 -0.9078 0.3929
vn 0.0045 -0.9998 -0.0176
vn 0.0031 -0.9998 -0.0175
vn 0.1383 -0.9012 0.4108
vn 0.0043 -0.9998 -0.0176
vn -0.0666 -0.9567 0.2834
vn 0.2414 -0.7584 0.6054
vn 0.0201 -0.8111 0.5846
vn -0.0100 -0.7913 0.6113
vn -0.1291 -0.8946 0.4278
vn -0.2578 -0.9660 -0.0204
vn -0.2936 -0.9198 0.2603
vn -0.2968 -0.8879 0.3516
vn -0.2936 -0.8648 0.4073
vn -0.6754 -0.7371 -0.0200
vn -0.6767 -0.7360 -0.0201
vn -0.6763 -0.6844 0.2723
vn -0.2489 -0.9683 -0.0204
vn -0.6718 -0.7405 -0.0201
vn -0.2409 -0.9703 -0.0205
vn -0.6685 -0.7434 -0.0201
vn 0.0016 -0.9998 -0.0176
vn -0.0000 -0.9998 -0.0178
vn -0.2335 -0.9721 -0.0205
vn -0.0016 -0.9998 -0.0176
vn -0.2265 -0.9738 -0.0205
vn -0.2335 -0.9721 -0.0205
vn 0.0052 -0.9998 -0.0176
vn -0.0011 -0.9996 -0.0279
vn -0.2120 -0.9770 -0.0217
vn -0.2122 -0.9770 -0.0217
vn -0.6511 -0.7587 -0.0215
vn -0.6595 -0.7514 -0.0202
vn -0.6649 -0.7467 -0.0202
vn -0.6655 -0.7462 -0.0201
vn -0.7419 -0.6702 -0.0201
vn -0.7657 -0.6429 -0.0200
vn -0.7743 -0.6325 -0.0200
vn -0.7777 -0.6283 -0.0200
vn -0.7783 -0.6275 -0.0201
vn -0.7788 -0.6269 -0.0200
vn -0.7794 -0.6262 -0.0197
vn -0.8242 -0.5660 -0.0200
vn -0.7818 -0.6232 -0.0200
vn -0.8242 -0.5660 -0.0200
vn -0.8242 -0.5660 -0.0200
vn -0.7920 -0.6103 -0.0134
vn -0.8242 -0.5660 -0.0200
vn -0.8242 -0.5660 -0.0200
vn -0.8242 -0.5660 -0.0200
vn -0.7748 -0.6319 -0.0199
vn -0.7788 -0.6270 -0.0200
vn -0.7814 -0.6237 -0.0200
vn -0.7911 -0.6114 -0.0199
vn -0.9353 -0.3534 -0.0196
vn -0.9368 -0.3494 -0.0195
vn -0.9373 -0.3481 -0.0195
vn -0.9992 0.0342 -0.0192
vn -0.9992 0.0342 -0.0192
vn -0.9992 0.0342 -0.0192
vn -0.9992 0.0342 -0.0192
vn -0.9992 0.0342 -0.0192
vn -0.9992 0.0342 -0.0192
vn -0.9992 0.0342 -0.0192
vn -0.9992 0.0345 -0.0192
vn -0.9992 0.0345 -0.0192
vn -0.9992 0.0342 -0.0192
vn -0.9995 0.0246 -0.0192
vn -0.9337 -0.3575 -0.0210
vn -0.9995 0.0251 -0.0200
vn -0.9986 0.0486 -0.0205
vn -0.9995 0.0246 -0.0192
vn -0.9336 -0.3578 -0.0210
vn -0.9328 -0.3594 -0.0250
vn -0.9995 0.0210 -0.0236
vn -0.9992 0.0325 -0.0248
vn -0.9995 0.0210 -0.0236
vn -0.9328 -0.3594 -0.0259
vn -0.9333 -0.3575 -0.0324
vn -0.9994 0.0190 -0.0285
vn -0.9996 -0.0141 -0.0242
vn -0.9994 0.0259 -0.0247
vn -0.9994 0.0190 -0.0285
vn -0.9337 -0.3563 -0.0346
vn -0.9367 -0.3480 -0.0395
vn -0.9993 0.0178 -0.0333
vn -0.9993 0.0178 -0.0338
vn -0.9994 0.0189 -0.0300
vn -0.9994 0.0190 -0.0297
vn -0.9372 -0.3473 -0.0331
vn -0.9931 -0.1163 -0.0146
vn -0.9998 0.0175 0.0064
vn -0.9998 0.0174 0.0059
vn -0.9975 0.0479 -0.0516
vn -0.9975 0.0478 -0.0516
vn -0.9977 -0.0647 -0.0206
vn -0.9976 -0.0659 -0.0219
vn -1.0000 -0.0034 -0.0046
vn -0.9837 0.1726 -0.0495
vn -0.9934 0.1149 -0.0065
vn -0.9998 0.0175 0.0053
vn -0.9577 0.0027 0.2879
vn -0.9974 0.0027 0.0718
vn -1.0000 0.0027 0.0046
vn -0.9601 0.0175 0.2792
vn -0.9575 0.0175 0.2879
vn -0.9856 0.0027 -0.1691
vn -0.9852 0.0175 -0.1703
vn -0.9669 0.2218 -0.1263
vn -0.9749 0.0027 -0.2227
vn -0.9974 0.0027 0.0717
vn -1.0000 0.0027 -0.0088
vn -0.9749 0.0027 -0.2225
vn -0.9264 0.0175 -0.3761
vn -0.9409 0.0174 -0.3382
vn -0.9265 0.0027 -0.3762
vn -0.7763 0.5796 -0.2479
vn -0.9231 0.3718 -0.0983
vn -0.9689 0.2457 -0.0282
vn -0.8990 0.3125 -0.3069
vn -0.8433 0.5098 -0.1700
vn -0.9680 0.2301 -0.1001
vn -0.9688 0.2270 -0.0992
vn -0.5384 0.8094 -0.2344
vn -0.8370 0.5194 -0.1722
vn -0.8071 0.5659 -0.1685
vn -0.8696 0.4708 -0.1488
vn -0.9613 0.2565 -0.1009
vn -0.4841 0.8469 -0.2199
vn -0.4980 0.8392 -0.2186
vn -0.4943 0.8557 -0.1533
vn -0.8327 0.5410 -0.1179
vn -0.4804 0.8493 -0.2189
vn -0.2080 0.9647 -0.1613
vn -0.2043 0.9658 -0.1597
vn -0.2198 0.9623 -0.1602
vn -0.2494 0.9558 -0.1557
vn -0.2576 0.9542 -0.1520
vn -0.4701 0.8786 -0.0839
vn -0.2702 0.9541 -0.1293
vn -0.2570 0.9618 -0.0946
vn -0.8143 0.5779 -0.0533
vn -0.9754 0.2115 -0.0619
vn -0.9713 0.2362 -0.0276
vn -0.9898 0.1244 -0.0687
vn -0.9967 0.0778 -0.0217
vn -0.9980 -0.0604 -0.0206
vn -0.9969 0.0593 -0.0521
vn -0.8309 0.5561 -0.0193
vn -0.8944 0.4468 -0.0184
vn -0.9821 0.1871 -0.0232
vn -0.8942 0.4472 -0.0187
vn -0.6204 0.7841 -0.0177
vn -0.6194 0.7849 -0.0183
vn -0.5410 0.8408 -0.0178
vn -0.2263 0.9739 -0.0159
vn -0.2242 0.9744 -0.0159
vn -0.2497 0.9650 -0.0800
vn -0.0016 0.9999 -0.0151
vn -0.1417 0.9898 -0.0158
vn -0.0563 0.9983 -0.0155
vn -0.0030 0.9999 -0.0151
vn -0.1658 0.9833 -0.0755
vn -0.1962 0.9730 -0.1214
vn -0.0762 0.9946 -0.0705
vn -0.0954 0.9893 -0.1104
vn -0.2166 0.9645 -0.1510
vn -0.1042 0.9853 -0.1350
vn -0.1155 0.9825 -0.1460
vn -0.1031 0.9841 -0.1446
vn -0.4205 0.8366 -0.3512
vn -0.4894 0.7677 -0.4136
vn -0.3583 0.8001 -0.4812
vn -0.6402 0.6960 -0.3252
vn -0.5992 0.6140 -0.5137
vn -0.7645 0.4940 -0.4142
vn -0.6810 0.4339 -0.5898
vn -0.5271 0.4562 -0.7169
vn -0.7134 0.3251 -0.6208
vn -0.8397 0.2602 -0.4766
vn -0.8612 0.0175 -0.5079
vn -0.8244 0.0174 -0.5657
vn -0.7506 0.0175 -0.6605
vn -0.8674 0.0027 -0.4976
vn -0.8246 0.0027 -0.5658
vn -0.6844 0.0027 -0.7291
vn -0.6842 0.0175 -0.7291
vn -0.5893 0.0175 -0.8077
vn -0.4495 0.0175 -0.8931
vn -0.4678 0.0027 -0.8838
vn -0.4495 0.0027 -0.8933
vn -0.8675 0.0027 -0.4974
vn -0.8277 0.0027 -0.5612
vn -0.6843 0.0026 -0.7292
vn -0.6300 0.0026 -0.7766
vn -0.4679 0.0027 -0.8838
vn -0.2181 0.0027 -0.9759
vn -0.3783 0.0027 -0.9257
vn -0.2183 0.0027 -0.9759
vn -0.1779 0.0027 -0.9840
vn -0.1779 0.0175 -0.9839
vn -0.1920 0.0175 -0.9812
vn -0.4000 0.0174 -0.9163
vn -0.3552 0.4645 -0.8112
vn -0.1834 0.2890 -0.9396
vn -0.1692 0.4650 -0.8690
vn -0.2354 0.8116 -0.5347
vn -0.1409 0.6732 -0.7259
vn -0.1107 0.8123 -0.5726
vn -0.0456 0.2832 -0.9580
vn -0.0269 0.6604 -0.7504
vn -0.0528 0.0182 -0.9984
vn 0.0931 0.6141 -0.7837
vn 0.0942 0.2627 -0.9603
vn 0.0875 0.0178 -0.9960
vn 0.1084 0.0180 -0.9939
vn 0.0468 0.0027 -0.9989
vn 0.1084 0.0027 -0.9941
vn -0.0944 0.0027 -0.9955
vn 0.0491 0.0026 -0.9988
vn 0.1977 -0.0000 -0.9803
vn 0.2961 -0.0000 -0.9552
vn 0.3086 0.0027 -0.9512
vn -0.0944 -0.0000 -0.9955
vn 0.1977 -0.0000 -0.9803
vn 0.2961 0.0000 -0.9552
vn 0.2961 -0.0000 -0.9552
vn 0.2072 0.0000 -0.9783
vn 0.2152 0.0000 -0.9766
vn 0.2211 0.0000 -0.9753
vn 0.2232 -0.0000 -0.9748
vn 0.2232 -0.0000 -0.9748
vn 0.2211 0.0000 -0.9753
vn 0.2152 0.0000 -0.9766
vn 0.2071 -0.0000 -0.9783
vn 0.1977 -0.0000 -0.9803
vn 0.1977 0.0000 -0.9803
vn 0.0000 1.0000 0.0000
vn -0.0000 1.0000 0.0000
vn 0.0000 1.0000 -0.0000
vn 0.0000 1.0000 0.0000
vn 0.0000 1.0000 0.0000
vn -0.3783 0.0001 -0.9257
vn -0.6299 -0.0000 -0.7767
vn -0.8277 0.0000 -0.5612
vn -0.9546 0.0001 -0.2978
vn -0.9547 0.0027 -0.2977
vn -1.0000 0.0001 -0.0089
vn -0.9598 0.0000 0.2808
vn -0.9598 0.0027 0.2808
vn -0.8375 0.0001 0.5465
vn -0.9330 0.0027 0.3599
vn -0.8375 0.0027 0.5464
vn -0.9330 0.0027 0.3598
vn -0.8367 0.0027 0.5477
vn -0.7874 0.0027 0.6165
vn -0.7871 0.0027 0.6168
vn -0.6436 -0.0000 0.7654
vn -0.6436 0.0027 0.7654
vn -0.6471 0.0027 0.7624
vn -0.5730 0.0027 0.8195
vn -0.5728 0.0027 0.8197
vn -0.3947 0.0026 0.9188
vn -0.3947 0.0000 0.9188
vn -0.4766 0.8660 -0.1512
vn -0.4766 0.8660 -0.1512
vn -0.2961 0.0000 0.9551
vn -0.2961 0.0000 0.9552
vn -0.3947 0.0000 0.9188
vn -0.3947 0.0000 0.9188
vn -0.3871 0.0000 0.9220
vn -0.3815 -0.0000 0.9244
vn -0.3795 -0.0000 0.9252
vn -0.3795 0.0000 0.9252
vn -0.3815 -0.0000 0.9244
vn -0.3871 -0.0000 0.9220
vn -0.4044 0.0027 0.9146
vn -0.3086 0.0027 0.9512
vn -0.0282 -0.0000 0.9996
vn -0.2072 0.0000 0.9783
vn -0.1286 0.0027 0.9917
vn -0.0281 0.0026 0.9996
vn -0.2961 0.0000 0.9552
vn -0.2072 0.0000 0.9783
vn -0.2152 0.0000 0.9766
vn -0.2211 0.0000 0.9753
vn -0.2232 -0.0000 0.9748
vn -0.2232 0.0000 0.9748
vn -0.2211 0.0000 0.9752
vn -0.2152 0.0000 0.9766
vn -0.2072 0.0000 0.9783
vn -0.2072 -0.0000 0.9783
vn 0.0857 -0.0000 0.9963
vn 0.0856 0.0000 0.9963
vn 0.1578 0.0027 0.9875
vn 0.2545 0.0027 0.9671
vn 0.2547 0.0000 0.9670
vn 0.3711 0.0001 0.9286
vn 0.3711 0.0000 0.9286
vn 0.4313 0.0027 0.9022
vn 0.5167 0.0027 0.8562
vn 0.5168 0.0000 0.8561
vn 0.6247 -0.0000 0.7809
vn 0.6246 -0.0000 0.7809
vn 0.6694 0.0027 0.7429
vn 0.7371 0.0027 0.6758
vn 0.7370 -0.0000 0.6759
vn 0.4313 0.0174 0.9020
vn 0.6041 0.0174 0.7968
vn 0.6693 0.0175 0.7428
vn 0.1578 0.0175 0.9873
vn 0.3634 0.0174 0.9315
vn 0.3519 -0.1037 0.9303
vn 0.5942 -0.0956 0.7986
vn 0.7988 0.0174 0.6014
vn 0.7913 -0.0874 0.6052
vn 0.3229 -0.3462 0.8809
vn 0.3816 -0.3460 0.8571
vn 0.5535 -0.3456 0.7577
vn 0.6116 -0.3455 0.7117
vn 0.7413 -0.3451 0.5757
vn 0.9327 0.0174 0.3603
vn 0.8524 0.0174 0.5225
vn 0.7902 -0.3449 0.5065
vn 0.8715 -0.3446 0.3489
vn 0.8526 0.0027 0.5226
vn 0.9656 0.0174 0.2594
vn 0.9657 0.0027 0.2595
vn 0.8976 0.0027 0.4409
vn 0.9956 0.0175 0.0917
vn 0.9025 -0.3444 0.2586
vn 0.9341 -0.3442 0.0950
vn 0.9995 0.0175 -0.0249
vn 0.9997 0.0027 -0.0250
vn 0.9854 0.0027 0.1702
vn 0.9828 0.0175 -0.1838
vn 0.9389 -0.3440 -0.0111
vn 0.9242 -0.3439 -0.1664
vn 0.9515 0.0174 -0.3073
vn 0.9516 0.0027 -0.3074
vn 0.9934 0.0027 -0.1143
vn 0.8964 -0.3438 -0.2799
vn 0.8425 -0.3437 -0.4148
vn 0.8952 0.0174 -0.4454
vn 0.6540 -0.7565 -0.0084
vn 0.6244 -0.7563 -0.1954
vn 0.6287 -0.7567 0.1792
vn 0.2047 -0.9788 -0.0036
vn 0.2014 -0.9788 -0.0378
vn 0.1955 -0.9788 -0.0617
vn 0.1968 -0.9789 0.0548
vn 0.5506 -0.7571 0.3517
vn 0.1725 -0.9790 0.1085
vn 0.1864 -0.9789 0.0832
vn 0.4263 -0.7574 0.4945
vn 0.1339 -0.9791 0.1529
vn 0.0696 -0.9941 0.0830
vn 0.0841 -0.9792 0.1844
vn 0.0683 -0.9793 0.1906
vn 0.0700 -0.9968 -0.0380
vn -0.0666 -0.9943 0.0827
vn -0.0666 -0.9971 -0.0381
vn -0.0659 -0.9971 -0.0383
vn 0.0273 -0.9794 0.2003
vn -0.0316 -0.9794 0.1992
vn -0.0658 -0.9795 0.1904
vn 0.2663 -0.7579 0.5956
vn 0.0839 -0.7583 0.6465
vn 0.1194 -0.3466 0.9304
vn 0.0672 -0.3467 0.9356
vn 0.0829 -0.1110 0.9904
vn -0.1053 -0.7585 0.6431
vn -0.1526 -0.3470 0.9254
vn -0.1936 -0.3471 0.9176
vn -0.1919 -0.1171 0.9744
vn -0.2856 -0.7588 0.5854
vn -0.4118 -0.3474 0.8425
vn -0.4393 -0.3474 0.8285
vn -0.4518 -0.1215 0.8838
vn -0.4418 -0.7589 0.4784
vn -0.6363 -0.3475 0.6887
vn -0.6509 -0.3475 0.6750
vn -0.6768 -0.1237 0.7257
vn -0.5607 -0.7589 0.3311
vn -0.8073 -0.3475 0.4770
vn -0.8119 -0.3475 0.4691
vn -0.8500 -0.1236 0.5120
vn -0.6702 0.0174 0.7420
vn -0.8366 0.0174 0.5476
vn -0.8474 0.0175 0.5307
vn -0.4421 0.0175 0.8968
vn -0.6470 0.0175 0.7623
vn -0.9099 -0.3474 0.2268
vn -0.9582 -0.1212 0.2590
vn -0.6324 -0.7588 0.1559
vn -0.9103 -0.3474 0.2251
vn -0.6577 -0.7528 -0.0253
vn -0.6521 -0.7577 -0.0252
vn -0.1956 -0.9795 0.0476
vn -0.1834 -0.9796 0.0825
vn -0.1733 -0.9796 0.1021
vn -0.2313 -0.9728 -0.0126
vn -0.1076 -0.9939 -0.0259
vn -0.0877 -0.9795 0.1812
vn -0.1362 -0.9796 0.1479
vn -0.6508 -0.7586 -0.0308
vn -0.1950 -0.9807 -0.0167
vn -0.0999 -0.9947 -0.0247
vn -0.1951 -0.9806 -0.0168
vn -0.0131 -0.9988 -0.0466
vn -0.0172 -0.9982 -0.0577
vn -0.0979 -0.9949 -0.0226
vn -0.0082 -0.9993 -0.0370
vn -0.1987 -0.9799 -0.0204
vn -0.6492 -0.7602 -0.0244
vn -0.1985 -0.9799 -0.0204
vn 0.1839 -0.9807 -0.0662
vn 0.1833 -0.9808 -0.0667
vn 0.0747 -0.9953 -0.0608
vn 0.1549 -0.9835 -0.0935
vn 0.6013 -0.7836 -0.1563
vn 0.5777 -0.7656 -0.2831
vn 0.1549 -0.9835 -0.0934
vn 0.0668 -0.9947 -0.0787
vn 0.1360 -0.9840 -0.1154
vn 0.5041 -0.7694 -0.3923
vn 0.1356 -0.9840 -0.1158
vn 0.1303 -0.9787 -0.1584
vn 0.0697 -0.9917 -0.1080
vn 0.0612 -0.9929 -0.1020
vn 0.3936 -0.7902 -0.4698
vn 0.7102 -0.4432 -0.5471
vn 0.8182 -0.4282 -0.3836
vn 0.5766 -0.4459 -0.6846
vn 0.4205 -0.7562 -0.5013
vn 0.5424 -0.7562 -0.3660
vn 0.1700 -0.9787 -0.1148
vn 0.6050 -0.3437 -0.7182
vn 0.7386 -0.3436 -0.5800
vn 0.7785 -0.3437 -0.5252
vn 0.7864 0.0174 -0.6175
vn 0.8253 0.0174 -0.5644
vn 0.8254 0.0027 -0.5645
vn 0.9209 0.0027 -0.3897
vn 0.6441 0.0174 -0.7648
vn 0.6433 0.0170 -0.7654
vn 0.6447 0.0186 -0.7642
vn 0.6446 0.0178 -0.7643
vn 0.6399 0.0174 -0.7683
vn 0.6314 0.0175 -0.7752
vn 0.6315 0.0027 -0.7754
vn 0.7740 0.0027 -0.6332
vn 0.6444 -0.0154 -0.7645
vn 0.7819 0.0196 -0.6231
vn 0.7818 0.0198 -0.6232
vn 0.7815 0.0260 -0.6234
vn 0.7817 0.0194 -0.6234
vn 0.7760 0.0191 -0.6305
vn 0.7249 0.0174 -0.6886
vn 0.7069 0.0162 -0.7071
vn 0.8007 0.0231 -0.5986
vn 0.8892 0.0221 -0.4570
vn 0.8893 0.0091 -0.4573
vn 0.8892 0.0219 -0.4570
vn 0.8889 0.0230 -0.4576
vn 0.8593 0.0230 -0.5109
vn 0.8570 0.0231 -0.5148
vn 0.7971 0.0200 -0.6035
vn 0.9072 0.0052 -0.4206
vn 0.9484 0.0251 -0.3162
vn 0.9095 0.0238 -0.4151
vn 0.8910 0.1697 -0.4212
vn 0.7856 0.3491 -0.5108
vn 0.9461 0.0613 -0.3180
vn 0.9436 0.2439 -0.2238
vn 0.8890 0.3219 -0.3258
vn 0.7798 0.5828 -0.2286
vn 0.6996 0.6450 -0.3075
vn 0.4834 0.8525 -0.1990
vn 0.5482 0.8257 -0.1331
vn 0.4071 0.8787 -0.2493
vn 0.3071 0.9171 -0.2542
vn 0.5695 0.7475 -0.3419
vn 0.7902 0.4591 -0.4060
vn 0.0825 0.9792 -0.1852
vn 0.3925 0.8564 -0.3354
vn 0.1259 0.9731 -0.1931
vn 0.6155 0.6498 -0.4460
vn 0.1866 0.9059 -0.3802
vn 0.3548 0.7854 -0.5073
vn 0.5691 0.5458 -0.6150
vn 0.6985 0.3278 -0.6361
vn 0.7707 0.1468 -0.6200
vn 0.1236 0.9032 -0.4110
vn 0.1628 0.8621 -0.4800
vn 0.3077 0.6622 -0.6833
vn 0.3315 0.6264 -0.7055
vn 0.5100 0.4269 -0.7467
vn 0.4221 0.5281 -0.7369
vn 0.6368 0.2376 -0.7335
vn 0.4891 0.4399 -0.7532
vn 0.5518 0.3349 -0.7638
vn 0.5830 0.2716 -0.7657
vn 0.3288 0.5674 -0.7549
vn 0.3551 0.3730 -0.8572
vn 0.5287 0.1838 -0.8287
vn 0.6440 0.0901 -0.7597
vn 0.6421 0.0994 -0.7602
vn 0.6183 0.0548 -0.7840
vn 0.4880 0.0176 -0.8726
vn 0.5894 0.0175 -0.8077
vn 0.3600 0.0152 -0.9328
vn 0.3858 0.0177 -0.9224
vn 0.3639 0.1608 -0.9174
vn 0.3858 0.0027 -0.9226
vn 0.5643 0.0026 -0.8256
vn 0.2261 0.0174 -0.9739
vn 0.2322 0.2214 -0.9471
vn 0.2221 0.5184 -0.8258
vn 0.1890 0.7618 -0.6196
vn 0.0776 0.8701 -0.4868
vn 0.0643 0.9533 -0.2950
vn 0.0248 0.9788 -0.2032
vn 0.0198 0.9782 -0.2066
vn 0.0093 0.9820 -0.1887
vn -0.0035 0.9143 -0.4049
vn -0.0273 0.9878 -0.1535
vn -0.0283 0.9878 -0.1532
vn -0.0095 0.9878 -0.1557
vn 0.0213 0.9875 -0.1564
vn -0.0076 0.9878 -0.1558
vn 0.0193 0.9913 -0.1299
vn -0.0184 0.9930 -0.1163
vn -0.0429 0.9881 -0.1477
vn 0.0608 0.9864 -0.1526
vn 0.0575 0.9861 -0.1561
vn 0.1838 0.9643 -0.1905
vn 0.0728 0.9852 -0.1553
vn 0.0659 0.9856 -0.1557
vn 0.0964 0.9902 -0.1009
vn 0.1439 0.9798 -0.1388
vn 0.1621 0.9786 -0.1271
vn 0.2379 0.9584 -0.1574
vn 0.2763 0.9570 -0.0881
vn 0.1979 0.9768 -0.0816
vn 0.5953 0.8035 -0.0075
vn 0.2972 0.9547 -0.0117
vn 0.2209 0.9752 -0.0126
vn 0.1259 0.9919 -0.0139
vn 0.0327 0.9994 -0.0149
vn 0.2214 0.9751 -0.0126
vn -0.2222 0.9749 -0.0159
vn -0.2201 0.9753 -0.0158
vn -0.6214 0.7833 -0.0176
vn -0.6226 0.7824 -0.0176
vn -0.8942 0.4473 -0.0187
vn -0.8939 0.4478 -0.0181
vn -0.6240 0.7812 -0.0175
vn -0.8740 0.4855 -0.0186
vn -0.8942 0.4473 -0.0187
vn -0.9993 0.0294 -0.0218
vn -0.9993 0.0299 -0.0215
vn -0.8707 0.4596 0.1752
vn -0.6054 0.7958 -0.0174
vn -0.6111 0.7362 0.2909
vn -0.2181 0.9758 -0.0158
vn -0.2570 0.9306 0.2605
vn -0.2644 0.8988 0.3496
vn -0.2660 0.8747 0.4050
vn -0.2562 0.8571 0.4469
vn -0.5911 0.7129 0.3773
vn -0.8716 0.4365 0.2233
vn -0.2248 0.8833 0.4113
vn -0.1941 0.9133 0.3580
vn -0.5659 0.7682 0.2995
vn -0.8710 0.4623 0.1662
vn -0.4483 0.8939 -0.0086
vn -0.4896 0.8719 -0.0094
vn -0.8125 0.5827 -0.0156
vn -0.1481 0.9504 0.2736
vn -0.9992 -0.0091 -0.0393
vn -0.9993 0.0050 -0.0375
vn -0.9699 0.2340 0.0679
vn -0.8536 0.5206 -0.0165
vn -0.9456 0.3249 -0.0175
vn -0.4898 0.8718 -0.0094
vn -0.8540 0.5200 -0.0164
vn -0.9992 0.0349 -0.0192
vn -0.9992 0.0349 -0.0192
vn -0.8296 0.5201 -0.2033
vn -0.9707 0.0349 -0.2378
vn -0.4758 0.8718 -0.1166
vn -0.4387 0.8718 -0.2181
vn 0.7558 0.0000 0.6549
vn 0.2817 0.0001 0.9595
vn 0.2817 0.0001 0.9595
vn 0.6844 -0.0000 0.7291
vn 0.7558 0.0000 0.6549
vn 0.9898 0.0000 0.1424
vn -0.2818 -0.0002 0.9595
vn -0.2818 -0.0001 0.9595
vn -0.7292 0.0002 0.6843
vn -0.7557 -0.0001 0.6549
vn -0.7557 -0.0001 0.6549
vn -0.9898 0.0000 0.1424
vn 0.2519 -0.8602 -0.4435
vn 0.4250 -0.8601 -0.2821
vn 0.5065 -0.8602 -0.0598
vn 0.7310 -0.4797 -0.4853
vn 0.4333 -0.4797 -0.7630
vn 0.8714 -0.4797 -0.1032
vn 0.8243 -0.4788 0.3023
vn 0.8216 -0.4842 0.3009
vn 0.4787 -0.8603 0.1751
vn 0.4770 -0.8614 0.1745
vn 0.8217 -0.4842 0.3006
vn 0.4792 -0.8599 0.1761
vn 0.4764 -0.8618 0.1742
vn 0.4934 -0.8602 0.1292
vn 0.8488 -0.4797 0.2223
vn 0.8243 -0.4792 0.3015
vn 0.9391 0.0262 0.3427
vn 0.9389 0.0257 0.3433
vn 0.9386 0.0351 0.3431
vn 0.9668 0.0349 0.2532
vn 0.9386 0.0349 0.3433
vn 0.9386 0.0349 0.3433
vn 0.9386 0.0348 0.3433
vn 0.9386 0.0348 0.3433
vn 0.9386 0.0349 0.3433
vn 0.9386 0.0349 0.3433
vn 0.9386 0.0348 0.3432
vn 0.9668 0.0349 0.2532
vn 0.9386 0.0349 0.3433
vn 0.9925 0.0349 -0.1173
vn 0.9949 0.0349 0.0946
vn 0.9386 0.0348 0.3433
vn 0.9386 0.0349 0.3433
vn 0.9386 0.0350 0.3433
vn 0.9925 0.0349 -0.1172
vn 0.8503 0.5200 0.0809
vn 0.8022 0.5200 0.2934
vn 0.8022 0.5200 0.2934
vn 0.9772 0.0349 -0.2096
vn 0.8263 0.5200 0.2164
vn 0.8430 0.5200 0.1374
vn 0.9866 0.0349 0.1596
vn 0.9864 0.0350 0.1608
vn 0.8521 0.5200 0.0589
vn 0.9427 0.3275 0.0640
vn 0.9971 0.0349 0.0670
vn 0.8660 -0.4797 0.1412
vn 0.5034 -0.8602 0.0821
vn 0.9969 0.0430 0.0662
vn 0.9222 0.3517 0.1607
vn 0.7349 0.6370 0.2328
vn 0.7989 0.5989 0.0559
vn 0.3656 0.8139 0.4516
vn 0.5756 0.8166 0.0421
vn 0.0805 0.8944 0.4399
vn 0.4885 0.8718 0.0363
vn 0.2982 0.9542 0.0230
vn 0.4835 0.8718 0.0788
vn -0.1773 0.9050 0.3868
vn -0.1329 0.9524 0.2742
vn -0.1801 0.9004 0.3959
vn 0.4739 0.8718 0.1241
vn -0.3782 -0.9112 -0.1631
vn -0.9992 0.0349 -0.0192
vn -0.9992 0.0349 -0.0192
vn -0.9726 0.0349 -0.2299
vn -0.9766 0.0349 -0.2123
vn -0.9765 0.0349 -0.2129
vn -0.9761 0.0356 -0.2142
vn -0.8079 -0.3358 -0.4844
vn -0.7679 -0.2112 -0.6048
vn -0.7413 0.0203 -0.6709
vn -0.8123 0.0239 -0.5828
vn -0.9183 0.0297 -0.3947
vn -0.4790 -0.6449 -0.5956
vn -0.3554 -0.4122 -0.8389
vn -0.2778 0.0009 -0.9606
vn -0.5494 0.0117 -0.8355
vn -0.8377 -0.3650 -0.4062
vn -0.5932 -0.6943 -0.4076
vn -0.2548 -0.9048 -0.3413
vn -0.0591 -0.8123 -0.5803
vn 0.1413 -0.5026 -0.8529
vn 0.3618 -0.8160 -0.4508
vn 0.3690 -0.8086 -0.4583
vn 0.4667 -0.7256 -0.5057
vn 0.5808 -0.4698 -0.6648
vn 0.4170 -0.7973 -0.4364
vn 0.4086 -0.8053 -0.4296
vn 0.5043 -0.6964 -0.5106
vn 0.6082 -0.4006 -0.6853
vn 0.7098 -0.0295 -0.7038
vn 0.5140 -0.0245 -0.8575
vn 0.2744 -0.0177 -0.9615
vn 0.2666 -0.0175 -0.9637
vn 0.6969 -0.0223 -0.7169
vn 0.4581 0.0485 -0.8876
vn 0.4835 0.0560 -0.8735
vn 0.6921 0.1285 -0.7103
vn 0.6896 0.1507 -0.7084
vn 0.6914 0.1317 -0.7103
vn 0.6949 0.0811 -0.7145
vn 0.6964 0.0449 -0.7163
vn 0.6947 0.1011 -0.7122
vn 0.6970 0.0660 -0.7140
vn 0.6982 0.1409 -0.7019
vn 0.6843 0.2292 -0.6922
vn 0.7001 0.2218 -0.6788
vn 0.7235 0.0391 -0.6892
vn 0.9407 0.0388 -0.3370
vn 0.8180 0.1473 -0.5560
vn 0.8191 0.0564 -0.5708
vn 0.8038 0.0504 -0.5928
vn 0.7735 0.0491 -0.6319
vn 0.7460 0.0452 -0.6644
vn 0.9957 0.0019 -0.0921
vn 0.9957 0.0030 -0.0925
vn 0.7882 0.3062 -0.5338
vn 0.8086 0.2122 -0.5487
vn 0.8839 0.4605 -0.0815
vn 0.6775 0.5721 -0.4623
vn 0.7294 0.4502 -0.5150
vn 0.4512 0.8391 -0.3040
vn 0.7303 0.4726 -0.4932
vn 0.6384 0.6386 -0.4296
vn 0.6140 0.6728 -0.4128
vn 0.8607 0.5029 -0.0794
vn 0.7340 0.6758 -0.0675
vn 0.7030 0.7082 -0.0645
vn 0.5789 0.8137 -0.0529
vn 0.8601 0.5032 -0.0833
vn 0.8201 0.5672 -0.0755
vn 0.7045 0.7079 -0.0502
vn 0.9956 0.0025 -0.0936
vn 0.9956 0.0018 -0.0939
vn 0.9956 0.0016 -0.0940
vn 0.9956 0.0020 -0.0939
vn 0.9956 -0.0004 -0.0941
vn 0.9956 0.0079 -0.0930
vn 0.9770 0.1912 -0.0945
vn 0.9956 0.0017 -0.0940
vn 0.9956 0.0017 -0.0940
vn 0.9956 0.0017 -0.0940
vn 0.9955 0.0019 -0.0943
vn 0.9954 0.0036 -0.0955
vn 0.9952 0.0014 -0.0974
vn 0.9950 -0.0005 -0.0994
vn 0.9950 -0.0005 -0.0999
vn 0.9950 0.0006 -0.1001
vn 0.9950 0.0010 -0.1003
vn 0.9950 0.0014 -0.1003
vn 0.9949 0.0010 -0.1004
vn 0.9950 0.0014 -0.1002
vn 0.9949 0.0013 -0.1004
vn 0.9949 0.0012 -0.1004
vn 0.9949 0.0015 -0.1004
vn 0.9949 0.0011 -0.1005
vn 0.9949 0.0044 -0.1011
vn 0.9949 0.0014 -0.1012
vn 0.9949 0.0037 -0.1011
vn 0.9767 0.1911 -0.0976
vn 0.9767 0.1911 -0.0976
vn 0.9958 0.0218 -0.0885
vn 0.9232 0.3736 -0.0902
vn 0.9949 0.0013 -0.1012
vn 0.9948 0.0073 -0.1012
vn 0.9949 0.0011 -0.1012
vn 0.9949 0.0013 -0.1013
vn 0.9948 0.0013 -0.1015
vn 0.9946 0.0012 -0.1035
vn 0.9946 0.0011 -0.1039
vn 0.9464 0.3080 -0.0975
vn 0.9633 0.2672 -0.0268
vn 0.8689 0.4921 0.0527
vn 0.6841 0.7129 0.1544
vn 0.5839 0.8114 -0.0253
vn 0.9775 0.2085 0.0332
vn 0.9092 0.3839 0.1614
vn 0.7673 0.5609 0.3108
vn 0.9388 0.2430 0.2440
vn 0.9960 0.0400 -0.0798
vn 0.9867 -0.0371 -0.1582
vn 0.8292 0.3563 0.4307
vn 0.9546 0.0747 0.2883
vn 0.9920 -0.0106 -0.1256
vn 0.9937 0.0009 -0.1119
vn 0.8620 0.1089 0.4951
vn 0.8591 -0.1524 0.4887
vn 0.9560 -0.0333 0.2914
vn 0.8765 -0.1454 0.4588
vn 0.9944 0.0018 -0.1054
vn 0.9744 -0.0127 0.2245
vn 0.3560 -0.6440 0.6772
vn 0.2790 -0.6552 0.7020
vn 0.5579 -0.5435 0.6272
vn 0.5771 -0.5326 0.6191
vn 0.4874 -0.5815 0.6514
vn 0.4797 -0.5892 0.6502
vn 0.4791 -0.5899 0.6499
vn 0.4775 -0.5935 0.6479
vn 0.4776 -0.5942 0.6471
vn 0.4776 -0.6639 0.5754
vn 0.4800 -0.5952 0.6445
vn 0.6039 -0.5934 0.5321
vn 0.9941 0.0018 -0.1085
vn 0.9941 0.0016 -0.1085
vn 0.9942 0.0016 -0.1078
vn 0.6678 -0.5925 0.4506
vn 0.7508 -0.5839 0.3089
vn 0.9936 0.0016 -0.1130
vn 0.9935 0.0009 -0.1134
vn 0.9939 0.0012 -0.1104
vn 0.8389 -0.5419 0.0499
vn 0.9937 0.0011 -0.1122
vn 0.9924 -0.0013 -0.1228
vn 0.9921 -0.0018 -0.1255
vn 0.9928 -0.0016 -0.1198
vn 0.9934 0.0006 -0.1143
vn 0.9941 0.0018 -0.1082
vn 0.9939 0.0008 -0.1102
vn 0.9928 -0.0002 -0.1201
vn 0.9926 -0.0007 -0.1211
vn 0.9943 0.0018 -0.1065
vn 0.9947 0.0031 -0.1031
vn 0.9960 0.0409 -0.0795
vn 0.9944 0.0371 -0.0985
vn 0.9946 0.0019 -0.1041
vn 0.9942 0.0019 -0.1072
vn 0.9949 0.0019 -0.1013
vn 0.9945 0.0022 -0.1043
vn 0.9948 0.0016 -0.1016
vn 0.9949 0.0022 -0.1009
vn 0.9952 0.0025 -0.0977
vn 0.9944 0.0045 -0.1060
vn 0.9938 0.0041 -0.1108
vn 0.9948 0.0042 -0.1014
vn 0.9937 0.0146 -0.1112
vn 0.9938 0.0040 -0.1111
vn 0.9953 0.0035 -0.0969
vn 0.9955 0.0018 -0.0949
vn 0.9936 0.0194 -0.1110
vn 0.9936 0.0221 -0.1105
vn 0.9936 0.0214 -0.1108
vn 0.9937 0.0209 -0.1100
vn 0.9923 0.0227 -0.1217
vn 0.9924 0.0208 -0.1214
vn 0.9923 0.0222 -0.1216
vn 0.9924 0.0201 -0.1216
vn 0.9919 0.0204 -0.1254
vn 0.9920 0.0178 -0.1250
vn 0.9918 0.0208 -0.1261
vn 0.9509 -0.3095 0.0003
vn 0.9710 -0.2390 0.0015
vn 0.9838 -0.1795 0.0012
vn 0.9906 -0.1370 0.0015
vn 0.9948 -0.1013 0.0039
vn 0.9988 -0.0469 0.0143
vn 0.9916 0.0186 -0.1277
vn 0.9938 0.0180 -0.1097
vn 0.9914 0.0145 -0.1299
vn 0.9916 0.0181 -0.1280
vn 0.9925 0.0139 -0.1214
vn 0.9921 0.0112 -0.1249
vn 0.9933 0.0027 -0.1155
vn 0.1244 -0.7160 0.6870
vn -0.0802 -0.7561 0.6495
vn 0.0446 -0.7166 0.6961
vn -0.1566 -0.7469 0.6463
vn -0.1969 -0.7748 0.6007
vn -0.1762 -0.8914 0.4175
vn 0.0125 -0.7701 0.6378
vn -0.2031 -0.7885 0.5806
vn -0.1856 -0.8925 0.4111
vn -0.1336 -0.9511 0.2785
vn 0.0754 -0.8887 0.4522
vn -0.1831 -0.8968 0.4029
vn 0.0016 -1.0000 -0.0013
vn 0.0016 -1.0000 -0.0013
vn -0.2348 -0.8772 0.4187
vn -0.2018 -0.9081 0.3670
vn -0.1530 -0.9474 0.2811
vn 0.0017 -1.0000 -0.0013
vn 0.0016 -1.0000 -0.0013
vn 0.0016 -1.0000 -0.0013
vn 0.0016 -1.0000 -0.0013
vn 0.0016 -1.0000 -0.0013
vn 0.0016 -1.0000 -0.0013
vn 0.0016 -1.0000 -0.0013
vn 0.0017 -1.0000 -0.0013
vn 0.0007 -1.0000 -0.0009
vn 0.0010 -1.0000 -0.0014
vn 0.0014 -1.0000 -0.0014
vn 0.0016 -1.0000 -0.0013
vn 0.0016 -1.0000 -0.0013
vn 0.0016 -1.0000 -0.0013
vn 0.4849 -0.8711 0.0777
vn 0.4900 -0.8710 0.0352
vn 0.3006 -0.9535 0.0218
vn 0.4691 -0.8416 0.2675
vn 0.3635 -0.8100 0.4601
vn 0.5786 -0.8146 0.0412
vn 0.8439 -0.5188 0.1368
vn 0.8530 -0.5187 0.0583
vn 0.8013 -0.5957 0.0552
vn 0.4753 -0.8712 0.1230
vn 0.8271 -0.5190 0.2157
vn 0.4615 -0.8712 0.1672
vn 0.8030 -0.5191 0.2927
vn 0.0016 -1.0000 -0.0013
vn 0.4615 -0.8712 0.1672
vn 0.8030 -0.5191 0.2927
vn 0.0016 -1.0000 -0.0013
vn 0.0016 -1.0000 -0.0013
vn 0.0016 -1.0000 -0.0013
vn 0.0017 -1.0000 -0.0013
vn 0.0017 -1.0000 -0.0013
vn 0.4804 -0.8709 -0.1038
vn 0.3520 -0.8708 -0.3433
vn 0.7582 -0.5183 -0.3957
vn 0.8360 -0.5184 -0.1798
vn 0.6121 -0.5182 -0.5973
vn 0.8512 -0.5187 0.0802
vn 0.8862 -0.0329 -0.4622
vn 0.9772 -0.0330 -0.2097
vn 0.9925 -0.0331 -0.1174
vn 0.9950 -0.0334 0.0946
vn 0.9386 -0.0338 0.3432
vn 0.9925 -0.0332 -0.1174
vn 0.9386 -0.0338 0.3432
vn 0.9387 -0.0338 0.3432
vn 0.9387 -0.0338 0.3432
vn 0.9669 -0.0336 0.2531
vn 0.9669 -0.0327 0.2532
vn 0.9866 -0.0295 0.1608
vn 0.9864 -0.0335 0.1608
vn 0.8480 0.4808 0.2229
vn 0.8233 0.4807 0.3020
vn 0.8652 0.4810 0.1418
vn 0.8746 0.4811 0.0595
vn 0.9974 -0.0246 0.0670
vn 0.9972 -0.0334 0.0670
vn 0.8794 0.4723 0.0599
vn 0.9317 0.3576 0.0633
vn 0.9966 -0.0475 0.0671
vn 0.9977 -0.0336 0.0591
vn 0.9968 -0.0439 0.0666
vn 0.9969 -0.0416 0.0662
vn 0.9438 -0.3244 0.0636
vn 0.9234 -0.3487 0.1607
vn 0.7368 -0.6342 0.2344
vn 0.6599 -0.6353 0.4011
vn 0.8960 -0.3613 0.2582
vn 0.5624 -0.5858 0.5836
vn 0.2655 -0.7106 0.6516
vn 0.8521 -0.3576 0.3821
vn 0.8439 -0.3489 0.4075
vn 0.8028 -0.3862 0.4544
vn 0.6970 -0.4621 0.5483
vn 0.8658 0.0951 0.4912
vn 0.5854 -0.0883 0.8059
vn 0.5730 -0.2327 0.7858
vn 0.5158 -0.5012 0.6948
vn 0.9562 -0.1948 0.2184
vn 0.9967 -0.0456 0.0669
vn 0.7236 0.5540 0.4116
vn 0.7216 0.6905 0.0496
vn 0.5113 0.8587 0.0357
vn 0.5075 0.8609 0.0353
vn 0.4098 0.8815 0.2344
vn 0.3997 0.9162 0.0282
vn -0.0017 1.0000 0.0013
vn -0.0016 1.0000 0.0013
vn -0.0018 1.0000 0.0011
vn -0.0016 1.0000 0.0013
vn -0.0016 1.0000 0.0013
vn -0.0016 1.0000 0.0013
vn -0.0017 1.0000 0.0013
vn -0.0017 1.0000 0.0013
vn -0.0016 1.0000 0.0013
vn -0.0016 1.0000 0.0013
vn -0.0016 1.0000 0.0012
vn -0.0017 1.0000 0.0012
vn -0.0018 1.0000 0.0011
vn -0.0016 1.0000 0.0013
vn -0.0017 1.0000 0.0013
vn -0.0017 1.0000 0.0013
vn -0.0016 1.0000 0.0013
vn -0.0016 1.0000 0.0013
vn -0.0017 1.0000 0.0013
vn -0.0016 1.0000 0.0013
vn 0.1946 0.9506 0.2419
vn 0.3143 0.8594 0.4033
vn 0.5019 0.8649 -0.0124
vn 0.3500 0.9368 0.0018
vn 0.2066 0.9783 -0.0182
vn 0.3738 0.9269 -0.0337
vn 0.4986 0.8656 -0.0454
vn 0.4951 0.8423 0.2131
vn 0.3691 0.7952 0.4810
vn 0.5047 0.5289 0.6823
vn 0.5274 0.4556 0.7171
vn 0.5796 0.1660 0.7978
vn 0.5864 0.0527 0.8083
vn 0.5872 -0.0141 0.8093
vn 0.5873 -0.0423 0.8083
vn 0.5874 -0.0519 0.8076
vn 0.5862 -0.0520 0.8085
vn 0.5859 -0.0559 0.8085
vn 0.8573 -0.1737 0.4847
vn 0.4747 0.8208 -0.3177
vn 0.3029 0.9313 -0.2021
vn 0.4151 0.8664 -0.2775
vn 0.2784 0.9422 -0.1863
vn 0.1665 0.9797 -0.1116
vn 0.1376 0.9860 -0.0941
vn 0.2834 0.9396 -0.1917
vn 0.3268 0.9051 -0.2720
vn 0.2582 0.9461 -0.1954
vn 0.2091 0.9667 -0.1478
vn -0.0017 1.0000 0.0013
vn 0.1689 0.9728 -0.1583
vn 0.4394 0.8457 -0.3030
vn 0.5000 0.7871 -0.3611
vn 0.5325 0.7365 -0.4173
vn 0.7235 0.4215 -0.5467
vn 0.5862 0.6259 -0.5144
vn 0.7115 0.3648 -0.6006
vn 0.7041 0.2973 -0.6449
vn 0.6299 0.5010 -0.5935
vn 0.6628 0.3666 -0.6529
vn 0.6223 0.4758 -0.6215
vn 0.5484 0.6457 -0.5314
vn 0.4488 0.7926 -0.4127
vn 0.3317 0.8863 -0.3232
vn 0.4739 0.7433 -0.4722
vn 0.2638 0.9306 -0.2536
vn -0.3986 0.8018 -0.4453
vn 0.0923 0.9425 -0.3213
vn 0.0654 0.9777 -0.1995
vn -0.4602 0.8655 -0.1978
vn -0.4667 0.8616 -0.1998
vn -0.4098 0.5878 -0.6976
vn 0.0968 0.7265 -0.6803
vn 0.0984 0.7774 -0.6213
vn 0.1008 0.9049 -0.4135
vn -0.7800 0.4393 -0.4457
vn -0.8030 0.4856 -0.3456
vn -0.8032 0.2847 -0.5233
vn -0.8060 0.4796 -0.3469
vn -0.9177 -0.0359 -0.3957
vn -0.9283 -0.0360 -0.3700
vn -0.9452 -0.0361 -0.3245
vn -0.9737 -0.0971 -0.2061
vn -0.9749 -0.0362 -0.2195
vn -0.9531 -0.0054 -0.3026
vn -0.8157 0.1036 -0.5692
vn -0.7349 0.1457 -0.6624
vn -0.6322 0.1892 -0.7514
vn -0.4266 0.2549 -0.8678
vn -0.2945 0.2866 -0.9117
vn -0.3915 0.0700 -0.9175
vn -0.1881 0.1050 -0.9765
vn -0.6770 0.0119 -0.7359
vn -0.2658 0.0004 -0.9640
vn -0.7086 0.0439 -0.7043
vn 0.0120 -0.0093 -0.9999
vn -0.0207 0.1304 -0.9912
vn 0.1248 0.1491 -0.9809
vn -0.2101 0.3032 -0.9295
vn 0.3313 0.1020 -0.9380
vn 0.2402 0.1611 -0.9573
vn 0.0107 0.3351 -0.9421
vn 0.2163 0.1823 -0.9592
vn 0.1773 0.2387 -0.9548
vn 0.6694 0.2979 -0.6806
vn 0.6549 0.3519 -0.6688
vn 0.6655 0.3062 -0.6807
vn 0.6837 0.2017 -0.7014
vn 0.2267 0.3505 -0.9087
vn 0.1899 0.3996 -0.8968
vn 0.1057 0.6030 -0.7907
vn 0.5838 0.5575 -0.5903
vn 0.5129 0.6877 -0.5138
vn -0.8579 -0.0346 -0.5127
vn -0.9705 -0.0565 -0.2344
vn -0.9678 -0.0779 -0.2395
vn -0.8657 0.0509 -0.4980
vn -0.9712 -0.0718 -0.2272
vn -0.9990 -0.0411 -0.0184
vn -0.9982 -0.0576 -0.0176
vn -0.9983 -0.0556 -0.0178
vn -0.9749 -0.0362 -0.2196
vn -0.9991 -0.0238 -0.0353
vn -0.9992 0.0349 -0.0192
vn -0.9924 -0.1229 -0.0000
vn -0.9984 -0.0506 -0.0266
vn -0.9749 -0.0362 -0.2195
vn -0.9990 -0.0388 -0.0216
vn -0.9967 -0.0798 -0.0173
vn -0.9622 -0.2723 -0.0054
vn -0.9017 -0.4320 -0.0179
vn -0.9405 -0.3251 0.0987
vn -0.9982 -0.0587 0.0089
vn -0.9425 -0.3027 0.1418
vn -0.9417 -0.3039 0.1443
vn -0.9415 -0.3204 0.1045
vn -0.8512 -0.5245 -0.0171
vn -0.7349 -0.6781 -0.0149
vn -0.8106 -0.5486 0.2049
vn -0.9570 -0.2894 -0.0193
vn -0.8557 -0.5173 -0.0167
vn -0.8517 -0.5238 -0.0166
vn -0.9706 -0.0362 -0.2379
vn -0.8280 -0.5217 -0.2056
vn -0.4934 -0.8697 -0.0105
vn -0.4836 -0.8669 -0.1209
vn -0.4850 -0.8745 -0.0103
vn -0.5102 -0.8600 -0.0108
vn -0.4851 -0.8744 -0.0103
vn -0.6213 -0.7291 0.2869
vn -0.2741 -0.8490 0.4518
vn -0.6491 -0.6712 0.3580
vn -0.8194 -0.5083 0.2650
vn -0.9369 -0.3295 0.1168
vn -0.9416 -0.3041 0.1445
vn -0.9384 -0.3451 -0.0195
vn -0.9376 -0.3453 0.0415
vn -0.9369 -0.3308 0.1134
vn -0.9718 -0.2261 0.0672
vn -0.9992 0.0347 -0.0192
vn -0.9992 0.0347 -0.0192
vn -0.9992 0.0348 -0.0192
vn -0.9992 0.0348 -0.0192
vn -0.9992 0.0349 -0.0192
vn -0.9993 0.0053 -0.0373
vn -0.9992 -0.0089 -0.0390
vn -0.9378 -0.3467 -0.0192
vn -0.4463 -0.8667 -0.2227
vn -0.3827 -0.8692 -0.3132
vn -0.3787 -0.8720 -0.3101
vn -0.7645 -0.5214 -0.3791
vn -0.6639 -0.5162 -0.5410
vn -0.6620 -0.5204 -0.5394
vn -0.8949 -0.0358 -0.4449
vn -0.8590 -0.0357 -0.5108
vn -0.7755 -0.0354 -0.6304
vn -0.9283 -0.0360 -0.3700
vn -0.8587 -0.0357 -0.5112
vn -0.7755 -0.0354 -0.6303
vn -0.7823 -0.0298 -0.6222
vn -0.7755 -0.0354 -0.6304
vn -0.6620 -0.5204 -0.5393
vn -0.7755 -0.0354 -0.6303
vn -0.6837 0.4828 -0.5472
vn -0.6794 0.4845 -0.5511
vn -0.6816 0.4793 -0.5528
vn -0.5592 0.6973 -0.4484
vn -0.5596 0.6940 -0.4530
vn -0.3953 0.8621 -0.3170
vn -0.2090 0.8604 -0.4647
vn -0.3586 0.4802 -0.8005
vn -0.4025 0.8557 -0.3253
vn -0.3972 0.8600 -0.3205
vn 0.0012 1.0000 0.0036
vn -0.0017 1.0000 0.0013
vn -0.0016 1.0000 0.0013
vn -0.0016 1.0000 0.0013
vn -0.0017 1.0000 0.0013
vn -0.0016 1.0000 0.0013
vn 0.0232 0.8609 -0.5083
vn 0.2505 0.8611 -0.4424
vn 0.0416 0.4809 -0.8758
vn 0.4325 0.4813 -0.7624
vn 0.4936 -0.0330 -0.8690
vn 0.0482 -0.0336 -0.9983
vn -0.4075 -0.0344 -0.9126
vn 0.4936 -0.0330 -0.8691
vn 0.2333 -0.0333 -0.9718
vn 0.0482 -0.0336 -0.9983
vn -0.0569 -0.0337 -0.9978
vn -0.3204 -0.0342 -0.9467
vn -0.4075 -0.0344 -0.9125
vn 0.2002 -0.5187 -0.8312
vn -0.0478 -0.5190 -0.8534
vn 0.4227 -0.5184 -0.7434
vn 0.1158 -0.8710 -0.4775
vn -0.1557 -0.8714 -0.4651
vn -0.2730 -0.5195 -0.8097
vn -0.5041 -0.5200 -0.6896
vn -0.5908 -0.0348 -0.8061
vn -0.3787 -0.8720 -0.3101
vn 0.7557 -0.0000 0.6549
vn 0.6843 0.0000 0.7292
vn 0.2817 -0.0001 0.9595
vn 0.2817 -0.0001 0.9595
vn 0.7557 -0.0000 0.6549
vn 0.9898 0.0000 0.1422
vn 0.9898 0.0000 0.1421
vn 0.9096 0.0001 -0.4154
vn 0.9096 0.0000 -0.4154
vn 0.5406 0.0000 -0.8413
vn 0.7291 0.0000 -0.6844
vn 0.5406 -0.0000 -0.8413
vn -0.0002 -0.0000 -1.0000
vn -0.0000 -0.0000 -1.0000
vn -0.5406 0.0000 -0.8413
vn -0.5406 -0.0000 -0.8413
vn -0.9096 -0.0000 -0.4154
vn -0.6843 0.0000 -0.7292
vn -0.9096 -0.0001 -0.4154
vn -0.9898 0.0000 0.1423
vn -0.9898 0.0000 0.1423
vn -0.7557 0.0001 0.6549
vn -0.7557 0.0002 0.6549
vn -0.2817 0.0001 0.9595
vn -0.7292 0.0018 0.6843
vn -0.2818 0.0001 0.9595
vn 0.4235 0.8612 -0.2810
vn 0.5051 0.8611 -0.0588
vn 0.4776 0.8607 0.1763
vn 0.4776 0.8607 0.1762
vn 0.4920 0.8608 0.1303
vn 0.8233 0.4807 0.3020
vn 0.5020 0.8609 0.0831
vn 0.8706 0.4812 -0.1024
vn 0.7302 0.4815 -0.4847
vn 0.8327 -0.0329 -0.5527
vn 0.8327 -0.0328 -0.5527
vn 0.7152 -0.0328 -0.6981
vn -0.9647 -0.0362 -0.2608
vn 0.0083 0.9971 -0.0759
vn -0.0547 0.9924 -0.1104
vn -0.0695 0.9872 -0.1433
vn -0.0652 0.9875 -0.1436
vn -0.0713 0.9254 -0.3722
vn 0.3947 0.0000 -0.9188
vn 0.5639 -0.0000 -0.8258
vn 0.6443 -0.0000 -0.7648
vn 0.7738 0.0000 -0.6334
vn 0.8385 -0.0000 -0.5449
vn 0.9210 -0.0000 -0.3896
vn 0.6443 0.0000 -0.7647
vn 0.8386 -0.0000 -0.5448
vn 0.3947 -0.0000 -0.9188
vn 0.0000 1.0000 -0.0000
vn -0.0000 1.0000 -0.0000
vn -0.0000 1.0000 -0.0000
vn -0.0000 1.0000 -0.0000
vn 0.0000 1.0000 0.0000
vn 0.4766 0.8660 0.1512
vn 0.4766 0.8660 0.1512
vn 0.3947 0.0000 -0.9188
vn 0.3946 -0.0000 -0.9188
vn 0.3871 -0.0000 -0.9220
vn 0.3815 0.0000 -0.9244
vn 0.3795 -0.0000 -0.9252
vn 0.3795 0.0000 -0.9252
vn 0.3815 0.0000 -0.9244
vn 0.3871 -0.0000 -0.9220
vn 0.8255 0.5000 0.2619
vn 0.8255 0.5000 0.2618
vn 0.9532 0.0001 0.3024
vn 0.9532 0.0001 0.3024
vn 0.6358 -0.0000 -0.7718
vn 0.3971 -0.0000 -0.9178
vn 0.3894 0.0000 -0.9211
vn 0.3836 -0.0000 -0.9235
vn 0.3815 -0.0000 -0.9244
vn 0.3815 0.0000 -0.9244
vn 0.3836 0.0000 -0.9235
vn 0.3893 -0.0000 -0.9211
vn 0.3971 0.0000 -0.9178
vn 0.9532 -0.0000 0.3024
vn 0.9532 -0.0000 0.3025
vn 0.8255 -0.5000 0.2619
vn 0.8255 -0.5000 0.2619
vn 0.4766 -0.8660 0.1512
vn 0.4766 -0.8660 0.1512
vn 0.0000 -1.0000 0.0000
vn 0.0000 -1.0000 -0.0000
vn -0.0000 -1.0000 -0.0000
vn 0.0000 -1.0000 0.0000
vn -0.0000 -1.0000 -0.0000
vn 0.6443 -0.0001 -0.7647
vn 0.6443 0.0000 -0.7647
vn 0.3947 0.0000 -0.9188
vn 0.5230 -0.0000 -0.8523
vn 0.6443 0.0000 -0.7647
vn 0.3088 0.0000 -0.9511
vn 0.2145 0.7050 -0.6760
vn 0.3698 0.7071 -0.6027
vn 0.3698 0.7071 -0.6027
vn 0.2783 0.7093 -0.6477
vn 0.2182 0.7056 -0.6742
vn 0.2139 0.7050 -0.6762
vn 0.5291 0.7071 -0.4691
vn 0.4556 0.7071 -0.5407
vn 0.5290 0.7071 -0.4691
vn 0.7482 0.0000 -0.6635
vn 0.8386 0.0000 -0.5448
vn 0.8386 -0.0000 -0.5448
vn 0.5600 0.7071 -0.4317
vn 0.6426 0.7071 -0.2950
vn 0.6426 0.7071 -0.2950
vn 0.5929 0.7071 -0.3852
vn 0.9088 0.0000 -0.4172
vn 0.9606 0.0000 -0.2780
vn 0.9606 0.0000 -0.2780
vn 0.8386 -0.0000 -0.5448
vn 0.7006 0.7071 -0.0954
vn 0.7006 0.7071 -0.0954
vn 0.6792 0.7071 -0.1966
vn 0.9909 -0.0000 -0.1349
vn 0.9999 0.0000 0.0127
vn 0.9999 -0.0000 0.0127
vn 0.9606 -0.0000 -0.2780
vn 0.6981 0.7071 0.1124
vn 0.6981 0.7071 0.1124
vn 0.7070 0.7071 0.0090
vn 0.9873 -0.0000 0.1590
vn 0.9532 0.0000 0.3024
vn 0.9532 0.0000 0.3024
vn 0.9999 -0.0000 0.0128
vn 0.6353 0.7071 0.3106
vn 0.6353 0.7071 0.3106
vn 0.6740 0.7071 0.2138
vn 0.8984 0.0000 0.4392
vn 0.8244 0.0000 0.5660
vn 0.8244 -0.0000 0.5660
vn 0.9532 0.0000 0.3024
vn 0.5175 0.7071 0.4819
vn 0.5175 0.7071 0.4818
vn 0.5829 0.7071 0.4002
vn 0.0000 1.0000 -0.0000
vn 0.0000 1.0000 -0.0000
vn 0.0000 1.0000 -0.0000
vn 0.0000 1.0000 -0.0000
vn 0.0000 1.0000 -0.0000
vn 0.3550 0.7071 0.6115
vn 0.3550 0.7071 0.6115
vn 0.4417 0.7071 0.5522
vn 0.7318 0.0000 0.6815
vn 0.6247 -0.0000 0.7809
vn 0.6247 0.0000 0.7809
vn 0.8244 -0.0000 0.5660
vn 0.5021 0.0000 0.8648
vn 0.3711 -0.0000 0.9286
vn 0.3707 0.0000 0.9288
vn 0.6246 -0.0000 0.7809
vn 0.6247 0.0000 0.7809
vn 0.8244 -0.0000 0.5660
vn 0.9532 -0.0001 0.3024
vn 0.9999 0.0000 0.0127
vn 0.9606 -0.0002 -0.2780
vn 0.8386 -0.0003 -0.5448
vn 0.3707 -0.0001 0.9288
vn 0.3711 0.0001 0.9286
vn 0.0855 0.0000 0.9963
vn 0.0854 0.0000 0.9963
vn 0.0857 0.0000 0.9963
vn 0.2289 -0.0000 0.9734
vn 0.0857 -0.0000 0.9963
vn 0.1619 0.7071 0.6883
vn 0.1619 0.7071 0.6883
vn 0.2625 0.7071 0.6566
vn -0.0454 0.7071 0.7057
vn -0.0455 0.7071 0.7057
vn 0.0606 0.7071 0.7045
vn -0.0640 0.0000 0.9979
vn -0.2072 0.0000 0.9783
vn -0.2094 0.7071 0.6754
vn -0.2094 0.7071 0.6754
vn -0.1465 0.7071 0.6918
vn -0.2963 -0.0001 0.9551
vn -0.2182 0.7071 0.6726
vn -0.3698 0.7071 0.6027
vn -0.3698 0.7071 0.6027
vn -0.2791 0.7071 0.6497
vn -0.3088 0.0000 0.9511
vn -0.5291 0.7071 0.4691
vn -0.4551 0.7071 0.5412
vn -0.5291 0.7071 0.4691
vn -0.6436 -0.0000 0.7654
vn -0.3947 -0.0000 0.9188
vn -0.5230 0.0000 0.8524
vn -0.6436 -0.0000 0.7654
vn -0.6436 -0.0000 0.7654
vn -0.8375 -0.0000 0.5464
vn -0.7482 -0.0000 0.6635
vn -0.8375 -0.0000 0.5465
vn -0.8375 -0.0000 0.5464
vn -0.8375 -0.0002 0.5464
vn -0.0000 -1.0000 -0.0000
vn 0.0000 -1.0000 0.0000
vn -0.0000 -1.0000 0.0000
vn 0.0000 -1.0000 0.0000
vn 0.0000 -1.0000 0.0000
vn -0.9598 0.0000 0.2808
vn -0.9598 0.0000 0.2808
vn -0.9598 -0.0004 0.2808
vn -0.9088 -0.0000 0.4172
vn -0.9598 -0.0000 0.2808
vn -0.9999 0.0000 -0.0106
vn -0.9909 0.0000 0.1349
vn -1.0000 -0.0000 -0.0089
vn -0.7006 0.7071 0.0954
vn -0.6786 0.7072 0.1985
vn -0.6426 0.7071 0.2950
vn -0.6426 0.7071 0.2950
vn -0.7006 0.7071 0.0954
vn -0.5922 0.7071 0.3864
vn -0.5600 0.7071 0.4318
vn 0.0000 1.0000 -0.0000
vn -0.8191 0.0001 0.5736
vn -0.7920 0.0000 0.6106
vn -0.6243 0.0000 0.7812
vn -0.6243 0.0001 0.7812
vn -0.6288 -0.0000 0.7776
vn -0.8158 -0.0000 0.5783
vn -0.8191 -0.0000 0.5736
vn -0.3790 -0.0000 0.9254
vn -0.3790 -0.0004 0.9254
vn -0.3863 -0.0000 0.9224
vn -0.1029 -0.0002 0.9947
vn -0.1049 -0.0000 0.9945
vn -0.3583 0.3740 0.8554
vn -0.3515 0.3739 0.8583
vn -0.0974 0.3709 0.9235
vn -0.0940 0.3705 0.9241
vn -0.3463 0.3674 0.8632
vn -0.0955 0.3709 0.9237
vn 0.1685 0.3722 0.9127
vn 0.1736 0.3723 0.9117
vn 0.1642 0.3690 0.9148
vn 0.4184 0.3744 0.8275
vn 0.4252 0.3743 0.8241
vn 0.4134 0.3671 0.8332
vn 0.6356 0.3707 0.6772
vn 0.6356 0.3707 0.6772
vn 0.4512 -0.0000 0.8924
vn 0.6844 0.0001 0.7292
vn 0.6844 0.0000 0.7292
vn 0.4585 -0.0015 0.8887
vn 0.4512 -0.0001 0.8924
vn 0.1815 -0.0005 0.9834
vn 0.1871 -0.0010 0.9823
vn 0.8621 0.0000 0.5068
vn 0.8621 -0.0001 0.5068
vn 0.8579 0.0000 0.5139
vn 0.9699 -0.0005 0.2434
vn 0.9699 0.0001 0.2434
vn 0.9685 0.0000 0.2489
vn 0.7955 0.3743 0.4766
vn 0.7994 0.3744 0.4700
vn 0.8989 0.3723 0.2310
vn 0.9026 0.3690 0.2218
vn 0.8054 0.3672 0.4654
vn 0.9002 0.3722 0.2259
vn 0.9279 0.3710 -0.0369
vn 0.9279 0.3709 -0.0388
vn 0.9282 0.3705 -0.0353
vn 0.9992 -0.0002 -0.0397
vn 0.9475 -0.0002 -0.3196
vn 0.9475 -0.0003 -0.3196
vn 0.9991 -0.0004 -0.0418
vn 0.8788 0.3739 -0.2964
vn 0.8764 0.3739 -0.3034
vn 0.8834 0.3674 -0.2910
vn 0.8191 0.0002 -0.5736
vn 0.8191 -0.0000 -0.5736
vn 0.9450 -0.0014 -0.3272
vn 0.7601 0.3726 -0.5323
vn 0.7571 0.3725 -0.5367
vn 0.7642 0.3689 -0.5290
vn 0.7920 0.0000 -0.6106
vn 0.6243 -0.0001 -0.7812
vn 0.6243 0.0000 -0.7812
vn 0.6288 0.0000 -0.7776
vn 0.8158 -0.0000 -0.5783
vn 0.5836 0.3725 -0.7216
vn 0.5764 0.3689 -0.7292
vn 0.5794 0.3726 -0.7249
vn 0.3583 0.3740 -0.8554
vn 0.3463 0.3674 -0.8632
vn 0.3515 0.3739 -0.8583
vn 0.0974 0.3709 -0.9236
vn 0.0940 0.3705 -0.9240
vn 0.3790 -0.0000 -0.9254
vn 0.3790 0.0000 -0.9254
vn 0.3863 0.0000 -0.9224
vn 0.1029 -0.0002 -0.9947
vn 0.1029 0.0003 -0.9947
vn 0.1049 -0.0000 -0.9945
vn -0.1815 -0.0001 -0.9834
vn -0.1815 -0.0000 -0.9834
vn 0.0956 0.3709 -0.9237
vn -0.1685 0.3722 -0.9127
vn -0.1736 0.3723 -0.9117
vn -0.1642 0.3690 -0.9148
vn -0.4512 -0.0003 -0.8924
vn -0.4512 0.0000 -0.8924
vn -0.1871 -0.0010 -0.9823
vn -0.4184 0.3744 -0.8275
vn -0.4252 0.3743 -0.8240
vn -0.4135 0.3672 -0.8332
vn -0.6844 0.0000 -0.7292
vn -0.6844 0.0000 -0.7292
vn -0.4585 -0.0015 -0.8887
vn -0.6356 0.3706 -0.6772
vn -0.6356 0.3707 -0.6772
vn -0.8621 -0.0001 -0.5068
vn -0.8579 0.0000 -0.5139
vn -0.8621 -0.0000 -0.5068
vn -0.8054 0.3672 -0.4654
vn -0.7955 0.3743 -0.4765
vn -0.7993 0.3744 -0.4700
vn -0.8989 0.3723 -0.2310
vn -0.9025 0.3691 -0.2218
vn -0.9699 -0.0005 -0.2434
vn -0.9699 0.0001 -0.2434
vn -0.9685 0.0000 -0.2489
vn -0.9992 -0.0002 0.0397
vn -0.9002 0.3722 -0.2259
vn -0.9279 0.3710 0.0369
vn -0.9279 0.3709 0.0388
vn -0.9282 0.3705 0.0353
vn -0.9476 -0.0001 0.3196
vn -0.9476 -0.0001 0.3196
vn -0.9991 -0.0004 0.0417
vn -0.8788 0.3739 0.2964
vn -0.8764 0.3739 0.3034
vn -0.8834 0.3674 0.2910
vn -0.7601 0.3726 0.5323
vn -0.7571 0.3725 0.5367
vn -0.7642 0.3689 0.5290
vn -0.9450 -0.0014 0.3272
vn -0.5836 0.3725 0.7216
vn -0.5764 0.3689 0.7292
vn -0.5794 0.3726 0.7249
vn -0.6981 0.7071 -0.1124
vn -0.7071 0.7071 -0.0062
vn -0.6981 0.7071 -0.1124
vn -0.6352 0.7071 -0.3106
vn -0.6750 0.7071 -0.2105
vn -0.6352 0.7071 -0.3106
vn -0.9542 0.0000 -0.2991
vn -0.9999 -0.0002 -0.0106
vn -0.9873 0.0000 -0.1590
vn -0.9546 -0.0000 -0.2978
vn -1.0000 -0.0002 -0.0089
vn -0.9542 -0.0001 -0.2991
vn -0.9547 0.0004 -0.2977
vn -0.8271 0.0000 -0.5621
vn -0.8271 -0.0001 -0.5621
vn -0.8277 0.0005 -0.5612
vn -0.8984 0.0000 -0.4392
vn -0.8277 0.0000 -0.5612
vn -0.6308 -0.0000 -0.7760
vn -0.7318 0.0000 -0.6815
vn -0.6299 0.0000 -0.7766
vn -0.5175 0.7071 -0.4818
vn -0.5853 0.7071 -0.3968
vn -0.5175 0.7071 -0.4819
vn -0.3550 0.7071 -0.6115
vn -0.4454 0.7071 -0.5491
vn -0.3550 0.7071 -0.6115
vn -0.3791 0.0000 -0.9254
vn -0.6308 0.0001 -0.7760
vn -0.5021 -0.0000 -0.8648
vn -0.3783 0.0000 -0.9257
vn -0.6299 -0.0001 -0.7766
vn -0.3790 0.0001 -0.9254
vn -0.3783 0.0002 -0.9257
vn -0.0944 -0.0000 -0.9955
vn -0.2289 -0.0000 -0.9734
vn -0.0944 -0.0000 -0.9955
vn -0.1619 0.7071 -0.6883
vn -0.2675 0.7071 -0.6545
vn -0.1619 0.7071 -0.6883
vn 0.0453 0.7071 -0.7056
vn 0.0453 0.7071 -0.7057
vn -0.0667 0.7071 -0.7039
vn 0.0640 -0.0000 -0.9980
vn 0.1978 -0.0000 -0.9802
vn 0.2096 0.7044 -0.6781
vn 0.1407 0.7031 -0.6970
vn 0.2962 0.0000 -0.9551
vn 0.2963 0.0000 -0.9551
vn -0.0944 0.0001 -0.9955
vn -0.4766 -0.8660 -0.1512
vn -0.4766 -0.8660 -0.1512
vn -0.8255 -0.4999 -0.2619
vn -0.8255 -0.4999 -0.2619
vn -0.9532 0.0000 -0.3024
vn -0.9532 -0.0000 -0.3024
vn -0.0747 0.0000 -0.9972
vn 0.2045 0.0000 -0.9789
vn 0.2128 0.0000 -0.9771
vn 0.2189 0.0000 -0.9757
vn 0.2211 0.0000 -0.9753
vn 0.2211 -0.0000 -0.9753
vn 0.2189 0.0000 -0.9757
vn 0.2128 -0.0000 -0.9771
vn 0.2045 -0.0000 -0.9789
vn -0.9532 0.0000 -0.3024
vn -0.9532 -0.0000 -0.3024
vn -0.8255 0.4999 -0.2619
vn -0.8255 0.4999 -0.2619
vn -0.4766 0.8660 -0.1512
vn -0.4766 0.8660 -0.1512
vn -0.3632 -0.0000 -0.9317
vn -0.6202 -0.0000 -0.7844
vn -0.8228 -0.0000 -0.5683
vn -0.9532 -0.0000 -0.3024
vn -1.0000 -0.0000 -0.0099
vn -0.9590 0.0000 0.2835
vn -0.8339 0.0000 0.5520
vn -0.6355 0.0000 0.7721
vn -0.6355 0.0000 0.7721
vn -0.3971 0.0000 0.9178
vn -0.3972 -0.0000 0.9177
vn -0.3972 -0.0000 0.9177
vn -0.3972 -0.0000 0.9177
vn -0.3972 -0.0000 0.9177
vn -0.3972 0.0000 0.9177
vn -0.3972 0.0000 0.9177
vn -0.3972 0.0000 0.9177
vn -0.4766 -0.8660 -0.1512
vn -0.4766 -0.8660 -0.1512
vn -0.8254 -0.5001 -0.2619
vn -0.8254 -0.5001 -0.2619
vn -0.9532 0.0000 -0.3024
vn -0.9532 -0.0000 -0.3024
vn -0.9532 0.0000 -0.3024
vn -0.9532 -0.0000 -0.3024
vn -0.8255 0.5000 -0.2619
vn -0.8255 0.5000 -0.2620
vn 0.4766 -0.8660 0.1512
vn 0.4766 -0.8660 0.1512
vn 0.8255 -0.5000 0.2619
vn 0.8255 -0.5000 0.2619
vn 0.0747 0.0000 0.9972
vn -0.2045 0.0000 0.9789
vn -0.2045 0.0000 0.9789
vn -0.2045 0.0000 0.9789
vn -0.2045 0.0000 0.9789
vn -0.2045 -0.0000 0.9789
vn -0.2045 0.0000 0.9789
vn -0.2045 -0.0000 0.9789
vn -0.2045 -0.0000 0.9789
vn 0.9532 -0.0001 0.3024
vn 0.9532 -0.0001 0.3024
vn 0.9532 0.0001 0.3024
vn 0.9532 0.0001 0.3024
vn 0.8255 0.5000 0.2619
vn 0.8254 0.5001 0.2619
vn 0.4766 0.8660 0.1512
vn 0.4766 0.8660 0.1512
vn 0.3632 0.0000 0.9317
vn 0.6202 0.0000 0.7844
vn 0.8228 0.0000 0.5683
vn 0.9532 0.0000 0.3024
vn 1.0000 0.0000 0.0099
vn 0.9590 -0.0000 -0.2835
vn 0.8339 -0.0000 -0.5519
vn 0.9606 -0.0001 -0.2780
vn 0.9606 0.0000 -0.2780
vn 0.9999 -0.0001 0.0127
vn 0.9999 -0.0000 0.0128
vn 0.9934 0.0000 -0.1144
vn 0.9862 -0.0000 0.1658
vn 0.9532 -0.0000 0.3024
vn 0.9532 0.0000 0.3024
vn 0.8979 0.0000 0.4402
vn 0.8244 -0.0000 0.5660
vn 0.8244 -0.0000 0.5660
vn 0.6485 0.0311 -0.7606
vn 0.6420 0.0188 -0.7664
vn 0.6423 0.0181 -0.7663
vn 0.6448 0.0185 -0.7641
vn 0.7160 0.0595 -0.6956
vn 0.8742 -0.4400 -0.2053
vn -0.4044 0.0174 0.9144
vn -0.1804 0.0174 0.9834
vn -0.1285 0.0175 0.9916
vn 0.0951 0.0174 0.9953
vn 0.8574 -0.5084 -0.0796
vn 0.6677 -0.7419 -0.0622
vn 0.4550 -0.7697 0.4478
vn 0.6210 -0.4909 0.6110
vn 0.7917 0.0042 0.6109
vn 0.7053 -0.1467 0.6936
vn 0.6892 0.3140 0.6530
f 15//1 16//1 18//1
f 15//1 18//1 17//1
f 15//1 17//1 19//1
f 15//1 19//1 20//1
f 15//1 20//1 21//1
f 15//1 21//1 2//1
f 15//1 2//1 1//1
f 15//1 1//1 3//1
f 15//1 3//1 4//1
f 15//1 4//1 5//1
f 15//1 5//1 22//1
f 15//1 22//1 6//1
f 15//1 6//1 7//1
f 15//1 7//1 8//1
f 15//1 8//1 9//1
f 15//1 9//1 10//1
f 15//1 10//1 11//1
f 15//1 11//1 12//1
f 15//1 12//1 13//1
f 15//1 13//1 14//1
f 23//2 24//3 29//4
f 23//2 29//4 27//5
f 25//6 862//7 24//3
f 25//6 24//3 23//2
f 25//6 23//2 26//8
f 25//6 26//8 53//9
f 23//2 27//5 28//10
f 23//2 28//10 26//8
f 30//11 33//12 34//13
f 30//11 34//13 28//10
f 30//11 28//10 27//5
f 31//14 30//11 27//5
f 31//14 27//5 29//4
f 30//11 31//14 888//15
f 30//11 888//15 884//16
f 30//11 884//16 32//17
f 30//11 32//17 1443//18
f 30//11 1443//18 36//19
f 30//11 36//19 35//20
f 30//11 35//20 33//12
f 39//21 34//13 33//12
f 39//21 33//12 35//20
f 39//21 35//20 37//22
f 871//23 38//24 37//22
f 871//23 37//22 35//20
f 871//23 35//20 36//19
f 871//23 36//19 1444//25
f 871//23 1444//25 873//26
f 871//23 873//26 872//27
f 867//28 40//29 39//21
f 867//28 39//21 37//22
f 867//28 37//22 38//24
f 39//21 41//30 28//10
f 39//21 28//10 34//13
f 43//31 41//30 39//21
f 43//31 39//21 40//29
f 26//8 28//10 41//30
f 26//8 41//30 42//32
f 26//8 42//32 50//33
f 45//34 42//32 41//30
f 45//34 41//30 43//31
f 40//29 755//35 44//36
f 40//29 44//36 43//31
f 48//37 46//38 45//34
f 48//37 45//34 43//31
f 48//37 43//31 44//36
f 45//34 46//38 49//39
f 45//34 49//39 50//33
f 45//34 50//33 42//32
f 46//38 47//40 51//41
f 46//38 51//41 49//39
f 47//40 46//38 48//37
f 47//40 48//37 64//42
f 47//40 64//42 55//43
f 50//33 49//39 51//41
f 50//33 51//41 52//44
f 50//33 52//44 53//9
f 50//33 53//9 26//8
f 47//40 55//43 54//45
f 47//40 54//45 52//44
f 47//40 52//44 51//41
f 52//44 54//45 56//46
f 52//44 56//46 57//47
f 52//44 57//47 53//9
f 55//43 59//48 56//46
f 55//43 56//46 54//45
f 56//46 58//49 816//50
f 56//46 816//50 815//51
f 56//46 815//51 57//47
f 59//48 60//52 58//49
f 59//48 58//49 56//46
f 59//48 55//43 64//42
f 59//48 64//42 62//53
f 59//48 62//53 60//52
f 60//52 61//54 817//55
f 60//52 817//55 816//50
f 60//52 816//50 58//49
f 61//54 60//52 62//53
f 61//54 62//53 63//56
f 61//54 63//56 818//57
f 63//56 62//53 65//58
f 63//56 65//58 67//59
f 62//53 64//42 66//60
f 62//53 66//60 65//58
f 758//61 760//62 768//62
f 758//61 768//62 773//62
f 758//61 773//62 774//62
f 758//61 774//62 73//62
f 758//61 73//62 72//63
f 758//61 72//63 70//64
f 758//61 70//64 68//65
f 758//61 68//65 67//59
f 758//61 67//59 65//58
f 758//61 65//58 66//60
f 758//61 66//60 759//66
f 758//61 759//66 757//67
f 63//56 67//59 68//65
f 63//56 68//65 69//68
f 69//68 68//65 70//64
f 69//68 70//64 71//69
f 69//68 71//69 858//70
f 72//63 74//71 75//71
f 72//63 75//71 80//71
f 72//63 80//71 765//71
f 72//63 765//71 763//71
f 72//63 763//71 761//71
f 72//63 761//71 758//61
f 72//63 758//61 757//67
f 72//63 757//67 756//72
f 72//63 756//72 754//73
f 72//63 754//73 753//74
f 72//63 753//74 752//75
f 72//63 752//75 749//76
f 72//63 749//76 853//77
f 72//63 853//77 846//78
f 72//63 846//78 844//79
f 72//63 844//79 845//80
f 72//63 845//80 856//81
f 72//63 856//81 71//69
f 72//63 71//69 70//64
f 77//82 76//83 74//84
f 77//82 74//84 72//85
f 77//82 72//85 73//86
f 76//83 78//87 75//87
f 76//83 75//87 74//84
f 81//88 79//89 78//89
f 81//88 78//89 76//89
f 81//88 76//89 77//89
f 81//88 77//89 772//89
f 81//88 772//89 771//89
f 81//88 771//89 769//90
f 81//88 769//90 770//91
f 81//88 770//91 776//92
f 81//88 776//92 777//93
f 81//88 777//93 786//94
f 81//88 786//94 788//95
f 81//88 788//95 830//96
f 81//88 830//96 829//97
f 81//88 829//97 153//98
f 81//88 153//98 152//99
f 81//88 152//99 150//100
f 81//88 150//100 147//101
f 81//88 147//101 146//102
f 81//88 146//102 145//103
f 81//88 145//103 139//104
f 81//88 139//104 138//105
f 81//88 138//105 137//106
f 81//88 137//106 136//107
f 81//88 136//107 88//108
f 81//88 88//108 87//109
f 81//88 87//109 85//110
f 81//88 85//110 83//111
f 80//112 75//87 78//87
f 80//112 78//87 79//113
f 79//113 81//114 82//115
f 79//113 82//115 765//116
f 79//113 765//116 80//112
f 769//90 767//117 766//117
f 769//90 766//117 762//117
f 769//90 762//117 764//117
f 769//90 764//117 82//117
f 769//90 82//117 81//88
f 769//90 81//88 83//111
f 769//90 83//111 84//118
f 769//90 84//118 866//119
f 769//90 866//119 865//120
f 769//90 865//120 864//121
f 769//90 864//121 863//122
f 769//90 863//122 775//123
f 769//90 775//123 770//91
f 86//124 1900//125 84//118
f 86//124 84//118 83//111
f 86//124 83//111 85//110
f 89//126 86//124 85//110
f 89//126 85//110 87//109
f 135//127 90//128 89//126
f 135//127 89//126 87//109
f 135//127 87//109 88//108
f 92//129 91//130 89//126
f 92//129 89//126 90//128
f 91//130 94//131 86//124
f 91//130 86//124 89//126
f 1899//132 93//133 91//130
f 1899//132 91//130 92//129
f 93//133 96//134 94//131
f 93//133 94//131 91//130
f 86//124 94//131 95//135
f 86//124 95//135 1900//125
f 94//131 96//134 97//136
f 94//131 97//136 887//137
f 94//131 887//137 95//135
f 96//134 98//138 99//139
f 96//134 99//139 97//136
f 101//140 98//138 96//134
f 101//140 96//134 93//133
f 98//138 100//141 892//142
f 98//138 892//142 99//139
f 103//143 100//141 98//138
f 103//143 98//138 101//140
f 102//144 101//140 93//133
f 102//144 93//133 1899//132
f 105//145 103//143 101//140
f 105//145 101//140 102//144
f 103//143 105//145 106//146
f 103//143 106//146 104//147
f 894//148 100//141 103//143
f 894//148 103//143 104//147
f 894//148 104//147 896//149
f 105//145 102//144 111//150
f 105//145 111//150 109//151
f 105//145 109//151 107//152
f 105//145 107//152 108//153
f 105//145 108//153 106//146
f 899//154 108//153 107//152
f 899//154 107//152 109//151
f 899//154 109//151 110//155
f 899//154 110//155 117//156
f 899//154 117//156 118//157
f 899//154 118//157 908//158
f 899//154 908//158 906//159
f 899//154 906//159 905//160
f 111//150 113//161 110//155
f 111//150 110//155 109//151
f 111//150 102//144 1899//132
f 111//150 1899//132 112//162
f 113//161 111//150 112//162
f 113//161 112//162 114//163
f 113//161 114//163 116//164
f 113//161 116//164 115//165
f 113//161 115//165 117//156
f 113//161 117//156 110//155
f 121//166 119//167 117//156
f 121//166 117//156 115//165
f 121//166 115//165 116//164
f 121//166 116//164 126//168
f 121//166 126//168 125//169
f 121//166 125//169 123//170
f 120//171 915//172 913//173
f 120//171 913//173 912//174
f 120//171 912//174 911//175
f 120//171 911//175 118//157
f 120//171 118//157 117//156
f 120//171 117//156 119//167
f 119//167 121//166 122//176
f 119//167 122//176 232//177
f 119//167 232//177 1033//178
f 119//167 1033//178 1032//179
f 119//167 1032//179 1017//180
f 119//167 1017//180 1016//181
f 119//167 1016//181 1014//182
f 119//167 1014//182 1012//183
f 119//167 1012//183 1010//184
f 119//167 1010//184 120//171
f 123//170 124//185 122//176
f 123//170 122//176 121//166
f 1877//186 124//185 123//170
f 1877//186 123//170 125//169
f 1877//186 125//169 127//187
f 1877//186 127//187 128//188
f 130//189 129//190 127//187
f 130//189 127//187 125//169
f 130//189 125//169 126//168
f 129//190 131//191 1882//192
f 129//190 1882//192 1881//193
f 129//190 1881//193 1880//194
f 129//190 1880//194 128//188
f 129//190 128//188 127//187
f 130//189 134//195 132//196
f 130//189 132//196 129//190
f 129//190 132//196 133//197
f 129//190 133//197 131//191
f 132//196 90//128 135//127
f 132//196 135//127 133//197
f 134//195 92//129 90//128
f 134//195 90//128 132//196
f 112//162 1899//132 92//129
f 112//162 92//129 134//195
f 114//163 112//162 134//195
f 114//163 134//195 130//189
f 133//197 135//127 88//108
f 133//197 88//108 136//107
f 131//191 133//197 136//107
f 131//191 136//107 137//106
f 140//198 141//199 1882//192
f 140//198 1882//192 131//191
f 140//198 131//191 137//106
f 140//198 137//106 138//105
f 144//200 142//201 140//198
f 144//200 140//198 138//105
f 144//200 138//105 139//104
f 143//202 1884//203 141//199
f 143//202 141//199 140//198
f 143//202 140//198 142//201
f 142//201 144//200 145//103
f 142//201 145//103 146//102
f 142//201 146//102 143//202
f 139//104 145//103 144//200
f 1883//204 1884//203 143//202
f 1883//204 143//202 146//102
f 1883//204 146//102 147//101
f 1883//204 147//101 149//205
f 151//206 1889//207 148//208
f 151//206 148//208 147//101
f 151//206 147//101 150//100
f 1885//209 1875//210 149//205
f 1885//209 149//205 147//101
f 1885//209 147//101 148//208
f 151//206 150//100 152//99
f 151//206 152//99 154//211
f 155//212 154//211 152//99
f 155//212 152//99 153//98
f 155//212 153//98 156//213
f 158//214 151//206 154//211
f 158//214 154//211 155//212
f 158//214 155//212 157//215
f 159//216 157//215 155//212
f 159//216 155//212 156//213
f 159//216 156//213 160//217
f 162//218 158//214 157//215
f 162//218 157//215 159//216
f 162//218 159//216 161//219
f 160//217 826//220 164//221
f 160//217 164//221 163//222
f 160//217 163//222 161//219
f 160//217 161//219 159//216
f 162//218 161//219 163//222
f 162//218 163//222 166//223
f 162//218 166//223 167//224
f 833//225 165//226 163//222
f 833//225 163//222 164//221
f 170//227 168//228 166//223
f 170//227 166//223 163//222
f 170//227 163//222 165//226
f 168//228 171//229 167//224
f 168//228 167//224 166//223
f 169//230 168//228 170//227
f 169//230 170//227 837//231
f 168//228 169//230 174//232
f 168//228 174//232 172//233
f 168//228 172//233 171//229
f 162//218 167//224 171//229
f 162//218 171//229 172//233
f 162//218 172//233 173//234
f 162//218 173//234 1893//235
f 162//218 1893//235 1892//236
f 174//232 175//237 173//234
f 174//232 173//234 172//233
f 174//232 176//238 177//239
f 174//232 177//239 1897//240
f 174//232 1897//240 1896//241
f 174//232 1896//241 175//237
f 176//238 174//232 169//230
f 176//238 169//230 178//242
f 182//243 177//239 176//238
f 182//243 176//238 179//244
f 179//244 176//238 178//242
f 179//244 178//242 180//245
f 179//244 180//245 849//246
f 179//244 849//246 854//247
f 179//244 854//247 181//248
f 182//243 179//244 181//248
f 182//243 181//248 184//249
f 183//250 210//251 177//239
f 183//250 177//239 182//243
f 183//250 182//243 184//249
f 183//250 184//249 185//252
f 183//250 185//252 187//253
f 851//254 186//255 185//252
f 851//254 185//252 184//249
f 851//254 184//249 181//248
f 851//254 181//248 854//247
f 186//255 189//256 188//257
f 186//255 188//257 187//253
f 186//255 187//253 185//252
f 191//258 183//250 187//253
f 191//258 187//253 188//257
f 191//258 188//257 190//259
f 189//256 1447//260 194//261
f 189//256 194//261 192//262
f 189//256 192//262 190//259
f 189//256 190//259 188//257
f 191//258 190//259 192//262
f 191//258 192//262 193//263
f 191//258 193//263 206//264
f 199//265 201//266 193//263
f 199//265 193//263 192//262
f 199//265 192//262 195//267
f 199//265 195//267 197//268
f 196//269 195//267 192//262
f 196//269 192//262 194//261
f 196//269 715//270 198//271
f 196//269 198//271 197//268
f 196//269 197//268 195//267
f 197//268 198//271 713//272
f 197//268 713//272 250//273
f 197//268 250//273 1874//274
f 197//268 1874//274 200//275
f 197//268 200//275 199//265
f 202//276 201//266 199//265
f 202//276 199//265 200//275
f 202//276 200//275 1874//274
f 202//276 1874//274 203//277
f 202//276 205//278 206//264
f 202//276 206//264 193//263
f 202//276 193//263 201//266
f 204//279 202//276 203//277
f 204//279 203//277 248//280
f 204//279 248//280 247//281
f 202//276 204//279 242//282
f 202//276 242//282 208//283
f 202//276 208//283 207//284
f 202//276 207//284 205//278
f 209//285 191//258 206//264
f 209//285 206//264 205//278
f 209//285 205//278 207//284
f 209//285 207//284 208//283
f 209//285 208//283 211//286
f 191//258 209//285 210//251
f 191//258 210//251 183//250
f 210//251 209//285 211//286
f 210//251 211//286 212//287
f 210//251 212//287 214//288
f 213//289 212//287 211//286
f 213//289 211//286 208//283
f 213//289 208//283 227//290
f 213//289 219//291 217//292
f 213//289 217//292 215//293
f 213//289 215//293 214//288
f 213//289 214//288 212//287
f 177//239 210//251 214//288
f 177//239 214//288 215//293
f 177//239 215//293 216//294
f 177//239 216//294 1898//295
f 177//239 1898//295 1897//240
f 218//296 1895//297 1898//295
f 218//296 1898//295 216//294
f 218//296 216//294 215//293
f 218//296 215//293 217//292
f 221//298 1886//299 218//296
f 221//298 218//296 217//292
f 221//298 217//292 219//291
f 221//298 219//291 220//300
f 213//289 224//301 222//302
f 213//289 222//302 220//300
f 213//289 220//300 219//291
f 1885//209 221//298 220//300
f 1885//209 220//300 222//302
f 1885//209 222//302 223//303
f 1885//209 223//303 1875//210
f 223//303 222//302 124//185
f 223//303 124//185 1877//186
f 223//303 1877//186 1876//304
f 122//176 124//185 222//302
f 122//176 222//302 224//301
f 122//176 224//301 225//305
f 122//176 225//305 226//306
f 122//176 226//306 230//307
f 213//289 227//290 225//305
f 213//289 225//305 224//301
f 241//308 228//309 226//306
f 241//308 226//306 225//305
f 241//308 225//305 227//290
f 241//308 227//290 208//283
f 241//308 208//283 242//282
f 229//310 226//306 228//309
f 229//310 228//309 239//311
f 231//312 230//307 226//306
f 231//312 226//306 229//310
f 231//312 229//310 234//313
f 231//312 232//177 122//176
f 231//312 122//176 230//307
f 231//312 233//314 1033//178
f 231//312 1033//178 232//177
f 233//314 231//312 234//313
f 233//314 234//313 235//315
f 233//314 235//315 236//316
f 237//317 235//315 234//313
f 237//317 234//313 229//310
f 237//317 229//310 239//311
f 1029//318 1030//319 236//320
f 1029//318 236//320 235//321
f 1029//318 235//321 237//317
f 1029//318 237//317 238//322
f 1029//318 238//322 243//323
f 1029//318 243//323 244//324
f 1029//318 244//324 245//325
f 240//326 238//322 237//317
f 240//326 237//317 239//311
f 228//309 241//308 240//326
f 228//309 240//326 239//311
f 204//279 243//323 238//322
f 204//279 238//322 240//326
f 204//279 240//326 241//308
f 204//279 241//308 242//282
f 204//279 247//281 244//324
f 204//279 244//324 243//323
f 259//327 260//328 261//329
f 259//327 261//329 245//325
f 259//327 245//325 244//324
f 259//327 244//324 246//330
f 259//327 246//330 258//331
f 249//332 246//330 244//324
f 249//332 244//324 247//281
f 249//332 247//281 248//280
f 250//273 249//332 248//280
f 250//273 248//280 203//277
f 250//273 203//277 1874//274
f 249//332 250//273 1464//333
f 249//332 1464//333 252//334
f 249//332 252//334 251//335
f 249//332 251//335 253//336
f 249//332 253//336 255//337
f 249//332 255//337 258//331
f 249//332 258//331 246//330
f 646//338 254//339 253//336
f 646//338 253//336 251//335
f 646//338 251//335 252//334
f 254//339 257//340 255//337
f 254//339 255//337 253//336
f 1827//341 1829//342 256//343
f 1827//341 256//343 255//337
f 1827//341 255//337 257//340
f 1827//341 257//340 641//344
f 1827//341 641//344 640//345
f 1827//341 640//345 639//346
f 1827//341 639//346 632//347
f 258//331 255//337 256//343
f 258//331 256//343 259//327
f 260//328 259//327 256//343
f 260//328 256//343 263//348
f 260//328 263//348 262//349
f 1041//350 1043//351 261//329
f 1041//350 261//329 260//328
f 1041//350 260//328 262//349
f 1041//350 262//349 264//352
f 263//348 1833//353 1834//354
f 263//348 1834//354 266//355
f 263//348 266//355 265//356
f 263//348 265//356 262//349
f 262//349 265//356 268//357
f 262//349 268//357 264//352
f 266//355 1839//358 295//359
f 266//355 295//359 267//360
f 266//355 267//360 265//356
f 267//360 292//361 269//362
f 267//360 269//362 268//357
f 267//360 268//357 265//356
f 269//362 275//363 274//364
f 269//362 274//364 272//365
f 269//362 272//365 270//366
f 269//362 270//366 268//357
f 270//366 271//367 957//368
f 270//366 957//368 1042//369
f 270//366 1042//369 264//352
f 270//366 264//352 268//357
f 273//370 955//371 271//367
f 273//370 271//367 270//366
f 273//370 270//366 272//365
f 273//370 272//365 274//364
f 273//370 274//364 277//372
f 276//373 274//364 275//363
f 276//373 275//363 290//374
f 278//375 277//372 274//364
f 278//375 274//364 276//373
f 278//375 276//373 281//376
f 278//375 281//376 280//377
f 1059//378 273//370 277//372
f 1059//378 277//372 278//375
f 1059//378 278//375 279//379
f 1064//380 279//379 278//375
f 1064//380 278//375 280//377
f 1064//380 280//377 282//381
f 281//376 285//382 283//383
f 281//376 283//383 280//377
f 283//383 284//384 1327//385
f 283//383 1327//385 282//381
f 283//383 282//381 280//377
f 284//384 283//383 285//382
f 284//384 285//382 286//386
f 284//384 286//386 1303//387
f 284//384 1303//387 1302//388
f 286//386 285//382 287//389
f 286//386 287//389 288//390
f 287//389 285//382 281//376
f 287//389 281//376 276//373
f 287//389 276//373 290//374
f 287//389 289//391 304//392
f 287//389 304//392 288//390
f 289//391 287//389 290//374
f 289//391 290//374 291//393
f 275//363 269//362 292//361
f 275//363 292//361 291//393
f 275//363 291//393 290//374
f 292//361 267//360 295//359
f 292//361 295//359 293//394
f 292//361 293//394 291//393
f 294//395 289//391 291//393
f 294//395 291//393 293//394
f 296//396 298//397 301//398
f 296//396 301//398 294//395
f 296//396 294//395 293//394
f 295//359 1839//358 297//399
f 295//359 297//399 296//396
f 295//359 296//396 293//394
f 593//400 585//401 299//402
f 593//400 299//402 298//397
f 593//400 298//397 296//396
f 593//400 296//396 297//399
f 588//403 300//404 298//397
f 588//403 298//397 299//402
f 301//398 298//397 300//404
f 301//398 300//404 303//405
f 301//398 303//405 302//406
f 289//391 294//395 301//398
f 289//391 301//398 302//406
f 289//391 302//406 304//392
f 303//405 1873//407 1872//408
f 303//405 1872//408 1871//409
f 303//405 1871//409 1870//410
f 303//405 1870//410 1869//411
f 303//405 1869//411 1868//412
f 303//405 1868//412 1867//413
f 303//405 1867//413 1866//414
f 303//405 1866//414 1865//415
f 303//405 1865//415 1864//416
f 303//405 1864//416 1863//417
f 303//405 1863//417 1862//418
f 303//405 1862//418 1861//417
f 303//405 1861//417 1860//419
f 303//405 1860//419 1859//420
f 303//405 1859//420 1858//421
f 303//405 1858//421 1857//422
f 303//405 1857//422 1856//423
f 303//405 1856//423 1855//424
f 303//405 1855//424 1854//425
f 303//405 1854//425 306//426
f 303//405 306//426 305//427
f 303//405 305//427 302//406
f 305//427 307//428 304//392
f 305//427 304//392 302//406
f 305//427 306//426 310//429
f 305//427 310//429 308//430
f 308//430 309//431 307//428
f 308//430 307//428 305//427
f 310//429 311//432 1448//433
f 310//429 1448//433 721//434
f 310//429 721//434 723//435
f 310//429 723//435 725//436
f 310//429 725//436 1323//437
f 310//429 1323//437 1325//438
f 310//429 1325//438 309//431
f 310//429 309//431 308//430
f 312//439 310//429 306//426
f 312//439 306//426 313//440
f 315//441 366//442 311//432
f 315//441 311//432 310//429
f 315//441 310//429 312//439
f 315//441 312//439 314//443
f 313//440 590//444 317//445
f 313//440 317//445 316//446
f 313//440 316//446 314//443
f 313//440 314//443 312//439
f 319//447 315//441 314//443
f 319//447 314//443 316//446
f 319//447 316//446 318//448
f 317//445 589//449 321//450
f 317//445 321//450 320//451
f 317//445 320//451 318//448
f 317//445 318//448 316//446
f 323//452 357//453 319//447
f 323//452 319//447 318//448
f 323//452 318//448 320//451
f 323//452 320//451 322//454
f 321//450 592//455 325//456
f 321//450 325//456 324//457
f 321//450 324//457 322//454
f 321//450 322//454 320//451
f 322//454 324//457 327//458
f 322//454 327//458 328//459
f 322//454 328//459 361//460
f 322//454 361//460 323//452
f 324//457 325//456 564//461
f 324//457 564//461 1840//462
f 324//457 1840//462 326//463
f 324//457 326//463 330//464
f 324//457 330//464 327//458
f 363//465 362//466 328//467
f 363//465 328//467 327//468
f 363//465 327//468 329//469
f 332//470 365//471 329//469
f 332//470 329//469 327//468
f 332//470 327//468 330//464
f 332//470 330//464 331//472
f 560//473 334//474 333//475
f 560//473 333//475 331//472
f 560//473 331//472 330//464
f 560//473 330//464 326//463
f 560//473 326//463 561//476
f 560//473 561//476 557//477
f 331//472 333//475 335//478
f 331//472 335//478 337//479
f 331//472 337//479 339//480
f 331//472 339//480 332//470
f 336//481 335//478 333//475
f 336//481 333//475 334//474
f 336//481 334//474 454//482
f 336//481 454//482 453//483
f 336//481 453//483 452//484
f 403//485 338//486 337//479
f 403//485 337//479 335//478
f 403//485 335//478 336//481
f 403//485 336//481 451//487
f 341//488 340//489 339//490
f 341//488 339//490 337//479
f 341//488 337//479 338//486
f 341//488 338//486 400//491
f 365//471 332//470 339//490
f 365//471 339//490 340//489
f 365//471 340//489 342//492
f 365//471 342//492 343//493
f 365//471 343//493 364//494
f 340//489 341//488 345//495
f 340//489 345//495 344//496
f 340//489 344//496 342//492
f 346//497 347//498 360//499
f 346//497 360//499 343//493
f 346//497 343//493 342//492
f 346//497 342//492 344//496
f 344//496 345//495 349//500
f 344//496 349//500 348//501
f 344//496 348//501 346//497
f 350//502 353//503 347//498
f 350//502 347//498 346//497
f 350//502 346//497 348//501
f 350//502 348//501 349//500
f 350//502 349//500 391//504
f 350//502 391//504 390//505
f 350//502 390//505 388//506
f 350//502 388//506 387//507
f 350//502 387//507 386//508
f 350//502 386//508 351//509
f 352//510 350//502 351//509
f 352//510 351//509 384//511
f 352//510 384//511 378//512
f 353//503 350//502 352//510
f 353//503 352//510 354//513
f 355//514 353//503 354//513
f 355//514 354//513 356//515
f 353//503 355//514 358//516
f 353//503 358//516 360//499
f 353//503 360//499 347//498
f 355//514 356//515 366//442
f 355//514 366//442 315//517
f 355//514 315//517 319//447
f 355//514 319//447 357//453
f 355//514 357//453 323//452
f 355//514 323//452 361//518
f 355//514 361//518 359//519
f 355//514 359//519 358//516
f 360//499 358//516 359//519
f 360//499 359//519 362//466
f 360//499 362//466 363//465
f 360//499 363//465 364//494
f 360//499 364//494 343//493
f 359//519 361//518 328//467
f 359//519 328//467 362//466
f 329//469 365//471 364//494
f 329//469 364//494 363//465
f 356//515 354//513 370//520
f 356//515 370//520 368//521
f 356//515 368//521 367//522
f 356//515 367//522 311//432
f 356//515 311//432 366//442
f 369//523 1448//433 311//432
f 369//523 311//432 367//522
f 369//523 367//522 368//521
f 372//524 369//523 368//521
f 372//524 368//521 370//520
f 372//524 370//520 371//525
f 354//513 352//510 373//526
f 354//513 373//526 371//525
f 354//513 371//525 370//520
f 372//524 371//525 373//526
f 372//524 373//526 374//527
f 372//524 374//527 375//528
f 352//510 378//512 377//529
f 352//510 377//529 374//527
f 352//510 374//527 373//526
f 712//530 375//528 374//527
f 712//530 374//527 376//531
f 712//530 376//531 1450//532
f 712//530 1450//532 714//533
f 379//534 376//531 374//527
f 379//534 374//527 377//529
f 381//535 379//534 377//529
f 381//535 377//529 378//512
f 381//535 378//512 384//511
f 379//534 380//536 1450//532
f 379//534 1450//532 376//531
f 381//535 382//537 380//536
f 381//535 380//536 379//534
f 383//538 385//539 382//537
f 383//538 382//537 381//535
f 383//538 381//535 384//511
f 383//538 384//511 351//509
f 383//538 351//509 386//508
f 385//539 383//538 387//507
f 385//539 387//507 388//506
f 385//539 388//506 389//540
f 385//539 389//540 1459//541
f 383//538 386//508 387//507
f 389//540 388//506 390//505
f 389//540 390//505 392//542
f 389//540 392//542 394//543
f 389//540 394//543 395//544
f 392//542 390//505 391//504
f 392//542 391//504 393//545
f 396//546 394//543 392//542
f 396//546 392//542 393//545
f 396//546 393//545 398//547
f 394//543 396//546 397//548
f 394//543 397//548 420//549
f 394//543 420//549 395//544
f 401//550 397//548 396//546
f 401//550 396//546 398//547
f 401//550 398//547 399//551
f 400//491 338//486 403//485
f 400//491 403//485 402//552
f 400//491 402//552 399//551
f 400//491 399//551 398//547
f 391//504 349//500 345//495
f 391//504 345//495 341//488
f 391//504 341//488 400//491
f 391//504 400//491 398//547
f 391//504 398//547 393//545
f 402//552 404//553 406//554
f 402//552 406//554 401//550
f 402//552 401//550 399//551
f 451//487 450//555 405//556
f 451//487 405//556 404//553
f 451//487 404//553 402//552
f 451//487 402//552 403//485
f 405//556 409//557 407//558
f 405//556 407//558 406//554
f 405//556 406//554 404//553
f 397//548 401//550 406//554
f 397//548 406//554 407//558
f 397//548 407//558 408//559
f 397//548 408//559 420//549
f 415//560 408//559 407//558
f 415//560 407//558 409//557
f 415//560 409//557 411//561
f 415//560 411//561 413//562
f 448//563 447//564 410//565
f 448//563 410//565 409//557
f 448//563 409//557 405//556
f 448//563 405//556 450//555
f 411//561 409//557 410//565
f 411//561 410//565 445//566
f 411//561 445//566 412//567
f 414//568 413//562 411//561
f 414//568 411//561 412//567
f 414//568 412//567 442//569
f 414//568 442//569 443//570
f 413//562 414//568 430//571
f 413//562 430//571 429//572
f 413//562 429//572 417//573
f 413//562 417//573 416//574
f 413//562 416//574 415//560
f 408//559 415//560 416//574
f 408//559 416//574 418//575
f 408//559 418//575 420//549
f 416//574 417//573 423//576
f 416//574 423//576 421//577
f 416//574 421//577 418//575
f 419//578 395//544 420//549
f 419//578 420//549 418//575
f 421//577 422//579 1461//580
f 421//577 1461//580 419//578
f 421//577 419//578 418//575
f 422//579 421//577 423//576
f 422//579 423//576 424//581
f 422//579 424//581 425//582
f 423//576 417//573 429//572
f 423//576 429//572 427//583
f 423//576 427//583 424//581
f 678//584 425//582 424//581
f 678//584 424//581 426//585
f 427//583 428//586 426//585
f 427//583 426//585 424//581
f 1465//587 428//586 427//583
f 1465//587 427//583 429//572
f 1465//587 429//572 430//571
f 1465//587 430//571 431//588
f 1465//587 431//588 432//589
f 431//588 430//571 414//568
f 431//588 414//568 443//570
f 431//588 443//570 434//590
f 431//588 434//590 433//591
f 433//591 435//592 436//593
f 433//591 436//593 1466//594
f 433//591 1466//594 432//589
f 433//591 432//589 431//588
f 439//595 437//596 435//592
f 439//595 435//592 433//591
f 439//595 433//591 434//590
f 1706//597 1497//598 436//593
f 1706//597 436//593 435//592
f 1706//597 435//592 437//596
f 1706//597 437//596 438//599
f 1706//597 438//599 1723//600
f 1706//597 1723//600 1722//601
f 1706//597 1722//601 1721//602
f 1706//597 1721//602 1716//603
f 1706//597 1716//603 1715//604
f 1706//597 1715//604 1713//605
f 1706//597 1713//605 1709//606
f 1706//597 1709//606 1708//607
f 1706//597 1708//607 1707//608
f 467//609 468//610 1741//611
f 467//609 1741//611 1740//611
f 467//609 1740//611 1738//611
f 467//609 1738//611 1736//611
f 467//609 1736//611 1734//611
f 467//609 1734//611 1733//611
f 467//609 1733//611 1732//611
f 467//609 1732//611 1727//611
f 467//609 1727//611 1726//611
f 467//609 1726//611 1725//612
f 467//609 1725//612 438//613
f 467//609 438//613 437//611
f 467//609 437//611 439//611
f 467//609 439//611 440//611
f 467//609 440//611 441//611
f 467//609 441//611 444//611
f 467//609 444//611 446//611
f 467//609 446//611 455//611
f 467//609 455//611 456//611
f 467//609 456//611 457//611
f 467//609 457//611 466//611
f 440//614 439//595 434//590
f 440//614 434//590 443//570
f 440//614 443//570 442//569
f 441//615 440//614 442//569
f 441//615 442//569 412//567
f 441//615 412//567 445//566
f 444//616 441//615 445//566
f 444//616 445//566 410//565
f 444//616 410//565 447//564
f 446//617 444//616 447//564
f 446//617 447//564 448//563
f 446//617 448//563 449//618
f 450//555 451//487 336//481
f 450//555 336//481 452//484
f 450//555 452//484 449//618
f 450//555 449//618 448//563
f 455//619 446//617 449//618
f 455//619 449//618 452//484
f 455//619 452//484 453//483
f 456//620 455//619 453//483
f 456//620 453//483 454//482
f 456//620 454//482 458//621
f 457//622 456//620 458//621
f 457//622 458//621 459//623
f 457//622 459//623 461//624
f 334//474 560//473 460//625
f 334//474 460//625 459//623
f 334//474 459//623 458//621
f 334//474 458//621 454//482
f 460//625 559//626 463//627
f 460//625 463//627 462//628
f 460//625 462//628 461//624
f 460//625 461//624 459//623
f 466//629 457//622 461//624
f 466//629 461//624 462//628
f 466//629 462//628 464//630
f 463//627 1842//631 1847//632
f 463//627 1847//632 465//633
f 463//627 465//633 464//630
f 463//627 464//630 462//628
f 464//630 465//633 470//634
f 464//630 470//634 467//635
f 464//630 467//635 466//629
f 1754//636 468//610 467//609
f 1754//636 467//609 469//637
f 471//638 473//639 1563//640
f 471//638 1563//640 1564//641
f 471//638 1564//641 1746//642
f 471//638 1746//642 1748//643
f 471//638 1748//643 1750//644
f 471//638 1750//644 1752//645
f 471//638 1752//645 1755//646
f 471//638 1755//646 469//647
f 471//638 469//647 467//635
f 471//638 467//635 470//634
f 1847//632 1846//648 472//649
f 1847//632 472//649 471//638
f 1847//632 471//638 470//634
f 1847//632 470//634 465//633
f 476//650 474//651 471//638
f 476//650 471//638 472//649
f 476//650 472//649 1849//652
f 476//650 1849//652 477//653
f 1557//654 473//639 471//638
f 1557//654 471//638 474//651
f 1557//654 474//651 475//655
f 1557//654 475//655 1769//656
f 1557//654 1769//656 1768//657
f 1557//654 1768//657 1767//658
f 1557//654 1767//658 1766//659
f 1557//654 1766//659 1761//660
f 1557//654 1761//660 1760//661
f 1557//654 1760//661 1758//662
f 1557//654 1758//662 1553//663
f 479//664 475//655 474//651
f 479//664 474//651 476//650
f 479//664 476//650 478//665
f 477//653 1852//666 481//667
f 477//653 481//667 480//668
f 477//653 480//668 478//665
f 477//653 478//665 476//650
f 483//669 479//664 478//665
f 483//669 478//665 480//668
f 483//669 480//668 482//670
f 481//667 488//671 486//672
f 481//667 486//672 484//673
f 481//667 484//673 482//670
f 481//667 482//670 480//668
f 1806//674 483//669 482//670
f 1806//674 482//670 484//673
f 1806//674 484//673 485//675
f 486//672 487//676 1809//677
f 486//672 1809//677 1808//678
f 486//672 1808//678 485//675
f 486//672 485//675 484//673
f 489//679 491//680 492//681
f 489//679 492//681 487//676
f 489//679 487//676 486//672
f 489//679 486//672 488//671
f 1851//682 490//683 489//679
f 1851//682 489//679 488//671
f 1851//682 488//671 481//667
f 1851//682 481//667 1852//666
f 491//680 489//679 490//683
f 491//680 490//683 495//684
f 491//680 495//684 493//685
f 498//686 492//681 491//680
f 498//686 491//680 493//685
f 498//686 493//685 496//687
f 535//688 534//689 494//690
f 535//688 494//690 493//685
f 535//688 493//685 495//684
f 494//690 1853//691 497//692
f 494//690 497//692 496//687
f 494//690 496//687 493//685
f 501//693 499//694 498//686
f 501//693 498//686 496//687
f 501//693 496//687 497//692
f 501//693 497//692 522//695
f 501//693 522//695 502//696
f 492//681 498//686 499//694
f 492//681 499//694 500//697
f 492//681 500//697 1809//677
f 492//681 1809//677 487//676
f 499//694 501//693 503//698
f 499//694 503//698 504//699
f 499//694 504//699 1810//700
f 499//694 1810//700 500//697
f 505//701 503//698 501//693
f 505//701 501//693 502//696
f 505//701 502//696 518//702
f 505//701 518//702 506//703
f 503//698 505//701 507//704
f 503//698 507//704 508//705
f 503//698 508//705 1802//706
f 503//698 1802//706 504//699
f 509//707 507//704 505//701
f 509//707 505//701 506//703
f 509//707 506//703 513//708
f 509//707 513//708 511//709
f 507//704 509//707 510//710
f 507//704 510//710 1797//711
f 507//704 1797//711 1798//712
f 507//704 1798//712 508//705
f 511//709 512//713 616//714
f 511//709 616//714 617//715
f 511//709 617//715 510//710
f 511//709 510//710 509//707
f 514//716 515//717 512//713
f 514//716 512//713 511//709
f 514//716 511//709 513//708
f 517//718 514//716 513//708
f 517//718 513//708 506//703
f 517//718 506//703 518//702
f 515//717 514//716 516//719
f 515//717 516//719 614//720
f 515//717 614//720 613//721
f 514//716 517//718 519//722
f 514//716 519//722 516//719
f 520//723 517//718 518//702
f 520//723 518//702 502//696
f 520//723 502//696 522//695
f 517//718 520//723 523//724
f 517//718 523//724 525//725
f 517//718 525//725 519//722
f 521//726 520//723 522//695
f 521//726 522//695 497//692
f 521//726 497//692 1853//691
f 520//723 521//726 524//727
f 520//723 524//727 523//724
f 526//728 525//725 523//724
f 526//728 523//724 524//727
f 526//728 524//727 531//729
f 526//728 531//729 529//730
f 526//728 527//731 614//720
f 526//728 614//720 516//719
f 526//728 516//719 519//722
f 526//728 519//722 525//725
f 527//731 526//728 528//732
f 527//731 528//732 578//733
f 527//731 578//733 1838//734
f 528//732 526//728 529//730
f 528//732 529//730 530//735
f 528//732 530//735 575//736
f 528//732 575//736 574//737
f 532//738 533//739 530//735
f 532//738 530//735 529//730
f 532//738 529//730 531//729
f 521//726 532//738 531//729
f 521//726 531//729 524//727
f 532//738 521//726 1853//691
f 532//738 1853//691 494//690
f 532//738 494//690 534//689
f 533//739 532//738 534//689
f 533//739 534//689 535//688
f 533//739 535//688 536//740
f 537//741 536//740 535//688
f 537//741 535//688 495//684
f 537//741 495//684 538//742
f 540//743 533//739 536//740
f 540//743 536//740 537//741
f 540//743 537//741 539//744
f 541//745 539//744 537//741
f 541//745 537//741 538//742
f 541//745 538//742 542//746
f 544//747 540//743 539//744
f 544//747 539//744 541//745
f 544//747 541//745 543//748
f 545//749 543//748 541//745
f 545//749 541//745 542//746
f 545//749 542//746 546//750
f 548//751 544//747 543//748
f 548//751 543//748 545//749
f 548//751 545//749 547//752
f 549//753 547//752 545//749
f 549//753 545//749 546//750
f 549//753 546//750 551//754
f 566//755 548//751 547//752
f 566//755 547//752 549//753
f 566//755 549//753 550//756
f 555//757 550//756 549//753
f 555//757 549//753 551//754
f 555//757 551//754 553//758
f 552//759 558//760 556//761
f 552//759 556//761 553//758
f 552//759 553//758 551//754
f 1843//762 1841//763 552//759
f 1843//762 552//759 551//754
f 1843//762 551//754 546//750
f 562//764 555//757 553//758
f 562//764 553//758 554//765
f 556//761 557//477 561//476
f 556//761 561//476 554//765
f 556//761 554//765 553//758
f 557//477 556//761 558//760
f 557//477 558//760 559//626
f 557//477 559//626 460//625
f 557//477 460//625 560//473
f 558//760 552//759 1841//763
f 558//760 1841//763 1842//631
f 558//760 1842//631 463//627
f 558//760 463//627 559//626
f 561//476 326//463 1840//462
f 561//476 1840//462 554//765
f 565//766 566//755 550//756
f 565//766 550//756 555//757
f 565//766 555//757 562//764
f 565//766 562//764 563//767
f 1840//462 564//461 563//767
f 1840//462 563//767 562//764
f 1840//462 562//764 554//765
f 565//766 563//767 564//461
f 565//766 564//461 591//768
f 565//766 591//768 567//769
f 566//755 565//766 568//770
f 566//755 568//770 570//771
f 566//755 570//771 571//772
f 565//766 567//769 569//773
f 565//766 569//773 568//770
f 528//732 570//771 568//770
f 528//732 568//770 569//773
f 528//732 569//773 577//774
f 528//732 577//774 578//733
f 528//732 574//737 573//775
f 528//732 573//775 572//776
f 528//732 572//776 571//772
f 528//732 571//772 570//771
f 548//751 566//755 571//772
f 548//751 571//772 572//776
f 544//747 548//751 572//776
f 544//747 572//776 573//775
f 540//743 544//747 573//775
f 540//743 573//775 574//737
f 540//743 574//737 575//736
f 533//739 540//743 575//736
f 533//739 575//736 530//735
f 587//777 576//778 569//773
f 587//777 569//773 567//769
f 587//777 567//769 591//768
f 579//779 577//774 569//773
f 579//779 569//773 576//778
f 579//779 576//778 582//780
f 579//779 580//781 1837//782
f 579//779 1837//782 1838//734
f 579//779 1838//734 578//733
f 579//779 578//733 577//774
f 581//783 594//784 580//781
f 581//783 580//781 579//779
f 581//783 579//779 582//780
f 581//783 582//780 583//785
f 587//777 586//786 584//787
f 587//777 584//787 583//785
f 587//777 583//785 582//780
f 587//777 582//780 576//778
f 593//400 594//784 581//783
f 593//400 581//783 583//785
f 593//400 583//785 584//787
f 593//400 584//787 585//401
f 586//786 588//403 299//402
f 586//786 299//402 585//401
f 586//786 585//401 584//787
f 586//786 587//777 592//455
f 586//786 592//455 321//450
f 586//786 321//450 589//449
f 588//403 586//786 589//449
f 588//403 589//449 317//445
f 588//403 317//445 590//444
f 588//403 590//444 313//440
f 588//403 313//440 306//426
f 588//403 306//426 1854//425
f 588//403 1854//425 1855//424
f 588//403 1855//424 1856//423
f 588//403 1856//423 1857//422
f 588//403 1857//422 1858//421
f 588//403 1858//421 1859//420
f 588//403 1859//420 1860//419
f 588//403 1860//419 1861//417
f 588//403 1861//417 1862//418
f 588//403 1862//418 1863//417
f 588//403 1863//417 1864//416
f 588//403 1864//416 1865//415
f 588//403 1865//415 1866//414
f 588//403 1866//414 1867//413
f 588//403 1867//413 1868//412
f 588//403 1868//412 1869//411
f 588//403 1869//411 1870//410
f 588//403 1870//410 1871//409
f 588//403 1871//409 1872//408
f 588//403 1872//408 1873//407
f 588//403 1873//407 303//405
f 588//403 303//405 300//404
f 587//777 591//768 564//461
f 587//777 564//461 325//456
f 587//777 325//456 592//455
f 593//400 297//399 1839//358
f 593//400 1839//358 596//788
f 593//400 596//788 595//789
f 598//790 594//784 593//400
f 598//790 593//400 595//789
f 598//790 595//789 597//791
f 1831//792 600//793 599//794
f 1831//792 599//794 597//791
f 1831//792 597//791 595//789
f 1831//792 595//789 596//788
f 602//795 598//790 597//791
f 602//795 597//791 599//794
f 602//795 599//794 601//796
f 600//793 605//797 603//798
f 600//793 603//798 601//796
f 600//793 601//796 599//794
f 602//795 601//796 603//798
f 602//795 603//798 604//799
f 602//795 604//799 1835//800
f 602//795 1835//800 1836//801
f 605//797 607//802 604//799
f 605//797 604//799 603//798
f 606//803 605//797 600//793
f 606//803 600//793 1832//804
f 605//797 606//803 609//805
f 605//797 609//805 608//806
f 605//797 608//806 607//802
f 610//807 612//808 604//799
f 610//807 604//799 607//802
f 610//807 607//802 608//806
f 610//807 608//806 609//805
f 610//807 609//805 625//809
f 610//807 625//809 615//810
f 610//807 615//810 611//811
f 515//717 610//807 611//811
f 515//717 611//811 616//714
f 515//717 616//714 512//713
f 610//807 515//717 613//721
f 610//807 613//721 612//808
f 527//731 1835//800 604//799
f 527//731 604//799 612//808
f 527//731 612//808 613//721
f 527//731 613//721 614//720
f 620//812 618//813 617//715
f 620//812 617//715 616//714
f 620//812 616//714 611//811
f 620//812 611//811 615//810
f 510//710 617//715 618//813
f 510//710 618//813 619//814
f 510//710 619//814 1796//815
f 510//710 1796//815 1797//711
f 618//813 620//812 621//816
f 618//813 621//816 623//817
f 618//813 623//817 1814//818
f 618//813 1814//818 1812//819
f 618//813 1812//819 1811//820
f 618//813 1811//820 1470//821
f 618//813 1470//821 1469//822
f 618//813 1469//822 1471//823
f 618//813 1471//823 619//814
f 615//810 625//809 624//824
f 615//810 624//824 621//816
f 615//810 621//816 620//812
f 628//825 622//826 621//816
f 628//825 621//816 624//824
f 628//825 624//824 626//827
f 1824//828 1822//829 1823//830
f 1824//828 1823//830 1818//831
f 1824//828 1818//831 623//817
f 1824//828 623//817 621//816
f 1824//828 621//816 622//826
f 606//803 627//832 626//827
f 606//803 626//827 624//824
f 606//803 624//824 625//809
f 606//803 625//809 609//805
f 629//833 628//825 626//827
f 629//833 626//827 627//832
f 629//833 627//832 630//834
f 622//826 628//825 629//833
f 622//826 629//833 631//835
f 622//826 631//835 633//836
f 622//826 633//836 634//837
f 622//826 634//837 1826//838
f 622//826 1826//838 1825//839
f 622//826 1825//839 1824//828
f 630//834 1828//840 1827//341
f 630//834 1827//341 632//347
f 630//834 632//347 631//835
f 630//834 631//835 629//833
f 631//835 632//347 639//346
f 631//835 639//346 637//841
f 631//835 637//841 635//842
f 631//835 635//842 633//836
f 636//843 655//844 634//837
f 636//843 634//837 633//836
f 636//843 633//836 635//842
f 638//845 636//843 635//842
f 638//845 635//842 637//841
f 638//845 637//841 639//346
f 638//845 639//346 640//345
f 642//846 643//847 638//845
f 642//846 638//845 640//345
f 642//846 640//345 641//344
f 254//339 642//846 641//344
f 254//339 641//344 257//340
f 644//848 642//846 254//339
f 644//848 254//339 646//338
f 647//849 643//847 642//846
f 647//849 642//846 644//848
f 645//850 644//848 646//338
f 645//850 646//338 706//851
f 648//852 647//849 644//848
f 648//852 644//848 645//850
f 650//853 649//854 647//849
f 650//853 647//849 648//852
f 649//854 652//855 643//847
f 649//854 643//847 647//849
f 691//856 651//857 649//854
f 691//856 649//854 650//853
f 691//856 650//853 692//858
f 651//857 653//859 652//855
f 651//857 652//855 649//854
f 652//855 636//843 638//845
f 652//855 638//845 643//847
f 653//859 655//844 636//843
f 653//859 636//843 652//855
f 685//860 654//861 653//859
f 685//860 653//859 651//857
f 654//861 656//862 655//844
f 654//861 655//844 653//859
f 655//844 656//862 658//863
f 655//844 658//863 659//864
f 655//844 659//864 1826//838
f 655//844 1826//838 634//837
f 656//862 654//861 685//860
f 656//862 685//860 684//865
f 656//862 684//865 682//866
f 656//862 682//866 683//867
f 656//862 683//867 657//868
f 660//869 658//863 656//862
f 660//869 656//862 657//868
f 660//869 657//868 663//870
f 660//869 661//871 659//864
f 660//869 659//864 658//863
f 661//871 660//869 662//872
f 661//871 662//872 664//873
f 661//871 664//873 665//874
f 660//869 663//870 662//872
f 664//873 662//872 663//870
f 664//873 663//870 657//868
f 664//873 657//868 683//867
f 664//873 683//867 680//875
f 664//873 680//875 668//876
f 664//873 668//876 666//877
f 1819//878 1820//879 665//874
f 1819//878 665//874 664//873
f 1819//878 664//873 666//877
f 1819//878 666//877 667//880
f 669//881 670//882 667//880
f 669//881 667//880 666//877
f 673//883 671//884 669//881
f 673//883 669//881 666//877
f 673//883 666//877 668//876
f 673//883 668//876 675//885
f 1470//821 670//882 669//881
f 1470//821 669//881 671//884
f 1470//821 671//884 672//886
f 1470//821 672//886 1467//887
f 1470//821 1467//887 1469//822
f 671//884 673//883 674//888
f 671//884 674//888 1465//587
f 671//884 1465//587 432//589
f 671//884 432//589 1466//594
f 671//884 1466//594 672//886
f 674//888 673//883 675//885
f 674//888 675//885 676//889
f 668//876 677//890 676//889
f 668//876 676//889 675//885
f 677//890 678//584 426//585
f 677//890 426//585 676//889
f 428//586 1465//587 674//888
f 428//586 674//888 676//889
f 428//586 676//889 426//585
f 679//891 681//892 678//584
f 679//891 678//584 677//890
f 680//875 679//891 677//890
f 680//875 677//890 668//876
f 683//867 682//866 679//891
f 683//867 679//891 680//875
f 682//866 684//865 686//893
f 682//866 686//893 681//892
f 682//866 681//892 679//891
f 685//860 689//894 687//895
f 685//860 687//895 686//893
f 685//860 686//893 684//865
f 686//893 687//895 688//896
f 686//893 688//896 1462//897
f 686//893 1462//897 681//892
f 689//894 690//898 1456//899
f 689//894 1456//899 688//896
f 689//894 688//896 687//895
f 689//894 691//856 693//900
f 689//894 693//900 690//898
f 689//894 685//860 651//857
f 689//894 651//857 691//856
f 691//856 692//858 696//901
f 691//856 696//901 694//902
f 691//856 694//902 693//900
f 695//903 1452//904 1455//905
f 695//903 1455//905 1456//899
f 695//903 1456//899 690//898
f 695//903 690//898 693//900
f 695//903 693//900 694//902
f 698//906 695//903 694//902
f 698//906 694//902 696//901
f 698//906 696//901 697//907
f 692//858 701//908 700//909
f 692//858 700//909 699//910
f 692//858 699//910 697//907
f 692//858 697//907 696//901
f 698//906 697//907 699//910
f 1453//911 698//906 699//910
f 1453//911 699//910 700//909
f 1453//911 700//909 702//912
f 1453//911 702//912 703//913
f 701//908 704//914 702//912
f 701//908 702//912 700//909
f 704//914 705//915 708//916
f 704//914 708//916 703//913
f 704//914 703//913 702//912
f 704//914 645//850 706//851
f 704//914 706//851 705//915
f 701//908 648//852 645//850
f 701//908 645//850 704//914
f 705//915 706//851 1463//917
f 705//915 1463//917 707//918
f 705//915 707//918 709//919
f 705//915 709//919 708//916
f 1453//911 703//913 708//916
f 1453//911 708//916 709//919
f 1453//911 709//919 710//920
f 712//530 714//533 1449//921
f 712//530 1449//921 710//920
f 712//530 710//920 709//919
f 712//530 709//919 711//922
f 250//273 713//272 711//922
f 250//273 711//922 709//919
f 250//273 709//919 707//918
f 250//273 707//918 1463//917
f 250//273 1463//917 1464//333
f 715//270 712//530 711//922
f 715//270 711//922 713//272
f 715//270 713//272 198//271
f 712//530 715//270 716//923
f 712//530 716//923 375//528
f 715//270 196//269 717//924
f 715//270 717//924 716//923
f 718//925 372//524 375//528
f 718//925 375//528 716//923
f 719//926 718//925 716//923
f 719//926 716//923 717//924
f 718//925 720//927 369//523
f 718//925 369//523 372//524
f 719//926 722//928 720//927
f 719//926 720//927 718//925
f 720//927 722//928 723//435
f 720//927 723//435 721//434
f 369//523 720//927 721//434
f 369//523 721//434 1448//433
f 722//928 719//926 728//929
f 722//928 728//929 726//930
f 722//928 726//930 724//931
f 722//928 724//931 725//436
f 722//928 725//436 723//435
f 1317//932 1321//933 725//436
f 1317//932 725//436 724//931
f 1317//932 724//931 726//930
f 1317//932 726//930 727//934
f 726//930 728//929 729//935
f 726//930 729//935 731//936
f 726//930 731//936 727//934
f 719//926 717//924 730//937
f 719//926 730//937 729//935
f 719//926 729//935 728//929
f 729//935 730//937 1446//938
f 729//935 1446//938 732//939
f 729//935 732//939 731//936
f 732//939 1445//940 734//941
f 732//939 734//941 733//942
f 732//939 733//942 731//936
f 727//934 731//936 733//942
f 727//934 733//942 735//943
f 734//941 855//944 738//945
f 734//941 738//945 736//946
f 734//941 736//946 733//942
f 735//943 733//942 736//946
f 735//943 736//946 739//947
f 737//948 742//949 741//950
f 737//948 741//950 739//947
f 737//948 739//947 736//946
f 738//945 852//951 853//77
f 738//945 853//77 737//948
f 738//945 737//948 736//946
f 1319//952 1318//953 735//943
f 1319//952 735//943 739//947
f 1319//952 739//947 740//954
f 741//950 743//955 744//956
f 741//950 744//956 740//954
f 741//950 740//954 739//947
f 743//955 741//950 742//949
f 743//955 742//949 748//957
f 743//955 748//957 745//958
f 745//958 747//959 868//960
f 745//958 868//960 744//956
f 745//958 744//956 743//955
f 746//961 870//962 747//959
f 746//961 747//959 745//958
f 750//963 746//961 745//958
f 750//963 745//958 748//957
f 742//949 737//948 853//77
f 742//949 853//77 749//76
f 742//949 749//76 748//957
f 750//963 748//957 749//76
f 750//963 749//76 752//75
f 746//961 750//963 751//964
f 746//961 751//964 867//28
f 751//964 750//963 752//75
f 751//964 752//75 753//74
f 751//964 753//74 754//73
f 751//964 754//73 755//35
f 755//35 754//73 756//72
f 755//35 756//72 44//36
f 48//37 44//36 756//72
f 48//37 756//72 757//67
f 48//37 757//67 759//66
f 64//42 48//37 759//66
f 64//42 759//66 66//60
f 762//965 766//966 760//967
f 762//965 760//967 758//968
f 762//965 758//968 761//969
f 764//970 762//965 761//969
f 764//970 761//969 763//970
f 82//115 764//970 763//970
f 82//115 763//970 765//116
f 766//966 767//971 768//972
f 766//966 768//972 760//967
f 767//971 769//973 771//974
f 767//971 771//974 773//975
f 767//971 773//975 768//972
f 771//974 772//976 774//976
f 771//974 774//976 773//975
f 772//976 77//82 73//86
f 772//976 73//86 774//976
f 779//977 778//978 776//92
f 779//977 776//92 770//91
f 779//977 770//91 775//123
f 778//978 781//979 777//93
f 778//978 777//93 776//92
f 780//980 778//978 779//977
f 780//980 779//977 861//981
f 782//982 781//979 778//978
f 782//982 778//978 780//980
f 781//979 782//982 860//983
f 781//979 860//983 784//984
f 781//979 784//984 783//985
f 781//979 783//985 785//986
f 781//979 785//986 786//94
f 781//979 786//94 777//93
f 785//986 783//985 784//984
f 785//986 784//984 791//987
f 785//986 791//987 789//988
f 785//986 789//988 787//989
f 787//989 788//95 786//94
f 787//989 786//94 785//986
f 790//990 830//96 788//95
f 790//990 788//95 787//989
f 790//990 787//989 789//988
f 793//991 790//990 789//988
f 793//991 789//988 791//987
f 793//991 791//987 792//992
f 784//984 860//983 795//993
f 784//984 795//993 794//994
f 784//984 794//994 792//992
f 784//984 792//992 791//987
f 793//991 792//992 794//994
f 793//991 794//994 796//995
f 793//991 796//995 797//996
f 795//993 801//997 800//998
f 795//993 800//998 798//999
f 795//993 798//999 796//995
f 795//993 796//995 794//994
f 797//996 796//995 798//999
f 797//996 798//999 799//1000
f 797//996 799//1000 804//1001
f 797//996 804//1001 806//1002
f 797//996 806//1002 809//1003
f 797//996 809//1003 820//1004
f 799//1000 798//999 800//998
f 799//1000 800//998 802//1005
f 812//1006 810//1007 807//1008
f 812//1006 807//1008 805//1009
f 812//1006 805//1009 803//1010
f 812//1006 803//1010 802//1005
f 812//1006 802//1005 800//998
f 812//1006 800//998 801//997
f 812//1006 801//997 814//1011
f 804//1001 799//1000 802//1005
f 804//1001 802//1005 803//1010
f 806//1002 804//1001 803//1010
f 806//1002 803//1010 805//1009
f 805//1009 807//1008 809//1003
f 805//1009 809//1003 806//1002
f 811//1012 808//1013 807//1008
f 811//1012 807//1008 810//1007
f 819//1014 809//1003 807//1008
f 819//1014 807//1008 808//1013
f 818//57 811//1012 810//1007
f 818//57 810//1007 812//1006
f 818//57 812//1006 813//1015
f 816//50 817//55 813//1015
f 816//50 813//1015 812//1006
f 816//50 812//1006 814//1011
f 816//50 814//1011 815//51
f 782//982 814//1011 801//997
f 782//982 801//997 795//993
f 782//982 795//993 860//983
f 782//982 780//980 815//51
f 782//982 815//51 814//1011
f 780//980 861//981 57//47
f 780//980 57//47 815//51
f 61//54 818//57 813//1015
f 61//54 813//1015 817//55
f 811//1012 818//57 63//56
f 811//1012 63//56 69//68
f 811//1012 69//68 808//1013
f 821//1016 820//1004 809//1003
f 821//1016 809//1003 819//1014
f 821//1016 823//1017 822//1018
f 821//1016 822//1018 820//1004
f 825//1019 797//996 820//1004
f 825//1019 820//1004 822//1018
f 823//1017 859//1020 831//1021
f 823//1017 831//1021 824//1022
f 823//1017 824//1022 822//1018
f 822//1018 824//1022 826//220
f 822//1018 826//220 825//1019
f 827//1023 825//1019 826//220
f 827//1023 826//220 160//217
f 827//1023 793//991 797//996
f 827//1023 797//996 825//1019
f 790//990 793//991 827//1023
f 790//990 827//1023 828//1024
f 828//1024 827//1023 160//217
f 828//1024 160//217 156//213
f 790//990 828//1024 829//97
f 790//990 829//97 830//96
f 828//1024 156//213 153//98
f 828//1024 153//98 829//97
f 164//221 826//220 824//1022
f 164//221 824//1022 832//1025
f 164//221 832//1025 833//225
f 834//1026 832//1025 824//1022
f 834//1026 824//1022 831//1021
f 834//1026 170//227 165//226
f 834//1026 165//226 833//225
f 834//1026 833//225 832//1025
f 837//231 170//227 834//1026
f 837//231 834//1026 835//1027
f 835//1027 834//1026 831//1021
f 835//1027 831//1021 859//1020
f 835//1027 859//1020 836//1028
f 838//1029 837//231 835//1027
f 838//1029 835//1027 836//1028
f 838//1029 836//1028 840//1030
f 178//242 169//230 837//231
f 178//242 837//231 838//1029
f 180//245 178//242 838//1029
f 180//245 838//1029 839//1031
f 839//1031 838//1029 840//1030
f 839//1031 840//1030 841//1032
f 839//1031 841//1032 843//1033
f 823//1017 842//1034 841//1032
f 823//1017 841//1032 840//1030
f 823//1017 840//1030 836//1028
f 823//1017 836//1028 859//1020
f 842//1034 845//80 844//79
f 842//1034 844//79 843//1033
f 842//1034 843//1033 841//1032
f 839//1031 843//1033 844//79
f 839//1031 844//79 847//1035
f 850//1036 848//1037 847//1035
f 850//1036 847//1035 844//79
f 850//1036 844//79 846//78
f 180//245 839//1031 847//1035
f 180//245 847//1035 848//1037
f 180//245 848//1037 849//246
f 850//1036 851//254 854//247
f 850//1036 854//247 849//246
f 850//1036 849//246 848//1037
f 851//254 850//1036 852//951
f 851//254 852//951 738//945
f 851//254 738//945 855//944
f 850//1036 846//78 853//77
f 850//1036 853//77 852//951
f 186//255 851//254 855//944
f 186//255 855//944 734//941
f 186//255 734//941 1445//940
f 842//1034 857//1038 856//81
f 842//1034 856//81 845//80
f 857//1038 858//70 71//69
f 857//1038 71//69 856//81
f 842//1034 823//1017 821//1016
f 842//1034 821//1016 857//1038
f 857//1038 821//1016 819//1014
f 857//1038 819//1014 858//70
f 808//1013 69//68 858//70
f 808//1013 858//70 819//1014
f 861//981 779//977 862//7
f 861//981 862//7 25//6
f 861//981 25//6 53//9
f 861//981 53//9 57//47
f 862//7 779//977 775//123
f 862//7 775//123 863//122
f 24//3 862//7 863//122
f 24//3 863//122 864//121
f 24//3 864//121 865//120
f 24//3 865//120 29//4
f 31//14 29//4 865//120
f 31//14 865//120 866//119
f 31//14 866//119 84//118
f 31//14 84//118 886//1039
f 31//14 886//1039 888//15
f 867//28 751//964 755//35
f 867//28 755//35 40//29
f 746//961 867//28 38//24
f 746//961 38//24 871//23
f 746//961 871//23 870//962
f 1270//1040 868//960 747//959
f 1270//1040 747//959 869//1041
f 872//27 874//1042 875//1043
f 872//27 875//1043 1263//1044
f 872//27 1263//1044 1264//1045
f 872//27 1264//1045 869//1041
f 872//27 869//1041 747//959
f 872//27 747//959 870//962
f 872//27 870//962 871//23
f 874//1042 872//27 873//26
f 874//1042 873//26 879//1046
f 874//1042 879//1046 876//1047
f 878//1048 1260//1049 1262//1050
f 878//1048 1262//1050 875//1043
f 878//1048 875//1043 874//1042
f 878//1048 874//1042 876//1047
f 876//1047 879//1046 881//1051
f 876//1047 881//1051 877//1052
f 1234//1053 1233//1054 878//1048
f 1234//1053 878//1048 876//1047
f 1234//1053 876//1047 877//1052
f 873//26 1444//25 880//1055
f 873//26 880//1055 879//1046
f 879//1046 880//1055 883//1056
f 879//1046 883//1056 881//1051
f 881//1051 883//1056 885//1057
f 881//1051 885//1057 882//1058
f 877//1052 881//1051 882//1058
f 877//1052 882//1058 889//1059
f 1443//18 32//17 884//16
f 1443//18 884//16 883//1056
f 1443//18 883//1056 880//1055
f 884//16 888//15 886//1039
f 884//16 886//1039 885//1057
f 884//16 885//1057 883//1056
f 886//1039 84//118 1900//125
f 886//1039 1900//125 95//135
f 886//1039 95//135 887//137
f 886//1039 887//137 885//1057
f 887//137 97//136 99//139
f 887//137 99//139 892//142
f 887//137 892//142 890//1060
f 887//137 890//1060 882//1058
f 887//137 882//1058 885//1057
f 890//1060 891//1061 893//1062
f 890//1060 893//1062 897//1063
f 890//1060 897//1063 889//1059
f 890//1060 889//1059 882//1058
f 100//141 894//148 891//1064
f 100//141 891//1064 890//1065
f 100//141 890//1065 892//142
f 894//148 895//1066 893//1062
f 894//148 893//1062 891//1064
f 894//148 896//149 895//1066
f 899//154 898//1067 897//1063
f 899//154 897//1063 893//1062
f 899//154 893//1062 895//1066
f 899//154 895//1066 896//149
f 899//154 896//149 104//147
f 899//154 104//147 106//146
f 899//154 106//146 108//153
f 897//1063 898//1067 900//1068
f 897//1063 900//1068 902//1069
f 897//1063 902//1069 1241//1070
f 897//1063 1241//1070 1237//1071
f 897//1063 1237//1071 889//1059
f 899//154 905//160 903//1072
f 899//154 903//1072 900//1068
f 899//154 900//1068 898//1067
f 1256//1073 902//1069 900//1068
f 1256//1073 900//1068 901//1074
f 904//1075 1245//1076 1243//1077
f 904//1075 1243//1077 1244//1078
f 904//1075 1244//1078 901//1079
f 904//1075 901//1079 900//1068
f 904//1075 900//1068 903//1072
f 907//1080 904//1075 903//1072
f 907//1080 903//1072 905//160
f 907//1080 905//160 906//159
f 909//1081 907//1080 906//159
f 909//1081 906//159 908//158
f 909//1081 908//158 118//157
f 909//1081 118//157 911//175
f 907//1080 909//1081 910//1082
f 907//1080 910//1082 1253//1083
f 910//1082 909//1081 911//175
f 910//1082 911//175 912//174
f 1207//1084 910//1082 912//174
f 1207//1084 912//174 913//173
f 1207//1084 913//173 914//1085
f 916//1086 918//1087 919//1088
f 916//1086 919//1088 1203//1089
f 916//1086 1203//1089 1204//1090
f 916//1086 1204//1090 1205//1091
f 916//1086 1205//1091 914//1085
f 916//1086 914//1085 913//173
f 916//1086 913//173 915//172
f 915//172 120//171 1010//184
f 915//172 1010//184 1011//1092
f 915//172 1011//1092 917//1093
f 915//172 917//1093 916//1086
f 922//1094 920//1095 918//1087
f 922//1094 918//1087 916//1086
f 922//1094 916//1086 917//1093
f 922//1094 917//1093 923//1096
f 921//1097 1200//1098 919//1088
f 921//1097 919//1088 918//1087
f 921//1097 918//1087 920//1095
f 1195//1099 921//1097 920//1095
f 1195//1099 920//1095 922//1094
f 1195//1099 922//1094 924//1100
f 1195//1099 924//1100 925//1101
f 1195//1099 925//1101 1182//1102
f 923//1096 928//1103 926//1104
f 923//1096 926//1104 924//1100
f 923//1096 924//1100 922//1094
f 926//1104 927//1105 1179//1106
f 926//1104 1179//1106 925//1101
f 926//1104 925//1101 924//1100
f 927//1105 926//1104 928//1103
f 927//1105 928//1103 929//1107
f 927//1105 929//1107 931//1108
f 927//1105 931//1108 932//1109
f 928//1103 923//1096 917//1093
f 928//1103 917//1093 1044//1110
f 928//1103 1044//1110 1045//1111
f 928//1103 1045//1111 1046//1112
f 928//1103 1046//1112 1047//1113
f 928//1103 1047//1113 1048//1114
f 928//1103 1048//1114 1049//1115
f 928//1103 1049//1115 1050//1116
f 928//1103 1050//1116 1051//1117
f 928//1103 1051//1117 1052//1118
f 928//1103 1052//1118 1053//1119
f 928//1103 1053//1119 1054//1120
f 928//1103 1054//1120 1001//1121
f 928//1103 1001//1121 1000//1122
f 928//1103 1000//1122 999//1123
f 928//1103 999//1123 998//1124
f 928//1103 998//1124 997//1125
f 928//1103 997//1125 996//1126
f 928//1103 996//1126 995//1127
f 928//1103 995//1127 994//1128
f 928//1103 994//1128 993//1129
f 928//1103 993//1129 992//1130
f 928//1103 992//1130 991//1131
f 928//1103 991//1131 990//1132
f 928//1103 990//1132 989//1133
f 928//1103 989//1133 988//1134
f 928//1103 988//1134 987//1135
f 928//1103 987//1135 986//1136
f 928//1103 986//1136 985//1137
f 928//1103 985//1137 984//1138
f 928//1103 984//1138 983//1139
f 928//1103 983//1139 982//1137
f 928//1103 982//1137 981//1137
f 928//1103 981//1137 980//1140
f 928//1103 980//1140 979//1141
f 928//1103 979//1141 977//1142
f 928//1103 977//1142 976//1138
f 928//1103 976//1138 975//1137
f 928//1103 975//1137 973//1140
f 928//1103 973//1140 972//1137
f 928//1103 972//1137 971//1143
f 928//1103 971//1143 970//1144
f 928//1103 970//1144 969//1145
f 928//1103 969//1145 965//1146
f 928//1103 965//1146 1055//1147
f 928//1103 1055//1147 930//1148
f 928//1103 930//1148 929//1107
f 934//1149 933//1150 931//1108
f 934//1149 931//1108 929//1107
f 934//1149 929//1107 930//1148
f 933//1150 935//1151 1176//1152
f 933//1150 1176//1152 932//1109
f 933//1150 932//1109 931//1108
f 937//1153 936//1154 933//1150
f 937//1153 933//1150 934//1149
f 936//1154 938//1155 935//1151
f 936//1154 935//1151 933//1150
f 939//1156 936//1154 937//1153
f 939//1156 937//1153 1057//1157
f 939//1156 1057//1157 940//1158
f 939//1156 941//1159 938//1155
f 939//1156 938//1155 936//1154
f 942//1160 939//1156 940//1158
f 942//1160 940//1158 1058//1161
f 942//1160 1058//1161 944//1162
f 942//1160 943//1163 941//1159
f 942//1160 941//1159 939//1156
f 1172//1164 943//1163 942//1160
f 1172//1164 942//1160 945//1165
f 1172//1164 945//1165 946//1166
f 942//1160 944//1162 949//1167
f 942//1160 949//1167 947//1168
f 942//1160 947//1168 945//1165
f 948//1169 1130//1170 1131//1171
f 948//1169 1131//1171 1132//1172
f 948//1169 1132//1172 1174//1173
f 948//1169 1174//1173 1173//1174
f 948//1169 1173//1174 946//1175
f 948//1169 946//1175 945//1176
f 948//1169 945//1176 947//1177
f 951//1178 948//1169 947//1177
f 951//1178 947//1177 949//1179
f 951//1178 949//1179 950//1180
f 953//1181 952//1182 950//1183
f 953//1181 950//1183 949//1167
f 953//1181 949//1167 944//1162
f 953//1181 944//1162 1058//1161
f 955//371 951//1178 950//1180
f 955//371 950//1180 952//1184
f 955//371 952//1184 954//1185
f 953//1181 958//1186 956//1187
f 953//1181 956//1187 954//1188
f 953//1181 954//1188 952//1182
f 955//371 954//1185 956//1189
f 955//371 956//1189 957//368
f 955//371 957//368 271//367
f 958//1186 959//1190 960//1191
f 958//1186 960//1191 1035//1192
f 958//1186 1035//1192 1042//1193
f 958//1186 1042//1193 957//1194
f 958//1186 957//1194 956//1187
f 962//1195 959//1190 958//1186
f 962//1195 958//1186 953//1181
f 959//1190 961//1196 1038//1197
f 959//1190 1038//1197 1037//1198
f 959//1190 1037//1198 960//1191
f 964//1199 961//1196 959//1190
f 964//1199 959//1190 962//1195
f 962//1195 953//1181 1058//1161
f 962//1195 1058//1161 940//1200
f 962//1195 940//1200 1057//1157
f 962//1195 1057//1157 963//1201
f 964//1199 962//1195 963//1201
f 964//1199 963//1201 1056//1202
f 964//1199 1056//1202 1055//1147
f 964//1199 1055//1147 965//1146
f 966//1203 964//1199 965//1146
f 966//1203 965//1146 969//1145
f 966//1203 967//1204 961//1196
f 966//1203 961//1196 964//1199
f 968//1205 1003//1206 967//1204
f 968//1205 967//1204 966//1203
f 968//1205 966//1203 969//1145
f 968//1205 969//1145 970//1144
f 968//1205 970//1144 971//1143
f 968//1205 971//1143 972//1137
f 968//1205 972//1137 974//1207
f 968//1205 974//1207 975//1137
f 968//1205 975//1137 976//1138
f 968//1205 976//1138 977//1142
f 968//1205 977//1142 978//1207
f 968//1205 978//1207 981//1137
f 968//1205 981//1137 982//1137
f 968//1205 982//1137 983//1139
f 968//1205 983//1139 984//1138
f 968//1205 984//1138 985//1137
f 968//1205 985//1137 986//1136
f 968//1205 986//1136 987//1135
f 968//1205 987//1135 988//1134
f 968//1205 988//1134 989//1133
f 968//1205 989//1133 990//1132
f 968//1205 990//1132 991//1131
f 968//1205 991//1131 992//1130
f 968//1205 992//1130 993//1129
f 968//1205 993//1129 994//1128
f 968//1205 994//1128 995//1127
f 968//1205 995//1127 996//1126
f 968//1205 996//1126 997//1125
f 968//1205 997//1125 998//1124
f 968//1205 998//1124 999//1123
f 1002//1208 1003//1206 968//1205
f 1002//1208 968//1205 999//1123
f 1002//1208 999//1123 1000//1122
f 1004//1209 1002//1208 1000//1122
f 1004//1209 1000//1122 1001//1121
f 1003//1206 1002//1208 1005//1210
f 1003//1206 1005//1210 1006//1211
f 1002//1208 1004//1209 1007//1212
f 1002//1208 1007//1212 1005//1210
f 1013//1213 1040//1214 1006//1211
f 1013//1213 1006//1211 1005//1210
f 1013//1213 1005//1210 1007//1212
f 1013//1213 1007//1212 1008//1215
f 1013//1213 1008//1215 1010//184
f 1013//1213 1010//184 1012//183
f 1004//1209 1009//1216 1008//1215
f 1004//1209 1008//1215 1007//1212
f 1009//1216 1011//1092 1010//184
f 1009//1216 1010//184 1008//1215
f 1015//1217 1013//1213 1012//183
f 1015//1217 1012//183 1014//182
f 1018//1218 1021//1219 1015//1217
f 1018//1218 1015//1217 1014//182
f 1018//1218 1014//182 1016//181
f 1019//1220 1018//1218 1016//181
f 1019//1220 1016//181 1017//180
f 1020//1221 1018//1218 1019//1220
f 1020//1221 1019//1220 1028//1222
f 1022//1223 1021//1219 1018//1218
f 1022//1223 1018//1218 1020//1221
f 1023//1224 1015//1217 1021//1219
f 1023//1224 1021//1219 1022//1223
f 1023//1224 1022//1223 1024//1225
f 1023//1224 1024//1225 1025//1226
f 1022//1223 1020//1221 1026//1227
f 1022//1223 1026//1227 1024//1225
f 245//325 261//329 1043//351
f 245//325 1043//351 1041//350
f 245//325 1041//350 1035//1228
f 245//325 1035//1228 1034//1229
f 245//325 1034//1229 1025//1230
f 245//325 1025//1230 1024//1231
f 245//325 1024//1231 1026//1232
f 245//325 1026//1232 1027//1233
f 245//325 1027//1233 1029//318
f 1020//1221 1028//1222 1027//1234
f 1020//1221 1027//1234 1026//1227
f 1028//1222 1019//1220 1031//1235
f 1028//1222 1031//1235 1030//1236
f 1028//1222 1030//1236 1029//1237
f 1028//1222 1029//1237 1027//1234
f 1031//1235 233//314 236//316
f 1031//1235 236//316 1030//1236
f 233//314 1031//1235 1032//179
f 233//314 1032//179 1033//178
f 1031//1235 1019//1220 1017//180
f 1031//1235 1017//180 1032//179
f 1036//1238 1023//1224 1025//1226
f 1036//1238 1025//1226 1034//1239
f 1036//1238 1034//1239 1035//1192
f 1036//1238 1035//1192 960//1191
f 1036//1238 960//1191 1037//1198
f 1036//1238 1013//1213 1015//1217
f 1036//1238 1015//1217 1023//1224
f 1013//1213 1036//1238 1037//1198
f 1013//1213 1037//1198 1038//1197
f 1013//1213 1038//1197 1039//1240
f 1013//1213 1039//1240 1040//1214
f 961//1196 967//1204 1039//1240
f 961//1196 1039//1240 1038//1197
f 967//1204 1003//1206 1006//1211
f 967//1204 1006//1211 1040//1214
f 967//1204 1040//1214 1039//1240
f 1042//369 1035//1228 1041//350
f 1042//369 1041//350 264//352
f 1009//1216 1044//1110 917//1093
f 1009//1216 917//1093 1011//1092
f 1009//1216 1004//1209 1001//1121
f 1009//1216 1001//1121 1054//1120
f 1009//1216 1054//1120 1053//1119
f 1009//1216 1053//1119 1052//1118
f 1009//1216 1052//1118 1051//1117
f 1009//1216 1051//1117 1050//1116
f 1009//1216 1050//1116 1049//1115
f 1009//1216 1049//1115 1048//1114
f 1009//1216 1048//1114 1047//1113
f 1009//1216 1047//1113 1046//1112
f 1009//1216 1046//1112 1045//1111
f 1009//1216 1045//1111 1044//1110
f 934//1149 930//1148 1055//1147
f 934//1149 1055//1147 1056//1202
f 937//1153 934//1149 1056//1202
f 937//1153 1056//1202 963//1201
f 937//1153 963//1201 1057//1157
f 1059//378 951//1178 955//371
f 1059//378 955//371 273//370
f 1060//1241 948//1169 951//1178
f 1060//1241 951//1178 1059//378
f 1060//1241 1059//378 279//379
f 1060//1241 279//379 1064//380
f 1060//1241 1064//380 1062//1242
f 1061//1243 1130//1170 948//1169
f 1061//1243 948//1169 1060//1241
f 1061//1243 1060//1241 1062//1242
f 1061//1243 1062//1242 1063//1244
f 1065//1245 1063//1244 1062//1242
f 1065//1245 1062//1242 1064//380
f 1065//1245 1064//380 282//381
f 1065//1245 282//381 1066//1246
f 1068//1247 1061//1243 1063//1244
f 1068//1247 1063//1244 1065//1245
f 1068//1247 1065//1245 1067//1248
f 1069//1249 1067//1248 1065//1245
f 1069//1249 1065//1245 1066//1246
f 1069//1249 1066//1246 1071//1250
f 1078//1251 1068//1247 1067//1248
f 1078//1251 1067//1248 1069//1249
f 1078//1251 1069//1249 1070//1252
f 1073//1253 1075//1254 1070//1252
f 1073//1253 1070//1252 1069//1249
f 1073//1253 1069//1249 1071//1250
f 1328//1255 1297//1256 1072//1257
f 1328//1255 1072//1257 1071//1250
f 1328//1255 1071//1250 1066//1246
f 1072//1257 1074//1258 1073//1253
f 1072//1257 1073//1253 1071//1250
f 1389//1259 1391//1260 1393//1260
f 1389//1259 1393//1260 1395//1260
f 1389//1259 1395//1260 1397//1260
f 1389//1259 1397//1260 1399//1260
f 1389//1259 1399//1260 1401//1260
f 1389//1259 1401//1260 1091//1261
f 1389//1259 1091//1261 1090//1262
f 1389//1259 1090//1262 1089//1263
f 1389//1259 1089//1263 1085//1264
f 1389//1259 1085//1264 1076//1265
f 1389//1259 1076//1265 1075//1254
f 1389//1259 1075//1254 1073//1253
f 1389//1259 1073//1253 1074//1258
f 1389//1259 1074//1258 1292//1266
f 1389//1259 1292//1266 1329//1267
f 1389//1259 1329//1267 1330//1268
f 1389//1259 1330//1268 1331//1269
f 1389//1259 1331//1269 1387//1270
f 1389//1259 1387//1270 1388//1271
f 1081//1272 1079//1273 1077//1274
f 1081//1272 1077//1274 1075//1254
f 1081//1272 1075//1254 1076//1265
f 1078//1251 1070//1252 1075//1254
f 1078//1251 1075//1254 1077//1274
f 1124//1275 1128//1276 1078//1251
f 1124//1275 1078//1251 1077//1274
f 1124//1275 1077//1274 1079//1273
f 1124//1275 1079//1273 1080//1277
f 1081//1272 1082//1278 1121//1279
f 1081//1272 1121//1279 1122//1280
f 1081//1272 1122//1280 1080//1277
f 1081//1272 1080//1277 1079//1273
f 1083//1281 1084//1282 1082//1278
f 1083//1281 1082//1278 1081//1272
f 1083//1281 1081//1272 1076//1265
f 1083//1281 1076//1265 1085//1264
f 1084//1282 1083//1281 1086//1283
f 1084//1282 1086//1283 1088//1284
f 1083//1281 1085//1264 1089//1263
f 1083//1281 1089//1263 1086//1283
f 1086//1283 1089//1263 1090//1262
f 1086//1283 1090//1262 1092//1285
f 1086//1283 1092//1285 1087//1286
f 1088//1284 1086//1283 1087//1286
f 1088//1284 1087//1286 1101//1287
f 1091//1261 1405//1288 1406//1288
f 1091//1261 1406//1288 1407//1288
f 1091//1261 1407//1288 1408//1288
f 1091//1261 1408//1288 1390//1288
f 1091//1261 1390//1288 1389//1259
f 1091//1261 1389//1259 1388//1271
f 1091//1261 1388//1271 1383//1289
f 1091//1261 1383//1289 1438//1290
f 1091//1261 1438//1290 1094//1291
f 1091//1261 1094//1291 1093//1292
f 1091//1261 1093//1292 1092//1285
f 1091//1261 1092//1285 1090//1262
f 1095//1293 1087//1286 1092//1285
f 1095//1293 1092//1285 1093//1292
f 1096//1294 1095//1293 1093//1292
f 1096//1294 1093//1292 1094//1291
f 1099//1295 1097//1296 1095//1293
f 1099//1295 1095//1293 1096//1294
f 1099//1295 1096//1294 1434//1297
f 1095//1293 1097//1296 1100//1298
f 1095//1293 1100//1298 1101//1287
f 1095//1293 1101//1287 1087//1286
f 1097//1296 1099//1295 1432//1299
f 1097//1296 1432//1299 1098//1300
f 1100//1298 1097//1296 1098//1300
f 1100//1298 1098//1300 1103//1301
f 1100//1298 1103//1301 1102//1302
f 1100//1298 1102//1302 1104//1303
f 1100//1298 1104//1303 1101//1287
f 1429//1304 1105//1305 1104//1303
f 1429//1304 1104//1303 1102//1302
f 1429//1304 1102//1302 1103//1301
f 1106//1306 1104//1303 1105//1305
f 1106//1306 1105//1305 1107//1307
f 1101//1287 1104//1303 1106//1306
f 1101//1287 1106//1306 1088//1284
f 1108//1308 1106//1306 1107//1307
f 1108//1308 1107//1307 1110//1309
f 1084//1282 1088//1284 1106//1306
f 1084//1282 1106//1306 1108//1308
f 1110//1309 1112//1310 1109//1311
f 1110//1309 1109//1311 1108//1308
f 1082//1278 1084//1282 1108//1308
f 1082//1278 1108//1308 1109//1311
f 1111//1312 1110//1309 1107//1307
f 1111//1312 1107//1307 1422//1313
f 1111//1312 1113//1314 1112//1310
f 1111//1312 1112//1310 1110//1309
f 1113//1314 1115//1315 1114//1316
f 1113//1314 1114//1316 1112//1310
f 1112//1310 1114//1316 1117//1317
f 1112//1310 1117//1317 1109//1311
f 1143//1318 1140//1319 1139//1320
f 1143//1318 1139//1320 1116//1321
f 1143//1318 1116//1321 1114//1316
f 1143//1318 1114//1316 1115//1315
f 1142//1322 1118//1323 1117//1317
f 1142//1322 1117//1317 1114//1316
f 1142//1322 1114//1316 1116//1321
f 1082//1278 1109//1311 1117//1317
f 1082//1278 1117//1317 1119//1324
f 1082//1278 1119//1324 1121//1279
f 1120//1325 1119//1324 1117//1317
f 1120//1325 1117//1317 1118//1323
f 1120//1325 1123//1326 1122//1280
f 1120//1325 1122//1280 1121//1279
f 1120//1325 1121//1279 1119//1324
f 1123//1326 1124//1275 1080//1277
f 1123//1326 1080//1277 1122//1280
f 1124//1275 1123//1326 1125//1327
f 1124//1275 1125//1327 1128//1276
f 1123//1326 1120//1325 1127//1328
f 1123//1326 1127//1328 1125//1327
f 1128//1276 1125//1327 1126//1329
f 1128//1276 1126//1329 1129//1330
f 1125//1327 1127//1328 1138//1331
f 1125//1327 1138//1331 1126//1329
f 1078//1251 1128//1276 1129//1330
f 1078//1251 1129//1330 1068//1247
f 1129//1330 1126//1329 1131//1171
f 1129//1330 1131//1171 1130//1170
f 1068//1247 1129//1330 1130//1170
f 1068//1247 1130//1170 1061//1243
f 1131//1171 1126//1329 1138//1331
f 1131//1171 1138//1331 1136//1332
f 1131//1171 1136//1332 1134//1333
f 1131//1171 1134//1333 1133//1334
f 1131//1171 1133//1334 1132//1172
f 1135//1335 1169//1336 1170//1337
f 1135//1335 1170//1337 1171//1338
f 1135//1335 1171//1338 1174//1173
f 1135//1335 1174//1173 1132//1172
f 1135//1335 1132//1172 1133//1334
f 1135//1335 1133//1334 1134//1333
f 1135//1335 1134//1333 1136//1332
f 1135//1335 1136//1332 1137//1339
f 1135//1335 1137//1339 1139//1320
f 1135//1335 1139//1320 1140//1319
f 1138//1331 1137//1339 1136//1332
f 1138//1331 1127//1328 1141//1340
f 1138//1331 1141//1340 1139//1320
f 1138//1331 1139//1320 1137//1339
f 1116//1321 1139//1320 1141//1340
f 1116//1321 1141//1340 1142//1322
f 1127//1328 1120//1325 1118//1323
f 1127//1328 1118//1323 1142//1322
f 1127//1328 1142//1322 1141//1340
f 1145//1341 1135//1335 1140//1319
f 1145//1341 1140//1319 1143//1318
f 1145//1341 1143//1318 1144//1342
f 1146//1343 1144//1342 1143//1318
f 1146//1343 1143//1318 1115//1315
f 1146//1343 1115//1315 1147//1344
f 1149//1345 1145//1341 1144//1342
f 1149//1345 1144//1342 1146//1343
f 1149//1345 1146//1343 1148//1346
f 1147//1344 1151//1347 1150//1348
f 1147//1344 1150//1348 1148//1346
f 1147//1344 1148//1346 1146//1343
f 1149//1345 1148//1346 1150//1348
f 1149//1345 1150//1348 1152//1349
f 1410//1350 1409//1351 1404//1351
f 1410//1350 1404//1351 1403//1351
f 1410//1350 1403//1351 1402//1351
f 1410//1350 1402//1351 1400//1351
f 1410//1350 1400//1351 1398//1351
f 1410//1350 1398//1351 1436//1352
f 1410//1350 1436//1352 1191//1353
f 1410//1350 1191//1353 1190//1354
f 1410//1350 1190//1354 1188//1355
f 1410//1350 1188//1355 1187//1356
f 1410//1350 1187//1356 1186//1357
f 1410//1350 1186//1357 1154//1358
f 1410//1350 1154//1358 1153//1359
f 1410//1350 1153//1359 1152//1349
f 1410//1350 1152//1349 1150//1348
f 1410//1350 1150//1348 1151//1347
f 1410//1350 1151//1347 1425//1360
f 1410//1350 1425//1360 1420//1361
f 1410//1350 1420//1361 1419//1362
f 1410//1350 1419//1362 1417//1363
f 1410//1350 1417//1363 1415//1364
f 1410//1350 1415//1364 1413//1365
f 1410//1350 1413//1365 1412//1366
f 1149//1345 1152//1349 1153//1359
f 1149//1345 1153//1359 1156//1367
f 1149//1345 1156//1367 1158//1368
f 1175//1369 1155//1370 1153//1359
f 1175//1369 1153//1359 1154//1358
f 1175//1369 1154//1358 1180//1371
f 1175//1369 1180//1371 1178//1372
f 1175//1369 1178//1372 1177//1373
f 1157//1374 1156//1367 1153//1359
f 1157//1374 1153//1359 1155//1370
f 1157//1374 935//1151 938//1155
f 1157//1374 938//1155 1159//1375
f 1157//1374 1159//1375 1158//1368
f 1157//1374 1158//1368 1156//1367
f 1145//1341 1149//1345 1158//1368
f 1145//1341 1158//1368 1159//1375
f 1145//1341 1159//1375 1160//1376
f 1145//1341 1160//1376 1161//1377
f 938//1155 941//1159 1160//1376
f 938//1155 1160//1376 1159//1375
f 941//1159 943//1163 1162//1378
f 941//1159 1162//1378 1161//1377
f 941//1159 1161//1377 1160//1376
f 1135//1335 1145//1341 1161//1377
f 1135//1335 1161//1377 1162//1378
f 1135//1335 1162//1378 1163//1379
f 1135//1335 1163//1379 1164//1380
f 1135//1335 1164//1380 1165//1381
f 1135//1335 1165//1381 1166//1382
f 1135//1335 1166//1382 1167//1383
f 1135//1335 1167//1383 1168//1384
f 1135//1335 1168//1384 1169//1336
f 943//1163 1172//1164 1170//1337
f 943//1163 1170//1337 1169//1336
f 943//1163 1169//1336 1168//1384
f 943//1163 1168//1384 1167//1383
f 943//1163 1167//1383 1166//1382
f 943//1163 1166//1382 1165//1381
f 943//1163 1165//1381 1164//1380
f 943//1163 1164//1380 1163//1379
f 943//1163 1163//1379 1162//1378
f 1172//1164 1173//1385 1174//1173
f 1172//1164 1174//1173 1171//1338
f 1172//1164 1171//1338 1170//1337
f 1172//1164 946//1166 1173//1385
f 935//1151 1157//1374 1155//1370
f 935//1151 1155//1370 1175//1369
f 935//1151 1175//1369 1176//1152
f 1177//1373 1179//1106 927//1105
f 1177//1373 927//1105 932//1109
f 1177//1373 932//1109 1176//1152
f 1177//1373 1176//1152 1175//1369
f 1179//1106 1177//1373 1178//1372
f 1179//1106 1178//1372 1181//1386
f 1179//1106 1181//1386 1182//1102
f 1179//1106 1182//1102 925//1101
f 1178//1372 1180//1371 1185//1387
f 1178//1372 1185//1387 1183//1388
f 1178//1372 1183//1388 1181//1386
f 1184//1389 1195//1099 1182//1102
f 1184//1389 1182//1102 1181//1386
f 1184//1389 1181//1386 1183//1388
f 1184//1389 1183//1388 1185//1387
f 1184//1389 1185//1387 1186//1357
f 1184//1389 1186//1357 1187//1356
f 1180//1371 1154//1358 1186//1357
f 1180//1371 1186//1357 1185//1387
f 1189//1390 1184//1389 1187//1356
f 1189//1390 1187//1356 1188//1355
f 1192//1391 1194//1392 1189//1390
f 1192//1391 1189//1390 1188//1355
f 1192//1391 1188//1355 1190//1354
f 1214//1393 1199//1394 1193//1395
f 1214//1393 1193//1395 1192//1391
f 1214//1393 1192//1391 1190//1354
f 1214//1393 1190//1354 1191//1353
f 1214//1393 1191//1353 1216//1396
f 1214//1393 1216//1396 1215//1397
f 1193//1395 1196//1398 1194//1392
f 1193//1395 1194//1392 1192//1391
f 1194//1392 1195//1099 1184//1389
f 1194//1392 1184//1389 1189//1390
f 1196//1398 921//1097 1195//1099
f 1196//1398 1195//1099 1194//1392
f 1197//1399 1200//1098 921//1097
f 1197//1399 921//1097 1196//1398
f 1199//1394 1197//1399 1196//1398
f 1199//1394 1196//1398 1193//1395
f 1198//1400 1201//1401 1200//1098
f 1198//1400 1200//1098 1197//1399
f 1214//1393 1198//1400 1197//1399
f 1214//1393 1197//1399 1199//1394
f 1200//1098 1201//1401 1203//1089
f 1200//1098 1203//1089 919//1088
f 1211//1402 1202//1403 1201//1401
f 1211//1402 1201//1401 1198//1400
f 1201//1401 1202//1403 1204//1090
f 1201//1401 1204//1090 1203//1089
f 1202//1403 1206//1404 1205//1091
f 1202//1403 1205//1091 1204//1090
f 1206//1404 1207//1084 914//1085
f 1206//1404 914//1085 1205//1091
f 1208//1405 1206//1404 1202//1403
f 1208//1405 1202//1403 1211//1402
f 1209//1406 1207//1084 1206//1404
f 1209//1406 1206//1404 1208//1405
f 1252//1407 1209//1406 1208//1405
f 1252//1407 1208//1405 1210//1408
f 1210//1408 1208//1405 1211//1402
f 1210//1408 1211//1402 1212//1409
f 1212//1409 1211//1402 1198//1400
f 1212//1409 1198//1400 1214//1393
f 1210//1408 1212//1409 1213//1410
f 1210//1408 1213//1410 1255//1411
f 1212//1409 1214//1393 1215//1397
f 1212//1409 1215//1397 1217//1412
f 1212//1409 1217//1412 1213//1410
f 1218//1413 1217//1414 1215//1415
f 1218//1413 1215//1415 1216//1396
f 1218//1413 1216//1396 1355//1416
f 1218//1413 1355//1416 1219//1417
f 1218//1413 1220//1418 1254//1419
f 1218//1413 1254//1419 1255//1420
f 1218//1413 1255//1420 1213//1421
f 1218//1413 1213//1421 1217//1414
f 1221//1422 1218//1413 1219//1417
f 1221//1422 1219//1417 1222//1423
f 1221//1422 1224//1424 1220//1418
f 1221//1422 1220//1418 1218//1413
f 1221//1422 1222//1423 1347//1425
f 1221//1422 1347//1425 1439//1426
f 1221//1422 1439//1426 1440//1427
f 1221//1422 1440//1427 1223//1428
f 1224//1424 1221//1422 1223//1428
f 1224//1424 1223//1428 1225//1429
f 1224//1424 1225//1429 1268//1430
f 1224//1424 1268//1430 1229//1431
f 1224//1424 1229//1431 1228//1432
f 1224//1424 1228//1432 1226//1433
f 1220//1418 1224//1424 1226//1433
f 1220//1418 1226//1433 1227//1434
f 1220//1418 1227//1434 1239//1435
f 1220//1418 1239//1435 1257//1436
f 1230//1437 1231//1438 1227//1434
f 1230//1437 1227//1434 1226//1433
f 1230//1437 1226//1433 1228//1432
f 1232//1439 1230//1437 1228//1432
f 1232//1439 1228//1432 1229//1431
f 1231//1438 1230//1437 1233//1054
f 1231//1438 1233//1054 1234//1053
f 1231//1438 1234//1053 1235//1440
f 1230//1437 1232//1439 1259//1441
f 1230//1437 1259//1441 1260//1049
f 1230//1437 1260//1049 878//1048
f 1230//1437 878//1048 1233//1054
f 1237//1071 1236//1442 1235//1440
f 1237//1071 1235//1440 1234//1053
f 1237//1071 1234//1053 877//1052
f 1237//1071 877//1052 889//1059
f 1238//1443 1231//1438 1235//1440
f 1238//1443 1235//1440 1236//1442
f 1240//1444 1238//1443 1236//1442
f 1240//1444 1236//1442 1237//1071
f 1240//1444 1237//1071 1241//1070
f 1238//1443 1240//1444 1242//1445
f 1238//1443 1242//1445 1257//1436
f 1238//1443 1257//1436 1239//1435
f 1231//1438 1238//1443 1239//1435
f 1231//1438 1239//1435 1227//1434
f 1256//1073 1244//1446 1243//1447
f 1256//1073 1243//1447 1240//1444
f 1256//1073 1240//1444 1241//1070
f 1256//1073 1241//1070 902//1069
f 1248//1448 1242//1445 1240//1444
f 1248//1448 1240//1444 1243//1447
f 1248//1448 1243//1447 1245//1449
f 1248//1448 1245//1449 1246//1450
f 904//1075 1251//1451 1249//1452
f 904//1075 1249//1452 1247//1453
f 904//1075 1247//1453 1246//1454
f 904//1075 1246//1454 1245//1076
f 1246//1450 1247//1455 1248//1448
f 1220//1418 1257//1436 1242//1445
f 1220//1418 1242//1445 1248//1448
f 1220//1418 1248//1448 1247//1455
f 1220//1418 1247//1455 1249//1456
f 1220//1418 1249//1456 1250//1457
f 1220//1418 1250//1457 1254//1419
f 1251//1451 1252//1407 1250//1458
f 1251//1451 1250//1458 1249//1452
f 1251//1451 1253//1083 1209//1406
f 1251//1451 1209//1406 1252//1407
f 904//1075 907//1080 1253//1083
f 904//1075 1253//1083 1251//1451
f 1253//1083 910//1082 1207//1084
f 1253//1083 1207//1084 1209//1406
f 1252//1407 1210//1408 1255//1411
f 1252//1407 1255//1411 1254//1459
f 1252//1407 1254//1459 1250//1458
f 1256//1073 901//1074 1244//1446
f 1258//1460 1232//1439 1229//1431
f 1258//1460 1229//1431 1268//1430
f 1258//1460 1268//1430 1267//1461
f 1258//1460 1267//1461 1266//1462
f 1258//1460 1261//1463 1259//1441
f 1258//1460 1259//1441 1232//1439
f 1259//1441 1261//1463 1262//1050
f 1259//1441 1262//1050 1260//1049
f 1261//1463 1258//1460 1265//1464
f 1261//1463 1265//1464 1264//1045
f 1261//1463 1264//1045 1263//1044
f 1261//1463 1263//1044 875//1043
f 1261//1463 875//1043 1262//1050
f 1269//1465 1270//1040 869//1041
f 1269//1465 869//1041 1264//1045
f 1269//1465 1264//1045 1265//1464
f 1269//1465 1265//1464 1266//1462
f 1269//1465 1266//1462 1267//1461
f 1258//1460 1266//1462 1265//1464
f 1273//1466 1271//1467 1269//1465
f 1273//1466 1269//1465 1267//1461
f 1273//1466 1267//1461 1268//1430
f 1273//1466 1268//1430 1274//1468
f 1272//1469 1322//1470 1270//1040
f 1272//1469 1270//1040 1269//1465
f 1272//1469 1269//1465 1271//1467
f 1277//1471 1272//1469 1271//1467
f 1277//1471 1271//1467 1273//1466
f 1277//1471 1273//1466 1275//1472
f 1274//1468 1442//1473 1285//1474
f 1274//1468 1285//1474 1276//1475
f 1274//1468 1276//1475 1275//1472
f 1274//1468 1275//1472 1273//1466
f 1277//1471 1275//1472 1276//1475
f 1277//1471 1276//1475 1283//1476
f 1277//1471 1283//1476 1281//1477
f 1277//1471 1281//1477 1279//1478
f 1310//1479 1272//1469 1277//1471
f 1310//1479 1277//1471 1278//1480
f 1310//1479 1278//1480 1312//1481
f 1277//1471 1279//1478 1280//1482
f 1277//1471 1280//1482 1278//1480
f 1280//1482 1279//1478 1281//1477
f 1280//1482 1281//1477 1282//1483
f 1280//1482 1282//1483 1295//1484
f 1280//1482 1295//1484 1298//1485
f 1282//1483 1281//1477 1283//1476
f 1282//1483 1283//1476 1284//1486
f 1282//1483 1284//1486 1286//1487
f 1282//1483 1286//1487 1288//1488
f 1283//1476 1276//1475 1285//1474
f 1283//1476 1285//1474 1284//1486
f 1286//1487 1284//1486 1285//1474
f 1286//1487 1285//1474 1442//1473
f 1286//1487 1442//1473 1441//1489
f 1286//1487 1441//1489 1287//1490
f 1289//1491 1288//1488 1286//1487
f 1289//1491 1286//1487 1287//1490
f 1289//1491 1287//1490 1290//1492
f 1293//1493 1294//1494 1295//1484
f 1293//1493 1295//1484 1282//1483
f 1293//1493 1282//1483 1288//1488
f 1293//1493 1288//1488 1289//1491
f 1293//1493 1289//1491 1291//1495
f 1329//1267 1292//1266 1291//1495
f 1329//1267 1291//1495 1289//1491
f 1329//1267 1289//1491 1290//1492
f 1291//1495 1292//1266 1074//1258
f 1291//1495 1074//1258 1293//1493
f 1294//1494 1293//1493 1074//1258
f 1294//1494 1074//1258 1072//1257
f 1294//1494 1072//1257 1297//1256
f 1294//1494 1297//1256 1296//1496
f 1295//1484 1294//1494 1296//1496
f 1295//1484 1296//1496 1298//1485
f 1297//1256 1328//1255 1301//1497
f 1297//1256 1301//1497 1299//1498
f 1297//1256 1299//1498 1296//1496
f 1298//1485 1296//1496 1299//1498
f 1298//1485 1299//1498 1300//1499
f 1304//1500 1305//1501 1300//1499
f 1304//1500 1300//1499 1299//1498
f 1304//1500 1299//1498 1302//388
f 1301//1497 1327//385 284//384
f 1301//1497 284//384 1302//388
f 1301//1497 1302//388 1299//1498
f 1303//387 1324//1502 1307//1503
f 1303//387 1307//1503 1306//1504
f 1303//387 1306//1504 1304//1500
f 1303//387 1304//1500 1302//388
f 1308//1505 1310//1479 1312//1481
f 1308//1505 1312//1481 1305//1501
f 1308//1505 1305//1501 1304//1500
f 1308//1505 1304//1500 1306//1504
f 1308//1505 1306//1504 1307//1503
f 1310//1479 1308//1505 1309//1506
f 1310//1479 1309//1506 1315//1507
f 1310//1479 1315//1507 1314//1508
f 1310//1479 1314//1508 1311//1509
f 1308//1505 1307//1503 1324//1502
f 1308//1505 1324//1502 1323//437
f 1308//1505 1323//437 1309//1506
f 1272//1469 1310//1479 1311//1509
f 1272//1469 1311//1509 1313//1510
f 1272//1469 1313//1510 1322//1470
f 1305//1501 1312//1481 1278//1480
f 1305//1501 1278//1480 1280//1482
f 1305//1501 1280//1482 1298//1485
f 1305//1501 1298//1485 1300//1499
f 1313//1510 1311//1509 1314//1508
f 1313//1510 1314//1508 1316//1511
f 1313//1510 1316//1511 1318//953
f 1313//1510 1318//953 1319//952
f 1313//1510 1319//952 1320//1512
f 1314//1508 1315//1507 1321//933
f 1314//1508 1321//933 1317//932
f 1314//1508 1317//932 1316//1511
f 1318//953 1316//1511 1317//932
f 1318//953 1317//932 727//934
f 1318//953 727//934 735//943
f 744//956 868//960 1320//1512
f 744//956 1320//1512 1319//952
f 744//956 1319//952 740//954
f 1320//1512 868//960 1270//1040
f 1320//1512 1270//1040 1322//1470
f 1320//1512 1322//1470 1313//1510
f 1315//1507 1309//1506 1323//437
f 1315//1507 1323//437 725//436
f 1315//1507 725//436 1321//933
f 1325//438 1323//437 1324//1502
f 1325//438 1324//1502 1326//1513
f 309//431 1325//438 1326//1513
f 309//431 1326//1513 307//428
f 1326//1513 1324//1502 1303//387
f 1326//1513 1303//387 286//386
f 1326//1513 286//386 288//390
f 307//428 1326//1513 288//390
f 307//428 288//390 304//392
f 1327//385 1301//1497 1328//1255
f 1327//385 1328//1255 1066//1246
f 1327//385 1066//1246 282//381
f 1330//1268 1329//1267 1290//1492
f 1330//1268 1290//1492 1332//1514
f 1333//1515 1386//1516 1331//1269
f 1333//1515 1331//1269 1330//1268
f 1333//1515 1330//1268 1332//1514
f 1290//1492 1287//1490 1334//1517
f 1290//1492 1334//1517 1332//1514
f 1335//1518 1437//1519 1333//1515
f 1335//1518 1333//1515 1332//1514
f 1335//1518 1332//1514 1334//1517
f 1336//1520 1338//1521 1340//1522
f 1336//1520 1340//1522 1335//1518
f 1336//1520 1335//1518 1334//1517
f 1441//1489 1337//1523 1336//1520
f 1441//1489 1336//1520 1334//1517
f 1441//1489 1334//1517 1287//1490
f 1440//1427 1439//1426 1339//1524
f 1440//1427 1339//1524 1338//1521
f 1440//1427 1338//1521 1336//1520
f 1440//1427 1336//1520 1337//1523
f 1342//1525 1340//1522 1338//1521
f 1342//1525 1338//1521 1339//1524
f 1342//1525 1339//1524 1344//1526
f 1437//1519 1335//1518 1340//1522
f 1437//1519 1340//1522 1341//1527
f 1437//1519 1341//1527 1385//1528
f 1341//1527 1340//1522 1342//1525
f 1341//1527 1342//1525 1343//1529
f 1345//1530 1348//1531 1349//1532
f 1345//1530 1349//1532 1343//1529
f 1345//1530 1343//1529 1342//1525
f 1345//1530 1342//1525 1344//1526
f 1345//1530 1344//1526 1339//1524
f 1345//1530 1339//1524 1439//1426
f 1345//1530 1439//1426 1347//1425
f 1345//1530 1346//1533 1350//1534
f 1345//1530 1350//1534 1348//1531
f 1353//1535 1346//1533 1345//1530
f 1353//1535 1345//1530 1347//1425
f 1353//1535 1347//1425 1222//1423
f 1353//1535 1222//1423 1219//1417
f 1353//1535 1219//1417 1355//1416
f 1358//1536 1365//1537 1349//1532
f 1358//1536 1349//1532 1348//1531
f 1358//1536 1348//1531 1350//1534
f 1358//1536 1350//1534 1351//1538
f 1358//1536 1351//1538 1352//1539
f 1346//1533 1353//1535 1351//1538
f 1346//1533 1351//1538 1350//1534
f 1353//1535 1354//1540 1356//1541
f 1353//1535 1356//1541 1352//1539
f 1353//1535 1352//1539 1351//1538
f 1353//1535 1355//1416 1216//1396
f 1353//1535 1216//1396 1354//1540
f 1436//1352 1396//1542 1394//1542
f 1436//1352 1394//1542 1392//1542
f 1436//1352 1392//1542 1435//1542
f 1436//1352 1435//1542 1411//1542
f 1436//1352 1411//1542 1410//1350
f 1436//1352 1410//1350 1412//1366
f 1436//1352 1412//1366 1360//1543
f 1436//1352 1360//1543 1359//1544
f 1436//1352 1359//1544 1357//1545
f 1436//1352 1357//1545 1356//1541
f 1436//1352 1356//1541 1354//1540
f 1436//1352 1354//1540 1216//1396
f 1436//1352 1216//1396 1191//1353
f 1358//1536 1352//1539 1356//1541
f 1358//1536 1356//1541 1357//1545
f 1361//1546 1358//1536 1357//1545
f 1361//1546 1357//1545 1359//1544
f 1362//1547 1361//1546 1359//1544
f 1362//1547 1359//1544 1360//1543
f 1363//1548 1361//1546 1362//1547
f 1363//1548 1362//1547 1364//1549
f 1365//1537 1358//1536 1361//1546
f 1365//1537 1361//1546 1363//1548
f 1363//1548 1364//1549 1367//1550
f 1363//1548 1367//1550 1366//1551
f 1365//1537 1363//1548 1366//1551
f 1365//1537 1366//1551 1368//1552
f 1372//1553 1371//1554 1369//1555
f 1372//1553 1369//1555 1366//1551
f 1372//1553 1366//1551 1367//1550
f 1369//1555 1370//1556 1380//1557
f 1369//1555 1380//1557 1381//1558
f 1369//1555 1381//1558 1368//1552
f 1369//1555 1368//1552 1366//1551
f 1373//1559 1376//1560 1370//1556
f 1373//1559 1370//1556 1369//1555
f 1373//1559 1369//1555 1371//1554
f 1375//1561 1373//1559 1371//1554
f 1375//1561 1371//1554 1372//1553
f 1376//1560 1373//1559 1374//1562
f 1376//1560 1374//1562 1379//1563
f 1376//1560 1379//1563 1377//1564
f 1375//1561 1434//1297 1096//1294
f 1375//1561 1096//1294 1374//1562
f 1375//1561 1374//1562 1373//1559
f 1376//1560 1377//1564 1380//1557
f 1376//1560 1380//1557 1370//1556
f 1377//1564 1378//1565 1382//1566
f 1377//1564 1382//1566 1381//1558
f 1377//1564 1381//1558 1380//1557
f 1378//1565 1377//1564 1379//1563
f 1378//1565 1379//1563 1384//1567
f 1378//1565 1384//1567 1385//1528
f 1381//1558 1382//1566 1341//1527
f 1381//1558 1341//1527 1343//1529
f 1381//1558 1343//1529 1368//1552
f 1378//1565 1385//1528 1341//1527
f 1378//1565 1341//1527 1382//1566
f 1379//1563 1374//1562 1438//1290
f 1379//1563 1438//1290 1383//1289
f 1379//1563 1383//1289 1388//1271
f 1379//1563 1388//1271 1387//1270
f 1379//1563 1387//1270 1384//1567
f 1386//1516 1333//1515 1437//1519
f 1386//1516 1437//1519 1385//1528
f 1386//1516 1385//1528 1384//1567
f 1384//1567 1387//1270 1331//1269
f 1384//1567 1331//1269 1386//1516
f 1391//1568 1389//1569 1390//1570
f 1391//1568 1390//1570 1435//1571
f 1391//1568 1435//1571 1392//1572
f 1393//1573 1391//1568 1392//1572
f 1393//1573 1392//1572 1394//1574
f 1395//1575 1393//1573 1394//1574
f 1395//1575 1394//1574 1396//1576
f 1397//1577 1395//1575 1396//1576
f 1397//1577 1396//1576 1436//1578
f 1397//1577 1436//1578 1398//1579
f 1398//1579 1400//1580 1399//1581
f 1398//1579 1399//1581 1397//1577
f 1401//1582 1399//1581 1400//1580
f 1401//1582 1400//1580 1402//1583
f 1405//1584 1091//1585 1401//1582
f 1405//1584 1401//1582 1402//1583
f 1405//1584 1402//1583 1403//1586
f 1406//1587 1405//1584 1403//1586
f 1406//1587 1403//1586 1404//1588
f 1407//1589 1406//1587 1404//1588
f 1407//1589 1404//1588 1409//1590
f 1408//1591 1407//1589 1409//1590
f 1408//1591 1409//1590 1410//1592
f 1408//1591 1410//1592 1411//1593
f 1414//1594 1362//1547 1360//1543
f 1414//1594 1360//1543 1412//1366
f 1414//1594 1412//1366 1413//1365
f 1416//1595 1414//1594 1413//1365
f 1416//1595 1413//1365 1415//1364
f 1416//1595 1415//1364 1417//1363
f 1416//1595 1417//1363 1418//1596
f 1418//1596 1417//1363 1419//1362
f 1418//1596 1419//1362 1421//1597
f 1423//1598 1421//1597 1419//1362
f 1423//1598 1419//1362 1420//1361
f 1423//1598 1111//1312 1422//1313
f 1423//1598 1422//1313 1421//1597
f 1421//1597 1422//1313 1426//1599
f 1421//1597 1426//1599 1418//1596
f 1424//1600 1113//1314 1111//1312
f 1424//1600 1111//1312 1423//1598
f 1424//1600 1423//1598 1420//1361
f 1424//1600 1420//1361 1425//1360
f 1424//1600 1425//1360 1151//1347
f 1424//1600 1151//1347 1147//1344
f 1113//1314 1424//1600 1147//1344
f 1113//1314 1147//1344 1115//1315
f 1422//1313 1107//1307 1105//1305
f 1422//1313 1105//1305 1426//1599
f 1427//1601 1426//1599 1105//1305
f 1427//1601 1105//1305 1429//1304
f 1427//1601 1416//1595 1418//1596
f 1427//1601 1418//1596 1426//1599
f 1428//1602 1414//1594 1416//1595
f 1428//1602 1416//1595 1427//1601
f 1428//1602 1427//1601 1429//1304
f 1428//1602 1429//1304 1430//1603
f 1103//1301 1098//1300 1432//1299
f 1103//1301 1432//1299 1431//1604
f 1103//1301 1431//1604 1430//1603
f 1103//1301 1430//1603 1429//1304
f 1364//1549 1428//1602 1430//1603
f 1364//1549 1430//1603 1367//1550
f 1431//1604 1433//1605 1372//1553
f 1431//1604 1372//1553 1367//1550
f 1431//1604 1367//1550 1430//1603
f 1099//1295 1434//1297 1433//1605
f 1099//1295 1433//1605 1431//1604
f 1099//1295 1431//1604 1432//1299
f 1434//1297 1375//1561 1372//1553
f 1434//1297 1372//1553 1433//1605
f 1364//1549 1362//1547 1414//1594
f 1364//1549 1414//1594 1428//1602
f 1390//1570 1408//1591 1411//1593
f 1390//1570 1411//1593 1435//1571
f 1374//1562 1096//1294 1094//1291
f 1374//1562 1094//1291 1438//1290
f 1365//1537 1368//1552 1343//1529
f 1365//1537 1343//1529 1349//1532
f 1337//1523 1441//1489 1442//1473
f 1337//1523 1442//1473 1274//1468
f 1337//1523 1274//1468 1268//1430
f 1337//1523 1268//1430 1225//1606
f 1337//1523 1225//1606 1223//1428
f 1337//1523 1223//1428 1440//1427
f 1444//25 36//19 1443//18
f 1444//25 1443//18 880//1055
f 189//256 186//255 1445//940
f 189//256 1445//940 732//939
f 189//256 732//939 1446//938
f 189//256 1446//938 730//937
f 189//256 730//937 1447//260
f 196//269 194//261 1447//260
f 196//269 1447//260 730//937
f 196//269 730//937 717//924
f 380//536 1451//1607 1449//921
f 380//536 1449//921 714//533
f 380//536 714//533 1450//532
f 1451//1607 1453//911 710//920
f 1451//1607 710//920 1449//921
f 382//537 1454//1608 1452//904
f 382//537 1452//904 1451//1607
f 382//537 1451//1607 380//536
f 1452//904 695//903 698//906
f 1452//904 698//906 1453//911
f 1452//904 1453//911 1451//1607
f 1452//904 1454//1608 1458//1609
f 1452//904 1458//1609 1457//1610
f 1452//904 1457//1610 1455//905
f 1461//580 1460//1611 1456//899
f 1461//580 1456//899 1455//905
f 1461//580 1455//905 1457//1610
f 1461//580 1457//1610 419//578
f 1457//1610 1458//1609 1459//541
f 1457//1610 1459//541 389//540
f 1457//1610 389//540 395//544
f 1457//1610 395//544 419//578
f 1454//1608 382//537 385//539
f 1454//1608 385//539 1459//541
f 1454//1608 1459//541 1458//1609
f 688//896 1456//899 1460//1611
f 688//896 1460//1611 1462//897
f 1460//1611 1461//580 422//579
f 1460//1611 422//579 425//582
f 1460//1611 425//582 1462//897
f 681//892 1462//897 425//582
f 681//892 425//582 678//584
f 706//851 646//338 252//334
f 706//851 252//334 1464//333
f 706//851 1464//333 1463//917
f 692//858 650//853 648//852
f 692//858 648//852 701//908
f 1467//887 672//886 1466//594
f 1467//887 1466//594 436//593
f 1467//887 436//593 1480//1612
f 1467//887 1480//1612 1468//1613
f 1471//823 1469//822 1467//887
f 1471//823 1467//887 1468//1613
f 1471//823 1468//1613 1474//1614
f 1471//823 1474//1614 1472//1615
f 1796//815 619//814 1471//823
f 1796//815 1471//823 1472//1615
f 1796//815 1472//1615 1473//1616
f 1796//815 1473//1616 1795//1617
f 1475//1618 1476//1619 1473//1616
f 1475//1618 1473//1616 1472//1615
f 1475//1618 1472//1615 1474//1614
f 1474//1614 1468//1613 1480//1612
f 1474//1614 1480//1612 1477//1620
f 1474//1614 1477//1620 1475//1618
f 1478//1621 1789//1622 1788//1622
f 1478//1621 1788//1622 1787//1622
f 1478//1621 1787//1622 1782//1622
f 1478//1621 1782//1622 1781//1622
f 1478//1621 1781//1622 1780//1622
f 1478//1621 1780//1622 1779//1622
f 1478//1621 1779//1622 1774//1622
f 1478//1621 1774//1622 1773//1622
f 1478//1621 1773//1622 1772//1623
f 1478//1621 1772//1623 475//1624
f 1478//1621 475//1624 479//1622
f 1478//1621 479//1622 483//1622
f 1478//1621 483//1622 1806//1622
f 1478//1621 1806//1622 1805//1622
f 1478//1621 1805//1622 1804//1622
f 1478//1621 1804//1622 1792//1622
f 1478//1621 1792//1622 1791//1622
f 1478//1621 1791//1622 1476//1622
f 1478//1621 1476//1622 1475//1622
f 1478//1621 1475//1622 1477//1625
f 1481//1626 1478//1621 1477//1625
f 1481//1626 1477//1625 1479//1627
f 436//593 1497//598 1495//1628
f 436//593 1495//1628 1492//1629
f 436//593 1492//1629 1491//1630
f 436//593 1491//1630 1490//1631
f 436//593 1490//1631 1487//1632
f 436//593 1487//1632 1483//1633
f 436//593 1483//1633 1482//1634
f 436//593 1482//1634 1479//1635
f 436//593 1479//1635 1477//1620
f 436//593 1477//1620 1480//1612
f 1484//1636 1481//1626 1479//1627
f 1484//1636 1479//1627 1482//1637
f 1482//1637 1483//1638 1485//1639
f 1482//1637 1485//1639 1484//1636
f 1789//1640 1478//1641 1481//1642
f 1789//1640 1481//1642 1484//1643
f 1789//1640 1484//1643 1485//1644
f 1789//1640 1485//1644 1486//1645
f 1789//1640 1486//1645 1488//1646
f 1789//1640 1488//1646 1489//1647
f 1789//1640 1489//1647 1493//1648
f 1789//1640 1493//1648 1790//1640
f 1483//1638 1487//1649 1486//1650
f 1483//1638 1486//1650 1485//1639
f 1488//1651 1486//1650 1487//1649
f 1488//1651 1487//1649 1490//1652
f 1489//1653 1488//1651 1490//1652
f 1489//1653 1490//1652 1491//1654
f 1491//1654 1492//1655 1493//1656
f 1491//1654 1493//1656 1489//1653
f 1759//1657 1775//1658 1776//1658
f 1759//1657 1776//1658 1777//1658
f 1759//1657 1777//1658 1778//1658
f 1759//1657 1778//1658 1783//1658
f 1759//1657 1783//1658 1784//1658
f 1759//1657 1784//1658 1785//1658
f 1759//1657 1785//1658 1786//1658
f 1759//1657 1786//1658 1790//1658
f 1759//1657 1790//1658 1493//1656
f 1759//1657 1493//1656 1492//1655
f 1759//1657 1492//1655 1494//1658
f 1759//1657 1494//1658 1537//1658
f 1759//1657 1537//1658 1535//1658
f 1759//1657 1535//1658 1534//1658
f 1759//1657 1534//1658 1533//1658
f 1759//1657 1533//1658 1530//1658
f 1759//1657 1530//1658 1540//1658
f 1759//1657 1540//1658 1541//1658
f 1759//1657 1541//1658 1542//1658
f 1759//1657 1542//1658 1758//1659
f 1494//1660 1492//1629 1495//1628
f 1494//1660 1495//1628 1496//1661
f 1496//1661 1495//1628 1498//1662
f 1496//1661 1498//1662 1500//1663
f 1496//1661 1500//1663 1502//1664
f 1498//1662 1495//1628 1497//598
f 1498//1662 1497//598 1499//1665
f 1703//1666 1501//1667 1500//1668
f 1703//1666 1500//1668 1498//1669
f 1703//1666 1498//1669 1499//1670
f 1703//1666 1499//1670 1704//1671
f 1503//1672 1502//1673 1500//1668
f 1503//1672 1500//1668 1501//1667
f 1503//1672 1501//1667 1504//1674
f 1502//1664 1503//1675 1505//1676
f 1502//1664 1505//1676 1506//1677
f 1502//1664 1506//1677 1496//1661
f 1504//1674 1667//1678 1508//1679
f 1504//1674 1508//1679 1507//1680
f 1504//1674 1507//1680 1505//1681
f 1504//1674 1505//1681 1503//1672
f 1505//1676 1507//1682 1509//1683
f 1505//1676 1509//1683 1510//1684
f 1505//1676 1510//1684 1539//1685
f 1505//1676 1539//1685 1506//1677
f 1508//1679 1512//1686 1511//1687
f 1508//1679 1511//1687 1509//1688
f 1508//1679 1509//1688 1507//1680
f 1509//1683 1511//1689 1513//1690
f 1509//1683 1513//1690 1514//1691
f 1509//1683 1514//1691 1538//1692
f 1509//1683 1538//1692 1510//1684
f 1512//1686 1516//1693 1515//1694
f 1512//1686 1515//1694 1513//1695
f 1512//1686 1513//1695 1511//1687
f 1513//1690 1515//1696 1517//1697
f 1513//1690 1517//1697 1518//1698
f 1513//1690 1518//1698 1536//1699
f 1513//1690 1536//1699 1514//1691
f 1516//1693 1521//1700 1519//1701
f 1516//1693 1519//1701 1517//1702
f 1516//1693 1517//1702 1515//1694
f 1517//1697 1519//1703 1520//1704
f 1517//1697 1520//1704 1531//1705
f 1517//1697 1531//1705 1532//1706
f 1517//1697 1532//1706 1518//1698
f 1521//1700 1522//1707 1524//1708
f 1521//1700 1524//1708 1520//1709
f 1521//1700 1520//1709 1519//1701
f 1666//1710 1619//1711 1615//1711
f 1666//1710 1615//1711 1611//1711
f 1666//1710 1611//1711 1604//1711
f 1666//1710 1604//1711 1603//1711
f 1666//1710 1603//1711 1602//1711
f 1666//1710 1602//1711 1600//1711
f 1666//1710 1600//1711 1601//1711
f 1666//1710 1601//1711 1586//1711
f 1666//1710 1586//1711 1585//1711
f 1666//1710 1585//1711 1583//1711
f 1666//1710 1583//1711 1581//1712
f 1666//1710 1581//1712 1580//1713
f 1666//1710 1580//1713 1559//1711
f 1666//1710 1559//1711 1558//1711
f 1666//1710 1558//1711 1556//1711
f 1666//1710 1556//1711 1551//1711
f 1666//1710 1551//1711 1548//1711
f 1666//1710 1548//1711 1523//1711
f 1666//1710 1523//1711 1522//1711
f 1666//1710 1522//1711 1521//1711
f 1666//1710 1521//1711 1516//1711
f 1666//1710 1516//1711 1512//1711
f 1666//1710 1512//1711 1508//1711
f 1666//1710 1508//1711 1667//1714
f 1522//1707 1523//1715 1526//1716
f 1522//1707 1526//1716 1525//1717
f 1522//1707 1525//1717 1524//1708
f 1520//1704 1524//1718 1525//1719
f 1520//1704 1525//1719 1527//1720
f 1520//1704 1527//1720 1529//1721
f 1520//1704 1529//1721 1531//1705
f 1525//1719 1526//1722 1546//1723
f 1525//1719 1546//1723 1545//1724
f 1525//1719 1545//1724 1528//1725
f 1525//1719 1528//1725 1527//1720
f 1529//1721 1527//1720 1528//1725
f 1529//1721 1528//1725 1540//1726
f 1529//1721 1540//1726 1530//1727
f 1532//1706 1531//1705 1529//1721
f 1532//1706 1529//1721 1530//1727
f 1532//1706 1530//1727 1533//1728
f 1536//1699 1518//1698 1532//1706
f 1536//1699 1532//1706 1533//1728
f 1536//1699 1533//1728 1534//1729
f 1538//1692 1514//1691 1536//1699
f 1538//1692 1536//1699 1534//1729
f 1538//1692 1534//1729 1535//1730
f 1539//1685 1510//1684 1538//1692
f 1539//1685 1538//1692 1535//1730
f 1539//1685 1535//1730 1537//1731
f 1496//1661 1506//1677 1539//1685
f 1496//1661 1539//1685 1537//1731
f 1496//1661 1537//1731 1494//1660
f 1528//1725 1545//1724 1543//1732
f 1528//1725 1543//1732 1541//1733
f 1528//1725 1541//1733 1540//1726
f 1543//1732 1544//1734 1757//1735
f 1543//1732 1757//1735 1542//1736
f 1543//1732 1542//1736 1541//1733
f 1546//1723 1547//1737 1549//1738
f 1546//1723 1549//1738 1544//1734
f 1546//1723 1544//1734 1543//1732
f 1546//1723 1543//1732 1545//1724
f 1523//1715 1548//1739 1547//1740
f 1523//1715 1547//1740 1546//1741
f 1523//1715 1546//1741 1526//1716
f 1548//1739 1551//1742 1550//1743
f 1548//1739 1550//1743 1549//1744
f 1548//1739 1549//1744 1547//1740
f 1549//1738 1550//1745 1552//1746
f 1549//1738 1552//1746 1553//663
f 1549//1738 1553//663 1757//1735
f 1549//1738 1757//1735 1544//1734
f 1556//1747 1554//1748 1552//1749
f 1556//1747 1552//1749 1550//1743
f 1556//1747 1550//1743 1551//1742
f 1554//1750 1557//654 1553//663
f 1554//1750 1553//663 1552//1746
f 1555//1751 1554//1748 1556//1747
f 1555//1751 1556//1747 1558//1752
f 1555//1751 1558//1752 1560//1753
f 1555//1751 1560//1753 1562//1754
f 1555//1755 473//639 1557//654
f 1555//1755 1557//654 1554//1750
f 1578//1756 1561//1757 1560//1753
f 1578//1756 1560//1753 1558//1752
f 1578//1756 1558//1752 1559//1758
f 1565//1759 1563//640 1562//1760
f 1565//1759 1562//1760 1560//1761
f 1565//1759 1560//1761 1561//1762
f 1562//1760 1563//640 473//639
f 1562//1760 473//639 1555//1755
f 1567//1763 1564//641 1563//640
f 1567//1763 1563//640 1565//1759
f 1566//1764 1565//1759 1561//1762
f 1566//1764 1561//1762 1578//1765
f 1566//1764 1578//1765 1577//1766
f 1565//1759 1566//1764 1570//1767
f 1565//1759 1570//1767 1568//1768
f 1565//1759 1568//1768 1567//1763
f 1709//1769 1712//1770 1728//1771
f 1709//1769 1728//1771 1729//1771
f 1709//1769 1729//1771 1730//1771
f 1709//1769 1730//1771 1731//1771
f 1709//1769 1731//1771 1735//1771
f 1709//1769 1735//1771 1737//1771
f 1709//1769 1737//1771 1739//1771
f 1709//1769 1739//1771 1742//1771
f 1709//1769 1742//1771 1743//1771
f 1709//1769 1743//1771 1744//1772
f 1709//1769 1744//1772 1564//1773
f 1709//1769 1564//1773 1567//1771
f 1709//1769 1567//1771 1568//1771
f 1709//1769 1568//1771 1569//1771
f 1709//1769 1569//1771 1678//1771
f 1709//1769 1678//1771 1679//1771
f 1709//1769 1679//1771 1680//1771
f 1709//1769 1680//1771 1692//1771
f 1709//1769 1692//1771 1711//1771
f 1709//1769 1711//1771 1710//1771
f 1709//1769 1710//1771 1708//1771
f 1570//1767 1571//1774 1572//1775
f 1570//1767 1572//1775 1569//1776
f 1570//1767 1569//1776 1568//1768
f 1571//1774 1570//1767 1566//1764
f 1571//1774 1566//1764 1577//1766
f 1571//1774 1577//1766 1575//1777
f 1571//1774 1575//1777 1573//1778
f 1675//1779 1572//1775 1571//1774
f 1675//1779 1571//1774 1573//1778
f 1675//1779 1573//1778 1574//1780
f 1675//1779 1574//1780 1674//1781
f 1574//1782 1573//1783 1575//1784
f 1574//1782 1575//1784 1576//1785
f 1574//1782 1576//1785 1579//1786
f 1575//1784 1577//1787 1578//1756
f 1575//1784 1578//1756 1559//1758
f 1575//1784 1559//1758 1580//1788
f 1575//1784 1580//1788 1576//1785
f 1581//1712 1582//1789 1665//1789
f 1581//1712 1665//1789 1651//1789
f 1581//1712 1651//1789 1650//1789
f 1581//1712 1650//1789 1649//1789
f 1581//1712 1649//1789 1643//1789
f 1581//1712 1643//1789 1639//1789
f 1581//1712 1639//1789 1633//1789
f 1581//1712 1633//1789 1632//1789
f 1581//1712 1632//1789 1630//1789
f 1581//1712 1630//1789 1631//1789
f 1581//1712 1631//1789 1666//1710
f 1581//1712 1666//1710 1667//1714
f 1581//1712 1667//1714 1504//1789
f 1581//1712 1504//1789 1501//1789
f 1581//1712 1501//1789 1703//1789
f 1581//1712 1703//1789 1702//1789
f 1581//1712 1702//1789 1697//1789
f 1581//1712 1697//1789 1756//1789
f 1581//1712 1756//1789 1687//1789
f 1581//1712 1687//1789 1671//1789
f 1581//1712 1671//1789 1670//1789
f 1581//1712 1670//1789 1579//1789
f 1581//1712 1579//1789 1576//1789
f 1581//1712 1576//1789 1580//1713
f 1582//1790 1581//1791 1583//1792
f 1582//1790 1583//1792 1584//1793
f 1582//1790 1584//1793 1663//1794
f 1582//1790 1663//1794 1662//1795
f 1582//1790 1662//1795 1661//1796
f 1583//1792 1585//1797 1587//1798
f 1583//1792 1587//1798 1588//1799
f 1583//1792 1588//1799 1584//1793
f 1585//1797 1586//1800 1590//1800
f 1585//1797 1590//1800 1589//1801
f 1585//1797 1589//1801 1587//1798
f 1588//1802 1587//1803 1589//1804
f 1588//1802 1589//1804 1591//1805
f 1588//1802 1591//1805 1592//1806
f 1589//1804 1590//1807 1669//1808
f 1589//1804 1669//1808 1594//1809
f 1589//1804 1594//1809 1593//1810
f 1589//1804 1593//1810 1591//1805
f 1594//1809 1599//1811 1597//1812
f 1594//1809 1597//1812 1595//1813
f 1594//1809 1595//1813 1593//1810
f 1597//1812 1598//1814 1596//1815
f 1597//1812 1596//1815 1595//1813
f 1600//1816 1602//1817 1598//1818
f 1600//1816 1598//1818 1597//1819
f 1600//1816 1597//1819 1599//1820
f 1601//1821 1600//1816 1599//1820
f 1601//1821 1599//1820 1594//1822
f 1601//1821 1594//1822 1669//1821
f 1602//1817 1603//1823 1605//1824
f 1602//1817 1605//1824 1606//1825
f 1602//1817 1606//1825 1598//1818
f 1603//1823 1604//1826 1609//1827
f 1603//1823 1609//1827 1607//1828
f 1603//1823 1607//1828 1605//1824
f 1606//1829 1605//1830 1607//1831
f 1606//1829 1607//1831 1608//1832
f 1606//1829 1608//1832 1668//1833
f 1607//1831 1609//1834 1610//1835
f 1607//1831 1610//1835 1612//1836
f 1607//1831 1612//1836 1613//1837
f 1607//1831 1613//1837 1608//1832
f 1604//1826 1611//1838 1610//1838
f 1604//1826 1610//1838 1609//1827
f 1611//1838 1615//1839 1614//1840
f 1611//1838 1614//1840 1612//1841
f 1611//1838 1612//1841 1610//1838
f 1612//1836 1614//1842 1616//1843
f 1612//1836 1616//1843 1617//1844
f 1612//1836 1617//1844 1613//1837
f 1615//1839 1619//1845 1618//1846
f 1615//1839 1618//1846 1616//1847
f 1615//1839 1616//1847 1614//1840
f 1616//1843 1618//1848 1620//1849
f 1616//1843 1620//1849 1622//1850
f 1616//1843 1622//1850 1617//1844
f 1619//1845 1666//1851 1631//1852
f 1619//1845 1631//1852 1627//1853
f 1619//1845 1627//1853 1621//1854
f 1619//1845 1621//1854 1620//1855
f 1619//1845 1620//1855 1618//1846
f 1620//1849 1621//1856 1623//1857
f 1620//1849 1623//1857 1622//1850
f 1621//1856 1627//1858 1626//1859
f 1621//1856 1626//1859 1624//1860
f 1621//1856 1624//1860 1623//1857
f 1626//1859 1628//1861 1629//1862
f 1626//1859 1629//1862 1625//1863
f 1626//1859 1625//1863 1624//1860
f 1631//1852 1630//1864 1628//1865
f 1631//1852 1628//1865 1626//1866
f 1631//1852 1626//1866 1627//1853
f 1630//1864 1632//1867 1634//1868
f 1630//1864 1634//1868 1629//1869
f 1630//1864 1629//1869 1628//1865
f 1632//1867 1633//1870 1635//1871
f 1632//1867 1635//1871 1634//1868
f 1629//1862 1634//1872 1635//1873
f 1629//1862 1635//1873 1636//1874
f 1629//1862 1636//1874 1637//1875
f 1629//1862 1637//1875 1625//1863
f 1633//1870 1639//1876 1638//1877
f 1633//1870 1638//1877 1636//1878
f 1633//1870 1636//1878 1635//1871
f 1636//1874 1638//1879 1640//1880
f 1636//1874 1640//1880 1641//1881
f 1636//1874 1641//1881 1637//1875
f 1639//1876 1643//1882 1642//1883
f 1639//1876 1642//1883 1640//1884
f 1639//1876 1640//1884 1638//1877
f 1640//1880 1642//1885 1644//1886
f 1640//1880 1644//1886 1641//1881
f 1647//1887 1645//1888 1642//1883
f 1647//1887 1642//1883 1643//1882
f 1647//1887 1643//1882 1649//1889
f 1646//1890 1644//1886 1642//1885
f 1646//1890 1642//1885 1645//1891
f 1645//1891 1647//1892 1648//1893
f 1645//1891 1648//1893 1657//1894
f 1645//1891 1657//1894 1646//1890
f 1649//1889 1650//1895 1652//1896
f 1649//1889 1652//1896 1648//1897
f 1649//1889 1648//1897 1647//1887
f 1650//1895 1651//1898 1653//1898
f 1650//1895 1653//1898 1652//1896
f 1648//1893 1652//1899 1653//1900
f 1648//1893 1653//1900 1654//1901
f 1648//1893 1654//1901 1656//1902
f 1648//1893 1656//1902 1657//1894
f 1651//1898 1665//1903 1655//1904
f 1651//1898 1655//1904 1654//1905
f 1651//1898 1654//1905 1653//1898
f 1654//1901 1655//1906 1660//1907
f 1654//1901 1660//1907 1658//1908
f 1654//1901 1658//1908 1656//1902
f 1660//1907 1661//1909 1662//1910
f 1660//1907 1662//1910 1659//1911
f 1660//1907 1659//1911 1658//1908
f 1665//1903 1582//1790 1661//1796
f 1665//1903 1661//1796 1660//1912
f 1665//1903 1660//1912 1655//1904
f 1662//1910 1663//1913 1664//1914
f 1662//1910 1664//1914 1659//1911
f 1663//1913 1584//1915 1588//1802
f 1663//1913 1588//1802 1592//1806
f 1663//1913 1592//1806 1664//1914
f 1598//1814 1606//1829 1668//1833
f 1598//1814 1668//1833 1596//1815
f 1586//1800 1601//1821 1669//1821
f 1586//1800 1669//1821 1590//1800
f 1672//1916 1674//1917 1574//1782
f 1672//1916 1574//1782 1579//1786
f 1672//1916 1579//1786 1670//1918
f 1686//1919 1673//1920 1672//1916
f 1686//1919 1672//1916 1670//1918
f 1686//1919 1670//1918 1671//1921
f 1677//1922 1676//1923 1675//1779
f 1677//1922 1675//1779 1674//1781
f 1677//1922 1674//1781 1672//1924
f 1677//1922 1672//1924 1673//1925
f 1572//1775 1675//1779 1676//1923
f 1572//1775 1676//1923 1678//1926
f 1572//1775 1678//1926 1569//1776
f 1676//1923 1677//1922 1681//1927
f 1676//1923 1681//1927 1679//1928
f 1676//1923 1679//1928 1678//1926
f 1681//1927 1682//1929 1683//1930
f 1681//1927 1683//1930 1680//1931
f 1681//1927 1680//1931 1679//1928
f 1682//1929 1681//1927 1677//1922
f 1682//1929 1677//1922 1673//1925
f 1682//1929 1673//1925 1686//1932
f 1682//1929 1686//1932 1684//1933
f 1690//1934 1683//1930 1682//1929
f 1690//1934 1682//1929 1684//1933
f 1690//1934 1684//1933 1685//1935
f 1690//1934 1685//1935 1688//1936
f 1685//1937 1684//1938 1686//1919
f 1685//1937 1686//1919 1671//1921
f 1685//1937 1671//1921 1687//1939
f 1689//1940 1688//1941 1685//1937
f 1689//1940 1685//1937 1687//1939
f 1689//1940 1687//1939 1756//1942
f 1693//1943 1691//1944 1690//1934
f 1693//1943 1690//1934 1688//1936
f 1693//1943 1688//1936 1689//1945
f 1693//1943 1689//1945 1695//1946
f 1683//1930 1690//1934 1691//1944
f 1683//1930 1691//1944 1692//1947
f 1683//1930 1692//1947 1680//1931
f 1691//1944 1693//1943 1694//1948
f 1691//1944 1694//1948 1711//1949
f 1691//1944 1711//1949 1692//1947
f 1699//1950 1694//1948 1693//1943
f 1699//1950 1693//1943 1695//1946
f 1699//1950 1695//1946 1696//1951
f 1699//1950 1696//1951 1698//1952
f 1696//1953 1695//1954 1689//1940
f 1696//1953 1689//1940 1756//1942
f 1696//1953 1756//1942 1697//1955
f 1697//1955 1702//1956 1700//1957
f 1697//1955 1700//1957 1698//1958
f 1697//1955 1698//1958 1696//1953
f 1698//1952 1700//1959 1701//1960
f 1698//1952 1701//1960 1707//608
f 1698//1952 1707//608 1699//1950
f 1704//1671 1705//1961 1701//1962
f 1704//1671 1701//1962 1700//1957
f 1704//1671 1700//1957 1702//1956
f 1704//1671 1702//1956 1703//1666
f 1499//1665 1497//598 1706//597
f 1499//1665 1706//597 1705//1963
f 1499//1665 1705//1963 1704//1964
f 1705//1963 1706//597 1707//608
f 1705//1963 1707//608 1701//1960
f 1699//1950 1707//608 1708//607
f 1699//1950 1708//607 1710//1965
f 1694//1948 1699//1950 1710//1965
f 1694//1948 1710//1965 1711//1949
f 1714//1966 1712//1770 1709//1769
f 1714//1966 1709//1769 1713//1967
f 1713//1967 1715//1968 1717//1969
f 1713//1967 1717//1969 1714//1966
f 1715//1968 1716//1970 1718//1971
f 1715//1968 1718//1971 1717//1969
f 1728//1972 1712//1973 1714//1974
f 1728//1972 1714//1974 1717//1975
f 1728//1972 1717//1975 1718//1976
f 1728//1972 1718//1976 1719//1977
f 1728//1972 1719//1977 1720//1978
f 1728//1972 1720//1978 1724//1979
f 1728//1972 1724//1979 1725//1980
f 1728//1972 1725//1980 1726//1972
f 1719//1981 1718//1971 1716//1970
f 1719//1981 1716//1970 1721//1982
f 1720//1983 1719//1981 1721//1982
f 1720//1983 1721//1982 1722//1984
f 1722//1984 1723//1985 1724//1986
f 1722//1984 1724//1986 1720//1983
f 1723//1985 438//613 1725//612
f 1723//1985 1725//612 1724//1986
f 1726//1972 1727//1987 1729//1987
f 1726//1972 1729//1987 1728//1972
f 1727//1987 1732//1988 1730//1988
f 1727//1987 1730//1988 1729//1987
f 1732//1988 1733//1989 1731//1989
f 1732//1988 1731//1989 1730//1988
f 1733//1989 1734//1990 1735//1990
f 1733//1989 1735//1990 1731//1989
f 1734//1990 1736//1991 1737//1991
f 1734//1990 1737//1991 1735//1990
f 1736//1991 1738//1992 1739//1992
f 1736//1991 1739//1992 1737//1991
f 1738//1992 1740//1993 1742//1993
f 1738//1992 1742//1993 1739//1992
f 1740//1993 1741//1994 1743//1995
f 1740//1993 1743//1995 1742//1993
f 1741//1994 468//1996 1754//1997
f 1741//1994 1754//1997 1753//1998
f 1741//1994 1753//1998 1751//1999
f 1741//1994 1751//1999 1749//2000
f 1741//1994 1749//2000 1747//2001
f 1741//1994 1747//2001 1745//2002
f 1741//1994 1745//2002 1744//2003
f 1741//1994 1744//2003 1743//1995
f 1746//2004 1564//1773 1744//1772
f 1746//2004 1744//1772 1745//2005
f 1745//2005 1747//2006 1748//2007
f 1745//2005 1748//2007 1746//2004
f 1747//2006 1749//2008 1750//2009
f 1747//2006 1750//2009 1748//2007
f 1752//2010 1750//2009 1749//2008
f 1752//2010 1749//2008 1751//2011
f 1755//2012 1752//2010 1751//2011
f 1755//2012 1751//2011 1753//2013
f 469//637 1755//2012 1753//2013
f 469//637 1753//2013 1754//636
f 1757//1735 1553//663 1758//662
f 1757//1735 1758//662 1542//1736
f 1762//2014 1759//1657 1758//1659
f 1762//2014 1758//1659 1760//2015
f 1763//2016 1762//2014 1760//2015
f 1763//2016 1760//2015 1761//2017
f 1775//2018 1759//2019 1762//2020
f 1775//2018 1762//2020 1763//2021
f 1775//2018 1763//2021 1764//2022
f 1775//2018 1764//2022 1765//2023
f 1775//2018 1765//2023 1770//2024
f 1775//2018 1770//2024 1771//2025
f 1775//2018 1771//2025 1772//2026
f 1775//2018 1772//2026 1773//2018
f 1761//2017 1766//2027 1764//2028
f 1761//2017 1764//2028 1763//2016
f 1765//2029 1764//2028 1766//2027
f 1765//2029 1766//2027 1767//2030
f 1770//2031 1765//2029 1767//2030
f 1770//2031 1767//2030 1768//2032
f 1771//2033 1770//2031 1768//2032
f 1771//2033 1768//2032 1769//2034
f 1769//2034 475//1624 1772//1623
f 1769//2034 1772//1623 1771//2033
f 1776//2035 1775//2018 1773//2018
f 1776//2035 1773//2018 1774//2035
f 1777//2036 1776//2035 1774//2035
f 1777//2036 1774//2035 1779//2036
f 1778//2037 1777//2036 1779//2036
f 1778//2037 1779//2036 1780//2037
f 1783//2038 1778//2037 1780//2037
f 1783//2038 1780//2037 1781//2038
f 1784//2039 1783//2038 1781//2038
f 1784//2039 1781//2038 1782//2039
f 1785//2040 1784//2039 1782//2039
f 1785//2040 1782//2039 1787//2040
f 1786//2041 1785//2040 1787//2040
f 1786//2041 1787//2040 1788//2041
f 1790//1640 1786//2041 1788//2041
f 1790//1640 1788//2041 1789//1640
f 1476//1619 1791//2042 1793//2043
f 1476//1619 1793//2043 1795//1617
f 1476//1619 1795//1617 1473//1616
f 1791//2042 1792//2044 1799//2045
f 1791//2042 1799//2045 1794//2046
f 1791//2042 1794//2046 1793//2043
f 1798//712 1797//711 1796//815
f 1798//712 1796//815 1795//1617
f 1798//712 1795//1617 1793//2043
f 1798//712 1793//2043 1794//2046
f 1802//706 508//705 1798//712
f 1802//706 1798//712 1794//2046
f 1802//706 1794//2046 1799//2045
f 1802//706 1799//2045 1800//2047
f 1792//2044 1804//2048 1801//2049
f 1792//2044 1801//2049 1800//2047
f 1792//2044 1800//2047 1799//2045
f 1810//700 504//699 1802//706
f 1810//700 1802//706 1800//2047
f 1810//700 1800//2047 1801//2049
f 1810//700 1801//2049 1803//2050
f 1804//2048 1805//2051 1807//2052
f 1804//2048 1807//2052 1803//2050
f 1804//2048 1803//2050 1801//2049
f 1805//2051 1806//674 485//675
f 1805//2051 485//675 1808//678
f 1805//2051 1808//678 1807//2052
f 1809//677 500//697 1810//700
f 1809//677 1810//700 1803//2050
f 1809//677 1803//2050 1807//2052
f 1809//677 1807//2052 1808//678
f 1817//2053 1816//2054 1815//2055
f 1817//2053 1815//2055 1813//2056
f 1817//2053 1813//2056 1812//819
f 1817//2053 1812//819 1814//818
f 1817//2053 1814//818 623//817
f 1817//2053 623//817 1818//831
f 1815//2055 1816//2054 667//880
f 1816//2054 1817//2053 1819//878
f 1816//2054 1819//878 667//880
f 1821//2057 1820//879 1819//878
f 1821//2057 1819//878 1817//2053
f 1821//2057 1817//2053 1818//831
f 1821//2057 1818//831 1823//830
f 1821//2057 661//871 665//874
f 1821//2057 665//874 1820//879
f 659//864 661//871 1821//2057
f 659//864 1821//2057 1822//829
f 659//864 1822//829 1824//828
f 659//864 1824//828 1825//839
f 1821//2057 1823//830 1822//829
f 659//864 1825//839 1826//838
f 1832//804 1830//2058 1829//342
f 1832//804 1829//342 1827//341
f 1832//804 1827//341 1828//840
f 1830//2058 1833//353 263//348
f 1830//2058 263//348 256//343
f 1830//2058 256//343 1829//342
f 1832//804 600//793 1831//792
f 1832//804 1831//792 1830//2058
f 1830//2058 1831//792 1834//354
f 1830//2058 1834//354 1833//353
f 1831//792 596//788 1839//358
f 1831//792 1839//358 266//355
f 1831//792 266//355 1834//354
f 606//803 1832//804 1828//840
f 606//803 1828//840 630//834
f 606//803 630//834 627//832
f 527//731 1838//734 1837//782
f 527//731 1837//782 1836//801
f 527//731 1836//801 1835//800
f 580//781 602//795 1836//801
f 580//781 1836//801 1837//782
f 594//784 598//790 602//795
f 594//784 602//795 580//781
f 1841//763 1843//762 1844//2059
f 1841//763 1844//2059 1846//648
f 1841//763 1846//648 1847//632
f 1841//763 1847//632 1842//631
f 1845//2060 1844//2059 1843//762
f 1845//2060 1843//762 546//750
f 1845//2060 546//750 542//746
f 1844//2059 1845//2060 1848//2061
f 1844//2059 1848//2061 1849//652
f 1844//2059 1849//652 472//649
f 1844//2059 472//649 1846//648
f 1850//2062 1848//2061 1845//2060
f 1850//2062 1845//2060 542//746
f 1850//2062 542//746 538//742
f 1848//2061 1850//2062 1851//682
f 1848//2061 1851//682 1852//666
f 1848//2061 1852//666 477//653
f 1848//2061 477//653 1849//652
f 490//683 1851//682 1850//2062
f 490//683 1850//2062 538//742
f 490//683 538//742 495//684
f 149//205 1875//210 223//303
f 149//205 223//303 1876//304
f 149//205 1876//304 1878//2063
f 149//205 1878//2063 1879//2064
f 149//205 1879//2064 1883//204
f 1878//2063 1876//304 1877//186
f 1878//2063 1877//186 128//188
f 1878//2063 128//188 1880//194
f 1879//2064 1878//2063 1880//194
f 1879//2064 1880//194 1881//193
f 1884//203 1883//204 1879//2064
f 1884//203 1879//2064 1881//193
f 1884//203 1881//193 1882//192
f 1884//203 1882//192 141//199
f 221//298 1885//209 148//208
f 221//298 148//208 1889//207
f 221//298 1889//207 1887//2065
f 1886//299 221//298 1887//2065
f 1886//299 1887//2065 1888//2066
f 151//206 158//214 1888//2066
f 151//206 1888//2066 1887//2065
f 151//206 1887//2065 1889//207
f 1891//2067 218//296 1886//299
f 1891//2067 1886//299 1888//2066
f 1891//2067 1888//2066 1890//2068
f 158//214 162//218 1892//236
f 158//214 1892//236 1890//2068
f 158//214 1890//2068 1888//2066
f 1894//2069 1891//2067 1890//2068
f 1894//2069 1890//2068 1892//236
f 1894//2069 1892//236 1893//235
f 1894//2069 1893//235 173//234
f 1894//2069 173//234 175//237
f 1894//2069 175//237 1896//241
f 1894//2069 1895//297 218//296
f 1894//2069 218//296 1891//2067
f 1895//297 1894//2069 1896//241
f 1895//297 1896//241 1897//240
f 1895//297 1897//240 1898//295
f 114//163 130//189 126//168
f 114//163 126//168 116//164
