# RR_thigh.dae material 灰色硅胶_009-effect; written by tools/champ_mesh_assets.py
# rgba 0.650005 0.68 0.650005 1
v 0.030793 0.014332 0.056229
v 0.033444 0.002125 0.060652
v 0.033167 0.014337 0.054871
v 0.018180 0.014304 0.061441
v 0.017668 0.013491 0.059688
v 0.012876 0.014294 0.062754
v 0.014142 0.002084 0.067744
v 0.002018 0.014274 0.064004
v -0.006167 0.014261 0.063721
v 0.001966 0.013464 0.062177
v -0.005986 0.013451 0.061902
v 0.012515 0.013482 0.060962
v 0.013749 0.001668 0.065826
v 0.032476 0.001735 0.058945
v 0.013686 0.001668 0.065839
v -0.006204 0.001624 0.066912
v 0.013738 -0.009107 0.065990
v 0.032577 -0.009068 0.059083
v 0.012878 -0.018965 0.061705
v -0.006299 -0.009142 0.067055
v -0.025764 -0.009167 0.062182
v -0.005865 -0.018993 0.062703
v -0.006301 0.001624 0.066903
v -0.025601 0.001608 0.062089
v -0.023945 0.013425 0.057360
v -0.025717 0.001608 0.062041
v -0.042731 0.001615 0.051779
v -0.039779 0.013407 0.047737
v -0.042844 0.001615 0.051685
v -0.042937 -0.009182 0.051803
v -0.050007 0.001628 0.044780
v -0.056073 0.001651 0.036895
v -0.054250 0.007346 0.035547
v -0.061795 0.001680 0.023952
v -0.056418 -0.007898 0.037006
v -0.062217 -0.007623 0.023596
v -0.056227 -0.009185 0.036947
v -0.054894 -0.013810 0.036557
v -0.058281 -0.013756 0.030054
v -0.051827 -0.019031 0.035643
v -0.051813 -0.019044 0.035648
v -0.040136 -0.019030 0.048435
v -0.055190 -0.019028 0.029464
v -0.056833 -0.019011 0.025107
v -0.057559 -0.018997 0.022728
v -0.056824 -0.019023 0.025105
v -0.056812 -0.019039 0.025100
v -0.056776 -0.019082 0.025088
v -0.051796 -0.019060 0.035650
v -0.051752 -0.019102 0.035649
v -0.051636 -0.019220 0.035629
v -0.056673 -0.019199 0.025052
v -0.051360 -0.019477 0.035568
v -0.056414 -0.019465 0.024968
v -0.051055 -0.019729 0.035499
v -0.056129 -0.019726 0.024881
v -0.050903 -0.019841 0.035470
v -0.055989 -0.019843 0.024840
v -0.050837 -0.019883 0.035463
v -0.050809 -0.019899 0.035464
v -0.055928 -0.019891 0.024824
v -0.055899 -0.019911 0.024817
v -0.055885 -0.019921 0.024814
v -0.055879 -0.019926 0.024813
v -0.050797 -0.019906 0.035465
v -0.050791 -0.019908 0.035466
v -0.050786 -0.019909 0.035467
v -0.045068 -0.019911 0.042491
v -0.036482 -0.027748 0.031049
v -0.055872 -0.019931 0.024811
v -0.058484 -0.019969 0.013295
v -0.059114 -0.019983 0.008259
v -0.059524 -0.018938 0.013679
v -0.060257 -0.018907 0.008164
v -0.063675 -0.013433 0.008946
v -0.060779 -0.018869 0.001978
v -0.061092 -0.018814 -0.006777
v -0.059620 -0.019997 0.001547
v -0.059807 -0.020010 -0.010249
v -0.059560 -0.019996 -0.018403
v -0.061106 -0.018796 -0.009795
v -0.060781 -0.018745 -0.021570
v -0.060241 -0.016623 -0.049843
v -0.060167 -0.019311 -0.021773
v -0.064856 -0.013165 -0.020196
v -0.064896 -0.013081 -0.020182
v -0.064866 -0.013233 -0.005599
v -0.066510 -0.006656 -0.005090
v -0.066510 -0.006656 -0.005073
v -0.066659 -0.006463 -0.019604
v -0.066552 0.001910 -0.019546
v -0.066370 -0.006361 -0.026198
v -0.066171 -0.006248 -0.029969
v -0.066170 -0.006248 -0.029972
v -0.066170 -0.006248 -0.029973
v -0.066170 -0.006248 -0.029977
v -0.066170 -0.006248 -0.029986
v -0.066169 -0.006247 -0.030002
v -0.066167 -0.006246 -0.030036
v -0.066163 -0.006244 -0.030107
v -0.066155 -0.006239 -0.030259
v -0.066135 -0.006227 -0.030606
v -0.066087 -0.006198 -0.031469
v -0.065947 -0.006112 -0.033875
v -0.065003 -0.005581 -0.048162
v -0.064468 -0.005359 -0.055215
v -0.063928 -0.010759 -0.048581
v -0.064831 0.001733 -0.047895
v -0.064422 0.003220 -0.047868
v -0.062662 0.001834 -0.076281
v -0.065773 0.001827 -0.034430
v -0.065775 0.002099 -0.033613
v -0.065760 0.000969 -0.036145
v -0.067753 0.002079 -0.034560
v -0.067746 0.001168 -0.036272
v -0.067721 0.002543 -0.033740
v -0.066792 0.002098 -0.048042
v -0.066303 0.003886 -0.048009
v -0.064634 0.002137 -0.076411
v -0.066992 -0.005726 -0.048316
v -0.066462 -0.005496 -0.055312
v -0.065784 -0.011487 -0.048748
v -0.067935 -0.006296 -0.033999
v -0.068074 -0.006388 -0.031589
v -0.068122 -0.006420 -0.030723
v -0.068142 -0.006432 -0.030376
v -0.068150 -0.006438 -0.030223
v -0.068154 -0.006440 -0.030152
v -0.068156 -0.006441 -0.030118
v -0.068157 -0.006442 -0.030101
v -0.068157 -0.006442 -0.030093
v -0.068158 -0.006442 -0.030089
v -0.068158 -0.006442 -0.030088
v -0.068158 -0.006442 -0.030085
v -0.068357 -0.006563 -0.026303
v -0.068647 -0.006671 -0.019673
v -0.068546 0.002059 -0.019604
v -0.068491 -0.006856 -0.004850
v -0.066685 -0.013974 -0.020265
v -0.066664 -0.014018 -0.020272
v -0.062175 -0.020177 -0.021643
v -0.066683 -0.014056 -0.005390
v -0.062537 -0.020197 -0.006617
v -0.065461 -0.014232 0.009439
v -0.061733 -0.020215 0.008593
v -0.062419 -0.014441 0.023992
v -0.067161 -0.007352 0.009908
v -0.064076 -0.007864 0.024304
v -0.067170 -0.007349 0.009836
v -0.066852 0.002022 0.010275
v -0.068491 -0.006856 -0.004843
v -0.068262 0.002039 -0.004691
v -0.068266 0.002039 -0.004761
v -0.066888 0.002022 0.010010
v -0.064875 0.008183 0.009272
v -0.066057 0.008202 -0.005163
v -0.062575 0.014218 0.008402
v -0.059623 0.014210 0.022036
v -0.062596 0.014218 0.008241
v -0.060752 0.013481 0.008005
v -0.063545 0.014242 -0.005665
v -0.063547 0.014243 -0.005781
v -0.061702 0.013471 -0.005818
v -0.063490 0.014074 -0.019776
v -0.061667 0.013252 -0.019721
v -0.064999 0.009866 -0.028702
v -0.065432 0.009770 -0.019682
v -0.067511 0.003863 -0.031249
v -0.063610 0.008949 -0.019628
v -0.065195 0.010366 -0.018506
v -0.065044 0.010766 -0.017255
v -0.063372 0.009546 -0.018460
v -0.063219 0.009947 -0.017218
v -0.063278 0.009844 -0.016566
v -0.065103 0.010661 -0.016598
v -0.063423 0.009540 -0.015997
v -0.065249 0.010356 -0.016023
v -0.063884 0.008526 -0.015301
v -0.065711 0.009341 -0.015319
v -0.064386 0.007401 -0.015297
v -0.064421 0.007321 -0.015322
v -0.064222 0.007426 -0.005391
v -0.063068 0.007443 0.008765
v -0.065485 0.004396 -0.005157
v -0.061703 0.013471 -0.005854
v -0.064225 0.004412 0.009196
v -0.065676 0.004373 -0.019529
v -0.065991 0.003045 -0.005091
v -0.066176 0.002372 -0.005062
v -0.064688 0.003061 0.009350
v -0.066227 0.003019 -0.019540
v -0.066171 0.003181 -0.019538
v -0.066238 0.002986 -0.019540
v -0.066298 0.002802 -0.019542
v -0.066120 0.003003 -0.022777
v -0.066163 0.002817 -0.023174
v -0.066075 0.003185 -0.022356
v -0.067959 0.003851 -0.022428
v -0.065615 0.004507 -0.019533
v -0.065373 0.005108 -0.018369
v -0.067436 0.005333 -0.019585
v -0.068056 0.003847 -0.019593
v -0.067196 0.005928 -0.018408
v -0.066949 0.006524 -0.017231
v -0.066688 0.007137 -0.016070
v -0.065125 0.005704 -0.017205
v -0.064862 0.006320 -0.016053
v -0.064665 0.006770 -0.015604
v -0.066491 0.007585 -0.015618
v -0.066248 0.008136 -0.015335
v -0.066211 0.008219 -0.015310
v -0.068162 0.002981 -0.024075
v -0.066235 0.002455 -0.023987
v -0.068189 0.002828 -0.024363
v -0.066253 0.002334 -0.024273
v -0.068196 0.002784 -0.024446
v -0.066258 0.002299 -0.024355
v -0.068200 0.002763 -0.024488
v -0.066263 0.002273 -0.024396
v -0.068234 0.002553 -0.024905
v -0.066298 0.002058 -0.024809
v -0.068285 0.002067 -0.025703
v -0.066295 0.001898 -0.025599
v -0.068268 0.001191 -0.027425
v -0.066277 0.001029 -0.027318
v -0.068242 0.000311 -0.029148
v -0.066250 0.000169 -0.029039
v -0.068202 -0.000572 -0.030873
v -0.066208 -0.000683 -0.030759
v -0.068142 -0.001458 -0.032599
v -0.068059 -0.002339 -0.034327
v -0.066147 -0.001530 -0.032480
v -0.066063 -0.002368 -0.034202
v -0.066005 -0.002508 -0.035145
v -0.068001 -0.002488 -0.035272
v -0.065944 -0.002211 -0.036047
v -0.067940 -0.002177 -0.036175
v -0.065885 -0.001535 -0.036709
v -0.065830 -0.000643 -0.036969
v -0.067880 -0.001470 -0.036837
v -0.067823 -0.000535 -0.037096
v -0.067773 0.000418 -0.036893
v -0.065783 0.000263 -0.036767
v -0.066298 0.001895 -0.025552
v -0.066299 0.001894 -0.025529
v -0.066554 0.001899 -0.019547
v -0.066554 0.001897 -0.019547
v -0.066553 0.001904 -0.019546
v -0.066286 0.001858 -0.005034
v -0.066552 0.001908 -0.019546
v -0.066286 0.001857 -0.005033
v -0.066286 0.001855 -0.005033
v -0.066281 0.001855 -0.004942
v -0.064961 0.001742 0.009475
v -0.064928 0.001740 0.009725
v -0.061894 0.001682 0.023649
v -0.065236 -0.007119 0.009302
v -0.065225 -0.007122 0.009386
v -0.062246 -0.007620 0.023501
v -0.060079 0.007413 0.022632
v -0.057884 0.013454 0.021397
v -0.057861 0.013454 0.021470
v -0.052092 0.013399 0.033871
v -0.041792 0.013405 0.045982
v -0.053621 0.014220 0.034865
v -0.059585 0.014210 0.022156
v -0.043022 0.014221 0.047333
v -0.055774 0.008170 0.036547
v -0.061773 0.008173 0.023403
v -0.057718 0.002004 0.037976
v -0.063594 0.002011 0.024793
v -0.058086 -0.008142 0.038082
v -0.044098 0.002007 0.053195
v -0.044181 -0.009651 0.053302
v -0.043980 0.002007 0.053292
v -0.040950 0.014222 0.049139
v -0.026470 0.002022 0.063848
v -0.026350 0.002022 0.063898
v -0.026513 -0.009636 0.063981
v -0.006485 -0.009609 0.068994
v -0.024683 -0.020227 0.059615
v -0.040189 -0.020237 0.050446
v -0.023762 -0.020227 0.059989
v -0.023223 -0.021569 0.058639
v -0.006016 -0.020198 0.064293
v -0.005274 -0.020197 0.064360
v -0.005150 -0.021537 0.062917
v 0.013201 -0.020173 0.063268
v 0.013687 -0.020172 0.063167
v 0.014130 -0.009574 0.067899
v 0.014079 0.002084 0.067757
v 0.033514 -0.009533 0.060792
v 0.033417 0.002125 0.060666
v 0.049951 -0.009490 0.048301
v 0.031272 -0.020128 0.056649
v 0.031489 -0.020127 0.056530
v 0.030794 -0.021465 0.055264
v 0.046594 -0.020085 0.045003
v 0.056513 -0.020055 0.031781
v 0.045561 -0.021429 0.043995
v 0.037408 -0.021451 0.051055
v 0.035429 -0.029390 0.034110
v 0.055182 -0.021398 0.031197
v 0.044314 -0.028610 0.024985
v 0.055257 -0.021398 0.031066
v 0.061285 -0.021376 0.016397
v 0.061363 -0.021376 0.016106
v 0.050170 -0.028105 0.013374
v 0.048568 -0.029113 0.011048
v 0.050399 -0.027908 0.014035
v 0.050383 -0.027357 0.017681
v 0.049536 -0.026120 0.013794
v 0.049514 -0.025581 0.017375
v 0.049314 -0.026312 0.013144
v 0.047755 -0.027296 0.010862
v 0.060218 -0.019708 0.016110
v 0.060295 -0.019708 0.015825
v 0.054295 -0.019731 0.030524
v 0.054222 -0.019732 0.030652
v 0.054741 -0.019311 0.030778
v 0.045134 -0.019342 0.043585
v 0.055122 -0.018851 0.030995
v 0.045446 -0.018883 0.043890
v 0.055358 -0.018850 0.030576
v 0.059151 -0.008990 0.032710
v 0.061216 -0.018827 0.016071
v 0.061456 -0.018826 0.015138
v 0.065673 -0.008958 0.016207
v 0.063337 -0.018804 0.000090
v 0.063337 -0.018804 0.000090
v 0.061636 -0.018781 -0.011302
v 0.066167 -0.014038 -0.000797
v 0.064506 -0.014010 -0.011639
v 0.066434 -0.013402 -0.000893
v 0.067074 -0.011537 -0.001100
v 0.067672 -0.008933 -0.001290
v 0.067868 -0.007548 -0.001353
v 0.067855 -0.000759 -0.001355
v 0.067360 -0.007491 -0.006474
v 0.066748 -0.009946 -0.007633
v 0.067655 -0.004169 -0.005787
v 0.067608 -0.004183 -0.006011
v 0.067461 -0.000715 -0.005919
v 0.067004 0.001931 -0.006569
v 0.067474 0.001906 -0.001247
v 0.066967 0.001863 -0.006772
v 0.066269 0.003873 -0.007641
v 0.066221 0.003798 -0.007937
v 0.066028 0.004310 -0.007975
v 0.064478 0.006888 -0.010290
v 0.066582 0.004268 -0.003796
v 0.066891 0.003609 -0.003373
v 0.065596 0.006349 -0.004340
v 0.064812 0.008160 -0.003919
v 0.065810 0.006402 -0.002760
v 0.065742 0.006387 -0.001191
v 0.064205 0.009656 -0.002720
v 0.067121 0.003062 -0.002775
v 0.067406 0.002235 -0.001263
v 0.067222 0.002928 -0.001365
v 0.066981 0.003612 -0.001275
v 0.066703 0.004276 -0.001189
v 0.064727 0.004245 0.016017
v 0.065474 0.001882 0.016200
v 0.064707 0.004245 0.016097
v 0.060550 0.013608 0.015157
v 0.058296 0.004213 0.032276
v 0.058276 0.004213 0.032312
v 0.058970 0.001850 0.032646
v 0.058975 0.001850 0.032635
v 0.048407 0.001814 0.046831
v 0.047855 0.004181 0.046298
v 0.048554 -0.009025 0.046942
v 0.032504 0.001735 0.058929
v 0.029923 0.013513 0.054625
v 0.032229 0.013518 0.053306
v 0.044701 0.013545 0.043447
v 0.046003 0.014371 0.044721
v 0.054497 0.013578 0.030350
v 0.056085 0.014405 0.031241
v 0.059867 0.005041 0.033202
v 0.062314 0.014436 0.015604
v 0.066474 0.005073 0.016543
v 0.064264 0.014460 -0.001115
v 0.062444 0.013632 -0.001088
v 0.062963 0.014454 -0.012980
v 0.065703 0.011299 -0.001164
v 0.067652 0.007018 -0.001231
v 0.066023 0.010491 -0.002757
v 0.066361 0.009650 -0.003559
v 0.067510 0.006977 -0.002803
v 0.067500 0.006983 -0.003595
v 0.069035 0.003641 -0.002850
v 0.069365 0.002646 -0.001277
v 0.068639 0.004592 -0.003631
v 0.068397 0.005100 -0.003912
v 0.067839 0.005099 -0.008291
v 0.067502 0.006995 -0.004383
v 0.066893 0.008376 -0.004194
v 0.066278 0.007668 -0.010680
v 0.068952 0.002269 -0.006869
v 0.069432 -0.000517 -0.006195
v 0.068790 0.001969 -0.007649
v 0.069442 0.002263 -0.001279
v 0.069844 -0.000548 -0.001404
v 0.067391 0.002237 0.016649
v 0.067363 0.002237 0.016761
v 0.067566 -0.009420 0.016674
v 0.063008 -0.020029 0.015518
v 0.060855 -0.009453 0.033655
v 0.069621 -0.009394 -0.001343
v 0.069845 -0.007859 -0.001411
v 0.067995 -0.014849 -0.000843
v 0.064937 -0.020003 0.000094
v 0.066274 -0.014817 -0.012111
v 0.066313 -0.014770 -0.012044
v 0.065913 -0.015226 -0.012732
v 0.063299 -0.017238 -0.017328
v 0.063221 -0.019993 -0.011544
v 0.063164 -0.019992 -0.011745
v 0.061793 -0.021341 -0.011318
v 0.058897 -0.019986 -0.022755
v 0.060100 -0.018226 -0.023272
v 0.058811 -0.019986 -0.022932
v 0.057479 -0.021334 -0.022530
v 0.052957 -0.019982 -0.033330
v 0.052912 -0.019982 -0.033401
v 0.054720 -0.017546 -0.033951
v 0.054839 -0.017589 -0.033708
v 0.052538 -0.016491 -0.038444
v 0.050491 -0.014878 -0.042727
v 0.052809 -0.016118 -0.038355
v 0.055080 -0.017209 -0.033705
v 0.050640 -0.014382 -0.042843
v 0.053060 -0.015794 -0.038159
v 0.050925 -0.014125 -0.042532
v 0.053283 -0.015490 -0.037922
v 0.055284 -0.016848 -0.033630
v 0.055455 -0.016495 -0.033523
v 0.057572 -0.017412 -0.029042
v 0.057569 -0.017420 -0.029042
v 0.057682 -0.017038 -0.029070
v 0.057764 -0.016654 -0.029083
v 0.055599 -0.016133 -0.033400
v 0.057765 -0.016643 -0.029083
v 0.057817 -0.016241 -0.029079
v 0.060489 -0.016703 -0.023741
v 0.063270 -0.015893 -0.018484
v 0.060432 -0.015856 -0.023929
v 0.060452 -0.017462 -0.023402
v 0.063399 -0.016545 -0.017886
v 0.060213 -0.018211 -0.023058
v 0.066253 -0.014229 -0.012781
v 0.068512 -0.010023 -0.008768
v 0.065983 -0.013790 -0.013553
v 0.068183 -0.009861 -0.009583
v 0.065659 -0.013170 -0.014145
v 0.067771 -0.009530 -0.010305
v 0.063079 -0.015108 -0.018885
v 0.068691 -0.004273 -0.008432
v 0.069116 -0.004261 -0.007677
v 0.068139 0.001340 -0.009078
v 0.065965 0.006158 -0.012644
v 0.068519 0.001662 -0.008377
v 0.068665 0.001816 -0.008018
v 0.066250 0.006945 -0.011720
v 0.063418 0.010342 -0.016957
v 0.060512 0.012746 -0.022685
v 0.063197 0.009271 -0.017611
v 0.063412 0.011368 -0.016198
v 0.064907 0.009597 -0.013214
v 0.061653 0.013058 -0.019752
v 0.061268 0.013366 -0.020526
v 0.061262 0.013371 -0.020538
v 0.061261 0.013372 -0.020541
v 0.061261 0.013372 -0.020541
v 0.061261 0.013372 -0.020541
v 0.061261 0.013372 -0.020541
v 0.061261 0.013372 -0.020541
v 0.061261 0.013372 -0.020541
v 0.061261 0.013372 -0.020541
v 0.061261 0.013372 -0.020541
v 0.061261 0.013372 -0.020541
v 0.061261 0.013372 -0.020541
v 0.061261 0.013372 -0.020541
v 0.061260 0.013372 -0.020541
v 0.061259 0.013373 -0.020544
v 0.061256 0.013375 -0.020551
v 0.061247 0.013382 -0.020568
v 0.061223 0.013400 -0.020617
v 0.061143 0.013460 -0.020777
v 0.060413 0.013945 -0.022259
v 0.059371 0.014433 -0.024378
v 0.057327 0.014392 -0.028728
v 0.057628 0.013797 -0.023630
v 0.062963 0.014454 -0.012983
v 0.061148 0.013704 -0.012602
v 0.061144 0.013704 -0.012624
v 0.063087 0.008875 -0.012802
v 0.063453 0.008381 -0.012115
v 0.062789 0.009263 -0.013371
v 0.062811 0.008983 -0.013636
v 0.060849 0.011464 -0.017208
v 0.059867 0.012388 -0.019150
v 0.059643 0.012578 -0.019593
v 0.059531 0.012669 -0.019816
v 0.059502 0.012691 -0.019871
v 0.059488 0.012702 -0.019899
v 0.059483 0.012707 -0.019911
v 0.059483 0.012707 -0.019911
v 0.059483 0.012707 -0.019911
v 0.059483 0.012707 -0.019911
v 0.059483 0.012707 -0.019911
v 0.059483 0.012707 -0.019911
v 0.059483 0.012707 -0.019911
v 0.059483 0.012707 -0.019911
v 0.059483 0.012707 -0.019911
v 0.059483 0.012707 -0.019911
v 0.059482 0.012707 -0.019911
v 0.059482 0.012707 -0.019912
v 0.059474 0.012714 -0.019928
v 0.059284 0.012861 -0.020307
v 0.059326 0.012082 -0.020631
v 0.059293 0.011604 -0.020809
v 0.062770 0.008652 -0.014007
v 0.062686 0.008356 -0.014335
v 0.066098 0.003693 -0.008372
v 0.066089 0.003686 -0.008398
v 0.066807 0.001654 -0.007292
v 0.065937 0.003577 -0.008780
v 0.065868 0.003524 -0.008924
v 0.062648 0.008259 -0.014438
v 0.065854 0.003513 -0.008950
v 0.062641 0.008243 -0.014455
v 0.065841 0.003501 -0.008972
v 0.065835 0.003496 -0.008982
v 0.062635 0.008231 -0.014467
v 0.059255 0.011331 -0.020898
v 0.062632 0.008226 -0.014471
v 0.062631 0.008224 -0.014473
v 0.065833 0.003493 -0.008986
v 0.062630 0.008222 -0.014474
v 0.059249 0.011298 -0.020907
v 0.062629 0.008221 -0.014475
v 0.065830 0.003491 -0.008990
v 0.065828 0.003488 -0.008993
v 0.065827 0.003487 -0.008995
v 0.062629 0.008220 -0.014476
v 0.065826 0.003486 -0.008996
v 0.062628 0.008220 -0.014476
v 0.065824 0.003485 -0.008998
v 0.065823 0.003484 -0.008999
v 0.062628 0.008219 -0.014476
v 0.062628 0.008219 -0.014477
v 0.062627 0.008219 -0.014477
v 0.062627 0.008218 -0.014477
v 0.065822 0.003482 -0.009001
v 0.065821 0.003481 -0.009002
v 0.066481 0.001351 -0.007959
v 0.067044 -0.004362 -0.007302
v 0.066587 0.001435 -0.007782
v 0.066684 0.001525 -0.007587
v 0.067165 -0.004357 -0.007104
v 0.066207 -0.009826 -0.009051
v 0.067276 -0.004329 -0.006890
v 0.067375 -0.004293 -0.006675
v 0.066326 -0.009860 -0.008826
v 0.066435 -0.009872 -0.008596
v 0.064109 -0.013660 -0.012837
v 0.064212 -0.013731 -0.012611
v 0.061420 -0.015630 -0.017748
v 0.064001 -0.013561 -0.013049
v 0.063901 -0.013391 -0.013209
v 0.061347 -0.015484 -0.017910
v 0.058661 -0.016191 -0.023019
v 0.061286 -0.015297 -0.018012
v 0.058635 -0.016019 -0.023064
v 0.056043 -0.015947 -0.028163
v 0.055759 0.012312 -0.027884
v 0.053979 -0.015455 -0.032264
v 0.056041 -0.016082 -0.028172
v 0.056039 -0.016110 -0.028173
v 0.053955 -0.015603 -0.032317
v 0.051901 -0.014737 -0.036427
v 0.053903 -0.015755 -0.032396
v 0.053837 -0.015898 -0.032479
v 0.051816 -0.014876 -0.036579
v 0.056025 -0.016239 -0.028176
v 0.056019 -0.016285 -0.028177
v 0.058688 -0.016361 -0.022932
v 0.056000 -0.016395 -0.028175
v 0.055988 -0.016455 -0.028174
v 0.058710 -0.016522 -0.022832
v 0.055966 -0.016547 -0.028170
v 0.055947 -0.016620 -0.028166
v 0.053764 -0.016035 -0.032559
v 0.051607 -0.015097 -0.036900
v 0.053682 -0.016167 -0.032635
v 0.053595 -0.016293 -0.032703
v 0.051492 -0.015197 -0.037056
v 0.055925 -0.016693 -0.028161
v 0.055897 -0.016778 -0.028153
v 0.058726 -0.016826 -0.022612
v 0.055878 -0.016832 -0.028148
v 0.055839 -0.016925 -0.028136
v 0.058716 -0.016969 -0.022501
v 0.055824 -0.016957 -0.028131
v 0.053506 -0.016412 -0.032761
v 0.055779 -0.017040 -0.028115
v 0.058492 -0.017114 -0.022783
v 0.053431 -0.016506 -0.032788
v 0.053205 -0.016432 -0.033239
v 0.051565 -0.018680 -0.032689
v 0.051126 -0.015527 -0.037405
v 0.051177 -0.015468 -0.037385
v 0.049019 -0.014067 -0.041643
v 0.048902 -0.013963 -0.041879
v 0.047827 -0.014073 -0.043235
v 0.040372 -0.014098 -0.052309
v 0.044722 -0.018651 -0.042423
v 0.044743 -0.018652 -0.042396
v 0.037198 -0.018639 -0.051478
v 0.035898 -0.019850 -0.051134
v 0.040260 -0.014330 -0.052281
v 0.021377 -0.012596 -0.077278
v 0.017838 -0.017955 -0.076776
v 0.022173 -0.006674 -0.077118
v 0.008699 -0.010790 -0.106021
v 0.002358 -0.009008 -0.136445
v 0.009045 -0.005783 -0.105810
v 0.006194 -0.015425 -0.105731
v 0.000036 -0.013153 -0.136160
v 0.002039 -0.018820 -0.105060
v -0.003656 -0.016259 -0.135650
v 0.012409 -0.021780 -0.075706
v -0.002649 -0.021000 -0.104238
v -0.007891 -0.022372 -0.103263
v 0.006562 -0.024348 -0.074435
v 0.000270 -0.026019 -0.072982
v 0.010257 -0.029287 -0.048446
v -0.012196 -0.027539 -0.069959
v -0.018358 -0.023669 -0.101212
v -0.024652 -0.027611 -0.066793
v -0.003077 -0.031633 -0.039528
v -0.015595 -0.031806 -0.035700
v -0.002590 -0.031608 -0.039676
v 0.002502 -0.031238 -0.041229
v -0.001682 -0.031983 -0.036899
v -0.011097 -0.032999 -0.027172
v -0.011189 -0.034985 -0.027392
v -0.016017 -0.033227 -0.022090
v -0.019071 -0.031967 -0.032102
v -0.024747 -0.033040 -0.013058
v -0.025027 -0.035016 -0.013192
v -0.030449 -0.032410 -0.007148
v -0.033377 -0.031235 -0.017254
v -0.038231 -0.030696 0.000928
v -0.038669 -0.030564 0.001383
v -0.038801 -0.032614 0.000928
v -0.031037 -0.034340 -0.007029
v -0.039412 -0.032428 0.001554
v -0.045387 -0.030128 0.007675
v -0.046537 -0.029816 0.003859
v -0.054160 -0.025657 -0.024116
v -0.054459 -0.025708 0.006478
v -0.060327 -0.021560 0.008496
v -0.060860 -0.021527 -0.018161
v -0.061100 -0.021537 -0.010148
v -0.060652 -0.021521 -0.022112
v -0.062082 -0.020266 -0.021672
v -0.055800 -0.024780 -0.023609
v -0.056208 -0.021662 -0.058472
v -0.055545 -0.024922 -0.023688
v -0.055418 -0.024992 -0.023727
v -0.055354 -0.025027 -0.023747
v -0.055338 -0.025036 -0.023752
v -0.055330 -0.025040 -0.023754
v -0.055328 -0.025042 -0.023755
v -0.055328 -0.025042 -0.023755
v -0.055328 -0.025042 -0.023755
v -0.055328 -0.025042 -0.023755
v -0.055328 -0.025042 -0.023755
v -0.055328 -0.025042 -0.023755
v -0.055328 -0.025042 -0.023755
v -0.055328 -0.025042 -0.023755
v -0.055328 -0.025042 -0.023755
v -0.055328 -0.025042 -0.023755
v -0.055327 -0.025042 -0.023755
v -0.055327 -0.025042 -0.023755
v -0.055326 -0.025043 -0.023756
v -0.055323 -0.025044 -0.023756
v -0.055144 -0.025141 -0.023812
v -0.050388 -0.024670 -0.060123
v -0.061348 -0.017515 -0.056961
v -0.055728 -0.018695 -0.093057
v -0.050858 -0.021469 -0.094253
v -0.059894 -0.014885 -0.091966
v -0.062719 -0.010025 -0.091161
v -0.058513 -0.012589 -0.126857
v -0.051063 -0.018752 -0.128284
v -0.057060 -0.011022 -0.161871
v -0.060659 -0.008257 -0.126378
v -0.061387 -0.003377 -0.126147
v -0.060952 -0.003204 -0.133269
v -0.062796 -0.003950 -0.104939
v -0.063802 -0.004369 -0.090753
v -0.062544 0.002177 -0.104788
v -0.062544 0.002177 -0.104784
v -0.060759 0.002216 -0.133176
v -0.060645 0.006435 -0.133167
v -0.060758 0.002216 -0.133179
v -0.059758 0.002254 -0.161609
v -0.059908 0.006434 -0.161598
v -0.059580 -0.002678 -0.161631
v -0.059349 -0.002662 -0.173662
v -0.057800 -0.009690 -0.161802
v -0.057364 -0.009408 -0.187827
v -0.053017 -0.014858 -0.187858
v -0.056932 -0.009128 -0.213880
v -0.059073 -0.002733 -0.187809
v -0.059209 -0.002742 -0.180731
v -0.058942 -0.002635 -0.194822
v -0.058573 -0.002610 -0.213987
v -0.058941 -0.002373 -0.195368
v -0.058950 -0.001849 -0.195892
v -0.058973 -0.001054 -0.196212
v -0.059006 -0.000142 -0.196154
v -0.059043 0.000646 -0.195700
v -0.059073 0.001109 -0.195046
v -0.059106 0.001277 -0.193655
v -0.059166 0.001273 -0.190516
v -0.059226 0.001269 -0.187377
v -0.059286 0.001265 -0.184238
v -0.059347 0.001261 -0.181099
v -0.059407 0.001257 -0.177960
v -0.059467 0.001253 -0.174821
v -0.059488 0.001000 -0.173269
v -0.059483 0.000550 -0.172718
v -0.059464 -0.000173 -0.172325
v -0.059435 -0.001020 -0.172259
v -0.059401 -0.001809 -0.172545
v -0.059371 -0.002369 -0.173069
v -0.058069 -0.002576 -0.240161
v -0.057753 -0.005431 -0.251210
v -0.058399 0.006536 -0.240205
v -0.056500 -0.008848 -0.239931
v -0.056289 -0.009265 -0.239899
v -0.056037 -0.011848 -0.250386
v -0.052509 -0.013935 -0.239326
v -0.052763 -0.014396 -0.213594
v -0.052462 -0.013974 -0.239319
v -0.052196 -0.016352 -0.249174
v -0.046772 -0.016922 -0.238451
v -0.046778 -0.017320 -0.219544
v -0.046724 -0.017968 -0.244966
v -0.027557 -0.019448 -0.235151
v -0.027519 -0.019448 -0.235145
v -0.027604 -0.020336 -0.240332
v -0.027620 -0.022659 -0.245750
v -0.008526 -0.017889 -0.235583
v -0.008820 -0.019993 -0.238769
v -0.008525 -0.017884 -0.235575
v -0.008364 -0.017120 -0.233684
v -0.004339 -0.016160 -0.234738
v -0.004115 -0.015267 -0.232950
v -0.004784 -0.018522 -0.237706
v -0.003182 -0.015389 -0.234533
v -0.003192 -0.015977 -0.235441
v -0.003162 -0.015311 -0.234419
v -0.002883 -0.014619 -0.233386
v -0.004141 -0.013790 -0.235272
v -0.004071 -0.013445 -0.234705
v -0.004072 -0.014509 -0.236475
v -0.003661 -0.015219 -0.237704
v -0.002991 -0.015857 -0.238855
v -0.005313 -0.016375 -0.238151
v -0.008785 -0.017734 -0.239090
v -0.005207 -0.014243 -0.234957
v -0.005437 -0.018938 -0.240951
v -0.008822 -0.020103 -0.242051
v -0.002525 -0.016748 -0.240022
v -0.005541 -0.021618 -0.243636
v -0.008847 -0.022584 -0.244898
v -0.005592 -0.024220 -0.246446
v -0.002664 -0.019633 -0.242569
v -0.002733 -0.022411 -0.245228
v -0.000843 -0.017400 -0.241923
v -0.001559 -0.016874 -0.240826
v -0.000503 -0.017689 -0.242547
v -0.000519 -0.019678 -0.244341
v 0.000116 -0.018356 -0.244081
v 0.000392 -0.018760 -0.245127
v 0.000671 -0.019256 -0.246759
v 0.002173 -0.019418 -0.244500
v 0.002053 -0.019337 -0.244097
v 0.002670 -0.019814 -0.247014
v 0.001264 -0.023298 -0.247236
v 0.002962 -0.020034 -0.250105
v 0.001705 -0.023753 -0.250645
v 0.000995 -0.019697 -0.250238
v 0.005985 -0.021245 -0.278880
v 0.004535 -0.024490 -0.279121
v 0.005992 -0.021247 -0.278929
v 0.008454 -0.021843 -0.293111
v 0.004093 -0.020701 -0.279238
v 0.004086 -0.020699 -0.279189
v 0.006603 -0.021193 -0.293502
v 0.010212 -0.020317 -0.307656
v 0.012091 -0.020796 -0.307164
v 0.010213 -0.020317 -0.307658
v 0.008942 -0.023357 -0.307996
v 0.019156 -0.018643 -0.335351
v 0.017677 -0.023306 -0.335901
v 0.021029 -0.018797 -0.334667
v 0.021765 -0.018629 -0.342485
v 0.023638 -0.018784 -0.341800
v 0.020287 -0.023293 -0.343035
v 0.023066 -0.018619 -0.348561
v 0.021496 -0.023284 -0.348679
v 0.022968 -0.018614 -0.352769
v 0.024948 -0.018767 -0.353003
v 0.022626 -0.018612 -0.354831
v 0.020368 -0.018608 -0.360888
v 0.021087 -0.023278 -0.354505
v 0.017557 -0.026627 -0.353751
v 0.018989 -0.023274 -0.360133
v 0.015652 -0.023274 -0.364637
v 0.013070 -0.026623 -0.362116
v 0.011247 -0.023276 -0.368072
v 0.016776 -0.018608 -0.365736
v 0.012036 -0.018611 -0.369434
v 0.019400 -0.018608 -0.362489
v 0.021061 -0.018760 -0.363591
v 0.022116 -0.018761 -0.361847
v 0.018204 -0.018760 -0.367128
v 0.016855 -0.024359 -0.365809
v 0.013039 -0.018764 -0.371156
v 0.012093 -0.024362 -0.369522
v 0.012814 -0.018764 -0.371286
v 0.011829 -0.018611 -0.369552
v 0.006482 -0.018771 -0.373785
v 0.006048 -0.024369 -0.371947
v 0.001981 -0.018778 -0.374428
v 0.001885 -0.018624 -0.372437
v -0.000310 -0.018782 -0.374430
v -0.000213 -0.024379 -0.372542
v -0.006985 -0.018794 -0.373173
v -0.006367 -0.024390 -0.371382
v -0.009104 -0.018799 -0.372343
v -0.013272 -0.018809 -0.369963
v -0.008291 -0.018643 -0.370523
v -0.006346 -0.018639 -0.371285
v -0.012117 -0.018652 -0.368338
v -0.011193 -0.023315 -0.367054
v -0.016507 -0.018665 -0.364222
v -0.018054 -0.018822 -0.365480
v -0.015271 -0.023326 -0.363230
v -0.032397 -0.018715 -0.344670
v -0.031281 -0.023131 -0.343775
v -0.033944 -0.018873 -0.345928
v -0.033063 -0.018718 -0.343842
v -0.034624 -0.018875 -0.345083
v -0.033139 -0.019269 -0.343652
v -0.033322 -0.019724 -0.343302
v -0.034692 -0.019536 -0.344883
v -0.034869 -0.020083 -0.344518
v -0.035247 -0.020628 -0.343851
v -0.035760 -0.020847 -0.343096
v -0.033706 -0.020178 -0.342658
v -0.034215 -0.020361 -0.341922
v -0.035307 -0.020367 -0.340456
v -0.036371 -0.020370 -0.338970
v -0.036873 -0.020852 -0.341601
v -0.037958 -0.020856 -0.340086
v -0.039015 -0.020860 -0.338551
v -0.040044 -0.020864 -0.336997
v -0.037408 -0.020374 -0.337464
v -0.038417 -0.020377 -0.335940
v -0.039397 -0.020381 -0.334398
v -0.040353 -0.020365 -0.332841
v -0.041043 -0.020867 -0.335424
v -0.042018 -0.020847 -0.333837
v -0.042264 -0.020744 -0.333474
v -0.042441 -0.020600 -0.333240
v -0.040590 -0.020279 -0.332483
v -0.040759 -0.020159 -0.332251
v -0.041146 -0.019699 -0.331772
v -0.042850 -0.020048 -0.332760
v -0.041394 -0.019043 -0.331531
v -0.043117 -0.019261 -0.332523
v -0.041461 -0.018313 -0.331521
v -0.043194 -0.018384 -0.332517
v -0.044279 -0.018324 -0.326256
v -0.041530 -0.017592 -0.331453
v -0.043264 -0.017663 -0.332447
v -0.041723 -0.017029 -0.331154
v -0.043461 -0.017100 -0.332142
v -0.042316 -0.016505 -0.330137
v -0.043590 -0.016254 -0.327776
v -0.044065 -0.016577 -0.331104
v -0.045365 -0.016326 -0.328696
v -0.046598 -0.016273 -0.326240
v -0.047763 -0.016280 -0.323749
v -0.044799 -0.016201 -0.325369
v -0.045941 -0.016208 -0.322927
v -0.047016 -0.016217 -0.320455
v -0.048026 -0.016154 -0.317957
v -0.048860 -0.016289 -0.321228
v -0.049890 -0.016226 -0.318680
v -0.050853 -0.015971 -0.316118
v -0.048971 -0.015898 -0.315446
v -0.050854 -0.015973 -0.316117
v -0.050854 -0.015975 -0.316114
v -0.048971 -0.015901 -0.315445
v -0.048972 -0.015904 -0.315442
v -0.048976 -0.015908 -0.315432
v -0.048981 -0.015910 -0.315415
v -0.050858 -0.015979 -0.316104
v -0.050864 -0.015982 -0.316086
v -0.050870 -0.015984 -0.316069
v -0.050876 -0.015985 -0.316051
v -0.048987 -0.015912 -0.315398
v -0.048993 -0.015913 -0.315381
v -0.048996 -0.015911 -0.315373
v -0.049000 -0.015905 -0.315365
v -0.050879 -0.015986 -0.316043
v -0.050882 -0.015986 -0.316035
v -0.050887 -0.015986 -0.316021
v -0.050891 -0.015986 -0.316011
v -0.049005 -0.015882 -0.315352
v -0.049010 -0.015852 -0.315342
v -0.050836 -0.014406 -0.310028
v -0.051143 -0.015901 -0.308586
v -0.052542 -0.015944 -0.302884
v -0.051056 -0.018358 -0.308567
v -0.051811 -0.018363 -0.305674
v -0.050392 -0.023212 -0.305335
v -0.054646 -0.018395 -0.283942
v -0.055041 -0.007604 -0.283936
v -0.053186 -0.023243 -0.283920
v -0.054718 -0.018400 -0.280235
v -0.055516 0.003467 -0.280222
v -0.055011 -0.015794 -0.269874
v -0.054191 -0.021268 -0.280016
v -0.053270 -0.023249 -0.279550
v -0.054692 -0.018163 -0.269649
v -0.053651 -0.020758 -0.269127
v -0.054040 -0.015696 -0.259714
v -0.049915 -0.024490 -0.267565
v -0.052861 -0.023872 -0.279339
v -0.049658 -0.026764 -0.277655
v -0.049538 -0.026755 -0.283855
v -0.049218 -0.026998 -0.277420
v -0.044806 -0.028041 -0.275041
v -0.044984 -0.027151 -0.269107
v -0.044639 -0.028030 -0.283763
v -0.026629 -0.028024 -0.265152
v -0.008499 -0.028007 -0.255289
v -0.026848 -0.027292 -0.260299
v -0.027029 -0.025482 -0.255536
v -0.008739 -0.027117 -0.251390
v -0.008744 -0.027065 -0.251273
v -0.008835 -0.025001 -0.247874
v -0.005526 -0.026430 -0.249671
v -0.002651 -0.024723 -0.248283
v -0.005231 -0.027409 -0.253520
v -0.003907 -0.026790 -0.252807
v -0.002275 -0.025630 -0.251935
v -0.000685 -0.026750 -0.279977
v 0.005451 -0.026704 -0.308916
v 0.002877 -0.023403 -0.279391
v -0.005393 -0.027969 -0.280746
v 0.000836 -0.027922 -0.310125
v 0.009809 -0.027870 -0.338787
v 0.014288 -0.026652 -0.337147
v 0.010519 -0.027867 -0.340731
v 0.012418 -0.027857 -0.345922
v 0.008351 -0.027868 -0.342840
v 0.010712 -0.027859 -0.346628
v 0.007232 -0.027871 -0.341843
v 0.001718 -0.027883 -0.339699
v 0.007236 -0.029871 -0.341846
v 0.008354 -0.029868 -0.342842
v 0.001722 -0.029883 -0.339701
v -0.004077 -0.029891 -0.340879
v -0.008318 -0.029892 -0.345004
v -0.004080 -0.027891 -0.340876
v -0.008321 -0.027892 -0.345001
v -0.009659 -0.027887 -0.350765
v -0.009655 -0.029887 -0.350767
v -0.007668 -0.027877 -0.356336
v -0.007665 -0.029877 -0.356339
v -0.006703 -0.027874 -0.357482
v -0.008025 -0.027874 -0.358768
v -0.002981 -0.027865 -0.359947
v 0.002914 -0.027854 -0.360451
v -0.002978 -0.029865 -0.359950
v -0.006699 -0.029874 -0.357484
v 0.002917 -0.029854 -0.360453
v 0.008148 -0.029849 -0.357690
v 0.008145 -0.027849 -0.357688
v 0.011056 -0.029851 -0.352537
v 0.010715 -0.029859 -0.346631
v 0.011052 -0.027851 -0.352534
v -0.008022 -0.029874 -0.358770
v -0.003131 -0.029862 -0.361856
v -0.008752 -0.029877 -0.357949
v -0.024642 -0.029928 -0.338397
v -0.013199 -0.028425 -0.361559
v -0.016572 -0.024416 -0.364290
v -0.029088 -0.028476 -0.342007
v -0.009643 -0.028415 -0.364891
v -0.004969 -0.028404 -0.367278
v -0.012163 -0.024404 -0.368423
v -0.000007 -0.028395 -0.368213
v 0.005042 -0.028387 -0.367733
v 0.009917 -0.028382 -0.365778
v 0.003708 -0.029851 -0.362167
v 0.009661 -0.029845 -0.358786
v 0.012897 -0.029848 -0.352753
v 0.013757 -0.028379 -0.362784
v 0.016666 -0.028379 -0.358858
v 0.018494 -0.028382 -0.353952
v 0.020462 -0.024360 -0.360941
v 0.022729 -0.024364 -0.354857
v 0.023170 -0.024371 -0.348560
v 0.024575 -0.018765 -0.355248
v 0.021864 -0.024380 -0.342460
v 0.018850 -0.028388 -0.348874
v 0.025055 -0.018773 -0.348418
v 0.017796 -0.028396 -0.343955
v 0.015187 -0.028410 -0.336821
v 0.012421 -0.029857 -0.345924
v 0.010523 -0.029867 -0.340733
v 0.009812 -0.029870 -0.338790
v 0.000839 -0.029922 -0.310127
v -0.005390 -0.029969 -0.280748
v 0.006377 -0.028460 -0.308676
v 0.000259 -0.028507 -0.279825
v 0.010567 -0.024444 -0.307572
v 0.019255 -0.024394 -0.335326
v 0.012091 -0.020796 -0.307166
v -0.002952 -0.028546 -0.252742
v -0.004449 -0.029250 -0.253427
v -0.000854 -0.027039 -0.251789
v 0.001254 -0.024531 -0.250845
v -0.001517 -0.026494 -0.248071
v -0.001878 -0.024473 -0.244810
v -0.005109 -0.028513 -0.249487
v -0.009042 -0.029197 -0.251259
v -0.005394 -0.026478 -0.246077
v -0.009234 -0.027286 -0.247719
v -0.005359 -0.023912 -0.243137
v -0.009202 -0.024920 -0.244603
v -0.005135 -0.021192 -0.240421
v -0.001890 -0.021768 -0.242029
v 0.000888 -0.018678 -0.241503
v -0.001661 -0.018833 -0.239487
v -0.001505 -0.017517 -0.238376
v -0.000720 -0.017907 -0.239301
v -0.000951 -0.017796 -0.239027
v -0.000699 -0.017917 -0.239326
v -0.000598 -0.017965 -0.239448
v -0.001705 -0.016773 -0.240622
v -0.001918 -0.016627 -0.240330
v -0.001620 -0.016831 -0.240739
v -0.001590 -0.016852 -0.240781
v -0.000561 -0.017982 -0.239492
v -0.001579 -0.016860 -0.240798
v -0.000547 -0.017989 -0.239509
v -0.001576 -0.016862 -0.240801
v -0.000544 -0.017990 -0.239513
v -0.001571 -0.016866 -0.240809
v -0.000537 -0.017993 -0.239521
v -0.000523 -0.018000 -0.239538
v -0.002218 -0.016421 -0.239926
v -0.002280 -0.016378 -0.239843
v -0.002496 -0.016227 -0.239551
v -0.001367 -0.017589 -0.238538
v -0.002146 -0.017151 -0.237586
v -0.002441 -0.016948 -0.237177
v 0.000927 -0.018698 -0.241568
v 0.000983 -0.021358 -0.244156
v -0.009051 -0.022425 -0.241694
v -0.008893 -0.020677 -0.239629
v -0.027555 -0.022659 -0.245729
v -0.027360 -0.027439 -0.255080
v -0.009241 -0.026640 -0.246799
v -0.045682 -0.026864 -0.262926
v -0.027089 -0.029256 -0.259954
v -0.045259 -0.029121 -0.268798
v -0.026622 -0.030024 -0.265153
v -0.009086 -0.028992 -0.250764
v -0.008495 -0.030007 -0.255292
v -0.044803 -0.030041 -0.275043
v -0.044636 -0.030030 -0.283765
v -0.050179 -0.028753 -0.277470
v -0.051088 -0.026189 -0.267464
v -0.050635 -0.028509 -0.277674
v -0.054526 -0.024980 -0.279389
v -0.050515 -0.028501 -0.283876
v -0.054893 -0.024287 -0.283955
v -0.047797 -0.028470 -0.304708
v -0.042086 -0.030001 -0.303311
v -0.040577 -0.028433 -0.324437
v -0.052050 -0.024254 -0.305743
v -0.044498 -0.024216 -0.326378
v -0.053752 -0.018435 -0.306150
v -0.056645 -0.018468 -0.283981
v -0.052982 -0.018430 -0.309101
v -0.053068 -0.015999 -0.309120
v -0.046069 -0.018396 -0.327146
v -0.054497 -0.016008 -0.303303
v -0.055808 -0.015320 -0.296027
v -0.054142 -0.011603 -0.305599
v -0.052187 -0.011542 -0.305180
v -0.054680 -0.008990 -0.303135
v -0.052755 -0.014537 -0.310575
v -0.054982 -0.005834 -0.301389
v -0.052711 -0.008966 -0.302785
v -0.053004 -0.005838 -0.301090
v -0.053033 -0.005309 -0.300886
v -0.053133 -0.002420 -0.300014
v -0.053836 -0.015278 -0.295689
v -0.054638 -0.012596 -0.288912
v -0.052575 -0.015945 -0.302729
v -0.053279 0.004281 -0.297710
v -0.053186 0.001070 -0.299159
v -0.053281 0.004313 -0.297683
v -0.055269 0.004361 -0.297897
v -0.053398 0.005375 -0.296316
v -0.055387 0.005427 -0.296523
v -0.053561 0.006005 -0.294585
v -0.053937 0.006476 -0.291023
v -0.055550 0.006058 -0.294791
v -0.055923 0.006514 -0.291256
v -0.057047 -0.007454 -0.283974
v -0.057284 0.006608 -0.281809
v -0.057523 0.003635 -0.280260
v -0.057546 0.006620 -0.279006
v -0.055299 0.006573 -0.281569
v -0.055528 0.003732 -0.280088
v -0.055548 0.006534 -0.278940
v -0.055626 0.005562 -0.278433
v -0.055705 0.006509 -0.276115
v -0.055711 0.006558 -0.275913
v -0.057700 0.006626 -0.276200
v -0.057712 0.006578 -0.275985
v -0.057720 0.006578 -0.275572
v -0.057628 0.005601 -0.278474
v -0.055722 0.006651 -0.275534
v -0.056400 0.006608 -0.240167
v -0.056072 -0.002504 -0.240123
v -0.057909 0.006506 -0.161570
v -0.058647 0.006358 -0.133130
v -0.057759 0.002326 -0.161585
v -0.057582 -0.002596 -0.161579
v -0.058758 0.002215 -0.133132
v -0.058760 0.002215 -0.133106
v -0.058952 -0.003190 -0.133209
v -0.059385 -0.003359 -0.126112
v -0.058679 -0.007876 -0.126353
v -0.060798 -0.003902 -0.104855
v -0.060551 0.002021 -0.104705
v -0.061802 -0.004290 -0.090696
v -0.062845 -0.004702 -0.076510
v -0.060746 -0.009583 -0.091132
v -0.062988 -0.011549 -0.055792
v -0.058006 -0.014015 -0.092005
v -0.056614 -0.011797 -0.126874
v -0.059448 -0.016604 -0.056993
v -0.054077 -0.017404 -0.093128
v -0.054530 -0.020348 -0.058547
v -0.049425 -0.019914 -0.094336
v -0.049689 -0.017186 -0.128340
v -0.039324 -0.022641 -0.096714
v -0.048872 -0.023137 -0.060219
v -0.036950 -0.026380 -0.063530
v -0.047227 -0.026528 -0.025923
v -0.039055 -0.029099 -0.028469
v -0.053059 -0.023976 -0.024077
v -0.054087 -0.023442 -0.023748
v -0.045618 -0.028039 0.003638
v -0.053387 -0.024031 0.006231
v -0.044483 -0.028347 0.007422
v -0.044758 -0.028219 0.007708
v -0.045520 -0.030066 0.007811
v -0.047457 -0.026762 0.011407
v -0.047697 -0.026409 0.013819
v -0.048308 -0.028565 0.011568
v -0.048563 -0.028203 0.014014
v -0.047797 -0.028291 0.016379
v -0.046180 -0.028794 0.018197
v -0.046945 -0.026494 0.016150
v -0.045367 -0.026984 0.017942
v -0.043282 -0.027743 0.018938
v -0.044043 -0.029574 0.019204
v -0.041023 -0.028623 0.019058
v -0.041726 -0.030478 0.019320
v -0.040783 -0.028719 0.019019
v -0.036470 -0.027792 0.030912
v -0.038891 -0.029493 0.018311
v -0.032225 -0.032025 0.011724
v -0.039537 -0.031371 0.018552
v -0.041669 -0.030500 0.019312
v -0.032692 -0.033966 0.011836
v -0.027060 -0.035323 0.006056
v -0.018923 -0.036342 -0.002298
v -0.023858 -0.035401 0.015981
v -0.030443 -0.033376 0.022747
v -0.022271 -0.035749 0.014349
v -0.022001 -0.033772 0.014219
v -0.009187 -0.037161 0.000901
v -0.005754 -0.037205 -0.002628
v -0.011698 -0.036715 -0.007239
v -0.012277 -0.036567 -0.009124
v -0.015172 -0.036526 -0.006151
v 0.003227 -0.036806 -0.011863
v 0.003255 -0.036804 -0.011892
v 0.003772 -0.036758 -0.012422
v 0.003240 -0.034810 -0.011739
v -0.005690 -0.035207 -0.002559
v 0.003367 -0.034799 -0.011870
v -0.011484 -0.034719 -0.007268
v 0.003752 -0.034764 -0.012265
v 0.003812 -0.034759 -0.012328
v 0.003819 -0.034758 -0.012335
v 0.003833 -0.036752 -0.012486
v 0.003844 -0.036751 -0.012497
v 0.003845 -0.036751 -0.012498
v 0.003845 -0.036751 -0.012498
v 0.003820 -0.034758 -0.012335
v 0.003824 -0.034758 -0.012340
v 0.003824 -0.034758 -0.012340
v 0.003845 -0.036751 -0.012498
v 0.003833 -0.034757 -0.012349
v 0.003854 -0.036750 -0.012507
v 0.003851 -0.034755 -0.012368
v 0.003888 -0.034752 -0.012406
v 0.003872 -0.036749 -0.012526
v 0.003910 -0.036745 -0.012564
v 0.004059 -0.036731 -0.012717
v 0.004647 -0.036675 -0.013322
v 0.004036 -0.034738 -0.012558
v 0.004618 -0.034682 -0.013157
v 0.005560 -0.034583 -0.014127
v 0.002448 -0.033599 -0.024042
v 0.006823 -0.034436 -0.015428
v 0.006877 -0.036427 -0.015613
v 0.010648 -0.033881 -0.019371
v 0.010752 -0.035865 -0.019594
v 0.019885 -0.031676 -0.028923
v 0.016581 -0.030358 -0.038668
v 0.026517 -0.029015 -0.035797
v 0.028723 -0.028037 -0.037391
v 0.026981 -0.030908 -0.036246
v 0.029250 -0.029904 -0.037879
v 0.020321 -0.033578 -0.029415
v 0.017024 -0.032245 -0.039212
v 0.015465 -0.032775 -0.037609
v 0.018334 -0.031552 -0.041497
v 0.017990 -0.029627 -0.041079
v 0.018565 -0.030974 -0.043883
v 0.018191 -0.029060 -0.043441
v 0.017822 -0.030577 -0.046203
v 0.017439 -0.028668 -0.045747
v 0.029923 -0.025885 -0.049905
v 0.015557 -0.030492 -0.048450
v 0.012457 -0.030866 -0.049205
v 0.015195 -0.028575 -0.048010
v 0.012147 -0.028933 -0.048796
v 0.012097 -0.030927 -0.049184
v 0.001869 -0.027693 -0.073595
v 0.009417 -0.031482 -0.048297
v 0.009173 -0.029533 -0.047920
v 0.007077 -0.032141 -0.046134
v 0.006892 -0.030180 -0.045784
v 0.004838 -0.032717 -0.043838
v 0.002592 -0.033213 -0.041536
v 0.004704 -0.030748 -0.043512
v -0.002145 -0.033565 -0.040082
v -0.001599 -0.033955 -0.037236
v -0.002490 -0.033584 -0.039976
v -0.015706 -0.033789 -0.035926
v -0.019331 -0.033952 -0.032208
v -0.011921 -0.033483 -0.039935
v -0.010933 -0.033196 -0.042469
v -0.011855 -0.031499 -0.039691
v -0.010883 -0.031212 -0.042219
v -0.011128 -0.030865 -0.044913
v -0.011171 -0.032848 -0.045166
v -0.012530 -0.030536 -0.047240
v -0.012580 -0.032519 -0.047492
v -0.014807 -0.030285 -0.048694
v -0.014876 -0.032269 -0.048940
v -0.017496 -0.030137 -0.048997
v -0.020042 -0.030107 -0.048051
v -0.017592 -0.032120 -0.049237
v -0.020169 -0.032089 -0.048282
v -0.021142 -0.032116 -0.047480
v -0.024121 -0.032214 -0.044426
v -0.024668 -0.029604 -0.066999
v -0.011392 -0.029484 -0.070364
v -0.037786 -0.028261 -0.063550
v -0.028908 -0.025718 -0.099168
v -0.017646 -0.025626 -0.101498
v -0.031695 -0.022462 -0.131526
v -0.040081 -0.024539 -0.096727
v -0.041608 -0.021401 -0.129903
v -0.041807 -0.019546 -0.163278
v -0.032589 -0.020591 -0.164123
v -0.046797 -0.018510 -0.162820
v -0.046791 -0.018114 -0.181728
v -0.050548 -0.017098 -0.162474
v -0.053271 -0.015318 -0.162223
v -0.046789 -0.017985 -0.187892
v -0.028130 -0.020389 -0.181740
v -0.027926 -0.020076 -0.199542
v -0.028327 -0.020698 -0.164514
v -0.023080 -0.020507 -0.164994
v -0.013412 -0.019211 -0.165879
v -0.021572 -0.022385 -0.133105
v -0.011386 -0.021052 -0.134611
v -0.006464 -0.024099 -0.103673
v -0.001743 -0.017390 -0.135948
v 0.004004 -0.019903 -0.105551
v -0.004162 -0.015789 -0.166722
v 0.001975 -0.013923 -0.136433
v 0.004349 -0.009301 -0.136669
v -0.000664 -0.012407 -0.167039
v 0.008130 -0.016153 -0.106229
v 0.010666 -0.010925 -0.106513
v 0.019695 -0.018700 -0.077659
v 0.023144 -0.012761 -0.078294
v 0.014455 -0.022823 -0.076509
v 0.036865 -0.021356 -0.052027
v 0.036898 -0.021328 -0.052037
v 0.031532 -0.025026 -0.050395
v 0.041148 -0.029574 -0.023192
v 0.049158 -0.025398 -0.025446
v 0.026908 -0.034155 -0.019021
v 0.042254 -0.029879 -0.019682
v 0.040218 -0.030734 -0.019053
v 0.043123 -0.029535 -0.019729
v 0.046052 -0.028487 -0.018911
v 0.042405 -0.027704 -0.019365
v 0.045266 -0.026685 -0.018543
v 0.041434 -0.028089 -0.019308
v 0.039575 -0.028870 -0.018715
v 0.040306 -0.027782 -0.022861
v 0.048163 -0.023708 -0.025038
v 0.030675 -0.023368 -0.049661
v 0.026710 -0.032155 -0.018905
v 0.032790 -0.029720 -0.025207
v 0.024011 -0.032961 -0.016113
v 0.027022 -0.033411 -0.006142
v 0.016897 -0.034445 -0.008773
v 0.009517 -0.035217 -0.001184
v 0.017060 -0.036434 -0.008909
v 0.024458 -0.034884 -0.016507
v 0.009656 -0.037211 -0.001297
v 0.012653 -0.037011 0.008834
v 0.000540 -0.037371 0.008081
v -0.005116 -0.037064 0.013900
v 0.000539 -0.035372 0.008030
v -0.004967 -0.035076 0.013680
v -0.015754 -0.033352 0.024741
v -0.002707 -0.034540 0.020748
v -0.008728 -0.034147 0.022608
v -0.001447 -0.034592 0.020368
v 0.002376 -0.034697 0.019192
v -0.001690 -0.034246 0.023359
v -0.005088 -0.033690 0.026837
v -0.012445 -0.031749 0.034360
v -0.005148 -0.035668 0.027149
v -0.012620 -0.033681 0.034845
v -0.001707 -0.036234 0.023607
v -0.001460 -0.036582 0.020572
v 0.002401 -0.036688 0.019379
v 0.011344 -0.037028 0.010180
v 0.011242 -0.035032 0.010092
v 0.012475 -0.035017 0.008826
v 0.020092 -0.034544 0.000997
v 0.020292 -0.036534 0.000980
v 0.027497 -0.035346 -0.006424
v 0.029199 -0.034933 -0.008172
v 0.037933 -0.031803 -0.017134
v 0.028843 -0.032971 -0.008023
v 0.037355 -0.029912 -0.016833
v -0.002855 -0.036523 0.020995
v -0.008823 -0.036129 0.022855
v -0.014158 -0.033113 0.036429
v -0.015945 -0.035320 0.025042
v -0.018326 -0.034653 0.027492
v -0.020691 -0.033859 0.029924
v -0.018090 -0.032697 0.027138
v -0.020406 -0.031923 0.029513
v -0.022697 -0.031017 0.031862
v -0.024450 -0.030219 0.033660
v -0.023033 -0.032929 0.032334
v -0.024842 -0.032103 0.034195
v -0.016567 -0.032095 0.038910
v -0.025347 -0.031855 0.034714
v -0.027704 -0.030641 0.036977
v -0.024957 -0.029970 0.034179
v -0.027257 -0.028787 0.036380
v -0.029303 -0.027968 0.037271
v -0.038306 -0.019908 0.048683
v -0.030259 -0.027659 0.037403
v -0.033464 -0.026954 0.036662
v -0.030773 -0.029483 0.038038
v -0.034041 -0.028761 0.037294
v -0.029797 -0.029800 0.037898
v -0.038986 -0.021581 0.049547
v -0.039283 -0.021582 0.049311
v -0.045867 -0.021585 0.043244
v -0.051688 -0.021578 0.036097
v -0.037220 -0.029525 0.031613
v -0.056888 -0.021575 0.025368
v -0.053141 -0.020235 0.036547
v -0.041153 -0.020238 0.049661
v -0.056434 -0.014581 0.037572
v -0.056605 -0.020234 0.030213
v -0.059934 -0.014522 0.030889
v -0.058275 -0.020231 0.025798
v -0.059007 -0.020229 0.023396
v -0.061002 -0.020221 0.014166
v -0.059637 -0.021565 0.013730
v -0.057569 -0.021574 0.023174
v -0.044747 -0.029310 0.018984
v -0.057858 -0.009654 0.038012
v -0.037100 -0.029576 0.031575
v -0.036431 -0.028799 0.034849
v -0.036239 -0.030567 0.028920
v -0.034416 -0.031600 0.026831
v -0.035647 -0.028711 0.028465
v -0.033871 -0.029718 0.026431
v -0.029999 -0.031449 0.022450
v -0.023366 -0.033475 0.015623
v -0.026521 -0.033389 0.005828
v -0.018714 -0.034354 -0.002231
v -0.014855 -0.034539 -0.006211
v -0.012047 -0.034574 -0.009104
v -0.011749 -0.034573 -0.009412
v -0.011872 -0.036566 -0.009540
v -0.010787 -0.034565 -0.010402
v -0.010900 -0.036557 -0.010539
v -0.010666 -0.034563 -0.010528
v -0.010777 -0.036555 -0.010665
v -0.010650 -0.034563 -0.010543
v -0.010762 -0.036555 -0.010681
v -0.010643 -0.034563 -0.010551
v -0.010640 -0.034563 -0.010554
v -0.010754 -0.036555 -0.010689
v -0.010752 -0.036555 -0.010691
v -0.010751 -0.036555 -0.010693
v -0.010639 -0.034563 -0.010555
v -0.010737 -0.036555 -0.010707
v -0.010625 -0.034563 -0.010569
v -0.010709 -0.036554 -0.010735
v -0.010593 -0.036553 -0.010854
v -0.010598 -0.034562 -0.010598
v -0.010483 -0.034560 -0.010716
v -0.010233 -0.034556 -0.010974
v -0.010340 -0.036548 -0.011114
v -0.008950 -0.034524 -0.012295
v -0.009045 -0.036517 -0.012446
v -0.005038 -0.034338 -0.016325
v -0.005094 -0.036329 -0.016505
v 0.002535 -0.035577 -0.024342
v 0.005663 -0.036568 -0.014366
v 0.008683 -0.034541 -0.030653
v 0.008569 -0.032565 -0.030366
v 0.015210 -0.030825 -0.037245
v -0.035814 -0.026990 0.034259
v -0.035412 -0.028675 0.036249
v -0.034811 -0.026869 0.035634
v -0.022818 -0.019897 0.057619
v -0.038598 -0.019909 0.048452
v -0.039196 -0.019029 0.049201
v -0.024072 -0.019019 0.058143
v -0.023174 -0.019018 0.058509
v -0.022540 -0.019897 0.057729
v -0.005059 -0.019869 0.061819
v -0.017377 -0.027766 0.044608
v -0.017206 -0.027643 0.044971
v -0.017849 -0.028508 0.042552
v -0.018145 -0.030354 0.043256
v -0.017456 -0.029446 0.040132
v -0.017736 -0.031317 0.040775
v -0.016301 -0.030211 0.038302
v -0.016065 -0.030317 0.038061
v -0.016313 -0.032211 0.038647
v -0.013952 -0.031196 0.035901
v -0.017672 -0.029594 0.045363
v -0.022940 -0.021569 0.058751
v -0.017498 -0.029467 0.045735
v -0.015807 -0.028855 0.047755
v -0.013364 -0.028685 0.048870
v -0.015540 -0.027045 0.046947
v -0.013137 -0.026879 0.048041
v -0.010493 -0.027204 0.047980
v -0.006394 -0.028782 0.045026
v -0.010674 -0.029018 0.048803
v -0.006499 -0.030636 0.045765
v -0.003238 -0.032015 0.042405
v -0.004920 -0.021537 0.062937
v -0.003072 -0.032077 0.042234
v -0.002867 -0.032154 0.042023
v 0.009181 -0.032056 0.041406
v 0.013540 -0.021511 0.061713
v 0.011316 -0.032052 0.040887
v 0.007103 -0.034757 0.031749
v 0.004584 -0.034285 0.034344
v 0.012128 -0.035397 0.026575
v 0.011984 -0.033423 0.026261
v 0.013978 -0.035542 0.024670
v 0.019702 -0.035723 0.018783
v 0.018457 -0.033531 0.032767
v 0.020841 -0.033751 0.030310
v 0.015658 -0.033154 0.035654
v 0.015433 -0.031235 0.035142
v 0.011151 -0.030168 0.040242
v 0.018198 -0.031602 0.032308
v 0.013815 -0.033566 0.024385
v 0.020554 -0.031816 0.029892
v 0.025688 -0.031994 0.024620
v 0.026042 -0.033933 0.024959
v 0.030819 -0.031785 0.019338
v 0.019477 -0.033747 0.018570
v 0.024327 -0.033590 0.013577
v 0.025988 -0.033470 0.011865
v 0.032103 -0.031671 0.018015
v 0.035927 -0.031173 0.014072
v 0.036451 -0.033093 0.014277
v 0.039496 -0.030470 0.010478
v 0.034638 -0.031929 0.009159
v 0.041398 -0.029927 0.009466
v 0.044574 -0.028780 0.009248
v 0.042044 -0.031813 0.009613
v 0.040095 -0.032371 0.010637
v 0.045283 -0.030643 0.009396
v 0.045525 -0.030543 0.009445
v 0.045876 -0.030637 0.005971
v 0.035116 -0.033867 0.009286
v 0.048999 -0.029367 0.005007
v 0.045728 -0.030312 -0.007947
v 0.063488 -0.021350 0.000540
v 0.047104 -0.029593 -0.009359
v 0.043991 -0.031138 -0.006164
v 0.035225 -0.034079 0.002837
v 0.043305 -0.029266 -0.006011
v 0.044895 -0.028510 -0.007655
v 0.034756 -0.032135 0.002820
v 0.030650 -0.032923 0.007056
v 0.031433 -0.032594 0.010163
v 0.048066 -0.027593 0.004960
v 0.046406 -0.027720 -0.009217
v 0.060075 -0.019694 -0.013080
v 0.047317 -0.027180 -0.010371
v 0.048118 -0.028997 -0.010615
v 0.048167 -0.026361 -0.013267
v 0.048999 -0.028155 -0.013565
v 0.047422 -0.026160 -0.016310
v 0.048250 -0.027947 -0.016655
v 0.056318 -0.019721 -0.022211
v 0.060659 -0.019689 -0.011187
v 0.062384 -0.019683 0.000530
v 0.061167 -0.019242 -0.011360
v 0.062916 -0.019251 0.000286
v 0.061413 -0.018985 -0.011432
v 0.063164 -0.019004 0.000184
v 0.061521 -0.018861 -0.011461
v 0.063272 -0.018884 0.000136
v 0.061560 -0.018813 -0.011471
v 0.063312 -0.018837 0.000113
v 0.061575 -0.018795 -0.011475
v 0.061581 -0.018787 -0.011477
v 0.063327 -0.018819 0.000102
v 0.063332 -0.018811 0.000097
v 0.063335 -0.018808 0.000094
v 0.061583 -0.018783 -0.011478
v 0.063335 -0.018807 0.000093
v 0.061585 -0.018782 -0.011478
v 0.063336 -0.018806 0.000092
v 0.061585 -0.018781 -0.011478
v 0.063337 -0.018805 0.000092
v 0.061585 -0.018780 -0.011478
v 0.063337 -0.018804 0.000090
v 0.063337 -0.018804 0.000090
v 0.063337 -0.018804 0.000090
v 0.063337 -0.018804 0.000090
v 0.063337 -0.018804 0.000090
v 0.063337 -0.018804 0.000090
v 0.063337 -0.018804 0.000090
v 0.063337 -0.018804 0.000090
v 0.063337 -0.018804 0.000090
v 0.061586 -0.018780 -0.011479
v 0.057390 -0.018726 -0.022303
v 0.057319 -0.018726 -0.022449
v 0.062385 -0.019684 0.000530
v 0.062385 -0.019684 0.000530
v 0.062385 -0.019684 0.000530
v 0.062385 -0.019684 0.000530
v 0.062385 -0.019684 0.000530
v 0.062385 -0.019684 0.000530
v 0.062385 -0.019683 0.000530
v 0.062385 -0.019683 0.000530
v 0.062385 -0.019683 0.000530
v 0.062385 -0.019683 0.000530
v 0.054031 -0.019735 -0.026559
v 0.050445 -0.019755 -0.032496
v 0.043556 -0.019793 -0.042122
v 0.051535 -0.018680 -0.032735
v 0.040146 -0.019815 -0.046315
v 0.045158 -0.028773 0.005869
v 0.031195 -0.034859 0.006975
v 0.026298 -0.035441 0.012005
v 0.032029 -0.034512 0.010238
v 0.024612 -0.035564 0.013736
v 0.032556 -0.033604 0.018269
v 0.031251 -0.033720 0.019609
v 0.061174 -0.021339 -0.013378
v 0.044792 -0.028690 0.009293
v 0.010978 -0.030018 0.040740
v 0.009037 -0.030172 0.040756
v 0.013305 -0.019842 0.060639
v 0.007013 -0.032798 0.031346
v -0.003009 -0.030193 0.041573
v -0.002824 -0.030262 0.041384
v -0.003188 -0.030126 0.041756
v -0.004833 -0.019869 0.061838
v 0.013155 -0.019843 0.060671
v 0.013352 -0.018964 0.061606
v 0.030501 -0.018924 0.055247
v 0.030714 -0.018924 0.055130
v 0.030257 -0.019801 0.054299
v 0.030328 -0.019801 0.054259
v 0.023161 -0.019818 0.057648
v 0.034285 -0.019793 0.051870
v 0.024658 -0.026590 0.043994
v 0.029715 -0.027329 0.038805
v 0.024614 -0.026581 0.044039
v 0.025040 -0.028380 0.044803
v 0.019087 -0.025672 0.048645
v 0.015518 -0.026220 0.048766
v 0.019422 -0.027450 0.049501
v 0.015788 -0.028011 0.049617
v 0.012754 -0.029221 0.047862
v 0.011077 -0.030645 0.044864
v 0.012541 -0.027402 0.047059
v 0.010898 -0.028791 0.044141
v 0.011149 -0.031905 0.041375
v 0.025085 -0.028389 0.044757
v 0.030221 -0.029147 0.039467
v 0.030866 -0.021465 0.055225
v 0.034892 -0.021457 0.052792
v 0.036627 -0.021453 0.051613
v 0.036726 -0.021453 0.051543
v 0.036737 -0.021453 0.051535
v 0.036740 -0.021453 0.051533
v 0.036747 -0.021453 0.051528
v 0.036762 -0.021453 0.051517
v 0.036828 -0.021452 0.051471
v 0.036985 -0.021452 0.051359
v 0.034839 -0.027565 0.033541
v 0.039962 -0.027301 0.028270
v 0.044766 -0.019762 0.043226
v 0.036756 -0.019787 0.050163
v 0.036341 -0.019788 0.050462
v 0.036186 -0.019788 0.050572
v 0.036122 -0.019789 0.050618
v 0.036107 -0.019789 0.050628
v 0.036100 -0.019789 0.050633
v 0.036097 -0.019789 0.050636
v 0.036086 -0.019789 0.050643
v 0.035988 -0.019789 0.050712
v 0.043565 -0.026806 0.024560
v 0.040643 -0.029118 0.028753
v 0.045055 -0.026524 0.023025
v 0.045835 -0.028321 0.023424
v 0.004523 -0.032337 0.033889
v 0.013387 -0.021511 0.061746
v -0.005141 -0.018991 0.062769
v 0.036321 -0.027716 -0.029321
v 0.033309 -0.031614 -0.025585
v 0.036958 -0.029557 -0.029775
v 0.037551 -0.028634 -0.032515
v 0.036780 -0.028137 -0.035313
v 0.036875 -0.026818 -0.032022
v 0.036095 -0.026333 -0.034789
v 0.034091 -0.026456 -0.036902
v 0.031419 -0.027109 -0.037807
v 0.034746 -0.028269 -0.037436
v 0.032013 -0.028947 -0.038327
v 0.027720 -0.024865 -0.048803
v 0.035041 -0.020548 -0.050896
v 0.041267 -0.021327 -0.047013
v 0.055137 -0.021332 -0.027047
v 0.051581 -0.021330 -0.033009
v 0.044632 -0.021328 -0.042826
v 0.045990 -0.019980 -0.043227
v 0.045978 -0.019980 -0.043242
v 0.038305 -0.019979 -0.052467
v 0.049355 -0.014881 -0.044247
v 0.041750 -0.014891 -0.053522
v 0.041850 -0.014665 -0.053552
v 0.043542 -0.007374 -0.054070
v 0.046663 -0.007394 -0.050470
v 0.043549 -0.007268 -0.054073
v 0.043109 0.000349 -0.053934
v 0.023848 -0.006299 -0.078168
v 0.022699 0.000345 -0.077493
v 0.016227 -0.005820 -0.091683
v 0.010959 -0.005357 -0.106257
v 0.015865 -0.011826 -0.091950
v 0.014887 0.000349 -0.090933
v 0.009715 0.000359 -0.105596
v 0.016121 0.000348 -0.088372
v 0.015521 0.002282 -0.088049
v 0.016067 0.002283 -0.086997
v 0.007377 0.002301 -0.112674
v 0.006089 0.006645 -0.112291
v 0.007184 0.002302 -0.113604
v 0.003709 0.002330 -0.139859
v 0.007427 0.001448 -0.113727
v 0.008025 0.001451 -0.110960
v 0.007375 0.001448 -0.113977
v 0.005503 0.000862 -0.113592
v 0.006782 0.001445 -0.117007
v 0.004895 0.000883 -0.116654
v 0.006241 0.001442 -0.120047
v 0.005751 0.001438 -0.123097
v 0.004342 0.000905 -0.119725
v 0.003839 0.000930 -0.122805
v 0.003384 0.000956 -0.125891
v 0.005308 0.001433 -0.126155
v 0.002975 0.000984 -0.128983
v 0.004911 0.001428 -0.129220
v 0.002809 0.000922 -0.130493
v 0.004749 0.001350 -0.130719
v 0.002805 0.000567 -0.131198
v 0.002872 -0.000022 -0.131701
v 0.004747 0.000988 -0.131422
v 0.004817 0.000385 -0.131928
v 0.004955 -0.000469 -0.132175
v 0.004351 0.000390 -0.136240
v 0.003964 0.000395 -0.140501
v 0.003675 0.002330 -0.140342
v 0.002955 0.000427 -0.167356
v 0.003018 0.002364 -0.167359
v 0.002857 -0.002568 -0.167350
v 0.001723 -0.008161 -0.167252
v 0.002868 -0.002560 -0.173544
v 0.002883 -0.002635 -0.184125
v 0.002875 -0.002299 -0.172998
v 0.002892 -0.001777 -0.172473
v 0.002917 -0.000983 -0.172151
v 0.002947 -0.000071 -0.172206
v 0.002973 0.000718 -0.172659
v 0.002990 0.001183 -0.173312
v 0.002998 0.001355 -0.174702
v 0.003003 0.001359 -0.177841
v 0.003009 0.001363 -0.180980
v 0.003014 0.001367 -0.184120
v 0.003020 0.001371 -0.187259
v 0.003025 0.001375 -0.190398
v 0.003031 0.001379 -0.193537
v 0.003028 0.001211 -0.194928
v 0.003014 0.000747 -0.195582
v 0.002989 -0.000041 -0.196037
v 0.002959 -0.000953 -0.196094
v 0.002933 -0.001748 -0.195774
v 0.002915 -0.002271 -0.195250
v 0.002905 -0.002533 -0.194705
v 0.002911 -0.002528 -0.198555
v 0.001259 -0.009167 -0.198624
v 0.002913 -0.002527 -0.199518
v 0.000914 -0.002462 -0.199521
v 0.003092 0.002970 -0.198899
v 0.002033 -0.007292 -0.201819
v 0.001284 -0.009101 -0.203798
v 0.000142 -0.006640 -0.201819
v -0.000508 -0.008214 -0.203776
v -0.000533 -0.008279 -0.198622
v -0.001123 -0.009341 -0.205846
v 0.000588 -0.010375 -0.205850
v -0.002264 -0.010924 -0.210557
v -0.003122 -0.011821 -0.215543
v -0.000726 -0.012200 -0.210566
v -0.001717 -0.013242 -0.215555
v -0.002351 -0.013787 -0.220664
v -0.002634 -0.013990 -0.224720
v -0.003670 -0.012285 -0.220650
v -0.003908 -0.012450 -0.224598
v -0.003959 -0.012480 -0.225803
v -0.004237 -0.012982 -0.198772
v -0.004645 -0.013642 -0.166751
v -0.009567 -0.015709 -0.198986
v -0.009581 -0.015722 -0.198411
v -0.008807 -0.014937 -0.231804
v -0.008763 -0.015769 -0.235738
v -0.005197 -0.013328 -0.231165
v -0.027528 -0.017456 -0.235110
v -0.027572 -0.017456 -0.235118
v -0.027730 -0.017762 -0.217307
v -0.027932 -0.018076 -0.199504
v -0.046273 -0.015385 -0.219501
v -0.046256 -0.014990 -0.238410
v -0.046278 -0.015518 -0.213133
v -0.046289 -0.015780 -0.200592
v -0.051505 -0.012842 -0.213554
v -0.051766 -0.013298 -0.187818
v -0.055143 -0.008235 -0.213841
v -0.051245 -0.012390 -0.239287
v -0.051136 -0.012480 -0.239268
v -0.054493 -0.008390 -0.239855
v -0.054710 -0.007960 -0.239893
v -0.054256 -0.010810 -0.250232
v -0.050886 -0.014759 -0.249269
v -0.055772 -0.005130 -0.250663
v -0.055390 -0.010486 -0.260306
v -0.046047 -0.017047 -0.247992
v -0.050469 -0.019610 -0.258449
v -0.045612 -0.021487 -0.256828
v -0.045843 -0.019153 -0.252492
v -0.045258 -0.024890 -0.263310
v -0.045141 -0.025911 -0.265602
v -0.027344 -0.020890 -0.246641
v -0.027276 -0.020890 -0.246620
v -0.027457 -0.018480 -0.241075
v -0.046129 -0.016193 -0.245687
v -0.008765 -0.016166 -0.236575
v -0.008807 -0.019132 -0.240896
v -0.056575 -0.002538 -0.213949
v -0.055577 -0.008511 -0.187788
v -0.056013 -0.008789 -0.161732
v -0.057075 -0.002655 -0.187771
v -0.057350 -0.002590 -0.173624
v -0.056944 -0.002563 -0.194784
v -0.056943 -0.002301 -0.195330
v -0.056951 -0.001777 -0.195853
v -0.056974 -0.000982 -0.196174
v -0.057008 -0.000070 -0.196116
v -0.057045 0.000718 -0.195661
v -0.057074 0.001181 -0.195007
v -0.057107 0.001349 -0.193617
v -0.057168 0.001345 -0.190478
v -0.057228 0.001341 -0.187339
v -0.057288 0.001337 -0.184200
v -0.057349 0.001333 -0.181060
v -0.057409 0.001329 -0.177921
v -0.057469 0.001325 -0.174782
v -0.057490 0.001072 -0.173231
v -0.057484 0.000622 -0.172680
v -0.057466 -0.000101 -0.172286
v -0.057437 -0.000949 -0.172221
v -0.057403 -0.001737 -0.172507
v -0.057372 -0.002297 -0.173031
v -0.055143 -0.010313 -0.161825
v -0.056885 -0.006628 -0.161642
v -0.052026 -0.013753 -0.162163
v -0.049192 -0.015541 -0.162467
v -0.046318 -0.016569 -0.162775
v -0.046304 -0.016175 -0.181684
v -0.041150 -0.017632 -0.163264
v -0.032561 -0.018587 -0.164079
v -0.040914 -0.019489 -0.129897
v -0.031666 -0.020461 -0.131433
v -0.022241 -0.020423 -0.132918
v -0.028882 -0.023720 -0.099020
v -0.023748 -0.018546 -0.164909
v -0.012715 -0.019279 -0.134346
v -0.014705 -0.017426 -0.165753
v -0.010331 -0.016480 -0.166164
v -0.006073 -0.014664 -0.166605
v -0.028328 -0.018696 -0.164479
v -0.028133 -0.018390 -0.181702
v -0.046299 -0.016046 -0.187851
v -0.004098 -0.012543 -0.230969
v -0.003988 -0.013076 -0.234016
v -0.004102 -0.012543 -0.230952
v -0.002853 -0.014109 -0.230984
v -0.004017 -0.014944 -0.231167
v -0.002860 -0.014110 -0.230968
v -0.002821 -0.014347 -0.232746
v -0.002860 -0.014110 -0.230946
v -0.002859 -0.014110 -0.230901
v -0.004102 -0.012543 -0.230930
v -0.004102 -0.012543 -0.230884
v -0.004100 -0.012543 -0.230794
v -0.004096 -0.012541 -0.230614
v -0.002857 -0.014109 -0.230810
v -0.002852 -0.014107 -0.230630
v -0.002843 -0.014104 -0.230275
v -0.004088 -0.012539 -0.230259
v -0.002824 -0.014095 -0.229583
v -0.002784 -0.014077 -0.228273
v -0.004073 -0.012534 -0.229567
v -0.004039 -0.012520 -0.228257
v -0.002688 -0.014024 -0.225819
v -0.008274 -0.016864 -0.231836
v -0.009062 -0.017643 -0.199020
v -0.009076 -0.017657 -0.198446
v -0.002976 -0.014534 -0.198788
v -0.003396 -0.015205 -0.166791
v -0.009850 -0.018420 -0.166204
v -0.002611 -0.011642 -0.166957
v -0.000686 -0.008674 -0.167157
v -0.000244 -0.007689 -0.167204
v 0.000858 -0.002498 -0.167342
v 0.000956 0.000492 -0.167358
v 0.000869 -0.002495 -0.173548
v 0.000876 -0.002234 -0.173001
v 0.000884 -0.002565 -0.184128
v 0.000906 -0.002468 -0.194708
v 0.000913 -0.002463 -0.198558
v 0.000915 -0.002206 -0.195254
v 0.000933 -0.001682 -0.195777
v 0.000960 -0.000887 -0.196098
v 0.000990 0.000025 -0.196040
v 0.001015 0.000812 -0.195586
v 0.001029 0.001276 -0.194932
v 0.001032 0.001445 -0.193541
v 0.001026 0.001441 -0.190402
v 0.001021 0.001437 -0.187262
v 0.001015 0.001433 -0.184123
v 0.001010 0.001429 -0.180984
v 0.001004 0.001425 -0.177844
v 0.000999 0.001421 -0.174705
v 0.000991 0.001249 -0.173315
v 0.000975 0.000784 -0.172662
v 0.000948 -0.000006 -0.172210
v 0.000918 -0.000917 -0.172154
v 0.000893 -0.001712 -0.172477
v 0.002011 0.000089 -0.140150
v 0.001019 0.002429 -0.167378
v 0.001155 0.006599 -0.167364
v 0.001717 0.002021 -0.140016
v 0.001744 0.002016 -0.139649
v 0.001116 0.006328 -0.139624
v 0.005371 0.001712 -0.112934
v 0.005508 0.001707 -0.112281
v 0.005616 0.000859 -0.113051
v 0.006166 0.000844 -0.110540
v 0.006571 0.000684 -0.109019
v 0.008422 0.001301 -0.109457
v 0.006844 0.000299 -0.108416
v 0.008691 0.000921 -0.108864
v 0.007132 -0.000248 -0.107988
v 0.008980 0.000362 -0.108446
v 0.007861 -0.000266 -0.105182
v 0.007431 -0.001029 -0.107762
v 0.009291 -0.000463 -0.108231
v 0.007637 -0.001858 -0.107906
v 0.007697 -0.002560 -0.108423
v 0.009507 -0.001331 -0.108381
v 0.009576 -0.002069 -0.108899
v 0.009490 -0.002508 -0.109688
v 0.008679 -0.002586 -0.113167
v 0.007603 -0.002975 -0.109217
v 0.006777 -0.003030 -0.112734
v 0.006005 -0.003010 -0.116268
v 0.007920 -0.002589 -0.116665
v 0.005301 -0.002988 -0.119815
v 0.007227 -0.002591 -0.120177
v 0.004659 -0.002964 -0.123373
v 0.006597 -0.002595 -0.123703
v 0.004076 -0.002939 -0.126940
v 0.006025 -0.002599 -0.127239
v 0.003539 -0.002827 -0.130505
v 0.003363 -0.002394 -0.131281
v 0.005495 -0.002514 -0.130774
v 0.005320 -0.002070 -0.131540
v 0.005132 -0.001343 -0.132036
v 0.003177 -0.001685 -0.131789
v 0.003004 -0.000840 -0.131939
v 0.013145 -0.000308 -0.090206
v 0.014411 -0.006269 -0.090943
v 0.014502 -0.000303 -0.087390
v 0.013908 0.001614 -0.087063
v 0.021109 -0.000235 -0.076433
v 0.029383 -0.000114 -0.065976
v 0.029290 0.000644 -0.065806
v 0.029790 -0.001058 -0.065813
v 0.030849 0.000346 -0.067256
v 0.030748 0.001120 -0.067090
v 0.031270 -0.000658 -0.067097
v 0.031914 -0.001341 -0.066557
v 0.030429 -0.001703 -0.065268
v 0.032630 -0.001531 -0.065788
v 0.031149 -0.001877 -0.064491
v 0.033250 -0.001180 -0.064992
v 0.033812 -0.000671 -0.064223
v 0.031779 -0.001533 -0.063685
v 0.032352 -0.001039 -0.062909
v 0.032927 -0.000544 -0.062135
v 0.033216 -0.000296 -0.061746
v 0.034377 -0.000163 -0.063455
v 0.034661 0.000091 -0.063070
v 0.034803 0.000219 -0.062877
v 0.033360 -0.000171 -0.061553
v 0.034874 0.000282 -0.062781
v 0.033432 -0.000109 -0.061456
v 0.034910 0.000314 -0.062733
v 0.033468 -0.000078 -0.061407
v 0.034927 0.000330 -0.062709
v 0.033486 -0.000062 -0.061383
v 0.034936 0.000338 -0.062697
v 0.034938 0.000340 -0.062694
v 0.033495 -0.000055 -0.061371
v 0.033496 -0.000054 -0.061370
v 0.033497 -0.000054 -0.061369
v 0.034939 0.000340 -0.062693
v 0.034940 0.000341 -0.062693
v 0.034940 0.000341 -0.062692
v 0.034941 0.000342 -0.062691
v 0.034942 0.000343 -0.062690
v 0.034943 0.000344 -0.062688
v 0.034944 0.000345 -0.062687
v 0.034944 0.000345 -0.062686
v 0.034945 0.000345 -0.062686
v 0.034945 0.000346 -0.062686
v 0.033499 -0.000053 -0.061367
v 0.041660 0.000049 -0.052586
v 0.033499 -0.000053 -0.061367
v 0.034945 0.000346 -0.062687
v 0.034945 0.000347 -0.062691
v 0.037154 0.002283 -0.059758
v 0.040534 0.002285 -0.056214
v 0.040089 0.004797 -0.055996
v 0.035731 0.001904 -0.058405
v 0.039110 0.001952 -0.054850
v 0.038671 0.004410 -0.054640
v 0.040603 0.006067 -0.052109
v 0.042032 0.006496 -0.053441
v 0.042032 0.006496 -0.053440
v 0.042031 0.006497 -0.053441
v 0.040882 0.004649 -0.052253
v 0.040608 0.006072 -0.052102
v 0.042034 0.006497 -0.053439
v 0.042035 0.006498 -0.053437
v 0.042036 0.006499 -0.053436
v 0.040608 0.006072 -0.052102
v 0.042037 0.006500 -0.053434
v 0.040603 0.006067 -0.052109
v 0.042038 0.006501 -0.053433
v 0.042040 0.006503 -0.053431
v 0.042048 0.006510 -0.053419
v 0.040613 0.006076 -0.052095
v 0.042063 0.006524 -0.053398
v 0.042095 0.006553 -0.053354
v 0.040628 0.006090 -0.052074
v 0.040660 0.006118 -0.052030
v 0.040721 0.006173 -0.051946
v 0.042157 0.006609 -0.053268
v 0.040847 0.006286 -0.051772
v 0.042285 0.006725 -0.053091
v 0.041117 0.006528 -0.051395
v 0.041562 0.007089 -0.050710
v 0.042558 0.006974 -0.052709
v 0.043009 0.007547 -0.052012
v 0.043142 0.008428 -0.051547
v 0.042924 0.009402 -0.051428
v 0.041692 0.007954 -0.050254
v 0.041474 0.008912 -0.050141
v 0.040981 0.009740 -0.050375
v 0.042427 0.010244 -0.051662
v 0.040326 0.010270 -0.050901
v 0.041766 0.010781 -0.052191
v 0.039646 0.010381 -0.051612
v 0.037771 0.008859 -0.054196
v 0.038763 0.013839 -0.051141
v 0.041078 0.010889 -0.052913
v 0.039192 0.009318 -0.055526
v 0.040194 0.014414 -0.052414
v 0.038107 0.013982 -0.054921
v 0.055780 0.014424 -0.031621
v 0.053276 0.012945 -0.036546
v 0.054118 0.013832 -0.030680
v 0.051680 0.012387 -0.035479
v 0.055590 0.013925 -0.027852
v 0.054118 0.013832 -0.030680
v 0.054118 0.013831 -0.030680
v 0.054118 0.013831 -0.030680
v 0.052151 0.010697 -0.035015
v 0.048162 0.008206 -0.042364
v 0.046612 0.005356 -0.045437
v 0.048897 0.006829 -0.041404
v 0.047473 0.004160 -0.044241
v 0.046858 0.002617 -0.045494
v 0.045938 0.003739 -0.046809
v 0.046584 0.001788 -0.046065
v 0.045639 0.002874 -0.047433
v 0.046458 0.001358 -0.046334
v 0.046397 0.001140 -0.046463
v 0.045514 0.002419 -0.047712
v 0.045531 0.002494 -0.047671
v 0.045493 0.002331 -0.047761
v 0.045490 0.002318 -0.047769
v 0.045488 0.002312 -0.047772
v 0.045488 0.002310 -0.047773
v 0.045488 0.002309 -0.047774
v 0.045485 0.002297 -0.047781
v 0.045478 0.002270 -0.047795
v 0.045458 0.002177 -0.047845
v 0.041309 0.002288 -0.052457
v 0.041254 0.002621 -0.052432
v 0.041336 0.002123 -0.052469
v 0.045442 0.002101 -0.047885
v 0.041349 0.002046 -0.052474
v 0.045420 0.002033 -0.047929
v 0.041354 0.002012 -0.052477
v 0.045408 0.002014 -0.047947
v 0.041357 0.001996 -0.052477
v 0.041359 0.001989 -0.052477
v 0.045403 0.002008 -0.047954
v 0.045405 0.002009 -0.047953
v 0.045401 0.002006 -0.047957
v 0.045398 0.002004 -0.047961
v 0.045396 0.002003 -0.047965
v 0.045400 0.002001 -0.047959
v 0.045402 0.002001 -0.047957
v 0.045421 0.001994 -0.047936
v 0.045426 0.002002 -0.047929
v 0.045455 0.001998 -0.047895
v 0.045431 0.002008 -0.047922
v 0.045436 0.002014 -0.047915
v 0.045459 0.002002 -0.047890
v 0.045462 0.002007 -0.047884
v 0.045519 0.001978 -0.047818
v 0.045518 0.001977 -0.047819
v 0.045521 0.001980 -0.047815
v 0.045652 0.001883 -0.047654
v 0.045652 0.001883 -0.047653
v 0.045643 0.001837 -0.047671
v 0.045640 0.001839 -0.047674
v 0.045625 0.001853 -0.047693
v 0.045610 0.001866 -0.047711
v 0.045596 0.001879 -0.047729
v 0.045518 0.001977 -0.047820
v 0.045517 0.001976 -0.047821
v 0.045517 0.001976 -0.047821
v 0.045582 0.001891 -0.047747
v 0.045516 0.001975 -0.047823
v 0.045511 0.001944 -0.047832
v 0.045552 0.001914 -0.047783
v 0.045547 0.001918 -0.047789
v 0.044866 -0.002815 -0.049458
v 0.044705 -0.002758 -0.049653
v 0.045016 -0.002897 -0.049260
v 0.044983 -0.005319 -0.049463
v 0.044806 -0.005305 -0.049684
v 0.045438 -0.007658 -0.048762
v 0.045144 -0.005381 -0.049240
v 0.045293 -0.005457 -0.049022
v 0.045613 -0.007691 -0.048514
v 0.045775 -0.007746 -0.048270
v 0.047221 -0.011332 -0.045528
v 0.047389 -0.011323 -0.045273
v 0.047041 -0.011372 -0.045773
v 0.049223 -0.013732 -0.041552
v 0.049372 -0.013670 -0.041339
v 0.051371 -0.015298 -0.037203
v 0.049064 -0.013816 -0.041748
v 0.048975 -0.013883 -0.041835
v 0.051245 -0.015404 -0.037332
v 0.046938 -0.011424 -0.045894
v 0.046850 -0.011504 -0.045974
v 0.045247 -0.007701 -0.048998
v 0.045108 -0.007127 -0.049234
v 0.042062 -0.007123 -0.052744
v 0.042043 -0.007397 -0.052740
v 0.049515 -0.013614 -0.041117
v 0.047548 -0.011324 -0.045014
v 0.049651 -0.013555 -0.040892
v 0.049779 -0.013480 -0.040666
v 0.051716 -0.014992 -0.036740
v 0.047700 -0.011321 -0.044752
v 0.047845 -0.011302 -0.044488
v 0.046075 -0.007866 -0.047780
v 0.045570 -0.005614 -0.048586
v 0.045928 -0.007807 -0.048026
v 0.046217 -0.007911 -0.047528
v 0.046354 -0.007920 -0.047268
v 0.045703 -0.005683 -0.048359
v 0.045833 -0.005730 -0.048119
v 0.045536 -0.003245 -0.048467
v 0.046146 0.001218 -0.046948
v 0.045658 -0.003323 -0.048249
v 0.045412 -0.003160 -0.048673
v 0.045286 -0.003072 -0.048871
v 0.046039 0.001371 -0.047118
v 0.045928 0.001519 -0.047284
v 0.045920 0.001528 -0.047295
v 0.045936 0.001568 -0.047271
v 0.045839 0.001628 -0.047411
v 0.045813 0.001659 -0.047447
v 0.045935 0.001570 -0.047271
v 0.045811 0.001661 -0.047449
v 0.045773 0.001703 -0.047500
v 0.045154 -0.002983 -0.049065
v 0.045685 0.001796 -0.047616
v 0.045935 0.001571 -0.047271
v 0.045935 0.001573 -0.047271
v 0.046346 0.000946 -0.046574
v 0.046353 0.000974 -0.046558
v 0.046342 0.000932 -0.046582
v 0.046339 0.000919 -0.046590
v 0.045768 -0.003372 -0.048029
v 0.046249 0.001061 -0.046768
v 0.045949 -0.005716 -0.047877
v 0.046469 -0.007836 -0.047017
v 0.048076 -0.011061 -0.044004
v 0.046419 -0.007894 -0.047131
v 0.048038 -0.011164 -0.044099
v 0.049939 -0.013278 -0.040350
v 0.047980 -0.011236 -0.044226
v 0.049893 -0.013367 -0.040448
v 0.051933 -0.014651 -0.036362
v 0.049963 -0.013172 -0.040285
v 0.051947 -0.014562 -0.036323
v 0.046355 0.000981 -0.046554
v 0.045936 0.001579 -0.047269
v 0.045936 0.001581 -0.047269
v 0.045653 0.001885 -0.047652
v 0.045936 0.001577 -0.047270
v 0.045652 0.001884 -0.047653
v 0.045935 0.001576 -0.047270
v 0.045652 0.001883 -0.047653
v 0.045935 0.001575 -0.047270
v 0.045652 0.001883 -0.047653
v 0.045935 0.001574 -0.047271
v 0.045652 0.001883 -0.047653
v 0.045522 0.001982 -0.047814
v 0.045523 0.001984 -0.047812
v 0.045464 0.002010 -0.047882
v 0.045466 0.002013 -0.047879
v 0.045414 0.002022 -0.047939
v 0.045411 0.002017 -0.047943
v 0.045416 0.002026 -0.047935
v 0.045419 0.002031 -0.047930
v 0.045467 0.002016 -0.047876
v 0.045524 0.001986 -0.047810
v 0.045525 0.001988 -0.047808
v 0.045653 0.001886 -0.047652
v 0.045653 0.001887 -0.047651
v 0.045654 0.001891 -0.047649
v 0.045937 0.001584 -0.047268
v 0.045938 0.001590 -0.047265
v 0.046357 0.000988 -0.046550
v 0.046361 0.001002 -0.046543
v 0.046368 0.001029 -0.046527
v 0.045940 0.001603 -0.047259
v 0.045962 0.001687 -0.047212
v 0.045657 0.001901 -0.047644
v 0.045433 0.002069 -0.047904
v 0.045425 0.002047 -0.047919
v 0.045421 0.002036 -0.047926
v 0.045527 0.001994 -0.047805
v 0.045435 -0.005537 -0.048805
v 0.044991 0.000054 -0.048855
v 0.045451 0.001981 -0.047902
v 0.041361 0.001981 -0.052477
v 0.041136 0.003294 -0.052375
v 0.045559 0.002604 -0.047607
v 0.045545 0.002549 -0.047639
v 0.045538 0.002520 -0.047656
v 0.045534 0.002504 -0.047665
v 0.045532 0.002497 -0.047669
v 0.045531 0.002495 -0.047670
v 0.045531 0.002494 -0.047671
v 0.045531 0.002494 -0.047671
v 0.045531 0.002494 -0.047671
v 0.045531 0.002494 -0.047671
v 0.045531 0.002494 -0.047671
v 0.045531 0.002494 -0.047671
v 0.045531 0.002494 -0.047671
v 0.045531 0.002494 -0.047670
v 0.045531 0.002494 -0.047670
v 0.045531 0.002494 -0.047670
v 0.045531 0.002494 -0.047670
v 0.045531 0.002494 -0.047670
v 0.045531 0.002494 -0.047670
v 0.045773 0.003277 -0.047152
v 0.046290 0.004624 -0.046089
v 0.049675 0.008665 -0.043590
v 0.053946 0.010570 -0.035889
v 0.057546 0.012181 -0.028773
v 0.050687 0.006704 -0.042288
v 0.049280 0.004081 -0.045093
v 0.048673 0.002570 -0.046333
v 0.048114 0.005779 -0.046688
v 0.047797 0.005054 -0.047332
v 0.042312 0.005053 -0.053591
v 0.047437 0.004131 -0.048074
v 0.047127 0.003210 -0.048727
v 0.047072 0.003021 -0.048847
v 0.047044 0.002906 -0.048914
v 0.047036 0.002873 -0.048932
v 0.047032 0.002856 -0.048942
v 0.047032 0.002855 -0.048943
v 0.047032 0.002854 -0.048943
v 0.047032 0.002854 -0.048943
v 0.047032 0.002854 -0.048943
v 0.047032 0.002854 -0.048943
v 0.047032 0.002854 -0.048943
v 0.047032 0.002854 -0.048943
v 0.047032 0.002855 -0.048943
v 0.047032 0.002855 -0.048943
v 0.047032 0.002855 -0.048943
v 0.047032 0.002855 -0.048943
v 0.047032 0.002855 -0.048943
v 0.047032 0.002854 -0.048943
v 0.047032 0.002853 -0.048943
v 0.047025 0.002823 -0.048960
v 0.047009 0.002753 -0.048998
v 0.046998 0.002703 -0.049025
v 0.046992 0.002674 -0.049041
v 0.046989 0.002661 -0.049048
v 0.046987 0.002655 -0.049051
v 0.046962 0.002542 -0.049112
v 0.046904 0.002283 -0.049247
v 0.046493 0.000328 -0.050146
v 0.047164 0.002066 -0.048958
v 0.042799 0.002285 -0.053833
v 0.046491 -0.002786 -0.050629
v 0.047395 0.001842 -0.048665
v 0.047603 0.001619 -0.048374
v 0.046739 -0.002912 -0.050292
v 0.046965 -0.003047 -0.049960
v 0.046885 -0.005437 -0.050241
v 0.047126 -0.005539 -0.049873
v 0.047361 -0.007800 -0.049496
v 0.046622 -0.005359 -0.050611
v 0.047078 -0.007788 -0.049899
v 0.046779 -0.007895 -0.050270
v 0.048650 -0.011722 -0.046909
v 0.048346 -0.011997 -0.047208
v 0.048950 -0.011578 -0.046514
v 0.049229 -0.011478 -0.046089
v 0.049487 -0.011373 -0.045654
v 0.051187 -0.013903 -0.042181
v 0.047623 -0.007848 -0.049087
v 0.047870 -0.007890 -0.048670
v 0.047356 -0.005635 -0.049497
v 0.048101 -0.007879 -0.048243
v 0.048293 -0.007725 -0.047830
v 0.049716 -0.011209 -0.045225
v 0.047577 -0.005697 -0.049099
v 0.047392 -0.003302 -0.049252
v 0.047778 -0.005657 -0.048685
v 0.047590 -0.003379 -0.048857
v 0.048160 0.000913 -0.047417
v 0.047987 0.001154 -0.047756
v 0.047799 0.001392 -0.048075
v 0.047181 -0.003181 -0.049618
v 0.049873 -0.010894 -0.044865
v 0.051624 -0.013393 -0.041458
v 0.051744 -0.012998 -0.041181
v 0.053639 -0.014825 -0.037420
v 0.051423 -0.013673 -0.041815
v 0.053479 -0.015178 -0.037669
v 0.055709 -0.015739 -0.033273
v 0.053722 -0.014396 -0.037230
v 0.055757 -0.015296 -0.033166
v 0.057828 -0.015792 -0.029052
v 0.050347 -0.014731 -0.043031
v 0.046214 -0.002697 -0.050967
v 0.060417 0.011515 -0.023020
v 0.034931 0.010529 -0.059631
v 0.036682 0.013440 -0.053626
v 0.033513 0.010081 -0.058294
v 0.029856 0.007117 -0.063105
v 0.030684 0.002712 -0.063540
v 0.022611 0.006131 -0.071489
v 0.031282 0.007522 -0.064448
v 0.032122 0.003128 -0.064866
v 0.024104 0.006590 -0.072737
v 0.017599 0.006613 -0.081578
v 0.015966 0.006075 -0.080558
v 0.014850 0.006620 -0.086328
v 0.012408 0.006629 -0.091256
v 0.008647 0.006645 -0.101563
v 0.010665 0.006047 -0.090467
v 0.013148 0.006062 -0.085438
v 0.006821 0.006025 -0.101035
v 0.004211 0.006059 -0.111926
v 0.001117 0.006328 -0.139602
v 0.003099 0.006588 -0.139679
v 0.003095 0.006587 -0.139771
v 0.003154 0.006533 -0.167358
v 0.003164 0.006539 -0.172897
v 0.003174 0.006544 -0.178436
v 0.001165 0.006604 -0.172901
v 0.001175 0.006609 -0.178440
v 0.001184 0.006615 -0.183979
v 0.001194 0.006620 -0.189519
v 0.003183 0.006549 -0.183976
v 0.003193 0.006555 -0.189515
v 0.003198 0.006419 -0.195046
v 0.001199 0.006484 -0.195049
v 0.003160 0.005098 -0.197784
v 0.003127 0.004059 -0.198588
v 0.001161 0.005163 -0.197787
v 0.001128 0.004125 -0.198592
v 0.001093 0.003036 -0.198902
v 0.014389 0.001617 -0.086134
v 0.029735 0.001815 -0.064880
v 0.029410 0.001328 -0.065419
v 0.031180 0.002281 -0.066182
v 0.030861 0.001800 -0.066712
v 0.002385 0.000034 -0.136125
v 0.001105 -0.009570 -0.167197
v 0.002982 0.002355 -0.159918
v 0.002989 0.002353 -0.158900
v 0.002991 0.002353 -0.158643
v 0.002991 0.002353 -0.158641
v 0.002991 0.002353 -0.158640
v 0.002991 0.002353 -0.158637
v 0.002991 0.002353 -0.158630
v 0.002991 0.002353 -0.158616
v 0.002991 0.002353 -0.158587
v 0.002992 0.002352 -0.158530
v 0.002994 0.002352 -0.158286
v 0.003007 0.002350 -0.157095
v 0.003069 0.002344 -0.153684
v 0.008376 -0.025773 -0.075122
v -0.001004 -0.022516 -0.104674
v -0.027723 -0.019762 -0.217343
v -0.046785 -0.017717 -0.200636
v -0.046780 -0.017454 -0.213174
v -0.034493 -0.031784 -0.033802
v -0.031851 -0.032021 -0.036506
v -0.035715 -0.031640 -0.032551
v -0.035300 -0.029691 -0.032388
v -0.039570 -0.031026 -0.028607
v -0.048831 -0.028047 -0.025762
v -0.044568 -0.029809 -0.023501
v -0.043906 -0.027924 -0.023389
v -0.049114 -0.028359 -0.018138
v -0.049488 -0.028291 -0.016388
v -0.048335 -0.026519 -0.018037
v -0.048696 -0.026457 -0.016294
v -0.048534 -0.026614 -0.014517
v -0.049324 -0.028449 -0.014602
v -0.046812 -0.027457 -0.011567
v -0.043852 -0.028640 -0.010079
v -0.047560 -0.029311 -0.011639
v -0.044526 -0.030522 -0.010149
v -0.041141 -0.031637 -0.010536
v -0.040548 -0.029729 -0.010455
v -0.035861 -0.032847 -0.015270
v -0.033997 -0.033157 -0.017177
v -0.035393 -0.030906 -0.015155
v -0.030829 -0.033562 -0.020421
v -0.030473 -0.031599 -0.020275
v -0.025786 -0.033922 -0.025589
v -0.025525 -0.031947 -0.025412
v -0.020743 -0.033982 -0.030760
v -0.020563 -0.032001 -0.030557
v -0.033637 -0.029878 -0.034121
v -0.031523 -0.030057 -0.036322
v -0.027732 -0.030230 -0.040265
v -0.027985 -0.032203 -0.040466
v -0.023933 -0.030234 -0.044209
v -0.021114 -0.030140 -0.047135
v -0.016270 -0.035215 -0.022176
v -0.008989 -0.035167 0.000833
v -0.054281 -0.023337 -0.023686
v -0.054334 -0.023308 -0.023669
v -0.054349 -0.023300 -0.023664
v -0.054349 -0.023300 -0.023664
v -0.054349 -0.023300 -0.023664
v -0.054349 -0.023300 -0.023664
v -0.054349 -0.023300 -0.023664
v -0.054349 -0.023300 -0.023664
v -0.054349 -0.023300 -0.023664
v -0.054349 -0.023300 -0.023664
v -0.054349 -0.023300 -0.023664
v -0.054349 -0.023300 -0.023664
v -0.054349 -0.023300 -0.023664
v -0.054354 -0.023297 -0.023662
v -0.054365 -0.023291 -0.023659
v -0.054389 -0.023278 -0.023651
v -0.054436 -0.023252 -0.023636
v -0.055181 -0.022834 -0.023397
v -0.056638 -0.021952 -0.022927
v -0.059375 -0.019984 -0.022034
v -0.063437 -0.011956 -0.048754
v -0.062660 0.001834 -0.076303
v -0.060552 0.002021 -0.104678
v -0.059873 0.006082 -0.104695
v -0.059874 0.006081 -0.104666
v -0.058648 0.006358 -0.133104
v -0.060644 0.006435 -0.133177
v -0.061428 0.005821 -0.076265
v -0.061832 0.006482 -0.104758
v -0.061832 0.006482 -0.104753
v -0.063300 0.006521 -0.076354
v -0.063300 0.006521 -0.076353
v -0.061429 0.005821 -0.076245
v -0.065168 0.006513 -0.047976
v -0.063349 0.005691 -0.047840
v -0.065909 0.006509 -0.037962
v -0.064091 0.005687 -0.037830
v -0.063179 0.009044 -0.028600
v -0.056716 -0.018473 -0.280273
v -0.056992 -0.016047 -0.270432
v -0.056082 -0.021919 -0.280051
v -0.054977 -0.024292 -0.279583
v -0.056611 -0.018853 -0.270002
v -0.055402 -0.021841 -0.269300
v -0.055810 -0.016825 -0.259881
v -0.051708 -0.021303 -0.258287
v -0.057363 -0.010897 -0.260980
v -0.046124 -0.023487 -0.256470
v -0.046423 -0.020866 -0.251638
v -0.046622 -0.019004 -0.247726
v -0.056624 -0.012656 -0.289166
v -0.055263 0.004259 -0.297983
v -0.055172 0.001107 -0.299394
v -0.055115 -0.002397 -0.300276
v -0.055007 -0.005381 -0.301208
v -0.055052 -0.007375 -0.283803
v -0.032606 -0.024173 -0.344854
v -0.032462 -0.024467 -0.344738
v -0.029207 -0.028392 -0.342103
v -0.035311 -0.029966 -0.321822
v -0.045510 -0.027918 -0.265329
v -0.008756 -0.027877 -0.357946
v -0.003134 -0.027862 -0.361853
v 0.003705 -0.027851 -0.362164
v -0.004666 -0.026647 -0.366372
v 0.004816 -0.026631 -0.366803
v -0.005831 -0.023302 -0.369792
v -0.012461 -0.026666 -0.360954
v -0.028350 -0.026717 -0.341402
v -0.024645 -0.027928 -0.338394
v -0.028449 -0.026647 -0.341482
v -0.039703 -0.026688 -0.323999
v -0.031161 -0.023377 -0.343678
v -0.046848 -0.026725 -0.304473
v -0.042970 -0.023174 -0.325616
v -0.035314 -0.027966 -0.321819
v -0.042089 -0.028001 -0.303308
v -0.000138 -0.023292 -0.370865
v 0.005654 -0.023283 -0.370314
v -0.000219 -0.018627 -0.372439
v 0.006016 -0.018618 -0.371847
v 0.009658 -0.027845 -0.358784
v 0.012894 -0.027848 -0.352751
v 0.016897 -0.026640 -0.344281
v -0.000421 -0.023444 -0.250958
v -0.000105 -0.022904 -0.250794
v -0.000303 -0.022770 -0.248998
v -0.000431 -0.022053 -0.247273
v -0.002507 -0.025447 -0.250076
v 0.000855 -0.019564 -0.248433
v -0.008837 -0.024862 -0.247688
v -0.064634 0.002137 -0.076417
v -0.064839 -0.004808 -0.076627
v -0.064957 -0.012032 -0.055854
v -0.065402 -0.012442 -0.048870
v -0.061709 -0.017971 -0.050005
v -0.061985 -0.018557 -0.042459
v -0.062016 -0.018631 -0.041516
v -0.062020 -0.018640 -0.041399
v -0.062021 -0.018641 -0.041384
v -0.062021 -0.018641 -0.041380
v -0.062021 -0.018641 -0.041380
v -0.062021 -0.018641 -0.041379
v -0.062021 -0.018642 -0.041373
v -0.062021 -0.018643 -0.041360
v -0.062023 -0.018648 -0.041298
v -0.062029 -0.018662 -0.041119
v -0.062073 -0.018772 -0.039702
v -0.062183 -0.019110 -0.035387
v -0.062262 -0.019662 -0.028289
v -0.062261 -0.019706 -0.027718
v -0.062261 -0.019712 -0.027653
v -0.062261 -0.019712 -0.027645
v -0.062261 -0.019712 -0.027643
v -0.062261 -0.019712 -0.027643
v -0.062261 -0.019712 -0.027643
v -0.062261 -0.019713 -0.027640
v -0.062261 -0.019713 -0.027633
v -0.062261 -0.019717 -0.027586
v -0.062260 -0.019731 -0.027400
v -0.062244 -0.019884 -0.025442
v -0.062539 -0.020193 -0.009687
v -0.060866 -0.021551 0.001823
v -0.062251 -0.020207 0.002272
v 0.058682 -0.017094 -0.022414
v 0.061630 -0.016242 -0.016841
v 0.058702 -0.017045 -0.022445
v 0.061645 -0.016178 -0.016901
v 0.061640 -0.016104 -0.017001
v 0.064484 -0.013975 -0.011770
v 0.064483 -0.014038 -0.011681
v 0.064460 -0.013919 -0.011903
v 0.066699 -0.009891 -0.007877
v 0.064392 -0.013848 -0.012142
v 0.064307 -0.013790 -0.012378
v 0.066622 -0.009878 -0.008122
v 0.061605 -0.015986 -0.017189
v 0.061553 -0.015872 -0.017380
v 0.061491 -0.015756 -0.017568
v 0.058723 -0.016677 -0.022724
v 0.067541 -0.004217 -0.006237
v 0.066534 -0.009875 -0.008361
v 0.067463 -0.004255 -0.006458
v 0.066846 0.001699 -0.007186
v 0.066913 0.001783 -0.006981
v 0.064069 -0.014483 -0.012416
v 0.059243 0.011269 -0.020914
v 0.059246 0.011283 -0.020911
v 0.066082 -0.009732 -0.009250
v 0.066770 0.001613 -0.007388
v 0.059268 0.011409 -0.020874
v 0.063588 0.008194 -0.011866
v 0.063643 0.008117 -0.011765
v 0.063667 0.008083 -0.011720
v 0.063669 0.008081 -0.011717
v 0.063670 0.008078 -0.011714
v 0.063681 0.008064 -0.011695
v 0.063702 0.008034 -0.011656
v 0.063743 0.007975 -0.011581
v 0.065266 0.009120 -0.012525
v 0.065398 0.008940 -0.012275
v 0.065452 0.008865 -0.012173
v 0.065476 0.008831 -0.012128
v 0.065477 0.008830 -0.012126
v 0.065482 0.008824 -0.012118
v 0.065492 0.008809 -0.012098
v 0.065513 0.008780 -0.012059
v 0.065554 0.008724 -0.011983
v 0.069430 -0.004181 -0.006895
v 0.069636 -0.004156 -0.006061
v 0.069309 -0.007804 -0.006807
v 0.068695 -0.010297 -0.007936
v 0.057424 -0.017791 -0.028995
v 0.057217 -0.018174 -0.028920
v 0.056756 -0.020054 0.031349
v 0.049951 -0.009489 0.048301
v 0.060696 0.002204 0.033592
v 0.060668 0.002204 0.033642
v 0.049817 0.002167 0.048204
v 0.049159 0.005005 0.047572
v 0.062760 -0.020030 0.016479
v 0.068525 0.005099 -0.001260
v 0.063883 0.010471 -0.001133
v 0.064533 0.009043 -0.001158
v 0.048553 -0.009026 0.046942
v 0.065480 0.001882 0.016177
v -0.006390 0.002049 0.068860
v -0.006489 0.002049 0.068850
v -0.024653 0.014236 0.059046
v -0.014267 0.014249 0.062393
v -0.029613 0.014231 0.056712
v -0.028764 0.013419 0.055093
v -0.013855 0.013440 0.060611
v -0.064041 -0.007867 0.024419
v -0.063703 0.002011 0.024466
v -0.066286 0.001862 -0.005035
v -0.066286 0.001865 -0.005035
v -0.066555 0.001893 -0.019547
v -0.066286 0.001866 -0.005036
v -0.066286 0.001867 -0.005036
v -0.066555 0.001892 -0.019547
v -0.066555 0.001892 -0.019547
v -0.066555 0.001892 -0.019547
v -0.066304 0.001896 -0.025433
v -0.066555 0.001892 -0.019547
v -0.066305 0.001898 -0.025408
v -0.066555 0.001891 -0.019547
v -0.066555 0.001891 -0.019547
v -0.066306 0.001900 -0.025384
v -0.066307 0.001902 -0.025359
v -0.066308 0.001909 -0.025309
v -0.066309 0.001928 -0.025206
v -0.066555 0.001885 -0.019548
v -0.066556 0.001884 -0.019548
v -0.066555 0.001886 -0.019548
v -0.066552 0.001898 -0.019548
v -0.066280 0.001905 -0.005040
v -0.066282 0.001896 -0.005040
v -0.066258 0.002015 -0.005047
v -0.066536 0.001961 -0.019548
v -0.066514 0.002046 -0.019548
v -0.066295 0.002081 -0.024758
v -0.066463 0.002237 -0.019546
v -0.066434 0.002344 -0.019546
v -0.066265 0.002262 -0.024414
v -0.066411 0.002427 -0.019545
v -0.066356 0.002615 -0.019544
v -0.066236 0.002448 -0.024005
v -0.066202 0.002633 -0.023582
v -0.066282 0.001891 -0.005039
v -0.066283 0.001887 -0.005039
v -0.066556 0.001883 -0.019548
v -0.066556 0.001883 -0.019548
v -0.066556 0.001883 -0.019547
v -0.066284 0.001883 -0.005038
v -0.066556 0.001884 -0.019547
v -0.066556 0.001885 -0.019547
v -0.066284 0.001880 -0.005038
v -0.066285 0.001876 -0.005037
v -0.066285 0.001873 -0.005037
v -0.066286 0.001870 -0.005036
v -0.066556 0.001886 -0.019547
v -0.066555 0.001888 -0.019547
v -0.066555 0.001889 -0.019547
v -0.066286 0.001868 -0.005036
v -0.066303 0.001895 -0.025456
v -0.066555 0.001893 -0.019547
v -0.060764 0.013481 0.007909
v -0.065629 0.003197 -0.031133
v -0.065737 0.002478 -0.032782
v -0.065749 0.002359 -0.033058
v -0.067669 0.002981 -0.032907
v -0.067688 0.002834 -0.033184
v -0.067693 0.002788 -0.033271
v -0.067695 0.002772 -0.033301
v -0.065752 0.002322 -0.033145
v -0.065755 0.002305 -0.033175
v -0.065755 0.002299 -0.033187
v -0.067696 0.002766 -0.033313
v -0.065756 0.002296 -0.033192
v -0.065756 0.002295 -0.033195
v -0.067696 0.002763 -0.033318
v -0.067696 0.002762 -0.033321
v -0.067696 0.002762 -0.033321
v -0.067696 0.002761 -0.033323
v -0.065756 0.002295 -0.033195
v -0.065756 0.002294 -0.033197
v -0.060723 -0.013665 0.023227
vn 0.1908 0.2201 0.9566
vn 0.4685 0.2141 0.8571
vn 0.4688 0.2140 0.8570
vn 0.4355 0.4089 0.8020
vn 0.2563 0.4066 0.8769
vn 0.1808 0.4059 0.8958
vn 0.7051 0.1768 0.6867
vn 0.6522 0.4082 0.6388
vn 0.6508 0.4132 0.6370
vn 0.4692 0.4094 0.7824
vn -0.2124 0.9122 -0.3503
vn -0.1969 0.9125 -0.3586
vn -0.1160 0.9135 -0.3899
vn -0.1161 0.9136 -0.3898
vn -0.1973 0.9125 -0.3585
vn -0.2127 0.9122 -0.3502
vn -0.0822 0.9138 -0.3977
vn -0.0134 0.9142 -0.4050
vn -0.0134 0.9142 -0.4049
vn -0.0824 0.9138 -0.3977
vn -0.0919 0.2490 0.9641
vn 0.1946 0.2397 0.9511
vn 0.0261 0.4051 0.9139
vn -0.0906 0.4048 0.9099
vn 0.0385 0.9143 -0.4031
vn 0.0897 0.9143 -0.3950
vn 0.0898 0.9144 -0.3948
vn 0.0906 -0.4048 -0.9099
vn -0.0262 -0.4050 -0.9139
vn -0.1808 -0.4059 -0.8958
vn -0.1952 -0.2440 -0.9499
vn -0.1943 -0.2441 -0.9501
vn 0.0918 -0.2534 -0.9630
vn -0.2563 -0.4066 -0.8769
vn -0.4355 -0.4089 -0.8020
vn -0.4684 -0.2174 -0.8564
vn -0.4680 -0.2174 -0.8566
vn -0.1975 -0.1752 -0.9645
vn -0.1984 -0.1752 -0.9643
vn -0.4733 0.1697 -0.8644
vn -0.1983 0.1703 -0.9652
vn 0.0947 -0.1745 -0.9801
vn 0.0933 -0.1744 -0.9802
vn 0.0943 0.1708 -0.9808
vn -0.3844 0.6019 -0.7000
vn -0.1675 0.6023 -0.7805
vn -0.1614 0.6023 -0.7818
vn 0.0665 0.6028 -0.7951
vn 0.0756 0.6028 -0.7943
vn 0.2946 0.6030 -0.7414
vn 0.3060 0.6030 -0.7367
vn 0.3785 0.1711 -0.9096
vn 0.3786 -0.1743 -0.9090
vn 0.3769 -0.1743 -0.9097
vn 0.3538 -0.4054 -0.8429
vn 0.2059 -0.4048 -0.8909
vn 0.0932 -0.2534 -0.9629
vn 0.3711 -0.2448 -0.8958
vn 0.5854 -0.4075 -0.7009
vn 0.4243 -0.4060 -0.8094
vn 0.3727 -0.2447 -0.8951
vn 0.6214 -0.2200 -0.7520
vn 0.6231 -0.2198 -0.7507
vn 0.6292 0.1714 -0.7581
vn 0.7296 -0.2030 -0.6530
vn 0.8209 -0.1846 -0.5405
vn 0.7620 -0.4104 -0.5009
vn 0.7643 -0.4103 -0.4974
vn 0.6148 -0.4079 -0.6750
vn 0.8232 0.1714 -0.5412
vn 0.8363 0.1225 -0.5344
vn 0.9366 -0.1643 -0.3094
vn 0.9378 -0.1632 -0.3063
vn 0.8805 -0.3783 -0.2856
vn 0.9494 0.1214 -0.2895
vn 0.9497 0.1215 -0.2885
vn 0.7684 0.3840 -0.5120
vn 0.8537 0.3786 -0.3576
vn 0.8863 0.3825 -0.2610
vn 0.5092 0.6032 -0.6139
vn 0.6779 0.5685 -0.4661
vn 0.7330 0.6027 -0.3154
vn 0.7732 0.5827 -0.2503
vn 0.7787 0.5302 -0.3354
vn 0.6487 0.6163 -0.4465
vn 0.7434 0.6242 -0.2403
vn 0.3381 0.8401 -0.4241
vn 0.3948 0.8401 -0.3719
vn 0.4515 0.8349 -0.3148
vn 0.4547 0.8323 -0.3170
vn 0.4586 0.8290 -0.3200
vn 0.4649 0.8238 -0.3243
vn 0.4749 0.8154 -0.3311
vn 0.4952 0.7975 -0.3447
vn 0.5206 0.7734 -0.3616
vn 0.5586 0.7339 -0.3864
vn 0.5973 0.6881 -0.4121
vn 0.6189 0.6596 -0.4265
vn 0.6347 0.6373 -0.4371
vn 0.4973 0.6033 -0.6235
vn 0.7688 0.6027 -0.2137
vn 0.7598 0.6394 -0.1177
vn 0.7278 0.6442 -0.2351
vn 0.7096 0.6663 -0.2291
vn 0.6853 0.6938 -0.2212
vn 0.6459 0.7343 -0.2090
vn 0.6069 0.7700 -0.1971
vn 0.5805 0.7920 -0.1891
vn 0.5609 0.8074 -0.1831
vn 0.5516 0.8144 -0.1802
vn 0.5465 0.8182 -0.1786
vn 0.5438 0.8202 -0.1776
vn 0.5413 0.8221 -0.1768
vn 0.5958 0.7978 -0.0920
vn 0.2471 0.9166 -0.3142
vn 0.2573 0.9126 -0.3178
vn 0.2890 0.9035 -0.3165
vn 0.3010 0.9025 -0.3081
vn 0.3090 0.9040 -0.2955
vn 0.3091 0.9140 -0.2630
vn 0.3356 0.8401 -0.4261
vn 0.3481 0.9285 -0.1295
vn 0.3512 0.9272 -0.1303
vn 0.3804 0.9153 -0.1325
vn 0.4064 0.9049 -0.1265
vn 0.4251 0.8980 -0.1139
vn 0.4322 0.8965 -0.0973
vn 0.4251 0.9016 -0.0801
vn 0.3807 0.9233 -0.0511
vn 0.3764 0.9252 -0.0487
vn 0.3846 0.9226 -0.0293
vn 0.5092 0.8587 -0.0573
vn 0.6119 0.7883 -0.0643
vn 0.3087 0.9146 -0.2612
vn 0.7420 0.6690 -0.0421
vn 0.7530 0.6535 -0.0776
vn 0.6286 0.7770 -0.0333
vn 0.9123 0.3936 -0.1128
vn 0.7229 0.6910 -0.0044
vn 0.9132 0.4064 -0.0313
vn 0.7160 0.6980 0.0060
vn 0.6458 0.7635 0.0093
vn 0.6432 0.7651 0.0311
vn 0.6390 0.7682 0.0393
vn 0.6707 0.7408 0.0379
vn 0.6969 0.7162 0.0368
vn 0.9059 0.4218 0.0375
vn 0.9113 0.4038 0.0804
vn 0.7339 0.6744 0.0814
vn 0.7169 0.6923 0.0828
vn 0.9145 0.3963 0.0820
vn 0.9081 0.4171 0.0375
vn 0.9396 0.3329 0.0797
vn 0.9941 0.1031 0.0343
vn 0.9937 0.1018 -0.0465
vn 0.9937 0.1018 -0.0465
vn 0.9853 0.1149 -0.1267
vn 0.9852 0.1150 -0.1273
vn 0.9968 -0.0750 0.0291
vn 0.9941 -0.0930 -0.0559
vn 0.9941 -0.0932 -0.0563
vn 0.9935 0.1011 0.0527
vn 0.9936 0.0972 0.0580
vn 0.9936 0.0971 0.0580
vn 0.9936 0.0971 0.0580
vn 0.9936 0.0971 0.0580
vn 0.9936 0.0971 0.0580
vn 0.9936 0.0971 0.0580
vn 0.9936 0.0970 0.0581
vn 0.9936 0.0968 0.0583
vn 0.9936 0.0964 0.0587
vn 0.9937 0.0952 0.0596
vn 0.9938 0.0919 0.0621
vn 0.9944 0.0725 0.0769
vn 0.9802 -0.1840 0.0736
vn 0.9912 -0.1151 0.0650
vn 0.9930 -0.0994 0.0636
vn 0.9950 -0.0775 0.0633
vn 0.9965 -0.0540 0.0635
vn 0.9974 -0.0324 0.0638
vn 0.9978 -0.0170 0.0638
vn 0.9980 -0.0100 0.0632
vn 0.9980 -0.0144 0.0621
vn 0.9976 -0.0359 0.0595
vn 0.9968 -0.0552 0.0570
vn 0.9960 -0.0707 0.0548
vn 0.9952 -0.0817 0.0531
vn 0.9950 -0.0852 0.0520
vn 0.9856 -0.1518 0.0747
vn 0.9856 -0.1519 0.0746
vn 0.9946 0.0677 0.0781
vn 0.9957 0.0524 0.0763
vn 0.9353 -0.3498 0.0542
vn 0.9352 -0.3499 0.0542
vn 0.9092 -0.4109 0.0679
vn 0.9403 -0.3331 0.0703
vn 0.9395 -0.3378 0.0578
vn 0.9659 -0.2514 0.0623
vn 0.9695 -0.2369 0.0628
vn 0.9693 -0.2375 0.0629
vn 0.9695 -0.2367 0.0630
vn 0.9696 -0.2364 0.0630
vn 0.9697 -0.2362 0.0630
vn 0.9608 -0.2684 0.0699
vn 0.9697 -0.2362 0.0630
vn 0.9697 -0.2361 0.0630
vn 0.9733 -0.2204 0.0638
vn -0.2257 -0.8534 0.4699
vn -0.1415 -0.8476 0.5114
vn -0.1376 -0.9645 0.2255
vn -0.2294 -0.8934 0.3864
vn -0.1183 -0.8170 0.5644
vn -0.1417 -0.8922 0.4289
vn -0.1413 -0.9146 0.3788
vn -0.1181 -0.7989 0.5898
vn -0.9951 0.0845 -0.0521
vn -0.9953 0.0816 -0.0531
vn -0.9960 0.0707 -0.0548
vn -0.9968 0.0552 -0.0570
vn -0.9976 0.0359 -0.0595
vn -0.9980 0.0144 -0.0621
vn -0.9979 0.0100 -0.0632
vn -0.9978 0.0170 -0.0638
vn -0.9974 0.0324 -0.0639
vn -0.9965 0.0540 -0.0635
vn -0.9950 0.0775 -0.0633
vn -0.9930 0.0996 -0.0636
vn -0.9899 0.1260 -0.0650
vn -0.9802 0.1838 -0.0736
vn -0.9944 -0.0725 -0.0769
vn -0.9938 -0.0919 -0.0621
vn -0.9937 -0.0952 -0.0596
vn -0.9936 -0.0963 -0.0587
vn -0.9936 -0.0968 -0.0583
vn -0.9936 -0.0970 -0.0581
vn -0.9936 -0.0971 -0.0580
vn -0.9936 -0.0971 -0.0580
vn -0.9936 -0.0971 -0.0580
vn -0.9936 -0.0972 -0.0580
vn -0.9936 -0.0971 -0.0580
vn -0.9936 -0.0972 -0.0580
vn -0.9936 -0.0971 -0.0580
vn -0.9935 -0.1011 -0.0527
vn -0.9941 -0.1031 -0.0344
vn -0.9968 0.0749 -0.0288
vn -0.9402 0.3332 -0.0704
vn -0.9729 0.2223 -0.0638
vn -0.9703 0.2335 -0.0630
vn -0.9620 0.2639 -0.0701
vn -0.9703 0.2334 -0.0630
vn -0.9703 0.2334 -0.0630
vn -0.9703 0.2334 -0.0630
vn -0.9703 0.2334 -0.0630
vn -0.9704 0.2331 -0.0630
vn -0.9695 0.2370 -0.0628
vn -0.9659 0.2513 -0.0623
vn -0.9411 0.3332 -0.0579
vn -0.9856 0.1519 -0.0746
vn -0.9091 0.4109 -0.0680
vn -0.9352 0.3499 -0.0542
vn -0.9352 0.3499 -0.0542
vn -0.9957 -0.0525 -0.0763
vn -0.9946 -0.0677 -0.0781
vn -0.9856 0.1519 -0.0746
vn -0.9216 -0.3793 -0.0818
vn -0.9187 -0.3866 -0.0802
vn -0.9384 -0.3362 -0.0797
vn -0.9067 -0.4201 -0.0375
vn -0.9941 0.0924 0.0568
vn -0.9941 0.0923 0.0565
vn -0.9937 -0.1015 0.0472
vn -0.9937 -0.1015 0.0472
vn -0.9130 -0.4067 0.0320
vn -0.9057 -0.4223 -0.0375
vn -0.7339 -0.6744 -0.0814
vn -0.7256 -0.6838 -0.0775
vn -0.7245 -0.6850 -0.0768
vn -0.7243 -0.6852 -0.0767
vn -0.7243 -0.6852 -0.0767
vn -0.8066 -0.5865 -0.0732
vn -0.7243 -0.6852 -0.0767
vn -0.7243 -0.6852 -0.0767
vn -0.7243 -0.6852 -0.0767
vn -0.7243 -0.6852 -0.0767
vn -0.7242 -0.6853 -0.0767
vn -0.7240 -0.6855 -0.0765
vn -0.7223 -0.6875 -0.0753
vn -0.7168 -0.6939 -0.0690
vn -0.7071 -0.7050 -0.0544
vn -0.7063 -0.7060 -0.0529
vn -0.7062 -0.7061 -0.0528
vn -0.7062 -0.7061 -0.0527
vn -0.7061 -0.7061 -0.0527
vn -0.7062 -0.7061 -0.0527
vn -0.7062 -0.7061 -0.0527
vn -0.7061 -0.7062 -0.0526
vn -0.7058 -0.7065 -0.0521
vn -0.7029 -0.7098 -0.0473
vn -0.6970 -0.7161 -0.0368
vn -0.7163 -0.6978 -0.0056
vn -0.7232 -0.6906 0.0049
vn -0.9120 -0.3939 0.1147
vn -0.9849 -0.1153 0.1293
vn -0.9850 -0.1152 0.1287
vn -0.7424 -0.6686 0.0431
vn -0.7529 -0.6533 0.0793
vn -0.8855 -0.3825 0.2638
vn -0.7587 -0.6404 0.1196
vn -0.7585 -0.6156 0.2139
vn -0.9487 -0.1211 0.2922
vn -0.9490 -0.1212 0.2909
vn -0.9356 0.1663 0.3116
vn -0.9369 0.1650 0.3083
vn -0.9805 0.1429 0.1349
vn -0.9809 0.1418 0.1332
vn -0.9213 0.3688 0.1231
vn -0.9216 0.3864 0.0366
vn -0.8797 0.3784 0.2880
vn -0.8807 0.3782 0.2852
vn -0.8813 0.3781 0.2835
vn -0.9218 0.3686 0.1199
vn -0.9220 0.3686 0.1184
vn -0.9226 0.3853 0.0189
vn 0.3605 0.9258 -0.1141
vn 0.3606 0.9258 -0.1137
vn 0.3658 0.9296 -0.0454
vn 0.3657 0.9296 -0.0460
vn 0.3656 0.9296 -0.0466
vn 0.3601 0.9258 -0.1153
vn 0.3658 0.9296 -0.0451
vn 0.3854 0.9227 -0.0099
vn 0.3855 0.9227 -0.0051
vn 0.3853 0.9228 -0.0053
vn -0.9225 0.3856 0.0183
vn -0.9113 0.4108 -0.0275
vn -0.9113 0.4108 -0.0270
vn -0.9116 0.4105 -0.0225
vn -0.9121 0.4095 -0.0183
vn -0.9125 0.4088 -0.0158
vn -0.9128 0.4081 -0.0133
vn -0.9133 0.4072 -0.0088
vn -0.9133 0.4073 -0.0067
vn 0.3856 0.9226 -0.0099
vn 0.4091 0.8962 -0.1718
vn 0.4092 0.8963 -0.1710
vn 0.3745 0.7649 -0.5241
vn 0.3743 0.7639 -0.5258
vn -0.9103 0.4108 -0.0507
vn -0.9093 0.4109 -0.0660
vn -0.3723 -0.7943 0.4801
vn -0.3727 -0.7955 0.4778
vn -0.3140 -0.7975 0.5151
vn -0.3262 -0.8496 0.4145
vn -0.3701 -0.7957 0.4795
vn -0.3692 -0.7941 0.4829
vn -0.4096 -0.9122 0.0047
vn -0.4097 -0.9122 0.0024
vn 0.9133 -0.4073 0.0067
vn 0.9133 -0.4072 0.0088
vn 0.9129 -0.4081 0.0132
vn 0.9125 -0.4088 0.0158
vn 0.9121 -0.4095 0.0183
vn 0.9116 -0.4105 0.0225
vn 0.9113 -0.4108 0.0270
vn 0.9113 -0.4108 0.0275
vn 0.9225 -0.3857 -0.0181
vn 0.9215 -0.3867 -0.0359
vn -0.3773 -0.8559 -0.3538
vn -0.3773 -0.8560 -0.3534
vn -0.3038 -0.6994 -0.6469
vn -0.3042 -0.7015 -0.6444
vn -0.0986 -0.2419 -0.9653
vn -0.1005 -0.2462 -0.9640
vn 0.1094 0.2292 -0.9672
vn 0.1239 0.2619 -0.9571
vn 0.1244 0.2615 -0.9571
vn 0.1093 0.2271 -0.9677
vn 0.9108 -0.4120 0.0263
vn 0.9103 -0.4130 0.0263
vn 0.9118 -0.4101 0.0193
vn 0.9120 -0.4099 0.0133
vn 0.9127 -0.4085 0.0084
vn 0.9130 -0.4078 0.0070
vn 0.9132 -0.4074 0.0067
vn 0.9204 -0.3884 -0.0444
vn 0.9216 -0.3688 -0.1211
vn 0.9208 -0.3701 -0.1228
vn 0.9225 -0.3856 -0.0183
vn 0.9222 -0.3685 -0.1175
vn 0.9544 -0.2945 -0.0499
vn 0.9527 -0.2760 -0.1273
vn 0.9471 -0.3197 0.0273
vn 0.9425 -0.3331 0.0271
vn 0.9813 -0.1406 -0.1315
vn 0.9981 0.0253 -0.0556
vn 0.9980 0.0335 -0.0542
vn 0.9986 -0.0021 -0.0522
vn 0.9976 -0.0453 -0.0520
vn 0.9933 -0.0694 -0.0928
vn 0.9951 -0.0956 -0.0249
vn 0.9888 -0.1389 -0.0544
vn 0.9875 -0.1489 -0.0520
vn 0.9917 -0.1186 -0.0503
vn 0.9923 -0.1101 -0.0560
vn 0.9899 -0.1305 -0.0557
vn 0.9886 -0.1397 -0.0557
vn 0.9874 -0.1484 -0.0556
vn 0.9864 -0.1544 -0.0556
vn 0.9856 -0.1595 -0.0555
vn 0.9848 -0.1643 -0.0555
vn 0.9842 -0.1683 -0.0554
vn 0.9829 -0.1759 -0.0553
vn 0.9762 -0.2099 -0.0540
vn 0.9708 -0.2339 -0.0527
vn 0.9653 -0.2595 0.0278
vn 0.9626 -0.2696 0.0277
vn 0.9569 -0.2890 0.0276
vn 0.9521 -0.3044 0.0274
vn 0.9480 -0.3172 0.0273
vn 0.9495 -0.3114 0.0379
vn 0.9421 -0.3333 0.0359
vn 0.9534 -0.2990 0.0398
vn 0.2518 0.8434 -0.4746
vn 0.3088 0.8217 -0.4790
vn 0.3166 0.8500 -0.4210
vn 0.2979 0.8571 -0.4202
vn 0.2885 0.8652 -0.4102
vn 0.2744 0.8693 -0.4112
vn 0.2582 0.8797 -0.3993
vn 0.3743 0.7944 -0.4784
vn 0.3724 0.7896 -0.4877
vn 0.3671 0.7934 -0.4855
vn 0.3684 0.7966 -0.4792
vn -0.9132 0.4074 -0.0067
vn -0.9130 0.4078 -0.0070
vn -0.9127 0.4085 -0.0084
vn -0.9120 0.4099 -0.0133
vn -0.9118 0.4101 -0.0193
vn -0.9103 0.4130 -0.0262
vn -0.9425 0.3331 -0.0271
vn -0.9422 0.3331 -0.0359
vn 0.3642 0.7947 -0.4857
vn 0.3650 0.7968 -0.4815
vn 0.3257 0.7151 -0.6185
vn 0.3271 0.7183 -0.6140
vn 0.2313 0.5036 -0.8324
vn 0.2323 0.5058 -0.8308
vn -0.9638 0.2630 -0.0439
vn -0.9679 0.2471 -0.0454
vn -0.9691 0.2423 -0.0457
vn -0.9684 0.2450 -0.0459
vn -0.9678 0.2471 -0.0478
vn 0.2389 0.8493 -0.4707
vn 0.2575 0.8802 -0.3987
vn 0.2451 0.8891 -0.3866
vn 0.2357 0.8537 -0.4643
vn 0.2358 0.8535 -0.4647
vn 0.2410 0.8688 -0.4326
vn 0.2296 0.8024 -0.5508
vn 0.2399 0.8479 -0.4728
vn 0.2341 0.8254 -0.5137
vn 0.2463 0.8757 -0.4153
vn 0.2455 0.8845 -0.3967
vn 0.2050 0.9568 -0.2060
vn 0.1817 0.9734 -0.1396
vn 0.1680 0.9803 -0.1042
vn 0.1605 0.9833 -0.0861
vn 0.1528 0.9859 -0.0676
vn 0.1448 0.9882 -0.0491
vn 0.1367 0.9901 -0.0307
vn 0.1093 0.9936 0.0284
vn 0.0999 0.9939 0.0476
vn 0.0798 0.9929 0.0877
vn 0.0992 0.8136 -0.5729
vn 0.0967 0.8872 -0.4512
vn 0.0990 0.8878 -0.4494
vn 0.0990 0.8870 -0.4510
vn 0.0966 0.8900 -0.4457
vn 0.0878 0.8927 -0.4420
vn 0.0880 0.8875 -0.4523
vn 0.0747 0.8951 -0.4395
vn 0.0751 0.8882 -0.4532
vn 0.0585 0.8969 -0.4384
vn 0.0592 0.8890 -0.4540
vn 0.0366 0.9279 -0.3710
vn 0.0375 0.9207 -0.3885
vn 0.0046 0.9963 0.0853
vn 0.0044 0.9961 0.0878
vn -0.0192 0.8506 0.5255
vn -0.0205 0.8395 0.5430
vn -0.0388 0.5062 0.8615
vn -0.0400 0.4890 0.8714
vn -0.0616 0.0371 0.9974
vn -0.0618 0.0347 0.9975
vn -0.0916 -0.4483 0.8892
vn -0.0907 -0.4287 0.8989
vn -0.9871 0.1576 -0.0283
vn -0.9867 0.1601 -0.0283
vn -0.9869 0.1592 -0.0275
vn -0.0129 0.9999 0.0031
vn 0.9748 0.2175 0.0494
vn -0.9616 0.2696 -0.0511
vn -0.9897 0.1380 -0.0387
vn -0.9877 0.1541 -0.0280
vn -0.9881 0.1510 -0.0283
vn -0.5544 0.8317 -0.0306
vn -0.9876 0.1553 -0.0212
vn 0.9809 -0.1416 -0.1331
vn 0.9220 -0.3686 -0.1184
vn 0.8817 -0.3781 -0.2823
vn 0.8813 -0.3781 -0.2834
vn 0.3599 0.9257 -0.1161
vn 0.3439 0.9120 -0.2237
vn 0.3441 0.9120 -0.2235
vn 0.2741 0.9130 -0.3021
vn 0.2742 0.9130 -0.3019
vn -0.7621 0.4104 0.5008
vn -0.7643 0.4103 0.4974
vn -0.5854 0.4075 0.7009
vn -0.6148 0.4079 0.6750
vn -0.8211 0.1833 0.5405
vn -0.6236 0.2167 0.7511
vn -0.6219 0.2169 0.7525
vn -0.8362 -0.1225 0.5346
vn -0.6286 -0.1767 0.7574
vn -0.8225 -0.1768 0.5406
vn -0.3782 -0.1765 0.9088
vn -0.3706 0.1976 0.9075
vn -0.3715 0.2407 0.8967
vn -0.3538 0.4054 0.8429
vn -0.4243 0.4059 0.8094
vn -0.0942 -0.1761 0.9799
vn -0.0947 0.1751 0.9800
vn -0.3768 0.1748 0.9097
vn -0.5093 -0.6031 0.6139
vn -0.4974 -0.6031 0.6236
vn -0.3060 -0.6030 0.7367
vn -0.2946 -0.6030 0.7413
vn -0.0757 -0.6025 0.7945
vn -0.3410 -0.8371 0.4277
vn -0.3385 -0.8371 0.4298
vn -0.2017 -0.8372 0.5084
vn -0.0665 -0.6025 0.7953
vn -0.1992 -0.8373 0.5092
vn -0.0454 -0.8344 0.5493
vn 0.1981 -0.1756 0.9643
vn 0.1614 -0.6023 0.7818
vn 0.1675 -0.6023 0.7805
vn -0.0434 -0.8343 0.5495
vn 0.1159 -0.8356 0.5370
vn 0.4729 -0.1750 0.8636
vn 0.3845 -0.6016 0.7001
vn 0.1974 0.1756 0.9645
vn -0.0933 0.1751 0.9801
vn 0.7059 -0.1744 0.6865
vn 0.7059 -0.1744 0.6865
vn 0.3872 -0.6016 0.6987
vn 0.5736 -0.6011 0.5565
vn 0.1173 -0.8356 0.5367
vn 0.2694 -0.8322 0.4846
vn 0.2701 -0.8322 0.4843
vn 0.3049 -0.8327 0.4623
vn 0.3200 -0.8327 0.4518
vn 0.3209 -0.8327 0.4512
vn 0.3210 -0.8327 0.4511
vn 0.3210 -0.8327 0.4511
vn 0.3211 -0.8327 0.4511
vn 0.3212 -0.8327 0.4510
vn 0.3218 -0.8327 0.4506
vn 0.3232 -0.8327 0.4496
vn 0.3269 -0.8327 0.4470
vn 0.3984 -0.8324 0.3853
vn 0.8605 -0.1739 0.4789
vn 0.6949 -0.6022 0.3929
vn 0.6980 -0.6022 0.3876
vn 0.4801 -0.8339 0.2722
vn 0.4807 -0.8339 0.2710
vn 0.2132 -0.8996 0.3812
vn 0.2532 -0.9090 0.3312
vn 0.2951 -0.9121 0.2846
vn 0.3405 -0.9087 0.2413
vn 0.3750 -0.9025 0.2118
vn 0.3899 -0.8990 0.1996
vn 0.4345 -0.8876 0.1529
vn 0.4314 -0.8941 0.1205
vn 0.4282 -0.8964 0.1145
vn 0.5319 -0.8347 0.1429
vn 0.5325 -0.8347 0.1403
vn 0.7715 -0.6026 0.2042
vn 0.4067 -0.9088 0.0928
vn 0.3669 -0.9271 0.0763
vn 0.3638 -0.9284 0.0757
vn 0.3685 -0.9284 0.0481
vn 0.4079 -0.9121 0.0419
vn 0.5511 -0.8344 0.0059
vn -0.8627 -0.3698 0.3450
vn -0.8298 -0.3398 0.4427
vn -0.6122 -0.1957 0.7661
vn -0.6098 -0.1944 0.7683
vn -0.8286 -0.3388 0.4457
vn -0.8619 -0.3689 0.3480
vn -0.8550 -0.4599 -0.2396
vn -0.8551 -0.4599 -0.2393
vn -0.4790 0.8348 -0.2715
vn -0.4796 0.8348 -0.2704
vn -0.5153 0.8458 -0.1384
vn -0.4285 0.8963 -0.1145
vn -0.4317 0.8939 -0.1206
vn -0.4348 0.8874 -0.1530
vn -0.3901 0.8988 -0.1998
vn -0.3753 0.9023 -0.2120
vn -0.5148 0.8465 -0.1356
vn -0.5511 0.8344 -0.0059
vn -0.4064 0.9127 -0.0422
vn -0.3688 0.9283 -0.0481
vn -0.3640 0.9283 -0.0757
vn -0.3669 0.9271 -0.0763
vn -0.4070 0.9087 -0.0928
vn -0.7089 0.5803 -0.4009
vn -0.7122 0.5799 -0.3956
vn -0.7854 0.5830 -0.2079
vn -0.5917 0.7336 -0.3344
vn -0.3918 0.8384 -0.3789
vn -0.4888 0.7327 -0.4736
vn -0.5734 0.6015 -0.5563
vn -0.7066 0.1691 -0.6872
vn -0.7066 0.1690 -0.6872
vn -0.8613 0.1685 -0.4793
vn -0.7882 0.5834 -0.1959
vn -0.9565 0.1681 -0.2384
vn -0.6845 0.7284 -0.0303
vn -0.3628 0.9307 -0.0457
vn -0.3628 0.9307 -0.0457
vn -0.3628 0.9307 -0.0457
vn -0.8192 0.5735 -0.0025
vn -0.8093 0.5873 -0.0014
vn -0.8079 0.5893 -0.0014
vn -0.8056 0.5924 -0.0020
vn -0.8030 0.5960 -0.0019
vn -0.7978 0.6029 -0.0017
vn -0.7893 0.6140 -0.0018
vn -0.7772 0.6293 -0.0020
vn -0.7605 0.6493 -0.0022
vn -0.7307 0.6827 -0.0023
vn -0.6823 0.7310 -0.0032
vn -0.6644 0.7419 -0.0898
vn -0.6456 0.7637 0.0013
vn -0.6456 0.7637 0.0013
vn -0.5489 0.8359 -0.0052
vn -0.6456 0.7637 0.0013
vn -0.5489 0.8359 -0.0052
vn -0.9857 0.1677 0.0170
vn -0.9596 0.2809 0.0141
vn -0.9281 0.3722 0.0110
vn -0.9136 0.4056 0.0297
vn -0.0146 0.9999 0.0043
vn -0.7647 0.6061 0.2188
vn -0.7637 0.6065 0.2213
vn -0.7732 0.5950 0.2196
vn -0.8841 0.4035 0.2358
vn -0.8833 0.4048 0.2364
vn -0.8703 0.4264 0.2464
vn -0.9813 0.1168 0.1530
vn -0.9610 0.2149 0.1743
vn -0.9934 0.1136 0.0180
vn -0.9545 -0.1790 -0.2385
vn -0.9839 -0.1782 0.0162
vn -0.9940 -0.1059 0.0278
vn -0.9855 -0.0989 0.1380
vn -0.9905 0.0011 0.1378
vn -0.9659 -0.0081 0.2589
vn -0.9496 0.1476 0.2765
vn -0.9742 -0.1688 0.1501
vn -0.9554 -0.1237 0.2683
vn -0.9087 -0.4110 0.0728
vn -0.9036 -0.4034 0.1440
vn -0.9158 -0.3793 0.1320
vn -0.9760 -0.2173 0.0166
vn -0.9494 -0.3094 0.0543
vn -0.9335 -0.3524 0.0667
vn -0.9214 -0.0765 0.3811
vn -0.9297 -0.0865 0.3581
vn -0.9427 -0.1038 0.3170
vn -0.9256 -0.2622 0.2729
vn -0.9177 -0.1762 0.3560
vn -0.9167 -0.1705 0.3614
vn -0.9046 -0.3833 0.1867
vn -0.9039 -0.3770 0.2023
vn -0.9038 -0.3767 0.2032
vn -0.9038 -0.3765 0.2036
vn -0.9038 -0.3764 0.2038
vn -0.9037 -0.3764 0.2039
vn -0.9037 -0.3764 0.2039
vn -0.9037 -0.3762 0.2044
vn -0.9036 -0.3759 0.2055
vn -0.9033 -0.3750 0.2082
vn -0.9024 -0.3730 0.2156
vn -0.9015 -0.3720 0.2214
vn -0.9124 -0.2855 0.2934
vn -0.9087 -0.4099 0.0791
vn -0.8999 -0.4303 0.0711
vn -0.8909 -0.4501 0.0609
vn -0.9100 -0.4144 0.0141
vn -0.9100 -0.4144 0.0137
vn -0.9072 -0.3750 0.1907
vn -0.9072 -0.3749 0.1910
vn -0.9106 -0.3982 0.1108
vn -0.9539 -0.2997 0.0173
vn -0.9347 -0.3552 0.0157
vn -0.9139 -0.4027 -0.0514
vn -0.8845 -0.4013 -0.2380
vn -0.9077 -0.4147 -0.0644
vn -0.8830 -0.4141 -0.2210
vn -0.9100 -0.4144 0.0141
vn -0.9544 -0.1790 -0.2388
vn -0.8824 -0.4141 -0.2232
vn -0.9100 -0.4144 0.0142
vn -0.9100 -0.4144 0.0144
vn -0.8827 -0.4141 -0.2221
vn -0.8594 -0.1786 -0.4791
vn -0.8593 -0.1786 -0.4792
vn -0.7947 -0.4137 -0.4442
vn -0.7937 -0.4136 -0.4460
vn -0.7944 -0.4136 -0.4447
vn -0.7051 -0.1768 -0.6867
vn -0.6522 -0.4080 -0.6389
vn -0.4692 -0.4094 -0.7824
vn -0.6508 -0.4131 -0.6370
vn -0.2968 0.9107 -0.2873
vn -0.2967 0.9107 -0.2874
vn -0.3617 0.9105 -0.2006
vn 0.2964 -0.9109 0.2871
vn -0.2967 0.9107 -0.2873
vn -0.3612 0.9106 -0.2007
vn -0.4017 0.9103 -0.1000
vn -0.4017 0.9103 -0.1000
vn 0.7943 0.4137 0.4449
vn 0.8827 0.4141 0.2221
vn 0.8824 0.4141 0.2234
vn 0.7937 0.4136 0.4461
vn -0.4144 0.9101 0.0076
vn -0.0714 0.1238 -0.9897
vn 0.9100 0.4144 -0.0146
vn 0.8931 0.4132 -0.1777
vn 0.9100 0.4144 -0.0141
vn 0.9100 0.4144 -0.0138
vn -0.3650 0.9270 0.0864
vn -0.4144 0.9101 0.0075
vn -0.4144 0.9101 0.0076
vn -0.3674 0.9270 0.0753
vn -0.3674 0.9270 0.0753
vn 0.9072 0.3750 -0.1906
vn 0.9096 0.4134 -0.0414
vn 0.9221 0.3869 -0.0111
vn 0.9186 0.3950 -0.0062
vn 0.9112 0.4116 0.0178
vn 0.9086 0.4113 -0.0721
vn 0.9054 0.3943 -0.1576
vn 0.9046 0.3830 -0.1870
vn 0.9041 0.3759 -0.2032
vn 0.9041 0.3755 -0.2041
vn 0.9040 0.3753 -0.2046
vn 0.9040 0.3752 -0.2049
vn 0.9040 0.3751 -0.2050
vn 0.9040 0.3751 -0.2050
vn 0.9040 0.3749 -0.2056
vn 0.9039 0.3743 -0.2068
vn 0.9038 0.3730 -0.2099
vn 0.9033 0.3692 -0.2184
vn 0.9054 0.4242 -0.0166
vn 0.9059 0.4234 -0.0039
vn 0.9503 0.3067 -0.0536
vn 0.9237 0.3771 -0.0682
vn 0.9113 0.3999 -0.0980
vn 0.9765 0.2149 -0.0162
vn 0.9839 0.1782 -0.0162
vn 0.9742 0.1688 -0.1500
vn 0.9133 0.2624 -0.3116
vn 0.9420 0.0936 -0.3224
vn 0.9243 0.0728 -0.3746
vn 0.9940 0.1059 -0.0276
vn 0.9855 0.0989 -0.1380
vn 0.9481 0.0127 -0.3176
vn 0.9905 -0.0007 -0.1378
vn 0.9556 -0.1734 0.2381
vn 0.9848 -0.1730 -0.0173
vn 0.9930 -0.1169 -0.0183
vn 0.9547 0.1778 0.2385
vn 0.9543 0.1779 0.2401
vn 0.8596 0.1774 0.4791
vn 0.7745 -0.6027 0.1923
vn 0.8006 -0.5993 0.0014
vn 0.9136 -0.4056 -0.0296
vn 0.8841 -0.4035 -0.2358
vn 0.8854 -0.4012 -0.2349
vn 0.9618 -0.2118 -0.1736
vn 0.9809 -0.1196 -0.1536
vn 0.8734 -0.4215 -0.2440
vn 0.7659 -0.6055 -0.2162
vn 0.8701 -0.2992 -0.3916
vn 0.9049 -0.2270 -0.3601
vn 0.8052 -0.5126 -0.2982
vn 0.7475 -0.5615 -0.3549
vn 0.7491 -0.5606 -0.3530
vn 0.7648 -0.6059 -0.2190
vn 0.6999 -0.6293 -0.3379
vn 0.5422 -0.8264 -0.1520
vn 0.6988 -0.6297 -0.3394
vn 0.5411 -0.8228 -0.1741
vn 0.5324 -0.8065 -0.2572
vn 0.7121 -0.5421 -0.4462
vn 0.7122 -0.5438 -0.4439
vn 0.7191 -0.5667 -0.4022
vn 0.6405 -0.6504 -0.4084
vn 0.6401 -0.6506 -0.4087
vn 0.5268 -0.7984 -0.2916
vn 0.5191 -0.7875 -0.3323
vn 0.7294 -0.4044 -0.5518
vn 0.7361 -0.4055 -0.5419
vn 0.7199 -0.4899 -0.4917
vn 0.5926 -0.6642 -0.4558
vn 0.5925 -0.6642 -0.4559
vn 0.7858 -0.3733 -0.4930
vn 0.7874 -0.4104 -0.4600
vn 0.7901 -0.3045 -0.5319
vn 0.7376 -0.3977 -0.5457
vn 0.8267 -0.2813 -0.4873
vn 0.8290 -0.3119 -0.4643
vn 0.8273 -0.2261 -0.5143
vn 0.8547 -0.1550 -0.4954
vn 0.8547 -0.2004 -0.4788
vn 0.8559 -0.2277 -0.4643
vn 0.8600 -0.2413 -0.4497
vn 0.8345 -0.3277 -0.4429
vn 0.8339 -0.3296 -0.4427
vn 0.7944 -0.4293 -0.4297
vn 0.8818 -0.1480 -0.4477
vn 0.8468 -0.3277 -0.4189
vn 0.8780 -0.1558 -0.4527
vn 0.8784 -0.1532 -0.4527
vn 0.8754 -0.1454 -0.4611
vn 0.8897 -0.0504 -0.4538
vn 0.8903 -0.0566 -0.4518
vn 0.8931 0.0775 -0.4432
vn 0.8842 0.0802 -0.4602
vn 0.8864 -0.1248 -0.4458
vn 0.8699 0.0820 -0.4864
vn 0.8923 -0.0854 -0.4434
vn 0.9371 -0.1080 -0.3319
vn 0.8997 -0.0320 -0.4354
vn 0.8512 0.0801 -0.5187
vn 0.8326 0.0678 -0.5496
vn 0.8927 -0.0653 -0.4459
vn 0.8844 -0.0640 -0.4623
vn 0.8691 -0.0560 -0.4915
vn 0.8485 -0.0396 -0.5277
vn 0.8290 -0.0055 -0.5592
vn 0.8237 0.0374 -0.5658
vn 0.9040 0.0218 -0.4270
vn 0.9041 0.0537 -0.4240
vn 0.9090 0.1692 -0.3809
vn 0.8998 0.3531 -0.2563
vn 0.9014 0.1297 -0.4131
vn 0.8825 0.3252 -0.3399
vn 0.8882 0.3313 -0.3183
vn 0.8888 0.3320 -0.3160
vn 0.8889 0.3322 -0.3153
vn 0.8890 0.3323 -0.3151
vn 0.8890 0.3323 -0.3150
vn 0.8890 0.3323 -0.3149
vn 0.8949 0.3246 -0.3064
vn 0.8949 0.3246 -0.3064
vn 0.8949 0.3246 -0.3064
vn 0.9066 0.2169 -0.3621
vn 0.8890 0.3323 -0.3150
vn 0.8890 0.3323 -0.3149
vn 0.8891 0.3324 -0.3148
vn 0.8916 0.3357 -0.3039
vn 0.8699 0.4275 -0.2461
vn 0.8699 0.4275 -0.2461
vn 0.8715 0.3177 -0.3735
vn 0.9072 0.3750 -0.1907
vn 0.8683 0.2333 -0.4378
vn -0.2675 0.9461 0.1825
vn -0.2926 0.9482 0.1238
vn -0.2074 0.9724 0.1068
vn -0.2102 0.9724 0.1012
vn -0.3649 0.9270 0.0866
vn -0.8663 -0.3388 0.3671
vn -0.8819 -0.3568 0.3082
vn -0.8832 -0.3592 0.3016
vn -0.8832 -0.3592 0.3014
vn -0.8832 -0.3593 0.3014
vn -0.8965 -0.3249 0.3013
vn -0.8965 -0.3249 0.3013
vn -0.8965 -0.3249 0.3013
vn -0.8715 -0.4236 0.2469
vn -0.8965 -0.3249 0.3013
vn -0.8833 -0.3593 0.3012
vn -0.8834 -0.3595 0.3007
vn -0.8836 -0.3599 0.2997
vn -0.8842 -0.3613 0.2959
vn -0.8855 -0.3643 0.2883
vn -0.8904 -0.3743 0.2589
vn -0.9095 -0.2219 0.3516
vn -0.9036 -0.1332 0.4071
vn -0.9104 -0.2109 0.3559
vn -0.8693 -0.2288 0.4382
vn -0.8918 0.0809 0.4451
vn -0.8775 0.0831 0.4723
vn -0.8811 0.0658 0.4683
vn -0.8839 0.0512 0.4649
vn -0.8883 0.0270 0.4585
vn -0.8936 -0.0076 0.4489
vn -0.8989 -0.0542 0.4347
vn -0.9008 -0.1285 0.4148
vn -0.8959 -0.0918 0.4347
vn -0.8764 -0.0463 0.4793
vn -0.8681 -0.0305 0.4955
vn -0.8563 -0.0103 0.5164
vn -0.8482 0.0027 0.5296
vn -0.8431 0.0099 0.5376
vn -0.8376 0.0174 0.5459
vn -0.8315 0.0273 0.5548
vn -0.8269 0.0317 0.5614
vn -0.8222 0.0369 0.5680
vn -0.8193 0.0433 0.5717
vn -0.8165 0.0481 0.5754
vn -0.8089 0.0542 0.5855
vn -0.8115 0.0494 0.5823
vn -0.8290 0.0054 0.5592
vn -0.8750 -0.0306 0.4831
vn -0.8969 -0.0509 0.4392
vn -0.9137 -0.0679 0.4008
vn -0.8914 -0.0735 0.4473
vn -0.8861 -0.0473 0.4610
vn -0.8758 -0.0024 0.4827
vn -0.8651 0.0368 0.5002
vn -0.8436 0.1019 0.5272
vn -0.8562 0.0642 0.5126
vn -0.7830 0.2358 0.5756
vn -0.8057 0.1910 0.5607
vn -0.8224 0.1561 0.5471
vn -0.7541 0.2926 0.5880
vn -0.7074 0.3659 0.6047
vn -0.5091 0.5875 0.6290
vn -0.6309 0.4626 0.6229
vn -0.8931 -0.0775 0.4432
vn -0.8843 -0.0802 0.4600
vn -0.8702 -0.0819 0.4858
vn -0.8517 -0.0802 0.5179
vn -0.8329 -0.0681 0.5493
vn -0.8237 -0.0374 0.5658
vn -0.8611 0.0506 0.5059
vn -0.8725 -0.0281 0.4877
vn -0.8974 -0.0231 0.4407
vn -0.8716 -0.0134 0.4901
vn -0.8939 0.0228 0.4477
vn -0.9165 -0.0192 0.3996
vn -0.9108 0.0535 0.4093
vn -0.8892 0.0686 0.4524
vn -0.8975 0.1254 0.4228
vn -0.8758 0.0041 0.4826
vn -0.8864 0.1035 0.4512
vn -0.8845 0.1724 0.4335
vn -0.8836 0.0255 0.4676
vn -0.8887 0.0463 0.4561
vn -0.8841 0.1252 0.4502
vn -0.8917 0.0381 0.4511
vn -0.8905 0.0542 0.4517
vn -0.9112 0.0041 0.4119
vn -0.9112 -0.0355 0.4104
vn -0.9108 -0.0514 0.4096
vn -0.9099 -0.0621 0.4101
vn -0.9072 -0.0718 0.4145
vn -0.9038 -0.0751 0.4212
vn -0.9001 -0.0766 0.4288
vn -0.8962 -0.0773 0.4368
vn -0.9010 0.0757 0.4271
vn -0.9087 0.0581 0.4134
vn -0.9114 0.0377 0.4098
vn -0.9120 0.0232 0.4095
vn -0.9123 0.0151 0.4092
vn -0.9124 0.0107 0.4092
vn -0.9123 0.0082 0.4094
vn -0.9122 0.0070 0.4096
vn -0.9122 0.0064 0.4098
vn -0.9121 0.0061 0.4100
vn -0.9120 0.0061 0.4101
vn -0.9121 0.0060 0.4100
vn -0.9117 0.0051 0.4108
vn -0.9115 0.0046 0.4114
vn -0.8912 0.0353 0.4522
vn -0.8844 0.1125 0.4529
vn -0.8824 0.1058 0.4584
vn -0.8975 -0.0309 0.4399
vn -0.8932 0.0144 0.4494
vn -0.8833 0.0824 0.4616
vn -0.8710 0.1408 0.4706
vn -0.8715 0.1643 0.4621
vn -0.8748 0.1733 0.4524
vn -0.8819 0.1305 0.4529
vn -0.8700 0.1977 0.4517
vn -0.8755 0.1944 0.4423
vn -0.8607 0.2384 0.4499
vn -0.8565 0.2255 0.4643
vn -0.8515 0.2730 0.4477
vn -0.8614 0.2695 0.4306
vn -0.8420 0.3048 0.4451
vn -0.8376 0.2877 0.4644
vn -0.8556 0.1982 0.4782
vn -0.8366 0.2557 0.4846
vn -0.8218 0.3634 0.4389
vn -0.8302 0.3403 0.4415
vn -0.8166 0.3443 0.4632
vn -0.8141 0.3129 0.4893
vn -0.8437 0.3380 0.4171
vn -0.8025 0.4110 0.4325
vn -0.8192 0.4117 0.3993
vn -0.7927 0.4329 0.4291
vn -0.7866 0.4124 0.4596
vn -0.6540 0.6570 0.3750
vn -0.7115 0.6172 0.3359
vn -0.7168 0.6123 0.3336
vn -0.7909 0.4796 0.3801
vn -0.6673 0.6071 0.4314
vn -0.6162 0.7002 0.3606
vn -0.6395 0.6507 0.4093
vn -0.6976 0.6301 0.3410
vn -0.6985 0.6298 0.3398
vn -0.7460 0.5624 0.3567
vn -0.7191 0.5667 0.4023
vn -0.7120 0.5442 0.4437
vn -0.7121 0.5406 0.4479
vn -0.7197 0.4908 0.4911
vn -0.6727 0.5964 0.4379
vn -0.7818 0.3821 0.4927
vn -0.7528 0.4360 0.4931
vn -0.5921 0.6643 0.4563
vn -0.5922 0.6643 0.4562
vn -0.6393 0.6508 0.4096
vn -0.7362 0.4055 0.5419
vn -0.7289 0.4043 0.5524
vn -0.7372 0.3995 0.5449
vn -0.7617 0.3578 0.5401
vn -0.7448 0.0582 0.6648
vn -0.7447 0.0686 0.6638
vn -0.6909 0.3970 0.6042
vn -0.7565 0.2620 0.5993
vn -0.7638 0.0890 0.6393
vn -0.7634 0.0667 0.6425
vn -0.6864 0.4106 0.6002
vn -0.5543 0.6706 0.4930
vn -0.5053 0.7335 0.4546
vn -0.5021 0.7564 0.4192
vn -0.5065 0.7674 0.3932
vn -0.4765 0.7657 0.4321
vn -0.8016 0.2929 0.5212
vn -0.5963 0.6981 0.3963
vn -0.8292 -0.0723 0.5543
vn -0.9263 0.2487 0.2830
vn -0.7121 0.6565 0.2488
vn -0.9050 -0.1177 0.4088
vn -0.9561 -0.1147 0.2697
vn -0.9151 -0.3200 0.2454
vn -0.9221 -0.3123 0.2285
vn -0.9300 -0.2829 0.2347
vn -0.9348 -0.2636 0.2379
vn -0.9397 -0.2455 0.2381
vn -0.9435 -0.2333 0.2354
vn -0.9508 -0.2218 0.2164
vn -0.9572 -0.2107 0.1982
vn -0.9632 -0.1984 0.1812
vn -0.9688 -0.1848 0.1650
vn -0.9740 -0.1699 0.1497
vn -0.9785 -0.1563 0.1348
vn -0.9783 -0.1620 0.1295
vn -0.9775 -0.1710 0.1236
vn -0.9756 -0.1851 0.1180
vn -0.9715 -0.2080 0.1137
vn -0.9787 -0.1815 0.0964
vn -0.9414 0.3030 0.1483
vn -0.7437 0.6521 0.1473
vn -0.4844 0.8517 0.1998
vn -0.4103 0.8649 0.2890
vn -0.5057 0.8532 0.1276
vn -0.1721 0.9798 0.1022
vn -0.1735 0.9743 0.1436
vn -0.2873 0.9440 0.1623
vn -0.2687 0.9372 0.2222
vn -0.1579 0.9710 0.1796
vn -0.1348 0.9716 0.1944
vn -0.1547 0.9665 0.2047
vn -0.1809 0.9586 0.2199
vn -0.1904 0.9550 0.2275
vn -0.3264 0.8913 0.3147
vn -0.0084 0.9905 0.1369
vn -0.0112 0.9904 0.1381
vn -0.0447 0.9872 0.1530
vn -0.0671 0.9843 0.1631
vn -0.0929 0.9802 0.1748
vn -0.1222 0.9745 0.1883
vn -0.0200 0.9907 0.1347
vn -0.0316 0.9924 0.1192
vn 0.0671 0.9922 0.1048
vn 0.0706 0.9909 0.1145
vn 0.0712 0.9909 0.1139
vn 0.0634 0.9913 0.1157
vn 0.0478 0.9917 0.1195
vn 0.0344 0.9918 0.1231
vn 0.0249 0.9917 0.1258
vn 0.0217 0.9917 0.1266
vn 0.0248 0.9918 0.1251
vn 0.0331 0.9920 0.1218
vn 0.0557 0.9920 0.1134
vn 0.0792 0.9913 0.1052
vn 0.0751 0.9926 0.0958
vn 0.0460 0.9929 0.1099
vn -0.0104 0.9907 0.1360
vn 0.7155 -0.1094 0.6900
vn 0.7198 -0.0868 0.6887
vn 0.7213 -0.0740 0.6886
vn 0.7248 -0.0733 0.6851
vn 0.7226 -0.0866 0.6858
vn 0.7176 -0.1094 0.6878
vn 0.7148 -0.1206 0.6889
vn 0.7065 -0.1467 0.6923
vn 0.7030 -0.1464 0.6959
vn 0.7123 -0.1209 0.6914
vn 0.1939 0.9801 0.0434
vn 0.1398 0.9879 0.0666
vn 0.0900 0.9907 0.1016
vn 0.1302 0.9875 0.0886
vn 0.1782 0.9813 0.0734
vn 0.2103 0.9755 0.0639
vn 0.6971 -0.1688 0.6968
vn 0.6761 -0.2012 0.7088
vn 0.6716 -0.1999 0.7134
vn 0.6926 -0.1690 0.7013
vn 0.2911 0.9567 -0.0030
vn 0.2852 0.9585 -0.0000
vn 0.2339 0.9706 0.0574
vn 0.2965 0.9542 0.0406
vn 0.3370 0.9409 0.0352
vn 0.3741 0.9267 0.0358
vn 0.3950 0.9177 0.0426
vn 0.3958 0.9172 0.0467
vn 0.3896 0.9196 0.0501
vn 0.3308 0.9420 0.0559
vn 0.2576 0.9638 0.0691
vn 0.3709 0.9272 0.0526
vn 0.4619 0.8857 0.0468
vn 0.6745 -0.2030 0.7098
vn 0.6499 -0.2261 0.7256
vn 0.6485 -0.2272 0.7265
vn 0.6437 -0.2250 0.7314
vn 0.6444 -0.2245 0.7310
vn 0.6695 -0.2023 0.7148
vn -0.3869 -0.9216 0.0305
vn -0.4652 -0.8840 -0.0467
vn -0.3820 -0.9227 -0.0516
vn -0.2576 -0.9638 -0.0691
vn -0.3308 -0.9420 -0.0559
vn -0.3896 -0.9196 -0.0501
vn -0.3958 -0.9172 -0.0467
vn -0.3950 -0.9177 -0.0426
vn -0.3741 -0.9267 -0.0358
vn -0.3370 -0.9409 -0.0352
vn -0.2965 -0.9542 -0.0406
vn -0.2339 -0.9706 -0.0574
vn -0.2125 -0.9751 -0.0632
vn -0.1960 -0.9797 -0.0425
vn -0.2852 -0.9585 -0.0000
vn -0.2932 -0.9560 0.0041
vn -0.3787 -0.9242 0.0500
vn -0.5102 -0.8581 0.0580
vn -0.6436 -0.7648 -0.0304
vn -0.6390 -0.7682 -0.0393
vn -0.4996 -0.8651 -0.0451
vn -0.4939 -0.8683 -0.0454
vn -0.4911 -0.8699 -0.0455
vn -0.4898 -0.8707 -0.0456
vn -0.4894 -0.8709 -0.0456
vn -0.4892 -0.8710 -0.0456
vn -0.4766 -0.8783 -0.0387
vn -0.4766 -0.8783 -0.0387
vn -0.4766 -0.8783 -0.0387
vn -0.4960 -0.8683 -0.0055
vn -0.4892 -0.8710 -0.0456
vn -0.4766 -0.8783 -0.0387
vn -0.4891 -0.8710 -0.0456
vn -0.4891 -0.8710 -0.0456
vn -0.4891 -0.8710 -0.0456
vn -0.4852 -0.8732 -0.0458
vn -0.5530 -0.8177 0.1598
vn -0.5949 -0.7983 0.0935
vn -0.6116 -0.7885 0.0649
vn -0.3807 -0.9233 0.0511
vn -0.4251 -0.9016 0.0801
vn -0.4322 -0.8965 0.0973
vn -0.4250 -0.8980 0.1139
vn -0.4063 -0.9049 0.1265
vn -0.3890 -0.9118 0.1314
vn -0.6282 -0.7773 0.0341
vn -0.6457 -0.7635 -0.0089
vn -0.6932 -0.7198 -0.0369
vn -0.7376 -0.6701 -0.0830
vn -0.5474 -0.8330 -0.0810
vn -0.4101 -0.9084 -0.0814
vn -0.4565 -0.8868 -0.0718
vn -0.4565 -0.8868 -0.0718
vn -0.5890 -0.8048 -0.0730
vn -0.4273 -0.9011 -0.0745
vn -0.7766 -0.6256 -0.0750
vn -0.8203 -0.5681 -0.0663
vn -0.4449 -0.8934 -0.0622
vn -0.9377 -0.3392 -0.0749
vn -0.9539 -0.2925 -0.0666
vn -0.8533 -0.5211 -0.0198
vn -0.6258 -0.7798 -0.0202
vn -0.4652 -0.8850 -0.0203
vn -0.9980 -0.0075 -0.0627
vn -0.9982 -0.0061 -0.0593
vn -0.9992 -0.0359 -0.0192
vn -0.8963 -0.4430 -0.0196
vn -0.9966 -0.0382 -0.0730
vn -0.9973 -0.0233 -0.0700
vn -0.9945 0.0783 -0.0696
vn -0.9986 0.0005 -0.0532
vn -0.9986 0.0005 -0.0532
vn -0.9945 0.0782 -0.0696
vn -0.9786 0.2006 -0.0459
vn -0.9786 0.2006 -0.0459
vn -0.9986 0.0387 -0.0364
vn -0.9986 0.0386 -0.0364
vn -0.9992 -0.0359 -0.0192
vn -0.9992 -0.0359 -0.0192
vn -0.9992 -0.0362 -0.0192
vn -0.9992 -0.0359 -0.0192
vn -0.9992 -0.0359 -0.0193
vn -0.9992 -0.0359 -0.0192
vn -0.9992 -0.0361 -0.0192
vn -0.9992 -0.0361 -0.0192
vn -0.9992 -0.0361 -0.0192
vn -0.9992 -0.0361 -0.0192
vn -0.9992 -0.0361 -0.0192
vn -0.9992 -0.0361 -0.0192
vn -0.9992 -0.0361 -0.0192
vn -0.9992 -0.0361 -0.0192
vn -0.9992 -0.0359 -0.0192
vn -0.8970 -0.4416 -0.0197
vn -0.9990 -0.0410 -0.0193
vn -0.9990 -0.0411 -0.0193
vn -0.6289 -0.7772 -0.0202
vn -0.8978 -0.4400 -0.0196
vn -0.6324 -0.7744 -0.0201
vn -0.8987 -0.4380 -0.0196
vn -0.8804 -0.4412 0.1739
vn -0.8852 -0.4648 -0.0197
vn -0.9992 -0.0364 -0.0192
vn -0.9992 -0.0364 -0.0192
vn -0.9992 -0.0364 -0.0192
vn -0.9991 -0.0365 -0.0192
vn -0.9992 -0.0364 -0.0192
vn -0.9992 -0.0364 -0.0192
vn -0.6358 -0.7716 -0.0201
vn -0.6335 -0.7154 0.2947
vn -0.6328 -0.7741 -0.0201
vn -0.2574 -0.9661 -0.0204
vn -0.2527 -0.9673 -0.0204
vn -0.2511 -0.9678 -0.0204
vn -0.2966 -0.8837 0.3620
vn -0.2950 -0.9119 0.2852
vn 0.0036 -0.9998 -0.0177
vn 0.0040 -0.9998 -0.0176
vn 0.0045 -0.9998 -0.0176
vn -0.0756 -0.9480 0.3092
vn 0.1191 -0.8862 0.4477
vn 0.1195 -0.8865 0.4470
vn 0.2025 -0.9467 0.2506
vn 0.2663 -0.9638 -0.0165
vn -0.2903 -0.8563 0.4271
vn -0.1417 -0.8844 0.4446
vn -0.1412 -0.8844 0.4449
vn -0.0433 -0.7724 0.6336
vn -0.0123 -0.7899 0.6132
vn 0.2407 -0.7304 0.6392
vn 0.3993 -0.7994 0.4489
vn 0.4908 -0.8359 0.2458
vn 0.5469 -0.8371 -0.0099
vn 0.4829 -0.7586 0.4375
vn 0.4894 -0.7607 0.4264
vn 0.5526 -0.7716 0.3151
vn 0.5811 -0.7790 0.2355
vn 0.4160 -0.6652 0.6200
vn 0.4399 -0.7344 0.5169
vn 0.8831 0.4583 -0.1004
vn 0.8700 0.3928 -0.2980
vn 0.8566 0.3279 -0.3983
vn 0.8653 0.3366 -0.3714
vn 0.8892 0.4367 -0.1364
vn 0.8418 0.3816 -0.3817
vn 0.8320 0.4886 -0.2628
vn 0.8202 0.4364 -0.3699
vn -0.5189 0.7665 -0.3784
vn -0.4894 0.7607 -0.4264
vn -0.4399 0.7344 -0.5169
vn -0.4156 0.6932 -0.5889
vn -0.2731 0.7483 -0.6046
vn -0.4238 0.8168 -0.3915
vn 0.7485 0.6439 0.1585
vn 0.8263 0.5584 0.0742
vn 0.7477 0.6383 0.1832
vn 0.7088 0.6722 0.2137
vn -0.4222 0.6471 -0.6348
vn -0.4433 0.6177 -0.6496
vn -0.4244 0.6170 -0.6627
vn -0.1538 0.7082 -0.6891
vn 0.0804 0.7560 -0.6496
vn 0.0433 0.7724 -0.6337
vn -0.0202 0.8112 -0.5845
vn -0.1154 0.8833 -0.4544
vn -0.1472 0.9080 -0.3922
vn 0.1570 0.7470 -0.6461
vn -0.0735 0.7105 -0.6999
vn -0.3506 0.6314 -0.6917
vn 0.2033 0.7891 -0.5796
vn 0.2018 0.7849 -0.5858
vn -0.0438 0.7656 -0.6418
vn -0.3433 0.6853 -0.6423
vn -0.4606 0.6016 -0.6526
vn -0.4836 0.5845 -0.6516
vn -0.5030 0.5719 -0.6480
vn -0.5114 0.5669 -0.6458
vn -0.5145 0.5651 -0.6449
vn -0.5157 0.5644 -0.6446
vn -0.5160 0.5642 -0.6445
vn -0.5165 0.5639 -0.6444
vn -0.5178 0.5632 -0.6440
vn -0.6125 0.5144 -0.6002
vn -0.6737 0.4838 -0.5587
vn -0.6868 0.5079 -0.5199
vn 0.4070 0.8848 -0.2268
vn 0.5046 0.8425 -0.1887
vn 0.6109 0.7899 -0.0527
vn 0.6359 0.7717 0.0124
vn 0.6667 0.7374 0.1088
vn 0.6023 0.7746 0.1932
vn 0.5382 0.8401 0.0682
vn 0.5355 0.8421 0.0639
vn 0.3956 0.9161 -0.0660
vn 0.3696 0.9260 -0.0771
vn -0.8175 0.3959 -0.4182
vn -0.8907 0.3293 -0.3133
vn -0.9531 0.2390 -0.1858
vn -0.7685 0.5346 -0.3516
vn 0.2308 0.9694 -0.0841
vn 0.1708 0.9848 -0.0303
vn 0.1704 0.9851 -0.0251
vn 0.1965 0.9748 -0.1056
vn 0.2741 0.9418 -0.1944
vn 0.7151 -0.5091 0.4790
vn 0.7979 -0.5230 0.2996
vn 0.9639 -0.2161 0.1554
vn 0.8907 -0.3294 0.3134
vn 0.8701 -0.3508 0.3463
vn 0.8760 -0.4787 0.0589
vn 0.9834 -0.1685 0.0675
vn 0.8287 -0.5434 0.1343
vn 0.9495 -0.2730 0.1545
vn 0.8376 -0.5434 0.0561
vn 0.2752 0.9614 0.0088
vn 0.2750 0.9614 0.0088
vn 0.2762 0.9611 0.0012
vn 0.2763 0.9611 0.0013
vn 0.8122 -0.5435 0.2118
vn 0.9393 -0.2396 0.2456
vn 0.9393 -0.2395 0.2456
vn 0.9254 -0.3247 0.1956
vn 0.9495 -0.2732 0.1546
vn 0.3249 0.9452 0.0321
vn 0.3264 0.9449 0.0245
vn -0.9495 0.2730 -0.1545
vn -0.9495 0.2732 -0.1546
vn -0.9254 0.3247 -0.1956
vn -0.9393 0.2395 -0.2456
vn -0.9393 0.2395 -0.2456
vn -0.8122 0.5435 -0.2118
vn -0.8287 0.5434 -0.1343
vn 0.1959 0.9622 0.1892
vn 0.1883 0.9583 0.2149
vn 0.1882 0.9584 0.2148
vn 0.0719 0.9970 0.0282
vn 0.0719 0.9970 0.0282
vn 0.1959 0.9622 0.1892
vn -0.9364 0.0772 -0.3423
vn -0.7886 0.5436 -0.2874
vn -0.9364 0.0772 -0.3423
vn -0.7886 0.5436 -0.2874
vn 0.0719 0.9970 0.0281
vn 0.0719 0.9970 0.0282
vn 0.0761 0.9971 -0.0079
vn 0.0765 0.9970 0.0070
vn 0.0765 0.9970 0.0070
vn 0.0761 0.9971 -0.0080
vn -0.9945 0.0768 -0.0709
vn -0.8375 0.5433 -0.0590
vn -0.9902 0.0765 0.1172
vn -0.9749 0.0764 0.2093
vn -0.8209 0.5430 0.1767
vn 0.0637 0.9971 -0.0421
vn 0.0670 0.9971 -0.0364
vn 0.0750 0.9971 -0.0151
vn 0.0750 0.9971 -0.0151
vn 0.0670 0.9971 -0.0364
vn 0.0636 0.9971 -0.0420
vn -0.8740 0.0763 0.4799
vn -0.7361 0.5428 0.4043
vn -0.4496 0.8783 -0.1628
vn -0.4680 0.8779 0.1012
vn -0.3429 0.8778 0.3344
vn -0.6010 0.5428 0.5866
vn -0.8307 0.0762 0.5514
vn -0.7135 0.0763 0.6965
vn -0.1128 0.8780 0.4652
vn -0.4229 0.5429 0.7255
vn -0.1966 0.5432 0.8163
vn -0.5017 0.0764 0.8617
vn 0.0370 0.9971 -0.0668
vn 0.0378 0.9971 -0.0664
vn 0.0544 0.9971 -0.0535
vn 0.0544 0.9971 -0.0535
vn 0.0378 0.9971 -0.0664
vn 0.0371 0.9971 -0.0668
vn 0.7361 -0.5428 -0.4043
vn 0.6011 -0.5428 -0.5865
vn 0.7135 -0.0763 -0.6964
vn 0.8307 -0.0762 -0.5514
vn 0.8740 -0.0763 -0.4799
vn 0.4229 -0.5429 -0.7255
vn 0.5017 -0.0764 -0.8617
vn 0.1966 -0.5432 -0.8162
vn 0.2328 -0.0767 -0.9695
vn 0.4925 -0.0764 -0.8670
vn 0.0021 0.9970 -0.0770
vn 0.0167 0.9971 -0.0749
vn 0.0167 0.9971 -0.0749
vn 0.0021 0.9970 -0.0768
vn -0.0377 -0.5436 -0.8385
vn -0.0458 -0.0771 -0.9960
vn 0.0482 -0.0770 -0.9959
vn -0.0336 0.9970 -0.0703
vn -0.0267 0.9970 -0.0730
vn -0.0053 0.9970 -0.0770
vn -0.0053 0.9970 -0.0770
vn -0.0267 0.9970 -0.0730
vn -0.0336 0.9970 -0.0703
vn -0.2680 -0.5440 -0.7951
vn -0.3195 -0.0777 -0.9444
vn -0.4850 -0.5445 -0.6843
vn -0.5774 -0.0782 -0.8127
vn -0.4064 -0.0778 -0.9104
vn -0.0471 0.9969 -0.0626
vn -0.0624 0.9969 -0.0481
vn -0.0624 0.9969 -0.0481
vn -0.0471 0.9969 -0.0626
vn 0.3195 0.0777 0.9444
vn 0.4064 0.0778 0.9104
vn 0.5774 0.0782 0.8127
vn 0.4850 0.5445 0.6843
vn 0.2681 0.5440 0.7951
vn 0.7735 0.0788 0.6289
vn 0.6500 0.5450 0.5297
vn -0.0623 0.9969 -0.0482
vn -0.0626 0.9969 -0.0478
vn 0.7735 0.0788 0.6288
vn 0.6620 0.5204 0.5394
vn 0.6500 0.5449 0.5297
vn 0.7802 0.0788 0.6205
vn 0.7768 0.1339 0.6154
vn 0.7734 0.1794 0.6080
vn 0.7705 0.2246 0.5965
vn 0.7724 0.2428 0.5869
vn 0.7830 0.2430 0.5725
vn 0.7935 0.2430 0.5580
vn 0.8036 0.2431 0.5432
vn 0.8135 0.2431 0.5283
vn 0.8231 0.2431 0.5132
vn 0.8329 0.2412 0.4982
vn 0.8368 0.2325 0.4956
vn 0.8407 0.2205 0.4946
vn 0.8518 0.1744 0.4940
vn 0.8616 0.1088 0.4958
vn 0.8665 0.0357 0.4979
vn 0.8949 0.0358 0.4449
vn 0.7640 0.5208 0.3809
vn -0.0628 0.9969 -0.0475
vn -0.5895 0.4981 0.6359
vn -0.6250 0.1375 0.7684
vn -0.6271 0.1168 0.7702
vn -0.6034 0.4381 0.6664
vn -0.5384 0.6922 0.4807
vn -0.5094 0.7468 0.4276
vn -0.7640 -0.5208 -0.3809
vn -0.8948 -0.0358 -0.4449
vn -0.8665 -0.0357 -0.4979
vn -0.8616 -0.1087 -0.4957
vn -0.8518 -0.1744 -0.4940
vn -0.8407 -0.2205 -0.4946
vn -0.8368 -0.2325 -0.4956
vn -0.8329 -0.2412 -0.4982
vn -0.8231 -0.2431 -0.5132
vn -0.8135 -0.2431 -0.5283
vn -0.8036 -0.2430 -0.5432
vn -0.7935 -0.2430 -0.5580
vn -0.7830 -0.2430 -0.5725
vn -0.7724 -0.2428 -0.5869
vn -0.7705 -0.2246 -0.5965
vn -0.7734 -0.1794 -0.6080
vn -0.7768 -0.1339 -0.6154
vn -0.7802 -0.0788 -0.6205
vn -0.7735 -0.0788 -0.6289
vn -0.6620 -0.5204 -0.5394
vn -0.3910 0.9057 0.1638
vn -0.5307 0.7077 0.4663
vn -0.5570 0.6501 0.5168
vn -0.4193 0.8836 0.2086
vn -0.2152 0.9694 -0.1179
vn -0.2183 0.9692 -0.1137
vn -0.1974 0.9701 -0.1413
vn -0.1973 0.9700 -0.1417
vn -0.2001 0.9700 -0.1382
vn -0.2001 0.9700 -0.1382
vn -0.2026 0.9700 -0.1344
vn -0.2026 0.9700 -0.1344
vn -0.2051 0.9700 -0.1308
vn -0.2051 0.9700 -0.1308
vn -0.2074 0.9700 -0.1269
vn -0.2074 0.9700 -0.1269
vn -0.1331 0.9609 -0.2427
vn -0.1443 0.9636 -0.2252
vn -0.0106 0.9121 -0.4099
vn -0.0376 0.9276 -0.3717
vn 0.1113 0.8235 -0.5563
vn 0.0736 0.8584 -0.5077
vn 0.2864 0.6345 -0.7179
vn 0.0406 0.8851 -0.4636
vn 0.0756 0.8566 -0.5104
vn 0.3199 0.5736 -0.7541
vn 0.4636 0.2293 -0.8559
vn 0.4701 0.1976 -0.8602
vn 0.4988 -0.0221 -0.8664
vn 0.4988 -0.0217 -0.8665
vn 0.4625 0.3137 -0.8293
vn 0.4616 0.3186 -0.8279
vn 0.9630 0.0361 0.2670
vn 0.8670 0.0357 0.4971
vn 0.8687 0.0357 0.4940
vn 0.8745 0.0357 0.4837
vn 0.8872 0.0358 0.4599
vn 0.8994 0.0358 0.4357
vn 0.9109 0.0359 0.4112
vn 0.9217 0.0359 0.3863
vn 0.9318 0.0360 0.3612
vn 0.9411 0.0360 0.3362
vn 0.9412 0.0359 0.3359
vn 0.9412 0.0361 0.3358
vn 0.9413 0.0360 0.3358
vn 0.9413 0.0360 0.3356
vn 0.9414 0.0360 0.3354
vn 0.9414 0.0360 0.3353
vn 0.9415 0.0360 0.3352
vn 0.9415 0.0360 0.3352
vn 0.9416 0.0360 0.3349
vn 0.9414 0.0611 0.3317
vn 0.9630 0.0361 0.2670
vn 0.3161 0.7271 -0.6095
vn 0.3127 0.7338 -0.6031
vn 0.0612 0.9811 -0.1836
vn 0.0598 0.9816 -0.1811
vn 0.0030 0.9965 -0.0834
vn 0.0023 0.9966 -0.0820
vn -0.9630 -0.0361 -0.2670
vn -0.9416 -0.0360 -0.3349
vn -0.9415 -0.0360 -0.3350
vn -0.9415 -0.0360 -0.3351
vn -0.9415 -0.0360 -0.3352
vn -0.9414 -0.0361 -0.3353
vn -0.9414 -0.0360 -0.3355
vn -0.9413 -0.0360 -0.3356
vn -0.9413 -0.0360 -0.3358
vn -0.9412 -0.0360 -0.3359
vn -0.9411 -0.0360 -0.3363
vn -0.9411 -0.0359 -0.3361
vn -0.9318 -0.0360 -0.3612
vn -0.9217 -0.0359 -0.3863
vn -0.9108 -0.0359 -0.4112
vn -0.8994 -0.0358 -0.4357
vn -0.8872 -0.0358 -0.4599
vn -0.8745 -0.0357 -0.4837
vn -0.8687 -0.0357 -0.4940
vn -0.8669 -0.0357 -0.4971
vn -0.9630 -0.0361 -0.2670
vn -0.0331 0.9994 -0.0138
vn -0.0330 0.9994 -0.0138
vn -0.0340 0.9993 -0.0121
vn -0.0340 0.9993 -0.0121
vn -0.0360 0.9993 -0.0070
vn -0.0359 0.9993 -0.0072
vn -0.0129 0.9978 -0.0656
vn -0.0134 0.9978 -0.0646
vn 0.0113 0.9904 -0.1377
vn 0.0122 0.9900 -0.1404
vn -0.2878 0.6012 0.7455
vn -0.3345 0.0654 0.9401
vn -0.3373 0.1366 0.9314
vn -0.2743 0.6580 0.7013
vn -0.2117 0.8377 0.5034
vn -0.1963 0.8674 0.4572
vn -0.1047 0.9763 0.1892
vn -0.1118 0.9713 0.2100
vn -0.0752 0.9917 0.1040
vn -0.0749 0.9918 0.1031
vn -0.0617 0.9959 0.0661
vn -0.0588 0.9966 0.0579
vn -0.0217 0.9987 -0.0453
vn -0.0500 0.9982 0.0324
vn 0.0980 0.9222 -0.3741
vn -0.0477 0.9986 0.0223
vn 0.2142 0.6897 -0.6917
vn -0.0494 0.9987 0.0109
vn 0.2833 0.3976 -0.8727
vn -0.0543 0.9985 -0.0020
vn -0.0662 0.9977 -0.0130
vn 0.3010 0.2835 -0.9105
vn 0.0394 0.9319 -0.3607
vn 0.0227 0.9659 -0.2580
vn -0.0159 0.9880 -0.1539
vn 0.0402 0.9308 -0.3633
vn 0.9771 0.0362 0.2097
vn 0.9597 0.0653 0.2735
vn 0.9773 0.0307 0.2097
vn 0.9774 0.0362 0.2081
vn 0.9899 0.0364 0.1373
vn 0.9969 0.0364 0.0692
vn 0.9991 0.0365 0.0192
vn 0.9991 0.0365 0.0192
vn 0.9706 0.0362 0.2379
vn 0.8288 0.5211 0.2039
vn 0.8531 0.5214 0.0171
vn 0.9991 0.0365 0.0192
vn 0.9992 0.0364 0.0192
vn 0.9992 0.0364 0.0192
vn 0.9463 0.3229 0.0179
vn 0.8528 0.5219 0.0169
vn 0.9992 0.0364 0.0192
vn 0.9992 0.0362 0.0192
vn 0.9992 0.0359 0.0192
vn 0.9992 0.0364 0.0192
vn 0.9992 0.0364 0.0192
vn 0.9993 -0.0020 0.0368
vn 0.9709 0.2305 -0.0655
vn 0.8117 0.5838 0.0161
vn 0.8722 0.4604 -0.1653
vn 0.8766 0.4287 -0.2185
vn 0.6000 0.7056 -0.3769
vn 0.5660 0.7666 -0.3033
vn 0.4443 0.8958 0.0087
vn 0.4885 0.8725 0.0097
vn 0.4884 0.8726 0.0105
vn -0.0011 1.0000 0.0003
vn -0.0016 1.0000 0.0013
vn 0.2008 0.9092 -0.3647
vn 0.1456 0.9524 -0.2679
vn -0.0017 1.0000 0.0013
vn 0.1284 0.9554 -0.2658
vn -0.0016 1.0000 0.0013
vn -0.0016 1.0000 0.0013
vn -0.0016 1.0000 0.0013
vn -0.0017 1.0000 0.0013
vn -0.0016 1.0000 0.0013
vn -0.0016 1.0000 0.0013
vn -0.0017 1.0000 0.0013
vn -0.0017 1.0000 0.0013
vn -0.0017 1.0000 0.0014
vn -0.0016 1.0000 0.0013
vn -0.0017 1.0000 0.0013
vn -0.0016 1.0000 0.0013
vn -0.0017 1.0000 0.0013
vn 0.1799 0.9020 -0.3924
vn 0.2276 0.8842 -0.4078
vn 0.1743 0.8970 -0.4061
vn 0.1826 0.8976 -0.4011
vn -0.3415 0.9396 -0.0220
vn -0.1138 0.8839 -0.4537
vn -0.4474 0.7731 -0.4496
vn -0.6470 0.7613 -0.0429
vn -0.4786 0.8775 -0.0311
vn -0.5481 0.7946 -0.2611
vn -0.4724 0.8781 -0.0757
vn -0.8375 0.5435 -0.0562
vn -0.4631 0.8782 -0.1198
vn -0.4496 0.8783 -0.1628
vn -0.0017 1.0000 0.0013
vn -0.0016 1.0000 0.0013
vn -0.0016 1.0000 0.0013
vn -0.0016 1.0000 0.0013
vn -0.0016 1.0000 0.0013
vn -0.0017 1.0000 0.0013
vn -0.6103 -0.0001 -0.7922
vn -0.7169 -0.0002 -0.6972
vn -0.9417 -0.0011 -0.3365
vn -0.9417 -0.0011 -0.3364
vn -0.7169 -0.0003 -0.6972
vn -0.6104 -0.0001 -0.7921
vn -0.0851 0.0011 -0.9964
vn -0.0852 0.0011 -0.9964
vn 0.0016 -1.0000 -0.0013
vn 0.0017 -1.0000 -0.0013
vn 0.0016 -1.0000 -0.0013
vn 0.0016 -1.0000 -0.0013
vn 0.0016 -1.0000 -0.0013
vn 0.0016 -1.0000 -0.0013
vn 0.0010 -1.0000 0.0001
vn 0.0016 -1.0000 -0.0013
vn 0.0016 -1.0000 -0.0013
vn 0.0016 -1.0000 -0.0013
vn 0.0016 -1.0000 -0.0013
vn 0.0016 -1.0000 -0.0013
vn 0.0016 -1.0000 -0.0013
vn 0.0016 -1.0000 -0.0013
vn 0.0016 -1.0000 -0.0013
vn 0.0016 -1.0000 -0.0013
vn 0.4670 0.0019 -0.8842
vn 0.4671 0.0019 -0.8842
vn 0.8709 0.0021 -0.4914
vn 0.8710 0.0021 -0.4913
vn 0.9983 0.0017 0.0576
vn 0.9983 0.0017 0.0575
vn 0.8088 0.0007 0.5881
vn 0.8087 0.0007 0.5882
vn 0.3624 -0.0006 0.9320
vn 0.7169 0.0003 0.6972
vn 0.7169 0.0003 0.6972
vn 0.3624 -0.0006 0.9320
vn -0.1990 -0.0017 0.9800
vn -0.1990 -0.0014 0.9800
vn 0.0016 -1.0000 -0.0013
vn 0.0016 -1.0000 -0.0013
vn 0.0016 -1.0000 -0.0013
vn 0.0016 -1.0000 -0.0013
vn 0.0017 -1.0000 -0.0013
vn 0.0016 -1.0000 -0.0013
vn -0.6973 -0.0019 0.7168
vn -0.6972 -0.0019 0.7168
vn -0.9741 -0.0020 0.2260
vn -0.9741 -0.0020 0.2261
vn -0.2750 -0.8788 -0.3901
vn -0.1516 -0.8785 -0.4531
vn -0.3689 -0.8790 -0.3021
vn -0.3689 -0.8790 -0.3021
vn -0.6500 -0.5450 -0.5297
vn -0.3787 -0.8720 -0.3101
vn -0.6500 -0.5450 -0.5296
vn -0.7735 -0.0788 -0.6289
vn -0.0205 -0.8782 -0.4778
vn 0.1128 -0.8780 -0.4652
vn 0.2416 -0.8779 -0.4135
vn 0.3430 -0.8778 -0.3344
vn 0.4198 -0.8778 -0.2308
vn 0.4680 -0.8779 -0.1012
vn 0.8210 -0.5430 -0.1766
vn 0.9749 -0.0764 -0.2092
vn 0.8375 -0.5432 0.0591
vn 0.4774 -0.8781 0.0329
vn 0.9902 -0.0765 -0.1171
vn 0.9945 -0.0768 0.0709
vn 0.7886 -0.5436 0.2874
vn 0.4496 -0.8783 0.1628
vn 0.9364 -0.0772 0.3423
vn 0.4496 -0.8783 0.1628
vn 0.7886 -0.5436 0.2874
vn 0.4631 -0.8782 0.1198
vn 0.4724 -0.8781 0.0757
vn 0.9364 -0.0772 0.3423
vn 0.6579 -0.7518 0.0437
vn 0.4784 -0.8776 0.0314
vn 0.3501 -0.9365 0.0228
vn 0.4945 -0.7779 0.3877
vn 0.1526 -0.9060 0.3949
vn 0.3736 -0.7041 0.6039
vn 0.0574 -0.7928 0.6068
vn -0.1645 -0.9231 0.3476
vn -0.2074 -0.8134 0.5435
vn -0.1765 -0.9072 0.3819
vn 0.3520 -0.6400 0.6830
vn 0.0632 -0.7209 0.6902
vn -0.1767 -0.7547 0.6318
vn -0.2039 -0.7910 0.5769
vn 0.1290 -0.7023 0.7001
vn -0.1087 -0.7479 0.6549
vn 0.4060 -0.6136 0.6773
vn 0.6856 -0.4777 0.5494
vn 0.6800 -0.4806 0.5537
vn 0.5179 -0.5632 0.6439
vn 0.5166 -0.5639 0.6443
vn 0.5160 -0.5643 0.6444
vn 0.5158 -0.5644 0.6445
vn 0.5146 -0.5651 0.6449
vn 0.5115 -0.5669 0.6458
vn 0.5031 -0.5720 0.6479
vn 0.5013 -0.5730 0.6483
vn 0.4486 -0.6123 0.6510
vn 0.4223 -0.6471 0.6348
vn 0.4836 -0.5845 0.6515
vn 0.4564 -0.6053 0.6522
vn 0.6721 0.7302 0.1227
vn 0.6807 0.7191 0.1397
vn 0.6203 0.7541 0.2160
vn 0.6101 0.7654 0.2047
vn 0.6091 0.7665 0.2036
vn 0.6686 0.7346 0.1154
vn 0.6047 0.7714 0.1983
vn 0.6673 0.7362 0.1124
vn 0.6031 0.7732 0.1960
vn 0.6684 0.7356 0.1101
vn 0.6043 0.7728 0.1940
vn 0.6687 0.7354 0.1100
vn 0.6046 0.7725 0.1939
vn 0.6671 0.7368 0.1101
vn 0.6028 0.7739 0.1942
vn 0.6955 0.7014 0.1559
vn 0.6987 0.6976 0.1586
vn 0.6432 0.7309 0.2282
vn -0.4563 0.6053 -0.6523
vn 0.7107 0.6838 0.1653
vn 0.6518 0.7225 0.2304
vn -0.1730 -0.9004 0.3993
vn -0.2713 -0.8497 0.4522
vn -0.2231 -0.8885 0.4010
vn -0.1254 -0.9578 0.2587
vn -0.1953 -0.9138 0.3560
vn -0.1415 -0.9550 0.2606
vn -0.5685 -0.7686 0.2933
vn -0.4507 -0.8927 -0.0081
vn -0.4884 -0.8726 -0.0105
vn -0.4887 -0.8724 -0.0089
vn -0.8741 -0.4594 0.1581
vn -0.8153 -0.5789 -0.0157
vn -0.8531 -0.5214 -0.0171
vn -0.8529 -0.5218 -0.0165
vn -0.8287 -0.5212 -0.2039
vn -0.4744 -0.8724 -0.1177
vn -0.4372 -0.8722 -0.2192
vn -0.9706 -0.0362 -0.2379
vn -0.9991 -0.0365 -0.0193
vn -0.9991 -0.0365 -0.0193
vn -0.9957 0.0129 -0.0917
vn -0.9898 -0.0363 -0.1379
vn -0.9771 -0.0362 -0.2096
vn -0.9773 -0.0306 -0.2097
vn -0.9597 -0.0653 -0.2735
vn -0.9376 -0.0984 -0.3336
vn -0.9892 0.0033 -0.1464
vn -0.9888 0.0018 -0.1492
vn -0.9845 -0.0120 -0.1750
vn 0.1343 0.5906 -0.7957
vn 0.1100 0.7723 -0.6257
vn 0.1091 0.7754 -0.6219
vn 0.1333 0.5974 -0.7908
vn 0.1389 0.3770 -0.9157
vn 0.1384 0.3851 -0.9124
vn 0.9845 0.0120 0.1750
vn 0.9888 -0.0018 0.1492
vn 0.9893 -0.0036 0.1459
vn 0.1299 0.2456 -0.9606
vn 0.1380 0.3493 -0.9268
vn 0.1377 0.3612 -0.9223
vn 0.1298 0.2525 -0.9589
vn 0.9913 -0.0115 0.1311
vn 0.9929 -0.0186 0.1178
vn 0.9940 -0.0243 0.1069
vn 0.9940 -0.0243 0.1069
vn 0.9940 -0.0244 0.1067
vn 0.9943 -0.0261 0.1034
vn 0.9943 -0.0263 0.1032
vn 0.9930 -0.0193 0.1163
vn 0.9930 -0.0196 0.1162
vn 0.9932 -0.0201 0.1148
vn 0.0965 0.6557 -0.7488
vn 0.0971 0.6481 -0.7553
vn 0.1185 0.2630 -0.9575
vn 0.1184 0.2683 -0.9560
vn 0.0982 0.6333 -0.7677
vn 0.0964 0.6573 -0.7474
vn 0.0709 0.8861 -0.4580
vn 0.0711 0.8861 -0.4579
vn 0.0500 0.9708 -0.2345
vn 0.0499 0.9710 -0.2340
vn 0.0253 0.9984 -0.0508
vn 0.0261 0.9980 -0.0572
vn -0.9930 0.0193 -0.1163
vn -0.9930 0.0193 -0.1164
vn -0.9943 0.0263 -0.1031
vn -0.9943 0.0262 -0.1034
vn -0.9940 0.0244 -0.1068
vn -0.9939 0.0241 -0.1072
vn -0.9926 0.0172 -0.1202
vn -0.9926 0.0173 -0.1202
vn 0.0177 0.9998 -0.0027
vn 0.0154 0.9997 0.0166
vn -0.9966 0.0436 -0.0702
vn -0.9966 0.0436 -0.0702
vn 0.0438 0.9990 0.0000
vn 0.0583 0.9983 0.0015
vn 0.0580 0.9983 0.0089
vn 0.0421 0.9990 0.0148
vn 0.9965 -0.0431 0.0712
vn 0.9926 -0.0173 0.1201
vn 0.9926 -0.0173 0.1201
vn 0.9965 -0.0431 0.0713
vn 0.9920 -0.0145 0.1253
vn 0.9974 -0.0583 0.0422
vn 0.0478 0.9748 0.2179
vn 0.0145 0.9762 0.2164
vn 0.0326 0.9713 -0.2356
vn 0.0666 0.9699 -0.2343
vn -0.9974 0.0590 -0.0409
vn -0.9974 0.0583 -0.0422
vn -0.0365 0.9993 0.0004
vn -0.0308 0.9710 -0.2373
vn 0.0326 0.9713 -0.2356
vn 0.0239 0.9997 0.0015
vn -0.0363 0.9993 0.0005
vn -0.0361 0.9993 0.0006
vn -0.0361 0.9993 0.0006
vn -0.0359 0.9994 -0.0004
vn -0.0359 0.9994 -0.0011
vn 0.9992 0.0359 0.0192
vn 0.9992 0.0360 0.0192
vn 0.9992 0.0360 0.0192
vn 0.9992 0.0360 0.0192
vn 0.9992 0.0360 0.0192
vn 0.9992 0.0360 0.0192
vn 0.9992 0.0359 0.0192
vn 0.9992 0.0359 0.0192
vn 0.9992 0.0359 0.0192
vn 0.9992 0.0359 0.0192
vn 0.9992 0.0359 0.0192
vn 0.0383 0.9992 0.0099
vn 0.0381 0.9992 0.0098
vn 0.0386 0.9993 0.0004
vn 0.9986 -0.0004 0.0532
vn 0.9986 -0.0004 0.0532
vn 0.9986 -0.0385 0.0364
vn 0.9982 0.0060 0.0593
vn 0.9945 -0.0781 0.0696
vn 0.9973 0.0233 0.0700
vn 0.9980 0.0074 0.0626
vn 0.9532 0.3018 0.0195
vn 0.9491 0.3077 0.0667
vn 0.9966 0.0381 0.0730
vn 0.9317 0.3554 0.0750
vn 0.9945 -0.0782 0.0696
vn 0.7574 0.6486 0.0748
vn 0.8034 0.5918 0.0659
vn 0.4087 0.9096 0.0751
vn 0.4208 0.9050 0.0625
vn 0.5700 0.8184 0.0729
vn 0.5299 0.8442 0.0809
vn 0.3957 0.9147 0.0819
vn 0.1865 0.9781 0.0922
vn 0.1760 0.9816 0.0738
vn 0.1917 0.9765 0.0987
vn 0.2075 0.9748 0.0816
vn 0.1877 0.9784 0.0864
vn 0.4833 0.8742 0.0459
vn 0.4876 0.8719 0.0457
vn 0.4888 0.8712 0.0456
vn 0.5460 0.8369 0.0387
vn 0.5460 0.8369 0.0387
vn 0.4933 0.8699 0.0047
vn 0.5460 0.8369 0.0387
vn 0.4933 0.8699 0.0047
vn 0.4892 0.8710 0.0456
vn 0.4893 0.8709 0.0456
vn 0.4895 0.8708 0.0456
vn 0.4901 0.8705 0.0455
vn 0.4911 0.8699 0.0455
vn 0.5088 0.8597 0.0447
vn 0.5476 0.8356 0.0431
vn 0.8565 -0.3721 0.3576
vn 0.8544 -0.3705 0.3643
vn 0.8958 -0.4392 -0.0687
vn 0.8959 -0.4391 -0.0672
vn 0.7586 -0.4220 -0.4965
vn 0.7566 -0.4215 -0.4998
vn 0.4914 -0.3332 -0.8047
vn 0.4874 -0.3318 -0.8077
vn 0.1648 -0.2080 -0.9641
vn 0.1611 -0.2066 -0.9651
vn 0.2644 -0.2472 -0.9322
vn -0.1698 -0.0737 -0.9827
vn -0.1714 -0.0730 -0.9825
vn -0.2055 -0.0593 -0.9769
vn -0.4890 0.0567 -0.8704
vn -0.4878 0.0562 -0.8711
vn -0.1795 -0.0698 -0.9813
vn 0.1696 0.9854 -0.0113
vn 0.2332 0.9708 -0.0558
vn 0.3227 0.9388 -0.1201
vn 0.2963 0.9275 -0.2279
vn 0.2726 0.9411 -0.1999
vn 0.2222 0.9636 -0.1486
vn 0.1479 0.9860 -0.0774
vn -0.6945 0.1261 -0.7084
vn -0.6920 0.1254 -0.7110
vn -0.1497 -0.9856 0.0791
vn -0.2222 -0.9636 0.1486
vn -0.2726 -0.9411 0.1999
vn -0.2963 -0.9275 0.2279
vn -0.3090 -0.9140 0.2630
vn -0.3104 -0.9133 0.2637
vn -0.3505 -0.9275 0.1301
vn -0.3228 -0.9388 0.1201
vn -0.2332 -0.9708 0.0558
vn -0.1716 -0.9851 0.0126
vn -0.7037 0.1130 -0.7014
vn -0.7112 0.0981 -0.6961
vn -0.7096 0.0979 -0.6977
vn -0.7013 0.1131 -0.7039
vn -0.0613 -0.9966 -0.0555
vn -0.0481 -0.9987 -0.0183
vn -0.1349 -0.9887 0.0653
vn -0.1043 -0.9940 -0.0334
vn -0.0803 -0.9955 -0.0505
vn 0.7113 -0.0504 0.7011
vn 0.7105 -0.0515 0.7018
vn 0.7058 -0.0536 0.7064
vn 0.7054 -0.0537 0.7067
vn 0.7098 -0.0514 0.7025
vn 0.7109 -0.0506 0.7015
vn 0.7159 -0.0478 0.6966
vn 0.7153 -0.0473 0.6972
vn 0.7154 -0.0473 0.6971
vn 0.7161 -0.0476 0.6963
vn 0.0074 -0.9971 -0.0760
vn -0.0324 -0.9989 -0.0350
vn -0.0639 -0.9960 -0.0625
vn 0.0200 -0.9960 -0.0872
vn 0.0145 -0.9965 -0.0825
vn 0.0115 -0.9967 -0.0798
vn 0.0107 -0.9968 -0.0792
vn 0.0106 -0.9968 -0.0790
vn 0.0105 -0.9968 -0.0789
vn -0.0123 -0.9969 -0.0779
vn -0.0123 -0.9969 -0.0779
vn 0.0104 -0.9968 -0.0789
vn 0.0104 -0.9968 -0.0789
vn 0.0104 -0.9968 -0.0788
vn 0.0101 -0.9969 -0.0785
vn 0.0075 -0.9971 -0.0762
vn -0.0618 -0.9960 -0.0642
vn -0.0567 -0.9961 -0.0680
vn -0.0560 -0.9961 -0.0685
vn -0.0560 -0.9961 -0.0686
vn -0.0559 -0.9961 -0.0686
vn -0.0559 -0.9961 -0.0686
vn -0.0559 -0.9961 -0.0686
vn -0.0558 -0.9961 -0.0687
vn -0.0557 -0.9961 -0.0688
vn -0.0551 -0.9961 -0.0693
vn -0.0538 -0.9961 -0.0702
vn -0.0472 -0.9961 -0.0752
vn -0.0280 -0.9956 -0.0899
vn 0.0126 -0.9930 -0.1176
vn 0.7183 -0.0476 0.6941
vn 0.7179 -0.0476 0.6945
vn 0.7181 -0.0476 0.6943
vn 0.7183 -0.0475 0.6941
vn 0.7183 -0.0475 0.6942
vn 0.7183 -0.0475 0.6941
vn 0.0476 0.9987 0.0189
vn 0.0324 0.9989 0.0350
vn -0.0075 0.9971 0.0762
vn -0.0081 0.9970 0.0767
vn 0.0609 0.9966 0.0560
vn -0.0122 0.9930 0.1174
vn 0.0280 0.9955 0.0900
vn 0.0473 0.9960 0.0752
vn 0.0538 0.9961 0.0702
vn 0.0551 0.9961 0.0693
vn 0.0557 0.9961 0.0688
vn 0.0558 0.9961 0.0687
vn 0.0559 0.9961 0.0686
vn 0.0559 0.9961 0.0686
vn 0.0559 0.9961 0.0686
vn 0.0560 0.9961 0.0686
vn 0.0560 0.9961 0.0685
vn 0.0567 0.9961 0.0680
vn 0.0618 0.9960 0.0642
vn 0.0634 0.9960 0.0630
vn -0.0101 0.9969 0.0785
vn -0.0104 0.9968 0.0788
vn -0.0104 0.9968 0.0788
vn -0.0104 0.9968 0.0788
vn 0.0121 0.9969 0.0778
vn -0.0104 0.9968 0.0789
vn -0.0105 0.9968 0.0789
vn -0.0106 0.9968 0.0790
vn -0.0108 0.9968 0.0792
vn -0.0115 0.9967 0.0798
vn -0.0145 0.9965 0.0825
vn -0.0196 0.9960 0.0870
vn 0.7184 -0.0474 0.6940
vn 0.7183 -0.0474 0.6941
vn 0.7138 -0.0477 0.6987
vn 0.7134 -0.0477 0.6992
vn 0.7136 -0.0477 0.6990
vn 0.6313 -0.0552 0.7735
vn -0.7165 0.0563 -0.6953
vn -0.5406 0.7215 -0.4325
vn 0.4920 -0.7208 0.4882
vn 0.7130 -0.0577 0.6988
vn 0.7185 -0.0474 0.6939
vn 0.7181 -0.0475 0.6943
vn 0.7182 -0.0474 0.6942
vn 0.7179 -0.0474 0.6946
vn 0.7186 -0.0473 0.6938
vn 0.7183 -0.0473 0.6941
vn 0.7182 -0.0471 0.6943
vn 0.7180 -0.0473 0.6944
vn 0.7186 -0.0465 0.6938
vn 0.7182 -0.0471 0.6943
vn 0.7193 -0.0450 0.6932
vn 0.7187 -0.0460 0.6938
vn 0.7185 -0.0462 0.6939
vn 0.7185 -0.0454 0.6940
vn -0.1464 0.9703 0.1925
vn -0.1278 0.9750 0.1819
vn -0.0572 0.9880 0.1432
vn -0.0268 0.9953 0.0929
vn -0.0520 0.9924 0.1117
vn -0.1406 0.9759 0.1669
vn 0.7208 -0.0402 0.6919
vn 0.7192 -0.0404 0.6936
vn 0.7170 0.0105 0.6970
vn 0.7218 -0.0142 0.6920
vn 0.7183 -0.0148 0.6956
vn 0.7139 0.0089 0.7002
vn -0.3712 0.8602 0.3496
vn -0.1868 0.9572 0.2210
vn -0.1721 0.9627 0.2090
vn -0.2320 0.9465 0.2245
vn -0.2634 0.9333 0.2442
vn -0.2973 0.9187 0.2599
vn -0.3272 0.9065 0.2668
vn -0.3423 0.9022 0.2623
vn -0.3382 0.9081 0.2469
vn -0.3185 0.9204 0.2268
vn -0.2595 0.9470 0.1891
vn -0.1764 0.9746 0.1377
vn -0.3441 0.9175 0.1993
vn 0.4183 -0.1176 0.9007
vn 0.4209 -0.1166 0.8996
vn 0.3458 -0.9169 -0.1994
vn 0.1746 -0.9751 -0.1365
vn 0.2595 -0.9470 -0.1891
vn 0.3185 -0.9204 -0.2268
vn 0.3383 -0.9081 -0.2469
vn 0.3423 -0.9022 -0.2623
vn 0.3272 -0.9065 -0.2669
vn 0.2973 -0.9187 -0.2599
vn 0.2634 -0.9333 -0.2442
vn 0.2321 -0.9464 -0.2246
vn 0.1425 -0.9754 -0.1679
vn 0.1485 -0.9697 -0.1938
vn 0.1721 -0.9626 -0.2091
vn 0.1868 -0.9572 -0.2210
vn 0.1904 -0.9550 -0.2275
vn 0.3476 -0.8773 -0.3311
vn 0.3732 -0.8587 -0.3512
vn 0.0520 -0.9924 -0.1117
vn 0.0268 -0.9953 -0.0929
vn 0.0571 -0.9880 -0.1432
vn 0.1278 -0.9750 -0.1819
vn -0.7247 0.0334 -0.6882
vn -0.7245 0.0274 -0.6887
vn -0.9457 -0.1020 -0.3087
vn -0.9425 -0.0991 -0.3193
vn -0.7406 0.0208 -0.6716
vn -0.7209 0.0347 -0.6922
vn -0.9758 -0.2068 0.0715
vn -0.9768 -0.2049 0.0626
vn -0.8514 -0.2767 0.4456
vn -0.8499 -0.2770 0.4482
vn -0.4594 -0.2801 0.8429
vn -0.4708 -0.2807 0.8364
vn 0.1757 -0.9667 -0.1863
vn 0.2996 -0.9247 -0.2351
vn 0.4396 -0.8446 -0.3055
vn 0.1809 -0.9586 -0.2199
vn 0.1547 -0.9665 -0.2047
vn 0.1512 -0.9675 -0.2028
vn 0.0535 -0.1987 0.9786
vn 0.0634 -0.1971 0.9783
vn 0.3610 -0.1346 0.9228
vn 0.5439 -0.0929 0.8340
vn 0.5419 -0.0934 0.8352
vn 0.1198 -0.1858 0.9753
vn 0.0261 -0.9903 -0.1364
vn 0.1223 -0.9745 -0.1883
vn 0.0929 -0.9802 -0.1748
vn 0.0671 -0.9843 -0.1631
vn 0.0447 -0.9872 -0.1530
vn 0.0137 -0.9902 -0.1392
vn 0.7266 -0.0533 0.6850
vn 0.7220 -0.0546 0.6898
vn 0.7261 -0.0639 0.6846
vn 0.7219 -0.0649 0.6889
vn 0.0117 -0.9903 -0.1383
vn 0.0109 -0.9906 -0.1362
vn -0.0460 -0.9929 -0.1098
vn -0.0758 -0.9925 -0.0955
vn -0.0799 -0.9913 -0.1050
vn -0.0557 -0.9920 -0.1134
vn -0.0697 -0.9910 -0.1146
vn -0.0331 -0.9920 -0.1218
vn -0.0247 -0.9918 -0.1252
vn -0.0216 -0.9917 -0.1267
vn -0.0250 -0.9917 -0.1258
vn -0.0343 -0.9918 -0.1231
vn -0.0479 -0.9917 -0.1195
vn -0.0634 -0.9913 -0.1157
vn -0.0703 -0.9910 -0.1141
vn -0.7138 0.1353 -0.6872
vn -0.7150 0.1300 -0.6869
vn -0.7174 0.1188 -0.6865
vn -0.7146 0.1190 -0.6894
vn -0.7116 0.1305 -0.6904
vn -0.7103 0.1354 -0.6908
vn -0.8264 0.0957 -0.5549
vn -0.8289 0.0953 -0.5511
vn -0.9899 0.0418 -0.1355
vn -0.9893 0.0423 -0.1395
vn -0.9504 -0.0188 0.3104
vn -0.9504 -0.0188 0.3103
vn -0.7203 -0.0694 0.6902
vn -0.7172 -0.0699 0.6934
vn -0.3421 -0.1040 0.9339
vn -0.3371 -0.1051 0.9356
vn 0.1195 -0.1246 0.9850
vn 0.1210 -0.1246 0.9848
vn 0.5496 -0.1315 0.8250
vn 0.5462 -0.1316 0.8272
vn 0.7167 -0.1302 0.6851
vn 0.7142 -0.1427 0.6852
vn 0.7097 -0.1428 0.6898
vn 0.7141 -0.1299 0.6879
vn -0.1972 -0.9754 -0.0981
vn -0.0936 -0.9897 -0.1085
vn -0.1269 -0.9868 -0.1007
vn -0.1642 -0.9821 -0.0920
vn -0.1932 -0.9775 -0.0851
vn -0.0662 -0.9923 -0.1049
vn 0.0381 -0.9920 -0.1204
vn -0.1917 -0.9772 -0.0917
vn -0.0601 -0.9949 -0.0809
vn 0.0496 -0.9946 -0.0907
vn -0.1807 -0.9808 -0.0736
vn -0.2378 -0.9711 -0.0205
vn -0.1727 -0.9848 -0.0195
vn -0.0539 -0.9984 -0.0181
vn 0.0016 -0.9998 -0.0176
vn 0.0007 -0.9998 -0.0176
vn -0.2429 -0.9698 -0.0205
vn -0.2445 -0.9694 -0.0205
vn 0.0026 -0.9998 -0.0176
vn -0.2479 -0.9686 -0.0204
vn 0.2530 -0.9673 -0.0169
vn 0.2395 -0.9707 -0.0173
vn 0.1928 -0.9811 -0.0171
vn 0.0679 -0.9975 -0.0173
vn 0.1867 -0.9770 -0.1034
vn 0.1912 -0.9705 -0.1467
vn 0.5518 -0.8235 -0.1319
vn 0.5812 -0.8132 -0.0315
vn 0.3286 -0.9291 -0.1697
vn 0.5243 -0.8256 -0.2085
vn 0.7735 -0.6159 -0.1493
vn 0.7443 -0.6169 -0.2556
vn 0.6269 -0.7784 -0.0333
vn 0.7901 -0.6116 -0.0399
vn 0.9486 -0.2798 -0.1476
vn 0.9330 -0.2216 -0.2837
vn 0.8951 -0.4440 -0.0401
vn 0.9319 -0.3609 -0.0373
vn 0.6258 -0.6611 -0.4140
vn 0.8861 -0.2250 -0.4053
vn 0.8079 -0.2655 -0.5262
vn 0.6947 -0.3852 -0.6075
vn 0.6909 -0.3970 -0.6042
vn 0.5541 -0.6705 -0.4934
vn 0.5049 -0.7340 -0.4543
vn 0.5038 -0.7352 -0.4534
vn 0.4534 -0.8565 -0.2466
vn 0.5023 -0.7568 -0.4184
vn 0.3860 -0.9160 -0.1093
vn 0.4003 -0.9082 -0.1219
vn 0.4161 -0.8971 -0.1488
vn 0.4138 -0.8938 -0.1726
vn 0.3930 -0.9009 -0.1843
vn 0.3592 -0.9154 -0.1818
vn 0.3483 -0.9201 -0.1789
vn 0.1471 -0.9820 -0.1182
vn 0.3215 -0.9317 -0.1690
vn 0.2889 -0.9455 -0.1505
vn 0.1777 -0.9812 -0.0748
vn 0.1600 -0.9852 -0.0611
vn 0.0461 -0.1771 0.9831
vn 0.1867 -0.1187 0.9752
vn 0.4612 -0.0018 0.8873
vn 0.4601 -0.0023 0.8879
vn 0.1725 -0.1247 0.9771
vn 0.0515 -0.1750 0.9832
vn -0.3993 -0.3477 0.8483
vn -0.3932 -0.3458 0.8519
vn -0.5410 0.8227 0.1746
vn -0.5321 0.8061 0.2588
vn -0.5267 0.7982 0.2923
vn -0.4526 0.8568 0.2469
vn -0.3467 0.9208 0.1785
vn -0.3592 0.9154 0.1818
vn -0.3930 0.9009 0.1843
vn -0.4138 0.8938 0.1726
vn -0.4161 0.8971 0.1488
vn -0.4003 0.9082 0.1219
vn -0.3870 0.9155 0.1101
vn -0.1585 0.9855 0.0599
vn -0.1777 0.9812 0.0748
vn -0.2888 0.9455 0.1505
vn -0.3214 0.9317 0.1690
vn -0.1454 0.9824 0.1171
vn -0.7166 -0.0109 -0.6974
vn -0.7156 -0.0227 -0.6982
vn -0.7141 -0.0304 -0.6994
vn -0.7068 -0.0528 -0.7054
vn -0.7029 -0.0509 -0.7094
vn -0.7113 -0.0290 -0.7023
vn -0.7131 -0.0225 -0.7007
vn -0.7158 -0.0107 -0.6982
vn -0.0571 0.9977 -0.0370
vn -0.1001 0.9949 0.0087
vn -0.0812 0.9944 0.0680
vn -0.0373 0.9990 0.0237
vn -0.7162 -0.0177 -0.6977
vn -0.7161 -0.0102 -0.6979
vn -0.7166 -0.0101 -0.6974
vn -0.7172 -0.0177 -0.6967
vn 0.0376 -0.9990 -0.0241
vn 0.0813 -0.9944 -0.0680
vn 0.1001 -0.9949 -0.0088
vn 0.0574 -0.9977 0.0366
vn -0.0242 -0.9980 0.0586
vn 0.0001 -0.9997 0.0253
vn 0.0514 -0.9977 0.0437
vn 0.0122 -0.9955 0.0938
vn -0.0067 -0.9948 0.1020
vn -0.0139 -0.9943 0.1053
vn -0.7178 -0.0235 -0.6959
vn -0.7210 -0.0356 -0.6920
vn -0.7202 -0.0359 -0.6929
vn -0.7167 -0.0234 -0.6970
vn 0.0132 0.9944 -0.1050
vn 0.0067 0.9948 -0.1020
vn -0.0122 0.9955 -0.0938
vn -0.0514 0.9977 -0.0437
vn -0.0001 0.9997 -0.0253
vn 0.0237 0.9980 -0.0580
vn 0.0956 0.9840 -0.1504
vn 0.0472 0.9913 -0.1230
vn 0.1021 0.9594 -0.2628
vn 0.0876 0.9663 -0.2420
vn 0.0293 0.9873 -0.1559
vn 0.0086 0.9921 -0.1252
vn 0.7227 0.0864 0.6857
vn 0.7202 0.0798 0.6892
vn 0.7182 0.0739 0.6919
vn 0.7172 0.0742 0.6929
vn 0.7186 0.0800 0.6908
vn 0.7205 0.0868 0.6880
vn 0.7285 0.1038 0.6772
vn 0.7310 0.1029 0.6746
vn -0.0086 -0.9922 0.1247
vn -0.0293 -0.9873 0.1560
vn -0.0878 -0.9662 0.2425
vn -0.1023 -0.9593 0.2632
vn -0.0472 -0.9913 0.1230
vn 0.7146 0.0673 0.6963
vn 0.7152 0.0674 0.6957
vn 0.7122 0.0655 0.6989
vn 0.7144 0.0667 0.6966
vn 0.7147 0.0667 0.6962
vn 0.7120 0.0654 0.6992
vn 0.7070 0.0744 0.7032
vn 0.7085 0.0712 0.7021
vn 0.7068 0.0711 0.7038
vn 0.7051 0.0739 0.7053
vn 0.6938 0.0984 0.7135
vn 0.6902 0.0967 0.7171
vn -0.0956 -0.9840 0.1504
vn -0.1239 -0.9480 0.2933
vn -0.1265 -0.9465 0.2969
vn -0.1896 -0.9465 0.2610
vn -0.1683 -0.9570 0.2363
vn -0.1422 -0.9682 0.2057
vn -0.1178 -0.9772 0.1769
vn -0.7213 -0.0382 -0.6916
vn -0.7220 -0.0379 -0.6908
vn -0.7225 -0.0406 -0.6902
vn -0.7230 -0.0401 -0.6897
vn 0.1175 0.9773 -0.1764
vn 0.1419 0.9684 -0.2052
vn 0.1681 0.9571 -0.2360
vn 0.1894 0.9467 -0.2607
vn 0.1263 0.9466 -0.2966
vn 0.1238 0.9480 -0.2932
vn -0.7243 -0.0425 -0.6881
vn -0.7251 -0.0422 -0.6873
vn -0.7260 -0.0444 -0.6863
vn -0.7256 -0.0438 -0.6868
vn -0.7265 -0.0436 -0.6858
vn -0.7269 -0.0437 -0.6854
vn -0.2469 -0.9168 0.3139
vn -0.2240 -0.9276 0.2989
vn -0.1957 -0.9433 0.2680
vn -0.1400 -0.9364 0.3217
vn -0.1481 -0.9240 0.3527
vn -0.1472 -0.9142 0.3775
vn -0.5975 -0.1116 -0.7940
vn -0.5997 -0.1106 -0.7925
vn 0.2001 0.8400 -0.5043
vn 0.1977 0.8400 -0.5053
vn 0.1474 0.9140 -0.3779
vn 0.1482 0.9238 -0.3529
vn 0.1401 0.9364 -0.3218
vn 0.1957 0.9434 -0.2679
vn 0.2242 0.9275 -0.2991
vn -0.1396 -0.2901 -0.9468
vn -0.2892 -0.2395 -0.9268
vn -0.2933 -0.2381 -0.9259
vn -0.1437 -0.2888 -0.9465
vn 0.4039 -0.4142 -0.8156
vn 0.4023 -0.4140 -0.8166
vn -0.3978 -0.8374 0.3748
vn -0.4515 -0.8348 0.3149
vn -0.3086 -0.9042 0.2952
vn -0.3007 -0.9027 0.3077
vn -0.2886 -0.9038 0.3161
vn -0.2569 -0.9128 0.3175
vn -0.6581 -0.6018 0.4525
vn -0.5400 -0.8224 0.1789
vn -0.3804 -0.9153 0.1325
vn -0.3512 -0.9272 0.1303
vn -0.7322 -0.6025 0.3175
vn -0.7535 -0.6094 0.2468
vn -0.7687 -0.3833 0.5120
vn -0.8527 -0.3790 0.3596
vn 0.8311 -0.4073 -0.3787
vn 0.9479 -0.2736 0.1630
vn 0.9483 -0.2750 0.1587
vn 0.8300 -0.4076 -0.3807
vn 0.8219 -0.1260 0.5556
vn 0.9462 -0.2676 0.1817
vn 0.8218 -0.1259 0.5557
vn 0.7024 -0.0527 0.7098
vn 0.7027 -0.0528 0.7095
vn 0.0794 0.9955 0.0511
vn 0.1043 0.9940 0.0334
vn 0.1349 0.9887 -0.0653
vn -0.7134 0.0926 -0.6946
vn -0.7148 0.0893 -0.6936
vn -0.7149 0.0890 -0.6935
vn -0.7139 0.0890 -0.6946
vn -0.7137 0.0895 -0.6947
vn -0.7122 0.0929 -0.6958
vn -0.7154 0.0882 -0.6931
vn -0.7148 0.0883 -0.6937
vn -0.7153 0.0879 -0.6933
vn -0.7146 0.0879 -0.6940
vn -0.7155 0.0880 -0.6930
vn -0.7142 0.0880 -0.6944
vn -0.7149 0.0879 -0.6937
vn -0.7135 0.0880 -0.6951
vn -0.7159 0.0872 -0.6927
vn -0.7150 0.0879 -0.6936
vn -0.7164 0.0874 -0.6922
vn -0.7157 0.0879 -0.6929
vn -0.7154 0.0879 -0.6932
vn -0.7145 0.0879 -0.6941
vn -0.7153 0.0879 -0.6933
vn -0.7144 0.0879 -0.6942
vn -0.7154 0.0877 -0.6932
vn -0.7150 0.0877 -0.6936
vn -0.7155 0.0871 -0.6932
vn -0.7149 0.0875 -0.6938
vn -0.7160 0.0858 -0.6928
vn -0.7153 0.0863 -0.6935
vn -0.7176 0.0827 -0.6915
vn -0.7167 0.0827 -0.6925
vn -0.7210 0.0726 -0.6891
vn -0.7235 0.0579 -0.6879
vn -0.7208 0.0584 -0.6907
vn -0.7193 0.0727 -0.6909
vn 0.6484 -0.4299 -0.6283
vn 0.6487 -0.4294 -0.6283
vn 0.0442 0.8436 -0.5352
vn 0.0423 0.8434 -0.5357
vn 0.0249 0.9456 -0.3244
vn 0.0527 0.9276 -0.3699
vn 0.0903 0.9068 -0.4118
vn 0.1137 0.9027 -0.4151
vn 0.1341 0.9047 -0.4043
vn 0.1464 0.9124 -0.3822
vn 0.9880 -0.1538 0.0120
vn 0.9143 -0.2714 -0.3006
vn 0.8862 -0.2924 -0.3594
vn 0.8881 -0.2911 -0.3557
vn 0.9160 -0.2701 -0.2968
vn 0.9882 -0.1526 0.0153
vn 0.9302 -0.0131 0.3669
vn 0.9300 -0.0129 0.3673
vn 0.7343 0.1114 0.6696
vn 0.7448 0.1095 0.6583
vn 0.7488 0.1053 0.6543
vn 0.7366 0.1103 0.6673
vn 0.7306 0.1072 0.6743
vn 0.7332 0.1061 0.6717
vn -0.1462 -0.9126 0.3817
vn -0.1339 -0.9050 0.4038
vn -0.1136 -0.9029 0.4145
vn -0.0902 -0.9070 0.4113
vn -0.0527 -0.9277 0.3697
vn -0.0249 -0.9456 0.3245
vn 0.6035 -0.3976 -0.6911
vn 0.6056 -0.3972 -0.6895
vn 0.1655 -0.4286 -0.8882
vn 0.1649 -0.4286 -0.8883
vn -0.3004 -0.3689 -0.8796
vn -0.3037 -0.3682 -0.8787
vn -0.7444 -0.2104 -0.6338
vn -0.7474 -0.2090 -0.6307
vn -0.7356 -0.2027 -0.6464
vn -0.7351 -0.2022 -0.6471
vn -0.7347 -0.2017 -0.6477
vn -0.7382 -0.2004 -0.6441
vn -0.7387 -0.2010 -0.6434
vn -0.7390 -0.2014 -0.6428
vn -0.0235 -0.9463 0.3223
vn 0.0700 -0.9462 0.3160
vn -0.0219 -0.9473 0.3195
vn 0.0305 -0.9733 0.2277
vn 0.0454 -0.9784 0.2016
vn 0.0862 -0.9462 0.3120
vn 0.0855 -0.9443 0.3179
vn 0.0891 -0.9279 0.3620
vn 0.1066 -0.9097 0.4013
vn 0.1349 -0.8950 0.4253
vn 0.1673 -0.8884 0.4275
vn 0.2129 -0.8995 0.3816
vn 0.0722 -0.9849 0.1574
vn 0.0817 -0.9863 0.1434
vn 0.1294 -0.9647 0.2295
vn 0.1125 -0.9601 0.2562
vn -0.7208 -0.1791 -0.6696
vn -0.7177 -0.1719 -0.6749
vn -0.7133 -0.1605 -0.6823
vn -0.7151 -0.1603 -0.6804
vn -0.7205 -0.1714 -0.6719
vn -0.7240 -0.1785 -0.6663
vn -0.7120 -0.1575 -0.6843
vn -0.7080 -0.1546 -0.6891
vn -0.7080 -0.1547 -0.6891
vn -0.7134 -0.1574 -0.6828
vn 0.1123 -0.9880 0.1064
vn 0.1771 -0.9695 0.1695
vn 0.1438 -0.9673 0.2090
vn 0.7024 0.2485 0.6670
vn 0.7061 0.2523 0.6617
vn 0.7107 0.2581 0.6545
vn 0.7133 0.2577 0.6518
vn 0.7079 0.2522 0.6597
vn 0.7039 0.2484 0.6655
vn 0.9311 0.1880 0.3125
vn 0.9568 0.1670 0.2380
vn 0.9581 0.1657 0.2338
vn 0.9337 0.1899 0.3037
vn -0.0863 0.9463 -0.3116
vn -0.1123 0.9602 -0.2558
vn -0.1292 0.9648 -0.2291
vn -0.0817 0.9863 -0.1433
vn -0.0721 0.9849 -0.1571
vn -0.0453 0.9785 -0.2011
vn -0.0699 0.9463 -0.3156
vn -0.1435 0.9674 -0.2085
vn -0.1767 0.9696 -0.1691
vn -0.1122 0.9880 -0.1064
vn 0.6946 0.2451 0.6763
vn 0.6947 0.2451 0.6763
vn 0.6853 0.2486 0.6845
vn 0.6840 0.2483 0.6859
vn -0.1434 0.9865 -0.0796
vn -0.2153 0.9672 -0.1350
vn -0.2261 0.9658 -0.1268
vn -0.7025 -0.1597 -0.6936
vn -0.7007 -0.1596 -0.6953
vn -0.7029 -0.1573 -0.6937
vn -0.7041 -0.1574 -0.6925
vn -0.2393 0.9689 -0.0632
vn -0.2053 0.9765 -0.0662
vn -0.1547 0.9855 -0.0702
vn -0.2615 0.9598 -0.1024
vn -0.2995 0.9508 -0.0795
vn 0.6732 0.2578 0.6930
vn 0.6827 0.2503 0.6865
vn 0.6809 0.2502 0.6883
vn 0.6706 0.2574 0.6957
vn 0.2637 0.1647 0.9504
vn 0.5556 0.2418 0.7955
vn 0.5517 0.2409 0.7985
vn 0.2595 0.1633 0.9518
vn -0.3226 0.9436 -0.0739
vn -0.2174 -0.0057 0.9761
vn -0.1886 0.0078 0.9820
vn -0.1858 0.0073 0.9826
vn -0.2174 -0.0057 0.9761
vn 0.3229 -0.9435 0.0739
vn 0.2998 -0.9507 0.0796
vn 0.2392 -0.9689 0.0632
vn 0.1945 -0.9801 0.0396
vn 0.2344 -0.9721 0.0082
vn 0.3430 -0.9362 -0.0766
vn 0.3669 -0.9254 -0.0948
vn 0.2071 -0.9761 0.0660
vn -0.6650 -0.1844 -0.7237
vn -0.6597 -0.1867 -0.7280
vn -0.6543 -0.1885 -0.7324
vn -0.7728 -0.2631 -0.5775
vn -0.7706 -0.2617 -0.5811
vn -0.6523 -0.1872 -0.7345
vn -0.6570 -0.1856 -0.7307
vn -0.6627 -0.1834 -0.7261
vn -0.6879 -0.1719 -0.7051
vn -0.6862 -0.1714 -0.7069
vn -0.3655 0.9261 0.0937
vn -0.3430 0.9362 0.0766
vn -0.2345 0.9721 -0.0082
vn -0.1931 0.9803 -0.0408
vn -0.6937 -0.1660 -0.7008
vn -0.6954 -0.1661 -0.6992
vn -0.5421 0.8261 0.1540
vn -0.9091 -0.4062 -0.0930
vn -0.9089 -0.4054 -0.0973
vn -0.7702 -0.4449 0.4570
vn -0.7698 -0.4448 0.4578
vn -0.6588 0.7278 0.1905
vn -0.6998 0.6849 0.2029
vn -0.7260 0.6546 0.2107
vn -0.7418 0.6352 0.2152
vn -0.7534 0.6202 0.2185
vn -0.7614 0.6095 0.2207
vn -0.7662 0.6031 0.2218
vn -0.7688 0.5995 0.2227
vn -0.7710 0.5963 0.2235
vn -0.5489 0.8359 -0.0052
vn -0.8038 0.5141 0.2994
vn -0.7487 0.5608 0.3535
vn -0.5189 0.7872 0.3333
vn 0.1547 -0.9855 0.0702
vn 0.2619 -0.9596 0.1026
vn 0.2264 -0.9657 0.1269
vn 0.1427 -0.9866 0.0792
vn 0.2156 -0.9671 0.1352
vn -0.2135 0.8993 -0.3817
vn -0.2131 0.8992 -0.3821
vn -0.1675 0.8881 -0.4280
vn -0.1351 0.8947 -0.4258
vn -0.1067 0.9095 -0.4017
vn -0.0892 0.9278 -0.3622
vn -0.0855 0.9443 -0.3178
vn -0.1171 0.8359 -0.5362
vn -0.2014 0.8407 -0.5026
vn -0.2652 0.8380 -0.4769
vn -0.2658 0.8380 -0.4766
vn -0.1158 0.8360 -0.5363
vn 0.0234 0.9465 -0.3219
vn -0.0305 0.9734 -0.2271
vn 0.0219 0.9474 -0.3193
vn -0.3871 0.6019 -0.6985
vn -0.3205 0.8398 -0.4382
vn -0.3169 0.8398 -0.4408
vn -0.3155 0.8399 -0.4417
vn -0.3149 0.8398 -0.4421
vn -0.3148 0.8399 -0.4422
vn -0.3147 0.8398 -0.4423
vn -0.3147 0.8398 -0.4423
vn -0.3146 0.8398 -0.4423
vn -0.3138 0.8399 -0.4429
vn -0.2991 0.8396 -0.4534
vn -0.2955 0.9119 -0.2849
vn -0.2534 0.9087 -0.3316
vn -0.6902 -0.4149 -0.5928
vn -0.6900 -0.4149 -0.5931
vn -0.6720 -0.4117 -0.6156
vn -0.6729 -0.4115 -0.6148
vn -0.6916 -0.4146 -0.5915
vn -0.6918 -0.4146 -0.5913
vn -0.2609 -0.4580 -0.8498
vn -0.2606 -0.4580 -0.8499
vn 0.3251 -0.3655 -0.8722
vn 0.3281 -0.3646 -0.8714
vn 0.7494 -0.1918 -0.6338
vn 0.7516 -0.1905 -0.6315
vn 0.9697 -0.0022 -0.2444
vn 0.9697 -0.0021 -0.2442
vn -0.6532 -0.4102 -0.6365
vn -0.6533 -0.4100 -0.6365
vn -0.6323 -0.4112 -0.6566
vn -0.6332 -0.4112 -0.6557
vn -0.3407 0.9086 -0.2415
vn -0.6175 -0.4135 -0.6691
vn -0.6105 -0.4145 -0.6749
vn -0.6089 -0.4142 -0.6765
vn -0.6160 -0.4133 -0.6706
vn -0.8601 -0.1801 -0.4772
vn -0.8562 -0.1767 -0.4856
vn -0.9405 -0.3351 -0.0562
vn -0.9408 -0.3326 -0.0655
vn -0.8013 -0.4261 0.4199
vn -0.8015 -0.4261 0.4195
vn -0.4445 -0.3968 0.8031
vn -0.4357 -0.3953 0.8086
vn 0.0000 -0.2723 0.9622
vn 0.0098 -0.2692 0.9630
vn 0.5066 -0.7675 -0.3927
vn 0.7635 -0.0715 -0.6418
vn 0.7638 -0.0896 -0.6392
vn 0.7566 -0.2605 -0.5997
vn 0.7448 -0.0629 -0.6643
vn 0.8279 0.0821 -0.5549
vn 0.7448 -0.0592 -0.6647
vn 0.7233 0.1478 -0.6745
vn 0.7511 0.1372 -0.6458
vn 0.7558 0.0725 -0.6508
vn 0.7789 0.2998 -0.5508
vn 0.7315 0.2387 -0.6387
vn 0.7401 0.1997 -0.6422
vn 0.7423 0.1810 -0.6452
vn 0.7410 0.1718 -0.6491
vn 0.7367 0.1751 -0.6532
vn 0.7319 0.1817 -0.6568
vn 0.7273 0.1878 -0.6601
vn 0.7252 0.1906 -0.6617
vn 0.7241 0.1920 -0.6624
vn 0.7236 0.1926 -0.6628
vn 0.7233 0.1930 -0.6630
vn 0.7232 0.1931 -0.6631
vn 0.7231 0.1932 -0.6631
vn 0.7231 0.1932 -0.6631
vn 0.7231 0.1932 -0.6631
vn 0.7231 0.1933 -0.6632
vn 0.7231 0.1932 -0.6632
vn 0.7231 0.1933 -0.6632
vn 0.7231 0.1933 -0.6631
vn 0.7231 0.1933 -0.6632
vn 0.7231 0.1933 -0.6632
vn 0.7231 0.1933 -0.6632
vn 0.7231 0.1933 -0.6632
vn 0.7231 0.1933 -0.6631
vn 0.7230 0.1933 -0.6632
vn 0.7231 0.1933 -0.6632
vn 0.9035 0.1280 -0.4090
vn 0.8551 0.3376 -0.3936
vn 0.8414 0.3347 -0.4243
vn 0.9549 0.1253 -0.2693
vn 0.9149 0.3202 -0.2460
vn 0.9221 0.3123 -0.2286
vn 0.9237 0.3107 -0.2240
vn 0.9256 0.3086 -0.2191
vn 0.9294 0.3036 -0.2097
vn 0.9359 0.2939 -0.1940
vn 0.9366 0.2936 -0.1910
vn 0.9345 0.2968 -0.1963
vn 0.8400 0.3347 -0.4271
vn 0.8339 0.3329 -0.4403
vn 0.7225 0.2326 -0.6511
vn 0.7255 0.2359 -0.6465
vn 0.7287 0.2380 -0.6422
vn 0.9387 0.2929 -0.1820
vn 0.9133 0.3100 -0.2640
vn 0.8718 0.2906 -0.3944
vn 0.8462 0.2792 -0.4539
vn 0.9909 0.1292 -0.0380
vn 0.9908 0.1299 -0.0384
vn 0.9852 0.1563 -0.0703
vn 0.9365 0.2930 -0.1926
vn 0.9433 0.2811 -0.1764
vn 0.9498 0.2682 -0.1610
vn 0.9561 0.2540 -0.1463
vn 0.9621 0.2387 -0.1322
vn 0.9677 0.2223 -0.1188
vn 0.9703 0.2140 -0.1129
vn 0.9712 0.2103 -0.1121
vn 0.9715 0.2081 -0.1137
vn 0.9785 0.1821 -0.0968
vn 0.9847 0.1546 -0.0809
vn 0.9858 0.1530 -0.0685
vn 0.2949 -0.9528 -0.0726
vn 0.2874 -0.9555 -0.0667
vn 0.2857 -0.9561 -0.0655
vn 0.2872 -0.9561 -0.0581
vn 0.2880 -0.9558 -0.0587
vn 0.2964 -0.9528 -0.0661
vn 0.2750 -0.9596 -0.0587
vn 0.2766 -0.9597 -0.0506
vn 0.2631 -0.9633 -0.0524
vn 0.2646 -0.9634 -0.0436
vn 0.2498 -0.9672 -0.0466
vn 0.2513 -0.9672 -0.0370
vn -0.9360 -0.2946 0.1927
vn -0.9851 -0.1567 0.0706
vn -0.9856 -0.1543 0.0692
vn -0.9844 -0.1559 0.0815
vn -0.9712 -0.2103 0.1121
vn -0.9703 -0.2140 0.1129
vn -0.9677 -0.2223 0.1187
vn -0.9621 -0.2387 0.1322
vn -0.9561 -0.2540 0.1463
vn -0.9498 -0.2682 0.1611
vn -0.9433 -0.2812 0.1764
vn -0.9365 -0.2930 0.1926
vn -0.9353 -0.2950 0.1956
vn 0.2352 -0.9711 -0.0413
vn 0.2367 -0.9711 -0.0309
vn 0.2195 -0.9749 -0.0364
vn 0.2208 -0.9750 -0.0254
vn 0.2358 -0.9408 0.2435
vn 0.2364 -0.9377 0.2546
vn 0.2343 -0.7564 0.6107
vn 0.2341 -0.7531 0.6149
vn 0.1978 -0.4603 0.8654
vn 0.1950 -0.4426 0.8752
vn 0.1268 -0.0370 0.9912
vn 0.1252 -0.0286 0.9917
vn 0.9756 0.1851 -0.1180
vn 0.9775 0.1710 -0.1236
vn 0.9783 0.1619 -0.1295
vn 0.9785 0.1563 -0.1348
vn 0.9740 0.1699 -0.1497
vn 0.9688 0.1848 -0.1650
vn 0.9632 0.1984 -0.1811
vn 0.9572 0.2108 -0.1982
vn 0.9508 0.2218 -0.2164
vn 0.9435 0.2334 -0.2354
vn 0.9397 0.2455 -0.2381
vn 0.9348 0.2636 -0.2379
vn 0.9300 0.2829 -0.2348
vn 0.9995 -0.0327 0.0017
vn 0.9995 -0.0326 0.0017
vn 0.9994 -0.0322 0.0134
vn 0.9998 0.0170 -0.0049
vn 0.9997 0.0245 -0.0077
vn 0.9996 0.0265 -0.0085
vn 0.9996 0.0265 -0.0085
vn 0.9996 0.0265 -0.0085
vn 0.9996 0.0265 -0.0085
vn 0.9996 0.0266 -0.0085
vn 0.9996 0.0269 -0.0086
vn 0.9996 0.0273 -0.0088
vn 0.9995 0.0291 -0.0095
vn 0.9992 0.0378 -0.0129
vn 0.9978 0.0622 -0.0230
vn 0.9995 -0.0326 0.0017
vn 0.9995 -0.0327 0.0017
vn 0.9995 -0.0327 0.0017
vn 0.9995 -0.0327 0.0017
vn 0.9995 -0.0327 0.0017
vn 0.9995 -0.0327 0.0017
vn 0.9995 -0.0327 0.0017
vn 0.9995 -0.0327 0.0017
vn 0.9995 -0.0327 0.0017
vn 0.9995 -0.0327 0.0017
vn 0.9995 -0.0327 0.0017
vn 0.9995 -0.0327 0.0017
vn 0.9995 -0.0327 0.0017
vn 0.9995 -0.0327 0.0017
vn 0.9995 -0.0326 0.0052
vn 0.8992 -0.4375 -0.0011
vn 0.9993 -0.0378 0.0017
vn 0.8995 -0.4369 -0.0011
vn 0.9455 -0.3257 0.0002
vn 0.2222 0.6444 -0.7317
vn 0.0079 0.1914 -0.9815
vn 0.0079 0.1915 -0.9815
vn 0.2065 0.5990 -0.7736
vn 0.0040 0.0727 -0.9973
vn 0.0042 0.0727 -0.9973
vn 0.4546 0.7543 -0.4736
vn 0.3533 0.7307 -0.5842
vn 0.3375 0.6965 -0.6333
vn 0.4394 0.7293 -0.5244
vn -0.9995 0.0327 -0.0017
vn -0.9995 0.0326 -0.0017
vn -0.9454 0.3259 -0.0002
vn -0.9002 0.4355 0.0010
vn -0.8999 0.4360 0.0011
vn -0.8562 0.5166 0.0022
vn -0.7695 0.6386 0.0045
vn -0.7029 0.7112 0.0061
vn -0.6597 0.7515 0.0072
vn -0.6396 0.7686 0.0077
vn -0.6339 0.7734 0.0079
vn 0.6072 0.7342 -0.3036
vn 0.5978 0.7233 -0.3456
vn 0.6975 0.6921 -0.1858
vn 0.6933 0.6881 -0.2141
vn 0.6339 -0.7734 -0.0079
vn 0.6397 -0.7686 -0.0077
vn 0.6602 -0.7510 -0.0072
vn 0.7035 -0.7107 -0.0061
vn 0.7697 -0.6384 -0.0045
vn 0.8558 -0.5173 -0.0022
vn 0.7471 0.6576 -0.0971
vn 0.7456 0.6566 -0.1138
vn 0.7711 0.6353 -0.0434
vn 0.7669 0.6396 -0.0526
vn 0.7668 0.6388 -0.0620
vn 0.7707 0.6350 -0.0525
vn -0.6352 0.7723 0.0078
vn -0.6276 0.7785 0.0080
vn -0.6242 0.7812 0.0081
vn -0.6225 0.7826 0.0081
vn -0.6217 0.7832 0.0081
vn -0.6213 0.7835 0.0081
vn -0.6211 0.7837 0.0081
vn -0.6210 0.7838 0.0081
vn -0.6210 0.7838 0.0081
vn -0.6212 0.7836 0.0081
vn -0.5406 0.8412 0.0101
vn -0.2663 0.9637 0.0165
vn -0.2533 0.9673 0.0166
vn -0.2530 0.9673 0.0169
vn -0.2395 0.9707 0.0173
vn -0.5303 0.8473 0.0297
vn -0.6274 0.7780 0.0333
vn -0.7652 0.6426 0.0390
vn -0.8954 0.4434 0.0401
vn -0.0045 0.9998 0.0175
vn -0.0036 0.9998 0.0177
vn -0.0026 0.9998 0.0177
vn -0.0039 0.9998 0.0176
vn 0.0773 0.9463 -0.3138
vn 0.2575 0.9661 0.0204
vn 0.2528 0.9673 0.0204
vn 0.2512 0.9677 0.0204
vn 0.2479 0.9686 0.0204
vn 0.6277 0.7782 0.0201
vn 0.6358 0.7716 0.0201
vn 0.6323 0.7744 0.0201
vn 0.2446 0.9694 0.0205
vn 0.6289 0.7772 0.0202
vn 0.8985 0.4385 0.0196
vn 0.8978 0.4400 0.0196
vn 0.8835 0.4680 0.0197
vn 0.8994 0.4366 0.0196
vn 0.6308 0.7210 -0.2869
vn 0.8784 0.4466 -0.1702
vn 0.2968 0.8879 -0.3516
vn 0.2902 0.8565 -0.4268
vn 0.2740 0.8489 -0.4519
vn 0.2954 0.9102 -0.2902
vn 0.1417 0.8845 -0.4446
vn 0.1412 0.8844 -0.4449
vn 0.9990 0.0402 0.0201
vn 0.8970 0.4416 0.0197
vn 0.8396 0.5429 0.0198
vn 0.6258 0.7797 0.0202
vn 0.4370 0.8992 0.0204
vn 0.2378 0.9711 0.0205
vn 0.2430 0.9698 0.0205
vn 0.1686 0.9855 0.0194
vn 0.0550 0.9983 0.0181
vn -0.0007 0.9998 0.0176
vn -0.0016 0.9998 0.0176
vn 0.0611 0.9949 0.0807
vn -0.0430 0.9950 0.0899
vn -0.0609 0.9980 0.0173
vn -0.1807 0.9834 0.0171
vn -0.5524 0.7715 -0.3155
vn 0.7827 0.6224 0.0024
vn 0.7822 0.6223 -0.0297
vn 0.8132 0.5434 -0.2084
vn 0.7748 0.6130 0.1546
vn 0.6430 0.5053 0.5755
vn 0.7524 0.5954 0.2817
vn 0.7793 0.6170 0.1097
vn 0.6217 -0.7832 -0.0081
vn 0.2532 -0.9673 -0.0169
vn 0.6214 -0.7835 -0.0081
vn 0.6214 -0.7835 -0.0081
vn 0.6215 -0.7834 -0.0081
vn 0.6217 -0.7832 -0.0081
vn 0.6221 -0.7829 -0.0081
vn 0.6229 -0.7823 -0.0081
vn 0.6245 -0.7810 -0.0080
vn 0.6279 -0.7782 -0.0080
vn 0.6356 -0.7720 -0.0078
vn 0.7833 0.6214 -0.0192
vn 0.7833 0.6211 -0.0248
vn 0.7832 0.6214 -0.0194
vn 0.7831 0.6214 -0.0251
vn 0.7830 0.6217 -0.0199
vn 0.7829 0.6217 -0.0254
vn 0.7827 0.6221 -0.0203
vn 0.7826 0.6220 -0.0260
vn 0.7820 0.6229 -0.0215
vn 0.7819 0.6228 -0.0273
vn 0.7806 0.6245 -0.0238
vn 0.7805 0.6245 -0.0301
vn 0.7778 0.6279 -0.0292
vn 0.7775 0.6279 -0.0360
vn -0.9252 0.3776 0.0380
vn -0.9995 0.0327 -0.0017
vn -0.9995 0.0327 -0.0017
vn -0.9993 0.0369 -0.0017
vn -0.9995 0.0327 -0.0017
vn -0.9995 0.0326 -0.0017
vn -0.9994 0.0322 -0.0134
vn -0.9995 0.0326 -0.0052
vn -0.9995 0.0326 -0.0017
vn -0.9995 0.0327 -0.0017
vn -0.9995 0.0327 -0.0017
vn -0.9995 0.0327 -0.0017
vn -0.9995 0.0327 -0.0017
vn -0.9995 0.0327 -0.0017
vn -0.9995 0.0327 -0.0017
vn -0.9995 0.0327 -0.0017
vn -0.9908 -0.1298 0.0383
vn -0.9345 -0.2968 0.1963
vn -0.9386 -0.2929 0.1821
vn -0.9908 -0.1299 0.0384
vn -0.8392 -0.3345 0.4288
vn -0.9294 -0.3036 0.2097
vn -0.9256 -0.3086 0.2191
vn -0.9237 -0.3107 0.2240
vn -0.8554 -0.3376 0.3929
vn -0.8407 -0.3345 0.4259
vn 0.1904 -0.8800 -0.4351
vn 0.1905 -0.8802 -0.4347
vn 0.0716 -0.7146 -0.6959
vn 0.0694 -0.7111 -0.6997
vn -0.0702 -0.4538 -0.8883
vn -0.0468 -0.5050 -0.8618
vn -0.2079 -0.1220 -0.9705
vn -0.0269 -0.5466 -0.8370
vn -0.0702 -0.4538 -0.8883
vn -0.2114 -0.1106 -0.9711
vn -0.3179 0.3229 -0.8914
vn -0.3157 0.3102 -0.8967
vn -0.3413 0.7195 -0.6048
vn -0.3418 0.6999 -0.6272
vn -0.2814 0.9392 -0.1969
vn -0.2850 0.9337 -0.2167
vn -0.2152 0.9750 0.0544
vn -0.2164 0.9751 0.0486
vn -0.2052 0.9775 0.0485
vn -0.2066 0.9775 0.0419
vn -0.1938 0.9801 0.0430
vn -0.1952 0.9801 0.0358
vn -0.1810 0.9828 0.0379
vn -0.1823 0.9828 0.0301
vn -0.1668 0.9854 0.0333
vn -0.1681 0.9855 0.0247
vn -0.1093 0.9464 0.3040
vn -0.1077 0.9438 0.3126
vn -0.0335 0.7398 0.6720
vn -0.0296 0.7272 0.6858
vn 0.0462 0.3981 0.9162
vn 0.0508 0.3780 0.9244
vn -0.7791 -0.3000 0.5505
vn -0.7314 -0.2387 0.6388
vn -0.7287 -0.2380 0.6421
vn -0.7255 -0.2359 0.6465
vn -0.7225 -0.2326 0.6511
vn -0.8340 -0.3329 0.4401
vn -0.7233 -0.1477 0.6745
vn -0.7232 -0.1930 0.6632
vn -0.7232 -0.1932 0.6630
vn -0.7231 -0.1934 0.6632
vn -0.7231 -0.1932 0.6631
vn -0.7232 -0.1931 0.6631
vn -0.7233 -0.1930 0.6630
vn -0.7236 -0.1927 0.6628
vn -0.7241 -0.1920 0.6624
vn -0.7251 -0.1906 0.6617
vn -0.7273 -0.1878 0.6601
vn -0.7319 -0.1817 0.6568
vn -0.7367 -0.1751 0.6531
vn -0.7410 -0.1718 0.6492
vn -0.7423 -0.1810 0.6452
vn -0.7400 -0.1997 0.6422
vn 0.6847 -0.2685 0.6775
vn 0.6296 0.1264 0.7665
vn 0.6332 0.1126 0.7657
vn 0.6848 -0.2582 0.6814
vn 0.4445 0.5713 0.6899
vn 0.4329 0.5893 0.6821
vn 0.1393 0.9001 0.4128
vn 0.1571 0.8890 0.4302
vn -0.1868 0.9813 0.0466
vn -0.1839 0.9817 0.0501
vn -0.4236 0.8724 -0.2438
vn -0.4323 0.8647 -0.2558
vn -0.4303 0.8706 -0.2385
vn -0.4383 0.8635 -0.2495
vn -0.4363 0.8690 -0.2335
vn -0.4437 0.8624 -0.2436
vn -0.4391 0.8682 -0.2311
vn -0.4463 0.8619 -0.2408
vn -0.4405 0.8678 -0.2300
vn -0.4475 0.8616 -0.2394
vn -0.4411 0.8676 -0.2294
vn -0.4481 0.8615 -0.2388
vn -0.4414 0.8676 -0.2291
vn -0.4484 0.8614 -0.2385
vn -0.4403 0.8686 -0.2271
vn -0.4485 0.8615 -0.2382
vn -0.4190 0.8866 -0.1960
vn -0.4487 0.8621 -0.2356
vn 0.4373 0.6214 0.6501
vn -0.4490 0.8607 -0.2399
vn -0.4470 0.8576 -0.2543
vn 0.4691 0.5618 0.6814
vn -0.4553 0.8618 -0.2236
vn -0.4487 0.8613 -0.2385
vn -0.4477 0.8621 -0.2372
vn -0.4522 0.8635 -0.2236
vn -0.4512 0.8609 -0.2352
vn -0.4486 0.8623 -0.2352
vn -0.4285 0.8837 -0.1881
vn -0.6881 0.1331 -0.7133
vn -0.6131 0.5389 -0.5777
vn -0.2281 -0.8494 -0.4758
vn -0.2972 -0.7035 -0.6455
vn 0.1378 -0.9789 -0.1508
vn 0.0344 -0.9677 -0.2496
vn 0.7119 0.1893 -0.6763
vn 0.7134 0.1666 -0.6807
vn 0.7170 0.1525 -0.6802
vn -0.4499 0.8624 -0.2320
vn -0.4472 0.8648 -0.2284
vn -0.4532 0.8604 -0.2333
vn -0.4499 0.8633 -0.2288
vn 0.7091 0.1933 -0.6781
vn -0.4483 0.8660 -0.2216
vn -0.4523 0.8626 -0.2267
vn -0.7134 -0.1666 0.6807
vn -0.7091 -0.1933 0.6781
vn -0.7119 -0.1893 0.6763
vn -0.7207 -0.2081 0.6612
vn -0.7167 -0.1524 0.6805
vn -0.7198 -0.1496 0.6778
vn -0.7197 -0.1514 0.6776
vn -0.7194 -0.1544 0.6772
vn -0.7190 -0.1592 0.6765
vn -0.7186 -0.1642 0.6758
vn -0.7184 -0.1686 0.6749
vn -0.7180 -0.1761 0.6734
vn -0.7176 -0.1867 0.6709
vn -0.7175 -0.2022 0.6666
vn -0.7176 -0.2155 0.6623
vn -0.4612 0.8605 -0.2163
vn -0.4645 0.8576 -0.2208
vn 0.0596 0.9302 0.3623
vn 0.6586 0.0603 0.7501
vn 0.7956 0.0766 -0.6010
vn -0.3174 0.9462 -0.0622
vn -0.7139 -0.2536 0.6527
vn -0.7202 -0.2552 0.6451
vn -0.7229 -0.2519 0.6434
vn -0.7250 -0.2453 0.6436
vn -0.7255 -0.2369 0.6461
vn -0.7241 -0.2285 0.6507
vn -0.7211 -0.2219 0.6564
vn -0.7192 -0.2186 0.6595
vn -0.7184 -0.2171 0.6609
vn -0.7180 -0.2163 0.6616
vn -0.7177 -0.2159 0.6620
vn -0.7177 -0.2157 0.6621
vn -0.7346 -0.3309 0.5923
vn -0.7176 -0.2156 0.6623
vn -0.7534 -0.2155 0.6212
vn -0.7559 -0.2229 0.6156
vn -0.7680 -0.2479 0.5905
vn -0.8007 -0.2817 0.5288
vn -0.8310 -0.2966 0.4706
vn -0.7153 -0.2878 0.6368
vn 0.6083 0.2762 0.7441
vn -0.4925 0.8302 -0.2612
vn -0.4565 0.8635 -0.2146
vn -0.3176 0.9476 -0.0352
vn -0.4642 0.8566 -0.2255
vn -0.4654 0.8580 -0.2175
vn -0.4652 0.8575 -0.2200
vn -0.4620 0.8573 -0.2269
vn -0.4636 0.8559 -0.2291
vn -0.4637 0.8550 -0.2324
vn 0.7153 0.2878 -0.6368
vn 0.8310 0.2966 -0.4706
vn 0.8006 0.2816 -0.5289
vn 0.7678 0.2476 -0.5909
vn 0.7558 0.2227 -0.6157
vn 0.7534 0.2155 -0.6212
vn 0.7175 0.2021 -0.6666
vn 0.7176 0.2155 -0.6623
vn 0.7176 0.2155 -0.6623
vn 0.7176 0.2155 -0.6623
vn 0.7176 0.2155 -0.6623
vn 0.7176 0.2155 -0.6623
vn 0.7176 0.2156 -0.6623
vn 0.7176 0.2156 -0.6622
vn 0.7176 0.2156 -0.6622
vn 0.7176 0.2156 -0.6622
vn 0.7177 0.2157 -0.6621
vn 0.7177 0.2159 -0.6620
vn 0.7180 0.2163 -0.6616
vn 0.7184 0.2170 -0.6609
vn 0.7193 0.2186 -0.6594
vn 0.7211 0.2219 -0.6564
vn 0.7241 0.2285 -0.6507
vn 0.7255 0.2369 -0.6461
vn 0.7249 0.2453 -0.6437
vn 0.7229 0.2519 -0.6434
vn 0.7202 0.2552 -0.6452
vn 0.7139 0.2537 -0.6527
vn -0.4617 0.8593 -0.2200
vn -0.4644 0.8569 -0.2237
vn -0.4618 0.8591 -0.2206
vn -0.4644 0.8568 -0.2242
vn -0.4621 0.8589 -0.2206
vn -0.4647 0.8566 -0.2242
vn -0.4625 0.8587 -0.2207
vn -0.4650 0.8564 -0.2242
vn -0.4632 0.8583 -0.2208
vn -0.4658 0.8560 -0.2243
vn -0.4650 0.8573 -0.2211
vn -0.4674 0.8551 -0.2245
vn -0.6171 0.6359 -0.4635
vn -0.6177 0.6344 -0.4647
vn -0.6864 0.1814 -0.7042
vn -0.6865 0.1837 -0.7036
vn -0.5796 -0.2877 -0.7624
vn -0.5814 -0.2832 -0.7627
vn -0.3535 -0.6652 -0.6577
vn -0.3559 -0.6623 -0.6593
vn -0.0533 -0.9068 -0.4182
vn -0.0531 -0.9069 -0.4180
vn 0.2726 -0.9592 -0.0743
vn 0.2773 -0.9583 -0.0689
vn 0.4722 -0.8565 0.2085
vn 0.4764 -0.8527 0.2143
vn -0.7106 -0.2299 0.6650
vn -0.7125 -0.2710 0.6473
vn 0.7125 0.2710 -0.6473
vn 0.7106 0.2299 -0.6650
vn -0.2110 0.9576 0.1960
vn -0.2165 0.9577 0.1897
vn -0.4121 0.9082 -0.0732
vn -0.4059 0.9116 -0.0651
vn -0.2563 0.9552 0.1481
vn -0.2447 0.9549 0.1684
vn 0.8996 -0.0616 -0.4323
vn -0.2924 0.9527 0.0827
vn -0.2447 0.9549 0.1683
vn -0.8777 -0.1000 0.4688
vn -0.8259 -0.3105 0.4705
vn -0.8777 -0.1000 0.4688
vn -0.8259 -0.3106 0.4705
vn -0.7391 -0.2148 0.6385
vn -0.7379 -0.2073 0.6423
vn -0.7504 -0.1882 0.6336
vn -0.7375 -0.1932 0.6472
vn -0.7374 -0.1918 0.6477
vn -0.7372 -0.1910 0.6481
vn -0.7372 -0.1907 0.6483
vn -0.7371 -0.1905 0.6484
vn -0.7371 -0.1905 0.6484
vn -0.7959 -0.1317 0.5910
vn -0.8497 -0.0816 0.5209
vn -0.7959 -0.1317 0.5910
vn -0.7371 -0.1904 0.6484
vn -0.7959 -0.1317 0.5910
vn -0.7959 -0.1317 0.5910
vn -0.7371 -0.1904 0.6484
vn -0.7371 -0.1904 0.6484
vn -0.7370 -0.1884 0.6491
vn -0.7375 -0.1854 0.6494
vn -0.7378 -0.1848 0.6492
vn -0.7379 -0.1845 0.6492
vn -0.7379 -0.1844 0.6492
vn -0.7380 -0.1844 0.6491
vn -0.7382 -0.1841 0.6489
vn -0.7385 -0.1847 0.6484
vn -0.7364 -0.1865 0.6503
vn -0.8516 -0.0832 0.5175
vn -0.7338 -0.1805 0.6549
vn -0.7434 -0.1775 0.6449
vn -0.7362 -0.1793 0.6526
vn -0.7360 -0.1794 0.6528
vn -0.7357 -0.1800 0.6530
vn -0.7355 -0.1814 0.6528
vn -0.7519 -0.1568 0.6403
vn -0.7484 -0.1624 0.6431
vn -0.7345 -0.1802 0.6542
vn -0.7349 -0.1799 0.6538
vn -0.7358 -0.1795 0.6530
vn -0.7535 -0.1514 0.6398
vn -0.7511 -0.1556 0.6415
vn -0.7583 -0.1382 0.6370
vn -0.7325 -0.1832 0.6557
vn -0.7342 -0.1813 0.6543
vn -0.7547 -0.1530 0.6380
vn -0.7555 -0.1542 0.6367
vn -0.7295 -0.1840 0.6588
vn -0.7518 -0.1502 0.6420
vn -0.7556 -0.1124 0.6453
vn -0.7775 -0.0109 0.6288
vn -0.7849 -0.0786 0.6146
vn -0.7696 -0.1084 0.6293
vn -0.7557 -0.1345 0.6409
vn -0.7511 -0.1373 0.6458
vn -0.7556 -0.0747 0.6508
vn -0.7981 -0.0647 0.5990
vn -0.7697 -0.1311 0.6248
vn -0.7698 -0.1336 0.6241
vn -0.7555 -0.1547 0.6366
vn -0.7699 -0.1357 0.6236
vn -0.7876 -0.1032 0.6075
vn -0.7881 -0.1081 0.6060
vn -0.7983 -0.0998 0.5940
vn -0.7875 -0.0979 0.6085
vn -0.7872 -0.0998 0.6086
vn -0.7878 -0.1017 0.6075
vn 0.7698 0.6021 -0.2118
vn 0.2562 0.8802 0.3996
vn -0.1806 0.7402 0.6476
vn -0.8248 -0.1092 0.5548
vn -0.8434 -0.1987 0.4992
vn -0.8015 -0.0490 0.5959
vn 0.2396 0.8779 0.4146
vn 0.1825 0.8529 0.4891
vn 0.2808 0.8349 0.4734
vn -0.8382 -0.0395 0.5439
vn -0.8381 -0.0434 0.5438
vn -0.8194 -0.0884 0.5664
vn -0.8140 -0.0926 0.5735
vn -0.8136 -0.0929 0.5739
vn -0.8116 -0.0945 0.5765
vn -0.8095 -0.0961 0.5792
vn -0.8073 -0.0979 0.5819
vn -0.8052 -0.0996 0.5846
vn -0.8001 -0.1035 0.5908
vn -0.8177 -0.0593 0.5726
vn 0.8196 0.4322 -0.3761
vn 0.8155 0.4164 -0.4020
vn 0.7730 0.5601 -0.2977
vn -0.7532 0.0834 0.6525
vn -0.7858 -0.0897 0.6120
vn -0.7609 0.0016 0.6489
vn -0.8003 -0.0089 0.5995
vn -0.8202 -0.0138 0.5719
vn -0.8009 0.0588 0.5959
vn -0.8217 0.0414 0.5684
vn -0.8371 0.0281 0.5463
vn -0.8345 -0.0172 0.5507
vn -0.8318 -0.0550 0.5524
vn -0.8387 0.1233 0.5305
vn -0.8194 0.1590 0.5507
vn -0.7941 0.2022 0.5732
vn -0.8375 0.2023 0.5076
vn -0.8152 0.2543 0.5204
vn -0.7848 0.3158 0.5332
vn -0.7755 0.2321 0.5871
vn -0.8556 0.1533 0.4945
vn -0.8550 0.0896 0.5109
vn -0.8710 0.1037 0.4802
vn -0.8697 0.0550 0.4906
vn -0.8842 0.0510 0.4643
vn -0.8833 0.0174 0.4684
vn -0.8778 -0.0141 0.4788
vn -0.8645 0.0013 0.5026
vn -0.8512 0.0151 0.5247
vn -0.8606 -0.0251 0.5086
vn -0.8478 -0.0209 0.5299
vn -0.8735 -0.0303 0.4859
vn -0.8925 -0.0339 0.4498
vn -0.8889 -0.0378 0.4566
vn -0.8960 -0.0246 0.4434
vn -0.8861 -0.0408 0.4617
vn -0.8704 -0.0444 0.4903
vn -0.8579 -0.0475 0.5117
vn -0.8665 -0.0230 0.4986
vn -0.8499 -0.0235 0.5264
vn -0.8856 -0.0193 0.4641
vn -0.8452 -0.0510 0.5320
vn -0.8342 -0.0263 0.5509
vn -0.8329 -0.0268 0.5528
vn -0.8326 -0.0258 0.5532
vn -0.8369 -0.0744 0.5423
vn -0.8340 -0.0768 0.5464
vn -0.8338 -0.0769 0.5468
vn 0.8773 0.2785 -0.3909
vn 0.8408 0.5101 -0.1814
vn -0.8359 -0.0341 0.5478
vn 0.8286 0.5397 -0.1485
vn -0.8295 -0.0803 0.5527
vn -0.8426 -0.0520 0.5360
vn -0.8417 -0.0507 0.5376
vn -0.8415 -0.0474 0.5382
vn -0.8413 -0.0460 0.5387
vn -0.8377 -0.0453 0.5443
vn -0.9014 -0.0474 0.4305
vn -0.9020 -0.0485 0.4290
vn -0.9001 -0.0417 0.4336
vn -0.8953 -0.0078 0.4454
vn -0.8438 -0.0537 0.5340
vn -0.8088 -0.0789 0.5827
vn -0.8074 -0.0739 0.5853
vn -0.8051 -0.0664 0.5894
vn -0.8036 -0.0579 0.5924
vn -0.7883 -0.1107 0.6053
vn -0.7889 -0.1135 0.6039
vn -0.7701 -0.1385 0.6228
vn -0.7696 -0.1371 0.6236
vn -0.7712 -0.1392 0.6212
vn -0.7892 -0.1147 0.6034
vn -0.7890 -0.1168 0.6032
vn -0.8097 -0.0835 0.5809
vn -0.8443 -0.0561 0.5330
vn -0.8115 -0.0903 0.5773
vn -0.7895 -0.1204 0.6018
vn -0.8455 -0.0599 0.5306
vn -0.8474 -0.0661 0.5269
vn -0.8139 -0.1000 0.5724
vn 0.9057 -0.0460 -0.4214
vn 0.8963 0.0772 -0.4367
vn 0.9002 0.0765 -0.4287
vn 0.9039 0.0750 -0.4211
vn 0.9072 0.0717 -0.4145
vn 0.9099 0.0621 -0.4101
vn 0.9108 0.0517 -0.4096
vn 0.9112 0.0361 -0.4104
vn 0.9103 -0.0028 -0.4139
vn 0.9094 -0.0177 -0.4156
vn 0.9083 -0.0296 -0.4172
vn 0.7516 0.2019 -0.6280
vn 0.7503 0.1875 -0.6339
vn 0.7502 0.1837 -0.6351
vn 0.7504 0.1814 -0.6356
vn 0.7504 0.1807 -0.6358
vn 0.7504 0.1803 -0.6360
vn 0.7504 0.1803 -0.6360
vn 0.7972 0.1538 -0.5838
vn 0.7972 0.1538 -0.5838
vn 0.7325 0.2004 -0.6506
vn 0.7503 0.1803 -0.6360
vn 0.7325 0.2004 -0.6506
vn 0.7972 0.1538 -0.5838
vn 0.7504 0.1803 -0.6360
vn 0.7504 0.1803 -0.6360
vn 0.7503 0.1803 -0.6360
vn 0.7504 0.1795 -0.6362
vn 0.7503 0.1776 -0.6368
vn 0.7504 0.1760 -0.6372
vn 0.7505 0.1750 -0.6373
vn 0.7505 0.1745 -0.6374
vn 0.7505 0.1743 -0.6374
vn 0.7509 0.1767 -0.6364
vn 0.7554 0.1449 -0.6390
vn 0.8806 0.0220 -0.4733
vn 0.8560 0.0248 -0.5163
vn 0.8340 0.0255 -0.5511
vn 0.8197 0.0615 -0.5694
vn 0.7906 0.0645 -0.6090
vn 0.8533 0.1056 -0.5106
vn 0.8533 0.1056 -0.5106
vn 0.8006 0.0624 -0.5959
vn 0.8257 0.0558 -0.5614
vn 0.8447 0.0503 -0.5329
vn 0.8282 0.0148 -0.5602
vn 0.8472 0.0201 -0.5309
vn 0.8032 0.0083 -0.5957
vn 0.8301 -0.0345 -0.5565
vn 0.8506 -0.0158 -0.5256
vn 0.8039 -0.0567 -0.5920
vn 0.7985 -0.1940 -0.5699
vn 0.8297 -0.1395 -0.5405
vn 0.8542 -0.0905 -0.5120
vn 0.8692 0.0038 -0.4944
vn 0.8749 -0.0410 -0.4826
vn 0.8761 -0.0841 -0.4747
vn 0.8650 0.0261 -0.5011
vn 0.8887 0.0284 -0.4577
vn 0.8927 0.0129 -0.4505
vn 0.8850 0.0356 -0.4643
vn 0.8822 0.0416 -0.4690
vn 0.8620 0.0459 -0.5048
vn 0.8926 -0.0081 -0.4507
vn 0.8911 -0.0314 -0.4527
vn 0.8758 -0.1196 -0.4676
vn -0.5221 0.8043 -0.2836
vn -0.5261 0.7997 -0.2894
vn 0.7129 0.2027 -0.6713
vn 0.7087 0.2243 -0.6689
vn 0.7193 0.2077 -0.6629
vn -0.7193 -0.2077 0.6629
vn -0.7087 -0.2243 0.6689
vn -0.7129 -0.2028 0.6713
vn -0.3487 0.9330 -0.0887
vn -0.3470 0.9339 -0.0866
vn -0.7469 -0.2296 0.6241
vn -0.8169 -0.2690 0.5102
vn -0.8463 -0.2793 0.4537
vn -0.1797 0.9733 0.1431
vn -0.1748 0.9733 0.1489
vn 0.8169 0.2690 -0.5102
vn 0.7469 0.2296 -0.6241
vn -0.2296 0.9631 0.1402
vn -0.2272 0.9632 0.1439
vn -0.2659 0.9569 0.1172
vn -0.2472 0.9602 0.1300
vn -0.2454 0.9602 0.1332
vn -0.2641 0.9568 0.1213
vn -0.2981 0.9507 0.0854
vn -0.2975 0.9507 0.0874
vn -0.8718 -0.2906 0.3944
vn -0.9133 -0.3100 0.2640
vn -0.2877 0.9562 0.0547
vn -0.2862 0.9561 0.0623
vn -0.1293 0.9914 0.0183
vn -0.1300 0.9915 0.0018
vn -0.1292 0.9916 0.0017
vn 0.0326 0.9995 0.0028
vn 0.0326 0.9995 -0.0040
vn -0.1291 0.9915 0.0183
vn 0.0326 0.9995 0.0010
vn 0.0326 0.9995 0.0010
vn 0.0326 0.9995 0.0010
vn 0.0326 0.9995 0.0010
vn 0.0327 0.9995 0.0010
vn 0.0327 0.9995 0.0010
vn 0.0326 0.9995 0.0010
vn 0.0327 0.9995 0.0010
vn 0.0321 0.9794 -0.1992
vn 0.0323 0.9794 -0.1992
vn 0.0252 0.7361 -0.6764
vn 0.0251 0.7361 -0.6764
vn 0.0164 0.4547 -0.8905
vn 0.0164 0.4547 -0.8905
vn 0.6280 -0.6111 0.4819
vn 0.4759 -0.8507 0.2234
vn 0.4456 -0.8769 0.1802
vn 0.6263 -0.6156 0.4783
vn 0.4832 -0.8437 0.2340
vn 0.4759 -0.8507 0.2234
vn 0.4573 -0.8601 0.2260
vn 0.4649 -0.8532 0.2364
vn -0.2075 -0.9748 -0.0816
vn 0.7030 -0.1819 0.6876
vn 0.6979 -0.1947 0.6892
vn 0.6940 -0.2055 0.6900
vn 0.6875 -0.2047 0.6968
vn 0.6906 -0.1970 0.6958
vn 0.6971 -0.1815 0.6936
vn 0.6810 -0.2319 0.6946
vn 0.6732 -0.2304 0.7026
vn 0.6488 -0.2701 0.7114
vn 0.6573 -0.2726 0.7026
vn 0.8533 -0.3809 0.3561
vn 0.8500 -0.3800 0.3648
vn 0.9168 -0.3976 0.0378
vn 0.9166 -0.3976 0.0410
vn 0.8889 -0.3701 -0.2698
vn 0.8881 -0.3696 -0.2734
vn 0.6140 -0.2186 -0.7584
vn 0.6068 -0.2154 -0.7652
vn 0.1677 -0.0232 -0.9856
vn 0.1627 -0.0214 -0.9864
vn -0.3526 0.1489 -0.9238
vn -0.3487 0.1478 -0.9255
vn -0.6878 0.2069 -0.6958
vn -0.6817 0.2058 -0.7021
vn -0.6934 0.1949 -0.6937
vn -0.7000 0.1788 -0.6914
vn -0.6948 0.1783 -0.6967
vn -0.6871 0.1951 -0.6999
vn -0.1782 -0.9813 -0.0734
vn -0.1302 -0.9875 -0.0886
vn -0.0900 -0.9907 -0.1016
vn -0.1398 -0.9879 -0.0666
vn -0.7084 0.1552 -0.6885
vn -0.7042 0.1550 -0.6928
vn 0.1642 0.9821 0.0920
vn 0.1269 0.9868 0.1007
vn 0.0937 0.9897 0.1085
vn 0.7093 -0.1613 0.6862
vn 0.7044 -0.1612 0.6913
vn 0.5959 0.7998 0.0725
vn 0.9786 -0.2004 0.0459
vn 0.9786 -0.2006 0.0459
vn 0.9986 -0.0386 0.0364
vn 0.1998 0.9796 0.0199
vn 0.1997 0.9797 0.0199
vn 0.0386 0.9993 0.0004
vn 0.2004 0.9797 0.0076
vn 0.3489 0.9367 0.0281
vn 0.3489 0.9367 0.0281
vn 0.2005 0.9797 0.0076
vn 0.3494 0.9368 0.0195
vn 0.3494 0.9368 0.0195
vn 0.4096 0.9117 0.0321
vn 0.4097 0.9117 0.0320
vn 0.4124 0.9110 -0.0102
vn 0.4121 0.9111 -0.0103
vn 0.9093 -0.4109 0.0660
vn 0.9103 -0.4108 0.0507
vn -0.9461 -0.3233 -0.0178
vn -0.9704 -0.2331 0.0634
vn -0.8792 -0.4249 0.2156
vn -0.6025 -0.7042 0.3757
vn -0.9929 0.0186 -0.1178
vn -0.9913 0.0115 -0.1311
vn 0.3689 0.8790 0.3021
vn 0.1516 0.8785 0.4531
vn 0.0377 0.5436 0.8385
vn 0.3689 0.8790 0.3021
vn 0.3788 0.8720 0.3101
vn 0.4372 0.8722 0.2192
vn 0.4744 0.8724 0.1177
vn 0.0458 0.0771 0.9960
vn -0.2328 0.0767 0.9695
vn -0.0482 0.0769 0.9959
vn -0.4925 0.0764 0.8670
vn -0.8699 0.4897 -0.0587
vn -0.9834 0.1685 -0.0675
vn -0.8252 0.5251 -0.2081
vn -0.9764 0.1846 -0.1124
vn -0.8312 0.4460 0.3318
vn -0.8507 0.3835 0.3594
vn -0.9013 0.2983 0.3142
vn -0.8948 0.3493 0.2779
vn -0.9383 0.1137 0.3266
vn -0.9040 0.2358 0.3565
vn -0.8679 0.3087 0.3891
vn -0.9025 0.1815 0.3907
vn -0.8783 0.2422 0.4123
vn -0.9260 0.0844 0.3680
vn -0.9349 -0.0153 0.3546
vn -0.9504 -0.0120 0.3109
vn 0.8592 0.1774 0.4799
vn -0.0933 0.2490 0.9640
vn -0.2059 0.4049 0.8909
vn 0.1557 0.9141 -0.3744
vn 0.1875 0.9139 -0.3601
vn 0.1876 0.9139 -0.3600
vn 0.1559 0.9141 -0.3743
vn 0.2606 0.9132 -0.3134
vn 0.2608 0.9132 -0.3131
vn -0.9986 -0.0229 -0.0467
vn -0.0684 -0.7036 -0.7073
vn 0.0000 -0.0000 -1.0000
vn -0.9702 0.2406 -0.0274
vn -0.9750 0.2177 -0.0436
vn -0.9991 0.0081 -0.0426
vn 0.9989 0.0174 0.0426
vn 0.9880 -0.1458 0.0516
vn 0.9847 -0.1666 0.0512
vn -0.9988 0.0254 -0.0426
vn 0.9805 -0.1896 0.0514
vn -0.5844 -0.8113 -0.0190
vn 0.9795 -0.1952 0.0506
vn 0.9209 -0.3880 0.0379
vn 0.9794 -0.1955 0.0514
vn 0.9580 -0.2855 0.0269
vn 0.9401 -0.3399 0.0258
vn 0.7222 -0.6911 0.0283
vn 0.9410 -0.3375 0.0234
vn 0.9418 -0.3354 0.0236
vn 0.9419 -0.3349 0.0244
vn 0.9419 -0.3349 0.0247
vn 0.9418 -0.3348 0.0294
vn 0.9419 -0.3349 0.0249
vn 0.9419 -0.3349 0.0249
vn 0.9800 -0.1928 0.0486
vn 0.9691 -0.2453 0.0277
vn 0.9605 -0.2769 0.0274
vn 0.9751 -0.2160 0.0500
vn 0.9695 -0.2434 0.0278
vn 0.9673 -0.2521 0.0278
vn 0.9627 -0.2691 0.0277
vn 0.9700 -0.2384 0.0480
vn 0.9694 -0.2408 0.0478
vn 0.9654 -0.2566 0.0458
vn 0.9652 -0.2574 0.0457
vn 0.9691 -0.2423 0.0457
vn 0.9679 -0.2471 0.0453
vn 0.9640 -0.2621 0.0440
vn 0.9638 -0.2630 0.0439
vn 0.9583 -0.2826 0.0419
vn 0.8695 -0.4933 0.0241
vn -0.9696 0.2439 0.0182
vn -0.9989 -0.0371 -0.0292
vn -0.9970 0.0722 -0.0290
vn -0.9937 0.1085 -0.0288
vn -0.9917 0.1255 -0.0286
vn -0.9927 0.1174 -0.0280
vn -0.9884 0.1467 -0.0385
vn -0.2550 -0.8817 0.3969
vn -0.3367 -0.9078 0.2501
vn -0.3140 -0.7975 0.5151
vn -0.2506 -0.8468 0.4691
vn -0.2425 -0.8872 0.3926
vn -0.2386 -0.8517 0.4666
vn -0.2335 -0.8398 0.4901
vn -0.2353 -0.8547 0.4627
vn -0.2355 -0.8531 0.4656
vn -0.2358 -0.8571 0.4580
vn -0.2357 -0.8549 0.4622
vn -0.2360 -0.8582 0.4558
vn -0.2357 -0.8563 0.4595
vn -0.2360 -0.8589 0.4545
vn -0.2352 -0.8585 0.4556
vn -0.1239 -0.9797 0.1574
vn -0.1245 -0.9657 0.2278
vn -0.2355 -0.8612 0.4505
vn -0.2363 -0.8598 0.4526
vn -0.2365 -0.8619 0.4485
f 7//1 293//2 2//3
f 7//1 2//3 1//4
f 7//1 1//4 4//5
f 7//1 4//5 6//6
f 2//3 2648//7 2649//8
f 2//3 2649//8 378//9
f 2//3 378//9 3//10
f 2//3 3//10 1//4
f 376//11 375//12 5//13
f 376//11 5//13 4//14
f 376//11 4//14 1//15
f 376//11 1//15 3//16
f 5//13 12//17 10//18
f 5//13 10//18 8//19
f 5//13 8//19 6//20
f 5//13 6//20 4//14
f 2656//21 291//22 7//1
f 2656//21 7//1 6//6
f 2656//21 6//6 8//23
f 2656//21 8//23 9//24
f 10//18 11//25 2662//26
f 10//18 2662//26 2659//27
f 10//18 2659//27 9//25
f 10//18 9//25 8//19
f 11//28 10//29 12//30
f 11//28 12//30 13//31
f 11//28 13//31 15//32
f 11//28 15//32 16//33
f 12//30 5//34 375//35
f 12//30 375//35 374//36
f 12//30 374//36 14//37
f 12//30 14//37 13//31
f 15//38 13//39 14//37
f 15//38 14//37 18//40
f 15//38 18//40 17//41
f 23//42 16//43 15//38
f 23//42 15//38 17//41
f 23//42 17//41 20//44
f 1635//45 1634//46 19//47
f 1635//45 19//47 17//41
f 1635//45 17//41 18//40
f 19//47 1684//48 22//49
f 19//47 22//49 20//44
f 19//47 20//44 17//41
f 22//49 1482//50 1481//51
f 22//49 1481//51 21//52
f 22//49 21//52 20//44
f 26//53 24//54 23//42
f 26//53 23//42 20//44
f 26//53 20//44 21//52
f 25//55 2662//56 11//28
f 25//55 11//28 16//33
f 25//55 16//33 23//57
f 25//55 23//57 24//58
f 28//59 2661//60 25//55
f 28//59 25//55 24//58
f 28//59 24//58 26//61
f 28//59 26//61 27//62
f 29//63 27//62 26//53
f 29//63 26//53 21//52
f 29//63 21//52 30//64
f 27//62 29//63 31//65
f 27//62 31//65 32//66
f 27//62 32//66 33//67
f 27//62 33//67 263//68
f 27//62 263//68 264//69
f 27//62 264//69 28//59
f 37//70 35//71 32//66
f 37//70 32//66 31//65
f 37//70 31//65 29//63
f 37//70 29//63 30//64
f 33//67 32//66 34//72
f 33//67 34//72 256//73
f 33//67 256//73 260//74
f 34//72 32//66 35//71
f 34//72 35//71 36//75
f 34//72 36//75 259//76
f 36//75 35//71 37//70
f 36//75 37//70 38//77
f 36//75 38//77 39//78
f 36//75 39//78 2737//79
f 42//80 40//81 38//77
f 42//80 38//77 37//70
f 42//80 37//70 30//64
f 38//77 40//81 43//82
f 38//77 43//82 39//78
f 44//83 43//84 40//81
f 44//83 40//81 41//85
f 44//83 41//85 46//86
f 1479//87 68//88 67//89
f 1479//87 67//89 66//90
f 1479//87 66//90 65//91
f 1479//87 65//91 60//92
f 1479//87 60//92 59//93
f 1479//87 59//93 57//94
f 1479//87 57//94 55//95
f 1479//87 55//95 53//96
f 1479//87 53//96 51//97
f 1479//87 51//97 50//98
f 1479//87 50//98 49//99
f 1479//87 49//99 41//85
f 1479//87 41//85 40//81
f 1479//87 40//81 42//80
f 1479//87 42//80 1480//100
f 43//82 44//83 45//101
f 43//82 45//101 2737//79
f 43//82 2737//79 39//78
f 73//102 45//101 44//83
f 73//102 44//83 46//86
f 73//102 46//86 47//103
f 73//102 47//103 48//104
f 73//102 48//104 52//105
f 73//102 52//105 54//106
f 73//102 54//106 56//107
f 73//102 56//107 58//108
f 73//102 58//108 61//109
f 73//102 61//109 62//110
f 73//102 62//110 63//111
f 73//102 63//111 64//112
f 73//102 64//112 70//113
f 73//102 70//113 71//114
f 41//85 49//99 47//103
f 41//85 47//103 46//86
f 49//99 50//98 48//104
f 49//99 48//104 47//103
f 50//98 51//97 52//105
f 50//98 52//105 48//104
f 51//97 53//96 54//106
f 51//97 54//106 52//105
f 53//96 55//95 56//107
f 53//96 56//107 54//106
f 55//95 57//94 58//108
f 55//95 58//108 56//107
f 57//94 59//93 61//109
f 57//94 61//109 58//108
f 59//93 60//92 62//110
f 59//93 62//110 61//109
f 60//92 65//91 63//111
f 60//92 63//111 62//110
f 65//91 66//90 64//112
f 65//91 64//112 63//111
f 66//90 67//89 70//113
f 66//90 70//113 64//112
f 1407//115 1409//116 1410//117
f 1407//115 1410//117 1477//118
f 1407//115 1477//118 1475//119
f 1407//115 1475//119 69//120
f 1407//115 69//120 67//89
f 1407//115 67//89 68//88
f 1407//115 68//88 1479//87
f 1407//115 1479//87 1408//121
f 1200//122 1198//123 1196//124
f 1200//122 1196//124 1195//125
f 1200//122 1195//125 1194//126
f 1200//122 1194//126 1189//127
f 1200//122 1189//127 1188//128
f 1200//122 1188//128 1186//129
f 1200//122 1186//129 1185//130
f 1200//122 1185//130 1183//131
f 1200//122 1183//131 1184//132
f 1200//122 1184//132 72//133
f 1200//122 72//133 71//114
f 1200//122 71//114 70//113
f 1200//122 70//113 67//89
f 1200//122 67//89 69//120
f 1200//122 69//120 1201//134
f 76//135 74//136 73//102
f 76//135 73//102 71//114
f 76//135 71//114 72//133
f 76//135 72//133 78//137
f 45//101 73//102 74//136
f 45//101 74//136 75//138
f 45//101 75//138 2737//79
f 74//136 76//135 77//139
f 74//136 77//139 87//140
f 74//136 87//140 75//138
f 81//141 77//139 76//135
f 81//141 76//135 78//137
f 81//141 78//137 79//142
f 80//143 79//142 78//137
f 80//143 78//137 72//133
f 80//143 72//133 1184//132
f 79//142 80//143 2489//144
f 79//142 2489//144 84//145
f 79//142 84//145 82//146
f 79//142 82//146 81//141
f 77//139 81//141 82//146
f 77//139 82//146 85//147
f 77//139 85//147 87//140
f 2490//148 83//149 82//146
f 2490//148 82//146 84//145
f 2490//148 84//145 1171//150
f 2490//148 1171//150 1168//151
f 86//152 85//147 82//146
f 86//152 82//146 83//149
f 86//152 83//149 2490//148
f 86//152 2490//148 107//153
f 85//147 86//152 90//154
f 85//147 90//154 88//155
f 85//147 88//155 87//140
f 88//155 89//156 257//157
f 88//155 257//157 258//158
f 88//155 258//158 75//138
f 88//155 75//138 87//140
f 89//156 88//155 90//154
f 89//156 90//154 91//159
f 89//156 91//159 252//160
f 89//156 252//160 253//161
f 91//159 90//154 92//162
f 91//159 92//162 93//163
f 91//159 93//163 94//164
f 91//159 94//164 95//165
f 91//159 95//165 96//165
f 91//159 96//165 97//166
f 91//159 97//166 98//167
f 91//159 98//167 99//168
f 91//159 99//168 100//169
f 91//159 100//169 101//170
f 91//159 101//170 102//171
f 91//159 102//171 103//172
f 91//159 103//172 104//173
f 91//159 104//173 105//174
f 91//159 105//174 108//175
f 91//159 108//175 111//176
f 91//159 111//176 113//177
f 91//159 113//177 243//178
f 91//159 243//178 239//179
f 91//159 239//179 238//180
f 91//159 238//180 236//181
f 91//159 236//181 234//182
f 91//159 234//182 233//183
f 91//159 233//183 232//184
f 91//159 232//184 229//185
f 91//159 229//185 227//186
f 91//159 227//186 225//187
f 91//159 225//187 223//188
f 107//153 105//174 104//173
f 107//153 104//173 103//172
f 107//153 103//172 102//171
f 107//153 102//171 101//170
f 107//153 101//170 100//169
f 107//153 100//169 99//168
f 107//153 99//168 98//167
f 107//153 98//167 97//166
f 107//153 97//166 96//165
f 107//153 96//165 95//165
f 107//153 95//165 94//164
f 107//153 94//164 93//163
f 107//153 93//163 92//162
f 107//153 92//162 90//154
f 107//153 90//154 86//152
f 2491//189 110//190 108//175
f 2491//189 108//175 105//174
f 2491//189 105//174 106//191
f 2491//189 106//191 1166//192
f 106//191 105//174 107//153
f 106//191 107//153 2490//148
f 106//191 2490//148 1168//151
f 2497//193 2502//194 2504//195
f 2497//193 2504//195 109//196
f 2497//193 109//196 108//175
f 2497//193 108//175 110//190
f 2718//197 2719//198 2720//199
f 2718//197 2720//199 2725//200
f 2718//197 2725//200 2726//201
f 2718//197 2726//201 2727//202
f 2718//197 2727//202 2729//203
f 2718//197 2729//203 2730//204
f 2718//197 2730//204 2735//205
f 2718//197 2735//205 2736//206
f 2718//197 2736//206 112//207
f 2718//197 112//207 111//176
f 2718//197 111//176 108//175
f 2718//197 108//175 109//196
f 116//208 114//209 111//210
f 116//208 111//210 112//211
f 113//212 111//213 114//214
f 113//212 114//214 115//215
f 222//216 224//217 226//218
f 222//216 226//218 228//219
f 222//216 228//219 230//220
f 222//216 230//220 231//221
f 222//216 231//221 235//222
f 222//216 235//222 237//223
f 222//216 237//223 240//224
f 222//216 240//224 241//225
f 222//216 241//225 242//226
f 222//216 242//226 115//227
f 222//216 115//227 114//228
f 222//216 114//228 117//229
f 222//216 117//229 120//230
f 222//216 120//230 123//231
f 222//216 123//231 124//232
f 222//216 124//232 125//233
f 222//216 125//233 126//234
f 222//216 126//234 127//235
f 222//216 127//235 128//236
f 222//216 128//236 129//237
f 222//216 129//237 130//238
f 222//216 130//238 131//239
f 222//216 131//239 132//240
f 222//216 132//240 133//241
f 222//216 133//241 134//242
f 222//216 134//242 135//243
f 222//216 135//243 136//244
f 222//216 136//244 137//245
f 118//246 117//229 114//228
f 118//246 114//228 116//247
f 118//246 116//247 2734//248
f 118//246 2734//248 2733//249
f 118//246 2733//249 2732//250
f 118//246 2732//250 2731//251
f 118//246 2731//251 2728//252
f 118//246 2728//252 2724//253
f 118//246 2724//253 2723//254
f 118//246 2723//254 2722//255
f 118//246 2722//255 2721//256
f 118//246 2721//256 168//257
f 119//258 117//229 118//246
f 119//258 118//246 2503//259
f 119//258 2503//259 2501//260
f 119//258 2501//260 2500//261
f 2562//262 121//263 120//230
f 2562//262 120//230 117//229
f 2562//262 117//229 119//258
f 2562//262 119//258 2561//264
f 2563//265 2564//266 122//267
f 2563//265 122//267 120//230
f 2563//265 120//230 121//263
f 139//268 136//244 135//243
f 139//268 135//243 134//242
f 139//268 134//242 133//241
f 139//268 133//241 132//240
f 139//268 132//240 131//239
f 139//268 131//239 130//238
f 139//268 130//238 129//237
f 139//268 129//237 128//236
f 139//268 128//236 127//235
f 139//268 127//235 126//234
f 139//268 126//234 125//233
f 139//268 125//233 124//232
f 139//268 124//232 123//231
f 139//268 123//231 120//230
f 139//268 120//230 122//267
f 152//269 153//270 137//245
f 152//269 137//245 136//244
f 152//269 136//244 138//271
f 152//269 138//271 151//272
f 142//273 138//271 136//244
f 142//273 136//244 139//268
f 142//273 139//268 140//274
f 122//267 2564//266 2565//275
f 122//267 2565//275 2566//276
f 122//267 2566//276 2567//277
f 122//267 2567//277 2568//278
f 122//267 2568//278 2569//279
f 122//267 2569//279 2570//280
f 122//267 2570//280 2571//281
f 122//267 2571//281 2572//282
f 122//267 2572//282 2573//283
f 122//267 2573//283 2574//284
f 122//267 2574//284 2575//285
f 122//267 2575//285 2576//286
f 122//267 2576//286 2577//287
f 122//267 2577//287 2578//288
f 122//267 2578//288 2579//289
f 122//267 2579//289 2580//290
f 122//267 2580//290 2581//291
f 122//267 2581//291 2582//292
f 122//267 2582//292 2583//280
f 122//267 2583//280 2584//280
f 122//267 2584//280 2585//293
f 122//267 2585//293 2586//294
f 122//267 2586//294 2587//295
f 122//267 2587//295 2588//296
f 122//267 2588//296 2589//297
f 122//267 2589//297 2590//298
f 122//267 2590//298 141//299
f 122//267 141//299 140//274
f 122//267 140//274 139//268
f 142//273 140//274 141//299
f 142//273 141//299 2591//300
f 142//273 2591//300 143//301
f 142//273 144//302 147//303
f 142//273 147//303 149//304
f 142//273 149//304 151//272
f 142//273 151//272 138//271
f 144//302 142//273 143//301
f 144//302 143//301 2593//305
f 144//302 2593//305 145//306
f 146//307 144//302 145//306
f 146//307 145//306 1427//308
f 146//307 1427//308 1426//309
f 144//302 146//307 2663//310
f 144//302 2663//310 148//311
f 144//302 148//311 147//303
f 271//312 2664//313 150//314
f 271//312 150//314 149//304
f 271//312 149//304 147//303
f 271//312 147//303 148//311
f 150//314 154//315 152//269
f 150//314 152//269 151//272
f 150//314 151//272 149//304
f 155//316 156//317 153//270
f 155//316 153//270 152//269
f 155//316 152//269 154//315
f 269//318 266//319 158//320
f 269//318 158//320 157//321
f 269//318 157//321 155//316
f 269//318 155//316 154//315
f 269//318 154//315 150//314
f 269//318 150//314 2664//313
f 156//317 155//316 157//321
f 156//317 157//321 159//322
f 156//317 159//322 161//323
f 262//324 261//325 160//326
f 262//324 160//326 159//327
f 262//324 159//327 157//328
f 262//324 157//328 158//329
f 160//326 2717//330 163//331
f 160//326 163//331 162//332
f 160//326 162//332 161//333
f 160//326 161//333 159//327
f 156//317 161//323 162//334
f 156//317 162//334 164//335
f 156//317 164//335 167//336
f 156//317 167//336 170//337
f 156//317 170//337 171//338
f 156//317 171//338 175//339
f 156//317 175//339 177//340
f 156//317 177//340 179//341
f 156//317 179//341 211//342
f 163//331 185//343 165//344
f 163//331 165//344 164//345
f 163//331 164//345 162//332
f 166//346 164//345 165//344
f 166//346 165//344 2507//347
f 168//257 167//336 164//335
f 168//257 164//335 166//348
f 168//257 166//348 2505//349
f 168//257 2505//349 2503//259
f 168//257 2503//259 118//246
f 169//350 167//351 168//352
f 169//350 168//352 2718//353
f 170//354 167//351 169//350
f 170//354 169//350 172//355
f 172//355 173//356 171//357
f 172//355 171//357 170//354
f 180//358 178//359 176//360
f 180//358 176//360 174//361
f 180//358 174//361 173//362
f 180//358 173//362 172//363
f 180//358 172//363 169//364
f 180//358 169//364 165//365
f 180//358 165//365 185//366
f 180//358 185//366 182//367
f 173//356 174//368 175//369
f 173//356 175//369 171//357
f 174//368 176//370 177//371
f 174//368 177//371 175//369
f 176//370 178//372 179//373
f 176//370 179//373 177//371
f 178//372 180//374 181//375
f 178//372 181//375 210//376
f 178//372 210//376 211//377
f 178//372 211//377 179//373
f 187//378 199//379 200//380
f 187//378 200//380 206//381
f 187//378 206//381 207//382
f 187//378 207//382 208//383
f 187//378 208//383 181//384
f 187//378 181//384 180//358
f 187//378 180//358 182//367
f 187//378 182//367 184//385
f 184//385 182//367 183//386
f 184//385 183//386 186//387
f 185//366 163//388 2717//389
f 185//366 2717//389 183//386
f 185//366 183//386 182//367
f 188//390 184//385 186//387
f 188//390 186//387 190//391
f 191//392 192//393 187//378
f 191//392 187//378 184//385
f 191//392 184//385 188//390
f 254//394 253//395 252//396
f 254//394 252//396 251//397
f 254//394 251//397 249//398
f 254//394 249//398 2665//399
f 254//394 2665//399 2666//400
f 254//394 2666//400 2668//401
f 254//394 2668//401 2669//402
f 254//394 2669//402 2714//403
f 254//394 2714//403 2710//404
f 254//394 2710//404 2709//405
f 254//394 2709//405 2708//406
f 254//394 2708//406 2707//407
f 254//394 2707//407 2704//408
f 254//394 2704//408 2700//409
f 254//394 2700//409 2699//410
f 254//394 2699//410 2687//411
f 254//394 2687//411 2686//412
f 254//394 2686//412 2688//413
f 254//394 2688//413 189//414
f 254//394 189//414 188//390
f 254//394 188//390 190//391
f 2693//415 2695//416 2696//417
f 2693//415 2696//417 194//418
f 2693//415 194//418 193//419
f 2693//415 193//419 191//392
f 2693//415 191//392 188//390
f 2693//415 188//390 189//414
f 195//420 197//421 192//393
f 195//420 192//393 191//392
f 195//420 191//392 193//419
f 193//419 194//418 196//422
f 193//419 196//422 195//420
f 212//423 198//424 197//425
f 212//423 197//425 195//426
f 212//423 195//426 196//427
f 212//423 196//427 2698//428
f 212//423 2698//428 213//429
f 197//425 198//424 201//430
f 197//425 201//430 199//431
f 192//393 197//421 199//379
f 192//393 199//379 187//378
f 200//432 199//431 201//430
f 200//432 201//430 203//433
f 156//317 211//342 210//434
f 156//317 210//434 209//435
f 156//317 209//435 205//436
f 156//317 205//436 204//437
f 156//317 204//437 203//438
f 156//317 203//438 201//439
f 156//317 201//439 202//440
f 156//317 202//440 137//245
f 156//317 137//245 153//270
f 201//439 198//441 202//440
f 206//442 200//432 203//433
f 206//442 203//433 204//443
f 207//444 206//442 204//443
f 207//444 204//443 205//445
f 208//446 207//444 205//445
f 208//446 205//445 209//447
f 181//375 208//446 209//447
f 181//375 209//447 210//376
f 137//245 202//440 198//441
f 137//245 198//441 212//448
f 137//245 212//448 214//449
f 137//245 214//449 216//450
f 137//245 216//450 218//451
f 137//245 218//451 220//452
f 137//245 220//452 222//216
f 214//453 212//423 213//429
f 214//453 213//429 2697//454
f 214//453 2697//454 215//455
f 216//456 214//453 215//455
f 216//456 215//455 217//457
f 218//458 216//456 217//457
f 218//458 217//457 219//459
f 220//460 218//458 219//459
f 220//460 219//459 2694//461
f 220//460 2694//461 2691//462
f 220//460 2691//462 221//463
f 221//463 2681//464 2680//465
f 221//463 2680//465 2679//466
f 221//463 2679//466 2678//467
f 221//463 2678//467 2675//468
f 221//463 2675//468 2673//469
f 221//463 2673//469 2715//470
f 221//463 2715//470 245//471
f 221//463 245//471 244//472
f 221//463 244//472 223//473
f 221//463 223//473 222//474
f 221//463 222//474 220//460
f 224//475 222//476 223//477
f 224//475 223//477 225//478
f 225//478 227//479 226//480
f 225//478 226//480 224//475
f 227//479 229//481 228//482
f 227//479 228//482 226//480
f 229//481 232//483 230//484
f 229//481 230//484 228//482
f 232//483 233//485 231//486
f 232//483 231//486 230//484
f 233//485 234//487 235//488
f 233//485 235//488 231//486
f 234//487 236//489 237//490
f 234//487 237//490 235//488
f 236//489 238//491 240//492
f 236//489 240//492 237//490
f 238//491 239//493 241//494
f 238//491 241//494 240//492
f 239//493 243//495 242//496
f 239//493 242//496 241//494
f 243//495 113//212 115//215
f 243//495 115//215 242//496
f 246//497 248//498 250//499
f 246//497 250//499 91//500
f 246//497 91//500 223//501
f 246//497 223//501 244//502
f 2716//503 2667//504 247//505
f 2716//503 247//505 246//497
f 2716//503 246//497 244//502
f 2716//503 244//502 245//506
f 248//498 246//497 247//505
f 248//498 247//505 2665//399
f 248//498 2665//399 249//398
f 250//499 248//498 249//398
f 250//499 249//398 251//397
f 252//396 91//507 250//499
f 252//396 250//499 251//397
f 257//157 89//156 253//161
f 257//157 253//161 254//394
f 257//157 254//394 255//508
f 256//73 255//508 254//394
f 256//73 254//394 190//391
f 256//73 190//391 186//387
f 256//73 186//387 183//386
f 256//73 183//386 260//74
f 259//76 258//158 257//157
f 259//76 257//157 255//508
f 259//76 255//508 256//73
f 259//76 256//73 34//72
f 258//158 259//76 36//75
f 258//158 36//75 2737//79
f 258//158 2737//79 75//138
f 2717//389 160//509 261//510
f 2717//389 261//510 260//74
f 2717//389 260//74 183//386
f 261//510 262//511 263//68
f 261//510 263//68 33//67
f 261//510 33//67 260//74
f 158//329 266//512 265//513
f 158//329 265//513 263//514
f 158//329 263//514 262//324
f 264//515 263//514 265//513
f 264//515 265//513 267//516
f 269//318 268//517 265//518
f 269//318 265//518 266//319
f 276//519 267//520 265//518
f 276//519 265//518 268//517
f 276//519 268//517 270//521
f 276//519 270//521 273//522
f 276//519 273//522 275//523
f 269//318 2664//313 271//312
f 269//318 271//312 270//521
f 269//318 270//521 268//517
f 148//311 2663//310 272//524
f 148//311 272//524 270//521
f 148//311 270//521 271//312
f 274//525 273//522 270//521
f 274//525 270//521 272//524
f 274//525 272//524 1431//526
f 274//525 279//527 277//528
f 274//525 277//528 275//523
f 274//525 275//523 273//522
f 275//523 277//528 278//529
f 275//523 278//529 2658//530
f 275//523 2658//530 2660//531
f 275//523 2660//531 276//519
f 279//527 280//532 2657//533
f 279//527 2657//533 278//534
f 279//527 278//534 277//528
f 279//527 274//525 1421//535
f 279//527 1421//535 282//536
f 279//527 282//536 281//537
f 280//532 279//527 281//537
f 280//532 281//537 283//538
f 280//532 283//538 285//539
f 283//538 281//537 282//536
f 283//538 282//536 1415//540
f 283//538 1415//540 1414//541
f 283//538 1414//541 284//542
f 286//543 285//539 283//538
f 286//543 283//538 284//542
f 286//543 284//542 1496//544
f 286//543 1496//544 287//545
f 290//546 280//532 285//539
f 290//546 285//539 286//543
f 290//546 286//543 288//547
f 289//548 288//547 286//543
f 289//548 286//543 287//545
f 289//548 287//545 1507//549
f 289//548 1507//549 1683//550
f 292//551 290//546 288//547
f 292//551 288//547 289//548
f 292//551 289//548 295//552
f 280//532 290//546 291//553
f 280//532 291//553 2656//554
f 280//532 2656//554 2657//533
f 290//546 292//551 293//2
f 290//546 293//2 7//1
f 290//546 7//1 291//553
f 292//551 294//555 2645//556
f 292//551 2645//556 2648//7
f 292//551 2648//7 2//3
f 292//551 2//3 293//2
f 292//551 295//552 296//557
f 292//551 296//557 298//558
f 292//551 298//558 294//555
f 296//557 295//552 289//548
f 296//557 289//548 1683//550
f 296//557 1683//550 1511//559
f 296//557 1511//559 297//560
f 297//560 1656//561 1657//562
f 297//560 1657//562 1658//563
f 297//560 1658//563 1659//564
f 297//560 1659//564 1660//565
f 297//560 1660//565 1661//566
f 297//560 1661//566 1662//567
f 297//560 1662//567 1663//568
f 297//560 1663//568 1664//569
f 297//560 1664//569 1665//570
f 297//560 1665//570 301//571
f 297//560 301//571 300//572
f 297//560 300//572 298//558
f 297//560 298//558 296//557
f 410//573 2645//556 294//555
f 410//573 294//555 298//558
f 410//573 298//558 299//574
f 410//573 299//574 2644//575
f 299//574 298//558 300//572
f 299//574 300//572 303//576
f 299//574 303//576 305//577
f 1654//578 1655//579 302//580
f 1654//578 302//580 300//572
f 1654//578 300//572 301//571
f 1654//578 301//571 1665//570
f 1654//578 1665//570 1664//569
f 1654//578 1664//569 1663//568
f 1654//578 1663//568 1662//567
f 1654//578 1662//567 1661//566
f 1654//578 1661//566 1660//565
f 1654//578 1660//565 1659//564
f 1654//578 1659//564 1658//563
f 1654//578 1658//563 1657//562
f 1654//578 1657//562 1656//561
f 303//576 300//572 302//580
f 303//576 302//580 1679//581
f 303//576 1679//581 304//582
f 304//582 1681//583 311//584
f 304//582 311//584 310//585
f 304//582 310//585 308//586
f 304//582 308//586 306//587
f 304//582 306//587 305//577
f 304//582 305//577 303//576
f 305//577 306//587 307//588
f 305//577 307//588 2650//589
f 305//577 2650//589 2644//575
f 305//577 2644//575 299//574
f 308//586 309//590 1543//591
f 308//586 1543//591 1542//592
f 308//586 1542//592 1544//593
f 308//586 1544//593 1546//594
f 308//586 1546//594 1548//595
f 308//586 1548//595 307//588
f 308//586 307//588 306//587
f 312//596 314//597 315//598
f 312//596 315//598 309//599
f 312//596 309//599 308//600
f 312//596 308//600 310//601
f 313//602 312//596 310//601
f 313//602 310//601 311//603
f 319//604 318//605 316//606
f 319//604 316//606 314//607
f 319//604 314//607 312//608
f 319//604 312//608 313//609
f 319//604 313//609 1680//610
f 319//604 1680//610 1678//611
f 316//606 317//612 1568//613
f 316//606 1568//613 1557//614
f 316//606 1557//614 1616//615
f 316//606 1616//615 1539//616
f 316//606 1539//616 1624//617
f 316//606 1624//617 315//618
f 316//606 315//618 314//607
f 322//619 324//620 326//621
f 322//619 326//621 317//612
f 322//619 317//612 316//606
f 322//619 316//606 318//605
f 322//619 318//605 320//622
f 318//605 319//604 1668//623
f 318//605 1668//623 321//624
f 318//605 321//624 320//622
f 321//624 323//625 322//619
f 321//624 322//619 320//622
f 324//620 322//619 323//625
f 324//620 323//625 2654//626
f 324//620 2654//626 373//627
f 324//620 373//627 325//628
f 327//629 326//621 324//620
f 327//629 324//620 325//628
f 327//629 325//628 328//630
f 326//621 327//629 329//631
f 326//621 329//631 330//632
f 326//621 330//632 1597//633
f 326//621 1597//633 1596//632
f 326//621 1596//632 1595//632
f 326//621 1595//632 1594//634
f 326//621 1594//634 1593//632
f 326//621 1593//632 1592//632
f 326//621 1592//632 1591//633
f 326//621 1591//633 1589//635
f 326//621 1589//635 1587//636
f 326//621 1587//636 1585//637
f 326//621 1585//637 1583//638
f 326//621 1583//638 1581//639
f 326//621 1581//639 1580//640
f 326//621 1580//640 1579//641
f 326//621 1579//641 1576//642
f 326//621 1576//642 1574//643
f 326//621 1574//643 1572//644
f 326//621 1572//644 1570//645
f 326//621 1570//645 1602//646
f 326//621 1602//646 1603//647
f 326//621 1603//647 1604//648
f 326//621 1604//648 1605//648
f 326//621 1605//648 1606//649
f 326//621 1606//649 1607//650
f 326//621 1607//650 1608//648
f 326//621 1608//648 1609//648
f 326//621 1609//648 1610//651
f 326//621 1610//651 1568//613
f 326//621 1568//613 317//612
f 336//652 335//653 334//654
f 336//652 334//654 332//655
f 336//652 332//655 329//631
f 336//652 329//631 327//629
f 336//652 327//629 328//630
f 1587//636 1590//656 1591//633
f 1587//636 1591//633 1592//632
f 1587//636 1592//632 1593//632
f 1587//636 1593//632 1594//634
f 1587//636 1594//634 1595//632
f 1587//636 1595//632 1596//632
f 1587//636 1596//632 1597//633
f 1587//636 1597//633 330//632
f 1587//636 330//632 329//631
f 1587//636 329//631 331//657
f 1587//636 331//657 1598//658
f 1587//636 1598//658 1588//659
f 331//657 329//631 332//655
f 331//657 332//655 333//660
f 331//657 333//660 2600//661
f 331//657 2600//661 2615//662
f 339//663 340//664 333//660
f 339//663 333//660 332//655
f 339//663 332//655 334//654
f 339//663 334//654 335//653
f 339//663 335//653 336//652
f 339//663 336//652 337//665
f 2655//666 345//667 338//668
f 2655//666 338//668 337//665
f 2655//666 337//665 336//652
f 2655//666 336//652 328//630
f 337//665 338//668 343//669
f 337//665 343//669 341//670
f 337//665 341//670 339//663
f 340//664 339//663 341//670
f 340//664 341//670 342//671
f 340//664 342//671 2602//672
f 341//670 343//669 344//673
f 341//670 344//673 346//674
f 341//670 346//674 342//671
f 344//673 343//669 338//668
f 344//673 338//668 345//667
f 351//675 349//676 347//677
f 351//675 347//677 344//673
f 351//675 344//673 345//667
f 351//675 345//667 359//678
f 351//675 359//678 358//679
f 351//675 358//679 352//680
f 529//681 2613//682 2614//683
f 529//681 2614//683 346//674
f 529//681 346//674 344//673
f 529//681 344//673 347//677
f 529//681 347//677 348//684
f 529//681 348//684 527//685
f 529//681 527//685 528//686
f 348//684 347//677 349//676
f 348//684 349//676 350//687
f 348//684 350//687 2628//688
f 348//684 2628//688 2627//689
f 348//684 2627//689 2626//690
f 348//684 2626//690 2625//691
f 348//684 2625//691 2624//692
f 348//684 2624//692 2623//693
f 348//684 2623//693 2622//694
f 348//684 2622//694 2621//695
f 348//684 2621//695 500//696
f 348//684 500//696 499//697
f 348//684 499//697 501//698
f 348//684 501//698 502//699
f 499//697 500//696 2621//695
f 499//697 2621//695 2622//694
f 499//697 2622//694 2623//693
f 499//697 2623//693 2624//692
f 499//697 2624//692 2625//691
f 499//697 2625//691 2626//690
f 499//697 2626//690 2627//689
f 499//697 2627//689 2628//688
f 499//697 2628//688 350//687
f 499//697 350//687 349//676
f 499//697 349//676 351//675
f 499//697 351//675 353//700
f 499//697 353//700 354//701
f 499//697 354//701 357//702
f 499//697 357//702 2652//703
f 499//697 2652//703 385//704
f 499//697 385//704 497//705
f 499//697 497//705 498//706
f 355//707 353//700 351//675
f 355//707 351//675 352//680
f 355//707 352//680 358//679
f 355//707 357//702 354//701
f 355//707 354//701 353//700
f 355//707 358//679 359//678
f 355//707 359//678 360//708
f 355//707 360//708 361//709
f 355//707 361//709 362//710
f 355//707 362//710 356//711
f 355//707 356//711 2653//712
f 355//707 2653//712 2652//703
f 355//707 2652//703 357//702
f 363//713 362//714 361//709
f 363//713 361//709 360//708
f 363//713 360//708 359//678
f 363//713 359//678 345//667
f 363//713 345//667 2655//666
f 363//713 2655//666 364//715
f 366//716 385//704 2652//703
f 366//716 2652//703 2653//717
f 366//716 2653//717 356//718
f 366//716 356//718 362//714
f 366//716 362//714 363//713
f 366//716 363//713 365//719
f 364//715 370//720 369//721
f 364//715 369//721 367//722
f 364//715 367//722 365//719
f 364//715 365//719 363//713
f 379//723 366//716 365//719
f 379//723 365//719 367//722
f 379//723 367//722 368//724
f 369//721 371//725 372//726
f 369//721 372//726 368//724
f 369//721 368//724 367//722
f 373//627 371//725 369//721
f 373//627 369//721 370//720
f 373//627 370//720 325//628
f 375//35 376//727 377//728
f 375//35 377//728 372//726
f 375//35 372//726 371//725
f 375//35 371//725 374//36
f 14//37 374//36 371//725
f 14//37 371//725 373//627
f 14//37 373//627 2654//626
f 14//37 2654//626 18//40
f 3//16 378//729 377//730
f 3//16 377//730 376//11
f 379//731 377//732 378//733
f 379//731 378//733 380//734
f 368//724 372//726 377//728
f 368//724 377//728 379//723
f 366//735 379//731 380//734
f 366//735 380//734 382//736
f 381//737 383//738 382//739
f 381//737 382//739 380//740
f 380//740 378//9 2649//8
f 380//740 2649//8 381//737
f 382//736 384//741 385//742
f 382//736 385//742 366//735
f 383//738 2651//743 388//744
f 383//738 388//744 387//745
f 383//738 387//745 384//746
f 383//738 384//746 382//739
f 497//747 385//748 384//749
f 497//747 384//749 386//750
f 497//747 386//750 496//751
f 386//752 384//746 387//745
f 386//752 387//745 389//753
f 386//752 389//753 390//754
f 386//752 390//754 399//755
f 386//752 399//755 398//756
f 386//752 398//756 396//757
f 386//752 396//757 397//758
f 386//752 397//758 400//759
f 386//752 400//759 2637//760
f 386//752 2637//760 2636//761
f 386//752 2636//761 2635//762
f 386//752 2635//762 2634//763
f 386//752 2634//763 2633//764
f 386//752 2633//764 2632//765
f 386//752 2632//765 2631//766
f 386//752 2631//766 2630//767
f 386//752 2630//767 2629//768
f 386//752 2629//768 471//769
f 391//770 389//753 387//745
f 391//770 387//745 388//744
f 391//770 392//771 390//754
f 391//770 390//754 389//753
f 392//771 391//770 393//772
f 392//771 393//772 395//773
f 391//770 388//744 2651//774
f 391//770 2651//774 394//775
f 391//770 394//775 393//772
f 394//775 404//776 401//777
f 394//775 401//777 397//758
f 394//775 397//758 396//757
f 394//775 396//757 395//773
f 394//775 395//773 393//772
f 392//771 395//773 396//757
f 392//771 396//757 398//756
f 392//771 398//756 399//755
f 392//771 399//755 390//754
f 466//778 400//759 397//758
f 466//778 397//758 401//777
f 466//778 401//777 403//779
f 466//778 403//779 465//780
f 404//776 405//781 402//782
f 404//776 402//782 401//777
f 2638//783 403//779 401//777
f 2638//783 401//777 402//782
f 2638//783 402//782 2639//784
f 408//785 411//786 412//787
f 408//785 412//787 405//781
f 408//785 405//781 404//776
f 408//785 404//776 406//788
f 407//789 406//788 404//776
f 407//789 404//776 394//775
f 407//789 394//775 2651//743
f 407//789 2651//743 383//738
f 410//573 408//785 406//788
f 410//573 406//788 407//789
f 410//573 407//789 2646//790
f 408//785 410//573 2644//575
f 408//785 2644//575 2650//589
f 408//785 2650//589 409//791
f 408//785 409//791 414//792
f 408//785 414//792 413//793
f 408//785 413//793 411//786
f 412//787 411//786 413//793
f 412//787 413//793 415//794
f 412//787 415//794 416//795
f 412//787 416//795 2641//796
f 412//787 2641//796 2640//797
f 417//798 415//794 413//793
f 417//798 413//793 414//792
f 417//798 414//792 419//799
f 451//800 453//801 416//795
f 451//800 416//795 415//794
f 451//800 415//794 417//798
f 451//800 417//798 418//802
f 423//803 452//804 418//802
f 423//803 418//802 417//798
f 423//803 417//798 419//799
f 423//803 419//799 420//805
f 423//803 420//805 422//806
f 420//805 419//799 414//792
f 420//805 414//792 1548//595
f 420//805 1548//595 421//807
f 424//808 422//806 420//805
f 424//808 420//805 421//807
f 424//808 421//807 1623//809
f 424//808 1623//809 425//810
f 428//811 429//812 2643//813
f 428//811 2643//813 423//803
f 428//811 423//803 422//806
f 428//811 422//806 424//808
f 428//811 424//808 426//814
f 427//815 426//814 424//808
f 427//815 424//808 425//810
f 427//815 425//810 1699//816
f 427//815 1699//816 1700//817
f 1705//818 431//819 430//820
f 1705//818 430//820 428//811
f 1705//818 428//811 426//814
f 1705//818 426//814 427//815
f 1705//818 427//815 1702//821
f 1705//818 1702//821 1703//822
f 432//823 433//824 429//812
f 432//823 429//812 428//811
f 432//823 428//811 430//820
f 434//825 432//823 430//820
f 434//825 430//820 431//819
f 434//825 431//819 2368//826
f 433//824 432//823 435//827
f 433//824 435//827 438//828
f 432//823 434//825 436//829
f 432//823 436//829 435//827
f 435//827 436//829 2343//830
f 435//827 2343//830 437//831
f 438//828 435//827 437//831
f 438//828 437//831 439//832
f 438//828 439//832 442//833
f 438//828 442//833 440//834
f 433//824 438//828 440//834
f 433//824 440//834 441//835
f 433//824 441//835 2642//836
f 447//837 450//838 441//835
f 447//837 441//835 440//834
f 447//837 440//834 442//833
f 447//837 442//833 443//839
f 447//837 443//839 445//840
f 439//832 444//841 443//839
f 439//832 443//839 442//833
f 444//841 2364//842 446//843
f 444//841 446//843 445//840
f 444//841 445//840 443//839
f 447//837 445//840 446//843
f 447//837 446//843 2367//844
f 447//837 2367//844 449//845
f 451//800 450//838 447//837
f 451//800 447//837 448//846
f 448//846 447//837 449//845
f 448//846 449//845 459//847
f 450//838 451//800 418//802
f 450//838 418//802 452//804
f 450//838 452//804 423//803
f 450//838 423//803 2643//813
f 450//838 2643//813 2642//836
f 450//838 2642//836 441//835
f 453//801 451//800 448//846
f 453//801 448//846 455//848
f 453//801 454//849 2641//796
f 453//801 2641//796 416//795
f 454//849 453//801 455//848
f 454//849 455//848 456//850
f 456//850 455//848 457//851
f 456//850 457//851 458//852
f 455//848 448//846 459//847
f 455//848 459//847 457//851
f 2289//853 2370//854 469//855
f 2289//853 469//855 463//856
f 2289//853 463//856 462//857
f 2289//853 462//857 460//858
f 2289//853 460//858 458//852
f 2289//853 458//852 457//851
f 2289//853 457//851 459//847
f 2289//853 459//847 449//845
f 2289//853 449//845 2367//844
f 461//859 456//850 458//852
f 461//859 458//852 460//858
f 461//859 460//858 462//857
f 461//859 462//857 464//860
f 466//778 465//780 464//860
f 466//778 464//860 462//857
f 466//778 462//857 463//856
f 2638//783 461//859 464//860
f 2638//783 464//860 465//780
f 2638//783 465//780 403//779
f 467//861 466//778 463//856
f 467//861 463//856 469//855
f 466//778 467//861 470//862
f 466//778 470//862 471//769
f 466//778 471//769 2629//768
f 466//778 2629//768 2630//767
f 466//778 2630//767 2631//766
f 466//778 2631//766 2632//765
f 466//778 2632//765 2633//764
f 466//778 2633//764 2634//763
f 466//778 2634//763 2635//762
f 466//778 2635//762 2636//761
f 466//778 2636//761 2637//760
f 466//778 2637//760 400//759
f 468//863 467//861 469//855
f 468//863 469//855 2370//854
f 467//861 468//863 492//864
f 467//861 492//864 491//865
f 467//861 491//865 490//866
f 467//861 490//866 489//867
f 467//861 489//867 488//868
f 467//861 488//868 487//869
f 467//861 487//869 486//870
f 467//861 486//870 485//871
f 467//861 485//871 484//872
f 467//861 484//872 483//873
f 467//861 483//873 482//872
f 467//861 482//872 481//872
f 467//861 481//872 480//872
f 467//861 480//872 477//874
f 467//861 477//874 476//872
f 467//861 476//872 475//875
f 467//861 475//875 474//876
f 467//861 474//876 473//877
f 467//861 473//877 472//878
f 467//861 472//878 470//862
f 471//769 470//862 472//878
f 471//769 472//878 473//877
f 471//769 473//877 474//876
f 471//769 474//876 475//875
f 471//769 475//875 476//872
f 471//769 476//872 478//879
f 471//769 478//879 479//880
f 471//769 479//880 480//872
f 471//769 480//872 481//872
f 471//769 481//872 482//872
f 471//769 482//872 483//873
f 471//769 483//873 484//872
f 471//769 484//872 485//871
f 471//769 485//871 486//870
f 471//769 486//870 487//869
f 471//769 487//869 488//868
f 471//769 488//868 489//867
f 471//769 489//867 490//866
f 471//769 490//866 491//865
f 471//769 491//865 492//864
f 471//769 492//864 493//881
f 471//769 493//881 496//882
f 471//769 496//882 386//752
f 468//863 2370//854 2289//853
f 468//863 2289//853 494//883
f 468//863 494//883 493//881
f 468//863 493//881 492//864
f 495//884 493//885 494//886
f 495//884 494//886 2082//887
f 496//751 493//885 495//884
f 496//751 495//884 498//888
f 496//751 498//888 497//747
f 498//706 495//889 522//890
f 498//706 522//890 521//891
f 498//706 521//891 520//892
f 498//706 520//892 519//893
f 498//706 519//893 518//894
f 498//706 518//894 517//895
f 498//706 517//895 516//896
f 498//706 516//896 515//897
f 498//706 515//897 513//898
f 498//706 513//898 512//898
f 498//706 512//898 510//897
f 498//706 510//897 509//895
f 498//706 509//895 508//899
f 498//706 508//899 507//900
f 498//706 507//900 506//901
f 498//706 506//901 505//902
f 498//706 505//902 504//903
f 498//706 504//903 503//904
f 498//706 503//904 501//698
f 498//706 501//698 499//697
f 501//698 503//904 504//903
f 501//698 504//903 505//902
f 501//698 505//902 506//901
f 501//698 506//901 507//900
f 501//698 507//900 508//899
f 501//698 508//899 509//895
f 501//698 509//895 511//905
f 501//698 511//905 512//898
f 501//698 512//898 513//898
f 501//698 513//898 514//905
f 501//698 514//905 516//896
f 501//698 516//896 517//895
f 501//698 517//895 518//894
f 501//698 518//894 519//893
f 501//698 519//893 520//892
f 501//698 520//892 521//891
f 501//698 521//891 522//890
f 501//698 522//890 523//906
f 501//698 523//906 525//907
f 501//698 525//907 502//699
f 522//890 495//889 2082//908
f 522//890 2082//908 579//909
f 522//890 579//909 2616//910
f 522//890 2616//910 2617//911
f 522//890 2617//911 543//912
f 522//890 543//912 538//913
f 522//890 538//913 2620//914
f 522//890 2620//914 524//915
f 522//890 524//915 523//906
f 526//916 525//907 523//906
f 526//916 523//906 524//915
f 527//685 348//684 502//699
f 527//685 502//699 525//907
f 530//917 528//686 527//685
f 530//917 527//685 525//907
f 530//917 525//907 526//916
f 528//686 530//917 531//918
f 528//686 531//918 533//919
f 528//686 533//919 535//920
f 528//686 535//920 536//921
f 528//686 536//921 541//922
f 528//686 541//922 545//923
f 528//686 545//923 546//924
f 528//686 546//924 547//925
f 528//686 547//925 549//926
f 528//686 549//926 551//927
f 528//686 551//927 552//928
f 528//686 552//928 557//929
f 528//686 557//929 558//930
f 528//686 558//930 559//931
f 528//686 559//931 561//932
f 528//686 561//932 562//933
f 528//686 562//933 2619//934
f 528//686 2619//934 529//681
f 531//918 530//917 526//916
f 531//918 526//916 532//935
f 533//919 531//918 532//935
f 533//919 532//935 534//936
f 535//920 533//919 534//936
f 535//920 534//936 537//937
f 536//921 535//920 537//937
f 536//921 537//937 539//938
f 537//937 534//936 532//935
f 537//937 532//935 2620//914
f 537//937 2620//914 538//913
f 542//939 540//940 539//938
f 542//939 539//938 537//937
f 542//939 537//937 538//913
f 542//939 538//913 543//912
f 541//922 536//921 539//938
f 541//922 539//938 540//940
f 545//923 541//922 540//940
f 545//923 540//940 542//939
f 550//941 548//942 544//943
f 550//941 544//943 542//939
f 550//941 542//939 543//912
f 550//941 543//912 2617//911
f 546//924 545//923 542//939
f 546//924 542//939 544//943
f 547//925 546//924 544//943
f 547//925 544//943 548//942
f 549//926 547//925 548//942
f 549//926 548//942 550//941
f 551//927 549//926 550//941
f 551//927 550//941 553//944
f 552//928 551//927 553//944
f 552//928 553//944 554//945
f 2616//910 556//946 555//947
f 2616//910 555//947 554//945
f 2616//910 554//945 553//944
f 2616//910 553//944 550//941
f 2616//910 550//941 2617//911
f 557//929 552//928 554//945
f 557//929 554//945 555//947
f 556//946 558//930 557//929
f 556//946 557//929 555//947
f 578//948 577//949 576//950
f 578//948 576//950 573//951
f 578//948 573//951 2618//952
f 578//948 2618//952 560//953
f 578//948 560//953 559//931
f 578//948 559//931 558//930
f 578//948 558//930 556//954
f 578//948 556//954 2616//910
f 578//948 2616//910 579//909
f 561//932 559//931 560//953
f 561//932 560//953 563//955
f 562//933 561//932 563//955
f 562//933 563//955 565//956
f 560//953 2618//952 564//957
f 560//953 564//957 563//955
f 563//955 564//957 567//958
f 563//955 567//958 565//956
f 2619//934 562//933 565//956
f 2619//934 565//956 566//959
f 565//956 567//958 568//960
f 565//956 568//960 566//959
f 567//958 569//961 570//962
f 567//958 570//962 568//960
f 564//957 572//963 569//961
f 564//957 569//961 567//958
f 569//961 571//964 2608//965
f 569//961 2608//965 570//962
f 572//963 574//966 571//964
f 572//963 571//964 569//961
f 573//951 576//950 574//966
f 573//951 574//966 572//963
f 2618//952 573//951 572//963
f 2618//952 572//963 564//957
f 574//966 575//967 590//968
f 574//966 590//968 571//964
f 576//950 577//949 575//967
f 576//950 575//967 574//966
f 577//949 578//948 581//969
f 577//949 581//969 582//970
f 577//949 582//970 575//967
f 2209//971 2210//972 2212//973
f 2209//971 2212//973 2213//974
f 2209//971 2213//974 2214//975
f 2209//971 2214//975 2221//976
f 2209//971 2221//976 2222//977
f 2209//971 2222//977 580//978
f 2209//971 580//978 578//948
f 2209//971 578//948 579//909
f 2209//971 579//909 2086//979
f 2209//971 2086//979 2089//980
f 2209//971 2089//980 2090//981
f 2209//971 2090//981 2091//982
f 2209//971 2091//982 2093//983
f 2209//971 2093//983 2095//984
f 2209//971 2095//984 2096//985
f 2209//971 2096//985 2253//986
f 2209//971 2253//986 2252//987
f 2209//971 2252//987 2251//988
f 2209//971 2251//988 2223//989
f 2209//971 2223//989 2207//990
f 2209//971 2207//990 2206//991
f 2209//971 2206//991 2208//992
f 581//969 578//948 580//978
f 581//969 580//978 583//993
f 588//994 582//970 581//969
f 588//994 581//969 583//993
f 588//994 583//993 585//995
f 580//978 2222//977 2220//996
f 580//978 2220//996 584//997
f 580//978 584//997 583//993
f 583//993 584//997 587//998
f 583//993 587//998 585//995
f 585//995 587//998 2178//999
f 585//995 2178//999 586//1000
f 591//1001 589//1002 588//994
f 591//1001 588//994 585//995
f 591//1001 585//995 586//1000
f 582//970 588//994 589//1002
f 582//970 589//1002 590//968
f 582//970 590//968 575//967
f 589//1002 591//1001 592//1003
f 589//1002 592//1003 593//1004
f 589//1002 593//1004 590//968
f 594//1005 592//1003 591//1001
f 594//1005 591//1001 586//1000
f 594//1005 586//1000 596//1006
f 592//1003 594//1005 595//1007
f 592//1003 595//1007 2609//1008
f 592//1003 2609//1008 593//1004
f 601//1009 595//1007 594//1005
f 601//1009 594//1005 596//1006
f 601//1009 596//1006 598//1010
f 586//1000 2178//999 597//1011
f 586//1000 597//1011 596//1006
f 596//1006 597//1011 600//1012
f 596//1006 600//1012 598//1010
f 604//1013 602//1014 601//1009
f 604//1013 601//1009 598//1010
f 604//1013 598//1010 599//1015
f 598//1010 600//1012 2164//1016
f 598//1010 2164//1016 599//1015
f 595//1007 601//1009 602//1014
f 595//1007 602//1014 603//1017
f 595//1007 603//1017 2609//1008
f 602//1014 604//1013 605//1018
f 602//1014 605//1018 606//1019
f 602//1014 606//1019 603//1017
f 607//1020 605//1018 604//1013
f 607//1020 604//1013 599//1015
f 607//1020 599//1015 608//1021
f 605//1018 607//1020 609//1022
f 605//1018 609//1022 610//1023
f 605//1018 610//1023 2594//1024
f 605//1018 2594//1024 2596//1025
f 605//1018 2596//1025 606//1019
f 611//1026 609//1027 607//1020
f 611//1026 607//1020 608//1021
f 613//1028 1600//1029 1599//1030
f 613//1028 1599//1030 610//1031
f 613//1028 610//1031 609//1032
f 613//1028 609//1032 611//1033
f 613//1028 611//1033 612//1034
f 614//1035 612//1036 611//1026
f 614//1035 611//1026 608//1021
f 614//1035 608//1021 2167//1037
f 614//1035 2167//1037 615//1038
f 620//1039 621//1040 1614//1041
f 620//1039 1614//1041 613//1028
f 620//1039 613//1028 612//1034
f 620//1039 612//1034 614//1035
f 620//1039 614//1035 616//1042
f 620//1039 616//1042 618//1043
f 617//1044 616//1042 614//1035
f 617//1044 614//1035 615//1038
f 617//1044 615//1038 2166//1045
f 2172//1046 2173//1047 619//1048
f 2172//1046 619//1048 618//1043
f 2172//1046 618//1043 616//1042
f 2172//1046 616//1042 617//1044
f 2172//1046 617//1044 2169//1049
f 2172//1046 2169//1049 2170//1050
f 2172//1046 2170//1050 2171//1051
f 618//1043 619//1048 624//1052
f 618//1043 624//1052 622//1053
f 618//1043 622//1053 620//1039
f 621//1040 620//1039 622//1053
f 621//1040 622//1053 623//1054
f 621//1040 623//1054 1615//1055
f 621//1040 1615//1055 1613//1056
f 1697//1057 623//1054 622//1053
f 1697//1057 622//1053 624//1052
f 1697//1057 624//1052 625//1058
f 1697//1057 625//1058 626//1059
f 624//1052 619//1048 2173//1047
f 624//1052 2173//1047 627//1060
f 624//1052 627//1060 625//1058
f 625//1058 628//1061 631//1062
f 625//1058 631//1062 626//1059
f 627//1060 1979//1063 630//1064
f 627//1060 630//1064 628//1061
f 627//1060 628//1061 625//1058
f 1952//1065 1950//1066 1953//1067
f 1952//1065 1953//1067 1955//1068
f 1952//1065 1955//1068 1956//1069
f 1952//1065 1956//1069 1961//1070
f 1952//1065 1961//1070 1962//1071
f 1952//1065 1962//1071 1963//1072
f 1952//1065 1963//1072 1965//1073
f 1952//1065 1965//1073 1967//1074
f 1952//1065 1967//1074 1969//1075
f 1952//1065 1969//1075 1971//1076
f 1952//1065 1971//1076 1972//1077
f 1952//1065 1972//1077 1976//1078
f 1952//1065 1976//1078 1977//1079
f 1952//1065 1977//1079 1743//1080
f 1952//1065 1743//1080 2413//1081
f 1952//1065 2413//1081 629//1082
f 1952//1065 629//1082 628//1061
f 1952//1065 628//1061 630//1064
f 628//1061 629//1082 632//1083
f 628//1061 632//1083 631//1062
f 626//1059 631//1062 633//1084
f 626//1059 633//1084 635//1085
f 631//1062 632//1083 634//1086
f 631//1062 634//1086 633//1084
f 633//1084 634//1086 1873//1087
f 633//1084 1873//1087 637//1088
f 633//1084 637//1088 636//1089
f 635//1085 633//1084 636//1089
f 635//1085 636//1089 638//1090
f 638//1090 636//1089 637//1088
f 638//1090 637//1088 639//1091
f 640//1092 1271//1093 1270//1094
f 640//1092 1270//1094 1266//1095
f 640//1092 1266//1095 1696//1096
f 640//1092 1696//1096 635//1085
f 640//1092 635//1085 638//1090
f 640//1092 638//1090 639//1091
f 644//1097 646//1098 647//1099
f 644//1097 647//1099 1280//1100
f 644//1097 1280//1100 1277//1101
f 644//1097 1277//1101 1275//1102
f 644//1097 1275//1102 640//1092
f 644//1097 640//1092 639//1091
f 644//1097 639//1091 641//1103
f 639//1091 637//1088 642//1104
f 639//1091 642//1104 641//1103
f 641//1103 642//1104 1871//1105
f 641//1103 1871//1105 643//1106
f 2467//1107 1297//1108 1296//1109
f 2467//1107 1296//1109 1294//1110
f 2467//1107 1294//1110 1292//1111
f 2467//1107 1292//1111 1290//1112
f 2467//1107 1290//1112 1289//1113
f 2467//1107 1289//1113 1288//1114
f 2467//1107 1288//1114 645//1115
f 2467//1107 645//1115 644//1097
f 2467//1107 644//1097 641//1103
f 2467//1107 641//1103 643//1106
f 646//1098 644//1097 645//1115
f 646//1098 645//1115 652//1116
f 646//1098 652//1116 651//1117
f 646//1098 651//1117 649//1118
f 646//1098 649//1118 648//1119
f 648//1119 647//1099 646//1098
f 650//1120 1282//1121 1279//1122
f 650//1120 1279//1122 647//1123
f 650//1120 647//1123 648//1124
f 650//1120 648//1124 649//1125
f 649//1125 651//1126 653//1127
f 649//1125 653//1127 654//1128
f 649//1125 654//1128 2468//1129
f 649//1125 2468//1129 650//1120
f 655//1130 653//1131 651//1117
f 655//1130 651//1117 652//1116
f 655//1130 652//1116 2461//1132
f 655//1130 2461//1132 2459//1133
f 655//1130 2459//1133 2457//1134
f 655//1130 2457//1134 656//1135
f 653//1127 655//1136 657//1137
f 653//1127 657//1137 659//1138
f 653//1127 659//1138 660//1139
f 653//1127 660//1139 654//1128
f 658//1140 657//1141 655//1130
f 658//1140 655//1130 656//1135
f 658//1140 656//1135 2455//1142
f 658//1140 2455//1142 2452//1143
f 658//1140 2452//1143 2448//1144
f 658//1140 2448//1144 2447//1145
f 658//1140 2447//1145 2445//1146
f 658//1140 2445//1146 2444//1147
f 658//1140 2444//1147 2443//1148
f 658//1140 2443//1148 2440//1149
f 658//1140 2440//1149 1180//1150
f 658//1140 1180//1150 1179//1151
f 658//1140 1179//1151 1181//1152
f 658//1140 1181//1152 1183//131
f 657//1137 658//1153 1185//1154
f 657//1137 1185//1154 1186//1155
f 657//1137 1186//1155 1187//1156
f 657//1137 1187//1156 662//1157
f 657//1137 662//1157 661//1158
f 657//1137 661//1158 659//1138
f 663//1159 664//1160 2438//1161
f 663//1159 2438//1161 2437//1162
f 663//1159 2437//1162 2439//1163
f 663//1159 2439//1163 2441//1164
f 663//1159 2441//1164 2442//1165
f 663//1159 2442//1165 2446//1166
f 663//1159 2446//1166 2449//1167
f 663//1159 2449//1167 2450//1168
f 663//1159 2450//1168 2451//1169
f 663//1159 2451//1169 2453//1170
f 663//1159 2453//1170 2454//1171
f 663//1159 2454//1171 660//1172
f 663//1159 660//1172 659//1173
f 663//1159 659//1173 661//1174
f 663//1159 661//1174 662//1175
f 663//1159 665//1176 667//1177
f 663//1159 667//1177 669//1178
f 663//1159 669//1178 671//1179
f 663//1159 671//1179 673//1180
f 663//1159 673//1180 674//1181
f 663//1159 674//1181 675//1182
f 663//1159 675//1182 676//1183
f 663//1159 676//1183 677//1184
f 663//1159 677//1184 678//1185
f 663//1159 678//1185 679//1186
f 663//1159 679//1186 680//1187
f 663//1159 680//1187 682//1188
f 663//1159 682//1188 683//1188
f 663//1159 683//1188 684//1186
f 663//1159 684//1186 685//1189
f 663//1159 685//1189 688//1190
f 663//1159 688//1190 689//1191
f 663//1159 689//1191 690//1192
f 663//1159 690//1192 691//1193
f 663//1159 691//1193 692//1194
f 663//1159 692//1194 664//1160
f 1429//1195 1428//1196 666//1197
f 1429//1195 666//1197 665//1176
f 1429//1195 665//1176 663//1159
f 1429//1195 663//1159 662//1175
f 1429//1195 662//1175 1187//1198
f 1429//1195 1187//1198 1190//1199
f 1429//1195 1190//1199 1191//1200
f 1429//1195 1191//1200 1192//1201
f 1429//1195 1192//1201 1193//1202
f 1429//1195 1193//1202 1430//1203
f 665//1176 666//1197 2592//1204
f 665//1176 2592//1204 668//1205
f 665//1176 668//1205 667//1177
f 2591//300 141//299 670//1206
f 2591//300 670//1206 669//1178
f 2591//300 669//1178 667//1177
f 2591//300 667//1177 668//1205
f 694//1207 672//1208 671//1179
f 694//1207 671//1179 669//1178
f 694//1207 669//1178 670//1206
f 672//1208 693//1209 2438//1161
f 672//1208 2438//1161 664//1160
f 672//1208 664//1160 692//1194
f 672//1208 692//1194 691//1193
f 672//1208 691//1193 690//1192
f 672//1208 690//1192 689//1191
f 672//1208 689//1191 688//1190
f 672//1208 688//1190 685//1189
f 672//1208 685//1189 684//1186
f 672//1208 684//1186 686//1210
f 672//1208 686//1210 687//1210
f 672//1208 687//1210 681//1211
f 672//1208 681//1211 680//1187
f 672//1208 680//1187 679//1186
f 672//1208 679//1186 678//1185
f 672//1208 678//1185 677//1184
f 672//1208 677//1184 676//1183
f 672//1208 676//1183 675//1182
f 672//1208 675//1182 674//1181
f 672//1208 674//1181 673//1180
f 672//1208 673//1180 671//1179
f 672//1208 695//1212 696//1213
f 672//1208 696//1213 693//1209
f 694//1207 697//1214 695//1212
f 694//1207 695//1212 672//1208
f 695//1212 697//1214 699//1215
f 695//1212 699//1215 700//1216
f 695//1212 700//1216 696//1213
f 2563//265 698//1217 697//1214
f 2563//265 697//1214 694//1207
f 698//1217 702//1218 699//1215
f 698//1217 699//1215 697//1214
f 700//1216 699//1215 701//1219
f 700//1216 701//1219 1315//1220
f 700//1216 1315//1220 1314//1221
f 699//1215 702//1218 703//1222
f 699//1215 703//1222 704//1223
f 699//1215 704//1223 714//1224
f 699//1215 714//1224 716//1225
f 699//1215 716//1225 701//1219
f 702//1218 698//1217 706//1226
f 702//1218 706//1226 705//1227
f 702//1218 705//1227 703//1222
f 704//1223 703//1222 705//1227
f 704//1223 705//1227 707//1228
f 704//1223 707//1228 709//1229
f 704//1223 709//1229 711//1230
f 705//1227 706//1226 2562//262
f 705//1227 2562//262 2561//264
f 705//1227 2561//264 708//1231
f 705//1227 708//1231 707//1228
f 709//1229 707//1228 708//1231
f 709//1229 708//1231 2499//1232
f 709//1229 2499//1232 2498//1233
f 709//1229 2498//1233 710//1234
f 710//1234 2496//1235 713//1236
f 710//1234 713//1236 712//1237
f 710//1234 712//1237 711//1230
f 710//1234 711//1230 709//1229
f 711//1230 712//1237 714//1224
f 711//1230 714//1224 704//1223
f 714//1224 712//1237 713//1236
f 714//1224 713//1236 745//1238
f 714//1224 745//1238 743//1239
f 714//1224 743//1239 723//1240
f 714//1224 723//1240 722//1241
f 714//1224 722//1241 724//1242
f 714//1224 724//1242 725//1243
f 714//1224 725//1243 726//1243
f 714//1224 726//1243 727//1244
f 714//1224 727//1244 728//1245
f 714//1224 728//1245 729//1246
f 714//1224 729//1246 730//1242
f 714//1224 730//1242 731//1243
f 714//1224 731//1243 732//1243
f 714//1224 732//1243 733//1247
f 714//1224 733//1247 734//1247
f 714//1224 734//1247 735//1243
f 714//1224 735//1243 736//1248
f 714//1224 736//1248 737//1244
f 714//1224 737//1244 738//1242
f 714//1224 738//1242 739//1247
f 714//1224 739//1247 740//1242
f 714//1224 740//1242 741//1247
f 714//1224 741//1247 742//1249
f 714//1224 742//1249 715//1250
f 717//1251 716//1225 714//1224
f 717//1251 714//1224 715//1250
f 717//1251 715//1250 721//1252
f 717//1251 721//1252 720//1253
f 717//1251 718//1254 1315//1220
f 717//1251 1315//1220 701//1219
f 717//1251 701//1219 716//1225
f 717//1251 719//1255 750//1256
f 717//1251 750//1256 718//1254
f 719//1255 717//1251 720//1253
f 719//1255 720//1253 722//1241
f 719//1255 722//1241 723//1240
f 715//1250 742//1249 741//1247
f 715//1250 741//1247 740//1242
f 715//1250 740//1242 739//1247
f 715//1250 739//1247 738//1242
f 715//1250 738//1242 737//1244
f 715//1250 737//1244 736//1248
f 715//1250 736//1248 735//1243
f 715//1250 735//1243 734//1247
f 715//1250 734//1247 733//1247
f 715//1250 733//1247 732//1243
f 715//1250 732//1243 731//1243
f 715//1250 731//1243 730//1242
f 715//1250 730//1242 729//1246
f 715//1250 729//1246 728//1245
f 715//1250 728//1245 727//1244
f 715//1250 727//1244 726//1243
f 715//1250 726//1243 725//1243
f 715//1250 725//1243 724//1242
f 715//1250 724//1242 722//1241
f 715//1250 722//1241 720//1253
f 715//1250 720//1253 721//1252
f 719//1255 723//1240 743//1239
f 719//1255 743//1239 746//1257
f 748//1258 747//1259 746//1257
f 748//1258 746//1257 743//1239
f 748//1258 743//1239 744//1260
f 1149//1261 1148//1261 1150//1261
f 1149//1261 1150//1261 1139//1262
f 1149//1261 1139//1262 2508//1263
f 1149//1261 2508//1263 2509//1264
f 1149//1261 2509//1264 2516//1265
f 1149//1261 2516//1265 744//1260
f 1149//1261 744//1260 743//1239
f 1149//1261 743//1239 745//1238
f 750//1256 719//1255 746//1257
f 750//1256 746//1257 747//1259
f 750//1256 747//1259 749//1266
f 748//1258 752//1267 751//1268
f 748//1258 751//1268 749//1266
f 748//1258 749//1266 747//1259
f 750//1256 749//1266 751//1268
f 750//1256 751//1268 753//1269
f 750//1256 753//1269 754//1270
f 750//1256 754//1270 2432//1271
f 752//1267 2519//1272 755//1273
f 752//1267 755//1273 753//1269
f 752//1267 753//1269 751//1268
f 2430//1274 754//1270 753//1269
f 2430//1274 753//1269 756//1275
f 2430//1274 756//1275 757//1276
f 758//1277 756//1275 753//1269
f 758//1277 753//1269 755//1273
f 758//1277 760//1278 762//1279
f 758//1277 762//1279 763//1280
f 758//1277 763//1280 1902//1281
f 758//1277 1902//1281 757//1276
f 758//1277 757//1276 756//1275
f 758//1277 755//1273 2519//1272
f 758//1277 2519//1272 2518//1282
f 758//1277 2518//1282 759//1283
f 758//1277 759//1283 1086//1284
f 758//1277 1086//1284 1085//1285
f 758//1277 1085//1285 761//1286
f 758//1277 761//1286 760//1278
f 766//1287 764//1288 762//1279
f 766//1287 762//1279 760//1278
f 766//1287 760//1278 761//1286
f 764//1288 765//1289 1884//1290
f 764//1288 1884//1290 1902//1281
f 764//1288 1902//1281 763//1280
f 764//1288 763//1280 762//1279
f 765//1289 764//1288 767//1291
f 765//1289 767//1291 769//1292
f 765//1289 769//1292 770//1293
f 765//1289 770//1293 1886//1294
f 764//1288 766//1287 1081//1295
f 764//1288 1081//1295 768//1296
f 764//1288 768//1296 767//1291
f 773//1297 771//1298 769//1299
f 773//1297 769//1299 767//1300
f 773//1297 767//1300 768//1301
f 771//1298 772//1302 1881//1303
f 771//1298 1881//1303 770//1304
f 771//1298 770//1304 769//1299
f 772//1305 771//1306 773//1307
f 772//1305 773//1307 774//1308
f 772//1305 774//1308 776//1309
f 772//1305 776//1309 778//1310
f 775//1311 774//1312 773//1297
f 775//1311 773//1297 768//1301
f 775//1311 768//1301 1081//1313
f 775//1311 1081//1313 1080//1314
f 774//1308 775//1315 1078//1316
f 774//1308 1078//1316 781//1317
f 774//1308 781//1317 779//1318
f 774//1308 779//1318 776//1309
f 780//1319 1834//1320 777//1321
f 780//1319 777//1321 776//1309
f 780//1319 776//1309 779//1318
f 777//1321 1833//1322 1802//1323
f 777//1321 1802//1323 778//1310
f 777//1321 778//1310 776//1309
f 783//1324 780//1319 779//1318
f 783//1324 779//1318 782//1325
f 779//1318 781//1317 785//1326
f 779//1318 785//1326 782//1325
f 963//1327 2560//1328 783//1324
f 963//1327 783//1324 782//1325
f 963//1327 782//1325 784//1329
f 782//1325 785//1326 786//1330
f 782//1325 786//1330 784//1329
f 1076//1331 1065//1332 1064//1333
f 1076//1331 1064//1333 1066//1334
f 1076//1331 1066//1334 1067//1335
f 1076//1331 1067//1335 1069//1336
f 1076//1331 1069//1336 1071//1337
f 1076//1331 1071//1337 1073//1338
f 1076//1331 1073//1338 788//1339
f 1076//1331 788//1339 787//1340
f 1076//1331 787//1340 785//1326
f 1076//1331 785//1326 781//1317
f 787//1340 789//1341 790//1342
f 787//1340 790//1342 786//1330
f 787//1340 786//1330 785//1326
f 792//1343 791//1344 789//1345
f 792//1343 789//1345 787//1346
f 792//1343 787//1346 788//1347
f 792//1343 788//1347 1075//1348
f 792//1343 1075//1348 1057//1349
f 792//1343 1057//1349 1082//1350
f 792//1343 1082//1350 795//1351
f 792//1343 795//1351 794//1352
f 789//1341 791//1353 790//1342
f 791//1353 792//1354 793//1355
f 791//1353 793//1355 2557//1356
f 791//1353 2557//1356 790//1342
f 794//1352 796//1357 798//1358
f 794//1352 798//1358 800//1359
f 794//1352 800//1359 2559//1360
f 794//1352 2559//1360 793//1361
f 794//1352 793//1361 792//1343
f 1083//1362 797//1363 796//1364
f 1083//1362 796//1364 794//1365
f 1083//1362 794//1365 795//1366
f 797//1363 799//1367 798//1368
f 797//1363 798//1368 796//1364
f 802//1369 801//1370 798//1368
f 802//1369 798//1368 799//1367
f 802//1369 799//1367 1046//1371
f 805//1372 806//1373 800//1359
f 805//1372 800//1359 798//1358
f 805//1372 798//1358 801//1374
f 805//1372 801//1374 803//1375
f 802//1369 1040//1376 1042//1377
f 802//1369 1042//1377 809//1378
f 802//1369 809//1378 804//1379
f 802//1369 804//1379 803//1380
f 802//1369 803//1380 801//1370
f 807//1381 805//1372 803//1375
f 807//1381 803//1375 804//1382
f 806//1383 805//1384 807//1385
f 806//1383 807//1385 808//1386
f 806//1383 808//1386 810//1387
f 806//1383 810//1387 811//1388
f 806//1383 811//1388 971//1389
f 808//1390 807//1381 804//1382
f 808//1390 804//1382 809//1391
f 809//1391 1042//1392 814//1393
f 809//1391 814//1393 812//1394
f 809//1391 812//1394 810//1395
f 809//1391 810//1395 808//1390
f 810//1387 812//1396 813//1397
f 810//1387 813//1397 811//1388
f 813//1397 812//1396 815//1398
f 813//1397 815//1398 817//1399
f 812//1394 814//1393 816//1400
f 812//1394 816//1400 815//1401
f 820//1402 818//1403 815//1401
f 820//1402 815//1401 816//1400
f 820//1402 816//1400 1030//1404
f 820//1402 1030//1404 821//1405
f 817//1399 815//1398 818//1406
f 817//1399 818//1406 819//1407
f 818//1406 820//1408 822//1409
f 818//1406 822//1409 824//1410
f 818//1406 824//1410 819//1407
f 832//1411 823//1412 822//1413
f 832//1411 822//1413 820//1402
f 832//1411 820//1402 821//1405
f 832//1411 821//1405 1027//1414
f 832//1411 1027//1414 834//1415
f 832//1411 834//1415 833//1416
f 822//1409 823//1417 826//1418
f 822//1409 826//1418 824//1410
f 2553//1419 817//1399 819//1407
f 2553//1419 819//1407 824//1410
f 2553//1419 824//1410 825//1420
f 828//1421 825//1420 824//1410
f 828//1421 824//1410 826//1418
f 828//1421 826//1418 827//1422
f 823//1417 832//1423 830//1424
f 823//1417 830//1424 827//1422
f 823//1417 827//1422 826//1418
f 2535//1425 828//1421 827//1422
f 2535//1425 827//1422 829//1426
f 2535//1425 829//1426 2548//1427
f 830//1424 831//1428 829//1426
f 830//1424 829//1426 827//1422
f 840//1429 831//1430 830//1431
f 840//1429 830//1431 832//1411
f 840//1429 832//1411 833//1416
f 840//1429 833//1416 835//1432
f 840//1429 835//1432 837//1433
f 840//1429 837//1433 839//1434
f 1024//1435 836//1436 835//1437
f 1024//1435 835//1437 833//1438
f 1024//1435 833//1438 834//1439
f 836//1436 838//1440 837//1441
f 836//1436 837//1441 835//1437
f 838//1440 842//1442 841//1443
f 838//1440 841//1443 839//1444
f 838//1440 839//1444 837//1441
f 844//1445 2550//1446 840//1429
f 844//1445 840//1429 839//1434
f 844//1445 839//1434 841//1447
f 844//1445 841//1447 843//1448
f 842//1442 846//1449 845//1450
f 842//1442 845//1450 843//1451
f 842//1442 843//1451 841//1443
f 851//1452 852//1453 2549//1454
f 851//1452 2549//1454 844//1445
f 851//1452 844//1445 843//1448
f 851//1452 843//1448 845//1455
f 851//1452 845//1455 847//1456
f 851//1452 847//1456 849//1457
f 846//1449 848//1458 847//1459
f 846//1449 847//1459 845//1450
f 848//1458 1014//1460 850//1461
f 848//1458 850//1461 849//1462
f 848//1458 849//1462 847//1459
f 849//1457 850//1463 856//1464
f 849//1457 856//1464 855//1465
f 849//1457 855//1465 853//1466
f 849//1457 853//1466 851//1452
f 852//1467 851//1468 853//1469
f 852//1467 853//1469 854//1470
f 852//1467 854//1470 2536//1471
f 853//1469 855//1472 857//1473
f 853//1469 857//1473 854//1470
f 855//1465 856//1464 860//1474
f 855//1465 860//1474 858//1475
f 857//1473 855//1472 858//1476
f 857//1473 858//1476 859//1477
f 857//1473 859//1477 2542//1478
f 859//1477 858//1476 861//1479
f 859//1477 861//1479 863//1480
f 859//1477 863//1480 864//1481
f 859//1477 864//1481 869//1482
f 859//1477 869//1482 870//1483
f 859//1477 870//1483 871//1484
f 859//1477 871//1484 872//1485
f 859//1477 872//1485 877//1486
f 859//1477 877//1486 878//1487
f 859//1477 878//1487 879//1488
f 859//1477 879//1488 880//1489
f 859//1477 880//1489 885//1490
f 859//1477 885//1490 886//1491
f 859//1477 886//1491 887//1492
f 859//1477 887//1492 889//1493
f 859//1477 889//1493 891//1494
f 859//1477 891//1494 893//1495
f 859//1477 893//1495 2544//1496
f 858//1475 860//1474 862//1497
f 858//1475 862//1497 861//1497
f 863//1498 861//1499 862//1500
f 863//1498 862//1500 865//1501
f 865//1501 866//1502 864//1503
f 865//1501 864//1503 863//1498
f 1107//1504 1112//1505 892//1506
f 1107//1504 892//1506 890//1507
f 1107//1504 890//1507 888//1508
f 1107//1504 888//1508 884//1509
f 1107//1504 884//1509 883//1510
f 1107//1504 883//1510 882//1511
f 1107//1504 882//1511 881//1512
f 1107//1504 881//1512 876//1513
f 1107//1504 876//1513 875//1514
f 1107//1504 875//1514 874//1515
f 1107//1504 874//1515 873//1516
f 1107//1504 873//1516 868//1517
f 1107//1504 868//1517 867//1518
f 1107//1504 867//1518 866//1519
f 1107//1504 866//1519 865//1520
f 1107//1504 865//1520 862//1521
f 1107//1504 862//1521 860//1522
f 1107//1504 860//1522 2526//1523
f 869//1524 864//1525 866//1526
f 869//1524 866//1526 867//1527
f 870//1528 869//1524 867//1527
f 870//1528 867//1527 868//1529
f 871//1530 870//1528 868//1529
f 871//1530 868//1529 873//1531
f 872//1532 871//1530 873//1531
f 872//1532 873//1531 874//1533
f 877//1534 872//1532 874//1533
f 877//1534 874//1533 875//1535
f 878//1536 877//1534 875//1535
f 878//1536 875//1535 876//1537
f 879//1538 878//1536 876//1537
f 879//1538 876//1537 881//1539
f 881//1539 882//1540 880//1541
f 881//1539 880//1541 879//1538
f 880//1541 882//1540 883//1542
f 880//1541 883//1542 885//1543
f 885//1543 883//1542 884//1544
f 885//1543 884//1544 886//1545
f 887//1546 886//1547 884//1548
f 887//1546 884//1548 888//1549
f 889//1550 887//1546 888//1549
f 889//1550 888//1549 890//1551
f 890//1551 892//1552 891//1553
f 890//1551 891//1553 889//1550
f 894//1554 891//1553 892//1552
f 894//1554 892//1552 895//1555
f 935//1556 893//1495 891//1494
f 935//1556 891//1494 894//1557
f 935//1556 894//1557 896//1558
f 935//1556 896//1558 898//1559
f 935//1556 898//1559 899//1560
f 935//1556 899//1560 904//1561
f 935//1556 904//1561 905//1562
f 935//1556 905//1562 906//1563
f 935//1556 906//1563 907//1564
f 935//1556 907//1564 911//1565
f 935//1556 911//1565 914//1566
f 935//1556 914//1566 915//1567
f 935//1556 915//1567 916//1568
f 935//1556 916//1568 917//1569
f 935//1556 917//1569 922//1570
f 935//1556 922//1570 923//1571
f 935//1556 923//1571 924//1572
f 935//1556 924//1572 925//1573
f 935//1556 925//1573 930//1574
f 935//1556 930//1574 931//1575
f 935//1556 931//1575 933//1576
f 896//1577 894//1554 895//1555
f 896//1577 895//1555 897//1578
f 898//1579 896//1577 897//1578
f 898//1579 897//1578 900//1580
f 899//1581 898//1579 900//1580
f 899//1581 900//1580 901//1582
f 1111//1583 929//1584 928//1585
f 1111//1583 928//1585 927//1586
f 1111//1583 927//1586 926//1587
f 1111//1583 926//1587 921//1588
f 1111//1583 921//1588 920//1589
f 1111//1583 920//1589 919//1590
f 1111//1583 919//1590 918//1591
f 1111//1583 918//1591 913//1592
f 1111//1583 913//1592 912//1593
f 1111//1583 912//1593 910//1594
f 1111//1583 910//1594 909//1595
f 1111//1583 909//1595 908//1596
f 1111//1583 908//1596 903//1597
f 1111//1583 903//1597 902//1598
f 1111//1583 902//1598 901//1599
f 1111//1583 901//1599 900//1600
f 1111//1583 900//1600 897//1601
f 1111//1583 897//1601 895//1602
f 1111//1583 895//1602 892//1506
f 1111//1583 892//1506 1112//1505
f 1111//1583 1112//1505 1110//1603
f 904//1604 899//1581 901//1582
f 904//1604 901//1582 902//1605
f 905//1606 904//1604 902//1605
f 905//1606 902//1605 903//1607
f 906//1608 905//1606 903//1607
f 906//1608 903//1607 908//1609
f 907//1610 906//1608 908//1609
f 907//1610 908//1609 909//1611
f 909//1611 910//1612 911//1613
f 909//1611 911//1613 907//1610
f 914//1614 911//1615 910//1616
f 914//1614 910//1616 912//1617
f 915//1618 914//1614 912//1617
f 915//1618 912//1617 913//1619
f 916//1620 915//1618 913//1619
f 916//1620 913//1619 918//1621
f 917//1622 916//1620 918//1621
f 917//1622 918//1621 919//1623
f 922//1624 917//1622 919//1623
f 922//1624 919//1623 920//1625
f 923//1626 922//1624 920//1625
f 923//1626 920//1625 921//1627
f 924//1628 923//1626 921//1627
f 924//1628 921//1627 926//1629
f 925//1630 924//1628 926//1629
f 925//1630 926//1629 927//1631
f 930//1632 925//1630 927//1631
f 930//1632 927//1631 928//1633
f 928//1633 929//1634 931//1635
f 928//1633 931//1635 930//1632
f 932//1636 931//1637 929//1638
f 932//1636 929//1638 1118//1639
f 934//1640 933//1576 931//1575
f 934//1640 931//1575 932//1641
f 934//1640 932//1641 1116//1642
f 933//1576 934//1640 1126//1643
f 933//1576 1126//1643 1124//1644
f 933//1576 1124//1644 1125//1645
f 933//1576 1125//1645 939//1646
f 933//1576 939//1646 938//1647
f 933//1576 938//1647 936//1648
f 933//1576 936//1648 935//1556
f 893//1495 935//1556 936//1648
f 893//1495 936//1648 937//1649
f 893//1495 937//1649 2544//1496
f 936//1648 938//1647 940//1650
f 936//1648 940//1650 937//1649
f 939//1646 2525//1651 942//1652
f 939//1646 942//1652 941//1653
f 939//1646 941//1653 938//1647
f 940//1650 938//1647 941//1653
f 940//1650 941//1653 944//1654
f 940//1650 944//1654 945//1655
f 1142//1656 1144//1656 1145//1656
f 1142//1656 1145//1656 1146//1656
f 1142//1656 1146//1656 1151//1656
f 1142//1656 1151//1656 1152//1657
f 1142//1656 1152//1657 1153//1658
f 1142//1656 1153//1658 1821//1659
f 1142//1656 1821//1659 1822//1660
f 1142//1656 1822//1660 943//1661
f 1142//1656 943//1661 941//1653
f 1142//1656 941//1653 942//1652
f 944//1654 941//1653 943//1661
f 944//1654 943//1661 946//1662
f 950//1663 945//1655 944//1654
f 950//1663 944//1654 946//1662
f 950//1663 946//1662 947//1664
f 943//1661 1822//1660 948//1665
f 943//1661 948//1665 947//1664
f 943//1661 947//1664 946//1662
f 947//1664 948//1665 1824//1666
f 947//1664 1824//1666 949//1667
f 953//1668 951//1669 950//1663
f 953//1668 950//1663 947//1664
f 953//1668 947//1664 949//1667
f 945//1655 950//1663 951//1669
f 945//1655 951//1669 952//1670
f 945//1655 952//1670 940//1650
f 951//1669 953//1668 954//1671
f 951//1669 954//1671 956//1672
f 951//1669 956//1672 952//1670
f 1828//1673 955//1674 954//1671
f 1828//1673 954//1671 953//1668
f 1828//1673 953//1668 949//1667
f 957//1675 954//1671 955//1674
f 957//1675 955//1674 959//1676
f 978//1677 980//1678 981//1678
f 978//1677 981//1678 987//1678
f 978//1677 987//1678 988//1678
f 978//1677 988//1678 989//1678
f 978//1677 989//1678 991//1678
f 978//1677 991//1678 993//1679
f 978//1677 993//1679 994//1680
f 978//1677 994//1680 2531//1681
f 978//1677 2531//1681 2539//1682
f 978//1677 2539//1682 2545//1683
f 978//1677 2545//1683 2546//1684
f 978//1677 2546//1684 956//1672
f 978//1677 956//1672 954//1671
f 978//1677 954//1671 957//1675
f 978//1677 957//1675 958//1685
f 978//1677 958//1685 972//1686
f 978//1677 972//1686 973//1687
f 978//1677 973//1687 974//1688
f 978//1677 974//1688 976//1689
f 961//1690 958//1685 957//1675
f 961//1690 957//1675 959//1676
f 955//1674 1828//1673 1827//1691
f 955//1674 1827//1691 960//1692
f 955//1674 960//1692 959//1676
f 2560//1328 963//1327 962//1693
f 2560//1328 962//1693 961//1690
f 2560//1328 961//1690 959//1676
f 2560//1328 959//1676 960//1692
f 966//1694 958//1685 961//1690
f 966//1694 961//1690 962//1693
f 966//1694 962//1693 964//1695
f 962//1693 963//1327 784//1329
f 962//1693 784//1329 964//1695
f 784//1329 786//1330 965//1696
f 784//1329 965//1696 964//1695
f 968//1697 967//1698 966//1694
f 968//1697 966//1694 964//1695
f 968//1697 964//1695 965//1696
f 968//1697 965//1696 2558//1699
f 972//1686 958//1685 966//1694
f 972//1686 966//1694 967//1698
f 972//1686 967//1698 969//1700
f 967//1698 968//1697 2554//1701
f 967//1698 2554//1701 971//1389
f 967//1698 971//1389 969//1700
f 973//1687 972//1686 969//1700
f 973//1687 969//1700 970//1702
f 970//1702 969//1700 971//1389
f 970//1702 971//1389 811//1388
f 975//1703 974//1688 973//1687
f 975//1703 973//1687 970//1702
f 2553//1419 977//1704 976//1689
f 2553//1419 976//1689 974//1688
f 2553//1419 974//1688 975//1703
f 993//1679 995//1705 996//1705
f 993//1679 996//1705 1001//1705
f 993//1679 1001//1705 1004//1705
f 993//1679 1004//1705 979//1705
f 993//1679 979//1705 978//1677
f 993//1679 978//1677 976//1689
f 993//1679 976//1689 977//1704
f 993//1679 977//1704 2552//1706
f 993//1679 2552//1706 2551//1707
f 993//1679 2551//1707 2533//1708
f 993//1679 2533//1708 2532//1709
f 993//1679 2532//1709 994//1680
f 980//1710 978//1711 979//1712
f 980//1710 979//1712 1003//1713
f 980//1710 1003//1713 983//1714
f 980//1710 983//1714 982//1715
f 981//1716 980//1710 982//1715
f 981//1716 982//1715 984//1717
f 1034//1718 1035//1719 1036//1720
f 1034//1718 1036//1720 1037//1721
f 1034//1718 1037//1721 1094//1722
f 1034//1718 1094//1722 1092//1723
f 1034//1718 1092//1723 1095//1724
f 1034//1718 1095//1724 1096//1725
f 1034//1718 1096//1725 1104//1726
f 1034//1718 1104//1726 2529//1727
f 1034//1718 2529//1727 1008//1728
f 1034//1718 1008//1728 1007//1729
f 1034//1718 1007//1729 1005//1730
f 1034//1718 1005//1730 998//1731
f 1034//1718 998//1731 992//1732
f 1034//1718 992//1732 990//1732
f 1034//1718 990//1732 986//1732
f 1034//1718 986//1732 985//1732
f 1034//1718 985//1732 984//1732
f 1034//1718 984//1732 982//1732
f 1034//1718 982//1732 983//1733
f 987//1734 981//1716 984//1717
f 987//1734 984//1717 985//1735
f 988//1736 987//1734 985//1735
f 988//1736 985//1735 986//1737
f 989//1738 988//1736 986//1737
f 989//1738 986//1737 990//1739
f 991//1740 989//1738 990//1739
f 991//1740 990//1739 992//1741
f 995//1742 993//1743 991//1740
f 995//1742 991//1740 992//1741
f 995//1742 992//1741 998//1744
f 995//1742 998//1744 997//1745
f 996//1746 995//1742 997//1745
f 996//1746 997//1745 999//1747
f 1005//1730 1006//1748 1018//1749
f 1005//1730 1018//1749 1019//1750
f 1005//1730 1019//1750 1020//1751
f 1005//1730 1020//1751 1033//1752
f 1005//1730 1033//1752 1034//1718
f 1005//1730 1034//1718 983//1733
f 1005//1730 983//1733 1003//1753
f 1005//1730 1003//1753 1002//1753
f 1005//1730 1002//1753 1000//1753
f 1005//1730 1000//1753 999//1753
f 1005//1730 999//1753 997//1753
f 1005//1730 997//1753 998//1731
f 999//1747 1000//1754 1001//1755
f 999//1747 1001//1755 996//1746
f 1004//1756 1001//1755 1000//1754
f 1004//1756 1000//1754 1002//1757
f 979//1712 1004//1756 1002//1757
f 979//1712 1002//1757 1003//1713
f 1012//1758 1013//1759 1006//1748
f 1012//1758 1006//1748 1005//1730
f 1012//1758 1005//1730 1007//1729
f 1012//1758 1007//1729 1009//1760
f 1009//1760 1007//1729 1008//1728
f 1009//1760 1008//1728 1011//1761
f 1014//1460 1012//1758 1009//1760
f 1014//1460 1009//1760 1010//1762
f 1011//1761 2528//1763 2527//1764
f 1011//1761 2527//1764 1010//1762
f 1011//1761 1010//1762 1009//1760
f 1014//1460 848//1458 1013//1759
f 1014//1460 1013//1759 1012//1758
f 1014//1460 1010//1762 856//1765
f 1014//1460 856//1765 850//1461
f 1013//1759 1015//1766 1016//1767
f 1013//1759 1016//1767 1018//1749
f 1013//1759 1018//1749 1006//1748
f 848//1458 846//1449 1015//1766
f 848//1458 1015//1766 1013//1759
f 846//1449 842//1442 1016//1767
f 846//1449 1016//1767 1015//1766
f 842//1442 838//1440 1017//1768
f 842//1442 1017//1768 1016//1767
f 1016//1767 1017//1768 1021//1769
f 1016//1767 1021//1769 1019//1750
f 1016//1767 1019//1750 1018//1749
f 1021//1769 1022//1770 1023//1771
f 1021//1769 1023//1771 1020//1751
f 1021//1769 1020//1751 1019//1750
f 838//1440 836//1436 1021//1769
f 838//1440 1021//1769 1017//1768
f 836//1436 1024//1435 1022//1770
f 836//1436 1022//1770 1021//1769
f 1024//1435 1025//1772 1023//1771
f 1024//1435 1023//1771 1022//1770
f 1025//1772 1024//1435 834//1439
f 1025//1772 834//1439 1027//1773
f 1025//1772 1026//1774 1029//1775
f 1025//1772 1029//1775 1023//1771
f 1026//1774 1025//1772 1027//1773
f 1026//1774 1027//1773 821//1776
f 1026//1774 821//1776 1030//1777
f 1029//1775 1026//1774 1028//1778
f 1029//1775 1028//1778 1031//1779
f 1026//1774 1030//1777 816//1780
f 1026//1774 816//1780 1028//1778
f 1023//1771 1029//1775 1031//1779
f 1023//1771 1031//1779 1033//1752
f 1023//1771 1033//1752 1020//1751
f 1032//1781 1035//1719 1034//1718
f 1032//1781 1034//1718 1033//1752
f 1032//1781 1033//1752 1031//1779
f 1031//1779 1028//1778 1041//1782
f 1031//1779 1041//1782 1032//1781
f 1038//1783 1036//1720 1035//1719
f 1038//1783 1035//1719 1032//1781
f 1038//1783 1039//1784 1037//1721
f 1038//1783 1037//1721 1036//1720
f 1040//1376 1038//1783 1032//1781
f 1040//1376 1032//1781 1041//1782
f 1040//1376 802//1369 1039//1784
f 1040//1376 1039//1784 1038//1783
f 1040//1376 1041//1782 814//1785
f 1040//1376 814//1785 1042//1377
f 1028//1778 816//1780 814//1785
f 1028//1778 814//1785 1041//1782
f 1039//1784 802//1369 1046//1371
f 1039//1784 1046//1371 1045//1786
f 1039//1784 1045//1786 1043//1787
f 1039//1784 1043//1787 1044//1788
f 1039//1784 1044//1788 1094//1722
f 1039//1784 1094//1722 1037//1721
f 1047//1789 1049//1790 1044//1788
f 1047//1789 1044//1788 1043//1787
f 1047//1789 1043//1787 1045//1786
f 797//1363 1047//1789 1045//1786
f 797//1363 1045//1786 1046//1371
f 797//1363 1046//1371 799//1367
f 1049//1790 1047//1789 1048//1791
f 1049//1790 1048//1791 1051//1792
f 1047//1789 797//1363 1083//1362
f 1047//1789 1083//1362 1048//1791
f 1049//1790 1050//1793 1094//1722
f 1049//1790 1094//1722 1044//1788
f 1049//1790 1051//1792 1052//1794
f 1049//1790 1052//1794 1093//1795
f 1049//1790 1093//1795 1050//1793
f 1051//1792 1048//1791 1056//1796
f 1051//1792 1056//1796 1053//1797
f 1051//1792 1053//1797 1054//1798
f 1051//1792 1054//1798 1088//1799
f 1051//1792 1088//1799 1052//1794
f 1053//1797 1055//1800 1084//1801
f 1053//1797 1084//1801 1054//1798
f 1053//1797 1056//1796 1058//1802
f 1053//1797 1058//1802 1055//1800
f 1056//1796 1048//1791 1083//1362
f 1056//1796 1083//1362 1082//1803
f 1056//1796 1082//1803 1057//1804
f 1058//1802 1056//1796 1057//1804
f 1058//1802 1057//1804 1075//1805
f 1058//1802 1075//1805 1074//1806
f 1058//1802 1074//1806 1072//1807
f 1058//1802 1072//1807 1070//1808
f 1058//1802 1070//1808 1068//1809
f 1058//1802 1068//1809 1063//1810
f 1058//1802 1063//1810 1062//1811
f 1058//1802 1062//1811 1060//1812
f 766//1287 1055//1800 1058//1802
f 766//1287 1058//1802 1059//1813
f 766//1287 1059//1813 1080//1814
f 766//1287 1080//1814 1081//1295
f 1058//1802 1060//1812 1061//1815
f 1058//1802 1061//1815 1079//1816
f 1058//1802 1079//1816 1059//1813
f 1064//1817 1065//1818 1061//1819
f 1064//1817 1061//1819 1060//1820
f 1064//1817 1060//1820 1062//1821
f 1066//1822 1064//1817 1062//1821
f 1066//1822 1062//1821 1063//1823
f 1067//1824 1066//1822 1063//1823
f 1067//1824 1063//1823 1068//1825
f 1069//1826 1067//1824 1068//1825
f 1069//1826 1068//1825 1070//1827
f 1071//1828 1069//1826 1070//1827
f 1071//1828 1070//1827 1072//1829
f 1073//1830 1071//1828 1072//1829
f 1073//1830 1072//1829 1074//1831
f 788//1347 1073//1830 1074//1831
f 788//1347 1074//1831 1075//1348
f 1065//1818 1076//1832 1077//1833
f 1065//1818 1077//1833 1079//1834
f 1065//1818 1079//1834 1061//1819
f 1078//1316 1077//1835 1076//1331
f 1078//1316 1076//1331 781//1317
f 1077//1833 1078//1836 775//1311
f 1077//1833 775//1311 1080//1314
f 1077//1833 1080//1314 1059//1837
f 1077//1833 1059//1837 1079//1834
f 1083//1362 795//1366 1082//1803
f 1055//1800 766//1287 761//1286
f 1055//1800 761//1286 1085//1285
f 1055//1800 1085//1285 1084//1801
f 1087//1838 1088//1799 1054//1798
f 1087//1838 1054//1798 1084//1801
f 1087//1838 1084//1801 1085//1285
f 1087//1838 1085//1285 1086//1284
f 1087//1838 1086//1284 759//1283
f 1087//1838 759//1283 2518//1282
f 1087//1838 2518//1282 2517//1839
f 1087//1838 2517//1839 1089//1840
f 1087//1838 1090//1841 1093//1795
f 1087//1838 1093//1795 1052//1794
f 1087//1838 1052//1794 1088//1799
f 1090//1841 1087//1838 1089//1840
f 1090//1841 1089//1840 2530//1842
f 1090//1841 2530//1842 1091//1843
f 1090//1841 1091//1843 1095//1724
f 1090//1841 1095//1724 1092//1723
f 1090//1841 1092//1723 1094//1722
f 1090//1841 1094//1722 1050//1793
f 1090//1841 1050//1793 1093//1795
f 1098//1844 1097//1845 1095//1724
f 1098//1844 1095//1724 1091//1843
f 1098//1844 1091//1843 2530//1842
f 1101//1846 1096//1725 1095//1724
f 1101//1846 1095//1724 1097//1845
f 1101//1846 1097//1845 1099//1847
f 1098//1844 2513//1848 1100//1849
f 1098//1844 1100//1849 1099//1847
f 1098//1844 1099//1847 1097//1845
f 1102//1850 1101//1846 1099//1847
f 1102//1850 1099//1847 1100//1849
f 1102//1850 1100//1849 2511//1851
f 1106//1852 1103//1853 1101//1846
f 1106//1852 1101//1846 1102//1850
f 1103//1853 1104//1726 1096//1725
f 1103//1853 1096//1725 1101//1846
f 1103//1853 1105//1854 2529//1727
f 1103//1853 2529//1727 1104//1726
f 1106//1852 1107//1504 1105//1854
f 1106//1852 1105//1854 1103//1853
f 1107//1504 1106//1852 1108//1855
f 1107//1504 1108//1855 1110//1603
f 1107//1504 1110//1603 1112//1505
f 1106//1852 1102//1850 1109//1856
f 1106//1852 1109//1856 1108//1855
f 1110//1603 1108//1855 1109//1856
f 1110//1603 1109//1856 1137//1857
f 1110//1603 1137//1857 2520//1858
f 1110//1603 2520//1858 1114//1859
f 1110//1603 1114//1859 1113//1860
f 1110//1603 1113//1860 1111//1583
f 1115//1861 1118//1862 929//1863
f 1115//1861 929//1863 1111//1583
f 1115//1861 1111//1583 1113//1860
f 2524//1864 1119//1865 1117//1866
f 2524//1864 1117//1866 1115//1861
f 2524//1864 1115//1861 1113//1860
f 2524//1864 1113//1860 1114//1859
f 1120//1867 1116//1868 1115//1869
f 1120//1867 1115//1869 1117//1870
f 1118//1639 1115//1869 1116//1868
f 1118//1639 1116//1868 932//1636
f 1121//1871 1120//1867 1117//1870
f 1121//1871 1117//1870 1119//1872
f 1124//1644 1126//1643 934//1640
f 1124//1644 934//1640 1116//1642
f 1124//1644 1116//1642 1120//1873
f 1124//1644 1120//1873 1121//1874
f 1124//1644 1121//1874 1122//1875
f 1123//1876 1122//1877 1121//1871
f 1123//1876 1121//1871 1119//1872
f 1123//1876 1119//1872 2524//1878
f 1123//1876 2524//1878 2523//1879
f 1122//1875 1123//1880 1128//1881
f 1122//1875 1128//1881 1127//1882
f 1122//1875 1127//1882 1125//1883
f 1122//1875 1125//1883 1124//1644
f 1127//1882 1129//1884 1131//1885
f 1127//1882 1131//1885 1133//1886
f 1127//1882 1133//1886 1134//1887
f 1127//1882 1134//1887 2525//1888
f 1127//1882 2525//1888 939//1889
f 1127//1882 939//1889 1125//1883
f 1129//1890 1127//1891 1128//1892
f 1129//1890 1128//1892 2522//1893
f 1129//1890 2522//1893 2521//1894
f 1129//1890 2521//1894 1130//1895
f 1131//1896 1129//1890 1130//1895
f 1131//1896 1130//1895 1132//1897
f 1133//1898 1131//1896 1132//1897
f 1133//1898 1132//1897 1135//1899
f 1135//1899 1136//1900 1134//1901
f 1135//1899 1134//1901 1133//1898
f 2520//1858 1137//1902 1136//1903
f 2520//1858 1136//1903 1135//1904
f 2520//1858 1135//1904 1132//1905
f 2520//1858 1132//1905 1130//1906
f 2520//1858 1130//1906 2521//1907
f 1136//1903 1137//1902 1139//1908
f 1136//1903 1139//1908 1138//1909
f 1134//1901 1136//1900 1138//1910
f 1134//1901 1138//1910 1141//1911
f 1140//1912 1138//1909 1139//1908
f 1140//1912 1139//1908 1150//1913
f 1141//1911 1138//1910 1140//1914
f 1141//1911 1140//1914 1147//1915
f 1141//1911 1147//1915 1145//1916
f 1141//1911 1145//1916 1143//1917
f 1144//1918 1142//1919 1141//1920
f 1144//1918 1141//1920 1143//1921
f 1141//1920 1142//1919 942//1922
f 1141//1920 942//1922 2525//1888
f 1141//1920 2525//1888 1134//1887
f 1143//1921 1145//1923 1144//1918
f 1147//1924 1148//1925 1146//1926
f 1147//1924 1146//1926 1145//1927
f 1150//1913 1148//1928 1147//1929
f 1150//1913 1147//1929 1140//1912
f 1149//1930 1151//1931 1146//1932
f 1149//1930 1146//1932 1148//1933
f 1151//1934 1149//1934 745//1935
f 1151//1934 745//1935 1152//1936
f 1152//1936 745//1935 713//1937
f 1152//1936 713//1937 1154//1938
f 1839//1939 1859//1940 1858//1940
f 1839//1939 1858//1940 1857//1941
f 1839//1939 1857//1941 1856//1942
f 1839//1939 1856//1942 1855//1940
f 1839//1939 1855//1940 1854//1943
f 1839//1939 1854//1943 1853//1944
f 1839//1939 1853//1944 1852//1942
f 1839//1939 1852//1942 1851//1942
f 1839//1939 1851//1942 1850//1942
f 1839//1939 1850//1942 1849//1942
f 1839//1939 1849//1942 1848//1942
f 1839//1939 1848//1942 1847//1944
f 1839//1939 1847//1944 1846//1942
f 1839//1939 1846//1942 1845//1942
f 1839//1939 1845//1942 1844//1944
f 1839//1939 1844//1944 1843//1942
f 1839//1939 1843//1942 1842//1940
f 1839//1939 1842//1940 1841//1942
f 1839//1939 1841//1942 1840//1945
f 1839//1939 1840//1945 1835//1946
f 1839//1939 1835//1946 1153//1658
f 1839//1939 1153//1658 1152//1657
f 1839//1939 1152//1657 1154//1947
f 1839//1939 1154//1947 1156//1948
f 1839//1939 1156//1948 1157//1949
f 2495//1950 1155//1951 1154//1938
f 2495//1950 1154//1938 713//1937
f 2495//1950 713//1937 2496//1952
f 1159//1953 1158//1954 1156//1948
f 1159//1953 1156//1948 1154//1947
f 1159//1953 1154//1947 1155//1955
f 1160//1956 1157//1949 1156//1948
f 1160//1956 1156//1948 1158//1954
f 1158//1954 1159//1953 1164//1957
f 1158//1954 1164//1957 1163//1958
f 1158//1954 1163//1958 1161//1959
f 1158//1954 1161//1959 1160//1956
f 1861//1960 1157//1949 1160//1956
f 1861//1960 1160//1956 1161//1959
f 1861//1960 1161//1959 1162//1961
f 1161//1959 1163//1958 1165//1962
f 1161//1959 1165//1962 1167//1963
f 1161//1959 1167//1963 1162//1961
f 1164//1957 2492//1964 2491//189
f 1164//1957 2491//189 1166//192
f 1164//1957 1166//192 1165//1962
f 1164//1957 1165//1962 1163//1958
f 1165//1962 1166//192 106//191
f 1165//1962 106//191 1168//151
f 1165//1962 1168//151 1167//1963
f 1171//150 1169//1965 1167//1963
f 1171//150 1167//1963 1168//151
f 1169//1965 1170//1966 1162//1961
f 1169//1965 1162//1961 1167//1963
f 1174//1967 1175//1968 1170//1966
f 1174//1967 1170//1966 1169//1965
f 1174//1967 1169//1965 1172//1969
f 1173//1970 1172//1969 1169//1965
f 1173//1970 1169//1965 1171//150
f 1177//1971 1174//1967 1172//1969
f 1177//1971 1172//1969 1173//1970
f 1176//1972 1868//1973 1175//1968
f 1176//1972 1175//1968 1174//1967
f 1178//1974 1176//1972 1174//1967
f 1178//1974 1174//1967 1177//1971
f 1179//1151 1180//1150 2436//1975
f 1179//1151 2436//1975 2462//1976
f 1179//1151 2462//1976 1178//1974
f 1179//1151 1178//1974 1177//1971
f 1182//1977 1181//1152 1179//1151
f 1182//1977 1179//1151 1177//1971
f 1182//1977 1177//1971 1173//1970
f 1181//1152 1182//1977 2470//1978
f 1181//1152 2470//1978 2471//1979
f 1181//1152 2471//1979 2472//1980
f 1181//1152 2472//1980 2473//1981
f 1181//1152 2473//1981 2475//1982
f 1181//1152 2475//1982 2476//1983
f 1181//1152 2476//1983 2477//1981
f 1181//1152 2477//1981 2479//1982
f 1181//1152 2479//1982 2480//1984
f 1181//1152 2480//1984 2481//1981
f 1181//1152 2481//1981 2482//1985
f 1181//1152 2482//1985 2483//1986
f 1181//1152 2483//1986 2484//1987
f 1181//1152 2484//1987 2485//1988
f 1181//1152 2485//1988 2486//1989
f 1181//1152 2486//1989 2487//1990
f 1181//1152 2487//1990 2488//1991
f 1181//1152 2488//1991 2489//144
f 1181//1152 2489//144 80//143
f 1181//1152 80//143 1184//132
f 1181//1152 1184//132 1183//131
f 1185//130 658//1140 1183//131
f 1186//1155 1188//1992 1190//1993
f 1186//1155 1190//1993 1187//1156
f 1188//1992 1189//1994 1191//1995
f 1188//1992 1191//1995 1190//1993
f 1189//1994 1194//1996 1192//1997
f 1189//1994 1192//1997 1191//1995
f 1194//1996 1195//1998 1193//1999
f 1194//1996 1193//1999 1192//1997
f 1195//1998 1196//2000 1197//2001
f 1195//1998 1197//2001 1430//2002
f 1195//1998 1430//2002 1193//1999
f 1196//2000 1198//2003 1199//2004
f 1196//2000 1199//2004 1197//2001
f 1198//2003 1200//2005 1202//2006
f 1198//2003 1202//2006 1204//2007
f 1198//2003 1204//2007 1205//2008
f 1198//2003 1205//2008 1199//2004
f 1440//2009 1203//2010 1202//2011
f 1440//2009 1202//2011 1200//122
f 1440//2009 1200//122 1201//134
f 1440//2009 1201//134 1436//2012
f 1440//2009 1436//2012 1437//2013
f 1440//2009 1437//2013 1438//2014
f 1440//2009 1438//2014 1439//2015
f 1202//2006 1203//2016 1206//2017
f 1202//2006 1206//2017 1204//2007
f 1209//2018 1210//2019 1435//2020
f 1209//2018 1435//2020 1434//2021
f 1209//2018 1434//2021 1432//2022
f 1209//2018 1432//2022 1418//2023
f 1209//2018 1418//2023 1205//2024
f 1209//2018 1205//2024 1204//2025
f 1209//2018 1204//2025 1206//2026
f 1209//2018 1206//2026 1207//2027
f 1203//2016 1440//2028 1441//2029
f 1203//2016 1441//2029 1208//2030
f 1203//2016 1208//2030 1207//2031
f 1203//2016 1207//2031 1206//2017
f 1215//2032 1213//2033 1211//2034
f 1215//2032 1211//2034 1209//2018
f 1215//2032 1209//2018 1207//2027
f 1215//2032 1207//2027 1208//2035
f 1215//2032 1208//2035 1217//2036
f 1212//2037 1439//2038 1438//2039
f 1212//2037 1438//2039 1210//2040
f 1212//2037 1210//2040 1209//2041
f 1212//2037 1209//2041 1211//2042
f 1222//2043 2469//2044 1212//2037
f 1222//2043 1212//2037 1211//2042
f 1222//2043 1211//2042 1213//2045
f 1222//2043 1213//2045 1214//2046
f 1215//2032 1218//2047 1214//2048
f 1215//2032 1214//2048 1213//2033
f 1215//2032 1217//2036 1216//2049
f 1471//2050 1243//2051 1242//2052
f 1471//2050 1242//2052 1241//2053
f 1471//2050 1241//2053 1240//2054
f 1471//2050 1240//2054 1237//2055
f 1471//2050 1237//2055 1235//2056
f 1471//2050 1235//2056 1231//2057
f 1471//2050 1231//2057 1230//2058
f 1471//2050 1230//2058 1229//2059
f 1471//2050 1229//2059 1228//2060
f 1471//2050 1228//2060 1220//2061
f 1471//2050 1220//2061 1219//2062
f 1471//2050 1219//2062 1218//2047
f 1471//2050 1218//2047 1215//2032
f 1471//2050 1215//2032 1216//2049
f 1471//2050 1216//2049 1445//2063
f 1471//2050 1445//2063 1447//2064
f 1471//2050 1447//2064 1449//2065
f 1471//2050 1449//2065 1451//2066
f 1471//2050 1451//2066 1454//2067
f 1471//2050 1454//2067 1455//2068
f 1471//2050 1455//2068 1456//2069
f 1471//2050 1456//2069 1458//2070
f 1471//2050 1458//2070 1460//2071
f 1471//2050 1460//2071 1461//2072
f 1471//2050 1461//2072 1465//2073
f 1471//2050 1465//2073 1467//2074
f 1471//2050 1467//2074 1469//2075
f 1471//2050 1469//2075 1470//2076
f 1221//2077 1222//2043 1214//2046
f 1221//2077 1214//2046 1218//2078
f 1221//2077 1218//2078 1219//2079
f 1225//2080 1223//2081 1221//2077
f 1225//2080 1221//2077 1219//2079
f 1225//2080 1219//2079 1220//2082
f 2469//2083 1222//2084 1221//2085
f 2469//2083 1221//2085 1223//2086
f 2469//2083 1223//2086 1224//2087
f 1247//2088 1468//2089 1466//2090
f 1247//2088 1466//2090 1464//2091
f 1247//2088 1464//2091 1463//2092
f 1247//2088 1463//2092 1462//2093
f 1247//2088 1462//2093 1459//2094
f 1247//2088 1459//2094 1457//2095
f 1247//2088 1457//2095 1453//2096
f 1247//2088 1453//2096 1452//2097
f 1247//2088 1452//2097 1450//2098
f 1247//2088 1450//2098 1448//2099
f 1247//2088 1448//2099 1446//2100
f 1247//2088 1446//2100 1444//2101
f 1247//2088 1444//2101 1443//2102
f 1247//2088 1443//2102 1224//2087
f 1247//2088 1224//2087 1223//2086
f 1247//2088 1223//2086 1225//2103
f 1247//2088 1225//2103 1226//2104
f 1247//2088 1226//2104 1227//2105
f 1247//2088 1227//2105 1232//2106
f 1247//2088 1232//2106 1233//2107
f 1247//2088 1233//2107 1234//2108
f 1247//2088 1234//2108 1236//2109
f 1247//2088 1236//2109 1238//2110
f 1247//2088 1238//2110 1239//2111
f 1247//2088 1239//2111 1244//2112
f 1247//2088 1244//2112 1245//2113
f 1247//2088 1245//2113 1246//2114
f 1226//2115 1225//2080 1220//2082
f 1226//2115 1220//2082 1228//2116
f 1227//2117 1226//2115 1228//2116
f 1227//2117 1228//2116 1229//2118
f 1232//2119 1227//2117 1229//2118
f 1232//2119 1229//2118 1230//2120
f 1233//2121 1232//2119 1230//2120
f 1233//2121 1230//2120 1231//2122
f 1234//2123 1233//2121 1231//2122
f 1234//2123 1231//2122 1235//2124
f 1236//2125 1234//2123 1235//2124
f 1236//2125 1235//2124 1237//2126
f 1238//2127 1236//2125 1237//2126
f 1238//2127 1237//2126 1240//2128
f 1239//2129 1238//2127 1240//2128
f 1239//2129 1240//2128 1241//2130
f 1244//2131 1239//2129 1241//2130
f 1244//2131 1241//2130 1242//2132
f 1245//2133 1244//2131 1242//2132
f 1245//2133 1242//2132 1243//2134
f 1248//2135 1246//2136 1245//2133
f 1248//2135 1245//2133 1243//2134
f 1248//2135 1243//2134 1471//2137
f 1248//2135 1471//2137 1249//2138
f 1253//2139 1474//2140 1473//2141
f 1253//2139 1473//2141 1247//2088
f 1253//2139 1247//2088 1246//2114
f 1253//2139 1246//2114 1248//2142
f 1253//2139 1248//2142 1250//2143
f 1253//2139 1250//2143 1252//2144
f 1250//2145 1248//2135 1249//2138
f 1250//2145 1249//2138 1251//2146
f 1254//2147 1252//2148 1250//2145
f 1254//2147 1250//2145 1251//2146
f 1254//2147 1251//2146 1258//2149
f 1254//2147 1258//2149 1256//2150
f 1352//2151 1696//1096 1266//1095
f 1352//2151 1266//1095 1264//2152
f 1352//2151 1264//2152 1262//2153
f 1352//2151 1262//2153 1253//2139
f 1352//2151 1253//2139 1252//2144
f 1352//2151 1252//2144 1254//2154
f 1352//2151 1254//2154 1255//2155
f 1352//2151 1255//2155 1693//2156
f 1352//2151 1693//2156 1692//2157
f 1352//2151 1692//2157 1691//2158
f 1352//2151 1691//2158 1690//2159
f 1352//2151 1690//2159 1685//2160
f 1352//2151 1685//2160 1354//2161
f 1352//2151 1354//2161 1353//2162
f 1352//2151 1353//2162 1350//2163
f 1255//2164 1254//2147 1256//2150
f 1255//2164 1256//2150 1257//2165
f 1339//2166 1341//2167 1686//2168
f 1339//2166 1686//2168 1687//2169
f 1339//2166 1687//2169 1688//2170
f 1339//2166 1688//2170 1689//2171
f 1339//2166 1689//2171 1694//2172
f 1339//2166 1694//2172 1695//2173
f 1339//2166 1695//2173 1257//2174
f 1339//2166 1257//2174 1256//2175
f 1339//2166 1256//2175 1258//2176
f 1339//2166 1258//2176 1259//2177
f 1339//2166 1259//2177 1261//2178
f 1339//2166 1261//2178 1263//2179
f 1339//2166 1263//2179 1265//2180
f 1339//2166 1265//2180 1267//2181
f 1339//2166 1267//2181 1338//2182
f 1258//2176 1251//2183 1249//2184
f 1258//2176 1249//2184 1471//2050
f 1258//2176 1471//2050 1470//2076
f 1258//2176 1470//2076 1472//2185
f 1258//2176 1472//2185 1260//2186
f 1258//2176 1260//2186 1259//2177
f 1474//2187 1253//2188 1262//2189
f 1474//2187 1262//2189 1261//2190
f 1474//2187 1261//2190 1259//2191
f 1474//2187 1259//2191 1260//2192
f 1262//2189 1264//2193 1263//2194
f 1262//2189 1263//2194 1261//2190
f 1264//2193 1266//2195 1265//2196
f 1264//2193 1265//2196 1263//2194
f 1268//2197 1265//2196 1266//2195
f 1268//2197 1266//2195 1270//2198
f 1273//2199 2428//2200 1335//2201
f 1273//2199 1335//2201 1267//2181
f 1273//2199 1267//2181 1265//2180
f 1273//2199 1265//2180 1268//2202
f 1273//2199 1268//2202 1269//2203
f 1273//2199 1269//2203 1272//2204
f 1270//2198 1271//2205 1269//2206
f 1270//2198 1269//2206 1268//2197
f 1271//2205 640//2207 1275//2208
f 1271//2205 1275//2208 1274//2209
f 1271//2205 1274//2209 1272//2210
f 1271//2205 1272//2210 1269//2206
f 1303//2211 1273//2199 1272//2204
f 1303//2211 1272//2204 1274//2212
f 1303//2211 1274//2212 1276//2213
f 1303//2211 1276//2213 1278//2214
f 1303//2211 1278//2214 1279//2215
f 1303//2211 1279//2215 1281//2216
f 1275//2208 1277//2217 1276//2218
f 1275//2208 1276//2218 1274//2209
f 1277//2217 1280//2219 1278//2220
f 1277//2217 1278//2220 1276//2218
f 1280//2219 647//1123 1279//1122
f 1280//2219 1279//1122 1278//2220
f 1283//2221 1281//2216 1279//2215
f 1283//2221 1279//2215 1282//2222
f 1282//2222 650//2223 2468//2224
f 1282//2222 2468//2224 1285//2225
f 1282//2222 1285//2225 1284//2226
f 1282//2222 1284//2226 1283//2221
f 1302//2227 1303//2211 1281//2216
f 1302//2227 1281//2216 1283//2221
f 1302//2227 1283//2221 1284//2226
f 1302//2227 1284//2226 1286//2228
f 1302//2227 1286//2228 1287//2229
f 1302//2227 1287//2229 1291//2230
f 1302//2227 1291//2230 1293//2231
f 1302//2227 1293//2231 1295//2232
f 1302//2227 1295//2232 1298//2233
f 1302//2227 1298//2233 1299//2234
f 1302//2227 1299//2234 1300//2235
f 2461//2236 652//2237 645//2238
f 2461//2236 645//2238 1284//2239
f 2461//2236 1284//2239 1285//2240
f 2461//2236 1285//2240 2460//2241
f 1286//2242 1284//2239 645//2238
f 1286//2242 645//2238 1288//2243
f 1288//2243 1289//2244 1287//2245
f 1288//2243 1287//2245 1286//2242
f 1289//2244 1290//2246 1291//2247
f 1289//2244 1291//2247 1287//2245
f 1290//2246 1292//2248 1293//2249
f 1290//2246 1293//2249 1291//2247
f 1292//2248 1294//2250 1295//2251
f 1292//2248 1295//2251 1293//2249
f 1294//2250 1296//2252 1298//2253
f 1294//2250 1298//2253 1295//2251
f 1296//2252 1297//2254 1299//2255
f 1296//2252 1299//2255 1298//2253
f 1297//2254 2467//2256 2466//2257
f 1297//2254 2466//2257 1301//2258
f 1297//2254 1301//2258 1300//2259
f 1297//2254 1300//2259 1299//2255
f 1304//2260 1302//2227 1300//2235
f 1304//2260 1300//2235 1301//2261
f 1304//2260 1301//2261 2465//2262
f 1304//2260 2465//2262 2434//2263
f 1304//2260 2434//2263 2433//2264
f 1302//2227 1305//2265 1306//2266
f 1302//2227 1306//2266 1303//2211
f 1304//2260 1308//2267 1305//2265
f 1304//2260 1305//2265 1302//2227
f 1305//2265 1307//2268 1322//2269
f 1305//2265 1322//2269 1306//2266
f 1308//2267 1309//2270 1307//2268
f 1308//2267 1307//2268 1305//2265
f 693//1209 696//1213 1308//2267
f 693//1209 1308//2267 1304//2260
f 696//1213 700//1216 1309//2270
f 696//1213 1309//2270 1308//2267
f 1309//2270 700//1216 1314//1221
f 1309//2270 1314//1221 1312//2271
f 1309//2270 1312//2271 1310//2272
f 1307//2268 1309//2270 1310//2272
f 1307//2268 1310//2272 1311//2273
f 1317//2274 1319//2275 1311//2273
f 1317//2274 1311//2273 1310//2272
f 1317//2274 1310//2272 1312//2271
f 1317//2274 1312//2271 1313//2276
f 718//1254 1316//2277 1313//2276
f 718//1254 1313//2276 1312//2271
f 718//1254 1312//2271 1314//1221
f 718//1254 1314//1221 1315//1220
f 1318//2278 1317//2274 1313//2276
f 1318//2278 1313//2276 1316//2277
f 1318//2278 1316//2277 2431//2279
f 1317//2274 1318//2278 1904//2280
f 1317//2274 1904//2280 1907//2281
f 1317//2274 1907//2281 1321//2282
f 1317//2274 1321//2282 1320//2283
f 1317//2274 1320//2283 1319//2275
f 1322//2269 1307//2268 1311//2273
f 1322//2269 1311//2273 1319//2275
f 1322//2269 1319//2275 1320//2283
f 1323//2284 1322//2269 1320//2283
f 1323//2284 1320//2283 1321//2282
f 1306//2266 1322//2269 1323//2284
f 1306//2266 1323//2284 1324//2285
f 1325//2286 1323//2284 1321//2282
f 1325//2286 1321//2282 1907//2281
f 1325//2286 1907//2281 1327//2287
f 2429//2288 1324//2285 1323//2284
f 2429//2288 1323//2284 1325//2286
f 2429//2288 1325//2286 1326//2289
f 1326//2289 1325//2286 1328//2290
f 1326//2289 1328//2290 1331//2291
f 1328//2290 1325//2286 1327//2287
f 1328//2290 1327//2287 1906//2292
f 1328//2290 1906//2292 1330//2293
f 1331//2291 1328//2290 1329//2294
f 1331//2291 1329//2294 1332//2295
f 1329//2294 1328//2290 1330//2293
f 1329//2294 1330//2293 2414//2296
f 1329//2294 2414//2296 1753//2297
f 1335//2201 1326//2289 1331//2291
f 1335//2201 1331//2291 1333//2298
f 1333//2298 1331//2291 1332//2295
f 1333//2298 1332//2295 1716//2299
f 1333//2298 1716//2299 1334//2300
f 1333//2298 1334//2300 1707//2301
f 1333//2298 1707//2301 1706//2302
f 1333//2298 1706//2302 1704//2303
f 1333//2298 1704//2303 1337//2304
f 1333//2298 1337//2304 1336//2305
f 1335//2201 1333//2298 1336//2305
f 1335//2201 1336//2305 1338//2182
f 1335//2201 1338//2182 1267//2181
f 1340//2306 1339//2166 1338//2182
f 1340//2306 1338//2182 1336//2305
f 1340//2306 1336//2305 1337//2304
f 1340//2306 1337//2304 1698//2307
f 1549//2308 1561//2309 1563//2310
f 1549//2308 1563//2310 1565//2311
f 1549//2308 1565//2311 1345//2312
f 1549//2308 1345//2312 1344//2313
f 1549//2308 1344//2313 1342//2314
f 1549//2308 1342//2314 1339//2166
f 1549//2308 1339//2166 1340//2306
f 1549//2308 1340//2306 1699//816
f 1549//2308 1699//816 425//810
f 1549//2308 425//810 1623//809
f 1360//2315 1341//2167 1339//2166
f 1360//2315 1339//2166 1342//2314
f 1360//2315 1342//2314 1343//2316
f 1360//2315 1343//2316 1387//2317
f 1360//2315 1387//2317 1386//2318
f 1360//2315 1386//2318 1385//2319
f 1346//2320 1348//2321 1349//2322
f 1346//2320 1349//2322 1343//2323
f 1346//2320 1343//2323 1342//2324
f 1346//2320 1342//2324 1344//2325
f 1347//2326 1346//2320 1344//2325
f 1347//2326 1344//2325 1345//2327
f 1559//2328 1566//2329 1611//2330
f 1559//2328 1611//2330 1351//2331
f 1559//2328 1351//2331 1350//2163
f 1559//2328 1350//2163 1348//2332
f 1559//2328 1348//2332 1346//2333
f 1559//2328 1346//2333 1347//2334
f 1559//2328 1347//2334 1564//2335
f 1559//2328 1564//2335 1562//2336
f 1559//2328 1562//2336 1560//2337
f 1559//2328 1560//2337 1558//2338
f 1356//2339 1388//2340 1389//2341
f 1356//2339 1389//2341 1349//2342
f 1356//2339 1349//2342 1348//2332
f 1356//2339 1348//2332 1350//2163
f 1356//2339 1350//2163 1353//2162
f 1356//2339 1353//2162 1355//2343
f 1615//1055 623//1054 1697//1057
f 1615//1055 1697//1057 1352//2151
f 1615//1055 1352//2151 1350//2163
f 1615//1055 1350//2163 1351//2331
f 1357//2344 1355//2345 1353//2346
f 1357//2344 1353//2346 1354//2347
f 1357//2344 1354//2347 1686//2348
f 1357//2344 1686//2348 1341//2349
f 1357//2344 1341//2349 1360//2350
f 1357//2344 1360//2350 1359//2351
f 1382//2352 1383//2353 1356//2339
f 1382//2352 1356//2339 1355//2343
f 1382//2352 1355//2343 1357//2354
f 1382//2352 1357//2354 1358//2355
f 1365//2356 1358//2357 1357//2344
f 1365//2356 1357//2344 1359//2351
f 1365//2356 1359//2351 1361//2358
f 1365//2356 1361//2358 1363//2359
f 1361//2360 1359//2361 1360//2315
f 1361//2360 1360//2315 1385//2319
f 1361//2360 1385//2319 1384//2362
f 1361//2360 1384//2362 1362//2363
f 1364//2364 1363//2365 1361//2360
f 1364//2364 1361//2360 1362//2363
f 1364//2364 1362//2363 1380//2366
f 1364//2364 1380//2366 1379//2367
f 1364//2364 1379//2367 1378//2368
f 1364//2364 1378//2368 1390//2369
f 1363//2359 1364//2370 1393//2371
f 1363//2359 1393//2371 1367//2372
f 1363//2359 1367//2372 1366//2373
f 1363//2359 1366//2373 1365//2356
f 1368//2374 1370//2375 1371//2376
f 1368//2374 1371//2376 1381//2377
f 1368//2374 1381//2377 1382//2352
f 1368//2374 1382//2352 1358//2355
f 1368//2374 1358//2355 1365//2378
f 1368//2374 1365//2378 1366//2379
f 1366//2379 1367//2380 1369//2381
f 1366//2379 1369//2381 1368//2374
f 1370//2375 1368//2374 1369//2381
f 1370//2375 1369//2381 1494//2382
f 1370//2375 1494//2382 1374//2383
f 1370//2375 1374//2383 1373//2384
f 1370//2375 1373//2384 1372//2385
f 1372//2385 1371//2376 1370//2375
f 1375//2386 1377//2387 1379//2388
f 1375//2386 1379//2388 1371//2389
f 1375//2386 1371//2389 1372//2390
f 1375//2386 1372//2390 1373//2391
f 1373//2391 1374//2392 1376//2393
f 1373//2391 1376//2393 1375//2386
f 1377//2394 1375//2395 1376//2396
f 1377//2394 1376//2396 1392//2397
f 1377//2394 1392//2397 1391//2398
f 1377//2394 1391//2398 1390//2369
f 1377//2394 1390//2369 1378//2368
f 1378//2368 1379//2367 1377//2394
f 1381//2399 1371//2389 1379//2388
f 1381//2399 1379//2388 1380//2400
f 1383//2401 1382//2402 1381//2399
f 1383//2401 1381//2399 1380//2400
f 1383//2401 1380//2400 1362//2403
f 1383//2401 1362//2403 1384//2404
f 1388//2405 1356//2406 1383//2401
f 1388//2405 1383//2401 1384//2404
f 1388//2405 1384//2404 1385//2407
f 1388//2405 1385//2407 1386//2408
f 1389//2409 1388//2405 1386//2408
f 1389//2409 1386//2408 1387//2410
f 1349//2322 1389//2409 1387//2410
f 1349//2322 1387//2410 1343//2323
f 1390//2369 1391//2398 1393//2411
f 1390//2369 1393//2411 1364//2364
f 1392//2397 1493//2412 1402//2413
f 1392//2397 1402//2413 1401//2414
f 1392//2397 1401//2414 1400//2415
f 1392//2397 1400//2415 1395//2416
f 1392//2397 1395//2416 1394//2417
f 1392//2397 1394//2417 1393//2411
f 1392//2397 1393//2411 1391//2398
f 1396//2418 1367//2372 1393//2371
f 1396//2418 1393//2371 1394//2419
f 1397//2420 1396//2418 1394//2419
f 1397//2420 1394//2419 1395//2421
f 1369//2381 1367//2380 1396//2422
f 1369//2381 1396//2422 1397//2423
f 1369//2381 1397//2423 1398//2424
f 1369//2381 1398//2424 1399//2425
f 1369//2381 1399//2425 1491//2426
f 1369//2381 1491//2426 1492//2427
f 1369//2381 1492//2427 1494//2382
f 1398//2428 1397//2420 1395//2421
f 1398//2428 1395//2421 1400//2429
f 1405//2430 1399//2431 1398//2428
f 1405//2430 1398//2428 1400//2429
f 1405//2430 1400//2429 1401//2432
f 1405//2430 1401//2432 1403//2433
f 1413//2434 1404//2435 1403//2436
f 1413//2434 1403//2436 1401//2414
f 1413//2434 1401//2414 1402//2413
f 1413//2434 1402//2413 1490//2437
f 1413//2434 1490//2437 1488//2438
f 1413//2434 1488//2438 1495//2439
f 1413//2434 1495//2439 1496//544
f 1413//2434 1496//544 284//542
f 1413//2434 284//542 1414//541
f 1406//2440 1405//2430 1403//2433
f 1406//2440 1403//2433 1404//2441
f 1408//121 1478//2442 1483//2443
f 1408//121 1483//2443 1485//2444
f 1408//121 1485//2444 1487//2445
f 1408//121 1487//2445 1489//2446
f 1408//121 1489//2446 1491//2426
f 1408//121 1491//2426 1399//2425
f 1408//121 1399//2425 1405//2447
f 1408//121 1405//2447 1406//2448
f 1408//121 1406//2448 1407//115
f 1409//2449 1407//2450 1406//2440
f 1409//2449 1406//2440 1404//2441
f 1409//2449 1404//2441 1413//2451
f 1409//2449 1413//2451 1411//2452
f 1410//2453 1409//2449 1411//2452
f 1410//2453 1411//2452 1412//2454
f 1414//541 1415//540 1416//2455
f 1414//541 1416//2455 1417//2456
f 1414//541 1417//2456 1418//2023
f 1414//541 1418//2023 1432//2022
f 1414//541 1432//2022 1433//2457
f 1414//541 1433//2457 1476//2458
f 1414//541 1476//2458 1412//2459
f 1414//541 1412//2459 1411//2460
f 1414//541 1411//2460 1413//2434
f 282//536 1421//535 1420//2461
f 282//536 1420//2461 1417//2456
f 282//536 1417//2456 1416//2455
f 282//536 1416//2455 1415//540
f 1418//2023 1417//2456 1419//2462
f 1418//2023 1419//2462 1429//1195
f 1418//2023 1429//1195 1430//1203
f 1418//2023 1430//1203 1197//2463
f 1418//2023 1197//2463 1199//2464
f 1418//2023 1199//2464 1205//2024
f 1419//2462 1417//2456 1420//2461
f 1419//2462 1420//2461 1423//2465
f 1419//2462 1423//2465 1425//2466
f 274//525 1431//526 1422//2467
f 274//525 1422//2467 1420//2461
f 274//525 1420//2461 1421//535
f 1424//2468 1423//2465 1420//2461
f 1424//2468 1420//2461 1422//2467
f 1424//2468 146//307 1426//309
f 1424//2468 1426//309 1425//2466
f 1424//2468 1425//2466 1423//2465
f 1428//1196 1429//1195 1419//2462
f 1428//1196 1419//2462 1425//2466
f 1428//1196 1425//2466 1426//309
f 1428//1196 1426//309 1427//308
f 2592//1204 666//1197 1428//1196
f 2592//1204 1428//1196 1427//308
f 2592//1204 1427//308 145//306
f 2592//1204 145//306 2593//305
f 146//307 1424//2468 1422//2467
f 146//307 1422//2467 1431//526
f 146//307 1431//526 272//524
f 146//307 272//524 2663//310
f 1433//2469 1432//2470 69//2471
f 1433//2469 69//2471 1475//2472
f 1436//2473 1201//2474 69//2471
f 1436//2473 69//2471 1432//2470
f 1436//2473 1432//2470 1434//2475
f 1437//2476 1436//2473 1434//2475
f 1437//2476 1434//2475 1435//2477
f 1438//2039 1437//2476 1435//2477
f 1438//2039 1435//2477 1210//2040
f 1442//2478 1441//2479 1440//2009
f 1442//2478 1440//2009 1439//2015
f 1442//2478 1439//2015 1212//2480
f 1442//2478 1212//2480 2469//2083
f 1442//2478 2469//2083 1224//2087
f 1441//2029 1442//2481 1443//2482
f 1441//2029 1443//2482 1444//2483
f 1441//2029 1444//2483 1445//2484
f 1441//2029 1445//2484 1216//2485
f 1441//2029 1216//2485 1217//2486
f 1441//2029 1217//2486 1208//2030
f 1443//2102 1442//2478 1224//2087
f 1444//2483 1446//2487 1447//2488
f 1444//2483 1447//2488 1445//2484
f 1446//2487 1448//2489 1449//2490
f 1446//2487 1449//2490 1447//2488
f 1448//2489 1450//2491 1451//2492
f 1448//2489 1451//2492 1449//2490
f 1450//2491 1452//2493 1454//2494
f 1450//2491 1454//2494 1451//2492
f 1452//2493 1453//2495 1455//2496
f 1452//2493 1455//2496 1454//2494
f 1453//2495 1457//2497 1456//2498
f 1453//2495 1456//2498 1455//2496
f 1457//2497 1459//2499 1458//2500
f 1457//2497 1458//2500 1456//2498
f 1459//2499 1462//2501 1460//2502
f 1459//2499 1460//2502 1458//2500
f 1462//2501 1463//2503 1461//2504
f 1462//2501 1461//2504 1460//2502
f 1463//2503 1464//2505 1465//2506
f 1463//2503 1465//2506 1461//2504
f 1464//2505 1466//2507 1467//2508
f 1464//2505 1467//2508 1465//2506
f 1466//2507 1468//2509 1469//2510
f 1466//2507 1469//2510 1467//2508
f 1468//2509 1247//2511 1473//2512
f 1468//2509 1473//2512 1472//2513
f 1468//2509 1472//2513 1470//2514
f 1468//2509 1470//2514 1469//2510
f 1473//2512 1474//2187 1260//2192
f 1473//2512 1260//2192 1472//2513
f 1475//2472 1477//2515 1476//2516
f 1475//2472 1476//2516 1433//2469
f 1477//2515 1410//2453 1412//2454
f 1477//2515 1412//2454 1476//2516
f 1478//2442 1408//121 1479//87
f 1478//2442 1479//87 1480//100
f 1478//2442 1480//100 1481//51
f 1478//2442 1481//51 1482//50
f 1481//51 1480//100 42//80
f 1481//51 42//80 30//64
f 1481//51 30//64 21//52
f 1484//2517 1483//2443 1478//2442
f 1484//2517 1478//2442 1482//50
f 1484//2517 1482//50 22//49
f 1484//2517 22//49 1684//48
f 1483//2443 1484//2517 1632//2518
f 1483//2443 1632//2518 1631//2519
f 1483//2443 1631//2519 1503//2520
f 1483//2443 1503//2520 1502//2521
f 1483//2443 1502//2521 1501//2522
f 1483//2443 1501//2522 1500//2523
f 1483//2443 1500//2523 1486//2524
f 1483//2443 1486//2524 1485//2444
f 1487//2525 1485//2526 1486//2527
f 1487//2525 1486//2527 1497//2528
f 1487//2525 1497//2528 1495//2529
f 1487//2525 1495//2529 1488//2530
f 1489//2531 1487//2525 1488//2530
f 1489//2531 1488//2530 1490//2532
f 1492//2533 1491//2534 1489//2531
f 1492//2533 1489//2531 1490//2532
f 1492//2533 1490//2532 1402//2535
f 1492//2533 1402//2535 1493//2536
f 1374//2392 1494//2537 1492//2533
f 1374//2392 1492//2533 1493//2536
f 1374//2392 1493//2536 1392//2538
f 1374//2392 1392//2538 1376//2393
f 1495//2439 1497//2539 1498//2540
f 1495//2439 1498//2540 1499//2541
f 1495//2439 1499//2541 1504//2542
f 1495//2439 1504//2542 1505//2543
f 1495//2439 1505//2543 1506//2544
f 1495//2439 1506//2544 1507//549
f 1495//2439 1507//549 287//545
f 1495//2439 287//545 1496//544
f 1486//2527 1500//2545 1498//2546
f 1486//2527 1498//2546 1497//2528
f 1500//2545 1501//2547 1499//2548
f 1500//2545 1499//2548 1498//2546
f 1501//2547 1502//2549 1504//2550
f 1501//2547 1504//2550 1499//2548
f 1502//2549 1503//2551 1505//2552
f 1502//2549 1505//2552 1504//2550
f 1503//2551 1631//2553 1629//2554
f 1503//2551 1629//2554 1630//2555
f 1503//2551 1630//2555 1509//2556
f 1503//2551 1509//2556 1508//2557
f 1503//2551 1508//2557 1506//2558
f 1503//2551 1506//2558 1505//2552
f 1506//2544 1508//2559 1510//2560
f 1506//2544 1510//2560 1511//559
f 1506//2544 1511//559 1683//550
f 1506//2544 1683//550 1507//549
f 1510//2560 1508//2559 1509//2561
f 1510//2560 1509//2561 1514//2562
f 1510//2560 1514//2562 1513//2563
f 1656//561 297//560 1511//559
f 1656//561 1511//559 1510//2560
f 1656//561 1510//2560 1512//2564
f 1656//561 1512//2564 1653//2565
f 1656//561 1653//2565 1650//2566
f 1656//561 1650//2566 1649//2567
f 1656//561 1649//2567 1648//2568
f 1656//561 1648//2568 1647//2569
f 1656//561 1647//2569 1644//2570
f 1656//561 1644//2570 1654//578
f 1510//2560 1513//2563 1515//2571
f 1510//2560 1515//2571 1517//2572
f 1510//2560 1517//2572 1519//2573
f 1510//2560 1519//2573 1521//2574
f 1510//2560 1521//2574 1512//2564
f 1682//2575 1628//2576 1516//2577
f 1682//2575 1516//2577 1515//2578
f 1682//2575 1515//2578 1513//2579
f 1682//2575 1513//2579 1514//2580
f 1516//2577 1525//2581 1530//2582
f 1516//2577 1530//2582 1518//2583
f 1516//2577 1518//2583 1517//2584
f 1516//2577 1517//2584 1515//2578
f 1517//2572 1518//2585 1528//2586
f 1517//2572 1528//2586 1520//2587
f 1517//2572 1520//2587 1519//2573
f 1526//2588 1524//2589 1522//2590
f 1526//2588 1522//2590 1521//2591
f 1526//2588 1521//2591 1519//2592
f 1526//2588 1519//2592 1520//2593
f 1522//2590 1523//2594 1625//2595
f 1522//2590 1625//2595 1653//2596
f 1522//2590 1653//2596 1512//2597
f 1522//2590 1512//2597 1521//2591
f 1523//2598 1522//2599 1524//2600
f 1523//2598 1524//2600 1525//2601
f 1523//2598 1525//2601 1516//2602
f 1523//2598 1516//2602 1628//2603
f 1523//2598 1628//2603 1626//2604
f 1524//2600 1526//2605 1527//2606
f 1524//2600 1527//2606 1530//2607
f 1524//2600 1530//2607 1525//2601
f 1520//2593 1528//2608 1527//2609
f 1520//2593 1527//2609 1526//2588
f 1529//2610 1527//2609 1528//2608
f 1529//2610 1528//2608 1622//2611
f 1531//2612 1530//2607 1527//2606
f 1531//2612 1527//2606 1529//2613
f 1531//2612 1529//2613 1533//2614
f 1532//2615 1618//2616 1620//2617
f 1532//2615 1620//2617 1518//2583
f 1532//2615 1518//2583 1530//2582
f 1532//2615 1530//2582 1531//2618
f 1537//2619 1556//2620 1532//2621
f 1537//2619 1532//2621 1531//2612
f 1537//2619 1531//2612 1533//2614
f 1537//2619 1533//2614 1534//2622
f 1537//2619 1534//2622 1536//2623
f 1534//2624 1533//2625 1529//2610
f 1534//2624 1529//2610 1622//2611
f 1534//2624 1622//2611 1621//2626
f 1534//2624 1621//2626 1535//2627
f 1538//2628 1536//2629 1534//2624
f 1538//2628 1534//2624 1535//2627
f 1538//2628 1535//2627 1541//2630
f 1538//2628 1541//2630 1540//2631
f 1616//615 1537//2619 1536//2623
f 1616//615 1536//2623 1538//2632
f 1616//615 1538//2632 1539//616
f 1624//2633 1539//2634 1538//2628
f 1624//2633 1538//2628 1540//2631
f 1624//2633 1540//2631 1542//2635
f 1624//2633 1542//2635 1543//2636
f 1542//592 1540//2637 1541//2638
f 1542//592 1541//2638 1545//2639
f 1542//592 1545//2639 1544//593
f 1617//2640 1551//2641 1550//2642
f 1617//2640 1550//2642 1547//2643
f 1617//2640 1547//2643 1546//594
f 1617//2640 1546//594 1544//593
f 1617//2640 1544//593 1545//2639
f 1617//2640 1545//2639 1619//2644
f 1547//2643 1549//2308 1623//809
f 1547//2643 1623//809 421//807
f 1547//2643 421//807 1548//595
f 1547//2643 1548//595 1546//594
f 307//588 1548//595 414//792
f 307//588 414//792 409//791
f 307//588 409//791 2650//589
f 1552//2645 1553//2646 1558//2647
f 1552//2645 1558//2647 1560//2648
f 1552//2645 1560//2648 1561//2649
f 1552//2645 1561//2649 1549//2650
f 1552//2645 1549//2650 1547//2651
f 1552//2645 1547//2651 1550//2652
f 1554//2653 1552//2645 1550//2652
f 1554//2653 1550//2652 1551//2654
f 1556//2620 1537//2619 1616//615
f 1556//2620 1616//615 1557//614
f 1556//2620 1557//614 1553//2655
f 1556//2620 1553//2655 1552//2656
f 1556//2620 1552//2656 1554//2657
f 1556//2620 1554//2657 1555//2658
f 1551//2654 1617//2659 1618//2616
f 1551//2654 1618//2616 1532//2615
f 1551//2654 1532//2615 1555//2660
f 1551//2654 1555//2660 1554//2653
f 1555//2658 1532//2621 1556//2620
f 1557//614 1568//613 1567//2661
f 1557//614 1567//2661 1559//2328
f 1557//614 1559//2328 1558//2338
f 1557//614 1558//2338 1553//2655
f 1560//2648 1562//2662 1563//2663
f 1560//2648 1563//2663 1561//2649
f 1562//2662 1564//2664 1565//2665
f 1562//2662 1565//2665 1563//2663
f 1564//2664 1347//2326 1345//2327
f 1564//2664 1345//2327 1565//2665
f 1566//2329 1559//2328 1567//2661
f 1566//2329 1567//2661 1569//2666
f 1566//2329 1569//2666 1571//2667
f 1566//2329 1571//2667 1573//2668
f 1566//2329 1573//2668 1575//2669
f 1566//2329 1575//2669 1577//2670
f 1566//2329 1577//2670 1578//2671
f 1566//2329 1578//2671 1582//2672
f 1566//2329 1582//2672 1584//2673
f 1566//2329 1584//2673 1586//2674
f 1566//2329 1586//2674 1588//659
f 1566//2329 1588//659 1598//658
f 1566//2329 1598//658 1599//1030
f 1566//2329 1599//1030 1600//1029
f 1567//2661 1568//613 1610//651
f 1567//2661 1610//651 1609//648
f 1567//2661 1609//648 1608//648
f 1567//2661 1608//648 1607//650
f 1567//2661 1607//650 1606//649
f 1567//2661 1606//649 1605//648
f 1567//2661 1605//648 1604//648
f 1567//2661 1604//648 1603//647
f 1567//2661 1603//647 1601//2675
f 1567//2661 1601//2675 1570//645
f 1567//2661 1570//645 1569//2666
f 1570//645 1572//644 1571//2667
f 1570//645 1571//2667 1569//2666
f 1572//644 1574//643 1573//2668
f 1572//644 1573//2668 1571//2667
f 1574//643 1576//642 1575//2669
f 1574//643 1575//2669 1573//2668
f 1576//642 1579//641 1577//2670
f 1576//642 1577//2670 1575//2669
f 1579//641 1580//640 1578//2671
f 1579//641 1578//2671 1577//2670
f 1580//640 1581//639 1582//2672
f 1580//640 1582//2672 1578//2671
f 1581//639 1583//638 1584//2673
f 1581//639 1584//2673 1582//2672
f 1583//638 1585//637 1586//2674
f 1583//638 1586//2674 1584//2673
f 1585//637 1587//636 1588//659
f 1585//637 1588//659 1586//2674
f 1599//1030 1598//658 331//657
f 1599//1030 331//657 2615//662
f 1599//1030 2615//662 2595//2676
f 1599//1030 2595//2676 2594//2677
f 1599//1030 2594//2677 610//1031
f 1612//2678 1611//2330 1566//2329
f 1612//2678 1566//2329 1600//1029
f 1612//2678 1600//1029 613//1028
f 1612//2678 613//1028 1614//1041
f 1611//2330 1612//2678 1613//1056
f 1611//2330 1613//1056 1615//1055
f 1611//2330 1615//1055 1351//2331
f 1613//1056 1612//2678 1614//1041
f 1613//1056 1614//1041 621//1040
f 1619//2644 1618//2679 1617//2640
f 1541//2638 1535//2680 1621//2681
f 1541//2638 1621//2681 1620//2682
f 1541//2638 1620//2682 1618//2679
f 1541//2638 1618//2679 1619//2644
f 1541//2638 1619//2644 1545//2639
f 1621//2681 1622//2683 1528//2586
f 1621//2681 1528//2586 1518//2585
f 1621//2681 1518//2585 1620//2682
f 315//598 1624//2633 1543//2636
f 315//598 1543//2636 309//599
f 1641//2684 1643//2685 1645//2686
f 1641//2684 1645//2686 1646//2687
f 1641//2684 1646//2687 1651//2688
f 1641//2684 1651//2688 1652//2689
f 1641//2684 1652//2689 1625//2690
f 1641//2684 1625//2690 1523//2598
f 1641//2684 1523//2598 1626//2604
f 1641//2684 1626//2604 1627//2691
f 1641//2684 1627//2691 1639//2692
f 1641//2684 1639//2692 1637//2693
f 1641//2684 1637//2693 1638//2694
f 1632//2518 1633//2695 1627//2691
f 1632//2518 1627//2691 1626//2604
f 1632//2518 1626//2604 1629//2696
f 1632//2518 1629//2696 1631//2519
f 1628//2603 1682//2697 1630//2698
f 1628//2603 1630//2698 1629//2696
f 1628//2603 1629//2696 1626//2604
f 1633//2695 1632//2518 1484//2517
f 1633//2695 1484//2517 1684//48
f 1633//2695 1684//48 19//47
f 1633//2695 19//47 1634//46
f 1637//2693 1639//2692 1627//2691
f 1637//2693 1627//2691 1633//2695
f 1637//2693 1633//2695 1634//46
f 1637//2693 1634//46 1635//45
f 1637//2693 1635//45 1636//2699
f 2654//626 323//625 1636//2699
f 2654//626 1636//2699 1635//45
f 2654//626 1635//45 18//40
f 1636//2699 323//625 321//624
f 1636//2699 321//624 1668//623
f 1636//2699 1668//623 1669//2700
f 1636//2699 1669//2700 1670//2701
f 1636//2699 1670//2701 1671//2702
f 1636//2699 1671//2702 1672//2703
f 1636//2699 1672//2703 1673//2704
f 1636//2699 1673//2704 1674//2705
f 1636//2699 1674//2705 1675//2706
f 1636//2699 1675//2706 1676//2707
f 1636//2699 1676//2707 1677//2708
f 1636//2699 1677//2708 1640//2709
f 1636//2699 1640//2709 1638//2694
f 1636//2699 1638//2694 1637//2693
f 1638//2694 1640//2709 1677//2708
f 1638//2694 1677//2708 1676//2707
f 1638//2694 1676//2707 1675//2706
f 1638//2694 1675//2706 1674//2705
f 1638//2694 1674//2705 1673//2704
f 1638//2694 1673//2704 1672//2703
f 1638//2694 1672//2703 1671//2702
f 1638//2694 1671//2702 1670//2701
f 1638//2694 1670//2701 1669//2700
f 1638//2694 1669//2700 1668//623
f 1638//2694 1668//623 1666//2710
f 1638//2694 1666//2710 1642//2711
f 1638//2694 1642//2711 1641//2684
f 1643//2712 1641//2713 1642//2714
f 1643//2712 1642//2714 1655//2715
f 1643//2712 1655//2715 1654//2716
f 1643//2712 1654//2716 1644//2717
f 1645//2718 1643//2712 1644//2717
f 1645//2718 1644//2717 1647//2719
f 1646//2720 1645//2718 1647//2719
f 1646//2720 1647//2719 1648//2721
f 1651//2722 1646//2720 1648//2721
f 1651//2722 1648//2721 1649//2723
f 1652//2724 1651//2722 1649//2723
f 1652//2724 1649//2723 1650//2725
f 1625//2595 1652//2724 1650//2725
f 1625//2595 1650//2725 1653//2596
f 1642//2714 1666//2726 302//2727
f 1642//2714 302//2727 1655//2715
f 1679//2728 302//2727 1666//2726
f 1679//2728 1666//2726 1667//2729
f 1678//611 1667//2730 1666//2710
f 1678//611 1666//2710 1668//623
f 1678//611 1668//623 319//604
f 1667//2729 1678//2731 1680//2732
f 1667//2729 1680//2732 1681//2733
f 1667//2729 1681//2733 304//2734
f 1667//2729 304//2734 1679//2728
f 1680//2732 313//602 311//603
f 1680//2732 311//603 1681//2733
f 1630//2555 1682//2575 1514//2580
f 1630//2555 1514//2580 1509//2556
f 1354//2347 1685//2735 1687//2736
f 1354//2347 1687//2736 1686//2348
f 1685//2735 1690//2737 1688//2738
f 1685//2735 1688//2738 1687//2736
f 1690//2737 1691//2739 1689//2740
f 1690//2737 1689//2740 1688//2738
f 1691//2739 1692//2741 1694//2742
f 1691//2739 1694//2742 1689//2740
f 1692//2741 1693//2743 1695//2744
f 1692//2741 1695//2744 1694//2742
f 1693//2743 1255//2164 1257//2165
f 1693//2743 1257//2165 1695//2744
f 1696//1096 1352//2151 1697//1057
f 1696//1096 1697//1057 626//1059
f 1696//1096 626//1059 635//1085
f 1340//2306 1698//2307 1701//2745
f 1340//2306 1701//2745 1700//817
f 1340//2306 1700//817 1699//816
f 1702//821 427//815 1700//817
f 1702//821 1700//817 1701//2745
f 1701//2745 1698//2307 1337//2304
f 1701//2745 1337//2304 1704//2303
f 1701//2745 1704//2303 1703//822
f 1701//2745 1703//822 1702//821
f 1703//822 1704//2303 1706//2302
f 1703//822 1706//2302 1705//818
f 1709//2746 2337//2747 2339//2748
f 1709//2746 2339//2748 2368//826
f 1709//2746 2368//826 431//819
f 1709//2746 431//819 1705//818
f 1709//2746 1705//818 1706//2302
f 1709//2746 1706//2302 1707//2301
f 1709//2746 1707//2301 1708//2749
f 1334//2300 1712//2750 1710//2751
f 1334//2300 1710//2751 1708//2749
f 1334//2300 1708//2749 1707//2301
f 1708//2749 1710//2751 1711//2752
f 1708//2749 1711//2752 2324//2753
f 1708//2749 2324//2753 2369//2754
f 1708//2749 2369//2754 1709//2746
f 1712//2750 1713//2755 1986//2756
f 1712//2750 1986//2756 1988//2757
f 1712//2750 1988//2757 1989//2758
f 1712//2750 1989//2758 1991//2759
f 1712//2750 1991//2759 1993//2760
f 1712//2750 1993//2760 1994//2761
f 1712//2750 1994//2761 1999//2762
f 1712//2750 1999//2762 2000//2763
f 1712//2750 2000//2763 2001//2764
f 1712//2750 2001//2764 2003//2765
f 1712//2750 2003//2765 2005//2766
f 1712//2750 2005//2766 2007//2767
f 1712//2750 2007//2767 2009//2768
f 1712//2750 2009//2768 2010//2769
f 1712//2750 2010//2769 2014//2770
f 1712//2750 2014//2770 2015//2771
f 1712//2750 2015//2771 2016//2772
f 1712//2750 2016//2772 2017//2773
f 1712//2750 2017//2773 2018//2774
f 1712//2750 2018//2774 2019//2775
f 1712//2750 2019//2775 2020//2776
f 1712//2750 2020//2776 2021//2777
f 1712//2750 2021//2777 2022//2778
f 1712//2750 2022//2778 2023//2779
f 1712//2750 2023//2779 2027//2780
f 1712//2750 2027//2780 2028//2781
f 1712//2750 2028//2781 1711//2752
f 1712//2750 1711//2752 1710//2751
f 1712//2750 1714//2782 1717//2783
f 1712//2750 1717//2783 1719//2784
f 1712//2750 1719//2784 1713//2755
f 1334//2300 1716//2299 1714//2782
f 1334//2300 1714//2782 1712//2750
f 1714//2782 1715//2785 1718//2786
f 1714//2782 1718//2786 1717//2783
f 1716//2299 1332//2295 1715//2785
f 1716//2299 1715//2785 1714//2782
f 1719//2784 1717//2783 1718//2786
f 1719//2784 1718//2786 1951//2787
f 1719//2784 1951//2787 1949//2788
f 1719//2784 1949//2788 1947//2789
f 1719//2784 1947//2789 1727//2790
f 1719//2784 1727//2790 1726//2791
f 1719//2784 1726//2791 1724//2792
f 1719//2784 1724//2792 1722//2793
f 1719//2784 1722//2793 1720//2794
f 1720//2794 1721//2795 2411//2796
f 1720//2794 2411//2796 2412//2797
f 1720//2794 2412//2797 1987//2798
f 1720//2794 1987//2798 1986//2756
f 1720//2794 1986//2756 1713//2755
f 1720//2794 1713//2755 1719//2784
f 1721//2795 1720//2794 1722//2793
f 1721//2795 1722//2793 1723//2799
f 1721//2795 1723//2799 2384//2800
f 1721//2795 2384//2800 2383//2801
f 1721//2795 2383//2801 2382//2802
f 2391//2803 2390//2804 1723//2799
f 2391//2803 1723//2799 1722//2793
f 2391//2803 1722//2793 1724//2792
f 2391//2803 1724//2792 1725//2805
f 1726//2791 1728//2806 1730//2807
f 1726//2791 1730//2807 1732//2808
f 1726//2791 1732//2808 1733//2809
f 1726//2791 1733//2809 1737//2810
f 1726//2791 1737//2810 1739//2811
f 1726//2791 1739//2811 1741//2812
f 1726//2791 1741//2812 1744//2813
f 1726//2791 1744//2813 1745//2814
f 1726//2791 1745//2814 1747//2815
f 1726//2791 1747//2815 1748//2816
f 1726//2791 1748//2816 1749//2817
f 1726//2791 1749//2817 1725//2805
f 1726//2791 1725//2805 1724//2792
f 1945//2818 1944//2819 1729//2820
f 1945//2818 1729//2820 1728//2821
f 1945//2818 1728//2821 1726//2822
f 1945//2818 1726//2822 1727//2823
f 1729//2820 1731//2824 1730//2825
f 1729//2820 1730//2825 1728//2821
f 1731//2824 1734//2826 1732//2827
f 1731//2824 1732//2827 1730//2825
f 1734//2826 1735//2828 1733//2829
f 1734//2826 1733//2829 1732//2827
f 1942//2830 1940//2831 1939//2832
f 1942//2830 1939//2832 1936//2833
f 1942//2830 1936//2833 2413//1081
f 1942//2830 2413//1081 1743//1080
f 1942//2830 1743//1080 1742//2834
f 1942//2830 1742//2834 1740//2835
f 1942//2830 1740//2835 1738//2836
f 1942//2830 1738//2836 1736//2837
f 1942//2830 1736//2837 1735//2838
f 1942//2830 1735//2838 1734//2839
f 1942//2830 1734//2839 1731//2840
f 1942//2830 1731//2840 1729//2841
f 1942//2830 1729//2841 1944//2842
f 1735//2828 1736//2843 1737//2844
f 1735//2828 1737//2844 1733//2829
f 1736//2843 1738//2845 1739//2846
f 1736//2843 1739//2846 1737//2844
f 1738//2845 1740//2847 1741//2848
f 1738//2845 1741//2848 1739//2846
f 1740//2847 1742//2849 1744//2850
f 1740//2847 1744//2850 1741//2848
f 1742//2849 1743//2851 1745//2852
f 1742//2849 1745//2852 1744//2850
f 1746//2853 1745//2852 1743//2851
f 1746//2853 1743//2851 1977//2854
f 1715//2785 1332//2295 1329//2294
f 1715//2785 1329//2294 1747//2815
f 1715//2785 1747//2815 1745//2814
f 1715//2785 1745//2814 1746//2855
f 1715//2785 1746//2855 1975//2856
f 1715//2785 1975//2856 1974//2857
f 1715//2785 1974//2857 1973//2858
f 1715//2785 1973//2858 1970//2859
f 1715//2785 1970//2859 1968//2860
f 1715//2785 1968//2860 1966//2861
f 1715//2785 1966//2861 1964//2862
f 1715//2785 1964//2862 1960//2863
f 1715//2785 1960//2863 1959//2864
f 1715//2785 1959//2864 1958//2865
f 1715//2785 1958//2865 1957//2866
f 1715//2785 1957//2866 1954//2867
f 1715//2785 1954//2867 1951//2787
f 1715//2785 1951//2787 1718//2786
f 1329//2294 1753//2297 1752//2868
f 1329//2294 1752//2868 1750//2869
f 1329//2294 1750//2869 1748//2816
f 1329//2294 1748//2816 1747//2815
f 1748//2816 1750//2869 1751//2870
f 1748//2816 1751//2870 2415//2871
f 1748//2816 2415//2871 2416//2872
f 1748//2816 2416//2872 2417//2873
f 1748//2816 2417//2873 2418//2874
f 1748//2816 2418//2874 2419//2874
f 1748//2816 2419//2874 2420//2875
f 1748//2816 2420//2875 2421//2876
f 1748//2816 2421//2876 2422//2877
f 1748//2816 2422//2877 2423//2878
f 1748//2816 2423//2878 2424//2879
f 1748//2816 2424//2879 2425//2880
f 1748//2816 2425//2880 2426//2881
f 1748//2816 2426//2881 2427//2882
f 1748//2816 2427//2882 1749//2817
f 1752//2868 1754//2883 1756//2884
f 1752//2868 1756//2884 1757//2885
f 1752//2868 1757//2885 1758//2886
f 1752//2868 1758//2886 1759//2887
f 1752//2868 1759//2887 1760//2888
f 1752//2868 1760//2888 1761//2885
f 1752//2868 1761//2885 1762//2889
f 1752//2868 1762//2889 1763//2890
f 1752//2868 1763//2890 1764//2888
f 1752//2868 1764//2888 1765//2888
f 1752//2868 1765//2888 1766//2890
f 1752//2868 1766//2890 1767//2890
f 1752//2868 1767//2890 1768//2886
f 1752//2868 1768//2886 1769//2891
f 1752//2868 1769//2891 1770//2884
f 1752//2868 1770//2884 1771//2892
f 1752//2868 1771//2892 1772//2886
f 1752//2868 1772//2886 1773//2888
f 1752//2868 1773//2888 1774//2886
f 1752//2868 1774//2886 1775//2893
f 1752//2868 1775//2893 1776//2894
f 1752//2868 1776//2894 1778//2895
f 1752//2868 1778//2895 1780//2896
f 1752//2868 1780//2896 2404//2896
f 1752//2868 2404//2896 2403//2896
f 1752//2868 2403//2896 2401//2896
f 1752//2868 2401//2896 2400//2896
f 1752//2868 2400//2896 2399//2896
f 1752//2868 2399//2896 2394//2896
f 1752//2868 2394//2896 2393//2896
f 1752//2868 2393//2896 2392//2897
f 1752//2868 2392//2897 1751//2870
f 1752//2868 1751//2870 1750//2869
f 1777//2898 1776//2894 1775//2893
f 1777//2898 1775//2893 1755//2899
f 1777//2898 1755//2899 1754//2883
f 1777//2898 1754//2883 1752//2868
f 1777//2898 1752//2868 1753//2297
f 1777//2898 1753//2297 2414//2296
f 1775//2893 1774//2886 1773//2888
f 1775//2893 1773//2888 1772//2886
f 1775//2893 1772//2886 1771//2892
f 1775//2893 1771//2892 1770//2884
f 1775//2893 1770//2884 1769//2891
f 1775//2893 1769//2891 1768//2886
f 1775//2893 1768//2886 1767//2890
f 1775//2893 1767//2890 1766//2890
f 1775//2893 1766//2890 1765//2888
f 1775//2893 1765//2888 1764//2888
f 1775//2893 1764//2888 1763//2890
f 1775//2893 1763//2890 1762//2889
f 1775//2893 1762//2889 1761//2885
f 1775//2893 1761//2885 1760//2888
f 1775//2893 1760//2888 1759//2887
f 1775//2893 1759//2887 1758//2886
f 1775//2893 1758//2886 1757//2885
f 1775//2893 1757//2885 1756//2884
f 1775//2893 1756//2884 1754//2883
f 1775//2893 1754//2883 1755//2899
f 1777//2898 1782//2900 1781//2901
f 1777//2898 1781//2901 1778//2895
f 1777//2898 1778//2895 1776//2894
f 1783//2902 1779//2903 1778//2904
f 1783//2902 1778//2904 1781//2905
f 1780//2906 1778//2904 1779//2903
f 1780//2906 1779//2903 2407//2907
f 1786//2908 1784//2909 1783//2902
f 1786//2908 1783//2902 1781//2905
f 1786//2908 1781//2905 1782//2910
f 1786//2908 1782//2910 1787//2911
f 1917//2912 1779//2913 1783//2914
f 1917//2912 1783//2914 1784//2915
f 1917//2912 1784//2915 1785//2916
f 1784//2915 1786//2917 1788//2918
f 1784//2915 1788//2918 1789//2919
f 1784//2915 1789//2919 1794//2920
f 1784//2915 1794//2920 1795//2921
f 1784//2915 1795//2921 1797//2922
f 1784//2915 1797//2922 1785//2916
f 1788//2923 1786//2908 1787//2911
f 1788//2923 1787//2911 1790//2924
f 1789//2925 1788//2923 1790//2924
f 1789//2925 1790//2924 1791//2926
f 1777//2898 1905//2927 1793//2928
f 1777//2898 1793//2928 1792//2929
f 1777//2898 1792//2929 1791//2930
f 1777//2898 1791//2930 1790//2931
f 1777//2898 1790//2931 1787//2932
f 1777//2898 1787//2932 1782//2900
f 1794//2933 1789//2925 1791//2926
f 1794//2933 1791//2926 1792//2934
f 1796//2935 1795//2936 1794//2933
f 1796//2935 1794//2933 1792//2934
f 1796//2935 1792//2934 1793//2937
f 1796//2935 1793//2937 1901//2938
f 1795//2921 1796//2939 1900//2940
f 1795//2921 1900//2940 1899//2941
f 1795//2921 1899//2941 1896//2942
f 1795//2921 1896//2942 1892//2943
f 1795//2921 1892//2943 1891//2944
f 1795//2921 1891//2944 1890//2945
f 1795//2921 1890//2945 1889//2946
f 1795//2921 1889//2946 1882//2947
f 1795//2921 1882//2947 1880//2948
f 1795//2921 1880//2948 1803//2949
f 1795//2921 1803//2949 1801//2950
f 1795//2921 1801//2950 1799//2951
f 1795//2921 1799//2951 1797//2922
f 1799//2951 1800//2952 1875//2953
f 1799//2951 1875//2953 1876//2954
f 1799//2951 1876//2954 1798//2955
f 1799//2951 1798//2955 1797//2922
f 1798//2955 1908//2956 1909//2957
f 1798//2955 1909//2957 1785//2916
f 1798//2955 1785//2916 1797//2922
f 1800//2952 1799//2951 1801//2950
f 1800//2952 1801//2950 1804//2958
f 1800//2952 1804//2958 1806//2959
f 1800//2952 1806//2959 1807//2960
f 1805//2961 1804//2958 1801//2950
f 1805//2961 1801//2950 1802//1323
f 1805//2961 1802//1323 1833//1322
f 1805//2961 1833//1322 1831//2962
f 1802//1323 1801//2950 1803//2949
f 1802//1323 1803//2949 778//1310
f 1804//2958 1805//2961 1809//2963
f 1804//2958 1809//2963 1808//2964
f 1804//2958 1808//2964 1806//2959
f 1808//2964 1810//2965 1811//2966
f 1808//2964 1811//2966 1807//2960
f 1808//2964 1807//2960 1806//2959
f 1810//2965 1808//2964 1809//2963
f 1810//2965 1809//2963 1816//2967
f 1810//2965 1816//2967 1815//2968
f 1810//2965 1815//2968 1812//2969
f 1879//2970 1811//2966 1810//2965
f 1879//2970 1810//2965 1812//2969
f 1879//2970 1812//2969 1813//2971
f 1813//2971 1812//2969 1814//2972
f 1813//2971 1814//2972 1836//2973
f 1815//2968 1817//2974 1818//2975
f 1815//2968 1818//2975 1814//2972
f 1815//2968 1814//2972 1812//2969
f 1817//2974 1815//2968 1816//2967
f 1817//2974 1816//2967 1820//2976
f 1817//2974 1820//2976 1819//2977
f 1821//1659 1153//1658 1818//2975
f 1821//1659 1818//2975 1817//2974
f 1821//1659 1817//2974 1819//2977
f 1822//1660 1821//1659 1819//2977
f 1822//1660 1819//2977 948//1665
f 948//1665 1819//2977 1820//2976
f 948//1665 1820//2976 1824//1666
f 1823//2978 1826//2979 1825//2980
f 1823//2978 1825//2980 1824//1666
f 1823//2978 1824//1666 1820//2976
f 1816//2967 1809//2963 1832//2981
f 1816//2967 1832//2981 1823//2978
f 1816//2967 1823//2978 1820//2976
f 1825//2980 1827//1691 1828//1673
f 1825//2980 1828//1673 949//1667
f 1825//2980 949//1667 1824//1666
f 1827//1691 1825//2980 1826//2979
f 1827//1691 1826//2979 1829//2982
f 1827//1691 1829//2982 1830//2983
f 1827//1691 1830//2983 960//1692
f 1829//2982 1826//2979 1823//2978
f 1829//2982 1823//2978 1832//2981
f 1829//2982 1832//2981 1831//2962
f 1833//1322 777//1321 1834//1320
f 1833//1322 1834//1320 1830//2983
f 1833//1322 1830//2983 1829//2982
f 1833//1322 1829//2982 1831//2962
f 1832//2981 1809//2963 1805//2961
f 1832//2981 1805//2961 1831//2962
f 1830//2983 1834//1320 780//1319
f 1830//2983 780//1319 783//1324
f 1830//2983 783//1324 2560//1328
f 1830//2983 2560//1328 960//1692
f 1818//2975 1153//1658 1835//1946
f 1818//2975 1835//1946 1814//2972
f 1835//1946 1840//1945 1838//2984
f 1835//1946 1838//2984 1836//2973
f 1835//1946 1836//2973 1814//2972
f 1837//2985 1860//2986 1862//2987
f 1837//2985 1862//2987 1813//2971
f 1837//2985 1813//2971 1836//2973
f 1838//2984 1839//1939 1157//1949
f 1838//2984 1157//1949 1861//1960
f 1838//2984 1861//1960 1837//2985
f 1838//2984 1837//2985 1836//2973
f 1840//1945 1841//1942 1842//1940
f 1840//1945 1842//1940 1843//1942
f 1840//1945 1843//1942 1844//1944
f 1840//1945 1844//1944 1845//1942
f 1840//1945 1845//1942 1846//1942
f 1840//1945 1846//1942 1847//1944
f 1840//1945 1847//1944 1848//1942
f 1840//1945 1848//1942 1849//1942
f 1840//1945 1849//1942 1850//1942
f 1840//1945 1850//1942 1851//1942
f 1840//1945 1851//1942 1852//1942
f 1840//1945 1852//1942 1853//1944
f 1840//1945 1853//1944 1854//1943
f 1840//1945 1854//1943 1855//1940
f 1840//1945 1855//1940 1856//1942
f 1840//1945 1856//1942 1857//1941
f 1840//1945 1857//1941 1858//1940
f 1840//1945 1858//1940 1859//1940
f 1840//1945 1859//1940 1839//1939
f 1840//1945 1839//1939 1838//2984
f 1860//2986 1837//2985 1861//1960
f 1860//2986 1861//1960 1162//1961
f 1860//2986 1162//1961 1170//1966
f 1863//2988 1862//2987 1860//2986
f 1863//2988 1860//2986 1170//1966
f 1863//2988 1170//1966 1175//1968
f 1862//2987 1863//2988 1864//2989
f 1862//2987 1864//2989 1865//2990
f 1862//2987 1865//2990 1879//2970
f 1862//2987 1879//2970 1813//2971
f 1866//2991 1864//2989 1863//2988
f 1866//2991 1863//2988 1175//1968
f 1866//2991 1175//1968 1868//1973
f 1865//2990 1864//2989 1866//2991
f 1865//2990 1866//2991 1867//2992
f 1865//2990 1867//2992 1877//2993
f 1865//2990 1877//2993 1878//2994
f 1867//2992 1866//2991 1868//1973
f 1867//2992 1868//1973 1869//2995
f 1871//1105 1869//2995 1868//1973
f 1871//1105 1868//1973 1176//1972
f 642//1104 1870//2996 1869//2995
f 642//1104 1869//2995 1871//1105
f 1872//2997 1877//2993 1867//2992
f 1872//2997 1867//2992 1869//2995
f 1872//2997 1869//2995 1870//2996
f 643//1106 1871//1105 1176//1972
f 643//1106 1176//1972 1178//1974
f 1874//2998 1872//2997 1870//2996
f 1874//2998 1870//2996 1873//1087
f 637//1088 1873//1087 1870//2996
f 637//1088 1870//2996 642//1104
f 1876//2954 1875//2953 1874//2998
f 1876//2954 1874//2998 1873//1087
f 1876//2954 1873//1087 634//1086
f 1877//2993 1872//2997 1874//2998
f 1877//2993 1874//2998 1875//2953
f 1877//2993 1875//2953 1800//2952
f 1877//2993 1800//2952 1807//2960
f 1877//2993 1807//2960 1878//2994
f 1908//2956 1798//2955 1876//2954
f 1908//2956 1876//2954 634//1086
f 1908//2956 634//1086 632//1083
f 1811//2966 1879//2970 1865//2990
f 1811//2966 1865//2990 1878//2994
f 1811//2966 1878//2994 1807//2960
f 1803//2949 1880//2948 1881//2999
f 1803//2949 1881//2999 772//1305
f 1803//2949 772//1305 778//1310
f 1881//1303 1880//3000 1883//3001
f 1881//1303 1883//3001 1886//3002
f 1881//1303 1886//3002 770//1304
f 1885//3003 1883//3004 1880//3005
f 1885//3003 1880//3005 1882//3006
f 765//1289 1886//1294 1883//3007
f 765//1289 1883//3007 1884//1290
f 1905//2927 1903//3008 1902//1281
f 1905//2927 1902//1281 1884//1290
f 1905//2927 1884//1290 1883//3007
f 1905//2927 1883//3007 1885//3009
f 1905//2927 1885//3009 1887//3010
f 1905//2927 1887//3010 1888//3011
f 1905//2927 1888//3011 1893//3012
f 1905//2927 1893//3012 1894//3013
f 1905//2927 1894//3013 1895//3014
f 1905//2927 1895//3014 1897//3015
f 1905//2927 1897//3015 1898//3016
f 1905//2927 1898//3016 1901//3017
f 1905//2927 1901//3017 1793//2928
f 1882//3006 1889//3018 1887//3019
f 1882//3006 1887//3019 1885//3003
f 1889//3018 1890//3020 1888//3021
f 1889//3018 1888//3021 1887//3019
f 1890//3020 1891//3022 1893//3023
f 1890//3020 1893//3023 1888//3021
f 1891//3022 1892//3024 1894//3025
f 1891//3022 1894//3025 1893//3023
f 1892//3024 1896//3026 1895//3027
f 1892//3024 1895//3027 1894//3025
f 1896//3026 1899//3028 1897//3029
f 1896//3026 1897//3029 1895//3027
f 1899//3028 1900//3030 1898//3031
f 1899//3028 1898//3031 1897//3029
f 1900//3030 1796//2935 1901//2938
f 1900//3030 1901//2938 1898//3031
f 1318//2278 2430//1274 757//1276
f 1318//2278 757//1276 1902//1281
f 1318//2278 1902//1281 1903//3008
f 1318//2278 1903//3008 1904//2280
f 1905//2927 1906//2292 1327//2287
f 1905//2927 1327//2287 1907//2281
f 1905//2927 1907//2281 1904//2280
f 1905//2927 1904//2280 1903//3008
f 1905//2927 1777//2898 2414//2296
f 1905//2927 2414//2296 1330//2293
f 1905//2927 1330//2293 1906//2292
f 1910//3032 1909//2957 1908//2956
f 1910//3032 1908//2956 632//1083
f 1910//3032 632//1083 629//1082
f 1909//2957 1910//3032 1911//3033
f 1909//2957 1911//3033 1913//3034
f 1909//2957 1913//3034 1915//3035
f 1909//2957 1915//3035 1916//3036
f 1909//2957 1916//3036 1917//2912
f 1909//2957 1917//2912 1785//2916
f 2413//1081 1936//2833 1912//3037
f 2413//1081 1912//3037 1911//3033
f 2413//1081 1911//3033 1910//3032
f 2413//1081 1910//3032 629//1082
f 1912//3037 1937//3038 1938//3039
f 1912//3037 1938//3039 2395//3040
f 1912//3037 2395//3040 2396//3040
f 1912//3037 2396//3040 2397//3040
f 1912//3037 2397//3040 2398//3040
f 1912//3037 2398//3040 2402//3040
f 1912//3037 2402//3040 2405//3040
f 1912//3037 2405//3040 2406//3040
f 1912//3037 2406//3040 2407//3040
f 1912//3037 2407//3040 1779//2913
f 1912//3037 1779//2913 1917//2912
f 1912//3037 1917//2912 1916//3036
f 1912//3037 1916//3036 1918//3041
f 1912//3037 1918//3041 1919//3042
f 1912//3037 1919//3042 1920//3043
f 1912//3037 1920//3043 1921//3043
f 1912//3037 1921//3043 1922//3041
f 1912//3037 1922//3041 1923//3044
f 1912//3037 1923//3044 1924//3045
f 1912//3037 1924//3045 1925//3043
f 1912//3037 1925//3043 1926//3043
f 1912//3037 1926//3043 1927//3046
f 1912//3037 1927//3046 1928//3046
f 1912//3037 1928//3046 1929//3043
f 1912//3037 1929//3043 1930//3045
f 1912//3037 1930//3045 1931//3046
f 1912//3037 1931//3046 1932//3045
f 1912//3037 1932//3045 1933//3043
f 1912//3037 1933//3043 1934//3044
f 1912//3037 1934//3044 1935//3047
f 1912//3037 1935//3047 1914//3044
f 1912//3037 1914//3044 1913//3034
f 1912//3037 1913//3034 1911//3033
f 1913//3034 1914//3044 1935//3047
f 1913//3034 1935//3047 1934//3044
f 1913//3034 1934//3044 1933//3043
f 1913//3034 1933//3043 1932//3045
f 1913//3034 1932//3045 1931//3046
f 1913//3034 1931//3046 1930//3045
f 1913//3034 1930//3045 1929//3043
f 1913//3034 1929//3043 1928//3046
f 1913//3034 1928//3046 1927//3046
f 1913//3034 1927//3046 1926//3043
f 1913//3034 1926//3043 1925//3043
f 1913//3034 1925//3043 1924//3045
f 1913//3034 1924//3045 1923//3044
f 1913//3034 1923//3044 1922//3041
f 1913//3034 1922//3041 1921//3043
f 1913//3034 1921//3043 1920//3043
f 1913//3034 1920//3043 1919//3042
f 1913//3034 1919//3042 1918//3041
f 1913//3034 1918//3041 1916//3036
f 1913//3034 1916//3036 1915//3035
f 1939//2832 1937//3038 1912//3037
f 1939//2832 1912//3037 1936//2833
f 1941//3048 1938//3039 1937//3038
f 1941//3048 1937//3038 1939//2832
f 1941//3048 1939//2832 1940//2831
f 1940//2831 1942//2830 1943//3049
f 1940//2831 1943//3049 2388//3050
f 1940//2831 2388//3050 2389//3051
f 1940//2831 2389//3051 1941//3048
f 1981//3052 1943//3049 1942//2830
f 1981//3052 1942//2830 1944//2842
f 1981//3052 1944//2842 1945//3053
f 1981//3052 1945//3053 1946//3054
f 1981//3052 1946//3054 1948//3055
f 1981//3052 1948//3055 1950//1066
f 1981//3052 1950//1066 1952//1065
f 1981//3052 1952//1065 1978//3056
f 1981//3052 1978//3056 1980//3057
f 1946//3058 1945//2818 1727//2823
f 1946//3058 1727//2823 1947//3059
f 1948//3060 1946//3058 1947//3059
f 1948//3060 1947//3059 1949//3061
f 1949//3061 1951//3062 1950//3063
f 1949//3061 1950//3063 1948//3060
f 1953//3064 1950//3065 1951//3066
f 1953//3064 1951//3066 1954//3067
f 1955//3068 1953//3064 1954//3067
f 1955//3068 1954//3067 1957//3069
f 1956//3070 1955//3068 1957//3069
f 1956//3070 1957//3069 1958//3071
f 1961//3072 1956//3070 1958//3071
f 1961//3072 1958//3071 1959//3073
f 1962//3074 1961//3072 1959//3073
f 1962//3074 1959//3073 1960//3075
f 1963//3076 1962//3074 1960//3075
f 1963//3076 1960//3075 1964//3077
f 1965//3078 1963//3076 1964//3077
f 1965//3078 1964//3077 1966//3079
f 1967//3080 1965//3078 1966//3079
f 1967//3080 1966//3079 1968//3081
f 1969//3082 1967//3080 1968//3081
f 1969//3082 1968//3081 1970//3083
f 1971//3084 1969//3082 1970//3083
f 1971//3084 1970//3083 1973//3085
f 1972//3086 1971//3084 1973//3085
f 1972//3086 1973//3085 1974//3087
f 1976//3088 1972//3086 1974//3087
f 1976//3088 1974//3087 1975//3089
f 1977//2854 1976//3088 1975//3089
f 1977//2854 1975//3089 1746//2853
f 1978//3056 1952//1065 630//1064
f 1978//3056 630//1064 1979//1063
f 1982//3090 1980//3057 1978//3056
f 1982//3090 1978//3056 1979//1063
f 1982//3090 1979//1063 627//1060
f 1980//3057 1982//3090 1983//3091
f 1980//3057 1983//3091 1984//3092
f 1980//3057 1984//3092 2410//3093
f 1980//3057 2410//3093 2409//3094
f 1980//3057 2409//3094 2408//3095
f 1980//3057 2408//3095 1981//3052
f 2173//1047 2172//1046 2025//3096
f 2173//1047 2025//3096 2024//3097
f 2173//1047 2024//3097 2013//3098
f 2173//1047 2013//3098 2012//3099
f 2173//1047 2012//3099 2011//3100
f 2173//1047 2011//3100 2008//3101
f 2173//1047 2008//3101 2006//3102
f 2173//1047 2006//3102 2004//3103
f 2173//1047 2004//3103 2002//3104
f 2173//1047 2002//3104 1998//3105
f 2173//1047 1998//3105 1997//3106
f 2173//1047 1997//3106 1996//3107
f 2173//1047 1996//3107 1995//3108
f 2173//1047 1995//3108 1992//3109
f 2173//1047 1992//3109 1990//3110
f 2173//1047 1990//3110 1985//3111
f 2173//1047 1985//3111 1983//3091
f 2173//1047 1983//3091 1982//3090
f 2173//1047 1982//3090 627//1060
f 1984//3112 1983//3113 1986//3114
f 1984//3112 1986//3114 1987//3115
f 1988//3116 1986//3114 1983//3113
f 1988//3116 1983//3113 1985//3117
f 1985//3117 1990//3118 1989//3119
f 1985//3117 1989//3119 1988//3116
f 1990//3118 1992//3120 1991//3121
f 1990//3118 1991//3121 1989//3119
f 1992//3120 1995//3122 1993//3123
f 1992//3120 1993//3123 1991//3121
f 1995//3122 1996//3124 1994//3125
f 1995//3122 1994//3125 1993//3123
f 1996//3124 1997//3126 1999//3127
f 1996//3124 1999//3127 1994//3125
f 1997//3126 1998//3128 2000//3129
f 1997//3126 2000//3129 1999//3127
f 1998//3128 2002//3130 2001//3131
f 1998//3128 2001//3131 2000//3129
f 2002//3130 2004//3132 2003//3133
f 2002//3130 2003//3133 2001//3131
f 2004//3132 2006//3134 2005//3135
f 2004//3132 2005//3135 2003//3133
f 2006//3134 2008//3136 2007//3137
f 2006//3134 2007//3137 2005//3135
f 2008//3136 2011//3138 2009//3139
f 2008//3136 2009//3139 2007//3137
f 2011//3138 2012//3140 2010//3141
f 2011//3138 2010//3141 2009//3139
f 2012//3140 2014//3142 2010//3141
f 2012//3140 2013//3143 2020//3144
f 2012//3140 2020//3144 2019//3145
f 2012//3140 2015//3146 2014//3142
f 2012//3140 2016//3147 2015//3146
f 2012//3140 2017//3148 2016//3147
f 2012//3140 2018//3149 2017//3148
f 2012//3140 2019//3145 2018//3149
f 2013//3143 2021//3150 2020//3144
f 2013//3143 2024//3151 2022//3152
f 2013//3143 2022//3152 2021//3150
f 2024//3151 2023//3153 2022//3152
f 2024//3151 2026//3154 2028//3155
f 2024//3151 2028//3155 2027//3156
f 2024//3151 2027//3156 2023//3153
f 2029//3157 2030//3158 2326//3159
f 2029//3157 2326//3159 1711//2752
f 2029//3157 1711//2752 2028//2781
f 2032//3160 2029//3161 2028//3162
f 2032//3160 2028//3162 2026//3163
f 2029//3157 2031//3164 2030//3158
f 2034//3165 2031//3166 2029//3161
f 2034//3165 2029//3161 2032//3160
f 2033//3167 2034//3168 2032//3169
f 2026//3170 2025//3096 2264//3171
f 2026//3170 2264//3171 2033//3167
f 2026//3170 2033//3167 2032//3169
f 2034//3168 2033//3167 2264//3171
f 2034//3168 2264//3171 2116//3172
f 2034//3168 2116//3172 2115//3173
f 2034//3168 2115//3173 2113//3174
f 2034//3168 2113//3174 2111//3175
f 2034//3168 2111//3175 2109//3176
f 2034//3168 2109//3176 2107//3177
f 2034//3168 2107//3177 2108//3178
f 2034//3168 2108//3178 2265//3179
f 2034//3168 2265//3179 2039//3180
f 2034//3168 2039//3180 2035//3181
f 2035//3182 2038//3183 2031//3166
f 2035//3182 2031//3166 2034//3165
f 2036//3184 2038//3185 2035//3186
f 2035//3186 2037//3187 2036//3184
f 2071//3188 2069//3189 2067//3190
f 2071//3188 2067//3190 2066//3191
f 2071//3188 2066//3191 2065//3192
f 2071//3188 2065//3192 2060//3193
f 2071//3188 2060//3193 2059//3194
f 2071//3188 2059//3194 2057//3195
f 2071//3188 2057//3195 2055//3196
f 2071//3188 2055//3196 2054//3197
f 2071//3188 2054//3197 2053//3198
f 2071//3188 2053//3198 2050//3199
f 2071//3188 2050//3199 2044//3200
f 2071//3188 2044//3200 2040//3201
f 2071//3188 2040//3201 2035//3181
f 2071//3188 2035//3181 2039//3180
f 2071//3188 2039//3180 2286//3202
f 2071//3188 2286//3202 2088//3203
f 2071//3188 2088//3203 2087//3204
f 2071//3188 2087//3204 2081//3205
f 2071//3188 2081//3205 2080//3206
f 2071//3188 2080//3206 2073//3207
f 2046//3208 2040//3209 2041//3210
f 2046//3208 2041//3210 2037//3211
f 2040//3209 2042//3212 2041//3210
f 2040//3209 2043//3213 2042//3212
f 2040//3209 2045//3214 2043//3213
f 2040//3209 2044//3215 2048//3216
f 2040//3209 2048//3216 2047//3217
f 2040//3209 2047//3217 2045//3214
f 2076//3218 2078//3219 2079//3220
f 2076//3218 2079//3220 2287//3221
f 2076//3218 2287//3221 2293//3222
f 2076//3218 2293//3222 2294//3223
f 2076//3218 2294//3223 2295//3224
f 2076//3218 2295//3224 2038//3225
f 2076//3218 2038//3225 2036//3226
f 2076//3218 2036//3226 2037//3227
f 2076//3218 2037//3227 2041//3228
f 2076//3218 2041//3228 2042//3229
f 2076//3218 2042//3229 2043//3230
f 2076//3218 2043//3230 2045//3231
f 2076//3218 2045//3231 2047//3232
f 2076//3218 2047//3232 2048//3233
f 2076//3218 2048//3233 2049//3234
f 2076//3218 2049//3234 2051//3235
f 2076//3218 2051//3235 2052//3236
f 2076//3218 2052//3236 2056//3237
f 2076//3218 2056//3237 2058//3238
f 2076//3218 2058//3238 2061//3239
f 2076//3218 2061//3239 2062//3240
f 2076//3218 2062//3240 2063//3241
f 2076//3218 2063//3241 2064//3242
f 2076//3218 2064//3242 2068//3243
f 2076//3218 2068//3243 2070//3244
f 2076//3218 2070//3244 2074//3245
f 2044//3215 2050//3246 2049//3247
f 2044//3215 2049//3247 2048//3216
f 2050//3246 2053//3248 2051//3249
f 2050//3246 2051//3249 2049//3247
f 2053//3248 2054//3250 2052//3251
f 2053//3248 2052//3251 2051//3249
f 2054//3250 2055//3252 2056//3253
f 2054//3250 2056//3253 2052//3251
f 2055//3252 2057//3254 2058//3255
f 2055//3252 2058//3255 2056//3253
f 2057//3254 2059//3256 2061//3257
f 2057//3254 2061//3257 2058//3255
f 2059//3256 2060//3258 2062//3259
f 2059//3256 2062//3259 2061//3257
f 2060//3258 2065//3260 2063//3261
f 2060//3258 2063//3261 2062//3259
f 2065//3260 2066//3262 2064//3263
f 2065//3260 2064//3263 2063//3261
f 2066//3262 2067//3264 2068//3265
f 2066//3262 2068//3265 2064//3263
f 2067//3264 2069//3266 2070//3267
f 2067//3264 2070//3267 2068//3265
f 2069//3266 2071//3268 2074//3269
f 2069//3266 2074//3269 2070//3267
f 2072//3270 2075//3271 2074//3269
f 2072//3270 2074//3269 2071//3268
f 2072//3272 2071//3188 2073//3207
f 2072//3272 2073//3207 2372//3273
f 2077//3274 2076//3218 2074//3245
f 2077//3274 2074//3245 2075//3275
f 2073//3276 2076//3277 2077//3278
f 2073//3276 2077//3278 2372//3279
f 2073//3276 2080//3280 2078//3281
f 2073//3276 2078//3281 2076//3277
f 2078//3219 494//883 2289//853
f 2078//3219 2289//853 2288//3282
f 2078//3219 2288//3282 2079//3220
f 2080//3283 2082//887 494//886
f 2080//3283 494//886 2078//3284
f 579//909 2082//908 2080//3285
f 579//909 2080//3285 2083//3286
f 579//909 2083//3286 2084//3287
f 579//909 2084//3287 2085//3288
f 579//909 2085//3288 2081//3205
f 579//909 2081//3205 2086//979
f 2081//3205 2087//3204 2089//980
f 2081//3205 2089//980 2086//979
f 2087//3204 2088//3203 2090//981
f 2087//3204 2090//981 2089//980
f 2088//3203 2286//3202 2092//3289
f 2088//3203 2092//3289 2091//982
f 2088//3203 2091//982 2090//981
f 2093//983 2091//982 2092//3289
f 2093//983 2092//3289 2285//3290
f 2093//983 2285//3290 2094//3291
f 2095//984 2093//983 2094//3291
f 2095//984 2094//3291 2266//3292
f 2095//984 2266//3292 2267//3293
f 2095//984 2267//3293 2268//3294
f 2095//984 2268//3294 2269//3295
f 2095//984 2269//3295 2270//3296
f 2095//984 2270//3296 2271//3297
f 2095//984 2271//3297 2272//3298
f 2095//984 2272//3298 2273//3299
f 2095//984 2273//3299 2275//3300
f 2095//984 2275//3300 2276//3300
f 2095//984 2276//3300 2277//3300
f 2095//984 2277//3300 2278//3301
f 2095//984 2278//3301 2279//3302
f 2095//984 2279//3302 2280//3299
f 2095//984 2280//3299 2282//3300
f 2095//984 2282//3300 2283//3303
f 2095//984 2283//3303 2284//3304
f 2095//984 2284//3304 2098//3305
f 2095//984 2098//3305 2097//3306
f 2096//985 2095//984 2097//3306
f 2096//985 2097//3306 2099//3307
f 2096//985 2099//3307 2100//3308
f 2096//985 2100//3308 2101//3309
f 2096//985 2101//3309 2102//3310
f 2096//985 2102//3310 2103//3311
f 2096//985 2103//3311 2104//3312
f 2096//985 2104//3312 2105//3313
f 2096//985 2105//3313 2106//3314
f 2096//985 2106//3314 2255//3315
f 2108//3178 2107//3177 2105//3313
f 2108//3178 2105//3313 2104//3312
f 2108//3178 2104//3312 2103//3311
f 2108//3178 2103//3311 2102//3310
f 2108//3178 2102//3310 2101//3309
f 2108//3178 2101//3309 2100//3308
f 2108//3178 2100//3308 2099//3307
f 2108//3178 2099//3307 2097//3306
f 2108//3178 2097//3306 2098//3305
f 2108//3178 2098//3305 2284//3304
f 2108//3178 2284//3304 2283//3303
f 2108//3178 2283//3303 2282//3300
f 2108//3178 2282//3300 2281//3316
f 2108//3178 2281//3316 2279//3302
f 2108//3178 2279//3302 2278//3301
f 2108//3178 2278//3301 2277//3300
f 2108//3178 2277//3300 2276//3300
f 2108//3178 2276//3300 2275//3300
f 2108//3178 2275//3300 2274//3316
f 2108//3178 2274//3316 2272//3298
f 2108//3178 2272//3298 2271//3297
f 2108//3178 2271//3297 2270//3296
f 2108//3178 2270//3296 2269//3295
f 2108//3178 2269//3295 2268//3294
f 2108//3178 2268//3294 2267//3293
f 2108//3178 2267//3293 2266//3292
f 2107//3177 2109//3176 2110//3317
f 2107//3177 2110//3317 2106//3314
f 2107//3177 2106//3314 2105//3313
f 2109//3176 2111//3175 2112//3318
f 2109//3176 2112//3318 2259//3319
f 2109//3176 2259//3319 2258//3320
f 2109//3176 2258//3320 2257//3321
f 2109//3176 2257//3321 2110//3317
f 2111//3175 2113//3174 2114//3322
f 2111//3175 2114//3322 2240//3323
f 2111//3175 2240//3323 2239//3324
f 2111//3175 2239//3324 2241//3325
f 2111//3175 2241//3325 2242//3326
f 2111//3175 2242//3326 2112//3318
f 2113//3174 2115//3173 2117//3327
f 2113//3174 2117//3327 2118//3328
f 2113//3174 2118//3328 2114//3322
f 2115//3173 2116//3172 2119//3329
f 2115//3173 2119//3329 2117//3327
f 2122//3330 2123//3331 2125//3332
f 2122//3330 2125//3332 2127//3333
f 2122//3330 2127//3333 2118//3328
f 2122//3330 2118//3328 2117//3327
f 2122//3330 2117//3327 2119//3329
f 2122//3330 2119//3329 2120//3334
f 2116//3172 2264//3171 2121//3335
f 2116//3172 2121//3335 2120//3336
f 2116//3172 2120//3336 2119//3329
f 2120//3334 2121//3335 2122//3330
f 2148//3337 2146//3338 2263//3339
f 2148//3337 2263//3339 2124//3340
f 2148//3337 2124//3340 2123//3331
f 2148//3337 2123//3331 2122//3330
f 2148//3337 2122//3330 2121//3335
f 2148//3337 2121//3335 2262//3341
f 2148//3337 2262//3341 2150//3342
f 2148//3337 2150//3342 2149//3343
f 2123//3331 2124//3340 2125//3332
f 2126//3344 2129//3345 2127//3333
f 2126//3344 2127//3333 2125//3332
f 2124//3340 2263//3339 2126//3344
f 2124//3340 2126//3344 2125//3332
f 2240//3323 2114//3322 2118//3328
f 2240//3323 2118//3328 2127//3333
f 2240//3323 2127//3333 2128//3346
f 2129//3345 2130//3347 2128//3346
f 2129//3345 2128//3346 2127//3333
f 2131//3348 2133//3349 2130//3347
f 2131//3348 2130//3347 2129//3345
f 2143//3350 2142//3351 2141//3352
f 2143//3350 2141//3352 2132//3353
f 2143//3350 2132//3353 2131//3348
f 2143//3350 2131//3348 2129//3345
f 2143//3350 2129//3345 2126//3344
f 2138//3354 2137//3355 2134//3356
f 2138//3354 2134//3356 2131//3348
f 2138//3354 2131//3348 2132//3353
f 2134//3356 2135//3357 2234//3358
f 2134//3356 2234//3358 2232//3359
f 2134//3356 2232//3359 2133//3349
f 2134//3356 2133//3349 2131//3348
f 2136//3360 2203//3361 2201//3362
f 2136//3360 2201//3362 2204//3363
f 2136//3360 2204//3363 2205//3364
f 2136//3360 2205//3364 2135//3357
f 2136//3360 2135//3357 2134//3356
f 2137//3355 2136//3360 2134//3356
f 2203//3365 2136//3366 2137//3367
f 2203//3365 2137//3367 2138//3368
f 2203//3365 2138//3368 2139//3369
f 2203//3365 2139//3369 2140//3370
f 2203//3365 2140//3370 2144//3371
f 2203//3365 2144//3371 2147//3372
f 2203//3365 2147//3372 2148//3337
f 2203//3365 2148//3337 2149//3343
f 2203//3365 2149//3343 2151//3373
f 2139//3374 2138//3354 2132//3353
f 2139//3374 2132//3353 2141//3352
f 2140//3375 2139//3374 2141//3352
f 2140//3375 2141//3352 2142//3351
f 2144//3376 2140//3375 2142//3351
f 2144//3376 2142//3351 2143//3350
f 2147//3377 2144//3376 2143//3350
f 2147//3377 2143//3350 2145//3378
f 2263//3339 2146//3338 2145//3378
f 2263//3339 2145//3378 2143//3350
f 2263//3339 2143//3350 2126//3344
f 2146//3338 2148//3337 2147//3377
f 2146//3338 2147//3377 2145//3378
f 2150//3342 2153//3379 2152//3380
f 2150//3342 2152//3380 2149//3343
f 2155//3381 2151//3373 2149//3343
f 2155//3381 2149//3343 2152//3380
f 2153//3379 2171//1051 2170//1050
f 2153//3379 2170//1050 2154//3382
f 2153//3379 2154//3382 2152//3380
f 2157//3383 2155//3381 2152//3380
f 2157//3383 2152//3380 2154//3382
f 2158//3384 2156//3385 2155//3381
f 2158//3384 2155//3381 2157//3383
f 2156//3385 2202//3386 2151//3373
f 2156//3385 2151//3373 2155//3381
f 2160//3387 2158//3384 2157//3383
f 2160//3387 2157//3383 2159//3388
f 2159//3388 2157//3383 2154//3382
f 2159//3388 2154//3382 2161//3389
f 2163//3390 2160//3387 2159//3388
f 2163//3390 2159//3388 2162//3391
f 2162//3391 2159//3388 2161//3389
f 2162//3391 2161//3389 2165//3392
f 600//1012 2163//3390 2162//3391
f 600//1012 2162//3391 2164//1016
f 2164//1016 2162//3391 2165//3392
f 2164//1016 2165//3392 2167//1037
f 2165//3392 2161//3389 2168//3393
f 2165//3392 2168//3393 2166//1045
f 2167//1037 2165//3392 2166//1045
f 2167//1037 2166//1045 615//1038
f 599//1015 2164//1016 2167//1037
f 599//1015 2167//1037 608//1021
f 2169//1049 617//1044 2166//1045
f 2169//1049 2166//1045 2168//3393
f 2170//1050 2169//1049 2168//3393
f 2170//1050 2168//3393 2161//3389
f 2170//1050 2161//3389 2154//3382
f 2171//1051 2153//3379 2150//3342
f 2171//1051 2150//3342 2262//3341
f 2171//1051 2262//3341 2025//3096
f 2171//1051 2025//3096 2172//1046
f 2174//3394 2175//3395 2160//3387
f 2174//3394 2160//3387 2163//3390
f 597//1011 2174//3394 2163//3390
f 597//1011 2163//3390 600//1012
f 2178//999 2176//3396 2174//3394
f 2178//999 2174//3394 597//1011
f 2176//3396 2179//3397 2175//3395
f 2176//3396 2175//3395 2174//3394
f 2177//3398 2180//3399 2179//3397
f 2177//3398 2179//3397 2176//3396
f 587//998 2177//3398 2176//3396
f 587//998 2176//3396 2178//999
f 2180//3399 2184//3400 2181//3401
f 2180//3399 2181//3401 2179//3397
f 2179//3397 2181//3401 2183//3402
f 2179//3397 2183//3402 2175//3395
f 2181//3401 2182//3403 2261//3404
f 2181//3401 2261//3404 2183//3402
f 2184//3400 2186//3405 2182//3403
f 2184//3400 2182//3403 2181//3401
f 2185//3406 2187//3407 2186//3405
f 2185//3406 2186//3405 2184//3400
f 2218//3408 2185//3406 2184//3400
f 2218//3408 2184//3400 2180//3399
f 2187//3407 2190//3409 2188//3410
f 2187//3407 2188//3410 2186//3405
f 2186//3405 2188//3410 2191//3411
f 2186//3405 2191//3411 2182//3403
f 2189//3412 2193//3413 2191//3411
f 2189//3412 2191//3411 2188//3410
f 2211//3414 2189//3412 2188//3410
f 2211//3414 2188//3410 2190//3409
f 2182//3403 2191//3411 2192//3415
f 2182//3403 2192//3415 2261//3404
f 2193//3413 2194//3416 2192//3415
f 2193//3413 2192//3415 2191//3411
f 2195//3417 2194//3416 2193//3413
f 2195//3417 2193//3413 2189//3412
f 2195//3417 2189//3412 2211//3414
f 2195//3417 2211//3414 2209//971
f 2195//3417 2209//971 2208//992
f 2195//3417 2208//992 2196//3418
f 2194//3416 2195//3417 2197//3419
f 2194//3416 2197//3419 2198//3420
f 2194//3416 2198//3420 2200//3421
f 2194//3416 2200//3421 2202//3386
f 2194//3416 2202//3386 2192//3415
f 2197//3422 2195//3417 2196//3418
f 2198//3423 2197//3422 2196//3418
f 2198//3423 2196//3418 2199//3424
f 2201//3362 2200//3425 2198//3423
f 2201//3362 2198//3423 2199//3424
f 2201//3362 2199//3424 2204//3363
f 2200//3421 2201//3426 2203//3365
f 2200//3421 2203//3365 2151//3373
f 2200//3421 2151//3373 2202//3386
f 2261//3404 2192//3415 2202//3386
f 2261//3404 2202//3386 2156//3385
f 2206//991 2207//990 2224//3427
f 2206//991 2224//3427 2227//3428
f 2206//991 2227//3428 2229//3429
f 2206//991 2229//3429 2231//3430
f 2206//991 2231//3430 2233//3431
f 2206//991 2233//3431 2205//3364
f 2206//991 2205//3364 2204//3363
f 2208//992 2206//991 2204//3363
f 2208//992 2204//3363 2199//3424
f 2208//992 2199//3424 2196//3418
f 2210//972 2209//971 2211//3414
f 2210//972 2211//3414 2190//3409
f 2212//973 2210//972 2190//3409
f 2212//973 2190//3409 2187//3407
f 2213//974 2212//973 2187//3407
f 2213//974 2187//3407 2185//3406
f 2213//974 2185//3406 2215//3432
f 2214//975 2213//974 2215//3432
f 2214//975 2215//3432 2216//3433
f 2216//3433 2215//3432 2185//3406
f 2216//3433 2185//3406 2218//3408
f 2221//976 2214//975 2216//3433
f 2221//976 2216//3433 2217//3434
f 2217//3434 2216//3433 2218//3408
f 2217//3434 2218//3408 2219//3435
f 2219//3435 2218//3408 2180//3399
f 2219//3435 2180//3399 2177//3398
f 584//997 2219//3435 2177//3398
f 584//997 2177//3398 587//998
f 2220//996 2217//3434 2219//3435
f 2220//996 2219//3435 584//997
f 2222//977 2221//976 2217//3434
f 2222//977 2217//3434 2220//996
f 2207//990 2223//989 2225//3436
f 2207//990 2225//3436 2224//3427
f 2224//3427 2225//3436 2246//3437
f 2224//3427 2246//3437 2226//3438
f 2227//3428 2224//3427 2226//3438
f 2227//3428 2226//3438 2228//3439
f 2229//3429 2227//3428 2228//3439
f 2229//3429 2228//3439 2230//3440
f 2231//3430 2229//3429 2230//3440
f 2231//3430 2230//3440 2232//3359
f 2233//3431 2231//3430 2232//3359
f 2233//3431 2232//3359 2234//3358
f 2205//3364 2233//3431 2234//3358
f 2205//3364 2234//3358 2135//3357
f 2232//3359 2230//3440 2228//3439
f 2232//3359 2228//3439 2235//3441
f 2232//3359 2235//3441 2133//3349
f 2228//3439 2226//3438 2236//3442
f 2228//3439 2236//3442 2235//3441
f 2235//3441 2236//3442 2238//3443
f 2235//3441 2238//3443 2237//3444
f 2133//3349 2235//3441 2237//3444
f 2133//3349 2237//3444 2130//3347
f 2239//3324 2240//3323 2128//3346
f 2239//3324 2128//3346 2130//3347
f 2239//3324 2130//3347 2237//3444
f 2241//3325 2239//3324 2237//3444
f 2241//3325 2237//3444 2238//3443
f 2242//3326 2241//3325 2238//3443
f 2242//3326 2238//3443 2243//3445
f 2259//3319 2112//3318 2242//3326
f 2259//3319 2242//3326 2243//3445
f 2259//3319 2243//3445 2244//3446
f 2259//3319 2244//3446 2245//3447
f 2236//3442 2244//3446 2243//3445
f 2236//3442 2243//3445 2238//3443
f 2246//3437 2247//3448 2245//3447
f 2246//3437 2245//3447 2244//3446
f 2226//3438 2246//3437 2244//3446
f 2226//3438 2244//3446 2236//3442
f 2225//3436 2249//3449 2247//3448
f 2225//3436 2247//3448 2246//3437
f 2247//3448 2248//3450 2260//3451
f 2247//3448 2260//3451 2245//3447
f 2249//3449 2250//3452 2248//3450
f 2249//3449 2248//3450 2247//3448
f 2223//989 2251//988 2249//3449
f 2223//989 2249//3449 2225//3436
f 2251//988 2252//987 2250//3452
f 2251//988 2250//3452 2249//3449
f 2252//987 2253//986 2254//3453
f 2252//987 2254//3453 2250//3452
f 2253//986 2096//985 2255//3315
f 2253//986 2255//3315 2254//3453
f 2106//3314 2110//3317 2257//3321
f 2106//3314 2257//3321 2256//3454
f 2106//3314 2256//3454 2254//3453
f 2106//3314 2254//3453 2255//3315
f 2250//3452 2254//3453 2256//3454
f 2250//3452 2256//3454 2248//3450
f 2257//3321 2258//3320 2260//3451
f 2257//3321 2260//3451 2248//3450
f 2257//3321 2248//3450 2256//3454
f 2258//3320 2259//3319 2245//3447
f 2258//3320 2245//3447 2260//3451
f 2183//3402 2261//3404 2156//3385
f 2183//3402 2156//3385 2158//3384
f 2175//3395 2183//3402 2158//3384
f 2175//3395 2158//3384 2160//3387
f 2264//3171 2025//3096 2262//3341
f 2264//3171 2262//3341 2121//3335
f 2265//3179 2108//3178 2266//3292
f 2265//3179 2266//3292 2094//3291
f 2265//3179 2094//3291 2285//3290
f 2285//3290 2092//3289 2286//3202
f 2285//3290 2286//3202 2039//3180
f 2285//3290 2039//3180 2265//3179
f 2288//3282 2290//3455 2287//3221
f 2288//3282 2287//3221 2079//3220
f 2289//853 2367//844 2366//3456
f 2289//853 2366//3456 2365//3457
f 2289//853 2365//3457 2360//3458
f 2289//853 2360//3458 2358//3459
f 2289//853 2358//3459 2348//3460
f 2289//853 2348//3460 2352//3461
f 2289//853 2352//3461 2353//3462
f 2289//853 2353//3462 2354//3463
f 2289//853 2354//3463 2292//3464
f 2289//853 2292//3464 2291//3465
f 2289//853 2291//3465 2290//3455
f 2289//853 2290//3455 2288//3282
f 2290//3455 2291//3465 2293//3222
f 2290//3455 2293//3222 2287//3221
f 2291//3465 2292//3464 2296//3466
f 2291//3465 2296//3466 2294//3223
f 2291//3465 2294//3223 2293//3222
f 2326//3159 2295//3224 2294//3223
f 2326//3159 2294//3223 2296//3466
f 2326//3159 2296//3466 2297//3467
f 2326//3159 2297//3467 2298//3468
f 2326//3159 2298//3468 2299//3469
f 2326//3159 2299//3469 2300//3470
f 2326//3159 2300//3470 2301//3471
f 2326//3159 2301//3471 2302//3472
f 2326//3159 2302//3472 2303//3473
f 2326//3159 2303//3473 2304//3474
f 2326//3159 2304//3474 2306//3475
f 2326//3159 2306//3475 2307//3474
f 2326//3159 2307//3474 2308//3476
f 2326//3159 2308//3476 2309//3473
f 2326//3159 2309//3473 2311//3477
f 2326//3159 2311//3477 2312//3478
f 2326//3159 2312//3478 2313//3479
f 2326//3159 2313//3479 2314//3480
f 2326//3159 2314//3480 2315//3481
f 2326//3159 2315//3481 2316//3482
f 2326//3159 2316//3482 2317//3483
f 2326//3159 2317//3483 2318//3484
f 2326//3159 2318//3484 2319//3485
f 2326//3159 2319//3485 2320//3486
f 2326//3159 2320//3486 2321//3487
f 2326//3159 2321//3487 2322//3488
f 2326//3159 2322//3488 2323//3489
f 2292//3464 2354//3463 2355//3490
f 2292//3464 2355//3490 2356//3491
f 2292//3464 2356//3491 2329//3492
f 2292//3464 2329//3492 2328//3493
f 2292//3464 2328//3493 2325//3494
f 2292//3464 2325//3494 2323//3489
f 2292//3464 2323//3489 2322//3488
f 2292//3464 2322//3488 2321//3487
f 2292//3464 2321//3487 2320//3486
f 2292//3464 2320//3486 2319//3485
f 2292//3464 2319//3485 2318//3484
f 2292//3464 2318//3484 2317//3483
f 2292//3464 2317//3483 2316//3482
f 2292//3464 2316//3482 2315//3481
f 2292//3464 2315//3481 2314//3480
f 2292//3464 2314//3480 2313//3479
f 2292//3464 2313//3479 2312//3478
f 2292//3464 2312//3478 2310//3495
f 2292//3464 2310//3495 2309//3473
f 2292//3464 2309//3473 2308//3476
f 2292//3464 2308//3476 2307//3474
f 2292//3464 2307//3474 2305//3496
f 2292//3464 2305//3496 2304//3474
f 2292//3464 2304//3474 2303//3473
f 2292//3464 2303//3473 2302//3472
f 2292//3464 2302//3472 2301//3471
f 2292//3464 2301//3471 2300//3470
f 2292//3464 2300//3470 2299//3469
f 2292//3464 2299//3469 2298//3468
f 2292//3464 2298//3468 2297//3467
f 2292//3464 2297//3467 2296//3466
f 2327//3497 2369//2754 2324//2753
f 2327//3497 2324//2753 2323//3489
f 2327//3497 2323//3489 2325//3494
f 2323//3489 2324//2753 1711//2752
f 2323//3489 1711//2752 2326//3159
f 2038//3225 2295//3224 2326//3159
f 2038//3225 2326//3159 2030//3158
f 2038//3225 2030//3158 2031//3164
f 2330//3498 2327//3497 2325//3494
f 2330//3498 2325//3494 2328//3493
f 2331//3499 2330//3498 2328//3493
f 2331//3499 2328//3493 2329//3492
f 2332//3500 2330//3498 2331//3499
f 2332//3500 2331//3499 2333//3501
f 2335//3502 2327//3497 2330//3498
f 2335//3502 2330//3498 2332//3500
f 2334//3503 2332//3500 2333//3501
f 2334//3503 2333//3501 2344//3504
f 2336//3505 2335//3502 2332//3500
f 2336//3505 2332//3500 2334//3503
f 2327//3497 2335//3502 2336//3505
f 2327//3497 2336//3505 2337//2747
f 2327//3497 2337//2747 1709//2746
f 2327//3497 1709//2746 2369//2754
f 2336//3505 2338//3506 2339//2748
f 2336//3505 2339//2748 2337//2747
f 2338//3506 2336//3505 2334//3503
f 2338//3506 2334//3503 2340//3507
f 2338//3506 434//825 2368//826
f 2338//3506 2368//826 2339//2748
f 434//825 2338//3506 2340//3507
f 434//825 2340//3507 436//829
f 436//829 2340//3507 2341//3508
f 436//829 2341//3508 2343//830
f 2340//3507 2334//3503 2344//3504
f 2340//3507 2344//3504 2341//3508
f 2341//3508 2344//3504 2345//3509
f 2341//3508 2345//3509 2342//3510
f 2343//830 2341//3508 2342//3510
f 2343//830 2342//3510 2362//3511
f 2344//3504 2333//3501 2346//3512
f 2344//3504 2346//3512 2345//3509
f 2342//3510 2345//3509 2347//3513
f 2342//3510 2347//3513 2349//3514
f 2345//3509 2346//3512 2350//3515
f 2345//3509 2350//3515 2347//3513
f 2349//3514 2347//3513 2348//3460
f 2349//3514 2348//3460 2358//3459
f 2347//3513 2350//3515 2352//3461
f 2347//3513 2352//3461 2348//3460
f 2350//3515 2351//3516 2353//3462
f 2350//3515 2353//3462 2352//3461
f 2346//3512 2357//3517 2351//3516
f 2346//3512 2351//3516 2350//3515
f 2351//3516 2355//3490 2354//3463
f 2351//3516 2354//3463 2353//3462
f 2351//3516 2357//3517 2356//3491
f 2351//3516 2356//3491 2355//3490
f 2357//3517 2331//3499 2329//3492
f 2357//3517 2329//3492 2356//3491
f 2333//3501 2331//3499 2357//3517
f 2333//3501 2357//3517 2346//3512
f 2359//3518 2349//3514 2358//3459
f 2359//3518 2358//3459 2360//3458
f 2362//3511 2342//3510 2349//3514
f 2362//3511 2349//3514 2359//3518
f 2361//3519 2359//3518 2360//3458
f 2361//3519 2360//3458 2365//3457
f 2363//3520 2362//3511 2359//3518
f 2363//3520 2359//3518 2361//3519
f 437//831 2343//830 2362//3511
f 437//831 2362//3511 2363//3520
f 444//841 2363//3520 2361//3519
f 444//841 2361//3519 2364//842
f 439//832 437//831 2363//3520
f 439//832 2363//3520 444//841
f 2364//842 2361//3519 2365//3457
f 2364//842 2365//3457 2366//3456
f 2364//842 2366//3456 2367//844
f 2364//842 2367//844 446//843
f 2373//3521 2372//3279 2077//3278
f 2373//3521 2077//3278 2371//3522
f 2377//3523 2371//3524 2077//3274
f 2377//3523 2077//3274 2075//3275
f 2377//3523 2075//3275 2378//3525
f 2375//3526 2072//3272 2372//3273
f 2375//3526 2372//3273 2373//3527
f 2375//3526 2373//3527 2374//3528
f 2371//3522 2377//3529 2374//3530
f 2371//3522 2374//3530 2373//3521
f 2408//3095 2409//3094 2375//3526
f 2408//3095 2375//3526 2374//3528
f 2408//3095 2374//3528 2376//3531
f 2408//3095 2376//3531 2381//3532
f 2408//3095 2381//3532 2386//3533
f 2376//3534 2374//3530 2377//3529
f 2376//3534 2377//3529 2379//3535
f 2382//2802 2380//3536 2379//3537
f 2382//2802 2379//3537 2377//3523
f 2382//2802 2377//3523 2378//3525
f 2382//2802 2378//3525 2411//2796
f 2382//2802 2411//2796 1721//2795
f 2381//3538 2376//3534 2379//3535
f 2381//3538 2379//3535 2380//3539
f 2385//3540 2386//3541 2381//3538
f 2385//3540 2381//3538 2380//3539
f 2385//3540 2380//3539 2382//3542
f 2385//3540 2382//3542 2383//3543
f 2387//3544 2385//3540 2383//3543
f 2387//3544 2383//3543 2384//3545
f 2386//3533 2385//3546 2387//3547
f 2386//3533 2387//3547 2388//3050
f 2386//3533 2388//3050 1943//3049
f 2386//3533 1943//3049 1981//3052
f 2386//3533 1981//3052 2408//3095
f 2384//3545 1723//3548 2388//3549
f 2384//3545 2388//3549 2387//3544
f 2389//3550 2388//3549 1723//3548
f 2389//3550 1723//3548 2390//3551
f 2390//3551 2391//3552 2392//3553
f 2390//3551 2392//3553 1938//3554
f 2390//3551 1938//3554 1941//3555
f 2390//3551 1941//3555 2389//3550
f 1725//2805 1749//2817 2427//2882
f 1725//2805 2427//2882 2426//2881
f 1725//2805 2426//2881 2425//2880
f 1725//2805 2425//2880 2424//2879
f 1725//2805 2424//2879 2423//2878
f 1725//2805 2423//2878 2422//2877
f 1725//2805 2422//2877 2421//2876
f 1725//2805 2421//2876 2420//2875
f 1725//2805 2420//2875 2419//2874
f 1725//2805 2419//2874 2418//2874
f 1725//2805 2418//2874 2417//2873
f 1725//2805 2417//2873 2416//2872
f 1725//2805 2416//2872 2415//2871
f 1725//2805 2415//2871 1751//2870
f 1725//2805 1751//2870 2392//2897
f 1725//2805 2392//2897 2391//2803
f 2395//3556 1938//3554 2392//3553
f 2395//3556 2392//3553 2393//3557
f 2396//3558 2395//3556 2393//3557
f 2396//3558 2393//3557 2394//3559
f 2397//3560 2396//3558 2394//3559
f 2397//3560 2394//3559 2399//3561
f 2398//3562 2397//3560 2399//3561
f 2398//3562 2399//3561 2400//3563
f 2402//3564 2398//3562 2400//3563
f 2402//3564 2400//3563 2401//3565
f 2405//3566 2402//3564 2401//3565
f 2405//3566 2401//3565 2403//3567
f 2406//3568 2405//3566 2403//3567
f 2406//3568 2403//3567 2404//3569
f 2407//2907 2406//3568 2404//3569
f 2407//2907 2404//3569 1780//2906
f 2412//3570 2411//3571 2409//3572
f 2412//3570 2409//3572 2410//3573
f 2409//3574 2411//3575 2378//3576
f 2409//3574 2378//3576 2375//3577
f 2410//3573 1984//3112 1987//3115
f 2410//3573 1987//3115 2412//3570
f 2375//3577 2378//3576 2075//3271
f 2375//3577 2075//3271 2072//3270
f 2428//2200 2429//2288 1326//2289
f 2428//2200 1326//2289 1335//2201
f 1273//2199 1324//2285 2429//2288
f 1273//2199 2429//2288 2428//2200
f 1303//2211 1306//2266 1324//2285
f 1303//2211 1324//2285 1273//2199
f 2430//1274 1318//2278 2431//2279
f 2430//1274 2431//2279 2432//1271
f 2430//1274 2432//1271 754//1270
f 718//1254 750//1256 2432//1271
f 718//1254 2432//1271 2431//2279
f 718//1254 2431//2279 1316//2277
f 693//1209 1304//2260 2433//2264
f 693//1209 2433//2264 2435//3578
f 693//1209 2435//3578 2437//1162
f 693//1209 2437//1162 2438//1161
f 2463//3579 2462//3580 2436//3581
f 2463//3579 2436//3581 2435//3582
f 2463//3579 2435//3582 2433//3583
f 2463//3579 2433//3583 2434//3584
f 2436//3581 1180//3585 2437//3586
f 2436//3581 2437//3586 2435//3582
f 2439//3587 2437//3586 1180//3585
f 2439//3587 1180//3585 2440//3588
f 2440//3588 2443//3589 2441//3590
f 2440//3588 2441//3590 2439//3587
f 2443//3589 2444//3591 2442//3592
f 2443//3589 2442//3592 2441//3590
f 2444//3591 2445//3593 2446//3594
f 2444//3591 2446//3594 2442//3592
f 2445//3593 2447//3595 2449//3596
f 2445//3593 2449//3596 2446//3594
f 2447//3595 2448//3597 2450//3598
f 2447//3595 2450//3598 2449//3596
f 2448//3597 2452//3599 2451//3600
f 2448//3597 2451//3600 2450//3598
f 2452//3599 2455//3601 2453//3602
f 2452//3599 2453//3602 2451//3600
f 2455//3601 656//3603 2457//3604
f 2455//3601 2457//3604 2456//3605
f 2455//3601 2456//3605 2454//3606
f 2455//3601 2454//3606 2453//3602
f 2454//1171 2456//3607 2458//3608
f 2454//1171 2458//3608 2460//3609
f 2454//1171 2460//3609 1285//2225
f 2454//1171 1285//2225 2468//2224
f 2454//1171 2468//2224 654//3610
f 2454//1171 654//3610 660//1172
f 2457//3604 2459//3611 2458//3612
f 2457//3604 2458//3612 2456//3605
f 2459//3611 2461//2236 2460//2241
f 2459//3611 2460//2241 2458//3612
f 2462//1976 2463//3613 2464//3614
f 2462//1976 2464//3614 2466//3615
f 2462//1976 2466//3615 2467//1107
f 2462//1976 2467//1107 643//1106
f 2462//1976 643//1106 1178//1974
f 2464//3616 2463//3579 2434//3584
f 2464//3616 2434//3584 2465//3617
f 2466//2257 2464//3616 2465//3617
f 2466//2257 2465//3617 1301//2258
f 84//145 2489//144 2488//1991
f 84//145 2488//1991 2487//1990
f 84//145 2487//1990 2486//1989
f 84//145 2486//1989 2485//1988
f 84//145 2485//1988 2484//1987
f 84//145 2484//1987 2483//1986
f 84//145 2483//1986 2482//1985
f 84//145 2482//1985 2481//1981
f 84//145 2481//1981 2478//3618
f 84//145 2478//3618 2477//1981
f 84//145 2477//1981 2476//1983
f 84//145 2476//1983 2474//3618
f 84//145 2474//3618 2473//1981
f 84//145 2473//1981 2472//1980
f 84//145 2472//1980 2471//1979
f 84//145 2471//1979 2470//1978
f 84//145 2470//1978 1182//1977
f 84//145 1182//1977 1173//1970
f 84//145 1173//1970 1171//150
f 2493//3619 2494//3620 2497//193
f 2493//3619 2497//193 110//190
f 2493//3619 110//190 2491//189
f 2493//3619 2491//189 2492//1964
f 1155//1955 2495//3621 2493//3619
f 1155//1955 2493//3619 2492//1964
f 1155//1955 2492//1964 1164//1957
f 1155//1955 1164//1957 1159//1953
f 2494//3622 2493//3623 2495//1950
f 2494//3622 2495//1950 2496//1952
f 2494//3622 2496//1952 710//3624
f 2494//3622 710//3624 2498//3625
f 2502//3626 2497//3627 2494//3622
f 2502//3626 2494//3622 2498//3625
f 2502//3626 2498//3625 2499//3628
f 2502//3626 2499//3628 2500//3629
f 2502//3626 2500//3629 2501//3630
f 708//1231 2561//264 119//258
f 708//1231 119//258 2500//261
f 708//1231 2500//261 2499//1232
f 2501//3630 2503//3631 2504//3632
f 2501//3630 2504//3632 2502//3626
f 2506//3633 2504//3632 2503//3631
f 2506//3633 2503//3631 2505//3634
f 2507//347 2506//3633 2505//3634
f 2507//347 2505//3634 166//346
f 109//196 2504//195 2506//3635
f 109//196 2506//3635 2507//3636
f 109//196 2507//3636 165//365
f 109//196 165//365 169//364
f 109//196 169//364 2718//197
f 1109//1856 2508//1263 1139//1262
f 1109//1856 1139//1262 1137//1857
f 2511//1851 2510//3637 2508//1263
f 2511//1851 2508//1263 1109//1856
f 2511//1851 1109//1856 1102//1850
f 2512//3638 2509//1264 2508//1263
f 2512//3638 2508//1263 2510//3637
f 2513//1848 2512//3638 2510//3637
f 2513//1848 2510//3637 2511//1851
f 2513//1848 2511//1851 1100//1849
f 2512//3638 2513//1848 2514//3639
f 2512//3638 2514//3639 2516//1265
f 2512//3638 2516//1265 2509//1264
f 1098//1844 2515//3640 2514//3639
f 1098//1844 2514//3639 2513//1848
f 2514//3639 748//1258 744//1260
f 2514//3639 744//1260 2516//1265
f 2515//3640 752//1267 748//1258
f 2515//3640 748//1258 2514//3639
f 2515//3640 1098//1844 2530//1842
f 2515//3640 2530//1842 1089//1840
f 2515//3640 1089//1840 2517//1839
f 752//1267 2515//3640 2517//1839
f 752//1267 2517//1839 2518//1282
f 752//1267 2518//1282 2519//1272
f 2521//1907 2522//3641 2523//3642
f 2521//1907 2523//3642 2524//1864
f 2521//1907 2524//1864 1114//1859
f 2521//1907 1114//1859 2520//1858
f 1128//1892 1123//1876 2523//1879
f 1128//1892 2523//1879 2522//1893
f 1105//1854 1107//1504 2526//1523
f 1105//1854 2526//1523 2527//1764
f 1105//1854 2527//1764 2528//1763
f 2527//1764 2526//1523 860//1522
f 2527//1764 860//1522 856//1765
f 2527//1764 856//1765 1010//1762
f 1105//1854 2528//1763 1011//1761
f 1105//1854 1011//1761 1008//1728
f 1105//1854 1008//1728 2529//1727
f 2537//3643 2531//1681 994//1680
f 2537//3643 994//1680 2532//1709
f 2537//3643 2532//1709 2534//3644
f 2532//1709 2533//1708 2535//1425
f 2532//1709 2535//1425 2534//3644
f 2534//3644 2535//1425 2548//1427
f 2534//3644 2548//1427 2547//3645
f 2534//3644 2547//3645 2536//1471
f 857//1473 2537//3643 2534//3644
f 857//1473 2534//3644 2536//1471
f 857//1473 2536//1471 854//1470
f 2538//3646 2539//1682 2531//1681
f 2538//3646 2531//1681 2537//3643
f 2537//3643 857//1473 2542//1478
f 2537//3643 2542//1478 2540//3647
f 2537//3643 2540//3647 2538//3646
f 2545//1683 2539//1682 2538//3646
f 2545//1683 2538//3646 2540//3647
f 2545//1683 2540//3647 2541//3648
f 2540//3647 2542//1478 859//1477
f 2540//3647 859//1477 2544//1496
f 2540//3647 2544//1496 2541//3648
f 2546//1684 2545//1683 2541//3648
f 2546//1684 2541//3648 2543//3649
f 2543//3649 2541//3648 2544//1496
f 2543//3649 2544//1496 937//1649
f 952//1670 956//1672 2546//1684
f 952//1670 2546//1684 2543//3649
f 940//1650 952//1670 2543//3649
f 940//1650 2543//3649 937//1649
f 2549//3650 852//1467 2536//1471
f 2549//3650 2536//1471 2547//3645
f 2550//3651 844//3652 2549//3650
f 2550//3651 2549//3650 2547//3645
f 2550//3651 2547//3645 2548//1427
f 831//1428 840//3653 2550//3651
f 831//1428 2550//3651 2548//1427
f 831//1428 2548//1427 829//1426
f 2533//1708 2551//1707 828//1421
f 2533//1708 828//1421 2535//1425
f 2551//1707 2552//1706 825//1420
f 2551//1707 825//1420 828//1421
f 2552//1706 977//1704 2553//1419
f 2552//1706 2553//1419 825//1420
f 975//1703 813//1397 817//1399
f 975//1703 817//1399 2553//1419
f 813//1397 975//1703 970//1702
f 813//1397 970//1702 811//1388
f 2554//1701 2555//3654 800//3655
f 2554//1701 800//3655 806//1383
f 2554//1701 806//1383 971//1389
f 2555//3654 2554//1701 968//1697
f 2555//3654 968//1697 2558//1699
f 2555//3654 2558//1699 2556//3656
f 2559//3657 800//3655 2555//3654
f 2559//3657 2555//3654 2556//3656
f 965//1696 2557//1356 2556//3656
f 965//1696 2556//3656 2558//1699
f 793//1355 2559//3657 2556//3656
f 793//1355 2556//3656 2557//1356
f 786//1330 790//1342 2557//1356
f 786//1330 2557//1356 965//1696
f 698//1217 2563//265 121//263
f 698//1217 121//263 2562//262
f 698//1217 2562//262 706//1226
f 2563//265 694//1207 670//1206
f 2563//265 670//1206 141//299
f 2563//265 141//299 2590//298
f 2563//265 2590//298 2589//297
f 2563//265 2589//297 2588//296
f 2563//265 2588//296 2587//295
f 2563//265 2587//295 2586//294
f 2563//265 2586//294 2585//293
f 2563//265 2585//293 2584//280
f 2563//265 2584//280 2583//280
f 2563//265 2583//280 2582//292
f 2563//265 2582//292 2581//291
f 2563//265 2581//291 2580//290
f 2563//265 2580//290 2579//289
f 2563//265 2579//289 2578//288
f 2563//265 2578//288 2577//287
f 2563//265 2577//287 2576//286
f 2563//265 2576//286 2575//285
f 2563//265 2575//285 2574//284
f 2563//265 2574//284 2573//283
f 2563//265 2573//283 2572//282
f 2563//265 2572//282 2571//281
f 2563//265 2571//281 2570//280
f 2563//265 2570//280 2569//279
f 2563//265 2569//279 2568//278
f 2563//265 2568//278 2567//277
f 2563//265 2567//277 2566//276
f 2563//265 2566//276 2565//275
f 2563//265 2565//275 2564//266
f 668//1205 2592//1204 2593//305
f 668//1205 2593//305 143//301
f 668//1205 143//301 2591//300
f 2594//1024 2595//2676 2597//3658
f 2594//1024 2597//3658 2596//1025
f 2598//3659 606//1019 2596//1025
f 2598//3659 2596//1025 2597//3658
f 2601//3660 2598//3659 2597//3658
f 2601//3660 2597//3658 2599//3661
f 2595//2676 2615//662 2600//661
f 2595//2676 2600//661 2599//3661
f 2595//2676 2599//3661 2597//3658
f 2600//661 333//660 340//664
f 2600//661 340//664 2602//672
f 2600//661 2602//672 2601//3660
f 2600//661 2601//3660 2599//3661
f 2605//3662 2603//3663 2601//3660
f 2605//3662 2601//3660 2602//672
f 2603//3663 2606//3664 2598//3659
f 2603//3663 2598//3659 2601//3660
f 2604//3665 2607//3666 2606//3664
f 2604//3665 2606//3664 2603//3663
f 2611//3667 2604//3665 2603//3663
f 2611//3667 2603//3663 2605//3662
f 2606//3664 603//1017 606//1019
f 2606//3664 606//1019 2598//3659
f 2607//3666 2609//1008 603//1017
f 2607//3666 603//1017 2606//3664
f 2608//965 593//1004 2609//1008
f 2608//965 2609//1008 2607//3666
f 570//962 2608//965 2607//3666
f 570//962 2607//3666 2604//3665
f 571//964 590//968 593//1004
f 571//964 593//1004 2608//965
f 2612//3668 2611//3667 2605//3662
f 2612//3668 2605//3662 2610//3669
f 2610//3669 2605//3662 2602//672
f 2610//3669 2602//672 342//671
f 568//960 570//962 2604//3665
f 568//960 2604//3665 2611//3667
f 566//959 568//960 2611//3667
f 566//959 2611//3667 2612//3668
f 2613//682 529//681 2619//934
f 2613//682 2619//934 566//959
f 2613//682 566//959 2612//3668
f 2614//683 2613//682 2612//3668
f 2614//683 2612//3668 2610//3669
f 346//674 2614//683 2610//3669
f 346//674 2610//3669 342//671
f 532//935 526//916 524//915
f 532//935 524//915 2620//914
f 2638//783 454//849 456//850
f 2638//783 456//850 461//859
f 454//849 2638//783 2639//784
f 454//849 2639//784 2640//797
f 454//849 2640//797 2641//796
f 2640//797 2639//784 402//782
f 2640//797 402//782 405//781
f 2640//797 405//781 412//787
f 433//824 2642//836 2643//813
f 433//824 2643//813 429//812
f 410//573 2646//790 2647//3670
f 410//573 2647//3670 2648//7
f 410//573 2648//7 2645//556
f 383//738 381//737 2647//3670
f 383//738 2647//3670 2646//790
f 383//738 2646//790 407//789
f 381//737 2649//8 2648//7
f 381//737 2648//7 2647//3670
f 370//720 364//715 2655//666
f 370//720 2655//666 328//630
f 370//720 328//630 325//628
f 278//529 2657//3671 2656//21
f 278//529 2656//21 9//24
f 278//529 9//24 2659//3672
f 278//529 2659//3672 2658//530
f 2662//26 25//3673 2661//3674
f 2662//26 2661//3674 2660//3675
f 2662//26 2660//3675 2658//3676
f 2662//26 2658//3676 2659//27
f 2661//3674 28//3677 264//515
f 2661//3674 264//515 267//516
f 2661//3674 267//516 276//3678
f 2661//3674 276//3678 2660//3675
f 247//505 2667//504 2666//400
f 247//505 2666//400 2665//399
f 2667//504 2716//503 2671//3679
f 2667//504 2671//3679 2670//3680
f 2667//504 2670//3680 2668//401
f 2667//504 2668//401 2666//400
f 2670//3680 2672//3681 2674//3682
f 2670//3680 2674//3682 2676//3681
f 2670//3680 2676//3681 2677//3683
f 2670//3680 2677//3683 2669//402
f 2670//3680 2669//402 2668//401
f 2672//3684 2670//3685 2671//3679
f 2672//3684 2671//3679 2715//3686
f 2672//3684 2715//3686 2673//3687
f 2674//3688 2672//3684 2673//3687
f 2674//3688 2673//3687 2675//3689
f 2676//3690 2674//3688 2675//3689
f 2676//3690 2675//3689 2678//3691
f 2677//3692 2676//3690 2678//3691
f 2677//3692 2678//3691 2679//3693
f 2682//3694 2683//3695 2701//3696
f 2682//3694 2701//3696 2702//3697
f 2682//3694 2702//3697 2703//3698
f 2682//3694 2703//3698 2705//3699
f 2682//3694 2705//3699 2706//3700
f 2682//3694 2706//3700 2711//3701
f 2682//3694 2711//3701 2712//3702
f 2682//3694 2712//3702 2713//3703
f 2682//3694 2713//3703 2677//3692
f 2682//3694 2677//3692 2679//3693
f 2682//3694 2679//3693 2680//3704
f 2685//3705 2684//3706 2682//3694
f 2685//3705 2682//3694 2680//3704
f 2685//3705 2680//3704 2681//3707
f 2683//3695 2682//3694 2684//3706
f 2683//3695 2684//3706 2686//412
f 2683//3695 2686//412 2687//411
f 2684//3706 2685//3705 2689//3708
f 2684//3706 2689//3708 2688//413
f 2684//3706 2688//413 2686//412
f 2689//3708 2690//3709 2692//3710
f 2689//3708 2692//3710 2693//415
f 2689//3708 2693//415 189//414
f 2689//3708 189//414 2688//413
f 2690//3709 2689//3708 2685//3705
f 2690//3709 2685//3705 2681//3707
f 2690//3709 2681//3707 221//3711
f 2690//3709 221//3711 2691//3712
f 2692//3710 2690//3709 2691//3712
f 2692//3710 2691//3712 2694//3713
f 2695//416 2693//415 2692//3710
f 2695//416 2692//3710 2694//3713
f 2695//416 2694//3713 219//3714
f 2695//416 219//3714 217//3715
f 2695//416 217//3715 215//3716
f 2695//416 215//3716 2697//3717
f 2696//417 2695//416 2697//3717
f 2696//417 2697//3717 213//3718
f 2696//417 213//3718 2698//3719
f 194//418 2696//417 2698//3719
f 194//418 2698//3719 196//422
f 2701//3720 2683//3695 2687//411
f 2701//3720 2687//411 2699//410
f 2702//3721 2701//3720 2699//410
f 2702//3721 2699//410 2700//409
f 2703//3722 2702//3721 2700//409
f 2703//3722 2700//409 2704//408
f 2705//3723 2703//3722 2704//408
f 2705//3723 2704//408 2707//407
f 2706//3724 2705//3723 2707//407
f 2706//3724 2707//407 2708//406
f 2711//3725 2706//3724 2708//406
f 2711//3725 2708//406 2709//405
f 2712//3726 2711//3725 2709//405
f 2712//3726 2709//405 2710//404
f 2713//3727 2712//3726 2710//404
f 2713//3727 2710//404 2714//403
f 2677//3683 2713//3727 2714//403
f 2677//3683 2714//403 2669//402
f 2671//3679 2716//503 245//506
f 2671//3679 245//506 2715//3686
f 2719//3728 2718//3729 168//3730
f 2719//3728 168//3730 2721//3731
f 2720//3732 2719//3728 2721//3731
f 2720//3732 2721//3731 2722//3733
f 2725//3734 2720//3732 2722//3733
f 2725//3734 2722//3733 2723//3735
f 2726//3736 2725//3734 2723//3735
f 2726//3736 2723//3735 2724//3737
f 2727//3738 2726//3736 2724//3737
f 2727//3738 2724//3737 2728//3739
f 2729//3740 2727//3738 2728//3739
f 2729//3740 2728//3739 2731//3741
f 2730//3742 2729//3740 2731//3741
f 2730//3742 2731//3741 2732//3743
f 2735//3744 2730//3742 2732//3743
f 2735//3744 2732//3743 2733//3745
f 2736//3746 2735//3744 2733//3745
f 2736//3746 2733//3745 2734//3747
f 112//211 2736//3746 2734//3747
f 112//211 2734//3747 116//208
