# RL_hip.dae material 磨砂铝合金_008-effect; written by tools/champ_mesh_assets.py
# rgba 0.85 0.85 0.85 1
v 0.090000 0.003108 -0.053610
v 0.090000 0.018086 -0.050563
v 0.090000 -0.012122 -0.052314
v 0.079000 0.003108 -0.053610
v 0.070500 0.003108 -0.053610
v 0.079000 -0.012122 -0.052314
v 0.079000 0.018086 -0.050563
v 0.070500 0.018086 -0.050563
v 0.079000 0.031598 -0.043419
v 0.079000 0.042551 -0.032758
v 0.090000 0.031598 -0.043419
v 0.070500 0.031598 -0.043419
v 0.068500 0.031010 -0.042611
v 0.070500 0.042551 -0.032758
v 0.070500 0.050056 -0.019443
v 0.068500 0.041759 -0.032148
v 0.068500 0.049124 -0.019081
v 0.068500 0.052510 -0.004469
v 0.070500 0.053507 -0.004553
v 0.068500 0.051642 0.010507
v 0.070500 0.052622 0.010706
v 0.068500 0.046590 0.024630
v 0.070500 0.047474 0.025098
v 0.068500 0.037764 0.036758
v 0.070500 0.038480 0.037456
v 0.068500 0.025878 0.045909
v 0.068500 0.011896 0.051340
v 0.070500 0.026369 0.046780
v 0.079000 0.026369 0.046780
v 0.070500 0.012122 0.052314
v 0.070500 -0.003108 0.053610
v 0.079000 0.012122 0.052314
v 0.079000 -0.003108 0.053610
v 0.090000 0.012122 0.052314
v 0.090000 0.026369 0.046780
v 0.090000 -0.003108 0.053610
v 0.090000 -0.018086 0.050563
v 0.090000 -0.031598 0.043419
v 0.079000 -0.018086 0.050563
v 0.070500 -0.018086 0.050563
v 0.079000 -0.031598 0.043419
v 0.070500 -0.031598 0.043419
v 0.079000 -0.042551 0.032758
v 0.079000 -0.050056 0.019443
v 0.070500 -0.042551 0.032758
v 0.090000 -0.042551 0.032758
v 0.090000 -0.050056 0.019443
v 0.090000 -0.053507 0.004553
v 0.090000 -0.052622 -0.010706
v 0.079000 -0.053507 0.004553
v 0.079000 -0.052622 -0.010706
v 0.070500 -0.053507 0.004553
v 0.068500 -0.052510 0.004469
v 0.070500 -0.052622 -0.010706
v 0.070500 -0.050056 0.019443
v 0.068500 -0.049124 0.019081
v 0.068500 -0.041759 0.032148
v 0.068500 -0.031010 0.042611
v 0.068500 -0.017749 0.049621
v 0.068500 -0.003050 0.052612
v 0.070500 -0.047474 -0.025098
v 0.068500 -0.051642 -0.010507
v 0.068500 -0.046590 -0.024630
v 0.068500 -0.037764 -0.036759
v 0.068500 -0.025878 -0.045909
v 0.070500 -0.038480 -0.037456
v 0.079000 -0.038480 -0.037456
v 0.070500 -0.026369 -0.046780
v 0.070500 -0.012122 -0.052314
v 0.079000 -0.026369 -0.046780
v 0.090000 -0.026369 -0.046780
v 0.090000 -0.038480 -0.037456
v 0.090000 -0.047474 -0.025098
v 0.079000 -0.047474 -0.025098
v 0.068500 -0.011896 -0.051340
v 0.068500 0.003050 -0.052612
v 0.068500 0.017749 -0.049621
v 0.090000 0.038480 0.037456
v 0.079000 0.038480 0.037456
v 0.090000 0.047474 0.025098
v 0.079000 0.047474 0.025098
v 0.090000 0.052622 0.010706
v 0.090000 0.053507 -0.004553
v 0.079000 0.052622 0.010706
v 0.079000 0.053507 -0.004553
v 0.079000 0.050056 -0.019443
v 0.090000 0.050056 -0.019443
v 0.090000 0.042551 -0.032758
v 0.068500 -0.051317 -0.011080
v 0.068500 -0.051910 -0.009908
v 0.068500 -0.046463 -0.024443
v 0.068000 -0.051806 -0.011186
v 0.057629 -0.051806 -0.011186
v 0.068000 -0.052285 -0.010239
v 0.068000 -0.046905 -0.024676
v 0.057629 -0.046905 -0.024676
v 0.068000 -0.038565 -0.036356
v 0.068500 -0.038201 -0.036013
v 0.068000 -0.038565 -0.036356
v 0.057629 -0.038565 -0.036356
v 0.068000 -0.027397 -0.045370
v 0.068500 -0.027138 -0.044942
v 0.068000 -0.027396 -0.045370
v 0.068000 -0.014219 -0.051057
v 0.065500 -0.027396 -0.045370
v 0.065500 -0.028000 -0.045000
v 0.065500 -0.027143 -0.045522
v 0.057445 -0.026957 -0.045658
v 0.065500 -0.026275 -0.046029
v 0.065500 -0.024806 -0.046837
v 0.056588 -0.025776 -0.046474
v 0.057134 -0.026407 -0.046027
v 0.055892 -0.025176 -0.046922
v 0.055809 -0.025204 -0.046816
v 0.054373 -0.024206 -0.047695
v 0.054303 -0.024248 -0.047589
v 0.053851 -0.023942 -0.047919
v 0.052682 -0.023460 -0.048357
v 0.052428 -0.023374 -0.048440
v 0.052627 -0.023514 -0.048247
v 0.053451 -0.023836 -0.047947
v 0.051907 -0.023295 -0.048473
v 0.051910 -0.023295 -0.046887
v 0.050806 -0.023072 -0.048748
v 0.050806 -0.023072 -0.048748
v 0.050261 -0.023000 -0.048866
v 0.031969 -0.019637 -0.054552
v 0.050295 -0.022927 -0.048982
v 0.050261 -0.023000 -0.047268
v 0.051046 -0.023110 -0.047100
v 0.050259 -0.022890 -0.047193
v 0.030199 -0.019220 -0.053668
v 0.030199 -0.019220 -0.055257
v 0.023508 -0.017541 -0.056511
v 0.023498 -0.017449 -0.056435
v 0.019509 -0.016479 -0.058150
v 0.019498 -0.016415 -0.058076
v 0.015414 -0.015362 -0.059491
v 0.011192 -0.014192 -0.059901
v 0.015407 -0.015328 -0.059429
v 0.018114 -0.016050 -0.058580
v 0.013946 -0.014935 -0.059775
v 0.028264 -0.015077 -0.053917
v 0.011381 -0.014239 -0.059922
v 0.027916 -0.014284 -0.052948
v 0.011186 -0.014186 -0.059870
v 0.011000 -0.014000 -0.058800
v 0.011000 -0.014000 -0.054984
v 0.027485 -0.014000 -0.051750
v 0.045117 -0.014000 -0.046768
v 0.045372 -0.014304 -0.048059
v 0.063500 -0.014000 -0.045135
v 0.063500 -0.014000 -0.022568
v 0.064500 -0.014268 -0.045136
v 0.063475 -0.014329 -0.046500
v 0.063475 -0.014336 -0.046515
v 0.063455 -0.015260 -0.047579
v 0.064486 -0.014567 -0.046396
v 0.065228 -0.015217 -0.046059
v 0.064474 -0.015411 -0.047377
v 0.064501 -0.014268 -0.045136
v 0.065232 -0.014999 -0.045136
v 0.065232 -0.015000 -0.045136
v 0.065500 -0.016000 -0.045136
v 0.065232 -0.015000 -0.022568
v 0.065500 -0.016000 -0.022568
v 0.065232 -0.015000 0.000000
v 0.064500 -0.014268 -0.022568
v 0.064500 -0.014268 0.000000
v 0.063500 -0.014000 0.000000
v 0.064500 -0.014268 0.022568
v 0.065232 -0.015000 0.022568
v 0.064500 -0.014268 0.045136
v 0.063500 -0.014000 0.022568
v 0.063500 -0.014000 0.045135
v 0.063475 -0.014329 0.046500
v 0.045117 -0.014000 0.046768
v 0.027485 -0.014000 0.051750
v 0.045372 -0.014304 0.048059
v 0.045575 -0.015158 0.049092
v 0.027916 -0.014284 0.052948
v 0.028264 -0.015077 0.053917
v 0.011381 -0.014239 0.059922
v 0.013946 -0.014935 0.059775
v 0.011186 -0.014186 0.059871
v 0.011000 -0.014000 0.058800
v 0.011192 -0.014192 0.059901
v 0.015414 -0.015362 0.059491
v 0.011192 -0.014192 0.061348
v 0.012113 -0.014448 0.062108
v 0.011056 -0.014056 0.061336
v 0.010853 -0.013853 0.061024
v 0.011846 -0.014269 0.062083
v 0.011717 0.000000 0.062576
v 0.012087 -0.014334 0.062222
v 0.013246 -0.014643 0.062538
v 0.012992 0.000000 0.063121
v 0.013391 -0.014681 0.062544
v 0.014059 -0.014858 0.062477
v 0.013361 -0.014794 0.062415
v 0.014618 -0.015142 0.062142
v 0.014704 -0.015028 0.062260
v 0.030199 -0.019220 0.055257
v 0.030199 -0.019220 0.053668
v 0.031969 -0.019637 0.054552
v 0.050261 -0.023000 0.048866
v 0.032034 -0.019552 0.054669
v 0.039233 -0.021111 0.052043
v 0.050295 -0.022927 0.048982
v 0.039437 -0.010457 0.055186
v 0.052407 -0.011433 0.052631
v 0.039492 0.000000 0.056144
v 0.014460 -0.007528 0.062861
v 0.014380 0.000000 0.063032
v 0.014460 0.007528 0.062861
v 0.039437 0.010457 0.055186
v 0.014704 0.015028 0.062260
v 0.014618 0.015142 0.062142
v 0.014630 0.015009 0.062294
v 0.032034 0.019552 0.054669
v 0.031969 0.019637 0.054552
v 0.039233 0.021111 0.052043
v 0.050295 0.022927 0.048982
v 0.050261 0.023000 0.048866
v 0.050842 0.023000 0.048864
v 0.052240 0.023000 0.048666
v 0.050842 0.023000 0.048864
v 0.050806 0.023073 0.048748
v 0.050806 0.023073 0.048748
v 0.053813 0.024001 0.047800
v 0.054059 0.024122 0.047696
v 0.053818 0.024002 0.046215
v 0.051046 0.023110 0.047100
v 0.054229 0.024207 0.046035
v 0.054261 0.024087 0.045967
v 0.056694 0.026000 0.044593
v 0.056694 0.026000 0.046216
v 0.056847 0.026000 0.044449
v 0.055675 0.024955 0.045250
v 0.063517 0.026000 0.044346
v 0.063535 0.024670 0.045117
v 0.064036 0.026000 0.044261
v 0.064508 0.026000 0.044027
v 0.065234 0.026000 0.043168
v 0.064512 0.022885 0.045700
v 0.063522 0.023000 0.045950
v 0.064513 0.022884 0.045700
v 0.064469 0.017899 0.047734
v 0.065235 0.022578 0.045037
v 0.065224 0.017659 0.047040
v 0.065236 0.022578 0.045037
v 0.065500 0.022162 0.044134
v 0.065500 0.017327 0.046081
v 0.065500 0.026000 0.041990
v 0.065500 0.026000 0.046184
v 0.056804 0.026000 0.046313
v 0.065500 0.024733 0.046875
v 0.065500 0.027396 0.045370
v 0.065500 0.038565 0.036356
v 0.068000 0.027396 0.045370
v 0.068000 0.027397 0.045370
v 0.068000 0.014219 0.051057
v 0.068000 0.014218 0.051057
v 0.068500 0.014085 0.050575
v 0.068500 0.000000 0.052500
v 0.068500 0.027138 0.044942
v 0.068500 0.038201 0.036013
v 0.068500 0.046463 0.024443
v 0.068000 0.038565 0.036356
v 0.068000 0.046905 0.024676
v 0.068000 0.038565 0.036356
v 0.068000 0.051806 0.011186
v 0.065500 0.046905 0.024676
v 0.065500 0.051806 0.011186
v 0.065500 0.052803 -0.000000
v 0.068000 0.052805 -0.000000
v 0.065500 0.051806 -0.011186
v 0.068000 0.051806 -0.011186
v 0.065500 0.046905 -0.024675
v 0.068000 0.046905 -0.024676
v 0.065500 0.038565 -0.036355
v 0.068000 0.038565 -0.036356
v 0.065500 0.027397 -0.045370
v 0.065500 0.026000 -0.046184
v 0.068000 0.027397 -0.045370
v 0.068500 0.027138 -0.044942
v 0.068000 0.014220 -0.051057
v 0.065500 0.014220 -0.051056
v 0.068000 0.014219 -0.051057
v 0.068000 -0.000000 -0.053000
v 0.068500 0.014085 -0.050575
v 0.068500 -0.000000 -0.052500
v 0.068500 -0.014085 -0.050575
v 0.068000 -0.014218 -0.051057
v 0.065500 -0.000000 -0.053000
v 0.039492 -0.000000 -0.056144
v 0.065500 0.011799 -0.051670
v 0.065500 -0.011799 -0.051670
v 0.065500 -0.014218 -0.051057
v 0.052407 -0.011433 -0.052631
v 0.039437 -0.010457 -0.055186
v 0.052240 -0.023000 -0.048666
v 0.065500 -0.023000 -0.047749
v 0.050842 -0.023000 -0.048864
v 0.050842 -0.023000 -0.048864
v 0.050842 -0.023000 -0.048864
v 0.050842 -0.023000 -0.048864
v 0.050842 -0.023000 -0.048864
v 0.050842 -0.023000 -0.048864
v 0.050842 -0.023000 -0.048864
v 0.050842 -0.023000 -0.048864
v 0.050842 -0.023000 -0.048864
v 0.050842 -0.023000 -0.048864
v 0.050842 -0.023000 -0.048864
v 0.050843 -0.023000 -0.048864
v 0.050843 -0.023000 -0.048864
v 0.050844 -0.023000 -0.048864
v 0.050846 -0.023001 -0.048863
v 0.050851 -0.023001 -0.048862
v 0.050859 -0.023003 -0.048860
v 0.050876 -0.023005 -0.048857
v 0.050910 -0.023010 -0.048849
v 0.050978 -0.023021 -0.048834
v 0.051113 -0.023044 -0.048803
v 0.051381 -0.023096 -0.048738
v 0.051647 -0.023155 -0.048670
v 0.051910 -0.023222 -0.048597
v 0.052171 -0.023295 -0.048520
v 0.039233 -0.021111 -0.052043
v 0.014460 -0.007528 -0.062861
v 0.014380 -0.000000 -0.063032
v 0.014704 -0.015028 -0.062260
v 0.014618 -0.015142 -0.062142
v 0.014630 -0.015009 -0.062294
v 0.032034 -0.019552 -0.054669
v 0.014587 -0.014998 -0.062312
v 0.014586 -0.014997 -0.062312
v 0.014586 -0.014997 -0.062312
v 0.014586 -0.014997 -0.062312
v 0.014586 -0.014997 -0.062312
v 0.014586 -0.014997 -0.062312
v 0.014586 -0.014997 -0.062312
v 0.014587 -0.014997 -0.062312
v 0.014587 -0.014997 -0.062312
v 0.014587 -0.014997 -0.062312
v 0.014587 -0.014997 -0.062312
v 0.014587 -0.014997 -0.062312
v 0.014587 -0.014997 -0.062312
v 0.014586 -0.014997 -0.062312
v 0.014586 -0.014997 -0.062312
v 0.014583 -0.014997 -0.062313
v 0.014573 -0.014994 -0.062317
v 0.014376 -0.014942 -0.062391
v 0.014059 -0.014858 -0.062477
v 0.013391 -0.014681 -0.062544
v 0.013361 -0.014794 -0.062415
v 0.013246 -0.014643 -0.062538
v 0.012992 -0.000000 -0.063121
v 0.012087 -0.014334 -0.062222
v 0.012113 -0.014448 -0.062108
v 0.011846 -0.014269 -0.062083
v 0.011056 -0.014056 -0.061336
v 0.011717 -0.000000 -0.062576
v 0.011846 0.014269 -0.062083
v 0.010823 -0.000000 -0.061517
v 0.010853 0.013853 -0.061023
v 0.010500 -0.000000 -0.060164
v 0.010853 -0.013853 -0.061023
v 0.010593 -0.013593 -0.060372
v 0.010500 -0.013500 -0.059637
v 0.010500 -0.013500 -0.054984
v 0.010500 -0.000000 -0.054984
v 0.010718 -0.013500 -0.053860
v 0.010794 -0.013500 -0.053689
v 0.010718 -0.000000 -0.053860
v 0.011342 -0.000000 -0.052900
v 0.010718 0.013500 -0.053860
v 0.010794 0.013500 -0.053689
v 0.010500 0.013500 -0.054984
v 0.011000 0.014000 -0.054984
v 0.010500 0.013500 -0.059637
v 0.010593 0.013593 -0.060372
v 0.011245 0.014000 -0.053905
v 0.011000 0.014000 -0.058800
v 0.027485 0.014000 -0.051750
v 0.011186 0.014186 -0.059870
v 0.011192 0.014192 -0.059901
v 0.011381 0.014239 -0.059922
v 0.027916 0.014284 -0.052948
v 0.013946 0.014935 -0.059775
v 0.028264 0.015077 -0.053917
v 0.015407 0.015328 -0.059429
v 0.015414 0.015362 -0.059491
v 0.018114 0.016050 -0.058580
v 0.019498 0.016415 -0.058076
v 0.028466 0.016232 -0.054479
v 0.045685 0.016388 -0.049650
v 0.028483 0.017536 -0.054528
v 0.023981 0.017459 -0.056241
v 0.043174 0.017710 -0.050157
v 0.043182 0.021828 -0.048995
v 0.045680 0.017738 -0.049622
v 0.063448 0.017981 -0.047970
v 0.063446 0.016583 -0.048106
v 0.064469 0.017899 -0.047734
v 0.063522 0.023000 -0.045950
v 0.063535 0.024670 -0.045117
v 0.064512 0.022885 -0.045700
v 0.051048 0.023000 -0.047023
v 0.051046 0.023110 -0.047100
v 0.050259 0.022890 -0.047193
v 0.051421 0.023067 -0.046939
v 0.051608 0.023106 -0.046894
v 0.051698 0.023125 -0.046872
v 0.051745 0.023136 -0.046860
v 0.051771 0.023142 -0.046853
v 0.051776 0.023143 -0.046852
v 0.051776 0.023144 -0.046852
v 0.051776 0.023144 -0.046852
v 0.051776 0.023144 -0.046852
v 0.051776 0.023144 -0.046852
v 0.051776 0.023143 -0.046852
v 0.051776 0.023143 -0.046852
v 0.051776 0.023143 -0.046852
v 0.051776 0.023143 -0.046852
v 0.051776 0.023143 -0.046852
v 0.051776 0.023143 -0.046852
v 0.051777 0.023144 -0.046851
v 0.051781 0.023145 -0.046850
v 0.052509 0.023348 -0.046640
v 0.053855 0.023885 -0.046143
v 0.054261 0.024087 -0.045967
v 0.054229 0.024207 -0.046035
v 0.054958 0.024479 -0.045636
v 0.055140 0.024592 -0.045543
v 0.055240 0.024656 -0.045491
v 0.055253 0.024665 -0.045484
v 0.055259 0.024669 -0.045480
v 0.055260 0.024669 -0.045480
v 0.055260 0.024669 -0.045480
v 0.055260 0.024669 -0.045480
v 0.055260 0.024669 -0.045480
v 0.055260 0.024669 -0.045480
v 0.055260 0.024669 -0.045480
v 0.055260 0.024669 -0.045480
v 0.055260 0.024669 -0.045480
v 0.055260 0.024669 -0.045480
v 0.055260 0.024669 -0.045480
v 0.055260 0.024669 -0.045480
v 0.055260 0.024669 -0.045480
v 0.055266 0.024673 -0.045477
v 0.055288 0.024687 -0.045465
v 0.055675 0.024955 -0.045250
v 0.056847 0.026000 -0.044449
v 0.056694 0.026000 -0.044593
v 0.063517 0.026000 -0.044346
v 0.064036 0.026000 -0.044261
v 0.064508 0.026000 -0.044027
v 0.065234 0.026000 -0.043168
v 0.065236 0.022578 -0.045036
v 0.065500 0.026000 -0.041990
v 0.065500 0.022162 -0.044134
v 0.065500 0.017327 -0.046081
v 0.065224 0.017659 -0.047040
v 0.065500 0.016859 -0.046126
v 0.065500 0.016422 -0.045952
v 0.065223 0.016715 -0.047131
v 0.065225 0.015836 -0.046778
v 0.064468 0.016612 -0.047859
v 0.064470 0.017899 -0.047734
v 0.063446 0.016576 -0.048105
v 0.064474 0.015411 -0.047377
v 0.064486 0.014567 -0.046396
v 0.063455 0.015265 -0.047583
v 0.063455 0.015260 -0.047579
v 0.045575 0.015158 -0.049092
v 0.063475 0.014336 -0.046515
v 0.063475 0.014329 -0.046500
v 0.063500 0.014000 -0.045135
v 0.045372 0.014304 -0.048059
v 0.045117 0.014000 -0.046768
v 0.064500 0.014268 -0.045136
v 0.063500 0.014000 -0.022568
v 0.064500 0.014268 -0.022568
v 0.063500 0.014000 -0.000000
v 0.063500 0.014000 0.022568
v 0.064500 0.014268 -0.000000
v 0.054500 0.014000 -0.000000
v 0.054500 -0.014000 0.000000
v 0.052490 0.014000 -0.014598
v 0.052490 0.014000 0.014598
v 0.052490 -0.014000 0.014598
v 0.046608 0.014000 0.028108
v 0.037293 0.014000 0.039526
v 0.046608 -0.014000 0.028108
v 0.037293 -0.014000 0.039526
v 0.025238 -0.014000 0.048000
v 0.012925 -0.014000 0.052551
v 0.025238 0.014000 0.048000
v 0.012925 0.014000 0.052551
v 0.011752 0.013714 0.052815
v 0.011931 0.014000 0.053038
v 0.011245 0.014000 0.053905
v 0.010794 0.013500 0.053690
v 0.011000 0.014000 0.054984
v 0.010500 0.013500 0.054984
v 0.011000 0.014000 0.058800
v 0.027485 0.014000 0.051750
v 0.011186 0.014186 0.059871
v 0.011192 0.014192 0.059901
v 0.011381 0.014239 0.059922
v 0.027916 0.014284 0.052948
v 0.013946 0.014935 0.059775
v 0.015407 0.015328 0.059429
v 0.028264 0.015077 0.053917
v 0.028466 0.016232 0.054479
v 0.045575 0.015158 0.049092
v 0.045685 0.016388 0.049650
v 0.045372 0.014304 0.048059
v 0.063455 0.015260 0.047579
v 0.063455 0.015265 0.047583
v 0.063475 0.014336 0.046515
v 0.064486 0.014567 0.046396
v 0.063475 0.014329 0.046500
v 0.063500 0.014000 0.045135
v 0.045117 0.014000 0.046768
v 0.064500 0.014268 0.045136
v 0.064501 0.014268 0.045136
v 0.064500 0.014268 0.022568
v 0.065232 0.015000 0.022568
v 0.065232 0.015000 0.045136
v 0.065232 0.015000 -0.000000
v 0.065500 0.016000 0.022568
v 0.065500 0.016000 0.045136
v 0.065500 0.016000 -0.000000
v 0.065500 0.016000 -0.022568
v 0.065232 0.015000 -0.022568
v 0.065500 0.016000 -0.045136
v 0.065232 0.015000 -0.045136
v 0.065500 0.016112 -0.045596
v 0.065228 0.015217 -0.046059
v 0.065232 0.014999 -0.045136
v 0.064501 0.014268 -0.045136
v 0.065500 0.016112 0.045596
v 0.065228 0.015217 0.046059
v 0.065500 0.016422 0.045952
v 0.065225 0.015836 0.046778
v 0.065500 0.016859 0.046126
v 0.065223 0.016715 0.047131
v 0.064468 0.016612 0.047859
v 0.064474 0.015411 0.047377
v 0.064470 0.017899 0.047734
v 0.063446 0.016576 0.048105
v 0.063446 0.016583 0.048106
v 0.063448 0.017981 0.047970
v 0.045680 0.017738 0.049622
v 0.043174 0.017710 0.050157
v 0.043182 0.021828 0.048995
v 0.028483 0.017536 0.054528
v 0.023981 0.017459 0.056241
v 0.023785 0.017411 0.056327
v 0.024233 0.017639 0.056111
v 0.023552 0.017463 0.056411
v 0.023498 0.017449 0.056435
v 0.023582 0.017451 0.056401
v 0.019498 0.016415 0.058076
v 0.023508 0.017541 0.056511
v 0.030199 0.019220 0.053668
v 0.019509 0.016479 0.058151
v 0.015414 0.015362 0.059491
v 0.050261 0.023000 0.047268
v 0.030199 0.019220 0.055257
v 0.050259 0.022890 0.047193
v 0.051048 0.023000 0.047023
v 0.051421 0.023067 0.046939
v 0.051608 0.023106 0.046894
v 0.051698 0.023125 0.046872
v 0.051745 0.023136 0.046860
v 0.051771 0.023142 0.046853
v 0.051776 0.023143 0.046852
v 0.051776 0.023144 0.046852
v 0.051776 0.023144 0.046852
v 0.051776 0.023144 0.046852
v 0.051776 0.023144 0.046852
v 0.051776 0.023143 0.046852
v 0.051776 0.023143 0.046852
v 0.051776 0.023143 0.046852
v 0.051776 0.023143 0.046852
v 0.051776 0.023143 0.046852
v 0.051776 0.023143 0.046852
v 0.051777 0.023144 0.046852
v 0.051781 0.023145 0.046851
v 0.052509 0.023348 0.046640
v 0.053856 0.023885 0.046143
v 0.018114 0.016050 0.058580
v 0.065232 0.014999 0.045136
v 0.011192 0.014192 0.061348
v 0.012113 0.014448 0.062108
v 0.011056 0.014056 0.061336
v 0.011846 0.014269 0.062083
v 0.010853 0.013853 0.061024
v 0.010593 0.013593 0.060372
v 0.010823 0.000000 0.061517
v 0.010500 0.000000 0.060164
v 0.010500 -0.013500 0.059637
v 0.010500 0.013500 0.059637
v 0.010500 0.000000 0.054984
v 0.010500 -0.013500 0.054984
v 0.010718 0.000000 0.053861
v 0.010718 -0.013500 0.053861
v 0.010718 0.013500 0.053861
v 0.011342 0.000000 0.052900
v 0.011342 0.013500 0.052900
v 0.011342 -0.013500 0.052900
v 0.011752 -0.013714 0.052815
v 0.010794 -0.013500 0.053690
v 0.011245 -0.014000 0.053905
v 0.011000 -0.014000 0.054984
v 0.011931 -0.014000 0.053038
v 0.010593 -0.013593 0.060372
v 0.012087 0.014334 0.062222
v 0.013246 0.014643 0.062538
v 0.013391 0.014681 0.062544
v 0.013361 0.014794 0.062415
v 0.014059 0.014858 0.062477
v 0.014376 0.014942 0.062391
v 0.014573 0.014994 0.062317
v 0.014583 0.014997 0.062313
v 0.014586 0.014997 0.062312
v 0.014586 0.014997 0.062312
v 0.014587 0.014997 0.062312
v 0.014587 0.014997 0.062312
v 0.014587 0.014997 0.062312
v 0.014587 0.014997 0.062312
v 0.014587 0.014997 0.062312
v 0.014587 0.014997 0.062312
v 0.014586 0.014997 0.062312
v 0.014586 0.014997 0.062312
v 0.014586 0.014997 0.062312
v 0.014586 0.014997 0.062312
v 0.014586 0.014997 0.062312
v 0.014586 0.014997 0.062312
v 0.014587 0.014998 0.062312
v 0.052490 -0.014000 -0.014598
v 0.046608 0.014000 -0.028108
v 0.046608 -0.014000 -0.028108
v 0.037293 0.014000 -0.039526
v 0.025238 0.014000 -0.048000
v 0.037293 -0.014000 -0.039526
v 0.025238 -0.014000 -0.048000
v 0.012925 -0.014000 -0.052551
v 0.011752 -0.013714 -0.052815
v 0.011931 -0.014000 -0.053038
v 0.011245 -0.014000 -0.053905
v 0.011342 -0.013500 -0.052900
v 0.012925 0.014000 -0.052551
v 0.011752 0.013714 -0.052815
v 0.011931 0.014000 -0.053038
v 0.011342 0.013500 -0.052900
v 0.065235 0.022578 -0.045037
v 0.064513 0.022884 -0.045700
v 0.056694 0.026000 -0.046216
v 0.056804 0.026000 -0.046313
v 0.054059 0.024122 -0.047696
v 0.054127 0.024078 -0.047803
v 0.053813 0.024001 -0.047800
v 0.050806 0.023073 -0.048748
v 0.053818 0.024002 -0.046215
v 0.050806 0.023073 -0.048748
v 0.050261 0.023000 -0.048866
v 0.031969 0.019637 -0.054552
v 0.050295 0.022927 -0.048982
v 0.050261 0.023000 -0.047268
v 0.030199 0.019220 -0.053668
v 0.030199 0.019220 -0.055257
v 0.023508 0.017541 -0.056511
v 0.019509 0.016479 -0.058150
v 0.023498 0.017449 -0.056435
v 0.023582 0.017451 -0.056401
v 0.023552 0.017463 -0.056411
v 0.024233 0.017639 -0.056111
v 0.023785 0.017411 -0.056327
v 0.014618 0.015142 -0.062142
v 0.014704 0.015028 -0.062260
v 0.013361 0.014794 -0.062415
v 0.013391 0.014681 -0.062544
v 0.012113 0.014448 -0.062108
v 0.012087 0.014334 -0.062222
v 0.011192 0.014192 -0.061348
v 0.011056 0.014056 -0.061336
v 0.013246 0.014643 -0.062538
v 0.014059 0.014858 -0.062477
v 0.014376 0.014942 -0.062391
v 0.014573 0.014994 -0.062317
v 0.014583 0.014997 -0.062313
v 0.014586 0.014997 -0.062312
v 0.014586 0.014997 -0.062312
v 0.014587 0.014997 -0.062312
v 0.014587 0.014997 -0.062312
v 0.014587 0.014997 -0.062312
v 0.014587 0.014997 -0.062312
v 0.014587 0.014997 -0.062312
v 0.014587 0.014997 -0.062312
v 0.014586 0.014997 -0.062312
v 0.014586 0.014997 -0.062312
v 0.014586 0.014997 -0.062312
v 0.014586 0.014997 -0.062312
v 0.014586 0.014997 -0.062312
v 0.014586 0.014997 -0.062312
v 0.014587 0.014998 -0.062312
v 0.014630 0.015009 -0.062294
v 0.032034 0.019552 -0.054669
v 0.014460 0.007528 -0.062861
v 0.039437 0.010457 -0.055186
v 0.052407 0.011433 -0.052631
v 0.039233 0.021111 -0.052043
v 0.052240 0.023000 -0.048666
v 0.050842 0.023000 -0.048864
v 0.065500 0.023000 -0.047749
v 0.065500 0.024733 -0.046875
v 0.053703 0.023873 -0.047980
v 0.053317 0.023704 -0.048130
v 0.052923 0.023547 -0.048274
v 0.052522 0.023405 -0.048410
v 0.052112 0.023278 -0.048538
v 0.051695 0.023167 -0.048657
v 0.051272 0.023074 -0.048765
v 0.051058 0.023034 -0.048816
v 0.050950 0.023017 -0.048840
v 0.050896 0.023008 -0.048852
v 0.050869 0.023004 -0.048858
v 0.050856 0.023002 -0.048861
v 0.050849 0.023001 -0.048863
v 0.050845 0.023001 -0.048863
v 0.050844 0.023000 -0.048864
v 0.050843 0.023000 -0.048864
v 0.050842 0.023000 -0.048864
v 0.050842 0.023000 -0.048864
v 0.050842 0.023000 -0.048864
v 0.050842 0.023000 -0.048864
v 0.050842 0.023000 -0.048864
v 0.050842 0.023000 -0.048864
v 0.050842 0.023000 -0.048864
v 0.050842 0.023000 -0.048864
v 0.050842 0.023000 -0.048864
v 0.050842 0.023000 -0.048864
v 0.050842 0.023000 -0.048864
v 0.011192 -0.014192 -0.061348
v 0.068500 0.038201 -0.036013
v 0.068500 0.046463 -0.024443
v 0.068500 0.051317 -0.011080
v 0.068500 0.052306 -0.000000
v 0.068500 0.051317 0.011080
v 0.068500 -0.014085 0.050575
v 0.068000 0.000000 0.053000
v 0.065500 0.000000 0.053000
v 0.068000 -0.014219 0.051057
v 0.068000 -0.014220 0.051057
v 0.065500 -0.014220 0.051057
v 0.068000 -0.027397 0.045370
v 0.068500 -0.027138 0.044942
v 0.065500 -0.027397 0.045370
v 0.068000 -0.038565 0.036356
v 0.068500 -0.038201 0.036013
v 0.068000 -0.046905 0.024676
v 0.057629 -0.038565 0.036355
v 0.057629 -0.028069 0.044957
v 0.057629 -0.038924 0.035971
v 0.057500 -0.038829 0.035884
v 0.057629 -0.046905 0.024675
v 0.057629 -0.047027 0.024443
v 0.057500 -0.046912 0.024383
v 0.057629 -0.051806 0.011186
v 0.057500 -0.051680 0.011159
v 0.068000 -0.051806 0.011186
v 0.057629 -0.052285 0.010239
v 0.057500 -0.052188 0.010153
v 0.057629 -0.053166 0.009647
v 0.068000 -0.052285 0.010239
v 0.068000 -0.053166 0.009647
v 0.068500 -0.051910 0.009908
v 0.068500 -0.053001 0.009175
v 0.068500 -0.051317 0.011080
v 0.068500 -0.046463 0.024443
v 0.068500 -0.054310 0.009069
v 0.068000 -0.054223 0.009561
v 0.068500 -0.060634 0.010184
v 0.068000 -0.060548 0.010676
v 0.068500 -0.061158 0.010136
v 0.068000 -0.061333 0.010604
v 0.068500 -0.061585 0.009829
v 0.068000 -0.061973 0.010144
v 0.068500 -0.061797 0.009349
v 0.068000 -0.062291 0.009423
v 0.068500 -0.062500 0.000000
v 0.068000 -0.063000 0.000000
v 0.068500 -0.061797 -0.009349
v 0.068500 -0.061585 -0.009829
v 0.068000 -0.062291 -0.009423
v 0.068000 -0.061973 -0.010144
v 0.057629 -0.062291 -0.009423
v 0.057500 -0.062163 -0.009404
v 0.057629 -0.063000 0.000000
v 0.057629 -0.061973 -0.010144
v 0.057629 -0.061333 -0.010604
v 0.057500 -0.061872 -0.010063
v 0.057500 -0.061287 -0.010483
v 0.057500 -0.060570 -0.010549
v 0.057500 -0.054246 -0.009434
v 0.057629 -0.060548 -0.010676
v 0.057629 -0.054223 -0.009561
v 0.068000 -0.060548 -0.010676
v 0.068500 -0.060634 -0.010184
v 0.068000 -0.061333 -0.010604
v 0.068000 -0.054223 -0.009561
v 0.068500 -0.054310 -0.009069
v 0.068000 -0.053166 -0.009647
v 0.068500 -0.053001 -0.009175
v 0.057629 -0.053166 -0.009647
v 0.057629 -0.052285 -0.010239
v 0.057500 -0.053123 -0.009525
v 0.057500 -0.052188 -0.010153
v 0.057500 -0.051680 -0.011159
v 0.057500 -0.046912 -0.024383
v 0.057500 -0.038829 -0.035884
v 0.057629 -0.047027 -0.024443
v 0.057500 -0.028000 -0.044848
v 0.057629 -0.038924 -0.035971
v 0.057500 -0.027932 -0.044890
v 0.057629 -0.028069 -0.044957
v 0.057500 -0.028000 -0.043184
v 0.057583 -0.027955 -0.043114
v 0.057155 -0.026604 -0.044146
v 0.057500 -0.028045 -0.043155
v 0.057583 -0.028000 -0.043085
v 0.057500 -0.037802 -0.034926
v 0.057500 -0.045234 -0.024550
v 0.057583 -0.037741 -0.034870
v 0.063500 -0.037741 -0.034870
v 0.057583 -0.045161 -0.024511
v 0.057583 -0.049804 -0.012644
v 0.063500 -0.045161 -0.024511
v 0.064500 -0.044926 -0.024383
v 0.063500 -0.049804 -0.012644
v 0.064500 -0.049545 -0.012578
v 0.063500 -0.051384 0.000000
v 0.064500 -0.051116 0.000000
v 0.057583 -0.051384 0.000000
v 0.063500 -0.049804 0.012644
v 0.064500 -0.049545 0.012578
v 0.063500 -0.045161 0.024511
v 0.057583 -0.049804 0.012644
v 0.057500 -0.049884 0.012665
v 0.057583 -0.045161 0.024511
v 0.057500 -0.045234 0.024551
v 0.057583 -0.037741 0.034870
v 0.057583 -0.028000 0.043085
v 0.057500 -0.037802 0.034926
v 0.063500 -0.037741 0.034870
v 0.063500 -0.028000 0.043085
v 0.064500 -0.037544 0.034689
v 0.065232 -0.037007 0.034192
v 0.064500 -0.044926 0.024383
v 0.064500 -0.027854 0.042861
v 0.064513 -0.022885 0.045700
v 0.065232 -0.027455 0.042247
v 0.065500 -0.026910 0.041408
v 0.065236 -0.022578 0.045037
v 0.065500 -0.022162 0.044134
v 0.065235 -0.022578 0.045037
v 0.064513 -0.022884 0.045700
v 0.065224 -0.017659 0.047040
v 0.065500 -0.017327 0.046081
v 0.064470 -0.017899 0.047734
v 0.065223 -0.016715 0.047131
v 0.065500 -0.016859 0.046126
v 0.065225 -0.015836 0.046778
v 0.064468 -0.016612 0.047859
v 0.063446 -0.016576 0.048105
v 0.064474 -0.015411 0.047377
v 0.063455 -0.015265 0.047583
v 0.064486 -0.014567 0.046396
v 0.063475 -0.014336 0.046515
v 0.065228 -0.015217 0.046059
v 0.064501 -0.014268 0.045136
v 0.065232 -0.014999 0.045136
v 0.065232 -0.015000 0.045136
v 0.065500 -0.016000 0.045136
v 0.065500 -0.016000 0.022568
v 0.065500 -0.016112 0.045596
v 0.065500 -0.016422 0.045952
v 0.065500 -0.016000 0.000000
v 0.065500 -0.049384 0.000000
v 0.065500 -0.047866 -0.012152
v 0.065500 -0.047866 0.012152
v 0.065232 -0.050384 0.000000
v 0.065232 -0.048835 -0.012398
v 0.065232 -0.048835 0.012398
v 0.065232 -0.044282 0.024034
v 0.065500 -0.043404 0.023557
v 0.065500 -0.036272 0.033513
v 0.065232 -0.044282 -0.024034
v 0.065500 -0.043404 -0.023557
v 0.065232 -0.037007 -0.034192
v 0.065232 -0.027455 -0.042247
v 0.065500 -0.036272 -0.033513
v 0.064500 -0.037544 -0.034688
v 0.064500 -0.027854 -0.042861
v 0.063500 -0.028000 -0.043085
v 0.064513 -0.022885 -0.045700
v 0.063522 -0.023000 -0.045950
v 0.064513 -0.022884 -0.045700
v 0.065235 -0.022578 -0.045037
v 0.064469 -0.017899 -0.047734
v 0.064470 -0.017899 -0.047734
v 0.063448 -0.017981 -0.047970
v 0.045680 -0.017738 -0.049622
v 0.063446 -0.016583 -0.048106
v 0.063446 -0.016576 -0.048105
v 0.045685 -0.016388 -0.049650
v 0.028466 -0.016232 -0.054479
v 0.045575 -0.015158 -0.049092
v 0.028483 -0.017536 -0.054528
v 0.043174 -0.017710 -0.050157
v 0.023981 -0.017459 -0.056241
v 0.023785 -0.017411 -0.056327
v 0.024233 -0.017639 -0.056111
v 0.023552 -0.017463 -0.056411
v 0.043182 -0.021828 -0.048995
v 0.023582 -0.017451 -0.056401
v 0.063455 -0.015265 -0.047583
v 0.064468 -0.016612 -0.047859
v 0.065223 -0.016715 -0.047131
v 0.065224 -0.017659 -0.047040
v 0.065500 -0.016859 -0.046126
v 0.065225 -0.015836 -0.046778
v 0.065500 -0.016422 -0.045952
v 0.065500 -0.016112 -0.045596
v 0.065500 -0.017327 -0.046081
v 0.065500 -0.022162 -0.044134
v 0.065500 -0.026910 -0.041408
v 0.065236 -0.022578 -0.045037
v 0.063534 -0.024769 -0.045063
v 0.051048 -0.023000 -0.047023
v 0.051514 -0.023086 -0.046917
v 0.051743 -0.023136 -0.046860
v 0.051775 -0.023143 -0.046852
v 0.051776 -0.023143 -0.046852
v 0.051776 -0.023143 -0.046852
v 0.051776 -0.023143 -0.046852
v 0.051776 -0.023143 -0.046852
v 0.051776 -0.023143 -0.046852
v 0.051776 -0.023143 -0.046852
v 0.051776 -0.023143 -0.046852
v 0.051776 -0.023143 -0.046852
v 0.051776 -0.023143 -0.046852
v 0.051776 -0.023143 -0.046852
v 0.051776 -0.023143 -0.046852
v 0.051776 -0.023144 -0.046852
v 0.051777 -0.023144 -0.046852
v 0.051779 -0.023144 -0.046851
v 0.051785 -0.023146 -0.046849
v 0.051832 -0.023157 -0.046837
v 0.051977 -0.023193 -0.046798
v 0.052851 -0.023465 -0.046526
v 0.052831 -0.023586 -0.046596
v 0.054055 -0.023982 -0.046058
v 0.054498 -0.024213 -0.045859
v 0.054463 -0.024333 -0.045927
v 0.055260 -0.024669 -0.045480
v 0.055260 -0.024669 -0.045480
v 0.055260 -0.024669 -0.045480
v 0.055260 -0.024669 -0.045480
v 0.055260 -0.024669 -0.045480
v 0.055260 -0.024669 -0.045480
v 0.055260 -0.024669 -0.045480
v 0.055260 -0.024669 -0.045480
v 0.055260 -0.024669 -0.045480
v 0.055260 -0.024669 -0.045480
v 0.055260 -0.024669 -0.045480
v 0.055260 -0.024669 -0.045480
v 0.055261 -0.024670 -0.045480
v 0.055262 -0.024670 -0.045479
v 0.055265 -0.024672 -0.045478
v 0.055274 -0.024678 -0.045473
v 0.055303 -0.024698 -0.045457
v 0.055406 -0.024766 -0.045401
v 0.055634 -0.024925 -0.045274
v 0.055971 -0.025178 -0.045073
v 0.055923 -0.025292 -0.045140
v 0.056630 -0.025765 -0.044623
v 0.057153 -0.026400 -0.044159
v 0.063514 -0.026199 -0.044224
v 0.063502 -0.027106 -0.043657
v 0.057438 -0.026951 -0.043775
v 0.057085 -0.026494 -0.044226
v 0.056150 -0.025479 -0.044993
v 0.056148 -0.025478 -0.046606
v 0.057027 -0.026409 -0.045920
v 0.057154 -0.026603 -0.045782
v 0.054877 -0.024572 -0.045725
v 0.054873 -0.024571 -0.047320
v 0.053455 -0.023837 -0.046363
v 0.063455 -0.015260 0.047579
v 0.063446 -0.016583 0.048106
v 0.045685 -0.016388 0.049650
v 0.063448 -0.017981 0.047970
v 0.045680 -0.017738 0.049622
v 0.063522 -0.023000 0.045950
v 0.064469 -0.017899 0.047734
v 0.063534 -0.024769 0.045063
v 0.051048 -0.023000 0.047023
v 0.051046 -0.023110 0.047100
v 0.051514 -0.023086 0.046917
v 0.050259 -0.022890 0.047193
v 0.050261 -0.023000 0.047268
v 0.043182 -0.021828 0.048995
v 0.043174 -0.017710 0.050157
v 0.024233 -0.017639 0.056111
v 0.023981 -0.017459 0.056241
v 0.023552 -0.017463 0.056411
v 0.023498 -0.017449 0.056435
v 0.023582 -0.017451 0.056401
v 0.023785 -0.017411 0.056327
v 0.019498 -0.016415 0.058076
v 0.023508 -0.017541 0.056511
v 0.019509 -0.016479 0.058151
v 0.018114 -0.016050 0.058580
v 0.015407 -0.015328 0.059429
v 0.028466 -0.016232 0.054479
v 0.028483 -0.017536 0.054528
v 0.051743 -0.023136 0.046860
v 0.051775 -0.023143 0.046852
v 0.051776 -0.023143 0.046852
v 0.051776 -0.023143 0.046852
v 0.051776 -0.023143 0.046852
v 0.051776 -0.023143 0.046852
v 0.051776 -0.023143 0.046852
v 0.051776 -0.023143 0.046852
v 0.051776 -0.023143 0.046852
v 0.051776 -0.023143 0.046852
v 0.051776 -0.023143 0.046852
v 0.051776 -0.023143 0.046852
v 0.051776 -0.023143 0.046852
v 0.051776 -0.023144 0.046852
v 0.051777 -0.023144 0.046852
v 0.051779 -0.023144 0.046851
v 0.051785 -0.023146 0.046849
v 0.051832 -0.023157 0.046837
v 0.051977 -0.023193 0.046798
v 0.052851 -0.023465 0.046526
v 0.052831 -0.023586 0.046596
v 0.054055 -0.023982 0.046058
v 0.054498 -0.024213 0.045859
v 0.054463 -0.024333 0.045927
v 0.055260 -0.024669 0.045480
v 0.055260 -0.024669 0.045480
v 0.055260 -0.024669 0.045480
v 0.055260 -0.024669 0.045480
v 0.055260 -0.024669 0.045480
v 0.055260 -0.024669 0.045480
v 0.055260 -0.024669 0.045480
v 0.055260 -0.024669 0.045480
v 0.055260 -0.024669 0.045480
v 0.055260 -0.024669 0.045480
v 0.055260 -0.024669 0.045480
v 0.055260 -0.024669 0.045480
v 0.055261 -0.024670 0.045480
v 0.055262 -0.024670 0.045479
v 0.055265 -0.024672 0.045478
v 0.055274 -0.024678 0.045473
v 0.055303 -0.024698 0.045457
v 0.055406 -0.024766 0.045401
v 0.055634 -0.024925 0.045274
v 0.055971 -0.025178 0.045073
v 0.055923 -0.025292 0.045140
v 0.056630 -0.025765 0.044623
v 0.057153 -0.026400 0.044159
v 0.063514 -0.026199 0.044224
v 0.063502 -0.027106 0.043658
v 0.057438 -0.026951 0.043775
v 0.057583 -0.027955 0.043114
v 0.057500 -0.028000 0.043184
v 0.057155 -0.026604 0.044146
v 0.057500 -0.028045 0.043155
v 0.057500 -0.028000 0.044848
v 0.057500 -0.027932 0.044890
v 0.057629 -0.028000 0.045000
v 0.057154 -0.026603 0.045782
v 0.057027 -0.026409 0.045920
v 0.057134 -0.026407 0.046027
v 0.056148 -0.025478 0.046606
v 0.056150 -0.025479 0.044993
v 0.055809 -0.025204 0.046816
v 0.055892 -0.025176 0.046922
v 0.054873 -0.024571 0.047320
v 0.054877 -0.024572 0.045725
v 0.054303 -0.024248 0.047589
v 0.054373 -0.024206 0.047696
v 0.053451 -0.023836 0.047947
v 0.053455 -0.023837 0.046363
v 0.052627 -0.023514 0.048247
v 0.052683 -0.023460 0.048357
v 0.051907 -0.023295 0.048473
v 0.050806 -0.023072 0.048748
v 0.051910 -0.023295 0.046887
v 0.050806 -0.023072 0.048748
v 0.050842 -0.023000 0.048864
v 0.052240 -0.023000 0.048666
v 0.050842 -0.023000 0.048864
v 0.050842 -0.023000 0.048864
v 0.050842 -0.023000 0.048864
v 0.050842 -0.023000 0.048864
v 0.050842 -0.023000 0.048864
v 0.050842 -0.023000 0.048864
v 0.050842 -0.023000 0.048864
v 0.050842 -0.023000 0.048864
v 0.050842 -0.023000 0.048864
v 0.050842 -0.023000 0.048864
v 0.050843 -0.023000 0.048864
v 0.050843 -0.023000 0.048864
v 0.050844 -0.023000 0.048864
v 0.050846 -0.023001 0.048863
v 0.050851 -0.023001 0.048862
v 0.050859 -0.023003 0.048860
v 0.050876 -0.023005 0.048857
v 0.050910 -0.023010 0.048849
v 0.050978 -0.023021 0.048834
v 0.051113 -0.023044 0.048803
v 0.051381 -0.023096 0.048738
v 0.051647 -0.023155 0.048670
v 0.051910 -0.023222 0.048597
v 0.052171 -0.023295 0.048520
v 0.052428 -0.023374 0.048440
v 0.065500 -0.023000 0.047749
v 0.065500 -0.024806 0.046837
v 0.053851 -0.023942 0.047919
v 0.065500 -0.026275 0.046029
v 0.056589 -0.025776 0.046474
v 0.065500 -0.027143 0.045522
v 0.057445 -0.026957 0.045658
v 0.057085 -0.026494 0.044226
v 0.065500 -0.028000 0.045000
v 0.057500 -0.051467 0.000000
v 0.057500 -0.049884 -0.012665
v 0.057500 -0.062871 0.000000
v 0.057500 -0.062163 0.009404
v 0.057500 -0.061872 0.010063
v 0.057629 -0.062291 0.009423
v 0.057629 -0.061973 0.010144
v 0.057629 -0.061333 0.010604
v 0.057500 -0.061287 0.010483
v 0.057629 -0.060548 0.010676
v 0.057629 -0.054223 0.009561
v 0.057500 -0.060570 0.010549
v 0.057500 -0.054246 0.009434
v 0.057500 -0.053123 0.009525
v 0.057629 -0.028000 -0.045000
v 0.068500 -0.061158 -0.010136
v 0.065500 -0.011799 0.051670
v 0.065500 0.011799 0.051670
v 0.052407 0.011433 0.052631
v 0.065500 0.014218 0.051057
v 0.065500 0.023000 0.047749
v 0.053703 0.023873 0.047980
v 0.053317 0.023704 0.048130
v 0.054127 0.024078 0.047803
v 0.052923 0.023547 0.048274
v 0.052522 0.023405 0.048410
v 0.052112 0.023278 0.048538
v 0.051695 0.023167 0.048657
v 0.051272 0.023074 0.048765
v 0.051058 0.023034 0.048816
v 0.050950 0.023017 0.048840
v 0.050896 0.023008 0.048852
v 0.050869 0.023004 0.048858
v 0.050856 0.023002 0.048861
v 0.050849 0.023001 0.048863
v 0.050845 0.023001 0.048863
v 0.050844 0.023000 0.048864
v 0.050843 0.023000 0.048864
v 0.050842 0.023000 0.048864
v 0.050842 0.023000 0.048864
v 0.050842 0.023000 0.048864
v 0.050842 0.023000 0.048864
v 0.050842 0.023000 0.048864
v 0.050842 0.023000 0.048864
v 0.050842 0.023000 0.048864
v 0.050842 0.023000 0.048864
v 0.050842 0.023000 0.048864
v 0.050842 0.023000 0.048864
v 0.055288 0.024687 0.045465
v 0.055266 0.024673 0.045477
v 0.055260 0.024669 0.045480
v 0.055260 0.024669 0.045480
v 0.055260 0.024669 0.045480
v 0.055260 0.024669 0.045480
v 0.055260 0.024669 0.045480
v 0.055260 0.024669 0.045480
v 0.055260 0.024669 0.045480
v 0.055260 0.024669 0.045480
v 0.055260 0.024669 0.045480
v 0.055260 0.024669 0.045480
v 0.055260 0.024669 0.045480
v 0.055260 0.024669 0.045480
v 0.055259 0.024669 0.045481
v 0.055253 0.024665 0.045484
v 0.055240 0.024656 0.045491
v 0.055140 0.024592 0.045543
v 0.054958 0.024479 0.045636
v 0.014630 -0.015009 0.062294
v 0.014587 -0.014998 0.062312
v 0.014586 -0.014997 0.062312
v 0.014586 -0.014997 0.062312
v 0.014586 -0.014997 0.062312
v 0.014586 -0.014997 0.062312
v 0.014586 -0.014997 0.062312
v 0.014586 -0.014997 0.062312
v 0.014587 -0.014997 0.062312
v 0.014587 -0.014997 0.062312
v 0.014587 -0.014997 0.062312
v 0.014587 -0.014997 0.062312
v 0.014587 -0.014997 0.062312
v 0.014587 -0.014997 0.062312
v 0.014586 -0.014997 0.062312
v 0.014586 -0.014997 0.062312
v 0.014583 -0.014997 0.062313
v 0.014573 -0.014994 0.062317
v 0.014376 -0.014942 0.062391
v 0.053000 0.021400 -0.000000
v 0.052500 0.021400 -0.000000
v 0.050873 0.021400 -0.014791
v 0.044666 0.021400 -0.028384
v 0.052313 0.019900 -0.015214
v 0.053000 0.021400 -0.000000
v 0.054500 0.019900 -0.000000
v 0.050873 0.021400 0.014791
v 0.044666 0.021400 0.028384
v 0.052313 0.019900 0.015214
v 0.052160 0.019900 0.015725
v 0.052160 0.005376 0.015725
v 0.045928 0.019900 0.029195
v 0.045341 0.019900 0.030087
v 0.045341 0.005376 0.030087
v 0.035863 0.019900 0.040810
v 0.034880 0.021400 0.039677
v 0.034636 0.019900 0.041842
v 0.034636 0.005376 0.041842
v 0.022932 0.019900 0.049120
v 0.022309 0.021400 0.047756
v 0.020972 0.019900 0.049969
v 0.008185 0.019900 0.053450
v 0.020972 0.005376 0.049969
v 0.005533 0.005376 0.053765
v -0.010342 0.005376 0.052900
v 0.005533 0.019900 0.053765
v -0.007185 0.019900 0.053450
v -0.006972 0.021400 0.051966
v -0.010342 0.019900 0.052900
v -0.021932 0.019900 0.049120
v -0.021309 0.021400 0.047756
v -0.024238 0.019900 0.048000
v -0.024238 0.005300 0.048000
v -0.034862 0.019900 0.040810
v -0.036293 0.019900 0.039526
v -0.033880 0.021400 0.039677
v -0.043666 0.021400 0.028384
v -0.049873 0.021400 0.014791
v -0.044928 0.019900 0.029195
v -0.045608 0.019900 0.028108
v -0.045608 0.005300 0.028108
v -0.051313 0.019900 0.015214
v -0.051489 0.019900 0.014598
v -0.051489 0.005300 0.014598
v -0.053500 0.019900 -0.000000
v -0.052000 0.021400 -0.000000
v -0.053500 0.005300 -0.000000
v -0.051489 0.019900 -0.014598
v -0.051313 0.019900 -0.015214
v -0.051489 0.005300 -0.014598
v -0.045608 0.005300 -0.028108
v -0.045608 0.019900 -0.028108
v -0.036293 0.005300 -0.039526
v -0.036293 0.019900 -0.039526
v -0.024238 0.005300 -0.048000
v -0.024238 0.019900 -0.048000
v -0.010342 0.005300 -0.052900
v -0.010342 0.005376 -0.052900
v 0.005533 0.005376 -0.053765
v -0.010342 0.019900 -0.052900
v -0.021932 0.019900 -0.049120
v -0.007185 0.019900 -0.053450
v 0.005533 0.019900 -0.053765
v -0.006972 0.021400 -0.051966
v 0.007972 0.021400 -0.051966
v -0.021309 0.021400 -0.047756
v -0.033880 0.021400 -0.039677
v -0.043666 0.021400 -0.028384
v -0.034862 0.019900 -0.040810
v -0.049873 0.021400 -0.014791
v -0.044928 0.019900 -0.029195
v 0.022309 0.021400 -0.047756
v 0.008185 0.019900 -0.053450
v 0.020972 0.019900 -0.049969
v 0.020972 0.005376 -0.049969
v 0.022932 0.019900 -0.049120
v 0.034636 0.019900 -0.041842
v 0.035863 0.019900 -0.040810
v 0.034636 0.005376 -0.041842
v 0.045341 0.005376 -0.030087
v 0.052160 0.005376 -0.015725
v 0.045341 0.019900 -0.030087
v 0.045928 0.019900 -0.029195
v 0.052160 0.019900 -0.015725
v 0.054399 0.005376 -0.003302
v 0.054399 -0.001500 -0.003302
v 0.054500 -0.001500 0.000000
v 0.054399 -0.001500 0.003302
v 0.054399 0.005376 0.003302
v 0.034880 0.021400 -0.039677
v -0.051500 0.021400 -0.000000
v -0.051300 0.021200 -0.000000
v -0.049394 0.021400 -0.014650
v -0.049394 0.021400 0.014650
v -0.043245 0.021400 0.028113
v -0.049202 0.021200 0.014594
v -0.043077 0.021200 0.028005
v -0.049202 0.021000 0.014594
v -0.051300 0.021000 -0.000000
v -0.043077 0.021000 0.028005
v -0.033422 0.021000 0.039148
v -0.021018 0.021000 0.047119
v -0.033422 0.021200 0.039148
v -0.033553 0.021400 0.039299
v -0.021018 0.021200 0.047119
v -0.021102 0.021400 0.047301
v -0.006872 0.021200 0.051273
v -0.006901 0.021400 0.051471
v 0.007872 0.021200 0.051273
v -0.006872 0.021000 0.051273
v 0.007872 0.021000 0.051273
v 0.022019 0.021000 0.047119
v 0.034422 0.021000 0.039148
v 0.022019 0.021200 0.047119
v 0.022102 0.021400 0.047301
v 0.034422 0.021200 0.039148
v 0.034553 0.021400 0.039299
v 0.044077 0.021200 0.028005
v 0.050202 0.021200 0.014594
v 0.044077 0.021000 0.028005
v 0.044245 0.021400 0.028113
v 0.050394 0.021400 0.014650
v 0.050202 0.021000 0.014594
v 0.052300 0.021000 -0.000000
v 0.050202 0.021000 -0.014594
v 0.052300 0.021200 -0.000000
v 0.050202 0.021200 -0.014594
v 0.050394 0.021400 -0.014650
v 0.044077 0.021200 -0.028005
v 0.034422 0.021200 -0.039148
v 0.044077 0.021000 -0.028005
v 0.044245 0.021400 -0.028113
v 0.034553 0.021400 -0.039299
v 0.022102 0.021400 -0.047301
v 0.007901 0.021400 -0.051471
v 0.022019 0.021200 -0.047119
v 0.007872 0.021200 -0.051273
v 0.022019 0.021000 -0.047119
v 0.034422 0.021000 -0.039148
v 0.007872 0.021000 -0.051273
v -0.006872 0.021000 -0.051273
v -0.006872 0.021200 -0.051273
v -0.021018 0.021000 -0.047119
v -0.021018 0.021200 -0.047119
v -0.033422 0.021000 -0.039148
v -0.043077 0.021000 -0.028005
v -0.033422 0.021200 -0.039148
v -0.033553 0.021400 -0.039299
v -0.043077 0.021200 -0.028005
v -0.043245 0.021400 -0.028113
v -0.049202 0.021200 -0.014594
v -0.049202 0.021000 -0.014594
v -0.021102 0.021400 -0.047301
v -0.006901 0.021400 -0.051471
v 0.007901 0.021400 0.051471
v -0.036293 0.005300 0.039526
v -0.010342 0.005300 0.052900
v 0.007972 0.021400 0.051966
v -0.052950 -0.007700 0.000000
v -0.050785 -0.007700 -0.015059
v -0.050785 -0.007700 0.015059
v -0.052950 -0.033600 0.000000
v -0.050785 -0.033600 0.015059
v -0.050785 -0.033600 -0.015059
v -0.051950 -0.034600 0.000000
v -0.049825 -0.034600 0.014777
v -0.049825 -0.034600 -0.014777
v -0.043624 -0.034600 -0.028357
v -0.033847 -0.034600 -0.039639
v -0.044465 -0.033600 -0.028897
v -0.044465 -0.007700 -0.028897
v -0.034502 -0.033600 -0.040395
v -0.034502 -0.007700 -0.040395
v -0.021704 -0.033600 -0.048620
v -0.007107 -0.033600 -0.052906
v -0.021704 -0.007700 -0.048620
v -0.021289 -0.034600 -0.047710
v -0.006965 -0.034600 -0.051916
v 0.007965 -0.034600 -0.051916
v 0.022289 -0.034600 -0.047710
v 0.008107 -0.033600 -0.052906
v 0.008107 -0.007700 -0.052906
v 0.022704 -0.033600 -0.048620
v 0.022704 -0.007700 -0.048620
v 0.035502 -0.033600 -0.040395
v 0.045465 -0.033600 -0.028897
v 0.034848 -0.034600 -0.039639
v 0.035502 -0.007700 -0.040395
v 0.045465 -0.007700 -0.028897
v 0.051785 -0.007700 -0.015059
v 0.053950 -0.007700 0.000000
v 0.051785 -0.033600 -0.015059
v 0.050825 -0.034600 -0.014777
v 0.053950 -0.033600 0.000000
v 0.051785 -0.033600 0.015059
v 0.052950 -0.034600 0.000000
v 0.050825 -0.034600 0.014777
v 0.044624 -0.034600 0.028357
v 0.034848 -0.034600 0.039639
v 0.045465 -0.033600 0.028897
v 0.035502 -0.033600 0.040395
v 0.045465 -0.007700 0.028897
v 0.035502 -0.007700 0.040395
v 0.051785 -0.007700 0.015059
v 0.022704 -0.007700 0.048620
v 0.008107 -0.007700 0.052906
v 0.022704 -0.033600 0.048620
v 0.008107 -0.033600 0.052906
v 0.022289 -0.034600 0.047710
v 0.007965 -0.034600 0.051916
v -0.006965 -0.034600 0.051916
v -0.021288 -0.034600 0.047710
v -0.007107 -0.033600 0.052906
v -0.021704 -0.033600 0.048620
v -0.007107 -0.007700 0.052906
v -0.021704 -0.007700 0.048620
v -0.034502 -0.007700 0.040395
v -0.044465 -0.007700 0.028897
v -0.034502 -0.033600 0.040395
v -0.044465 -0.033600 0.028897
v -0.033847 -0.034600 0.039639
v -0.043624 -0.034600 0.028357
v 0.044624 -0.034600 -0.028357
v -0.007107 -0.007700 -0.052906
v 0.000335 -0.007700 0.054008
v -0.014875 -0.007700 0.051773
v 0.015557 -0.007700 0.051866
v 0.000313 -0.005700 0.061000
v 0.017507 -0.005700 0.058581
v -0.016865 -0.005700 0.058476
v 0.000313 0.003300 0.061000
v 0.000335 0.005300 0.054008
v -0.016865 0.003300 0.058476
v 0.017507 0.003300 0.058581
v 0.015557 0.005300 0.051866
v 0.033322 0.003300 0.051417
v 0.029560 0.005300 0.045523
v 0.046478 0.003300 0.040088
v 0.033322 -0.005700 0.051417
v 0.029560 -0.007700 0.045523
v 0.046478 -0.005700 0.040088
v 0.041208 -0.007700 0.035492
v 0.055910 -0.005700 0.025510
v 0.049558 -0.007700 0.022586
v 0.060852 -0.005700 0.008866
v 0.055910 0.003300 0.025510
v 0.049558 0.005300 0.022586
v 0.060852 0.003300 0.008866
v 0.060905 0.003300 -0.008497
v 0.053934 0.005300 0.007850
v 0.053981 0.005300 -0.007523
v 0.049696 0.005300 -0.022285
v 0.041424 0.005300 -0.035242
v 0.056065 0.003300 -0.025170
v 0.046723 0.003300 -0.039805
v 0.056065 -0.005700 -0.025170
v 0.060905 -0.005700 -0.008497
v 0.049696 -0.007700 -0.022285
v 0.046723 -0.005700 -0.039805
v 0.041424 -0.007700 -0.035242
v 0.033636 -0.005700 -0.051215
v 0.029838 -0.007700 -0.045345
v 0.017865 -0.005700 -0.058476
v 0.033636 0.003300 -0.051215
v 0.029838 0.005300 -0.045345
v 0.017865 0.003300 -0.058476
v 0.015875 0.005300 -0.051773
v 0.000687 0.003300 -0.061000
v 0.000665 0.005300 -0.054008
v -0.016507 0.003300 -0.058581
v 0.000687 -0.005700 -0.061000
v 0.000665 -0.007700 -0.054008
v -0.016507 -0.005700 -0.058581
v -0.014557 -0.007700 -0.051866
v -0.032322 -0.005700 -0.051417
v -0.028560 -0.007700 -0.045523
v -0.045478 -0.005700 -0.040087
v -0.032322 0.003300 -0.051417
v -0.028560 0.005300 -0.045523
v -0.045478 0.003300 -0.040087
v -0.040208 0.005300 -0.035492
v -0.054910 0.003300 -0.025510
v -0.048558 0.005300 -0.022586
v -0.059852 0.003300 -0.008866
v -0.054910 -0.005700 -0.025510
v -0.048558 -0.007700 -0.022586
v -0.059852 -0.005700 -0.008866
v -0.052934 -0.007700 -0.007850
v -0.059905 -0.005700 0.008497
v -0.052981 -0.007700 0.007523
v -0.055065 -0.005700 0.025170
v -0.059905 0.003300 0.008497
v -0.052981 0.005300 0.007523
v -0.055065 0.003300 0.025170
v -0.048696 0.005300 0.022285
v -0.045723 0.003300 0.039805
v -0.040424 0.005300 0.035242
v -0.032636 0.003300 0.051215
v -0.045723 -0.005700 0.039805
v -0.040424 -0.007700 0.035242
v -0.032636 -0.005700 0.051215
v -0.028838 -0.007700 0.045345
v -0.048696 -0.007700 0.022285
v -0.028838 0.005300 0.045345
v -0.014875 0.005300 0.051773
v -0.052934 0.005300 -0.007850
v -0.040208 -0.007700 -0.035492
v -0.014557 0.005300 -0.051866
v 0.015875 -0.007700 -0.051773
v 0.053981 -0.007700 -0.007523
v 0.053934 -0.007700 0.007850
v 0.041208 0.005300 0.035492
vn 0.0000 0.3368 -0.9416
vn 0.0000 0.0579 -0.9983
vn 0.0000 0.0579 -0.9983
vn 0.0000 0.3368 -0.9416
vn 1.0000 0.0000 0.0000
vn 0.0000 -0.2257 -0.9742
vn 0.0000 -0.2257 -0.9742
vn 0.0000 -0.2257 -0.9742
vn 0.0000 0.0579 -0.9983
vn 0.0000 0.3368 -0.9416
vn 0.0000 0.5884 -0.8085
vn 0.0000 0.5884 -0.8085
vn 0.0000 0.5884 -0.8085
vn 0.0000 0.7924 -0.6100
vn 0.0000 0.7924 -0.6100
vn 0.0000 0.7924 -0.6100
vn -0.4472 0.3012 -0.8422
vn -0.4471 0.5263 -0.7232
vn -0.4471 0.5263 -0.7232
vn -0.4472 0.3012 -0.8422
vn -0.4471 0.7088 -0.5456
vn -0.4471 0.7088 -0.5457
vn 0.0000 0.9321 -0.3621
vn 0.0000 0.9321 -0.3621
vn -0.4472 0.8338 -0.3239
vn -0.4472 0.8338 -0.3239
vn -1.0000 0.0000 0.0000
vn -0.4473 0.8912 -0.0759
vn -0.4473 0.8912 -0.0758
vn -0.4473 0.8764 0.1783
vn -0.4473 0.8764 0.1783
vn -0.4472 0.7907 0.4180
vn -0.4472 0.7907 0.4180
vn -0.4472 0.6410 0.6238
vn -0.4472 0.6409 0.6239
vn -0.4472 0.4392 0.7792
vn -0.4472 0.4392 0.7792
vn -0.4471 0.2019 0.8714
vn -0.4471 0.2019 0.8714
vn 0.0000 0.2257 0.9742
vn 0.0000 0.4911 0.8711
vn 0.0000 0.4911 0.8711
vn 0.0000 0.2257 0.9742
vn 0.0000 0.7166 0.6975
vn 0.0000 0.7166 0.6975
vn -0.4472 -0.0518 0.8929
vn -0.4472 -0.0518 0.8929
vn 0.0000 -0.0579 0.9983
vn 0.0000 -0.0579 0.9983
vn 0.0000 -0.0579 0.9983
vn 0.0000 0.2257 0.9742
vn 0.0000 0.4911 0.8711
vn 0.0000 -0.3368 0.9416
vn 0.0000 -0.3368 0.9416
vn 0.0000 -0.5884 0.8085
vn 0.0000 -0.5884 0.8085
vn 0.0000 -0.3368 0.9416
vn 0.0000 -0.5884 0.8085
vn 0.0000 -0.7924 0.6100
vn 0.0000 -0.7924 0.6100
vn 0.0000 -0.7924 0.6100
vn 0.0000 -0.9321 0.3621
vn 0.0000 -0.9321 0.3621
vn 0.0000 -0.9321 0.3621
vn 0.0000 -0.9964 0.0848
vn 0.0000 -0.9799 -0.1994
vn 0.0000 -0.9799 -0.1994
vn 0.0000 -0.9964 0.0848
vn 0.0000 -0.9799 -0.1994
vn -0.4472 -0.8338 0.3239
vn -0.4473 -0.8912 0.0759
vn -0.4473 -0.8912 0.0758
vn -0.4472 -0.8338 0.3239
vn -0.4473 -0.8764 -0.1783
vn -0.4473 -0.8764 -0.1783
vn -0.4471 -0.7088 0.5456
vn -0.4471 -0.7088 0.5457
vn -0.4471 -0.5263 0.7232
vn -0.4471 -0.5263 0.7232
vn -0.4472 -0.3012 0.8422
vn -0.4472 -0.3012 0.8422
vn -0.4472 -0.7908 -0.4180
vn -0.4472 -0.7907 -0.4181
vn 0.0000 -0.8841 -0.4674
vn -0.4471 -0.6410 -0.6239
vn -0.4475 -0.6407 -0.6239
vn -0.4471 -0.4392 -0.7792
vn -0.4471 -0.4392 -0.7792
vn 0.0000 -0.4911 -0.8711
vn 0.0000 -0.7166 -0.6975
vn 0.0000 -0.7166 -0.6975
vn 0.0000 -0.4911 -0.8711
vn -0.4471 -0.2019 -0.8714
vn -0.4471 -0.2019 -0.8714
vn 0.0000 -0.4911 -0.8711
vn 0.0000 -0.7166 -0.6975
vn 0.0000 -0.8841 -0.4674
vn -0.4472 0.0518 -0.8929
vn -0.4472 0.0518 -0.8929
vn 0.0000 0.7166 0.6975
vn 0.0000 0.8841 0.4674
vn 0.0000 0.9799 0.1994
vn 0.0000 0.9799 0.1994
vn 0.0000 0.9964 -0.0848
vn 0.0000 0.9799 0.1994
vn 0.0000 0.8841 0.4674
vn 0.0000 0.9964 -0.0848
vn 0.0000 0.9321 -0.3621
vn 0.7073 -0.5297 -0.4682
vn 0.7071 -0.6912 -0.1493
vn 0.7071 -0.6912 -0.1493
vn 0.7070 -0.5300 -0.4681
vn 1.0000 0.0000 0.0000
vn 0.7071 -0.6258 -0.3292
vn 0.7071 -0.6258 -0.3293
vn 0.0000 -0.7494 -0.6622
vn 0.0000 -0.9775 -0.2111
vn 0.0008 -0.9775 -0.2111
vn 0.0001 -0.8850 -0.4656
vn 0.0017 -0.8873 -0.4612
vn -0.0000 -0.8850 -0.4656
vn 0.7072 -0.5145 -0.4850
vn 0.7072 -0.5124 -0.4872
vn 0.0042 -0.7293 -0.6841
vn -0.0000 -0.7277 -0.6859
vn 0.0000 -0.7344 -0.6787
vn 0.0000 -0.7276 -0.6860
vn 0.7072 -0.3654 -0.6053
vn 0.7071 -0.5145 -0.4850
vn 0.7071 -0.3655 -0.6053
vn -0.0000 -0.5169 -0.8560
vn 0.0000 -0.5169 -0.8560
vn -0.0000 -0.5296 -0.8482
vn 0.0000 -0.5283 -0.8491
vn -0.0000 -0.5283 -0.8491
vn -0.0001 -0.5169 -0.8561
vn 0.7071 -0.1897 -0.6811
vn 0.7071 -0.3655 -0.6053
vn 0.7071 -0.1898 -0.6812
vn 0.0000 -0.2683 -0.9633
vn -0.0000 -0.2683 -0.9633
vn -0.0001 -0.5121 -0.8589
vn -0.0003 -0.4957 -0.8685
vn -0.0002 -0.4681 -0.8837
vn -0.0000 -0.4339 -0.9010
vn -0.0000 -0.2684 -0.9633
vn 0.0044 -0.5463 -0.8376
vn 0.0121 -0.5615 -0.8274
vn 0.0248 -0.5716 -0.8201
vn 0.0399 -0.5733 -0.8184
vn 0.0702 -0.5594 -0.8259
vn 0.0800 -0.5509 -0.8307
vn -0.4912 -0.7090 -0.5060
vn -0.3635 -0.7953 -0.4851
vn -0.3331 -0.8101 -0.4826
vn -0.3358 -0.8080 -0.4842
vn -0.4053 -0.7704 -0.4922
vn -0.4958 -0.7025 -0.5105
vn -0.2667 -0.8351 -0.4811
vn -0.2319 -0.8446 -0.4825
vn -0.2346 -0.8432 -0.4836
vn -0.1816 -0.8544 -0.4868
vn -0.1301 -0.8596 -0.4942
vn -0.1339 -0.8582 -0.4955
vn -0.2042 -0.8498 -0.4859
vn 0.1014 -0.5233 -0.8461
vn 0.1061 -0.5146 -0.8509
vn 0.1109 -0.5039 -0.8566
vn 0.1158 -0.4904 -0.8638
vn 0.1208 -0.4734 -0.8725
vn 0.1256 -0.4535 -0.8824
vn 0.1296 -0.4362 -0.8905
vn 0.1311 -0.4313 -0.8926
vn 0.1318 -0.4299 -0.8932
vn 0.1321 -0.4296 -0.8933
vn 0.1322 -0.4294 -0.8934
vn 0.1323 -0.4294 -0.8934
vn 0.1323 -0.4293 -0.8934
vn 0.1323 -0.4293 -0.8934
vn 0.0545 -0.4925 -0.8686
vn 0.1324 -0.4293 -0.8934
vn 0.0545 -0.4925 -0.8686
vn 0.1323 -0.4293 -0.8934
vn 0.1205 -0.4306 -0.8944
vn -0.0805 -0.8586 -0.5063
vn -0.0068 -0.8460 -0.5331
vn -0.0068 -0.8460 -0.5331
vn -0.0292 -0.8451 -0.5338
vn -0.0600 -0.8411 -0.5375
vn -0.0099 -0.8459 -0.5333
vn -0.0600 -0.8411 -0.5375
vn -0.0095 -0.8460 -0.5332
vn -0.0090 -0.8460 -0.5330
vn -0.0084 -0.8461 -0.5329
vn -0.0086 -0.8461 -0.5329
vn -0.0094 -0.8461 -0.5330
vn -0.0105 -0.8460 -0.5330
vn -0.0125 -0.8460 -0.5330
vn -0.0170 -0.8461 -0.5328
vn -0.0266 -0.8467 -0.5314
vn -0.0464 -0.8500 -0.5248
vn -0.0651 -0.8539 -0.5163
vn -0.0830 -0.8568 -0.5090
vn -0.1006 -0.8582 -0.5033
vn -0.1176 -0.8586 -0.4989
vn -0.3997 -0.9167 0.0003
vn -0.3451 -0.9386 0.0003
vn -0.2545 -0.9671 0.0002
vn -0.2547 -0.9670 0.0001
vn -0.3266 -0.9452 0.0002
vn -0.3995 -0.9167 0.0002
vn -0.1656 -0.9862 0.0000
vn -0.1253 -0.9921 -0.0000
vn -0.1253 -0.9921 -0.0000
vn -0.1457 -0.9893 -0.0000
vn 0.0068 -0.8460 -0.5332
vn 0.0070 -0.8460 -0.5332
vn -0.2326 -0.9726 -0.0000
vn -0.2261 -0.9741 0.0000
vn -0.2327 -0.9725 0.0000
vn 0.0343 -0.8184 -0.5736
vn 0.0198 -0.8327 -0.5533
vn 0.0348 -0.8186 -0.5733
vn -0.2653 -0.5483 0.7931
vn -0.2394 -0.5588 0.7940
vn -0.2399 -0.5588 0.7938
vn -0.2687 -0.5478 0.7923
vn -0.3212 -0.5659 0.7593
vn -0.4469 -0.5924 0.6703
vn -0.4491 -0.5941 0.6673
vn -0.4458 -0.5951 0.6686
vn -0.4498 -0.5941 0.6669
vn -0.4212 -0.5805 0.6969
vn -0.2525 -0.9676 -0.0000
vn -0.2605 -0.9655 0.0000
vn -0.2656 -0.9641 -0.0000
vn -0.2677 -0.9635 0.0000
vn -0.2677 -0.9635 -0.0000
vn -0.2675 -0.9636 0.0000
vn -0.2670 -0.9637 0.0000
vn -0.2662 -0.9639 -0.0000
vn -0.4053 -0.7225 0.5602
vn -0.4017 -0.7234 0.5615
vn -0.3425 -0.8423 0.4162
vn -0.3834 -0.7649 0.5176
vn -0.3392 -0.8432 0.4170
vn -0.3081 -0.8847 0.3500
vn -0.2232 -0.9585 0.1772
vn -0.2128 -0.9645 0.1561
vn -0.2158 -0.9635 0.1586
vn -0.3152 -0.6884 0.6533
vn -0.3530 -0.5573 0.7515
vn -0.3865 -0.3166 0.8663
vn -0.3269 -0.2561 0.9097
vn -0.2596 -0.6409 0.7224
vn -0.1765 -0.9199 0.3503
vn -0.1436 -0.9054 0.3995
vn -0.0000 -1.0000 0.0000
vn -0.0000 -1.0000 -0.0000
vn -0.1563 -0.9380 0.3094
vn -0.7071 -0.7071 0.0000
vn -0.9917 -0.0339 0.1243
vn -0.6838 -0.6748 -0.2775
vn -0.7071 -0.7071 -0.0000
vn -0.7071 -0.7071 0.0000
vn -0.0000 -1.0000 -0.0000
vn -0.0000 -1.0000 -0.0000
vn 0.0000 -1.0000 0.0000
vn 0.0000 -1.0000 0.0000
vn 0.0000 -1.0000 0.0000
vn 0.0013 -1.0000 0.0003
vn -0.0848 -0.8988 0.4301
vn 0.0124 -0.8905 0.4548
vn -0.5000 -0.8660 -0.0000
vn -0.5000 -0.8660 -0.0000
vn -0.5003 -0.8658 0.0000
vn 0.0125 -0.8880 0.4597
vn -0.4929 -0.7727 0.4000
vn 0.0223 -0.5801 0.8142
vn -0.1526 -0.6141 0.7743
vn 0.0223 -0.5784 0.8154
vn -0.4870 -0.5053 0.7124
vn -0.8623 -0.2930 0.4130
vn -0.8639 -0.4473 0.2316
vn -0.8659 -0.5003 -0.0000
vn -0.8660 -0.5000 -0.0000
vn -0.8660 -0.5000 0.0000
vn -1.0000 0.0000 -0.0000
vn -1.0000 0.0000 -0.0000
vn -1.0000 -0.0000 0.0000
vn -1.0000 0.0000 -0.0000
vn -0.8660 -0.5000 0.0000
vn -0.5000 -0.8660 0.0000
vn -0.0000 -1.0000 0.0000
vn -0.5000 -0.8660 0.0000
vn -0.8660 -0.5000 0.0000
vn -0.8660 -0.5000 0.0000
vn -0.8659 -0.5003 0.0000
vn -0.5003 -0.8658 -0.0000
vn -0.5000 -0.8660 0.0000
vn -0.0000 -1.0000 0.0000
vn -0.0000 -1.0000 0.0000
vn 0.0000 -1.0000 0.0000
vn 0.0000 -1.0000 -0.0000
vn -0.0000 -1.0000 -0.0000
vn -0.4929 -0.7727 -0.4000
vn 0.0125 -0.8880 -0.4597
vn 0.0124 -0.8905 -0.4548
vn -0.0848 -0.8988 -0.4301
vn -0.1436 -0.9054 -0.3995
vn -0.1526 -0.6141 -0.7743
vn 0.0223 -0.5802 -0.8142
vn -0.2596 -0.6409 -0.7224
vn -0.3152 -0.6884 -0.6533
vn -0.1765 -0.9199 -0.3503
vn -0.1563 -0.9380 -0.3094
vn -0.3425 -0.8423 -0.4161
vn -0.2158 -0.9635 -0.1586
vn -0.2128 -0.9645 -0.1563
vn -0.2232 -0.9585 -0.1772
vn -0.3081 -0.8846 -0.3500
vn -0.3392 -0.8432 -0.4170
vn -0.7071 -0.7071 0.0000
vn -0.7071 -0.7071 0.0000
vn -0.9040 0.0084 0.4275
vn -0.6839 -0.6740 0.2792
vn -0.7071 -0.7071 0.0000
vn -0.2327 -0.9725 -0.0000
vn -0.2662 -0.9639 0.0000
vn -0.2670 -0.9637 -0.0000
vn -0.2675 -0.9636 -0.0000
vn -0.2677 -0.9635 -0.0000
vn -0.2677 -0.9635 -0.0000
vn -0.2656 -0.9641 -0.0000
vn -0.2605 -0.9655 -0.0000
vn -0.2525 -0.9676 0.0000
vn -0.2327 -0.9725 -0.0000
vn -0.4720 -0.6731 0.5693
vn -0.5208 -0.6652 0.5350
vn -0.6788 -0.6373 0.3649
vn -0.6667 -0.6395 0.3829
vn -0.4766 -0.6718 0.5670
vn -0.5945 -0.0027 0.8041
vn -0.8925 -0.0015 0.4510
vn -0.8147 -0.0502 0.5777
vn -0.5516 -0.0732 0.8309
vn -0.1695 -0.0033 0.9855
vn -0.4713 -0.0778 0.8785
vn -0.0846 -0.0898 0.9924
vn -0.1978 -0.7135 0.6721
vn -0.2293 -0.7091 0.6668
vn -0.2049 -0.7116 0.6721
vn -0.0364 -0.0903 0.9952
vn 0.1862 -0.0899 0.9784
vn 0.2918 -0.0880 0.9524
vn 0.3578 -0.0863 0.9298
vn 0.3611 -0.0862 0.9285
vn 0.0485 -0.0406 0.9980
vn 0.3620 -0.0862 0.9282
vn 0.0485 -0.0406 0.9980
vn 0.0485 -0.0406 0.9980
vn 0.0485 -0.0406 0.9980
vn 0.3618 -0.0862 0.9283
vn 0.0485 -0.0406 0.9980
vn 0.0485 -0.0406 0.9980
vn 0.3620 -0.0861 0.9282
vn 0.3623 -0.0862 0.9281
vn 0.3766 -0.0857 0.9224
vn 0.4014 -0.0850 0.9120
vn 0.3200 -0.0403 0.9466
vn 0.2931 0.0032 0.9561
vn 0.0967 -0.7511 0.6531
vn 0.1039 -0.7531 0.6497
vn 0.0859 -0.7508 0.6549
vn 0.0756 -0.7495 0.6576
vn -0.0936 -0.8121 0.5760
vn -0.0936 -0.8121 0.5760
vn -0.0936 -0.8121 0.5760
vn -0.0936 -0.8121 0.5760
vn 0.0754 -0.7495 0.6577
vn -0.0936 -0.8121 0.5760
vn -0.0936 -0.8121 0.5760
vn -0.0936 -0.8121 0.5760
vn 0.0769 -0.7507 0.6561
vn 0.0753 -0.7495 0.6577
vn 0.0754 -0.7495 0.6577
vn 0.0723 -0.7491 0.6585
vn 0.0252 -0.7432 0.6686
vn -0.0485 -0.7337 0.6778
vn 0.0344 -0.8184 0.5736
vn 0.0395 -0.8141 0.5793
vn 0.0349 -0.8185 0.5734
vn -0.1253 -0.9921 0.0000
vn -0.1253 -0.9921 0.0000
vn -0.2261 -0.9741 -0.0000
vn 0.0069 -0.8459 0.5332
vn 0.0069 -0.8460 0.5331
vn 0.0198 -0.8328 0.5532
vn 0.2193 -0.1830 0.9583
vn 0.2814 -0.3184 0.9052
vn 0.2264 -0.3735 0.8996
vn 0.1254 -0.2128 0.9690
vn 0.1372 -0.4265 0.8940
vn 0.1374 -0.3732 0.9175
vn 0.1205 -0.4307 0.8944
vn 0.0000 -0.2226 0.9749
vn 0.0000 0.0000 1.0000
vn 0.2153 0.0031 0.9765
vn 0.3200 0.0403 0.9466
vn 0.2193 0.1830 0.9583
vn 0.4937 0.3447 0.7984
vn 0.4399 0.4151 0.7963
vn 0.3623 0.0862 0.9281
vn 0.0485 0.0406 0.9980
vn 0.0485 0.0406 0.9980
vn 0.0485 0.0406 0.9980
vn 0.0485 0.0406 0.9980
vn 0.3625 0.0867 0.9279
vn 0.0485 0.0406 0.9980
vn 0.3628 0.0900 0.9275
vn 0.3619 0.0861 0.9282
vn 0.3611 0.0862 0.9285
vn 0.3578 0.0863 0.9298
vn 0.2918 0.0880 0.9524
vn 0.1862 0.0899 0.9784
vn -0.0364 0.0903 0.9952
vn -0.0847 0.0898 0.9924
vn 0.2264 0.3735 0.8996
vn 0.2814 0.3184 0.9052
vn 0.0350 0.8186 0.5734
vn 0.0395 0.8141 0.5794
vn 0.0967 0.7511 0.6531
vn 0.0344 0.8184 0.5736
vn -0.1978 0.7135 0.6721
vn -0.0484 0.7336 0.6778
vn 0.0253 0.7432 0.6686
vn 0.0724 0.7491 0.6585
vn 0.0754 0.7495 0.6577
vn -0.0936 0.8121 0.5760
vn 0.0754 0.7495 0.6577
vn -0.0936 0.8121 0.5760
vn -0.0936 0.8121 0.5760
vn 0.0755 0.7495 0.6576
vn 0.0744 0.7495 0.6578
vn 0.0756 0.7495 0.6576
vn -0.2049 0.7116 0.6721
vn 0.0197 0.8327 0.5534
vn 0.0068 0.8458 0.5335
vn 0.0070 0.8462 0.5329
vn 0.1209 0.4296 0.8949
vn 0.1326 0.4284 0.8938
vn 0.1372 0.4265 0.8940
vn 0.1254 0.2128 0.9690
vn -0.0167 0.8032 0.5955
vn -0.0167 0.8033 0.5953
vn -0.0068 0.8461 0.5330
vn -0.0870 0.7993 0.5946
vn -0.1069 0.8175 0.5660
vn 0.0970 0.5304 0.8422
vn 0.1043 0.5180 0.8490
vn 0.1120 0.5011 0.8581
vn 0.1199 0.4768 0.8708
vn 0.1273 0.4456 0.8861
vn 0.1302 0.4338 0.8915
vn 0.1314 0.4306 0.8929
vn 0.1319 0.4298 0.8933
vn 0.1321 0.4295 0.8934
vn 0.1322 0.4294 0.8934
vn 0.1323 0.4294 0.8934
vn 0.1323 0.4293 0.8934
vn 0.1323 0.4293 0.8934
vn 0.1323 0.4293 0.8934
vn 0.0553 0.4899 0.8700
vn 0.0553 0.4899 0.8700
vn 0.0553 0.4899 0.8700
vn -0.0000 0.4339 0.9010
vn -0.0002 0.4667 0.8844
vn -0.2176 0.8479 0.4834
vn -0.2031 0.8508 0.4846
vn -0.0350 0.7550 0.6548
vn -0.0098 0.8459 0.5332
vn -0.0096 0.8459 0.5332
vn -0.0092 0.8460 0.5330
vn -0.0086 0.8461 0.5329
vn -0.0083 0.8462 0.5328
vn -0.0091 0.8461 0.5329
vn -0.0101 0.8461 0.5330
vn -0.0116 0.8460 0.5330
vn -0.0152 0.8460 0.5329
vn -0.0227 0.8464 0.5321
vn -0.0385 0.8484 0.5279
vn -0.0684 0.8546 0.5148
vn -0.0967 0.8580 0.5044
vn -0.1237 0.8586 0.4975
vn -0.1490 0.8573 0.4928
vn -0.2203 0.8466 0.4845
vn -0.4298 0.9029 -0.0003
vn -0.1655 0.9862 0.0000
vn -0.1253 0.9921 0.0000
vn -0.1253 0.9921 -0.0000
vn -0.1457 0.9893 0.0000
vn -0.4295 0.9031 -0.0002
vn -0.4495 0.8933 -0.0001
vn -0.7369 0.6760 0.0005
vn -0.7373 0.6756 0.0004
vn -0.4632 0.8862 -0.0002
vn -0.5179 0.3100 -0.7973
vn -0.3367 -0.6136 -0.7142
vn -0.4102 0.2895 -0.8649
vn -0.3244 0.4942 -0.8065
vn -0.3244 0.4942 -0.8065
vn -0.3558 0.1472 -0.9229
vn -0.3558 0.1472 -0.9229
vn -0.3244 0.4942 -0.8065
vn -0.3558 0.1472 -0.9229
vn -0.3244 0.4942 -0.8065
vn -0.3244 0.4942 -0.8065
vn -0.3238 0.4948 -0.8064
vn -0.3211 0.4974 -0.8059
vn -0.3161 0.5024 -0.8048
vn -0.3071 0.5114 -0.8026
vn -0.2901 0.5287 -0.7977
vn -0.2668 0.5484 -0.7925
vn -0.2687 0.5481 -0.7921
vn -0.4970 0.3338 -0.8010
vn -0.5211 0.3084 -0.7958
vn -0.6835 0.0781 -0.7258
vn -0.5828 -0.1318 -0.8019
vn -0.5752 0.0855 -0.8135
vn -0.5765 0.2428 -0.7802
vn -0.5750 0.2447 -0.7807
vn -0.4759 -0.0510 -0.8780
vn -0.4759 -0.0510 -0.8780
vn -0.4759 -0.0510 -0.8780
vn -0.4759 -0.0510 -0.8780
vn -0.5749 0.2447 -0.7808
vn -0.5749 0.2448 -0.7808
vn -0.5745 0.2453 -0.7809
vn -0.5738 0.2462 -0.7811
vn -0.5680 0.2533 -0.7831
vn -0.5576 0.2657 -0.7865
vn -0.0000 1.0000 -0.0000
vn -0.4364 -0.4976 -0.7497
vn 0.1346 -0.3756 -0.9170
vn -0.0716 -0.5678 -0.8200
vn -0.0570 -0.5794 -0.8130
vn -0.0532 -0.5817 -0.8117
vn -0.0512 -0.5828 -0.8110
vn -0.0509 -0.5829 -0.8110
vn -0.0508 -0.5830 -0.8109
vn -0.0278 -0.5653 -0.8244
vn -0.0278 -0.5653 -0.8244
vn -0.0278 -0.5653 -0.8244
vn -0.0508 -0.5830 -0.8109
vn -0.0507 -0.5830 -0.8109
vn -0.0502 -0.5832 -0.8107
vn -0.0084 -0.5202 -0.8540
vn -0.0174 -0.4785 -0.8779
vn -0.5063 -0.3623 -0.7826
vn -0.0110 -0.4190 -0.9079
vn -0.8679 -0.2082 -0.4510
vn -0.8677 -0.2083 -0.4513
vn -0.5066 -0.3613 -0.7828
vn -0.8668 -0.2639 -0.4231
vn -0.4847 -0.2862 -0.8265
vn 0.0260 -0.3271 -0.9446
vn -0.8618 -0.1660 -0.4793
vn -0.4849 -0.2861 -0.8264
vn -1.0000 -0.0000 0.0000
vn -1.0000 -0.0000 0.0000
vn -1.0000 0.0000 0.0000
vn -1.0000 -0.0000 0.0000
vn -1.0000 -0.0000 0.0000
vn -1.0000 0.0000 -0.0000
vn -1.0000 0.0000 -0.0000
vn -1.0000 0.0000 -0.0000
vn -1.0000 -0.0000 -0.0000
vn -1.0000 -0.0000 0.0000
vn -1.0000 0.0000 -0.0000
vn -1.0000 -0.0000 0.0000
vn -1.0000 -0.0000 -0.0000
vn -1.0000 -0.0000 -0.0000
vn -1.0000 -0.0000 0.0000
vn -1.0000 0.0000 0.0000
vn -0.0003 0.4905 0.8714
vn 0.0199 0.5690 0.8221
vn 0.0748 0.5556 0.8281
vn -0.0000 0.2683 0.9633
vn 0.0000 0.2683 0.9633
vn 0.0000 0.5169 0.8560
vn 0.0000 0.5169 0.8560
vn 0.0000 0.2684 0.9633
vn -0.0001 0.7276 0.6860
vn 0.0000 0.5169 0.8560
vn 0.7071 0.1897 0.6811
vn 0.7072 0.3654 0.6053
vn 0.7071 0.3655 0.6053
vn 0.7071 0.3655 0.6053
vn 0.7071 0.1896 0.6812
vn 0.7071 0.1897 0.6812
vn 0.7072 0.0000 0.7070
vn 0.7072 0.0000 0.7070
vn 0.7072 0.5145 0.4850
vn 0.7072 0.5124 0.4872
vn 0.7071 0.5145 0.4850
vn 0.7071 0.6258 0.3292
vn 0.7071 0.6258 0.3293
vn 0.0000 0.8850 0.4656
vn -0.0000 0.7276 0.6860
vn -0.0000 0.9775 0.2111
vn -0.0000 0.9775 0.2111
vn 0.7071 0.6912 0.1492
vn 0.7071 0.6912 0.1492
vn -0.0004 1.0000 -0.0000
vn -0.0004 1.0000 -0.0000
vn -0.0000 0.9775 -0.2111
vn -0.0000 0.9775 -0.2111
vn -0.0002 0.8850 -0.4656
vn -0.0002 0.8850 -0.4656
vn -0.0002 0.7276 -0.6860
vn -0.0002 0.7277 -0.6859
vn -0.0000 0.5169 -0.8560
vn 0.0000 0.5169 -0.8560
vn -0.0000 0.2684 -0.9633
vn 0.0000 0.4339 -0.9010
vn -0.0002 0.4667 -0.8844
vn -0.0004 0.4906 -0.8714
vn -0.0000 0.2683 -0.9633
vn 0.7071 0.3655 -0.6053
vn 0.7072 0.5145 -0.4850
vn 0.7072 0.5145 -0.4850
vn 0.7073 0.3654 -0.6051
vn 0.7071 0.1897 -0.6812
vn 0.7071 0.1897 -0.6812
vn 0.7073 0.1897 -0.6810
vn 0.0000 0.2683 -0.9633
vn 0.0000 -0.0000 -1.0000
vn -0.0000 -0.0001 -1.0000
vn 0.0000 0.2226 -0.9749
vn 0.7072 -0.0000 -0.7070
vn 0.7072 -0.0000 -0.7070
vn 0.7071 -0.1897 -0.6812
vn 0.0000 -0.2226 -0.9749
vn 0.2193 0.1830 -0.9583
vn 0.1254 0.2128 -0.9690
vn 0.2153 0.0031 -0.9765
vn 0.1254 -0.2128 -0.9690
vn 0.2193 -0.1830 -0.9583
vn 0.1372 -0.4265 -0.8940
vn 0.2264 -0.3735 -0.8996
vn 0.2814 -0.3184 -0.9052
vn 0.4013 -0.0850 -0.9120
vn 0.3200 -0.0403 -0.9466
vn 0.2931 0.0031 -0.9561
vn -0.1695 -0.0033 -0.9855
vn 0.3766 -0.0856 -0.9224
vn 0.3623 -0.0862 -0.9281
vn 0.0485 -0.0406 -0.9980
vn 0.0485 -0.0406 -0.9980
vn 0.0485 -0.0406 -0.9980
vn 0.3626 -0.0867 -0.9279
vn 0.0485 -0.0406 -0.9980
vn 0.0485 -0.0406 -0.9980
vn 0.3628 -0.0885 -0.9277
vn 0.3619 -0.0862 -0.9282
vn 0.3611 -0.0863 -0.9285
vn 0.3578 -0.0863 -0.9298
vn 0.2918 -0.0880 -0.9524
vn 0.1862 -0.0899 -0.9784
vn -0.0364 -0.0903 -0.9952
vn -0.0847 -0.0898 -0.9924
vn -0.1979 -0.7135 -0.6721
vn -0.0484 -0.7337 -0.6778
vn 0.0253 -0.7432 -0.6686
vn 0.0724 -0.7491 -0.6585
vn 0.0754 -0.7495 -0.6577
vn -0.0936 -0.8121 -0.5760
vn 0.0754 -0.7495 -0.6577
vn -0.0936 -0.8121 -0.5760
vn -0.0936 -0.8121 -0.5760
vn 0.0755 -0.7495 -0.6576
vn -0.0936 -0.8121 -0.5760
vn 0.0749 -0.7488 -0.6585
vn 0.0756 -0.7495 -0.6577
vn 0.0860 -0.7508 -0.6549
vn 0.1039 -0.7530 -0.6497
vn 0.0967 -0.7511 -0.6531
vn -0.2049 -0.7115 -0.6721
vn 0.0395 -0.8141 -0.5794
vn -0.4766 -0.6718 -0.5670
vn -0.4720 -0.6731 -0.5694
vn -0.2293 -0.7091 -0.6668
vn -0.4713 -0.0778 -0.8785
vn -0.5516 -0.0732 -0.8309
vn -0.5945 -0.0027 -0.8041
vn -0.6667 -0.6395 -0.3829
vn -0.6787 -0.6373 -0.3649
vn -0.5208 -0.6652 -0.5350
vn -0.8146 -0.0502 -0.5778
vn -0.8825 -0.0401 -0.4687
vn -0.8925 -0.0015 -0.4510
vn -0.5516 0.0732 -0.8309
vn -0.4713 0.0778 -0.8785
vn -0.0847 0.0898 -0.9924
vn -0.8825 0.0401 -0.4687
vn -0.8146 0.0502 -0.5778
vn -1.0000 -0.0000 0.0001
vn -0.9917 0.0339 0.1243
vn -0.6838 0.6748 -0.2775
vn -1.0000 -0.0001 0.0000
vn -1.0000 -0.0000 -0.0000
vn -0.6379 -0.7071 0.3051
vn -0.6556 -0.7071 0.2649
vn -0.6379 -0.7071 0.3051
vn -0.9272 0.0000 0.3746
vn -0.9272 0.0006 0.3746
vn -0.9021 -0.0000 0.4315
vn -0.7194 -0.0000 0.6946
vn -0.7195 -0.0000 0.6945
vn -0.7194 0.0000 0.6946
vn -0.9021 -0.0011 0.4315
vn -0.9272 -0.0006 0.3746
vn -1.0000 0.0000 0.0000
vn -0.6379 0.7071 0.3051
vn -0.7071 0.7071 0.0000
vn -0.7071 0.7071 0.0000
vn -0.6556 0.7071 0.2649
vn -0.6379 0.7071 0.3051
vn -0.7071 0.7071 -0.0000
vn 0.0001 1.0000 -0.0002
vn 0.0000 1.0000 -0.0000
vn 0.0000 1.0000 -0.0000
vn 0.0000 1.0000 0.0000
vn -0.0000 1.0000 0.0000
vn -0.0000 1.0000 -0.0002
vn -0.0000 1.0000 -0.0002
vn 0.0001 1.0000 -0.0002
vn -0.1436 0.9054 0.3995
vn -0.1765 0.9199 0.3503
vn -0.1563 0.9380 0.3094
vn -0.3426 0.8423 0.4161
vn -0.2158 0.9635 0.1586
vn -0.2128 0.9646 0.1560
vn -0.2233 0.9586 0.1770
vn -0.3081 0.8847 0.3498
vn -0.3392 0.8433 0.4169
vn -0.2596 0.6409 0.7224
vn -0.3152 0.6884 0.6533
vn -0.3269 0.2561 0.9097
vn -0.3865 0.3166 0.8663
vn -0.3530 0.5573 0.7515
vn -0.3835 0.7649 0.5176
vn -0.4018 0.7234 0.5615
vn -0.4053 0.7224 0.5602
vn -0.3327 -0.1787 0.9259
vn -0.4169 -0.1359 0.8988
vn -0.4275 -0.0866 0.8999
vn -0.3662 -0.1502 0.9183
vn -0.3668 -0.1496 0.9182
vn -0.3906 0.1949 0.8997
vn -0.1893 0.2040 0.9605
vn -0.1874 -0.2460 0.9510
vn -0.2126 -0.2369 0.9480
vn -0.1526 0.6141 0.7743
vn -0.2229 -0.2921 0.9301
vn -0.3627 -0.1560 0.9188
vn 0.0260 -0.3271 0.9446
vn -0.0110 -0.4190 0.9079
vn -0.1474 -0.3445 0.9271
vn -0.1553 -0.3390 0.9279
vn 0.0272 0.1388 0.9899
vn -0.4841 0.1236 0.8662
vn -0.4849 -0.2861 0.8264
vn -0.4847 -0.2862 0.8265
vn 0.0272 0.1412 0.9896
vn -0.5066 -0.3611 0.7829
vn -0.5063 -0.3622 0.7826
vn -0.4362 -0.4975 0.7498
vn 0.1346 -0.3756 0.9170
vn -0.0084 -0.5202 0.8540
vn -0.0174 -0.4786 0.8779
vn -0.3347 -0.6140 0.7149
vn -0.4102 0.2899 0.8647
vn -0.1329 -0.4223 0.8967
vn -0.1329 -0.4222 0.8967
vn -0.0632 -0.5058 0.8603
vn -0.0632 -0.5058 0.8603
vn -0.1329 -0.4223 0.8967
vn -0.1329 -0.4222 0.8967
vn -0.1329 -0.4222 0.8967
vn -0.1331 -0.4214 0.8970
vn -0.1338 -0.4178 0.8986
vn -0.1350 -0.4109 0.9016
vn -0.1374 -0.3977 0.9072
vn -0.1417 -0.3717 0.9175
vn -0.5211 0.3084 0.7958
vn -0.4969 0.3338 0.8010
vn -0.2687 0.5481 0.7921
vn -0.2668 0.5484 0.7925
vn -0.2900 0.5287 0.7977
vn -0.3071 0.5114 0.8026
vn -0.3161 0.5024 0.8048
vn -0.3211 0.4974 0.8059
vn -0.3237 0.4948 0.8065
vn -0.3244 0.4942 0.8065
vn -0.3560 0.1483 0.9226
vn -0.3560 0.1483 0.9226
vn -0.3244 0.4942 0.8065
vn -0.3560 0.1483 0.9226
vn -0.3560 0.1483 0.9226
vn -0.3244 0.4942 0.8065
vn -0.3243 0.4942 0.8066
vn -0.3244 0.4942 0.8066
vn -0.5179 0.3101 0.7972
vn -0.2399 0.5587 0.7939
vn -0.2394 0.5588 0.7940
vn -0.5828 -0.1317 0.8019
vn -0.5752 0.0855 0.8135
vn -0.0502 -0.5832 0.8107
vn -0.0507 -0.5830 0.8109
vn -0.0278 -0.5653 0.8244
vn -0.0278 -0.5653 0.8244
vn -0.0278 -0.5653 0.8244
vn -0.0508 -0.5830 0.8109
vn -0.0508 -0.5830 0.8109
vn -0.0509 -0.5829 0.8110
vn -0.0512 -0.5828 0.8110
vn -0.0534 -0.5815 0.8118
vn -0.0570 -0.5794 0.8130
vn -0.0716 -0.5678 0.8200
vn -0.5576 0.2657 0.7865
vn -0.5680 0.2532 0.7831
vn -0.5738 0.2462 0.7811
vn -0.5745 0.2453 0.7809
vn -0.5749 0.2448 0.7807
vn -0.4759 -0.0510 0.8780
vn -0.4759 -0.0510 0.8780
vn -0.5749 0.2447 0.7808
vn -0.5749 0.2447 0.7807
vn -0.5765 0.2428 0.7802
vn -0.6835 0.0781 0.7257
vn 0.0000 1.0000 -0.0000
vn -0.8668 -0.2639 0.4231
vn -0.8677 -0.2083 0.4513
vn -0.8679 -0.2082 0.4511
vn -0.8618 -0.1659 0.4793
vn -0.8615 0.0717 0.5027
vn -0.8623 0.2930 0.4131
vn -0.4870 0.5053 0.7124
vn 0.0223 0.5784 0.8154
vn -0.4929 0.7727 0.4000
vn -0.8639 0.4473 0.2316
vn 0.0223 0.5802 0.8142
vn 0.0126 0.8880 0.4597
vn -0.0848 0.8988 0.4301
vn 0.0124 0.8905 0.4548
vn -0.5000 0.8660 -0.0000
vn -0.5004 0.8658 -0.0000
vn -0.5000 0.8660 -0.0000
vn -0.5000 0.8660 -0.0000
vn -0.5000 0.8660 0.0000
vn -0.0000 1.0000 -0.0000
vn 0.0000 1.0000 0.0002
vn 0.0000 1.0000 -0.0000
vn 0.0001 1.0000 0.0002
vn 0.0001 1.0000 0.0002
vn -0.0000 1.0000 0.0002
vn -0.9628 0.0000 0.2703
vn -1.0000 0.0000 0.0000
vn -0.9628 -0.0000 -0.2703
vn -0.8538 -0.0000 -0.5205
vn -0.6813 -0.0000 -0.7320
vn -0.4582 -0.0000 -0.8889
vn -0.2301 -0.0000 -0.9732
vn -0.2083 0.0000 -0.9781
vn -0.2008 -0.0000 -0.9796
vn -0.2008 -0.0000 -0.9796
vn -0.2008 0.0000 -0.9796
vn -0.2083 -0.0000 -0.9781
vn -0.2301 -0.0000 -0.9732
vn -0.4437 0.7072 -0.5505
vn -0.1627 0.7071 -0.6881
vn -0.4437 0.7071 -0.5505
vn -0.5087 0.7071 -0.4911
vn -0.6379 0.7071 -0.3051
vn -0.6379 0.7071 -0.3051
vn -0.6556 0.7071 -0.2649
vn -0.7071 0.7071 0.0000
vn -0.7071 0.7071 0.0000
vn -0.9917 0.0338 -0.1243
vn -0.6839 0.6740 0.2791
vn -0.7071 0.7071 0.0000
vn -0.1563 0.9380 -0.3094
vn -0.1765 0.9199 -0.3503
vn -0.1436 0.9054 -0.3995
vn -0.3392 0.8433 -0.4169
vn -0.3081 0.8847 -0.3499
vn -0.2233 0.9585 -0.1771
vn -0.2129 0.9645 -0.1560
vn -0.2158 0.9635 -0.1586
vn -0.3425 0.8423 -0.4162
vn -0.3152 0.6884 -0.6533
vn -0.2596 0.6409 -0.7224
vn -0.3530 0.5573 -0.7515
vn -0.3865 0.3166 -0.8663
vn -0.3269 0.2561 -0.9097
vn -0.1893 0.2040 -0.9605
vn -0.1526 0.6141 -0.7743
vn -0.0848 0.8988 -0.4301
vn 0.0272 0.1389 -0.9899
vn 0.0272 0.1412 -0.9896
vn 0.0223 0.5784 -0.8154
vn 0.0223 0.5802 -0.8142
vn 0.0126 0.8880 -0.4597
vn 0.0124 0.8905 -0.4548
vn -0.4870 0.5053 -0.7124
vn -0.4929 0.7727 -0.4000
vn -0.5003 0.8658 -0.0000
vn -0.5000 0.8660 0.0000
vn -0.8660 0.5000 0.0000
vn -0.8659 0.5003 -0.0000
vn -0.8660 0.5000 -0.0000
vn -0.8660 0.5000 -0.0000
vn -0.8660 0.5000 -0.0000
vn -0.8660 0.5000 0.0000
vn -0.8659 0.5003 0.0000
vn -0.8639 0.4473 -0.2316
vn -0.8623 0.2930 -0.4130
vn -0.8615 0.0717 -0.5027
vn -0.4841 0.1236 -0.8662
vn -0.1874 -0.2460 -0.9510
vn -0.2229 -0.2921 -0.9301
vn -0.1553 -0.3390 -0.9279
vn -0.1474 -0.3445 -0.9271
vn -0.2126 -0.2369 -0.9480
vn -0.3327 -0.1787 -0.9259
vn -0.3635 -0.1529 -0.9190
vn -0.3627 -0.1560 -0.9188
vn -0.3906 0.1949 -0.8997
vn -0.3668 -0.1496 -0.9182
vn -0.3242 -0.1428 -0.9351
vn -0.4276 -0.0863 -0.8999
vn -0.4916 -0.0000 -0.8708
vn -0.4244 -0.0000 -0.9055
vn -0.3101 -0.0000 -0.9507
vn -0.2398 0.5588 -0.7939
vn -0.2394 0.5588 -0.7940
vn -0.3212 0.5659 -0.7594
vn -0.4469 0.5924 -0.6703
vn -0.4491 0.5941 -0.6674
vn -0.4458 0.5951 -0.6687
vn -0.4498 0.5941 -0.6669
vn -0.4213 0.5804 -0.6969
vn -0.3664 -0.1501 -0.9183
vn -0.4053 0.7225 -0.5602
vn -0.4017 0.7234 -0.5615
vn -0.2327 0.9725 -0.0000
vn -0.2525 0.9676 0.0000
vn -0.2605 0.9655 -0.0000
vn -0.2656 0.9641 -0.0000
vn -0.2677 0.9635 -0.0000
vn -0.2677 0.9635 0.0000
vn -0.2675 0.9636 -0.0000
vn -0.2670 0.9637 -0.0000
vn -0.2663 0.9639 -0.0000
vn -0.2326 0.9726 0.0000
vn -0.3833 0.7649 -0.5176
vn -0.2261 0.9741 -0.0000
vn -0.1417 -0.3717 -0.9175
vn -0.1374 -0.3977 -0.9072
vn -0.1351 -0.4109 -0.9016
vn -0.1338 -0.4178 -0.8986
vn -0.1331 -0.4214 -0.8970
vn -0.1329 -0.4223 -0.8967
vn -0.0632 -0.5058 -0.8604
vn -0.1329 -0.4223 -0.8967
vn -0.0632 -0.5058 -0.8604
vn -0.0632 -0.5058 -0.8604
vn -0.1329 -0.4223 -0.8967
vn -0.1329 -0.4223 -0.8967
vn -0.1329 -0.4222 -0.8967
vn -0.4766 0.6718 0.5670
vn -0.6666 0.6395 0.3829
vn -0.6788 0.6373 0.3649
vn -0.5208 0.6652 0.5350
vn -0.4720 0.6731 0.5693
vn -0.5515 0.0732 0.8309
vn -0.8147 0.0502 0.5777
vn -0.8825 0.0401 0.4687
vn -1.0000 -0.0000 -0.0001
vn -1.0000 -0.0000 -0.0001
vn -1.0000 0.0000 0.0000
vn -1.0000 0.0000 0.0000
vn -1.0000 0.0001 0.0000
vn -0.9272 0.0006 -0.3745
vn -0.9272 -0.0000 -0.3745
vn -0.9272 -0.0006 -0.3745
vn -0.7195 0.0000 -0.6945
vn -0.7194 0.0000 -0.6946
vn -0.9021 0.0011 -0.4315
vn -0.9021 0.0000 -0.4315
vn -0.7194 -0.0000 -0.6946
vn -0.4437 -0.7072 -0.5505
vn -0.6379 -0.7071 -0.3051
vn -0.6379 -0.7071 -0.3051
vn -0.5087 -0.7071 -0.4911
vn -0.4437 -0.7071 -0.5505
vn -0.6556 -0.7071 -0.2649
vn -0.1627 -0.7071 -0.6881
vn -0.4713 0.0778 0.8785
vn -0.2293 0.7091 0.6668
vn -0.8538 0.0000 0.5205
vn -0.6813 0.0000 0.7320
vn -0.4582 0.0000 0.8889
vn -0.2301 0.0000 0.9732
vn -0.2083 -0.0000 0.9781
vn -0.2008 0.0000 0.9796
vn -0.2008 0.0000 0.9796
vn -0.2008 -0.0000 0.9796
vn -0.2083 0.0000 0.9781
vn -0.2301 0.0000 0.9732
vn -0.4437 -0.7071 0.5505
vn -0.1627 -0.7071 0.6882
vn -0.4437 -0.7071 0.5506
vn -0.5087 -0.7071 0.4911
vn -0.4437 0.7071 0.5505
vn -0.1627 0.7071 0.6882
vn -0.4437 0.7071 0.5505
vn -0.5087 0.7071 0.4911
vn -0.4298 0.9029 0.0003
vn -0.4632 0.8863 0.0002
vn -0.7373 0.6756 -0.0004
vn -0.7369 0.6760 -0.0005
vn -0.4495 0.8933 0.0001
vn -0.4295 0.9031 0.0002
vn -0.2176 0.8479 -0.4834
vn -0.4294 0.7560 -0.4940
vn -0.4350 0.7506 -0.4973
vn -0.2203 0.8466 -0.4845
vn -0.0870 0.7992 -0.5947
vn -0.1071 0.8175 -0.5659
vn -0.1490 0.8573 -0.4928
vn -0.1236 0.8586 -0.4976
vn -0.0966 0.8580 -0.5044
vn -0.0684 0.8546 -0.5148
vn -0.0384 0.8484 -0.5279
vn -0.0226 0.8464 -0.5321
vn -0.0151 0.8460 -0.5329
vn -0.0116 0.8460 -0.5330
vn -0.0101 0.8460 -0.5330
vn -0.0091 0.8461 -0.5329
vn -0.0083 0.8462 -0.5328
vn -0.0086 0.8461 -0.5329
vn -0.0092 0.8460 -0.5330
vn -0.0096 0.8459 -0.5332
vn -0.0351 0.7550 -0.6548
vn -0.0351 0.7550 -0.6548
vn -0.0082 0.8459 -0.5333
vn -0.0167 0.8033 -0.5953
vn -0.0068 0.8461 -0.5330
vn -0.2031 0.8508 -0.4846
vn -0.1457 0.9893 -0.0000
vn -0.1253 0.9921 0.0000
vn -0.1253 0.9921 -0.0000
vn -0.1655 0.9862 -0.0000
vn 0.0070 0.8461 -0.5330
vn 0.0069 0.8459 -0.5334
vn -0.2327 0.9725 0.0000
vn -0.2261 0.9741 0.0000
vn -0.2327 0.9726 -0.0000
vn 0.0348 0.8186 -0.5733
vn 0.0198 0.8327 -0.5534
vn 0.0344 0.8184 -0.5736
vn -0.4498 0.5941 0.6669
vn -0.4458 0.5951 0.6687
vn -0.4491 0.5941 0.6674
vn -0.4469 0.5924 0.6704
vn -0.3212 0.5658 0.7594
vn -0.4212 0.5804 0.6969
vn -0.2662 0.9639 -0.0000
vn -0.2670 0.9637 0.0000
vn -0.2675 0.9636 0.0000
vn -0.2677 0.9635 -0.0000
vn -0.2677 0.9635 0.0000
vn -0.2656 0.9641 -0.0000
vn -0.2605 0.9655 -0.0000
vn -0.2525 0.9676 -0.0000
vn -0.3664 -0.1506 0.9182
vn -0.3101 0.0000 0.9507
vn -0.3180 0.0000 0.9481
vn -0.4916 0.0000 0.8708
vn 0.1039 0.7530 -0.6497
vn 0.0967 0.7511 -0.6531
vn 0.0395 0.8141 -0.5794
vn -0.2049 0.7116 -0.6721
vn 0.0859 0.7508 -0.6549
vn 0.0756 0.7495 -0.6576
vn -0.0936 0.8121 -0.5760
vn -0.0936 0.8121 -0.5760
vn -0.0936 0.8121 -0.5760
vn 0.0754 0.7495 -0.6577
vn -0.0936 0.8121 -0.5760
vn -0.0936 0.8121 -0.5760
vn -0.0936 0.8121 -0.5760
vn 0.0763 0.7507 -0.6563
vn 0.0754 0.7495 -0.6577
vn 0.0754 0.7495 -0.6577
vn 0.0723 0.7491 -0.6585
vn 0.0253 0.7432 -0.6686
vn -0.0485 0.7337 -0.6778
vn -0.1979 0.7135 -0.6721
vn -0.2293 0.7091 -0.6667
vn -0.4720 0.6731 -0.5693
vn -0.4766 0.6719 -0.5670
vn -0.5208 0.6652 -0.5350
vn -0.6788 0.6373 -0.3649
vn -0.6667 0.6395 -0.3829
vn -0.0364 0.0903 -0.9952
vn 0.1862 0.0899 -0.9784
vn 0.2918 0.0880 -0.9524
vn 0.3578 0.0863 -0.9298
vn 0.3611 0.0862 -0.9285
vn 0.0485 0.0406 -0.9980
vn 0.3620 0.0862 -0.9282
vn 0.0485 0.0406 -0.9980
vn 0.0485 0.0406 -0.9980
vn 0.0485 0.0406 -0.9980
vn 0.0485 0.0406 -0.9980
vn 0.3618 0.0862 -0.9283
vn 0.0485 0.0406 -0.9980
vn 0.0485 0.0406 -0.9980
vn 0.0485 0.0406 -0.9980
vn 0.3634 0.0862 -0.9276
vn 0.3622 0.0862 -0.9281
vn 0.3766 0.0857 -0.9224
vn 0.4013 0.0850 -0.9120
vn 0.3200 0.0403 -0.9466
vn 0.2814 0.3184 -0.9052
vn 0.2264 0.3735 -0.8996
vn 0.1372 0.4265 -0.8940
vn 0.1376 0.3722 -0.9179
vn 0.1209 0.4296 -0.8949
vn 0.0553 0.4899 -0.8700
vn 0.0553 0.4899 -0.8700
vn 0.1323 0.4293 -0.8934
vn 0.1323 0.4293 -0.8934
vn 0.1323 0.4293 -0.8934
vn 0.1323 0.4293 -0.8934
vn 0.1323 0.4294 -0.8934
vn 0.1322 0.4294 -0.8934
vn 0.1321 0.4295 -0.8934
vn 0.1319 0.4298 -0.8932
vn 0.1313 0.4307 -0.8929
vn 0.1302 0.4338 -0.8915
vn 0.1273 0.4456 -0.8861
vn 0.1199 0.4768 -0.8708
vn 0.1119 0.5011 -0.8581
vn 0.1044 0.5180 -0.8490
vn 0.0970 0.5304 -0.8422
vn 0.0748 0.5556 -0.8281
vn 0.0199 0.5690 -0.8221
vn 0.7071 0.6258 -0.3293
vn 0.7071 0.6258 -0.3292
vn 0.7071 0.6912 -0.1493
vn 0.7071 0.6912 -0.1492
vn 0.7065 0.7078 -0.0000
vn 0.7067 0.7075 -0.0000
vn 0.7073 -0.1897 0.6810
vn 0.7071 -0.1897 0.6812
vn 0.0000 -0.2683 0.9633
vn -0.0000 -0.2683 0.9633
vn 0.0000 0.0000 1.0000
vn 0.0000 -0.2684 0.9633
vn 0.0000 0.2226 0.9749
vn 0.7071 -0.1897 0.6812
vn 0.7071 -0.3655 0.6053
vn 0.7073 -0.3654 0.6051
vn -0.0000 -0.4339 0.9010
vn -0.0002 -0.4681 0.8837
vn -0.0003 -0.4957 0.8685
vn -0.0001 -0.5121 0.8589
vn -0.0001 -0.5169 0.8560
vn -0.0000 -0.5169 0.8560
vn 0.7072 -0.5145 0.4850
vn 0.7072 -0.5145 0.4850
vn 0.0000 -0.5283 0.8491
vn -0.0000 -0.5283 0.8490
vn 0.0000 -0.5296 0.8483
vn -0.0000 -0.7276 0.6860
vn 0.0000 -0.7276 0.6860
vn 0.7071 -0.6258 0.3293
vn 0.7071 -0.6258 0.3292
vn -0.0000 -0.7344 0.6787
vn -0.0000 -0.8850 0.4656
vn -0.0000 -0.8850 0.4656
vn -0.7071 -0.5193 0.4799
vn -0.7071 -0.5145 0.4850
vn -0.7071 -0.3744 0.5998
vn -0.7071 -0.3744 0.5998
vn -0.7071 -0.5193 0.4799
vn -0.7071 -0.6274 0.3261
vn -0.7071 -0.6258 0.3292
vn -0.7071 -0.6274 0.3261
vn 0.0000 -0.8873 0.4612
vn 0.0008 -0.9775 0.2111
vn 0.0000 -0.9775 0.2111
vn -0.7071 -0.6912 0.1493
vn -0.7071 -0.6912 0.1492
vn -0.7071 -0.5299 0.4681
vn -0.7072 -0.5299 0.4681
vn -0.0000 -0.7496 0.6619
vn 0.0000 -0.7496 0.6619
vn -0.7071 -0.2334 0.6675
vn -0.7071 -0.2334 0.6675
vn 0.0000 -0.3301 0.9439
vn 0.7071 -0.5300 0.4681
vn 0.7071 -0.2333 0.6676
vn 0.7071 -0.2333 0.6676
vn 0.7073 -0.5298 0.4681
vn 0.7071 -0.6912 0.1493
vn 0.7071 -0.6912 0.1493
vn 0.7071 0.1228 0.6964
vn 0.7071 0.1228 0.6964
vn 0.7068 0.1229 0.6966
vn 0.7071 0.1228 0.6964
vn 0.7071 -0.2472 0.6625
vn 0.7072 -0.2471 0.6625
vn 0.7071 -0.5490 0.4456
vn 0.7069 -0.5493 0.4456
vn 0.7071 -0.6992 0.1058
vn 0.7071 -0.6991 0.1058
vn 0.7070 -0.7073 -0.0000
vn 0.7070 -0.7073 -0.0000
vn 0.7071 -0.6991 -0.1058
vn 0.7071 -0.6991 -0.1058
vn 0.7071 -0.5490 -0.4457
vn 0.7071 -0.5490 -0.4457
vn 0.0000 -0.7766 -0.6300
vn 0.0000 -0.9887 -0.1496
vn 0.0000 -0.9887 -0.1496
vn 0.0000 -1.0000 0.0000
vn -0.7071 -0.5490 -0.4457
vn -0.7071 -0.6992 -0.1058
vn -0.7071 -0.6992 -0.1058
vn -0.7071 -0.5490 -0.4457
vn -0.7071 -0.7071 0.0000
vn -0.7072 -0.7070 0.0000
vn 0.0000 -0.3498 -0.9368
vn -0.7070 -0.2473 -0.6625
vn -0.7071 -0.2472 -0.6625
vn -1.0000 -0.0000 -0.0000
vn -1.0000 0.0000 -0.0000
vn -1.0000 0.0000 0.0000
vn -1.0000 0.0000 0.0000
vn -1.0000 0.0000 0.0000
vn -0.7073 0.1228 -0.6962
vn -0.7071 0.1228 -0.6963
vn -0.7071 0.1228 -0.6964
vn -0.7071 0.1228 -0.6963
vn 0.0000 0.1736 -0.9848
vn 0.0000 0.1736 -0.9848
vn 0.0000 0.1736 -0.9848
vn 0.0000 0.1736 -0.9848
vn 0.7068 0.1229 -0.6966
vn 0.7071 0.1228 -0.6964
vn 0.7071 0.1228 -0.6964
vn 0.7071 0.1228 -0.6964
vn 0.7072 -0.2471 -0.6625
vn 0.7071 -0.2472 -0.6625
vn 0.0000 -0.3301 -0.9439
vn 0.7071 -0.2333 -0.6676
vn 0.7071 -0.2333 -0.6676
vn -0.7071 -0.2334 -0.6675
vn -0.7072 -0.5299 -0.4681
vn -0.7071 -0.5299 -0.4681
vn -0.7071 -0.2334 -0.6675
vn -0.7071 -0.6912 -0.1492
vn -0.7071 -0.6912 -0.1492
vn -0.7071 -0.6274 -0.3261
vn -0.7071 -0.6274 -0.3261
vn -0.7071 -0.5193 -0.4799
vn -0.7071 -0.5193 -0.4799
vn -0.7071 -0.6258 -0.3292
vn -0.7071 -0.3744 -0.5998
vn -0.7071 -0.3744 -0.5998
vn -0.7071 -0.5145 -0.4850
vn -0.8558 -0.5174 -0.0004
vn -1.0000 -0.0029 0.0000
vn -0.8561 -0.5168 -0.0004
vn -0.7066 -0.3753 -0.5999
vn -0.7066 -0.3782 -0.5981
vn -0.7227 0.0265 0.6906
vn -0.7298 0.0548 0.6815
vn -0.7071 0.3848 0.5932
vn -0.7072 0.3848 0.5932
vn -0.7405 0.1674 0.6508
vn -0.7184 0.0200 0.6953
vn -0.7072 0.3853 0.5929
vn -0.7072 0.3853 0.5929
vn -0.7071 0.5193 0.4798
vn -0.7071 0.5193 0.4799
vn -0.7071 0.6215 0.3373
vn -0.7071 0.6215 0.3373
vn 0.0000 0.8789 0.4770
vn -0.0000 0.7345 0.6786
vn 0.0000 0.7345 0.6786
vn 0.0000 0.8789 0.4770
vn -0.0000 0.5449 0.8385
vn -0.0006 0.5449 0.8385
vn -0.7071 0.6853 0.1740
vn -0.7071 0.6854 0.1740
vn -0.0000 0.9693 0.2460
vn 0.0000 0.9693 0.2461
vn -0.5000 0.7611 0.4131
vn -0.5000 0.6361 0.5877
vn -0.5000 0.8394 0.2131
vn -0.0000 1.0000 -0.0000
vn -0.5000 0.8660 -0.0000
vn -0.5000 0.8394 -0.2131
vn -0.0000 0.9692 -0.2461
vn 0.0000 0.9693 -0.2461
vn -0.5000 0.7612 -0.4131
vn -0.0000 0.8789 -0.4771
vn 0.0000 0.8789 -0.4770
vn -0.7071 0.6853 -0.1740
vn -0.7071 0.7071 -0.0000
vn -0.7070 0.7072 -0.0000
vn -0.7071 0.6854 -0.1740
vn -0.7072 0.6213 -0.3374
vn -0.7072 0.6214 -0.3371
vn -0.7072 0.5194 -0.4797
vn -0.7070 0.5195 -0.4799
vn 0.0000 0.7345 -0.6786
vn -0.0000 0.7345 -0.6786
vn -0.7071 0.3853 -0.5929
vn -0.7071 0.3853 -0.5929
vn -0.0000 0.5449 -0.8385
vn 0.0000 0.5449 -0.8385
vn -0.5000 0.6361 -0.5877
vn -0.4998 0.4720 -0.7262
vn -0.8660 0.3673 -0.3393
vn -0.8660 0.4395 -0.2386
vn -0.8661 0.2724 -0.4191
vn -0.0012 0.5342 -0.8454
vn -0.0067 0.5241 -0.8516
vn -0.0171 0.4824 -0.8758
vn -0.0109 0.4192 -0.9078
vn -0.5063 0.3614 -0.7830
vn -0.5066 0.3614 -0.7828
vn -0.8677 0.2083 -0.4514
vn -0.8679 0.2082 -0.4511
vn -1.0000 0.0000 0.0000
vn -1.0000 0.0000 0.0000
vn -1.0000 -0.0000 -0.0000
vn -0.8618 0.1660 -0.4793
vn -1.0000 -0.0000 0.0000
vn -0.4847 0.2862 -0.8265
vn -0.4849 0.2861 -0.8264
vn -0.8615 -0.0717 -0.5027
vn -1.0000 0.0001 0.0000
vn -0.4841 -0.1235 -0.8662
vn -0.8623 -0.2930 -0.4130
vn -1.0000 0.0000 -0.0000
vn -0.4870 -0.5053 -0.7124
vn 0.0260 0.3271 -0.9446
vn 0.0272 -0.1389 -0.9899
vn 0.0272 -0.1412 -0.9896
vn 0.0223 -0.5784 -0.8154
vn -0.8639 -0.4473 -0.2316
vn -1.0000 0.0000 0.0000
vn -1.0000 0.0004 -0.0007
vn -1.0000 -0.0000 -0.0000
vn -1.0000 -0.0000 0.0000
vn -1.0000 -0.0000 -0.0000
vn -1.0000 -0.0000 0.0000
vn -1.0000 -0.0000 -0.0000
vn -1.0000 0.0000 -0.0000
vn -1.0000 -0.0000 0.0000
vn -1.0000 -0.0000 0.0000
vn -1.0000 -0.0000 0.0000
vn -1.0000 -0.0000 -0.0000
vn -1.0000 0.0000 0.0000
vn -1.0000 0.0000 -0.0000
vn -0.8660 0.5000 0.0000
vn -0.8660 0.4846 0.1230
vn -0.8660 0.4846 -0.1230
vn -0.8660 0.4394 0.2385
vn -0.8660 0.3672 0.3393
vn -0.8661 0.2724 0.4191
vn -0.4998 0.4720 0.7262
vn -0.5063 0.3614 0.7830
vn -0.0109 0.4191 0.9079
vn -0.0171 0.4823 0.8758
vn -0.0067 0.5241 0.8516
vn -0.0012 0.5342 0.8454
vn -0.8678 0.2082 0.4511
vn -0.8677 0.2083 0.4514
vn -0.5066 0.3614 0.7828
vn -0.4847 0.2862 0.8265
vn 0.0260 0.3271 0.9446
vn -0.8618 0.1660 0.4793
vn -0.4849 0.2861 0.8264
vn 0.0272 -0.1412 0.9896
vn 0.0272 -0.1389 0.9899
vn -0.4841 -0.1235 0.8662
vn -0.1874 0.2460 0.9510
vn -0.1893 -0.2040 0.9605
vn -0.2229 0.2921 0.9301
vn -0.1553 0.3390 0.9279
vn -0.1472 0.3454 0.9268
vn -0.2126 0.2369 0.9480
vn -0.3327 0.1787 0.9259
vn -0.3906 -0.1949 0.8997
vn -0.3668 0.1496 0.9182
vn -0.3241 0.1427 0.9352
vn -0.4276 0.0863 0.8999
vn -0.3635 0.1529 0.9190
vn -0.3627 0.1560 0.9188
vn -0.4916 0.0000 0.8708
vn -0.4244 0.0000 0.9055
vn -0.3101 0.0000 0.9507
vn -0.3664 0.1505 0.9182
vn -0.8615 -0.0717 0.5027
vn -0.1397 0.3841 0.9127
vn -0.1338 0.4175 0.8988
vn -0.1330 0.4220 0.8968
vn -0.0622 0.5085 0.8588
vn -0.0622 0.5085 0.8588
vn -0.1329 0.4223 0.8967
vn -0.1329 0.4223 0.8967
vn -0.1329 0.4223 0.8967
vn -0.1329 0.4223 0.8967
vn -0.1329 0.4223 0.8967
vn -0.1313 0.4300 0.8932
vn -0.1272 0.4491 0.8844
vn -0.1036 0.5214 0.8470
vn -0.0761 0.5634 0.8227
vn -0.4255 -0.4003 0.8116
vn -0.3455 -0.4738 0.8100
vn -0.3302 -0.4885 0.8077
vn -0.3243 -0.4942 0.8066
vn -0.3243 -0.4942 0.8066
vn -0.3244 -0.4942 0.8066
vn -0.3244 -0.4942 0.8066
vn -0.3479 -0.4560 0.8191
vn -0.3479 -0.4560 0.8191
vn -0.3479 -0.4560 0.8191
vn -0.3243 -0.4942 0.8066
vn -0.3242 -0.4944 0.8065
vn -0.3208 -0.4977 0.8059
vn -0.2981 -0.5205 0.8001
vn -0.3500 -0.4767 0.8064
vn -0.4309 -0.3983 0.8098
vn -0.4744 -0.3565 0.8049
vn -0.5345 -0.2937 0.7925
vn -0.5315 -0.2954 0.7939
vn -0.5059 -0.3227 0.7999
vn -0.0666 0.5723 0.8173
vn -0.0270 0.5629 0.8261
vn -0.0270 0.5629 0.8261
vn -0.0507 0.5830 0.8109
vn -0.0507 0.5830 0.8109
vn -0.0508 0.5830 0.8109
vn -0.0508 0.5830 0.8109
vn -0.0505 0.5831 0.8108
vn -0.0499 0.5834 0.8106
vn -0.0477 0.5844 0.8101
vn -0.0431 0.5861 0.8091
vn -0.0361 0.5877 0.8083
vn -0.0222 0.5859 0.8101
vn -0.5579 -0.2668 0.7858
vn -0.6219 -0.1836 0.7612
vn -0.6191 -0.1859 0.7630
vn -0.5973 -0.2160 0.7724
vn -0.5835 -0.2339 0.7777
vn -0.5774 -0.2416 0.7799
vn -0.5757 -0.2438 0.7805
vn -0.5749 -0.2447 0.7808
vn -0.5749 -0.2447 0.7808
vn -0.5749 -0.2447 0.7808
vn -0.5644 -0.2079 0.7989
vn -0.5644 -0.2079 0.7989
vn -0.5749 -0.2448 0.7808
vn -0.6382 -0.1593 0.7532
vn -0.6690 -0.1038 0.7360
vn -0.0107 0.5760 0.8174
vn -0.0039 0.5615 0.8275
vn -0.0001 0.5442 0.8390
vn -0.8336 -0.5524 -0.0004
vn -0.6491 -0.7607 -0.0003
vn -0.6485 -0.7612 -0.0004
vn -0.8162 -0.5778 -0.0004
vn -0.6205 -0.7842 -0.0002
vn -0.5172 -0.8559 0.0001
vn -0.5168 -0.8561 -0.0001
vn -0.6071 -0.7946 -0.0003
vn -0.5897 -0.6015 -0.5389
vn -0.5241 -0.6793 -0.5137
vn -0.4824 -0.8759 0.0002
vn -0.4693 -0.8830 0.0001
vn -0.1893 -0.2040 -0.9605
vn -0.1874 0.2460 -0.9510
vn -0.2126 0.2369 -0.9480
vn -0.1472 0.3454 -0.9268
vn -0.1553 0.3390 -0.9279
vn -0.2229 0.2921 -0.9301
vn -0.0761 0.5634 -0.8227
vn -0.4736 -0.3810 -0.7940
vn -0.4846 -0.3596 -0.7974
vn -0.1313 0.4301 -0.8932
vn -0.1329 0.4223 -0.8967
vn -0.1329 0.4223 -0.8967
vn -0.1329 0.4223 -0.8967
vn -0.1329 0.4223 -0.8967
vn -0.0622 0.5085 -0.8588
vn -0.0622 0.5085 -0.8588
vn -0.1329 0.4222 -0.8967
vn -0.1329 0.4221 -0.8968
vn -0.1338 0.4175 -0.8988
vn -0.1397 0.3841 -0.9127
vn -0.2687 -0.5478 -0.7923
vn -0.2399 -0.5588 -0.7938
vn -0.2394 -0.5589 -0.7939
vn -0.2654 -0.5483 -0.7930
vn -0.4309 -0.3983 -0.8098
vn -0.3501 -0.4767 -0.8064
vn -0.2981 -0.5205 -0.8001
vn -0.3209 -0.4977 -0.8058
vn -0.3242 -0.4944 -0.8065
vn -0.3480 -0.4560 -0.8191
vn -0.3480 -0.4560 -0.8191
vn -0.3244 -0.4942 -0.8066
vn -0.3244 -0.4942 -0.8066
vn -0.3244 -0.4942 -0.8066
vn -0.3244 -0.4942 -0.8066
vn -0.3244 -0.4942 -0.8066
vn -0.3303 -0.4885 -0.8076
vn -0.4498 -0.5941 -0.6669
vn -0.4458 -0.5951 -0.6686
vn -0.4492 -0.5941 -0.6673
vn -0.4469 -0.5924 -0.6703
vn -0.3212 -0.5659 -0.7593
vn -0.4213 -0.5805 -0.6968
vn -0.3627 0.1560 -0.9188
vn -0.3635 0.1529 -0.9190
vn -0.3327 0.1787 -0.9259
vn -0.3102 -0.0000 -0.9507
vn -0.3242 0.1427 -0.9352
vn -0.4276 0.0862 -0.8998
vn -0.4245 -0.0000 -0.9054
vn -0.4917 -0.0000 -0.8708
vn -0.3665 0.1500 -0.9183
vn -0.3668 0.1496 -0.9182
vn -0.3269 -0.2561 -0.9097
vn -0.3906 -0.1949 -0.8997
vn -0.3865 -0.3166 -0.8663
vn -0.4017 -0.7234 -0.5615
vn -0.4053 -0.7225 -0.5602
vn -0.3833 -0.7649 -0.5177
vn -0.3530 -0.5573 -0.7515
vn -0.2547 -0.9670 -0.0002
vn -0.1457 -0.9893 0.0000
vn -0.1656 -0.9862 -0.0000
vn -0.2546 -0.9670 -0.0002
vn -0.5059 -0.3227 -0.8000
vn -0.5315 -0.2954 -0.7939
vn -0.5345 -0.2937 -0.7925
vn -0.4743 -0.3565 -0.8049
vn -0.0222 0.5859 -0.8101
vn -0.6219 -0.1642 -0.7657
vn -0.7190 0.3226 -0.6155
vn -0.0477 0.5844 -0.8101
vn -0.0499 0.5834 -0.8107
vn -0.0505 0.5831 -0.8108
vn -0.0508 0.5830 -0.8109
vn -0.0507 0.5830 -0.8109
vn -0.0508 0.5830 -0.8109
vn -0.0270 0.5629 -0.8261
vn -0.0270 0.5629 -0.8261
vn -0.0270 0.5629 -0.8261
vn -0.0508 0.5830 -0.8109
vn -0.0666 0.5723 -0.8173
vn -0.5643 -0.2079 -0.7989
vn -0.5643 -0.2079 -0.7989
vn -0.5643 -0.2079 -0.7989
vn -0.5749 -0.2447 -0.7807
vn -0.5749 -0.2447 -0.7808
vn -0.5749 -0.2447 -0.7808
vn -0.5749 -0.2447 -0.7808
vn -0.5757 -0.2437 -0.7805
vn -0.5775 -0.2416 -0.7799
vn -0.5835 -0.2339 -0.7777
vn -0.6219 -0.1836 -0.7613
vn -0.5579 -0.2668 -0.7858
vn -0.6689 -0.1039 -0.7360
vn -0.7184 0.0200 -0.6953
vn -0.7227 0.0265 -0.6907
vn -0.6381 -0.1593 -0.7533
vn -0.0039 0.5615 -0.8275
vn -0.0107 0.5760 -0.8174
vn -0.0002 0.5442 -0.8390
vn -0.7405 0.1674 -0.6509
vn -0.7071 0.3848 -0.5932
vn -0.7071 0.3848 -0.5932
vn -0.7298 0.0547 -0.6815
vn -0.8561 -0.5168 0.0004
vn -1.0000 -0.0000 -0.0000
vn -1.0000 0.0000 0.0000
vn -1.0000 -0.0029 -0.0000
vn -0.8558 -0.5174 0.0004
vn -1.0000 -0.0000 -0.0000
vn -0.7066 -0.3782 0.5981
vn -0.7066 -0.3753 0.5999
vn -0.4912 -0.7090 0.5059
vn -0.5241 -0.6793 0.5137
vn -0.5898 -0.6015 0.5389
vn -0.4959 -0.7025 0.5105
vn -0.8162 -0.5778 0.0004
vn -0.6485 -0.7612 0.0004
vn -0.6491 -0.7607 0.0003
vn -0.8336 -0.5524 0.0004
vn -0.4054 -0.7703 0.4922
vn -0.3358 -0.8080 0.4841
vn -0.3331 -0.8100 0.4826
vn -0.3636 -0.7953 0.4851
vn -0.6071 -0.7946 0.0003
vn -0.5168 -0.8561 0.0001
vn -0.5172 -0.8559 -0.0001
vn -0.6205 -0.7842 0.0002
vn -0.2346 -0.8432 0.4836
vn -0.2319 -0.8446 0.4825
vn -0.2667 -0.8351 0.4811
vn -0.4693 -0.8830 -0.0001
vn -0.3995 -0.9167 -0.0002
vn -0.3997 -0.9166 -0.0003
vn -0.4824 -0.8759 -0.0002
vn -0.2042 -0.8498 0.4859
vn -0.1339 -0.8582 0.4955
vn -0.1301 -0.8595 0.4942
vn -0.1815 -0.8544 0.4868
vn -0.3266 -0.9452 -0.0002
vn -0.3451 -0.9386 -0.0003
vn -0.1176 -0.8586 0.4990
vn -0.1006 -0.8582 0.5033
vn -0.0830 -0.8567 0.5090
vn -0.0651 -0.8539 0.5164
vn -0.0464 -0.8499 0.5248
vn -0.0266 -0.8467 0.5314
vn -0.0170 -0.8460 0.5329
vn -0.0125 -0.8460 0.5331
vn -0.0105 -0.8460 0.5331
vn -0.0093 -0.8460 0.5330
vn -0.0086 -0.8461 0.5329
vn -0.0084 -0.8461 0.5329
vn -0.0090 -0.8460 0.5331
vn -0.0599 -0.8411 0.5375
vn -0.0097 -0.8459 0.5333
vn -0.0599 -0.8411 0.5375
vn -0.0082 -0.8458 0.5334
vn -0.0291 -0.8451 0.5338
vn -0.0068 -0.8460 0.5331
vn -0.0805 -0.8586 0.5064
vn 0.0545 -0.4925 0.8686
vn 0.0545 -0.4925 0.8686
vn 0.1324 -0.4293 0.8934
vn 0.0545 -0.4925 0.8686
vn 0.1323 -0.4293 0.8934
vn 0.1323 -0.4293 0.8934
vn 0.1323 -0.4293 0.8934
vn 0.1323 -0.4294 0.8934
vn 0.1322 -0.4294 0.8934
vn 0.1321 -0.4296 0.8933
vn 0.1318 -0.4299 0.8932
vn 0.1311 -0.4313 0.8926
vn 0.1296 -0.4362 0.8905
vn 0.1256 -0.4535 0.8824
vn 0.1208 -0.4734 0.8725
vn 0.1158 -0.4904 0.8638
vn 0.1109 -0.5039 0.8566
vn 0.1061 -0.5146 0.8509
vn 0.1014 -0.5233 0.8461
vn 0.0800 -0.5509 0.8307
vn 0.0702 -0.5594 0.8259
vn 0.0399 -0.5733 0.8183
vn 0.0248 -0.5716 0.8201
vn 0.0121 -0.5615 0.8274
vn 0.0044 -0.5462 0.8376
vn -0.7071 -0.6992 0.1058
vn -0.7071 -0.6992 0.1058
vn -0.7071 -0.5490 0.4457
vn -0.7071 -0.5490 0.4457
vn 0.0000 -0.7766 0.6300
vn 0.0000 -0.9887 0.1496
vn 0.0000 -0.9887 0.1496
vn 0.0000 -0.3498 0.9368
vn -0.7071 -0.2472 0.6626
vn -0.7070 -0.2473 0.6625
vn -0.7072 0.1228 0.6962
vn -0.7071 0.1228 0.6964
vn 0.0000 0.1737 0.9848
vn -0.0001 0.1737 0.9848
vn 0.0000 0.1736 0.9848
vn 0.0000 0.1736 0.9848
vn -0.7071 0.1228 0.6964
vn -0.7071 0.1228 0.6964
vn -0.4350 0.7506 0.4973
vn -0.4294 0.7560 0.4940
vn 0.0000 1.0000 -0.0000
vn 0.0000 1.0000 -0.0000
vn 0.0000 1.0000 -0.0000
vn 0.5949 0.7071 -0.3823
vn 0.6785 0.7071 -0.1992
vn 0.6785 0.7071 -0.1992
vn 0.6765 0.7071 -0.2059
vn 0.5948 0.7071 -0.3823
vn 0.7070 0.7072 -0.0000
vn 0.7070 0.7072 -0.0000
vn -0.0000 1.0000 -0.0000
vn 0.6785 0.7071 0.1992
vn 0.6785 0.7071 0.1992
vn 0.5949 0.7071 0.3823
vn 0.5949 0.7071 0.3823
vn 0.6765 0.7071 0.2059
vn 0.9567 -0.0000 0.2912
vn 0.9981 0.0000 0.0611
vn 0.9981 -0.0000 0.0612
vn 1.0000 -0.0000 -0.0000
vn 1.0000 -0.0000 -0.0000
vn 0.9595 -0.0000 0.2817
vn 0.9567 0.0000 0.2912
vn 0.8304 0.0000 0.5572
vn 0.8413 0.0000 0.5406
vn 0.8304 -0.0000 0.5572
vn 0.4631 0.7071 0.5344
vn 0.4630 0.7071 0.5344
vn 0.5872 0.7071 0.3940
vn 0.6322 -0.0000 0.7748
vn 0.6549 0.0000 0.7558
vn 0.6322 -0.0000 0.7748
vn 0.2937 0.7071 0.6432
vn 0.2937 0.7071 0.6432
vn 0.4470 0.7071 0.5479
vn 0.3791 -0.0000 0.9254
vn 0.4154 -0.0000 0.9096
vn 0.3791 0.0000 0.9254
vn 0.1006 0.7071 0.6999
vn 0.1006 0.7071 0.6999
vn 0.2681 0.7071 0.6543
vn 0.0932 -0.0000 0.9956
vn 0.1423 -0.0000 0.9898
vn 0.0932 0.0000 0.9956
vn -0.1423 -0.0000 0.9898
vn -0.2008 0.0000 0.9796
vn -0.2008 0.0000 0.9796
vn -0.1006 0.7071 0.6999
vn -0.1006 0.7071 0.6999
vn 0.0659 0.7071 0.7040
vn -0.2937 0.7071 0.6432
vn -0.2937 0.7071 0.6432
vn -0.1420 0.7071 0.6927
vn -0.4581 0.0000 0.8889
vn -0.2008 -0.0000 0.9796
vn -0.4154 0.0000 0.9096
vn -0.4581 -0.0000 0.8889
vn -0.4631 0.7071 0.5344
vn -0.4631 0.7071 0.5344
vn -0.3239 0.7071 0.6285
vn -0.6813 0.0000 0.7320
vn -0.6549 -0.0000 0.7558
vn -0.6813 0.0000 0.7320
vn -0.5948 0.7071 0.3823
vn -0.5949 0.7071 0.3823
vn -0.4818 0.7071 0.5176
vn -0.6785 0.7071 0.1992
vn -0.6785 0.7071 0.1992
vn -0.6038 0.7071 0.3681
vn -0.8538 0.0000 0.5205
vn -0.8413 -0.0000 0.5406
vn -0.8538 0.0000 0.5205
vn -0.9628 0.0001 0.2703
vn -0.9595 -0.0000 0.2817
vn -0.9628 0.0000 0.2703
vn -0.7071 0.7071 -0.0000
vn -0.7071 0.7071 -0.0000
vn -0.6808 0.7071 0.1911
vn -0.6785 0.7071 -0.1992
vn -0.6785 0.7071 -0.1992
vn -0.6808 0.7071 -0.1911
vn -0.9628 0.0001 -0.2703
vn -0.9628 0.0000 -0.2703
vn -0.8538 0.0000 -0.5205
vn -0.9595 0.0000 -0.2817
vn -0.8538 0.0000 -0.5205
vn -0.6814 0.0000 -0.7320
vn -0.8413 -0.0000 -0.5406
vn -0.6813 0.0000 -0.7320
vn -0.4581 0.0000 -0.8889
vn -0.6549 -0.0000 -0.7558
vn -0.4581 -0.0000 -0.8889
vn -0.4154 -0.0000 -0.9096
vn -0.2008 0.0000 -0.9796
vn -0.2008 0.0000 -0.9796
vn -0.2008 -0.0000 -0.9796
vn 0.0932 -0.0000 -0.9956
vn -0.1423 0.0000 -0.9898
vn 0.0932 0.0000 -0.9956
vn -0.2937 0.7071 -0.6432
vn -0.1006 0.7071 -0.6999
vn -0.1006 0.7071 -0.6999
vn -0.1420 0.7071 -0.6927
vn -0.2937 0.7071 -0.6432
vn 0.1006 0.7071 -0.6999
vn 0.1006 0.7071 -0.6999
vn 0.0659 0.7071 -0.7040
vn -0.4631 0.7071 -0.5344
vn -0.3239 0.7071 -0.6285
vn -0.4631 0.7071 -0.5344
vn -0.5948 0.7071 -0.3823
vn -0.4818 0.7071 -0.5176
vn -0.5949 0.7071 -0.3823
vn -0.6038 0.7071 -0.3681
vn 0.2937 0.7071 -0.6432
vn 0.2937 0.7071 -0.6432
vn 0.2681 0.7071 -0.6543
vn 0.1423 -0.0000 -0.9898
vn 0.3791 0.0000 -0.9254
vn 0.3791 -0.0000 -0.9254
vn 0.4154 -0.0000 -0.9096
vn 0.6322 -0.0000 -0.7748
vn 0.6322 -0.0000 -0.7748
vn 0.4631 0.7071 -0.5344
vn 0.4630 0.7071 -0.5344
vn 0.4470 0.7071 -0.5479
vn 0.6549 -0.0000 -0.7558
vn 0.8304 -0.0000 -0.5572
vn 0.8304 0.0000 -0.5572
vn 0.8413 -0.0000 -0.5406
vn 0.9567 0.0000 -0.2912
vn 0.9567 -0.0000 -0.2912
vn 0.5872 0.7071 -0.3940
vn 0.9595 0.0000 -0.2817
vn 0.9981 -0.0000 -0.0612
vn 0.9981 0.0000 -0.0611
vn 0.6786 0.7070 0.1992
vn 0.7071 0.7072 -0.0000
vn 0.7071 0.7072 -0.0000
vn 0.6786 0.7070 0.1994
vn 0.6786 0.7070 -0.1994
vn 0.6786 0.7070 -0.1992
vn 0.5951 0.7068 -0.3825
vn 0.5951 0.7068 -0.3825
vn 0.8413 -0.0000 -0.5406
vn 0.9595 -0.0000 -0.2817
vn 1.0000 0.0000 0.0000
vn 0.0000 1.0000 -0.0000
vn 0.6549 -0.0000 -0.7558
vn 0.4154 -0.0000 -0.9096
vn 0.4631 0.7072 -0.5343
vn 0.4631 0.7072 -0.5343
vn 0.2937 0.7071 -0.6432
vn 0.2937 0.7072 -0.6432
vn 0.1007 0.7074 -0.6996
vn 0.1005 0.7074 -0.6997
vn 0.1423 -0.0000 -0.9898
vn -0.1007 0.7072 -0.6998
vn -0.1005 0.7072 -0.6998
vn -0.1423 -0.0000 -0.9898
vn -0.4154 -0.0000 -0.9096
vn -0.6549 -0.0000 -0.7557
vn -0.2937 0.7072 -0.6431
vn -0.2938 0.7072 -0.6431
vn -0.4632 0.7069 -0.5345
vn -0.4632 0.7069 -0.5345
vn -0.5951 0.7068 -0.3825
vn -0.5951 0.7068 -0.3825
vn -0.8413 -0.0000 -0.5406
vn -0.9595 -0.0000 -0.2817
vn -0.6786 0.7070 -0.1992
vn -0.6786 0.7070 -0.1994
vn -0.7071 0.7071 -0.0000
vn -0.7071 0.7071 -0.0000
vn -0.9595 0.0000 0.2817
vn -0.6786 0.7070 0.1992
vn -0.6786 0.7070 0.1994
vn -0.5951 0.7068 0.3825
vn -0.5951 0.7068 0.3825
vn -0.8413 0.0000 0.5406
vn -0.6549 0.0000 0.7557
vn -0.4632 0.7069 0.5345
vn -0.4632 0.7069 0.5345
vn -0.2937 0.7072 0.6431
vn -0.2938 0.7072 0.6431
vn -0.1007 0.7072 0.6998
vn -0.1005 0.7072 0.6998
vn -0.4154 0.0000 0.9096
vn -0.1423 0.0000 0.9898
vn 0.1423 0.0000 0.9898
vn 0.4154 0.0000 0.9096
vn 0.6549 0.0000 0.7558
vn 0.8413 0.0000 0.5406
vn 0.2937 0.7071 0.6432
vn 0.4631 0.7072 0.5343
vn 0.4631 0.7072 0.5343
vn 0.2937 0.7072 0.6432
vn 0.5951 0.7068 0.3825
vn 0.5951 0.7068 0.3825
vn 0.9595 0.0000 0.2817
vn 0.1007 0.7074 0.6996
vn 0.1005 0.7074 0.6997
vn -0.9595 -0.0000 -0.2817
vn 0.0000 1.0000 -0.0000
vn -0.9595 0.0000 0.2817
vn -0.6784 -0.7072 0.1992
vn -0.7070 -0.7072 0.0000
vn -0.6784 -0.7072 0.1992
vn -0.6784 -0.7072 -0.1992
vn -0.6784 -0.7072 -0.1992
vn 0.0000 -1.0000 0.0000
vn -0.5949 -0.7071 -0.3823
vn -0.5949 -0.7071 -0.3823
vn -0.4631 -0.7071 -0.5344
vn -0.4631 -0.7071 -0.5344
vn -0.8412 -0.0000 -0.5406
vn -0.6549 -0.0000 -0.7557
vn -0.4154 -0.0000 -0.9096
vn -0.2937 -0.7072 -0.6432
vn -0.2937 -0.7072 -0.6431
vn -0.1423 -0.0000 -0.9898
vn -0.1006 -0.7072 -0.6999
vn -0.1006 -0.7072 -0.6998
vn 0.1006 -0.7072 -0.6999
vn 0.1006 -0.7072 -0.6998
vn 0.2937 -0.7071 -0.6432
vn 0.2938 -0.7071 -0.6432
vn 0.1423 -0.0000 -0.9898
vn 0.4154 -0.0000 -0.9096
vn 0.6549 -0.0000 -0.7557
vn 0.4631 -0.7070 -0.5345
vn 0.4632 -0.7070 -0.5345
vn 0.8412 -0.0000 -0.5406
vn 0.5949 -0.7070 -0.3823
vn 0.5949 -0.7070 -0.3824
vn 0.9595 -0.0000 -0.2817
vn 0.6784 -0.7072 -0.1992
vn 0.7070 -0.7072 0.0000
vn 0.7070 -0.7072 0.0000
vn 0.6784 -0.7072 -0.1992
vn 0.9595 0.0000 0.2817
vn 0.6784 -0.7072 0.1992
vn 0.6784 -0.7072 0.1992
vn 0.5949 -0.7070 0.3823
vn 0.5949 -0.7070 0.3824
vn 0.4631 -0.7070 0.5345
vn 0.4632 -0.7070 0.5345
vn 0.6549 0.0000 0.7557
vn 0.8412 0.0000 0.5406
vn 0.4154 0.0000 0.9096
vn 0.1423 0.0000 0.9898
vn 0.2937 -0.7071 0.6432
vn 0.1006 -0.7072 0.6999
vn 0.1006 -0.7072 0.6998
vn 0.2938 -0.7071 0.6432
vn -0.1006 -0.7072 0.6998
vn -0.1006 -0.7072 0.6998
vn -0.2937 -0.7072 0.6431
vn -0.2937 -0.7072 0.6431
vn -0.4154 0.0000 0.9096
vn -0.1423 0.0000 0.9898
vn -0.6549 0.0000 0.7557
vn -0.8412 0.0000 0.5406
vn -0.4630 -0.7072 0.5344
vn -0.5949 -0.7071 0.3823
vn -0.5949 -0.7071 0.3823
vn -0.4630 -0.7072 0.5344
vn -0.0783 -0.9614 0.2636
vn -0.0008 -0.9614 0.2750
vn -0.0008 -0.9614 0.2750
vn -0.0783 -0.9614 0.2636
vn 0.0000 -1.0000 0.0000
vn 0.0767 -0.9614 0.2641
vn 0.0767 -0.9614 0.2641
vn 0.2788 0.0000 0.9603
vn -0.0031 0.0000 1.0000
vn -0.2847 0.0000 0.9586
vn -0.0783 0.9614 0.2636
vn -0.0008 0.9614 0.2750
vn -0.0008 0.9614 0.2750
vn -0.0783 0.9614 0.2636
vn 0.0767 0.9614 0.2641
vn 0.0767 0.9614 0.2641
vn 0.5381 0.0000 0.8429
vn 0.1480 0.9614 0.2318
vn 0.1480 0.9614 0.2318
vn 0.2073 0.9614 0.1807
vn 0.2073 0.9614 0.1807
vn 0.7537 0.0000 0.6572
vn 0.1480 -0.9614 0.2318
vn 0.1480 -0.9614 0.2318
vn 0.2073 -0.9614 0.1807
vn 0.2073 -0.9614 0.1807
vn 0.2498 -0.9614 0.1150
vn 0.2498 -0.9614 0.1150
vn 0.9084 0.0000 0.4182
vn 0.2721 -0.9614 0.0400
vn 0.2721 -0.9614 0.0400
vn 0.9894 0.0000 0.1453
vn 0.2498 0.9614 0.1150
vn 0.2498 0.9614 0.1150
vn 0.2721 0.9614 0.0400
vn 0.2721 0.9614 0.0400
vn 0.9903 -0.0000 -0.1393
vn 0.2723 0.9614 -0.0383
vn 0.2723 0.9614 -0.0383
vn 0.0000 1.0000 -0.0000
vn 0.2505 0.9614 -0.1135
vn 0.2505 0.9614 -0.1135
vn 0.2084 0.9614 -0.1794
vn 0.2084 0.9614 -0.1795
vn 0.9109 -0.0000 -0.4126
vn 0.7577 -0.0000 -0.6525
vn 0.2723 -0.9614 -0.0383
vn 0.2505 -0.9614 -0.1135
vn 0.2505 -0.9614 -0.1135
vn 0.2723 -0.9614 -0.0383
vn 0.2084 -0.9614 -0.1795
vn 0.2084 -0.9614 -0.1794
vn 0.1494 -0.9614 -0.2309
vn 0.1494 -0.9614 -0.2309
vn 0.5432 -0.0000 -0.8396
vn 0.0783 -0.9614 -0.2636
vn 0.0783 -0.9614 -0.2636
vn 0.2847 -0.0000 -0.9586
vn 0.1494 0.9614 -0.2309
vn 0.1494 0.9614 -0.2309
vn 0.0783 0.9614 -0.2636
vn 0.0783 0.9614 -0.2636
vn 0.0008 0.9614 -0.2750
vn 0.0008 0.9614 -0.2750
vn 0.0031 -0.0000 -1.0000
vn -0.0767 0.9614 -0.2641
vn -0.0767 0.9614 -0.2641
vn -0.2788 -0.0000 -0.9603
vn 0.0008 -0.9614 -0.2750
vn 0.0008 -0.9614 -0.2750
vn -0.0767 -0.9614 -0.2641
vn -0.0767 -0.9614 -0.2641
vn -0.1480 -0.9614 -0.2318
vn -0.1480 -0.9614 -0.2318
vn -0.5381 -0.0000 -0.8429
vn -0.2073 -0.9614 -0.1807
vn -0.2073 -0.9614 -0.1807
vn -0.7537 -0.0000 -0.6572
vn -0.1480 0.9614 -0.2318
vn -0.1480 0.9614 -0.2318
vn -0.2073 0.9614 -0.1807
vn -0.2073 0.9614 -0.1807
vn -0.2498 0.9614 -0.1150
vn -0.2498 0.9614 -0.1150
vn -0.9084 -0.0000 -0.4182
vn -0.2721 0.9614 -0.0400
vn -0.2721 0.9614 -0.0400
vn -0.9894 -0.0000 -0.1453
vn -0.2498 -0.9614 -0.1150
vn -0.2498 -0.9614 -0.1150
vn -0.2721 -0.9614 -0.0400
vn -0.2721 -0.9614 -0.0400
vn -0.2723 -0.9614 0.0383
vn -0.2723 -0.9614 0.0383
vn -0.9903 0.0000 0.1393
vn -0.2505 -0.9614 0.1135
vn -0.2505 -0.9614 0.1135
vn -0.9109 0.0000 0.4126
vn -0.2723 0.9614 0.0383
vn -0.2723 0.9614 0.0383
vn -0.2505 0.9614 0.1135
vn -0.2505 0.9614 0.1135
vn -0.2084 0.9614 0.1794
vn -0.2084 0.9614 0.1795
vn -0.7577 0.0000 0.6525
vn -0.1494 0.9614 0.2309
vn -0.1494 0.9614 0.2309
vn -0.5432 0.0000 0.8396
vn -0.2084 -0.9614 0.1795
vn -0.2084 -0.9614 0.1794
vn -0.1494 -0.9614 0.2309
vn -0.1494 -0.9614 0.2309
f 2//1 1//2 4//3
f 2//1 4//3 7//4
f 1//5 2//5 11//5
f 1//5 11//5 88//5
f 1//5 88//5 87//5
f 1//5 87//5 83//5
f 1//5 83//5 82//5
f 1//5 82//5 80//5
f 1//5 80//5 78//5
f 1//5 78//5 35//5
f 1//5 35//5 34//5
f 1//5 34//5 36//5
f 1//5 36//5 37//5
f 1//5 37//5 38//5
f 1//5 38//5 46//5
f 1//5 46//5 47//5
f 1//5 47//5 48//5
f 1//5 48//5 49//5
f 1//5 49//5 73//5
f 1//5 73//5 72//5
f 1//5 72//5 71//5
f 1//5 71//5 3//5
f 6//6 4//3 1//2
f 6//6 1//2 3//7
f 69//8 5//9 4//3
f 69//8 4//3 6//6
f 7//4 4//3 5//9
f 7//4 5//9 8//10
f 7//4 9//11 11//12
f 7//4 11//12 2//1
f 9//11 7//4 8//10
f 9//11 8//10 12//13
f 9//11 10//14 88//15
f 9//11 88//15 11//12
f 10//14 9//11 12//13
f 10//14 12//13 14//16
f 77//17 13//18 12//19
f 77//17 12//19 8//20
f 13//18 16//21 14//22
f 13//18 14//22 12//19
f 86//23 10//14 14//16
f 86//23 14//16 15//24
f 16//21 17//25 15//26
f 16//21 15//26 14//22
f 60//27 27//27 26//27
f 60//27 26//27 24//27
f 60//27 24//27 22//27
f 60//27 22//27 20//27
f 60//27 20//27 18//27
f 60//27 18//27 17//27
f 60//27 17//27 16//27
f 60//27 16//27 13//27
f 60//27 13//27 77//27
f 60//27 77//27 76//27
f 60//27 76//27 75//27
f 60//27 75//27 65//27
f 60//27 65//27 64//27
f 60//27 64//27 63//27
f 60//27 63//27 62//27
f 60//27 62//27 53//27
f 60//27 53//27 56//27
f 60//27 56//27 57//27
f 60//27 57//27 58//27
f 60//27 58//27 59//27
f 17//25 18//28 19//29
f 17//25 19//29 15//26
f 18//28 20//30 21//31
f 18//28 21//31 19//29
f 20//30 22//32 23//33
f 20//30 23//33 21//31
f 22//32 24//34 25//35
f 22//32 25//35 23//33
f 24//34 26//36 28//37
f 24//34 28//37 25//35
f 26//36 27//38 30//39
f 26//36 30//39 28//37
f 32//40 29//41 28//42
f 32//40 28//42 30//43
f 29//41 79//44 25//45
f 29//41 25//45 28//42
f 27//38 60//46 31//47
f 27//38 31//47 30//39
f 33//48 32//40 30//43
f 33//48 30//43 31//49
f 32//40 33//48 36//50
f 32//40 36//50 34//51
f 29//41 32//40 34//51
f 29//41 34//51 35//52
f 33//48 39//53 37//54
f 33//48 37//54 36//50
f 39//53 41//55 38//56
f 39//53 38//56 37//54
f 39//53 33//48 31//49
f 39//53 31//49 40//57
f 41//55 39//53 40//57
f 41//55 40//57 42//58
f 41//55 43//59 46//60
f 41//55 46//60 38//56
f 43//59 41//55 42//58
f 43//59 42//58 45//61
f 43//59 44//62 47//63
f 43//59 47//63 46//60
f 44//62 43//59 45//61
f 44//62 45//61 55//64
f 44//62 50//65 48//65
f 44//62 48//65 47//63
f 50//65 51//66 49//67
f 50//65 49//67 48//65
f 51//66 50//65 52//68
f 51//66 52//68 54//69
f 50//65 44//62 55//64
f 50//65 55//64 52//68
f 56//70 53//71 52//72
f 56//70 52//72 55//73
f 53//71 62//74 54//75
f 53//71 54//75 52//72
f 57//76 56//70 55//73
f 57//76 55//73 45//77
f 58//78 57//76 45//77
f 58//78 45//77 42//79
f 59//80 58//78 42//79
f 59//80 42//79 40//81
f 40//81 31//47 60//46
f 40//81 60//46 59//80
f 62//74 63//82 61//83
f 62//74 61//83 54//75
f 74//84 51//66 54//69
f 74//84 54//69 61//84
f 63//82 64//85 66//86
f 63//82 66//86 61//83
f 64//85 65//87 68//88
f 64//85 68//88 66//86
f 70//89 67//90 66//91
f 70//89 66//91 68//92
f 67//90 74//84 61//84
f 67//90 61//84 66//91
f 65//87 75//93 69//94
f 65//87 69//94 68//88
f 6//6 70//89 68//92
f 6//6 68//92 69//8
f 67//90 70//89 71//95
f 67//90 71//95 72//96
f 70//89 6//6 3//7
f 70//89 3//7 71//95
f 74//84 67//90 72//96
f 74//84 72//96 73//97
f 51//66 74//84 73//97
f 51//66 73//97 49//67
f 75//93 76//98 5//99
f 75//93 5//99 69//94
f 76//98 77//17 8//20
f 76//98 8//20 5//99
f 79//44 29//41 35//52
f 79//44 35//52 78//100
f 81//101 79//44 78//100
f 81//101 78//100 80//101
f 84//102 81//101 80//101
f 84//102 80//101 82//103
f 85//104 84//102 82//103
f 85//104 82//103 83//104
f 81//101 84//102 21//105
f 81//101 21//105 23//106
f 84//102 85//104 19//107
f 84//102 19//107 21//105
f 86//23 85//104 83//104
f 86//23 83//104 87//108
f 85//104 86//23 15//24
f 85//104 15//24 19//107
f 10//14 86//23 87//108
f 10//14 87//108 88//15
f 79//44 81//101 23//106
f 79//44 23//106 25//45
f 94//109 92//110 89//111
f 94//109 89//111 90//112
f 89//113 91//113 98//113
f 89//113 98//113 102//113
f 89//113 102//113 293//113
f 89//113 293//113 292//113
f 89//113 292//113 291//113
f 89//113 291//113 286//113
f 89//113 286//113 749//113
f 89//113 749//113 750//113
f 89//113 750//113 751//113
f 89//113 751//113 752//113
f 89//113 752//113 753//113
f 89//113 753//113 268//113
f 89//113 268//113 267//113
f 89//113 267//113 266//113
f 89//113 266//113 264//113
f 89//113 264//113 265//113
f 89//113 265//113 754//113
f 89//113 754//113 761//113
f 89//113 761//113 764//113
f 89//113 764//113 784//113
f 89//113 784//113 783//113
f 89//113 783//113 781//113
f 89//113 781//113 782//113
f 89//113 782//113 785//113
f 89//113 785//113 787//113
f 89//113 787//113 789//113
f 89//113 789//113 791//113
f 89//113 791//113 793//113
f 89//113 793//113 795//113
f 89//113 795//113 797//113
f 89//113 797//113 798//113
f 89//113 798//113 1159//113
f 89//113 1159//113 813//113
f 89//113 813//113 816//113
f 89//113 816//113 818//113
f 89//113 818//113 90//113
f 91//114 89//111 92//110
f 91//114 92//110 95//115
f 820//116 93//117 92//118
f 820//116 92//118 94//116
f 95//119 92//118 93//117
f 95//119 93//117 826//120
f 95//119 826//120 96//121
f 98//122 91//114 95//115
f 98//122 95//115 97//123
f 99//124 97//125 95//119
f 99//124 95//119 96//121
f 99//124 96//121 828//126
f 99//124 828//126 100//127
f 102//128 98//122 97//123
f 102//128 97//123 99//129
f 102//128 99//129 101//130
f 103//131 101//132 99//124
f 103//131 99//124 100//127
f 103//131 100//127 830//133
f 103//131 830//133 1158//134
f 103//131 1158//134 106//135
f 103//131 106//135 105//136
f 293//137 102//128 101//130
f 293//137 101//130 103//138
f 293//137 103//138 104//139
f 294//140 104//141 103//131
f 294//140 103//131 105//136
f 294//140 105//136 107//142
f 294//140 107//142 109//143
f 294//140 109//143 110//144
f 294//140 110//144 303//145
f 294//140 303//145 299//146
f 107//142 105//136 106//135
f 107//142 106//135 1158//134
f 107//142 1158//134 108//147
f 109//143 107//142 108//147
f 109//143 108//147 112//148
f 109//143 112//148 111//149
f 110//144 109//143 111//149
f 110//144 111//149 113//150
f 110//144 113//150 115//151
f 110//144 115//151 117//152
f 999//153 998//154 114//155
f 999//153 114//155 113//156
f 999//153 113//156 111//157
f 999//153 111//157 112//158
f 114//155 1002//159 116//160
f 114//155 116//160 115//161
f 114//155 115//161 113//156
f 116//160 121//162 120//163
f 116//160 120//163 118//164
f 116//160 118//164 117//165
f 116//160 117//165 115//161
f 117//152 118//166 119//167
f 117//152 119//167 328//168
f 117//152 328//168 327//169
f 117//152 327//169 326//170
f 117//152 326//170 325//171
f 117//152 325//171 324//172
f 117//152 324//172 323//173
f 117//152 323//173 322//174
f 117//152 322//174 321//175
f 117//152 321//175 320//176
f 117//152 320//176 319//177
f 117//152 319//177 318//178
f 117//152 318//178 317//179
f 117//152 317//179 316//180
f 117//152 316//180 315//181
f 117//152 315//181 314//180
f 117//152 314//180 313//180
f 117//152 313//180 312//182
f 117//152 312//182 311//180
f 117//152 311//180 310//182
f 117//152 310//182 309//180
f 117//152 309//180 308//182
f 117//152 308//182 307//180
f 117//152 307//180 306//180
f 117//152 306//180 305//182
f 117//152 305//182 304//183
f 117//152 304//183 302//184
f 117//152 302//184 303//145
f 117//152 303//145 110//144
f 120//163 122//185 124//186
f 120//163 124//186 125//187
f 120//163 125//187 304//188
f 120//163 304//188 305//189
f 120//163 305//189 306//189
f 120//163 306//189 307//189
f 120//163 307//189 308//189
f 120//163 308//189 309//189
f 120//163 309//189 310//189
f 120//163 310//189 311//189
f 120//163 311//189 312//189
f 120//163 312//189 313//189
f 120//163 313//189 314//190
f 120//163 314//190 315//191
f 120//163 315//191 316//192
f 120//163 316//192 317//193
f 120//163 317//193 318//194
f 120//163 318//194 319//195
f 120//163 319//195 320//196
f 120//163 320//196 321//197
f 120//163 321//197 322//198
f 120//163 322//198 323//199
f 120//163 323//199 324//200
f 120//163 324//200 325//201
f 120//163 325//201 326//202
f 120//163 326//202 327//203
f 120//163 327//203 328//204
f 120//163 328//204 119//205
f 120//163 119//205 118//164
f 1003//206 966//207 123//208
f 1003//206 123//208 122//209
f 1003//206 122//209 120//210
f 1003//206 120//210 121//211
f 123//208 130//212 129//213
f 123//208 129//213 126//214
f 123//208 126//214 124//215
f 123//208 124//215 122//209
f 128//216 304//188 125//187
f 128//216 125//187 124//186
f 128//216 124//186 126//217
f 133//218 127//219 126//214
f 133//218 126//214 129//213
f 133//218 129//213 132//220
f 335//221 329//222 128//216
f 335//221 128//216 126//217
f 335//221 126//217 127//223
f 944//224 131//225 129//226
f 944//224 129//226 130//227
f 129//226 131//225 929//228
f 129//226 929//228 927//229
f 129//226 927//229 928//230
f 129//226 928//230 135//231
f 129//226 135//231 134//232
f 129//226 134//232 132//233
f 132//220 134//234 136//235
f 132//220 136//235 138//236
f 132//220 138//236 139//237
f 132//220 139//237 748//238
f 132//220 748//238 360//239
f 132//220 360//239 356//240
f 132//220 356//240 333//241
f 132//220 333//241 133//218
f 136//242 134//232 135//231
f 136//242 135//231 137//243
f 138//244 136//242 137//243
f 138//244 137//243 141//245
f 138//244 141//245 140//246
f 140//246 142//247 144//248
f 140//246 144//248 146//249
f 140//246 146//249 139//250
f 140//246 139//250 138//244
f 142//251 140//252 141//253
f 142//251 141//253 921//254
f 142//251 921//254 143//255
f 144//256 142//251 143//255
f 144//256 143//255 145//257
f 149//258 147//259 146//260
f 149//258 146//260 144//256
f 149//258 144//256 145//257
f 371//261 370//262 369//263
f 371//261 369//263 368//264
f 371//261 368//264 362//264
f 371//261 362//264 748//264
f 371//261 748//264 139//264
f 371//261 139//264 146//264
f 371//261 146//264 147//264
f 371//261 147//264 148//265
f 152//266 153//267 170//268
f 152//266 170//268 489//269
f 152//266 489//269 644//270
f 152//266 644//270 646//270
f 152//266 646//270 649//270
f 152//266 649//270 650//270
f 152//266 650//270 651//270
f 152//266 651//270 653//270
f 152//266 653//270 654//270
f 152//266 654//270 148//270
f 152//266 148//270 147//259
f 152//266 147//259 149//258
f 152//266 149//258 150//271
f 150//271 149//258 145//257
f 150//271 145//257 151//272
f 155//273 152//266 150//271
f 155//273 150//271 151//272
f 168//274 153//267 152//266
f 168//274 152//266 154//275
f 161//276 154//275 152//266
f 161//276 152//266 155//273
f 161//276 155//273 156//277
f 161//276 156//277 158//278
f 157//279 156//277 155//273
f 157//279 155//273 151//272
f 157//279 151//272 922//280
f 156//277 157//279 931//281
f 156//277 931//281 160//282
f 156//277 160//282 158//278
f 936//283 159//284 158//278
f 936//283 158//278 160//282
f 162//285 161//276 158//278
f 162//285 158//278 159//284
f 165//286 168//274 154//275
f 165//286 154//275 161//276
f 165//286 161//276 162//285
f 165//286 162//285 163//287
f 938//288 164//289 163//287
f 938//288 163//287 162//285
f 938//288 162//285 159//284
f 165//286 163//287 164//289
f 165//286 164//289 166//290
f 165//286 166//290 892//291
f 165//286 892//291 167//292
f 168//274 165//286 167//292
f 168//274 167//292 169//293
f 168//274 169//293 170//268
f 168//274 170//268 153//267
f 174//294 170//268 169//293
f 174//294 169//293 171//295
f 169//293 167//292 172//296
f 169//293 172//296 171//295
f 887//297 886//298 885//299
f 887//297 885//299 173//300
f 887//297 173//300 171//295
f 887//297 171//295 172//296
f 173//300 175//301 174//294
f 173//300 174//294 171//295
f 186//302 618//303 617//303
f 186//302 617//303 619//303
f 186//302 619//303 498//303
f 186//302 498//303 497//303
f 186//302 497//303 496//303
f 186//302 496//303 495//303
f 186//302 495//303 492//303
f 186//302 492//303 489//269
f 186//302 489//269 170//268
f 186//302 170//268 174//294
f 186//302 174//294 175//301
f 186//302 175//301 177//304
f 186//302 177//304 178//305
f 882//306 883//307 176//308
f 882//306 176//308 175//301
f 882//306 175//301 173//300
f 882//306 173//300 885//299
f 179//309 177//304 175//301
f 179//309 175//301 176//308
f 179//309 181//310 178//305
f 179//309 178//305 177//304
f 180//311 179//309 176//308
f 180//311 176//308 883//307
f 180//311 883//307 1004//312
f 181//310 179//309 180//311
f 181//310 180//311 182//313
f 181//310 182//313 184//314
f 181//310 184//314 183//315
f 181//310 183//315 185//316
f 181//310 185//316 186//302
f 181//310 186//302 178//305
f 188//317 187//318 185//319
f 188//317 185//319 183//320
f 188//317 183//320 184//321
f 188//317 184//321 1029//322
f 618//323 186//324 185//324
f 618//323 185//324 187//324
f 618//323 187//324 189//324
f 618//323 189//324 191//324
f 618//323 191//324 192//325
f 618//323 192//325 620//326
f 618//323 620//326 605//324
f 618//323 605//324 608//327
f 203//328 201//329 200//330
f 203//328 200//330 190//331
f 203//328 190//331 189//332
f 203//328 189//332 187//333
f 203//328 187//333 188//334
f 203//328 188//334 1027//335
f 203//328 1027//335 1026//336
f 203//328 1026//336 204//337
f 195//338 193//339 191//340
f 195//338 191//340 189//341
f 195//338 189//341 190//342
f 194//343 603//344 192//325
f 194//343 192//325 191//345
f 194//343 191//345 193//346
f 197//347 194//343 193//346
f 197//347 193//346 195//348
f 197//347 195//348 196//349
f 198//350 196//351 195//338
f 198//350 195//338 190//342
f 198//350 190//342 200//352
f 196//349 198//353 199//354
f 196//349 199//354 1229//355
f 196//349 1229//355 1228//356
f 196//349 1228//356 1227//357
f 196//349 1227//357 1226//358
f 196//349 1226//358 1225//359
f 196//349 1225//359 1224//358
f 196//349 1224//358 1223//360
f 196//349 1223//360 1222//361
f 196//349 1222//361 1220//362
f 196//349 1220//362 1219//363
f 196//349 1219//363 1218//364
f 196//349 1218//364 1217//365
f 196//349 1217//365 1216//358
f 196//349 1216//358 1214//365
f 196//349 1214//365 1213//366
f 196//349 1213//366 1212//367
f 196//349 1212//367 1211//368
f 196//349 1211//368 202//369
f 196//349 202//369 213//370
f 196//349 213//370 214//371
f 196//349 214//371 197//347
f 200//352 201//372 202//373
f 200//352 202//373 1211//374
f 200//352 1211//374 1212//375
f 200//352 1212//375 1213//376
f 200//352 1213//376 1214//377
f 200//352 1214//377 1215//378
f 200//352 1215//378 1217//379
f 200//352 1217//379 1218//380
f 200//352 1218//380 1219//381
f 200//352 1219//381 1221//379
f 200//352 1221//379 1222//382
f 200//352 1222//382 1223//383
f 200//352 1223//383 1224//384
f 200//352 1224//384 1225//379
f 200//352 1225//379 1226//385
f 200//352 1226//385 1227//386
f 200//352 1227//386 1228//387
f 200//352 1228//387 1229//388
f 200//352 1229//388 199//389
f 200//352 199//389 198//350
f 207//390 202//373 201//372
f 207//390 201//372 203//391
f 207//390 203//391 205//392
f 204//337 1016//393 206//394
f 204//337 206//394 205//395
f 204//337 205//395 203//328
f 205//392 206//396 209//397
f 205//392 209//397 208//398
f 205//392 208//398 207//390
f 210//399 213//370 202//369
f 210//399 202//369 207//400
f 210//399 207//400 208//401
f 211//402 210//399 208//401
f 211//402 208//401 209//403
f 211//402 209//403 1108//404
f 211//402 1108//404 1109//405
f 210//399 211//402 1160//406
f 210//399 1160//406 756//407
f 210//399 756//407 212//408
f 210//399 212//408 214//371
f 210//399 214//371 213//370
f 215//409 214//371 212//408
f 215//409 212//408 216//410
f 197//347 214//371 215//409
f 197//347 215//409 217//411
f 197//347 217//411 219//412
f 197//347 219//412 643//413
f 197//347 643//413 642//414
f 197//347 642//414 641//415
f 197//347 641//415 640//416
f 197//347 640//416 638//417
f 197//347 638//417 637//418
f 197//347 637//418 636//415
f 197//347 636//415 635//419
f 197//347 635//419 633//416
f 197//347 633//416 632//419
f 197//347 632//419 631//420
f 197//347 631//420 630//419
f 197//347 630//419 629//421
f 197//347 629//421 628//422
f 197//347 628//422 627//423
f 197//347 627//423 626//424
f 197//347 626//424 625//425
f 197//347 625//425 623//426
f 197//347 623//426 622//427
f 222//428 220//429 217//411
f 222//428 217//411 215//409
f 222//428 215//409 216//410
f 221//430 572//431 218//432
f 221//430 218//432 217//411
f 221//430 217//411 220//433
f 623//434 625//435 626//436
f 623//434 626//436 627//437
f 623//434 627//437 628//438
f 623//434 628//438 629//439
f 623//434 629//439 630//440
f 623//434 630//440 631//441
f 623//434 631//441 632//439
f 623//434 632//439 633//439
f 623//434 633//439 634//442
f 623//434 634//442 636//443
f 623//434 636//443 637//441
f 623//434 637//441 638//442
f 623//434 638//442 639//439
f 623//434 639//439 641//441
f 623//434 641//441 642//444
f 623//434 642//444 643//445
f 623//434 643//445 219//412
f 623//434 219//412 217//411
f 623//434 217//411 218//432
f 623//434 218//432 624//446
f 220//433 222//447 223//448
f 220//433 223//448 224//449
f 220//433 224//449 221//430
f 226//450 225//451 223//452
f 226//450 223//452 222//428
f 226//450 222//428 216//410
f 226//450 216//410 1162//453
f 223//448 225//454 228//455
f 223//448 228//455 229//456
f 223//448 229//456 224//449
f 1165//457 1166//458 1168//459
f 1165//457 1168//459 1169//460
f 1165//457 1169//460 1170//461
f 1165//457 1170//461 1171//462
f 1165//457 1171//462 1172//463
f 1165//457 1172//463 1173//464
f 1165//457 1173//464 1174//465
f 1165//457 1174//465 1175//466
f 1165//457 1175//466 1176//467
f 1165//457 1176//467 1177//468
f 1165//457 1177//468 1178//469
f 1165//457 1178//469 1179//470
f 1165//457 1179//470 1180//471
f 1165//457 1180//471 1181//472
f 1165//457 1181//472 1182//473
f 1165//457 1182//473 1183//474
f 1165//457 1183//474 1184//475
f 1165//457 1184//475 1185//474
f 1165//457 1185//474 1186//475
f 1165//457 1186//475 1187//475
f 1165//457 1187//475 1188//474
f 1165//457 1188//474 1189//475
f 1165//457 1189//475 1190//475
f 1165//457 1190//475 1191//475
f 1165//457 1191//475 227//474
f 1165//457 227//474 225//451
f 1165//457 225//451 226//450
f 1165//457 226//450 1164//476
f 1165//457 1164//476 257//477
f 231//478 230//479 229//456
f 231//478 229//456 228//455
f 231//478 228//455 225//454
f 231//478 225//454 227//480
f 231//478 227//480 1191//480
f 231//478 1191//480 1190//480
f 231//478 1190//480 1189//480
f 231//478 1189//480 1188//480
f 231//478 1188//480 1187//480
f 231//478 1187//480 1186//480
f 231//478 1186//480 1185//480
f 231//478 1185//480 1184//480
f 231//478 1184//480 1183//480
f 231//478 1183//480 1182//481
f 231//478 1182//481 1181//482
f 231//478 1181//482 1180//483
f 231//478 1180//483 1179//484
f 231//478 1179//484 1178//485
f 231//478 1178//485 1177//486
f 231//478 1177//486 1176//487
f 231//478 1176//487 1175//488
f 231//478 1175//488 1174//489
f 231//478 1174//489 1173//490
f 231//478 1173//490 1172//491
f 231//478 1172//491 1171//492
f 231//478 1171//492 1170//493
f 231//478 1170//493 1169//494
f 231//478 1169//494 1168//495
f 231//478 1168//495 1166//458
f 231//478 1166//458 1165//457
f 231//478 1165//457 1167//496
f 232//497 233//498 571//499
f 232//497 571//499 224//500
f 232//497 224//500 229//501
f 232//497 229//501 230//502
f 230//502 231//503 237//504
f 230//502 237//504 236//505
f 230//502 236//505 234//506
f 230//502 234//506 232//497
f 235//507 594//508 593//509
f 235//507 593//509 592//510
f 235//507 592//510 591//511
f 235//507 591//511 590//512
f 235//507 590//512 589//513
f 235//507 589//513 587//512
f 235//507 587//512 586//513
f 235//507 586//513 585//514
f 235//507 585//514 583//512
f 235//507 583//512 582//515
f 235//507 582//515 581//516
f 235//507 581//516 580//517
f 235//507 580//517 579//518
f 235//507 579//518 578//519
f 235//507 578//519 577//520
f 235//507 577//520 576//521
f 235//507 576//521 575//522
f 235//507 575//522 574//523
f 235//507 574//523 233//524
f 235//507 233//524 232//525
f 235//507 232//525 234//526
f 234//526 236//527 238//528
f 234//526 238//528 239//529
f 234//526 239//529 1192//530
f 234//526 1192//530 1193//531
f 234//526 1193//531 1194//532
f 234//526 1194//532 1195//533
f 234//526 1195//533 1196//533
f 234//526 1196//533 1197//534
f 234//526 1197//534 1199//533
f 234//526 1199//533 1200//533
f 234//526 1200//533 1201//533
f 234//526 1201//533 1202//535
f 234//526 1202//535 1203//533
f 234//526 1203//533 1205//536
f 234//526 1205//536 1206//537
f 234//526 1206//537 1207//538
f 234//526 1207//538 1208//539
f 234//526 1208//539 1209//540
f 234//526 1209//540 1210//541
f 234//526 1210//541 235//507
f 237//542 256//542 255//542
f 237//542 255//542 254//542
f 237//542 254//542 244//542
f 237//542 244//542 243//543
f 237//542 243//543 242//544
f 237//542 242//544 240//542
f 237//542 240//542 238//542
f 237//542 238//542 236//542
f 594//508 235//545 1210//546
f 594//508 1210//546 1209//547
f 594//508 1209//547 1208//548
f 594//508 1208//548 1207//549
f 594//508 1207//549 1206//550
f 594//508 1206//550 1205//551
f 594//508 1205//551 1204//552
f 594//508 1204//552 1202//552
f 594//508 1202//552 1201//552
f 594//508 1201//552 1200//553
f 594//508 1200//553 1199//553
f 594//508 1199//553 1198//552
f 594//508 1198//552 1196//553
f 594//508 1196//553 1195//553
f 594//508 1195//553 1194//554
f 594//508 1194//554 1193//555
f 594//508 1193//555 1192//556
f 594//508 1192//556 239//529
f 594//508 239//529 238//528
f 594//508 238//528 240//557
f 594//508 240//557 241//558
f 245//559 246//560 241//558
f 245//559 241//558 240//557
f 245//559 240//557 242//544
f 245//559 242//544 243//543
f 251//561 249//562 247//563
f 251//561 247//563 245//559
f 251//561 245//559 243//543
f 251//561 243//543 244//564
f 248//565 555//566 246//560
f 248//565 246//560 245//559
f 248//565 245//559 247//563
f 247//563 249//562 250//567
f 247//563 250//567 552//568
f 247//563 552//568 248//565
f 249//562 251//561 252//569
f 249//562 252//569 253//570
f 249//562 253//570 250//567
f 244//564 254//571 252//569
f 244//564 252//569 251//561
f 461//572 462//573 463//574
f 461//572 463//574 465//575
f 461//572 465//575 466//576
f 461//572 466//576 540//577
f 461//572 540//577 538//578
f 461//572 538//578 536//579
f 461//572 536//579 535//579
f 461//572 535//579 533//579
f 461//572 533//579 534//580
f 461//572 534//580 544//581
f 461//572 544//581 546//582
f 461//572 546//582 548//583
f 461//572 548//583 253//570
f 461//572 253//570 252//569
f 461//572 252//569 254//571
f 461//572 254//571 255//584
f 461//572 255//584 258//584
f 461//572 258//584 259//584
f 461//572 259//584 273//584
f 461//572 273//584 274//584
f 461//572 274//584 275//584
f 461//572 275//584 277//584
f 461//572 277//584 279//584
f 461//572 279//584 281//584
f 461//572 281//584 283//584
f 461//572 283//584 284//584
f 257//477 255//585 256//586
f 257//477 256//586 1167//587
f 257//477 1167//587 1165//457
f 263//588 262//589 260//590
f 263//588 260//590 258//591
f 263//588 258//591 255//585
f 263//588 255//585 257//477
f 263//588 257//477 1164//476
f 263//588 1164//476 1163//592
f 259//593 258//591 260//590
f 259//593 260//590 261//594
f 259//593 261//594 271//593
f 264//595 266//596 261//597
f 264//595 261//597 260//598
f 264//595 260//598 262//599
f 262//599 263//600 755//601
f 262//599 755//601 265//602
f 262//599 265//602 264//595
f 266//596 267//603 269//604
f 266//596 269//604 271//605
f 266//596 271//605 261//597
f 267//603 268//606 270//607
f 267//603 270//607 269//604
f 273//608 259//593 271//593
f 273//608 271//593 269//609
f 273//608 269//609 270//608
f 270//608 272//610 274//611
f 270//608 274//611 273//608
f 268//606 753//612 272//613
f 268//606 272//613 270//607
f 275//614 274//611 272//610
f 275//614 272//610 276//615
f 276//615 278//616 277//617
f 276//615 277//617 275//614
f 279//618 277//617 278//616
f 279//618 278//616 280//619
f 280//619 282//620 281//621
f 280//619 281//621 279//618
f 282//620 285//622 283//623
f 282//620 283//623 281//621
f 288//624 719//625 720//626
f 288//624 720//626 284//627
f 288//624 284//627 283//623
f 288//624 283//623 285//622
f 288//624 285//622 287//628
f 285//629 282//630 749//631
f 285//629 749//631 286//632
f 289//633 287//634 285//629
f 289//633 285//629 286//632
f 289//633 286//632 291//635
f 287//628 289//636 290//637
f 287//628 290//637 295//638
f 287//628 295//638 297//639
f 287//628 297//639 288//624
f 291//635 292//640 290//641
f 291//635 290//641 289//633
f 104//139 294//642 290//641
f 104//139 290//641 292//640
f 104//139 292//640 293//137
f 299//146 298//643 295//638
f 299//146 295//638 290//637
f 299//146 290//637 294//140
f 714//644 715//645 297//639
f 714//644 297//639 295//638
f 714//644 295//638 296//646
f 296//646 295//638 298//643
f 296//646 298//643 300//647
f 296//646 300//647 301//648
f 298//643 299//146 303//145
f 298//643 303//145 302//184
f 298//643 302//184 300//647
f 302//184 304//183 128//649
f 302//184 128//649 329//650
f 302//184 329//650 301//648
f 302//184 301//648 300//647
f 329//650 335//651 332//652
f 329//650 332//652 330//653
f 329//650 330//653 301//648
f 330//653 331//654 296//646
f 330//653 296//646 301//648
f 358//655 331//654 330//653
f 358//655 330//653 332//652
f 358//655 332//652 334//656
f 358//655 334//656 336//657
f 358//655 336//657 337//658
f 358//655 337//658 338//659
f 358//655 338//659 339//659
f 358//655 339//659 341//660
f 358//655 341//660 342//661
f 358//655 342//661 343//662
f 358//655 343//662 345//658
f 358//655 345//658 346//663
f 358//655 346//663 347//658
f 358//655 347//658 348//664
f 358//655 348//664 349//658
f 358//655 349//658 350//665
f 358//655 350//665 351//666
f 358//655 351//666 352//667
f 358//655 352//667 353//668
f 358//655 353//668 354//669
f 358//655 354//669 355//670
f 358//655 355//670 357//671
f 355//672 354//673 353//674
f 355//672 353//674 352//675
f 355//672 352//675 351//676
f 355//672 351//676 350//677
f 355//672 350//677 349//678
f 355//672 349//678 348//679
f 355//672 348//679 347//679
f 355//672 347//679 346//677
f 355//672 346//677 344//680
f 355//672 344//680 343//681
f 355//672 343//681 342//679
f 355//672 342//679 341//677
f 355//672 341//677 340//682
f 355//672 340//682 338//680
f 355//672 338//680 337//683
f 355//672 337//683 336//684
f 355//672 336//684 334//685
f 355//672 334//685 332//686
f 355//672 332//686 333//687
f 355//672 333//687 356//688
f 127//223 133//689 333//687
f 127//223 333//687 332//686
f 127//223 332//686 335//221
f 356//688 360//690 359//691
f 356//688 359//691 357//692
f 356//688 357//692 355//672
f 357//671 359//693 361//694
f 357//671 361//694 363//695
f 357//671 363//695 358//655
f 360//690 748//696 362//697
f 360//690 362//697 361//698
f 360//690 361//698 359//691
f 361//694 362//699 368//700
f 361//694 368//700 365//701
f 361//694 365//701 363//695
f 358//655 363//695 364//702
f 358//655 364//702 688//703
f 358//655 688//703 691//704
f 363//695 365//701 366//705
f 363//695 366//705 690//706
f 363//695 690//706 364//702
f 365//701 367//707 381//708
f 365//701 381//708 382//709
f 365//701 382//709 366//705
f 368//700 369//263 370//262
f 368//700 370//262 367//707
f 368//700 367//707 365//701
f 371//710 372//711 367//707
f 371//710 367//707 370//262
f 374//712 373//713 371//261
f 374//712 371//261 148//265
f 374//712 148//265 654//714
f 375//715 372//711 371//710
f 375//715 371//710 373//716
f 373//716 374//717 655//718
f 373//716 655//718 376//719
f 373//716 376//719 375//715
f 375//715 376//719 659//720
f 375//715 659//720 378//721
f 375//715 378//721 377//722
f 377//722 379//723 372//711
f 377//722 372//711 375//715
f 383//724 380//725 379//726
f 383//724 379//726 377//727
f 383//724 377//727 378//728
f 380//725 384//729 386//729
f 380//725 386//729 387//729
f 380//725 387//729 689//729
f 380//725 689//729 690//729
f 380//725 690//729 366//729
f 380//725 366//729 382//709
f 380//725 382//709 381//708
f 380//725 381//708 379//726
f 381//708 367//707 372//711
f 381//708 372//711 379//723
f 384//730 380//731 383//731
f 384//730 383//731 658//731
f 384//730 658//731 656//731
f 384//730 656//731 648//731
f 384//730 648//731 647//731
f 384//730 647//731 645//731
f 384//730 645//731 490//731
f 384//730 490//731 488//732
f 384//730 488//732 485//733
f 384//730 485//733 483//734
f 384//730 483//734 479//735
f 384//730 479//735 481//736
f 384//730 481//736 385//737
f 389//738 388//739 386//740
f 389//738 386//740 384//730
f 389//738 384//730 385//737
f 393//741 387//742 386//743
f 393//741 386//743 388//744
f 393//741 388//744 390//745
f 393//741 390//745 392//746
f 389//738 391//747 390//748
f 389//738 390//748 388//739
f 391//747 396//749 394//750
f 391//747 394//750 392//751
f 391//747 392//751 390//748
f 392//746 394//752 395//753
f 392//746 395//753 677//754
f 392//746 677//754 393//741
f 396//749 398//755 399//756
f 396//749 399//756 682//757
f 396//749 682//757 679//758
f 396//749 679//758 678//759
f 396//749 678//759 395//760
f 396//749 395//760 394//750
f 396//749 397//761 402//762
f 396//749 402//762 400//763
f 396//749 400//763 398//755
f 391//747 476//764 397//761
f 391//747 397//761 396//749
f 401//765 681//766 399//756
f 401//765 399//756 398//755
f 401//765 398//755 400//763
f 400//763 402//762 403//767
f 400//763 403//767 406//768
f 400//763 406//768 409//769
f 400//763 409//769 411//770
f 400//763 411//770 401//765
f 397//761 404//771 403//767
f 397//761 403//767 402//762
f 469//772 470//773 405//774
f 469//772 405//774 403//767
f 469//772 403//767 404//771
f 469//772 404//771 471//775
f 661//776 408//777 406//768
f 661//776 406//768 403//767
f 661//776 403//767 405//774
f 458//778 457//779 456//780
f 458//778 456//780 407//781
f 458//778 407//781 406//768
f 458//778 406//768 408//777
f 431//782 430//783 429//784
f 431//782 429//784 428//785
f 431//782 428//785 427//786
f 431//782 427//786 426//786
f 431//782 426//786 425//787
f 431//782 425//787 423//786
f 431//782 423//786 422//788
f 431//782 422//788 421//787
f 431//782 421//787 419//786
f 431//782 419//786 418//789
f 431//782 418//789 417//790
f 431//782 417//790 416//791
f 431//782 416//791 415//792
f 431//782 415//792 414//793
f 431//782 414//793 413//794
f 431//782 413//794 412//795
f 431//782 412//795 409//769
f 431//782 409//769 406//768
f 431//782 406//768 407//781
f 433//796 668//797 410//798
f 433//796 410//798 409//799
f 433//796 409//799 412//800
f 433//796 412//800 413//801
f 433//796 413//801 414//802
f 433//796 414//802 415//803
f 433//796 415//803 416//804
f 433//796 416//804 417//805
f 433//796 417//805 418//806
f 433//796 418//806 419//807
f 433//796 419//807 420//808
f 433//796 420//808 422//809
f 433//796 422//809 423//807
f 433//796 423//807 424//810
f 433//796 424//810 426//810
f 433//796 426//810 427//811
f 433//796 427//811 428//812
f 433//796 428//812 429//813
f 433//796 429//813 430//783
f 433//796 430//783 431//782
f 433//796 431//782 432//814
f 410//798 673//815 411//816
f 410//798 411//816 409//799
f 407//781 456//780 454//817
f 407//781 454//817 453//818
f 407//781 453//818 452//819
f 407//781 452//819 451//820
f 407//781 451//820 450//821
f 407//781 450//821 449//822
f 407//781 449//822 448//822
f 407//781 448//822 447//823
f 407//781 447//823 445//822
f 407//781 445//822 444//822
f 407//781 444//822 443//822
f 407//781 443//822 442//821
f 407//781 442//821 441//821
f 407//781 441//821 439//824
f 407//781 439//824 438//825
f 407//781 438//825 437//826
f 407//781 437//826 436//827
f 407//781 436//827 435//828
f 407//781 435//828 434//829
f 407//781 434//829 432//830
f 407//781 432//830 431//782
f 432//814 434//831 435//832
f 432//814 435//832 436//833
f 432//814 436//833 437//834
f 432//814 437//834 438//835
f 432//814 438//835 439//836
f 432//814 439//836 440//837
f 432//814 440//837 442//837
f 432//814 442//837 443//837
f 432//814 443//837 444//837
f 432//814 444//837 445//837
f 432//814 445//837 446//837
f 432//814 446//837 448//837
f 432//814 448//837 449//837
f 432//814 449//837 450//838
f 432//814 450//838 451//839
f 432//814 451//839 452//840
f 432//814 452//840 453//818
f 432//814 453//818 454//817
f 432//814 454//817 455//841
f 432//814 455//841 433//796
f 284//842 663//842 662//842
f 284//842 662//842 455//842
f 284//842 455//842 454//842
f 284//842 454//842 456//842
f 284//842 456//842 457//779
f 284//842 457//779 458//778
f 284//842 458//778 459//842
f 284//842 459//842 461//842
f 459//843 458//778 408//777
f 459//843 408//777 661//776
f 459//843 661//776 660//844
f 459//843 660//844 460//845
f 460//845 462//573 461//572
f 460//845 461//572 459//843
f 464//846 463//574 462//573
f 464//846 462//573 460//845
f 464//846 460//845 660//844
f 467//847 465//575 463//574
f 467//847 463//574 464//846
f 467//847 468//848 466//576
f 467//847 466//576 465//575
f 469//772 467//847 464//846
f 469//772 464//846 470//773
f 469//772 472//849 468//848
f 469//772 468//848 467//847
f 472//849 469//772 471//775
f 472//849 471//775 474//850
f 472//849 473//851 541//852
f 472//849 541//852 468//848
f 473//851 472//849 474//850
f 473//851 474//850 475//853
f 473//851 475//853 477//854
f 397//761 476//764 475//853
f 397//761 475//853 474//850
f 397//761 474//850 471//775
f 397//761 471//775 404//771
f 476//764 480//855 478//856
f 476//764 478//856 477//854
f 476//764 477//854 475//853
f 473//851 477//854 478//856
f 473//851 478//856 479//735
f 473//851 479//735 482//857
f 473//851 482//857 543//858
f 480//855 481//736 479//735
f 480//855 479//735 478//856
f 389//738 480//855 476//764
f 389//738 476//764 391//747
f 480//855 389//738 385//737
f 480//855 385//737 481//736
f 482//857 479//735 483//734
f 482//857 483//734 484//859
f 483//734 485//733 487//860
f 483//734 487//860 484//859
f 529//861 487//860 485//733
f 529//861 485//733 486//862
f 525//863 486//862 485//733
f 525//863 485//733 488//732
f 525//863 488//732 491//864
f 525//863 491//864 493//864
f 525//863 493//864 494//864
f 525//863 494//864 499//864
f 525//863 499//864 500//864
f 525//863 500//864 502//864
f 525//863 502//864 503//864
f 525//863 503//864 505//864
f 525//863 505//864 507//865
f 525//863 507//865 508//866
f 525//863 508//866 526//867
f 644//868 489//869 488//869
f 644//868 488//869 490//868
f 491//870 488//869 489//869
f 491//870 489//869 492//870
f 492//870 495//871 493//871
f 492//870 493//871 491//870
f 495//871 496//872 494//872
f 495//871 494//872 493//871
f 496//872 497//873 499//873
f 496//872 499//873 494//872
f 497//873 498//874 615//875
f 497//873 615//875 614//876
f 497//873 614//876 612//877
f 497//873 612//877 613//878
f 497//873 613//878 501//879
f 497//873 501//879 500//880
f 497//873 500//880 499//873
f 502//881 500//882 501//883
f 501//883 613//884 504//885
f 501//883 504//885 503//886
f 501//883 503//886 502//881
f 504//885 611//887 506//888
f 504//885 506//888 505//889
f 504//885 505//889 503//886
f 506//888 606//890 602//891
f 506//888 602//891 601//892
f 506//888 601//892 599//892
f 506//888 599//892 597//892
f 506//888 597//892 510//892
f 506//888 510//892 509//892
f 506//888 509//892 507//892
f 506//888 507//892 505//889
f 508//866 507//865 509//893
f 508//866 509//893 511//894
f 508//866 511//894 512//895
f 514//896 513//897 511//898
f 514//896 511//898 509//899
f 514//896 509//899 510//900
f 514//896 510//900 570//901
f 511//894 513//902 515//903
f 511//894 515//903 512//895
f 513//902 514//904 595//905
f 513//902 595//905 516//906
f 513//902 516//906 515//903
f 516//906 518//907 517//908
f 516//906 517//908 515//903
f 515//903 517//908 519//909
f 515//903 519//909 512//895
f 554//910 553//911 521//912
f 554//910 521//912 520//913
f 554//910 520//913 517//908
f 554//910 517//908 518//907
f 520//913 522//914 524//915
f 520//913 524//915 519//909
f 520//913 519//909 517//908
f 522//914 520//913 521//912
f 522//914 521//912 551//916
f 522//914 551//916 523//917
f 528//918 527//919 525//863
f 528//918 525//863 524//915
f 528//918 524//915 522//914
f 528//918 522//914 523//917
f 524//915 525//863 526//867
f 524//915 526//867 519//909
f 529//861 486//862 525//863
f 529//861 525//863 527//919
f 530//920 529//861 527//919
f 530//920 527//919 528//918
f 530//920 528//918 596//921
f 530//920 596//921 531//922
f 529//861 530//920 532//923
f 529//861 532//923 487//860
f 530//920 531//922 534//580
f 530//920 534//580 533//579
f 530//920 533//579 535//579
f 530//920 535//579 532//923
f 532//923 535//579 536//579
f 532//923 536//579 537//924
f 536//579 538//578 539//925
f 536//579 539//925 537//924
f 541//852 542//926 539//925
f 541//852 539//925 538//578
f 541//852 538//578 540//577
f 468//848 541//852 540//577
f 468//848 540//577 466//576
f 541//852 473//851 543//858
f 541//852 543//858 542//926
f 539//925 542//926 543//858
f 539//925 543//858 482//857
f 539//925 482//857 484//859
f 539//925 484//859 537//924
f 487//860 532//923 537//924
f 487//860 537//924 484//859
f 544//581 534//580 531//922
f 544//581 531//922 596//921
f 544//581 596//921 545//927
f 546//582 544//581 545//927
f 546//582 545//927 547//928
f 548//583 546//582 547//928
f 548//583 547//928 549//929
f 250//567 253//570 548//583
f 250//567 548//583 549//929
f 549//929 547//928 551//916
f 549//929 551//916 550//930
f 552//568 250//567 549//929
f 552//568 549//929 550//930
f 521//912 553//911 550//930
f 521//912 550//930 551//916
f 553//911 554//910 555//566
f 553//911 555//566 248//565
f 553//911 248//565 552//568
f 553//911 552//568 550//930
f 556//931 555//566 554//910
f 556//931 554//910 518//907
f 558//932 573//933 574//934
f 558//932 574//934 246//560
f 558//932 246//560 555//566
f 558//932 555//566 556//931
f 558//932 556//931 557//935
f 559//936 557//935 556//931
f 559//936 556//931 518//907
f 559//936 518//907 516//906
f 557//935 559//936 560//937
f 557//935 560//937 562//938
f 557//935 562//938 558//932
f 595//905 566//939 564//940
f 595//905 564//940 565//941
f 595//905 565//941 561//942
f 595//905 561//942 560//937
f 595//905 560//937 559//936
f 595//905 559//936 516//906
f 562//943 560//944 561//942
f 562//943 561//942 565//941
f 562//943 565//941 563//945
f 571//946 573//947 558//948
f 571//946 558//948 562//949
f 571//946 562//949 563//950
f 571//946 563//950 564//951
f 571//946 564//951 567//952
f 571//946 567//952 568//953
f 564//940 563//954 565//941
f 569//955 567//952 564//951
f 569//955 564//951 566//956
f 568//957 567//958 569//959
f 568//957 569//959 570//960
f 568//957 570//960 510//961
f 568//957 510//961 597//962
f 568//957 597//962 598//963
f 568//957 598//963 624//964
f 568//957 624//964 218//965
f 568//957 218//965 572//966
f 570//901 569//955 566//956
f 570//901 566//956 595//967
f 570//901 595//967 514//896
f 572//966 221//968 224//500
f 572//966 224//500 571//499
f 572//966 571//499 568//957
f 574//523 573//947 571//946
f 574//523 571//946 233//524
f 241//558 246//560 574//934
f 241//558 574//934 575//969
f 241//558 575//969 576//970
f 241//558 576//970 577//971
f 241//558 577//971 578//972
f 241//558 578//972 579//973
f 241//558 579//973 580//974
f 241//558 580//974 581//975
f 241//558 581//975 582//975
f 241//558 582//975 584//976
f 241//558 584//976 585//977
f 241//558 585//977 586//975
f 241//558 586//975 588//978
f 241//558 588//978 589//978
f 241//558 589//978 590//979
f 241//558 590//979 591//980
f 241//558 591//980 592//981
f 241//558 592//981 593//509
f 241//558 593//509 594//508
f 547//928 545//927 523//917
f 547//928 523//917 551//916
f 596//921 528//918 523//917
f 596//921 523//917 545//927
f 526//867 508//866 512//895
f 526//867 512//895 519//909
f 598//982 597//983 599//984
f 598//982 599//984 600//985
f 598//982 600//985 621//986
f 600//987 599//988 601//989
f 600//987 601//989 603//344
f 600//987 603//344 194//343
f 601//989 602//891 606//890
f 601//989 606//890 604//990
f 601//989 604//990 603//344
f 603//344 604//990 605//991
f 603//344 605//991 620//326
f 603//344 620//326 192//325
f 605//991 604//990 607//992
f 605//991 607//992 608//993
f 506//994 607//992 604//990
f 506//994 604//990 606//890
f 610//995 608//993 607//992
f 610//995 607//992 609//996
f 609//996 607//992 506//994
f 609//996 506//994 611//997
f 609//996 612//998 614//999
f 609//996 614//999 616//1000
f 609//996 616//1000 610//995
f 611//997 504//1001 613//1002
f 611//997 613//1002 612//998
f 611//997 612//998 609//996
f 619//1003 617//1004 616//1005
f 619//1003 616//1005 614//1006
f 619//1003 614//1006 615//1007
f 617//1004 618//323 608//327
f 617//1004 608//327 610//1008
f 617//1004 610//1008 616//1005
f 615//1007 498//1009 619//1003
f 622//427 621//1010 600//987
f 622//427 600//987 194//343
f 622//427 194//343 197//347
f 624//446 598//982 621//986
f 624//446 621//986 622//1011
f 624//446 622//1011 623//434
f 490//868 645//1012 646//1012
f 490//868 646//1012 644//868
f 645//1012 647//1013 649//1013
f 645//1012 649//1013 646//1012
f 647//1013 648//1014 650//1014
f 647//1013 650//1014 649//1013
f 648//1014 656//1015 657//1016
f 648//1014 657//1016 659//1017
f 648//1014 659//1017 376//1018
f 648//1014 376//1018 655//1019
f 648//1014 655//1019 652//1020
f 648//1014 652//1020 651//1021
f 648//1014 651//1021 650//1014
f 653//1022 651//1023 652//1024
f 652//1024 655//1025 374//712
f 652//1024 374//712 654//714
f 652//1024 654//714 653//1022
f 657//1026 656//1027 658//1028
f 658//1028 383//724 378//728
f 658//1028 378//728 659//1029
f 658//1028 659//1029 657//1026
f 405//774 470//773 464//846
f 405//774 464//846 660//844
f 405//774 660//844 661//776
f 668//1030 433//1031 455//1032
f 668//1030 455//1032 662//1033
f 668//1030 662//1033 664//1034
f 668//1030 664//1034 666//1035
f 664//1036 662//1037 663//1038
f 664//1036 663//1038 665//1039
f 665//1039 721//1040 722//1041
f 665//1039 722//1041 723//1042
f 665//1039 723//1042 724//1043
f 665//1039 724//1043 725//1044
f 665//1039 725//1044 726//1045
f 665//1039 726//1045 727//1046
f 665//1039 727//1046 728//1047
f 665//1039 728//1047 729//1048
f 665//1039 729//1048 730//1049
f 665//1039 730//1049 731//1050
f 665//1039 731//1050 732//1051
f 665//1039 732//1051 733//1052
f 665//1039 733//1052 734//1053
f 665//1039 734//1053 735//1054
f 665//1039 735//1054 736//1055
f 665//1039 736//1055 737//1056
f 665//1039 737//1056 738//1057
f 665//1039 738//1057 739//1057
f 665//1039 739//1057 740//1057
f 665//1039 740//1057 741//1057
f 665//1039 741//1057 742//1057
f 665//1039 742//1057 743//1057
f 665//1039 743//1057 744//1057
f 665//1039 744//1057 745//1057
f 665//1039 745//1057 746//1057
f 665//1039 746//1057 747//1057
f 665//1039 747//1057 718//1058
f 665//1039 718//1058 669//1059
f 665//1039 669//1059 667//1060
f 665//1039 667//1060 666//1061
f 665//1039 666//1061 664//1036
f 666//1035 667//1062 670//1063
f 666//1035 670//1063 673//1064
f 666//1035 673//1064 410//1065
f 666//1035 410//1065 668//1030
f 670//1066 667//1060 669//1059
f 670//1066 669//1059 718//1058
f 670//1066 718//1058 672//1067
f 674//1068 673//1064 670//1063
f 674//1068 670//1063 671//1069
f 674//1068 671//1069 675//1070
f 671//1071 670//1066 672//1067
f 671//1071 672//1067 716//1072
f 671//1071 716//1072 712//1073
f 676//1074 678//1075 680//1076
f 676//1074 680//1076 681//1077
f 676//1074 681//1077 401//1078
f 676//1074 401//1078 411//816
f 676//1074 411//816 673//815
f 676//1074 673//815 674//1079
f 675//1070 683//1080 685//1081
f 675//1070 685//1081 687//1082
f 675//1070 687//1082 689//1083
f 675//1070 689//1083 387//1084
f 675//1070 387//1084 393//1085
f 675//1070 393//1085 677//1086
f 675//1070 677//1086 676//1087
f 675//1070 676//1087 674//1068
f 395//753 678//1075 676//1074
f 395//753 676//1074 677//754
f 679//758 680//1088 678//759
f 680//1089 679//1090 682//757
f 680//1089 682//757 399//756
f 680//1089 399//756 681//1091
f 712//1073 684//1092 683//1093
f 712//1073 683//1093 675//1094
f 712//1073 675//1094 671//1071
f 685//1095 683//1093 684//1092
f 685//1095 684//1092 711//1096
f 685//1095 711//1096 710//1097
f 685//1095 710//1097 709//1098
f 685//1095 709//1098 708//1099
f 685//1095 708//1099 706//1100
f 685//1095 706//1100 705//1100
f 685//1095 705//1100 704//1101
f 685//1095 704//1101 703//1102
f 685//1095 703//1102 702//1100
f 685//1095 702//1100 700//1103
f 685//1095 700//1103 699//1104
f 685//1095 699//1104 698//1105
f 685//1095 698//1105 697//1100
f 685//1095 697//1100 696//1106
f 685//1095 696//1106 695//1107
f 685//1095 695//1107 694//1108
f 685//1095 694//1108 693//1109
f 685//1095 693//1109 692//1110
f 685//1095 692//1110 686//1111
f 686//1111 691//1112 688//1113
f 686//1111 688//1113 687//1114
f 686//1111 687//1114 685//1095
f 688//1113 364//1115 690//1116
f 688//1113 690//1116 689//1117
f 688//1113 689//1117 687//1114
f 691//704 686//1118 692//1119
f 691//704 692//1119 693//1120
f 691//704 693//1120 694//1121
f 691//704 694//1121 695//1122
f 691//704 695//1122 696//1123
f 691//704 696//1123 697//1124
f 691//704 697//1124 698//1125
f 691//704 698//1125 699//1126
f 691//704 699//1126 700//1127
f 691//704 700//1127 701//1128
f 691//704 701//1128 703//1129
f 691//704 703//1129 704//1130
f 691//704 704//1130 705//1131
f 691//704 705//1131 707//1127
f 691//704 707//1127 708//1132
f 691//704 708//1132 709//1133
f 691//704 709//1133 710//1134
f 691//704 710//1134 711//1135
f 691//704 711//1135 684//1136
f 691//704 684//1136 713//1137
f 691//704 713//1137 331//654
f 691//704 331//654 358//655
f 714//644 713//1137 684//1136
f 714//644 684//1136 712//1138
f 714//644 712//1138 716//1139
f 714//644 296//646 331//654
f 714//644 331//654 713//1137
f 715//645 714//644 716//1139
f 715//645 716//1139 672//1140
f 715//645 672//1140 718//1141
f 715//645 718//1141 717//1142
f 715//645 717//1142 719//625
f 715//645 719//625 288//624
f 715//645 288//624 297//639
f 720//626 719//625 717//1142
f 720//626 717//1142 718//1141
f 720//626 718//1141 747//1143
f 720//626 747//1143 746//1144
f 720//626 746//1144 745//1144
f 720//626 745//1144 744//1144
f 720//626 744//1144 743//1143
f 720//626 743//1143 742//1143
f 720//626 742//1143 741//1144
f 720//626 741//1144 740//1144
f 720//626 740//1144 739//1143
f 720//626 739//1143 738//1143
f 720//626 738//1143 737//1145
f 720//626 737//1145 736//1146
f 720//626 736//1146 735//1147
f 720//626 735//1147 734//1148
f 720//626 734//1148 733//1149
f 720//626 733//1149 732//1150
f 720//626 732//1150 731//1151
f 720//626 731//1151 730//1152
f 720//626 730//1152 729//1153
f 720//626 729//1153 728//1154
f 720//626 728//1154 727//1155
f 720//626 727//1155 726//1156
f 720//626 726//1156 725//1157
f 720//626 725//1157 724//1158
f 720//626 724//1158 723//1159
f 720//626 723//1159 722//1041
f 720//626 722//1041 721//1040
f 721//1040 665//1160 663//1161
f 721//1040 663//1161 284//627
f 721//1040 284//627 720//626
f 282//630 280//1162 750//1163
f 282//630 750//1163 749//631
f 280//1162 278//1164 751//1165
f 280//1162 751//1165 750//1163
f 752//1166 751//1165 278//1164
f 752//1166 278//1164 276//1167
f 276//1167 272//613 753//612
f 276//1167 753//612 752//1166
f 754//1168 265//602 755//601
f 754//1168 755//601 757//1169
f 758//1170 757//1171 755//1172
f 758//1170 755//1172 756//407
f 758//1170 756//407 1160//406
f 758//1170 1160//406 759//1173
f 1163//592 1161//1174 756//407
f 1163//592 756//407 755//1172
f 1163//592 755//1172 263//588
f 757//1169 758//1175 760//1176
f 757//1169 760//1176 761//1177
f 757//1169 761//1177 754//1168
f 759//1173 1135//1178 1136//1179
f 759//1173 1136//1179 1138//1180
f 759//1173 1138//1180 1140//1181
f 759//1173 1140//1181 762//1182
f 759//1173 762//1182 760//1183
f 759//1173 760//1183 758//1170
f 760//1176 763//1184 764//1185
f 760//1176 764//1185 761//1177
f 762//1182 1143//1186 1088//1187
f 762//1182 1088//1187 767//1188
f 762//1182 767//1188 766//1189
f 762//1182 766//1189 763//1190
f 762//1182 763//1190 760//1183
f 763//1184 765//1191 784//1192
f 763//1184 784//1192 764//1185
f 766//1189 768//1193 770//1194
f 766//1189 770//1194 765//1195
f 766//1189 765//1195 763//1190
f 768//1196 766//1197 767//1198
f 768//1196 767//1198 1086//1199
f 768//1196 1086//1199 769//1200
f 771//1201 770//1202 768//1196
f 771//1201 768//1196 769//1200
f 771//1201 769//1200 772//1203
f 770//1194 771//1204 773//1205
f 770//1194 773//1205 775//1206
f 770//1194 775//1206 765//1195
f 772//1203 774//1207 773//1208
f 772//1203 773//1208 771//1201
f 776//1209 773//1208 774//1207
f 776//1209 774//1207 777//1210
f 779//1211 775//1206 773//1205
f 779//1211 773//1205 776//1212
f 778//1213 776//1209 777//1210
f 778//1213 777//1210 1157//1214
f 776//1212 778//1215 780//1215
f 776//1212 780//1215 779//1211
f 779//1216 780//1217 782//1218
f 779//1216 782//1218 781//1219
f 781//1219 783//1220 775//1221
f 781//1219 775//1221 779//1216
f 765//1191 775//1221 783//1220
f 765//1191 783//1220 784//1192
f 780//1217 786//1222 785//1223
f 780//1217 785//1223 782//1218
f 787//1224 785//1223 786//1222
f 787//1224 786//1222 788//1225
f 789//1226 787//1224 788//1225
f 789//1226 788//1225 790//1227
f 790//1227 792//1228 791//1229
f 790//1227 791//1229 789//1226
f 792//1228 794//1230 793//1231
f 792//1228 793//1231 791//1229
f 794//1230 796//1232 795//1233
f 794//1230 795//1233 793//1231
f 797//1234 795//1233 796//1232
f 797//1234 796//1232 799//1235
f 798//1236 797//1234 799//1235
f 798//1236 799//1235 800//1237
f 800//1238 799//1239 801//1240
f 800//1238 801//1240 804//1238
f 799//1239 796//1241 803//1241
f 799//1239 803//1241 801//1240
f 804//1242 801//1243 802//1244
f 804//1242 802//1244 806//1245
f 801//1243 803//1246 1146//1247
f 801//1243 1146//1247 802//1244
f 814//1248 800//1238 804//1238
f 814//1248 804//1238 805//1248
f 806//1245 807//1249 805//1250
f 806//1245 805//1250 804//1242
f 831//1251 827//1252 825//1253
f 831//1251 825//1253 824//1253
f 831//1251 824//1253 823//1253
f 831//1251 823//1253 822//1253
f 831//1251 822//1253 821//1253
f 831//1251 821//1253 809//1253
f 831//1251 809//1253 808//1253
f 831//1251 808//1253 807//1253
f 831//1251 807//1253 806//1253
f 831//1251 806//1253 802//1253
f 831//1251 802//1253 1146//1254
f 831//1251 1146//1254 1144//1255
f 831//1251 1144//1255 1145//1253
f 831//1251 1145//1253 837//1253
f 831//1251 837//1253 836//1253
f 831//1251 836//1253 834//1253
f 807//1249 808//1256 810//1257
f 807//1249 810//1257 805//1250
f 811//1258 810//1257 808//1256
f 811//1258 808//1256 809//1259
f 810//1260 811//1261 815//1262
f 810//1260 815//1262 812//1263
f 805//1248 810//1260 812//1263
f 805//1248 812//1263 814//1248
f 812//1264 815//1265 816//1266
f 812//1264 816//1266 813//1267
f 814//1268 812//1264 813//1267
f 814//1268 813//1267 1159//1269
f 817//1270 815//1262 811//1261
f 817//1270 811//1261 819//1270
f 818//1271 816//1266 815//1265
f 818//1271 815//1265 817//1272
f 90//112 818//1271 817//1272
f 90//112 817//1272 94//109
f 94//116 817//1270 819//1270
f 94//116 819//1270 820//116
f 821//1273 822//1274 820//1275
f 821//1273 820//1275 819//1276
f 819//1276 811//1258 809//1259
f 819//1276 809//1259 821//1273
f 822//1274 823//1277 93//1278
f 822//1274 93//1278 820//1275
f 826//1279 93//1278 823//1277
f 826//1279 823//1277 824//1280
f 824//1280 825//1281 828//1282
f 824//1280 828//1282 96//1283
f 824//1280 96//1283 826//1279
f 825//1281 827//1284 830//1285
f 825//1281 830//1285 100//1286
f 825//1281 100//1286 828//1282
f 1000//1287 829//1288 827//1252
f 1000//1287 827//1252 831//1251
f 1000//1287 831//1251 833//1289
f 1158//1290 830//1285 827//1284
f 1158//1290 827//1284 829//1291
f 996//1292 833//1293 831//1294
f 996//1292 831//1294 832//1295
f 996//1292 832//1295 995//1296
f 996//1292 995//1296 992//1297
f 831//1294 834//1298 835//1299
f 831//1294 835//1299 832//1295
f 838//1300 835//1299 834//1298
f 838//1300 834//1298 836//1301
f 840//1302 838//1300 836//1301
f 840//1302 836//1301 837//1303
f 842//1304 839//1305 838//1306
f 842//1304 838//1306 840//1307
f 839//1305 909//1308 835//1309
f 839//1305 835//1309 838//1306
f 841//1310 840//1302 837//1303
f 841//1310 837//1303 1145//1311
f 844//1312 842//1304 840//1307
f 844//1312 840//1307 841//1313
f 839//1305 842//1304 843//1314
f 839//1305 843//1314 907//1315
f 842//1304 844//1312 845//1316
f 842//1304 845//1316 843//1314
f 844//1312 846//1317 847//1318
f 844//1312 847//1318 845//1316
f 841//1313 848//842 846//1317
f 841//1313 846//1317 844//1312
f 850//1319 847//1318 846//1317
f 850//1319 846//1317 849//1320
f 849//1320 846//1317 848//842
f 849//1320 848//842 852//1321
f 863//1322 850//1319 849//1320
f 863//1322 849//1320 851//1323
f 852//1321 854//1324 851//1323
f 852//1321 851//1323 849//1320
f 852//1325 848//1326 1144//1327
f 852//1325 1144//1327 853//1328
f 853//1328 855//1329 854//1330
f 853//1328 854//1330 852//1325
f 855//1329 858//1331 856//1332
f 855//1329 856//1332 854//1330
f 854//1324 856//1333 859//1334
f 854//1324 859//1334 851//1323
f 858//1331 1085//1335 857//1336
f 858//1331 857//1336 856//1332
f 856//1333 857//1337 860//1338
f 856//1333 860//1338 859//1334
f 861//1339 863//1322 851//1323
f 861//1339 851//1323 859//1334
f 861//1339 859//1334 860//1338
f 861//1339 860//1338 864//1340
f 863//1322 861//1339 862//1341
f 863//1322 862//1341 899//1342
f 862//1341 861//1339 864//1340
f 862//1341 864//1340 866//1343
f 864//1340 860//1338 1080//1344
f 864//1340 1080//1344 1079//1345
f 864//1340 1079//1345 1011//1346
f 864//1340 1011//1346 1009//1347
f 864//1340 1009//1347 865//1348
f 866//1343 864//1340 865//1348
f 866//1343 865//1348 871//1349
f 866//1343 871//1349 870//1350
f 866//1343 870//1350 868//1351
f 868//1351 869//1352 867//1353
f 868//1351 867//1353 866//1343
f 862//1341 866//1343 867//1353
f 862//1341 867//1353 901//1354
f 872//1355 873//1356 869//1352
f 872//1355 869//1352 868//1351
f 872//1355 868//1351 870//1350
f 1010//1357 874//1358 872//1355
f 1010//1357 872//1355 870//1350
f 1010//1357 870//1350 871//1349
f 875//1359 876//1360 873//1356
f 875//1359 873//1356 872//1355
f 878//1361 875//1359 872//1355
f 878//1361 872//1355 874//1358
f 875//1359 877//1362 891//1363
f 875//1359 891//1363 876//1360
f 878//1361 880//1364 877//1362
f 878//1361 877//1362 875//1359
f 878//1361 874//1358 1010//1357
f 878//1361 1010//1357 1007//1365
f 878//1361 1007//1365 1005//1366
f 878//1361 1005//1366 879//1367
f 880//1364 878//1361 879//1367
f 880//1364 879//1367 881//1368
f 882//306 880//1364 881//1368
f 882//306 881//1368 1004//312
f 882//306 1004//312 883//307
f 880//1364 882//306 884//1369
f 880//1364 884//1369 877//1362
f 884//1369 882//306 885//299
f 884//1369 885//299 886//298
f 884//1369 886//298 887//297
f 884//1369 887//297 888//1370
f 884//1369 888//1370 890//1371
f 889//1372 888//1370 887//297
f 889//1372 887//297 172//296
f 888//1370 889//1372 892//291
f 888//1370 892//291 893//1373
f 888//1370 893//1373 895//1374
f 888//1370 895//1374 900//1375
f 888//1370 900//1375 901//1354
f 888//1370 901//1354 867//1353
f 888//1370 867//1353 869//1352
f 888//1370 869//1352 873//1356
f 888//1370 873//1356 876//1360
f 888//1370 876//1360 891//1363
f 888//1370 891//1363 890//1371
f 877//1362 884//1369 890//1371
f 877//1362 890//1371 891//1363
f 167//292 892//291 889//1372
f 167//292 889//1372 172//296
f 939//1376 940//1377 941//1378
f 939//1376 941//1378 906//1379
f 939//1376 906//1379 903//1380
f 939//1376 903//1380 894//1381
f 939//1376 894//1381 893//1373
f 939//1376 893//1373 892//291
f 939//1376 892//291 166//290
f 939//1376 166//290 164//289
f 939//1376 164//289 938//288
f 939//1376 938//288 937//1382
f 939//1376 937//1382 935//1383
f 896//1384 893//1373 894//1381
f 896//1384 894//1381 897//1385
f 898//1386 895//1374 893//1373
f 898//1386 893//1373 896//1384
f 850//1319 898//1386 896//1384
f 850//1319 896//1384 847//1318
f 847//1318 896//1384 897//1385
f 847//1318 897//1385 845//1316
f 898//1386 899//1342 900//1375
f 898//1386 900//1375 895//1374
f 850//1319 863//1322 899//1342
f 850//1319 899//1342 898//1386
f 899//1342 862//1341 901//1354
f 899//1342 901//1354 900//1375
f 894//1381 903//1380 902//1387
f 894//1381 902//1387 897//1385
f 897//1385 902//1387 843//1314
f 897//1385 843//1314 845//1316
f 903//1380 906//1379 904//1388
f 903//1380 904//1388 902//1387
f 902//1387 904//1388 907//1315
f 902//1387 907//1315 843//1314
f 906//1379 941//1378 905//1389
f 906//1379 905//1389 904//1388
f 905//1389 908//1390 907//1315
f 905//1389 907//1315 904//1388
f 908//1390 909//1308 839//1305
f 908//1390 839//1305 907//1315
f 910//1391 911//1392 943//1393
f 910//1391 943//1393 993//1394
f 910//1391 993//1394 994//1395
f 910//1391 994//1395 909//1308
f 910//1391 909//1308 908//1390
f 942//1396 913//1397 912//1398
f 942//1396 912//1398 910//1391
f 942//1396 910//1391 908//1390
f 942//1396 908//1390 905//1389
f 914//1399 916//1400 911//1392
f 914//1399 911//1392 910//1391
f 914//1399 910//1391 912//1398
f 912//1398 913//1397 934//1401
f 912//1398 934//1401 915//1402
f 912//1398 915//1402 914//1399
f 919//1403 918//1404 916//1400
f 919//1403 916//1400 914//1399
f 919//1403 914//1399 915//1402
f 919//1403 915//1402 932//1405
f 917//1406 916//1400 918//1404
f 917//1406 918//1404 920//1407
f 929//1408 131//1409 944//1410
f 929//1408 944//1410 911//1392
f 929//1408 911//1392 916//1400
f 929//1408 916//1400 917//1406
f 929//1408 917//1406 924//1411
f 918//1404 919//1403 931//281
f 918//1404 931//281 157//279
f 918//1404 157//279 922//280
f 918//1404 922//280 920//1407
f 921//254 920//1407 922//280
f 921//254 922//280 143//255
f 923//1412 924//1411 917//1406
f 923//1412 917//1406 920//1407
f 923//1412 920//1407 921//254
f 143//255 922//280 151//272
f 143//255 151//272 145//257
f 141//253 137//1413 135//1414
f 141//253 135//1414 930//1415
f 141//253 930//1415 926//1416
f 141//253 926//1416 925//1417
f 141//253 925//1417 923//1412
f 141//253 923//1412 921//254
f 924//1411 923//1412 925//1417
f 924//1411 925//1417 927//1418
f 924//1411 927//1418 929//1408
f 927//1419 925//1420 926//1416
f 927//1419 926//1416 930//1415
f 927//1419 930//1415 928//1421
f 135//1414 928//1422 930//1415
f 931//281 919//1403 932//1405
f 931//281 932//1405 160//282
f 933//1423 936//283 160//282
f 933//1423 160//282 932//1405
f 915//1402 934//1401 933//1423
f 915//1402 933//1423 932//1405
f 934//1401 939//1376 935//1383
f 934//1401 935//1383 933//1423
f 935//1383 937//1382 936//283
f 935//1383 936//283 933//1423
f 937//1382 938//288 159//284
f 937//1382 159//284 936//283
f 913//1397 942//1396 940//1377
f 913//1397 940//1377 939//1376
f 913//1397 939//1376 934//1401
f 905//1389 941//1378 940//1377
f 905//1389 940//1377 942//1396
f 943//1393 911//1392 944//1410
f 943//1393 944//1410 945//1424
f 943//1393 945//1424 946//1425
f 943//1393 946//1425 947//1426
f 943//1393 947//1426 948//1427
f 943//1393 948//1427 950//1428
f 943//1393 950//1428 951//1428
f 943//1393 951//1428 952//1428
f 943//1393 952//1428 953//1428
f 943//1393 953//1428 954//1428
f 943//1393 954//1428 955//1427
f 943//1393 955//1427 957//1427
f 943//1393 957//1427 958//1429
f 943//1393 958//1429 959//1430
f 943//1393 959//1430 960//1431
f 943//1393 960//1431 961//1432
f 943//1393 961//1432 962//1433
f 943//1393 962//1433 963//1434
f 943//1393 963//1434 964//1435
f 943//1393 964//1435 965//1436
f 943//1393 965//1436 967//1437
f 965//1438 964//1439 963//1440
f 965//1438 963//1440 962//1441
f 965//1438 962//1441 961//1442
f 965//1438 961//1442 960//1443
f 965//1438 960//1443 959//1444
f 965//1438 959//1444 958//1445
f 965//1438 958//1445 956//1445
f 965//1438 956//1445 955//1446
f 965//1438 955//1446 954//1446
f 965//1438 954//1446 953//1446
f 965//1438 953//1446 952//1447
f 965//1438 952//1447 951//1446
f 965//1438 951//1446 949//1446
f 965//1438 949//1446 948//1448
f 965//1438 948//1448 947//1449
f 965//1438 947//1449 946//1450
f 965//1438 946//1450 945//1451
f 965//1438 945//1451 944//224
f 965//1438 944//224 130//227
f 965//1438 130//227 123//1452
f 965//1438 123//1452 966//1453
f 966//1453 1003//1454 969//1455
f 966//1453 969//1455 968//1456
f 966//1453 968//1456 967//1457
f 966//1453 967//1457 965//1438
f 993//1394 943//1393 967//1437
f 993//1394 967//1437 968//1458
f 993//1394 968//1458 970//1459
f 993//1394 970//1459 971//1460
f 993//1394 971//1460 972//1460
f 993//1394 972//1460 974//1460
f 993//1394 974//1460 975//1460
f 993//1394 975//1460 976//1460
f 993//1394 976//1460 978//1460
f 993//1394 978//1460 979//1460
f 993//1394 979//1460 980//1460
f 993//1394 980//1460 981//1461
f 993//1394 981//1461 982//1462
f 993//1394 982//1462 983//1463
f 993//1394 983//1463 984//1464
f 993//1394 984//1464 985//1465
f 993//1394 985//1465 986//1466
f 993//1394 986//1466 987//1467
f 993//1394 987//1467 988//1468
f 993//1394 988//1468 989//1469
f 993//1394 989//1469 991//1470
f 969//1455 1001//1471 990//1472
f 969//1455 990//1472 989//1473
f 969//1455 989//1473 988//1474
f 969//1455 988//1474 987//1475
f 969//1455 987//1475 986//1476
f 969//1455 986//1476 985//1477
f 969//1455 985//1477 984//1478
f 969//1455 984//1478 983//1479
f 969//1455 983//1479 982//1480
f 969//1455 982//1480 981//1481
f 969//1455 981//1481 980//1482
f 969//1455 980//1482 979//1482
f 969//1455 979//1482 977//1482
f 969//1455 977//1482 976//1482
f 969//1455 976//1482 975//1482
f 969//1455 975//1482 973//1482
f 969//1455 973//1482 972//1482
f 969//1455 972//1482 971//1482
f 969//1455 971//1482 970//1483
f 969//1455 970//1483 968//1456
f 990//1472 997//1484 996//1292
f 990//1472 996//1292 992//1297
f 990//1472 992//1297 991//1485
f 990//1472 991//1485 989//1473
f 994//1395 993//1394 991//1470
f 994//1395 991//1470 992//1486
f 994//1395 992//1486 995//1487
f 995//1487 832//1488 835//1309
f 995//1487 835//1309 909//1308
f 995//1487 909//1308 994//1395
f 833//1289 996//1489 997//1490
f 833//1289 997//1490 998//1491
f 833//1289 998//1491 999//1492
f 833//1289 999//1492 1000//1287
f 997//1490 990//1493 1001//1494
f 997//1490 1001//1494 1002//1495
f 997//1490 1002//1495 114//1496
f 997//1490 114//1496 998//1491
f 112//158 108//1497 1158//1290
f 112//158 1158//1290 829//1291
f 112//158 829//1291 1000//1498
f 112//158 1000//1498 999//153
f 1001//1494 969//1499 1003//206
f 1001//1494 1003//206 121//211
f 1001//1494 121//211 116//1500
f 1001//1494 116//1500 1002//1495
f 1006//1501 180//311 1004//312
f 1006//1501 1004//312 881//1368
f 1006//1501 881//1368 879//1367
f 1006//1501 879//1367 1005//1366
f 1006//1501 1005//1366 1007//1365
f 1006//1501 1007//1365 1008//1502
f 1018//1503 1008//1502 1007//1365
f 1018//1503 1007//1365 1009//1347
f 1018//1503 1009//1347 1012//1504
f 1018//1503 1012//1504 1015//1505
f 1018//1503 1015//1505 1017//1506
f 871//1349 865//1348 1009//1347
f 871//1349 1009//1347 1007//1365
f 871//1349 1007//1365 1010//1357
f 1053//1507 1051//1508 1050//1509
f 1053//1507 1050//1509 1049//1510
f 1053//1507 1049//1510 1048//1511
f 1053//1507 1048//1511 1047//1512
f 1053//1507 1047//1512 1046//1513
f 1053//1507 1046//1513 1045//1514
f 1053//1507 1045//1514 1044//1515
f 1053//1507 1044//1515 1042//1515
f 1053//1507 1042//1515 1041//1516
f 1053//1507 1041//1516 1040//1516
f 1053//1507 1040//1516 1039//1516
f 1053//1507 1039//1516 1038//1516
f 1053//1507 1038//1516 1037//1516
f 1053//1507 1037//1516 1036//1516
f 1053//1507 1036//1516 1034//1517
f 1053//1507 1034//1517 1033//1518
f 1053//1507 1033//1518 1032//1519
f 1053//1507 1032//1519 1014//1520
f 1053//1507 1014//1520 1012//1504
f 1053//1507 1012//1504 1009//1347
f 1053//1507 1009//1347 1011//1346
f 1013//1521 1016//1522 1015//1523
f 1013//1521 1015//1523 1012//1524
f 1052//1525 1106//1526 1013//1521
f 1052//1525 1013//1521 1012//1524
f 1052//1525 1012//1524 1014//1527
f 1052//1525 1014//1527 1032//1528
f 1052//1525 1032//1528 1033//1529
f 1052//1525 1033//1529 1034//1530
f 1052//1525 1034//1530 1035//1531
f 1052//1525 1035//1531 1037//1531
f 1052//1525 1037//1531 1038//1531
f 1052//1525 1038//1531 1039//1531
f 1052//1525 1039//1531 1040//1530
f 1052//1525 1040//1530 1041//1530
f 1052//1525 1041//1530 1043//1530
f 1052//1525 1043//1530 1044//1532
f 1052//1525 1044//1532 1045//1533
f 1052//1525 1045//1533 1046//1534
f 1052//1525 1046//1534 1047//1535
f 1052//1525 1047//1535 1048//1536
f 1052//1525 1048//1536 1049//1537
f 1052//1525 1049//1537 1050//1509
f 1052//1525 1050//1509 1051//1508
f 1026//1538 1022//1539 1021//1540
f 1026//1538 1021//1540 1019//1541
f 1026//1538 1019//1541 1017//1542
f 1026//1538 1017//1542 1015//1523
f 1026//1538 1015//1523 1016//1522
f 1026//1538 1016//1522 204//1543
f 1017//1506 1019//1544 1020//1545
f 1017//1506 1020//1545 1031//1546
f 1017//1506 1031//1546 1018//1503
f 1021//1547 1023//1548 1024//1549
f 1021//1547 1024//1549 1020//1550
f 1021//1547 1020//1550 1019//1551
f 1023//1548 1021//1552 1022//1553
f 1030//1554 1031//1546 1020//1545
f 1030//1554 1020//1545 1024//1549
f 1030//1554 1024//1549 1023//1548
f 1030//1554 1023//1548 1022//1553
f 1030//1554 1022//1553 1025//1555
f 1030//1554 1025//1555 1028//1556
f 1025//1557 1022//1539 1026//1538
f 1025//1557 1026//1538 1027//1558
f 1029//322 1028//1559 1025//1557
f 1029//322 1025//1557 1027//1558
f 1029//322 1027//1558 188//317
f 182//313 1030//1554 1028//1556
f 182//313 1028//1556 1029//1560
f 182//313 1029//1560 184//314
f 1030//1554 1006//1501 1008//1502
f 1030//1554 1008//1502 1018//1503
f 1030//1554 1018//1503 1031//1546
f 182//313 180//311 1006//1501
f 182//313 1006//1501 1030//1554
f 1104//1561 1105//1562 206//394
f 1104//1561 206//394 1016//393
f 1104//1561 1016//393 1013//1563
f 1104//1561 1013//1563 1106//1564
f 1051//1508 1053//1565 1054//1566
f 1051//1508 1054//1566 1055//1567
f 1051//1508 1055//1567 1101//1568
f 1051//1508 1101//1568 1052//1525
f 1077//1569 1075//1570 1074//1571
f 1077//1569 1074//1571 1073//1572
f 1077//1569 1073//1572 1072//1573
f 1077//1569 1072//1573 1071//1574
f 1077//1569 1071//1574 1070//1575
f 1077//1569 1070//1575 1069//1576
f 1077//1569 1069//1576 1068//1577
f 1077//1569 1068//1577 1067//1578
f 1077//1569 1067//1578 1066//1579
f 1077//1569 1066//1579 1065//1579
f 1077//1569 1065//1579 1063//1579
f 1077//1569 1063//1579 1062//1579
f 1077//1569 1062//1579 1061//1580
f 1077//1569 1061//1580 1059//1579
f 1077//1569 1059//1579 1058//1579
f 1077//1569 1058//1579 1057//1579
f 1077//1569 1057//1579 1056//1581
f 1077//1569 1056//1581 1054//1582
f 1077//1569 1054//1582 1053//1507
f 1077//1569 1053//1507 1011//1346
f 1077//1569 1011//1346 1079//1345
f 1054//1566 1056//1583 1057//1584
f 1054//1566 1057//1584 1058//1585
f 1054//1566 1058//1585 1060//1585
f 1054//1566 1060//1585 1061//1585
f 1054//1566 1061//1585 1062//1584
f 1054//1566 1062//1584 1064//1584
f 1054//1566 1064//1584 1065//1585
f 1054//1566 1065//1585 1066//1585
f 1054//1566 1066//1585 1067//1586
f 1054//1566 1067//1586 1068//1587
f 1054//1566 1068//1587 1069//1588
f 1054//1566 1069//1588 1070//1589
f 1054//1566 1070//1589 1071//1590
f 1054//1566 1071//1590 1072//1591
f 1054//1566 1072//1591 1073//1592
f 1054//1566 1073//1592 1074//1571
f 1054//1566 1074//1571 1075//1570
f 1054//1566 1075//1570 1076//1593
f 1054//1566 1076//1593 1097//1594
f 1054//1566 1097//1594 1055//1567
f 1075//1570 1077//1595 1078//1596
f 1075//1570 1078//1596 1142//1597
f 1075//1570 1142//1597 1093//1598
f 1075//1570 1093//1598 1076//1593
f 1081//1599 1078//1600 1077//1569
f 1081//1599 1077//1569 1079//1345
f 1081//1599 1079//1345 1080//1344
f 1080//1344 860//1338 857//1337
f 1080//1344 857//1337 1082//1601
f 1080//1344 1082//1601 1081//1599
f 1078//1596 1081//1602 1082//1603
f 1078//1596 1082//1603 1083//1604
f 1078//1596 1083//1604 1084//1605
f 1078//1596 1084//1605 1142//1597
f 1082//1603 857//1336 1085//1335
f 1082//1603 1085//1335 1083//1604
f 1084//1606 1083//1607 1086//1608
f 1084//1606 1086//1608 1087//1609
f 1084//1606 1087//1609 1089//1610
f 1085//1611 858//1611 855//1611
f 1085//1611 855//1611 853//1611
f 1085//1611 853//1611 1144//1255
f 1085//1611 1144//1255 1146//1254
f 1085//1611 1146//1254 1147//1611
f 1085//1611 1147//1611 1148//1611
f 1085//1611 1148//1611 1152//1611
f 1085//1611 1152//1611 1155//1611
f 1085//1611 1155//1611 1156//1611
f 1085//1611 1156//1611 1157//1611
f 1085//1611 1157//1611 777//1611
f 1085//1611 777//1611 774//1611
f 1085//1611 774//1611 772//1611
f 1085//1611 772//1611 769//1611
f 1085//1611 769//1611 1086//1608
f 1085//1611 1086//1608 1083//1607
f 1087//1612 1086//1199 767//1198
f 1087//1612 767//1198 1088//1613
f 1090//1614 1089//1615 1087//1612
f 1090//1614 1087//1612 1088//1613
f 1090//1614 1088//1613 1141//1616
f 1090//1614 1141//1616 1091//1617
f 1089//1610 1090//1618 1092//1619
f 1089//1610 1092//1619 1093//1620
f 1089//1610 1093//1620 1142//1621
f 1089//1610 1142//1621 1084//1606
f 1091//1617 1139//1622 1095//1623
f 1091//1617 1095//1623 1094//1624
f 1091//1617 1094//1624 1092//1625
f 1091//1617 1092//1625 1090//1614
f 1092//1619 1094//1626 1096//1627
f 1092//1619 1096//1627 1097//1628
f 1092//1619 1097//1628 1076//1629
f 1092//1619 1076//1629 1093//1620
f 1095//1623 1099//1630 1098//1631
f 1095//1623 1098//1631 1096//1632
f 1095//1623 1096//1632 1094//1624
f 1096//1627 1098//1633 1100//1634
f 1096//1627 1100//1634 1101//1635
f 1096//1627 1101//1635 1055//1636
f 1096//1627 1055//1636 1097//1628
f 1099//1630 1137//1637 1103//1638
f 1099//1630 1103//1638 1102//1639
f 1099//1630 1102//1639 1100//1640
f 1099//1630 1100//1640 1098//1631
f 1100//1634 1102//1641 1104//1561
f 1100//1634 1104//1561 1106//1564
f 1100//1634 1106//1564 1052//1642
f 1100//1634 1052//1642 1101//1635
f 1103//1638 1134//1643 1133//1644
f 1103//1638 1133//1644 1132//1645
f 1103//1638 1132//1645 1131//1646
f 1103//1638 1131//1646 1130//1647
f 1103//1638 1130//1647 1129//1648
f 1103//1638 1129//1648 1128//1649
f 1103//1638 1128//1649 1127//1650
f 1103//1638 1127//1650 1126//1651
f 1103//1638 1126//1651 1125//1652
f 1103//1638 1125//1652 1124//1653
f 1103//1638 1124//1653 1123//1654
f 1103//1638 1123//1654 1122//1655
f 1103//1638 1122//1655 1121//1656
f 1103//1638 1121//1656 1120//1657
f 1103//1638 1120//1657 1119//1658
f 1103//1638 1119//1658 1118//1656
f 1103//1638 1118//1656 1117//1656
f 1103//1638 1117//1656 1116//1656
f 1103//1638 1116//1656 1115//1656
f 1103//1638 1115//1656 1114//1656
f 1103//1638 1114//1656 1113//1656
f 1103//1638 1113//1656 1112//1656
f 1103//1638 1112//1656 1111//1656
f 1103//1638 1111//1656 1110//1656
f 1103//1638 1110//1656 1108//1659
f 1103//1638 1108//1659 1107//1660
f 1103//1638 1107//1660 1105//1661
f 1103//1638 1105//1661 1104//1662
f 1103//1638 1104//1662 1102//1639
f 206//396 1105//1661 1107//1660
f 206//396 1107//1660 1108//1659
f 206//396 1108//1659 209//397
f 1136//1179 1135//1178 1109//405
f 1136//1179 1109//405 1108//404
f 1136//1179 1108//404 1110//1663
f 1136//1179 1110//1663 1111//1663
f 1136//1179 1111//1663 1112//1664
f 1136//1179 1112//1664 1113//1664
f 1136//1179 1113//1664 1114//1663
f 1136//1179 1114//1663 1115//1664
f 1136//1179 1115//1664 1116//1664
f 1136//1179 1116//1664 1117//1664
f 1136//1179 1117//1664 1118//1664
f 1136//1179 1118//1664 1119//1665
f 1136//1179 1119//1665 1120//1666
f 1136//1179 1120//1666 1121//1667
f 1136//1179 1121//1667 1122//1668
f 1136//1179 1122//1668 1123//1669
f 1136//1179 1123//1669 1124//1670
f 1136//1179 1124//1670 1125//1671
f 1136//1179 1125//1671 1126//1672
f 1136//1179 1126//1672 1127//1673
f 1136//1179 1127//1673 1128//1674
f 1136//1179 1128//1674 1129//1675
f 1136//1179 1129//1675 1130//1676
f 1136//1179 1130//1676 1131//1677
f 1136//1179 1131//1677 1132//1678
f 1136//1179 1132//1678 1133//1679
f 1136//1179 1133//1679 1134//1680
f 1136//1179 1134//1680 1103//1681
f 1136//1179 1103//1681 1137//1682
f 211//402 1109//405 1135//1178
f 211//402 1135//1178 759//1173
f 211//402 759//1173 1160//406
f 1137//1682 1099//1683 1095//1684
f 1137//1682 1095//1684 1139//1685
f 1137//1682 1139//1685 1138//1180
f 1137//1682 1138//1180 1136//1179
f 1139//1685 1091//1686 1141//1687
f 1139//1685 1141//1687 1140//1181
f 1139//1685 1140//1181 1138//1180
f 1141//1687 1088//1187 1143//1186
f 1141//1687 1143//1186 762//1182
f 1141//1687 762//1182 1140//1181
f 1145//1311 1144//1327 848//1326
f 1145//1311 848//1326 841//1310
f 1147//1688 1146//1247 803//1246
f 1147//1688 803//1246 1149//1689
f 1148//1690 1147//1688 1149//1689
f 1148//1690 1149//1689 1150//1691
f 1150//1692 1149//1693 794//1694
f 1150//1692 794//1694 792//1692
f 1149//1693 803//1241 796//1241
f 1149//1693 796//1241 794//1694
f 1151//1695 1150//1692 792//1692
f 1151//1695 792//1692 790//1695
f 1150//1691 1151//1696 1152//1697
f 1150//1691 1152//1697 1148//1690
f 1151//1696 1153//1698 1155//1699
f 1151//1696 1155//1699 1152//1697
f 790//1695 788//1700 1153//1701
f 790//1695 1153//1701 1151//1695
f 788//1700 786//1702 1154//1703
f 788//1700 1154//1703 1153//1701
f 1156//1704 1155//1699 1153//1698
f 1156//1704 1153//1698 1154//1705
f 1157//1214 1156//1704 1154//1705
f 1157//1214 1154//1705 778//1213
f 778//1215 1154//1703 786//1702
f 778//1215 786//1702 780//1215
f 1159//1269 798//1236 800//1237
f 1159//1269 800//1237 814//1268
f 212//408 756//407 1161//1174
f 212//408 1161//1174 1162//453
f 212//408 1162//453 216//410
f 1161//1174 1163//592 1164//476
f 1161//1174 1164//476 226//450
f 1161//1174 226//450 1162//453
f 1167//496 256//1706 237//1707
f 1167//496 237//1707 231//478
f 1321//1708 1323//1709 1380//1709
f 1321//1708 1380//1709 1378//1709
f 1321//1708 1378//1709 1383//1709
f 1321//1708 1383//1709 1384//1709
f 1321//1708 1384//1709 1365//1709
f 1321//1708 1365//1709 1364//1709
f 1321//1708 1364//1709 1363//1709
f 1321//1708 1363//1709 1362//1709
f 1321//1708 1362//1709 1358//1709
f 1321//1708 1358//1709 1231//1709
f 1321//1708 1231//1709 1230//1709
f 1321//1708 1230//1709 1232//1709
f 1321//1708 1232//1709 1233//1709
f 1321//1708 1233//1709 1320//1709
f 1321//1708 1320//1709 1302//1709
f 1321//1708 1302//1709 1295//1709
f 1321//1708 1295//1709 1294//1709
f 1321//1708 1294//1709 1296//1709
f 1321//1708 1296//1709 1297//1709
f 1321//1708 1297//1709 1298//1709
f 1321//1708 1298//1709 1300//1709
f 1321//1708 1300//1709 1276//1710
f 1233//1711 1232//1712 1234//1713
f 1233//1711 1234//1713 1314//1714
f 1233//1711 1314//1714 1313//1715
f 1232//1712 1235//1716 1236//1717
f 1232//1712 1236//1717 1234//1713
f 1231//1718 1352//1718 1351//1718
f 1231//1718 1351//1718 1347//1718
f 1231//1718 1347//1718 1345//1718
f 1231//1718 1345//1718 1385//1718
f 1231//1718 1385//1718 1338//1718
f 1231//1718 1338//1718 1336//1718
f 1231//1718 1336//1718 1334//1718
f 1231//1718 1334//1718 1325//1718
f 1231//1718 1325//1718 1324//1718
f 1231//1718 1324//1718 1321//1708
f 1231//1718 1321//1708 1276//1710
f 1231//1718 1276//1710 1268//1718
f 1231//1718 1268//1718 1267//1718
f 1231//1718 1267//1718 1266//1718
f 1231//1718 1266//1718 1261//1718
f 1231//1718 1261//1718 1258//1718
f 1231//1718 1258//1718 1388//1718
f 1231//1718 1388//1718 1250//1718
f 1231//1718 1250//1718 1246//1718
f 1231//1718 1246//1718 1238//1718
f 1231//1718 1238//1718 1237//1718
f 1231//1718 1237//1718 1235//1718
f 1239//1719 1236//1717 1235//1716
f 1239//1719 1235//1716 1237//1720
f 1237//1720 1238//1721 1242//1722
f 1237//1720 1242//1722 1240//1723
f 1237//1720 1240//1723 1239//1719
f 1241//1724 1319//1725 1318//1726
f 1241//1724 1318//1726 1317//1727
f 1241//1724 1317//1727 1236//1728
f 1241//1724 1236//1728 1239//1729
f 1241//1724 1239//1729 1240//1730
f 1244//1731 1241//1724 1240//1730
f 1244//1731 1240//1730 1242//1732
f 1244//1731 1242//1732 1243//1733
f 1238//1721 1246//1734 1245//1735
f 1238//1721 1245//1735 1243//1736
f 1238//1721 1243//1736 1242//1722
f 1248//1737 1244//1731 1243//1733
f 1248//1737 1243//1733 1245//1738
f 1248//1737 1245//1738 1247//1739
f 1246//1734 1250//1740 1249//1741
f 1246//1734 1249//1741 1247//1742
f 1246//1734 1247//1742 1245//1735
f 1253//1743 1248//1737 1247//1739
f 1253//1743 1247//1739 1249//1744
f 1253//1743 1249//1744 1251//1745
f 1250//1740 1388//1746 1252//1747
f 1250//1740 1252//1747 1251//1748
f 1250//1740 1251//1748 1249//1741
f 1254//1749 1253//1743 1251//1745
f 1254//1749 1251//1745 1252//1750
f 1254//1749 1252//1750 1256//1751
f 1256//1751 1257//1752 1259//1753
f 1256//1751 1259//1753 1255//1754
f 1256//1751 1255//1754 1254//1749
f 1388//1746 1258//1755 1257//1756
f 1388//1746 1257//1756 1256//1757
f 1388//1746 1256//1757 1252//1747
f 1258//1755 1261//1758 1260//1759
f 1258//1755 1260//1759 1259//1760
f 1258//1755 1259//1760 1257//1756
f 1263//1761 1387//1762 1255//1754
f 1263//1761 1255//1754 1259//1753
f 1263//1761 1259//1753 1260//1763
f 1263//1761 1260//1763 1262//1764
f 1261//1758 1266//1765 1264//1766
f 1261//1758 1264//1766 1262//1767
f 1261//1758 1262//1767 1260//1759
f 1386//1768 1263//1761 1262//1764
f 1386//1768 1262//1764 1264//1769
f 1386//1768 1264//1769 1265//1770
f 1266//1765 1267//1771 1269//1772
f 1266//1765 1269//1772 1265//1773
f 1266//1765 1265//1773 1264//1766
f 1267//1771 1268//1774 1272//1775
f 1267//1771 1272//1775 1270//1776
f 1267//1771 1270//1776 1269//1772
f 1271//1777 1386//1768 1265//1770
f 1271//1777 1265//1770 1269//1778
f 1271//1777 1269//1778 1270//1779
f 1274//1780 1271//1777 1270//1779
f 1274//1780 1270//1779 1272//1781
f 1274//1780 1272//1781 1273//1782
f 1268//1774 1276//1783 1275//1784
f 1268//1774 1275//1784 1273//1785
f 1268//1774 1273//1785 1272//1775
f 1277//869 1274//1780 1273//1782
f 1277//869 1273//1782 1275//869
f 1276//1783 1300//1786 1279//1787
f 1276//1783 1279//1787 1278//1788
f 1276//1783 1278//1788 1275//1784
f 1280//1789 1277//869 1275//869
f 1280//1789 1275//869 1278//1790
f 1281//1791 1280//1789 1278//1790
f 1281//1791 1278//1790 1279//1792
f 1281//1791 1279//1792 1282//1793
f 1283//1794 1281//1791 1282//1793
f 1283//1794 1282//1793 1301//1795
f 1283//1794 1301//1795 1284//1796
f 1285//1797 1283//1794 1284//1796
f 1285//1797 1284//1796 1299//1798
f 1285//1797 1299//1798 1286//1799
f 1286//1799 1291//1800 1290//1801
f 1286//1799 1290//1801 1288//1802
f 1286//1799 1288//1802 1287//1803
f 1286//1799 1287//1803 1285//1797
f 1289//1804 1288//1802 1290//1801
f 1289//1804 1290//1801 1292//1805
f 1289//1804 1292//1805 1293//1806
f 1296//1807 1294//1808 1292//1809
f 1296//1807 1292//1809 1290//1810
f 1296//1807 1290//1810 1291//1811
f 1294//1808 1295//1812 1303//1813
f 1294//1808 1303//1813 1293//1814
f 1294//1808 1293//1814 1292//1809
f 1297//1815 1296//1807 1291//1811
f 1297//1815 1291//1811 1286//1816
f 1297//1815 1286//1816 1299//1817
f 1298//1818 1297//1815 1299//1817
f 1298//1818 1299//1817 1284//1819
f 1298//1818 1284//1819 1301//1820
f 1300//1786 1298//1818 1301//1820
f 1300//1786 1301//1820 1282//1821
f 1300//1786 1282//1821 1279//1787
f 1295//1812 1302//1822 1306//1823
f 1295//1812 1306//1823 1304//1824
f 1295//1812 1304//1824 1303//1813
f 1293//1806 1303//1825 1304//1826
f 1293//1806 1304//1826 1305//1827
f 1293//1806 1305//1827 1289//1804
f 1304//1826 1306//1828 1307//1829
f 1304//1826 1307//1829 1309//1830
f 1304//1826 1309//1830 1305//1827
f 1302//1822 1320//1831 1308//1832
f 1302//1822 1308//1832 1307//1833
f 1302//1822 1307//1833 1306//1823
f 1307//1829 1308//1834 1312//1835
f 1307//1829 1312//1835 1310//1836
f 1307//1829 1310//1836 1309//1830
f 1312//1835 1313//1837 1314//1838
f 1312//1835 1314//1838 1311//1839
f 1312//1835 1311//1839 1310//1836
f 1320//1831 1233//1711 1313//1715
f 1320//1831 1313//1715 1312//1840
f 1320//1831 1312//1840 1308//1832
f 1314//1838 1234//1841 1236//1728
f 1314//1838 1236//1728 1317//1727
f 1314//1838 1317//1727 1316//1842
f 1314//1838 1316//1842 1315//1843
f 1314//1838 1315//1843 1311//1839
f 1323//1844 1321//1845 1322//1846
f 1323//1844 1322//1846 1381//1847
f 1326//1848 1322//1846 1321//1845
f 1326//1848 1321//1845 1324//1849
f 1324//1849 1325//1850 1327//1851
f 1324//1849 1327//1851 1326//1848
f 1330//1852 1328//1853 1326//1853
f 1330//1852 1326//1853 1327//1852
f 1328//1853 1329//1854 1322//1854
f 1328//1853 1322//1854 1326//1853
f 1329//1855 1328//1855 1330//1855
f 1329//1855 1330//1855 1331//1855
f 1329//1855 1331//1855 1332//1855
f 1329//1855 1332//1855 1340//1855
f 1329//1855 1340//1855 1341//1855
f 1329//1855 1341//1855 1342//1855
f 1329//1855 1342//1855 1343//1855
f 1329//1855 1343//1855 1350//1855
f 1329//1855 1350//1855 1353//1855
f 1329//1855 1353//1855 1354//1855
f 1329//1855 1354//1855 1355//1855
f 1329//1855 1355//1855 1361//1855
f 1329//1855 1361//1855 1369//1855
f 1329//1855 1369//1855 1368//1855
f 1329//1855 1368//1855 1370//1855
f 1329//1855 1370//1855 1371//1855
f 1329//1855 1371//1855 1373//1855
f 1329//1855 1373//1855 1375//1855
f 1329//1855 1375//1855 1376//1855
f 1329//1855 1376//1855 1382//1855
f 1331//1856 1330//1852 1327//1852
f 1331//1856 1327//1852 1333//1856
f 1332//1857 1331//1856 1333//1856
f 1332//1857 1333//1856 1335//1857
f 1325//1850 1334//1858 1333//1859
f 1325//1850 1333//1859 1327//1851
f 1334//1858 1336//1860 1335//1861
f 1334//1858 1335//1861 1333//1859
f 1336//1860 1338//1862 1337//1863
f 1336//1860 1337//1863 1335//1861
f 1340//1864 1332//1857 1335//1857
f 1340//1864 1335//1857 1337//1864
f 1338//1862 1385//1865 1339//1866
f 1338//1862 1339//1866 1337//1863
f 1341//1867 1340//1864 1337//1864
f 1341//1867 1337//1864 1339//1867
f 1342//1868 1341//1867 1339//1867
f 1342//1868 1339//1867 1344//1868
f 1343//1869 1342//1868 1344//1868
f 1343//1869 1344//1868 1346//1869
f 1385//1865 1345//1870 1344//1871
f 1385//1865 1344//1871 1339//1866
f 1345//1870 1347//1872 1346//1873
f 1345//1870 1346//1873 1344//1871
f 1347//1872 1351//1874 1348//1875
f 1347//1872 1348//1875 1346//1873
f 1350//1876 1343//1869 1346//1869
f 1350//1876 1346//1869 1348//1876
f 1353//1877 1350//1876 1348//1876
f 1353//1877 1348//1876 1349//1877
f 1351//1874 1352//1878 1349//1879
f 1351//1874 1349//1879 1348//1875
f 1352//1878 1231//1880 1356//1881
f 1352//1878 1356//1881 1349//1879
f 1354//869 1353//1877 1349//1877
f 1354//869 1349//1877 1356//869
f 1355//1882 1354//869 1356//869
f 1355//1882 1356//869 1357//1882
f 1231//1880 1358//1883 1357//1884
f 1231//1880 1357//1884 1356//1881
f 1358//1883 1362//1885 1359//1886
f 1358//1883 1359//1886 1357//1884
f 1361//1887 1355//1882 1357//1882
f 1361//1887 1357//1882 1359//1887
f 1369//1888 1361//1887 1359//1887
f 1369//1888 1359//1887 1360//1888
f 1362//1885 1363//1889 1360//1890
f 1362//1885 1360//1890 1359//1886
f 1363//1889 1364//1891 1366//1892
f 1363//1889 1366//1892 1360//1890
f 1364//1891 1365//1893 1367//1894
f 1364//1891 1367//1894 1366//1892
f 1368//1895 1369//1888 1360//1888
f 1368//1895 1360//1888 1366//1895
f 1370//1896 1368//1895 1366//1895
f 1370//1896 1366//1895 1367//1896
f 1371//1897 1370//1896 1367//1896
f 1371//1897 1367//1896 1372//1897
f 1373//1898 1371//1897 1372//1897
f 1373//1898 1372//1897 1374//1898
f 1375//1899 1373//1898 1374//1898
f 1375//1899 1374//1898 1377//1899
f 1376//1900 1375//1899 1377//1899
f 1376//1900 1377//1899 1379//1900
f 1383//1901 1378//1902 1377//1903
f 1383//1901 1377//1903 1374//1904
f 1378//1902 1380//1905 1379//1906
f 1378//1902 1379//1906 1377//1903
f 1380//1905 1323//1844 1381//1847
f 1380//1905 1381//1847 1379//1906
f 1382//1907 1376//1900 1379//1900
f 1382//1907 1379//1900 1381//1907
f 1381//1907 1322//1854 1329//1854
f 1381//1907 1329//1854 1382//1907
f 1384//1908 1383//1901 1374//1904
f 1384//1908 1374//1904 1372//1909
f 1365//1893 1384//1908 1372//1909
f 1365//1893 1372//1909 1367//1894
f 1394//1910 1392//869 1389//869
f 1394//1910 1389//869 1390//1910
f 1421//1911 1420//1911 1419//1911
f 1421//1911 1419//1911 1418//1911
f 1421//1911 1418//1911 1414//1911
f 1421//1911 1414//1911 1412//1911
f 1421//1911 1412//1911 1454//1911
f 1421//1911 1454//1911 1406//1911
f 1421//1911 1406//1911 1403//1911
f 1421//1911 1403//1911 1401//1911
f 1421//1911 1401//1911 1390//1911
f 1421//1911 1390//1911 1389//1911
f 1421//1911 1389//1911 1391//1911
f 1421//1911 1391//1911 1448//1911
f 1421//1911 1448//1911 1447//1911
f 1421//1911 1447//1911 1446//1911
f 1421//1911 1446//1911 1445//1911
f 1421//1911 1445//1911 1436//1911
f 1421//1911 1436//1911 1435//1911
f 1421//1911 1435//1911 1433//1911
f 1421//1911 1433//1911 1432//1911
f 1421//1911 1432//1911 1434//1911
f 1391//1912 1389//869 1392//869
f 1391//1912 1392//869 1393//1912
f 1393//1913 1392//1914 1395//1914
f 1393//1913 1395//1914 1396//1915
f 1397//1916 1395//1914 1392//1914
f 1397//1916 1392//1914 1394//1917
f 1395//1918 1397//1918 1398//1918
f 1395//1918 1398//1918 1399//1918
f 1395//1918 1399//1918 1407//1918
f 1395//1918 1407//1918 1408//1918
f 1395//1918 1408//1918 1409//1918
f 1395//1918 1409//1918 1410//1918
f 1395//1918 1410//1918 1417//1918
f 1395//1918 1417//1918 1453//1918
f 1395//1918 1453//1918 1423//1918
f 1395//1918 1423//1918 1426//1918
f 1395//1918 1426//1918 1427//1918
f 1395//1918 1427//1918 1428//1918
f 1395//1918 1428//1918 1429//1918
f 1395//1918 1429//1918 1439//1918
f 1395//1918 1439//1918 1440//1918
f 1395//1918 1440//1918 1441//1918
f 1395//1918 1441//1918 1442//1918
f 1395//1918 1442//1918 1451//1918
f 1395//1918 1451//1918 1452//1918
f 1395//1918 1452//1918 1396//1918
f 1394//1917 1400//1919 1398//1920
f 1394//1917 1398//1920 1397//1916
f 1400//1919 1402//1921 1399//1922
f 1400//1919 1399//1922 1398//1920
f 1400//1923 1394//1910 1390//1910
f 1400//1923 1390//1910 1401//1923
f 1402//1924 1400//1923 1401//1923
f 1402//1924 1401//1923 1403//1924
f 1404//1925 1402//1924 1403//1924
f 1404//1925 1403//1924 1406//1925
f 1402//1921 1404//1926 1407//1927
f 1402//1921 1407//1927 1399//1922
f 1405//1928 1404//1925 1406//1925
f 1405//1928 1406//1925 1454//1928
f 1404//1926 1405//1929 1408//1930
f 1404//1926 1408//1930 1407//1927
f 1405//1929 1411//1931 1409//1932
f 1405//1929 1409//1932 1408//1930
f 1411//1931 1413//1933 1410//1934
f 1411//1931 1410//1934 1409//1932
f 1411//1935 1405//1928 1454//1928
f 1411//1935 1454//1928 1412//1935
f 1413//1936 1411//1935 1412//1935
f 1413//1936 1412//1935 1414//1936
f 1415//1937 1413//1936 1414//1936
f 1415//1937 1414//1936 1418//1937
f 1413//1933 1415//1938 1417//1939
f 1413//1933 1417//1939 1410//1934
f 1416//1940 1415//1937 1418//1937
f 1416//1940 1418//1937 1419//1940
f 1415//1938 1416//1941 1453//1942
f 1415//1938 1453//1942 1417//1939
f 1422//1943 1416//1940 1419//1940
f 1422//1943 1419//1940 1420//1943
f 1420//1943 1421//1854 1424//1854
f 1420//1943 1424//1854 1422//1943
f 1422//1944 1424//1945 1426//1946
f 1422//1944 1426//1946 1423//1947
f 1416//1941 1422//1944 1423//1947
f 1416//1941 1423//1947 1453//1942
f 1425//1948 1424//1854 1421//1854
f 1425//1948 1421//1854 1434//1948
f 1424//1945 1425//1949 1427//1950
f 1424//1945 1427//1950 1426//1946
f 1425//1949 1430//1951 1428//1952
f 1425//1949 1428//1952 1427//1950
f 1430//1951 1431//1953 1429//1954
f 1430//1951 1429//1954 1428//1952
f 1431//1955 1430//1956 1432//1956
f 1431//1955 1432//1956 1433//1955
f 1430//1956 1425//1948 1434//1948
f 1430//1956 1434//1948 1432//1956
f 1437//1957 1431//1955 1433//1955
f 1437//1957 1433//1955 1435//1957
f 1438//1958 1437//1957 1435//1957
f 1438//1958 1435//1957 1436//1958
f 1437//1959 1438//1960 1440//1961
f 1437//1959 1440//1961 1439//1962
f 1431//1953 1437//1959 1439//1962
f 1431//1953 1439//1962 1429//1954
f 1438//1960 1443//1963 1441//1964
f 1438//1960 1441//1964 1440//1961
f 1443//1963 1444//1965 1442//1966
f 1443//1963 1442//1966 1441//1964
f 1444//1967 1443//1968 1445//1968
f 1444//1967 1445//1968 1446//1967
f 1443//1968 1438//1958 1436//1958
f 1443//1968 1436//1958 1445//1968
f 1449//1969 1444//1967 1446//1967
f 1449//1969 1446//1967 1447//1969
f 1450//1970 1449//1969 1447//1969
f 1450//1970 1447//1969 1448//1970
f 1449//1971 1450//1972 1452//1973
f 1449//1971 1452//1973 1451//1974
f 1444//1965 1449//1971 1451//1974
f 1444//1965 1451//1974 1442//1966
f 1450//1972 1393//1913 1396//1915
f 1450//1972 1396//1915 1452//1973
f 1393//1912 1450//1970 1448//1970
f 1393//1912 1448//1970 1391//1912
f 1456//1975 1455//1976 1458//1977
f 1456//1975 1458//1977 1460//1978
f 1455//1979 1456//1979 1532//1979
f 1455//1979 1532//1979 1530//1979
f 1455//1979 1530//1979 1533//1979
f 1455//1979 1533//1979 1520//1979
f 1455//1979 1520//1979 1518//1979
f 1455//1979 1518//1979 1516//1979
f 1455//1979 1516//1979 1537//1979
f 1455//1979 1537//1979 1506//1979
f 1455//1979 1506//1979 1504//1979
f 1455//1979 1504//1979 1502//1979
f 1455//1979 1502//1979 1539//1979
f 1455//1979 1539//1979 1492//1979
f 1455//1979 1492//1979 1490//1979
f 1455//1979 1490//1979 1488//1979
f 1455//1979 1488//1979 1540//1979
f 1455//1979 1540//1979 1541//1979
f 1455//1979 1541//1979 1474//1979
f 1455//1979 1474//1979 1472//1979
f 1455//1979 1472//1979 1470//1979
f 1455//1979 1470//1979 1457//1979
f 1459//1980 1458//1977 1455//1976
f 1459//1980 1455//1976 1457//1981
f 1464//1982 1461//1983 1458//1983
f 1464//1982 1458//1983 1459//1982
f 1460//1984 1458//1983 1461//1983
f 1460//1984 1461//1983 1463//1984
f 1463//1985 1461//1986 1462//1987
f 1463//1985 1462//1987 1535//1988
f 1465//1989 1462//1987 1461//1986
f 1465//1989 1461//1986 1464//1990
f 1459//1982 1469//1991 1466//1991
f 1459//1982 1466//1991 1464//1982
f 1464//1990 1466//1992 1467//1993
f 1464//1990 1467//1993 1465//1989
f 1466//1992 1468//1994 1542//1995
f 1466//1992 1542//1995 1467//1993
f 1469//1991 1471//1996 1468//1996
f 1469//1991 1468//1996 1466//1991
f 1457//1981 1470//1997 1469//1998
f 1457//1981 1469//1998 1459//1980
f 1470//1997 1472//1999 1471//2000
f 1470//1997 1471//2000 1469//1998
f 1472//1999 1474//2001 1473//2002
f 1472//1999 1473//2002 1471//2000
f 1471//1996 1473//2003 1476//2003
f 1471//1996 1476//2003 1468//1996
f 1474//2001 1541//2004 1475//2005
f 1474//2001 1475//2005 1473//2002
f 1473//2003 1475//2006 1478//2006
f 1473//2003 1478//2006 1476//2003
f 1468//1994 1476//2007 1477//2008
f 1468//1994 1477//2008 1542//1995
f 1476//2007 1478//2009 1480//2010
f 1476//2007 1480//2010 1477//2008
f 1475//2006 1487//2011 1479//2011
f 1475//2006 1479//2011 1478//2006
f 1478//2009 1479//2012 1481//2013
f 1478//2009 1481//2013 1480//2010
f 1462//2014 1465//2014 1467//2014
f 1462//2014 1467//2014 1542//2014
f 1462//2014 1542//2014 1477//2014
f 1462//2014 1477//2014 1480//2014
f 1462//2014 1480//2014 1481//2014
f 1462//2014 1481//2014 1482//2014
f 1462//2014 1482//2014 1483//2014
f 1462//2014 1483//2014 1495//2014
f 1462//2014 1495//2014 1497//2014
f 1462//2014 1497//2014 1499//2014
f 1462//2014 1499//2014 1538//2014
f 1462//2014 1538//2014 1509//2014
f 1462//2014 1509//2014 1511//2014
f 1462//2014 1511//2014 1513//2014
f 1462//2014 1513//2014 1536//2014
f 1462//2014 1536//2014 1523//2014
f 1462//2014 1523//2014 1525//2014
f 1462//2014 1525//2014 1527//2014
f 1462//2014 1527//2014 1534//2014
f 1462//2014 1534//2014 1535//2014
f 1479//2012 1484//2015 1482//2016
f 1479//2012 1482//2016 1481//2013
f 1484//2015 1485//2017 1483//2018
f 1484//2015 1483//2018 1482//2016
f 1487//2011 1486//2019 1484//2019
f 1487//2011 1484//2019 1479//2011
f 1486//2019 1489//2020 1485//2020
f 1486//2019 1485//2020 1484//2019
f 1540//2021 1488//2022 1486//2023
f 1540//2021 1486//2023 1487//2024
f 1488//2022 1490//2025 1489//2026
f 1488//2022 1489//2026 1486//2023
f 1490//2025 1492//2027 1491//2028
f 1490//2025 1491//2028 1489//2026
f 1489//2020 1491//2029 1494//2029
f 1489//2020 1494//2029 1485//2020
f 1492//2027 1539//2030 1493//2031
f 1492//2027 1493//2031 1491//2028
f 1491//2029 1493//2032 1496//2032
f 1491//2029 1496//2032 1494//2029
f 1485//2017 1494//2033 1495//2034
f 1485//2017 1495//2034 1483//2018
f 1494//2033 1496//2035 1497//2036
f 1494//2033 1497//2036 1495//2034
f 1496//2035 1498//2037 1499//2038
f 1496//2035 1499//2038 1497//2036
f 1493//2032 1501//2039 1498//2039
f 1493//2032 1498//2039 1496//2032
f 1498//2037 1500//2040 1538//2041
f 1498//2037 1538//2041 1499//2038
f 1501//2039 1503//2042 1500//2042
f 1501//2039 1500//2042 1498//2039
f 1539//2030 1502//2043 1501//2044
f 1539//2030 1501//2044 1493//2031
f 1502//2043 1504//2045 1503//2046
f 1502//2043 1503//2046 1501//2044
f 1504//2045 1506//2047 1505//2048
f 1504//2045 1505//2048 1503//2046
f 1503//2042 1505//2049 1508//2049
f 1503//2042 1508//2049 1500//2042
f 1506//2047 1537//2050 1507//2051
f 1506//2047 1507//2051 1505//2048
f 1505//2049 1507//2052 1510//2052
f 1505//2049 1510//2052 1508//2049
f 1500//2040 1508//2053 1509//2054
f 1500//2040 1509//2054 1538//2041
f 1508//2053 1510//2055 1511//2056
f 1508//2053 1511//2056 1509//2054
f 1510//2055 1512//2057 1513//2058
f 1510//2055 1513//2058 1511//2056
f 1507//2052 1515//2059 1512//2059
f 1507//2052 1512//2059 1510//2052
f 1512//2057 1514//2060 1536//2061
f 1512//2057 1536//2061 1513//2058
f 1515//2059 1517//2062 1514//2062
f 1515//2059 1514//2062 1512//2059
f 1537//2050 1516//2063 1515//2064
f 1537//2050 1515//2064 1507//2051
f 1516//2063 1518//2065 1517//2066
f 1516//2063 1517//2066 1515//2064
f 1518//2065 1520//2067 1519//2068
f 1518//2065 1519//2068 1517//2066
f 1517//2062 1519//2069 1522//2069
f 1517//2062 1522//2069 1514//2062
f 1520//2067 1533//2070 1521//2071
f 1520//2067 1521//2071 1519//2068
f 1519//2069 1521//2072 1524//2072
f 1519//2069 1524//2072 1522//2069
f 1514//2060 1522//2073 1523//2074
f 1514//2060 1523//2074 1536//2061
f 1522//2073 1524//2075 1525//2076
f 1522//2073 1525//2076 1523//2074
f 1524//2075 1526//2077 1527//2078
f 1524//2075 1527//2078 1525//2076
f 1521//2072 1529//2079 1526//2079
f 1521//2072 1526//2079 1524//2072
f 1526//2077 1528//2080 1534//2081
f 1526//2077 1534//2081 1527//2078
f 1529//2079 1531//2082 1528//2082
f 1529//2079 1528//2082 1526//2079
f 1533//2070 1530//2083 1529//2084
f 1533//2070 1529//2084 1521//2071
f 1530//2083 1532//2085 1531//2086
f 1530//2083 1531//2086 1529//2084
f 1532//2085 1456//1975 1460//1978
f 1532//2085 1460//1978 1531//2086
f 1531//2082 1460//1984 1463//1984
f 1531//2082 1463//1984 1528//2082
f 1528//2080 1463//1985 1535//1988
f 1528//2080 1535//1988 1534//2081
f 1541//2004 1540//2021 1487//2024
f 1541//2004 1487//2024 1475//2005
