# RR_hip.dae material 磨砂铝合金_008-effect; written by tools/champ_mesh_assets.py
# rgba 0.85 0.85 0.85 1
v 0.090000 -0.003108 -0.053610
v 0.090000 0.012122 -0.052314
v 0.090000 -0.018086 -0.050563
v 0.079000 -0.003108 -0.053610
v 0.079000 0.012122 -0.052314
v 0.079000 -0.018086 -0.050563
v 0.070500 -0.003108 -0.053610
v 0.070500 -0.018086 -0.050563
v 0.070500 0.012122 -0.052314
v 0.068500 -0.003050 -0.052612
v 0.068500 -0.017749 -0.049621
v 0.068500 0.011896 -0.051340
v 0.068500 0.025878 -0.045909
v 0.070500 0.026369 -0.046780
v 0.068500 0.037764 -0.036758
v 0.068500 0.046590 -0.024630
v 0.070500 0.038480 -0.037456
v 0.079000 0.038480 -0.037456
v 0.070500 0.047474 -0.025098
v 0.070500 0.052622 -0.010706
v 0.079000 0.047474 -0.025098
v 0.090000 0.047474 -0.025098
v 0.079000 0.052622 -0.010706
v 0.079000 0.053507 0.004553
v 0.090000 0.052622 -0.010706
v 0.090000 0.053507 0.004553
v 0.090000 0.050056 0.019443
v 0.079000 0.050056 0.019443
v 0.090000 0.042551 0.032758
v 0.090000 0.031598 0.043419
v 0.079000 0.042551 0.032758
v 0.079000 0.031598 0.043419
v 0.070500 0.042551 0.032758
v 0.070500 0.031598 0.043419
v 0.068500 0.041759 0.032148
v 0.070500 0.050056 0.019443
v 0.068500 0.049124 0.019081
v 0.070500 0.053507 0.004553
v 0.068500 0.052510 0.004469
v 0.068500 0.051642 -0.010507
v 0.068500 0.031010 0.042611
v 0.068500 0.017749 0.049621
v 0.070500 0.018086 0.050563
v 0.068500 0.003050 0.052612
v 0.068500 -0.011896 0.051340
v 0.070500 0.003108 0.053610
v 0.079000 0.003108 0.053610
v 0.070500 -0.012122 0.052314
v 0.079000 -0.012122 0.052314
v 0.070500 -0.026369 0.046780
v 0.068500 -0.025878 0.045909
v 0.079000 -0.026369 0.046780
v 0.070500 -0.038480 0.037456
v 0.070500 -0.047474 0.025098
v 0.079000 -0.038480 0.037456
v 0.068500 -0.037764 0.036759
v 0.068500 -0.046590 0.024630
v 0.068500 -0.051642 0.010507
v 0.070500 -0.052622 0.010706
v 0.068500 -0.052510 -0.004469
v 0.068500 -0.049124 -0.019081
v 0.070500 -0.053507 -0.004553
v 0.070500 -0.050056 -0.019443
v 0.079000 -0.053507 -0.004553
v 0.090000 -0.053507 -0.004553
v 0.079000 -0.052622 0.010706
v 0.079000 -0.050056 -0.019443
v 0.079000 -0.042551 -0.032758
v 0.090000 -0.050056 -0.019443
v 0.090000 -0.042551 -0.032758
v 0.090000 -0.031598 -0.043419
v 0.079000 -0.031598 -0.043419
v 0.070500 -0.031598 -0.043419
v 0.068500 -0.031010 -0.042611
v 0.070500 -0.042551 -0.032758
v 0.068500 -0.041759 -0.032148
v 0.090000 -0.052622 0.010706
v 0.079000 -0.047474 0.025098
v 0.090000 -0.047474 0.025098
v 0.090000 -0.038480 0.037456
v 0.090000 -0.026369 0.046780
v 0.090000 -0.012122 0.052314
v 0.090000 0.003108 0.053610
v 0.090000 0.018086 0.050563
v 0.079000 0.018086 0.050563
v 0.090000 0.038480 -0.037456
v 0.090000 0.026369 -0.046780
v 0.079000 0.026369 -0.046780
v 0.068500 0.051318 -0.011080
v 0.068500 0.046463 -0.024443
v 0.068500 0.051910 -0.009908
v 0.068000 0.051806 -0.011186
v 0.057629 0.051806 -0.011186
v 0.068000 0.052285 -0.010239
v 0.068000 0.046906 -0.024676
v 0.068000 0.038565 -0.036356
v 0.057629 0.046906 -0.024675
v 0.057629 0.047027 -0.024443
v 0.057629 0.038924 -0.035971
v 0.057500 0.038829 -0.035884
v 0.057629 0.038566 -0.036355
v 0.057629 0.028069 -0.044957
v 0.057629 0.028000 -0.045000
v 0.057500 0.028000 -0.044848
v 0.057500 0.027932 -0.044890
v 0.057500 0.028000 -0.043184
v 0.057155 0.026604 -0.044146
v 0.057500 0.028045 -0.043155
v 0.057583 0.027955 -0.043114
v 0.057438 0.026951 -0.043775
v 0.057583 0.028000 -0.043085
v 0.057583 0.037742 -0.034870
v 0.063500 0.028000 -0.043085
v 0.063500 0.037742 -0.034870
v 0.064500 0.027854 -0.042861
v 0.063502 0.027106 -0.043657
v 0.063514 0.026199 -0.044224
v 0.056630 0.025765 -0.044623
v 0.063534 0.024769 -0.045063
v 0.054055 0.023982 -0.046058
v 0.063522 0.023000 -0.045950
v 0.064513 0.022885 -0.045700
v 0.063448 0.017981 -0.047970
v 0.051048 0.023000 -0.047023
v 0.051046 0.023110 -0.047100
v 0.051514 0.023086 -0.046917
v 0.050259 0.022890 -0.047193
v 0.050261 0.023000 -0.047268
v 0.043182 0.021828 -0.048995
v 0.024233 0.017639 -0.056111
v 0.043174 0.017711 -0.050157
v 0.028483 0.017536 -0.054528
v 0.045680 0.017738 -0.049622
v 0.045685 0.016388 -0.049650
v 0.028466 0.016232 -0.054479
v 0.063446 0.016584 -0.048106
v 0.045575 0.015158 -0.049092
v 0.028264 0.015078 -0.053917
v 0.063455 0.015260 -0.047579
v 0.045372 0.014304 -0.048059
v 0.045117 0.014000 -0.046768
v 0.027916 0.014284 -0.052948
v 0.063475 0.014329 -0.046500
v 0.063500 0.014000 -0.045135
v 0.063475 0.014336 -0.046515
v 0.064486 0.014567 -0.046396
v 0.064501 0.014269 -0.045135
v 0.064474 0.015411 -0.047377
v 0.065228 0.015218 -0.046059
v 0.065500 0.016112 -0.045596
v 0.065225 0.015836 -0.046778
v 0.065232 0.015000 -0.045136
v 0.065232 0.015000 -0.045136
v 0.065232 0.015000 -0.022568
v 0.065500 0.016000 -0.045136
v 0.065500 0.016000 -0.022568
v 0.065500 0.016000 -0.000000
v 0.065232 0.015000 -0.000000
v 0.065500 0.049384 -0.000000
v 0.065500 0.016000 0.022568
v 0.065500 0.016000 0.045136
v 0.065232 0.015000 0.022568
v 0.065232 0.015000 0.045136
v 0.064500 0.014268 0.022568
v 0.063500 0.014000 0.022568
v 0.064500 0.014268 -0.000000
v 0.064500 0.014268 0.045136
v 0.064501 0.014269 0.045136
v 0.063500 0.014000 0.045135
v 0.045117 0.014000 0.046768
v 0.063475 0.014329 0.046500
v 0.063475 0.014336 0.046515
v 0.045372 0.014304 0.048059
v 0.045575 0.015158 0.049092
v 0.027916 0.014284 0.052948
v 0.027485 0.014000 0.051750
v 0.028264 0.015078 0.053917
v 0.011381 0.014239 0.059922
v 0.013946 0.014935 0.059775
v 0.011186 0.014186 0.059871
v 0.011000 0.014000 0.058800
v 0.011192 0.014193 0.059901
v 0.011192 0.014193 0.061349
v 0.015414 0.015362 0.059491
v 0.015407 0.015328 0.059429
v 0.019509 0.016479 0.058151
v 0.019498 0.016416 0.058076
v 0.023508 0.017542 0.056511
v 0.030199 0.019220 0.053668
v 0.023498 0.017449 0.056435
v 0.023582 0.017451 0.056401
v 0.023552 0.017463 0.056411
v 0.024233 0.017639 0.056112
v 0.023981 0.017459 0.056241
v 0.043182 0.021828 0.048995
v 0.050259 0.022890 0.047193
v 0.043174 0.017711 0.050157
v 0.028483 0.017536 0.054528
v 0.045680 0.017738 0.049622
v 0.045685 0.016388 0.049650
v 0.063448 0.017981 0.047970
v 0.063446 0.016584 0.048106
v 0.063522 0.023000 0.045950
v 0.064469 0.017900 0.047734
v 0.064513 0.022885 0.045700
v 0.064470 0.017900 0.047734
v 0.065224 0.017659 0.047040
v 0.064468 0.016612 0.047859
v 0.064474 0.015411 0.047377
v 0.063446 0.016577 0.048105
v 0.065223 0.016716 0.047131
v 0.065500 0.016859 0.046126
v 0.065225 0.015836 0.046778
v 0.065500 0.016422 0.045952
v 0.065228 0.015218 0.046059
v 0.064486 0.014567 0.046396
v 0.065500 0.016112 0.045596
v 0.065232 0.015000 0.045136
v 0.065500 0.017327 0.046081
v 0.065500 0.022162 0.044135
v 0.065500 0.026910 0.041408
v 0.065236 0.022578 0.045037
v 0.065232 0.027455 0.042247
v 0.065235 0.022579 0.045037
v 0.064500 0.027854 0.042861
v 0.065232 0.037007 0.034192
v 0.065232 0.044283 0.024034
v 0.064500 0.037545 0.034689
v 0.065500 0.036272 0.033513
v 0.065500 0.043404 0.023557
v 0.065500 0.047866 0.012152
v 0.065232 0.048835 0.012398
v 0.064500 0.049545 0.012578
v 0.065232 0.050384 -0.000000
v 0.064500 0.051116 -0.000000
v 0.065232 0.048835 -0.012398
v 0.065232 0.044283 -0.024034
v 0.064500 0.049545 -0.012578
v 0.065500 0.047866 -0.012152
v 0.065500 0.043404 -0.023557
v 0.065500 0.036272 -0.033513
v 0.065232 0.037007 -0.034192
v 0.065500 0.026910 -0.041408
v 0.065232 0.027455 -0.042247
v 0.065500 0.022162 -0.044134
v 0.065500 0.017327 -0.046081
v 0.065236 0.022578 -0.045037
v 0.065235 0.022579 -0.045037
v 0.064513 0.022885 -0.045700
v 0.065224 0.017659 -0.047040
v 0.064470 0.017900 -0.047734
v 0.065223 0.016716 -0.047131
v 0.064468 0.016612 -0.047859
v 0.065500 0.016859 -0.046126
v 0.065500 0.016422 -0.045952
v 0.063446 0.016577 -0.048105
v 0.063455 0.015265 -0.047583
v 0.064469 0.017900 -0.047734
v 0.064500 0.037545 -0.034688
v 0.064500 0.044926 -0.024383
v 0.063500 0.045162 -0.024511
v 0.063500 0.045162 -0.024510
v 0.063500 0.049804 -0.012644
v 0.057583 0.045162 -0.024510
v 0.057583 0.049804 -0.012644
v 0.057583 0.045162 -0.024511
v 0.057500 0.045234 -0.024550
v 0.057500 0.049885 -0.012665
v 0.057500 0.037802 -0.034926
v 0.057500 0.051467 -0.000000
v 0.057500 0.049885 0.012665
v 0.057583 0.051384 -0.000000
v 0.057500 0.062871 -0.000000
v 0.057500 0.062164 0.009404
v 0.057500 0.062164 -0.009404
v 0.057629 0.063000 -0.000000
v 0.057629 0.062291 0.009423
v 0.057629 0.062291 -0.009423
v 0.068000 0.063000 -0.000000
v 0.068000 0.062291 -0.009423
v 0.068500 0.062500 -0.000000
v 0.068000 0.062291 0.009423
v 0.068500 0.061797 0.009349
v 0.068000 0.061973 0.010144
v 0.068000 0.061333 0.010604
v 0.057629 0.061973 0.010144
v 0.068500 0.061585 0.009829
v 0.068500 0.061158 0.010136
v 0.068500 0.060635 0.010184
v 0.068500 0.054311 0.009069
v 0.068000 0.060548 0.010676
v 0.068000 0.054224 0.009561
v 0.057629 0.060548 0.010676
v 0.057629 0.054224 0.009561
v 0.057500 0.060570 0.010549
v 0.057629 0.061333 0.010604
v 0.057500 0.061288 0.010483
v 0.057500 0.061873 0.010063
v 0.057500 0.054246 0.009434
v 0.057500 0.053123 0.009525
v 0.057500 0.052188 0.010153
v 0.057629 0.053166 0.009647
v 0.057629 0.052285 0.010239
v 0.068000 0.053166 0.009647
v 0.068000 0.052285 0.010239
v 0.068500 0.053001 0.009175
v 0.068500 0.051910 0.009908
v 0.068500 0.051318 0.011080
v 0.068500 0.046463 0.024443
v 0.068000 0.051806 0.011186
v 0.057629 0.051806 0.011186
v 0.068000 0.046906 0.024676
v 0.068000 0.038565 0.036356
v 0.057629 0.046905 0.024676
v 0.057629 0.038924 0.035971
v 0.057629 0.047027 0.024443
v 0.057500 0.046913 0.024383
v 0.057500 0.038829 0.035884
v 0.057500 0.051680 0.011159
v 0.057500 0.028000 0.044848
v 0.057500 0.027932 0.044890
v 0.057629 0.028069 0.044957
v 0.057500 0.028000 0.043184
v 0.057583 0.027955 0.043115
v 0.057155 0.026604 0.044146
v 0.057500 0.028045 0.043155
v 0.057500 0.037802 0.034927
v 0.057583 0.028000 0.043085
v 0.057583 0.037742 0.034870
v 0.063500 0.028000 0.043085
v 0.063500 0.037742 0.034870
v 0.063502 0.027106 0.043658
v 0.063514 0.026199 0.044224
v 0.057438 0.026951 0.043775
v 0.057153 0.026400 0.044159
v 0.057085 0.026494 0.044226
v 0.056630 0.025765 0.044623
v 0.055971 0.025179 0.045073
v 0.055634 0.024925 0.045274
v 0.055923 0.025292 0.045140
v 0.054877 0.024572 0.045725
v 0.056150 0.025479 0.044993
v 0.056148 0.025478 0.046606
v 0.055809 0.025205 0.046816
v 0.057027 0.026410 0.045920
v 0.057134 0.026407 0.046027
v 0.057154 0.026603 0.045782
v 0.056589 0.025776 0.046474
v 0.057445 0.026957 0.045658
v 0.057629 0.028000 0.045000
v 0.065500 0.027143 0.045522
v 0.065500 0.026275 0.046029
v 0.065500 0.027396 0.045370
v 0.065500 0.028000 0.045000
v 0.068000 0.027396 0.045370
v 0.068000 0.014220 0.051057
v 0.068000 0.027397 0.045370
v 0.068500 0.027139 0.044942
v 0.068000 0.038565 0.036356
v 0.057629 0.038565 0.036356
v 0.068500 0.038201 0.036013
v 0.068500 0.014086 0.050575
v 0.068500 0.000000 0.052500
v 0.068500 -0.014085 0.050575
v 0.068000 0.000000 0.053000
v 0.068000 -0.014219 0.051057
v 0.068000 0.014219 0.051057
v 0.065500 0.000000 0.053000
v 0.039492 0.000000 0.056144
v 0.065500 0.011799 0.051670
v 0.065500 -0.011799 0.051670
v 0.052407 -0.011432 0.052631
v 0.065500 -0.014220 0.051057
v 0.065500 -0.023000 0.047749
v 0.068000 -0.014220 0.051057
v 0.068000 -0.027397 0.045370
v 0.065500 -0.027397 0.045370
v 0.068500 -0.027138 0.044942
v 0.068000 -0.038565 0.036356
v 0.065500 -0.038565 0.036355
v 0.068000 -0.046905 0.024676
v 0.068500 -0.038201 0.036013
v 0.068500 -0.046463 0.024443
v 0.068500 -0.051317 0.011080
v 0.068000 -0.051806 0.011186
v 0.068500 -0.052305 0.000000
v 0.068500 -0.051317 -0.011080
v 0.068000 -0.052804 0.000000
v 0.068000 -0.051806 -0.011186
v 0.065500 -0.052803 0.000000
v 0.065500 -0.051806 -0.011186
v 0.065500 -0.051806 0.011186
v 0.065500 -0.046905 0.024675
v 0.065500 -0.046905 -0.024676
v 0.065500 -0.038564 -0.036356
v 0.068000 -0.046905 -0.024676
v 0.068500 -0.046463 -0.024443
v 0.068000 -0.038565 -0.036356
v 0.068500 -0.038201 -0.036013
v 0.068000 -0.038564 -0.036356
v 0.068000 -0.027397 -0.045370
v 0.068500 -0.027138 -0.044942
v 0.068000 -0.027396 -0.045370
v 0.068000 -0.014219 -0.051057
v 0.065500 -0.027396 -0.045370
v 0.065500 -0.026000 -0.046184
v 0.065500 -0.026000 -0.041990
v 0.056804 -0.026000 -0.046313
v 0.065500 -0.024733 -0.046875
v 0.053703 -0.023873 -0.047980
v 0.065500 -0.023000 -0.047749
v 0.052240 -0.023000 -0.048666
v 0.065500 -0.014218 -0.051057
v 0.065500 -0.011799 -0.051670
v 0.068000 -0.014218 -0.051057
v 0.068000 -0.000000 -0.053000
v 0.068500 -0.000000 -0.052500
v 0.065500 -0.000000 -0.053000
v 0.068000 0.014220 -0.051057
v 0.068500 0.014086 -0.050575
v 0.068000 0.014220 -0.051057
v 0.065500 0.014220 -0.051056
v 0.068000 0.027397 -0.045370
v 0.065500 0.027397 -0.045370
v 0.068500 0.027139 -0.044942
v 0.068500 0.038201 -0.036013
v 0.065500 0.027143 -0.045522
v 0.065500 0.028000 -0.045000
v 0.065500 0.026275 -0.046029
v 0.057445 0.026957 -0.045658
v 0.057134 0.026407 -0.046027
v 0.057027 0.026410 -0.045920
v 0.056588 0.025776 -0.046474
v 0.055892 0.025176 -0.046922
v 0.055809 0.025205 -0.046816
v 0.054373 0.024206 -0.047695
v 0.054303 0.024248 -0.047589
v 0.053851 0.023943 -0.047919
v 0.065500 0.024806 -0.046837
v 0.052682 0.023460 -0.048357
v 0.052428 0.023374 -0.048440
v 0.052627 0.023514 -0.048247
v 0.053451 0.023836 -0.047947
v 0.051907 0.023295 -0.048473
v 0.051910 0.023295 -0.046887
v 0.050806 0.023073 -0.048748
v 0.050261 0.023000 -0.048866
v 0.050806 0.023073 -0.048748
v 0.050842 0.023000 -0.048864
v 0.052240 0.023000 -0.048666
v 0.050842 0.023000 -0.048864
v 0.050295 0.022927 -0.048982
v 0.039233 0.021112 -0.052043
v 0.032034 0.019552 -0.054669
v 0.039437 0.010458 -0.055186
v 0.052407 0.011433 -0.052631
v 0.014460 0.007528 -0.062860
v 0.039492 -0.000000 -0.056144
v 0.014380 -0.000000 -0.063032
v 0.039437 -0.010457 -0.055186
v 0.052407 -0.011432 -0.052631
v 0.014460 -0.007528 -0.062860
v 0.039233 -0.021111 -0.052043
v 0.050295 -0.022927 -0.048982
v 0.032034 -0.019552 -0.054669
v 0.031969 -0.019637 -0.054552
v 0.014704 -0.015028 -0.062260
v 0.014618 -0.015142 -0.062142
v 0.014630 -0.015009 -0.062294
v 0.014587 -0.014997 -0.062312
v 0.014586 -0.014997 -0.062312
v 0.014586 -0.014997 -0.062312
v 0.014586 -0.014997 -0.062312
v 0.014586 -0.014997 -0.062312
v 0.014586 -0.014997 -0.062312
v 0.014586 -0.014997 -0.062312
v 0.014587 -0.014997 -0.062312
v 0.014587 -0.014997 -0.062312
v 0.014587 -0.014997 -0.062312
v 0.014587 -0.014997 -0.062312
v 0.014587 -0.014997 -0.062312
v 0.014587 -0.014997 -0.062312
v 0.014586 -0.014997 -0.062312
v 0.014586 -0.014997 -0.062312
v 0.014583 -0.014996 -0.062313
v 0.014573 -0.014994 -0.062317
v 0.014376 -0.014942 -0.062391
v 0.014059 -0.014858 -0.062477
v 0.013391 -0.014681 -0.062544
v 0.013361 -0.014794 -0.062415
v 0.013246 -0.014643 -0.062538
v 0.012087 -0.014333 -0.062222
v 0.012992 -0.000000 -0.063121
v 0.011717 -0.000000 -0.062576
v 0.013246 0.014643 -0.062538
v 0.013391 0.014682 -0.062544
v 0.012087 0.014334 -0.062222
v 0.011846 0.014269 -0.062083
v 0.012113 0.014448 -0.062108
v 0.011192 0.014193 -0.061348
v 0.013361 0.014795 -0.062415
v 0.014618 0.015142 -0.062142
v 0.014704 0.015029 -0.062260
v 0.030199 0.019220 -0.055257
v 0.031969 0.019637 -0.054552
v 0.030199 0.019220 -0.053668
v 0.023508 0.017542 -0.056511
v 0.023498 0.017449 -0.056435
v 0.019509 0.016479 -0.058150
v 0.015414 0.015362 -0.059491
v 0.019498 0.016416 -0.058076
v 0.018114 0.016050 -0.058580
v 0.015407 0.015328 -0.059428
v 0.013946 0.014935 -0.059775
v 0.011381 0.014239 -0.059922
v 0.011186 0.014186 -0.059870
v 0.011192 0.014193 -0.059901
v 0.011000 0.014000 -0.058800
v 0.011000 0.014000 -0.054984
v 0.027485 0.014000 -0.051750
v 0.010500 0.013500 -0.054984
v 0.011245 0.014000 -0.053905
v 0.011931 0.014000 -0.053038
v 0.010794 0.013500 -0.053689
v 0.011342 0.013500 -0.052900
v 0.010718 0.013500 -0.053860
v 0.010718 -0.000000 -0.053860
v 0.010500 -0.000000 -0.054984
v 0.010718 -0.013500 -0.053860
v 0.011342 -0.000000 -0.052900
v 0.011342 -0.013500 -0.052900
v 0.011752 -0.013714 -0.052815
v 0.010794 -0.013500 -0.053689
v 0.011245 -0.014000 -0.053905
v 0.011931 -0.014000 -0.053038
v 0.011000 -0.014000 -0.054984
v 0.010500 -0.013500 -0.054984
v 0.011000 -0.014000 -0.058800
v 0.027485 -0.014000 -0.051750
v 0.011186 -0.014186 -0.059870
v 0.011192 -0.014192 -0.059901
v 0.011381 -0.014239 -0.059922
v 0.027916 -0.014284 -0.052948
v 0.013946 -0.014935 -0.059775
v 0.015407 -0.015328 -0.059428
v 0.028264 -0.015077 -0.053917
v 0.028466 -0.016232 -0.054479
v 0.045575 -0.015158 -0.049092
v 0.045685 -0.016388 -0.049650
v 0.045372 -0.014303 -0.048059
v 0.063455 -0.015259 -0.047579
v 0.063475 -0.014336 -0.046515
v 0.063455 -0.015265 -0.047583
v 0.064474 -0.015411 -0.047377
v 0.063446 -0.016576 -0.048105
v 0.063446 -0.016583 -0.048106
v 0.064468 -0.016611 -0.047859
v 0.065223 -0.016715 -0.047131
v 0.064470 -0.017899 -0.047734
v 0.064469 -0.017899 -0.047734
v 0.065224 -0.017659 -0.047040
v 0.065500 -0.017327 -0.046081
v 0.065235 -0.022578 -0.045037
v 0.064513 -0.022884 -0.045700
v 0.065236 -0.022578 -0.045036
v 0.065234 -0.026000 -0.043168
v 0.065500 -0.022161 -0.044134
v 0.064508 -0.026000 -0.044027
v 0.064036 -0.026000 -0.044261
v 0.064512 -0.022884 -0.045700
v 0.063522 -0.023000 -0.045950
v 0.063448 -0.017981 -0.047970
v 0.063535 -0.024670 -0.045117
v 0.051048 -0.023000 -0.047023
v 0.051046 -0.023110 -0.047100
v 0.050259 -0.022890 -0.047193
v 0.051421 -0.023067 -0.046939
v 0.051608 -0.023106 -0.046894
v 0.051698 -0.023125 -0.046872
v 0.051745 -0.023136 -0.046860
v 0.051771 -0.023142 -0.046853
v 0.051776 -0.023143 -0.046852
v 0.051776 -0.023143 -0.046852
v 0.051776 -0.023143 -0.046852
v 0.051776 -0.023143 -0.046852
v 0.051776 -0.023143 -0.046852
v 0.051776 -0.023143 -0.046852
v 0.051776 -0.023143 -0.046852
v 0.051776 -0.023143 -0.046852
v 0.051776 -0.023143 -0.046852
v 0.051776 -0.023143 -0.046852
v 0.051776 -0.023143 -0.046852
v 0.051777 -0.023143 -0.046851
v 0.051781 -0.023144 -0.046850
v 0.052509 -0.023348 -0.046640
v 0.053855 -0.023885 -0.046143
v 0.054261 -0.024087 -0.045967
v 0.054229 -0.024207 -0.046035
v 0.054958 -0.024479 -0.045636
v 0.055140 -0.024592 -0.045543
v 0.055240 -0.024656 -0.045491
v 0.055253 -0.024664 -0.045484
v 0.055259 -0.024668 -0.045480
v 0.055260 -0.024669 -0.045480
v 0.055260 -0.024669 -0.045480
v 0.055260 -0.024669 -0.045480
v 0.055260 -0.024669 -0.045480
v 0.055260 -0.024669 -0.045480
v 0.055260 -0.024669 -0.045480
v 0.055260 -0.024669 -0.045480
v 0.055260 -0.024669 -0.045480
v 0.055260 -0.024669 -0.045480
v 0.055260 -0.024669 -0.045480
v 0.055260 -0.024669 -0.045480
v 0.055260 -0.024669 -0.045480
v 0.055266 -0.024673 -0.045477
v 0.055288 -0.024687 -0.045465
v 0.055675 -0.024954 -0.045250
v 0.056847 -0.026000 -0.044449
v 0.056694 -0.026000 -0.044593
v 0.063517 -0.026000 -0.044346
v 0.056694 -0.026000 -0.046216
v 0.054059 -0.024121 -0.047696
v 0.053813 -0.024001 -0.047800
v 0.054127 -0.024078 -0.047803
v 0.050806 -0.023072 -0.048748
v 0.053818 -0.024002 -0.046215
v 0.050261 -0.023000 -0.048866
v 0.050806 -0.023072 -0.048748
v 0.050842 -0.023000 -0.048864
v 0.050842 -0.023000 -0.048864
v 0.050842 -0.023000 -0.048864
v 0.050842 -0.023000 -0.048864
v 0.050842 -0.023000 -0.048864
v 0.050842 -0.023000 -0.048864
v 0.050842 -0.023000 -0.048864
v 0.050842 -0.023000 -0.048864
v 0.050842 -0.023000 -0.048864
v 0.050842 -0.023000 -0.048864
v 0.050842 -0.023000 -0.048864
v 0.050842 -0.023000 -0.048864
v 0.050843 -0.023000 -0.048864
v 0.050844 -0.023000 -0.048864
v 0.050845 -0.023000 -0.048863
v 0.050849 -0.023001 -0.048863
v 0.050856 -0.023002 -0.048861
v 0.050869 -0.023004 -0.048858
v 0.050896 -0.023008 -0.048852
v 0.050950 -0.023016 -0.048840
v 0.051058 -0.023034 -0.048816
v 0.051272 -0.023073 -0.048765
v 0.051695 -0.023167 -0.048657
v 0.052112 -0.023277 -0.048538
v 0.052522 -0.023404 -0.048410
v 0.052923 -0.023547 -0.048274
v 0.053317 -0.023703 -0.048130
v 0.050261 -0.023000 -0.047268
v 0.030199 -0.019219 -0.053668
v 0.023508 -0.017541 -0.056511
v 0.030199 -0.019219 -0.055257
v 0.023498 -0.017449 -0.056435
v 0.019509 -0.016479 -0.058150
v 0.019498 -0.016415 -0.058076
v 0.015414 -0.015362 -0.059491
v 0.018114 -0.016050 -0.058580
v 0.023552 -0.017463 -0.056411
v 0.023582 -0.017450 -0.056401
v 0.023785 -0.017411 -0.056327
v 0.023981 -0.017458 -0.056241
v 0.024233 -0.017639 -0.056111
v 0.028483 -0.017536 -0.054528
v 0.043174 -0.017710 -0.050157
v 0.043182 -0.021828 -0.048995
v 0.045680 -0.017738 -0.049622
v 0.065500 -0.016859 -0.046126
v 0.065500 -0.016421 -0.045952
v 0.065500 -0.016112 -0.045596
v 0.065225 -0.015835 -0.046778
v 0.065228 -0.015217 -0.046059
v 0.064486 -0.014566 -0.046396
v 0.065232 -0.014999 -0.045136
v 0.064501 -0.014268 -0.045135
v 0.065232 -0.015000 -0.045136
v 0.065232 -0.015000 -0.022568
v 0.065500 -0.016000 -0.045136
v 0.065500 -0.016000 -0.022568
v 0.065500 -0.016000 0.000000
v 0.065500 -0.016000 0.022568
v 0.065232 -0.015000 0.000000
v 0.065232 -0.015000 0.022568
v 0.064500 -0.014268 0.000000
v 0.064500 -0.014268 0.022568
v 0.063500 -0.014000 0.000000
v 0.064500 -0.014268 -0.022568
v 0.063500 -0.014000 -0.022568
v 0.064500 -0.014268 -0.045135
v 0.063500 -0.014000 -0.045135
v 0.045117 -0.014000 -0.046768
v 0.063475 -0.014328 -0.046500
v 0.063500 -0.014000 0.022568
v 0.054500 -0.014000 0.000000
v 0.054500 0.014000 -0.000000
v 0.052490 -0.014000 0.014598
v 0.052490 -0.014000 -0.014598
v 0.052490 0.014000 -0.014598
v 0.046608 -0.014000 -0.028108
v 0.046608 0.014000 -0.028108
v 0.037293 -0.014000 -0.039526
v 0.037293 0.014000 -0.039526
v 0.025238 -0.014000 -0.048000
v 0.012925 -0.014000 -0.052551
v 0.025238 0.014000 -0.048000
v 0.012925 0.014000 -0.052551
v 0.011752 0.013714 -0.052815
v 0.046608 -0.014000 0.028108
v 0.052490 0.014000 0.014598
v 0.046608 0.014000 0.028108
v 0.037293 0.014000 0.039526
v 0.025238 0.014000 0.048000
v 0.037293 -0.014000 0.039526
v 0.025238 -0.014000 0.048000
v 0.012925 -0.014000 0.052551
v 0.011752 -0.013714 0.052815
v 0.011931 -0.014000 0.053038
v 0.011245 -0.014000 0.053905
v 0.011000 -0.014000 0.054984
v 0.010794 -0.013500 0.053690
v 0.011342 -0.013500 0.052901
v 0.010718 -0.013500 0.053861
v 0.010718 0.000000 0.053861
v 0.010500 -0.013500 0.054984
v 0.010500 -0.013500 0.059637
v 0.010500 0.000000 0.054984
v 0.010500 0.000000 0.060164
v 0.010500 0.013500 0.054984
v 0.011000 0.014000 0.054984
v 0.010500 0.013500 0.059637
v 0.010718 0.013500 0.053861
v 0.010794 0.013500 0.053690
v 0.011342 0.013500 0.052901
v 0.011245 0.014000 0.053905
v 0.011931 0.014000 0.053038
v 0.012925 0.014000 0.052551
v 0.011752 0.013714 0.052815
v 0.011342 0.000000 0.052901
v 0.010593 0.013593 0.060372
v 0.010853 0.013853 0.061024
v 0.011056 0.014056 0.061336
v 0.010823 0.000000 0.061517
v 0.011717 0.000000 0.062576
v 0.010853 -0.013853 0.061024
v 0.010593 -0.013593 0.060372
v 0.011056 -0.014056 0.061336
v 0.011192 -0.014192 0.061349
v 0.011846 -0.014269 0.062083
v 0.012087 -0.014333 0.062222
v 0.013246 -0.014643 0.062538
v 0.012113 -0.014448 0.062108
v 0.013361 -0.014794 0.062415
v 0.014618 -0.015142 0.062142
v 0.013391 -0.014681 0.062544
v 0.014059 -0.014858 0.062477
v 0.014376 -0.014942 0.062391
v 0.014573 -0.014994 0.062317
v 0.014583 -0.014996 0.062313
v 0.014586 -0.014997 0.062312
v 0.014586 -0.014997 0.062312
v 0.014587 -0.014997 0.062312
v 0.014587 -0.014997 0.062312
v 0.014587 -0.014997 0.062312
v 0.014587 -0.014997 0.062312
v 0.014587 -0.014997 0.062312
v 0.014587 -0.014997 0.062312
v 0.014586 -0.014997 0.062312
v 0.014586 -0.014997 0.062312
v 0.014586 -0.014997 0.062312
v 0.014586 -0.014997 0.062312
v 0.014586 -0.014997 0.062312
v 0.014586 -0.014997 0.062312
v 0.014587 -0.014997 0.062312
v 0.014630 -0.015009 0.062294
v 0.014704 -0.015028 0.062260
v 0.032034 -0.019552 0.054669
v 0.014460 -0.007528 0.062861
v 0.014380 0.000000 0.063032
v 0.039437 -0.010457 0.055186
v 0.039233 -0.021111 0.052043
v 0.050295 -0.022927 0.048982
v 0.050261 -0.023000 0.048866
v 0.050842 -0.023000 0.048864
v 0.050806 -0.023072 0.048749
v 0.050842 -0.023000 0.048864
v 0.052240 -0.023000 0.048666
v 0.050842 -0.023000 0.048864
v 0.050842 -0.023000 0.048864
v 0.050842 -0.023000 0.048864
v 0.050842 -0.023000 0.048864
v 0.050842 -0.023000 0.048864
v 0.050842 -0.023000 0.048864
v 0.050842 -0.023000 0.048864
v 0.050842 -0.023000 0.048864
v 0.050842 -0.023000 0.048864
v 0.050842 -0.023000 0.048864
v 0.050843 -0.023000 0.048864
v 0.050844 -0.023000 0.048864
v 0.050845 -0.023000 0.048863
v 0.050849 -0.023001 0.048863
v 0.050856 -0.023002 0.048861
v 0.050869 -0.023004 0.048858
v 0.050896 -0.023008 0.048852
v 0.050950 -0.023016 0.048840
v 0.051058 -0.023034 0.048816
v 0.051272 -0.023073 0.048765
v 0.051695 -0.023167 0.048657
v 0.052112 -0.023277 0.048538
v 0.052522 -0.023404 0.048410
v 0.052923 -0.023547 0.048274
v 0.053317 -0.023703 0.048130
v 0.053703 -0.023873 0.047980
v 0.054127 -0.024078 0.047803
v 0.065500 -0.024733 0.046875
v 0.065500 -0.026000 0.046184
v 0.065500 -0.026000 0.041990
v 0.056804 -0.026000 0.046313
v 0.056694 -0.026000 0.046216
v 0.054059 -0.024121 0.047696
v 0.056694 -0.026000 0.044593
v 0.054229 -0.024207 0.046035
v 0.056847 -0.026000 0.044449
v 0.055675 -0.024954 0.045250
v 0.063517 -0.026000 0.044346
v 0.064036 -0.026000 0.044261
v 0.063535 -0.024670 0.045117
v 0.053856 -0.023885 0.046143
v 0.063522 -0.023000 0.045950
v 0.051048 -0.023000 0.047023
v 0.063448 -0.017981 0.047970
v 0.064512 -0.022884 0.045700
v 0.064513 -0.022884 0.045700
v 0.064508 -0.026000 0.044027
v 0.065234 -0.026000 0.043168
v 0.065236 -0.022578 0.045037
v 0.065235 -0.022578 0.045037
v 0.065500 -0.022161 0.044135
v 0.065500 -0.017327 0.046081
v 0.065224 -0.017659 0.047040
v 0.065500 -0.016859 0.046126
v 0.065500 -0.016421 0.045952
v 0.065223 -0.016715 0.047131
v 0.065225 -0.015835 0.046778
v 0.064468 -0.016611 0.047859
v 0.064474 -0.015411 0.047377
v 0.064470 -0.017899 0.047734
v 0.063446 -0.016576 0.048105
v 0.063455 -0.015265 0.047583
v 0.063446 -0.016583 0.048106
v 0.045685 -0.016388 0.049650
v 0.028466 -0.016232 0.054479
v 0.045680 -0.017738 0.049622
v 0.045575 -0.015158 0.049092
v 0.028264 -0.015077 0.053917
v 0.063455 -0.015259 0.047579
v 0.045372 -0.014303 0.048059
v 0.027916 -0.014284 0.052948
v 0.063475 -0.014328 0.046500
v 0.045117 -0.014000 0.046768
v 0.027485 -0.014000 0.051750
v 0.063500 -0.014000 0.045135
v 0.064500 -0.014268 0.045136
v 0.064501 -0.014268 0.045136
v 0.064486 -0.014566 0.046396
v 0.065232 -0.014999 0.045136
v 0.065228 -0.015217 0.046059
v 0.065232 -0.015000 0.045136
v 0.065500 -0.016000 0.045136
v 0.065500 -0.016112 0.045596
v 0.063475 -0.014336 0.046515
v 0.011000 -0.014000 0.058800
v 0.011186 -0.014186 0.059871
v 0.011381 -0.014239 0.059922
v 0.011192 -0.014192 0.059901
v 0.015414 -0.015362 0.059491
v 0.019509 -0.016479 0.058151
v 0.015407 -0.015328 0.059429
v 0.018114 -0.016050 0.058580
v 0.013946 -0.014935 0.059775
v 0.019498 -0.016415 0.058076
v 0.023498 -0.017449 0.056435
v 0.023508 -0.017541 0.056511
v 0.023552 -0.017463 0.056411
v 0.023582 -0.017450 0.056401
v 0.023785 -0.017411 0.056327
v 0.023981 -0.017458 0.056241
v 0.028483 -0.017536 0.054528
v 0.024233 -0.017639 0.056112
v 0.043182 -0.021828 0.048995
v 0.050259 -0.022890 0.047193
v 0.043174 -0.017710 0.050157
v 0.050261 -0.023000 0.047268
v 0.051046 -0.023110 0.047100
v 0.030199 -0.019219 0.053668
v 0.030199 -0.019219 0.055257
v 0.031969 -0.019637 0.054552
v 0.053818 -0.024002 0.046215
v 0.053813 -0.024001 0.047800
v 0.050806 -0.023072 0.048748
v 0.064469 -0.017899 0.047734
v 0.051421 -0.023067 0.046939
v 0.051608 -0.023106 0.046894
v 0.051698 -0.023125 0.046872
v 0.051745 -0.023136 0.046860
v 0.051771 -0.023142 0.046853
v 0.051776 -0.023143 0.046852
v 0.051776 -0.023143 0.046852
v 0.051776 -0.023143 0.046852
v 0.051776 -0.023143 0.046852
v 0.051776 -0.023143 0.046852
v 0.051776 -0.023143 0.046852
v 0.051776 -0.023143 0.046852
v 0.051776 -0.023143 0.046852
v 0.051776 -0.023143 0.046852
v 0.051776 -0.023143 0.046852
v 0.051776 -0.023143 0.046852
v 0.051777 -0.023143 0.046852
v 0.051781 -0.023144 0.046851
v 0.052509 -0.023348 0.046640
v 0.054261 -0.024087 0.045967
v 0.054958 -0.024479 0.045636
v 0.055140 -0.024592 0.045543
v 0.055240 -0.024656 0.045491
v 0.055253 -0.024664 0.045484
v 0.055259 -0.024668 0.045481
v 0.055260 -0.024669 0.045480
v 0.055260 -0.024669 0.045480
v 0.055260 -0.024669 0.045480
v 0.055260 -0.024669 0.045480
v 0.055260 -0.024669 0.045480
v 0.055260 -0.024669 0.045480
v 0.055260 -0.024669 0.045480
v 0.055260 -0.024669 0.045480
v 0.055260 -0.024669 0.045480
v 0.055260 -0.024669 0.045480
v 0.055260 -0.024669 0.045480
v 0.055260 -0.024669 0.045480
v 0.055266 -0.024673 0.045477
v 0.055288 -0.024687 0.045466
v 0.014460 0.007528 0.062861
v 0.012992 0.000000 0.063121
v 0.013246 0.014643 0.062538
v 0.013391 0.014682 0.062544
v 0.012087 0.014334 0.062222
v 0.011846 0.014269 0.062083
v 0.012113 0.014448 0.062108
v 0.013361 0.014795 0.062415
v 0.014618 0.015142 0.062142
v 0.014704 0.015029 0.062260
v 0.030199 0.019220 0.055257
v 0.031969 0.019637 0.054552
v 0.050261 0.023000 0.048866
v 0.032034 0.019552 0.054669
v 0.039233 0.021112 0.052043
v 0.050295 0.022927 0.048982
v 0.039437 0.010458 0.055186
v 0.052407 0.011433 0.052631
v 0.052240 0.023000 0.048666
v 0.050842 0.023000 0.048864
v 0.065500 0.023000 0.047749
v 0.065500 0.024806 0.046837
v 0.065500 0.014218 0.051057
v 0.053851 0.023943 0.047919
v 0.054373 0.024206 0.047696
v 0.052683 0.023460 0.048357
v 0.052627 0.023514 0.048247
v 0.052428 0.023374 0.048440
v 0.052171 0.023295 0.048520
v 0.051910 0.023222 0.048597
v 0.051647 0.023155 0.048670
v 0.051381 0.023096 0.048738
v 0.051113 0.023044 0.048803
v 0.050978 0.023021 0.048834
v 0.050910 0.023010 0.048849
v 0.050876 0.023005 0.048857
v 0.050859 0.023003 0.048860
v 0.050851 0.023001 0.048862
v 0.050846 0.023001 0.048863
v 0.050844 0.023001 0.048864
v 0.050843 0.023000 0.048864
v 0.050843 0.023000 0.048864
v 0.050842 0.023000 0.048864
v 0.050842 0.023000 0.048864
v 0.050842 0.023000 0.048864
v 0.050842 0.023000 0.048864
v 0.050842 0.023000 0.048864
v 0.050842 0.023000 0.048864
v 0.050842 0.023000 0.048864
v 0.050842 0.023000 0.048864
v 0.050842 0.023000 0.048864
v 0.050842 0.023000 0.048864
v 0.053451 0.023836 0.047947
v 0.051907 0.023295 0.048473
v 0.050806 0.023073 0.048748
v 0.051910 0.023295 0.046887
v 0.052831 0.023586 0.046596
v 0.051046 0.023110 0.047100
v 0.051048 0.023000 0.047023
v 0.050261 0.023000 0.047268
v 0.051514 0.023086 0.046917
v 0.051743 0.023136 0.046860
v 0.051775 0.023143 0.046852
v 0.051776 0.023144 0.046852
v 0.051776 0.023144 0.046852
v 0.051776 0.023144 0.046852
v 0.051776 0.023144 0.046852
v 0.051776 0.023144 0.046852
v 0.051776 0.023144 0.046852
v 0.051776 0.023144 0.046852
v 0.051776 0.023144 0.046852
v 0.051776 0.023144 0.046852
v 0.051776 0.023144 0.046852
v 0.051776 0.023144 0.046852
v 0.051776 0.023144 0.046852
v 0.051777 0.023144 0.046852
v 0.051779 0.023144 0.046851
v 0.051785 0.023146 0.046849
v 0.051832 0.023157 0.046837
v 0.051977 0.023193 0.046798
v 0.052851 0.023465 0.046526
v 0.054055 0.023982 0.046058
v 0.063534 0.024769 0.045063
v 0.054498 0.024213 0.045859
v 0.055260 0.024669 0.045480
v 0.054463 0.024333 0.045927
v 0.053455 0.023837 0.046363
v 0.055260 0.024670 0.045480
v 0.055260 0.024670 0.045480
v 0.055260 0.024670 0.045480
v 0.055260 0.024670 0.045480
v 0.055260 0.024670 0.045480
v 0.055260 0.024669 0.045480
v 0.055260 0.024669 0.045480
v 0.055260 0.024669 0.045480
v 0.055260 0.024669 0.045480
v 0.055260 0.024669 0.045480
v 0.055260 0.024670 0.045480
v 0.055261 0.024670 0.045480
v 0.055262 0.024671 0.045479
v 0.055265 0.024673 0.045478
v 0.055274 0.024678 0.045473
v 0.055303 0.024698 0.045457
v 0.055406 0.024767 0.045401
v 0.050806 0.023073 0.048749
v 0.054303 0.024248 0.047589
v 0.054873 0.024571 0.047320
v 0.055892 0.025176 0.046922
v 0.014630 0.015009 0.062294
v 0.014587 0.014998 0.062312
v 0.014586 0.014998 0.062312
v 0.014586 0.014998 0.062312
v 0.014586 0.014998 0.062312
v 0.014586 0.014998 0.062312
v 0.014586 0.014998 0.062312
v 0.014586 0.014998 0.062312
v 0.014587 0.014998 0.062312
v 0.014587 0.014998 0.062312
v 0.014587 0.014998 0.062312
v 0.014587 0.014998 0.062312
v 0.014587 0.014998 0.062312
v 0.014587 0.014998 0.062312
v 0.014586 0.014998 0.062312
v 0.014586 0.014997 0.062312
v 0.014583 0.014997 0.062313
v 0.014573 0.014994 0.062317
v 0.014376 0.014942 0.062391
v 0.014059 0.014858 0.062477
v 0.063500 0.014000 -0.000000
v 0.063500 0.014000 -0.022568
v 0.064500 0.014268 -0.022568
v 0.064500 0.014268 -0.045135
v 0.011192 -0.014192 -0.061348
v 0.012113 -0.014448 -0.062108
v 0.011056 -0.014056 -0.061336
v 0.011846 -0.014269 -0.062083
v 0.010853 -0.013853 -0.061023
v 0.010593 -0.013593 -0.060372
v 0.010823 -0.000000 -0.061517
v 0.010500 -0.000000 -0.060164
v 0.010853 0.013853 -0.061023
v 0.011056 0.014056 -0.061336
v 0.010593 0.013593 -0.060372
v 0.010500 0.013500 -0.059637
v 0.010500 -0.013500 -0.059637
v 0.023552 0.017463 -0.056411
v 0.023582 0.017451 -0.056401
v 0.023785 0.017412 -0.056327
v 0.023981 0.017459 -0.056241
v 0.014630 0.015009 -0.062294
v 0.014587 0.014998 -0.062312
v 0.014586 0.014998 -0.062312
v 0.014586 0.014998 -0.062312
v 0.014586 0.014998 -0.062312
v 0.014586 0.014998 -0.062312
v 0.014586 0.014998 -0.062312
v 0.014586 0.014998 -0.062312
v 0.014587 0.014998 -0.062312
v 0.014587 0.014998 -0.062312
v 0.014587 0.014998 -0.062312
v 0.014587 0.014998 -0.062312
v 0.014587 0.014998 -0.062312
v 0.014587 0.014998 -0.062312
v 0.014586 0.014998 -0.062312
v 0.014586 0.014997 -0.062312
v 0.014583 0.014997 -0.062313
v 0.014573 0.014994 -0.062317
v 0.014376 0.014942 -0.062391
v 0.014059 0.014858 -0.062477
v 0.065500 0.011799 -0.051670
v 0.050842 0.023000 -0.048864
v 0.050842 0.023000 -0.048864
v 0.050842 0.023000 -0.048864
v 0.050842 0.023000 -0.048864
v 0.050842 0.023000 -0.048864
v 0.050842 0.023000 -0.048864
v 0.050842 0.023000 -0.048864
v 0.050842 0.023000 -0.048864
v 0.050842 0.023000 -0.048864
v 0.050843 0.023000 -0.048864
v 0.050843 0.023000 -0.048864
v 0.050844 0.023001 -0.048864
v 0.050846 0.023001 -0.048863
v 0.050850 0.023001 -0.048862
v 0.050859 0.023003 -0.048860
v 0.050876 0.023005 -0.048857
v 0.050910 0.023010 -0.048849
v 0.050978 0.023021 -0.048834
v 0.051113 0.023044 -0.048803
v 0.051381 0.023096 -0.048738
v 0.051647 0.023155 -0.048670
v 0.051910 0.023222 -0.048597
v 0.052171 0.023295 -0.048520
v 0.065500 0.023000 -0.047749
v 0.052831 0.023586 -0.046596
v 0.052851 0.023465 -0.046526
v 0.053455 0.023837 -0.046363
v 0.054463 0.024333 -0.045927
v 0.054498 0.024213 -0.045859
v 0.054877 0.024572 -0.045725
v 0.054873 0.024571 -0.047320
v 0.055923 0.025292 -0.045140
v 0.055971 0.025179 -0.045073
v 0.056150 0.025479 -0.044993
v 0.057085 0.026494 -0.044226
v 0.056148 0.025478 -0.046606
v 0.057153 0.026400 -0.044159
v 0.055634 0.024925 -0.045274
v 0.055406 0.024767 -0.045401
v 0.055303 0.024698 -0.045457
v 0.055274 0.024678 -0.045473
v 0.055265 0.024673 -0.045477
v 0.055262 0.024671 -0.045479
v 0.055261 0.024670 -0.045480
v 0.055260 0.024670 -0.045480
v 0.055260 0.024669 -0.045480
v 0.055260 0.024669 -0.045480
v 0.055260 0.024669 -0.045480
v 0.055260 0.024669 -0.045480
v 0.055260 0.024669 -0.045480
v 0.055260 0.024670 -0.045480
v 0.055260 0.024670 -0.045480
v 0.055260 0.024670 -0.045480
v 0.055260 0.024670 -0.045480
v 0.055260 0.024670 -0.045480
v 0.055260 0.024669 -0.045480
v 0.051977 0.023193 -0.046798
v 0.051832 0.023157 -0.046837
v 0.051785 0.023146 -0.046849
v 0.051779 0.023144 -0.046851
v 0.051777 0.023144 -0.046851
v 0.051776 0.023144 -0.046852
v 0.051776 0.023144 -0.046852
v 0.051776 0.023144 -0.046852
v 0.051776 0.023144 -0.046852
v 0.051776 0.023144 -0.046852
v 0.051776 0.023144 -0.046852
v 0.051776 0.023144 -0.046852
v 0.051776 0.023144 -0.046852
v 0.051776 0.023144 -0.046852
v 0.051776 0.023144 -0.046852
v 0.051776 0.023144 -0.046852
v 0.051776 0.023144 -0.046852
v 0.051775 0.023143 -0.046852
v 0.051743 0.023136 -0.046860
v 0.057154 0.026603 -0.045782
v 0.068500 -0.014085 -0.050575
v 0.063500 0.045162 0.024511
v 0.063500 0.045162 0.024510
v 0.064500 0.044926 0.024383
v 0.057583 0.045162 0.024510
v 0.063500 0.049804 0.012644
v 0.063500 0.049805 0.012643
v 0.063500 0.051384 -0.000000
v 0.057583 0.049805 0.012643
v 0.057583 0.049804 0.012644
v 0.063500 0.049805 -0.012643
v 0.057583 0.049805 -0.012643
v 0.057583 0.045162 0.024511
v 0.057500 0.045234 0.024551
v 0.068500 0.061797 -0.009349
v 0.068500 0.061585 -0.009829
v 0.068500 0.061158 -0.010136
v 0.068000 0.061973 -0.010144
v 0.068000 0.061333 -0.010604
v 0.057629 0.061973 -0.010144
v 0.057500 0.061873 -0.010063
v 0.057629 0.061333 -0.010604
v 0.057629 0.060548 -0.010676
v 0.057500 0.061288 -0.010483
v 0.057500 0.060570 -0.010549
v 0.057500 0.054246 -0.009434
v 0.057500 0.053123 -0.009525
v 0.057629 0.054224 -0.009561
v 0.057629 0.053166 -0.009647
v 0.068000 0.054224 -0.009561
v 0.068500 0.054311 -0.009069
v 0.068000 0.060548 -0.010676
v 0.068000 0.053166 -0.009647
v 0.068500 0.053001 -0.009175
v 0.068500 0.060635 -0.010184
v 0.057629 0.052285 -0.010239
v 0.057500 0.052188 -0.010153
v 0.057500 0.051680 -0.011159
v 0.057500 0.046913 -0.024383
v 0.064513 0.022885 0.045700
v 0.063455 0.015265 0.047583
v 0.063455 0.015260 0.047579
v 0.028466 0.016232 0.054479
v 0.018114 0.016050 0.058580
v 0.023785 0.017412 0.056327
v 0.053000 -0.021400 0.000000
v 0.052500 -0.021400 0.000000
v 0.050873 -0.021400 0.014791
v 0.044666 -0.021400 0.028384
v 0.052313 -0.019900 0.015214
v 0.053000 -0.021400 0.000000
v 0.050873 -0.021400 -0.014791
v 0.054500 -0.019900 0.000000
v 0.052313 -0.019900 -0.015214
v 0.054500 0.001500 -0.000000
v 0.054399 0.001500 0.003302
v 0.054399 0.001500 -0.003302
v 0.054399 -0.005375 -0.003302
v 0.052160 -0.005375 -0.015725
v 0.052160 -0.019900 -0.015725
v 0.045341 -0.005375 -0.030087
v 0.034636 -0.005375 -0.041842
v 0.045341 -0.019900 -0.030087
v 0.045928 -0.019900 -0.029195
v 0.035863 -0.019900 -0.040810
v 0.034880 -0.021400 -0.039677
v 0.034636 -0.019900 -0.041842
v 0.022932 -0.019900 -0.049120
v 0.022309 -0.021400 -0.047756
v 0.020972 -0.019900 -0.049969
v 0.020972 -0.005375 -0.049969
v 0.008185 -0.019900 -0.053450
v 0.007972 -0.021400 -0.051966
v 0.005533 -0.019900 -0.053765
v -0.007185 -0.019900 -0.053450
v 0.005533 -0.005375 -0.053765
v -0.010342 -0.005375 -0.052900
v -0.010342 -0.005300 -0.052900
v -0.010342 -0.019900 -0.052900
v -0.021932 -0.019900 -0.049120
v -0.021309 -0.021400 -0.047756
v -0.024238 -0.019900 -0.048000
v -0.034862 -0.019900 -0.040810
v -0.024238 -0.005300 -0.048000
v -0.036293 -0.005300 -0.039526
v -0.045608 -0.005300 -0.028108
v -0.036293 -0.019900 -0.039526
v -0.044928 -0.019900 -0.029195
v -0.045608 -0.019900 -0.028108
v -0.043666 -0.021400 -0.028384
v -0.049873 -0.021400 -0.014791
v -0.033880 -0.021400 -0.039677
v -0.052000 -0.021400 0.000000
v -0.051313 -0.019900 -0.015214
v -0.051489 -0.019900 -0.014598
v -0.051489 -0.005300 -0.014598
v -0.053500 -0.019900 0.000000
v -0.051489 -0.019900 0.014598
v -0.053500 -0.005300 0.000000
v -0.051489 -0.005300 0.014598
v -0.045608 -0.005300 0.028108
v -0.045608 -0.019900 0.028108
v -0.036293 -0.005300 0.039526
v -0.036293 -0.019900 0.039526
v -0.024238 -0.005300 0.048000
v -0.010342 -0.005300 0.052901
v -0.024238 -0.019900 0.048000
v -0.021932 -0.019900 0.049120
v -0.034862 -0.019900 0.040810
v -0.033880 -0.021400 0.039677
v -0.021309 -0.021400 0.047756
v -0.043666 -0.021400 0.028384
v -0.044928 -0.019900 0.029195
v -0.049873 -0.021400 0.014791
v -0.051313 -0.019900 0.015214
v -0.006972 -0.021400 0.051966
v 0.007972 -0.021400 0.051966
v -0.007185 -0.019900 0.053450
v 0.005533 -0.019900 0.053765
v -0.010342 -0.019900 0.052901
v -0.010342 -0.005375 0.052901
v 0.005533 -0.005375 0.053765
v 0.020972 -0.005375 0.049969
v 0.020972 -0.019900 0.049969
v 0.034636 -0.005375 0.041842
v 0.034636 -0.019900 0.041842
v 0.045341 -0.005375 0.030087
v 0.052160 -0.005375 0.015725
v 0.045341 -0.019900 0.030087
v 0.045928 -0.019900 0.029195
v 0.035863 -0.019900 0.040810
v 0.034880 -0.021400 0.039677
v 0.022309 -0.021400 0.047756
v 0.022932 -0.019900 0.049120
v 0.052160 -0.019900 0.015725
v 0.054399 -0.005375 0.003302
v 0.008185 -0.019900 0.053450
v -0.051500 -0.021400 0.000000
v -0.049394 -0.021400 0.014650
v -0.051300 -0.021200 0.000000
v -0.049394 -0.021400 -0.014650
v -0.043245 -0.021400 -0.028113
v -0.049202 -0.021200 -0.014594
v -0.043077 -0.021200 -0.028005
v -0.049202 -0.021000 -0.014594
v -0.043077 -0.021000 -0.028005
v -0.051300 -0.021000 0.000000
v -0.049202 -0.021000 0.014594
v -0.043077 -0.021000 0.028005
v -0.049202 -0.021200 0.014594
v -0.043077 -0.021200 0.028005
v -0.033422 -0.021200 0.039148
v -0.043245 -0.021400 0.028113
v -0.033553 -0.021400 0.039299
v -0.021102 -0.021400 0.047301
v -0.006901 -0.021400 0.051471
v -0.021018 -0.021200 0.047119
v -0.006872 -0.021200 0.051273
v -0.021018 -0.021000 0.047119
v -0.006872 -0.021000 0.051273
v -0.033422 -0.021000 0.039148
v 0.007872 -0.021000 0.051273
v 0.022019 -0.021000 0.047119
v 0.007872 -0.021200 0.051273
v 0.007901 -0.021400 0.051471
v 0.022019 -0.021200 0.047119
v 0.022102 -0.021400 0.047301
v 0.034422 -0.021200 0.039148
v 0.034553 -0.021400 0.039299
v 0.034422 -0.021000 0.039148
v 0.044077 -0.021200 0.028005
v 0.044245 -0.021400 0.028113
v 0.050202 -0.021200 0.014594
v 0.044077 -0.021000 0.028005
v 0.050202 -0.021000 0.014594
v 0.052300 -0.021000 0.000000
v 0.052300 -0.021200 0.000000
v 0.050202 -0.021000 -0.014594
v 0.044077 -0.021000 -0.028005
v 0.050202 -0.021200 -0.014594
v 0.050394 -0.021400 -0.014650
v 0.044077 -0.021200 -0.028005
v 0.044245 -0.021400 -0.028113
v 0.034422 -0.021200 -0.039148
v 0.034553 -0.021400 -0.039299
v 0.022019 -0.021200 -0.047119
v 0.034422 -0.021000 -0.039148
v 0.022019 -0.021000 -0.047119
v 0.007872 -0.021000 -0.051273
v -0.006872 -0.021000 -0.051273
v 0.007872 -0.021200 -0.051273
v 0.007901 -0.021400 -0.051471
v -0.006872 -0.021200 -0.051273
v -0.006901 -0.021400 -0.051471
v -0.021018 -0.021200 -0.047119
v -0.021018 -0.021000 -0.047119
v -0.033422 -0.021200 -0.039148
v -0.021102 -0.021400 -0.047301
v -0.033553 -0.021400 -0.039299
v -0.033422 -0.021000 -0.039148
v 0.022102 -0.021400 -0.047301
v 0.050394 -0.021400 0.014650
v -0.006972 -0.021400 -0.051966
v 0.044666 -0.021400 -0.028384
v -0.052950 0.007700 -0.000000
v -0.050785 0.007700 -0.015059
v -0.050785 0.007700 0.015059
v -0.052950 0.033600 -0.000000
v -0.050785 0.033600 0.015059
v -0.051950 0.034600 -0.000000
v -0.050785 0.033600 -0.015059
v -0.049825 0.034600 -0.014777
v -0.044465 0.033600 -0.028897
v -0.044465 0.007700 -0.028897
v -0.034502 0.033600 -0.040395
v -0.043624 0.034600 -0.028357
v -0.033847 0.034600 -0.039639
v -0.021289 0.034600 -0.047710
v -0.006965 0.034600 -0.051916
v -0.021704 0.033600 -0.048620
v -0.007107 0.033600 -0.052906
v -0.021704 0.007700 -0.048620
v -0.034502 0.007700 -0.040395
v -0.007107 0.007700 -0.052906
v 0.008107 0.007700 -0.052906
v 0.008107 0.033600 -0.052906
v 0.022704 0.007700 -0.048620
v 0.022704 0.033600 -0.048620
v 0.035502 0.007700 -0.040395
v 0.045465 0.007700 -0.028897
v 0.035502 0.033600 -0.040395
v 0.045465 0.033600 -0.028897
v 0.034848 0.034600 -0.039639
v 0.044624 0.034600 -0.028357
v 0.022289 0.034600 -0.047710
v 0.007965 0.034600 -0.051916
v 0.050825 0.034600 -0.014777
v 0.052950 0.034600 -0.000000
v 0.051785 0.033600 -0.015059
v 0.051785 0.007700 -0.015059
v 0.053950 0.033600 -0.000000
v 0.053950 0.007700 -0.000000
v 0.051785 0.033600 0.015059
v 0.045465 0.033600 0.028897
v 0.050825 0.034600 0.014777
v 0.051785 0.007700 0.015059
v 0.045465 0.007700 0.028897
v 0.035502 0.007700 0.040395
v 0.022704 0.007700 0.048620
v 0.035502 0.033600 0.040395
v 0.022704 0.033600 0.048620
v 0.034848 0.034600 0.039639
v 0.022289 0.034600 0.047710
v 0.044624 0.034600 0.028357
v 0.007965 0.034600 0.051916
v -0.006965 0.034600 0.051916
v 0.008107 0.033600 0.052906
v -0.007107 0.033600 0.052906
v 0.008107 0.007700 0.052906
v -0.007107 0.007700 0.052906
v -0.021704 0.007700 0.048620
v -0.034502 0.007700 0.040395
v -0.021704 0.033600 0.048620
v -0.034502 0.033600 0.040395
v -0.021288 0.034600 0.047710
v -0.033847 0.034600 0.039639
v -0.043624 0.034600 0.028357
v -0.049825 0.034600 0.014777
v -0.044465 0.033600 0.028897
v -0.044465 0.007700 0.028897
v 0.000335 0.007700 0.054008
v 0.015557 0.007700 0.051866
v -0.014875 0.007700 0.051773
v 0.000313 0.005700 0.061000
v -0.016865 0.005700 0.058476
v 0.017507 0.005700 0.058581
v 0.000313 -0.003300 0.061000
v 0.017507 -0.003300 0.058581
v -0.016865 -0.003300 0.058476
v 0.000335 -0.005300 0.054008
v -0.014875 -0.005300 0.051773
v 0.015557 -0.005300 0.051866
v 0.029560 -0.005300 0.045523
v 0.033322 -0.003300 0.051417
v 0.041208 -0.005300 0.035492
v 0.049558 -0.005300 0.022586
v 0.046478 -0.003300 0.040088
v 0.055910 -0.003300 0.025510
v 0.046478 0.005700 0.040088
v 0.033322 0.005700 0.051417
v 0.041208 0.007700 0.035492
v 0.055910 0.005700 0.025510
v 0.049558 0.007700 0.022586
v 0.060852 0.005700 0.008866
v 0.053934 0.007700 0.007850
v 0.060905 0.005700 -0.008497
v 0.060852 -0.003300 0.008866
v 0.060905 -0.003300 -0.008497
v 0.053934 -0.005300 0.007850
v 0.053981 -0.005300 -0.007523
v 0.049696 -0.005300 -0.022285
v 0.041424 -0.005300 -0.035242
v 0.056065 -0.003300 -0.025170
v 0.046723 -0.003300 -0.039805
v 0.056065 0.005700 -0.025170
v 0.049696 0.007700 -0.022285
v 0.046723 0.005700 -0.039805
v 0.041424 0.007700 -0.035242
v 0.033636 0.005700 -0.051215
v 0.029838 0.007700 -0.045345
v 0.017865 0.005700 -0.058476
v 0.033636 -0.003300 -0.051215
v 0.029838 -0.005300 -0.045345
v 0.017865 -0.003300 -0.058476
v 0.015875 -0.005300 -0.051773
v 0.000687 -0.003300 -0.061000
v 0.000665 -0.005300 -0.054007
v -0.016507 -0.003300 -0.058581
v 0.000687 0.005700 -0.061000
v 0.000665 0.007700 -0.054007
v -0.016507 0.005700 -0.058581
v -0.014557 0.007700 -0.051866
v -0.032322 0.005700 -0.051417
v -0.045478 0.005700 -0.040087
v -0.028560 0.007700 -0.045523
v -0.032322 -0.003300 -0.051417
v -0.028560 -0.005300 -0.045523
v -0.045478 -0.003300 -0.040087
v -0.040208 -0.005300 -0.035492
v -0.054910 -0.003300 -0.025510
v -0.048558 -0.005300 -0.022586
v -0.059852 -0.003300 -0.008866
v -0.054910 0.005700 -0.025510
v -0.048558 0.007700 -0.022586
v -0.059852 0.005700 -0.008866
v -0.052934 0.007700 -0.007850
v -0.059905 0.005700 0.008497
v -0.052981 0.007700 0.007523
v -0.055065 0.005700 0.025170
v -0.059905 -0.003300 0.008497
v -0.052981 -0.005300 0.007523
v -0.055065 -0.003300 0.025170
v -0.048696 -0.005300 0.022285
v -0.045723 -0.003300 0.039805
v -0.040424 -0.005300 0.035243
v -0.032636 -0.003300 0.051215
v -0.045723 0.005700 0.039805
v -0.040424 0.007700 0.035243
v -0.032636 0.005700 0.051215
v -0.028838 0.007700 0.045345
v -0.048696 0.007700 0.022285
v -0.028838 -0.005300 0.045345
v -0.052934 -0.005300 -0.007850
v -0.040208 0.007700 -0.035492
v -0.014557 -0.005300 -0.051866
v 0.015875 0.007700 -0.051773
v 0.053981 0.007700 -0.007523
v 0.029560 0.007700 0.045523
vn 0.0000 0.2257 -0.9742
vn 0.0000 -0.0579 -0.9983
vn 0.0000 -0.0579 -0.9983
vn 0.0000 0.2257 -0.9742
vn 1.0000 0.0000 0.0000
vn 0.0000 -0.3368 -0.9416
vn 0.0000 -0.3368 -0.9416
vn 0.0000 -0.0579 -0.9983
vn 0.0000 0.2257 -0.9742
vn 0.0000 -0.3368 -0.9416
vn -0.4472 -0.0518 -0.8929
vn -0.4472 -0.3012 -0.8422
vn -0.4472 -0.3012 -0.8422
vn -0.4472 -0.0518 -0.8929
vn -0.4471 0.2019 -0.8714
vn -0.4471 0.2019 -0.8714
vn -1.0000 0.0000 0.0000
vn -0.4472 0.4392 -0.7792
vn -0.4472 0.4392 -0.7792
vn -0.4472 0.6409 -0.6239
vn -0.4472 0.6410 -0.6238
vn -0.4472 0.7907 -0.4180
vn -0.4472 0.7907 -0.4180
vn 0.0000 0.4911 -0.8711
vn 0.0000 0.7166 -0.6975
vn 0.0000 0.4911 -0.8711
vn 0.0000 0.8841 -0.4674
vn 0.0000 0.8841 -0.4674
vn -0.4473 0.8764 -0.1783
vn -0.4473 0.8764 -0.1783
vn 0.0000 0.9799 -0.1994
vn 0.0000 0.9799 -0.1994
vn 0.0000 0.7166 -0.6975
vn 0.0000 0.9799 -0.1994
vn 0.0000 0.9964 0.0848
vn 0.0000 0.9964 0.0848
vn 0.0000 0.9321 0.3621
vn 0.0000 0.9321 0.3621
vn 0.0000 0.7924 0.6100
vn 0.0000 0.7924 0.6100
vn 0.0000 0.5884 0.8085
vn 0.0000 0.5884 0.8085
vn 0.0000 0.7924 0.6100
vn 0.0000 0.5884 0.8085
vn 0.0000 0.9321 0.3621
vn -0.4471 0.5263 0.7232
vn -0.4471 0.7088 0.5457
vn -0.4471 0.7088 0.5456
vn -0.4471 0.5263 0.7232
vn -0.4472 0.8338 0.3239
vn -0.4472 0.8338 0.3239
vn -0.4473 0.8912 0.0758
vn -0.4473 0.8912 0.0759
vn -0.4472 0.3012 0.8422
vn -0.4472 0.3012 0.8422
vn -0.4472 0.0518 0.8929
vn -0.4472 0.0518 0.8929
vn -0.4471 -0.2019 0.8714
vn -0.4471 -0.2019 0.8714
vn 0.0000 0.3368 0.9416
vn 0.0000 0.0579 0.9983
vn 0.0000 0.0579 0.9983
vn 0.0000 0.3368 0.9416
vn 0.0000 -0.2257 0.9742
vn 0.0000 -0.2257 0.9742
vn -0.4471 -0.4392 0.7792
vn -0.4471 -0.4392 0.7792
vn 0.0000 -0.4911 0.8711
vn 0.0000 -0.4911 0.8711
vn -0.4475 -0.6407 0.6239
vn -0.4471 -0.6410 0.6239
vn 0.0000 -0.7166 0.6975
vn -0.4472 -0.7907 0.4181
vn -0.4472 -0.7908 0.4180
vn 0.0000 -0.8841 0.4674
vn 0.0000 -0.8841 0.4674
vn -0.4473 -0.8764 0.1783
vn -0.4473 -0.8764 0.1783
vn -0.4473 -0.8912 -0.0758
vn -0.4473 -0.8912 -0.0759
vn -0.4472 -0.8338 -0.3239
vn -0.4472 -0.8338 -0.3239
vn 0.0000 -0.9964 -0.0848
vn 0.0000 -0.9321 -0.3621
vn 0.0000 -0.9321 -0.3621
vn 0.0000 -0.9964 -0.0848
vn 0.0000 -0.9799 0.1994
vn 0.0000 -0.9799 0.1994
vn 0.0000 -0.9321 -0.3621
vn 0.0000 -0.9799 0.1994
vn 0.0000 -0.7924 -0.6100
vn 0.0000 -0.7924 -0.6100
vn 0.0000 -0.7924 -0.6100
vn 0.0000 -0.5884 -0.8085
vn 0.0000 -0.5884 -0.8085
vn 0.0000 -0.5884 -0.8085
vn -0.4471 -0.5263 -0.7232
vn -0.4471 -0.5263 -0.7232
vn -0.4471 -0.7088 -0.5457
vn -0.4471 -0.7088 -0.5456
vn 0.0000 -0.7166 0.6975
vn 0.0000 -0.4911 0.8711
vn 0.0000 -0.2257 0.9742
vn 0.0000 0.0579 0.9983
vn 0.0000 0.3368 0.9416
vn 0.0000 0.4911 -0.8711
vn 0.7072 0.6257 -0.3291
vn 0.7071 0.6912 -0.1493
vn 0.7071 0.6912 -0.1493
vn 0.7072 0.6257 -0.3291
vn 1.0000 0.0000 0.0000
vn 0.7071 0.5300 -0.4681
vn 0.7071 0.5299 -0.4682
vn -0.0000 0.8850 -0.4656
vn 0.0000 0.8873 -0.4612
vn 0.0008 0.9775 -0.2111
vn -0.0001 0.9775 -0.2111
vn -0.0000 0.8850 -0.4656
vn -0.0000 0.7496 -0.6619
vn 0.0000 0.7496 -0.6619
vn -0.0000 0.7276 -0.6860
vn -0.0001 0.7344 -0.6787
vn 0.0000 0.7276 -0.6860
vn 0.7072 0.5144 -0.4850
vn 0.7072 0.5144 -0.4850
vn -0.7071 0.6274 -0.3261
vn -0.7071 0.6258 -0.3292
vn -0.7071 0.5193 -0.4799
vn -0.7071 0.5193 -0.4799
vn -0.7071 0.6274 -0.3261
vn -0.7071 0.5145 -0.4850
vn -0.7071 0.3744 -0.5998
vn -0.7071 0.3744 -0.5998
vn -0.0001 0.5169 -0.8560
vn 0.0000 0.5283 -0.8491
vn 0.0000 0.5283 -0.8491
vn -0.0000 0.5296 -0.8483
vn -0.0000 0.5169 -0.8560
vn -0.7065 0.3782 -0.5981
vn -0.7066 0.3753 -0.5999
vn -0.8561 0.5168 -0.0004
vn -1.0000 0.0000 0.0000
vn -1.0000 -0.0000 -0.0000
vn -1.0000 0.0029 0.0000
vn -0.8558 0.5174 -0.0004
vn -1.0000 0.0000 0.0000
vn -1.0000 -0.0000 -0.0000
vn -1.0000 -0.0000 -0.0000
vn -0.7184 -0.0200 0.6953
vn -0.7405 -0.1674 0.6508
vn -0.7071 -0.3848 0.5932
vn -0.7071 -0.3848 0.5932
vn -0.7298 -0.0548 0.6815
vn -0.7227 -0.0265 0.6907
vn -0.7071 -0.3853 0.5929
vn -0.7071 -0.3853 0.5929
vn -0.0012 -0.5342 0.8454
vn 0.0000 -0.5449 0.8385
vn -0.0000 -0.5449 0.8385
vn -0.0001 -0.5442 0.8390
vn -0.0039 -0.5615 0.8275
vn -0.7071 -0.5193 0.4799
vn -0.7071 -0.5194 0.4798
vn 0.0000 -0.7345 0.6786
vn -0.0000 -0.7345 0.6786
vn -0.5000 -0.6361 0.5877
vn -0.4998 -0.4720 0.7262
vn -0.0067 -0.5241 0.8516
vn -0.0171 -0.4823 0.8758
vn -0.0109 -0.4192 0.9078
vn -0.5063 -0.3614 0.7830
vn -0.0107 -0.5760 0.8174
vn -0.0222 -0.5859 0.8101
vn -0.6218 0.1645 0.7658
vn -0.7183 -0.3246 0.6153
vn -0.0477 -0.5844 0.8101
vn -0.0499 -0.5834 0.8106
vn -0.0505 -0.5831 0.8108
vn -0.0508 -0.5830 0.8109
vn -0.0508 -0.5830 0.8109
vn -0.0507 -0.5830 0.8109
vn -0.0507 -0.5830 0.8109
vn -0.0270 -0.5628 0.8261
vn -0.0270 -0.5628 0.8261
vn -0.0508 -0.5830 0.8109
vn -0.0508 -0.5830 0.8109
vn -0.0508 -0.5830 0.8109
vn -0.0666 -0.5723 0.8173
vn -0.0761 -0.5634 0.8227
vn -0.4735 0.3809 0.7942
vn -0.4846 0.3596 0.7974
vn -0.1313 -0.4300 0.8932
vn -0.1329 -0.4223 0.8967
vn -0.1329 -0.4223 0.8967
vn -0.1329 -0.4223 0.8967
vn -0.0622 -0.5085 0.8588
vn -0.0622 -0.5085 0.8588
vn -0.0622 -0.5085 0.8588
vn -0.1329 -0.4222 0.8967
vn -0.1329 -0.4220 0.8968
vn -0.1338 -0.4175 0.8988
vn -0.1397 -0.3841 0.9127
vn -0.1472 -0.3454 0.9268
vn -0.5722 -0.3369 0.7477
vn 0.0260 -0.3271 0.9446
vn -0.4847 -0.2862 0.8266
vn -0.2126 -0.2369 0.9480
vn -0.1874 -0.2460 0.9510
vn -0.1553 -0.3390 0.9279
vn -0.2229 -0.2921 0.9301
vn -0.2686 0.5478 0.7923
vn -0.2399 0.5588 0.7938
vn -0.2394 0.5588 0.7940
vn -0.2653 0.5483 0.7931
vn -0.4308 0.3983 0.8098
vn -0.3500 0.4767 0.8064
vn -0.2981 0.5205 0.8002
vn -0.3208 0.4977 0.8059
vn -0.3242 0.4944 0.8065
vn -0.3480 0.4560 0.8191
vn -0.3480 0.4560 0.8191
vn -0.3480 0.4560 0.8191
vn -0.3243 0.4942 0.8066
vn -0.3243 0.4942 0.8066
vn -0.3243 0.4942 0.8066
vn -0.3243 0.4942 0.8066
vn -0.3302 0.4885 0.8077
vn -0.4498 0.5941 0.6669
vn -0.4458 0.5951 0.6686
vn -0.4492 0.5941 0.6673
vn -0.4469 0.5924 0.6703
vn -0.3212 0.5659 0.7593
vn -0.4213 0.5804 0.6969
vn -0.3627 -0.1560 0.9188
vn -0.3635 -0.1529 0.9189
vn -0.3327 -0.1787 0.9259
vn -0.3269 0.2561 0.9097
vn -0.1893 0.2040 0.9605
vn 0.0272 0.1389 0.9899
vn -0.2596 0.6409 0.7224
vn -0.1526 0.6141 0.7743
vn 0.0223 0.5801 0.8142
vn 0.0223 0.5784 0.8154
vn 0.0272 0.1412 0.9896
vn -0.1436 0.9054 0.3995
vn -0.0848 0.8988 0.4301
vn 0.0124 0.8905 0.4548
vn 0.0125 0.8880 0.4597
vn -0.0000 1.0000 0.0000
vn 0.0014 1.0000 0.0002
vn 0.0000 1.0000 -0.0000
vn -0.4929 0.7727 0.4000
vn -0.5000 0.8660 -0.0000
vn -0.5003 0.8658 -0.0000
vn -0.4870 0.5053 0.7124
vn -0.8639 0.4473 0.2316
vn -0.8659 0.5003 0.0000
vn -0.8623 0.2930 0.4130
vn -1.0000 -0.0004 0.0007
vn -1.0000 -0.0005 0.0004
vn -0.8660 0.5000 -0.0000
vn -1.0000 0.0000 0.0000
vn -0.5000 0.8660 -0.0000
vn -0.8660 0.5000 -0.0000
vn -1.0000 0.0000 0.0000
vn -1.0000 -0.0000 0.0000
vn -1.0000 0.0000 -0.0000
vn -1.0000 -0.0000 0.0000
vn -1.0000 -0.0000 0.0000
vn -1.0000 -0.0000 0.0000
vn -1.0000 0.0000 0.0000
vn -1.0000 -0.0000 0.0000
vn -1.0000 0.0000 0.0000
vn -1.0000 -0.0001 0.0000
vn -0.8660 0.5000 -0.0000
vn -0.8660 0.5000 -0.0000
vn -1.0000 0.0000 0.0000
vn -1.0000 0.0000 -0.0000
vn -1.0000 -0.0000 0.0000
vn -1.0000 -0.0000 -0.0000
vn -1.0000 -0.0000 -0.0000
vn -1.0000 -0.0000 -0.0000
vn -1.0000 -0.0000 0.0000
vn -1.0000 0.0000 -0.0000
vn -1.0000 -0.0000 0.0000
vn -1.0000 0.0000 0.0000
vn -1.0000 -0.0000 0.0000
vn -0.8660 0.5000 0.0000
vn -0.5000 0.8660 -0.0000
vn -0.5003 0.8658 -0.0000
vn -0.8115 0.5782 -0.0843
vn -0.5000 0.8660 -0.0000
vn -0.0000 1.0000 -0.0000
vn -0.0000 1.0000 0.0000
vn 0.0000 1.0000 -0.0000
vn 0.0124 0.8905 -0.4548
vn 0.0126 0.8880 -0.4597
vn -0.4929 0.7727 -0.4000
vn 0.0000 1.0000 -0.0000
vn 0.0000 1.0000 -0.0000
vn -0.0000 1.0000 0.0000
vn -0.0000 1.0000 -0.0000
vn -0.0000 1.0000 -0.0000
vn -0.0848 0.8988 -0.4301
vn 0.0223 0.5801 -0.8142
vn -0.1526 0.6141 -0.7743
vn -0.1436 0.9054 -0.3995
vn -0.2596 0.6409 -0.7224
vn -0.1563 0.9380 -0.3094
vn -0.1765 0.9199 -0.3503
vn -0.3152 0.6884 -0.6533
vn -0.3392 0.8433 -0.4169
vn -0.3081 0.8846 -0.3499
vn -0.2233 0.9585 -0.1772
vn -0.2129 0.9645 -0.1563
vn -0.2158 0.9635 -0.1586
vn -0.3425 0.8423 -0.4162
vn -0.7071 0.7071 0.0000
vn -0.9917 0.0338 -0.1244
vn -0.6839 0.6747 0.2777
vn -0.7073 0.7069 -0.0000
vn -0.7071 0.7071 0.0000
vn -0.2327 0.9725 -0.0000
vn -0.2525 0.9676 -0.0000
vn -0.2605 0.9655 -0.0000
vn -0.2656 0.9641 -0.0000
vn -0.2677 0.9635 -0.0000
vn -0.2677 0.9635 0.0000
vn -0.2675 0.9636 -0.0000
vn -0.2670 0.9637 -0.0000
vn -0.2663 0.9639 -0.0000
vn -0.2327 0.9726 0.0000
vn -0.4053 0.7225 -0.5601
vn -0.4017 0.7234 -0.5615
vn -0.3834 0.7649 -0.5176
vn -0.4498 0.5941 -0.6669
vn -0.4458 0.5951 -0.6686
vn -0.2399 0.5588 -0.7939
vn -0.2395 0.5588 -0.7940
vn -0.3212 0.5659 -0.7593
vn -0.4469 0.5924 -0.6703
vn -0.4492 0.5941 -0.6673
vn -0.4213 0.5805 -0.6968
vn -0.3668 -0.1496 -0.9182
vn -0.3665 -0.1501 -0.9182
vn -0.3662 -0.1502 -0.9183
vn -0.3865 0.3166 -0.8663
vn -0.3906 0.1949 -0.8997
vn -0.3657 -0.1365 -0.9207
vn -0.3635 -0.1529 -0.9189
vn -0.3327 -0.1787 -0.9259
vn -0.3269 0.2561 -0.9097
vn -0.4916 -0.0000 -0.8708
vn -0.4244 0.0000 -0.9055
vn -0.3720 0.0000 -0.9282
vn -0.3180 -0.0000 -0.9481
vn -0.3101 0.0000 -0.9507
vn -0.2126 -0.2369 -0.9480
vn -0.3627 -0.1560 -0.9188
vn -0.2229 -0.2921 -0.9301
vn -0.1553 -0.3390 -0.9279
vn -0.1472 -0.3454 -0.9268
vn -0.0109 -0.4192 -0.9078
vn 0.0260 -0.3272 -0.9446
vn -0.1874 -0.2460 -0.9510
vn -0.1893 0.2040 -0.9605
vn 0.0272 0.1388 -0.9899
vn 0.0272 0.1412 -0.9896
vn -0.4847 -0.2862 -0.8266
vn -0.4849 -0.2861 -0.8264
vn -0.4841 0.1233 -0.8663
vn -0.4400 -0.4066 -0.8007
vn -0.5066 -0.3614 -0.7828
vn -0.8677 -0.2083 -0.4514
vn -0.8618 -0.1660 -0.4793
vn -0.8615 0.0715 -0.5027
vn 0.0223 0.5784 -0.8154
vn -0.4870 0.5053 -0.7124
vn -0.8623 0.2930 -0.4130
vn -0.8639 0.4473 -0.2316
vn -0.8679 -0.2082 -0.4511
vn -0.8661 -0.2724 -0.4191
vn -0.4998 -0.4720 -0.7262
vn -0.8660 -0.3673 -0.3393
vn -0.5000 -0.6361 -0.5877
vn -0.8660 -0.4395 -0.2385
vn -0.5000 -0.7611 -0.4131
vn -0.8660 -0.4846 -0.1230
vn -0.8660 -0.5000 -0.0000
vn -0.5000 -0.8394 -0.2131
vn -0.5000 -0.8660 -0.0000
vn -0.5000 -0.8394 0.2131
vn -0.8660 -0.4846 0.1230
vn -0.5000 -0.7611 0.4131
vn -0.8660 -0.4395 0.2385
vn -0.8660 -0.3673 0.3393
vn -0.8661 -0.2724 0.4191
vn -0.8679 -0.2082 0.4511
vn -0.8618 -0.1660 0.4793
vn -0.8677 -0.2083 0.4514
vn -0.4849 -0.2861 0.8264
vn -0.4841 0.1236 0.8662
vn -0.8615 0.0717 0.5027
vn -0.0000 -0.8789 0.4770
vn -0.0002 -0.9692 0.2461
vn 0.0000 -0.8789 0.4770
vn 0.0000 -0.8789 0.4770
vn 0.0000 -0.8789 0.4770
vn 0.0000 -0.9693 0.2460
vn -0.0000 -0.9692 0.2462
vn -0.0000 -0.9692 0.2461
vn -0.7072 -0.6853 0.1740
vn -0.7070 -0.6216 0.3374
vn -0.7071 -0.6215 0.3373
vn -0.7071 -0.6215 0.3373
vn -0.7071 -0.6854 0.1739
vn -0.7071 -0.6853 0.1741
vn -0.7071 -0.7071 -0.0000
vn -0.7066 -0.7076 -0.0000
vn -1.0000 0.0000 0.0000
vn -1.0000 -0.0000 0.0000
vn -1.0000 -0.0000 -0.0000
vn -0.7072 -0.6852 -0.1741
vn -0.7071 -0.6853 -0.1741
vn -0.7071 -0.6854 -0.1739
vn -0.7071 0.6992 0.1057
vn -0.7070 0.7072 -0.0000
vn -0.7070 0.7072 -0.0000
vn -0.7071 0.6992 0.1058
vn -0.7071 0.6991 -0.1058
vn -0.7071 0.6991 -0.1058
vn 0.0000 0.9887 0.1496
vn 0.0000 1.0000 -0.0000
vn 0.0000 0.9887 0.1496
vn 0.0000 0.9887 -0.1496
vn 0.0000 0.9887 -0.1496
vn 0.7071 0.6991 -0.1058
vn 0.7070 0.7073 0.0000
vn 0.7070 0.7073 0.0000
vn 0.7071 0.6991 -0.1058
vn 0.7071 0.6992 0.1058
vn 0.7071 0.6992 0.1058
vn 0.7069 0.5493 0.4456
vn 0.7071 0.5490 0.4456
vn 0.0000 0.7766 0.6300
vn 0.0000 0.3498 0.9368
vn 0.7069 0.2474 0.6627
vn 0.7069 0.2475 0.6626
vn 0.7068 -0.1228 0.6966
vn 0.7071 -0.1228 0.6964
vn 0.7071 -0.1228 0.6964
vn 0.7071 -0.1228 0.6964
vn 0.0000 -0.1737 0.9848
vn 0.0001 -0.1737 0.9848
vn 0.0000 -0.1736 0.9848
vn -0.0000 -0.1736 0.9848
vn -0.7071 -0.1228 0.6964
vn -0.7071 -0.1228 0.6964
vn -0.7071 -0.1228 0.6964
vn -0.7071 -0.1228 0.6964
vn -0.7070 0.2475 0.6625
vn -0.7070 0.2473 0.6626
vn -0.7071 0.5490 0.4456
vn -0.7070 0.5491 0.4456
vn -0.7071 0.2334 0.6675
vn -0.7071 0.2334 0.6675
vn -0.7072 0.5299 0.4681
vn -0.7071 0.5300 0.4681
vn 0.0000 0.7496 0.6619
vn 0.0000 0.3301 0.9440
vn 0.0000 0.7496 0.6619
vn 0.7071 0.2333 0.6676
vn 0.7071 0.2333 0.6676
vn 0.7071 0.5300 0.4681
vn 0.7071 0.5299 0.4682
vn 0.7071 0.6912 0.1493
vn 0.7071 0.6912 0.1493
vn 0.7072 0.6257 0.3291
vn 0.7072 0.6257 0.3291
vn -0.0000 0.9775 0.2111
vn 0.0008 0.9775 0.2111
vn -0.0000 0.8850 0.4656
vn 0.0017 0.8873 0.4612
vn 0.0000 0.8850 0.4656
vn 0.7072 0.5144 0.4850
vn 0.7072 0.5124 0.4872
vn 0.0042 0.7293 0.6841
vn 0.0001 0.7276 0.6860
vn 0.0000 0.7344 0.6787
vn 0.0000 0.7276 0.6860
vn -0.7071 0.6274 0.3261
vn -0.7071 0.5193 0.4799
vn -0.7071 0.5193 0.4799
vn -0.7071 0.6258 0.3292
vn -0.7071 0.6274 0.3261
vn -0.7071 0.6912 0.1492
vn -0.7071 0.6912 0.1493
vn -0.7072 0.3744 0.5998
vn -0.7072 0.3744 0.5998
vn -0.7071 0.5145 0.4850
vn -0.8558 0.5174 0.0004
vn -1.0000 0.0029 -0.0000
vn -0.8561 0.5168 0.0004
vn -0.7066 0.3753 0.5999
vn -0.7066 0.3782 0.5981
vn -0.7071 -0.3848 -0.5933
vn -0.7071 -0.3853 -0.5929
vn -0.7071 -0.3853 -0.5930
vn -0.7071 -0.3848 -0.5933
vn -0.7227 -0.0265 -0.6907
vn -0.7298 -0.0548 -0.6815
vn -0.7405 -0.1674 -0.6509
vn -0.7184 -0.0200 -0.6953
vn -0.7071 -0.5194 -0.4798
vn -0.7071 -0.5193 -0.4799
vn -0.0039 -0.5615 -0.8275
vn -0.0001 -0.5442 -0.8390
vn -0.0006 -0.5449 -0.8385
vn -0.0000 -0.5449 -0.8385
vn -0.0012 -0.5342 -0.8454
vn -0.0000 -0.7345 -0.6786
vn 0.0000 -0.7345 -0.6786
vn -0.0171 -0.4824 -0.8758
vn -0.0067 -0.5241 -0.8516
vn -0.0222 -0.5859 -0.8101
vn -0.0107 -0.5760 -0.8174
vn -0.6220 0.1836 -0.7612
vn -0.6381 0.1593 -0.7533
vn -0.6690 0.1039 -0.7360
vn -0.6191 0.1859 -0.7630
vn -0.0761 -0.5634 -0.8227
vn -0.5586 0.2702 -0.7842
vn -0.7451 -0.0460 -0.6654
vn -0.0270 -0.5628 -0.8261
vn -0.0270 -0.5628 -0.8261
vn -0.0270 -0.5628 -0.8261
vn -0.0507 -0.5830 -0.8109
vn -0.0270 -0.5628 -0.8261
vn -0.0508 -0.5830 -0.8109
vn -0.0508 -0.5830 -0.8109
vn -0.0507 -0.5830 -0.8109
vn -0.0507 -0.5830 -0.8109
vn -0.0508 -0.5830 -0.8109
vn -0.0505 -0.5831 -0.8108
vn -0.0499 -0.5834 -0.8107
vn -0.0477 -0.5844 -0.8101
vn -0.0431 -0.5861 -0.8091
vn -0.0361 -0.5877 -0.8083
vn -0.5345 0.2937 -0.7925
vn -0.5580 0.2668 -0.7858
vn -0.5974 0.2160 -0.7723
vn -0.5836 0.2339 -0.7776
vn -0.5775 0.2416 -0.7799
vn -0.5758 0.2437 -0.7805
vn -0.5750 0.2447 -0.7807
vn -0.5750 0.2447 -0.7807
vn -0.5750 0.2447 -0.7807
vn -0.5750 0.2447 -0.7807
vn -0.5645 0.2081 -0.7988
vn -0.5645 0.2081 -0.7988
vn -0.5750 0.2447 -0.7807
vn -0.5645 0.2081 -0.7988
vn -0.5749 0.2447 -0.7808
vn -0.6491 0.7607 0.0003
vn -0.6205 0.7842 0.0002
vn -0.5172 0.8559 -0.0001
vn -0.5168 0.8561 0.0001
vn -0.6071 0.7946 0.0003
vn -0.6485 0.7612 0.0004
vn -0.8336 0.5524 0.0004
vn -0.8162 0.5778 0.0004
vn -0.4912 0.7090 0.5060
vn -0.3635 0.7953 0.4851
vn -0.3331 0.8100 0.4826
vn -0.3358 0.8080 0.4842
vn -0.4053 0.7704 0.4922
vn -0.4958 0.7025 0.5105
vn -0.5898 0.6015 0.5389
vn -0.5241 0.6793 0.5137
vn -0.0003 0.4957 0.8685
vn -0.0001 0.5121 0.8589
vn 0.0044 0.5462 0.8376
vn 0.0121 0.5615 0.8274
vn 0.0248 0.5716 0.8201
vn -0.0001 0.5169 0.8561
vn -0.0000 0.5283 0.8491
vn 0.0000 0.5283 0.8491
vn 0.0000 0.2683 0.9633
vn 0.0000 0.2683 0.9633
vn -0.0000 0.5169 0.8560
vn -0.0002 0.4681 0.8837
vn 0.0000 0.4339 0.9010
vn 0.0000 0.2684 0.9633
vn 0.0000 0.5169 0.8560
vn -0.0000 0.5296 0.8482
vn 0.7071 0.1897 0.6812
vn 0.7070 0.3656 0.6054
vn 0.7071 0.3655 0.6053
vn 0.7071 0.3655 0.6053
vn 0.7071 0.1897 0.6812
vn 0.7071 0.5145 0.4850
vn 0.7071 0.1897 0.6812
vn 0.7072 -0.0000 0.7070
vn 0.7072 -0.0000 0.7070
vn 0.7073 -0.1897 0.6810
vn 0.7071 -0.1898 0.6811
vn 0.0000 -0.2683 0.9633
vn -0.0000 -0.2683 0.9633
vn 0.0000 -0.0000 1.0000
vn -0.0000 0.0001 1.0000
vn -0.0000 -0.2226 0.9749
vn -0.0000 -0.2684 0.9633
vn -0.0000 0.2226 0.9749
vn 0.2193 -0.1830 0.9583
vn 0.1254 -0.2128 0.9690
vn 0.2153 -0.0031 0.9765
vn 0.1254 0.2128 0.9690
vn 0.2193 0.1829 0.9584
vn 0.1209 -0.4296 0.8949
vn -0.0000 -0.4339 0.9010
vn -0.0002 -0.4667 0.8844
vn -0.0004 -0.4906 0.8714
vn -0.0000 -0.5169 0.8560
vn -0.0000 -0.5169 0.8560
vn 0.7071 -0.1897 0.6812
vn 0.7071 -0.3655 0.6053
vn 0.7073 -0.3654 0.6051
vn -0.0002 -0.7276 0.6860
vn -0.0002 -0.7277 0.6859
vn 0.7072 -0.5145 0.4850
vn 0.7072 -0.5145 0.4850
vn -0.0002 -0.8850 0.4656
vn -0.0002 -0.8850 0.4656
vn 0.7071 -0.6258 0.3293
vn 0.7071 -0.6258 0.3292
vn 0.7071 -0.6912 0.1493
vn 0.7071 -0.6912 0.1492
vn 0.7065 -0.7078 0.0000
vn 0.7068 -0.7074 0.0000
vn 0.7071 -0.6912 -0.1492
vn 0.7071 -0.6912 -0.1493
vn -0.0005 -1.0000 0.0000
vn -0.0000 -0.9775 -0.2111
vn 0.0000 -0.9775 -0.2111
vn -0.0002 -1.0000 0.0000
vn -0.0000 -0.9775 0.2111
vn -0.0000 -0.9775 0.2111
vn -1.0000 0.0000 0.0000
vn -1.0000 0.0000 0.0000
vn -1.0000 -0.0000 0.0000
vn -1.0000 0.0000 -0.0000
vn -1.0000 0.0000 -0.0000
vn -1.0000 0.0000 -0.0000
vn -1.0000 -0.0000 -0.0000
vn -1.0000 0.0000 -0.0000
vn -1.0000 -0.0000 0.0000
vn -1.0000 0.0000 -0.0000
vn -1.0000 -0.0000 0.0000
vn -1.0000 -0.0000 -0.0000
vn -1.0000 -0.0000 0.0000
vn -1.0000 -0.0000 -0.0000
vn -1.0000 -0.0000 -0.0000
vn -1.0000 -0.0000 -0.0000
vn -0.0001 -0.8850 -0.4656
vn -0.0001 -0.7276 -0.6860
vn 0.0000 -0.7276 -0.6860
vn 0.7071 -0.6258 -0.3292
vn 0.7071 -0.6258 -0.3293
vn 0.7071 -0.5146 -0.4851
vn 0.7071 -0.5145 -0.4851
vn 0.7071 -0.3655 -0.6053
vn 0.7071 -0.5145 -0.4851
vn 0.7071 -0.3655 -0.6053
vn 0.0000 -0.5169 -0.8560
vn 0.0000 -0.5169 -0.8560
vn 0.0000 -0.5169 -0.8560
vn 0.7071 -0.1897 -0.6811
vn 0.7071 -0.3655 -0.6053
vn 0.7071 -0.1896 -0.6812
vn -0.0000 -0.2683 -0.9633
vn 0.0000 -0.2683 -0.9633
vn -0.0003 -0.4905 -0.8714
vn -0.0002 -0.4667 -0.8844
vn 0.0000 -0.4339 -0.9010
vn 0.0000 -0.2684 -0.9633
vn 0.0000 -1.0000 0.0000
vn -0.4362 0.4976 0.7498
vn 0.1375 0.3741 0.9171
vn 0.0199 -0.5690 -0.8221
vn 0.0748 -0.5556 -0.8281
vn 0.0828 -0.5482 -0.8323
vn 0.0898 -0.5402 -0.8367
vn 0.0970 -0.5304 -0.8422
vn 0.1044 -0.5180 -0.8490
vn 0.1119 -0.5011 -0.8581
vn 0.1199 -0.4768 -0.8708
vn 0.1273 -0.4456 -0.8861
vn 0.1302 -0.4338 -0.8915
vn 0.1314 -0.4306 -0.8929
vn 0.1319 -0.4298 -0.8933
vn 0.1321 -0.4295 -0.8933
vn 0.1322 -0.4294 -0.8934
vn 0.1323 -0.4294 -0.8934
vn 0.1323 -0.4293 -0.8934
vn 0.1323 -0.4293 -0.8934
vn 0.1323 -0.4293 -0.8934
vn 0.0552 -0.4900 -0.8700
vn 0.0552 -0.4900 -0.8700
vn 0.0552 -0.4900 -0.8700
vn 0.1326 -0.4284 -0.8938
vn 0.1209 -0.4296 -0.8949
vn -0.0000 -0.2226 -0.9749
vn 0.1254 -0.2128 -0.9690
vn -0.0000 0.0001 -1.0000
vn -0.0000 -0.0000 -1.0000
vn 0.7071 -0.1897 -0.6812
vn 0.7072 -0.0000 -0.7070
vn 0.7072 -0.0000 -0.7070
vn 0.7072 0.1897 -0.6811
vn 0.7072 0.1926 -0.6803
vn 0.0750 0.2673 -0.9607
vn -0.0000 0.2683 -0.9633
vn 0.0000 0.2226 -0.9749
vn -0.0000 0.2684 -0.9633
vn 0.7071 0.1897 -0.6812
vn 0.7071 0.3655 -0.6053
vn 0.7071 0.3656 -0.6053
vn -0.0000 0.4339 -0.9010
vn -0.0002 0.4681 -0.8837
vn -0.0003 0.4957 -0.8685
vn -0.0001 0.5121 -0.8589
vn 0.0044 0.5462 -0.8376
vn 0.0248 0.5716 -0.8201
vn 0.0121 0.5615 -0.8274
vn -0.4912 0.7090 -0.5060
vn -0.5241 0.6793 -0.5137
vn -0.5897 0.6015 -0.5389
vn -0.4958 0.7025 -0.5105
vn -0.4053 0.7703 -0.4922
vn -0.3358 0.8080 -0.4842
vn -0.3331 0.8100 -0.4826
vn -0.3636 0.7953 -0.4851
vn 0.0800 0.5509 -0.8307
vn 0.0702 0.5594 -0.8259
vn 0.0399 0.5733 -0.8184
vn -0.2346 0.8433 -0.4836
vn -0.2319 0.8446 -0.4825
vn -0.2667 0.8351 -0.4811
vn -0.2042 0.8498 -0.4859
vn -0.1339 0.8582 -0.4955
vn -0.1301 0.8595 -0.4942
vn -0.1815 0.8544 -0.4868
vn 0.1205 0.4307 -0.8944
vn 0.0433 0.8064 -0.5898
vn -0.0024 0.6876 -0.7261
vn 0.0546 0.4924 -0.8687
vn 0.0546 0.4924 -0.8687
vn 0.1323 0.4293 -0.8934
vn 0.0546 0.4924 -0.8687
vn 0.1323 0.4293 -0.8934
vn 0.1323 0.4293 -0.8934
vn 0.1323 0.4293 -0.8934
vn 0.1323 0.4294 -0.8934
vn 0.1322 0.4294 -0.8934
vn 0.1321 0.4296 -0.8933
vn 0.1318 0.4299 -0.8932
vn 0.1311 0.4313 -0.8926
vn 0.1296 0.4362 -0.8905
vn 0.1256 0.4535 -0.8824
vn 0.1208 0.4734 -0.8725
vn 0.1158 0.4904 -0.8638
vn 0.1109 0.5039 -0.8566
vn 0.1061 0.5146 -0.8509
vn 0.1014 0.5233 -0.8461
vn -0.1175 0.8586 -0.4990
vn -0.1005 0.8582 -0.5033
vn -0.0830 0.8567 -0.5090
vn -0.0650 0.8539 -0.5164
vn -0.0464 0.8499 -0.5248
vn -0.0266 0.8467 -0.5314
vn -0.0170 0.8460 -0.5329
vn -0.0125 0.8460 -0.5331
vn -0.0105 0.8460 -0.5331
vn -0.0093 0.8461 -0.5330
vn -0.0086 0.8461 -0.5329
vn -0.0084 0.8461 -0.5329
vn -0.0090 0.8460 -0.5331
vn -0.0592 0.8403 -0.5388
vn -0.0097 0.8459 -0.5333
vn -0.0592 0.8403 -0.5388
vn -0.0592 0.8403 -0.5388
vn -0.0592 0.8403 -0.5388
vn -0.0287 0.8439 -0.5358
vn -0.0068 0.8460 -0.5331
vn -0.0804 0.8586 -0.5064
vn -0.3995 0.9167 0.0002
vn -0.3266 0.9452 0.0002
vn -0.2546 0.9670 0.0001
vn -0.2545 0.9671 0.0002
vn -0.3451 0.9386 0.0003
vn -0.3997 0.9166 0.0003
vn -0.1457 0.9893 -0.0000
vn -0.1253 0.9921 -0.0000
vn -0.1253 0.9921 0.0000
vn -0.1655 0.9862 0.0000
vn 0.0070 0.8460 -0.5331
vn 0.0068 0.8459 -0.5333
vn 0.1254 0.2128 -0.9690
vn 0.2193 0.1830 -0.9583
vn 0.2264 0.3735 -0.8996
vn 0.1372 0.4265 -0.8940
vn 0.0349 0.8186 -0.5733
vn 0.0197 0.8327 -0.5533
vn 0.0344 0.8184 -0.5736
vn 0.3200 0.0403 -0.9466
vn 0.4013 0.0850 -0.9120
vn 0.2814 0.3184 -0.9052
vn 0.2153 -0.0031 -0.9765
vn 0.2931 -0.0032 -0.9561
vn 0.3200 -0.0403 -0.9466
vn 0.2193 -0.1830 -0.9583
vn 0.1372 -0.4265 -0.8940
vn 0.2264 -0.3735 -0.8996
vn 0.2814 -0.3184 -0.9052
vn 0.4013 -0.0850 -0.9120
vn 0.0343 -0.8184 -0.5736
vn 0.0197 -0.8329 -0.5531
vn 0.0067 -0.8463 -0.5327
vn 0.0070 -0.8457 -0.5337
vn 0.0349 -0.8185 -0.5734
vn 0.0395 -0.8141 -0.5794
vn 0.0967 -0.7511 -0.6531
vn 0.1039 -0.7530 -0.6497
vn -0.2649 -0.6921 -0.6715
vn 0.3416 -0.3307 -0.8798
vn 0.0252 -0.7432 -0.6686
vn 0.0723 -0.7491 -0.6585
vn 0.0754 -0.7495 -0.6577
vn -0.0936 -0.8120 -0.5761
vn 0.0754 -0.7495 -0.6577
vn -0.0936 -0.8120 -0.5761
vn -0.0936 -0.8120 -0.5761
vn -0.0936 -0.8120 -0.5761
vn -0.0936 -0.8120 -0.5761
vn 0.0754 -0.7496 -0.6576
vn -0.0936 -0.8120 -0.5761
vn 0.0744 -0.7489 -0.6585
vn 0.0756 -0.7495 -0.6576
vn 0.0859 -0.7508 -0.6549
vn -0.2049 -0.7116 -0.6721
vn -0.1695 0.0033 -0.9855
vn 0.3766 -0.0858 -0.9224
vn 0.3622 -0.0862 -0.9281
vn 0.0489 -0.0406 -0.9980
vn 0.0489 -0.0406 -0.9980
vn 0.0489 -0.0406 -0.9980
vn 0.0489 -0.0406 -0.9980
vn 0.3626 -0.0867 -0.9279
vn 0.0489 -0.0406 -0.9980
vn 0.3624 -0.0900 -0.9277
vn 0.3619 -0.0861 -0.9282
vn 0.3611 -0.0862 -0.9285
vn 0.3578 -0.0863 -0.9298
vn 0.2918 -0.0880 -0.9524
vn -0.0847 -0.0898 -0.9924
vn -0.4766 -0.6718 -0.5670
vn -0.4720 -0.6731 -0.5693
vn -0.2293 -0.7091 -0.6668
vn -0.4713 -0.0778 -0.8785
vn -0.5516 -0.0732 -0.8309
vn -0.5945 0.0027 -0.8041
vn -0.5516 0.0732 -0.8309
vn -0.4713 0.0778 -0.8785
vn -0.0847 0.0898 -0.9924
vn -0.2649 0.6922 -0.6714
vn 0.3421 0.3311 -0.8794
vn 0.2918 0.0880 -0.9524
vn 0.3578 0.0863 -0.9298
vn 0.3611 0.0862 -0.9285
vn 0.3619 0.0861 -0.9282
vn 0.3620 0.0862 -0.9282
vn 0.0488 0.0406 -0.9980
vn 0.0488 0.0406 -0.9980
vn 0.0488 0.0406 -0.9980
vn 0.3618 0.0862 -0.9283
vn 0.0488 0.0406 -0.9980
vn 0.0488 0.0406 -0.9980
vn 0.0488 0.0406 -0.9980
vn 0.3636 0.0863 -0.9275
vn 0.3623 0.0862 -0.9281
vn 0.3766 0.0857 -0.9224
vn -0.2293 0.7091 -0.6668
vn -0.4720 0.6731 -0.5693
vn -0.4766 0.6719 -0.5670
vn -0.2049 0.7116 -0.6721
vn -0.5208 0.6653 -0.5350
vn -0.6787 0.6373 -0.3649
vn -0.6667 0.6395 -0.3829
vn -0.2327 0.9725 -0.0000
vn -0.2662 0.9639 -0.0000
vn -0.2670 0.9637 -0.0000
vn -0.2675 0.9636 0.0000
vn -0.2677 0.9635 -0.0000
vn -0.2677 0.9635 -0.0000
vn -0.2656 0.9641 -0.0000
vn -0.2604 0.9655 -0.0000
vn -0.2525 0.9676 0.0000
vn -0.2327 0.9725 0.0000
vn 0.0967 0.7511 -0.6531
vn 0.1039 0.7530 -0.6497
vn 0.0860 0.7508 -0.6549
vn 0.0756 0.7496 -0.6576
vn -0.0930 0.8117 -0.5767
vn 0.0754 0.7495 -0.6577
vn -0.0930 0.8117 -0.5767
vn -0.0930 0.8117 -0.5767
vn 0.0764 0.7504 -0.6565
vn 0.0754 0.7495 -0.6577
vn 0.0754 0.7495 -0.6577
vn 0.0754 0.7495 -0.6577
vn 0.0724 0.7491 -0.6585
vn 0.0253 0.7432 -0.6686
vn 0.0395 0.8141 -0.5794
vn -0.2261 0.9741 0.0000
vn -0.4018 0.7234 0.5615
vn -0.4053 0.7225 0.5602
vn -0.3392 0.8432 0.4170
vn -0.3835 0.7649 0.5176
vn -0.3425 0.8424 0.4161
vn -0.3657 -0.1365 0.9207
vn -0.3662 -0.1502 0.9183
vn -0.3668 -0.1496 0.9182
vn -0.3906 0.1949 0.8997
vn -0.3865 0.3166 0.8663
vn -0.3530 0.5573 0.7515
vn -0.3152 0.6884 0.6533
vn -0.2158 0.9635 0.1586
vn -0.2128 0.9645 0.1563
vn -0.2232 0.9585 0.1771
vn -0.3081 0.8846 0.3500
vn -0.1765 0.9199 0.3503
vn -0.1563 0.9380 0.3094
vn -0.0000 1.0000 -0.0000
vn -0.7071 0.7071 0.0000
vn -0.7073 0.7069 0.0000
vn -0.9037 -0.0082 -0.4280
vn -0.6838 0.6754 -0.2761
vn -0.7071 0.7071 0.0000
vn 0.0000 1.0000 -0.0000
vn -0.0000 1.0000 0.0000
vn -0.6379 0.7071 0.3051
vn -0.6556 0.7071 0.2649
vn -0.6379 0.7071 0.3051
vn -0.4437 0.7071 0.5505
vn -0.5087 0.7071 0.4911
vn -0.4437 0.7071 0.5505
vn -0.9272 0.0000 0.3746
vn -0.7195 -0.0000 0.6945
vn -0.7194 0.0000 0.6946
vn -0.9021 -0.0011 0.4315
vn -0.9272 -0.0006 0.3746
vn -1.0000 0.0000 0.0000
vn -1.0000 -0.0000 -0.0000
vn -1.0000 -0.0001 0.0000
vn -0.9272 0.0006 0.3746
vn -0.9021 -0.0001 0.4315
vn -0.7194 -0.0000 0.6946
vn -0.4582 0.0000 0.8889
vn -0.2301 0.0000 0.9732
vn -0.2083 -0.0000 0.9781
vn -0.2008 0.0000 0.9796
vn -0.2008 0.0000 0.9796
vn -0.2008 -0.0000 0.9796
vn -0.2083 0.0000 0.9781
vn -0.2301 0.0000 0.9732
vn -0.4437 -0.7071 0.5506
vn -0.5087 -0.7071 0.4911
vn -0.6379 -0.7071 0.3051
vn -0.6379 -0.7071 0.3051
vn -0.4437 -0.7071 0.5505
vn -0.6556 -0.7071 0.2649
vn -0.7071 -0.7071 0.0000
vn -0.7071 -0.7071 0.0000
vn -0.0000 -1.0000 -0.0002
vn -0.0000 -1.0000 -0.0000
vn 0.0000 -1.0000 0.0000
vn 0.0000 -1.0000 0.0000
vn 0.0000 -1.0000 0.0000
vn 0.0001 -1.0000 -0.0002
vn 0.0001 -1.0000 -0.0002
vn -0.0000 -1.0000 -0.0002
vn -0.9917 -0.0339 0.1243
vn -0.6838 -0.6748 -0.2775
vn -0.7071 -0.7071 -0.0000
vn -0.1563 -0.9380 0.3094
vn -0.1764 -0.9199 0.3503
vn -0.1436 -0.9054 0.3995
vn -0.3392 -0.8433 0.4169
vn -0.3081 -0.8847 0.3499
vn -0.2232 -0.9585 0.1772
vn -0.2128 -0.9646 0.1559
vn -0.2158 -0.9635 0.1586
vn -0.3425 -0.8423 0.4161
vn -0.3152 -0.6884 0.6533
vn -0.2596 -0.6409 0.7224
vn -0.3530 -0.5573 0.7515
vn -0.3865 -0.3166 0.8663
vn -0.3269 -0.2561 0.9097
vn -0.1893 -0.2040 0.9605
vn -0.1526 -0.6141 0.7743
vn -0.0848 -0.8988 0.4301
vn 0.0272 -0.1389 0.9899
vn 0.0272 -0.1412 0.9896
vn 0.0223 -0.5784 0.8154
vn 0.0223 -0.5802 0.8142
vn 0.0126 -0.8880 0.4597
vn 0.0124 -0.8905 0.4548
vn -0.4870 -0.5053 0.7124
vn -0.4929 -0.7727 0.4000
vn -0.4841 -0.1236 0.8662
vn 0.0260 0.3271 0.9446
vn -0.4847 0.2862 0.8266
vn -0.4849 0.2861 0.8264
vn -0.8618 0.1659 0.4793
vn -0.8615 -0.0716 0.5027
vn -0.8623 -0.2930 0.4131
vn -0.5066 0.3610 0.7829
vn -0.8677 0.2083 0.4513
vn -0.8679 0.2082 0.4511
vn -0.5063 0.3614 0.7830
vn -0.8668 0.2639 0.4231
vn -0.0110 0.4190 0.9079
vn -0.0174 0.4786 0.8779
vn -0.0084 0.5201 0.8540
vn -0.2229 0.2921 0.9301
vn -0.1553 0.3390 0.9279
vn -0.1474 0.3445 0.9271
vn -0.1874 0.2460 0.9510
vn -0.2126 0.2369 0.9480
vn -0.1417 0.3717 0.9175
vn -0.1374 0.3977 0.9072
vn -0.1351 0.4109 0.9016
vn -0.1338 0.4178 0.8986
vn -0.1331 0.4214 0.8970
vn -0.0632 0.5058 0.8603
vn -0.0632 0.5058 0.8603
vn -0.0632 0.5058 0.8603
vn -0.1329 0.4223 0.8967
vn -0.1329 0.4223 0.8967
vn -0.1329 0.4223 0.8967
vn -0.1124 0.5003 0.8585
vn -0.0804 0.5585 0.8256
vn -0.5179 -0.3100 0.7973
vn -0.4939 -0.3349 0.8024
vn -0.3971 -0.4261 0.8129
vn -0.3244 -0.4942 0.8066
vn -0.3244 -0.4942 0.8066
vn -0.3560 -0.1482 0.9227
vn -0.3560 -0.1482 0.9227
vn -0.3560 -0.1482 0.9227
vn -0.3243 -0.4942 0.8066
vn -0.3238 -0.4948 0.8064
vn -0.3211 -0.4974 0.8059
vn -0.3161 -0.5024 0.8048
vn -0.3070 -0.5114 0.8026
vn -0.2900 -0.5287 0.7977
vn -0.2668 -0.5484 0.7925
vn -0.2687 -0.5481 0.7921
vn -0.4969 -0.3338 0.8011
vn -0.5211 -0.3084 0.7959
vn -0.2394 -0.5589 0.7939
vn -0.2399 -0.5588 0.7939
vn -0.0716 0.5678 0.8200
vn -0.0570 0.5794 0.8130
vn -0.0532 0.5817 0.8117
vn -0.0512 0.5828 0.8110
vn -0.0509 0.5829 0.8110
vn -0.0508 0.5830 0.8109
vn -0.0278 0.5654 0.8244
vn -0.0278 0.5654 0.8244
vn -0.0508 0.5830 0.8109
vn -0.0507 0.5830 0.8109
vn -0.0502 0.5832 0.8108
vn -0.0422 0.5864 0.8089
vn -0.0175 0.5832 0.8121
vn -0.6835 -0.0781 0.7258
vn -0.6885 -0.0634 0.7225
vn -0.5999 -0.2126 0.7713
vn -0.5765 -0.2428 0.7802
vn -0.5749 -0.2447 0.7807
vn -0.4760 0.0509 0.8779
vn -0.4760 0.0509 0.8779
vn -0.4760 0.0509 0.8779
vn -0.5749 -0.2447 0.7808
vn -0.5749 -0.2448 0.7808
vn -0.5745 -0.2453 0.7809
vn -0.5737 -0.2462 0.7812
vn -0.5680 -0.2533 0.7831
vn -0.5576 -0.2657 0.7865
vn -0.4295 -0.9031 0.0002
vn -0.4495 -0.8933 0.0001
vn -0.7369 -0.6760 -0.0005
vn -0.7373 -0.6756 -0.0004
vn -0.4632 -0.8862 0.0002
vn -0.4298 -0.9029 0.0003
vn -0.2203 -0.8466 -0.4846
vn -0.4350 -0.7507 -0.4973
vn -0.4294 -0.7560 -0.4940
vn -0.2176 -0.8479 -0.4834
vn -0.2031 -0.8508 -0.4847
vn -0.0068 -0.8460 -0.5331
vn -0.0068 -0.8460 -0.5331
vn -0.0167 -0.8041 -0.5943
vn -0.0351 -0.7550 -0.6547
vn -0.0098 -0.8459 -0.5333
vn -0.0096 -0.8459 -0.5332
vn -0.0092 -0.8460 -0.5331
vn -0.0086 -0.8461 -0.5330
vn -0.0083 -0.8461 -0.5329
vn -0.0091 -0.8461 -0.5330
vn -0.0101 -0.8460 -0.5331
vn -0.0116 -0.8460 -0.5330
vn -0.0151 -0.8460 -0.5330
vn -0.0226 -0.8463 -0.5322
vn -0.0384 -0.8484 -0.5280
vn -0.0684 -0.8545 -0.5149
vn -0.0966 -0.8580 -0.5044
vn -0.1236 -0.8586 -0.4976
vn -0.1490 -0.8572 -0.4929
vn -0.1729 -0.8547 -0.4894
vn -0.1956 -0.8513 -0.4868
vn -0.1655 -0.9862 0.0000
vn -0.1253 -0.9921 -0.0000
vn -0.1253 -0.9921 -0.0000
vn -0.1457 -0.9893 0.0000
vn -0.2327 -0.9726 -0.0000
vn -0.2261 -0.9741 -0.0000
vn -0.2327 -0.9725 -0.0000
vn -0.3212 -0.5659 0.7593
vn -0.4469 -0.5924 0.6704
vn -0.4492 -0.5941 0.6673
vn -0.4458 -0.5952 0.6686
vn -0.4498 -0.5941 0.6669
vn -0.4213 -0.5804 0.6969
vn -0.2525 -0.9676 0.0000
vn -0.2604 -0.9655 -0.0000
vn -0.2656 -0.9641 0.0000
vn -0.2677 -0.9635 0.0000
vn -0.2677 -0.9635 0.0000
vn -0.2675 -0.9636 0.0000
vn -0.2670 -0.9637 0.0000
vn -0.2662 -0.9639 -0.0000
vn -0.4054 -0.7225 0.5601
vn -0.4018 -0.7235 0.5614
vn -0.3835 -0.7649 0.5175
vn -0.3906 -0.1949 0.8997
vn -0.3668 0.1496 0.9182
vn -0.3253 0.1426 0.9348
vn -0.4219 0.1000 0.9011
vn -0.3635 0.1529 0.9189
vn -0.3327 0.1787 0.9259
vn -0.3665 0.1505 0.9182
vn -0.4916 0.0000 0.8708
vn -0.4244 -0.0000 0.9055
vn -0.3101 -0.0000 0.9507
vn -0.3627 0.1560 0.9188
vn -0.8639 -0.4473 0.2316
vn -0.8660 -0.5000 -0.0000
vn -0.8659 -0.5003 0.0000
vn -0.5004 -0.8658 -0.0000
vn -0.8660 -0.5000 -0.0000
vn -0.5000 -0.8660 -0.0000
vn -0.5000 -0.8660 0.0000
vn -0.8660 -0.5000 0.0000
vn -0.8660 -0.5000 0.0000
vn -0.5000 -0.8660 0.0000
vn -0.5000 -0.8660 0.0000
vn -0.0000 -1.0000 0.0000
vn 0.0001 -1.0000 0.0002
vn 0.0000 -1.0000 0.0000
vn 0.0000 -1.0000 0.0002
vn -0.0000 -1.0000 0.0002
vn 0.0001 -1.0000 0.0002
vn -0.9628 0.0000 0.2703
vn -1.0000 0.0000 0.0000
vn -0.9628 -0.0000 -0.2703
vn -0.8538 0.0000 0.5205
vn -0.6813 0.0000 0.7320
vn -0.1627 0.7071 0.6881
vn -0.1627 -0.7071 0.6882
vn -0.8538 -0.0000 -0.5205
vn -0.6813 -0.0000 -0.7320
vn -0.4582 -0.0000 -0.8888
vn -0.2301 -0.0000 -0.9732
vn -0.2083 0.0000 -0.9781
vn -0.2008 -0.0000 -0.9796
vn -0.2008 -0.0000 -0.9796
vn -0.2008 0.0000 -0.9796
vn -0.2083 -0.0000 -0.9781
vn -0.2301 -0.0000 -0.9732
vn -0.4437 -0.7071 -0.5505
vn -0.1627 -0.7071 -0.6881
vn -0.4437 -0.7071 -0.5505
vn -0.6379 -0.7071 -0.3051
vn -0.6379 -0.7071 -0.3051
vn -0.5087 -0.7071 -0.4911
vn -0.7071 -0.7071 0.0000
vn -0.7071 -0.7071 0.0000
vn -0.6556 -0.7071 -0.2649
vn -0.9272 -0.0000 -0.3747
vn -0.7195 0.0000 -0.6945
vn -0.7194 -0.0000 -0.6946
vn -0.9021 0.0011 -0.4315
vn -0.9272 0.0006 -0.3747
vn -1.0000 0.0000 0.0000
vn -1.0000 0.0000 0.0000
vn -0.7071 -0.7071 0.0000
vn -0.9040 0.0084 0.4275
vn -0.6839 -0.6740 0.2792
vn -1.0000 -0.0000 -0.0001
vn -1.0000 -0.0000 -0.0001
vn -1.0000 0.0000 0.0000
vn -0.9272 -0.0006 -0.3747
vn -0.6379 0.7071 -0.3051
vn -0.6556 0.7071 -0.2649
vn -0.6379 0.7071 -0.3051
vn -0.9021 0.0000 -0.4315
vn -0.7194 0.0000 -0.6946
vn -0.4437 0.7071 -0.5505
vn -0.5087 0.7071 -0.4911
vn -0.4437 0.7071 -0.5505
vn -0.1627 0.7071 -0.6881
vn -0.8825 0.0401 0.4687
vn -0.8925 0.0015 0.4510
vn -0.5516 0.0732 0.8309
vn -0.8147 0.0502 0.5777
vn -0.5945 0.0027 0.8041
vn -0.8147 -0.0502 0.5777
vn -0.5515 -0.0732 0.8309
vn -0.4720 -0.6731 0.5694
vn -0.5208 -0.6652 0.5350
vn -0.6788 -0.6373 0.3649
vn -0.6666 -0.6395 0.3829
vn -0.4765 -0.6719 0.5670
vn -0.1695 0.0033 0.9855
vn -0.4713 -0.0778 0.8785
vn -0.0847 -0.0899 0.9923
vn -0.1979 -0.7135 0.6721
vn -0.2292 -0.7091 0.6668
vn -0.2049 -0.7116 0.6721
vn -0.2327 -0.9726 0.0000
vn -0.2663 -0.9639 -0.0000
vn -0.2670 -0.9637 0.0000
vn -0.2675 -0.9636 -0.0000
vn -0.2677 -0.9635 -0.0000
vn -0.2677 -0.9635 -0.0000
vn -0.2656 -0.9641 -0.0000
vn -0.2604 -0.9655 0.0000
vn -0.2525 -0.9676 -0.0000
vn -0.2327 -0.9725 0.0000
vn 0.0967 -0.7511 0.6531
vn 0.4935 -0.3445 0.7986
vn 0.4399 -0.4151 0.7963
vn 0.0756 -0.7496 0.6576
vn -0.0936 -0.8120 0.5761
vn -0.0936 -0.8120 0.5761
vn 0.0753 -0.7495 0.6577
vn -0.0936 -0.8120 0.5761
vn -0.0936 -0.8120 0.5761
vn -0.0936 -0.8120 0.5761
vn -0.0936 -0.8120 0.5761
vn 0.0768 -0.7508 0.6560
vn 0.0753 -0.7495 0.6577
vn 0.0754 -0.7495 0.6577
vn 0.0723 -0.7491 0.6585
vn 0.0252 -0.7432 0.6686
vn -0.0485 -0.7337 0.6778
vn -0.0365 -0.0903 0.9952
vn 0.1861 -0.0899 0.9784
vn 0.2918 -0.0880 0.9524
vn 0.3578 -0.0863 0.9298
vn 0.3610 -0.0862 0.9286
vn 0.0485 -0.0406 0.9980
vn 0.3620 -0.0862 0.9282
vn 0.0485 -0.0406 0.9980
vn 0.0485 -0.0406 0.9980
vn 0.3618 -0.0862 0.9283
vn 0.0485 -0.0406 0.9980
vn 0.0485 -0.0406 0.9980
vn 0.0485 -0.0406 0.9980
vn 0.3620 -0.0860 0.9282
vn 0.3623 -0.0862 0.9281
vn 0.3200 -0.0403 0.9466
vn 0.2931 -0.0032 0.9561
vn 0.0342 -0.8184 0.5736
vn 0.0395 -0.8141 0.5794
vn 0.0349 -0.8185 0.5734
vn 0.2814 -0.3184 0.9052
vn 0.2264 -0.3735 0.8996
vn 0.1372 -0.4265 0.8940
vn 0.1376 -0.3723 0.9179
vn 0.0070 -0.8457 0.5336
vn 0.0067 -0.8463 0.5327
vn 0.0198 -0.8329 0.5531
vn -0.0068 -0.8460 0.5331
vn -0.0068 -0.8461 0.5330
vn -0.0082 -0.8458 0.5334
vn -0.2203 -0.8466 0.4846
vn -0.0872 -0.7992 0.5947
vn -0.1070 -0.8175 0.5660
vn -0.1491 -0.8572 0.4929
vn -0.1237 -0.8586 0.4976
vn -0.0967 -0.8580 0.5044
vn -0.0684 -0.8545 0.5149
vn -0.0385 -0.8484 0.5280
vn -0.0226 -0.8463 0.5322
vn -0.0152 -0.8460 0.5329
vn -0.0116 -0.8460 0.5330
vn -0.0101 -0.8460 0.5330
vn -0.0091 -0.8461 0.5330
vn -0.0083 -0.8462 0.5329
vn -0.0086 -0.8461 0.5330
vn -0.0092 -0.8460 0.5331
vn -0.0096 -0.8459 0.5332
vn -0.0350 -0.7551 0.6547
vn -0.0350 -0.7551 0.6547
vn -0.0350 -0.7551 0.6547
vn -0.2031 -0.8508 0.4846
vn -0.2176 -0.8479 0.4834
vn 0.0552 -0.4900 0.8700
vn 0.0552 -0.4900 0.8700
vn 0.1324 -0.4293 0.8934
vn 0.1323 -0.4293 0.8934
vn 0.1324 -0.4293 0.8934
vn 0.1323 -0.4293 0.8934
vn 0.1323 -0.4293 0.8934
vn 0.1322 -0.4294 0.8934
vn 0.1321 -0.4295 0.8934
vn 0.1319 -0.4298 0.8933
vn 0.1314 -0.4306 0.8929
vn 0.1302 -0.4338 0.8915
vn 0.1273 -0.4456 0.8861
vn 0.1199 -0.4768 0.8708
vn 0.1120 -0.5011 0.8581
vn 0.1044 -0.5180 0.8490
vn 0.0970 -0.5304 0.8422
vn 0.0748 -0.5556 0.8281
vn 0.0199 -0.5690 0.8221
vn 0.0000 -1.0000 0.0000
vn 0.1595 0.4996 -0.8515
vn 0.1376 0.3741 -0.9171
vn -0.4293 -0.7561 0.4940
vn -0.4350 -0.7507 0.4973
vn -0.4298 -0.9029 -0.0003
vn -0.4632 -0.8862 -0.0002
vn -0.7373 -0.6756 0.0004
vn -0.7369 -0.6760 0.0005
vn -0.4495 -0.8933 -0.0001
vn -0.4295 -0.9031 -0.0002
vn -0.5103 -0.2243 -0.8302
vn -0.4973 -0.1497 -0.8546
vn -0.5680 -0.2533 -0.7831
vn -0.5738 -0.2462 -0.7811
vn -0.5745 -0.2453 -0.7809
vn -0.5749 -0.2448 -0.7808
vn -0.4759 0.0512 -0.8780
vn -0.4759 0.0512 -0.8780
vn -0.4759 0.0512 -0.8780
vn -0.4759 0.0512 -0.8780
vn -0.5749 -0.2447 -0.7808
vn -0.5749 -0.2447 -0.7807
vn -0.5765 -0.2428 -0.7802
vn -0.5999 -0.2126 -0.7713
vn -0.6885 -0.0634 -0.7225
vn -0.6835 -0.0781 -0.7258
vn -0.5211 -0.3084 -0.7958
vn -0.0174 0.4786 -0.8779
vn -0.0175 0.5832 -0.8121
vn -0.0422 0.5864 -0.8089
vn -0.0502 0.5832 -0.8108
vn -0.0507 0.5830 -0.8109
vn -0.0278 0.5654 -0.8244
vn -0.0507 0.5830 -0.8109
vn -0.0508 0.5830 -0.8109
vn -0.0509 0.5829 -0.8110
vn -0.0512 0.5828 -0.8110
vn -0.0534 0.5815 -0.8118
vn -0.0804 0.5585 -0.8256
vn -0.5040 0.4518 -0.7361
vn -0.0110 0.4191 -0.9079
vn -0.5063 0.3614 -0.7830
vn -0.1123 0.5003 -0.8585
vn -0.1329 0.4223 -0.8967
vn -0.1329 0.4223 -0.8967
vn -0.0632 0.5058 -0.8604
vn -0.0632 0.5058 -0.8604
vn -0.1329 0.4223 -0.8967
vn -0.1331 0.4214 -0.8970
vn -0.1338 0.4178 -0.8986
vn -0.1351 0.4109 -0.9016
vn -0.1374 0.3977 -0.9072
vn -0.1417 0.3717 -0.9175
vn -0.1474 0.3445 -0.9271
vn -0.2126 0.2369 -0.9480
vn -0.1874 0.2460 -0.9510
vn 0.0260 0.3271 -0.9446
vn -0.1553 0.3390 -0.9279
vn -0.2229 0.2921 -0.9301
vn -0.5066 0.3612 -0.7829
vn -0.4847 0.2862 -0.8266
vn -0.8668 0.2639 -0.4231
vn -0.8677 0.2083 -0.4513
vn -0.8679 0.2082 -0.4510
vn -0.8618 0.1659 -0.4793
vn -0.8615 -0.0717 -0.5027
vn -0.8623 -0.2930 -0.4130
vn -0.4841 -0.1236 -0.8662
vn -0.4849 0.2861 -0.8264
vn -0.4870 -0.5053 -0.7124
vn 0.0272 -0.1412 -0.9896
vn 0.0223 -0.5784 -0.8154
vn 0.0272 -0.1389 -0.9899
vn -0.1893 -0.2040 -0.9605
vn -0.1526 -0.6141 -0.7743
vn 0.0223 -0.5801 -0.8142
vn -0.3269 -0.2561 -0.9097
vn -0.3327 0.1787 -0.9259
vn -0.2596 -0.6409 -0.7224
vn -0.1436 -0.9054 -0.3995
vn -0.0848 -0.8988 -0.4301
vn 0.0124 -0.8905 -0.4548
vn 0.0126 -0.8880 -0.4597
vn -0.4929 -0.7727 -0.4000
vn -0.5000 -0.8660 -0.0000
vn -0.5004 -0.8658 0.0000
vn -0.8660 -0.5000 0.0000
vn -0.8659 -0.5003 0.0000
vn -0.8639 -0.4473 -0.2316
vn -0.1765 -0.9199 -0.3503
vn -0.1563 -0.9380 -0.3094
vn -0.3425 -0.8423 -0.4162
vn -0.2158 -0.9635 -0.1586
vn -0.2129 -0.9645 -0.1560
vn -0.2233 -0.9585 -0.1771
vn -0.3081 -0.8847 -0.3499
vn -0.3392 -0.8433 -0.4169
vn -0.3833 -0.7649 -0.5177
vn -0.4017 -0.7234 -0.5615
vn -0.4053 -0.7225 -0.5602
vn -0.3865 -0.3166 -0.8663
vn -0.3530 -0.5573 -0.7515
vn -0.3152 -0.6884 -0.6533
vn -0.4149 0.1368 -0.8995
vn -0.4022 0.1213 -0.9075
vn -0.3662 0.1502 -0.9183
vn -0.3668 0.1496 -0.9182
vn -0.3906 -0.1949 -0.8997
vn -0.4458 -0.5952 -0.6686
vn -0.4498 -0.5941 -0.6668
vn -0.4492 -0.5941 -0.6673
vn -0.4469 -0.5924 -0.6703
vn -0.3213 -0.5659 -0.7593
vn -0.2395 -0.5588 -0.7939
vn -0.2399 -0.5588 -0.7938
vn -0.4213 -0.5804 -0.6969
vn -0.3664 0.1500 -0.9183
vn -0.3102 0.0000 -0.9507
vn -0.3181 -0.0000 -0.9481
vn -0.4917 0.0000 -0.8708
vn -0.3627 0.1560 -0.9188
vn -0.2687 -0.5481 -0.7921
vn -0.2668 -0.5484 -0.7925
vn -0.1457 -0.9893 0.0000
vn -0.1253 -0.9921 0.0000
vn -0.1253 -0.9921 0.0000
vn -0.1655 -0.9862 -0.0000
vn -0.2261 -0.9741 0.0000
vn -0.4969 -0.3338 -0.8010
vn -0.2900 -0.5287 -0.7977
vn -0.3071 -0.5114 -0.8026
vn -0.3161 -0.5024 -0.8048
vn -0.3211 -0.4974 -0.8059
vn -0.3238 -0.4948 -0.8064
vn -0.3557 -0.1471 -0.9230
vn -0.3557 -0.1471 -0.9230
vn -0.3557 -0.1471 -0.9230
vn -0.3244 -0.4942 -0.8065
vn -0.3244 -0.4942 -0.8065
vn -0.3244 -0.4942 -0.8065
vn -0.3971 -0.4261 -0.8128
vn -0.4939 -0.3349 -0.8024
vn 0.3200 0.0403 0.9466
vn 0.4928 0.3432 0.7996
vn 0.4401 0.4152 0.7962
vn 0.3623 0.0862 0.9281
vn 0.0485 0.0406 0.9980
vn 0.0485 0.0406 0.9980
vn 0.0485 0.0406 0.9980
vn 0.0485 0.0406 0.9980
vn 0.3626 0.0867 0.9279
vn 0.0485 0.0406 0.9980
vn 0.0485 0.0406 0.9980
vn 0.3632 0.0886 0.9275
vn 0.3620 0.0862 0.9282
vn 0.3619 0.0862 0.9282
vn 0.3611 0.0861 0.9285
vn 0.3578 0.0862 0.9298
vn 0.2918 0.0880 0.9524
vn 0.1862 0.0899 0.9784
vn -0.0364 0.0903 0.9952
vn -0.0847 0.0898 0.9924
vn -0.4713 0.0778 0.8785
vn -0.2049 0.7116 0.6721
vn -0.4766 0.6718 0.5670
vn -0.4720 0.6731 0.5693
vn -0.2293 0.7091 0.6668
vn -0.1979 0.7135 0.6721
vn -0.6667 0.6395 0.3829
vn -0.6787 0.6373 0.3649
vn -0.5208 0.6652 0.5350
vn -0.0485 0.7337 0.6778
vn 0.0252 0.7432 0.6686
vn 0.0723 0.7491 0.6585
vn 0.0754 0.7495 0.6577
vn 0.0753 0.7495 0.6577
vn 0.0753 0.7495 0.6577
vn -0.0930 0.8117 0.5767
vn -0.0930 0.8117 0.5767
vn -0.0930 0.8117 0.5767
vn 0.0754 0.7496 0.6576
vn -0.0930 0.8117 0.5767
vn -0.0930 0.8117 0.5767
vn 0.0748 0.7495 0.6577
vn 0.0756 0.7496 0.6576
vn 0.0967 0.7511 0.6531
vn 0.0349 0.8185 0.5735
vn 0.0395 0.8141 0.5794
vn 0.0343 0.8184 0.5737
vn -0.2261 0.9741 -0.0000
vn -0.1253 0.9921 0.0000
vn -0.1253 0.9921 -0.0000
vn 0.0199 0.8327 0.5534
vn 0.0069 0.8459 0.5333
vn 0.0068 0.8460 0.5331
vn 0.2264 0.3735 0.8996
vn 0.2814 0.3184 0.9052
vn 0.1205 0.4306 0.8944
vn 0.1323 0.4293 0.8934
vn 0.1372 0.4265 0.8940
vn 0.0800 0.5509 0.8307
vn -0.0870 0.8636 0.4967
vn -0.0299 0.8583 0.5122
vn 0.1109 0.5039 0.8566
vn 0.1157 0.4905 0.8637
vn 0.1208 0.4734 0.8725
vn 0.1256 0.4535 0.8824
vn 0.1296 0.4362 0.8905
vn 0.1311 0.4313 0.8926
vn 0.1318 0.4299 0.8932
vn 0.1321 0.4296 0.8933
vn 0.1322 0.4294 0.8934
vn 0.1323 0.4294 0.8934
vn 0.1323 0.4293 0.8934
vn 0.1323 0.4293 0.8934
vn 0.0546 0.4924 0.8687
vn 0.1323 0.4293 0.8934
vn 0.0546 0.4924 0.8687
vn 0.0546 0.4924 0.8687
vn 0.0546 0.4924 0.8687
vn 0.0546 0.4924 0.8687
vn 0.0399 0.5733 0.8183
vn 0.0702 0.5594 0.8259
vn -0.2319 0.8446 0.4825
vn -0.1815 0.8544 0.4868
vn -0.1301 0.8595 0.4943
vn -0.2042 0.8498 0.4859
vn -0.2346 0.8433 0.4836
vn -0.0805 0.8585 0.5064
vn -0.0068 0.8460 0.5331
vn -0.0068 0.8460 0.5331
vn -0.0290 0.8438 0.5358
vn -0.0591 0.8404 0.5388
vn -0.0099 0.8459 0.5333
vn -0.0591 0.8404 0.5388
vn -0.0095 0.8459 0.5332
vn -0.0090 0.8460 0.5331
vn -0.0085 0.8464 0.5325
vn -0.0086 0.8461 0.5330
vn -0.0093 0.8460 0.5330
vn -0.0105 0.8460 0.5331
vn -0.0125 0.8460 0.5331
vn -0.0170 0.8460 0.5329
vn -0.0268 0.8469 0.5311
vn -0.0464 0.8500 0.5248
vn -0.0651 0.8539 0.5164
vn -0.0830 0.8567 0.5090
vn -0.1006 0.8582 0.5033
vn -0.3997 0.9167 -0.0003
vn -0.3451 0.9386 -0.0003
vn -0.2545 0.9671 -0.0002
vn -0.2546 0.9670 -0.0001
vn -0.3266 0.9452 -0.0002
vn -0.3995 0.9167 -0.0002
vn -0.1656 0.9862 0.0000
vn -0.1457 0.9893 -0.0000
vn -0.4735 0.3809 -0.7942
vn -0.4847 0.3596 -0.7974
vn -0.3303 0.4885 -0.8077
vn -0.3244 0.4942 -0.8065
vn -0.3244 0.4942 -0.8065
vn -0.3244 0.4942 -0.8065
vn -0.3479 0.4560 -0.8191
vn -0.3479 0.4560 -0.8191
vn -0.3479 0.4560 -0.8191
vn -0.3244 0.4942 -0.8065
vn -0.3242 0.4944 -0.8065
vn -0.3209 0.4977 -0.8058
vn -0.2981 0.5205 -0.8001
vn -0.2654 0.5483 -0.7930
vn -0.2687 0.5478 -0.7923
vn -0.3501 0.4767 -0.8063
vn -0.4309 0.3983 -0.8097
vn -0.1397 -0.3841 -0.9127
vn -0.1338 -0.4175 -0.8988
vn -0.1329 -0.4220 -0.8968
vn -0.0622 -0.5085 -0.8588
vn -0.0622 -0.5085 -0.8588
vn -0.1329 -0.4223 -0.8967
vn -0.1329 -0.4223 -0.8967
vn -0.1329 -0.4223 -0.8967
vn -0.1329 -0.4223 -0.8967
vn -0.1313 -0.4301 -0.8932
vn -0.4743 0.3565 -0.8049
vn -0.5059 0.3227 -0.8000
vn -0.4824 0.8759 -0.0002
vn -0.4693 0.8830 -0.0001
vn -0.2667 0.8351 0.4811
vn -0.6667 -0.6395 -0.3829
vn -0.6787 -0.6373 -0.3649
vn -0.5208 -0.6652 -0.5350
vn -0.8146 -0.0502 -0.5778
vn -0.8825 -0.0401 -0.4687
vn -0.8925 0.0015 -0.4510
vn -1.0000 -0.0001 0.0001
vn -0.8146 0.0502 -0.5778
vn -1.0000 0.0000 0.0001
vn -0.3665 -0.1506 0.9181
vn -0.3101 -0.0000 0.9507
vn -0.3180 -0.0000 0.9481
vn -0.3720 0.0000 0.9282
vn -0.4244 -0.0000 0.9055
vn -0.4916 0.0000 0.8708
vn -0.5059 0.3227 0.8000
vn -0.5315 0.2953 0.7939
vn -0.5345 0.2937 0.7925
vn -0.4744 0.3565 0.8049
vn -0.5168 0.8561 -0.0001
vn -0.4693 0.8830 0.0001
vn -0.4824 0.8759 0.0002
vn -0.5172 0.8559 0.0001
vn -0.5749 0.2448 0.7808
vn -0.5645 0.2082 0.7988
vn -0.5645 0.2082 0.7988
vn -0.5749 0.2447 0.7808
vn -0.5749 0.2447 0.7808
vn -0.5749 0.2447 0.7808
vn -0.5749 0.2447 0.7807
vn -0.5749 0.2447 0.7808
vn -0.5749 0.2447 0.7808
vn -0.5757 0.2438 0.7805
vn -0.5774 0.2416 0.7799
vn -0.5835 0.2339 0.7777
vn -0.6219 0.1836 0.7612
vn -0.5579 0.2668 0.7858
vn -0.6485 0.7612 -0.0004
vn -0.6071 0.7946 -0.0003
vn -0.6205 0.7842 -0.0002
vn -0.6491 0.7607 -0.0003
vn -0.6690 0.1038 0.7360
vn -0.6381 0.1592 0.7533
vn -0.8162 0.5778 -0.0004
vn -0.8336 0.5524 -0.0004
vn -0.0000 -0.8789 -0.4770
vn 0.0000 -0.8789 -0.4770
vn 0.0000 -0.8789 -0.4770
vn 0.0000 -0.8789 -0.4770
vn -0.0002 -0.9692 -0.2461
vn 0.0001 -0.9693 -0.2460
vn 0.0000 -0.9692 -0.2462
vn 0.0000 -0.9693 -0.2460
vn -0.0000 -1.0000 0.0000
vn 0.0000 -1.0000 0.0000
vn -0.7071 -0.6215 -0.3373
vn -0.7071 -0.6215 -0.3373
vn -0.7070 -0.6216 -0.3373
vn 0.7071 0.5490 -0.4457
vn 0.7071 0.5490 -0.4457
vn 0.7071 0.2472 -0.6625
vn 0.7071 0.2472 -0.6625
vn 0.0000 0.3498 -0.9368
vn 0.0000 0.7766 -0.6300
vn -0.7070 0.5490 -0.4457
vn -0.7072 0.2471 -0.6624
vn -0.7071 0.2471 -0.6625
vn -0.7071 0.5490 -0.4457
vn 0.0000 -0.1736 -0.9848
vn -0.0000 -0.1736 -0.9848
vn -0.7070 -0.1228 -0.6964
vn -0.7071 -0.1228 -0.6963
vn -0.7071 -0.1228 -0.6964
vn -0.7071 -0.1228 -0.6964
vn -0.7071 0.2334 -0.6675
vn -0.7071 0.2334 -0.6675
vn 0.0000 0.3301 -0.9440
vn 0.0000 -0.1736 -0.9848
vn 0.0000 -0.1736 -0.9848
vn 0.7071 0.2333 -0.6676
vn 0.7071 -0.1228 -0.6964
vn 0.7071 -0.1228 -0.6964
vn 0.7071 0.2333 -0.6676
vn 0.7068 -0.1229 -0.6966
vn 0.7071 -0.1228 -0.6964
vn -0.7071 0.5300 -0.4681
vn -0.7072 0.5299 -0.4681
vn -0.7071 0.6912 -0.1492
vn -0.7071 0.6912 -0.1492
vn -0.3530 0.5573 -0.7515
vn 0.0000 -1.0000 0.0000
vn 0.0000 -1.0000 0.0000
vn 0.0000 -1.0000 0.0000
vn 0.6785 -0.7071 0.1992
vn 0.6765 -0.7071 0.2059
vn 0.5949 -0.7071 0.3823
vn 0.5949 -0.7071 0.3823
vn 0.6785 -0.7071 0.1992
vn 0.7070 -0.7072 0.0000
vn 0.7070 -0.7072 0.0000
vn -0.0000 -1.0000 0.0000
vn 0.6785 -0.7071 -0.1992
vn 0.6785 -0.7071 -0.1992
vn 0.9567 -0.0000 0.2912
vn 0.9595 0.0000 0.2817
vn 1.0000 0.0000 0.0000
vn 1.0000 0.0000 0.0000
vn 0.9981 0.0000 0.0612
vn 0.9981 -0.0000 0.0611
vn 0.9567 0.0000 0.2912
vn 0.9567 0.0000 -0.2912
vn 0.9981 -0.0000 -0.0611
vn 0.9981 0.0000 -0.0612
vn 0.9595 0.0000 -0.2817
vn 0.9567 -0.0000 -0.2912
vn 0.8304 -0.0000 -0.5572
vn 0.8413 -0.0000 -0.5406
vn 0.8304 0.0000 -0.5572
vn 0.6322 0.0000 -0.7748
vn 0.6549 -0.0000 -0.7558
vn 0.6321 0.0000 -0.7749
vn 0.4630 -0.7071 -0.5344
vn 0.5872 -0.7071 -0.3940
vn 0.5949 -0.7071 -0.3823
vn 0.5949 -0.7071 -0.3823
vn 0.4631 -0.7071 -0.5344
vn 0.2937 -0.7071 -0.6432
vn 0.4470 -0.7071 -0.5479
vn 0.2937 -0.7071 -0.6432
vn 0.3791 0.0000 -0.9254
vn 0.4154 0.0000 -0.9096
vn 0.3791 -0.0000 -0.9254
vn 0.1006 -0.7071 -0.6999
vn 0.2681 -0.7071 -0.6543
vn 0.1006 -0.7071 -0.6999
vn 0.0932 0.0000 -0.9956
vn 0.1423 0.0000 -0.9898
vn 0.0932 -0.0000 -0.9956
vn -0.1006 -0.7071 -0.6999
vn 0.0659 -0.7071 -0.7040
vn -0.1006 -0.7071 -0.6999
vn -0.1423 0.0000 -0.9898
vn -0.2008 -0.0000 -0.9796
vn -0.2008 -0.0000 -0.9796
vn -0.4581 -0.0000 -0.8889
vn -0.2008 0.0000 -0.9796
vn -0.4154 -0.0000 -0.9096
vn -0.4581 0.0000 -0.8889
vn -0.2937 -0.7071 -0.6432
vn -0.1420 -0.7071 -0.6927
vn -0.2937 -0.7071 -0.6432
vn -0.4631 -0.7071 -0.5344
vn -0.3239 -0.7071 -0.6285
vn -0.4631 -0.7071 -0.5344
vn -0.6549 0.0000 -0.7558
vn -0.6814 -0.0000 -0.7320
vn -0.6814 0.0001 -0.7320
vn -0.8413 0.0000 -0.5406
vn -0.8538 -0.0000 -0.5205
vn -0.8538 0.0000 -0.5205
vn -0.5949 -0.7071 -0.3823
vn -0.4818 -0.7071 -0.5176
vn -0.5948 -0.7071 -0.3823
vn -0.6785 -0.7071 -0.1992
vn -0.6038 -0.7071 -0.3681
vn -0.6785 -0.7071 -0.1992
vn -0.7071 -0.7071 -0.0000
vn -0.6808 -0.7071 -0.1911
vn -0.7071 -0.7071 -0.0000
vn -0.9595 0.0000 -0.2817
vn -0.9628 -0.0000 -0.2703
vn -0.9628 -0.0001 -0.2703
vn -0.6785 -0.7071 0.1992
vn -0.6808 -0.7071 0.1911
vn -0.6785 -0.7071 0.1992
vn -0.9628 -0.0000 0.2703
vn -0.9628 -0.0001 0.2703
vn -0.9595 -0.0000 0.2817
vn -0.8538 -0.0000 0.5205
vn -0.8538 0.0000 0.5205
vn -0.8413 0.0000 0.5406
vn -0.6814 -0.0000 0.7320
vn -0.6814 -0.0000 0.7320
vn -0.6549 0.0000 0.7558
vn -0.4581 0.0000 0.8889
vn -0.4581 -0.0000 0.8889
vn -0.4154 -0.0000 0.9096
vn -0.2008 0.0000 0.9796
vn -0.2008 0.0000 0.9796
vn -0.2008 -0.0000 0.9796
vn -0.2937 -0.7071 0.6432
vn -0.3239 -0.7071 0.6285
vn -0.4631 -0.7071 0.5344
vn -0.4631 -0.7071 0.5344
vn -0.2937 -0.7071 0.6432
vn -0.4818 -0.7071 0.5176
vn -0.5949 -0.7071 0.3823
vn -0.5948 -0.7071 0.3823
vn -0.6038 -0.7071 0.3681
vn -0.1006 -0.7071 0.6999
vn -0.1420 -0.7071 0.6927
vn -0.1006 -0.7071 0.6999
vn 0.1006 -0.7071 0.6999
vn 0.0659 -0.7071 0.7040
vn 0.1006 -0.7071 0.6999
vn 0.0932 -0.0000 0.9956
vn -0.1423 -0.0000 0.9898
vn 0.0932 -0.0000 0.9956
vn 0.1423 0.0000 0.9898
vn 0.3791 -0.0000 0.9254
vn 0.3791 0.0000 0.9254
vn 0.4154 0.0000 0.9096
vn 0.6322 0.0000 0.7748
vn 0.6322 0.0000 0.7748
vn 0.6549 0.0000 0.7558
vn 0.8304 0.0000 0.5572
vn 0.8304 -0.0000 0.5572
vn 0.8413 -0.0000 0.5406
vn 0.5872 -0.7071 0.3940
vn 0.4630 -0.7071 0.5344
vn 0.4631 -0.7071 0.5344
vn 0.4470 -0.7071 0.5479
vn 0.2937 -0.7071 0.6432
vn 0.2937 -0.7071 0.6432
vn 0.2681 -0.7071 0.6543
vn 0.6786 -0.7070 -0.1992
vn 0.7071 -0.7072 0.0000
vn 0.7071 -0.7072 0.0000
vn 0.6786 -0.7070 -0.1994
vn 0.6786 -0.7070 0.1994
vn 0.6786 -0.7070 0.1992
vn 0.5951 -0.7068 0.3825
vn 0.5951 -0.7068 0.3825
vn 0.9595 0.0000 0.2817
vn 0.8413 0.0000 0.5406
vn 1.0000 0.0000 0.0000
vn 0.0000 -1.0000 0.0000
vn 0.9595 -0.0000 -0.2817
vn 0.8413 -0.0000 -0.5406
vn 0.5951 -0.7068 -0.3825
vn 0.5951 -0.7068 -0.3825
vn 0.6549 -0.0000 -0.7558
vn 0.4631 -0.7072 -0.5343
vn 0.4631 -0.7072 -0.5343
vn 0.2937 -0.7072 -0.6432
vn 0.2937 -0.7071 -0.6432
vn 0.1005 -0.7074 -0.6997
vn 0.1007 -0.7074 -0.6996
vn 0.4154 -0.0000 -0.9096
vn 0.1423 -0.0000 -0.9898
vn -0.1423 -0.0000 -0.9898
vn -0.4154 -0.0000 -0.9096
vn -0.1005 -0.7072 -0.6998
vn -0.1007 -0.7072 -0.6998
vn -0.2938 -0.7072 -0.6431
vn -0.2937 -0.7072 -0.6431
vn -0.4632 -0.7069 -0.5345
vn -0.4632 -0.7069 -0.5345
vn -0.6549 -0.0000 -0.7557
vn -0.5951 -0.7068 -0.3825
vn -0.5951 -0.7068 -0.3825
vn -0.8413 -0.0000 -0.5406
vn -0.6786 -0.7070 -0.1994
vn -0.6786 -0.7070 -0.1992
vn -0.9595 -0.0000 -0.2817
vn -0.9595 0.0000 0.2817
vn -0.8413 0.0000 0.5406
vn -0.7071 -0.7071 0.0000
vn -0.6786 -0.7070 0.1994
vn -0.6786 -0.7070 0.1992
vn -0.5951 -0.7068 0.3825
vn -0.5951 -0.7068 0.3825
vn -0.4632 -0.7069 0.5345
vn -0.4632 -0.7069 0.5345
vn -0.6549 0.0000 0.7557
vn -0.2938 -0.7072 0.6431
vn -0.2937 -0.7072 0.6431
vn -0.4154 0.0000 0.9096
vn -0.1423 0.0000 0.9898
vn 0.1423 0.0000 0.9898
vn -0.1005 -0.7072 0.6998
vn -0.1007 -0.7072 0.6998
vn 0.1005 -0.7074 0.6997
vn 0.1007 -0.7074 0.6996
vn 0.2937 -0.7072 0.6432
vn 0.2937 -0.7071 0.6432
vn 0.4154 0.0000 0.9096
vn 0.6549 0.0000 0.7558
vn 0.4631 -0.7072 0.5343
vn 0.4631 -0.7072 0.5343
vn 0.6765 -0.7071 -0.2059
vn -0.9595 -0.0000 -0.2817
vn 0.0000 -1.0000 0.0000
vn -0.9595 0.0000 0.2817
vn -0.6784 0.7072 0.1992
vn -0.7070 0.7072 -0.0000
vn -0.6784 0.7072 0.1992
vn -0.6784 0.7072 -0.1992
vn -0.6784 0.7072 -0.1992
vn -0.5949 0.7071 -0.3823
vn -0.5949 0.7071 -0.3823
vn -0.8412 -0.0000 -0.5406
vn -0.6549 -0.0000 -0.7557
vn -0.4631 0.7071 -0.5344
vn -0.4631 0.7071 -0.5344
vn 0.0000 1.0000 -0.0000
vn -0.2937 0.7072 -0.6431
vn -0.2937 0.7072 -0.6432
vn -0.1006 0.7072 -0.6998
vn -0.1006 0.7072 -0.6999
vn -0.1423 -0.0000 -0.9898
vn -0.4154 -0.0000 -0.9096
vn 0.1423 -0.0000 -0.9898
vn 0.4154 -0.0000 -0.9096
vn 0.6549 -0.0000 -0.7557
vn 0.8412 -0.0000 -0.5406
vn 0.4632 0.7070 -0.5345
vn 0.5949 0.7070 -0.3824
vn 0.5949 0.7070 -0.3823
vn 0.4631 0.7070 -0.5345
vn 0.2938 0.7071 -0.6432
vn 0.2937 0.7071 -0.6432
vn 0.1006 0.7072 -0.6998
vn 0.1006 0.7072 -0.6999
vn 0.6784 0.7072 -0.1992
vn 0.6784 0.7072 -0.1992
vn 0.7070 0.7072 -0.0000
vn 0.9595 -0.0000 -0.2817
vn 0.9595 0.0000 0.2817
vn 0.6784 0.7072 0.1992
vn 0.6784 0.7072 0.1992
vn 0.8412 0.0000 0.5406
vn 0.5949 0.7070 0.3824
vn 0.5949 0.7070 0.3823
vn 0.6549 0.0000 0.7557
vn 0.4154 0.0000 0.9096
vn 0.4632 0.7070 0.5345
vn 0.2938 0.7071 0.6432
vn 0.2937 0.7071 0.6432
vn 0.4631 0.7070 0.5345
vn 0.1006 0.7072 0.6998
vn 0.1006 0.7072 0.6999
vn -0.1006 0.7072 0.6998
vn -0.1006 0.7072 0.6998
vn -0.1423 0.0000 0.9898
vn 0.1423 0.0000 0.9898
vn -0.4154 0.0000 0.9096
vn -0.6549 0.0000 0.7557
vn -0.2937 0.7072 0.6431
vn -0.4630 0.7072 0.5344
vn -0.4630 0.7072 0.5344
vn -0.2937 0.7072 0.6431
vn -0.5949 0.7071 0.3823
vn -0.5949 0.7071 0.3823
vn -0.8412 0.0000 0.5406
vn 0.0767 0.9614 0.2641
vn -0.0008 0.9614 0.2750
vn -0.0008 0.9614 0.2750
vn 0.0767 0.9614 0.2641
vn 0.0000 1.0000 -0.0000
vn -0.0783 0.9614 0.2636
vn -0.0783 0.9614 0.2636
vn -0.2847 0.0000 0.9586
vn -0.0031 0.0000 1.0000
vn 0.2788 0.0000 0.9603
vn 0.0767 -0.9614 0.2641
vn -0.0008 -0.9614 0.2750
vn -0.0008 -0.9614 0.2750
vn 0.0767 -0.9614 0.2641
vn -0.0783 -0.9614 0.2636
vn -0.0783 -0.9614 0.2636
vn 0.0000 -1.0000 0.0000
vn 0.1480 -0.9614 0.2318
vn 0.1480 -0.9614 0.2318
vn 0.2073 -0.9614 0.1807
vn 0.2073 -0.9614 0.1807
vn 0.2498 -0.9614 0.1150
vn 0.2498 -0.9614 0.1150
vn 0.5381 0.0000 0.8429
vn 0.7537 0.0000 0.6572
vn 0.9084 0.0000 0.4182
vn 0.1480 0.9614 0.2318
vn 0.2073 0.9614 0.1807
vn 0.2073 0.9614 0.1807
vn 0.1480 0.9614 0.2318
vn 0.2498 0.9614 0.1150
vn 0.2498 0.9614 0.1150
vn 0.2721 0.9614 0.0400
vn 0.2721 0.9614 0.0400
vn 0.9894 0.0000 0.1453
vn 0.2723 0.9614 -0.0383
vn 0.2723 0.9614 -0.0383
vn 0.9903 -0.0000 -0.1393
vn 0.2721 -0.9614 0.0400
vn 0.2721 -0.9614 0.0400
vn 0.2723 -0.9614 -0.0383
vn 0.2723 -0.9614 -0.0383
vn 0.2505 -0.9614 -0.1135
vn 0.2505 -0.9614 -0.1135
vn 0.2084 -0.9614 -0.1795
vn 0.2084 -0.9614 -0.1794
vn 0.9109 -0.0000 -0.4126
vn 0.7577 -0.0000 -0.6525
vn 0.2505 0.9614 -0.1135
vn 0.2505 0.9614 -0.1135
vn 0.2084 0.9614 -0.1794
vn 0.2084 0.9614 -0.1795
vn 0.1494 0.9614 -0.2309
vn 0.1494 0.9614 -0.2309
vn 0.5432 -0.0000 -0.8396
vn 0.0783 0.9614 -0.2636
vn 0.0783 0.9614 -0.2636
vn 0.2847 -0.0000 -0.9586
vn 0.1494 -0.9614 -0.2309
vn 0.1494 -0.9614 -0.2309
vn 0.0783 -0.9614 -0.2636
vn 0.0783 -0.9614 -0.2636
vn 0.0008 -0.9614 -0.2750
vn 0.0008 -0.9614 -0.2750
vn 0.0031 -0.0000 -1.0000
vn -0.0767 -0.9614 -0.2641
vn -0.0767 -0.9614 -0.2641
vn -0.2788 -0.0000 -0.9603
vn 0.0008 0.9614 -0.2750
vn 0.0008 0.9614 -0.2750
vn -0.0767 0.9614 -0.2641
vn -0.0767 0.9614 -0.2641
vn -0.1480 0.9614 -0.2318
vn -0.1480 0.9614 -0.2318
vn -0.5381 -0.0000 -0.8429
vn -0.7537 -0.0000 -0.6572
vn -0.2073 0.9614 -0.1807
vn -0.2073 0.9614 -0.1807
vn -0.1480 -0.9614 -0.2318
vn -0.1480 -0.9614 -0.2318
vn -0.2073 -0.9614 -0.1807
vn -0.2073 -0.9614 -0.1807
vn -0.2498 -0.9614 -0.1150
vn -0.2498 -0.9614 -0.1150
vn -0.9084 -0.0000 -0.4182
vn -0.2721 -0.9614 -0.0400
vn -0.2721 -0.9614 -0.0400
vn -0.9894 -0.0000 -0.1453
vn -0.2498 0.9614 -0.1150
vn -0.2498 0.9614 -0.1150
vn -0.2721 0.9614 -0.0400
vn -0.2721 0.9614 -0.0400
vn -0.2723 0.9614 0.0383
vn -0.2723 0.9614 0.0383
vn -0.9903 0.0000 0.1393
vn -0.2505 0.9614 0.1135
vn -0.2505 0.9614 0.1135
vn -0.9109 0.0000 0.4126
vn -0.2723 -0.9614 0.0383
vn -0.2723 -0.9614 0.0383
vn -0.2505 -0.9614 0.1135
vn -0.2505 -0.9614 0.1135
vn -0.2084 -0.9614 0.1795
vn -0.2084 -0.9614 0.1795
vn -0.7577 0.0000 0.6525
vn -0.1494 -0.9614 0.2309
vn -0.1494 -0.9614 0.2309
vn -0.5432 0.0000 0.8396
vn -0.2084 0.9614 0.1795
vn -0.2084 0.9614 0.1795
vn -0.1494 0.9614 0.2309
vn -0.1494 0.9614 0.2309
f 2//1 1//2 4//3
f 2//1 4//3 5//4
f 1//5 2//5 87//5
f 1//5 87//5 86//5
f 1//5 86//5 22//5
f 1//5 22//5 25//5
f 1//5 25//5 26//5
f 1//5 26//5 27//5
f 1//5 27//5 29//5
f 1//5 29//5 30//5
f 1//5 30//5 84//5
f 1//5 84//5 83//5
f 1//5 83//5 82//5
f 1//5 82//5 81//5
f 1//5 81//5 80//5
f 1//5 80//5 79//5
f 1//5 79//5 77//5
f 1//5 77//5 65//5
f 1//5 65//5 69//5
f 1//5 69//5 70//5
f 1//5 70//5 71//5
f 1//5 71//5 3//5
f 6//6 4//3 1//2
f 6//6 1//2 3//7
f 5//4 4//3 7//8
f 5//4 7//8 9//9
f 8//10 7//8 4//3
f 8//10 4//3 6//6
f 7//11 8//12 11//13
f 7//11 11//13 10//14
f 9//15 7//11 10//14
f 9//15 10//14 12//16
f 44//17 42//17 41//17
f 44//17 41//17 35//17
f 44//17 35//17 37//17
f 44//17 37//17 39//17
f 44//17 39//17 40//17
f 44//17 40//17 16//17
f 44//17 16//17 15//17
f 44//17 15//17 13//17
f 44//17 13//17 12//17
f 44//17 12//17 10//17
f 44//17 10//17 11//17
f 44//17 11//17 74//17
f 44//17 74//17 76//17
f 44//17 76//17 61//17
f 44//17 61//17 60//17
f 44//17 60//17 58//17
f 44//17 58//17 57//17
f 44//17 57//17 56//17
f 44//17 56//17 51//17
f 44//17 51//17 45//17
f 14//18 9//15 12//16
f 14//18 12//16 13//19
f 17//20 14//18 13//19
f 17//20 13//19 15//21
f 19//22 17//20 15//21
f 19//22 15//21 16//23
f 14//24 17//25 18//25
f 14//24 18//25 88//26
f 17//25 19//27 21//28
f 17//25 21//28 18//25
f 20//29 19//22 16//23
f 20//29 16//23 40//30
f 19//27 20//31 23//32
f 19//27 23//32 21//28
f 22//28 86//33 18//25
f 22//28 18//25 21//28
f 25//34 22//28 21//28
f 25//34 21//28 23//32
f 20//31 38//35 24//35
f 20//31 24//35 23//32
f 26//36 25//34 23//32
f 26//36 23//32 24//35
f 27//37 26//36 24//35
f 27//37 24//35 28//38
f 29//39 27//37 28//38
f 29//39 28//38 31//40
f 30//41 29//39 31//40
f 30//41 31//40 32//42
f 33//43 34//44 32//42
f 33//43 32//42 31//40
f 36//45 33//43 31//40
f 36//45 31//40 28//38
f 34//46 33//47 35//48
f 34//46 35//48 41//49
f 33//47 36//50 37//51
f 33//47 37//51 35//48
f 36//50 38//52 39//53
f 36//50 39//53 37//51
f 38//35 36//45 28//38
f 38//35 28//38 24//35
f 38//52 20//29 40//30
f 38//52 40//30 39//53
f 43//54 34//46 41//49
f 43//54 41//49 42//55
f 42//55 44//56 46//57
f 42//55 46//57 43//54
f 48//58 46//57 44//56
f 48//58 44//56 45//59
f 43//60 46//61 47//62
f 43//60 47//62 85//63
f 46//61 48//64 49//65
f 46//61 49//65 47//62
f 50//66 48//58 45//59
f 50//66 45//59 51//67
f 48//64 50//68 52//69
f 48//64 52//69 49//65
f 53//70 50//66 51//67
f 53//70 51//67 56//71
f 50//68 53//72 55//72
f 50//68 55//72 52//69
f 54//73 53//70 56//71
f 54//73 56//71 57//74
f 53//72 54//75 78//76
f 53//72 78//76 55//72
f 59//77 54//73 57//74
f 59//77 57//74 58//78
f 62//79 59//77 58//78
f 62//79 58//78 60//80
f 63//81 62//79 60//80
f 63//81 60//80 61//82
f 62//83 63//84 67//85
f 62//83 67//85 64//86
f 59//87 62//83 64//86
f 59//87 64//86 66//88
f 69//89 65//86 64//86
f 69//89 64//86 67//85
f 65//86 77//90 66//88
f 65//86 66//88 64//86
f 63//84 75//91 68//92
f 63//84 68//92 67//85
f 70//93 69//89 67//85
f 70//93 67//85 68//92
f 71//94 70//93 68//92
f 71//94 68//92 72//95
f 3//7 71//94 72//95
f 3//7 72//95 6//6
f 75//91 73//96 72//95
f 75//91 72//95 68//92
f 73//96 8//10 6//6
f 73//96 6//6 72//95
f 8//12 73//97 74//98
f 8//12 74//98 11//13
f 73//97 75//99 76//100
f 73//97 76//100 74//98
f 75//99 63//81 61//82
f 75//99 61//82 76//100
f 77//90 79//76 78//76
f 77//90 78//76 66//88
f 54//75 59//87 66//88
f 54//75 66//88 78//76
f 79//76 80//101 55//72
f 79//76 55//72 78//76
f 80//101 81//102 52//69
f 80//101 52//69 55//72
f 81//102 82//103 49//65
f 81//102 49//65 52//69
f 82//103 83//104 47//62
f 82//103 47//62 49//65
f 83//104 84//105 85//63
f 83//104 85//63 47//62
f 84//105 30//41 32//42
f 84//105 32//42 85//63
f 34//44 43//60 85//63
f 34//44 85//63 32//42
f 86//33 87//106 88//26
f 86//33 88//26 18//25
f 87//106 2//1 5//4
f 87//106 5//4 88//26
f 9//9 14//24 88//26
f 9//9 88//26 5//4
f 95//107 92//108 89//109
f 95//107 89//109 90//110
f 1223//111 1227//111 1209//111
f 1223//111 1209//111 1208//111
f 1223//111 1208//111 1207//111
f 1223//111 1207//111 281//111
f 1223//111 281//111 283//111
f 1223//111 283//111 287//111
f 1223//111 287//111 288//111
f 1223//111 288//111 289//111
f 1223//111 289//111 290//111
f 1223//111 290//111 306//111
f 1223//111 306//111 307//111
f 1223//111 307//111 308//111
f 1223//111 308//111 309//111
f 1223//111 309//111 361//111
f 1223//111 361//111 358//111
f 1223//111 358//111 362//111
f 1223//111 362//111 363//111
f 1223//111 363//111 364//111
f 1223//111 364//111 378//111
f 1223//111 378//111 382//111
f 1223//111 382//111 383//111
f 1223//111 383//111 384//111
f 1223//111 384//111 386//111
f 1223//111 386//111 387//111
f 1223//111 387//111 397//111
f 1223//111 397//111 399//111
f 1223//111 399//111 402//111
f 1223//111 402//111 1193//111
f 1223//111 1193//111 417//111
f 1223//111 417//111 420//111
f 1223//111 420//111 425//111
f 1223//111 425//111 426//111
f 1223//111 426//111 90//111
f 1223//111 90//111 89//111
f 1223//111 89//111 91//111
f 1223//111 91//111 1226//111
f 91//112 89//109 92//108
f 91//112 92//108 94//113
f 97//114 98//115 93//116
f 97//114 93//116 92//117
f 97//114 92//117 95//118
f 94//119 92//117 93//116
f 94//119 93//116 1228//120
f 101//121 99//122 97//114
f 101//121 97//114 95//118
f 101//121 95//118 96//123
f 96//124 95//107 90//110
f 96//124 90//110 426//125
f 98//126 97//127 99//128
f 98//126 99//128 100//129
f 98//126 100//129 1231//130
f 99//128 101//131 102//132
f 99//128 102//132 104//133
f 99//128 104//133 100//129
f 424//134 428//135 103//136
f 424//134 103//136 102//137
f 424//134 102//137 101//121
f 424//134 101//121 96//123
f 424//134 96//123 423//138
f 105//139 104//133 102//132
f 105//139 102//132 103//140
f 107//141 106//142 104//143
f 107//141 104//143 105//144
f 107//141 105//144 1192//145
f 108//146 269//146 267//146
f 108//146 267//146 268//146
f 108//146 268//146 270//147
f 108//146 270//147 273//148
f 108//146 273//148 275//146
f 108//146 275//146 1213//146
f 108//146 1213//146 1216//146
f 108//146 1216//146 1217//146
f 108//146 1217//146 1218//146
f 108//146 1218//146 1219//146
f 108//146 1219//146 1229//146
f 108//146 1229//146 1230//146
f 108//146 1230//146 1231//146
f 108//146 1231//146 100//146
f 108//146 100//146 104//143
f 108//146 104//143 106//142
f 1153//149 110//150 109//151
f 1153//149 109//151 106//152
f 1153//149 106//152 107//153
f 1153//149 107//153 1151//154
f 109//151 111//155 108//156
f 109//151 108//156 106//152
f 116//157 113//158 111//159
f 116//157 111//159 109//160
f 116//157 109//160 110//161
f 269//162 108//156 111//155
f 269//162 111//155 112//163
f 112//164 111//159 113//158
f 112//164 113//158 114//165
f 259//166 114//165 113//158
f 259//166 113//158 115//167
f 115//167 113//158 116//157
f 115//167 116//157 117//168
f 115//167 117//168 119//169
f 115//167 119//169 121//170
f 115//167 121//170 122//171
f 110//161 1153//172 118//173
f 110//161 118//173 117//168
f 110//161 117//168 116//157
f 118//173 1149//174 1154//175
f 118//173 1154//175 1155//176
f 118//173 1155//176 1156//177
f 118//173 1156//177 1157//178
f 118//173 1157//178 1158//179
f 118//173 1158//179 1159//180
f 118//173 1159//180 1160//181
f 118//173 1160//181 1161//182
f 118//173 1161//182 1162//183
f 118//173 1162//183 1163//184
f 118//173 1163//184 1165//184
f 118//173 1165//184 1166//185
f 118//173 1166//185 1167//184
f 118//173 1167//184 1169//184
f 118//173 1169//184 1170//184
f 118//173 1170//184 1171//186
f 118//173 1171//186 1172//187
f 118//173 1172//187 1145//188
f 118//173 1145//188 120//189
f 118//173 120//189 119//169
f 118//173 119//169 117//168
f 120//189 1142//190 1173//191
f 120//189 1173//191 1174//192
f 120//189 1174//192 1175//193
f 120//189 1175//193 1176//194
f 120//189 1176//194 1177//195
f 120//189 1177//195 1178//196
f 120//189 1178//196 1179//197
f 120//189 1179//197 1181//197
f 120//189 1181//197 1182//198
f 120//189 1182//198 1183//198
f 120//189 1183//198 1184//198
f 120//189 1184//198 1185//198
f 120//189 1185//198 1186//198
f 120//189 1186//198 1188//198
f 120//189 1188//198 1189//199
f 120//189 1189//199 1190//200
f 120//189 1190//200 1191//201
f 120//189 1191//201 126//202
f 120//189 126//202 124//203
f 120//189 124//203 121//170
f 120//189 121//170 119//169
f 249//204 122//171 121//170
f 249//204 121//170 123//205
f 249//204 123//205 258//206
f 131//207 133//208 123//205
f 131//207 123//205 121//170
f 131//207 121//170 124//203
f 131//207 124//203 127//209
f 131//207 127//209 129//210
f 125//211 128//212 127//213
f 125//211 127//213 124//214
f 1141//215 445//216 125//211
f 1141//215 125//211 124//214
f 1141//215 124//214 126//217
f 1141//215 126//217 1191//218
f 1141//215 1191//218 1190//219
f 1141//215 1190//219 1189//220
f 1141//215 1189//220 1187//221
f 1141//215 1187//221 1186//221
f 1141//215 1186//221 1185//221
f 1141//215 1185//221 1184//221
f 1141//215 1184//221 1183//221
f 1141//215 1183//221 1182//221
f 1141//215 1182//221 1180//221
f 1141//215 1180//221 1179//222
f 1141//215 1179//222 1178//223
f 1141//215 1178//223 1177//224
f 1141//215 1177//224 1176//225
f 1141//215 1176//225 1175//226
f 1141//215 1175//226 1174//227
f 1141//215 1174//227 1173//191
f 1141//215 1173//191 1142//190
f 507//228 508//229 1092//230
f 507//228 1092//230 130//231
f 507//228 130//231 129//232
f 507//228 129//232 127//213
f 507//228 127//213 128//212
f 507//228 128//212 506//233
f 129//210 130//234 1095//235
f 129//210 1095//235 132//236
f 129//210 132//236 131//207
f 135//237 134//238 133//208
f 135//237 133//208 131//207
f 135//237 131//207 132//236
f 134//238 136//239 123//205
f 134//238 123//205 133//208
f 138//240 137//241 134//238
f 138//240 134//238 135//237
f 134//238 137//241 139//242
f 134//238 139//242 257//243
f 134//238 257//243 256//244
f 134//238 256//244 136//239
f 142//245 140//246 137//241
f 142//245 137//241 138//240
f 137//241 140//246 143//247
f 137//241 143//247 145//248
f 137//241 145//248 139//242
f 140//246 142//245 520//249
f 140//246 520//249 141//250
f 140//246 141//250 144//251
f 140//246 144//251 143//247
f 146//252 145//248 143//247
f 146//252 143//247 144//251
f 146//252 144//251 1078//253
f 146//252 1078//253 147//254
f 146//252 148//255 257//243
f 146//252 257//243 139//242
f 146//252 139//242 145//248
f 149//256 146//252 147//254
f 149//256 147//254 152//257
f 148//255 146//252 149//256
f 148//255 149//256 151//258
f 151//258 149//256 150//259
f 151//258 150//259 255//260
f 149//256 152//257 153//261
f 149//256 153//261 155//262
f 149//256 155//262 150//259
f 153//261 152//257 147//254
f 153//261 147//254 1078//253
f 153//261 1078//253 1077//263
f 153//261 1077//263 154//264
f 156//265 155//262 153//261
f 156//265 153//261 154//264
f 155//262 156//265 157//266
f 155//262 157//266 159//267
f 155//262 159//267 239//268
f 155//262 239//268 240//269
f 155//262 240//269 241//270
f 155//262 241//270 243//271
f 155//262 243//271 245//272
f 155//262 245//272 246//273
f 155//262 246//273 254//274
f 155//262 254//274 255//260
f 155//262 255//260 150//259
f 158//275 157//266 156//265
f 158//275 156//265 154//264
f 162//276 160//277 157//266
f 162//276 157//266 158//275
f 219//278 220//279 221//280
f 219//278 221//280 229//281
f 219//278 229//281 230//282
f 219//278 230//282 231//283
f 219//278 231//283 159//267
f 219//278 159//267 157//266
f 219//278 157//266 160//277
f 219//278 160//277 161//284
f 219//278 161//284 217//285
f 219//278 217//285 214//286
f 219//278 214//286 212//287
f 162//276 163//288 161//284
f 162//276 161//284 160//277
f 162//276 164//263 167//289
f 162//276 167//289 168//290
f 162//276 168//290 218//291
f 162//276 218//291 163//288
f 164//263 162//276 158//275
f 164//263 158//275 166//292
f 164//263 165//293 169//294
f 164//263 169//294 167//289
f 164//263 166//292 1075//295
f 164//263 1075//295 165//293
f 168//290 167//289 169//294
f 168//290 169//294 171//296
f 168//290 171//296 172//297
f 168//290 172//297 216//298
f 169//294 165//293 1075//295
f 169//294 1075//295 702//299
f 169//294 702//299 716//300
f 169//294 716//300 717//300
f 169//294 717//300 718//300
f 169//294 718//300 719//300
f 169//294 719//300 743//300
f 169//294 743//300 742//300
f 169//294 742//300 741//300
f 169//294 741//300 736//300
f 169//294 736//300 181//301
f 169//294 181//301 176//302
f 169//294 176//302 170//303
f 171//296 169//294 170//303
f 171//296 170//303 173//304
f 1234//305 172//297 171//296
f 1234//305 171//296 173//304
f 1234//305 173//304 174//306
f 170//303 176//302 175//307
f 170//303 175//307 173//304
f 177//308 174//306 173//304
f 177//308 173//304 175//307
f 176//302 181//301 180//309
f 176//302 180//309 178//310
f 176//302 178//310 175//307
f 178//310 179//311 177//308
f 178//310 177//308 175//307
f 185//312 179//313 178//314
f 185//312 178//314 180//315
f 185//312 180//315 182//316
f 185//312 182//316 184//317
f 735//318 737//319 746//320
f 735//318 746//320 747//321
f 735//318 747//321 748//321
f 735//318 748//321 183//321
f 735//318 183//321 182//321
f 735//318 182//321 180//321
f 735//318 180//321 181//321
f 735//318 181//321 736//322
f 189//323 188//324 186//325
f 189//323 186//325 184//326
f 189//323 184//326 182//327
f 189//323 182//327 183//328
f 189//323 183//328 953//329
f 189//323 953//329 954//330
f 189//323 954//330 955//331
f 189//323 955//331 957//332
f 184//317 186//333 187//334
f 184//317 187//334 1236//335
f 184//317 1236//335 185//312
f 186//333 188//336 190//337
f 186//333 190//337 187//334
f 1006//338 196//339 195//340
f 1006//338 195//340 193//341
f 1006//338 193//341 192//342
f 1006//338 192//342 190//337
f 1006//338 190//337 188//336
f 1006//338 188//336 189//343
f 190//344 192//345 191//346
f 1236//347 187//348 190//344
f 1236//347 190//344 191//346
f 1236//347 191//346 1237//349
f 1236//347 1237//349 194//350
f 1236//347 194//350 198//351
f 1236//347 198//351 1235//352
f 193//353 194//354 1237//355
f 193//353 1237//355 191//356
f 193//353 191//356 192//357
f 197//358 198//351 194//350
f 197//358 194//350 193//359
f 197//358 193//359 195//360
f 195//360 196//361 1005//362
f 195//360 1005//362 203//363
f 195//360 203//363 201//364
f 195//360 201//364 199//365
f 195//360 199//365 197//358
f 198//351 197//358 199//365
f 198//351 199//365 200//366
f 198//351 200//366 1235//352
f 199//365 201//364 202//367
f 199//365 202//367 200//366
f 210//368 202//367 201//364
f 210//368 201//364 204//369
f 210//368 204//369 206//370
f 210//368 206//370 208//371
f 204//369 201//364 203//363
f 204//369 203//363 1232//372
f 204//369 1232//372 205//373
f 205//373 224//374 207//375
f 205//373 207//375 206//370
f 205//373 206//370 204//369
f 206//370 207//375 211//376
f 206//370 211//376 208//371
f 1233//377 210//368 208//371
f 1233//377 208//371 209//378
f 211//376 213//379 209//378
f 211//376 209//378 208//371
f 207//375 219//278 212//287
f 207//375 212//287 211//376
f 212//287 214//286 213//379
f 212//287 213//379 211//376
f 214//286 217//285 215//380
f 214//286 215//380 213//379
f 213//379 215//380 216//298
f 213//379 216//298 209//378
f 218//291 168//290 216//298
f 218//291 216//298 215//380
f 217//285 161//284 163//288
f 217//285 163//288 218//291
f 217//285 218//291 215//380
f 172//297 1234//305 1233//377
f 172//297 1233//377 209//378
f 172//297 209//378 216//298
f 224//374 222//381 220//279
f 224//374 220//279 219//278
f 224//374 219//278 207//375
f 223//382 221//280 220//279
f 223//382 220//279 222//381
f 222//381 224//374 205//373
f 222//381 205//373 1232//372
f 222//381 1232//372 225//383
f 222//381 225//383 223//382
f 229//281 221//280 223//382
f 229//281 223//382 226//384
f 223//382 225//383 228//385
f 223//382 228//385 226//384
f 227//386 226//384 228//385
f 227//386 228//385 1196//387
f 230//282 229//281 226//384
f 230//282 226//384 227//386
f 231//283 230//282 227//386
f 231//283 227//386 232//388
f 234//389 159//267 231//283
f 234//389 231//283 232//388
f 232//388 227//386 1196//387
f 232//388 1196//387 233//390
f 235//391 234//389 232//388
f 235//391 232//388 233//390
f 238//392 236//393 234//389
f 238//392 234//389 235//391
f 236//393 239//268 159//267
f 236//393 159//267 234//389
f 238//392 260//394 237//395
f 238//392 237//395 236//393
f 236//393 237//395 240//269
f 236//393 240//269 239//268
f 237//395 242//396 241//270
f 237//395 241//270 240//269
f 242//396 244//397 243//271
f 242//396 243//271 241//270
f 247//398 245//272 243//271
f 247//398 243//271 244//397
f 250//399 246//273 245//272
f 250//399 245//272 247//398
f 250//399 247//398 248//400
f 244//397 115//167 122//171
f 244//397 122//171 249//204
f 244//397 249//204 248//400
f 244//397 248//400 247//398
f 258//206 251//401 250//399
f 258//206 250//399 248//400
f 258//206 248//400 249//204
f 253//402 252//403 250//399
f 253//402 250//399 251//401
f 252//403 254//274 246//273
f 252//403 246//273 250//399
f 253//402 148//255 151//258
f 253//402 151//258 252//403
f 252//403 151//258 255//260
f 252//403 255//260 254//274
f 148//255 253//402 256//244
f 148//255 256//244 257//243
f 253//402 251//401 258//206
f 253//402 258//206 123//205
f 253//402 123//205 136//239
f 253//402 136//239 256//244
f 242//396 259//166 115//167
f 242//396 115//167 244//397
f 260//394 259//166 242//396
f 260//394 242//396 237//395
f 259//166 260//394 261//404
f 259//166 261//404 114//165
f 260//394 238//392 263//405
f 260//394 263//405 262//406
f 260//394 262//406 261//404
f 264//407 266//408 112//164
f 264//407 112//164 114//165
f 264//407 114//165 261//404
f 264//407 261//404 262//406
f 1204//409 265//410 264//407
f 1204//409 264//407 262//406
f 1204//409 262//406 263//405
f 1204//409 263//405 1203//411
f 268//412 267//413 266//414
f 268//412 266//414 264//415
f 268//412 264//415 265//416
f 267//413 269//162 112//163
f 267//413 112//163 266//414
f 265//416 1204//417 272//418
f 265//416 272//418 270//419
f 265//416 270//419 268//412
f 323//420 320//421 318//422
f 323//420 318//422 317//422
f 323//420 317//422 319//422
f 323//420 319//422 301//422
f 323//420 301//422 300//422
f 323//420 300//422 299//422
f 323//420 299//422 295//422
f 323//420 295//422 297//422
f 323//420 297//422 298//422
f 323//420 298//422 274//422
f 323//420 274//422 273//148
f 323//420 273//148 270//147
f 323//420 270//147 271//422
f 323//420 271//422 1206//422
f 323//420 1206//422 327//422
f 323//420 327//422 326//422
f 271//423 270//419 272//418
f 271//423 272//418 1201//424
f 271//423 1201//424 1202//425
f 277//426 276//427 273//428
f 277//426 273//428 274//429
f 275//430 273//428 276//427
f 275//430 276//427 278//431
f 282//432 279//433 276//433
f 282//432 276//433 277//434
f 278//435 276//433 279//433
f 278//435 279//433 280//436
f 280//437 279//438 281//439
f 280//437 281//439 1207//440
f 283//441 281//439 279//438
f 283//441 279//438 282//442
f 287//443 283//441 282//442
f 287//443 282//442 284//444
f 284//445 282//432 277//434
f 284//445 277//434 286//445
f 285//446 284//445 286//445
f 285//446 286//445 296//446
f 288//447 287//443 284//444
f 288//447 284//444 285//448
f 285//448 291//449 289//450
f 285//448 289//450 288//447
f 291//449 292//451 290//452
f 291//449 290//452 289//450
f 296//446 293//453 291//454
f 296//446 291//454 285//446
f 293//453 294//455 292//456
f 293//453 292//456 291//454
f 294//457 293//458 295//459
f 294//457 295//459 299//460
f 297//461 295//459 293//458
f 297//461 293//458 296//462
f 298//463 297//461 296//462
f 298//463 296//462 286//464
f 286//464 277//426 274//429
f 286//464 274//429 298//463
f 302//465 294//457 299//460
f 302//465 299//460 300//466
f 300//466 301//467 303//468
f 300//466 303//468 302//465
f 305//469 304//470 302//470
f 305//469 302//470 303//471
f 304//470 292//456 294//455
f 304//470 294//455 302//470
f 306//472 290//452 292//451
f 306//472 292//451 304//473
f 307//474 306//472 304//473
f 307//474 304//473 305//475
f 305//475 310//476 308//477
f 305//475 308//477 307//474
f 309//478 308//477 310//476
f 309//478 310//476 312//479
f 303//471 311//480 310//481
f 303//471 310//481 305//469
f 312//482 310//481 311//480
f 312//482 311//480 316//483
f 312//482 316//483 314//484
f 361//485 309//478 312//479
f 361//485 312//479 313//486
f 359//487 313//488 312//482
f 359//487 312//482 314//484
f 359//487 314//484 315//489
f 359//487 315//489 360//490
f 317//491 318//492 315//493
f 317//491 315//493 314//494
f 317//491 314//494 316//495
f 316//495 311//496 319//497
f 316//495 319//497 317//491
f 301//467 319//497 311//496
f 301//467 311//496 303//468
f 318//492 320//498 322//499
f 318//492 322//499 360//500
f 318//492 360//500 315//493
f 347//501 321//502 320//421
f 347//501 320//421 323//420
f 347//501 323//420 325//503
f 350//504 322//499 320//498
f 350//504 320//498 321//505
f 323//506 326//507 328//508
f 323//506 328//508 324//509
f 336//510 325//511 323//506
f 336//510 323//506 324//509
f 336//510 324//509 334//512
f 336//510 334//512 335//513
f 329//514 328//508 326//507
f 329//514 326//507 327//515
f 334//516 324//517 328//518
f 334//516 328//518 330//519
f 334//516 330//519 332//520
f 331//521 330//519 328//518
f 331//521 328//518 329//522
f 225//383 330//519 331//521
f 225//383 331//521 228//385
f 1232//372 203//363 1029//523
f 1232//372 1029//523 333//524
f 1232//372 333//524 332//520
f 1232//372 332//520 330//519
f 1232//372 330//519 225//383
f 332//520 333//524 337//525
f 332//520 337//525 335//526
f 332//520 335//526 334//516
f 340//527 342//528 336//510
f 340//527 336//510 335//513
f 340//527 335//513 337//529
f 340//527 337//529 338//530
f 333//524 1029//523 1028//531
f 333//524 1028//531 1030//532
f 333//524 1030//532 1031//533
f 333//524 1031//533 1034//534
f 333//524 1034//534 1035//535
f 333//524 1035//535 1036//536
f 333//524 1036//536 1038//537
f 333//524 1038//537 1039//538
f 333//524 1039//538 1041//536
f 333//524 1041//536 1042//535
f 333//524 1042//535 1043//539
f 333//524 1043//539 1044//540
f 333//524 1044//540 1045//541
f 333//524 1045//541 1046//542
f 333//524 1046//542 1047//543
f 333//524 1047//543 1048//544
f 333//524 1048//544 1049//545
f 333//524 1049//545 1050//546
f 333//524 1050//546 339//547
f 333//524 339//547 338//548
f 333//524 338//548 337//525
f 1032//549 341//550 340//527
f 1032//549 340//527 338//530
f 1032//549 338//530 339//551
f 1032//549 339//551 1050//552
f 1032//549 1050//552 1049//553
f 1032//549 1049//553 1048//554
f 1032//549 1048//554 1047//555
f 1032//549 1047//555 1046//556
f 1032//549 1046//556 1045//557
f 1032//549 1045//557 1044//558
f 1032//549 1044//558 1043//559
f 1032//549 1043//559 1042//560
f 1032//549 1042//560 1040//560
f 1032//549 1040//560 1039//561
f 1032//549 1039//561 1038//562
f 1032//549 1038//562 1037//560
f 1032//549 1037//560 1035//560
f 1032//549 1035//560 1034//563
f 1032//549 1034//563 1031//533
f 1032//549 1031//533 1030//532
f 342//564 340//565 341//566
f 342//564 341//566 1053//567
f 342//564 1053//567 344//568
f 342//564 344//568 343//569
f 325//503 336//570 342//564
f 325//503 342//564 343//569
f 325//503 343//569 345//571
f 325//503 345//571 347//501
f 345//572 343//573 344//574
f 345//572 344//574 1054//575
f 345//572 1054//575 348//576
f 345//572 348//576 346//577
f 346//577 349//578 350//504
f 346//577 350//504 321//505
f 346//577 321//505 347//579
f 346//577 347//579 345//572
f 352//580 351//581 349//582
f 352//580 349//582 346//583
f 352//580 346//583 348//584
f 351//581 353//585 354//586
f 351//581 354//586 350//587
f 351//581 350//587 349//582
f 367//588 356//589 355//590
f 367//588 355//590 353//585
f 367//588 353//585 351//581
f 367//588 351//581 352//580
f 367//588 352//580 968//591
f 367//588 968//591 967//592
f 367//588 967//592 969//593
f 355//590 357//594 359//487
f 355//590 359//487 360//490
f 355//590 360//490 322//595
f 355//590 322//595 350//587
f 355//590 350//587 354//586
f 355//590 354//586 353//585
f 362//596 358//597 357//598
f 362//596 357//598 355//599
f 362//596 355//599 356//600
f 358//597 361//485 313//486
f 358//597 313//486 359//601
f 358//597 359//601 357//598
f 356//600 367//602 365//603
f 356//600 365//603 363//604
f 356//600 363//604 362//596
f 364//605 363//604 365//603
f 364//605 365//603 366//606
f 375//607 366//608 365//609
f 375//607 365//609 368//610
f 375//607 368//610 371//611
f 375//607 371//611 373//612
f 969//593 370//613 368//610
f 969//593 368//610 365//609
f 969//593 365//609 367//588
f 786//614 372//615 371//611
f 786//614 371//611 368//610
f 786//614 368//610 369//616
f 369//616 368//610 370//613
f 369//616 370//613 964//617
f 369//616 964//617 963//618
f 372//615 793//619 374//620
f 372//615 374//620 373//612
f 372//615 373//612 371//611
f 373//612 374//620 821//621
f 373//612 821//621 822//622
f 373//612 822//622 377//623
f 373//612 377//623 376//624
f 373//612 376//624 375//607
f 366//606 375//625 376//626
f 366//606 376//626 378//627
f 366//606 378//627 364//605
f 379//628 376//624 377//623
f 379//628 377//623 380//629
f 376//626 379//630 382//631
f 376//626 382//631 378//627
f 381//632 379//628 380//629
f 381//632 380//629 393//633
f 379//630 381//634 383//635
f 379//630 383//635 382//631
f 381//634 385//636 384//637
f 381//634 384//637 383//635
f 386//638 384//637 385//636
f 386//638 385//636 388//639
f 388//639 389//640 387//641
f 388//639 387//641 386//638
f 390//642 391//643 389//644
f 390//642 389//644 388//645
f 388//645 385//646 392//647
f 388//645 392//647 390//642
f 406//648 405//648 395//648
f 406//648 395//648 394//648
f 406//648 394//648 391//648
f 406//648 391//648 390//648
f 406//648 390//648 392//648
f 406//648 392//648 393//648
f 406//648 393//648 380//648
f 406//648 380//648 377//648
f 406//648 377//648 822//648
f 406//648 822//648 823//649
f 406//648 823//649 844//650
f 406//648 844//650 845//651
f 406//648 845//651 847//652
f 406//648 847//652 848//653
f 406//648 848//653 876//654
f 406//648 876//654 875//655
f 406//648 875//655 688//656
f 406//648 688//656 687//656
f 406//648 687//656 686//656
f 406//648 686//656 685//657
f 406//648 685//657 677//658
f 406//648 677//658 676//659
f 406//648 676//659 675//660
f 406//648 675//660 562//661
f 406//648 562//661 567//662
f 406//648 567//662 407//663
f 393//633 392//647 385//646
f 393//633 385//646 381//632
f 396//664 389//644 391//643
f 396//664 391//643 394//664
f 394//664 395//665 400//665
f 394//664 400//665 398//666
f 394//664 398//666 396//664
f 397//667 387//641 389//640
f 397//667 389//640 396//668
f 399//669 397//667 396//668
f 399//669 396//668 398//670
f 402//671 399//669 398//670
f 402//671 398//670 400//672
f 402//671 400//672 401//673
f 395//665 405//674 403//675
f 395//665 403//675 401//676
f 395//665 401//676 400//665
f 1193//677 402//671 401//673
f 1193//677 401//673 403//678
f 1193//677 403//678 404//679
f 415//680 404//681 403//675
f 415//680 403//675 405//674
f 415//680 405//674 406//682
f 415//680 406//682 409//683
f 415//680 409//683 411//684
f 415//680 411//684 413//685
f 407//686 566//686 568//687
f 407//686 568//687 569//688
f 407//686 569//688 621//686
f 407//686 621//686 619//686
f 407//686 619//686 620//686
f 407//686 620//686 622//686
f 407//686 622//686 408//686
f 407//686 408//686 406//686
f 409//683 406//682 408//689
f 409//683 408//689 625//690
f 409//683 625//690 410//691
f 410//691 656//692 655//693
f 410//691 655//693 654//694
f 410//691 654//694 653//695
f 410//691 653//695 652//696
f 410//691 652//696 651//697
f 410//691 651//697 650//698
f 410//691 650//698 649//699
f 410//691 649//699 648//700
f 410//691 648//700 647//701
f 410//691 647//701 646//702
f 410//691 646//702 645//703
f 410//691 645//703 644//704
f 410//691 644//704 643//705
f 410//691 643//705 642//706
f 410//691 642//706 641//707
f 410//691 641//707 640//708
f 410//691 640//708 639//708
f 410//691 639//708 638//709
f 410//691 638//709 637//709
f 410//691 637//709 636//708
f 410//691 636//708 635//708
f 410//691 635//708 634//709
f 410//691 634//709 633//709
f 410//691 633//709 632//709
f 410//691 632//709 631//708
f 410//691 631//708 630//710
f 410//691 630//710 412//711
f 410//691 412//711 411//684
f 410//691 411//684 409//683
f 414//712 413//685 411//684
f 414//712 411//684 412//711
f 414//712 412//711 461//713
f 413//685 414//712 418//714
f 413//685 418//714 416//715
f 413//685 416//715 415//680
f 404//679 415//716 416//717
f 404//679 416//717 417//718
f 404//679 417//718 1193//677
f 420//719 417//718 416//717
f 420//719 416//717 419//720
f 421//721 419//722 416//715
f 421//721 416//715 418//714
f 421//721 418//714 1116//723
f 421//721 1116//723 422//724
f 419//720 421//725 423//726
f 419//720 423//726 425//727
f 419//720 425//727 420//719
f 422//724 1140//728 439//729
f 422//724 439//729 429//730
f 422//724 429//730 427//731
f 422//724 427//731 424//134
f 422//724 424//134 423//138
f 422//724 423//138 421//721
f 423//726 96//124 426//125
f 423//726 426//125 425//727
f 430//732 103//136 428//135
f 430//732 428//135 424//134
f 430//732 424//134 427//731
f 433//733 431//734 430//732
f 433//733 430//732 427//731
f 433//733 427//731 429//730
f 432//735 1192//736 105//139
f 432//735 105//139 103//140
f 432//735 103//140 430//737
f 432//735 430//737 431//738
f 431//738 433//739 434//740
f 431//738 434//740 435//741
f 431//738 435//741 1152//742
f 431//738 1152//742 432//735
f 438//743 436//744 434//745
f 438//743 434//745 433//733
f 438//743 433//733 429//730
f 438//743 429//730 439//729
f 434//740 436//746 437//747
f 434//740 437//747 1147//748
f 434//740 1147//748 435//741
f 436//746 438//749 440//750
f 436//746 440//750 442//751
f 436//746 442//751 443//752
f 436//746 443//752 437//747
f 439//729 1140//728 450//753
f 439//729 450//753 449//754
f 439//729 449//754 451//755
f 439//729 451//755 1117//756
f 439//729 1117//756 1118//756
f 439//729 1118//756 1119//757
f 439//729 1119//757 1120//756
f 439//729 1120//756 1121//757
f 439//729 1121//757 1122//756
f 439//729 1122//756 1123//757
f 439//729 1123//757 1124//756
f 439//729 1124//756 1125//758
f 439//729 1125//758 1126//759
f 439//729 1126//759 1127//760
f 439//729 1127//760 1128//761
f 439//729 1128//761 1129//762
f 439//729 1129//762 1130//763
f 439//729 1130//763 1131//764
f 439//729 1131//764 1132//765
f 439//729 1132//765 1133//766
f 439//729 1133//766 1134//767
f 439//729 1134//767 1135//768
f 439//729 1135//768 1136//769
f 439//729 1136//769 1137//770
f 439//729 1137//770 1138//771
f 439//729 1138//771 1139//772
f 439//729 1139//772 441//773
f 439//729 441//773 440//774
f 439//729 440//774 438//743
f 440//750 441//775 1139//776
f 440//750 1139//776 1138//777
f 440//750 1138//777 1137//778
f 440//750 1137//778 1136//779
f 440//750 1136//779 1135//780
f 440//750 1135//780 1134//781
f 440//750 1134//781 1133//782
f 440//750 1133//782 1132//783
f 440//750 1132//783 1131//784
f 440//750 1131//784 1130//785
f 440//750 1130//785 1129//786
f 440//750 1129//786 1128//787
f 440//750 1128//787 1127//788
f 440//750 1127//788 1126//789
f 440//750 1126//789 1125//790
f 440//750 1125//790 1124//791
f 440//750 1124//791 1123//792
f 440//750 1123//792 1122//792
f 440//750 1122//792 1121//792
f 440//750 1121//792 1120//792
f 440//750 1120//792 1119//792
f 440//750 1119//792 1118//792
f 440//750 1118//792 1117//792
f 440//750 1117//792 451//755
f 440//750 451//755 449//754
f 440//750 449//754 448//793
f 440//750 448//793 446//794
f 440//750 446//794 444//795
f 440//750 444//795 442//751
f 443//796 442//797 444//798
f 443//796 444//798 445//799
f 443//796 445//799 1141//800
f 443//796 1141//800 1143//801
f 444//798 446//802 447//803
f 444//798 447//803 128//804
f 444//798 128//804 125//805
f 444//798 125//805 445//799
f 447//806 446//794 448//793
f 447//806 448//793 449//754
f 447//806 449//754 452//807
f 456//808 455//809 453//810
f 456//808 453//810 452//811
f 456//808 452//811 449//754
f 456//808 449//754 450//753
f 505//812 447//806 452//807
f 505//812 452//807 453//813
f 505//812 453//813 454//814
f 455//809 457//815 503//816
f 455//809 503//816 454//817
f 455//809 454//817 453//810
f 455//809 456//808 1116//723
f 455//809 1116//723 418//714
f 455//809 418//714 458//818
f 455//809 458//818 459//819
f 455//809 459//819 457//815
f 462//820 459//819 458//818
f 462//820 458//818 460//821
f 458//818 418//714 414//712
f 458//818 414//712 461//713
f 458//818 461//713 460//821
f 412//711 630//710 464//822
f 412//711 464//822 463//823
f 412//711 463//823 460//821
f 412//711 460//821 461//713
f 463//823 465//824 467//825
f 463//823 467//825 462//820
f 463//823 462//820 460//821
f 465//826 463//827 464//828
f 465//826 464//828 628//829
f 465//826 628//829 466//830
f 466//830 660//831 468//832
f 466//830 468//832 467//833
f 466//830 467//833 465//826
f 489//834 488//835 487//836
f 489//834 487//836 486//837
f 489//834 486//837 485//838
f 489//834 485//838 484//839
f 489//834 484//839 483//840
f 489//834 483//840 482//841
f 489//834 482//841 481//842
f 489//834 481//842 480//843
f 489//834 480//843 478//844
f 489//834 478//844 477//845
f 489//834 477//845 476//846
f 489//834 476//846 475//839
f 489//834 475//839 473//843
f 489//834 473//843 472//841
f 489//834 472//841 471//847
f 489//834 471//847 470//848
f 489//834 470//848 469//849
f 489//834 469//849 467//833
f 489//834 467//833 468//832
f 489//834 468//832 490//850
f 493//851 459//819 462//820
f 493//851 462//820 467//825
f 493//851 467//825 469//852
f 493//851 469//852 470//853
f 493//851 470//853 471//854
f 493//851 471//854 472//855
f 493//851 472//855 474//856
f 493//851 474//856 475//857
f 493//851 475//857 476//858
f 493//851 476//858 477//859
f 493//851 477//859 479//857
f 493//851 479//857 480//857
f 493//851 480//857 481//856
f 493//851 481//856 482//860
f 493//851 482//860 483//857
f 493//851 483//857 484//861
f 493//851 484//861 485//862
f 493//851 485//862 486//863
f 493//851 486//863 487//864
f 493//851 487//864 488//835
f 493//851 488//835 489//834
f 493//851 489//834 491//865
f 490//850 1080//866 492//867
f 490//850 492//867 491//868
f 490//850 491//868 489//834
f 491//865 492//869 1082//870
f 491//865 1082//870 494//871
f 491//865 494//871 493//851
f 493//851 494//871 498//872
f 493//851 498//872 497//873
f 493//851 497//873 495//874
f 495//874 496//875 1115//876
f 495//874 1115//876 1114//877
f 495//874 1114//877 1113//878
f 495//874 1113//878 1112//879
f 495//874 1112//879 1111//880
f 495//874 1111//880 1110//881
f 495//874 1110//881 1109//882
f 495//874 1109//882 1108//883
f 495//874 1108//883 1107//884
f 495//874 1107//884 1106//883
f 495//874 1106//883 1104//885
f 495//874 1104//885 1103//886
f 495//874 1103//886 1102//887
f 495//874 1102//887 1100//888
f 495//874 1100//888 1099//882
f 495//874 1099//882 1098//889
f 495//874 1098//889 1097//890
f 495//874 1097//890 1096//891
f 495//874 1096//891 503//816
f 495//874 503//816 457//815
f 495//874 457//815 459//819
f 495//874 459//819 493//851
f 496//875 495//892 497//893
f 496//875 497//893 499//894
f 496//875 499//894 501//895
f 497//893 498//896 1088//897
f 497//893 1088//897 500//898
f 497//893 500//898 499//894
f 504//899 502//900 501//901
f 504//899 501//901 499//902
f 504//899 499//902 500//903
f 504//899 500//903 517//904
f 504//899 517//904 510//905
f 504//899 510//905 509//906
f 504//899 509//906 507//907
f 504//899 507//907 506//908
f 501//895 502//909 503//910
f 501//895 503//910 1096//911
f 501//895 1096//911 1097//912
f 501//895 1097//912 1098//913
f 501//895 1098//913 1099//913
f 501//895 1099//913 1101//913
f 501//895 1101//913 1102//913
f 501//895 1102//913 1103//914
f 501//895 1103//914 1104//913
f 501//895 1104//913 1105//915
f 501//895 1105//915 1107//913
f 501//895 1107//913 1108//916
f 501//895 1108//916 1109//917
f 501//895 1109//917 1110//918
f 501//895 1110//918 1111//919
f 501//895 1111//919 1112//920
f 501//895 1112//920 1113//921
f 501//895 1113//921 1114//922
f 501//895 1114//922 1115//876
f 501//895 1115//876 496//875
f 454//814 503//910 502//909
f 454//814 502//909 504//923
f 454//814 504//923 505//812
f 506//908 128//804 447//803
f 506//908 447//803 505//924
f 506//908 505//924 504//899
f 511//925 508//229 507//228
f 511//925 507//228 509//926
f 513//927 512//928 511//925
f 513//927 511//925 509//926
f 513//927 509//926 510//929
f 135//237 132//236 1095//235
f 135//237 1095//235 1094//930
f 135//237 1094//930 1093//931
f 135//237 1093//931 508//932
f 135//237 508//932 511//933
f 135//237 511//933 512//934
f 138//240 135//237 512//934
f 138//240 512//934 513//935
f 138//240 513//935 514//936
f 510//929 517//937 516//938
f 510//929 516//938 515//939
f 510//929 515//939 514//940
f 510//929 514//940 513//927
f 142//245 138//240 514//936
f 142//245 514//936 515//941
f 142//245 515//941 516//942
f 142//245 516//942 518//943
f 142//245 518//943 520//249
f 519//944 518//945 516//945
f 519//944 516//945 517//945
f 519//944 517//945 500//945
f 519//944 500//945 1088//945
f 519//944 1088//945 1087//946
f 519//944 1087//946 1089//947
f 519//944 1089//947 1090//945
f 519//944 1090//945 521//948
f 518//943 519//949 522//949
f 518//943 522//949 523//949
f 518//943 523//949 713//949
f 518//943 713//949 712//949
f 518//943 712//949 709//949
f 518//943 709//949 707//949
f 518//943 707//949 705//949
f 518//943 705//949 702//299
f 518//943 702//299 1075//295
f 518//943 1075//295 1076//950
f 518//943 1076//950 144//251
f 518//943 144//251 141//250
f 518//943 141//250 520//249
f 522//951 519//944 521//948
f 522//951 521//948 526//952
f 522//951 526//952 524//953
f 523//954 522//951 524//953
f 523//954 524//953 525//955
f 523//954 525//955 714//956
f 527//957 530//958 525//959
f 527//957 525//959 524//960
f 527//957 524//960 526//961
f 526//961 521//962 528//963
f 526//961 528//963 527//957
f 527//957 528//963 537//964
f 527//957 537//964 529//965
f 529//965 533//966 531//967
f 529//965 531//967 530//958
f 529//965 530//958 527//957
f 712//968 713//969 714//970
f 712//968 714//970 525//971
f 712//968 525//971 530//972
f 712//968 530//972 531//973
f 712//968 531//973 532//974
f 712//968 532//974 711//975
f 712//968 711//975 710//968
f 532//976 531//977 533//978
f 532//976 533//978 534//979
f 532//976 534//979 535//980
f 533//978 529//981 537//982
f 533//978 537//982 536//983
f 533//978 536//983 534//979
f 697//984 695//985 693//986
f 697//984 693//986 701//987
f 697//984 701//987 704//988
f 697//984 704//988 706//988
f 697//984 706//988 708//988
f 697//984 708//988 710//988
f 697//984 710//988 711//988
f 697//984 711//988 535//988
f 697//984 535//988 534//988
f 697//984 534//988 536//988
f 697//984 536//988 538//989
f 697//984 538//989 539//990
f 697//984 539//990 698//991
f 537//982 1091//992 1084//993
f 537//982 1084//993 1083//994
f 537//982 1083//994 1081//994
f 537//982 1081//994 1079//994
f 537//982 1079//994 541//994
f 537//982 541//994 540//994
f 537//982 540//994 538//994
f 537//982 538//994 536//983
f 539//990 538//989 540//995
f 539//990 540//995 542//996
f 539//990 542//996 543//997
f 545//998 544//999 542//1000
f 545//998 542//1000 540//1001
f 545//998 540//1001 541//1002
f 545//998 541//1002 664//1003
f 542//996 544//1004 546//1005
f 542//996 546//1005 543//997
f 544//1004 545//1006 665//1007
f 544//1004 665//1007 547//1008
f 544//1004 547//1008 546//1005
f 547//1008 549//1009 548//1010
f 547//1008 548//1010 546//1005
f 546//1005 548//1010 550//1011
f 546//1005 550//1011 543//997
f 556//1012 555//1013 553//1014
f 556//1012 553//1014 551//1015
f 556//1012 551//1015 548//1010
f 556//1012 548//1010 549//1009
f 551//1015 552//1016 699//1017
f 551//1015 699//1017 550//1011
f 551//1015 550//1011 548//1010
f 552//1016 551//1015 553//1014
f 552//1016 553//1014 554//1018
f 552//1016 554//1018 680//1019
f 553//1014 555//1013 557//1020
f 553//1014 557//1020 554//1018
f 555//1013 556//1012 572//1021
f 555//1013 572//1021 560//1022
f 555//1013 560//1022 559//1023
f 555//1013 559//1023 557//1020
f 559//1023 561//1024 558//1025
f 559//1023 558//1025 557//1020
f 558//1025 678//1026 554//1018
f 558//1025 554//1018 557//1020
f 564//1027 563//1028 561//1024
f 564//1027 561//1024 559//1023
f 564//1027 559//1023 560//1022
f 561//1024 562//661 675//660
f 561//1024 675//660 558//1025
f 563//1028 565//1029 567//662
f 563//1028 567//662 562//661
f 563//1028 562//661 561//1024
f 565//1029 563//1028 564//1027
f 565//1029 564//1027 570//1030
f 565//1029 570//1030 568//687
f 565//1029 568//687 566//1031
f 566//1031 407//663 567//662
f 566//1031 567//662 565//1029
f 570//1030 571//1032 573//1033
f 570//1030 573//1033 621//1034
f 570//1030 621//1034 569//688
f 570//1030 569//688 568//687
f 560//1022 572//1021 571//1032
f 560//1022 571//1032 570//1030
f 560//1022 570//1030 564//1027
f 673//1035 576//1036 574//1037
f 673//1035 574//1037 571//1032
f 673//1035 571//1032 572//1021
f 673//1035 572//1021 674//1038
f 673//1035 674//1038 672//1039
f 573//1033 571//1032 574//1037
f 573//1033 574//1037 577//1040
f 573//1033 577//1040 578//1041
f 573//1033 578//1041 579//1042
f 573//1033 579//1042 580//1043
f 573//1033 580//1043 581//1044
f 573//1033 581//1044 582//1045
f 573//1033 582//1045 583//1046
f 573//1033 583//1046 584//1047
f 573//1033 584//1047 586//1046
f 573//1033 586//1046 587//1046
f 573//1033 587//1046 588//1047
f 573//1033 588//1047 590//1046
f 573//1033 590//1046 591//1046
f 573//1033 591//1046 592//1048
f 573//1033 592//1048 593//1049
f 573//1033 593//1049 594//1050
f 573//1033 594//1050 595//1051
f 573//1033 595//1051 596//1052
f 597//1053 596//1054 595//1055
f 597//1053 595//1055 594//1056
f 597//1053 594//1056 593//1057
f 597//1053 593//1057 592//1058
f 597//1053 592//1058 591//1059
f 597//1053 591//1059 589//1060
f 597//1053 589//1060 588//1059
f 597//1053 588//1059 587//1059
f 597//1053 587//1059 585//1060
f 597//1053 585//1060 584//1059
f 597//1053 584//1059 583//1059
f 597//1053 583//1059 582//1061
f 597//1053 582//1061 581//1062
f 597//1053 581//1062 580//1063
f 597//1053 580//1063 579//1064
f 597//1053 579//1064 578//1065
f 597//1053 578//1065 577//1066
f 597//1053 577//1066 574//1067
f 597//1053 574//1067 575//1068
f 597//1053 575//1068 627//1069
f 597//1053 627//1069 598//1070
f 574//1067 576//1071 657//1072
f 574//1067 657//1072 575//1068
f 596//1052 597//1073 599//1074
f 596//1052 599//1074 600//1075
f 596//1052 600//1075 601//1076
f 596//1052 601//1076 602//1077
f 596//1052 602//1077 603//1078
f 596//1052 603//1078 604//1079
f 596//1052 604//1079 606//1080
f 596//1052 606//1080 607//1080
f 596//1052 607//1080 608//1080
f 596//1052 608//1080 609//1080
f 596//1052 609//1080 610//1080
f 596//1052 610//1080 612//1080
f 596//1052 612//1080 613//1080
f 596//1052 613//1080 614//1080
f 596//1052 614//1080 615//1081
f 596//1052 615//1081 616//1082
f 596//1052 616//1082 617//1083
f 596//1052 617//1083 618//1084
f 596//1052 618//1084 619//1085
f 596//1052 619//1085 621//1034
f 596//1052 621//1034 573//1033
f 598//1070 620//1086 619//1087
f 598//1070 619//1087 618//1088
f 598//1070 618//1088 617//1089
f 598//1070 617//1089 616//1090
f 598//1070 616//1090 615//1091
f 598//1070 615//1091 614//1092
f 598//1070 614//1092 613//1092
f 598//1070 613//1092 611//1093
f 598//1070 611//1093 610//1092
f 598//1070 610//1092 609//1092
f 598//1070 609//1092 608//1092
f 598//1070 608//1092 607//1093
f 598//1070 607//1093 605//1093
f 598//1070 605//1093 604//1094
f 598//1070 604//1094 603//1095
f 598//1070 603//1095 602//1096
f 598//1070 602//1096 601//1097
f 598//1070 601//1097 600//1098
f 598//1070 600//1098 599//1099
f 598//1070 599//1099 597//1053
f 624//1100 623//1101 622//1102
f 624//1100 622//1102 620//1103
f 624//1100 620//1103 598//1104
f 624//1100 598//1104 627//1105
f 625//1106 408//1107 622//1108
f 625//1106 622//1108 623//1109
f 623//1109 624//1110 626//1111
f 623//1109 626//1111 629//1112
f 623//1109 629//1112 630//1113
f 623//1109 630//1113 631//1114
f 623//1109 631//1114 632//1114
f 623//1109 632//1114 633//1114
f 623//1109 633//1114 634//1114
f 623//1109 634//1114 635//1114
f 623//1109 635//1114 636//1114
f 623//1109 636//1114 637//1114
f 623//1109 637//1114 638//1114
f 623//1109 638//1114 639//1114
f 623//1109 639//1114 640//1114
f 623//1109 640//1114 641//1115
f 623//1109 641//1115 642//1116
f 623//1109 642//1116 643//1117
f 623//1109 643//1117 644//1118
f 623//1109 644//1118 645//1119
f 623//1109 645//1119 646//1120
f 623//1109 646//1120 647//1121
f 623//1109 647//1121 648//1122
f 623//1109 648//1122 649//1123
f 623//1109 649//1123 650//1124
f 623//1109 650//1124 651//1125
f 623//1109 651//1125 652//1126
f 623//1109 652//1126 653//1127
f 623//1109 653//1127 654//1128
f 623//1109 654//1128 655//1129
f 623//1109 655//1129 656//1130
f 623//1109 656//1130 410//1131
f 623//1109 410//1131 625//1106
f 627//1105 575//1132 657//1133
f 627//1105 657//1133 628//1134
f 627//1105 628//1134 626//1135
f 627//1105 626//1135 624//1100
f 464//828 630//1113 629//1112
f 464//828 629//1112 626//1111
f 464//828 626//1111 628//829
f 660//1136 466//1137 628//1134
f 660//1136 628//1134 657//1133
f 660//1136 657//1133 658//1138
f 657//1072 576//1071 673//1139
f 657//1072 673//1139 670//1140
f 657//1072 670//1140 666//1141
f 657//1072 666//1141 661//1142
f 657//1072 661//1142 659//1143
f 657//1072 659//1143 658//1144
f 658//1138 659//1145 662//1146
f 658//1138 662//1146 664//1147
f 658//1138 664//1147 541//1148
f 658//1138 541//1148 1079//1149
f 658//1138 1079//1149 1080//1150
f 658//1138 1080//1150 490//1151
f 658//1138 490//1151 468//1152
f 658//1138 468//1152 660//1136
f 662//1153 659//1143 661//1142
f 662//1153 661//1142 663//1154
f 664//1003 662//1153 663//1154
f 664//1003 663//1154 665//1155
f 664//1003 665//1155 545//998
f 665//1007 663//1156 661//1157
f 665//1007 661//1157 667//1158
f 665//1007 667//1158 668//1159
f 665//1007 668//1159 669//1160
f 665//1007 669//1160 671//1161
f 665//1007 671//1161 547//1008
f 661//1157 666//1162 667//1158
f 670//1163 669//1164 668//1159
f 670//1163 668//1159 667//1158
f 670//1163 667//1158 666//1165
f 672//1039 671//1161 669//1160
f 672//1039 669//1160 670//1166
f 672//1039 670//1166 673//1035
f 671//1161 672//1039 674//1038
f 671//1161 674//1038 549//1009
f 671//1161 549//1009 547//1008
f 674//1038 572//1021 556//1012
f 674//1038 556//1012 549//1009
f 675//660 676//659 678//1026
f 675//660 678//1026 558//1025
f 676//659 677//658 679//1167
f 676//659 679//1167 678//1026
f 678//1026 679//1167 680//1019
f 678//1026 680//1019 554//1018
f 677//658 685//657 683//1168
f 677//658 683//1168 681//1169
f 677//658 681//1169 679//1167
f 681//1169 682//1170 680//1019
f 681//1169 680//1019 679//1167
f 684//1171 694//1172 696//1173
f 684//1171 696//1173 682//1170
f 684//1171 682//1170 681//1169
f 684//1171 681//1169 683//1168
f 684//1171 683//1168 685//657
f 684//1171 685//657 686//656
f 684//1171 686//656 687//656
f 684//1171 687//656 689//1174
f 689//1174 687//656 688//656
f 689//1174 688//656 690//1175
f 694//1172 684//1171 689//1174
f 694//1172 689//1174 691//1176
f 691//1176 689//1174 690//1175
f 691//1176 690//1175 692//1177
f 700//1178 693//986 691//1176
f 700//1178 691//1176 692//1177
f 694//1172 691//1176 693//986
f 694//1172 693//986 695//985
f 694//1172 695//985 697//984
f 694//1172 697//984 696//1173
f 682//1170 696//1173 697//984
f 682//1170 697//984 699//1017
f 682//1170 699//1017 552//1016
f 682//1170 552//1016 680//1019
f 699//1017 697//984 698//991
f 699//1017 698//991 550//1011
f 698//991 539//990 543//997
f 698//991 543//997 550//1011
f 878//1179 726//1180 725//1180
f 878//1179 725//1180 724//1180
f 878//1179 724//1180 722//1180
f 878//1179 722//1180 721//1180
f 878//1179 721//1180 720//1180
f 878//1179 720//1180 715//1180
f 878//1179 715//1180 703//1180
f 878//1179 703//1180 701//987
f 878//1179 701//987 693//986
f 878//1179 693//986 700//1178
f 878//1179 700//1178 868//1181
f 878//1179 868//1181 866//1182
f 878//1179 866//1182 867//1183
f 704//1184 701//1185 702//1185
f 704//1184 702//1185 705//1184
f 716//1186 702//1185 701//1185
f 716//1186 701//1185 703//1186
f 705//1184 707//1187 706//1187
f 705//1184 706//1187 704//1184
f 707//1187 709//1188 708//1188
f 707//1187 708//1188 706//1187
f 709//1188 712//968 710//968
f 709//1188 710//968 708//1188
f 714//956 713//1189 523//954
f 535//980 711//1190 532//976
f 703//1186 715//1191 717//1191
f 703//1186 717//1191 716//1186
f 715//1191 720//1192 718//1192
f 715//1191 718//1192 717//1191
f 720//1192 721//1193 719//1193
f 720//1192 719//1193 718//1192
f 721//1193 722//1194 723//1195
f 721//1193 723//1195 728//1196
f 721//1193 728//1196 745//1197
f 721//1193 745//1197 740//1198
f 721//1193 740//1198 744//1199
f 721//1193 744//1199 743//1200
f 721//1193 743//1200 719//1193
f 723//1201 722//1202 724//1203
f 724//1203 725//1204 727//1205
f 724//1203 727//1205 728//1206
f 724//1203 728//1206 723//1201
f 725//1204 726//1207 731//1208
f 725//1204 731//1208 729//1209
f 725//1204 729//1209 727//1205
f 730//1210 745//1211 728//1212
f 730//1210 728//1212 727//1213
f 730//1210 727//1213 729//1214
f 729//1214 731//1215 733//1216
f 729//1214 733//1216 730//1210
f 726//1207 878//1217 879//1217
f 726//1207 879//1217 881//1217
f 726//1207 881//1217 754//1217
f 726//1207 754//1217 753//1217
f 726//1207 753//1217 751//1218
f 726//1207 751//1218 752//1219
f 726//1207 752//1219 732//1217
f 726//1207 732//1217 731//1208
f 732//1220 734//1221 733//1216
f 732//1220 733//1216 731//1215
f 735//1222 733//1216 734//1221
f 735//1222 734//1221 737//319
f 730//1210 733//1216 735//1222
f 730//1210 735//1222 738//1223
f 739//1224 738//1225 735//318
f 739//1224 735//318 736//322
f 739//1224 736//322 741//1226
f 738//1223 739//1227 740//1228
f 738//1223 740//1228 745//1211
f 738//1223 745//1211 730//1210
f 744//1229 740//1230 739//1224
f 744//1229 739//1224 741//1226
f 744//1229 741//1226 742//1231
f 742//1231 743//1232 744//1229
f 747//1233 746//320 737//319
f 747//1233 737//319 734//1221
f 747//1233 734//1221 749//1234
f 952//1235 748//1236 747//1233
f 952//1235 747//1233 749//1234
f 952//1235 749//1234 750//1237
f 750//1237 749//1234 751//1218
f 750//1237 751//1218 753//1238
f 750//1237 753//1238 755//1239
f 749//1234 734//1221 732//1220
f 749//1234 732//1220 752//1219
f 749//1234 752//1219 751//1218
f 756//1240 755//1241 753//1242
f 756//1240 753//1242 754//1243
f 756//1240 754//1243 758//1244
f 948//1245 750//1237 755//1239
f 948//1245 755//1239 756//1246
f 948//1245 756//1246 757//1247
f 761//1248 757//1249 756//1240
f 761//1248 756//1240 758//1244
f 761//1248 758//1244 759//1250
f 902//1251 760//1252 759//1253
f 902//1251 759//1253 758//1254
f 902//1251 758//1254 754//1255
f 902//1251 754//1255 881//1256
f 902//1251 881//1256 882//1257
f 902//1251 882//1257 883//1258
f 902//1251 883//1258 889//1259
f 902//1251 889//1259 901//1260
f 759//1250 760//1261 782//1262
f 759//1250 782//1262 781//1263
f 759//1250 781//1263 780//1264
f 759//1250 780//1264 779//1265
f 759//1250 779//1265 778//1266
f 759//1250 778//1266 776//1265
f 759//1250 776//1265 775//1265
f 759//1250 775//1265 774//1267
f 759//1250 774//1267 773//1268
f 759//1250 773//1268 771//1269
f 759//1250 771//1269 770//1270
f 759//1250 770//1270 769//1271
f 759//1250 769//1271 768//1272
f 759//1250 768//1272 767//1271
f 759//1250 767//1271 766//1273
f 759//1250 766//1273 765//1274
f 759//1250 765//1274 764//1275
f 759//1250 764//1275 763//1276
f 759//1250 763//1276 762//1277
f 759//1250 762//1277 761//1248
f 757//1247 761//1278 762//1279
f 757//1247 762//1279 763//1280
f 757//1247 763//1280 764//1281
f 757//1247 764//1281 765//1282
f 757//1247 765//1282 766//1283
f 757//1247 766//1283 767//1284
f 757//1247 767//1284 768//1285
f 757//1247 768//1285 769//1286
f 757//1247 769//1286 770//1286
f 757//1247 770//1286 772//1286
f 757//1247 772//1286 773//1287
f 757//1247 773//1287 774//1288
f 757//1247 774//1288 775//1289
f 757//1247 775//1289 777//1286
f 757//1247 777//1286 778//1290
f 757//1247 778//1290 779//1291
f 757//1247 779//1291 780//1292
f 757//1247 780//1292 781//1263
f 757//1247 781//1263 782//1262
f 757//1247 782//1262 784//1293
f 757//1247 784//1293 785//1294
f 757//1247 785//1294 948//1245
f 783//1295 782//1262 760//1261
f 783//1295 760//1261 902//1296
f 783//1295 902//1296 903//1297
f 786//614 784//1293 782//1262
f 786//614 782//1262 783//1298
f 786//614 783//1298 787//1299
f 786//614 369//616 785//1294
f 786//614 785//1294 784//1293
f 372//615 786//614 787//1299
f 372//615 787//1299 788//1300
f 372//615 788//1300 790//1301
f 372//615 790//1301 793//619
f 903//1297 789//1302 788//1303
f 903//1297 788//1303 787//1304
f 903//1297 787//1304 783//1295
f 789//1302 906//1305 791//1306
f 789//1302 791//1306 790//1307
f 789//1302 790//1307 788//1303
f 820//1308 819//1309 818//1310
f 820//1308 818//1310 817//1311
f 820//1308 817//1311 816//1312
f 820//1308 816//1312 815//1313
f 820//1308 815//1313 814//1314
f 820//1308 814//1314 813//1315
f 820//1308 813//1315 812//1316
f 820//1308 812//1316 811//1317
f 820//1308 811//1317 810//1318
f 820//1308 810//1318 809//1319
f 820//1308 809//1319 808//1320
f 820//1308 808//1320 807//1321
f 820//1308 807//1321 806//1322
f 820//1308 806//1322 805//1323
f 820//1308 805//1323 804//1324
f 820//1308 804//1324 803//1325
f 820//1308 803//1325 802//1326
f 820//1308 802//1326 801//1326
f 820//1308 801//1326 800//1326
f 820//1308 800//1326 799//1326
f 820//1308 799//1326 798//1326
f 820//1308 798//1326 797//1326
f 820//1308 797//1326 796//1327
f 820//1308 796//1327 795//1326
f 820//1308 795//1326 794//1326
f 820//1308 794//1326 792//1326
f 820//1308 792//1326 790//1307
f 820//1308 790//1307 791//1306
f 820//1308 791//1306 906//1305
f 820//1308 906//1305 905//1328
f 820//1308 905//1328 826//1329
f 821//621 374//620 793//619
f 821//621 793//619 790//1301
f 821//621 790//1301 792//1330
f 821//621 792//1330 794//1331
f 821//621 794//1331 795//1330
f 821//621 795//1330 796//1331
f 821//621 796//1331 797//1330
f 821//621 797//1330 798//1331
f 821//621 798//1331 799//1331
f 821//621 799//1331 800//1330
f 821//621 800//1330 801//1331
f 821//621 801//1331 802//1330
f 821//621 802//1330 803//1332
f 821//621 803//1332 804//1333
f 821//621 804//1333 805//1334
f 821//621 805//1334 806//1335
f 821//621 806//1335 807//1336
f 821//621 807//1336 808//1337
f 821//621 808//1337 809//1338
f 821//621 809//1338 810//1339
f 821//621 810//1339 811//1340
f 821//621 811//1340 812//1341
f 821//621 812//1341 813//1342
f 821//621 813//1342 814//1343
f 821//621 814//1343 815//1344
f 821//621 815//1344 816//1345
f 821//621 816//1345 817//1346
f 821//621 817//1346 818//1310
f 821//621 818//1310 819//1309
f 819//1309 820//1347 824//1348
f 819//1309 824//1348 822//622
f 819//1309 822//622 821//621
f 827//1349 829//1349 831//1350
f 827//1349 831//1350 832//1351
f 827//1349 832//1351 840//1349
f 827//1349 840//1349 841//1349
f 827//1349 841//1349 823//1349
f 827//1349 823//1349 822//1349
f 827//1349 822//1349 824//1349
f 827//1349 824//1349 825//1349
f 826//1329 825//1352 824//1353
f 826//1329 824//1353 820//1308
f 904//1354 828//1355 827//1356
f 904//1354 827//1356 825//1357
f 904//1354 825//1357 826//1358
f 904//1354 826//1358 905//1359
f 927//1360 928//1361 929//1362
f 927//1360 929//1362 930//1363
f 927//1360 930//1363 931//1364
f 927//1360 931//1364 932//1365
f 927//1360 932//1365 933//1366
f 927//1360 933//1366 934//1367
f 927//1360 934//1367 936//1368
f 927//1360 936//1368 937//1368
f 927//1360 937//1368 938//1368
f 927//1360 938//1368 939//1369
f 927//1360 939//1369 941//1369
f 927//1360 941//1369 942//1367
f 927//1360 942//1367 943//1368
f 927//1360 943//1368 944//1370
f 927//1360 944//1370 945//1371
f 927//1360 945//1371 946//1372
f 927//1360 946//1372 830//1373
f 927//1360 830//1373 829//1374
f 927//1360 829//1374 827//1375
f 927//1360 827//1375 828//1376
f 833//1377 831//1350 829//1378
f 833//1377 829//1378 830//1379
f 833//1377 830//1379 946//1380
f 833//1377 946//1380 945//1381
f 833//1377 945//1381 944//1382
f 833//1377 944//1382 943//1382
f 833//1377 943//1382 942//1382
f 833//1377 942//1382 940//1382
f 833//1377 940//1382 939//1382
f 833//1377 939//1382 938//1382
f 833//1377 938//1382 937//1382
f 833//1377 937//1382 936//1382
f 833//1377 936//1382 935//1382
f 833//1377 935//1382 933//1383
f 833//1377 933//1383 932//1384
f 833//1377 932//1384 931//1385
f 833//1377 931//1385 930//1386
f 833//1377 930//1386 929//1387
f 833//1377 929//1387 928//1361
f 833//1377 928//1361 927//1360
f 833//1377 927//1360 834//1388
f 840//1389 832//1351 831//1350
f 840//1389 831//1350 833//1377
f 840//1389 833//1377 835//1390
f 840//1389 835//1390 838//1391
f 834//1388 926//1392 925//1393
f 834//1388 925//1393 924//1394
f 834//1388 924//1394 923//1395
f 834//1388 923//1395 922//1395
f 834//1388 922//1395 921//1396
f 834//1388 921//1396 919//1395
f 834//1388 919//1395 918//1395
f 834//1388 918//1395 917//1396
f 834//1388 917//1396 915//1395
f 834//1388 915//1395 914//1395
f 834//1388 914//1395 913//1397
f 834//1388 913//1397 912//1398
f 834//1388 912//1398 911//1399
f 834//1388 911//1399 910//1400
f 834//1388 910//1400 909//1401
f 834//1388 909//1401 908//1402
f 834//1388 908//1402 836//1403
f 834//1388 836//1403 835//1390
f 834//1388 835//1390 833//1377
f 898//1404 859//1405 837//1406
f 898//1404 837//1406 835//1390
f 898//1404 835//1390 836//1403
f 898//1404 836//1403 897//1407
f 898//1404 897//1407 896//1408
f 839//1409 838//1391 835//1390
f 839//1409 835//1390 837//1406
f 839//1409 837//1406 907//1410
f 841//1411 840//1389 838//1391
f 841//1411 838//1391 839//1409
f 841//1411 839//1409 843//1412
f 841//1411 843//1412 842//1413
f 842//1413 844//650 823//649
f 842//1413 823//649 841//1411
f 846//1414 845//651 844//650
f 846//1414 844//650 842//1413
f 846//1414 842//1413 843//1412
f 849//1415 847//652 845//651
f 849//1415 845//651 846//1414
f 849//1415 850//1416 848//653
f 849//1415 848//653 847//652
f 851//1417 849//1415 846//1414
f 851//1417 846//1414 853//1418
f 851//1417 852//1419 850//1416
f 851//1417 850//1416 849//1415
f 852//1419 851//1417 854//1420
f 852//1419 854//1420 855//1421
f 851//1417 853//1418 907//1410
f 851//1417 907//1410 837//1406
f 851//1417 837//1406 856//1422
f 851//1417 856//1422 854//1420
f 857//1423 860//1424 862//1425
f 857//1423 862//1425 855//1421
f 857//1423 855//1421 854//1420
f 857//1423 854//1420 856//1422
f 857//1423 856//1422 837//1406
f 857//1423 837//1406 859//1405
f 858//1426 857//1423 859//1405
f 858//1426 859//1405 898//1404
f 858//1426 898//1404 894//1427
f 861//1428 860//1424 857//1423
f 861//1428 857//1423 858//1426
f 864//1429 863//1430 860//1424
f 864//1429 860//1424 861//1428
f 860//1424 863//1430 865//1431
f 860//1424 865//1431 877//1432
f 860//1424 877//1432 862//1425
f 863//1430 864//1429 867//1183
f 863//1430 867//1183 866//1182
f 863//1430 866//1182 868//1181
f 863//1430 868//1181 865//1431
f 871//1433 877//1432 865//1431
f 871//1433 865//1431 868//1181
f 871//1433 868//1181 869//1434
f 871//1433 869//1434 870//1435
f 869//1434 868//1181 700//1178
f 869//1434 700//1178 692//1177
f 874//1436 872//1437 870//1435
f 874//1436 870//1435 869//1434
f 874//1436 869//1434 692//1177
f 874//1436 692//1177 690//1175
f 873//1438 871//1433 870//1435
f 873//1438 870//1435 872//1437
f 873//1438 872//1437 874//1436
f 873//1438 874//1436 875//655
f 873//1438 875//655 876//654
f 688//656 875//655 874//1436
f 688//656 874//1436 690//1175
f 850//1416 873//1438 876//654
f 850//1416 876//654 848//653
f 852//1419 871//1433 873//1438
f 852//1419 873//1438 850//1416
f 871//1433 852//1419 855//1421
f 871//1433 855//1421 862//1425
f 871//1433 862//1425 877//1432
f 864//1429 880//1439 879//1440
f 864//1429 879//1440 878//1179
f 864//1429 878//1179 867//1183
f 882//1441 881//1442 879//1443
f 882//1441 879//1443 880//1444
f 882//1441 880//1444 886//1445
f 882//1441 886//1445 884//1446
f 884//1446 885//1447 887//1448
f 884//1446 887//1448 883//1449
f 884//1446 883//1449 882//1441
f 861//1428 858//1426 885//1450
f 861//1428 885//1450 884//1451
f 861//1428 884//1451 886//1452
f 864//1429 861//1428 886//1452
f 864//1429 886//1452 880//1439
f 858//1426 894//1427 893//1453
f 858//1426 893//1453 892//1454
f 858//1426 892//1454 891//1455
f 858//1426 891//1455 888//1456
f 858//1426 888//1456 887//1457
f 858//1426 887//1457 885//1450
f 887//1448 888//1458 889//1459
f 887//1448 889//1459 883//1449
f 889//1459 888//1458 890//1460
f 889//1459 890//1460 895//1461
f 889//1459 895//1461 896//1462
f 889//1459 896//1462 897//1463
f 889//1459 897//1463 899//1464
f 889//1459 899//1464 901//1465
f 891//1455 890//1466 888//1456
f 890//1467 891//1468 892//1454
f 890//1467 892//1454 893//1453
f 890//1467 893//1453 895//1469
f 896//1408 895//1470 893//1453
f 896//1408 893//1453 894//1427
f 896//1408 894//1427 898//1404
f 900//1471 899//1464 897//1463
f 900//1471 897//1463 836//1472
f 905//1359 906//1473 789//1474
f 905//1359 789//1474 899//1475
f 905//1359 899//1475 900//1476
f 905//1359 900//1476 904//1354
f 901//1260 899//1475 789//1474
f 901//1260 789//1474 903//1477
f 901//1260 903//1477 902//1251
f 828//1376 904//1478 900//1471
f 828//1376 900//1471 836//1472
f 828//1376 836//1472 908//1479
f 828//1376 908//1479 909//1480
f 828//1376 909//1480 910//1481
f 828//1376 910//1481 911//1482
f 828//1376 911//1482 912//1483
f 828//1376 912//1483 913//1484
f 828//1376 913//1484 914//1485
f 828//1376 914//1485 915//1486
f 828//1376 915//1486 916//1485
f 828//1376 916//1485 918//1485
f 828//1376 918//1485 919//1486
f 828//1376 919//1486 920//1485
f 828//1376 920//1485 922//1485
f 828//1376 922//1485 923//1487
f 828//1376 923//1487 924//1488
f 828//1376 924//1488 925//1489
f 828//1376 925//1489 926//1490
f 828//1376 926//1490 834//1491
f 828//1376 834//1491 927//1360
f 907//1410 853//1418 846//1414
f 907//1410 846//1414 843//1412
f 907//1410 843//1412 839//1409
f 947//1492 785//1294 369//616
f 947//1492 369//616 963//618
f 948//1245 785//1294 947//1492
f 948//1245 947//1492 956//1493
f 948//1245 956//1493 1055//1494
f 948//1245 1055//1494 1056//1495
f 948//1245 1056//1495 1057//1496
f 948//1245 1057//1496 1058//1497
f 948//1245 1058//1497 1060//1498
f 948//1245 1060//1498 1061//1499
f 948//1245 1061//1499 1062//1500
f 948//1245 1062//1500 1063//1499
f 948//1245 1063//1499 1064//1496
f 948//1245 1064//1496 1066//1501
f 948//1245 1066//1501 1067//1502
f 948//1245 1067//1502 1068//1503
f 948//1245 1068//1503 1069//1504
f 948//1245 1069//1504 1070//1505
f 948//1245 1070//1505 1071//1506
f 948//1245 1071//1506 1072//1507
f 948//1245 1072//1507 1073//1508
f 948//1245 1073//1508 1074//1509
f 948//1245 1074//1509 950//1510
f 948//1245 950//1510 949//1511
f 949//1511 951//1512 952//1235
f 949//1511 952//1235 750//1237
f 949//1511 750//1237 948//1245
f 954//1513 953//1514 951//1515
f 954//1513 951//1515 949//1516
f 954//1513 949//1516 950//1517
f 953//1514 183//1518 748//1519
f 953//1514 748//1519 952//1520
f 953//1514 952//1520 951//1515
f 950//1517 1074//1521 1073//1522
f 950//1517 1073//1522 1072//1523
f 950//1517 1072//1523 1071//1524
f 950//1517 1071//1524 1070//1525
f 950//1517 1070//1525 1069//1526
f 950//1517 1069//1526 1068//1527
f 950//1517 1068//1527 1067//1528
f 950//1517 1067//1528 1066//1527
f 950//1517 1066//1527 1065//1529
f 950//1517 1065//1529 1063//1530
f 950//1517 1063//1530 1062//1527
f 950//1517 1062//1527 1061//1531
f 950//1517 1061//1531 1059//1532
f 950//1517 1059//1532 1058//1532
f 950//1517 1058//1532 1057//1533
f 950//1517 1057//1533 1056//1534
f 950//1517 1056//1534 1055//1494
f 950//1517 1055//1494 956//1493
f 950//1517 956//1493 955//1535
f 950//1517 955//1535 954//1513
f 958//1536 957//1537 955//1535
f 958//1536 955//1535 956//1493
f 958//1536 956//1493 960//1538
f 957//332 958//1539 959//1540
f 957//332 959//1540 1006//1541
f 957//332 1006//1541 189//323
f 960//1538 961//1542 962//1543
f 960//1538 962//1543 959//1544
f 960//1538 959//1544 958//1536
f 961//1545 960//1546 956//1493
f 961//1545 956//1493 947//1492
f 961//1545 947//1492 963//618
f 965//1547 966//1548 962//1549
f 965//1547 962//1549 961//1545
f 965//1547 961//1545 963//618
f 965//1547 963//618 964//617
f 370//613 969//593 967//592
f 370//613 967//592 965//1547
f 370//613 965//1547 964//617
f 970//1550 972//1551 974//1552
f 970//1550 974//1552 975//1553
f 970//1550 975//1553 976//1554
f 970//1550 976//1554 977//1555
f 970//1550 977//1555 978//1556
f 970//1550 978//1556 979//1557
f 970//1550 979//1557 980//1558
f 970//1550 980//1558 981//1559
f 970//1550 981//1559 982//1560
f 970//1550 982//1560 983//1561
f 970//1550 983//1561 984//1562
f 970//1550 984//1562 985//1563
f 970//1550 985//1563 986//1564
f 970//1550 986//1564 987//1565
f 970//1550 987//1565 988//1566
f 970//1550 988//1566 989//1567
f 970//1550 989//1567 990//1568
f 970//1550 990//1568 991//1569
f 970//1550 991//1569 992//1568
f 970//1550 992//1568 993//1568
f 970//1550 993//1568 994//1569
f 970//1550 994//1569 995//1569
f 970//1550 995//1569 996//1570
f 970//1550 996//1570 997//1569
f 970//1550 997//1569 998//1569
f 970//1550 998//1569 966//1548
f 970//1550 966//1548 965//1547
f 970//1550 965//1547 967//592
f 970//1550 967//592 968//591
f 968//591 352//580 348//584
f 968//591 348//584 1054//1571
f 968//591 1054//1571 971//1572
f 968//591 971//1572 970//1550
f 1052//1573 999//1574 973//1575
f 1052//1573 973//1575 972//1551
f 1052//1573 972//1551 970//1576
f 1052//1573 970//1576 971//1577
f 973//1575 1000//1578 1001//1579
f 973//1575 1001//1579 1051//1580
f 973//1575 1051//1580 966//1581
f 973//1575 966//1581 998//1582
f 973//1575 998//1582 997//1582
f 973//1575 997//1582 996//1582
f 973//1575 996//1582 995//1582
f 973//1575 995//1582 994//1582
f 973//1575 994//1582 993//1582
f 973//1575 993//1582 992//1582
f 973//1575 992//1582 991//1582
f 973//1575 991//1582 990//1582
f 973//1575 990//1582 989//1583
f 973//1575 989//1583 988//1584
f 973//1575 988//1584 987//1585
f 973//1575 987//1585 986//1586
f 973//1575 986//1586 985//1587
f 973//1575 985//1587 984//1588
f 973//1575 984//1588 983//1589
f 973//1575 983//1589 982//1590
f 973//1575 982//1590 981//1591
f 973//1575 981//1591 980//1592
f 973//1575 980//1592 979//1593
f 973//1575 979//1593 978//1594
f 973//1575 978//1594 977//1595
f 973//1575 977//1595 976//1596
f 973//1575 976//1596 975//1597
f 973//1575 975//1597 974//1552
f 973//1575 974//1552 972//1551
f 1033//1598 1003//1599 1002//1600
f 1033//1598 1002//1600 1000//1601
f 1033//1598 1000//1601 973//1602
f 1033//1598 973//1602 999//1603
f 1002//1600 1004//1604 1006//1541
f 1002//1600 1006//1541 959//1540
f 1002//1600 959//1540 1001//1605
f 1002//1600 1001//1605 1000//1601
f 1027//1606 1026//1607 1025//1608
f 1027//1606 1025//1608 1024//1609
f 1027//1606 1024//1609 1023//1610
f 1027//1606 1023//1610 1022//1611
f 1027//1606 1022//1611 1021//1612
f 1027//1606 1021//1612 1020//1613
f 1027//1606 1020//1613 1018//1613
f 1027//1606 1018//1613 1017//1614
f 1027//1606 1017//1614 1016//1614
f 1027//1606 1016//1614 1015//1614
f 1027//1606 1015//1614 1014//1614
f 1027//1606 1014//1614 1013//1614
f 1027//1606 1013//1614 1011//1614
f 1027//1606 1011//1614 1010//1615
f 1027//1606 1010//1615 1009//1616
f 1027//1606 1009//1616 1008//1617
f 1027//1606 1008//1617 1007//1618
f 1027//1606 1007//1618 1005//1619
f 1027//1606 1005//1619 1004//1620
f 1027//1606 1004//1620 1002//1621
f 1027//1606 1002//1621 1003//1622
f 1005//1619 196//339 1006//338
f 1005//1619 1006//338 1004//1620
f 1029//523 203//363 1005//362
f 1029//523 1005//362 1007//1623
f 1029//523 1007//1623 1008//1624
f 1029//523 1008//1624 1009//1625
f 1029//523 1009//1625 1010//1626
f 1029//523 1010//1626 1012//1627
f 1029//523 1012//1627 1013//1627
f 1029//523 1013//1627 1014//1627
f 1029//523 1014//1627 1015//1627
f 1029//523 1015//1627 1016//1627
f 1029//523 1016//1627 1017//1626
f 1029//523 1017//1626 1019//1626
f 1029//523 1019//1626 1020//1627
f 1029//523 1020//1627 1021//1628
f 1029//523 1021//1628 1022//1629
f 1029//523 1022//1629 1023//1630
f 1029//523 1023//1630 1024//1631
f 1029//523 1024//1631 1025//1632
f 1029//523 1025//1632 1026//1607
f 1029//523 1026//1607 1027//1606
f 1029//523 1027//1606 1028//531
f 1003//1622 1033//1633 1032//549
f 1003//1622 1032//549 1030//532
f 1003//1622 1030//532 1028//1634
f 1003//1622 1028//1634 1027//1606
f 341//566 1032//1635 1033//1598
f 341//566 1033//1598 999//1603
f 341//566 999//1603 1052//1636
f 341//566 1052//1636 1053//567
f 962//1543 966//1581 1051//1580
f 962//1543 1051//1580 1001//1579
f 962//1543 1001//1579 959//1544
f 344//574 1053//1637 1052//1573
f 344//574 1052//1573 971//1577
f 344//574 971//1577 1054//575
f 1076//950 1075//295 166//292
f 1076//950 166//292 1077//263
f 1078//253 144//251 1076//950
f 1078//253 1076//950 1077//263
f 166//292 158//275 154//264
f 166//292 154//264 1077//263
f 1080//866 1079//1638 1081//1639
f 1080//866 1081//1639 1082//1640
f 1080//866 1082//1640 492//867
f 1082//870 1081//1641 1083//1642
f 1082//870 1083//1642 1085//1643
f 1082//870 1085//1643 494//871
f 1083//1642 1084//993 1091//992
f 1083//1642 1091//992 1086//1644
f 1083//1642 1086//1644 1085//1643
f 494//871 1085//1643 1087//946
f 494//871 1087//946 1088//1645
f 494//871 1088//1645 498//872
f 1085//1643 1086//1644 1090//1646
f 1085//1643 1090//1646 1089//947
f 1085//1643 1089//947 1087//946
f 1090//1646 1086//1644 528//963
f 1090//1646 528//963 521//962
f 537//964 528//963 1086//1644
f 537//964 1086//1644 1091//992
f 1093//931 1092//1647 508//932
f 1092//1648 1093//1649 1094//1650
f 1092//1648 1094//1650 1095//1651
f 1092//1648 1095//1651 130//1652
f 456//808 450//753 1140//728
f 456//808 1140//728 422//724
f 456//808 422//724 1116//723
f 1142//190 120//1653 1145//1654
f 1142//190 1145//1654 1144//1655
f 1142//190 1144//1655 1143//1656
f 1142//190 1143//1656 1141//215
f 1147//1657 437//1658 443//796
f 1147//1657 443//796 1143//801
f 1147//1657 1143//801 1144//1659
f 1147//1657 1144//1659 1146//1660
f 1145//1654 1172//1661 1171//1662
f 1145//1654 1171//1662 1170//1663
f 1145//1654 1170//1663 1168//1663
f 1145//1654 1168//1663 1167//1664
f 1145//1654 1167//1664 1166//1662
f 1145//1654 1166//1662 1164//1663
f 1145//1654 1164//1663 1163//1663
f 1145//1654 1163//1663 1162//1665
f 1145//1654 1162//1665 1161//1666
f 1145//1654 1161//1666 1160//1667
f 1145//1654 1160//1667 1159//1668
f 1145//1654 1159//1668 1158//1669
f 1145//1654 1158//1669 1157//1670
f 1145//1654 1157//1670 1156//1671
f 1145//1654 1156//1671 1155//1672
f 1145//1654 1155//1672 1154//175
f 1145//1654 1154//175 1149//174
f 1145//1654 1149//174 1148//1673
f 1145//1654 1148//1673 1146//1674
f 1145//1654 1146//1674 1144//1655
f 1152//1675 435//1676 1147//1657
f 1152//1675 1147//1657 1146//1660
f 1152//1675 1146//1660 1148//1677
f 1152//1675 1148//1677 1150//1678
f 1149//174 118//1679 1153//149
f 1149//174 1153//149 1151//154
f 1149//174 1151//154 1150//1680
f 1149//174 1150//1680 1148//1673
f 1192//145 432//1681 1152//1675
f 1192//145 1152//1675 1150//1678
f 1192//145 1150//1678 1151//1682
f 1192//145 1151//1682 107//141
f 1195//1683 1194//1684 331//521
f 1195//1683 331//521 329//522
f 1195//1683 329//522 1205//1685
f 1195//1683 1205//1685 1197//1686
f 331//521 1194//1684 1196//387
f 331//521 1196//387 228//385
f 1194//1684 1195//1683 1198//1687
f 1194//1684 1198//1687 233//390
f 1194//1684 233//390 1196//387
f 1199//1688 1198//1687 1195//1683
f 1199//1688 1195//1683 1197//1686
f 1199//1688 1197//1686 1202//1689
f 1199//1688 1202//1689 1201//1690
f 1198//1687 1199//1688 1200//1691
f 1198//1687 1200//1691 235//391
f 1198//1687 235//391 233//390
f 1201//1690 272//1692 1200//1691
f 1201//1690 1200//1691 1199//1688
f 1202//425 1197//1693 1205//1694
f 1202//425 1205//1694 1206//1695
f 1202//425 1206//1695 271//423
f 238//392 235//391 1200//1691
f 238//392 1200//1691 1203//411
f 238//392 1203//411 263//405
f 1203//411 1200//1691 272//1692
f 1203//411 272//1692 1204//409
f 1205//1694 329//514 327//515
f 1205//1694 327//515 1206//1695
f 1210//1696 280//437 1207//440
f 1210//1696 1207//440 1208//1697
f 1211//1698 1210//1696 1208//1697
f 1211//1698 1208//1697 1209//1699
f 1214//1700 1212//1701 1210//1701
f 1214//1700 1210//1701 1211//1700
f 1212//1701 278//435 280//436
f 1212//1701 280//436 1210//1701
f 1212//1702 1214//1703 1216//1704
f 1212//1702 1216//1704 1213//1705
f 1213//1705 275//430 278//431
f 1213//1705 278//431 1212//1702
f 1211//1700 1224//1706 1215//1707
f 1211//1700 1215//1707 1214//1700
f 1214//1703 1215//1708 1217//1709
f 1214//1703 1217//1709 1216//1704
f 1218//1710 1217//1709 1215//1708
f 1218//1710 1215//1708 1220//1711
f 1219//1712 1218//1710 1220//1711
f 1219//1712 1220//1711 1221//1713
f 1221//1714 1220//1715 1222//1716
f 1221//1714 1222//1716 1225//1714
f 1224//1706 1222//1716 1220//1715
f 1224//1706 1220//1715 1215//1707
f 1225//1717 1222//1718 1223//1719
f 1225//1717 1223//1719 1226//1720
f 1227//1721 1223//1719 1222//1718
f 1227//1721 1222//1718 1224//1722
f 94//113 1225//1717 1226//1720
f 94//113 1226//1720 91//112
f 1228//120 1221//1714 1225//1714
f 1228//120 1225//1714 94//119
f 1209//1699 1227//1721 1224//1722
f 1209//1699 1224//1722 1211//1698
f 1221//1713 1228//1723 1229//1724
f 1221//1713 1229//1724 1219//1712
f 1228//1723 93//1725 1230//1726
f 1228//1723 1230//1726 1229//1724
f 1231//130 1230//1726 93//1725
f 1231//130 93//1725 98//126
f 202//367 210//368 1233//377
f 202//367 1233//377 1234//305
f 202//367 1234//305 174//306
f 202//367 174//306 200//366
f 1235//352 200//366 174//306
f 1235//352 174//306 177//308
f 179//311 185//1727 1236//347
f 179//311 1236//347 1235//352
f 179//311 1235//352 177//308
f 1238//1728 1240//1728 1241//1728
f 1238//1728 1241//1728 1324//1728
f 1238//1728 1324//1728 1325//1728
f 1238//1728 1325//1728 1309//1728
f 1238//1728 1309//1728 1308//1728
f 1238//1728 1308//1728 1303//1728
f 1238//1728 1303//1728 1302//1728
f 1238//1728 1302//1728 1304//1728
f 1238//1728 1304//1728 1306//1728
f 1238//1728 1306//1728 1285//1729
f 1238//1728 1285//1729 1330//1730
f 1238//1728 1330//1730 1331//1728
f 1238//1728 1331//1728 1345//1728
f 1238//1728 1345//1728 1346//1728
f 1238//1728 1346//1728 1347//1728
f 1238//1728 1347//1728 1348//1728
f 1238//1728 1348//1728 1357//1728
f 1238//1728 1357//1728 1359//1728
f 1238//1728 1359//1728 1361//1728
f 1238//1728 1361//1728 1364//1728
f 1238//1728 1364//1728 1394//1728
f 1238//1728 1394//1728 1239//1728
f 1242//1731 1327//1732 1322//1733
f 1242//1731 1322//1733 1241//1734
f 1242//1731 1241//1734 1240//1735
f 1240//1735 1243//1736 1245//1737
f 1240//1735 1245//1737 1242//1731
f 1285//1729 1283//1738 1282//1738
f 1285//1729 1282//1738 1284//1738
f 1285//1729 1284//1738 1273//1738
f 1285//1729 1273//1738 1395//1738
f 1285//1729 1395//1738 1265//1738
f 1285//1729 1265//1738 1261//1738
f 1285//1729 1261//1738 1258//1738
f 1285//1729 1258//1738 1396//1738
f 1285//1729 1396//1738 1244//1738
f 1285//1729 1244//1738 1243//1738
f 1285//1729 1243//1738 1239//1738
f 1285//1729 1239//1738 1373//1738
f 1285//1729 1373//1738 1375//1738
f 1285//1729 1375//1738 1377//1738
f 1285//1729 1377//1738 1393//1738
f 1285//1729 1393//1738 1384//1738
f 1285//1729 1384//1738 1386//1738
f 1285//1729 1386//1738 1390//1738
f 1285//1729 1390//1738 1391//1738
f 1285//1729 1391//1738 1334//1738
f 1285//1729 1334//1738 1333//1738
f 1285//1729 1333//1738 1330//1730
f 1246//1739 1245//1737 1243//1736
f 1246//1739 1243//1736 1244//1740
f 1327//1741 1242//1742 1245//1743
f 1327//1741 1245//1743 1247//1744
f 1327//1741 1247//1744 1248//1745
f 1327//1741 1248//1745 1328//1746
f 1327//1741 1328//1746 1320//1747
f 1251//1748 1250//1749 1249//1750
f 1251//1748 1249//1750 1247//1744
f 1251//1748 1247//1744 1245//1743
f 1251//1748 1245//1743 1246//1751
f 1251//1748 1246//1751 1252//1752
f 1253//1753 1251//1748 1252//1752
f 1253//1753 1252//1752 1256//1754
f 1253//1753 1256//1754 1255//1755
f 1254//1756 1253//1753 1255//1755
f 1254//1756 1255//1755 1257//1757
f 1254//1756 1257//1757 1259//1758
f 1257//1759 1255//1760 1256//1761
f 1257//1759 1256//1761 1396//1762
f 1257//1759 1396//1762 1258//1763
f 1260//1764 1259//1765 1257//1759
f 1260//1764 1257//1759 1258//1763
f 1260//1764 1258//1763 1261//1766
f 1263//1767 1254//1756 1259//1758
f 1263//1767 1259//1758 1260//1768
f 1263//1767 1260//1768 1262//1769
f 1264//1770 1262//1771 1260//1764
f 1264//1770 1260//1764 1261//1766
f 1264//1770 1261//1766 1265//1772
f 1268//1773 1263//1767 1262//1769
f 1268//1773 1262//1769 1264//1774
f 1268//1773 1264//1774 1266//1775
f 1267//1776 1266//1777 1264//1770
f 1267//1776 1264//1770 1265//1772
f 1267//1776 1265//1772 1395//1778
f 1266//1775 1267//1779 1271//1780
f 1266//1775 1271//1780 1269//1781
f 1266//1775 1269//1781 1268//1773
f 1276//1782 1270//1783 1269//1781
f 1276//1782 1269//1781 1271//1780
f 1276//1782 1271//1780 1272//1784
f 1276//1782 1272//1784 1274//1785
f 1272//1786 1271//1787 1267//1776
f 1272//1786 1267//1776 1395//1778
f 1272//1786 1395//1778 1273//1788
f 1275//1789 1274//1790 1272//1786
f 1275//1789 1272//1786 1273//1788
f 1275//1789 1273//1788 1284//1791
f 1274//1785 1275//1792 1279//1793
f 1274//1785 1279//1793 1277//1794
f 1274//1785 1277//1794 1276//1782
f 1279//1793 1280//1795 1281//1796
f 1279//1793 1281//1796 1278//1797
f 1279//1793 1278//1797 1277//1794
f 1280//1798 1279//1799 1275//1789
f 1280//1798 1275//1789 1284//1791
f 1280//1798 1284//1791 1282//1800
f 1286//1801 1281//1802 1280//1798
f 1286//1801 1280//1798 1282//1800
f 1286//1801 1282//1800 1283//1803
f 1289//1804 1287//1805 1286//1801
f 1289//1804 1286//1801 1283//1803
f 1289//1804 1283//1803 1285//1806
f 1281//1796 1286//1807 1287//1808
f 1281//1796 1287//1808 1288//1809
f 1281//1796 1288//1809 1278//1797
f 1287//1808 1289//1185 1291//1185
f 1287//1808 1291//1185 1288//1809
f 1307//1810 1290//1811 1289//1804
f 1307//1810 1289//1804 1285//1806
f 1307//1810 1285//1806 1306//1812
f 1289//1185 1290//1813 1292//1814
f 1289//1185 1292//1814 1291//1185
f 1290//1813 1307//1815 1294//1816
f 1290//1813 1294//1816 1293//1817
f 1290//1813 1293//1817 1292//1814
f 1294//1816 1305//1818 1296//1819
f 1294//1816 1296//1819 1295//1820
f 1294//1816 1295//1820 1293//1817
f 1296//1819 1301//1821 1299//1822
f 1296//1819 1299//1822 1297//1823
f 1296//1819 1297//1823 1295//1820
f 1299//1822 1300//1824 1312//1825
f 1299//1822 1312//1825 1313//1826
f 1299//1822 1313//1826 1298//1827
f 1299//1822 1298//1827 1297//1823
f 1300//1828 1299//1829 1301//1830
f 1300//1828 1301//1830 1302//1831
f 1300//1828 1302//1831 1303//1832
f 1301//1830 1296//1833 1305//1834
f 1301//1830 1305//1834 1304//1835
f 1301//1830 1304//1835 1302//1831
f 1305//1834 1294//1836 1307//1810
f 1305//1834 1307//1810 1306//1812
f 1305//1834 1306//1812 1304//1835
f 1310//1837 1312//1838 1300//1828
f 1310//1837 1300//1828 1303//1832
f 1310//1837 1303//1832 1308//1839
f 1329//1840 1311//1841 1310//1837
f 1329//1840 1310//1837 1308//1839
f 1329//1840 1308//1839 1309//1842
f 1314//1843 1313//1826 1312//1825
f 1314//1843 1312//1825 1310//1844
f 1314//1843 1310//1844 1311//1845
f 1311//1845 1329//1846 1316//1847
f 1311//1845 1316//1847 1315//1848
f 1311//1845 1315//1848 1314//1843
f 1316//1847 1326//1849 1318//1850
f 1316//1847 1318//1850 1317//1851
f 1316//1847 1317//1851 1315//1848
f 1318//1850 1323//1852 1321//1853
f 1318//1850 1321//1853 1319//1854
f 1318//1850 1319//1854 1317//1851
f 1321//1853 1322//1855 1327//1741
f 1321//1853 1327//1741 1320//1747
f 1321//1853 1320//1747 1319//1854
f 1322//1733 1321//1856 1323//1857
f 1322//1733 1323//1857 1324//1858
f 1322//1733 1324//1858 1241//1734
f 1323//1857 1318//1859 1326//1860
f 1323//1857 1326//1860 1325//1861
f 1323//1857 1325//1861 1324//1858
f 1326//1860 1316//1862 1329//1840
f 1326//1860 1329//1840 1309//1842
f 1326//1860 1309//1842 1325//1861
f 1331//1863 1330//1864 1332//1865
f 1331//1863 1332//1865 1342//1866
f 1335//1867 1332//1865 1330//1864
f 1335//1867 1330//1864 1333//1868
f 1336//1869 1335//1867 1333//1868
f 1336//1869 1333//1868 1334//1870
f 1335//1871 1336//1872 1338//1872
f 1335//1871 1338//1872 1337//1871
f 1337//1871 1339//1873 1332//1873
f 1337//1871 1332//1873 1335//1871
f 1339//1874 1337//1874 1338//1874
f 1339//1874 1338//1874 1392//1874
f 1339//1874 1392//1874 1388//1874
f 1339//1874 1388//1874 1382//1874
f 1339//1874 1382//1874 1381//1874
f 1339//1874 1381//1874 1380//1874
f 1339//1874 1380//1874 1379//1874
f 1339//1874 1379//1874 1371//1874
f 1339//1874 1371//1874 1370//1874
f 1339//1874 1370//1874 1368//1874
f 1339//1874 1368//1874 1367//1874
f 1339//1874 1367//1874 1366//1874
f 1339//1874 1366//1874 1362//1874
f 1339//1874 1362//1874 1355//1874
f 1339//1874 1355//1874 1354//1874
f 1339//1874 1354//1874 1352//1874
f 1339//1874 1352//1874 1351//1874
f 1339//1874 1351//1874 1353//1874
f 1339//1874 1353//1874 1341//1874
f 1339//1874 1341//1874 1340//1874
f 1342//1875 1332//1873 1339//1873
f 1342//1875 1339//1873 1340//1875
f 1343//1876 1342//1875 1340//1875
f 1343//1876 1340//1875 1341//1876
f 1342//1866 1343//1877 1345//1878
f 1342//1866 1345//1878 1331//1863
f 1344//1879 1343//1876 1341//1876
f 1344//1879 1341//1876 1353//1879
f 1343//1877 1344//1880 1346//1881
f 1343//1877 1346//1881 1345//1878
f 1344//1880 1349//1882 1347//1883
f 1344//1880 1347//1883 1346//1881
f 1349//1882 1350//1884 1348//1885
f 1349//1882 1348//1885 1347//1883
f 1349//1886 1344//1879 1353//1879
f 1349//1886 1353//1879 1351//1886
f 1350//1887 1349//1886 1351//1886
f 1350//1887 1351//1886 1352//1887
f 1356//1888 1350//1887 1352//1887
f 1356//1888 1352//1887 1354//1888
f 1358//1889 1356//1888 1354//1888
f 1358//1889 1354//1888 1355//1889
f 1350//1884 1356//1890 1357//1891
f 1350//1884 1357//1891 1348//1885
f 1356//1890 1358//1892 1359//1893
f 1356//1890 1359//1893 1357//1891
f 1358//1892 1360//1894 1361//1895
f 1358//1892 1361//1895 1359//1893
f 1360//1896 1358//1889 1355//1889
f 1360//1896 1355//1889 1362//1896
f 1360//1894 1363//1897 1364//1898
f 1360//1894 1364//1898 1361//1895
f 1363//1899 1360//1896 1362//1896
f 1363//1899 1362//1896 1366//1899
f 1363//1897 1365//1900 1394//1901
f 1363//1897 1394//1901 1364//1898
f 1365//1902 1363//1899 1366//1899
f 1365//1902 1366//1899 1367//1902
f 1369//1185 1365//1902 1367//1902
f 1369//1185 1367//1902 1368//1185
f 1372//1903 1369//1185 1368//1185
f 1372//1903 1368//1185 1370//1903
f 1374//1904 1372//1903 1370//1903
f 1374//1904 1370//1903 1371//1904
f 1369//1905 1372//1906 1373//1907
f 1369//1905 1373//1907 1239//1905
f 1372//1906 1374//1908 1375//1909
f 1372//1906 1375//1909 1373//1907
f 1374//1908 1376//1910 1377//1911
f 1374//1908 1377//1911 1375//1909
f 1376//1912 1374//1904 1371//1904
f 1376//1912 1371//1904 1379//1912
f 1376//1910 1378//1913 1393//1914
f 1376//1910 1393//1914 1377//1911
f 1378//1915 1376//1912 1379//1912
f 1378//1915 1379//1912 1380//1915
f 1383//1916 1378//1915 1380//1915
f 1383//1916 1380//1915 1381//1916
f 1385//1917 1383//1916 1381//1916
f 1385//1917 1381//1916 1382//1917
f 1378//1913 1383//1918 1384//1919
f 1378//1913 1384//1919 1393//1914
f 1383//1918 1385//1920 1386//1921
f 1383//1918 1386//1921 1384//1919
f 1385//1920 1387//1922 1390//1923
f 1385//1920 1390//1923 1386//1921
f 1387//1924 1385//1917 1382//1917
f 1387//1924 1382//1917 1388//1924
f 1389//1925 1387//1924 1388//1924
f 1389//1925 1388//1924 1392//1925
f 1387//1922 1389//1926 1391//1927
f 1387//1922 1391//1927 1390//1923
f 1389//1926 1336//1869 1334//1870
f 1389//1926 1334//1870 1391//1927
f 1336//1872 1389//1925 1392//1925
f 1336//1872 1392//1925 1338//1872
f 1365//1900 1369//1905 1239//1905
f 1365//1900 1239//1905 1394//1901
f 1256//1761 1252//1928 1246//1739
f 1256//1761 1246//1739 1244//1740
f 1256//1761 1244//1740 1396//1762
f 1398//1929 1397//1185 1400//1185
f 1398//1929 1400//1185 1403//1929
f 1397//1930 1398//1930 1406//1930
f 1397//1930 1406//1930 1415//1930
f 1397//1930 1415//1930 1414//1930
f 1397//1930 1414//1930 1416//1930
f 1397//1930 1416//1930 1417//1930
f 1397//1930 1417//1930 1419//1930
f 1397//1930 1419//1930 1421//1930
f 1397//1930 1421//1930 1422//1930
f 1397//1930 1422//1930 1432//1930
f 1397//1930 1432//1930 1434//1930
f 1397//1930 1434//1930 1438//1930
f 1397//1930 1438//1930 1439//1930
f 1397//1930 1439//1930 1440//1930
f 1397//1930 1440//1930 1441//1930
f 1397//1930 1441//1930 1451//1930
f 1397//1930 1451//1930 1452//1930
f 1397//1930 1452//1930 1453//1930
f 1397//1930 1453//1930 1454//1930
f 1397//1930 1454//1930 1462//1930
f 1397//1930 1462//1930 1399//1930
f 1401//1931 1400//1185 1397//1185
f 1401//1931 1397//1185 1399//1931
f 1460//1932 1402//1933 1400//1933
f 1460//1932 1400//1933 1401//1934
f 1403//1935 1400//1933 1402//1933
f 1403//1935 1402//1933 1404//1936
f 1404//1936 1408//1937 1405//1938
f 1404//1936 1405//1938 1403//1935
f 1406//1939 1398//1929 1403//1929
f 1406//1939 1403//1929 1405//1939
f 1415//1940 1406//1939 1405//1939
f 1415//1940 1405//1939 1407//1940
f 1408//1937 1409//1941 1407//1942
f 1408//1937 1407//1942 1405//1938
f 1402//1943 1460//1943 1459//1943
f 1402//1943 1459//1943 1458//1943
f 1402//1943 1458//1943 1457//1943
f 1402//1943 1457//1943 1448//1943
f 1402//1943 1448//1943 1447//1943
f 1402//1943 1447//1943 1445//1943
f 1402//1943 1445//1943 1444//1943
f 1402//1943 1444//1943 1446//1943
f 1402//1943 1446//1943 1437//1943
f 1402//1943 1437//1943 1430//1943
f 1402//1943 1430//1943 1429//1943
f 1402//1943 1429//1943 1426//1943
f 1402//1943 1426//1943 1425//1943
f 1402//1943 1425//1943 1427//1943
f 1402//1943 1427//1943 1428//1943
f 1402//1943 1428//1943 1411//1943
f 1402//1943 1411//1943 1410//1943
f 1402//1943 1410//1943 1409//1943
f 1402//1943 1409//1943 1408//1943
f 1402//1943 1408//1943 1404//1943
f 1409//1941 1410//1944 1412//1945
f 1409//1941 1412//1945 1407//1942
f 1410//1944 1411//1946 1413//1947
f 1410//1944 1413//1947 1412//1945
f 1416//1948 1414//1949 1412//1949
f 1416//1948 1412//1949 1413//1948
f 1414//1949 1415//1940 1407//1940
f 1414//1949 1407//1940 1412//1949
f 1417//1950 1416//1948 1413//1948
f 1417//1950 1413//1948 1418//1950
f 1419//1951 1417//1950 1418//1950
f 1419//1951 1418//1950 1420//1951
f 1421//1952 1419//1951 1420//1951
f 1421//1952 1420//1951 1423//1952
f 1422//1953 1421//1952 1423//1952
f 1422//1953 1423//1952 1424//1953
f 1425//1954 1426//1955 1424//1956
f 1425//1954 1424//1956 1423//1957
f 1427//1958 1425//1954 1423//1957
f 1427//1958 1423//1957 1420//1959
f 1428//1960 1427//1958 1420//1959
f 1428//1960 1420//1959 1418//1961
f 1411//1946 1428//1960 1418//1961
f 1411//1946 1418//1961 1413//1947
f 1426//1955 1429//1962 1431//1963
f 1426//1955 1431//1963 1424//1956
f 1429//1962 1430//1964 1433//1964
f 1429//1962 1433//1964 1431//1963
f 1432//1965 1422//1953 1424//1953
f 1432//1965 1424//1953 1431//1965
f 1431//1965 1433//1873 1434//1873
f 1431//1965 1434//1873 1432//1965
f 1438//1966 1434//1873 1433//1873
f 1438//1966 1433//1873 1435//1966
f 1430//1964 1437//1967 1435//1968
f 1430//1964 1435//1968 1433//1964
f 1439//1969 1438//1966 1435//1966
f 1439//1969 1435//1966 1436//1969
f 1437//1967 1446//1970 1436//1971
f 1437//1967 1436//1971 1435//1968
f 1440//1972 1439//1969 1436//1969
f 1440//1972 1436//1969 1442//1972
f 1441//1973 1440//1972 1442//1972
f 1441//1973 1442//1972 1443//1973
f 1444//1974 1445//1975 1443//1976
f 1444//1974 1443//1976 1442//1977
f 1446//1970 1444//1974 1442//1977
f 1446//1970 1442//1977 1436//1971
f 1445//1975 1447//1978 1449//1979
f 1445//1975 1449//1979 1443//1976
f 1447//1978 1448//1980 1450//1981
f 1447//1978 1450//1981 1449//1979
f 1452//1982 1451//1983 1449//1983
f 1452//1982 1449//1983 1450//1982
f 1451//1983 1441//1973 1443//1973
f 1451//1983 1443//1973 1449//1983
f 1453//1984 1452//1982 1450//1982
f 1453//1984 1450//1982 1455//1984
f 1454//1985 1453//1984 1455//1984
f 1454//1985 1455//1984 1456//1985
f 1457//1986 1458//1987 1456//1988
f 1457//1986 1456//1988 1455//1989
f 1448//1980 1457//1986 1455//1989
f 1448//1980 1455//1989 1450//1981
f 1458//1987 1459//1990 1461//1991
f 1458//1987 1461//1991 1456//1988
f 1459//1990 1460//1932 1401//1934
f 1459//1990 1401//1934 1461//1991
f 1462//1992 1454//1985 1456//1985
f 1462//1992 1456//1985 1461//1992
f 1399//1931 1462//1992 1461//1992
f 1399//1931 1461//1992 1401//1931
f 1464//1993 1463//1994 1466//1995
f 1464//1993 1466//1995 1468//1996
f 1463//1997 1464//1997 1550//1997
f 1463//1997 1550//1997 1483//1997
f 1463//1997 1483//1997 1485//1997
f 1463//1997 1485//1997 1487//1997
f 1463//1997 1487//1997 1549//1997
f 1463//1997 1549//1997 1498//1997
f 1463//1997 1498//1997 1500//1997
f 1463//1997 1500//1997 1502//1997
f 1463//1997 1502//1997 1548//1997
f 1463//1997 1548//1997 1512//1997
f 1463//1997 1512//1997 1514//1997
f 1463//1997 1514//1997 1517//1997
f 1463//1997 1517//1997 1546//1997
f 1463//1997 1546//1997 1526//1997
f 1463//1997 1526//1997 1528//1997
f 1463//1997 1528//1997 1530//1997
f 1463//1997 1530//1997 1543//1997
f 1463//1997 1543//1997 1540//1997
f 1463//1997 1540//1997 1542//1997
f 1463//1997 1542//1997 1465//1997
f 1467//1998 1466//1995 1463//1994
f 1467//1998 1463//1994 1465//1999
f 1471//2000 1469//2001 1466//2001
f 1471//2000 1466//2001 1467//2000
f 1468//2002 1466//2001 1469//2001
f 1468//2002 1469//2001 1470//2002
f 1470//2003 1469//2004 1472//2005
f 1470//2003 1472//2005 1474//2006
f 1473//2007 1472//2005 1469//2004
f 1473//2007 1469//2004 1471//2008
f 1472//2009 1473//2009 1544//2009
f 1472//2009 1544//2009 1537//2009
f 1472//2009 1537//2009 1535//2009
f 1472//2009 1535//2009 1533//2009
f 1472//2009 1533//2009 1545//2009
f 1472//2009 1545//2009 1523//2009
f 1472//2009 1523//2009 1521//2009
f 1472//2009 1521//2009 1519//2009
f 1472//2009 1519//2009 1547//2009
f 1472//2009 1547//2009 1509//2009
f 1472//2009 1509//2009 1507//2009
f 1472//2009 1507//2009 1505//2009
f 1472//2009 1505//2009 1494//2009
f 1472//2009 1494//2009 1493//2009
f 1472//2009 1493//2009 1492//2009
f 1472//2009 1492//2009 1491//2009
f 1472//2009 1491//2009 1478//2009
f 1472//2009 1478//2009 1477//2009
f 1472//2009 1477//2009 1475//2009
f 1472//2009 1475//2009 1474//2009
f 1474//2006 1475//2010 1476//2011
f 1474//2006 1476//2011 1470//2003
f 1475//2010 1477//2012 1479//2013
f 1475//2010 1479//2013 1476//2011
f 1477//2012 1478//2014 1480//2015
f 1477//2012 1480//2015 1479//2013
f 1476//2016 1479//2017 1481//2017
f 1476//2016 1481//2017 1482//2016
f 1479//2017 1480//2018 1484//2018
f 1479//2017 1484//2018 1481//2017
f 1482//2019 1481//2020 1483//2021
f 1482//2019 1483//2021 1550//2022
f 1481//2020 1484//2023 1485//2024
f 1481//2020 1485//2024 1483//2021
f 1484//2023 1486//2025 1487//2026
f 1484//2023 1487//2026 1485//2024
f 1480//2018 1489//2027 1486//2027
f 1480//2018 1486//2027 1484//2018
f 1486//2025 1488//2028 1549//2029
f 1486//2025 1549//2029 1487//2026
f 1489//2027 1490//2030 1488//2030
f 1489//2027 1488//2030 1486//2027
f 1478//2014 1491//2031 1489//2032
f 1478//2014 1489//2032 1480//2015
f 1491//2031 1492//2033 1490//2034
f 1491//2031 1490//2034 1489//2032
f 1492//2033 1493//2035 1495//2036
f 1492//2033 1495//2036 1490//2034
f 1493//2035 1494//2037 1496//2038
f 1493//2035 1496//2038 1495//2036
f 1490//2030 1495//2039 1497//2039
f 1490//2030 1497//2039 1488//2030
f 1495//2039 1496//2040 1499//2040
f 1495//2039 1499//2040 1497//2039
f 1488//2028 1497//2041 1498//2042
f 1488//2028 1498//2042 1549//2029
f 1497//2041 1499//2043 1500//2044
f 1497//2041 1500//2044 1498//2042
f 1499//2043 1501//2045 1502//2046
f 1499//2043 1502//2046 1500//2044
f 1496//2040 1504//2047 1501//2047
f 1496//2040 1501//2047 1499//2040
f 1501//2045 1503//2048 1548//2049
f 1501//2045 1548//2049 1502//2046
f 1504//2047 1506//2050 1503//2050
f 1504//2047 1503//2050 1501//2047
f 1494//2037 1505//2051 1504//2052
f 1494//2037 1504//2052 1496//2038
f 1505//2051 1507//2053 1506//2054
f 1505//2051 1506//2054 1504//2052
f 1507//2053 1509//2055 1508//2056
f 1507//2053 1508//2056 1506//2054
f 1506//2050 1508//2057 1511//2057
f 1506//2050 1511//2057 1503//2050
f 1509//2055 1547//2058 1510//2059
f 1509//2055 1510//2059 1508//2056
f 1508//2057 1510//2060 1513//2060
f 1508//2057 1513//2060 1511//2057
f 1503//2048 1511//2061 1512//2062
f 1503//2048 1512//2062 1548//2049
f 1511//2061 1513//2063 1514//2064
f 1511//2061 1514//2064 1512//2062
f 1513//2063 1515//2065 1517//2066
f 1513//2063 1517//2066 1514//2064
f 1510//2060 1518//2067 1515//2067
f 1510//2060 1515//2067 1513//2060
f 1518//2067 1520//2068 1516//2068
f 1518//2067 1516//2068 1515//2067
f 1515//2065 1516//2069 1546//2070
f 1515//2065 1546//2070 1517//2066
f 1547//2058 1519//2071 1518//2072
f 1547//2058 1518//2072 1510//2059
f 1519//2071 1521//2073 1520//2074
f 1519//2071 1520//2074 1518//2072
f 1521//2073 1523//2075 1522//2076
f 1521//2073 1522//2076 1520//2074
f 1520//2068 1522//2077 1525//2077
f 1520//2068 1525//2077 1516//2068
f 1523//2075 1545//2078 1524//2079
f 1523//2075 1524//2079 1522//2076
f 1522//2077 1524//2080 1527//2080
f 1522//2077 1527//2080 1525//2077
f 1516//2069 1525//2081 1526//2082
f 1516//2069 1526//2082 1546//2070
f 1525//2081 1527//2083 1528//2084
f 1525//2081 1528//2084 1526//2082
f 1527//2083 1529//2085 1530//2086
f 1527//2083 1530//2086 1528//2084
f 1524//2080 1532//2087 1529//2087
f 1524//2080 1529//2087 1527//2080
f 1529//2085 1531//2088 1543//2089
f 1529//2085 1543//2089 1530//2086
f 1532//2087 1534//2090 1531//2090
f 1532//2087 1531//2090 1529//2087
f 1545//2078 1533//2091 1532//2092
f 1545//2078 1532//2092 1524//2079
f 1533//2091 1535//2093 1534//2094
f 1533//2091 1534//2094 1532//2092
f 1535//2093 1537//2095 1536//2096
f 1535//2093 1536//2096 1534//2094
f 1534//2090 1536//2097 1539//2097
f 1534//2090 1539//2097 1531//2090
f 1537//2095 1544//2098 1538//2099
f 1537//2095 1538//2099 1536//2096
f 1536//2097 1538//2100 1541//2100
f 1536//2097 1541//2100 1539//2097
f 1531//2088 1539//2101 1540//2102
f 1531//2088 1540//2102 1543//2089
f 1539//2101 1541//2103 1542//2104
f 1539//2101 1542//2104 1540//2102
f 1541//2103 1467//1998 1465//1999
f 1541//2103 1465//1999 1542//2104
f 1538//2100 1471//2000 1467//2000
f 1538//2100 1467//2000 1541//2100
f 1544//2098 1473//2007 1471//2008
f 1544//2098 1471//2008 1538//2099
f 1468//1996 1482//2019 1550//2022
f 1468//1996 1550//2022 1464//1993
f 1470//2002 1476//2016 1482//2016
f 1470//2002 1482//2016 1468//2002
